Metrics Correlation Matrix
,ESU10102,ESU10103,ESU10104,ESU10106,ESU10107,ESU10109,ESU10110,SSU10102,SSU10103,SSU10105,SSU10106,SSU10108,SSU10109,CSU10102,CSU10103,CSU10105,CSU10106,CSU10108,CSU10109,GNT10102,GNT10103,GNT10105,GNT10106,CGS10102,CGS10103,CGS10105,CGS10106,CGS10108,CGS10109,GRC10102,GRC10103,GRC10104,GRC10106,GRC10107,GRC10109,GRC10110,ERM10102,ERM10103,ERM10105,ERM10106,ERM10108,ERM10109,AUD10102,AUD10103,AUD10105,AUD10106,AUD10108,AUD10109,POL10102,POL10103,POL10105,POL10106,POL10108,POL10109,REG10102,REG10103,REG10105,REG10106,REG10108,REG10109,ETI10102,ETI10103,ETI10105,ETI10106,ETI10108,ETI10109,CGV10102,CGV10103,CGV10105,CGV10106,CGV10108,CGV10109,IGV10102,IGV10103,IGV10105,IGV10106,IGV10108,IGV10109,CPI10102,CPI10103,CPI10105,CPI10106,CPI10108,CPI10109
ESU10102,1.0,0.0027387477738327615,0.0059489292006744895,0.019049791255081057,-0.0169793536579743,-0.01227950623148604,0.0035456478434991324,-0.019631930540990914,-0.04681046534722622,-0.002915641625543734,-0.01163007603823803,0.0009449814341642378,0.0038901508000819558,-0.02602331811143163,0.00434884866196858,0.009173766564079458,0.002258430100455615,0.014930748903588843,0.006236005803088642,-0.030375253611404477,-0.0010919086451451824,-0.022663820756309093,-0.0021869227572673846,-0.004698436615617092,0.0031133169449887566,-0.013144193413282133,-0.019141337107111377,0.004381445962154685,-0.015945048398985993,0.01183453266437943,-0.009975860497063642,0.014264621558951373,-0.03930952935687006,0.006890548536791075,-0.015862317447090116,-0.004360499751807212,-0.012223556010892212,-0.03880869808394903,-0.007552962582263215,-0.036943269195688064,0.030007743293466876,0.017144083674842027,0.0026817075425054483,0.02760292757707704,-0.02841618344686017,0.0196668207501836,0.03786769199501918,0.02280198127738627,-0.0034493873522454892,0.00869401542196535,-0.02555333934968161,0.004632096243114565,-0.01922388851886816,-0.00883806363970989,-0.00941468554937443,0.0012190649472353086,0.0004131223941396593,-0.012193075956231045,-0.02732351648188297,0.006289210295482099,-0.03558044298482541,0.007354027793233942,0.026733157501754947,0.05272519395016463,0.025037186991804974,-0.010298059165997178,-0.017161070326357886,0.010778351671166088,0.004827797293215351,-0.008023665746149943,-0.011897882051348698,0.0027884010519480837,-0.006318251261595173,0.004610180538910488,-0.02088899966752182,-0.014153481122900533,-0.026556409190327212,-0.033728555158195964,0.01704109752086405,0.0009646300764127704,-0.0012569206229904961,0.008823263211192946,-0.006780498880578744,0.009991523990355772
ESU10103,0.0027387477738327615,1.0,-0.0017811129183339144,-0.023144950769182042,-0.021385212133878864,-0.02360017685286068,0.0055878655802370876,-0.006336183883472152,-0.001744736874467835,0.0020991432913214426,-0.0024750286896419635,0.0048327360308264514,-0.004282925415053514,0.006152327288991202,-0.014028593133451414,0.00864893170101028,0.01571234317528634,0.03764740194416033,0.022828643621075697,-0.022160614541846084,0.014281126186615855,0.015448238922714254,0.009496958491539101,-0.019583915699750213,-0.0044169939598082365,0.0014889325779257074,0.017854967498646398,0.0032457680095464665,0.02416586803322169,-0.0016187813320042703,0.02017078591547523,0.021916025361408895,-0.009346546361349675,0.013810562727032127,0.005249085301463711,0.011922676272035112,0.008608374625722144,-0.0059413246264146975,0.0039415386357006645,0.0088626946777341,-0.021888866036520713,0.01842054123951737,0.0033910924217549327,-0.008702559154900083,-0.0080700578666728,-0.008454512640094237,0.0067539857682421284,-0.042604744842939746,-0.01393066467260267,0.03821632403533225,-0.02530374864229624,0.017418014473252114,-0.008543032390584817,0.0030332070579874564,0.006367737382233822,0.0071371622541872345,-0.008467412315660859,0.004323647191930563,0.019165422239829286,0.007841832495243216,0.0030582227827857383,-0.009249075555369562,0.01990857142982335,0.010656235093296792,0.0279192088018546,-0.0035734621248183613,0.004168515767756569,0.0036809694496752533,0.006743021973131923,0.004488992389529869,-0.006584301312346435,-0.018950547044947974,-0.019383997477770525,0.0070459056207265195,0.009130486956194178,0.006671451843870551,-0.028065059141563948,0.006350298810853238,0.0037473680554846274,0.005394342759776009,0.0056498435600877495,0.03551987994039027,0.021413749726219674,-0.02751401751713273
ESU10104,0.0059489292006744895,-0.0017811129183339144,1.0,0.003705773469526687,-0.0384110808314844,-0.006161114859528497,-0.020397992173661172,0.01731680384888739,-0.004762799445656464,-0.014957053081122265,-0.005908346086389447,0.024725993444011933,0.010905586993127558,0.005827944080585497,0.015333393790468669,0.025642077541719297,-0.016530635207531542,0.017116309131969078,0.01494726930417825,0.020621756172882085,0.006228967743650718,-0.009848150629603484,0.01196325019229745,0.012536442609288953,0.0038970882122540285,0.02041245562279563,-0.0015542992499804488,-0.011760510238294134,-0.014777567437080658,-0.01603443650570785,-0.007128209962524462,-0.011223791802044794,0.017947543843651995,-0.0011401440443017565,-0.003815935512463971,0.003428726762792037,-0.012441799888831373,0.0018725768944691903,-0.02899889126572417,-0.006726137576379542,-0.0017815785733796344,0.013425604054169999,-0.021818584522755084,-0.014150655733926338,-0.006737961118684293,-0.019528021042850226,-0.018563827647862893,-0.010429665407225033,0.016547338743561485,-0.0101021440437277,-0.0127933804223838,-0.025739780926151958,0.013110285982911796,0.04309783901777685,0.036458601711628645,0.014566143118397011,-0.02854489117819381,0.01742801502152462,0.024880790763580966,-0.012575206163030404,-0.02731925250329887,0.039563754625640095,-0.009210826572490656,0.0037874923951851667,-0.0031384816644965323,-0.01996171400732107,-0.017331920977395856,0.003366548702379045,0.02280257667853948,0.011483396520127842,0.03391223874738707,-0.0005930490831974534,0.0304401922067981,-0.013901899594050802,-0.015083245368490402,0.028070894822445066,-0.016081672058322744,-0.009207503089259854,0.002144641586373169,-0.010391195314137711,-0.022361480721610497,0.005393460266072535,0.020567844652123732,0.008327083833267721
ESU10106,0.019049791255081057,-0.023144950769182042,0.003705773469526687,1.0,0.0023708950401559346,-0.018526716159012555,0.007159226556693445,0.010887247823503206,-0.015162646862118738,-0.029178050651749908,-0.01207724821300046,-0.003987505472498217,-0.023486506605546503,0.003472516834221377,-0.006909773888552402,-0.008491465342383828,0.018968116453260665,-0.003361287947373259,-0.016905911562370785,0.017126614236986533,0.014283968319109762,-0.0032760394503677306,-0.012251872463241813,-0.002230945261338404,0.008945235266176108,0.007499239725075753,0.01138706809983087,0.0072428015513187624,0.0046636809777502505,-0.006330215361238565,0.01341909195945709,0.0023634994290970372,0.009327556850705849,-0.015594871918616119,0.006140934483293944,0.021466964780042678,0.010535400129486347,-0.0051649070108399295,-0.0032612801324727056,0.0059790551564818184,0.01975361220338881,0.010999144143807772,0.02001617454647844,-0.03758292961844822,0.012863534381928976,0.0027113867165703505,0.0037569487293233526,0.0025965977101904537,-0.019026085434676248,0.009500933843768848,0.0036956165496119116,0.009490531333556117,0.037457419176334265,-0.012819355070665082,-0.0021279384765255107,-0.020018668744726752,-0.038073712519265196,0.033263380305934113,0.003908597016110159,0.024114800690980924,0.046481148952196856,0.002465832383561227,0.010473575210122193,-0.007689705716089664,-0.004711502003860361,0.006574389106978694,-0.026225443148925588,-0.016266401481538236,-0.004555494401802619,0.03748437025942495,0.009303454689061245,0.0002860187446846423,-0.002071317084850753,-0.021768522665335705,0.005411262687094872,-0.00042525605552767544,-0.03298648185512193,0.015890312974703575,-0.014116384317405676,-0.015163244504488388,0.019623660092894565,-0.011116240247655854,0.005767512372241989,-0.0037453084362193923
ESU10107,-0.0169793536579743,-0.021385212133878864,-0.0384110808314844,0.0023708950401559346,1.0,0.023455444813075876,0.012443592779260274,0.02598865124448042,0.0003979649847395788,-0.01058840220450571,-0.0016888231056058482,-0.019524198690328332,-0.008365108745426723,0.012509516678672524,0.037190205256897216,-0.02751441142745427,-0.001680697536672634,-0.004487659301980914,-0.002428508230677815,0.0033229864053587687,-0.004546268982816786,0.010337661440906618,0.009023340705176993,-0.010003303415211438,-0.02237497093771986,-0.01003663722633006,-0.02804114422995476,0.005100102705525152,0.022744764718030167,-0.013470782317952268,0.036639256724144524,-0.004530535785030375,-0.0281629451882839,0.018740875719108582,0.0014045876498004228,-0.012395912975516222,-0.02552425508418234,-0.0051072195816395105,0.008635129171626926,0.013236298023706001,0.012705934457760224,-0.026722329184249494,0.015772261944398448,0.0007390116197746685,0.009516920237919535,-0.008824970031210938,-0.008572373191365997,0.008440048422213142,-0.006379631150908414,0.0012545737811366798,-0.010662389421646596,-0.004854512287424936,0.011385777185210905,-6.703102091863816e-05,0.006792614132327197,0.0025242827721818585,-0.02624634224074529,-0.026314775275220813,0.004171911774194622,-0.01638763498098695,-0.023456298151189655,0.03991782318274694,0.0012476258020759968,-0.00839878689093978,0.0011118767421471405,0.012757912844031756,-0.026134512077105997,-0.008334662309137096,-0.009545468216607103,-0.011241115792113492,-0.00893167303420883,0.021483340898605173,-0.0028005520539394636,0.01370988388903385,0.008253147882060038,0.013085569549478938,0.01946009754874975,0.013297476075816984,0.001654257097647043,-0.009876654758658277,0.017753482365292905,0.02417948671531795,0.04358382572555343,0.003211047226856279
ESU10109,-0.01227950623148604,-0.02360017685286068,-0.006161114859528497,-0.018526716159012555,0.023455444813075876,1.0,-0.019968697286341885,-0.015418535221706622,0.03313529843094627,-0.007990910118719217,0.0024179146927578886,0.010930416578906034,-0.01352370294311081,0.0018594864930000525,-0.01141439042929968,-0.011915485759117566,-0.010354567072842064,0.013557601241529427,0.03185648521926372,0.005795498794018025,0.02426091039551497,0.04134971376926329,0.014246461364464431,0.009664601260616943,-0.02341538889228374,-0.021777881819012957,0.027793771762052024,-0.01070888906734974,-0.0052693477364182135,-0.0072256336159481,0.022123460827432023,0.021526305583782573,0.03549837049411625,0.01810189441579158,0.018150382238676745,-0.004865848681895181,-0.02891128813729586,-0.008277878090134201,0.015038666750962208,0.003876516728169057,-0.051123558582597796,0.007697014004490803,-0.02933136400135981,0.0249417759049945,-0.012632704628917961,0.019108704661075303,-0.00831169237487574,-0.0298506839072881,0.042491894665165765,-0.013468318237940055,0.021719827786935465,-0.00436066351566038,-0.004368338652603888,-0.013762652931876767,0.007381152441443788,0.002148662426874576,0.01371736114759459,-0.017372763493393603,0.007855750158423925,0.014209000315393574,0.0014271191908371752,0.020467069269923453,-0.002840871340817795,-0.03195302313093224,-0.02331445603283966,0.005080172873555014,-0.03096679539664549,-0.005040126043192646,-0.007901202907029057,-0.026703813237102986,0.028649989119951466,0.015716958551061685,0.02087224148084129,0.013744390511601989,0.007488462365492425,0.020270019187621398,0.03251623767210388,0.02362712212684055,-0.01147319104085937,0.023260576879977225,0.0347426174698697,-0.006882977068203663,-0.016561970128481304,0.01674523165659856
ESU10110,0.0035456478434991324,0.0055878655802370876,-0.020397992173661172,0.007159226556693445,0.012443592779260274,-0.019968697286341885,1.0,0.010786507516189866,-0.012470347778881457,0.010356629750883771,-0.018758450416432718,0.009551298533493435,-0.001074486493546777,0.009309665039769047,0.0024147406169167085,-0.02720444630778469,-0.002333496109205531,-0.01277324007146817,-0.005238294329315514,-0.02173208571405735,-0.03317281550484203,0.015830482025194152,0.009047173397877493,-0.0003590189240175832,-0.004555203977049614,0.003449091134189274,-0.031235376676186373,-0.02223152951121608,0.024317075126165825,0.021192138542062176,0.001661679715484708,-0.01783031974775918,-0.00610020643560314,-0.0013394285048575958,-0.016996293939039668,0.05449027875411006,0.0012812880348189032,0.02122274538534848,0.012198272476775582,-0.04840041742426945,0.015284099652815256,0.0016716272014273936,-0.019737870247412657,-0.027796997105861164,-0.01186104566200272,-0.0016742015304921744,-0.021693420618783387,-0.04030669328289709,-0.020926021730075958,-0.017040232929933712,0.01714108121442675,-0.006677784568692244,0.022816337652096213,0.0024749546846428946,-0.012340328030340814,0.0012572202584659527,0.00440081220993641,-0.005707144279797997,0.020871443262880547,0.05231463644941046,0.034911962772966945,0.00847291395472635,0.011395166248530214,-0.029763676831019076,-0.019522229754709627,0.020365031969745723,0.00020163313230992205,0.029328979291101998,-0.011372927876460418,-0.035157687060841686,0.00935542693832112,-0.0022533175270809808,0.0029885067487278355,2.978758913368793e-06,0.007105585323578831,-0.013463346078462514,-0.007227400578553767,-0.016412027756928533,0.024482843246883358,-0.0001179512466225684,0.008058054789977698,-0.015566497663774385,-0.013933049753044451,0.0033623243529330204
SSU10102,-0.019631930540990914,-0.006336183883472152,0.01731680384888739,0.010887247823503206,0.02598865124448042,-0.015418535221706622,0.010786507516189866,1.0,0.01044611112358363,-0.037090500557465454,-0.02449667739349707,0.022323075958357284,0.006726047497356113,-0.012359742033195235,0.012042250023186022,0.001416984082301677,-0.014725905583838607,-0.006537153347626724,3.124505559132335e-05,0.013797731082542095,0.01079404002115663,0.007760052400363752,-0.03499062941337084,-0.013510365853897855,0.0015893850560405247,0.03680719942154635,-0.019303477052060855,-0.0018945923538294213,-0.010422357653373713,0.004628868317884106,0.006128939952404829,-0.030671195892001516,0.008157649445033546,-0.013796813357233545,0.004369510711265314,-0.0005936230279138248,-0.019235859557447898,0.018741861875656674,-0.0015835031690548437,0.0108052229499439,-0.019065819981988048,-0.0005832768413570837,0.01991548791700684,-0.016000942790664833,-0.014631800128366027,0.007710493791184702,0.0013303653612045567,0.0002965375496348162,-0.008929843834954373,0.019856266279764605,0.0020305952644716005,-0.003284050036131091,0.025938117694286236,-0.027736907120815037,-0.012561065828651491,0.0012456178117193348,-0.007885431801799504,-0.007190665487809878,0.0008886241704457406,0.018342382114892374,-0.0076356545301994,0.016935009213119665,0.026289047270139913,0.007604519377349577,-0.0031582787588169013,-0.017596616402444008,-0.027367110351797175,0.026163583254323282,-0.006276514791587356,-0.014042923882380758,0.02598133368309038,0.04238510499102537,0.010430038214636311,-0.0033203644369722706,0.02515209501355304,0.043232835160077684,-0.0012581062699358197,0.004955020329764922,-0.0030023141108318253,0.009179005241313454,-0.012505646746046319,0.032812598831214214,-0.00393104183740299,0.030521438122835382
SSU10103,-0.04681046534722622,-0.001744736874467835,-0.004762799445656464,-0.015162646862118738,0.0003979649847395788,0.03313529843094627,-0.012470347778881457,0.01044611112358363,1.0,-0.009015289700640257,-0.0294528115849044,-0.05228238220869127,0.020500856258594973,-0.019610392667101562,0.017496587306145686,0.004341853821388932,0.005171571135915078,0.0061416802213789855,0.03116546617581839,-0.03539942311788206,-0.003859893426203182,0.016363102922547453,-0.0015652290163832793,-0.03376388440876316,0.0463818940989541,-0.005781042110756878,0.007576694127810912,-0.002787178174626295,0.01483974087864882,-0.001586234940008263,-0.022459790396201045,0.014769221430128375,0.026029721374864076,0.002635433737121739,0.009028566331322202,0.0035366219857857237,0.011711725557575485,-0.030066529298553944,0.0015440150494734053,0.003016225998670653,-0.026484589398524074,-0.024104068127404035,0.015901773589741812,0.011316065381507019,-0.018434022001185574,0.03518992450625811,-0.005666864451277436,0.00861325000642429,0.002570480567972953,0.009703661819622358,-0.004266923390924204,0.004836901246075657,-0.01888581980913986,0.016617107476254916,-0.0342231780497655,0.0037309370941159773,-0.013422465250363348,0.0014423850884688855,-0.004091868046280892,-0.021836082456082477,8.168801105634592e-05,0.013272418425652428,-0.015034718206564776,-0.011313164669926126,-0.02455542719747415,0.005758982022281352,-0.003761470345910269,-0.010510848765530451,0.0015732705509715168,0.020578784771421853,0.02175255125879738,-0.02368174092760586,0.014856023295894992,-0.017679614883184272,-0.02910110351547217,0.012991466864025945,0.017044227256047803,0.005637691927252963,0.010544859233096534,0.0062531736706835,0.014054717974470828,-2.3691256775587088e-05,0.016036551985133655,-0.002412092365583884
SSU10105,-0.002915641625543734,0.0020991432913214426,-0.014957053081122265,-0.029178050651749908,-0.01058840220450571,-0.007990910118719217,0.010356629750883771,-0.037090500557465454,-0.009015289700640257,1.0,0.010009293327111328,0.005777829819662438,-0.02817529948511956,0.005345957530305707,0.024643281355000508,-0.006535842969986897,-0.010036653957419787,0.005595644339737249,-0.0039378079378876735,-0.019708290496038918,-0.013435598032911026,-0.006850319359328987,-0.016617164915706494,0.00815281047961991,-0.011783233481953039,-0.042298050644931945,0.004101017568077164,-0.020205841662437482,0.01945677202586827,0.019137722602071323,-0.00031951825021231834,0.004260480853636829,0.001217716294540222,-0.012296883446893116,-0.0109168025498753,0.008051500191755257,0.0050467456989207035,0.003147394994362888,0.02558574256054074,-0.01709118036670711,-0.009036192266098227,0.007330503838460234,0.00315440625666383,0.011761796418880244,-0.003912497255498329,-0.022564535321909135,0.0033410561594557236,0.004298240424610735,0.03886423076900725,0.023913535344842533,-0.005785207122702585,0.028108501139603573,-0.023735055209684636,-0.0020486923115915646,0.006956313858156331,0.0007720912459185902,-0.007775221375367999,0.03260961548566936,-0.01445407074779945,0.04307491616707102,-0.02321941695028787,-0.005525091327239488,0.01548413752142006,0.0347224736238141,-0.020215902101167985,0.014289090281512786,0.010710740319426235,-0.00538687149655559,-0.0064033619505086585,0.001735756429874253,-0.03800541268035843,-0.005418105285089742,-0.0038082883777720354,0.010593158451763764,-0.010596606518273861,0.0013074401561422155,-0.03875671824808432,-0.020940837763372758,-0.006721562528521354,-0.01768709272207268,0.013019550643400025,-0.013165173403045054,-0.009210193891161568,0.022649496990042997
SSU10106,-0.01163007603823803,-0.0024750286896419635,-0.005908346086389447,-0.01207724821300046,-0.0016888231056058482,0.0024179146927578886,-0.018758450416432718,-0.02449667739349707,-0.0294528115849044,0.010009293327111328,1.0,0.008769055015101408,-0.007795344736218281,-0.008996975179455441,-0.016533320894524858,0.025772110637109366,-0.010775371159328315,-0.0021270152021892236,-0.016558054346804286,0.011522797330778595,-0.006736437320437505,-0.016833139969899415,0.012696768485616204,0.008493147739617386,0.015011927956900723,0.006824630229782156,0.004507987375533911,0.020622013656930848,-0.012609242334661729,0.0005669717285543185,0.015339577839310496,-0.022044081717803365,-0.0011131735195678805,0.02573961047524969,0.023548743265202243,-0.0017741951066993053,0.016915665193721167,-0.003510566189061537,-0.02381072908825734,-0.0016746637825219908,-0.023007398182181567,-0.03317114532264385,-0.003997522931132005,0.03897918841775144,0.006589069725168884,-0.0305591285077664,0.005553432299747645,0.02852073661218808,0.0026921522111136627,0.003115332211765561,-0.012601847080906357,-0.01727760085418499,0.020225253434274004,0.009965728387707198,0.014191848880074442,0.03103258553414782,0.005746540526569173,0.0020836302968014575,-0.01053866551204018,0.006415205594469334,-0.033348509689905284,-0.0007694093506646946,0.011349750562466633,-0.017726229920244484,-0.019858305599329013,0.014722691275976096,-3.960969526196717e-05,0.0007854861957521714,0.028190175948383255,0.017505184735265158,0.020318040720874692,0.01724714794917961,0.010755230642192661,0.021620045112872646,0.006713638873912647,0.0287508367036597,0.007485691793273698,0.01519053370572941,0.02650931298120877,0.036905839523410686,0.010684798056108974,-0.014411138650023044,0.001954773948937782,-0.013903156525755113
SSU10108,0.0009449814341642378,0.0048327360308264514,0.024725993444011933,-0.003987505472498217,-0.019524198690328332,0.010930416578906034,0.009551298533493435,0.022323075958357284,-0.05228238220869127,0.005777829819662438,0.008769055015101408,1.0,-0.023202281812744984,0.004558553444844097,-0.011883715906927817,-0.023694505812780195,0.04191893988324997,0.006547106229398601,0.011807486430501533,-0.03368570234714968,0.011579100653516796,-0.026513423827236114,-0.013661179724151404,-0.027646247828132464,0.005976077417225273,0.00924615406988188,0.020026664440630764,-0.011155927993471728,0.005456315737346073,0.009239663285286458,0.02915783205793824,0.001979744008297833,0.018209350096474855,-0.026875973641518176,-0.022592459562269285,0.00019909762300014065,0.0028589286304476027,-0.01671404499902642,-0.032232538402498415,0.007394797969594498,0.001360791777516298,0.0018799621986780926,-0.03136744386285514,-0.008009031978387792,0.015110790388619814,-0.0024133886782826226,-0.030002836286250403,-0.0030471193364443416,0.01619450494453378,-0.014406625861451042,0.007826268256423297,0.012166423848125898,0.01008263738029843,-0.01279798173468465,-0.003907077298883489,-0.005498433732519782,0.004408044482915026,-0.01815398445884341,-0.00024243787341231372,0.023875684580072564,0.01621779846500538,0.010912211135717527,0.03126053104832553,0.008069528786383012,-0.0037876475928538735,-0.03591819882207721,-0.016873026353739082,-0.007872848318904082,-0.030324364207248006,-0.000612141057620901,-0.009242863689753165,0.027138932683055818,-0.021893512385534122,0.0131955889875191,-0.006090850718182669,0.03339544571758622,0.02642041159103524,0.009340579270084132,0.006563064264471716,-0.005050540280826253,0.007765270522625762,0.012217160736332684,0.0022445046117522175,0.0016028572334916857
SSU10109,0.0038901508000819558,-0.004282925415053514,0.010905586993127558,-0.023486506605546503,-0.008365108745426723,-0.01352370294311081,-0.001074486493546777,0.006726047497356113,0.020500856258594973,-0.02817529948511956,-0.007795344736218281,-0.023202281812744984,1.0,0.001403013410809576,0.01332040629979544,0.0024055485988823235,0.009614723767735162,-0.0004239513330415804,0.0019691137889111462,-0.009578798314908531,-0.03457132530592499,0.02708504062819423,0.0007431252266546306,-0.02544395916453965,0.02270883683846574,0.004585977803218035,0.027585216405412342,-0.009208206597485098,0.010889204475707176,0.020276683743227743,-0.023322344125234526,-0.0050567695053605225,0.008790085671953827,-0.0059565250011745455,0.005163474630601868,0.0040446195509613566,0.0007017985077473204,0.016996982610628097,0.025148789429621374,-0.012660301705137685,0.00881207737060864,-2.7907863693838826e-05,-0.0022394081040857765,0.020593181085604238,0.0016694609134841939,-0.014361633021327255,-0.016460178314337603,0.007296561174030719,-0.009291976823543716,-0.01143147523031014,0.0045177877184160225,-0.022032800705095605,-0.02013404308911538,0.003271805145548269,-0.014867985987769094,-0.027122649155309465,0.019320910488143047,-0.011785877995541965,-0.03111905225745446,0.013308658771735489,-0.006739150551762873,0.002798554455944883,0.007079343197070896,0.020483336414273634,0.002856311904713246,0.009036642993972563,-0.012789914691623753,0.0074762127902174465,0.0024448334259963337,-0.007878326098941409,0.0017011298625888413,-0.01216381222983626,0.028517338443206006,-0.0172479947635788,-0.03219374278045938,0.045881800920462575,0.028048011432193782,-0.00893061537757288,0.020592405007426786,0.0017336465006374472,-0.01938327989597882,0.01713057871662523,-0.02611967699524283,0.02614940252865751
CSU10102,-0.02602331811143163,0.006152327288991202,0.005827944080585497,0.003472516834221377,0.012509516678672524,0.0018594864930000525,0.009309665039769047,-0.012359742033195235,-0.019610392667101562,0.005345957530305707,-0.008996975179455441,0.004558553444844097,0.001403013410809576,1.0,-0.0035050909907800238,0.003972921325258599,-0.006804550760151072,0.00034531780476014957,-0.02187358399336809,0.003509344611111067,0.01646842565073409,-0.0012337381483142897,0.0020890740520758083,0.04206141309565537,-0.021838705069308642,0.03285307935053335,0.007253458270168799,0.020722697774545072,0.017091704080480354,0.0027479373039375507,-0.008334142795159741,0.027483409691998684,-0.011994868377951481,0.023954440592037503,-0.020178499478979185,0.008587788214043409,0.0213467265047085,-0.02442866320430635,-0.013161901980594807,-0.0026984464731112205,0.014386838940063075,-0.03352784947462066,0.0015400685440903397,0.019014289003814355,0.025137776199342477,-0.001837065708457145,-0.005403092211567625,-0.05635434813914193,-0.004328728905473518,-0.028519237899229753,0.039189125125759165,0.0032361769020667268,0.009435249311431797,0.04224402095238252,0.030843602761411088,-0.0025214679301837164,0.008858933014791362,-0.011455250300293308,0.01919805314249054,0.028989821736944314,0.015708637007524708,-0.016793129549376194,0.004569801813503455,0.007362262902558827,-0.001365890311062765,-0.015568624403937666,0.003370251192583343,-0.033430735771029646,0.01685297935856998,-0.03168167136604118,-0.014623329878977315,-0.02925594264209527,-0.004467149321239239,0.0010072561481030205,-0.025194288794448738,0.014716780316728835,-0.021357343377307176,0.013020860176740855,-0.011175961483262652,0.023120875131957812,0.011770669690636604,0.020121528706807446,-0.0006045869361726371,0.014162318035806472
CSU10103,0.00434884866196858,-0.014028593133451414,0.015333393790468669,-0.006909773888552402,0.037190205256897216,-0.01141439042929968,0.0024147406169167085,0.012042250023186022,0.017496587306145686,0.024643281355000508,-0.016533320894524858,-0.011883715906927817,0.01332040629979544,-0.0035050909907800238,1.0,-0.024032711457331317,-0.03512030468708923,0.009355300821556762,0.022361860782300833,-0.029748763843333373,0.01892276454108489,-0.009143624060115294,0.013556770116426052,0.0036323967791441676,0.04000495720339629,-0.023601695848527598,0.008117478046330727,-0.013775134916953459,0.015215118612326217,-0.028521721235478352,-0.006241081376602521,0.003002373170087731,0.01980277025409794,-0.0018987442935794565,-0.01121383390840539,-0.0153939991551329,-0.013111321531637186,0.005946949451929625,0.015676452281155818,0.004264478032558989,0.026226123278214927,-0.03449680404911731,0.005964138897048967,0.01045837379900459,-0.015823156926845418,-0.027642808157961673,-0.0002910936399204148,-0.03735663791387999,-0.019497801899745922,-0.0015035808600682371,0.006304959594369524,-0.007270789434969227,-0.01643014593936678,0.03018136628362758,-0.0033111084805980124,0.007870857420097303,0.004959347721855101,0.005149634389613415,0.010195322938490365,-0.0034892868665415537,0.018931626807131927,0.0039167736350137206,-0.016595810469042,0.004204676677482704,0.023304771262915875,-0.021628876479273553,-0.006767315323870242,-0.012552645616172182,0.012928865358505277,-0.013820904981429403,-0.032423961955210405,0.035061391037433214,0.02245910887474252,0.002309524422187509,0.021540719305913898,0.00013328793678812719,-0.012529331063132207,0.013658869285941027,0.03758527151674535,0.03841463307435109,-0.001813623384365234,0.004217699630213652,-0.030964711994777457,-0.01818572701200476
CSU10105,0.009173766564079458,0.00864893170101028,0.025642077541719297,-0.008491465342383828,-0.02751441142745427,-0.011915485759117566,-0.02720444630778469,0.001416984082301677,0.004341853821388932,-0.006535842969986897,0.025772110637109366,-0.023694505812780195,0.0024055485988823235,0.003972921325258599,-0.024032711457331317,1.0,0.0030509880332901342,-0.003100299425188988,0.023388676070206577,-3.9272006921866644e-05,0.017252186709678183,-0.01764123883392659,-0.030495814583295262,0.028981494040508912,-0.010055566774821336,0.024026981802493033,-0.00067269593693672,0.007391280107425384,0.004635312646784564,0.01415445614697287,-0.019201369517147918,-0.033552535042887716,-0.004915615894847658,0.02419986255494598,0.01790781710275083,0.0020858244136126277,-0.01825201164708441,0.02466870766000455,0.013308434271378938,0.013942555662354342,-0.02098458504065722,0.022768103728411898,-0.005405370717510134,0.017848510533991738,-0.04114622189003214,-0.01751126533120938,0.008413864396312571,0.006901806767366068,-0.008470721545098963,-0.003601129523505808,-0.004482337842900127,-0.02183571235109948,0.002138798267725713,0.027863441349987375,0.004392910744284121,-0.001710198543225466,-0.021880127078233568,-0.003201545873892465,-0.00751042343381742,-0.0009564310590620422,-0.019795433880230678,-0.004110862186144421,-0.009714274821874112,-0.012372276318735506,0.028201943941329084,-0.01725449168424433,0.019134632896637707,0.009684226976317337,-0.014138806160574502,0.013818512940355904,0.037514309316053096,0.012432657991852003,-0.008592520540098653,-0.014088240074517816,-0.033551355348731805,0.004716824794493527,0.0153879168933241,-0.0322296124893933,-0.011245840095410152,-0.0009609247682156084,-0.022581885545273826,0.01964525867625105,-0.01049892882227865,-0.020638582380276625
CSU10106,0.002258430100455615,0.01571234317528634,-0.016530635207531542,0.018968116453260665,-0.001680697536672634,-0.010354567072842064,-0.002333496109205531,-0.014725905583838607,0.005171571135915078,-0.010036653957419787,-0.010775371159328315,0.04191893988324997,0.009614723767735162,-0.006804550760151072,-0.03512030468708923,0.0030509880332901342,1.0,-0.010191228673950063,0.022731071441636826,-0.0057565329721725855,-0.01716501130450435,-0.022613103926225484,0.04370278128344971,0.004217531737626065,-0.0006709090751911286,0.019021467777005214,0.03650092801370216,0.022615999131569756,-0.007095408518572371,-0.015079690935000313,-0.009578473946892664,-0.005494951037930227,-0.00774523607578374,0.0030372672907093058,0.02623734813242115,-0.01796184815755721,-0.004954024753985281,-0.017148098588657037,-0.002735408520539267,0.01647916501753502,-0.00045018127334491763,-0.0017484906303686801,-0.002177636744795387,-0.004164361968478047,-0.021837218046297686,-0.006372035100379172,-0.021953115250706444,-0.025398742752784052,0.008740224234064236,-0.0027939652916491794,-0.02897217828348211,-0.014545218891725201,-0.029391137976873948,0.030091187910798203,0.002752418857750451,-0.011310126286733795,0.001427931946743159,0.016295392422528556,0.01658112243615272,-0.004329533290421327,-0.038385531644376455,0.0007239907883049679,0.010942598498170628,-8.436653261523368e-05,0.01552176053161282,-0.008083788138516505,-0.012406753514818082,-0.0021323994684828715,0.004839641267564123,-0.0037980523100975094,-0.021383552796073454,0.02259954659105033,-0.0033866448037339135,0.032702901349550006,0.016001008340751324,0.031306302148683206,0.01560044639668289,-0.035670386627430405,0.02053186132665769,0.011731767245985375,-0.02538067758689616,-0.0069000286088273756,0.001498439781699379,-0.014624331009525763
CSU10108,0.014930748903588843,0.03764740194416033,0.017116309131969078,-0.003361287947373259,-0.004487659301980914,0.013557601241529427,-0.01277324007146817,-0.006537153347626724,0.0061416802213789855,0.005595644339737249,-0.0021270152021892236,0.006547106229398601,-0.0004239513330415804,0.00034531780476014957,0.009355300821556762,-0.003100299425188988,-0.010191228673950063,1.0,0.008056681869325837,-0.03122818447183026,0.005427826118534604,-0.011516312193854548,0.020023325004132744,0.030067026181138698,0.016921155598227166,0.014875458064297234,0.0019871025985388727,-0.0028760209213782523,-0.009730612828787332,0.009366318274187269,-0.030936749502776768,0.026146942007759424,-0.004878726858257501,0.02702512650004216,0.015481205221659003,-0.008826944056207856,-0.013460374569162372,0.05129423733337415,-0.013031640295522437,-0.0007000701829989362,-0.013827067103801738,0.0037590995313237325,0.012089771765962685,-0.0224918775500717,0.003033651103373184,-0.0362286603075175,0.0022857065754331796,0.00597855825633472,-0.016213423894115703,0.03299310759887137,-0.013286544563452265,-0.008360995939691414,0.010665852078945411,0.005270589854000812,-0.017064996029878567,0.023670874846923404,-0.009366765010695997,-0.028564967566387968,-0.025370716504271886,-0.03293579688318579,-0.012064162735447845,0.0005669986898840045,0.00037816509692242497,-0.01456455700825781,0.010376541797293951,-0.008470182891124849,-0.017644340986131803,0.003242309120378073,-5.838676337556299e-05,0.0005292303744510914,-0.030992485835278083,-0.0018441037346396663,-0.014943765261956196,0.010489851904960311,-0.010876854211119906,-0.0006335389183865869,-0.017900275917363637,0.012702231169330872,-0.00767784276517585,-0.008891730678752383,-0.033027384431473975,-0.0025244370602595396,-0.01838059777517214,-0.0301708618491744
CSU10109,0.006236005803088642,0.022828643621075697,0.01494726930417825,-0.016905911562370785,-0.002428508230677815,0.03185648521926372,-0.005238294329315514,3.124505559132335e-05,0.03116546617581839,-0.0039378079378876735,-0.016558054346804286,0.011807486430501533,0.0019691137889111462,-0.02187358399336809,0.022361860782300833,0.023388676070206577,0.022731071441636826,0.008056681869325837,1.0,0.00350134649000529,-0.024864339830192036,-0.02110426837298149,0.014893843330077589,-0.01646557246476655,-0.01733354580635989,0.01951269127691445,-0.01750482099991089,-0.008610097826332222,0.0014063639383248248,-0.02568073652703955,-0.004932127854981221,-0.0015535744230641085,0.00296596402216464,0.007238687350692775,-0.006196160320469445,-0.008274280708177787,-0.047595889478767514,-0.006047380732919105,-0.03188805473641448,-0.002674997183548244,0.013460645519547147,-0.030618989370351193,-0.028381127331021595,0.002394201555857434,-0.026493092536154176,0.016018202026104073,-0.007242299010465525,-0.0014795786869315054,0.027947629312762023,-0.005886904550105791,0.022737174818601543,0.006107565337448787,0.001416988097680536,-0.031189492975833025,0.002411397762454897,0.022832848429824054,-0.011517721721145804,-0.008689401103483959,-0.023753296768274524,-0.006279517358120279,-0.028542082268344718,-0.01603976811729076,-0.018013095249645273,-0.009165830526318598,-0.006499234914286085,0.012150866577235674,0.015066275900265031,-0.008644248498727735,0.04350287266206795,0.009630051802862038,0.0625719547388557,-0.01280077828720492,-0.0035699410686898716,0.02045707527861983,-0.002104660038131771,0.02919948656224064,-0.012822162829667309,0.011246421692165649,-0.0005317339311454786,0.0022925474171041457,0.013136890759566337,-0.031522771016826115,0.015378025758778089,-0.017704606704980242
GNT10102,-0.030375253611404477,-0.022160614541846084,0.020621756172882085,0.017126614236986533,0.0033229864053587687,0.005795498794018025,-0.02173208571405735,0.013797731082542095,-0.03539942311788206,-0.019708290496038918,0.011522797330778595,-0.03368570234714968,-0.009578798314908531,0.003509344611111067,-0.029748763843333373,-3.9272006921866644e-05,-0.0057565329721725855,-0.03122818447183026,0.00350134649000529,1.0,0.011530628100351832,0.013247138800588847,-0.009939349587668237,-0.0007091730606654617,-0.048281470076931135,0.02170295812155443,-0.010677685814434833,0.029601098916905946,0.0009329710856548765,-0.003049734539782164,-0.02502913771155813,-0.024323709792556103,-0.0026853830457673057,-0.021478501620339062,-0.021193788353795602,0.019435767567864522,0.008037187578199646,0.028014330493245566,0.004056605321212669,-0.01945104507198999,-0.0021584440462252058,-0.024226001319694625,0.019433543313816075,0.01270583528580881,-0.012475911592792547,-0.006670939588527486,0.02196122882494732,0.011770409171413266,-0.009576363191311062,-0.014456372962279317,0.01914737981302375,-0.020150748109581597,-0.011209827074514733,0.00014858185512473944,0.014002810353633561,-0.022500237991299545,0.011417479627264112,0.026463923633780223,-0.0016948201806217622,0.03189667161948692,-0.009046559581229878,-0.013264393046124905,0.006558044319714813,0.028446412665137175,0.026439537486251326,-0.015247381716880707,-0.03254250938344122,0.009612991727084543,0.012849147978209123,0.004689666623630783,-0.03063532730731456,-0.0061396071730465416,0.012384245131657298,0.016332346940086218,0.001842631180139279,-0.019246395281348944,-0.004459799926772782,-0.0038869055624094393,-0.007089115420509444,-0.0012528953434144128,0.00024453443685870375,0.0004277943313972404,-0.012935749573506513,-0.007764701855491649
GNT10103,-0.0010919086451451824,0.014281126186615855,0.006228967743650718,0.014283968319109762,-0.004546268982816786,0.02426091039551497,-0.03317281550484203,0.01079404002115663,-0.003859893426203182,-0.013435598032911026,-0.006736437320437505,0.011579100653516796,-0.03457132530592499,0.01646842565073409,0.01892276454108489,0.017252186709678183,-0.01716501130450435,0.005427826118534604,-0.024864339830192036,0.011530628100351832,1.0,-0.026514581727071784,-0.011925632327967213,0.02114465613867979,-0.032226652197485876,-0.02503856190885508,0.033502353298414146,0.020888468818771294,0.03387035602148894,0.00861315565120142,0.015236877334331395,-0.01758277041766032,-0.007610448370834975,0.020680736644099206,0.014583154870623994,0.013077215992548718,-0.016060572017856854,-0.03121064294014761,-0.031733682147996864,-0.02264265670689219,-0.009141442739904462,0.020065276306044454,-0.017317474100055158,-0.041618855609277396,0.03203189589290083,-0.009909462177243394,0.02145501645273386,-0.0037208360715791184,0.003621990892278015,-0.012186057355899976,-0.007195998709542139,-0.00881930112004445,-0.018844324834099077,-0.011754210714468524,0.014685234294654745,0.01027917970619243,-6.237118806293974e-05,0.005169292277195167,-0.0036689948750654134,-0.0011084249853520439,0.017526328988118695,-0.009729802723877388,0.017780351609639315,-0.013218687350208733,0.023730435796585837,-0.030375012409332384,0.026731675139148897,0.007002566064750163,0.002637406142919278,0.0028563649159731954,-0.012574368390785507,0.00464663242082766,0.008123577957491239,-0.005339623987654857,0.01764275561486461,0.0004141257000945368,-0.0203774473879013,-0.016164479289524303,0.03319666869040551,0.014463637239912919,0.026327097447083062,-0.018273954918894823,-0.011874403358098022,-0.004692560857297821
GNT10105,-0.022663820756309093,0.015448238922714254,-0.009848150629603484,-0.0032760394503677306,0.010337661440906618,0.04134971376926329,0.015830482025194152,0.007760052400363752,0.016363102922547453,-0.006850319359328987,-0.016833139969899415,-0.026513423827236114,0.02708504062819423,-0.0012337381483142897,-0.009143624060115294,-0.01764123883392659,-0.022613103926225484,-0.011516312193854548,-0.02110426837298149,0.013247138800588847,-0.026514581727071784,1.0,0.013430854169775628,-0.018601180347969003,0.0069921780285415475,0.012754282355326711,0.018094414041463357,-0.0023416323818745144,-0.026054862203131215,-0.018828468160476806,-0.007985062739739698,0.007093422289025489,0.013036375883593028,-0.002992559617160065,-0.00101087757934367,0.010155093973347077,0.027786263213698374,0.01938351710343624,-0.002256222411686749,-0.0022258495960787686,0.00010599182663714617,-0.018416418991632145,0.022949766907961456,-0.03994661528425824,0.02688792690593604,-0.02103751177858393,-0.03100971469717198,0.021291113702417975,-0.026603403339864596,-0.004980021253969283,-0.0015485848004062194,-0.014524086780567049,-0.00427554385977401,0.002651748629996793,0.027789265522537437,0.007620626647198312,0.0011696191912298742,-0.027280588520931966,0.036254689959028794,0.008119207189302827,0.01533343457813381,-0.006027068200834254,0.012481412363886184,-0.004462383654688374,-0.01226565331566012,0.00240382053265998,0.007748390799886025,0.00030351292216417513,-0.028050155328869193,-0.02172814795361279,0.009283459024263667,0.008302450964551596,-0.027242474428339644,-0.002656034303696443,0.01849616675195645,0.01574296899594631,-0.013798160321757638,0.02639583876510854,0.01760383691918014,0.017468314071738975,0.0023973260999427875,0.010689211495667317,0.00675013653568642,0.034383189608325156
GNT10106,-0.0021869227572673846,0.009496958491539101,0.01196325019229745,-0.012251872463241813,0.009023340705176993,0.014246461364464431,0.009047173397877493,-0.03499062941337084,-0.0015652290163832793,-0.016617164915706494,0.012696768485616204,-0.013661179724151404,0.0007431252266546306,0.0020890740520758083,0.013556770116426052,-0.030495814583295262,0.04370278128344971,0.020023325004132744,0.014893843330077589,-0.009939349587668237,-0.011925632327967213,0.013430854169775628,1.0,-0.00912644002011077,-0.016246057744228437,0.023695357280317866,0.013416342624033578,0.006438104077355295,0.0007577062339308752,-0.01903137854326618,0.012820097316509006,0.010094666521039906,0.008144723890164848,0.0057585080519016105,0.013338465807709206,0.00747634650902454,-0.0036390629779031497,0.004582475698703204,0.01288156688167735,-0.013090623703230579,0.017246172943901003,-0.001298719013212747,0.01828622381583368,-0.034250410530175635,-5.1827175637048156e-05,0.03956046058766008,0.011306855702938538,-0.011567479870716239,-0.005364151020597901,0.012704997498150988,0.029294679191562485,-0.016957774202716134,-0.011469174180544094,0.034737410130454976,0.01615924158406157,0.009053567688209908,0.01123730783416131,0.002918759219292335,-0.007464518702376949,-0.00633284815462086,-0.0012655909230481243,0.042967330009050286,-0.0015374904896370194,-0.019848591947311277,-0.0019570174899000885,-0.011563434845368583,0.004849583223792971,0.0028995567554833818,-0.027925789847549343,0.010948012114357884,7.591329709874924e-05,0.02042910854498862,-0.023152804502146018,0.031204907070139124,0.025226121353665778,0.005353507005785178,0.0220649092531131,-0.02483049646962242,-0.020210193661188848,0.007200374414988976,-0.03311678751121562,0.03108260932729414,0.01500548772924289,-0.02860756262642253
CGS10102,-0.004698436615617092,-0.019583915699750213,0.012536442609288953,-0.002230945261338404,-0.010003303415211438,0.009664601260616943,-0.0003590189240175832,-0.013510365853897855,-0.03376388440876316,0.00815281047961991,0.008493147739617386,-0.027646247828132464,-0.02544395916453965,0.04206141309565537,0.0036323967791441676,0.028981494040508912,0.004217531737626065,0.030067026181138698,-0.01646557246476655,-0.0007091730606654617,0.02114465613867979,-0.018601180347969003,-0.00912644002011077,1.0,0.003457875266722977,0.0058868275122151165,0.011441747018957487,0.004837933833719059,-0.0046441364985111795,-0.01817981768623033,-0.01354393394892123,-0.010064062873004275,0.02173079605056226,0.02803347593370893,-0.023018132685609472,-0.024607337376743126,0.03810855201106473,-0.04386523634853085,0.05579710992199471,0.006466901278167282,-0.0003691954287535596,0.02329254403123469,0.010697330151294617,0.028538259923952806,0.039661561265656765,0.0017843595557082063,8.336903076040507e-05,0.02550102238409186,0.03127525972517043,0.00391495057793854,0.02837833723236379,0.003121272309738683,0.0015244603393579303,0.023202731700702414,0.011178684821314238,-0.04827289401619414,-0.021038554701098906,-0.037317115014239975,-0.011300883523337357,-0.002826332201431082,-0.002816385749976836,0.005064540621721955,-0.0050547672615079906,0.005050558165601821,-0.011141201292607261,0.013512778929225169,-0.009079188944319356,0.010206630763789474,0.02246190234596752,0.028503632929902514,-0.007692978785113965,0.018592329610102862,0.0064300737406884755,-0.007989060839876537,0.0007439500621421408,0.03781031985714303,0.004779858045470388,0.00017779256776851156,0.004272741461809752,-0.036403058416501106,0.010237426390507965,0.0166425726896889,-0.009414987824263702,-0.030224873820078397
CGS10103,0.0031133169449887566,-0.0044169939598082365,0.0038970882122540285,0.008945235266176108,-0.02237497093771986,-0.02341538889228374,-0.004555203977049614,0.0015893850560405247,0.0463818940989541,-0.011783233481953039,0.015011927956900723,0.005976077417225273,0.02270883683846574,-0.021838705069308642,0.04000495720339629,-0.010055566774821336,-0.0006709090751911286,0.016921155598227166,-0.01733354580635989,-0.048281470076931135,-0.032226652197485876,0.0069921780285415475,-0.016246057744228437,0.003457875266722977,1.0,-0.034748645235173896,0.02113751722929197,-0.004697741186942696,-0.011365991144493713,0.011853588598678364,-0.014812167893566845,-0.006281266957938022,0.01276692440083737,0.011509671278445913,-0.01726214374272189,-0.02280877580821103,0.029972390203195663,-0.030231580388200802,0.003593252060543001,-0.002068833613764083,0.03312327677270658,0.014224489658838949,0.00539889191714877,-0.0034015396522155458,-0.031039013418740977,0.005624380644552646,0.00510305287580214,-0.004587289971198158,0.0037215448691060703,-0.00883821483321559,0.00018330796291037097,0.014651178554523088,-0.006979921377821007,0.003959145582912768,-0.01173048203164988,-0.026331162710396566,-0.018382052784557273,-0.0006937357128122524,-0.009992828576422646,0.017199093975037306,0.025530842581818477,-0.009849814952368944,0.0014598547971314965,-0.03594135479784695,0.027952301397622906,-0.01356246196391482,0.017538662459896142,0.019897269101183654,0.011978972353319248,-0.002979812865126224,-0.012947786095414396,-0.012205432029127562,0.02973063929152703,-0.012277813242204129,-0.02937183311848008,-0.002671165719852656,0.0038274253497488043,-0.0019893565214909085,0.014757328419003627,-0.008104918357751902,0.0017047579651930237,0.002099380559465882,-0.0017658481798699455,-0.0060002243655795226
CGS10105,-0.013144193413282133,0.0014889325779257074,0.02041245562279563,0.007499239725075753,-0.01003663722633006,-0.021777881819012957,0.003449091134189274,0.03680719942154635,-0.005781042110756878,-0.042298050644931945,0.006824630229782156,0.00924615406988188,0.004585977803218035,0.03285307935053335,-0.023601695848527598,0.024026981802493033,0.019021467777005214,0.014875458064297234,0.01951269127691445,0.02170295812155443,-0.02503856190885508,0.012754282355326711,0.023695357280317866,0.0058868275122151165,-0.034748645235173896,1.0,0.008982620928414032,0.01965863358247679,-0.006292528142517883,0.02692448243721258,-0.0006372672523416153,-0.011099644879832652,0.033818617210221606,0.013087919228734514,0.019786211325343722,0.003125269179475733,0.028268406486922096,-0.02748700593400526,-0.009342997627287172,0.0010671991581701495,-0.0336296020976082,0.027783662449023933,-0.026820625127369477,0.001664148488178086,0.006703544638483463,-0.0017183991315270347,-0.018252123277247335,0.01791633322799171,-0.015643376206429357,-0.007267809824012518,0.002537093745408184,-0.03225564016906638,0.004507612993444186,-0.021919678032843067,-0.008252029712737873,-0.024794353689722746,0.005603501948830205,0.0018209173161693893,-0.02672403017911539,0.014760008837068305,-0.023218146814169074,0.005886572332598872,-0.002078064952817054,-0.00914548544900096,-0.0126515248875264,0.01682580717835326,-0.012768203175626365,0.007054415374577999,0.010273555048681058,0.005362547632026289,-0.024231309643366304,0.0278590588586991,0.0020180316960318736,0.004906139881758877,-0.0017781238585425063,0.0008704896748735599,-0.0047011908032811404,0.016157932865648282,-0.014843018807313889,0.01212705026622454,-0.006193205219365298,0.01644061610537246,-0.00047443049314396097,-0.010000304190688291
CGS10106,-0.019141337107111377,0.017854967498646398,-0.0015542992499804488,0.01138706809983087,-0.02804114422995476,0.027793771762052024,-0.031235376676186373,-0.019303477052060855,0.007576694127810912,0.004101017568077164,0.004507987375533911,0.020026664440630764,0.027585216405412342,0.007253458270168799,0.008117478046330727,-0.00067269593693672,0.03650092801370216,0.0019871025985388727,-0.01750482099991089,-0.010677685814434833,0.033502353298414146,0.018094414041463357,0.013416342624033578,0.011441747018957487,0.02113751722929197,0.008982620928414032,1.0,0.0279404032850527,-0.045512524365896576,0.028436405897267276,0.006862844411984575,-0.01792757193826496,0.027729091878113017,-0.016791957876529814,0.0002650824262639603,-0.02728917568626642,0.00652546162257672,0.013677228474180979,0.0028215662995516627,0.002239696162722154,0.031680420661935216,-0.008167859978190906,-0.001799476185960759,0.024464944327101962,-0.01579040647139834,0.004375320549021493,-0.018777127499588903,-0.016980603279947132,-0.0011332015256136745,0.008784725442367919,-0.028030281397290618,0.02221680111777988,-0.020215561820310986,-0.0043830916371154225,-0.004855145336827742,0.011214618280560284,0.004954061320949905,0.021067432367488603,0.017238350861930214,0.007741259522410337,-0.010003662586630817,-0.013037276174178058,-0.03772053613679595,-0.002284370228499437,0.025803426974571875,-0.00240010783957175,0.007035433361503351,-0.001612469092869977,-0.023841833191901248,-0.0013954406124374733,-0.0005546567380380401,0.016234355562037367,0.017139802495166626,-0.0018030190013661944,-0.02436741039328978,0.007823377390657207,0.014636975275227043,-0.002892687933686916,0.024056106368607826,0.026837389018328314,-0.018668690356558486,0.012930566406215696,-0.0161340530316488,-0.008199854066515418
CGS10108,0.004381445962154685,0.0032457680095464665,-0.011760510238294134,0.0072428015513187624,0.005100102705525152,-0.01070888906734974,-0.02223152951121608,-0.0018945923538294213,-0.002787178174626295,-0.020205841662437482,0.020622013656930848,-0.011155927993471728,-0.009208206597485098,0.020722697774545072,-0.013775134916953459,0.007391280107425384,0.022615999131569756,-0.0028760209213782523,-0.008610097826332222,0.029601098916905946,0.020888468818771294,-0.0023416323818745144,0.006438104077355295,0.004837933833719059,-0.004697741186942696,0.01965863358247679,0.0279404032850527,1.0,0.017142749808081986,0.0053206646466088395,-0.033082664076639165,0.014964290291558238,-0.020140077406637723,-0.018461834386484816,0.007153661623351143,-0.01152959802176493,-0.025522584757584788,0.005917015215811964,0.007774603772754953,-0.023903348685900952,0.017403473687165792,0.0006053246788723861,0.0033751518959308333,0.02569022363294554,0.01983992163777579,-0.0095590162704916,0.003538784798238492,0.03158235482292464,-0.018766309344774156,0.029654637809532865,-0.03695144570949645,-0.031402695354415644,-0.00540989494625715,0.0029514366082934868,-0.020466979191960433,-0.02348479429683574,0.010943000646550089,-0.005870785762648823,0.00883911329752126,-0.014853595008154183,-0.0070809775622067755,-0.00831657977548647,0.007862401586579606,-0.011249294657231424,-0.015616543126821484,-0.0012115289630972937,-0.0219355844447922,-0.027207440415965258,0.010212665921446823,0.02084919074812916,0.008012902674975717,0.008180810903558992,-0.02152892884904897,-0.009993387368955433,0.03188808710997042,0.015306976474950698,-0.0044912590981441925,0.0032580009233560006,-0.0024627470175696683,0.01724431603675702,-0.00471703548914929,0.01677002920730011,-0.013211219958186624,-0.019996781462562663
CGS10109,-0.015945048398985993,0.02416586803322169,-0.014777567437080658,0.0046636809777502505,0.022744764718030167,-0.0052693477364182135,0.024317075126165825,-0.010422357653373713,0.01483974087864882,0.01945677202586827,-0.012609242334661729,0.005456315737346073,0.010889204475707176,0.017091704080480354,0.015215118612326217,0.004635312646784564,-0.007095408518572371,-0.009730612828787332,0.0014063639383248248,0.0009329710856548765,0.03387035602148894,-0.026054862203131215,0.0007577062339308752,-0.0046441364985111795,-0.011365991144493713,-0.006292528142517883,-0.045512524365896576,0.017142749808081986,1.0,0.014401768496172442,0.060411164761270696,0.025943147802627367,-0.01949835809178311,-0.007479679225325692,0.002349298172685536,0.021401922501663638,-0.031130382599863317,0.015348692129002792,0.01394559844082218,-0.026004090744938427,0.03285521592624234,0.0025039262673935882,0.036520867198749,-0.037047933165883375,0.01882490991107357,-0.0029440152640384863,0.0037114144733215613,-0.016353959258345582,0.012325363126770726,-0.013051893347269923,0.0036540053321757675,-0.015178258514813801,-0.015249826683431266,-0.003746603710489244,0.02016921390709274,0.0015363840883181644,-0.03204269234557732,-0.0011037091783931787,0.019554600626201783,-0.03236799604527107,-0.002419512196475329,0.0011023463104407171,0.016008786639379206,0.01683767820225216,-0.013078652768282526,0.023975459088082914,-0.018001660137970724,0.003813221155886463,0.004915432224009239,0.020583967178296237,-0.000591659703279437,0.01393394431200422,0.025874849375024874,-0.018019703813724586,-0.011727024074472335,-0.03914212163063173,0.03818955538765112,0.004724368857705286,-0.011155659733029321,-0.005360224363959824,0.026215290502814376,-0.009848308951331326,0.0003571773944616383,0.02012667459044537
GRC10102,0.01183453266437943,-0.0016187813320042703,-0.01603443650570785,-0.006330215361238565,-0.013470782317952268,-0.0072256336159481,0.021192138542062176,0.004628868317884106,-0.001586234940008263,0.019137722602071323,0.0005669717285543185,0.009239663285286458,0.020276683743227743,0.0027479373039375507,-0.028521721235478352,0.01415445614697287,-0.015079690935000313,0.009366318274187269,-0.02568073652703955,-0.003049734539782164,0.00861315565120142,-0.018828468160476806,-0.01903137854326618,-0.01817981768623033,0.011853588598678364,0.02692448243721258,0.028436405897267276,0.0053206646466088395,0.014401768496172442,1.0,0.0008236721913947964,-0.016575531116353993,-0.008801103561254027,0.019554891311384028,0.008926923678089218,0.0039999674049049205,-0.015245206567193248,-0.02169797440782845,-0.011850163051694064,0.011659860187813313,-0.0013078896542549736,0.019387277266976546,0.0147432697259914,0.03326409754638578,0.0004037265043946506,-0.027652498284295838,-0.02307238539574408,-0.0015616252282688668,0.005575212031551648,-0.001173023901712102,0.02095995892103085,-0.024901782615492033,-0.03386048694365407,-0.0226395512819928,0.022367458465335673,-0.008848113657675903,0.004893460268731018,-0.019255089382071655,-0.02312348549841459,0.023626686866340344,0.0011258968338248288,0.013824962931028398,0.005007560670897316,-0.012041550866985115,0.000513137147941399,0.007821928778355637,-0.004360158204526533,0.017282355672994017,0.021842025748990638,0.017310869997474925,-0.0018700887132957302,-0.0024944332208684875,-0.004293736663813492,-0.014706706158302644,-0.0011258662342284286,-0.012774839338151742,-0.01608271316762926,0.003682735145719467,0.04587715715504825,-0.0037292447412040127,0.0530298107320129,0.0255999235395629,0.008128145391192885,0.027516981780620318
GRC10103,-0.009975860497063642,0.02017078591547523,-0.007128209962524462,0.01341909195945709,0.036639256724144524,0.022123460827432023,0.001661679715484708,0.006128939952404829,-0.022459790396201045,-0.00031951825021231834,0.015339577839310496,0.02915783205793824,-0.023322344125234526,-0.008334142795159741,-0.006241081376602521,-0.019201369517147918,-0.009578473946892664,-0.030936749502776768,-0.004932127854981221,-0.02502913771155813,0.015236877334331395,-0.007985062739739698,0.012820097316509006,-0.01354393394892123,-0.014812167893566845,-0.0006372672523416153,0.006862844411984575,-0.033082664076639165,0.060411164761270696,0.0008236721913947964,1.0,-0.021110689514463647,0.03748881679543655,0.014463572424464277,0.050742672172488686,0.011654551088406925,-0.012704489606502084,-0.004821400909432693,-0.028594979890060736,0.0019139323705367134,0.017271470232364743,0.019154926945329366,0.005408611899644202,-0.0076714171853584255,0.0003980209211398232,-0.006198829333834893,-0.01167309441616385,-0.004711391736519383,0.02517399792246957,0.003367761526254265,0.01114347754951779,-0.015630574190259264,-0.03541102263423947,-0.01082864279302331,0.007752207974060122,0.040383573035465664,-0.014543845321749564,0.026982961156295497,0.03997543752491196,0.002353045453217723,0.010871084236706475,0.044193529384363064,-0.023683780751639093,0.01843361157745898,-0.009005167391743814,0.00373009375051696,0.015513369791595085,0.017854245400567473,0.02218531303493114,-0.026860066356583397,-0.0077004228488899065,0.010684782790642588,-0.02230865160476274,-0.012895374299971275,-0.0037902954676616862,-0.014313428206906655,-0.04355091969825312,-0.0061765599605987515,0.028061784726901528,-0.02130924314778662,0.031143710926830756,0.01414623698451974,-0.009382252983159806,-0.0007750781317060727
GRC10104,0.014264621558951373,0.021916025361408895,-0.011223791802044794,0.0023634994290970372,-0.004530535785030375,0.021526305583782573,-0.01783031974775918,-0.030671195892001516,0.014769221430128375,0.004260480853636829,-0.022044081717803365,0.001979744008297833,-0.0050567695053605225,0.027483409691998684,0.003002373170087731,-0.033552535042887716,-0.005494951037930227,0.026146942007759424,-0.0015535744230641085,-0.024323709792556103,-0.01758277041766032,0.007093422289025489,0.010094666521039906,-0.010064062873004275,-0.006281266957938022,-0.011099644879832652,-0.01792757193826496,0.014964290291558238,0.025943147802627367,-0.016575531116353993,-0.021110689514463647,1.0,-0.016028450255735724,0.0262047629320028,-0.003422165731346081,0.026590765448555938,0.01303902353634564,0.028717715565511965,0.003709134128406579,-0.00805894513297351,-7.818548663862989e-05,-0.011252007748892769,-0.018867813061627395,-0.00987467626075025,-0.008527691330135617,-0.015848047478632867,0.00980620118219801,0.04444871174985585,-0.014538553469635236,0.005058577249485968,-0.01415540182464939,-0.01183821352278418,0.006866877820523426,0.023130124886564594,0.020791961722758823,0.0172306383698197,-0.0016705989791521232,0.001365209744415527,-0.03510574828488995,0.014049836922144336,-0.004192336390218025,-0.011525281689226282,0.008917762559769117,0.023362376519109298,0.00772068955438158,0.009106839427784558,0.009713974642036749,-0.0035169411129520353,-0.04814445926460006,-0.025827350024939362,0.04982934759830178,-0.03446606474422732,-0.0008216435090224705,-0.01908364022900388,-0.007964484344757073,0.004299412991291126,-0.017662760813364303,-0.0290891998217488,0.009979210926514933,0.00044854458255390447,-0.011941437933288859,0.009223137439264097,-0.008667985651072435,-0.015416204046610359
GRC10106,-0.03930952935687006,-0.009346546361349675,0.017947543843651995,0.009327556850705849,-0.0281629451882839,0.03549837049411625,-0.00610020643560314,0.008157649445033546,0.026029721374864076,0.001217716294540222,-0.0011131735195678805,0.018209350096474855,0.008790085671953827,-0.011994868377951481,0.01980277025409794,-0.004915615894847658,-0.00774523607578374,-0.004878726858257501,0.00296596402216464,-0.0026853830457673057,-0.007610448370834975,0.013036375883593028,0.008144723890164848,0.02173079605056226,0.01276692440083737,0.033818617210221606,0.027729091878113017,-0.020140077406637723,-0.01949835809178311,-0.008801103561254027,0.03748881679543655,-0.016028450255735724,1.0,-0.009011164637382944,-0.00937715428814678,0.0047256861000275355,0.025327908351664475,-0.018666921114554164,0.014272482786924973,0.0030496200978997875,-0.01862421121848332,0.0071146773206456435,-0.01637019260136074,0.006148979351811981,-0.004784981111953898,0.04482060482771504,0.016676752136352953,0.0005201656842073436,-0.00041054861421390863,-0.01160505440243709,0.003266022250914018,-0.013593346567294554,-0.010405176417076079,-0.017688704960312614,0.016306174806158157,0.0054632995328584965,0.014145850672891336,-0.004729729652564896,0.00875976752586721,-0.01131995887486209,0.012610507867328442,0.010733078367908043,0.004438130771041004,-0.008936086904530018,-0.03224036037429262,-0.0260963562333525,0.021319613632865466,0.026193879574339194,0.024244065442740038,0.0007562381840006584,-0.01797561665588932,0.02754487720920806,0.010499194017162676,-0.0038805319855646754,-0.016486030626942975,-0.005618529014393811,-0.008962932845870976,0.024345431598533192,-0.006148977977724264,-0.048111628617171956,-0.0032988874108453308,0.019381184321202182,-0.030819354410520944,-0.009930469111527524
GRC10107,0.006890548536791075,0.013810562727032127,-0.0011401440443017565,-0.015594871918616119,0.018740875719108582,0.01810189441579158,-0.0013394285048575958,-0.013796813357233545,0.002635433737121739,-0.012296883446893116,0.02573961047524969,-0.026875973641518176,-0.0059565250011745455,0.023954440592037503,-0.0018987442935794565,0.02419986255494598,0.0030372672907093058,0.02702512650004216,0.007238687350692775,-0.021478501620339062,0.020680736644099206,-0.002992559617160065,0.0057585080519016105,0.02803347593370893,0.011509671278445913,0.013087919228734514,-0.016791957876529814,-0.018461834386484816,-0.007479679225325692,0.019554891311384028,0.014463572424464277,0.0262047629320028,-0.009011164637382944,1.0,-0.025218219876412887,0.005135669558697044,-0.00029291143263273126,-0.007808672513526363,0.015877849361456614,0.023945967895445956,0.009131668378542715,0.0033384604959597634,-0.010755137005526673,-0.003756019390104703,-0.004011590684374675,-0.047623749759293316,0.010274766843662186,-0.007038835093305587,-0.03867204282864983,0.04605247478532403,0.019312099640845373,0.03197871176984827,-0.0007015933169258441,-0.014305417814246693,0.013926116386932589,0.003196961519176802,-0.01007745971099359,0.02104842934214968,0.00964157143204368,-0.013751052297767533,0.013479646735804016,-0.038098088807064154,0.0025054119787716405,-0.003891861772320164,-0.0030100578614187133,0.02439641396728119,0.018133959202189347,0.006406912202199791,0.005907029198805219,0.0008853831238706739,-0.0012648641767166238,-0.012116784700343546,-0.014351928952957975,0.03174873976951121,-0.01864108436267386,0.0340861951577999,0.008433789373403338,-0.004919615492244669,-0.0250441983661467,-0.010607903942465908,-0.0015800129763271587,-0.001697261352209749,0.017549589145203152,-0.007096265624447568
GRC10109,-0.015862317447090116,0.005249085301463711,-0.003815935512463971,0.006140934483293944,0.0014045876498004228,0.018150382238676745,-0.016996293939039668,0.004369510711265314,0.009028566331322202,-0.0109168025498753,0.023548743265202243,-0.022592459562269285,0.005163474630601868,-0.020178499478979185,-0.01121383390840539,0.01790781710275083,0.02623734813242115,0.015481205221659003,-0.006196160320469445,-0.021193788353795602,0.014583154870623994,-0.00101087757934367,0.013338465807709206,-0.023018132685609472,-0.01726214374272189,0.019786211325343722,0.0002650824262639603,0.007153661623351143,0.002349298172685536,0.008926923678089218,0.050742672172488686,-0.003422165731346081,-0.00937715428814678,-0.025218219876412887,1.0,0.03226648663452904,-0.04040731997024785,0.026922725290278084,-0.00808721635533044,0.015768288965733585,-0.011355133473113824,0.012347345244092799,-0.020543246975336833,0.019480554091423272,-0.00844546771681093,0.012926176879457373,-0.028726134548839162,0.02368711517694673,-0.0015189727059128216,-0.008960977787853876,-0.018040563772831773,-0.010969690370821608,0.01209030879413654,-0.02696487343911067,0.004817736013000375,-0.0011434166309034057,-0.02206062958756115,-0.009790924844243277,-0.020868934350768985,0.002842299376925017,0.015557286392762918,-0.009259954120101633,-0.04519941300231794,-0.01612156532571411,0.010831830495447312,-0.014925412820832838,0.0024597073352091263,-0.000411641141580656,0.012949830611756523,0.011440403447360144,0.02213386441688771,0.02504031398420113,0.0074937972976658294,-0.026756719583181664,0.011801704228219365,-0.016648459138925296,-0.010027766296078978,-0.018717023038219503,0.030394848127456024,-0.0004823420552527882,-0.025678727436993794,0.021313263698539225,0.012622634610433435,0.007915265947846648
GRC10110,-0.004360499751807212,0.011922676272035112,0.003428726762792037,0.021466964780042678,-0.012395912975516222,-0.004865848681895181,0.05449027875411006,-0.0005936230279138248,0.0035366219857857237,0.008051500191755257,-0.0017741951066993053,0.00019909762300014065,0.0040446195509613566,0.008587788214043409,-0.0153939991551329,0.0020858244136126277,-0.01796184815755721,-0.008826944056207856,-0.008274280708177787,0.019435767567864522,0.013077215992548718,0.010155093973347077,0.00747634650902454,-0.024607337376743126,-0.02280877580821103,0.003125269179475733,-0.02728917568626642,-0.01152959802176493,0.021401922501663638,0.0039999674049049205,0.011654551088406925,0.026590765448555938,0.0047256861000275355,0.005135669558697044,0.03226648663452904,1.0,0.030867671972473597,0.012675478388360613,-0.03841230863468585,-0.007077394957691932,-0.016415887657023613,0.012314439968460522,-0.008084575793240175,-0.026764736276242783,-0.02151166039346165,0.014880253928361531,-0.02872416272902353,-0.0027112893935128794,-0.023775611789344148,-0.020573142934711755,-0.024135776682098587,-0.024318815821219097,-0.020721238070875267,-0.017952701087304037,0.02707859405533616,0.03884841361780847,0.015702883667167686,0.004054713467231968,0.009115397565397011,-0.0007401822627984494,-0.004246345236241599,0.012362065652500809,0.02727732087857739,-0.00559824068600442,0.0077981754852687185,0.007174731409021244,-0.01984571783141069,0.005270400661250471,-0.03138623872971579,0.014215905500495408,-0.006979153475880379,-0.006741818506457317,-0.0007367954224519029,-0.03044634831869137,0.007264074374636103,0.008185635931506488,-0.04182865357751027,-0.003215527876805973,0.04232578893163715,0.004364888555542334,0.005050761847477953,0.0019918063909696053,-0.00954681703496866,0.013155991696148537
ERM10102,-0.012223556010892212,0.008608374625722144,-0.012441799888831373,0.010535400129486347,-0.02552425508418234,-0.02891128813729586,0.0012812880348189032,-0.019235859557447898,0.011711725557575485,0.0050467456989207035,0.016915665193721167,0.0028589286304476027,0.0007017985077473204,0.0213467265047085,-0.013111321531637186,-0.01825201164708441,-0.004954024753985281,-0.013460374569162372,-0.047595889478767514,0.008037187578199646,-0.016060572017856854,0.027786263213698374,-0.0036390629779031497,0.03810855201106473,0.029972390203195663,0.028268406486922096,0.00652546162257672,-0.025522584757584788,-0.031130382599863317,-0.015245206567193248,-0.012704489606502084,0.01303902353634564,0.025327908351664475,-0.00029291143263273126,-0.04040731997024785,0.030867671972473597,1.0,-0.025431831598494704,0.010661668690294127,0.0073134368938894394,-0.02977120948719756,0.007015398951084423,0.03394348201604819,0.0095394654159014,-0.020392682170982272,7.43416878464753e-05,0.009768381643828632,0.01920582476141774,0.0015680612906288451,0.021237472460241033,-0.013068768157124482,-0.025362700932738454,0.004105869039328651,-0.020796515790699046,0.03723806455042669,-0.012500730903298798,-0.02803015042334807,-3.885888089023075e-05,-0.0016174876275921303,-0.02270546045774656,0.013122474649737197,0.03214156172214078,-0.005762945060846144,0.010130036404348338,-0.016417285599457314,-0.0035108142569521316,0.0315519682795939,0.03516486300323859,-0.0175915805388789,0.002197823363279974,-0.00895661270517452,0.01321759093527007,0.004254410922121259,0.027415517061207755,0.004195698336953204,-0.016059189680293896,-0.015571630146604686,0.0031616736989579816,-0.008099034087220267,0.006165154230486189,0.020310917729395403,0.017084491162373767,-0.009966932145596796,-0.0018956047849763326
ERM10103,-0.03880869808394903,-0.0059413246264146975,0.0018725768944691903,-0.0051649070108399295,-0.0051072195816395105,-0.008277878090134201,0.02122274538534848,0.018741861875656674,-0.030066529298553944,0.003147394994362888,-0.003510566189061537,-0.01671404499902642,0.016996982610628097,-0.02442866320430635,0.005946949451929625,0.02466870766000455,-0.017148098588657037,0.05129423733337415,-0.006047380732919105,0.028014330493245566,-0.03121064294014761,0.01938351710343624,0.004582475698703204,-0.04386523634853085,-0.030231580388200802,-0.02748700593400526,0.013677228474180979,0.005917015215811964,0.015348692129002792,-0.02169797440782845,-0.004821400909432693,0.028717715565511965,-0.018666921114554164,-0.007808672513526363,0.026922725290278084,0.012675478388360613,-0.025431831598494704,1.0,-0.007452978684251122,-0.005983948531508491,-0.01751791656882197,0.0005446807389740576,0.021163418908476457,0.0007215534840981499,-0.012442308348642264,0.0016142089901378712,-0.005772856964143505,-0.01831190964891035,-0.005095420512803724,-0.008245551354785904,-0.023790939415818113,-0.012538052251948041,0.02517008215812582,-0.003223547379768464,0.011626935431562974,0.02301350242011599,-0.017117981746280368,0.002169600402288014,-0.004212521366045859,0.03475191693941621,-0.008058806431648372,-0.02955839018951505,0.006788129566489488,-0.014990922744490185,-0.02411779096102077,0.010514867928346522,0.01761356054917694,-0.008336939257054074,-0.02423900261451073,-0.007574309989836285,0.005712601129795327,-0.008812089042767533,0.008668725353962032,0.014632987207918481,0.018411167609452522,-0.046757874051952496,-0.01997982763295795,0.01167966681021596,-0.02756355245566132,0.033359709247859595,0.003132756128980305,0.0023570019856208094,-0.0017824097858175937,-0.005893490132698375
ERM10105,-0.007552962582263215,0.0039415386357006645,-0.02899889126572417,-0.0032612801324727056,0.008635129171626926,0.015038666750962208,0.012198272476775582,-0.0015835031690548437,0.0015440150494734053,0.02558574256054074,-0.02381072908825734,-0.032232538402498415,0.025148789429621374,-0.013161901980594807,0.015676452281155818,0.013308434271378938,-0.002735408520539267,-0.013031640295522437,-0.03188805473641448,0.004056605321212669,-0.031733682147996864,-0.002256222411686749,0.01288156688167735,0.05579710992199471,0.003593252060543001,-0.009342997627287172,0.0028215662995516627,0.007774603772754953,0.01394559844082218,-0.011850163051694064,-0.028594979890060736,0.003709134128406579,0.014272482786924973,0.015877849361456614,-0.00808721635533044,-0.03841230863468585,0.010661668690294127,-0.007452978684251122,1.0,0.009787059695675658,-0.009568229637212065,-0.050503667976944264,-0.003771405755195594,-0.0020125386164338522,-0.005893259003111713,0.01133157738896951,0.02901672587721313,0.011125417766200392,-0.030854040858349422,0.002549745774666904,-0.01168166106542229,0.01698373374256561,-0.01612448284755539,-0.003721717387559257,0.004771180681873984,-0.01478476763003186,-0.04066033678828832,-0.006835666529155399,-0.014122474387475327,0.010641816658853024,0.04094198685816692,0.0003347282581840561,0.022394554991565688,-0.0026490613032128132,0.013020877851001244,0.014054065867049053,0.007037035845003368,0.009286169199128435,-0.0007403476684333912,-0.02944507021794198,-0.013302288369344368,0.02100659452922831,-0.011957966979750798,-0.02385306932488579,0.017740602435185424,-0.0026356532522579233,-0.01621229295253869,0.02235045001698969,0.046527429315213135,0.0018812152816272847,0.014244813124330116,-0.007152850049177722,0.02491336715619034,-0.02742603057840293
ERM10106,-0.036943269195688064,0.0088626946777341,-0.006726137576379542,0.0059790551564818184,0.013236298023706001,0.003876516728169057,-0.04840041742426945,0.0108052229499439,0.003016225998670653,-0.01709118036670711,-0.0016746637825219908,0.007394797969594498,-0.012660301705137685,-0.0026984464731112205,0.004264478032558989,0.013942555662354342,0.01647916501753502,-0.0007000701829989362,-0.002674997183548244,-0.01945104507198999,-0.02264265670689219,-0.0022258495960787686,-0.013090623703230579,0.006466901278167282,-0.002068833613764083,0.0010671991581701495,0.002239696162722154,-0.023903348685900952,-0.026004090744938427,0.011659860187813313,0.0019139323705367134,-0.00805894513297351,0.0030496200978997875,0.023945967895445956,0.015768288965733585,-0.007077394957691932,0.0073134368938894394,-0.005983948531508491,0.009787059695675658,1.0,-0.025844725861607857,-0.005766650538417453,0.018271052313911774,0.01684465241888928,-0.0005252962694602088,0.02808621276624921,-0.0015271804940221515,0.007225775736847471,0.00018262755946188674,-0.014705234282734653,-0.03552390399269532,0.02756840972719008,0.0011685248719450693,-0.01858143943638432,-0.0005660706200520518,0.0021788150111897047,0.006091422118468808,-0.009801940459463285,-0.015788188391689655,-0.007196860337568004,-0.012429497224297556,-0.008209580461930807,0.00950669909257066,-0.008523460269389183,0.021337630178920517,-0.040214827058307916,-0.022547267838393937,0.005632629494294068,0.00321075690625746,0.004115010422938195,-0.006841279425729724,-0.031694089592416715,-0.00865688762968568,-0.008164605206082858,0.013557351167457626,0.021664816246401326,0.02828189437226994,0.014370290609500541,-0.03981632867986669,-0.008848689069371807,0.0018580739959991413,0.008944309833134855,-0.020541235385274616,0.010336403039509843
ERM10108,0.030007743293466876,-0.021888866036520713,-0.0017815785733796344,0.01975361220338881,0.012705934457760224,-0.051123558582597796,0.015284099652815256,-0.019065819981988048,-0.026484589398524074,-0.009036192266098227,-0.023007398182181567,0.001360791777516298,0.00881207737060864,0.014386838940063075,0.026226123278214927,-0.02098458504065722,-0.00045018127334491763,-0.013827067103801738,0.013460645519547147,-0.0021584440462252058,-0.009141442739904462,0.00010599182663714617,0.017246172943901003,-0.0003691954287535596,0.03312327677270658,-0.0336296020976082,0.031680420661935216,0.017403473687165792,0.03285521592624234,-0.0013078896542549736,0.017271470232364743,-7.818548663862989e-05,-0.01862421121848332,0.009131668378542715,-0.011355133473113824,-0.016415887657023613,-0.02977120948719756,-0.01751791656882197,-0.009568229637212065,-0.025844725861607857,1.0,0.01124618105943363,0.014866398769938668,-0.008641300316485747,0.007277397428357267,-0.017530068504618506,-0.009343857688859071,-0.04993797673569081,0.002761395387176322,-0.05944574172901404,-0.004803598258811949,-0.024665295625798125,-0.01232037207865041,-0.021431451256767566,0.014445488043482113,0.0030051310462059938,-0.03501955160824064,0.030680852744426664,-0.01859137136163399,0.020158001474340076,0.0042282883968397834,0.006531505416518608,0.012704633905589544,-0.044254553694071115,0.00435575345742198,0.03925439714207904,-0.006621080210081326,0.020707157706255662,-0.017659608190181954,-0.015233619688369796,-0.01636632423799039,0.013287198292975899,-0.018041011173458837,-0.02730186420233759,-0.0072660577278869775,0.0035576802851546335,0.01184283243840416,0.006506377607917319,0.008388981500884445,0.034399339752787646,-0.03237161460076263,0.002489385235180921,0.005164715673288974,0.024390321180851507
ERM10109,0.017144083674842027,0.01842054123951737,0.013425604054169999,0.010999144143807772,-0.026722329184249494,0.007697014004490803,0.0016716272014273936,-0.0005832768413570837,-0.024104068127404035,0.007330503838460234,-0.03317114532264385,0.0018799621986780926,-2.7907863693838826e-05,-0.03352784947462066,-0.03449680404911731,0.022768103728411898,-0.0017484906303686801,0.0037590995313237325,-0.030618989370351193,-0.024226001319694625,0.020065276306044454,-0.018416418991632145,-0.001298719013212747,0.02329254403123469,0.014224489658838949,0.027783662449023933,-0.008167859978190906,0.0006053246788723861,0.0025039262673935882,0.019387277266976546,0.019154926945329366,-0.011252007748892769,0.0071146773206456435,0.0033384604959597634,0.012347345244092799,0.012314439968460522,0.007015398951084423,0.0005446807389740576,-0.050503667976944264,-0.005766650538417453,0.01124618105943363,1.0,0.024097826208528034,-0.03705652750829621,0.018742065560096357,-0.019405962868039812,-0.0054092330827191825,0.01214159344652283,0.03035790571693287,0.013736980175552754,0.0315843251139862,0.014327021492098167,-0.0035806898929746337,-0.017721858465619973,-0.012113641631059373,-0.04218293871512291,0.007853606756945252,-0.005955253553124576,0.04440248410802478,-0.021114284032977507,0.015106025758520363,-0.005349142086009041,-0.01415057646093702,-0.013184756082849032,-0.005814797404764688,-0.009775933162465292,-0.03451556002271779,0.0011681951110814528,-0.02960561561520209,-0.0069349644538840875,-0.008728743183365948,0.009288575527598108,0.01063430257155432,-0.020879683650387178,0.011339556302409117,0.02104294380661181,-0.008241571289419838,-0.004268854938188846,-0.02833227759371281,-0.0047181519870844076,0.019664260057277966,-0.0061587472874984105,0.014212136773807586,0.02546673847469847
AUD10102,0.0026817075425054483,0.0033910924217549327,-0.021818584522755084,0.02001617454647844,0.015772261944398448,-0.02933136400135981,-0.019737870247412657,0.01991548791700684,0.015901773589741812,0.00315440625666383,-0.003997522931132005,-0.03136744386285514,-0.0022394081040857765,0.0015400685440903397,0.005964138897048967,-0.005405370717510134,-0.002177636744795387,0.012089771765962685,-0.028381127331021595,0.019433543313816075,-0.017317474100055158,0.022949766907961456,0.01828622381583368,0.010697330151294617,0.00539889191714877,-0.026820625127369477,-0.001799476185960759,0.0033751518959308333,0.036520867198749,0.0147432697259914,0.005408611899644202,-0.018867813061627395,-0.01637019260136074,-0.010755137005526673,-0.020543246975336833,-0.008084575793240175,0.03394348201604819,0.021163418908476457,-0.003771405755195594,0.018271052313911774,0.014866398769938668,0.024097826208528034,1.0,-0.0031306302874039705,0.01744732798732274,-0.011672815001868219,0.010399482966767825,-0.0011033264500410716,-0.010060066127748853,-0.00567639574457759,-0.02284496583852293,0.008464939039387363,0.011895024466407746,-0.005982684928511278,-0.010848434050232829,-0.004136091809227852,-0.026718847878130027,0.006670650260020844,-0.007553915531542738,0.01339603605192459,0.013572552822890218,-0.01557328498836661,0.019679145269087695,-0.017093313274642315,0.04425888477981195,-0.0018224734973348064,-0.029314873600916138,-0.026602487386038095,0.007749694439595618,-0.0027439225701365727,-0.053713175906587904,-0.0037047165717940763,-0.006487324791856557,0.00780808691162176,-0.00022047678492266215,0.025878031661857565,-0.01167905636349482,-0.010200875090860085,0.011473781400484042,-0.00866913943690718,0.019955335157856895,0.01393425429630021,-0.023421750234295043,-0.007756222038381522
AUD10103,0.02760292757707704,-0.008702559154900083,-0.014150655733926338,-0.03758292961844822,0.0007390116197746685,0.0249417759049945,-0.027796997105861164,-0.016000942790664833,0.011316065381507019,0.011761796418880244,0.03897918841775144,-0.008009031978387792,0.020593181085604238,0.019014289003814355,0.01045837379900459,0.017848510533991738,-0.004164361968478047,-0.0224918775500717,0.002394201555857434,0.01270583528580881,-0.041618855609277396,-0.03994661528425824,-0.034250410530175635,0.028538259923952806,-0.0034015396522155458,0.001664148488178086,0.024464944327101962,0.02569022363294554,-0.037047933165883375,0.03326409754638578,-0.0076714171853584255,-0.00987467626075025,0.006148979351811981,-0.003756019390104703,0.019480554091423272,-0.026764736276242783,0.0095394654159014,0.0007215534840981499,-0.0020125386164338522,0.01684465241888928,-0.008641300316485747,-0.03705652750829621,-0.0031306302874039705,1.0,-0.018176011269078137,0.010342390704207912,-0.025379463119325766,0.0024492996791569796,0.003759676030035059,-0.0037153950910174508,-0.04021504730371896,0.013363152622604051,0.004727534569096294,0.013972452996506748,-0.006822962974177736,-0.001370128191359743,0.02101268686387361,-0.02230317626502386,-0.02706953936964402,0.006392451092605132,-0.009702005278986318,-0.026512582812224447,-0.01157860320755315,0.05585902486837254,0.014254114803632907,0.009116146588008654,-0.0004620360157059036,0.006232929603944857,0.0032888902913904253,-0.02732644799300264,0.028413950036903942,0.009412735165525038,0.008836498675079671,-0.019407082661948887,-0.011701068982125947,0.003017376904094183,0.00440331394884636,-0.005391001513801109,0.0001330557727380529,0.021390343637695864,0.0032109279852222177,-0.02802402062943693,-0.022277852974904096,0.006696215471047611
AUD10105,-0.02841618344686017,-0.0080700578666728,-0.006737961118684293,0.012863534381928976,0.009516920237919535,-0.012632704628917961,-0.01186104566200272,-0.014631800128366027,-0.018434022001185574,-0.003912497255498329,0.006589069725168884,0.015110790388619814,0.0016694609134841939,0.025137776199342477,-0.015823156926845418,-0.04114622189003214,-0.021837218046297686,0.003033651103373184,-0.026493092536154176,-0.012475911592792547,0.03203189589290083,0.02688792690593604,-5.1827175637048156e-05,0.039661561265656765,-0.031039013418740977,0.006703544638483463,-0.01579040647139834,0.01983992163777579,0.01882490991107357,0.0004037265043946506,0.0003980209211398232,-0.008527691330135617,-0.004784981111953898,-0.004011590684374675,-0.00844546771681093,-0.02151166039346165,-0.020392682170982272,-0.012442308348642264,-0.005893259003111713,-0.0005252962694602088,0.007277397428357267,0.018742065560096357,0.01744732798732274,-0.018176011269078137,1.0,0.02557714457937157,-0.005558955122108551,0.00023197234831783903,0.030375422372150535,-0.00961501621777298,0.02401890978302958,-0.0372908820590031,0.012653547619593256,-0.02320159910215386,-0.017852696397300655,-0.01658155308148381,0.01293706651408685,0.008637960349011735,0.017290624566410024,0.005820542002816387,-0.028447407029477276,0.01797671480581469,0.058904189033600056,-0.01169566038928409,0.033514173081885874,-0.006640394410238291,-0.009619035760401922,0.018164214112476446,0.019429054251060313,0.0011536681573953384,-0.04517761866856726,-0.030045714231739993,-0.0031069303003723827,-0.032542129399163296,0.015120455195053574,-0.007772739604806362,0.003534787752146243,0.01568923097957478,0.005328659333348112,0.005352137022945721,0.0076871066875246735,0.016923275586053575,-0.01995701473427752,-0.020133350718321164
AUD10106,0.0196668207501836,-0.008454512640094237,-0.019528021042850226,0.0027113867165703505,-0.008824970031210938,0.019108704661075303,-0.0016742015304921744,0.007710493791184702,0.03518992450625811,-0.022564535321909135,-0.0305591285077664,-0.0024133886782826226,-0.014361633021327255,-0.001837065708457145,-0.027642808157961673,-0.01751126533120938,-0.006372035100379172,-0.0362286603075175,0.016018202026104073,-0.006670939588527486,-0.009909462177243394,-0.02103751177858393,0.03956046058766008,0.0017843595557082063,0.005624380644552646,-0.0017183991315270347,0.004375320549021493,-0.0095590162704916,-0.0029440152640384863,-0.027652498284295838,-0.006198829333834893,-0.015848047478632867,0.04482060482771504,-0.047623749759293316,0.012926176879457373,0.014880253928361531,7.43416878464753e-05,0.0016142089901378712,0.01133157738896951,0.02808621276624921,-0.017530068504618506,-0.019405962868039812,-0.011672815001868219,0.010342390704207912,0.02557714457937157,1.0,-0.012430340184720026,-0.001106752228682807,0.0004126777580233554,0.016919649977193463,-0.016349639150606568,-0.009265179880637646,0.016965192300232388,0.02719052647482296,0.023844748957260704,0.01674466356645669,0.008566597547989285,0.0058133085380239645,-0.027162961409256236,-0.0063305672628748855,0.013181435395445407,-0.014603168894139387,0.022336551394591512,-0.04201779053536901,0.006597339050826252,0.01659537031747696,0.020631256247185845,0.006543431960677178,0.0010648061537687796,0.01970340650254609,-0.01952469888276469,-0.024783205401683116,0.02433823707888495,-0.034889852024125326,-0.0025948510678379536,-0.03043315958957565,0.021286801947107876,0.000660635398106186,0.015592645314567817,-0.019158476362572185,0.006466111975245253,0.017084722175126587,0.0257713728763086,-0.00841818202778417
AUD10108,0.03786769199501918,0.0067539857682421284,-0.018563827647862893,0.0037569487293233526,-0.008572373191365997,-0.00831169237487574,-0.021693420618783387,0.0013303653612045567,-0.005666864451277436,0.0033410561594557236,0.005553432299747645,-0.030002836286250403,-0.016460178314337603,-0.005403092211567625,-0.0002910936399204148,0.008413864396312571,-0.021953115250706444,0.0022857065754331796,-0.007242299010465525,0.02196122882494732,0.02145501645273386,-0.03100971469717198,0.011306855702938538,8.336903076040507e-05,0.00510305287580214,-0.018252123277247335,-0.018777127499588903,0.003538784798238492,0.0037114144733215613,-0.02307238539574408,-0.01167309441616385,0.00980620118219801,0.016676752136352953,0.010274766843662186,-0.028726134548839162,-0.02872416272902353,0.009768381643828632,-0.005772856964143505,0.02901672587721313,-0.0015271804940221515,-0.009343857688859071,-0.0054092330827191825,0.010399482966767825,-0.025379463119325766,-0.005558955122108551,-0.012430340184720026,1.0,-0.025661438252060676,0.019948781574364697,0.02269725298436696,0.019802230062419404,-0.0017804879594627528,-0.03677455780843807,-0.023108731663031404,-0.020803454314032653,0.0029629022238781056,0.025959816917193766,0.019036619420694657,-0.013859403013896689,0.006842925241741326,-0.008648497083131753,0.023676907097146416,-0.017927536013262076,0.013531706845800868,-0.009165770750282036,-0.04983831195960627,0.005016888580407527,-0.010883294829486228,-0.01123566225387121,0.0035584221763340536,-0.0016873400292842296,-0.0032591459110360857,0.005343120990337869,0.023452069609604206,0.007930427927050038,0.013170398520047312,0.00963518862176063,-0.002865848430253152,-0.014954090665331798,0.01637261829025888,-0.015103876165638049,-0.0034282240280191743,0.021382033868032408,-0.02781993653733846
AUD10109,0.02280198127738627,-0.042604744842939746,-0.010429665407225033,0.0025965977101904537,0.008440048422213142,-0.0298506839072881,-0.04030669328289709,0.0002965375496348162,0.00861325000642429,0.004298240424610735,0.02852073661218808,-0.0030471193364443416,0.007296561174030719,-0.05635434813914193,-0.03735663791387999,0.006901806767366068,-0.025398742752784052,0.00597855825633472,-0.0014795786869315054,0.011770409171413266,-0.0037208360715791184,0.021291113702417975,-0.011567479870716239,0.02550102238409186,-0.004587289971198158,0.01791633322799171,-0.016980603279947132,0.03158235482292464,-0.016353959258345582,-0.0015616252282688668,-0.004711391736519383,0.04444871174985585,0.0005201656842073436,-0.007038835093305587,0.02368711517694673,-0.0027112893935128794,0.01920582476141774,-0.01831190964891035,0.011125417766200392,0.007225775736847471,-0.04993797673569081,0.01214159344652283,-0.0011033264500410716,0.0024492996791569796,0.00023197234831783903,-0.001106752228682807,-0.025661438252060676,1.0,0.006175540717947838,0.00012713671044453471,-0.01219007626551837,0.02403242993973018,0.00772339079210404,-0.016063485192476884,0.00901682155589564,0.035989943640587656,0.028066343663759374,-0.009378396334604265,-0.028046413088857722,-0.021403566628833064,-0.019308247540547826,-0.010399904325266614,0.021955401433732338,0.014449177585676395,0.000400955986368122,-0.02862479333441178,0.023247876177589315,0.007716822021690117,-0.004174271675264783,-0.015195505879295827,0.028047042925666718,0.002580136496370878,0.008951375954084732,-0.010646718256617614,0.018672828027570035,-0.01451047065020792,-0.010511443380510941,0.02926620540797568,-0.018935652446425425,-0.03245304195528002,-0.017757406202964638,-0.0221469459246517,0.039205495775935094,-0.01073292470980132
POL10102,-0.0034493873522454892,-0.01393066467260267,0.016547338743561485,-0.019026085434676248,-0.006379631150908414,0.042491894665165765,-0.020926021730075958,-0.008929843834954373,0.002570480567972953,0.03886423076900725,0.0026921522111136627,0.01619450494453378,-0.009291976823543716,-0.004328728905473518,-0.019497801899745922,-0.008470721545098963,0.008740224234064236,-0.016213423894115703,0.027947629312762023,-0.009576363191311062,0.003621990892278015,-0.026603403339864596,-0.005364151020597901,0.03127525972517043,0.0037215448691060703,-0.015643376206429357,-0.0011332015256136745,-0.018766309344774156,0.012325363126770726,0.005575212031551648,0.02517399792246957,-0.014538553469635236,-0.00041054861421390863,-0.03867204282864983,-0.0015189727059128216,-0.023775611789344148,0.0015680612906288451,-0.005095420512803724,-0.030854040858349422,0.00018262755946188674,0.002761395387176322,0.03035790571693287,-0.010060066127748853,0.003759676030035059,0.030375422372150535,0.0004126777580233554,0.019948781574364697,0.006175540717947838,1.0,-0.01135025221285696,-0.00031795933323237906,0.005319233187115896,-0.005818289670896218,-0.007621320383274133,0.0015842861130570898,-0.008911743494437428,-0.0033977115602101125,0.021259667065969257,0.010602630517576976,-0.012709067464026232,-0.0060479507999411895,-0.01709710266041506,0.0001489895548627736,-0.010195988501736048,0.009347201233374215,0.0064969933405494545,-0.006693468485946419,0.004006835066070921,0.024809403988128774,0.010814945230399747,0.012693462177287323,-0.0038949927546823365,0.01864313670655835,0.002233040720147347,-0.00460111077269741,0.009935524412651532,0.008618810231122391,-0.001933121528705164,-0.034391677982611564,-0.015647843895939,0.019843234321312336,-0.005195703342445157,-0.005614408686967977,0.0006245436852806342
POL10103,0.00869401542196535,0.03821632403533225,-0.0101021440437277,0.009500933843768848,0.0012545737811366798,-0.013468318237940055,-0.017040232929933712,0.019856266279764605,0.009703661819622358,0.023913535344842533,0.003115332211765561,-0.014406625861451042,-0.01143147523031014,-0.028519237899229753,-0.0015035808600682371,-0.003601129523505808,-0.0027939652916491794,0.03299310759887137,-0.005886904550105791,-0.014456372962279317,-0.012186057355899976,-0.004980021253969283,0.012704997498150988,0.00391495057793854,-0.00883821483321559,-0.007267809824012518,0.008784725442367919,0.029654637809532865,-0.013051893347269923,-0.001173023901712102,0.003367761526254265,0.005058577249485968,-0.01160505440243709,0.04605247478532403,-0.008960977787853876,-0.020573142934711755,0.021237472460241033,-0.008245551354785904,0.002549745774666904,-0.014705234282734653,-0.05944574172901404,0.013736980175552754,-0.00567639574457759,-0.0037153950910174508,-0.00961501621777298,0.016919649977193463,0.02269725298436696,0.00012713671044453471,-0.01135025221285696,1.0,-0.017628682025428315,0.008052147120325696,-0.026999434663726483,0.03083514349676014,0.01597821667431395,-0.013058574626938865,0.011860700825546671,-0.005849570863179658,0.022268680468794256,0.01756830018925112,0.017982842895690552,0.015572466372728312,-0.0038703998247833185,0.022372452795953117,-0.025528984064985553,-0.014457063946582084,-0.012062327882990751,0.011300794687147423,0.016400053046933594,-0.000854891357507162,0.02090809279651565,0.020136747042957676,0.00915622274878028,-0.04430225934469913,0.009317397697990311,-0.004056055444055034,-0.025521283965688348,0.01821934410848916,-0.021926966131752993,0.009897387567025991,0.0008880402362647242,0.022315908947086422,0.009037058403617747,0.008239846666975957
POL10105,-0.02555333934968161,-0.02530374864229624,-0.0127933804223838,0.0036956165496119116,-0.010662389421646596,0.021719827786935465,0.01714108121442675,0.0020305952644716005,-0.004266923390924204,-0.005785207122702585,-0.012601847080906357,0.007826268256423297,0.0045177877184160225,0.039189125125759165,0.006304959594369524,-0.004482337842900127,-0.02897217828348211,-0.013286544563452265,0.022737174818601543,0.01914737981302375,-0.007195998709542139,-0.0015485848004062194,0.029294679191562485,0.02837833723236379,0.00018330796291037097,0.002537093745408184,-0.028030281397290618,-0.03695144570949645,0.0036540053321757675,0.02095995892103085,0.01114347754951779,-0.01415540182464939,0.003266022250914018,0.019312099640845373,-0.018040563772831773,-0.024135776682098587,-0.013068768157124482,-0.023790939415818113,-0.01168166106542229,-0.03552390399269532,-0.004803598258811949,0.0315843251139862,-0.02284496583852293,-0.04021504730371896,0.02401890978302958,-0.016349639150606568,0.019802230062419404,-0.01219007626551837,-0.00031795933323237906,-0.017628682025428315,1.0,0.017072536751045194,-0.015006067934373271,-0.019190622977988896,-0.008428088964343002,0.003499107593310126,-0.015699967014249725,0.020806758347832473,0.015438968846782097,4.263493738108343e-05,-0.027551414856441327,0.0263254314931104,2.0430985633171616e-05,-0.017182390212744116,-0.04265033911110697,0.009966931006772225,0.007177733381134423,0.02469161572043514,0.02559884949474523,-0.001551517739059365,-0.00047813013647207356,-0.0317673140125863,0.006373883460972654,-0.032485714371205975,-0.0322088498641801,-0.0016820216542072827,-0.014335051256955288,-0.026994132839176177,0.02047937931925406,0.011294878790309609,0.014833046720948135,-0.03281377670488891,-0.009280072385439122,0.01531705058018089
POL10106,0.004632096243114565,0.017418014473252114,-0.025739780926151958,0.009490531333556117,-0.004854512287424936,-0.00436066351566038,-0.006677784568692244,-0.003284050036131091,0.004836901246075657,0.028108501139603573,-0.01727760085418499,0.012166423848125898,-0.022032800705095605,0.0032361769020667268,-0.007270789434969227,-0.02183571235109948,-0.014545218891725201,-0.008360995939691414,0.006107565337448787,-0.020150748109581597,-0.00881930112004445,-0.014524086780567049,-0.016957774202716134,0.003121272309738683,0.014651178554523088,-0.03225564016906638,0.02221680111777988,-0.031402695354415644,-0.015178258514813801,-0.024901782615492033,-0.015630574190259264,-0.01183821352278418,-0.013593346567294554,0.03197871176984827,-0.010969690370821608,-0.024318815821219097,-0.025362700932738454,-0.012538052251948041,0.01698373374256561,0.02756840972719008,-0.024665295625798125,0.014327021492098167,0.008464939039387363,0.013363152622604051,-0.0372908820590031,-0.009265179880637646,-0.0017804879594627528,0.02403242993973018,0.005319233187115896,0.008052147120325696,0.017072536751045194,1.0,0.0033874410620556876,0.012087175820619557,0.003920774729598662,0.028866090917590483,0.0058691917489755475,0.01303550883258232,0.014843840573472615,0.01350930523044717,-0.021054359022730063,-0.023085365293748786,0.024590975614852538,-0.017918850314438392,0.001731567800989102,0.019407020888483843,-0.020299960689139872,0.007650764347051985,3.343828570388104e-05,-0.008935670784814364,0.014621078989603714,0.01450871803575262,0.028970424676595406,0.03212759845966603,-0.007045414310343676,-0.0438512511184231,0.01704269027282894,0.0005460855872235613,-0.0659916462572626,-0.0048555093937740395,0.02236413564404222,0.003110230074689577,-0.02510296444053579,0.016022610120268566
POL10108,-0.01922388851886816,-0.008543032390584817,0.013110285982911796,0.037457419176334265,0.011385777185210905,-0.004368338652603888,0.022816337652096213,0.025938117694286236,-0.01888581980913986,-0.023735055209684636,0.020225253434274004,0.01008263738029843,-0.02013404308911538,0.009435249311431797,-0.01643014593936678,0.002138798267725713,-0.029391137976873948,0.010665852078945411,0.001416988097680536,-0.011209827074514733,-0.018844324834099077,-0.00427554385977401,-0.011469174180544094,0.0015244603393579303,-0.006979921377821007,0.004507612993444186,-0.020215561820310986,-0.00540989494625715,-0.015249826683431266,-0.03386048694365407,-0.03541102263423947,0.006866877820523426,-0.010405176417076079,-0.0007015933169258441,0.01209030879413654,-0.020721238070875267,0.004105869039328651,0.02517008215812582,-0.01612448284755539,0.0011685248719450693,-0.01232037207865041,-0.0035806898929746337,0.011895024466407746,0.004727534569096294,0.012653547619593256,0.016965192300232388,-0.03677455780843807,0.00772339079210404,-0.005818289670896218,-0.026999434663726483,-0.015006067934373271,0.0033874410620556876,1.0,-0.015048278939095428,0.028649053306550876,-0.014798084660473863,-0.009258137693757117,0.02099986767828121,-0.007145813553500376,-0.03449834209264987,-0.013302218010206703,-0.014186198724810249,-0.0156381949159539,0.01989468913390442,0.006787429010645715,0.01364557850129215,-0.005446071075395944,0.0028147650989439016,0.021383613655001042,0.0017652180067560242,0.0007039534344429099,-0.015948914539072108,0.010434191750877243,0.001284077554674038,-0.008985598063529715,0.04483097063144577,-0.017009801379117822,0.011772575822628048,0.02133189064749309,0.017009445822268092,-0.017437132883031923,-0.002982652728765219,0.001028421389938631,0.03467729043236794
POL10109,-0.00883806363970989,0.0030332070579874564,0.04309783901777685,-0.012819355070665082,-6.703102091863816e-05,-0.013762652931876767,0.0024749546846428946,-0.027736907120815037,0.016617107476254916,-0.0020486923115915646,0.009965728387707198,-0.01279798173468465,0.003271805145548269,0.04224402095238252,0.03018136628362758,0.027863441349987375,0.030091187910798203,0.005270589854000812,-0.031189492975833025,0.00014858185512473944,-0.011754210714468524,0.002651748629996793,0.034737410130454976,0.023202731700702414,0.003959145582912768,-0.021919678032843067,-0.0043830916371154225,0.0029514366082934868,-0.003746603710489244,-0.0226395512819928,-0.01082864279302331,0.023130124886564594,-0.017688704960312614,-0.014305417814246693,-0.02696487343911067,-0.017952701087304037,-0.020796515790699046,-0.003223547379768464,-0.003721717387559257,-0.01858143943638432,-0.021431451256767566,-0.017721858465619973,-0.005982684928511278,0.013972452996506748,-0.02320159910215386,0.02719052647482296,-0.023108731663031404,-0.016063485192476884,-0.007621320383274133,0.03083514349676014,-0.019190622977988896,0.012087175820619557,-0.015048278939095428,1.0,0.004652200336914681,-0.005024765129914613,0.019893339736034434,0.011103551458666401,0.01100625690993179,-0.012794661404047173,0.008286810599420595,-0.005758257037167398,-0.002422126781738852,0.015147471041026855,-0.0018135608105779822,-0.00029672078423178204,0.01718466576655781,0.021181118365092278,0.0025369627725589376,-0.035064212115389105,0.022746416367869792,0.02280760061582911,-0.0021009164202419038,0.012444956684631109,-0.0076584655139941326,0.011597757107473234,-0.01659027596722614,-0.008309470840497659,-0.018711026977320362,0.0009748946795857474,-0.0071564697309319985,-0.004095518594837329,0.013417789573138533,0.008209772898690607
REG10102,-0.00941468554937443,0.006367737382233822,0.036458601711628645,-0.0021279384765255107,0.006792614132327197,0.007381152441443788,-0.012340328030340814,-0.012561065828651491,-0.0342231780497655,0.006956313858156331,0.014191848880074442,-0.003907077298883489,-0.014867985987769094,0.030843602761411088,-0.0033111084805980124,0.004392910744284121,0.002752418857750451,-0.017064996029878567,0.002411397762454897,0.014002810353633561,0.014685234294654745,0.027789265522537437,0.01615924158406157,0.011178684821314238,-0.01173048203164988,-0.008252029712737873,-0.004855145336827742,-0.020466979191960433,0.02016921390709274,0.022367458465335673,0.007752207974060122,0.020791961722758823,0.016306174806158157,0.013926116386932589,0.004817736013000375,0.02707859405533616,0.03723806455042669,0.011626935431562974,0.004771180681873984,-0.0005660706200520518,0.014445488043482113,-0.012113641631059373,-0.010848434050232829,-0.006822962974177736,-0.017852696397300655,0.023844748957260704,-0.020803454314032653,0.00901682155589564,0.0015842861130570898,0.01597821667431395,-0.008428088964343002,0.003920774729598662,0.028649053306550876,0.004652200336914681,1.0,0.02288633126581981,-0.005802130813720215,0.030427855886146948,0.011377673012981775,0.020786931454031553,-0.007919617428276767,-0.03602160834116078,0.012496773866391324,-0.019693135370197526,-0.025410382746106214,0.012943656063769937,-0.036626043742270374,0.023992456730751167,-0.021167092984383046,0.0014843239872142431,0.009615733461766954,-0.01566953961797464,0.030150769536716405,-0.005275624231526995,-0.02521653050878885,0.02175977685062751,0.004721354036513299,0.014864102073187453,-0.03191203606795938,-0.018742944570886166,-0.0039967157419870825,0.040533992943344435,0.01203903608574887,0.005927948715212386
REG10103,0.0012190649472353086,0.0071371622541872345,0.014566143118397011,-0.020018668744726752,0.0025242827721818585,0.002148662426874576,0.0012572202584659527,0.0012456178117193348,0.0037309370941159773,0.0007720912459185902,0.03103258553414782,-0.005498433732519782,-0.027122649155309465,-0.0025214679301837164,0.007870857420097303,-0.001710198543225466,-0.011310126286733795,0.023670874846923404,0.022832848429824054,-0.022500237991299545,0.01027917970619243,0.007620626647198312,0.009053567688209908,-0.04827289401619414,-0.026331162710396566,-0.024794353689722746,0.011214618280560284,-0.02348479429683574,0.0015363840883181644,-0.008848113657675903,0.040383573035465664,0.0172306383698197,0.0054632995328584965,0.003196961519176802,-0.0011434166309034057,0.03884841361780847,-0.012500730903298798,0.02301350242011599,-0.01478476763003186,0.0021788150111897047,0.0030051310462059938,-0.04218293871512291,-0.004136091809227852,-0.001370128191359743,-0.01658155308148381,0.01674466356645669,0.0029629022238781056,0.035989943640587656,-0.008911743494437428,-0.013058574626938865,0.003499107593310126,0.028866090917590483,-0.014798084660473863,-0.005024765129914613,0.02288633126581981,1.0,-0.022831632670845717,-0.032098242429895216,0.006142715405513185,-0.023246580137338334,0.006208179467741831,0.01005928341557715,-0.015061460182349483,-0.02559706515344584,0.0040865540091954014,-0.000716317125598207,0.017948292446170227,-0.01467475146939357,-0.00883003113705174,0.002753614987782329,0.01000823605530355,-0.0031743416481257634,-0.026913538831844885,0.023649892560873437,0.036782391552908626,0.01129127913421905,-0.026733545511164154,-0.01767144595237927,0.008508983798788412,-0.01658374098594735,0.030311765349336488,-0.011363870430224205,0.010218043672946786,0.008182294825162284
REG10105,0.0004131223941396593,-0.008467412315660859,-0.02854489117819381,-0.038073712519265196,-0.02624634224074529,0.01371736114759459,0.00440081220993641,-0.007885431801799504,-0.013422465250363348,-0.007775221375367999,0.005746540526569173,0.004408044482915026,0.019320910488143047,0.008858933014791362,0.004959347721855101,-0.021880127078233568,0.001427931946743159,-0.009366765010695997,-0.011517721721145804,0.011417479627264112,-6.237118806293974e-05,0.0011696191912298742,0.01123730783416131,-0.021038554701098906,-0.018382052784557273,0.005603501948830205,0.004954061320949905,0.010943000646550089,-0.03204269234557732,0.004893460268731018,-0.014543845321749564,-0.0016705989791521232,0.014145850672891336,-0.01007745971099359,-0.02206062958756115,0.015702883667167686,-0.02803015042334807,-0.017117981746280368,-0.04066033678828832,0.006091422118468808,-0.03501955160824064,0.007853606756945252,-0.026718847878130027,0.02101268686387361,0.01293706651408685,0.008566597547989285,0.025959816917193766,0.028066343663759374,-0.0033977115602101125,0.011860700825546671,-0.015699967014249725,0.0058691917489755475,-0.009258137693757117,0.019893339736034434,-0.005802130813720215,-0.022831632670845717,1.0,0.0192109458394749,0.023501528284576096,0.012241778410711989,0.0007756725859586257,0.009225264745869752,-0.021813993123064257,-0.00294511377113926,-0.00012537256913048965,-0.018388030895796294,0.00488065425521879,-0.007260789509134966,0.01000559874297635,-0.010436202940929359,0.012251695888304777,0.04112229212620522,0.014652896011689549,-0.028754358079482845,0.007707978921587028,0.01852953669878131,0.004048570462740054,0.03852872831799759,0.0002233409244003734,0.02026677061552494,-0.007172991478609196,-0.004555903797958277,-0.02333490312339363,0.03143352741412619
REG10106,-0.012193075956231045,0.004323647191930563,0.01742801502152462,0.033263380305934113,-0.026314775275220813,-0.017372763493393603,-0.005707144279797997,-0.007190665487809878,0.0014423850884688855,0.03260961548566936,0.0020836302968014575,-0.01815398445884341,-0.011785877995541965,-0.011455250300293308,0.005149634389613415,-0.003201545873892465,0.016295392422528556,-0.028564967566387968,-0.008689401103483959,0.026463923633780223,0.005169292277195167,-0.027280588520931966,0.002918759219292335,-0.037317115014239975,-0.0006937357128122524,0.0018209173161693893,0.021067432367488603,-0.005870785762648823,-0.0011037091783931787,-0.019255089382071655,0.026982961156295497,0.001365209744415527,-0.004729729652564896,0.02104842934214968,-0.009790924844243277,0.004054713467231968,-3.885888089023075e-05,0.002169600402288014,-0.006835666529155399,-0.009801940459463285,0.030680852744426664,-0.005955253553124576,0.006670650260020844,-0.02230317626502386,0.008637960349011735,0.0058133085380239645,0.019036619420694657,-0.009378396334604265,0.021259667065969257,-0.005849570863179658,0.020806758347832473,0.01303550883258232,0.02099986767828121,0.011103551458666401,0.030427855886146948,-0.032098242429895216,0.0192109458394749,1.0,0.02100700546769167,0.0006805439952775672,0.00927811597755483,0.0008267323700007281,0.0271450738124496,0.015048663093507239,-0.0057255441419784316,0.011476311628754928,-0.021132003373542048,-0.010490494239512337,-0.00441403713294203,0.013636132799536434,0.01205647661372484,0.019711207826928777,0.026963321341328346,0.028737921555767616,0.049393309022448505,0.002872595126851069,0.007205919033743511,0.016780027701161104,0.0185106826821931,-0.00042896480238518894,-0.02914643761605962,-0.007274067012227705,-0.03018717791714102,-0.006119171085340328
REG10108,-0.02732351648188297,0.019165422239829286,0.024880790763580966,0.003908597016110159,0.004171911774194622,0.007855750158423925,0.020871443262880547,0.0008886241704457406,-0.004091868046280892,-0.01445407074779945,-0.01053866551204018,-0.00024243787341231372,-0.03111905225745446,0.01919805314249054,0.010195322938490365,-0.00751042343381742,0.01658112243615272,-0.025370716504271886,-0.023753296768274524,-0.0016948201806217622,-0.0036689948750654134,0.036254689959028794,-0.007464518702376949,-0.011300883523337357,-0.009992828576422646,-0.02672403017911539,0.017238350861930214,0.00883911329752126,0.019554600626201783,-0.02312348549841459,0.03997543752491196,-0.03510574828488995,0.00875976752586721,0.00964157143204368,-0.020868934350768985,0.009115397565397011,-0.0016174876275921303,-0.004212521366045859,-0.014122474387475327,-0.015788188391689655,-0.01859137136163399,0.04440248410802478,-0.007553915531542738,-0.02706953936964402,0.017290624566410024,-0.027162961409256236,-0.013859403013896689,-0.028046413088857722,0.010602630517576976,0.022268680468794256,0.015438968846782097,0.014843840573472615,-0.007145813553500376,0.01100625690993179,0.011377673012981775,0.006142715405513185,0.023501528284576096,0.02100700546769167,1.0,-0.0026825838065731786,0.0030046641778311563,-0.01085486144818505,-0.027774633341392026,0.0467296675369924,-0.008825013833722273,-0.009993489768000385,0.001223033855359051,-0.014483993606290857,0.010180060840559326,-0.009971314757722616,0.00898829649875168,-0.03805238873714406,0.0030720539876240016,-0.002830027509776137,0.036231839371113655,-0.031072737748160772,-0.007176531729185313,-0.006838527703289098,0.011832937202159723,-0.0037034273514432825,0.0010194387921189747,0.04663089442151098,0.021505893879542583,-0.010935006909686549
REG10109,0.006289210295482099,0.007841832495243216,-0.012575206163030404,0.024114800690980924,-0.01638763498098695,0.014209000315393574,0.05231463644941046,0.018342382114892374,-0.021836082456082477,0.04307491616707102,0.006415205594469334,0.023875684580072564,0.013308658771735489,0.028989821736944314,-0.0034892868665415537,-0.0009564310590620422,-0.004329533290421327,-0.03293579688318579,-0.006279517358120279,0.03189667161948692,-0.0011084249853520439,0.008119207189302827,-0.00633284815462086,-0.002826332201431082,0.017199093975037306,0.014760008837068305,0.007741259522410337,-0.014853595008154183,-0.03236799604527107,0.023626686866340344,0.002353045453217723,0.014049836922144336,-0.01131995887486209,-0.013751052297767533,0.002842299376925017,-0.0007401822627984494,-0.02270546045774656,0.03475191693941621,0.010641816658853024,-0.007196860337568004,0.020158001474340076,-0.021114284032977507,0.01339603605192459,0.006392451092605132,0.005820542002816387,-0.0063305672628748855,0.006842925241741326,-0.021403566628833064,-0.012709067464026232,0.01756830018925112,4.263493738108343e-05,0.01350930523044717,-0.03449834209264987,-0.012794661404047173,0.020786931454031553,-0.023246580137338334,0.012241778410711989,0.0006805439952775672,-0.0026825838065731786,1.0,0.018820983717641022,-0.001492609574575513,0.009824017885818334,0.03222734386181354,0.014704841119422532,-0.0024176430337598323,-0.0232120906774022,-0.01934112789724962,0.020556813162441786,0.006116412973091148,0.013656380131989602,-0.0230735284732568,-0.025827791829266006,-0.011919487852399059,-0.00649200729129421,-0.042627485920820225,0.0037194146109594903,0.004253034690439956,0.007625834510770995,-0.013754961168862644,-0.023553202096189718,0.021313225483744615,-0.02863186235404697,-0.033441427926152664
ETI10102,-0.03558044298482541,0.0030582227827857383,-0.02731925250329887,0.046481148952196856,-0.023456298151189655,0.0014271191908371752,0.034911962772966945,-0.0076356545301994,8.168801105634592e-05,-0.02321941695028787,-0.033348509689905284,0.01621779846500538,-0.006739150551762873,0.015708637007524708,0.018931626807131927,-0.019795433880230678,-0.038385531644376455,-0.012064162735447845,-0.028542082268344718,-0.009046559581229878,0.017526328988118695,0.01533343457813381,-0.0012655909230481243,-0.002816385749976836,0.025530842581818477,-0.023218146814169074,-0.010003662586630817,-0.0070809775622067755,-0.002419512196475329,0.0011258968338248288,0.010871084236706475,-0.004192336390218025,0.012610507867328442,0.013479646735804016,0.015557286392762918,-0.004246345236241599,0.013122474649737197,-0.008058806431648372,0.04094198685816692,-0.012429497224297556,0.0042282883968397834,0.015106025758520363,0.013572552822890218,-0.009702005278986318,-0.028447407029477276,0.013181435395445407,-0.008648497083131753,-0.019308247540547826,-0.0060479507999411895,0.017982842895690552,-0.027551414856441327,-0.021054359022730063,-0.013302218010206703,0.008286810599420595,-0.007919617428276767,0.006208179467741831,0.0007756725859586257,0.00927811597755483,0.0030046641778311563,0.018820983717641022,1.0,0.0030843477109699802,0.0028441055616945116,0.008833538318503744,0.003752399225307154,-0.019888342079863595,0.017423027598341544,-0.0041967577573258745,0.0219214356983534,-0.004307425834247701,-0.0047801081473608665,-0.016653947990056626,-0.00917186594654881,0.0090915551057329,-0.0044471413278034675,0.03169281301201144,0.021738596237355315,0.01414178100997854,-0.013035535113132948,0.023878767778719362,-0.03410968616460235,-0.018188446357428754,-0.011222697398970962,0.020410383393925233
ETI10103,0.007354027793233942,-0.009249075555369562,0.039563754625640095,0.002465832383561227,0.03991782318274694,0.020467069269923453,0.00847291395472635,0.016935009213119665,0.013272418425652428,-0.005525091327239488,-0.0007694093506646946,0.010912211135717527,0.002798554455944883,-0.016793129549376194,0.0039167736350137206,-0.004110862186144421,0.0007239907883049679,0.0005669986898840045,-0.01603976811729076,-0.013264393046124905,-0.009729802723877388,-0.006027068200834254,0.042967330009050286,0.005064540621721955,-0.009849814952368944,0.005886572332598872,-0.013037276174178058,-0.00831657977548647,0.0011023463104407171,0.013824962931028398,0.044193529384363064,-0.011525281689226282,0.010733078367908043,-0.038098088807064154,-0.009259954120101633,0.012362065652500809,0.03214156172214078,-0.02955839018951505,0.0003347282581840561,-0.008209580461930807,0.006531505416518608,-0.005349142086009041,-0.01557328498836661,-0.026512582812224447,0.01797671480581469,-0.014603168894139387,0.023676907097146416,-0.010399904325266614,-0.01709710266041506,0.015572466372728312,0.0263254314931104,-0.023085365293748786,-0.014186198724810249,-0.005758257037167398,-0.03602160834116078,0.01005928341557715,0.009225264745869752,0.0008267323700007281,-0.01085486144818505,-0.001492609574575513,0.0030843477109699802,1.0,0.005669063105665289,0.000894171343565095,-0.053009602734941784,0.0410592141491467,-0.009796674929628615,-0.028251106450089554,-0.0027602366630354045,0.018498941552260034,0.027793768384042395,-0.003573440462146211,0.005761319502857723,0.00902853987573681,0.023509004755732033,0.009364866268743952,0.0011859423714792269,-0.007963372551380696,0.018154272558632233,0.013751630968344116,0.014483163841492938,0.014298851256369448,0.027007477130341753,0.006017808486153452
ETI10105,0.026733157501754947,0.01990857142982335,-0.009210826572490656,0.010473575210122193,0.0012476258020759968,-0.002840871340817795,0.011395166248530214,0.026289047270139913,-0.015034718206564776,0.01548413752142006,0.011349750562466633,0.03126053104832553,0.007079343197070896,0.004569801813503455,-0.016595810469042,-0.009714274821874112,0.010942598498170628,0.00037816509692242497,-0.018013095249645273,0.006558044319714813,0.017780351609639315,0.012481412363886184,-0.0015374904896370194,-0.0050547672615079906,0.0014598547971314965,-0.002078064952817054,-0.03772053613679595,0.007862401586579606,0.016008786639379206,0.005007560670897316,-0.023683780751639093,0.008917762559769117,0.004438130771041004,0.0025054119787716405,-0.04519941300231794,0.02727732087857739,-0.005762945060846144,0.006788129566489488,0.022394554991565688,0.00950669909257066,0.012704633905589544,-0.01415057646093702,0.019679145269087695,-0.01157860320755315,0.058904189033600056,0.022336551394591512,-0.017927536013262076,0.021955401433732338,0.0001489895548627736,-0.0038703998247833185,2.0430985633171616e-05,0.024590975614852538,-0.0156381949159539,-0.002422126781738852,0.012496773866391324,-0.015061460182349483,-0.021813993123064257,0.0271450738124496,-0.027774633341392026,0.009824017885818334,0.0028441055616945116,0.005669063105665289,1.0,-0.0029421983496216854,-0.03242305423536036,-0.00035292208461503257,-0.030426204670489815,0.013537668780576575,-0.025625889476935563,0.0011982443647295014,0.019243087504839083,-0.04269455956847407,0.00037544215340549255,0.012874075492506262,-0.007719009362451034,-0.023986908685435578,0.02091345657710949,0.029573289463346766,0.01158014822947722,0.03497379384814853,0.010883515864382867,-0.010325423919633543,0.020128564586328876,0.028276724997758625
ETI10106,0.05272519395016463,0.010656235093296792,0.0037874923951851667,-0.007689705716089664,-0.00839878689093978,-0.03195302313093224,-0.029763676831019076,0.007604519377349577,-0.011313164669926126,0.0347224736238141,-0.017726229920244484,0.008069528786383012,0.020483336414273634,0.007362262902558827,0.004204676677482704,-0.012372276318735506,-8.436653261523368e-05,-0.01456455700825781,-0.009165830526318598,0.028446412665137175,-0.013218687350208733,-0.004462383654688374,-0.019848591947311277,0.005050558165601821,-0.03594135479784695,-0.00914548544900096,-0.002284370228499437,-0.011249294657231424,0.01683767820225216,-0.012041550866985115,0.01843361157745898,0.023362376519109298,-0.008936086904530018,-0.003891861772320164,-0.01612156532571411,-0.00559824068600442,0.010130036404348338,-0.014990922744490185,-0.0026490613032128132,-0.008523460269389183,-0.044254553694071115,-0.013184756082849032,-0.017093313274642315,0.05585902486837254,-0.01169566038928409,-0.04201779053536901,0.013531706845800868,0.014449177585676395,-0.010195988501736048,0.022372452795953117,-0.017182390212744116,-0.017918850314438392,0.01989468913390442,0.015147471041026855,-0.019693135370197526,-0.02559706515344584,-0.00294511377113926,0.015048663093507239,0.0467296675369924,0.03222734386181354,0.008833538318503744,0.000894171343565095,-0.0029421983496216854,1.0,-0.005226495357159223,-0.00834644908898806,0.027037494145432883,0.0032260808941237348,0.012244561576317177,-0.012494142713558405,0.024246057269448288,-0.03025482268727125,-0.01170712442089972,-0.022480354575055875,-0.041475477782462404,0.020919715060709797,-0.019491874575868835,-0.022870138690078746,-0.013836075809768304,-0.00919853747333185,-0.000773361812231049,0.011398785767653827,0.009869617070645507,-0.01798724334666078
ETI10108,0.025037186991804974,0.0279192088018546,-0.0031384816644965323,-0.004711502003860361,0.0011118767421471405,-0.02331445603283966,-0.019522229754709627,-0.0031582787588169013,-0.02455542719747415,-0.020215902101167985,-0.019858305599329013,-0.0037876475928538735,0.002856311904713246,-0.001365890311062765,0.023304771262915875,0.028201943941329084,0.01552176053161282,0.010376541797293951,-0.006499234914286085,0.026439537486251326,0.023730435796585837,-0.01226565331566012,-0.0019570174899000885,-0.011141201292607261,0.027952301397622906,-0.0126515248875264,0.025803426974571875,-0.015616543126821484,-0.013078652768282526,0.000513137147941399,-0.009005167391743814,0.00772068955438158,-0.03224036037429262,-0.0030100578614187133,0.010831830495447312,0.0077981754852687185,-0.016417285599457314,-0.02411779096102077,0.013020877851001244,0.021337630178920517,0.00435575345742198,-0.005814797404764688,0.04425888477981195,0.014254114803632907,0.033514173081885874,0.006597339050826252,-0.009165770750282036,0.000400955986368122,0.009347201233374215,-0.025528984064985553,-0.04265033911110697,0.001731567800989102,0.006787429010645715,-0.0018135608105779822,-0.025410382746106214,0.0040865540091954014,-0.00012537256913048965,-0.0057255441419784316,-0.008825013833722273,0.014704841119422532,0.003752399225307154,-0.053009602734941784,-0.03242305423536036,-0.005226495357159223,1.0,0.006703143938323566,-0.021822428649742025,-6.762507002375941e-06,0.01835217946380021,-0.02317626730834036,-0.020632350161503308,0.015513464743115796,0.004350879256527364,-0.007502758581674044,-0.020535870922411104,-0.004527690200065183,0.008043061589760302,0.005215191195805299,0.007984865957034072,-0.005041626673411544,0.01265929117242977,-0.010010638333413499,0.00940309845747883,-0.00912545596523693
ETI10109,-0.010298059165997178,-0.0035734621248183613,-0.01996171400732107,0.006574389106978694,0.012757912844031756,0.005080172873555014,0.020365031969745723,-0.017596616402444008,0.005758982022281352,0.014289090281512786,0.014722691275976096,-0.03591819882207721,0.009036642993972563,-0.015568624403937666,-0.021628876479273553,-0.01725449168424433,-0.008083788138516505,-0.008470182891124849,0.012150866577235674,-0.015247381716880707,-0.030375012409332384,0.00240382053265998,-0.011563434845368583,0.013512778929225169,-0.01356246196391482,0.01682580717835326,-0.00240010783957175,-0.0012115289630972937,0.023975459088082914,0.007821928778355637,0.00373009375051696,0.009106839427784558,-0.0260963562333525,0.02439641396728119,-0.014925412820832838,0.007174731409021244,-0.0035108142569521316,0.010514867928346522,0.014054065867049053,-0.040214827058307916,0.03925439714207904,-0.009775933162465292,-0.0018224734973348064,0.009116146588008654,-0.006640394410238291,0.01659537031747696,-0.04983831195960627,-0.02862479333441178,0.0064969933405494545,-0.014457063946582084,0.009966931006772225,0.019407020888483843,0.01364557850129215,-0.00029672078423178204,0.012943656063769937,-0.000716317125598207,-0.018388030895796294,0.011476311628754928,-0.009993489768000385,-0.0024176430337598323,-0.019888342079863595,0.0410592141491467,-0.00035292208461503257,-0.00834644908898806,0.006703143938323566,1.0,-0.043246823081980294,0.002290298852603724,-0.01314167217276513,-0.012800094089068412,0.023439371613078745,0.0013631970043683122,0.026529577378185076,-0.006277376734340937,-0.015306596758286,0.012586124272967188,0.041892640390633576,-0.008527567220466803,0.013695371623041077,0.0077064374197983255,0.017444097214770266,0.005782169584072421,0.011021321398217604,0.006612025358753778
CGV10102,-0.017161070326357886,0.004168515767756569,-0.017331920977395856,-0.026225443148925588,-0.026134512077105997,-0.03096679539664549,0.00020163313230992205,-0.027367110351797175,-0.003761470345910269,0.010710740319426235,-3.960969526196717e-05,-0.016873026353739082,-0.012789914691623753,0.003370251192583343,-0.006767315323870242,0.019134632896637707,-0.012406753514818082,-0.017644340986131803,0.015066275900265031,-0.03254250938344122,0.026731675139148897,0.007748390799886025,0.004849583223792971,-0.009079188944319356,0.017538662459896142,-0.012768203175626365,0.007035433361503351,-0.0219355844447922,-0.018001660137970724,-0.004360158204526533,0.015513369791595085,0.009713974642036749,0.021319613632865466,0.018133959202189347,0.0024597073352091263,-0.01984571783141069,0.0315519682795939,0.01761356054917694,0.007037035845003368,-0.022547267838393937,-0.006621080210081326,-0.03451556002271779,-0.029314873600916138,-0.0004620360157059036,-0.009619035760401922,0.020631256247185845,0.005016888580407527,0.023247876177589315,-0.006693468485946419,-0.012062327882990751,0.007177733381134423,-0.020299960689139872,-0.005446071075395944,0.01718466576655781,-0.036626043742270374,0.017948292446170227,0.00488065425521879,-0.021132003373542048,0.001223033855359051,-0.0232120906774022,0.017423027598341544,-0.009796674929628615,-0.030426204670489815,0.027037494145432883,-0.021822428649742025,-0.043246823081980294,1.0,-0.00565433044451925,-0.007655940687521199,0.0043144499998778426,0.050732878925767826,0.022842607212573893,0.0103014586868307,-0.013961174628548505,-0.02635242981552032,0.004360223072666173,0.0014771875124943966,0.0026660977133152134,0.029668200281453682,-0.0011832871244935614,-0.015574634484710168,-0.009099199829807763,-0.00027186126243790765,0.014955417605913795
CGV10103,0.010778351671166088,0.0036809694496752533,0.003366548702379045,-0.016266401481538236,-0.008334662309137096,-0.005040126043192646,0.029328979291101998,0.026163583254323282,-0.010510848765530451,-0.00538687149655559,0.0007854861957521714,-0.007872848318904082,0.0074762127902174465,-0.033430735771029646,-0.012552645616172182,0.009684226976317337,-0.0021323994684828715,0.003242309120378073,-0.008644248498727735,0.009612991727084543,0.007002566064750163,0.00030351292216417513,0.0028995567554833818,0.010206630763789474,0.019897269101183654,0.007054415374577999,-0.001612469092869977,-0.027207440415965258,0.003813221155886463,0.017282355672994017,0.017854245400567473,-0.0035169411129520353,0.026193879574339194,0.006406912202199791,-0.000411641141580656,0.005270400661250471,0.03516486300323859,-0.008336939257054074,0.009286169199128435,0.005632629494294068,0.020707157706255662,0.0011681951110814528,-0.026602487386038095,0.006232929603944857,0.018164214112476446,0.006543431960677178,-0.010883294829486228,0.007716822021690117,0.004006835066070921,0.011300794687147423,0.02469161572043514,0.007650764347051985,0.0028147650989439016,0.021181118365092278,0.023992456730751167,-0.01467475146939357,-0.007260789509134966,-0.010490494239512337,-0.014483993606290857,-0.01934112789724962,-0.0041967577573258745,-0.028251106450089554,0.013537668780576575,0.0032260808941237348,-6.762507002375941e-06,0.002290298852603724,-0.00565433044451925,1.0,0.0005568614416425068,0.0077259396164653365,0.012871560507678246,0.025256641090390747,0.009296814486883723,0.01747675949968222,-0.026108592281296052,-0.023272310993709893,-0.004821069326081756,0.03491774363850435,-0.005899607211556726,-0.020327028551649067,0.008237978456841946,0.009347586205812422,0.03292621773575385,-0.013215823822382282
CGV10105,0.004827797293215351,0.006743021973131923,0.02280257667853948,-0.004555494401802619,-0.009545468216607103,-0.007901202907029057,-0.011372927876460418,-0.006276514791587356,0.0015732705509715168,-0.0064033619505086585,0.028190175948383255,-0.030324364207248006,0.0024448334259963337,0.01685297935856998,0.012928865358505277,-0.014138806160574502,0.004839641267564123,-5.838676337556299e-05,0.04350287266206795,0.012849147978209123,0.002637406142919278,-0.028050155328869193,-0.027925789847549343,0.02246190234596752,0.011978972353319248,0.010273555048681058,-0.023841833191901248,0.010212665921446823,0.004915432224009239,0.021842025748990638,0.02218531303493114,-0.04814445926460006,0.024244065442740038,0.005907029198805219,0.012949830611756523,-0.03138623872971579,-0.0175915805388789,-0.02423900261451073,-0.0007403476684333912,0.00321075690625746,-0.017659608190181954,-0.02960561561520209,0.007749694439595618,0.0032888902913904253,0.019429054251060313,0.0010648061537687796,-0.01123566225387121,-0.004174271675264783,0.024809403988128774,0.016400053046933594,0.02559884949474523,3.343828570388104e-05,0.021383613655001042,0.0025369627725589376,-0.021167092984383046,-0.00883003113705174,0.01000559874297635,-0.00441403713294203,0.010180060840559326,0.020556813162441786,0.0219214356983534,-0.0027602366630354045,-0.025625889476935563,0.012244561576317177,0.01835217946380021,-0.01314167217276513,-0.007655940687521199,0.0005568614416425068,1.0,-0.011987165739043489,0.0283977417527243,-0.0001775663752894077,-0.011408697449363238,-0.0035528299996842078,0.020048953192299036,0.01371775014833929,-0.0054670428585704275,-0.01685530136600554,-0.015555293823090451,0.01248315157089952,0.02877434148480023,0.024867108930566272,-0.008279517984949454,-0.006447151156531295
CGV10106,-0.008023665746149943,0.004488992389529869,0.011483396520127842,0.03748437025942495,-0.011241115792113492,-0.026703813237102986,-0.035157687060841686,-0.014042923882380758,0.020578784771421853,0.001735756429874253,0.017505184735265158,-0.000612141057620901,-0.007878326098941409,-0.03168167136604118,-0.013820904981429403,0.013818512940355904,-0.0037980523100975094,0.0005292303744510914,0.009630051802862038,0.004689666623630783,0.0028563649159731954,-0.02172814795361279,0.010948012114357884,0.028503632929902514,-0.002979812865126224,0.005362547632026289,-0.0013954406124374733,0.02084919074812916,0.020583967178296237,0.017310869997474925,-0.026860066356583397,-0.025827350024939362,0.0007562381840006584,0.0008853831238706739,0.011440403447360144,0.014215905500495408,0.002197823363279974,-0.007574309989836285,-0.02944507021794198,0.004115010422938195,-0.015233619688369796,-0.0069349644538840875,-0.0027439225701365727,-0.02732644799300264,0.0011536681573953384,0.01970340650254609,0.0035584221763340536,-0.015195505879295827,0.010814945230399747,-0.000854891357507162,-0.001551517739059365,-0.008935670784814364,0.0017652180067560242,-0.035064212115389105,0.0014843239872142431,0.002753614987782329,-0.010436202940929359,0.013636132799536434,-0.009971314757722616,0.006116412973091148,-0.004307425834247701,0.018498941552260034,0.0011982443647295014,-0.012494142713558405,-0.02317626730834036,-0.012800094089068412,0.0043144499998778426,0.0077259396164653365,-0.011987165739043489,1.0,-0.002238144076441672,0.00042004654638012667,0.012627312005107345,-0.028813465685311637,0.009180380967174636,0.02665329518762538,-0.025428561230192347,-0.030571114233658873,-0.02434587755858193,-0.012699651939625144,-0.008616501961969666,0.01754855325363661,0.02947189940049793,0.001125212731712757
CGV10108,-0.011897882051348698,-0.006584301312346435,0.03391223874738707,0.009303454689061245,-0.00893167303420883,0.028649989119951466,0.00935542693832112,0.02598133368309038,0.02175255125879738,-0.03800541268035843,0.020318040720874692,-0.009242863689753165,0.0017011298625888413,-0.014623329878977315,-0.032423961955210405,0.037514309316053096,-0.021383552796073454,-0.030992485835278083,0.0625719547388557,-0.03063532730731456,-0.012574368390785507,0.009283459024263667,7.591329709874924e-05,-0.007692978785113965,-0.012947786095414396,-0.024231309643366304,-0.0005546567380380401,0.008012902674975717,-0.000591659703279437,-0.0018700887132957302,-0.0077004228488899065,0.04982934759830178,-0.01797561665588932,-0.0012648641767166238,0.02213386441688771,-0.006979153475880379,-0.00895661270517452,0.005712601129795327,-0.013302288369344368,-0.006841279425729724,-0.01636632423799039,-0.008728743183365948,-0.053713175906587904,0.028413950036903942,-0.04517761866856726,-0.01952469888276469,-0.0016873400292842296,0.028047042925666718,0.012693462177287323,0.02090809279651565,-0.00047813013647207356,0.014621078989603714,0.0007039534344429099,0.022746416367869792,0.009615733461766954,0.01000823605530355,0.012251695888304777,0.01205647661372484,0.00898829649875168,0.013656380131989602,-0.0047801081473608665,0.027793768384042395,0.019243087504839083,0.024246057269448288,-0.020632350161503308,0.023439371613078745,0.050732878925767826,0.012871560507678246,0.0283977417527243,-0.002238144076441672,1.0,0.020370531326524728,0.021366710192212365,-0.0037351546117001997,-0.017122486680914047,0.01608503245516449,-0.028927069094391196,-0.011203855859070092,-0.01801893080436682,-0.011098192939595367,-0.030918865426638242,0.010336057119845364,0.01224678764782377,0.0025186079255191565
CGV10109,0.0027884010519480837,-0.018950547044947974,-0.0005930490831974534,0.0002860187446846423,0.021483340898605173,0.015716958551061685,-0.0022533175270809808,0.04238510499102537,-0.02368174092760586,-0.005418105285089742,0.01724714794917961,0.027138932683055818,-0.01216381222983626,-0.02925594264209527,0.035061391037433214,0.012432657991852003,0.02259954659105033,-0.0018441037346396663,-0.01280077828720492,-0.0061396071730465416,0.00464663242082766,0.008302450964551596,0.02042910854498862,0.018592329610102862,-0.012205432029127562,0.0278590588586991,0.016234355562037367,0.008180810903558992,0.01393394431200422,-0.0024944332208684875,0.010684782790642588,-0.03446606474422732,0.02754487720920806,-0.012116784700343546,0.02504031398420113,-0.006741818506457317,0.01321759093527007,-0.008812089042767533,0.02100659452922831,-0.031694089592416715,0.013287198292975899,0.009288575527598108,-0.0037047165717940763,0.009412735165525038,-0.030045714231739993,-0.024783205401683116,-0.0032591459110360857,0.002580136496370878,-0.0038949927546823365,0.020136747042957676,-0.0317673140125863,0.01450871803575262,-0.015948914539072108,0.02280760061582911,-0.01566953961797464,-0.0031743416481257634,0.04112229212620522,0.019711207826928777,-0.03805238873714406,-0.0230735284732568,-0.016653947990056626,-0.003573440462146211,-0.04269455956847407,-0.03025482268727125,0.015513464743115796,0.0013631970043683122,0.022842607212573893,0.025256641090390747,-0.0001775663752894077,0.00042004654638012667,0.020370531326524728,1.0,0.009146874945454932,-0.005290629809048718,-0.006999650899196849,-0.013225910716534206,0.00023411608347298501,-0.0039617467810870236,-0.00200936597435349,-0.03603295761066558,-0.02610262655312992,0.0242122631857688,-0.004536535090188022,0.03707099817555726
IGV10102,-0.006318251261595173,-0.019383997477770525,0.0304401922067981,-0.002071317084850753,-0.0028005520539394636,0.02087224148084129,0.0029885067487278355,0.010430038214636311,0.014856023295894992,-0.0038082883777720354,0.010755230642192661,-0.021893512385534122,0.028517338443206006,-0.004467149321239239,0.02245910887474252,-0.008592520540098653,-0.0033866448037339135,-0.014943765261956196,-0.0035699410686898716,0.012384245131657298,0.008123577957491239,-0.027242474428339644,-0.023152804502146018,0.0064300737406884755,0.02973063929152703,0.0020180316960318736,0.017139802495166626,-0.02152892884904897,0.025874849375024874,-0.004293736663813492,-0.02230865160476274,-0.0008216435090224705,0.010499194017162676,-0.014351928952957975,0.0074937972976658294,-0.0007367954224519029,0.004254410922121259,0.008668725353962032,-0.011957966979750798,-0.00865688762968568,-0.018041011173458837,0.01063430257155432,-0.006487324791856557,0.008836498675079671,-0.0031069303003723827,0.02433823707888495,0.005343120990337869,0.008951375954084732,0.01864313670655835,0.00915622274878028,0.006373883460972654,0.028970424676595406,0.010434191750877243,-0.0021009164202419038,0.030150769536716405,-0.026913538831844885,0.014652896011689549,0.026963321341328346,0.0030720539876240016,-0.025827791829266006,-0.00917186594654881,0.005761319502857723,0.00037544215340549255,-0.01170712442089972,0.004350879256527364,0.026529577378185076,0.0103014586868307,0.009296814486883723,-0.011408697449363238,0.012627312005107345,0.021366710192212365,0.009146874945454932,1.0,-0.00304072023760432,-0.05100065436312484,-0.02538246571306833,0.015386877007218665,0.011523765822533283,-0.013768576119964116,-0.0009700878245947882,-0.019530459851947138,0.0153034016459934,0.02797710125201166,0.004111027891546921
IGV10103,0.004610180538910488,0.0070459056207265195,-0.013901899594050802,-0.021768522665335705,0.01370988388903385,0.013744390511601989,2.978758913368793e-06,-0.0033203644369722706,-0.017679614883184272,0.010593158451763764,0.021620045112872646,0.0131955889875191,-0.0172479947635788,0.0010072561481030205,0.002309524422187509,-0.014088240074517816,0.032702901349550006,0.010489851904960311,0.02045707527861983,0.016332346940086218,-0.005339623987654857,-0.002656034303696443,0.031204907070139124,-0.007989060839876537,-0.012277813242204129,0.004906139881758877,-0.0018030190013661944,-0.009993387368955433,-0.018019703813724586,-0.014706706158302644,-0.012895374299971275,-0.01908364022900388,-0.0038805319855646754,0.03174873976951121,-0.026756719583181664,-0.03044634831869137,0.027415517061207755,0.014632987207918481,-0.02385306932488579,-0.008164605206082858,-0.02730186420233759,-0.020879683650387178,0.00780808691162176,-0.019407082661948887,-0.032542129399163296,-0.034889852024125326,0.023452069609604206,-0.010646718256617614,0.002233040720147347,-0.04430225934469913,-0.032485714371205975,0.03212759845966603,0.001284077554674038,0.012444956684631109,-0.005275624231526995,0.023649892560873437,-0.028754358079482845,0.028737921555767616,-0.002830027509776137,-0.011919487852399059,0.0090915551057329,0.00902853987573681,0.012874075492506262,-0.022480354575055875,-0.007502758581674044,-0.006277376734340937,-0.013961174628548505,0.01747675949968222,-0.0035528299996842078,-0.028813465685311637,-0.0037351546117001997,-0.005290629809048718,-0.00304072023760432,1.0,-0.002599260426419117,0.021195596840948572,0.01838108888285291,-0.02600201189288035,-0.0006074253080049919,0.020179277250464707,0.008697837374427987,0.007864393894219153,-0.0041920433013371925,-0.04051826016621961
IGV10105,-0.02088899966752182,0.009130486956194178,-0.015083245368490402,0.005411262687094872,0.008253147882060038,0.007488462365492425,0.007105585323578831,0.02515209501355304,-0.02910110351547217,-0.010596606518273861,0.006713638873912647,-0.006090850718182669,-0.03219374278045938,-0.025194288794448738,0.021540719305913898,-0.033551355348731805,0.016001008340751324,-0.010876854211119906,-0.002104660038131771,0.001842631180139279,0.01764275561486461,0.01849616675195645,0.025226121353665778,0.0007439500621421408,-0.02937183311848008,-0.0017781238585425063,-0.02436741039328978,0.03188808710997042,-0.011727024074472335,-0.0011258662342284286,-0.0037902954676616862,-0.007964484344757073,-0.016486030626942975,-0.01864108436267386,0.011801704228219365,0.007264074374636103,0.004195698336953204,0.018411167609452522,0.017740602435185424,0.013557351167457626,-0.0072660577278869775,0.011339556302409117,-0.00022047678492266215,-0.011701068982125947,0.015120455195053574,-0.0025948510678379536,0.007930427927050038,0.018672828027570035,-0.00460111077269741,0.009317397697990311,-0.0322088498641801,-0.007045414310343676,-0.008985598063529715,-0.0076584655139941326,-0.02521653050878885,0.036782391552908626,0.007707978921587028,0.049393309022448505,0.036231839371113655,-0.00649200729129421,-0.0044471413278034675,0.023509004755732033,-0.007719009362451034,-0.041475477782462404,-0.020535870922411104,-0.015306596758286,-0.02635242981552032,-0.026108592281296052,0.020048953192299036,0.009180380967174636,-0.017122486680914047,-0.006999650899196849,-0.05100065436312484,-0.002599260426419117,1.0,-0.017862946656119132,-0.005359857788939105,-0.006112968731840625,0.025595081474960507,-0.009874773881329256,0.006802966950156564,-0.03301551494291124,0.015921764673340975,-0.0112194587606567
IGV10106,-0.014153481122900533,0.006671451843870551,0.028070894822445066,-0.00042525605552767544,0.013085569549478938,0.020270019187621398,-0.013463346078462514,0.043232835160077684,0.012991466864025945,0.0013074401561422155,0.0287508367036597,0.03339544571758622,0.045881800920462575,0.014716780316728835,0.00013328793678812719,0.004716824794493527,0.031306302148683206,-0.0006335389183865869,0.02919948656224064,-0.019246395281348944,0.0004141257000945368,0.01574296899594631,0.005353507005785178,0.03781031985714303,-0.002671165719852656,0.0008704896748735599,0.007823377390657207,0.015306976474950698,-0.03914212163063173,-0.012774839338151742,-0.014313428206906655,0.004299412991291126,-0.005618529014393811,0.0340861951577999,-0.016648459138925296,0.008185635931506488,-0.016059189680293896,-0.046757874051952496,-0.0026356532522579233,0.021664816246401326,0.0035576802851546335,0.02104294380661181,0.025878031661857565,0.003017376904094183,-0.007772739604806362,-0.03043315958957565,0.013170398520047312,-0.01451047065020792,0.009935524412651532,-0.004056055444055034,-0.0016820216542072827,-0.0438512511184231,0.04483097063144577,0.011597757107473234,0.02175977685062751,0.01129127913421905,0.01852953669878131,0.002872595126851069,-0.031072737748160772,-0.042627485920820225,0.03169281301201144,0.009364866268743952,-0.023986908685435578,0.020919715060709797,-0.004527690200065183,0.012586124272967188,0.004360223072666173,-0.023272310993709893,0.01371775014833929,0.02665329518762538,0.01608503245516449,-0.013225910716534206,-0.02538246571306833,0.021195596840948572,-0.017862946656119132,1.0,0.009193083083231818,0.013081228749034494,0.030470657928220523,0.028099835061556177,0.025118492531697522,0.026735618042544897,-0.034959820588364963,0.009916231469279458
IGV10108,-0.026556409190327212,-0.028065059141563948,-0.016081672058322744,-0.03298648185512193,0.01946009754874975,0.03251623767210388,-0.007227400578553767,-0.0012581062699358197,0.017044227256047803,-0.03875671824808432,0.007485691793273698,0.02642041159103524,0.028048011432193782,-0.021357343377307176,-0.012529331063132207,0.0153879168933241,0.01560044639668289,-0.017900275917363637,-0.012822162829667309,-0.004459799926772782,-0.0203774473879013,-0.013798160321757638,0.0220649092531131,0.004779858045470388,0.0038274253497488043,-0.0047011908032811404,0.014636975275227043,-0.0044912590981441925,0.03818955538765112,-0.01608271316762926,-0.04355091969825312,-0.017662760813364303,-0.008962932845870976,0.008433789373403338,-0.010027766296078978,-0.04182865357751027,-0.015571630146604686,-0.01997982763295795,-0.01621229295253869,0.02828189437226994,0.01184283243840416,-0.008241571289419838,-0.01167905636349482,0.00440331394884636,0.003534787752146243,0.021286801947107876,0.00963518862176063,-0.010511443380510941,0.008618810231122391,-0.025521283965688348,-0.014335051256955288,0.01704269027282894,-0.017009801379117822,-0.01659027596722614,0.004721354036513299,-0.026733545511164154,0.004048570462740054,0.007205919033743511,-0.007176531729185313,0.0037194146109594903,0.021738596237355315,0.0011859423714792269,0.02091345657710949,-0.019491874575868835,0.008043061589760302,0.041892640390633576,0.0014771875124943966,-0.004821069326081756,-0.0054670428585704275,-0.025428561230192347,-0.028927069094391196,0.00023411608347298501,0.015386877007218665,0.01838108888285291,-0.005359857788939105,0.009193083083231818,1.0,0.011339866077306533,-0.004684201274807618,-0.016297459213808464,0.016662310245960075,-0.024974347320695763,0.0024341271709455723,0.03161249914385705
IGV10109,-0.033728555158195964,0.006350298810853238,-0.009207503089259854,0.015890312974703575,0.013297476075816984,0.02362712212684055,-0.016412027756928533,0.004955020329764922,0.005637691927252963,-0.020940837763372758,0.01519053370572941,0.009340579270084132,-0.00893061537757288,0.013020860176740855,0.013658869285941027,-0.0322296124893933,-0.035670386627430405,0.012702231169330872,0.011246421692165649,-0.0038869055624094393,-0.016164479289524303,0.02639583876510854,-0.02483049646962242,0.00017779256776851156,-0.0019893565214909085,0.016157932865648282,-0.002892687933686916,0.0032580009233560006,0.004724368857705286,0.003682735145719467,-0.0061765599605987515,-0.0290891998217488,0.024345431598533192,-0.004919615492244669,-0.018717023038219503,-0.003215527876805973,0.0031616736989579816,0.01167966681021596,0.02235045001698969,0.014370290609500541,0.006506377607917319,-0.004268854938188846,-0.010200875090860085,-0.005391001513801109,0.01568923097957478,0.000660635398106186,-0.002865848430253152,0.02926620540797568,-0.001933121528705164,0.01821934410848916,-0.026994132839176177,0.0005460855872235613,0.011772575822628048,-0.008309470840497659,0.014864102073187453,-0.01767144595237927,0.03852872831799759,0.016780027701161104,-0.006838527703289098,0.004253034690439956,0.01414178100997854,-0.007963372551380696,0.029573289463346766,-0.022870138690078746,0.005215191195805299,-0.008527567220466803,0.0026660977133152134,0.03491774363850435,-0.01685530136600554,-0.030571114233658873,-0.011203855859070092,-0.0039617467810870236,0.011523765822533283,-0.02600201189288035,-0.006112968731840625,0.013081228749034494,0.011339866077306533,1.0,-0.01579994533166852,0.0018903380515851477,0.009637245101487496,-0.006757242576910161,-0.01551850060051206,-0.013609574477786254
CPI10102,0.01704109752086405,0.0037473680554846274,0.002144641586373169,-0.014116384317405676,0.001654257097647043,-0.01147319104085937,0.024482843246883358,-0.0030023141108318253,0.010544859233096534,-0.006721562528521354,0.02650931298120877,0.006563064264471716,0.020592405007426786,-0.011175961483262652,0.03758527151674535,-0.011245840095410152,0.02053186132665769,-0.00767784276517585,-0.0005317339311454786,-0.007089115420509444,0.03319666869040551,0.01760383691918014,-0.020210193661188848,0.004272741461809752,0.014757328419003627,-0.014843018807313889,0.024056106368607826,-0.0024627470175696683,-0.011155659733029321,0.04587715715504825,0.028061784726901528,0.009979210926514933,-0.006148977977724264,-0.0250441983661467,0.030394848127456024,0.04232578893163715,-0.008099034087220267,-0.02756355245566132,0.046527429315213135,-0.03981632867986669,0.008388981500884445,-0.02833227759371281,0.011473781400484042,0.0001330557727380529,0.005328659333348112,0.015592645314567817,-0.014954090665331798,-0.018935652446425425,-0.034391677982611564,-0.021926966131752993,0.02047937931925406,-0.0659916462572626,0.02133189064749309,-0.018711026977320362,-0.03191203606795938,0.008508983798788412,0.0002233409244003734,0.0185106826821931,0.011832937202159723,0.007625834510770995,-0.013035535113132948,0.018154272558632233,0.01158014822947722,-0.013836075809768304,0.007984865957034072,0.013695371623041077,0.029668200281453682,-0.005899607211556726,-0.015555293823090451,-0.02434587755858193,-0.01801893080436682,-0.00200936597435349,-0.013768576119964116,-0.0006074253080049919,0.025595081474960507,0.030470657928220523,-0.004684201274807618,-0.01579994533166852,1.0,0.028666127895579565,0.0001100275822741376,0.0071801774697593185,-0.004944778233859953,-0.025144328072665208
CPI10103,0.0009646300764127704,0.005394342759776009,-0.010391195314137711,-0.015163244504488388,-0.009876654758658277,0.023260576879977225,-0.0001179512466225684,0.009179005241313454,0.0062531736706835,-0.01768709272207268,0.036905839523410686,-0.005050540280826253,0.0017336465006374472,0.023120875131957812,0.03841463307435109,-0.0009609247682156084,0.011731767245985375,-0.008891730678752383,0.0022925474171041457,-0.0012528953434144128,0.014463637239912919,0.017468314071738975,0.007200374414988976,-0.036403058416501106,-0.008104918357751902,0.01212705026622454,0.026837389018328314,0.01724431603675702,-0.005360224363959824,-0.0037292447412040127,-0.02130924314778662,0.00044854458255390447,-0.048111628617171956,-0.010607903942465908,-0.0004823420552527882,0.004364888555542334,0.006165154230486189,0.033359709247859595,0.0018812152816272847,-0.008848689069371807,0.034399339752787646,-0.0047181519870844076,-0.00866913943690718,0.021390343637695864,0.005352137022945721,-0.019158476362572185,0.01637261829025888,-0.03245304195528002,-0.015647843895939,0.009897387567025991,0.011294878790309609,-0.0048555093937740395,0.017009445822268092,0.0009748946795857474,-0.018742944570886166,-0.01658374098594735,0.02026677061552494,-0.00042896480238518894,-0.0037034273514432825,-0.013754961168862644,0.023878767778719362,0.013751630968344116,0.03497379384814853,-0.00919853747333185,-0.005041626673411544,0.0077064374197983255,-0.0011832871244935614,-0.020327028551649067,0.01248315157089952,-0.012699651939625144,-0.011098192939595367,-0.03603295761066558,-0.0009700878245947882,0.020179277250464707,-0.009874773881329256,0.028099835061556177,-0.016297459213808464,0.0018903380515851477,0.028666127895579565,1.0,0.0075190834203318286,0.013973957032980492,0.004536828216214021,-0.011386116710223044
CPI10105,-0.0012569206229904961,0.0056498435600877495,-0.022361480721610497,0.019623660092894565,0.017753482365292905,0.0347426174698697,0.008058054789977698,-0.012505646746046319,0.014054717974470828,0.013019550643400025,0.010684798056108974,0.007765270522625762,-0.01938327989597882,0.011770669690636604,-0.001813623384365234,-0.022581885545273826,-0.02538067758689616,-0.033027384431473975,0.013136890759566337,0.00024453443685870375,0.026327097447083062,0.0023973260999427875,-0.03311678751121562,0.010237426390507965,0.0017047579651930237,-0.006193205219365298,-0.018668690356558486,-0.00471703548914929,0.026215290502814376,0.0530298107320129,0.031143710926830756,-0.011941437933288859,-0.0032988874108453308,-0.0015800129763271587,-0.025678727436993794,0.005050761847477953,0.020310917729395403,0.003132756128980305,0.014244813124330116,0.0018580739959991413,-0.03237161460076263,0.019664260057277966,0.019955335157856895,0.0032109279852222177,0.0076871066875246735,0.006466111975245253,-0.015103876165638049,-0.017757406202964638,0.019843234321312336,0.0008880402362647242,0.014833046720948135,0.02236413564404222,-0.017437132883031923,-0.0071564697309319985,-0.0039967157419870825,0.030311765349336488,-0.007172991478609196,-0.02914643761605962,0.0010194387921189747,-0.023553202096189718,-0.03410968616460235,0.014483163841492938,0.010883515864382867,-0.000773361812231049,0.01265929117242977,0.017444097214770266,-0.015574634484710168,0.008237978456841946,0.02877434148480023,-0.008616501961969666,-0.030918865426638242,-0.02610262655312992,-0.019530459851947138,0.008697837374427987,0.006802966950156564,0.025118492531697522,0.016662310245960075,0.009637245101487496,0.0001100275822741376,0.0075190834203318286,1.0,-0.011068217861469344,0.004081309732614206,0.0036759490805958798
CPI10106,0.008823263211192946,0.03551987994039027,0.005393460266072535,-0.011116240247655854,0.02417948671531795,-0.006882977068203663,-0.015566497663774385,0.032812598831214214,-2.3691256775587088e-05,-0.013165173403045054,-0.014411138650023044,0.012217160736332684,0.01713057871662523,0.020121528706807446,0.004217699630213652,0.01964525867625105,-0.0069000286088273756,-0.0025244370602595396,-0.031522771016826115,0.0004277943313972404,-0.018273954918894823,0.010689211495667317,0.03108260932729414,0.0166425726896889,0.002099380559465882,0.01644061610537246,0.012930566406215696,0.01677002920730011,-0.009848308951331326,0.0255999235395629,0.01414623698451974,0.009223137439264097,0.019381184321202182,-0.001697261352209749,0.021313263698539225,0.0019918063909696053,0.017084491162373767,0.0023570019856208094,-0.007152850049177722,0.008944309833134855,0.002489385235180921,-0.0061587472874984105,0.01393425429630021,-0.02802402062943693,0.016923275586053575,0.017084722175126587,-0.0034282240280191743,-0.0221469459246517,-0.005195703342445157,0.022315908947086422,-0.03281377670488891,0.003110230074689577,-0.002982652728765219,-0.004095518594837329,0.040533992943344435,-0.011363870430224205,-0.004555903797958277,-0.007274067012227705,0.04663089442151098,0.021313225483744615,-0.018188446357428754,0.014298851256369448,-0.010325423919633543,0.011398785767653827,-0.010010638333413499,0.005782169584072421,-0.009099199829807763,0.009347586205812422,0.024867108930566272,0.01754855325363661,0.010336057119845364,0.0242122631857688,0.0153034016459934,0.007864393894219153,-0.03301551494291124,0.026735618042544897,-0.024974347320695763,-0.006757242576910161,0.0071801774697593185,0.013973957032980492,-0.011068217861469344,1.0,-0.02758157846696685,-0.03587255749869959
CPI10108,-0.006780498880578744,0.021413749726219674,0.020567844652123732,0.005767512372241989,0.04358382572555343,-0.016561970128481304,-0.013933049753044451,-0.00393104183740299,0.016036551985133655,-0.009210193891161568,0.001954773948937782,0.0022445046117522175,-0.02611967699524283,-0.0006045869361726371,-0.030964711994777457,-0.01049892882227865,0.001498439781699379,-0.01838059777517214,0.015378025758778089,-0.012935749573506513,-0.011874403358098022,0.00675013653568642,0.01500548772924289,-0.009414987824263702,-0.0017658481798699455,-0.00047443049314396097,-0.0161340530316488,-0.013211219958186624,0.0003571773944616383,0.008128145391192885,-0.009382252983159806,-0.008667985651072435,-0.030819354410520944,0.017549589145203152,0.012622634610433435,-0.00954681703496866,-0.009966932145596796,-0.0017824097858175937,0.02491336715619034,-0.020541235385274616,0.005164715673288974,0.014212136773807586,-0.023421750234295043,-0.022277852974904096,-0.01995701473427752,0.0257713728763086,0.021382033868032408,0.039205495775935094,-0.005614408686967977,0.009037058403617747,-0.009280072385439122,-0.02510296444053579,0.001028421389938631,0.013417789573138533,0.01203903608574887,0.010218043672946786,-0.02333490312339363,-0.03018717791714102,0.021505893879542583,-0.02863186235404697,-0.011222697398970962,0.027007477130341753,0.020128564586328876,0.009869617070645507,0.00940309845747883,0.011021321398217604,-0.00027186126243790765,0.03292621773575385,-0.008279517984949454,0.02947189940049793,0.01224678764782377,-0.004536535090188022,0.02797710125201166,-0.0041920433013371925,0.015921764673340975,-0.034959820588364963,0.0024341271709455723,-0.01551850060051206,-0.004944778233859953,0.004536828216214021,0.004081309732614206,-0.02758157846696685,1.0,-0.013670723058467242
CPI10109,0.009991523990355772,-0.02751401751713273,0.008327083833267721,-0.0037453084362193923,0.003211047226856279,0.01674523165659856,0.0033623243529330204,0.030521438122835382,-0.002412092365583884,0.022649496990042997,-0.013903156525755113,0.0016028572334916857,0.02614940252865751,0.014162318035806472,-0.01818572701200476,-0.020638582380276625,-0.014624331009525763,-0.0301708618491744,-0.017704606704980242,-0.007764701855491649,-0.004692560857297821,0.034383189608325156,-0.02860756262642253,-0.030224873820078397,-0.0060002243655795226,-0.010000304190688291,-0.008199854066515418,-0.019996781462562663,0.02012667459044537,0.027516981780620318,-0.0007750781317060727,-0.015416204046610359,-0.009930469111527524,-0.007096265624447568,0.007915265947846648,0.013155991696148537,-0.0018956047849763326,-0.005893490132698375,-0.02742603057840293,0.010336403039509843,0.024390321180851507,0.02546673847469847,-0.007756222038381522,0.006696215471047611,-0.020133350718321164,-0.00841818202778417,-0.02781993653733846,-0.01073292470980132,0.0006245436852806342,0.008239846666975957,0.01531705058018089,0.016022610120268566,0.03467729043236794,0.008209772898690607,0.005927948715212386,0.008182294825162284,0.03143352741412619,-0.006119171085340328,-0.010935006909686549,-0.033441427926152664,0.020410383393925233,0.006017808486153452,0.028276724997758625,-0.01798724334666078,-0.00912545596523693,0.006612025358753778,0.014955417605913795,-0.013215823822382282,-0.006447151156531295,0.001125212731712757,0.0025186079255191565,0.03707099817555726,0.004111027891546921,-0.04051826016621961,-0.0112194587606567,0.009916231469279458,0.03161249914385705,-0.013609574477786254,-0.025144328072665208,-0.011386116710223044,0.0036759490805958798,-0.03587255749869959,-0.013670723058467242,1.0

Groups Correlation Matrix
,ESU10101,ESU10105,ESU10108,SSU10101,SSU10104,SSU10107,CSU10101,CSU10104,CSU10107,GNT10101,GNT10104,CGS10101,CGS10104,CGS10107,GRC10101,GRC10105,GRC10108,ERM10101,ERM10104,ERM10107,AUD10101,AUD10104,AUD10107,POL10101,POL10104,POL10107,REG10101,REG10104,REG10107,ETI10101,ETI10104,ETI10107,CGV10101,CGV10104,CGV10107,IGV10101,IGV10104,IGV10107,CPI10101,CPI10104,CPI10107
ESU10101,1.0,-0.031198945191039936,-0.021810306267760288,-0.025125066825550574,-0.014570070186362367,0.017009174603254833,-0.0033149749873326263,0.01813921444025649,0.04593291584243011,-0.005102443230955929,0.0008558114579616403,-0.0036554767402126854,0.0023000974673383205,-0.0044634418567049555,0.007366822369440209,-0.004821974270090357,-0.0013808790922796548,-0.02435596242189877,-0.027455790340462343,0.022340454068042144,-0.0044668442486141356,-0.020727733083362374,-0.0019063712206364505,0.014708373988319834,-0.02747771963490097,0.009174423651384028,0.022753857275938906,-0.010912744492651073,0.007393178542382401,-0.008950718352858818,0.042743842843726114,0.006532736902438522,-0.0050811419106449535,0.017455199118683432,-0.00042024451704538606,0.0010880523269090085,-0.002634933618437995,-0.04341193648573158,0.007554973115755746,0.012996089279087806,0.01056849990732476
ESU10105,-0.031198945191039936,1.0,0.012374210530998781,0.010960001473851273,-0.026548967467500097,-0.02794963754543886,0.023126423150432,-0.009142978800911609,-0.01359867267728189,0.015065797116765582,0.0018123578398606922,-0.01272168553998795,-0.009513650193380378,0.019711559793496092,0.011604389295316837,-0.007985461866616856,0.00823901716700141,-0.012728812296681173,0.01226117314437255,0.00861164216600846,-0.0006179418978915462,0.008062831466806353,0.003270255562803912,-0.0073406626629231525,-0.0011543090145912055,0.0184028858474349,-0.0063659088114407115,-0.028289079128474465,0.007976301971549015,0.03268235157501541,-0.0022580155436063847,0.007761093390098998,-0.03850373751063105,0.006029504995582137,0.010940815910949982,-0.006524078563135549,0.013236654520337541,0.007846421992806548,-0.018512730477440956,0.02521951715840235,0.024226575971620815
ESU10108,-0.021810306267760288,0.012374210530998781,1.0,0.007932182089229965,-0.007114809418435306,0.0031715844094970438,0.0011075024564516144,-0.026104602512487605,0.013548519814489984,-0.012968343526812271,0.04010575318386705,-0.009230075109412775,-0.011063027021381724,-0.0066574504653300805,0.01715292465151812,0.023139169417940454,0.025514574672716304,-0.0072978760656123185,-0.009394950307896685,-0.013160627744407367,-0.02649077885177808,-0.0036547849403407075,-0.051665345612630725,-0.0049603964989019264,0.014112368096297017,0.004031224310669081,-0.0009005089122829085,-0.002473495595441078,0.04840670756013699,0.03303479232699185,-0.027028257202448634,-0.008792622916572176,-0.0027991331389449173,-0.04111386783866658,0.02552444499334175,0.018857022248147663,0.01071097025489346,0.015806692394505054,0.01808004986221401,0.009994436806388748,-0.00509679315770599
SSU10101,-0.025125066825550574,0.010960001473851273,0.007932182089229965,1.0,-0.0495629786255442,-0.0015048343447828486,-0.0008764653362657624,-0.0019322882224695342,0.015383651535144772,-0.007269847760141002,-0.006330610910062573,2.9225331258828033e-06,0.00934465484020131,-0.00011006672068374391,-0.011994716870768949,0.011736262032098425,0.007966348340205149,-0.009475366004465703,0.006899059580546975,-0.0348195680211413,0.015480330242256422,0.004777323933323064,0.002396586464682743,0.011630542472812744,-0.00035438764687132946,-0.001954024549215816,-0.020606772611218814,-0.013330526597333966,-0.003310229357712083,0.01126851230726311,0.003743131352473644,-0.019641829905866496,-0.007621496784045343,0.0008476197157384073,0.03275406778189616,0.0022049484346265136,0.02628422654254988,0.01301769896993208,0.01126810685941609,0.0172447146164003,0.02022498090485088
SSU10104,-0.014570070186362367,-0.026548967467500097,-0.007114809418435306,-0.0495629786255442,1.0,-0.010546128208636657,0.00206525493720275,-0.0007494582027857455,-0.008630071227486054,-0.013856497779260329,-0.013511191039209057,0.010023063478865307,-0.012885257103729376,0.0036390592047084295,0.006880411010117889,0.006835983217263775,0.009336240413302025,0.010975407030220952,-0.008653078216342154,-0.02887707875404838,0.02496371335158533,-0.02474315349665253,0.02129701927596322,0.03408023856115437,-0.004056631074036994,0.002380331098092088,0.026182326680604058,0.01603426118565079,0.011973004755419518,-0.03122038091338788,0.021580094111541045,-0.005627708278326149,0.002980761581507365,0.02074513298664845,-0.002569422294816219,0.01957793631343779,0.013318135542644221,-0.017898271430899438,0.019474973404555024,-0.0020594729023527456,0.0007211633408699843
SSU10107,0.017009174603254833,-0.02794963754543886,0.0031715844094970438,-0.0015048343447828486,-0.010546128208636657,1.0,0.0036595363862770925,0.015463287123234337,0.010111509307798094,-0.03330153508018541,-0.00643570808539305,-0.012667185895401431,0.031111952975505903,-0.001898235067810301,0.013640344831440682,-0.002659948536507116,-0.006593549275459127,0.0018885173341568076,-0.006311380175293335,0.006071940635547521,-0.010799458100398961,9.295024623465771e-05,-0.02133982183432219,-0.009592322263100929,0.0014468557006086335,-0.009939268647878858,-0.025600468804122617,-0.003179061370037238,0.0029742387746947824,0.011805027986853622,0.033890612160955486,-0.014115510002491996,-0.015248618653338195,-0.0186655162771677,0.003803192460897322,0.0012596270444952976,0.020964343473993764,0.02745420266746984,0.011806177304918552,0.009171344744486038,0.002237347619646146
CSU10101,-0.0033149749873326263,0.023126423150432,0.0011075024564516144,-0.0008764653362657624,0.00206525493720275,0.0036595363862770925,1.0,-0.03135411099018649,0.005329948219123986,0.004278597027349337,0.002712043716310208,0.03214807627895325,0.01200924063217662,0.019392890359005537,-0.004356028650994369,0.014980815777384367,-0.018843285278587977,-0.005139467428976629,0.0022217180713534125,-0.013089364215771136,0.018535257043019053,-0.010312305296494304,-0.05092183657358255,-0.027063717209904713,0.020568649507015677,0.03244075684011533,0.016178826730376163,0.003793578882142666,0.02730935625447452,0.010988764983701318,-0.0002849552531922485,-0.007389229170635535,-0.02482587649429955,-0.007535828563375802,-0.020198561115243614,0.010863917595835769,0.005835463208840892,-0.0033165160065792816,0.04380219817248444,0.017141586608890525,-0.018159991305273706
CSU10104,0.01813921444025649,-0.009142978800911609,-0.026104602512487605,-0.0019322882224695342,-0.0007494582027857455,0.015463287123234337,-0.03135411099018649,1.0,0.01658665049823773,-0.002934651297962113,-0.013110237230408538,0.011316700299437432,0.039236650939428616,0.013522112295538208,-0.028337848610184242,0.0070337794844377985,0.013697319080618896,-0.008092752217717077,0.020442863957089687,-0.00041006583096191336,0.003016586688127469,-0.042775017131308116,-0.016380460148719998,-0.003039139495575886,-0.03459578535821483,0.014981530187774083,-0.0029033962029644442,-0.0035386953266290854,0.001959013733702045,-0.03069137483758477,-0.005583717415124947,0.009285886969937021,0.007052053042143838,0.00028684545093095906,0.02517594810145654,0.0033931378560430802,0.009479908705039895,-0.01869150415303345,0.009973347648605227,-0.01761835038992511,-0.022335208173129912
CSU10107,0.04593291584243011,-0.01359867267728189,0.013548519814489984,0.015383651535144772,-0.008630071227486054,0.010111509307798094,0.005329948219123986,0.01658665049823773,1.0,-0.023344603685895547,0.0012501043775923338,0.006221908126773437,0.00902622870282747,-0.009743556271539656,-0.011498330007597774,0.015926377657458073,-0.004001963917512615,-0.008744228708043837,-0.023804222848641497,-0.01339066356066058,-0.01822463907823086,-0.02136934252597927,-0.00024578301913498116,0.01948765842496073,0.0038427270096138963,-0.006984075871541819,0.015703758193582933,-0.0285960585783801,-0.04392934995055717,-0.028026361890973638,-0.020709776692751338,0.0037684819225297845,-0.0038923289186580867,0.027242728445825818,0.008737493748263521,0.006233487414463904,0.008015403429511438,-0.0031383545655069567,-0.007183820192685299,-0.026958831767009778,-0.025506315543031018
GNT10101,-0.005102443230955929,0.015065797116765582,-0.012968343526812271,-0.007269847760141002,-0.013856497779260329,-0.03330153508018541,0.004278597027349337,-0.002934651297962113,-0.023344603685895547,1.0,-0.01729846387764603,-0.029530871213841348,0.009782431558426195,0.041940468232730684,-0.019010161164890106,-0.005658493200005204,0.012730480864077118,-0.005513656041631401,-0.034524003633169285,-0.0077415129510485965,-0.013191427083713118,0.001406498636275352,0.025698732741790513,-0.016340241223271212,-0.00818501531555931,-0.020917096310145992,0.008079003471582502,0.02122936122278368,0.012669829331635662,-0.007275270734641698,0.019724088259531373,0.0024868837085009507,0.005328451710101889,0.011573571767978907,-0.022052756833559232,0.01574374434047867,0.00026364368508969513,-0.022122117527598816,0.01916268456175593,0.004255257366200083,-0.018602198536462625
GNT10104,0.0008558114579616403,0.0018123578398606922,0.04010575318386705,-0.006330610910062573,-0.013511191039209057,-0.00643570808539305,0.002712043716310208,-0.013110237230408538,0.0012501043775923338,-0.01729846387764603,1.0,-0.01843614133426349,0.033592601928912835,-0.01045277794486722,-0.006459292776550008,0.012058783542968089,0.014690770420614736,0.024078266059049877,-0.002447570383772259,-0.0009039972610037307,-0.01644064302164793,0.022340422305843065,-0.004790905435089696,-0.011975082418413531,-0.001506709330281315,0.010654226486307988,0.02977237214618563,-0.0057767024361792515,0.01508462008895493,0.02539560605025931,-0.006843944394757745,-0.011594726516522512,0.0078511369105274,-0.03345017627255404,0.018736199562131902,-0.010873056975067172,0.032475003093981394,0.004788019291734866,0.010697012175915354,0.0056318988931507545,0.013538753662781441
CGS10101,-0.0036554767402126854,-0.01272168553998795,-0.009230075109412775,2.9225331258828033e-06,0.010023063478865307,-0.012667185895401431,0.03214807627895325,0.011316700299437432,0.006221908126773437,-0.029530871213841348,-0.01843614133426349,1.0,0.0022696800946359987,-0.007857988650480817,-0.02117917585380975,0.03718187100623089,-0.0431269448598422,-0.0026171547005753126,0.0315926560082586,0.03476916794431654,0.02074633815739363,0.008131993251042609,0.013397432533639883,0.015209477134161464,0.023036262559997963,0.010862307787299958,-0.03700633735316731,-0.038417392990808444,-0.0035821522774309037,0.008873944873140046,-0.017205909837572805,0.008331066044716425,0.01921806212816919,0.030292848216710726,-0.006919462491206403,0.007957183126513745,0.003526849801005417,0.0033455953093844268,-0.012723432842187793,0.015495843204792923,-0.024057126026337923
CGS10104,0.0023000974673383205,-0.009513650193380378,-0.011063027021381724,0.00934465484020131,-0.012885257103729376,0.031111952975505903,0.01200924063217662,0.039236650939428616,0.00902622870282747,0.009782431558426195,0.033592601928912835,0.0022696800946359987,1.0,-0.0026056587486341333,0.013428584386983725,0.02909568390722842,-0.0023914935161489744,0.010830695054987339,-0.001471015664041362,0.008800616953390513,-0.0009717687385530646,-0.003250412945230326,-0.018119441567873075,-0.007467119178813203,-0.017484152766990144,-0.021059347395534826,-0.012932126839553717,0.01658646080957018,0.006635382739701337,-0.02007999820507601,-0.025590493981087457,0.013778340149693152,-6.629742399001465e-05,-0.005093130272841617,0.009573864286538072,0.011163277732295699,-0.008846961524246888,0.011495057004019498,0.02394090320225092,0.002288569402138749,-0.01752353982433992
CGS10107,-0.0044634418567049555,0.019711559793496092,-0.0066574504653300805,-0.00011006672068374391,0.0036390592047084295,-0.001898235067810301,0.019392890359005537,0.013522112295538208,-0.009743556271539656,0.041940468232730684,-0.01045277794486722,-0.007857988650480817,-0.0026056587486341333,1.0,0.03638592754422615,-0.03268936110622556,0.00955909885983708,-0.017997679729892607,-0.014276070096468136,0.026589736707153866,0.014038377883287344,0.012854681957186677,0.011161238193253778,0.0050386268867718435,-0.03899653144857357,-0.010870440258773869,-0.010638787226186813,-0.013925885645037632,-0.009268672791234441,-0.008219935247774954,0.014702373086848177,-0.0029359259613060663,-0.031322544961115334,0.028081006422979532,0.014484845342663632,-0.01155832844392701,-0.002207016862867101,0.0206163115796348,-0.0009423028027895871,0.014152468600274068,-0.006086201751630298
GRC10101,0.007366822369440209,0.011604389295316837,0.01715292465151812,-0.011994716870768949,0.006880411010117889,0.013640344831440682,-0.004356028650994369,-0.028337848610184242,-0.011498330007597774,-0.019010161164890106,-0.006459292776550008,-0.02117917585380975,0.013428584386983725,0.03638592754422615,1.0,0.03005158635291337,0.04006156383668317,-0.005394630056040387,-0.012663494757283126,0.01771428834063605,0.007051810160354803,-0.02342296037934141,0.005881692085195427,0.009771926662438637,-0.013816073768379908,-0.030518956890325334,0.040745598801167626,-0.0008861879606292327,0.008981051520764238,0.022478324328343423,0.00837527588566564,0.008143143757989184,0.021820776482436098,-0.01628144542052394,0.005742194237992381,-0.030658214884680225,-0.014900173764493043,-0.04463111060345127,0.02411363823961147,0.05035158290754767,0.0006841024400364253
GRC10105,-0.004821974270090357,-0.007985461866616856,0.023139169417940454,0.011736262032098425,0.006835983217263775,-0.002659948536507116,0.014980815777384367,0.0070337794844377985,0.015926377657458073,-0.005658493200005204,0.012058783542968089,0.03718187100623089,0.02909568390722842,-0.03268936110622556,0.03005158635291337,1.0,-0.012018482123008455,-0.00048689013540898423,0.028416860690290577,0.0002529733198849502,-0.012404858500601343,-0.0052532863633260795,0.010236429142763032,-0.0023986262144691287,0.020079316283422223,-0.021787033134278523,0.019362486764909658,0.010134923636541907,-0.0032856923582899014,-0.0004014896488675849,-0.0030424635493394385,-0.01900834996563785,0.036405818405623756,0.016283751430573794,-0.0017700336924432627,0.01197622866780611,-0.0035860346230652262,0.009577714609913548,-0.044648919574245625,0.006623808963820544,-0.015622761991742505
GRC10108,-0.0013808790922796548,0.00823901716700141,0.025514574672716304,0.007966348340205149,0.009336240413302025,-0.006593549275459127,-0.018843285278587977,0.013697319080618896,-0.004001963917512615,0.012730480864077118,0.014690770420614736,-0.0431269448598422,-0.0023914935161489744,0.00955909885983708,0.04006156383668317,-0.012018482123008455,1.0,0.014994673161181006,-0.018366612752484968,-0.0017742262281443442,-0.017786116793299077,-0.0011058730658743915,-0.017712463806409492,-0.02723402407174754,-0.03788181422900713,-0.02645366015026505,0.03403120972095399,-0.005753200412190163,-0.004701013350319483,0.007082829956192864,-0.019319242396355782,0.005443502756457783,-0.0061856407052394355,0.00327895844241762,0.016130153078462172,-0.02480834772699462,0.0053222424977612945,-0.03604410910603698,0.03715903578327948,0.001447792199791701,0.012003797106054682
ERM10101,-0.02435596242189877,-0.012728812296681173,-0.0072978760656123185,-0.009475366004465703,0.010975407030220952,0.0018885173341568076,-0.005139467428976629,-0.008092752217717077,-0.008744228708043837,-0.005513656041631401,0.024078266059049877,-0.0026171547005753126,0.010830695054987339,-0.017997679729892607,-0.005394630056040387,-0.00048689013540898423,0.014994673161181006,1.0,0.0023742917119619184,-0.020283880881771885,0.033207832495045914,-0.015624722718715116,0.0026551469527539735,0.004946354260129058,-0.03754482445260102,0.002810580144071896,0.029746683506863957,-0.021616094872243013,0.002956730580381204,0.004124213180038174,-0.0019249887726485654,-0.0170471675450252,0.038733677678077075,-0.024152946374281444,0.000604936090830495,0.027868726573694026,-0.020497031457911728,-0.010256428471170252,0.001967056836066576,0.021932711553811914,-0.009956911066977357
ERM10104,-0.027455790340462343,0.01226117314437255,-0.009394950307896685,0.006899059580546975,-0.008653078216342154,-0.006311380175293335,0.0022217180713534125,0.020442863957089687,-0.023804222848641497,-0.034524003633169285,-0.002447570383772259,0.0315926560082586,-0.001471015664041362,-0.014276070096468136,-0.012663494757283126,0.028416860690290577,-0.018366612752484968,0.0023742917119619184,1.0,-0.04511348530310047,0.01483920248557371,0.016306753081749937,0.02285206839919825,-0.02134231230561065,-0.0017784685476830012,-0.01862942776463341,-0.004052461861392425,-0.024998762454903487,-0.01333683514401644,0.009897564026480135,0.010085853439728613,0.003945475102878437,-0.00041647975483746476,-0.011124870858280478,-0.01543458911337428,-0.02610778147052918,0.025376848457333432,0.02442278331397052,-0.0006558958412787689,0.008943495434817362,-0.006511952345230518
ERM10107,0.022340454068042144,0.00861164216600846,-0.013160627744407367,-0.0348195680211413,-0.02887707875404838,0.006071940635547521,-0.013089364215771136,-0.00041006583096191336,-0.01339066356066058,-0.0077415129510485965,-0.0009039972610037307,0.03476916794431654,0.008800616953390513,0.026589736707153866,0.01771428834063605,0.0002529733198849502,-0.0017742262281443442,-0.020283880881771885,-0.04511348530310047,1.0,-0.0032987708078134653,-0.00537004480795839,-0.02694103618682189,-0.006818943177914293,0.007920759406711005,-0.027530684058054818,-0.01774092100646315,-0.0012246167630682178,0.01230886562711415,0.010180104988294627,-0.029523887212703433,0.014091178471059245,-0.009261785719420514,-0.03481421398423304,-0.0012577460666417083,-0.027786114626953937,0.01421709104511314,0.0030231487036314446,0.005159705762249735,-0.008369114278938144,0.03475853786943676
AUD10101,-0.0044668442486141356,-0.0006179418978915462,-0.02649077885177808,0.015480330242256422,0.02496371335158533,-0.010799458100398961,0.018535257043019053,0.003016586688127469,-0.01822463907823086,-0.013191427083713118,-0.01644064302164793,0.02074633815739363,-0.0009717687385530646,0.014038377883287344,0.007051810160354803,-0.012404858500601343,-0.017786116793299077,0.033207832495045914,0.01483920248557371,-0.0032987708078134653,1.0,-0.0010234528965927777,-0.006813937608989169,-0.007899031597099855,-0.020847836662572467,0.012463981594835815,-0.01148682061690428,-0.010578361018050233,-0.007524853050823125,-0.019146788991108596,0.023622289349041436,0.03294558137625363,-0.02513988495136071,-0.009430994736529301,-0.009674526465394035,-0.004624540754822715,0.008562625334188775,-0.011408989290518345,0.012020655351250329,0.004467244987772639,-0.023354122438340567
AUD10104,-0.020727733083362374,0.008062831466806353,-0.0036547849403407075,0.004777323933323064,-0.02474315349665253,9.295024623465771e-05,-0.010312305296494304,-0.042775017131308116,-0.02136934252597927,0.001406498636275352,0.022340422305843065,0.008131993251042609,-0.003250412945230326,0.012854681957186677,-0.02342296037934141,-0.0052532863633260795,-0.0011058730658743915,-0.015624722718715116,0.016306753081749937,-0.00537004480795839,-0.0010234528965927777,1.0,-0.009310746801211732,0.018900507352008603,-0.018797553405534767,0.016806705703818335,0.002971543970022635,0.017586794169993644,-0.005115416376087447,-0.005857488456464678,0.013208577613281003,0.02470161168129196,0.01770226637536658,0.020537377435099185,-0.05844006577030603,-0.02273627318705026,-0.0127717202042299,0.020180709840147068,0.0034429391752210073,0.02395305322018911,-0.011497786907611489
AUD10107,-0.0019063712206364505,0.003270255562803912,-0.051665345612630725,0.002396586464682743,0.02129701927596322,-0.02133982183432219,-0.05092183657358255,-0.016380460148719998,-0.00024578301913498116,0.025698732741790513,-0.004790905435089696,0.013397432533639883,-0.018119441567873075,0.011161238193253778,0.005881692085195427,0.010236429142763032,-0.017712463806409492,0.0026551469527539735,0.02285206839919825,-0.02694103618682189,-0.006813937608989169,-0.009310746801211732,1.0,0.024673151560504657,0.014886569867466302,-0.034398901188193595,0.013987984844473843,0.031760880389228446,-0.028976064250528236,-0.007717231681284045,0.01660229678452615,-0.043666259779100505,0.012946978219149535,-0.013878740588199144,0.013126034024636975,0.013533697306736339,0.012790826553779123,0.013042533211513458,-0.02530788750531238,-0.029899061090775718,0.010999030328192234
POL10101,0.014708373988319834,-0.0073406626629231525,-0.0049603964989019264,0.011630542472812744,0.03408023856115437,-0.009592322263100929,-0.027063717209904713,-0.003039139495575886,0.01948765842496073,-0.016340241223271212,-0.011975082418413531,0.015209477134161464,-0.007467119178813203,0.0050386268867718435,0.009771926662438637,-0.0023986262144691287,-0.02723402407174754,0.004946354260129058,-0.02134231230561065,-0.006818943177914293,-0.007899031597099855,0.018900507352008603,0.024673151560504657,1.0,-0.002428275577489329,-0.0051152857490653165,-0.0021413593991518078,0.011883702864763694,0.019066797081789745,0.005259362156412902,0.004330643815948828,-0.012156023723676598,-0.0016706755504780216,0.0260008137341835,0.024835629603464977,-0.007127841080968682,0.0053763719126929755,-0.00019568480312112535,-0.030706151552833363,0.019138567102609735,0.006263235330294192
POL10104,-0.02747771963490097,-0.0011543090145912055,0.014112368096297017,-0.00035438764687132946,-0.004056631074036994,0.0014468557006086335,0.020568649507015677,-0.03459578535821483,0.0038427270096138963,-0.00818501531555931,-0.001506709330281315,0.023036262559997963,-0.017484152766990144,-0.03899653144857357,-0.013816073768379908,0.020079316283422223,-0.03788181422900713,-0.03754482445260102,-0.0017784685476830012,0.007920759406711005,-0.020847836662572467,-0.018797553405534767,0.014886569867466302,-0.002428275577489329,1.0,-0.009589559003815822,0.013454203136918797,0.01173684513688925,0.021727953622611592,-0.022242453998367336,-0.005505455660920097,-0.006085651526922549,0.009837273877821335,0.007845243440717568,-0.0017922417555287324,0.017042071059861733,-0.04234087802955787,-0.012063107544241837,-0.018618170937425654,0.0034048219557318606,-0.0011382666324069163
POL10107,0.009174423651384028,0.0184028858474349,0.004031224310669081,-0.001954024549215816,0.002380331098092088,-0.009939268647878858,0.03244075684011533,0.014981530187774083,-0.006984075871541819,-0.020917096310145992,0.010654226486307988,0.010862307787299958,-0.021059347395534826,-0.010870440258773869,-0.030518956890325334,-0.021787033134278523,-0.02645366015026505,0.002810580144071896,-0.01862942776463341,-0.027530684058054818,0.012463981594835815,0.016806705703818335,-0.034398901188193595,-0.0051152857490653165,-0.009589559003815822,1.0,0.0068372930266369265,0.021241150359462842,-0.022024017041981227,-0.012701859017880585,0.008704569850451743,0.009285947974988626,0.017887036083906082,-0.0042574834869076915,0.014837473588795846,0.011130604776570937,0.020372870483030187,-0.014869023709968359,0.010503603754796899,-0.016049659190752037,0.02928779336106204
REG10101,0.022753857275938906,-0.0063659088114407115,-0.0009005089122829085,-0.020606772611218814,0.026182326680604058,-0.025600468804122617,0.016178826730376163,-0.0029033962029644442,0.015703758193582933,0.008079003471582502,0.02977237214618563,-0.03700633735316731,-0.012932126839553717,-0.010638787226186813,0.040745598801167626,0.019362486764909658,0.03403120972095399,0.029746683506863957,-0.004052461861392425,-0.01774092100646315,-0.01148682061690428,0.002971543970022635,0.013987984844473843,-0.0021413593991518078,0.013454203136918797,0.0068372930266369265,1.0,-0.014751374088100165,0.0075360879354478,-0.013738105017503265,-0.023795158779671845,-0.004569620836742155,-0.004603384232284832,-0.012965175632418472,0.0003688365404937999,0.01071029094088011,0.02220059442606101,-0.012062495857438182,-0.028682068841950865,0.027608781057626135,0.01806284093676983
REG10104,-0.010912744492651073,-0.028289079128474465,-0.002473495595441078,-0.013330526597333966,0.01603426118565079,-0.003179061370037238,0.003793578882142666,-0.0035386953266290854,-0.0285960585783801,0.02122936122278368,-0.0057767024361792515,-0.038417392990808444,0.01658646080957018,-0.013925885645037632,-0.0008861879606292327,0.010134923636541907,-0.005753200412190163,-0.021616094872243013,-0.024998762454903487,-0.0012246167630682178,-0.010578361018050233,0.017586794169993644,0.031760880389228446,0.011883702864763694,0.01173684513688925,0.021241150359462842,-0.014751374088100165,1.0,0.02852306094281632,0.009942380971001061,0.008676709745376671,-0.006294882209959804,-0.01689412807205149,0.004391068431885387,0.04174149592556874,0.020699520992831087,0.03923518894584225,0.03293761606763639,0.018835834746805055,-0.023930856476283065,-0.013693022289429238
REG10107,0.007393178542382401,0.007976301971549015,0.04840670756013699,-0.003310229357712083,0.011973004755419518,0.0029742387746947824,0.02730935625447452,0.001959013733702045,-0.04392934995055717,0.012669829331635662,0.01508462008895493,-0.0035821522774309037,0.006635382739701337,-0.009268672791234441,0.008981051520764238,-0.0032856923582899014,-0.004701013350319483,0.002956730580381204,-0.01333683514401644,0.01230886562711415,-0.007524853050823125,-0.005115416376087447,-0.028976064250528236,0.019066797081789745,0.021727953622611592,-0.022024017041981227,0.0075360879354478,0.02852306094281632,1.0,0.00468533659626791,0.030875867540262607,-0.0032629623268377313,-0.02800648083366525,0.013645670721688893,-0.01909790800421693,-0.018765159014349816,-0.022132818865058305,-0.0030351100443351507,0.0009765043565183194,0.023123377755640766,-0.02604304775926956
ETI10101,-0.008950718352858818,0.03268235157501541,0.03303479232699185,0.01126851230726311,-0.03122038091338788,0.011805027986853622,0.010988764983701318,-0.03069137483758477,-0.028026361890973638,-0.007275270734641698,0.02539560605025931,0.008873944873140046,-0.02007999820507601,-0.008219935247774954,0.022478324328343423,-0.0004014896488675849,0.007082829956192864,0.004124213180038174,0.009897564026480135,0.010180104988294627,-0.019146788991108596,-0.005857488456464678,-0.007717231681284045,0.005259362156412902,-0.022242453998367336,-0.012701859017880585,-0.013738105017503265,0.009942380971001061,0.00468533659626791,1.0,0.0091208393346991,-0.014121705700702624,-0.01253221294521316,0.016769981283001868,0.0014021705918941512,0.0073325720001242945,0.030288066589894615,0.014363266657985832,0.021079833403866252,-0.011728524247768341,0.021282529651613407
ETI10104,0.042743842843726114,-0.0022580155436063847,-0.027028257202448634,0.003743131352473644,0.021580094111541045,0.033890612160955486,-0.0002849552531922485,-0.005583717415124947,-0.020709776692751338,0.019724088259531373,-0.006843944394757745,-0.017205909837572805,-0.025590493981087457,0.014702373086848177,0.00837527588566564,-0.0030424635493394385,-0.019319242396355782,-0.0019249887726485654,0.010085853439728613,-0.029523887212703433,0.023622289349041436,0.013208577613281003,0.01660229678452615,0.004330643815948828,-0.005505455660920097,0.008704569850451743,-0.023795158779671845,0.008676709745376671,0.030875867540262607,0.0091208393346991,1.0,-0.023128605116449947,0.006909987987431248,-0.01235814045444539,-0.014544131073568504,-0.010658366349133972,-0.026369136831637333,0.0037610838067880276,0.011409030319802983,0.00564559749010641,0.020027827511664115
ETI10107,0.006532736902438522,0.007761093390098998,-0.008792622916572176,-0.019641829905866496,-0.005627708278326149,-0.014115510002491996,-0.007389229170635535,0.009285886969937021,0.0037684819225297845,0.0024868837085009507,-0.011594726516522512,0.008331066044716425,0.013778340149693152,-0.0029359259613060663,0.008143143757989184,-0.01900834996563785,0.005443502756457783,-0.0170471675450252,0.003945475102878437,0.014091178471059245,0.03294558137625363,0.02470161168129196,-0.043666259779100505,-0.012156023723676598,-0.006085651526922549,0.009285947974988626,-0.004569620836742155,-0.006294882209959804,-0.0032629623268377313,-0.014121705700702624,-0.023128605116449947,1.0,-0.031205153218626085,-0.015209381838660241,0.009647435032677327,0.00854689145544791,-0.01401904181092834,0.02286698508003564,0.011907452748763968,0.012849509767894734,0.008838769769455558
CGV10101,-0.0050811419106449535,-0.03850373751063105,-0.0027991331389449173,-0.007621496784045343,0.002980761581507365,-0.015248618653338195,-0.02482587649429955,0.007052053042143838,-0.0038923289186580867,0.005328451710101889,0.0078511369105274,0.01921806212816919,-6.629742399001465e-05,-0.031322544961115334,0.021820776482436098,0.036405818405623756,-0.0061856407052394355,0.038733677678077075,-0.00041647975483746476,-0.009261785719420514,-0.02513988495136071,0.01770226637536658,0.012946978219149535,-0.0016706755504780216,0.009837273877821335,0.017887036083906082,-0.004603384232284832,-0.01689412807205149,-0.02800648083366525,-0.01253221294521316,0.006909987987431248,-0.031205153218626085,1.0,0.002436611608270687,0.055380018637808275,0.011689041260128376,-0.0361657475337538,0.017272283548149255,0.0009741078816715801,-0.00347502639801046,0.017222564215070506
CGV10104,0.017455199118683432,0.006029504995582137,-0.04111386783866658,0.0008476197157384073,0.02074513298664845,-0.0186655162771677,-0.007535828563375802,0.00028684545093095906,0.027242728445825818,0.011573571767978907,-0.03345017627255404,0.030292848216710726,-0.005093130272841617,0.028081006422979532,-0.01628144542052394,0.016283751430573794,0.00327895844241762,-0.024152946374281444,-0.011124870858280478,-0.03481421398423304,-0.009430994736529301,0.020537377435099185,-0.013878740588199144,0.0260008137341835,0.007845243440717568,-0.0042574834869076915,-0.012965175632418472,0.004391068431885387,0.013645670721688893,0.016769981283001868,-0.01235814045444539,-0.015209381838660241,0.002436611608270687,1.0,0.013269909703305102,-0.015639656729068356,0.03531774969345677,-0.039097412295563565,-0.01972589721936847,0.03188184890938566,0.007722361466164025
CGV10107,-0.00042024451704538606,0.010940815910949982,0.02552444499334175,0.03275406778189616,-0.002569422294816219,0.003803192460897322,-0.020198561115243614,0.02517594810145654,0.008737493748263521,-0.022052756833559232,0.018736199562131902,-0.006919462491206403,0.009573864286538072,0.014484845342663632,0.005742194237992381,-0.0017700336924432627,0.016130153078462172,0.000604936090830495,-0.01543458911337428,-0.0012577460666417083,-0.009674526465394035,-0.05844006577030603,0.013126034024636975,0.024835629603464977,-0.0017922417555287324,0.014837473588795846,0.0003688365404937999,0.04174149592556874,-0.01909790800421693,0.0014021705918941512,-0.014544131073568504,0.009647435032677327,0.055380018637808275,0.013269909703305102,1.0,0.010707259988788706,-0.01061990653952986,-0.021538562420591396,-0.0327981197327827,-0.010993966153189347,0.0237256082682217
IGV10101,0.0010880523269090085,-0.006524078563135549,0.018857022248147663,0.0022049484346265136,0.01957793631343779,0.0012596270444952976,0.010863917595835769,0.0033931378560430802,0.006233487414463904,0.01574374434047867,-0.010873056975067172,0.007957183126513745,0.011163277732295699,-0.01155832844392701,-0.030658214884680225,0.01197622866780611,-0.02480834772699462,0.027868726573694026,-0.02610778147052918,-0.027786114626953937,-0.004624540754822715,-0.02273627318705026,0.013533697306736339,-0.007127841080968682,0.017042071059861733,0.011130604776570937,0.01071029094088011,0.020699520992831087,-0.018765159014349816,0.0073325720001242945,-0.010658366349133972,0.00854689145544791,0.011689041260128376,-0.015639656729068356,0.010707259988788706,1.0,-0.02933352025195978,0.009476805352937894,0.0023666100905068315,0.00625462770653527,-0.006547732808593297
IGV10104,-0.002634933618437995,0.013236654520337541,0.01071097025489346,0.02628422654254988,0.013318135542644221,0.020964343473993764,0.005835463208840892,0.009479908705039895,0.008015403429511438,0.00026364368508969513,0.032475003093981394,0.003526849801005417,-0.008846961524246888,-0.002207016862867101,-0.014900173764493043,-0.0035860346230652262,0.0053222424977612945,-0.020497031457911728,0.025376848457333432,0.01421709104511314,0.008562625334188775,-0.0127717202042299,0.012790826553779123,0.0053763719126929755,-0.04234087802955787,0.020372870483030187,0.02220059442606101,0.03923518894584225,-0.022132818865058305,0.030288066589894615,-0.026369136831637333,-0.01401904181092834,-0.0361657475337538,0.03531774969345677,-0.01061990653952986,-0.02933352025195978,1.0,0.005430132114014466,0.036924037799460754,0.01292650156681462,-0.010246222399953217
IGV10107,-0.04341193648573158,0.007846421992806548,0.015806692394505054,0.01301769896993208,-0.017898271430899438,0.02745420266746984,-0.0033165160065792816,-0.01869150415303345,-0.0031383545655069567,-0.022122117527598816,0.004788019291734866,0.0033455953093844268,0.011495057004019498,0.0206163115796348,-0.04463111060345127,0.009577714609913548,-0.03604410910603698,-0.010256428471170252,0.02442278331397052,0.0030231487036314446,-0.011408989290518345,0.020180709840147068,0.013042533211513458,-0.00019568480312112535,-0.012063107544241837,-0.014869023709968359,-0.012062495857438182,0.03293761606763639,-0.0030351100443351507,0.014363266657985832,0.0037610838067880276,0.02286698508003564,0.017272283548149255,-0.039097412295563565,-0.021538562420591396,0.009476805352937894,0.005430132114014466,1.0,-0.017073055450896466,-0.002796624392814481,0.0023784788861850497
CPI10101,0.007554973115755746,-0.018512730477440956,0.01808004986221401,0.01126810685941609,0.019474973404555024,0.011806177304918552,0.04380219817248444,0.009973347648605227,-0.007183820192685299,0.01916268456175593,0.010697012175915354,-0.012723432842187793,0.02394090320225092,-0.0009423028027895871,0.02411363823961147,-0.044648919574245625,0.03715903578327948,0.001967056836066576,-0.0006558958412787689,0.005159705762249735,0.012020655351250329,0.0034429391752210073,-0.02530788750531238,-0.030706151552833363,-0.018618170937425654,0.010503603754796899,-0.028682068841950865,0.018835834746805055,0.0009765043565183194,0.021079833403866252,0.011409030319802983,0.011907452748763968,0.0009741078816715801,-0.01972589721936847,-0.0327981197327827,0.0023666100905068315,0.036924037799460754,-0.017073055450896466,1.0,0.014308705769863764,-0.018488119668718696
CPI10104,0.012996089279087806,0.02521951715840235,0.009994436806388748,0.0172447146164003,-0.0020594729023527456,0.009171344744486038,0.017141586608890525,-0.01761835038992511,-0.026958831767009778,0.004255257366200083,0.0056318988931507545,0.015495843204792923,0.002288569402138749,0.014152468600274068,0.05035158290754767,0.006623808963820544,0.001447792199791701,0.021932711553811914,0.008943495434817362,-0.008369114278938144,0.004467244987772639,0.02395305322018911,-0.029899061090775718,0.019138567102609735,0.0034048219557318606,-0.016049659190752037,0.027608781057626135,-0.023930856476283065,0.023123377755640766,-0.011728524247768341,0.00564559749010641,0.012849509767894734,-0.00347502639801046,0.03188184890938566,-0.010993966153189347,0.00625462770653527,0.01292650156681462,-0.002796624392814481,0.014308705769863764,1.0,-0.028390247007645746
CPI10107,0.01056849990732476,0.024226575971620815,-0.00509679315770599,0.02022498090485088,0.0007211633408699843,0.002237347619646146,-0.018159991305273706,-0.022335208173129912,-0.025506315543031018,-0.018602198536462625,0.013538753662781441,-0.024057126026337923,-0.01752353982433992,-0.006086201751630298,0.0006841024400364253,-0.015622761991742505,0.012003797106054682,-0.009956911066977357,-0.006511952345230518,0.03475853786943676,-0.023354122438340567,-0.011497786907611489,0.010999030328192234,0.006263235330294192,-0.0011382666324069163,0.02928779336106204,0.01806284093676983,-0.013693022289429238,-0.02604304775926956,0.021282529651613407,0.020027827511664115,0.008838769769455558,0.017222564215070506,0.007722361466164025,0.0237256082682217,-0.006547732808593297,-0.010246222399953217,0.0023784788861850497,-0.018488119668718696,-0.028390247007645746,1.0

Sub_modules Correlation Matrix
,ESU10000,SSU10000,CSU10000,GNT10000,CGS10000,GRC10000,ERM10000,AUD10000,POL10000,REG10000,ETI10000,CGV10000,IGV10000,CPI10000
ESU10000,1.0,-0.021432813193142906,0.013787253918099415,0.01786221596699326,-0.01226093075784275,0.0268072884045715,-0.016414337123002914,-0.0331404378174018,0.0071343773639847355,0.011678947153616332,0.02475948646832495,-0.010306201537048539,0.008218296606199865,0.02849727632021533
SSU10000,-0.021432813193142906,1.0,0.011617285986424893,-0.03382147372897399,0.009079960333474472,0.012010628446548537,-0.021999261835567746,0.004279547902536721,0.008196066260280644,-0.0027916373351652072,0.0037945842483791004,0.006018548856753402,0.03617559031945218,0.03114721547461909
CSU10000,0.013787253918099415,0.011617285986424893,1.0,-0.012867543776187644,0.044737129339382335,-0.0024963412968511045,-0.017016675542320742,-0.04670658777165888,0.00642048015699006,-0.004716927501714818,-0.023154749816250056,0.003902164231095623,0.00612653134170016,-0.015426001546987134
GNT10000,0.01786221596699326,-0.03382147372897399,-0.012867543776187644,1.0,0.011202995397689534,0.005899348330165733,-0.011617888717750583,0.006284562897186903,-0.019917010686916904,0.03309677345694908,0.009087457676164269,-0.004702559417249843,0.008269063638623864,0.014587815163077028
CGS10000,-0.01226093075784275,0.009079960333474472,0.044737129339382335,0.011202995397689534,1.0,0.007078304095008991,0.026333326124473533,0.019335294437117283,-0.014227805472547359,-0.03391090918859324,-0.009655855499741801,0.018788427587903306,0.01201340851473318,-0.001881381076542277
GRC10000,0.0268072884045715,0.012010628446548537,-0.0024963412968511045,0.005899348330165733,0.007078304095008991,1.0,0.008030872095874175,-0.0185369968390181,-0.043539975175193674,0.030755558645050817,0.0007756459944629066,0.02493762171250397,-0.038875729400569076,0.02037975430692605
ERM10000,-0.016414337123002914,-0.021999261835567746,-0.017016675542320742,-0.011617888717750583,0.026333326124473533,0.008030872095874175,1.0,0.013043699682180793,-0.03356708784584154,-0.013217251022268242,0.001451785344536235,-0.019001677962121922,0.0036142270874128467,0.016248875003453997
AUD10000,-0.0331404378174018,0.004279547902536721,-0.04670658777165888,0.006284562897186903,0.019335294437117283,-0.0185369968390181,0.013043699682180793,1.0,0.001850657455438921,0.0010973019273028278,0.011903370678165697,-0.01741104426314695,0.005465400263159554,-0.011778072150921338
POL10000,0.0071343773639847355,0.008196066260280644,0.00642048015699006,-0.019917010686916904,-0.014227805472547359,-0.043539975175193674,-0.03356708784584154,0.001850657455438921,1.0,0.027420480191700916,-0.01071490421177541,0.030580539832386334,-0.007935929277231942,0.0003403434614291551
REG10000,0.011678947153616332,-0.0027916373351652072,-0.004716927501714818,0.03309677345694908,-0.03391090918859324,0.030755558645050817,-0.013217251022268242,0.0010973019273028278,0.027420480191700916,1.0,0.0008278654344605361,-0.006670703160323253,0.023499355606737708,-0.001470381435361201
ETI10000,0.02475948646832495,0.0037945842483791004,-0.023154749816250056,0.009087457676164269,-0.009655855499741801,0.0007756459944629066,0.001451785344536235,0.011903370678165697,-0.01071490421177541,0.0008278654344605361,1.0,-0.01684707475148479,0.012364118647228532,0.03462402410346999
CGV10000,-0.010306201537048539,0.006018548856753402,0.003902164231095623,-0.004702559417249843,0.018788427587903306,0.02493762171250397,-0.019001677962121922,-0.01741104426314695,0.030580539832386334,-0.006670703160323253,-0.01684707475148479,1.0,-0.015837638399123385,0.004207163053207006
IGV10000,0.008218296606199865,0.03617559031945218,0.00612653134170016,0.008269063638623864,0.01201340851473318,-0.038875729400569076,0.0036142270874128467,0.005465400263159554,-0.007935929277231942,0.023499355606737708,0.012364118647228532,-0.015837638399123385,1.0,0.008174584674218392
CPI10000,0.02849727632021533,0.03114721547461909,-0.015426001546987134,0.014587815163077028,-0.001881381076542277,0.02037975430692605,0.016248875003453997,-0.011778072150921338,0.0003403434614291551,-0.001470381435361201,0.03462402410346999,0.004207163053207006,0.008174584674218392,1.0
