CSR10000,CEM10000,ORH10000,CRM10000,ITM10000,CIM10000,CPM10000,QSL10000,BIM10000,BPR10000,BIH10000,BEV10000,CHG10000,CBC10000,RTN10000,CII10000,CCM10000,CSP10000,CFS10000,CUST_001
52.93,64.71,70.27,53.63,52.79,64.05,66.11,54.79,58.68,56.47,56.79,58.68,71.95,58.32,69.47,50.95,50.53,64.79,65.95,60.1
53.4,59.29,59.13,65.95,62.11,54.32,66.11,52.32,62.21,58.32,63.32,56.74,61,62.05,54.32,50.68,58.84,72.63,64.95,59.88
53.4,71.86,55.87,59,60.89,60.42,52.74,62.74,54.42,64.42,53.74,50.89,65.47,56.79,65.26,57.42,55.79,57.89,59.89,58.89
55.4,55.07,67.2,61.05,55.53,52.26,53.11,54.89,63.16,59.21,59.58,60.05,57.21,67.95,60.32,72.32,66.74,57.11,59.53,59.88
57.27,57.71,53.73,63.84,58.89,66.11,68,62.42,53.79,57.47,53.74,60.32,62.37,61.42,47.53,69,59.79,55.95,54.68,59.16
64.13,58.07,59.4,61.11,57.42,55.79,63.21,60.47,61.32,61.68,59.47,51.37,58.05,56.63,55.74,61.21,63.58,55.95,58.58,59.11
55.53,56.86,59.47,62.11,53.79,61.74,47.53,49.42,53.89,62.68,48.42,63.53,56.63,55.84,68.11,56.68,71.63,65.21,66.11,58.69
62.67,44.86,59.47,59.63,63.74,58.42,49.79,68.37,59.47,59,47.32,55.21,56.95,62.11,58.37,57.74,55,63.58,58.68,57.91
64.53,59.14,60.53,61.16,55.79,61.63,52.53,57.21,56.05,70.74,61.21,43.11,55.58,60.11,58.89,57.89,55.68,59.53,56.53,58.31
59.07,50,55.07,61.58,55.53,49.63,63.89,58.11,64.58,58.21,61.47,63.95,61.74,57.32,60.32,55.32,62.58,68.63,58,59.21
65.6,56.14,58.4,51.21,61.11,56.79,60.05,60.63,54.89,58,56.68,66.32,59.16,53.42,60.11,50.21,62.37,65.63,59.63,58.76
59.13,63.29,68.07,72.05,63.63,59.42,56.53,67.37,61.47,53.89,56.42,68.68,58.42,52.74,60.84,55.53,59.47,61.37,54.68,60.68
49.8,58.5,59.33,56.26,64.16,47.05,64.16,68.11,68.26,68.37,55.21,62.16,52.37,54.68,63.58,62.11,54.05,62.63,70.05,60.04
48.87,58.93,65.67,60.32,59.79,58.63,63.26,51.16,59.63,59.95,59.68,52.37,56.68,58.79,63.42,55.74,56.16,64.89,67.89,59.04
47.6,59.07,61.73,63.53,55.37,53.53,67.84,62.21,63.32,66.42,66.32,60.58,60.21,63.11,58.42,58.79,58.58,61.16,59.16,60.36
54.33,52.93,62.87,58.26,55.37,64.11,61.58,62.74,55,63.42,65.05,64,56.68,60.26,57.53,64.63,55.37,61.53,59.79,59.76
56.53,67.86,49.27,51.47,61.89,57.63,69.47,56.11,61.21,66.58,57.26,62.63,64.32,62.84,57.84,68.26,47.37,59,57.16,59.72
61.33,60.79,57.8,68.11,57.95,72.11,56.63,63.32,61.21,55.68,67.79,49.74,57.58,59.32,64.26,54.63,61.32,58.74,56,60.23
49,61.29,50.2,57.37,65.37,58.05,60.05,62.16,54.16,60.95,58,65.21,66.89,65.58,51.47,64.68,67.26,55.26,58.95,59.57
55.13,71.14,55.93,59.89,50.53,65.79,58.05,64.47,53.68,59.42,63.53,56.95,63.74,63.53,57.47,64.16,58.58,54.11,64.16,60.01
67.8,60.43,57.27,59.63,60.68,57.58,64.63,59.05,63.26,52.68,63.11,64.47,63.42,54.79,63.74,62.37,57.79,58.68,63.26,60.77
63.87,63.71,61.87,57.47,54.42,58.32,64.47,67.53,57.89,51.68,62.11,60.53,59.53,55.63,64.79,65.79,54.74,48.21,57.89,59.5
63.47,60.29,62.27,60.16,55.89,61.53,63.26,64.89,64.68,53.58,61.68,52.95,67.21,70.11,59.16,59.58,63.47,50.37,55.68,60.54
49.53,63.07,64.67,57.89,55.63,69.47,56.58,55.53,56,64,65.89,48.95,51.84,55,57.74,54.84,53.68,56.47,55.11,57.47
61,50.07,54,54.84,61.42,62.95,54.32,69.16,67.84,48.84,57.47,68.58,52.11,68,64.32,54.95,64.47,59.05,53.68,59.32
64.13,62.43,45.93,55.53,50.32,64.68,56.74,66.53,45,60.05,67.58,57.74,54.53,66.53,55.84,60.05,64.42,63.74,57.74,58.92
55.53,56.14,68.6,57.47,53.63,59.89,47.47,57.74,66.21,57,57,58.05,61.47,59.42,56.42,64.32,60.74,66.16,72.37,59.77
60.53,70.14,57.87,53.16,58.95,67.89,61.11,58.37,57.74,61.74,55.53,69.74,63.11,55.11,65.32,55.21,49,57.26,66.21,60.21
60.13,60.07,57.33,59.05,64.74,64.74,59.11,62.32,63.42,71.79,56.21,62.58,65.89,54.63,65,48.47,50.58,60.37,55,60.08
60.4,49.64,62.87,52,61.53,58.68,63.32,58.58,52.95,67.63,68.68,58.63,52.11,61.11,69.58,61.95,52.42,56.63,48.58,58.8
63.27,56.36,54.8,52.58,61.74,61.53,57.47,59.47,54.89,56.89,60.74,59.32,68.05,67,60.89,62.37,60.58,57.84,64.63,60.02
57.67,58.36,58.8,60.89,55.21,56.68,57.32,50.58,58.79,59.53,54.05,54.26,55.11,61.58,55.79,57.47,54.58,50.68,54,56.39
71.4,60.71,56.73,60.95,67.37,58,57.79,53.05,60.47,61.84,64.47,65.74,61.89,54.42,55.58,53.47,57.58,62.32,63.21,60.37
58.33,57.36,70.33,53.89,51.53,58.26,53.68,56.63,61.32,61.11,69.47,59.26,52.21,52.74,63.05,60.68,59.26,60.95,67.68,59.36
64.93,55.93,63.2,66.68,62.05,54.79,52.68,55.37,56.89,60.37,59.05,54.84,54.16,63.47,61.63,65.32,60.42,57.26,62.21,59.54
74.2,55.14,60.33,55.58,55.58,54.16,58.26,67.47,61.26,52.95,57.53,61.16,66.32,55.79,59.37,56.11,59.74,59.79,63.84,59.71
57.73,54.07,51.4,55.84,58.42,68.16,51.79,53.63,61.74,63.11,62.63,71.11,67.16,57.68,56.21,55.32,58.95,52.42,52.89,58.43
72.27,58.57,58.6,59.37,57.37,55.74,62.32,56.74,52.68,59,56.37,54.32,54.05,66.53,55.58,56.95,53.47,65.68,59.68,58.7
69.67,57.36,54,66.37,53.32,64.05,54.11,54.95,55.26,55.42,60.89,62.53,58.79,71,64.95,48.68,57.37,52.32,52.11,58.59
56.6,58.57,53.87,63.58,64.11,67.37,60.21,61.95,59.47,47.74,54.21,66.95,58.32,60.74,57.47,64.63,61.11,64.89,61.05,60.15
58,68.43,66.27,63.89,57,55.63,66.16,52.63,56.74,67.21,60.32,68.05,58.89,62.74,55.74,67.95,55.11,56.21,59.53,60.87
53.67,64.07,47.27,65.42,59,71.16,48.11,58.74,61.16,59.37,59.05,62.74,66.16,59.37,56.89,66.11,55.74,65.11,61.84,60.05
53.47,58.43,48.87,56.84,61.32,63.63,60.11,58.05,67.58,63.05,65.58,56.53,62.68,66.21,61.16,56.05,67.16,63.63,61.89,60.64
66.67,53,57.33,55,54.21,68.32,66.21,57.32,50.21,63.47,69.37,61.74,57.26,65.42,57.42,62.47,60.58,56.89,65.16,60.42
60.33,68.21,64.6,58.26,59.05,56.47,61.74,57.21,52.53,57.21,68.21,56,51.53,56.84,58.42,56.74,63.47,57.21,51.84,58.73
68.53,66.79,69.93,58.89,55.68,67.95,56.95,62.63,65.58,55.89,62.68,58.53,69.26,46.11,70.11,58.63,63.74,56,54.47,61.49
66,51.71,65.53,54.63,55.37,63.11,57.37,57.26,61.74,60.74,57.68,56.58,63.63,60.37,59.89,61.68,50.53,63.32,54.32,59.02
55.27,64.64,51.2,60.58,65.47,61.89,52.95,55.42,64.26,51.05,57.68,61.47,58.11,48,51.79,60.89,63.47,58.95,59.84,58.05
62.07,53,60.13,65.95,63.47,59.47,61.47,53.74,55.79,60.84,54.84,62.26,69.05,53.74,64.53,53.11,66.26,56.05,65.53,60.07
59.93,71.36,66.4,66.74,74.58,63.16,63.11,50.89,65.89,67.47,58.16,59.16,66.68,56.84,63.58,68.42,57.32,68.16,62.32,63.69
68.53,50.43,56.6,67,60.84,66.74,50.74,55.79,61.32,49.26,64.47,52.37,63.26,63.47,66.11,56.42,64.26,65.74,58.16,60.08
57.13,57.36,63.73,55.53,57.63,56.37,60.16,57.84,48.84,57.05,55.37,62.74,56.58,62.68,59.53,55.21,58.05,55.74,56.32,57.57
60.2,48.86,59.47,60.21,60.47,68.95,60.79,67.84,57.21,59.58,56.68,64,68.05,59.32,45.68,62.63,63,52.95,57.37,59.65
48.73,45.36,63.07,57.37,62.37,61.42,61.11,56,66.58,54.42,57.79,58.42,60.53,62.11,62.84,68.05,61.16,65.68,62.32,59.75
58.73,65.57,57.4,61.95,64.42,58.84,62.95,67.16,62.89,62.84,59.84,50.95,59.32,48.16,61.95,54.68,49.32,54.47,58.74,58.96
65.13,59.14,59.67,60.53,60.11,56.26,55.63,60.11,58.68,62,57.37,57.47,52.11,51.95,53.21,60.37,67.47,48.16,52.21,57.77
61.73,52.57,63.4,59.42,53.26,56.53,57.53,65.89,54.95,56.68,71.79,53.16,55,63.84,58.21,54.26,63.11,68.74,65.89,59.79
53.27,55.5,57.93,63.32,51.79,62.37,61.37,56.89,64.63,60.37,49.79,66.21,62.37,56.95,64.11,59.16,70,57.63,49.95,59.14
61.87,67.21,58.93,58.05,63.32,65,54.74,57.89,58.68,56.79,65.58,65.58,62,55.47,64,48.89,59.84,74.11,64.37,61.18
52.47,58.79,53.67,55.05,49.21,62.63,50.58,54.68,59.42,57.58,54.21,64.84,61.74,59.68,62.11,52.26,57.68,56.79,63.53,57.21
43.8,64.71,59.27,59.89,61.26,52.84,54.37,55.32,68.11,66.89,61.16,68.68,61.74,48.11,58.47,60.37,61.05,62.37,62,59.5
67.93,56.14,62.4,66.63,60.68,61.68,61.05,58.58,67.89,60.37,61.74,63.26,63.74,50.47,50.79,65.79,56.21,58.16,53.63,60.38
67,60.64,48.87,59.16,52.37,59.79,67.58,61.05,63.84,65.53,67.42,55.89,55.11,61.47,59.47,56.21,56.53,54.79,53.37,59.27
55.93,54.43,59.67,63.74,63.95,59.47,46.37,66.42,52.58,55.84,65.16,62,60.63,58.42,54.74,54.58,55.42,58.63,66.37,58.65
63.93,67.79,63.33,64.26,53,53.32,56.11,60.79,61.74,54.89,54.89,71.58,57.89,70.42,55.32,61.63,62.63,54.42,53.05,60.05
62.07,46.21,62.87,55.89,57.68,60.58,56.63,57.63,59.95,52.32,69.11,56.63,57.95,61.63,59.79,56.84,59.84,67.63,54.42,58.72
56.13,57.43,65.73,52.47,50.79,60.32,58.68,61.21,51.37,61.32,62.26,57.37,58.26,55.16,62.68,53.74,54.63,62.26,54.05,57.68
61.27,47.36,65.53,65.11,69.79,58.63,62.63,55.79,59.63,58.42,66.11,54.58,60.21,55.42,63.74,65,58.47,57.84,63.89,60.5
52.87,65.5,59.4,68.21,66.84,55.47,59.89,56.79,56.95,63.63,64.26,67.84,55.58,60.11,70.42,68.16,58.37,68.16,58.16,61.93
55.33,65.5,63.2,64.26,63.16,61.16,61.16,67.16,54.32,53.26,61.42,65.05,59.63,56.26,51.63,62.63,62.05,58.42,63.63,60.49
67,66,54.2,66.47,63.11,60.79,72.63,64.26,60.21,64.42,71,62.53,59.32,60.11,60.58,56,59.95,55.16,60.79,62.34
44,56.07,54.33,59.05,66.84,57.53,64.74,60.63,54.84,63.95,68.21,57.05,55.79,54.84,60.79,49.47,53.74,56.63,59.53,57.79
61.8,54.57,50.67,58,57.63,60.89,59.53,60.79,55.11,61.68,46.11,55.68,59.89,61.21,59.68,53.89,65.95,60.53,58.26,57.99
62.13,61.86,54.33,65.95,59.74,53.11,58.47,52.89,65.84,64.79,61.89,52.16,60.74,59.79,58.21,61.05,65.95,64.26,62.89,60.32
60.53,47.36,63.33,61.47,67.47,55,60.42,67.84,56.95,59.68,56.89,62.37,59.21,59.74,55.16,56.79,63.37,59.53,58.68,59.57
65.67,47.29,54.73,57.32,54.16,60.42,69,72.63,63.05,60.84,55.26,55.37,53.16,60.58,62.79,59.95,64.63,67,57.16,60.05
63.07,65.86,56.53,56.84,60,65.26,59.05,62.58,55.42,59.84,62.63,55.84,57.89,54.58,53.74,59.68,58.05,51.21,58.26,58.76
63.4,65,63.67,52.84,57.26,67.26,58.58,61.84,71.21,61.89,57.05,62.21,60.37,53.53,71.37,53.68,60.63,53.58,56.11,60.6
57.27,58.14,56.87,65.53,58,65.37,59.89,67.58,60,60.11,61.74,46.95,57.74,69.42,61.21,61.42,59.47,56.58,63.63,60.36
67.4,56.29,43.13,61.26,58.11,58.68,52.26,63.05,61.11,64.11,67.11,54.42,55.74,58.79,46.21,53.58,47.84,59.37,55.53,57.05
61.47,64.21,59.47,57.58,53.79,56.53,54.05,67.11,62.84,58.16,55.16,55.63,58,60.05,72.26,62.05,66.89,53.47,60.16,59.94
66.27,66.93,71.33,62.16,62.53,67.74,58.53,61.21,57.53,69.05,58.37,69.63,61.63,55.05,52.89,51.16,53.68,51.32,58.11,60.8
53.13,57.71,55.4,63.37,53.42,64.95,66.84,62.21,52.95,60.37,63,47.89,56.47,62.53,61.16,60.53,62.95,51.79,50.95,58.3
58.8,70.36,68.13,62.32,70.74,61.58,60.79,57.79,54.26,53.16,54.79,62.42,60.21,63.16,57.79,69.53,58,61.47,64.63,61.57
62.93,55.14,67.67,58.68,59.32,57.58,54.95,59.11,60.05,59.05,60.05,59.47,62.26,60.63,63.63,59.58,52.53,47.21,63.16,59.11
54.07,66.93,65.47,66.32,56.05,60.37,72.11,55.32,56.05,62.05,56.32,60.84,61.47,64.26,53.53,58.26,58.05,58.84,56.37,60.14
59.33,61.71,54.4,63.79,61.16,54.89,58.68,54.58,61.53,54.47,57.63,55.42,57.89,67.47,64.11,56.79,54.21,52.79,57,58.31
71.53,69.07,66.67,53.79,63.89,61.32,65,56.53,55.58,66.89,58.05,60.79,55.79,59.16,60.42,60.68,57.32,62.79,49.05,60.75
59.67,58.71,60,48.37,58.53,59,52.84,48.95,63.58,68.11,56.84,55.42,55.32,56.89,55.11,58.53,52.84,61.74,59.42,57.36
54.67,64.79,71.33,60.58,59.42,61.63,69.58,51.84,63,54.11,58.47,57.58,60.74,60,61.47,63.63,66.42,60.63,58.89,60.99
58.8,64.21,61.47,71.21,60.53,58.21,56.89,61.26,57.32,61.26,57.74,61.11,61.42,54.11,60.16,59.63,58.79,58.42,74.05,60.87
59.07,59.36,60.33,56.47,68.26,51.32,54.89,62.53,54.58,63.74,52.42,61.11,57.58,65.84,60.26,51.26,57.37,63.16,64.37,59.15
65.47,54.86,59.67,60.32,50.84,62.89,54.95,50.63,53.74,50.21,57.32,65.53,62.42,50.21,60.74,65.26,60.84,58.16,69.53,58.61
56.8,59.21,67.67,57.74,57.32,56.95,58,60.53,51,62.21,67.05,54.95,63,50,46.53,59.11,57.11,54.16,57.74,57.74
56.53,64.14,52.93,55.68,71.79,72.68,52.47,61.79,60.89,59.63,63.26,58.16,52.16,52.53,75.89,59.26,68.53,57,60.89,60.85
63.07,70.5,56.07,57.89,49.47,58.58,57.95,61.95,59.63,51.89,63,55.21,65.42,65.95,59.32,59.53,50.63,68.89,54.89,59.47
50.4,67.21,55.67,65.26,61.79,54.89,64.89,53.42,61.47,64.79,65.63,66.84,61.79,69.26,57.11,49.89,72.42,59.84,62,61.29
56.8,55.57,60.33,59.95,49.89,53,63.21,56.63,60.53,60,63.95,53.58,54.42,60.68,58.21,58.26,58.37,60.37,68.84,58.56
50.87,67.79,61.4,63.53,62.68,58.21,59,54.63,64.16,59.32,57.95,61,63.53,54.74,54.79,66.47,62.26,58.58,52.68,59.66
66.73,60.86,55.07,70.68,58.68,57.53,62.32,58.74,53.21,66.74,56.16,56.58,54.21,64.95,63.58,58.05,65.68,50.47,70.26,60.55
55.4,59.43,60,55.21,61.11,63.74,55.11,60.16,58.37,55.05,72.32,63.84,63.84,65.58,66.95,56.42,60.42,63,65.79,61.14
53.33,52.07,54.6,61.32,50.63,63.68,65.74,54,57.42,54.16,66.37,60.11,55.37,48.89,64.21,50.37,60.37,60.58,51.21,57.08
57,60.71,69.93,61.63,54.53,56.79,55.16,56.47,62.37,58.26,60.84,54.63,69.26,57.63,61.47,66.11,66.05,53.84,56.42,59.95
68.8,52.43,55,67.37,61.79,54.68,59.11,61.26,60.95,70.42,54.74,56.47,58.05,51.68,58.47,55.89,54.84,58.58,62.63,59.11
61.67,50.5,55.2,60.05,58.53,57.89,67.95,62.95,62.05,52.95,66.26,63.32,57.32,64.11,58.84,60,63.42,62,54.84,59.99
62.33,69.07,48.93,51.26,60.53,49.74,54.95,57.63,67.37,64.74,56.26,66.74,57.47,67.74,62.84,60.16,64.05,58.53,47.79,59.38
57.67,53.07,65.8,61.42,54.37,60.26,52.37,60.05,56.79,53.37,62.53,54.89,68.95,67.26,65.26,62.63,56.74,58.21,52,59.14
61.4,61.14,55.8,55.95,62.32,55.21,64.47,59.47,65.79,64.21,56.47,61.11,58.63,60.53,66.26,67.16,58.32,63.79,57.53,60.82
52.13,60.79,63.27,59,61.11,64.74,65.74,66,51.42,51.32,62.84,55.68,70.58,53.05,55.84,60.16,62.42,56.05,62.32,59.71
54.6,57,64,54.26,64.74,72.89,51.95,52.16,59.58,63.21,56.95,67.63,54.16,60,58.11,64,58.47,58.26,53.68,59.24
61.33,60.43,58.27,63.42,63,50.21,67.37,69.84,55.74,61.26,61.63,56.32,60.63,58.53,62.21,68.47,51.79,63.53,65.74,61.04
50.33,52.57,63.93,57.84,67.16,57.42,54.74,55.89,64.89,51.42,54,55.05,67.84,59.95,60.79,55.05,58.53,63.16,52.32,58.05
60.8,65.64,58.93,62.26,56.63,65.11,58.84,69.84,57.68,64.16,57.74,60.11,65.79,56.58,60.84,64.74,61.37,62.74,50.95,61.09
53.2,55.79,58.47,57.05,53.16,64.74,58.74,62.21,62.79,70.42,58.47,60.32,58.05,58.16,49.26,52.58,61.89,53.79,71.16,58.96
50.4,51.07,56,60.47,74.89,52.74,60.68,61.32,53.37,62.53,59.68,62.89,63.95,59.74,61.16,58.74,57.79,68.11,48.11,59.14
54.53,67.57,68.67,69.32,56.95,58.53,64.95,58.68,59.26,56.53,59.53,64.53,56.37,61.21,57.37,55.05,62.68,59.89,51.32,60.15
59.73,63,54.8,49.89,68.37,61.05,55.53,58.42,62.21,65.32,59.68,49.47,49.79,46.53,63.26,64.21,67.16,48.05,52.16,57.82
56.73,60.5,53.2,57.42,49.89,60.63,56.11,65.05,63.74,55.11,58.63,67.58,59.68,56.95,61.58,58.74,58.37,65.63,62.53,59.37
55.2,55.43,64.67,64.53,65.53,60.53,66.32,59.79,59.53,55.53,55.32,64.47,53.47,63.84,61.05,52.32,58.68,69.32,58.89,60.23
50.53,64.57,62.4,65.68,63.26,63.63,48.79,65,60.58,67.63,60.32,56.74,67.32,58.68,57.74,59.84,56.21,56.63,62.53,60.43
72.13,68.86,65.53,63.37,61.68,62.79,60.05,64,54.79,55.16,64.11,58.79,62.11,61,62.84,56.53,55.79,50.68,64.11,61.28
61.93,67.64,60.13,64,54.95,61.21,59.68,65.47,62.05,60.68,65.37,46.42,57.32,72.37,59.47,54.11,65.37,59.53,60.37,60.95
53.4,49.86,46.13,52.11,62.84,60.74,50.42,61.26,58.95,57.32,62.58,61.05,58.42,62.05,58.63,56.74,56.21,58.16,56.53,57.02
51.6,54.71,62.67,52.74,54,59.42,53.21,66.47,61.74,59.26,59.79,52.11,56.89,62,60.63,54.16,52.53,62.26,62.42,57.82
52.93,58.5,58.2,65.79,65.95,55.74,73.21,67.79,61.68,62.74,53.68,70.37,58.58,57.95,58.05,69.95,57.16,55.84,59,61.22
59.6,52.79,59.4,55.63,56.63,63.47,58.26,57.74,64.32,55.89,55.79,60.05,60.68,62.53,66.42,53.05,63.63,59.26,63.32,59.39
50.87,67.29,54.53,55.79,58.26,53.74,64.05,54.11,62.79,56.05,54.68,53.53,65.84,54.05,71.84,62.26,50.58,62.16,69,59.02
60.13,63.36,55.13,62.21,57.26,58.37,57.32,58.53,48.21,70.05,53.21,62.11,54.53,54.63,55.16,65.58,56.26,62.32,45.05,57.86
63.4,58.93,46.8,61.89,61,55.32,53.11,59.32,51.74,58.11,53.32,54.84,65.47,67.05,64.47,59.79,52.37,53.84,69.68,58.44
58.53,62.5,66.07,64.11,67.63,59.37,59.79,55.95,67.21,58.42,65.42,60.37,52.89,52.42,59,52.37,53.53,68.79,58.79,60.17
55.27,67.5,65.4,61.42,66.11,68.53,61.11,60.37,58.95,63.95,62.63,65.63,58.58,57.21,50.74,62.26,62.05,56.68,57.95,61.17
62.27,57.29,66.53,62.05,56.53,67.79,64.95,68.11,57.74,59.74,55.37,57.47,65.26,62,57.84,57.68,54.74,54.16,57.26,60.25
57.33,66.36,51.27,50.53,65.79,58.42,55.11,51.47,60,57.42,57.11,58.79,59.63,65.42,63.68,67.42,56.42,58.16,61.16,59.03
58.53,62.64,54.53,59.58,57.16,68.58,49.79,52.89,57.63,48.95,58.05,56,59.47,50.63,66.68,61.68,59.21,55.05,46,57
64.53,57.5,53.27,59.05,52.53,59.53,58.95,49.21,65.37,56.53,54,66.58,57.95,58.21,56.58,57.68,66,60.05,65.11,58.87
67.13,52.64,61.2,52.16,65.26,59.26,63.37,62.11,53.74,67.68,56.11,52.58,71.16,64.32,55,65.84,56.37,53.47,56.21,59.77
52.67,45.93,53.8,60.53,53.84,50.74,64.68,55.26,58.42,66,58.05,63.74,55.84,54.89,60.79,58.58,59.53,59.79,61.16,57.59
67.13,62.29,61.47,63.95,53.84,56.26,62.05,63.26,57.16,54.32,69.79,59.37,59.79,63,61.37,47.32,58.95,61.95,58.16,60.07
66.07,66.79,56.6,70.05,60.95,66.21,56.84,59.74,55.84,61.16,58.21,66.95,53.58,57.79,57.32,59.32,53.16,66.32,55.05,60.42
64,67.29,59.73,64.68,59.26,63.26,58,64.53,58.37,53.53,56.21,60.89,53.16,72.47,54.68,68.32,54.95,52.53,54,59.99
52.67,63.36,48.53,49.47,63.11,64.16,63.74,56.05,58.84,66.42,64.95,57.53,66.47,51.16,62.05,57.74,60.58,59.11,58.32,59.17
65,65.5,58.93,58.26,50,59.84,68.68,62.63,55.53,59.42,59.05,53.68,51.42,62.84,58.37,53.42,63.84,55.53,65.26,59.33
59.8,62.71,56.73,51.32,58.68,66.47,48.47,56.74,49.79,51.95,55.68,57.26,65,62.16,47.95,58.42,61.11,54.42,52.47,56.69
48.33,72.14,61.73,54.26,56,59.42,66.68,59.53,58.11,64.95,54.89,61.11,64.47,58.74,62.21,61.26,55.21,69.11,50.84,59.95
66.2,56.71,55.87,55.05,59.79,57.11,60.63,61.26,55.26,58.42,59.37,53.21,56.11,55.53,62.89,65.53,58.11,57.58,58.84,58.6
62,71.43,48.53,62.79,62.16,59.16,56.63,60,56.68,56.89,64.84,68.74,54.05,51.37,58.89,67.32,69.42,56.53,64.68,60.64
61.4,70.64,63.93,51.68,69.68,48.74,58.37,52.68,60.32,56.21,65.63,64.53,55.42,56.11,54.47,62.47,51.37,65.26,53.68,59.08
54.53,58,63.73,66,59.63,60.74,54.21,54.53,61.47,61,63.53,51.42,58.74,56.47,69.84,63.21,53.47,64.58,52.95,59.37
59.8,59.71,49.53,60.26,49.37,59.37,68.21,72.42,60.74,56.32,59.58,64.21,54.84,63.11,62.11,56.32,61.79,56.95,65.47,60.01
56.47,63.14,59.8,60.37,62.95,51.68,55.47,59.89,55.63,49.79,59.89,62.16,62.47,62.89,60,50.37,64.32,57.26,58.42,58.58
57.67,65.79,58.47,65.11,58.95,54.26,58.21,61.26,52.21,68.63,54.42,56.47,61.32,52.21,60.79,67.68,50.89,60.68,68.53,59.66
61.4,54.21,62.87,66.32,55.89,51.21,62.32,52.47,49.74,56.37,56.95,59.79,66.16,53.95,56.58,48.95,54.26,66.84,59.05,57.65
65.8,57.43,56.8,51.11,56.63,54.63,58.21,68.74,64.11,61.11,55.95,62.21,56.05,55.95,55.21,58.95,66.26,62.95,58.68,59.3
60.2,64.36,61.07,65.26,61.21,54.74,59.16,64.16,53.95,59.68,61,70.11,61.79,60.11,71.79,56.32,58.21,55.74,59.21,60.95
48.8,58.86,59.53,58.84,63.74,62.11,69.37,71.11,60.32,55,54.32,73.63,59.05,65.05,57.63,53.53,58.21,60.84,47.32,59.85
69.47,46.36,72,63.95,55.21,54.05,65.16,51.58,65.89,52.95,67.74,63.84,63.58,57.53,55,62.58,58,64.89,61.11,60.57
63.67,72.14,66.47,57.84,61.37,54.79,56.21,65.95,62.26,57.74,59.37,57.53,64.63,63.68,55.53,48.84,56.47,64.95,68.63,60.95
55.07,55.86,54.6,49.37,65.16,54.74,57.84,57.95,51.26,54.32,62.32,64.47,57.26,57.32,60.21,55.95,61.16,56.89,51.42,57.01
69.33,62.71,54.4,62.42,65.16,56.47,69.11,53.37,54.32,59.11,57.79,64.11,54.11,60.05,55.74,61.63,60.74,59.26,61.53,60.07
66.67,52.14,50.67,63.05,59.11,65.26,55.32,64,62.32,63.79,58.21,59.95,59.11,52.32,56.05,63.74,55.89,58.95,66.11,59.61
60.13,64.36,66.07,55,59.26,59.63,53,63.79,52.95,57.68,64.21,61.47,60.16,58.68,63.47,61.16,61.05,59.42,65.21,60.35
58,54.43,63,65.79,54.68,68.47,53.95,56,64.16,63.21,59.84,57.63,63.37,62.68,63.37,58.63,70.05,63.26,63.11,61.24
59.93,60,62.47,58.95,43.74,59.84,60.89,60.68,57.89,66.32,57.47,58.21,66.11,58.42,60.42,57.89,53.32,65.84,64,59.6
59.8,61.64,49.87,63.63,61.58,59.26,64,66.32,53.05,68.47,54.42,58.74,61.42,53.89,65.47,55.32,59.68,58.63,59.26,59.71
52.13,69.07,47.87,68.37,60.89,63.11,65.16,48.68,57.26,52.58,65.47,58.84,59.95,67.89,59.37,64.05,55.11,53,59.05,59.36
65.6,54.93,60.33,60.53,51.11,68.95,61.26,68.89,71.53,54.21,74.16,54.42,65.79,55.58,58.95,65.26,64.42,56.79,58.74,61.65
62.87,57,70,63.11,54.05,53,59.26,65,65.11,57.68,68.53,63.68,64.05,59.32,63.95,56.16,58.05,51.42,61.89,60.74
51.27,62.36,60.53,61.26,58.26,62.11,50.89,61.68,66.58,63.53,61.42,63.16,52.47,61.42,55.37,59,64.16,62.79,54.26,59.61
51.8,60.86,52.6,63.05,67.89,59.63,63.05,66,59.37,61.53,58.11,51.42,59.63,65.37,60.68,60.53,62.53,52.95,62.63,59.98
44.2,46.5,64.13,62.26,54.32,56.32,54.89,62.21,48.58,60.95,57.53,54.89,59.37,61.05,60.32,60.58,63.21,59.37,54,57.09
59.47,58.14,55.67,66.89,63.32,55.26,50.79,56.21,66.79,55.74,57.26,61.95,65.95,67.05,62.05,61.95,54.32,50.37,60.37,59.45
50.8,57.36,64,62.05,55.53,64.37,57.32,68.74,57.21,57.63,52.53,57.74,60.79,69.21,64,54.58,55.37,60.84,49.21,58.91
57.53,60.79,65.73,57.32,57.74,64.26,59.63,61.21,57.58,57,55.95,54.47,66.53,67.89,58.42,59.11,63.58,58,61.53,60.22
59.73,50.79,54,53.68,50.68,61.21,64.53,57.68,62.26,56.05,56.63,53.26,58.42,60.84,56.74,54.63,55.74,55.89,61.47,57.07
55.6,60.57,58.87,49.79,68.95,59.63,53.21,60.53,62.68,52,60.68,63.42,58.42,57.63,55.74,55.42,53.79,61.89,56.79,58.19
56.67,59.64,63.8,56.68,59.32,58.53,70.26,62.16,66.37,53.11,54.89,63.68,53.47,59.26,58.16,58.74,69.74,61.63,53.95,60
55.13,64.43,58.13,53.74,62.53,57.95,54.53,61.84,66.79,52.53,63.47,64.53,53.95,60.32,59.68,59.37,65,61.58,54.16,59.45
60.07,63.93,56.13,67.16,60.42,65.63,65.89,57.47,51.84,55.16,49.79,61.21,54.37,62.84,57.63,68.11,53,54.32,55.42,58.97
55.27,54.93,60.73,64.95,71.68,53.89,63.84,53.95,62.16,57.16,54.58,61.47,52.53,53.21,49.68,66.42,59.79,61.68,67.42,59.23
51.67,49.79,71.47,55.84,57.58,71.11,58.37,61.11,60.74,51.32,57.42,53.37,65.58,62.11,57.26,63.74,50.16,62.89,55.05,58.77
65.07,62.07,53.47,56.37,54.37,54.11,77.63,57.95,52.16,64.95,66.42,56.89,48.11,67.74,56.79,64.79,71.47,66.74,61.74,60.99
61.8,59.79,67.13,54.84,57.74,53.74,68.74,59.63,64.47,62.37,48.89,54.47,59.11,58.26,63.26,60.47,63.89,58.89,52.32,59.46
58.27,55.79,59.73,58.42,63.16,68.84,58,59.74,52.05,58.58,55.47,59.21,60.53,62.53,59.63,53.37,57.11,54.21,52.58,58.27
62.33,66.71,66.87,56.42,63.16,58.37,58.74,67.58,63.26,60.16,63.21,58.32,61.84,58.74,56.47,52.42,61.58,68.63,60.53,61.33
57.67,54.57,61,51.74,57.05,55.42,66.26,58.58,61.26,52.79,67.37,53.32,71.42,62.16,60.37,60.21,51.05,65.95,58.37,59.29
60.33,49.43,61.53,56.95,62.74,50.21,50.53,63.95,60.74,55.42,59.05,56.21,54.68,61.11,62.21,55.89,56.26,56.11,59.89,57.54
61.6,55.57,54,58,59.79,58.79,56.74,59.42,63.26,54.79,59.21,59.63,60.37,62.95,63.47,52.89,55.05,55.47,69.16,58.96
60.53,74,56.8,61.95,63.42,58.11,63.05,57.26,61.16,56.42,58.68,54.37,59.16,65.37,58.53,50.37,60.21,52.58,50.79,59.09
64.13,59.29,71.4,71.37,47,57.89,56.47,63.74,63.11,59.21,66.26,63.32,57.74,59.47,58.74,52.26,48.16,53.95,58.21,59.56
68.6,74.43,65.67,60.26,56.89,65.26,51.58,50.37,48.47,57.68,64.42,52.79,56.16,63.16,55.32,59.21,59.68,61.58,54.26,59.25
65.93,56.14,64.73,56.53,56.05,70.32,61.16,65.63,56.84,60.21,56.53,56.74,53.74,61.16,60.47,56.68,53.79,61.74,65.37,59.99
62.73,55.36,61.53,60.37,59.74,56.26,56.11,53.21,57.21,62.05,55.84,51.47,61.63,60.68,56.37,62.11,58.05,50.79,59.26,57.94
66.07,56.86,59.67,61.32,60.37,63,52.84,64.42,55.63,48.16,54.16,66.58,64.74,53.05,61.58,63.74,58.05,68.42,69.84,60.45
58.07,57.57,58.13,56.21,60.95,50.26,53,48.95,64.16,45,63.05,68.53,52.21,59.58,61.16,59.95,62.63,63,62.53,58.15
50.4,50.36,55.4,57.16,49.84,54.32,63.26,55.11,53.74,61,50.11,61.42,63,57.16,64.68,60.68,64.26,59.32,51.95,57.01
60.2,60.14,67.27,54.05,52.84,56.58,54.79,56.16,61.89,60,56.58,60.95,60.84,74.26,53.53,63.42,57.16,64.74,67.16,60.13
65.47,59.57,51.47,68.11,64.95,66.68,65.37,64.37,59.47,54.58,59.89,57.16,56.63,59.42,60.74,61.63,58.42,67.89,49.79,60.61
63.33,61.86,58.6,53.89,59.42,57.58,55.89,63.11,63,58.47,54.47,65.21,68.58,62.63,52.37,46.63,53.84,63.89,63.58,59.28
68.8,54.93,60.67,67.84,62.95,56.26,67.26,59.26,61.95,55.37,55.74,53.63,64.47,63.37,55,51.74,59.47,57.11,64.16,60
51.67,67.79,58.4,56.47,53.11,59.95,60.95,60.16,54.53,66.58,59.84,54.21,64,60.68,62.42,53.42,59.89,53.37,59.37,58.78
56.2,44.43,44.6,56.32,61.74,60.11,52.74,63.95,67.11,55.32,61.11,56.05,62.11,54.95,66.16,56.47,56.37,58.63,66.26,57.93
70.67,65.64,64.87,58.05,63.05,57.21,68.37,52.26,55.32,60.95,62.63,57.26,61.89,60.53,51.89,60.84,54.53,65.58,62.32,60.73
71.8,59.71,55.13,62.53,68.32,60.95,63,63.05,54.89,54.79,56.16,62.47,54.26,57.84,60.32,68.21,49.95,65.21,67.05,60.82
53.33,66.79,60.93,56.68,58.37,62,57.32,59.11,59.37,54.53,68.74,61.68,68.79,60.89,60.16,59.21,63.11,69.47,55.63,60.85
57.93,68.86,51.2,55.37,57.79,60.79,58.42,61.63,57.79,52.32,55,58.53,66.95,62.68,58.21,66.84,66.16,58.53,46.42,59.02
62,65.29,56.93,61.11,52.05,56,62.74,52.53,59.79,56.68,56.63,48.32,63.47,55.32,70.53,70.21,69.53,65,60.58,60.25
76.33,58.5,54,54.79,66.05,65.79,58.95,57.63,49.68,62.21,65.89,60.16,55.26,59.32,62.53,61.68,64.95,58.95,52.68,60.28
61.8,68.29,64.4,60.68,61.95,64.63,56.26,59.11,58.68,58.26,58,61.53,56.26,55.47,61.11,60.32,59.47,62.21,57.47,60.31
57.07,65.71,58.73,55.32,65.16,58.58,65.53,56.26,68.53,59.26,61.47,51.47,58,63.32,67.58,64,59.11,54.58,64.42,60.74
61.73,54.86,64.73,62.68,56.16,55.21,52.11,54.95,56.11,54.63,57.37,59.37,56.84,58.26,57.95,61.68,58.53,57.21,58.63,57.84
63.93,80.5,56.53,60.84,52.95,60.79,57.47,61.53,63.37,57.53,49.95,64.21,55.68,59.47,53,66,46.63,61.58,62.42,59.7
55.2,61,55.07,57.89,64,50.47,57.63,66.79,54.53,52.42,63.89,56.21,57.05,54.84,64.53,55.95,51.63,60.79,54.79,57.62
63,61.79,65.73,61.84,63.53,58.53,53.63,63.05,51.63,54.26,55.26,55.89,48.79,59.47,64.11,64.47,60.26,53,59,58.8
72.2,60.71,58.27,63.11,69.68,64.42,66.53,56.26,53.53,55.16,58.16,69.58,58.16,57.79,60.63,58.26,58.95,54.79,57.79,60.74
49.33,55.07,67.73,55.47,54.89,62.32,52.58,59.95,50.74,57.53,58,54.11,47.16,63.74,64.84,57.63,64.95,51.16,63.37,57.4
52.53,57.79,63,59.47,52.42,64.84,63.68,65.89,67.05,57.58,62.47,50.16,60,69.58,60.53,62.68,57.84,68.32,59.05,60.78
59.93,56.07,55.27,60.05,58.79,55.26,67.16,59.95,65.47,58.16,47.68,73.68,53.74,60,60,54.32,63.26,62.79,63.74,59.75
58,48.64,59.2,56.26,58.95,54.37,67,63.26,55.79,57.42,59.53,70.42,68.32,54.53,60.37,60.42,60.58,59.21,55.63,59.36
49.13,63.5,56.6,60.11,65.05,58.79,56.95,61.95,60.63,52.32,53.21,57.05,52.05,55.89,58.42,60.79,63.21,57.42,57.32,57.92
68.13,72.07,63.4,57,57.79,58.05,64.11,56.58,52.32,45.89,61.26,65.63,53.05,71.68,68.42,58.53,67.47,64.74,63.47,61.56
62.13,52.79,59.07,56.32,60.79,65.79,62.26,71.47,67.37,49.95,61.63,56.16,61.95,57.84,60.42,60.74,58.63,65.84,57.68,60.46
59.87,60.93,60,59.11,54.74,58.68,61.53,53.63,63.05,61.05,58.21,54.05,63.21,64.11,49.74,60.42,48.16,63.74,66.68,58.99
72.47,67.29,68.47,67.68,52.58,57.11,63.84,64.79,56.21,56.21,59.37,59.16,59.89,53.63,60.95,58.05,54.89,64.32,65,61.15
73.2,53.07,60.73,66.53,49.95,60.05,59.79,58.26,52.11,59.21,64,65.11,58.47,59.79,63.58,55.58,64.95,60.95,58.84,60.22
56.6,52.43,54.8,58.89,45.63,57.42,57.16,62.37,57.16,47.74,63.74,55.42,51.42,56.84,54.11,58.89,62.68,51.11,61.11,56.08
67.13,51.5,76.13,59.42,61.68,68.32,54.26,59.47,63.53,62.74,55.32,56.11,55.42,57.68,53.95,50.47,65.26,66.11,48.63,59.64
52.13,57.21,59.4,53.47,66.16,53.26,55.68,57.21,62.74,65.42,66.37,56.05,64.21,55.89,63.79,65.21,64.58,69.26,54.84,60.15
50.6,53.36,60.6,53.79,59.84,59.84,62.05,48.89,57.53,52.42,65.42,64.05,52.11,53.26,53.74,59.89,54.16,56.11,62,56.82
56.93,49.29,62.87,52.84,66.74,58.32,50.11,63.53,55.79,48.63,61.63,55.47,56.26,69.32,67.58,70.26,52.79,64.37,50.95,58.61
53.8,72.71,56.53,57.63,69.53,70.16,60.84,61.11,68,53.26,58.21,53.68,60.26,65,67.89,61,58.42,53.74,61.63,61.23
66.07,62.43,55.33,59.21,59.68,52.26,59.05,53.84,61.63,61.05,59.79,56.42,63.32,63.79,62.79,58.63,57.79,60.95,54.42,59.39
58.53,64.21,70.2,53.58,71,70.79,64.47,56,62.58,61,62.63,58.11,59.74,64.05,59.53,61.37,63.26,61.37,51.32,61.78
57.07,51.14,57.87,66.11,63.47,61.53,50.89,62.63,56.32,62.84,66.11,62.63,54.53,61.37,62,61.58,58.58,69.32,60.79,60.36
69.6,67.86,61.6,59.95,66.84,54.95,63.05,58.63,66.53,59.47,59.89,56.32,56.47,51.37,55.89,51.16,58.11,62.42,65.26,60.28
57.6,61.93,59.93,58.79,57.26,56.89,62.26,59.95,61.42,53.63,63.21,60.21,62.53,68.16,56.11,51.32,67.11,63.26,57.58,59.96
59.93,54.79,64.87,58.53,49.16,49.37,56.05,70.16,69.58,60.32,65.42,73.89,49.21,63.74,59.26,56.05,60.47,59.58,53.84,59.7
58.2,58.71,60.87,60.11,65.47,56.63,54.95,49.95,58.89,52.11,55.74,58.26,58.32,60.74,66.26,66,54.32,65,67.11,59.35
55.47,62.36,57.33,58.26,55.37,54.16,50.53,57.63,50.74,60.63,61.84,52.74,64.42,52.42,63.74,62.63,53.79,60.32,56.11,57.39
55.6,60.57,60.8,56.79,59.79,56.11,59.79,60.79,52.74,58,63.47,59.32,53.84,52.47,59.32,56.11,61.89,63.11,65.53,58.74
70,69.79,63.67,62.11,62.05,51.05,59.53,58.37,56.84,47.16,66.79,56.05,58.79,56.26,50.68,56.84,58.63,66.89,65.05,59.82
63.67,38.79,55.07,61.68,58.74,58.32,60.84,62.42,53.79,50,53.11,61.79,65.11,54.58,62.84,62.26,59.37,54.79,60.21,57.76
71.47,54.29,50.87,56.74,60.74,46.84,54.26,54,60.68,58.21,55.58,60,60.42,63.68,65.11,65.32,61,57.63,59.58,58.76
56.73,61.71,58.13,59.32,51.68,55.74,52.32,56,54.47,62.84,45.47,67.74,62.84,66.42,59.26,65.05,59.16,65.68,62.11,59.09
50.53,68.93,70.2,60.37,57,55.37,56.11,59.26,58.84,53.26,52.63,55,69.37,65.26,56.05,51.74,60.79,43.95,56.32,57.95
51.67,61.71,52.27,57.21,65.16,58.79,60.26,65.05,50.74,61.16,47.84,50.42,61.05,58.68,58.32,53.63,55.74,66.89,47.32,57.05
63.27,57.36,53,59.68,53.47,53.84,59.42,64.11,67,67.63,65.11,55,54.53,63.47,63.42,67.47,70.21,61.21,54.79,60.74
48.2,62.36,47.27,54.32,57.58,65.53,64.11,62.58,60.11,62.74,58.84,66.42,65.58,58.63,58,53.74,64.63,64.47,59.37,59.71
59.47,51.14,58.47,64.37,62.16,55.95,62.47,57.63,58.16,62.68,56.95,54.05,62.74,61.63,58.37,59.89,61.11,59.26,56.05,59.08
64.2,55.71,62,59.26,61.79,62.84,58.26,56.79,61.26,56.53,63.58,64.47,58.21,57.26,61.37,60.11,53,55.74,59.95,59.6
58.93,65.14,58.87,48.58,64.84,55.26,61.68,62.89,55.68,50.16,63.68,61.58,67.16,67.58,57.11,58.58,59.74,52.32,53.63,59.13
61.13,59.07,62.87,55.32,58.89,64.37,60.95,73,67.26,51.47,57.74,59.63,61.42,58.74,62.16,64.84,66.68,56.95,68.79,61.65
63.6,55.36,55.87,60.37,64.37,60.68,54.89,68.32,69.89,65.58,63.58,60.11,61.05,55.26,59.89,50.84,56.42,63.42,56.89,60.34
57.47,56.21,52.13,54.89,62,57.68,58.21,67.95,59.37,60.37,60.58,64.37,59.47,63.53,55.63,59.89,57.58,66.58,59.68,59.66
64.4,50,70.8,57.47,60.16,74.58,64.63,61.89,66.79,61.16,61.42,66.37,53.26,62.05,65.79,56.11,62.79,53.74,58.11,61.66
60.33,56.71,63,56.84,61.53,54.79,57.63,59.37,58,52.16,58.47,55.84,57.79,61.68,63,60.47,64.21,68.21,63.42,59.66
53.6,61.57,64.47,52.21,59.63,58.63,54.89,55.37,54.79,68.47,59.11,57.26,57.32,55.37,59.63,68.05,56.05,56.47,65.84,58.88
50.67,58.71,65.93,52.68,57.26,57.37,51.16,58.32,50.79,64.84,62.53,61.21,58.47,60.89,62.53,64.37,64.37,59.53,59.95,59.03
59.67,67.14,63.47,73.74,63.16,53.95,55.05,59.47,47.74,56.32,58.47,61,61.53,64.95,51.89,51.53,63.32,53.95,51.68,58.84
58.13,57.14,62.33,51.58,56.32,57,68,51,66.42,52.95,53.32,59.37,63.63,63.95,64.05,56.68,67.63,58.37,65.79,59.67
56.67,60.79,49.53,52.21,53.89,59.63,62.37,65.37,70.84,59.05,56.89,50.74,56.26,61.84,65.21,51.05,55.74,55,63.21,58.23
54.53,55.71,56.8,63.26,60.63,54.26,61.42,56.68,60.47,59.32,56.89,51.42,64.58,67.11,54.32,68.05,62.42,59.68,61.05,59.4
64.93,57,55.87,55.89,54.37,54.89,59.42,63.21,58.47,57.16,61.16,64.84,62.47,59.79,67.05,68.11,72.11,62.63,58.68,60.95
61.4,63.07,60.53,59.16,59.53,59.21,63.37,58.47,68.84,60.47,60.05,62.89,47,53.74,60.58,71.79,57.53,62.42,53.79,60.2
54.2,59.07,53.6,56.79,48.84,56.42,53.63,61.84,63.26,65.68,64.21,55.95,49.84,59.63,54.74,56.63,65.16,60.53,59.42,57.87
63,53.36,53.13,67.37,62.95,62.63,57.32,55.11,55.79,63.53,59.05,61.11,56.21,57.42,52.58,61.53,53.05,53.32,60.26,58.35
63.87,56.14,60.8,59.37,67.47,58.21,57.05,58.26,63.74,68.58,56.37,58.95,52.16,57.84,61,73.84,63.21,59.95,64,61.1
61,58.79,46.93,56.26,55.37,65.11,61.47,63.53,59.21,56.11,59.53,60.79,66.68,67.68,69.16,63,61.16,50.11,62.11,60.21
67.13,45.57,62.8,62,53.95,57.05,63.26,54.26,67.21,62.79,53.74,61.47,65.89,58.21,57.63,54.32,60.21,54.68,49.32,58.5
72,51.79,59,57.84,56.58,63.37,58.95,61.95,65.37,70.58,53.26,57.47,58.16,55.58,58.42,60.11,76.05,63.11,63.26,61.2
58.27,68.93,52.8,59.37,58.58,59,56.53,60.42,67.05,58.63,52.79,70.89,59.26,61.58,56.58,54,49.79,62.89,47.21,58.66
56.07,60.21,60.07,61.53,55.42,70.05,58.05,66,61.26,55.53,55.11,57.79,60.05,64.63,55.32,64.32,56.42,57.21,61.42,59.81
63.07,61.5,61.27,64.05,60.21,69.37,64.37,54.11,58.42,54.58,58.95,66.89,53.58,72.68,63.21,63.53,52.84,53.11,55.79,60.61
65.67,57.43,64.8,54.95,52.74,61.84,53.32,59.37,62.58,59.89,56.95,60.16,55.21,63.42,58.05,48.11,64.26,62.21,63.95,59.21
63.4,65.86,50.47,59.37,57.26,59.21,62.74,56.79,59.58,55,56.68,61.53,55.63,69.63,56.63,52.42,52.21,46.21,58.37,57.84
55.47,58.29,61.73,60.58,58.42,55.89,58.47,63.37,59.21,57.26,57.68,56.05,59.58,59.95,57.53,70.16,54.89,61.74,59.89,59.27
66.73,54.21,58.87,54.79,53.74,62,59.58,58.26,51.42,65.32,60.63,59.89,61.42,62.26,59.37,48.95,67.16,64.47,61.95,59.53
53.47,60.86,62.4,51.95,60.21,60.74,56.42,67.95,60.79,58.74,54.84,52.53,60.21,57.37,70.32,64.26,63.63,51.84,54.21,59.09
58.87,55.43,46.53,59.05,50.53,64.95,53.47,56.42,61.26,59.37,64.58,65.05,59.89,56.47,58,61.63,52.58,61.05,65.32,58.45
52.53,66.14,63.67,59.74,69.84,65.37,64.79,53.89,57.79,55.11,52.68,52.11,54.42,59.37,62.05,59,65.16,54.68,68.53,59.84
48.6,53.36,66.87,69.42,60.63,48.16,53.32,69.84,67.42,59.74,56.53,59.95,56.74,61,54.58,62.89,61.32,65.42,53.79,59.45
55.47,53.5,61.27,56.05,65.05,58.26,63.16,58.11,55.26,65.47,58.42,62.89,59.37,60,58.42,62,57.74,64.32,54.53,59.44
52.67,48.43,53,59.16,53.63,63.95,64.42,58.16,60.42,66.26,63.58,55.68,63.05,62.84,58.63,54.42,66.21,61.26,63,59.41
45.87,64.71,62.2,52.58,61.37,58.37,55.84,58.47,57,56.16,56,57.95,55.68,48.53,54.47,60.58,57.79,55.89,63.63,57.01
67.67,57.93,62.47,59.53,65.26,68,57.53,50.16,53.89,56.21,64.37,55.68,50.68,62.21,54,53.42,52.79,61.42,55.26,58.34
57.47,71.64,62.67,59,60.58,53.58,57.16,64,59.68,52.58,51.32,68.53,59.68,65.42,50.74,51.11,62.58,60.16,61.58,59.45
54.87,63.43,58.93,62.95,50.05,56.68,54.26,63,61.05,53.47,64.05,60.89,49.16,62.58,67.79,65.26,61.21,57.05,62.58,59.44
55.93,59.07,55.33,60.74,65.58,51.21,55.16,49.74,53.11,58,55.32,60.11,61.16,58.21,62.11,56.63,62.84,59.26,55.26,57.62
59.33,57.86,54.8,58.84,57.47,58.63,66.47,65.26,63.05,50.79,65.32,62.47,60.32,59.63,61.89,61.47,57.68,50.53,49.47,59.02
59.33,44.14,68.73,63.95,63.32,65.95,61.05,58.37,64.26,55.74,55.21,53.16,51.26,59.74,53.63,49.58,64.16,54.37,62.21,58.32
63.8,65.43,64.07,64.37,55.79,55.58,68.21,57.53,51.21,56.32,56.63,59.68,61.68,61.37,57.05,65.95,64,63.58,64.68,60.89
53.27,64.29,61.53,73.95,65.16,55.95,57.58,47.32,63.05,53.26,56.95,56.84,63.58,61.84,59.16,65.53,55.05,57.95,67.16,59.97
50.4,53.86,60.8,57.37,59.79,55.11,57.42,53.21,57.68,51.16,55.16,61.11,56.68,63.74,58.63,51.95,58.84,56.53,60.63,56.85
58.53,58.36,64.2,59.63,49.84,56.74,56.63,61.68,60.21,57.21,61.37,65.11,64.58,58.26,63.32,66.89,64.53,68.53,68.84,61.29
53.6,59.79,54,51.05,52.95,53,64.05,50.68,47.42,56.74,52.11,65.16,61.42,46.68,57.79,68,60.21,64.58,56.79,56.63
52.73,50.86,69.73,66.95,60.58,54.11,52.95,52.32,60.47,60.68,64.84,58.53,58.63,59.11,61.47,61.16,74.47,60.42,64.16,60.22
55,63.36,68.67,55.58,70.47,62.68,54.68,69.32,63.21,54.68,56.37,58.26,60.53,67.63,69.11,57.89,55.05,56.21,62.79,61.13
65.73,57.64,51.53,57.42,54.68,60.79,51.26,67.32,66.53,58.16,50.68,60.37,52.05,62.84,65.11,61.26,57.68,60.32,63.32,59.19
67.4,63.64,53.8,53.89,57,60.47,62.32,61.58,64.89,57.05,48.63,47.74,55.79,57.21,53.42,58.42,71.16,57.84,58.11,58.44
58.8,63.21,51.07,58.32,66.26,63.42,60.37,65.11,56.26,55.26,53.84,55.58,57.42,54,66.21,55.42,63.89,58.32,57.68,58.97
67,60.07,59.07,58.21,65.37,68.74,53.89,69.84,57.53,58.79,52.79,62.42,61.53,58.42,53.68,62.53,53.74,58.79,61.63,60.21
65.4,60.57,69.8,58.47,49.11,55.89,54.79,51,55.21,62.42,64.16,60.16,62.95,57.53,59.05,53.16,64.63,64.79,64.11,59.64
57.53,58.21,55.33,59.58,55.58,57.84,59.16,47.47,61.16,58.21,61.26,55.32,43.37,48.37,55.11,58.89,63.58,57.16,49.84,55.95
61.87,56,59,57.42,61.47,45.42,66,52.47,57.11,56.05,64.16,61.05,63.89,69,58.74,54.11,65.53,56.79,64.11,59.48
57.47,61.93,58.2,64.42,59.16,42.42,62.16,57.58,61.79,53.74,52.16,68.11,52.16,59.47,51.05,57.11,60.68,64.05,55.84,57.87
58.27,52.21,61.53,48.79,62.68,59.79,52.05,66.05,58.32,58.58,63.84,55.05,56.58,55.26,60.68,55.89,56.95,60.63,58.16,57.96
61.47,52.86,58.33,68.74,66.42,64.05,53.26,64.74,58.16,50.42,58.42,54.26,64.05,65.89,63.53,64.58,53.42,57.63,55.32,59.77
56.67,59.64,70,50.11,62.32,62.89,54,61.11,58.21,56.63,60.16,57.63,60.05,58.95,61.89,59.11,57.05,65.16,58.74,59.49
52.93,67.5,66.6,57.47,57.47,55.21,65.42,64.74,57.63,72.26,50.05,66.79,58.21,61.42,66.63,54.21,64.89,54.47,65.26,61.01
50.93,52.57,65.13,56.89,67.32,57.16,61.42,54.37,62.37,54.89,71.53,62.63,51.47,61.63,55.63,57,52.89,59.95,58.47,58.65
61,76.29,50.73,59.32,63.16,55.47,55.42,62.21,63.32,70.63,62.58,57.11,71.32,54.21,53.84,60.89,66.84,61.63,53,61
53.67,64.64,57.67,62.63,57.47,71.53,62.63,55.68,63.37,60.26,62.79,61.42,55.05,64.05,57.21,68.26,63.95,63.21,61.79,61.44
50.4,49.07,59.67,60.32,61.42,53.05,55.79,50.89,63.26,54.63,57.16,62.11,62.74,67.47,52.11,67.37,63.74,61.63,54.11,58.26
66,65.57,64.07,58.26,67,65.74,65.68,59.26,59.74,56.89,60.26,56.05,61.79,61.58,51.89,53.05,64,67.16,61.89,61.36
56.27,52.93,59.47,58,62.37,63.26,59.16,64.26,68.89,63.26,59.16,64,61.68,51.89,65.05,51.32,64.89,58.16,51.47,59.76
63.2,60.79,64.2,51.84,60.63,54.68,61.21,60.84,60.74,52.95,66,66.16,67.95,57.47,58.95,64.37,52.68,60.58,67.32,60.66
71.67,61.57,57.87,57.84,61.11,57.53,53.53,58,59.79,54.58,61.68,68.05,69,62.74,63.84,57.68,57.58,63.53,56.53,60.74
59.67,58.43,70.6,59.47,61.05,58.84,67,54.42,58.26,58.47,64.21,65.68,62.89,60.58,64.53,60.11,62.37,62.26,62.37,61.64
61.13,62,61.2,62.79,64.53,67.74,72.26,73.53,61.58,59.42,59.32,59.53,64.21,65,59.21,58.95,60.21,66.21,51.05,62.62
50.87,50.86,50.8,68.26,56.79,62.05,58.11,52.84,59.42,69.26,56.95,58.11,70.58,54.68,44.68,56.58,49.42,63.84,59.47,57.56
56.07,51.29,51.53,57.05,54.68,63.42,71.16,69.32,59.58,59.58,50.42,58.63,66.05,59.47,61.32,58.42,52.47,53,69.74,59.12
59.53,63.79,58.8,70.47,55.84,57.74,59.11,56.95,43.79,61.79,55.26,63.53,61.95,52.26,50,67.05,71.47,56.53,61.11,59.31
61.6,55.14,60.33,59.32,66,60.47,55.16,62.79,53.95,54.53,61.11,55.11,50.47,53,57.68,67.05,58.84,52.26,66.11,58.47
54.2,50.07,59.07,63.11,61.47,59.95,65.63,57.79,55,65.58,52.11,64.74,65.89,46.42,56.42,52.37,61.05,60.21,60,58.48
62.6,52,73.27,64.21,60.42,69.05,61.26,56.58,50.74,56.32,62.53,60.53,53.63,51.42,60.37,61.58,63.32,63.21,58.21,60.07
65.33,55.29,55.67,57.89,59.79,60.21,62.11,61.53,52.95,69.79,63.16,56.95,68.79,54.37,66.21,61.95,58.26,63.47,64.16,60.94
51.4,59.64,57.47,60.58,60.26,54.74,58.63,60,53.89,63.63,58.79,60.53,64.79,61.11,63.84,65.32,56.95,59.79,66.32,59.88
61.93,53.64,65.73,56.05,62.37,59.68,61.05,61.11,71,61.32,60.84,64.79,60.47,52.89,51.79,55.74,59.58,58.74,55.05,59.67
55.47,60.57,60.53,58.79,60.79,64.95,58.47,57.89,59.95,60.74,55.74,58.37,57.63,58.47,65.21,58.26,68.47,61.58,63.95,60.31
61,55.71,52.67,62.26,62.53,45.47,52.84,54.63,61.21,60.74,58,48.11,61.21,57.37,62.11,54.53,60.37,51.79,60.37,57
61.4,68.93,51.4,52.89,53.84,65.68,55.21,58.58,58.84,60.89,59.79,52.63,61.32,55.32,52.37,51.05,52.21,56.74,58.21,57.23
55.4,55.64,52.87,56,64.37,51.58,61.05,60,46.95,55.26,57.74,63.05,65.16,53.89,60.84,54.79,66.89,69.95,67.11,58.87
64.47,57.07,66.47,52.58,58.74,67.89,59.89,58.79,61,46.26,65.16,62.63,64.32,57.16,63.42,61,55.58,63.58,56.42,60.13
63.4,65.86,57.07,46.21,56.79,61.47,66.16,54.21,52.79,57.84,62.47,68.16,54.26,65.84,50.47,64.42,54.32,50.58,61.63,58.63
71.6,54.64,62.4,67.37,65.95,48.95,62.84,66.21,64.16,51.53,59.89,61.47,55.84,60.32,60.63,67.89,45.58,59,56.26,60.13
50.2,59.43,46,71.37,55.53,53,56.84,55.26,67.11,56.63,64.05,51.58,57.11,57.26,66.26,60.84,54,53.79,57.47,57.56
65.13,47.29,72.4,63.95,62.11,61.58,62.37,62.89,57.74,60.58,62.74,59.26,60.26,64.47,63.26,65.84,56.47,65.21,57.47,61.63
60.73,57.79,51.93,63.32,68.37,54.74,60.42,59.42,56.37,60.16,54.32,63.42,49.37,69.79,62.84,59.63,59.79,63.47,57.58,59.66
55.67,54.14,63.6,66.11,62.58,54.68,66.74,51.63,51.84,63.11,62.26,59,62.79,66.32,54.32,61.42,54.53,60.05,59.95,59.51
56.93,46.21,56,55.32,54.42,61.47,54.11,60.32,60.95,73,54.79,56.84,57.47,52.89,60.84,55.79,64.79,51.68,63.47,57.75
51,53.64,53.67,65.68,57.42,64.16,61.68,64.58,60.89,60.05,69.26,59.68,63.95,53.16,60.68,55.84,51.42,57.26,59.11,59.11
60.67,55.64,53,56.53,60.74,55.37,48.42,53.47,66.11,66,54.84,55.05,56.42,59.84,60.42,55.53,55.21,47.32,61.47,56.95
62.67,62.29,55.6,59.63,70.21,54.84,67,59.32,64.79,66.68,51.37,59.68,55.84,64.79,65.37,63,62,59.11,62.26,61.39
50.2,56.93,65.07,56.84,59.26,62.42,73.05,66.42,54,52.32,68.58,59.21,62.89,68.68,55.05,52.32,62.32,51.58,59.79,59.84
57.6,63.64,53,62.53,61,59.37,63.79,52.32,59.05,59.79,66.53,62.47,63.84,66.74,65.89,70.05,58.42,62.47,57.05,61.35
59.4,57.43,52.8,57.74,58.68,63.26,59.84,55.32,55.79,64.63,55.21,65.05,67.58,67.53,52.95,62.05,61.47,60.95,52.53,59.48
53.73,66.71,59.27,62.37,57.16,56.68,64.37,59.21,56.68,62,64.11,60.05,55.53,64.68,56.68,49.11,63.16,55.84,59,59.28
56.87,58.21,58.93,55.32,55.05,50.21,63.26,49.74,54.11,59.21,57.53,52.11,67.58,51.11,47.37,72.53,60.95,61.42,61.32,57.52
60.73,57.5,61.6,56.37,58.74,52.16,63.79,62.21,58.21,58.68,62.05,55,53.42,64.47,56.32,64.68,61.95,61.84,69.89,59.98
57.73,70.14,68.07,61.63,59.89,58,62,59.37,65.05,56,56.84,59.21,50.63,62.79,52.11,58.63,54.58,61.42,58.63,59.62
60.27,61.29,48.87,59,56.16,63.47,60.32,48.11,60.32,57.84,58.79,70.74,52.79,66.95,53.89,55.74,58.84,57.11,64.16,58.66
48,61.57,55,66.47,65.84,60.95,74.63,55.79,61.53,56.53,64.68,57.16,54.11,58.47,65.79,73.63,63.37,59.32,61.37,61.27
51.73,63.43,63.27,63.32,55,48.58,58.53,60.58,58.26,61.58,51.42,49.84,59.95,52.42,61.74,61.05,62.89,61.26,63.37,58.33
48.67,56.36,61.87,59.16,63.79,63.68,60.42,55.16,55.95,65.05,57.53,65.26,55.26,54.53,53.05,54.05,62,68.37,65.74,59.26
43.2,66.5,67.6,57.84,58.89,57.47,65.26,55.89,56.42,60.74,63.26,61.21,62.47,59.47,62,50.47,51.53,69,51.26,58.97
55.8,57.71,51.73,56.89,56.37,55.79,60.21,56.11,59.63,62.63,61.05,62.47,58.32,57.79,60.05,66.79,54,55.42,62.21,58.47
53.8,65.93,60.2,53.58,55.68,58.95,60.11,55.58,51.95,57.53,47.21,56.74,58.37,62.79,53.95,56,57.89,60.63,61.47,57.28
61.8,59.21,56.93,56.89,64.21,65.95,60.89,50.79,55.63,62.26,68.58,52.95,54.47,54.42,68.21,57.58,71.21,66.42,58.89,60.39
65.07,56.5,59.47,57.32,57.74,68,40.05,62,58.21,52.58,56.95,58.47,71.58,60.68,55.47,61.53,62.47,65.89,63.79,59.67
46.67,60.79,57.47,56.63,50.79,59.89,65.11,56.05,61.63,60.21,57.84,55.47,52.26,62,52.53,61.89,67.32,63.58,45.11,57.54
70.4,58,67.07,63.84,47.68,64.05,52.21,60.16,59.37,56.63,60.32,57.37,65.53,60.42,54.74,57.58,55.68,51.47,62.58,59.22
58.2,50.43,68.4,55.84,55.32,69.89,58.11,56.53,67.05,66.26,54.89,66.05,60.32,58.68,62.63,61.53,61.79,52.26,56.53,60.04
67.53,57.07,57.93,55.37,60.68,54.42,51.63,62.42,56.89,56.32,68.89,59,60.42,57.63,54.74,60.26,64.16,56.16,63.58,59.22
60.53,61.14,69,54.95,65.37,62.68,62.84,54.53,55.84,67.84,67.37,63.95,61.21,64.47,55.16,63.26,64.21,64.47,65.89,62.35
63.13,62.57,59.33,57,57.16,66.79,56.21,65.21,59,60.58,62.11,52,62.05,64.53,59.79,58.32,65.47,56.84,58.37,60.34
59.67,62.57,60.73,52.84,60.05,62.26,62.32,60,59.95,58.37,54.79,64.95,61.26,60.74,64.32,64.32,61.58,49.95,66.47,60.38
52.47,62.86,64.2,57.63,58.37,54.89,58.63,51.16,59.21,62.63,55.68,56.68,61.84,61.63,59.74,52.84,49.11,55.11,66.21,57.94
49.6,58.86,60.47,54.63,55.68,56.05,56.32,59.42,63.63,62.32,61.42,63.32,51.79,59.26,52.68,64.11,60.84,57.11,62.32,58.41
64.13,57.14,53.6,59.79,67.68,63.26,63.32,66.47,55.11,52.58,58.63,54.79,70.95,66.53,56,62.84,62.95,67.26,60.74,61.25
55.93,54.43,65,53.79,60.79,53.26,64.79,56.53,64.53,60.63,61.84,58.95,58.79,63,63.89,53.58,52.79,59.79,64.95,59.33
66.33,56.64,51.6,62.79,57,56.95,66.42,62.68,59,70.58,57.79,60.79,62.11,49.68,50.37,60.79,55.16,62.95,58.05,59.35
55.53,56.71,65.73,59.26,62.58,60.32,64.89,59.37,60.95,64.68,60.95,59.58,57.37,50.84,46.05,64.05,67.63,63.58,52.47,59.61
50,49.86,68.93,68.53,66.95,57.74,60.21,61.42,50.21,62.53,63.47,59.63,57.32,49.21,54.42,59.84,66.26,50.05,67.79,59.18
62.33,75.29,66.6,68.63,56.63,59.89,59.74,53.21,60.16,51.63,55.21,70.37,62.95,60.58,51,57.89,53.63,64.58,60.05,60.55
54.2,68.14,66,63.58,65.47,50.05,71.16,54.79,58.95,57.84,60.21,61.11,68.16,57.84,56.63,53.32,63,65.58,48.95,60.26
57.87,73.21,48.53,53.58,63.05,56.84,59.32,57.79,65.11,56.53,58.63,54.05,53.68,61.89,58.05,60.95,61.47,61.32,73,59.73
61.27,57.5,58,59.79,69.42,55.58,51.16,64.74,51.26,65.42,59.47,56.63,50,58.16,54.58,52.26,64.58,52.74,51.21,57.57
45.87,55.64,60.8,65.37,66.21,61.11,57.26,65.63,67,50.05,64.37,57.21,62.68,62.84,56.79,54.89,54.16,60.11,53.89,59.05
53,63.29,52.13,52.95,51.63,61.58,63.84,53.26,60.74,68.95,50.68,60.32,56.63,56.42,63.47,73.11,59.63,60.63,65.74,59.37
58.4,60.71,52.47,58.21,66.42,54.32,62.89,56,55.84,58.79,63.58,57.47,59,55.11,71.89,60.89,62.05,65.42,57.47,59.84
51.67,50.71,58.13,59.16,57.89,66.42,62.53,67.79,63.32,53.84,63.37,58.42,72.32,56.84,55.11,58.79,60.11,56,57.11,59.45
62.93,59.29,58.4,62.05,52.11,62.58,54.58,51.16,58.05,59.89,65.47,60.11,55.58,57.63,63.53,54.26,61.84,68.05,58.74,59.28
68.07,58.86,66.07,59.42,61.53,50.21,65.21,60.63,60.74,56.16,60.32,57.37,55.21,64.21,56,53.68,58.26,48.11,64.58,59.19
63.87,50.86,57.33,62.32,60.74,55.16,53.32,66.63,59.05,58.11,61.16,61.26,58.74,54.53,58.32,55.47,59.74,66.37,64,59.31
54.2,65.57,58.87,59.84,59.37,64.95,58.89,60.84,60.79,50.58,69.05,62.42,57.37,56.63,59.32,57.63,61.95,63.16,58.84,60.01
66.67,62.29,61.4,56.05,59.11,55.58,60,62.47,56.37,58.58,59.89,59.68,56.74,53.63,56.68,61.68,55.58,57,53.53,58.58
55,54.86,58.6,68.05,57.53,49.47,58.95,60.68,58.58,46.63,51.74,55.05,60.26,59.37,54.89,70.47,65.79,51.68,61.16,57.83
65.67,47.5,59.53,56.63,70.58,57.74,58.53,67.53,63.47,67.68,55.74,60.42,60.42,62.47,61.74,66.37,63.05,64,60.16,61.54
62.6,48.64,54.27,70.47,60.84,62.37,68.05,60.37,54.89,56.79,58.84,64.58,57,64.47,59.05,60.16,64.32,56.37,53.42,59.87
54.4,50.36,67.33,56.79,58.58,70.84,62,51.53,62.21,58.63,65.89,65.05,53.79,52.84,66.79,62.42,54.79,70.16,54.63,59.95
62.8,49.36,59.47,58.95,62.89,57.74,54.58,68.79,62.79,60.16,65.53,51.47,54.95,57.21,67.37,60.32,72.58,55,67.74,60.51
63.27,64.29,48.87,60.79,60.16,58.63,57.84,60.11,64.21,58.95,60.47,64.47,61,53.47,53.58,59.05,60.37,49.16,61.58,58.96
48.73,64,64.87,53.11,62.42,59.32,53.11,67,56.58,54.84,59.21,57.74,65.32,64.21,48.16,62.68,56.53,65.16,56,58.89
56.93,63.79,52.4,51.89,59.68,45.63,47.74,54.53,58.58,53.11,68.68,69.68,57.26,62.47,60.79,67.58,54.89,56.26,58.58,57.92
65.47,54.5,62,60.42,49.32,61.47,65.95,54.47,54.79,57.37,57.68,64.47,66.21,58.26,54.26,59,57.42,60.47,53.26,58.78
61.2,65.29,63.67,54.21,60.53,59.63,61.16,58.32,58.68,60.26,59.58,64.42,64,57.11,64.11,63.26,58.05,68.11,74.47,61.9
58.67,66.29,54.87,64.16,53.21,60.21,58.05,58.21,54.21,56.16,67.05,57.79,59.95,65.21,59.16,70.84,65.47,63.53,63.63,60.88
54.4,61.07,57.87,65.26,60.42,72.84,60.68,66.95,55.53,49.47,53.79,62.53,55.95,53.95,61.42,50.95,57.74,52.95,61.05,58.67
60.73,59.86,54.13,62.63,52.32,63.21,55.16,56.53,59.95,58.42,63.74,68.32,65.68,59.53,55,56.42,54.74,61.84,63.16,59.55
57.13,58.29,62.8,59.26,68.11,64,58.89,65.79,59.16,55.74,59.95,62.53,58.63,67.42,68.26,51.05,67.37,54.05,51.53,60.52
56.6,58.29,65.73,57.37,59.74,61.68,59.58,61.47,53.16,64,61.84,64.11,62,64.63,65.68,68.68,62.74,53.11,61.53,61.15
57.27,55.36,58.73,55.95,55.79,58.89,52.84,60.79,59,60.63,57.16,56.63,61.95,58.42,65.16,62.63,59.05,53.47,67.58,58.81
65.53,69.57,60.47,53.53,56.47,61.63,64.32,65.11,63,57.37,55,57.58,65.63,67.16,55.47,54.11,58.16,54.84,56.16,60.06
53.53,59.57,57.47,54.58,62.84,71,63.79,62.05,60.21,66.26,66.05,52.89,56.84,52.58,67.11,60.11,56.05,55.47,69.89,60.44
63.73,57.5,58.73,65.63,55.68,66.32,47.21,55.16,58.37,59.21,65.11,56.53,59.05,63.74,65.21,50.58,55.37,52.79,59.37,58.7
55.6,63.93,73.6,49.26,57.74,60.89,57.32,48.89,51.84,49.79,58.16,47.89,58.53,56.89,64.37,61.26,66,64.95,61.63,58.34
63.6,56.07,68.4,54,60.58,53.37,57.84,62.42,59.05,56.74,57.95,63.74,68.11,56.74,66.63,60.58,61.68,65.05,66.74,61.01
53.6,51.43,68.27,52.37,64.11,53.89,63.32,63.95,60.84,50.11,55.89,51.95,61.89,63.21,63.32,59,57.21,64.26,59.74,58.86
51,54.36,58.93,61.58,42.05,59.89,58,63.11,56.21,63.68,66.42,58.63,54.47,60.42,68.79,60.74,59.32,50.26,63.53,58.49
57.6,63.36,55.93,56.53,65.11,66.79,55.16,54.68,66.63,53.84,54.16,64.74,64.84,52.42,58.11,63.11,54.58,54.26,54.58,58.76
51.2,66.07,64.73,69.95,57.32,67.68,67.53,47.89,61.37,60.84,57.21,64.16,64,59.16,62.79,59.11,61.89,65.21,53.16,61.12
63.27,61.64,59,62.11,56.21,61.84,62.11,65.37,65.74,57.58,66.16,56.11,64.63,61.68,57.42,58.11,60.47,60.95,60.26,61.09
68.73,65.57,57.93,61.95,67.11,54.11,64.74,58,63.84,64.16,59.95,54.16,51.58,69.89,66.47,52.21,56.74,62.79,58.26,60.96
57.93,59.5,60.8,57.84,60.74,62.21,64.95,70.63,66.47,60.16,64.42,52.11,49,51.11,52.84,67.26,63.32,54.42,51.32,59.32
63.13,61.5,53.07,65.21,56.63,54.42,59.95,54.79,59.95,53.16,68.16,54.16,67.84,55.74,72.63,55.16,64.11,66.84,57.16,60.19
59.73,55.71,66.33,58.42,56.58,58.74,53.95,71.84,58.95,47.84,60.63,54.11,55.63,56.74,63.32,52.84,65.21,53.26,64.16,58.63
60.13,68.14,58.53,54.84,67.16,64.58,54.37,62.42,72.89,58.74,61.47,59.32,59.74,56.05,55.05,69.74,62.53,61.16,64.05,61.63
58.93,63.5,54.47,67.89,46,54.53,60,56.79,66.58,52.58,50.11,64.42,61.79,63.58,64.58,58.16,58.68,56.68,55.11,58.65
59.07,65.36,64.93,56.32,46.89,59.47,60,55.53,65.37,60,63.11,50.84,74.89,61.26,59.11,51.68,62.11,63.79,54.16,59.68
68.53,55.43,67.33,64.42,61.05,64.26,58.84,56.32,69.95,62.68,48.21,59.95,59.89,55.42,66.68,54.42,65.68,51.05,52.79,60.15
70.4,49.86,58.27,70.16,66.74,65.26,59.53,56.21,58,55.63,59.16,51,49.16,66.11,62.68,65.26,56.53,59.11,59.26,59.91
42.93,60.07,52.87,59.47,63.11,52.63,63.89,54.79,49.84,65.32,72.47,59.32,66.47,65.21,52.95,47,55.68,62.89,55.95,58.05
68.8,69.07,63.8,66.74,65.16,55.05,61.37,60.26,56.95,59.89,59.37,56.16,50.32,63.47,61.16,59.21,70.21,55.05,52.58,60.77
57.2,60,56.27,53.68,52.37,57.68,64.32,60.58,63.95,61.05,59.89,62,67.37,58.95,58.32,48.84,52.63,58.63,60.16,58.63
52.73,44.21,60.67,55.26,56.32,57.79,55.05,60.63,52.32,61.79,63.95,57.37,60.47,59.26,63.89,56.84,46.95,63.37,66.21,57.64
69.8,57.43,68.8,57.74,56.89,56.26,60.89,53.58,60.79,58.32,60.32,51.26,67.68,54.21,58.16,56.74,54.84,68.95,59.89,59.61
62.8,55.93,52.2,54.95,58.63,55.05,74.68,59.74,56.32,59.37,63.47,63.11,62.53,52.32,69.74,60.16,61.26,57.47,65.05,60.25
59.33,65,59.27,60.89,60.95,59.05,64.21,57.79,63.26,60.11,61.53,56.42,61.37,59.16,58.68,66.68,62.32,55.42,65.79,60.91
53.33,61.57,76.47,66.68,58.47,56.79,61.16,62.42,60.95,65.37,58.21,53.21,64.21,54.37,64.53,56.68,61.53,58.74,60.58,60.8
56.27,57.71,55.8,60.79,52.79,57.95,66.16,56.95,59,64.68,63.89,59.37,59.42,56.95,51.37,55.11,55.84,56.63,60.79,58.29
62.53,65.86,53.73,60.79,61.58,63.95,51.05,71.68,68.84,61.05,67.21,65,56.79,56.68,57.21,56.63,54.05,53.79,59.32,60.41
67.2,63.36,62.87,62.74,58.79,66.63,64.68,52.63,53.95,57.26,57.68,64.21,56.42,65.95,60.16,65.84,54.58,51,66.53,60.66
53.47,67,59.4,52.84,64.53,66.42,60.21,55.32,60.21,60.21,57.26,55.63,63.32,61.68,55.68,62.05,51.26,54.89,69.05,59.5
60,60.71,63.2,63.89,64.37,67.05,52.74,60.42,63.21,55.95,61.11,61.84,57.37,55.16,65.63,57.79,62.95,57.79,65.63,60.88
71,57.07,70.87,57.21,63.16,57.11,61.84,54.79,51.68,64.42,60.89,67.11,58.84,59.89,53.47,60.84,56.84,61.84,56.21,60.27
56.47,58.14,64.67,56.21,67.84,60.47,58.84,62.42,56.63,56,55.63,57.79,61.37,57.74,62.21,58.37,58.32,55.11,54,58.85
52.73,53.14,56.8,52.32,57.53,56.42,56.79,55,69.42,49.32,57.63,47.89,61.89,55.95,66.26,62.05,56.42,66.11,65.42,57.85
64.93,48.71,56,62.21,60.47,61.68,53.37,52.58,55,59.74,55.47,62.63,55.11,68.21,53.32,57.95,66.16,50.53,58,58
67.2,47.43,60.27,51.58,65.79,63.84,66.89,57.89,73.79,61.05,67,62.05,68.95,63.26,67.84,61.63,57.37,48.79,50.63,61.22
53.27,58.36,50.07,53.05,61.63,61.37,62.63,60,58.26,58,56.63,58.11,52.16,57.68,56.26,61.21,49.63,66.05,49.42,57.04
64.4,50.64,59.73,61.32,47.47,60.58,56.95,50.89,57.63,57.74,50.74,52.26,59.32,64.89,61.11,55.58,67,70.16,69.79,58.85
55.07,58.36,50.67,59.11,56.37,59.95,69.16,54.63,57.89,60.11,60.37,61.11,60.21,60.32,64.32,61.58,55.53,52.53,59.16,58.76
61.4,62.79,56.6,61.42,45.68,50.58,61.05,63.37,54.32,56.84,65.26,60.89,57.11,60.21,48.42,59.79,60.89,50.16,58.42,57.64
49.4,60.14,57.2,63,51.37,61.53,58.63,58.68,52.79,63,75.21,56.63,57.63,61.68,60.79,58.89,53.89,52,49.47,58
62.8,65.79,65.87,51.47,60.16,65.95,62.47,58.79,55.79,56.47,59.74,49.95,58.74,63.37,64.37,58.58,58.89,48.58,64.37,59.59
56.33,54.64,61.07,60.89,58.37,54.32,67.74,58.16,61,55.74,60.37,59.63,62.89,73.79,50.68,50.16,61.58,56.68,60.47,59.19
48.13,64.64,65.8,58.16,54.42,60.79,66.47,65.37,45.58,60.16,56.58,53.84,52.63,63.89,56.63,58.32,55.21,62.58,53.84,58.06
63.27,70.93,63.4,54.89,60.05,64,51.42,64.32,54.63,61.16,54.95,59.11,47.16,67.84,42.95,53.32,65.53,58.58,46.84,58.12
63.73,57,61.47,68.53,62.53,61.95,58.11,63.37,67.26,54,67.89,64.21,66.21,42.32,59.53,66.16,63.47,64.53,53.74,61.37
54.8,47.5,64.2,52.42,59.95,52.37,57.05,55.26,61.21,51.58,58.53,61.79,54.84,45.95,63,58.89,65,62.84,65.32,57.5
49.8,59.29,63.93,57.53,64.42,50.58,68.11,53.79,56.95,57.37,57.26,72.05,59.37,57.79,50.84,63.21,57,58.63,59.68,58.82
58.07,63.43,63,61.53,55.84,56.95,56.26,59,58.37,61,61.32,51.74,54.68,65.74,54,50.05,62.37,62.26,62.95,58.87
48.07,67.07,68.33,62.05,63.47,58.11,60.89,68.16,65.84,58.53,64.05,53.53,66.68,56.26,68.84,56.89,61.84,60.21,59.16,61.47
56.33,52,63.67,59.05,55.37,64.21,65.37,62.58,59.32,60.68,63.58,66.42,58.16,51.89,60.74,59.32,59.89,57.47,55.05,59.53
59.27,68.5,60.07,65.11,55.42,62.89,57.53,57.53,52.05,53.63,55.16,58.63,56.16,58.26,61.16,63.42,59.47,60.58,52.53,58.81
66.87,55,68.87,67.63,61.47,58.47,56.05,54.58,65.84,61.84,52.26,64.63,58.32,68.32,55.89,58.32,55.53,65.47,53.84,60.48
58.93,61.5,64.47,63.95,57.05,56.16,57.74,52.21,65.37,57.37,46.32,58.11,57.58,61.26,61.63,61.21,50.74,56.26,60.95,58.36
66.93,63.36,64.2,48.37,62,61.89,60.05,62,73.26,54.11,68.05,61,60.11,67.16,61.53,63.21,57.21,57.74,56.58,61.51
63.13,58.57,72.47,56.63,53.05,60.05,65.16,65.37,58.42,60.63,58.26,69.89,60.32,66.79,62.11,64.42,61.37,63.74,54.26,61.82
59.27,50.64,56.33,51.37,70.42,66.42,58.16,58.74,56.74,56.58,60.16,65.37,66.95,60.89,57.47,58.95,67.21,58.16,66.58,60.34
54.53,60,67.27,64.95,60.53,67.32,55.84,58.58,66.47,62.58,60.21,60.11,56.05,63.58,71.95,72.58,53.11,56.16,65.47,61.96
68.47,57.86,63.93,58.79,58.63,48.58,56.58,63,55.53,59.05,54.53,56.89,64.37,59.05,58.21,52.32,63.47,50.95,71.79,59.05
57.47,65.86,66.47,60.42,52.58,46.42,55.42,51.84,60.21,53.47,69.53,60.32,67.32,57.47,60.11,58.11,57.68,66.95,59.53,59.32
59.27,57.14,59.73,60.84,59.05,51.26,61.37,60.79,60.95,68.42,57.11,64.32,57.21,65.74,63.47,65.53,60.95,60.21,60,60.7
68.73,60,53.93,58.42,57.74,56.79,56.21,55.63,55.05,50.21,58.68,62.68,62.05,55,54.68,49.58,63.63,52.58,55.11,57.2
52.8,58.21,52.6,60.16,60.47,63.37,56.84,56.58,55.53,54.21,63.42,60.68,62.47,62.21,62.89,67.63,61,51.89,58.11,59
54.33,65.64,50,65.37,58.58,66,54.42,54.37,59.79,52.47,63.11,67.26,53.32,72.16,68.16,63,60.32,58.37,60.32,60.37
47.13,60.79,63,59.84,54.89,61.58,63.37,55.11,63.53,54.63,61.32,61.74,40.16,58.26,58.84,52.79,53.53,55.68,55.47,56.93
57.53,53.71,65.87,54.42,73.68,52.05,65.42,55.63,58.16,50.95,57.21,50.74,58.11,63.74,57.68,65.42,63.42,65.26,64.11,59.64
56.47,66,67.6,51.79,61.58,56.47,53.68,71.63,70.84,52.58,57.32,46.21,66.74,56.16,56.53,55.79,61.37,72.89,64.11,60.3
74.73,60.64,59.93,60.68,56.79,57.89,65.32,64.05,58.74,60,64.84,59.32,61.95,57.58,55.53,55.63,64.95,52.95,52.37,60.2
57.13,57.21,53.07,58.95,53.05,67.47,56.32,64.05,50.58,64.11,63.05,66.89,58.74,44.05,59.89,53.68,53.26,58.16,54.79,57.6
55.27,55.5,53.53,62,56.05,60.16,53.16,61.79,59.16,62.63,67.89,57,56.37,61.89,60.79,59.42,58.89,57.21,60.84,58.92
55.13,61.86,59.33,56.42,65.53,66.47,58.95,56.26,55.05,54.84,54.42,66.11,62.53,51.26,58.21,50.53,60.37,63.95,66.58,59.15
66.6,67.21,58.33,68.53,61,61.95,57.84,60.84,66.79,65.32,66.05,58.89,59.47,57.84,58.42,55.84,63,55.16,64.58,61.77
59.73,52.57,56.33,49.89,56.58,61.63,54.89,60.53,53.63,62.42,67.47,55.58,61.74,61.79,59.37,62.53,54.53,60.47,58.16,58.41
59.27,58.57,67.53,55.74,67.11,54.84,56.63,58.89,64.26,59.05,54.05,55.89,69.84,53,59.68,67.58,50.58,58.16,46.42,58.8
65.2,54.86,68,65.89,60.42,65.42,75.05,59.37,54.95,60.05,55.74,60.26,60.63,65.68,51.63,60.89,58.05,55.95,56.32,60.76
57.8,58.57,57.07,69.74,52.95,60.53,51.79,60.05,69,69.47,64.16,58.47,71.58,53.21,55.32,48.68,63.68,56.68,60.58,59.96
66.13,60.07,56.07,63.11,55.21,68.11,62.53,64.95,53.95,50.89,61.37,59.89,59.84,60.05,55.79,59.05,50,53.68,56.84,58.82
61.27,65.64,51.07,58.79,65.84,52.26,52.95,60.89,62.95,61.74,56,56.63,61.53,69.74,65.58,53.84,53.89,56.37,64.47,59.55
66.87,63,65.2,52.84,51.74,59.95,62.58,51.05,66.89,57.63,64.21,51.89,58,58.32,66.42,56.37,59.74,54.74,56.42,59.15
52.73,64.36,64.73,64.05,62.74,59.84,63.11,63.05,63.11,60.79,58.16,73.53,54.26,52.42,56.05,53.79,58.21,58.05,54.47,59.87
56.6,54.29,56.2,58.74,69.74,72.74,57.37,73,53.05,58.84,62.74,56.63,53.68,54.05,67.95,58.89,65.74,51.26,56,59.87
62.4,55.86,54.2,60.95,52.95,69.58,58.05,56.47,65.26,56.63,57.26,51.37,56.84,52.74,59.84,69.68,62.63,51.21,53.79,58.3
51.53,67.64,61.93,59.21,49.21,58.74,64.47,55.26,63.74,58.21,57.16,64.47,59.47,55.32,60.47,59,55.26,55.63,66.53,59.12
62.07,73.29,60.4,61.58,53.63,61.74,54.47,61.05,58.37,62,61.42,65.26,72.11,49.32,62,62.63,56.26,57.26,64.32,61.01
62.33,54,45.53,60.47,57.11,64.58,64.11,59.32,58.68,59.58,66.58,62.63,70.16,60,56.16,62.63,47.63,60.32,64.16,59.79
69,61.07,67.93,67.63,50.79,51.84,57.63,52.68,55.74,62.16,58.21,63.68,55,54.21,58.68,57.74,64.21,56.95,57.21,59.07
51.8,59.29,77.8,57.63,60.95,56.11,67.26,72.16,68.05,59.68,61.47,56.37,63.79,62.58,59.68,61,57.05,52.79,67.37,61.73
63,67.43,58.73,46.58,70.11,53.53,57,61.74,52.89,61.63,61,57.68,59.26,65.37,55.16,48.37,66.11,58.53,54.74,58.89
47.13,66.43,66.13,56.53,60,67.95,66.26,60.84,61.63,71.26,55.63,62.21,58.11,61,66.53,69.37,60.74,56.32,48.79,61.2
54.47,51.07,64.93,54.37,56.74,54.84,55.68,54.58,57.47,61.95,55.53,60.84,64.05,61.79,52.79,58.79,58.68,55.11,55.16,57.31
54.4,60.57,63,54.89,61.53,57.89,64.11,60.68,57.79,68.79,61.84,61.53,49.47,61,63.63,45.74,61.42,57.26,57.79,59.12
54.07,59.93,64.93,64.42,57.68,67.68,59.37,56.42,66.16,61.26,63.16,61.95,54.68,62.53,54.68,69.68,54.42,70.42,55.74,61.01
67.07,58.86,63.93,65.74,53.89,47.74,55.63,57.79,62.53,61.58,62.74,56.21,53.05,61.68,57.79,67.42,53.37,54.26,59.26,58.98
57.6,56.71,66,59.32,58.58,59,61,67.05,53.42,56.16,62.32,51.84,52.63,67.16,64.79,51.16,64.89,67.11,64.68,60.07
60.93,67.5,61.6,60.16,65.47,49.89,58.58,59,60.21,54.79,47,60,62,55.11,55.11,67.89,65.68,62.68,56.84,59.5
55.27,62.86,54.8,58.16,66.89,68.16,58.42,56.79,63.53,68,63.37,51.26,59.58,59.74,59.68,59.63,65.32,64.21,64.05,61.04
54.07,66.43,48.93,59.68,50.84,50.53,56.89,58,59.89,57.11,63.89,58.74,70.84,63.47,56.58,66.26,51.37,61.42,59.79,58.67
61.27,68.21,64.2,65.37,53.47,65.53,54.11,66.53,54.37,51.79,58.68,54.32,55.58,60.68,67.79,56.05,49.21,59.79,46.42,58.6
59.13,56.93,54.33,59.26,61.11,51.84,61.05,59.53,50.63,62.47,54.47,62.05,60.74,63.74,59.53,54.63,59.63,58.47,63.58,58.59
59.27,56.86,60.2,50.53,65.79,56.11,60.05,59.21,67.84,61.32,65.89,57,60.84,56.21,59.16,67.47,58.74,62.84,57.11,60.13
60,69.79,55.6,71.26,52.68,69.05,64.21,61,59.74,55.37,58.68,60.26,49.84,53.74,64,59.32,57.95,50.32,55.26,59.37
69.8,56.43,62.07,57.58,62.05,56.84,52.89,59.58,53.21,55.63,66.58,59.21,55.42,49.68,54.37,64.89,62.26,51.95,69.68,58.95
61.13,61.07,56.53,67.58,50.89,66.47,65.16,48.63,58,58.21,62.05,56.26,64.68,68.58,63.53,54.53,58.32,61.58,58.63,60.1
60.87,50,59.47,51,63.63,60.95,54.84,51.68,62.84,67.16,59.32,62.26,64.79,64.84,61.16,64.47,62.26,53.16,53.58,59.38
53.53,54.5,63.93,55,72.53,57,59.05,62.95,63.26,61.74,56.74,59.58,57.58,65,59.32,58.79,61.58,60.32,62.53,60.26
72.4,52.79,63.2,57.63,60.37,56.58,60.16,64.26,60.79,48.84,61.58,57.89,66.68,63,63.53,57.21,62.47,60.16,63.95,60.71
59.07,58.29,61.47,52.05,62.95,53.89,63.63,60,60.95,72.47,58,45.53,56.89,61.26,57.16,63.05,56,64,64.32,59.53
51.87,54.29,69.53,62.47,57.05,50.26,61.89,69.84,61.63,59.16,48,57.74,49.11,68.47,58.21,57.58,63.63,53.95,63.11,58.83
60.4,68,68,59.21,71.89,63.47,49.37,49.16,62.26,63.53,58.26,56.53,69,62,63.63,66.11,60.05,63.58,69.21,62.3
57,61.43,57.07,57.53,55.58,65.63,57.47,70.11,57.58,64,56.37,59.37,69.74,53.74,52.47,62.79,57.21,64.74,60.37,60.01
69.8,68.21,70.13,54.42,66.05,62.84,60.95,57.95,64.16,61.21,51.37,59.84,53.32,66.11,65.21,73.89,66.05,56.79,58.21,62.45
54.13,52.43,66.53,61.21,61.32,55.74,60.95,55,64.63,54.26,54.58,61.42,48.68,59.37,60.63,63.53,66.63,58.37,56.42,58.73
57.53,62.64,62.27,46.32,57.21,51.84,59.95,60.16,58,61.74,55.53,64.68,59.37,61.79,56.79,59.74,64.47,61.26,64.21,59.24
49.13,65.57,65.27,51.74,64.74,56.32,55.63,51.11,62,55.11,62.05,55.26,71.32,58.16,62.16,66.84,56.84,66.84,62.89,59.95
60.87,58.64,61.67,56.68,63.47,55.16,49.58,61.63,59.53,64.68,54.21,49.68,72.05,66.89,53.84,73.42,58.47,60.32,54.84,59.77
59.87,64.5,52.2,54.63,50.47,61.37,63.26,69.42,68.79,57.47,48.47,54.79,60.32,64.26,61.05,65.21,63.32,65.37,51.74,59.82
63.07,59.93,59.6,56.53,62.42,53.58,55.11,58,57.32,55.32,53.63,63.95,60.32,46.53,60.47,59.26,57.74,52.32,52.63,57.25
60.4,62.43,61.47,51.89,60.79,56,51.89,58.32,69.32,58.16,67.11,61.16,65.89,57.74,61.47,63,63.58,61.79,60.21,60.66
62.2,60.07,61.6,60.47,57.05,58.16,61.26,59.32,66.58,57.26,59.89,61.21,52.84,61.21,69.11,73.53,72.32,47.95,62.68,61.3
62,72.43,55.87,63,58.42,55.21,52.47,56.21,68.68,48.95,63.84,51.42,58.32,63.63,57.89,63.58,59.53,50,56.95,58.86
53.4,57.86,58.87,61.68,55.21,58.89,55,66.37,67.16,65.95,62.89,54.11,62.21,66,59.26,60,59.89,56.68,67.05,60.45
58,68.86,49.47,61.74,59.05,59.53,57.68,69.42,65.16,64.68,49.32,55.05,59.89,72.63,62.32,57.89,56.58,62.63,57.58,60.39
58.67,62.5,64.67,53.32,59.63,59.16,62.42,61.16,59.63,63,50.68,62.95,62.37,59.63,70.84,72.79,54.68,60.84,68.95,61.47
55.47,66.5,64.4,68.32,74.26,60.47,56.32,63.42,56.63,65.74,56.84,59.05,54.68,52.11,55.95,56,58.37,57,48.42,59.47
58.13,65.5,56.47,53.58,64.95,67.37,61.63,62.47,46.84,57.21,61.63,56.63,59.84,65.74,56.84,57,57.53,57.74,50.58,58.83
63.2,63.43,53.4,52.42,67.68,57.89,54.05,52.79,51.47,52.89,66.47,60.26,60.11,66.47,71.53,48.37,65.21,69.47,58.21,59.75
57.93,52.07,62.73,56.79,59,57,53.84,63.37,53.63,47.47,53.16,53.37,61.11,68.58,48.68,64,52.47,66.47,63.79,57.66
54.73,60,53.27,46.16,57.47,63.42,52.21,50.21,56.74,54.16,53.16,65.79,56.42,68.47,61.74,61.63,63.74,61.21,52.89,57.55
59.2,59.64,59.73,53.58,52.74,57.26,57.68,70.32,67.95,74.68,55.47,55.26,59.89,56.68,55.63,60.32,58.47,49.42,69.05,59.63
60.67,68.21,62.07,60.37,55.26,58.05,59.32,61.26,58.95,55.63,63.63,52.11,54.89,58.11,61.74,57.32,56.89,52.95,66.11,59.13
69.93,54.5,76.4,55.58,57.26,58.68,61.63,62.89,62.11,56.42,64.58,60.89,51.26,63.74,56.84,56.11,60.74,49.58,52.47,59.56
54.13,64.57,75.73,64.26,60.05,57.32,65.58,46.68,62.89,56.84,62.79,60.74,61.05,57.53,55.47,56.63,51.42,60.37,60,59.69
55.93,53.64,70.27,59.26,72,64.05,61.74,56.58,66.79,59.42,65.47,65.74,68.42,59.11,61.58,51.58,53.21,61,51.47,60.91
59.8,63.64,54.93,64.05,58.74,55.16,60.42,68.05,56.74,55.89,62.89,65.74,76.47,67.37,56.84,71.21,49.68,66.05,55.21,61.52
56.8,64.64,67.27,59.89,57.05,59.53,62.26,54.42,52.79,63.74,64,68.74,60.05,64.16,62.53,59.89,71.11,65.05,60.79,61.83
54.67,74.14,63.8,58,51.47,53.84,56,65.89,60.11,61.58,63.63,62.95,52.47,64.37,61,61.58,44.68,52.37,57.63,58.96
72.93,64.21,64.27,53.21,60.63,60,65.37,50.95,68.37,59.05,50.05,62.47,60.84,51.95,65.89,57.63,66.21,60.79,50.89,60.3
67.73,48.21,62.13,58.26,64.26,57.32,59.05,52.74,55.84,57.95,62.79,56.95,57.21,61.47,58.26,58.53,56.68,55.16,65.89,58.76
76.07,57.86,58.2,62.37,56.05,67.37,55.89,55.47,59.21,54.05,60.79,62.58,59.95,56.79,65.95,61.11,48.16,55.42,67.53,60.04
52.87,55.57,68.47,58.89,66.05,57.79,61.32,62.58,64.11,60.21,60.21,65.74,57.47,55,59.37,67.95,62.74,65,66.84,61.48
60,53.86,60.27,52.53,61.11,64.37,56.42,59.63,52.63,69.26,60.11,63.26,57.05,55,50.21,51.05,58.42,54.58,53.79,57.55
51.8,58,53.87,60.79,65.79,63.63,61.26,71.89,64.21,66.16,63.79,65.37,74.79,59.58,55.05,69.05,59.58,66.37,55.42,62.44
60.47,63.93,64.47,60.95,63.37,57.32,69.84,64.37,59.47,58.89,66.05,58,51.74,52.21,60,64.05,62.11,59,56.89,60.69
75.6,56.93,59.6,61.47,57.21,60.68,56.89,53.58,64.53,55.89,57.47,61.84,56.89,56.84,65.74,60.58,57.84,65.37,58,60.16
60.33,57.79,66.53,50.11,55.21,63.58,70,71.26,58.42,55.37,68.05,47.63,61.58,54.42,61.32,59.84,57.37,60.84,65.11,60.25
50.87,65.21,56.8,59.84,61.53,65.68,69.53,58.58,56.74,54.16,54.05,67.58,58.05,49.47,65.58,56.16,61.16,64.47,60.95,59.81
48.4,59.43,61.6,65.95,57.16,57.79,61.84,69.42,52.68,43.95,59.26,68.58,52.32,64.84,67.74,60.16,56.53,53.42,63.84,59.21
64.13,51.29,57.93,57.53,60.79,60.79,54.68,72.95,63.05,65.26,54.37,56.53,55.89,48.74,57.74,69.89,59.42,44.32,60,58.7
49.13,59.29,54.53,58.68,48.47,56.42,62.26,51.89,62.37,49.32,56.68,55.32,58.79,47.47,60.63,61,58.58,62.47,54.84,56.22
53.93,63.71,53.73,62.53,48.95,60.32,58.53,73.11,70.16,53.89,71.63,53.37,50.26,58.16,50.89,63,58.37,66.84,69,60.02
71.73,61.43,70.33,57.74,62.68,57.58,46.53,55,67.05,57.95,63.95,59.47,65,60.63,61.79,58.05,58.37,65.84,52.79,60.73
59.6,51.14,57.27,60.89,55.16,56.84,55.32,58.63,58.37,62.68,61.16,63,53.47,61.26,59.95,66.26,64.32,61.58,60.79,59.35
57.6,52,50.47,51.58,64.84,57.32,54.11,58.79,57.42,62.05,60.05,61.16,55.47,62.16,52.37,60.68,66.42,61.32,60.32,58.22
50.4,65.5,61.13,48.53,49.05,56.68,62.47,63.32,57,61.63,55.89,49.68,68.74,62.63,53.37,62,64.42,55.26,64.74,58.55
46.93,56,62.53,54.89,57.68,64.95,62.89,52.32,62.84,61.53,64.32,51.58,59.79,58.53,57.79,64.95,56.58,64.37,62.42,59.1
60.53,50.07,60.2,61.53,54.79,53.58,58.53,58.74,59.58,67.26,56.11,59.63,64.89,58.79,59.58,62.79,71.16,63.53,57.79,59.95
57.73,70.64,61.27,66.63,54.11,55.37,62.26,55.42,66.42,61.26,66.84,64.84,60.26,64.47,59.32,68.32,56.26,63.63,61.58,61.93
62.8,62.93,59.47,58.53,56.95,61,60.84,52.47,65.21,66.47,57.68,53.47,58.05,59.84,66.68,52.79,51.11,63.42,58.95,59.4
53.8,67.29,56.73,55,56.68,57.79,58.68,60.21,60.21,54.26,66.42,71.89,62.58,63.53,69.32,60.79,70.63,58.37,68.74,61.73
67.53,60.07,55.8,59.63,61.42,54.21,60.63,69.68,59.11,64.37,53.68,53.58,74.05,54.89,67.63,60.16,50.89,52.11,50.42,59.47
69.67,58.86,54,60.95,59.68,65.32,56.74,68.47,55,59.37,52.58,42.79,68.21,55.26,57.32,62.26,53.26,61.68,60.74,59.06
54.6,64.5,58.27,56.05,63.37,64.53,61.53,58.63,72,51.63,52.42,54.42,54.95,64.37,57.47,48.26,51.84,51.84,58.84,57.87
65.4,52.71,59,56.58,52.58,61.84,72.37,58.79,70.58,60.79,63,52.95,53.74,47.89,53.26,57.68,49.21,58.32,54.32,57.95
50.07,59.43,65.2,53.32,53.16,57.58,61.05,61.11,57.11,66.63,58,62.37,63.37,65.26,63.89,59.16,61.58,63.84,49.05,59.54
58.6,61.57,63.6,56,59.47,46.79,61.11,62.21,55.79,55.26,52,67.74,57.79,57.47,44.68,55,59.68,54.05,59.89,57.3
56.87,65.36,63.4,48.68,56.37,54,67.89,59.89,55.11,58.16,56.89,62.79,63.21,54.58,56.95,65.53,52.58,65.84,64.63,59.41
54.13,64.71,71.33,59.47,52.68,66.47,60.58,57,52.74,55.68,59.84,53.84,52.79,56.21,57.11,59.05,61.47,52.05,54.05,57.96
66.67,62.86,47.47,53.47,66.95,59.63,66.32,56.42,58.95,55.95,62.32,61.05,61.26,69.68,65.32,60.26,57.32,54.37,60.58,60.36
62.13,52.07,64.33,55.63,61.37,55.63,50.32,66.95,53,60.63,62.63,60,54.74,58.95,54.42,63,56,57.37,48.16,57.75
51.13,60.29,59.53,53.32,58.89,54.79,57.11,56.84,63.11,64.32,59.26,58.68,64.37,59.63,61,54.42,61,61.74,52.68,58.53
52,59.57,64.6,54.21,61.74,59.42,63.89,56.37,50.79,54.37,58.74,63.21,59,50.84,62.79,60.05,50.53,49.05,59.74,57.42
55.67,64.14,63.73,61.21,65.26,51.21,61.21,62.95,66.68,57.89,65.47,59.42,58.74,63.47,64.37,60.05,60.74,59.26,66.42,61.47
57.73,53.79,64.13,63.68,58.42,58.11,53.21,55.53,63.21,58.84,65.53,69.37,64.58,53.74,60.53,67.37,59.26,56,54.47,59.87
68.2,62.64,61.73,50.68,57.79,54.74,58.53,53.63,60.47,59.58,66.26,54.84,55.21,63.37,52.84,55.63,57,53.74,73.89,58.99
55.33,56.64,64,60.95,49.11,60.79,64.11,60.79,61.16,64.42,60.11,53.05,60.58,61.89,56.95,58.26,65.42,65.79,63.53,60.15
53.8,52.29,54.07,44.53,57.16,55.26,60.42,49,63.53,59.53,66.74,53.74,60.95,53.26,62.84,53.74,63.79,73.47,63.63,57.99
75.33,62.14,62.4,55.95,57.21,60.26,51,63.05,54.58,58.95,52.84,59,63.21,49.21,61.89,59.37,67.37,63.32,62.37,59.97
55.67,59.43,59.2,55.95,65.53,50.63,60.26,58.37,67.63,66.05,73.68,69.68,57.37,55.68,60.84,63.05,57.89,56.16,52.95,60.32
69.33,58.14,45.93,61.53,61.58,50.26,52.95,70,57,59.21,68.42,47.68,65.53,57.79,62.21,64.89,61.11,62.58,56.47,59.61
69.07,62.21,60.4,62.16,55.53,56.74,57.68,55.74,67.05,64.05,61.11,62.95,59.95,56.37,57.26,61.89,65.79,66.05,61.37,61.23
60.33,52.71,59.8,58.16,57.84,55.63,58.05,56.63,61.05,66.47,62.11,68.89,52.58,61.47,63.16,67.63,62.58,74.53,54.16,60.73
56.07,53.93,65.47,56.95,63.74,69,64.53,55.68,62.37,64.11,58.63,59.95,56.63,56.05,59.05,66.79,62.37,50.74,48.37,59.5
64.27,59.14,57.2,58.68,56.68,52.16,56.84,61,56.63,60.89,56.74,55.89,59.74,60.47,61.16,57.79,60.47,64.05,53.95,58.62
67.93,57.79,52.27,54.95,54.74,69.89,71.42,52.37,57.89,57.05,59.95,62,66,59,63.68,55.84,54.32,55.58,64,59.82
52.93,68.71,51.8,58.26,61.95,60.63,61.95,64.26,55.37,58.32,58.74,59.84,52,55.21,55.16,63.58,54.74,60.47,54.53,58.34
56.4,51.64,58.8,50.16,66,66.58,64.79,66.42,59.42,55.26,58.42,64,60,58.95,63.53,51.16,46.47,49.21,65.37,58.56
57.87,57.21,68.33,62.42,61.58,59.21,70.32,62.26,50.89,62.63,57.11,58.21,62.58,67.74,56.89,55.53,60.79,68,64.89,61.29
64.33,55.07,63.87,55.26,65.68,52.89,57.16,60.32,63,52.42,57,71.95,63.63,56.95,55.42,58.26,57.11,60.11,62.42,59.62
53.4,55.5,54.27,43.95,55.84,67.95,61.37,57.42,61.37,54.84,62.68,46.95,64.95,64.16,51.11,55.47,55.47,58.95,62.58,57.27
69,54.43,62,53.53,62.53,58.42,57.79,62.74,62.26,53,61.68,61.05,59.53,65.63,62,56.16,68.53,60.53,59.37,60.54
61.6,63.14,55.47,61.95,56.37,53.37,52.74,59.74,57.68,62.47,49.95,51.95,60.11,54.74,67.89,70,58.53,63.53,62.95,59.17
48.33,47.79,60.47,54.32,62.84,58.95,60.16,68.84,69.74,63.63,56.74,67.74,58.89,67.58,58.11,48.84,59.21,57.16,60,59.44
52.27,55.93,58.47,60.42,54.32,69.63,58.53,59,54.58,55.68,64.21,60.63,57.68,56.68,48.32,57.95,59.58,67.95,61.95,58.62
55,55.64,61.6,54.68,59.21,57.47,58.05,53.37,60.68,60.42,65.58,65.21,57.89,53,58.58,58.32,56.63,58.53,61.58,58.5
56.4,58.64,57.2,54.21,60.47,56.95,64.58,64.37,61.42,58.95,53,54.95,54.37,54.26,41.42,65.68,56.84,55.16,45.63,56.55
56.13,70.5,52.67,48.05,61.84,61.47,58.68,62.74,63.63,54.89,52.63,57.11,73.11,57.74,59.84,55.95,44.74,53.89,53.32,57.84
59.07,67.79,52.73,59.95,57.47,56.05,60.68,61.11,59.79,50.63,68.47,57.74,46.89,63.11,62.58,46.21,59.95,57,44.74,57.47
55.93,58.57,57,58.68,55.84,57,56.84,55.32,65.47,67.89,59.11,54.63,54.95,68.32,62.37,62.74,66.47,61.79,48.11,59.32
57.33,59.07,64.47,62.42,64.26,61.79,58.89,63.63,60.68,56.53,61.74,63.21,65.11,66,58.11,66.95,52.84,62.89,67.79,61.77
58.07,55.64,56.47,68.11,58.05,51,51.42,55.21,65,65.84,60.89,60.32,60.05,61.05,67.68,61.68,59.42,65.63,69.63,60.59
53,59.57,74.73,58.89,58.37,57.37,56,63.58,54.05,67.68,64.53,58.68,56.26,44.37,67.05,63.11,60.42,68.37,64.21,60.54
57.73,56.93,65,58.42,67.47,54.74,64.37,53.47,51.42,69.32,70.16,60.11,53.84,63.21,53.79,60.68,70.16,67.89,70,61.51
59.87,63,52.87,65.05,57.21,63.58,55.79,67.63,57.21,63.68,63.47,63.42,59.63,49.11,54.84,63.63,64.21,62.26,66.37,60.68
61.8,55.86,47.73,64.16,59.68,67.68,55.42,63.05,56.11,67.47,71.16,70.89,64.47,66.95,64.47,58.68,61.32,59.11,61.68,61.98
62.73,69.21,62.2,58.89,57.58,54.32,62.79,65.05,56.21,58.95,62.26,59,69.21,68.32,67.21,48.79,64.95,58.95,56.05,61.19
49.07,57.07,58.87,65.53,59.74,67.79,55.32,57.84,53.68,50.32,57.05,53.16,58.26,67.47,60.21,64.58,62.53,67.11,58.37,59.16
55.13,52.93,49.93,60.58,56.74,50.05,50.84,62.11,66.05,61.58,62,61.37,58.74,58.89,58.63,54.26,59.16,64.21,62.58,58.2
61.53,64.79,68.33,66.84,63.74,57.42,65.32,52.32,61.79,64.58,54,61.11,59.84,56.74,55.16,59.95,62.63,55.79,64.89,60.88
53.27,54.93,54,56.05,64.89,70.11,67.89,55.68,61.63,60.16,54.53,58.53,49,67.42,57.37,52.26,61.68,59.26,53.42,58.53
56.13,50.21,59.27,54.47,56.89,63.05,59.11,64.11,54.47,57.84,60.26,63.11,59.84,61.84,56.37,61.89,60,65.68,65.63,59.48
56,54.43,59.6,52.37,50.58,58.89,60.53,48.74,59,58.47,59.05,57.21,62.16,64.16,61.84,66.68,60.37,54.58,61.37,58.21
67.07,50.79,53.13,51.16,54.32,69.68,52.89,57.74,60.16,63.53,62.63,65.89,58.37,59.37,62.21,57.42,60.05,58.53,70.11,59.74
60.27,56.71,57.6,63,61.05,60.37,64.68,66.37,58.89,58.68,59.11,61.89,59,59.95,53,50.05,58.16,53.58,60.11,59.08
66.2,60.14,59.87,55.95,59.16,64.42,63.32,66.16,68.74,60.84,62.21,64.21,60.32,67.26,51.58,61.68,58.84,60.21,71.58,62.25
58.07,62.93,53.8,57.32,53.74,60.63,63.42,50.37,65.79,58.68,59.47,63.58,63.05,51.63,56.21,60.47,66.26,61.16,61,59.35
58.67,54.43,68.47,69.16,56.74,61.47,68.84,53.53,72.79,61.26,59.84,51.89,57.68,63.89,60.95,70.63,60.89,60,66.16,61.96
55.53,58.29,67.2,64.63,58,58.26,54.21,65.63,57.05,59.74,66.68,65.95,54.21,58.84,60.16,62,55.84,53.47,60.89,59.82
60.53,53.36,65.33,70.53,63.32,64.47,59.79,56.53,56.79,61.21,62.95,53.42,63.42,64.37,65.26,64.53,62.32,63.37,51.58,61.21
73.8,57.43,55.13,66.89,58.32,67.74,59.32,60.37,62.53,62.05,69.58,53.47,59.58,58.84,58.79,62.11,62.16,60.84,54.84,61.25
48.27,61.07,59.87,65.42,54.84,57.95,67.47,62.58,66,50.26,59,56.63,58,61,71.74,56.26,51.53,54.74,68.89,59.55
63.2,63.71,64.4,69.89,59.79,51.05,52.21,57.79,53.11,54.79,61.42,53.05,57.89,53.58,59.58,49.68,53.16,59.79,58.11,57.7
53.2,57.5,55.13,68.47,62.32,62.21,59.16,53.37,57.37,48.32,60,56.84,60.47,51.79,55.53,55,56.37,62.42,56.63,57.48
54.53,61.43,60.4,53.05,67,62.11,52.84,55.21,67.11,61.84,60.95,69.58,44.89,60.84,61.58,68.53,60.37,51.89,64,59.9
67.27,47.07,67.73,70.68,67.63,59.79,57.95,53.68,56.37,62.37,58.16,62.89,59.89,63.58,62.95,69.95,60.26,55.68,46.32,60.54
50.8,53.71,61.87,57.84,54.26,55.58,58,56.42,50.37,63.95,63.79,65.58,60.89,63.63,69.32,57.89,53.89,62,51.47,58.49
59.07,56,64.27,56.16,69.89,58.63,60.79,53.26,56.58,57.32,57.79,51.68,47.95,64.21,59.16,61.47,47.84,55.89,50.37,57.28
59.07,50.36,63.87,52.42,62.79,55.84,59.95,59.11,58.58,54.26,56.11,54.42,53.58,60.32,60.58,57.47,59.63,56.58,50.53,57.13
55.07,50.86,59.8,60.89,59.53,52.89,55.42,57.11,57.63,56.05,58.89,59.42,54.63,53.89,63.16,61.84,58.05,54.95,62.95,57.53
61.67,62.79,58.6,58.37,59.42,65.84,66.42,58.79,60.42,57.68,57.37,55.74,63.58,56.21,60.74,54.58,57.47,48.79,50.95,58.71
58.93,52,55.33,49.53,58.79,64.95,62.16,69.21,71.37,59.05,59.26,56.68,49.37,64.26,51.42,62.42,58.21,55.53,53.63,58.53
66.73,65.43,58.13,60,63.95,72.58,60.79,54.26,52.74,56.16,62.53,62.11,55.21,60,51.79,61.95,59.26,56.63,57.53,59.88
58.4,62.29,57.2,57.84,60,62.21,54.58,58.95,63.42,54.84,54.53,62.05,53,55.53,59.21,63.63,55.68,51.37,63.21,58.31
64.8,47.93,54.6,63.58,57.84,57.84,68.32,63.26,59.37,57.42,60.11,57.53,56.11,63.26,55.53,59.58,58.89,58.21,59.84,59.16
61.4,58.29,67.93,56.21,65.11,54.63,58.32,53,61.68,49.05,56.32,59.95,53.89,59.47,63.74,57.84,60.37,63.11,50.79,58.48
52.73,64.5,60.67,61.47,63.95,56.58,70.42,58.63,56.89,62.58,62.63,58.05,55.89,54.26,58.68,64.74,60.89,67.74,62.32,60.72
52.4,66.86,55.6,64.47,57.63,59.16,49.79,56.05,61.89,66.53,56.84,67.11,48.47,63.84,56.47,56.47,62.63,71.32,60.53,59.69
60.33,56.21,53.4,59.84,46.79,55.32,64.84,68.16,57.68,55.37,64.95,66.16,60.11,58.84,57.74,58.95,58.68,63.11,69.37,59.78
64.33,66.5,59.2,59.84,57.79,57.42,65.53,52.32,56.84,63.53,56.79,60.63,55.79,61.32,59.79,59.95,64.32,53.21,55.53,59.51
60,63.57,66.07,55,58.84,53.32,55.32,64.42,52.95,56.58,61.63,62.89,57.63,55.63,63.42,58.26,53.89,57.05,52.95,58.39
58.8,61.86,45.73,63.32,56.32,57.89,51.84,69.26,63.26,45.95,54.16,56.79,58.63,55,58.63,56.74,59.84,53.95,57.89,57.15
56.73,57.14,56.73,57.89,56.58,53.74,60.63,57.26,49.32,49.37,70.26,65.26,60.63,50.89,63.63,59.42,66.16,59.84,53.53,58.16
66.67,55.29,68.27,73.68,66.11,55.68,68.21,60.74,62.84,62.74,54.21,58.58,59.84,61.53,59.74,50.84,58.42,56.47,57.63,60.92
61.6,65.5,55.87,57.89,61.05,55.26,59.84,54,69.53,61.68,72.37,59.11,71.26,68.63,59.11,64.37,62.68,62.11,61.37,62.28
58.93,65.86,59.6,62.11,55.32,65.42,54.68,47.32,60.89,62.79,63.05,51.05,54.05,58.68,57.42,72.05,45.89,64.68,53.53,58.6
52.87,50.71,68.6,55.74,58.26,65.47,55.84,65.58,57.53,63.79,54,61.11,54.95,55.42,68.37,57.95,62.74,63.79,57.32,59.47
59.6,63.57,60,53.26,67.21,67.32,59,66.79,60.37,62.11,65.47,69.47,58.37,63.32,56.26,60.63,58.47,60.63,49.74,61.14
57.87,63.57,59.2,55.42,52.37,66.37,56.84,58.58,57.26,61.42,60.84,62.05,58.63,52.89,55.53,59.16,58.26,58.37,66.53,59.01
59.33,62.93,62.67,59.21,61.21,62.05,59.37,61.21,59.37,63.68,56.21,53.68,53.68,51.32,55.11,59.05,50.58,57.37,67.32,58.7
55,62.64,50.47,60.58,59.37,59.84,61.84,58.26,63.05,62.42,56.21,65.68,61.58,59.89,61.53,55.53,54.47,59.26,47.63,58.7
62,61.07,70.2,56.84,56.26,58,62.74,60.42,61.95,62.95,57.53,62.74,50.89,60.37,61.16,48.42,54.74,60.74,61.63,59.51
55.07,54.93,56.07,52.47,55.26,51.79,62.53,56,57.53,51.79,66.37,56.79,45.21,50.32,58.11,55.63,61.95,55.95,65.89,56.3
59.13,65.14,56.8,65.47,59.58,55.11,63.16,56.74,58.68,57.11,55.63,53,53.95,66.26,72.95,55.84,66.42,56.53,71.16,60.46
55.07,59.43,56.93,67.79,58.05,55.89,69.68,60.26,55.05,50.84,55.84,66.11,55.68,54.63,65.42,60.26,62.68,55.84,63.63,59.43
66.73,64.5,52.4,59.32,60.95,62.21,67.21,64.58,63.16,51.05,57.47,59.42,55.53,58.74,60.84,63.42,63.21,56.37,50.84,59.89
55.87,42.5,58.53,57.53,55.58,62.95,54.95,66.79,57.84,54.63,62.05,58.26,59.16,59.47,57.11,68,60.32,56.58,57.95,58.21
70.47,55,54.6,58.79,50.16,54.79,62.53,57.53,61.11,60.16,53.63,58.42,66.16,57.16,68.84,62.26,51.84,65.95,53.95,59.12
63.2,50.21,58.8,72.42,55.32,54.21,62.53,66,65.95,53.16,67.32,65.84,54.79,65.16,48.32,64.16,56.63,46.32,60.53,59.52
56.4,71,65.6,68.42,55.53,62.79,59.63,63.16,56.84,56,69.42,59.68,67.53,50.11,52.47,55.32,49.26,58.26,53.53,59.52
56.53,60,53.2,62.21,61.26,57.37,59.11,57.53,69.84,63.26,66.68,50.47,53.68,60.32,60.68,56.16,52.05,49.26,55.84,58.18
64.2,51.07,64.67,58.47,51.32,59.42,61.05,58.26,72.32,65.37,50.74,54.63,55,57.95,63.37,60.53,63.68,50.21,55.58,58.83
64.2,64.14,57.67,58.37,50.63,59.16,57.21,66.58,63.74,60.11,62.53,56.26,56.11,62.63,53,61.16,57.79,60.53,66.37,59.9
57.73,67.93,72.13,61.05,68.26,64,64.58,58.89,60.05,66.53,64.37,51.95,64.95,57.74,62,48.11,55,59.84,50.68,60.83
54.93,60.57,55.6,51.84,65.95,62.89,48.16,52.16,56.37,58,62.05,54.16,46,66.79,49.47,57.53,61.37,59.89,61.89,57.14
71.8,50.21,67.13,59.21,48.53,55.68,51.63,59.37,59.53,54.74,58.89,65.79,59.74,69.32,59.05,62.68,61.11,64.63,54.68,59.67
65.2,58,64.07,66.84,62.37,46.89,53.53,59.95,59,61.42,57.89,56.84,56.79,56.74,54.58,57,65.63,55.42,57.26,58.71
63.47,57.36,55.47,66.11,68.47,61.63,50.74,54.63,53.95,58.16,63.16,54.05,61.84,61.47,61.21,66.32,64.05,64,57.26,60.18
77.8,64.07,57.33,64.11,55.68,69.05,42.16,54.68,64.05,58.11,58.74,68.84,59.68,57.95,57.11,61.16,73.21,68.84,50.58,61.22
58.2,60.64,71.47,58.79,54.32,65,57.58,60.84,52.05,62.42,65.63,60.89,66.21,58.68,58.47,66.89,55.53,59.37,59.68,60.67
61.13,60.57,52.53,68.53,65.37,63,61.37,58.79,62.63,55.79,56.79,64.37,59.53,61.05,57.32,56.16,59.47,55.47,61.47,60.07
64.93,53.93,73.4,57.26,59.26,68.11,55.26,65.63,61.26,61,60.58,52.58,70.05,51.47,63.11,59.05,53.79,64.16,52.63,60.39
52.4,53.43,61.87,62.11,68.89,54.74,61.84,64.47,52.37,61.37,60,55.74,61.53,63.89,56.95,56.89,56.37,55.47,56.84,58.8
52.6,49.21,60.4,62.16,49.63,64.53,55.68,59.47,56.16,58.32,61.84,61.68,55,50.37,53.58,52.53,65.32,53.53,69.16,57.43
65.73,60.64,50.4,54.58,62.26,58.26,54,49.32,60.79,54.26,62.26,53.05,54.26,59.37,64.63,58.11,62.58,59.42,59,58.05
55.07,50.21,55.8,67.32,61.79,51.58,58.32,49,61.58,61.26,59.16,56.47,53.58,54.68,57.05,65.53,56.11,56.84,62.53,57.57
61.33,42.57,63.53,55.79,57.58,58.74,58.11,49.84,63.26,58.37,60.58,65.95,62.42,64.74,58.26,65.05,61.11,48.79,59.63,58.72
58.47,57,63.53,67.16,60.84,53.16,75.42,66.63,56.89,70.47,59.26,63.42,51.21,50.16,63.26,56.26,59.58,61.37,61.32,60.81
61.4,56.36,51.33,64.89,58.84,55.89,51,58.68,60.11,64.74,55.11,51.95,62.95,63.05,51.68,62.32,52.58,51.95,57.84,57.51
67.2,65.79,45.27,61,56.95,55.58,68.79,56.58,52.79,52.58,64.58,54.74,58.74,53.53,53.21,65,55.53,54,64.11,58.21
59.47,68.14,55.93,64.47,65.21,61.21,61.16,57.26,56.89,65.21,70,63.68,51.53,61.42,58.58,51,58.16,58.84,52.84,60.05
54.6,58.86,63.27,63.58,56.42,62.74,60.11,53.84,56.26,55.68,54.37,54.79,62.21,53.63,62.68,62.95,64.21,59.21,61.74,59.01
49.53,67.64,58.2,49.11,55,66.16,50.84,57.63,60.58,59.37,57.89,61.42,58.53,55.95,63.42,54.42,62.63,57.53,64.37,58.43
55.07,60.43,64.4,58.32,61.63,64.95,62.26,63.11,64.11,57.58,50.89,58.47,60.32,60.11,59.58,55,56.05,62.11,59.63,59.68
52.73,57.5,62.8,64,50,56.11,54.05,59.32,62.89,69.58,52.84,55.63,56.16,65.26,53.74,59.37,58,47.58,66.42,58.1
50.53,62.07,60.2,52.21,66.16,72.63,69,57.79,60.74,54,49.05,68.16,64.05,56.58,68.26,57.11,55.58,60.05,58.53,60.14
46.6,66.14,68.8,58.89,57.32,61.58,62.68,60.68,61.89,65.74,64.63,61.21,50.16,58.32,48.84,63.58,54.21,62.42,53.05,59.3
54.33,57.36,61.2,59.11,69.32,63.74,51.05,51.42,55.84,55.42,64.42,63.95,57.11,61.74,64.89,56.63,56.95,62.37,54.05,58.99
50.93,79,64.6,57.21,49.95,51.63,56.58,58.74,54.79,69.42,60.21,70.74,53.68,58.68,58.95,66.32,56.79,57.32,50.89,59.29
60.73,56.64,53.8,62.58,62.21,58.95,62.89,60.58,67.47,65.47,52.26,61.68,59.74,65.58,62.53,58.26,63.89,67.32,59.21,61.15
60.93,65.36,62.6,60.21,56.37,62.84,65.68,57.58,57.11,62.53,51.47,52.84,54.95,57.53,52.32,64.79,64.37,58.74,51.68,58.94
60.67,47.64,57,56.68,60.74,55.95,60.63,65.21,56.47,55.32,59.74,59,62.68,62.21,45.26,50.47,57.32,62.47,63.63,57.85
46.2,55.71,66.93,71.63,65.58,58.79,62.47,59.58,66.68,57.68,61.58,61.11,57.11,72.47,61.74,65.74,53.11,63.47,61,61.5
52.6,64.14,65.93,64.37,55.74,51.26,55.16,57.42,57.53,51.79,58.58,57.32,63.11,60.84,51.89,53.32,55.53,64.53,62.37,58.07
53.27,67.43,52.33,49.74,61.16,59.53,59.05,65.47,59.37,69.16,65.32,62.79,55.79,65,59.32,53.63,65.95,57,66,60.38
68.87,59.43,61.8,48.32,62.79,56.42,62.42,54.26,58.47,59.95,54.84,58.32,56.79,67.58,60.11,62.32,61.79,62.79,60.21,59.87
52.53,67.43,61.13,58.11,44.21,56.68,58.05,64.16,50.21,58,53.47,66.05,65.26,56.53,56.95,59.26,63.63,61.37,56.21,58.38
61.47,55.57,66.07,57.58,68.68,55.32,52.63,69.05,65.53,60.68,60.53,62.26,57.05,62.95,59.95,64.37,60.32,59.68,70.89,61.61
73.27,70.29,55.47,62.05,65.63,59.79,52.53,56.53,62.47,59.53,57.37,46.16,55.37,64.37,58.05,57.89,61.47,57.74,61.74,59.88
53.93,76.43,66.4,55.37,58.63,64.89,57.42,52.16,62.79,57.63,48.26,68.58,57.53,52.05,59.32,58.37,54.37,59.42,53.32,58.78
65.93,59.14,57.8,55.05,58.68,56.95,53.21,62.32,53.16,67.21,54.74,58.42,58.37,59.53,55.47,61.89,61.79,60.05,55.11,58.67
66.87,56.29,59.93,62.53,60.47,52.05,63.11,63.11,60.79,49.58,62.84,56.63,51.11,52.11,52.58,66.42,56.84,57.47,51.21,58
54.13,57.07,58.2,57,52.11,62.68,65.16,56.21,55.79,51.79,59.53,58,64.42,56.42,55.74,65.58,64.11,69.37,52.53,58.73
62.33,67.21,66.07,57.37,56.05,58.84,57.95,60.32,58,60.89,64.16,63.58,59.95,62.95,62.11,57.58,55.63,49.32,51.74,59.58
53.6,58.21,61.27,58.16,54.74,60.95,61.58,53.89,53.16,60.89,57.21,52.95,61.37,54.74,50.47,59.58,63.79,63.58,61.37,57.97
67.73,69.43,63.33,62.58,61.84,58.37,53.47,54.84,61.47,69.74,62.42,66.05,59.63,54.79,51.21,65.37,68.63,63.89,55.89,61.62
64.67,64.5,57.87,60.84,58.42,60.11,63.53,60.95,62.95,55.26,52.58,65.53,61.11,58.16,62.53,53.37,58,72.16,57.63,60.53
61.67,62.64,64.33,50.89,54.89,59.68,58.89,57.58,60.32,66.47,54.84,64.89,67.53,65.89,56.42,60.84,69.89,59.58,59.58,60.89
60.13,60.14,59.2,65.32,50.95,62.16,54.37,47.89,55.42,49.89,63.32,73.68,59.47,64.11,65.68,60,54.89,56,59.42,59.06
52.93,50.79,61.87,60.42,51.89,64.53,57.53,56.05,58.42,59.79,50.89,60.79,59.42,61.58,56.11,55,53.21,62.95,68.84,58.05
57.73,63.29,63.47,55.79,60.53,49.89,59.58,60.42,64.42,56.21,57.47,64.84,65.63,60.26,58.74,56.05,51.05,55.26,66.84,59.34
58.07,52.5,61.13,61.16,47.84,55.89,52.68,60.37,58.95,56.68,63.32,61,52.79,58.16,54.68,54.26,45.68,66.63,55.95,56.72
58.13,62.64,59.4,61.89,61,60.84,60.63,54.16,66,58.89,69.05,58.16,68.47,61.16,51.58,66.79,58.11,58.58,69.42,61.31
57.4,52.14,61.33,70.95,59.74,59.16,58.58,56.21,58.16,64.16,51.89,48.53,55.16,61.32,56.74,70,57.89,65.63,59.32,59.17
60.4,58.21,55.4,63.53,59.58,64.26,59.37,66.11,55.26,45.37,50.63,58.47,68.16,64.11,52.42,62.68,57.84,61.16,61.58,59.19
50.07,60.64,62.33,50.63,57.26,61.84,78.84,61.84,68,68,61.79,63,71.47,72.37,54.74,70.79,56.05,56.63,59.79,62.43
61.27,69.57,62,58.16,65.32,59.74,57.63,52.68,58.58,51.26,53.32,59.89,58.16,63.42,66.58,56.16,58.53,64.32,61.74,59.91
52.27,50.36,46.93,70.32,65.21,50.84,53.95,61.16,69.37,63.26,67.26,52.95,50.16,62.37,57.84,54.21,61.89,61.89,61.63,58.62
56.33,62.07,57.07,64.11,60.89,62.79,56.95,59.05,50.42,60.84,61.16,62.89,55,62.05,67.26,61.05,59,63.89,65.47,60.44
62.27,65.21,59,57.37,64.16,54.95,66.89,51.47,65.68,65.63,60.89,61.58,58.42,62.63,66.11,58.89,71.05,50.79,62,61.32
61.93,61,52.13,48.79,52.68,55.32,53.79,68,59.79,66.37,61.89,59.11,66.63,55.05,67.95,57.16,67,63.79,58.63,59.84
72.47,59.21,61.8,63.47,53,69.68,58.16,69.37,63.42,60.84,63.21,61.89,61.26,57.63,60.37,57.68,70,54.26,60.89,62.03
66.73,71.43,61.53,58.79,62.05,57.26,52.21,62.95,60.42,55.53,56.32,54.42,57.21,58.95,58.37,57.68,54.53,63.05,57.68,59.32
58.27,56.36,64.67,56.84,56.37,58.74,58.11,61.95,62.05,52.11,64.26,57.26,60.21,55.05,63.26,61.21,65.95,64.53,69.68,60.36
59.73,59.93,57.07,64.53,55.53,51.84,59.68,58.79,58.84,67.63,64.16,46.58,62.53,68.42,55.16,66.32,53.47,70.84,61.37,60.13
57.27,71.93,54,56.63,56.84,63.21,60.26,57.74,61,52.58,48.84,53.63,66.53,54.26,55.26,52.84,72,59.32,50.53,58.14
47.73,46.93,49,57.37,56.84,60.21,52.32,59.79,53.95,51.58,52.89,56.53,61.37,52.47,68.68,64.32,62.68,67,63.42,57.11
64.33,46.14,55.73,58.47,61.63,61.53,57.58,65.95,60.32,68.37,60.32,49.89,68.58,57.32,63.42,56.37,64.89,66.11,65.68,60.66
50.93,67.93,58.87,65.11,64.68,49.89,59.32,66.63,61,63.95,52.11,63.79,51.21,69.79,62.95,63.42,62.16,65.58,53.37,60.67
64.33,52.21,67,55,60.16,51.16,54.21,64.95,59.68,56.79,58.11,44.11,67.16,62.16,52.05,64.68,65.26,64.68,55.42,58.9
57.67,52.5,62.33,68.32,54.79,65.37,56.16,67.26,61.53,60.42,53.05,52.53,58.74,59.26,55.47,64.74,56.37,55.63,60.05,59.06
57.67,56.71,60.8,62.84,53.21,59.16,61.68,61.84,47.47,51.89,56.32,67.95,59.95,55.53,71.42,57.05,52.79,64.68,62,59
57.6,55.71,51.4,63.21,58.84,54.05,65.05,53,57.84,57.68,72.95,56.84,52.16,58,61.37,49.68,60.89,60.95,52.79,57.9
55.53,64.36,65.87,62.95,64.05,73.42,64.26,54.05,55.26,60.68,64.32,57.63,54.42,50.53,58.89,56.68,54.32,48.58,61.11,59.31
54.47,64.21,61,59.37,66.42,58.05,58.74,48,64.42,58.79,58.47,53.21,52.95,56.26,62.16,63.53,57.37,64.84,56.11,58.86
60.87,46.86,52.27,58.84,46.79,58.37,65.32,70.63,58.95,58.53,65.84,56.53,57.21,64.37,64.89,65.47,50.26,59.42,44.84,58.22
56.47,67.57,52.13,58.79,55.68,61.42,54.42,56.74,63.63,61.79,55.74,57.42,56.21,57.42,53.74,60.74,64.37,53.16,56.68,58.11
56.13,65.14,63,52,58.63,63.42,60.84,63.79,52.16,71.16,49.58,50.79,55.32,58.47,60.63,58,57.26,59.95,54.11,58.44
56.53,62.71,69.4,63.26,54.89,50.21,60.63,62.89,59.42,55.47,56.63,64.37,64.79,54.32,54.47,61.58,53.37,58.42,64.89,59.38
57.6,61.36,58.27,59.21,52.42,62.37,51.63,63.84,57.26,62.11,58.21,55.84,58.79,57.63,63.16,69.95,57.84,58.89,63.05,59.44
52.13,60.43,48.6,56.53,51.79,58.05,63.84,63.63,57,67.05,54.05,55.05,64.42,72.63,54.63,65.95,63.32,63.05,59.68,59.57
60.27,61.29,59.87,64.84,57.79,71.16,64.89,58.47,52.16,68.89,56,63.95,58.37,50,60.63,52.63,64.47,65.26,61.68,60.66
61.6,50.43,61.27,57.21,56.32,63.68,57.95,60.32,62.05,56.42,64.63,52.32,57,58.68,56.58,69.37,60.21,66.21,57.11,59.44
50.93,58,63.53,61.26,62.63,53.74,58.21,49.74,67.74,55.79,58.26,61.26,62.21,62.68,41.21,61.37,62.16,62.63,57.47,58.47
62.27,49.43,56.4,60.47,59.37,54.79,58.68,64.84,64.16,67.42,58.95,57.37,55.53,64.68,55.16,64.05,64.47,56.47,56.32,59.52
64.8,55.93,57.07,64.68,61.47,65.74,65.42,57.16,56.68,55.84,62.21,50.05,61,59.68,70.26,60.16,52.58,51.74,55.26,59.35
54.87,67.93,62.33,62,60.26,66.84,52.53,62.58,64.16,65.21,60.74,58.74,59.32,65.58,58.95,56.89,60.26,58.42,57.32,60.79
66.13,62.07,61.13,61.79,50.79,56.74,53.47,69.21,62.53,59.05,61.37,58.89,56.11,46.16,52.84,60.26,53.05,64.37,58.32,58.65
72.13,72.64,60.6,55.63,61.84,58.21,58.32,63.63,49.63,62.16,61.21,52.84,67.84,55,61.95,62.68,63.32,54.79,60.58,60.79
52.27,65.43,63.53,45.11,58.37,58.37,50.42,52.95,60.68,60.84,69,66.89,57.47,59.11,67.84,64.26,49.84,41.89,59.32,58.08
63.33,47.79,58.53,62.58,63,56.47,53.21,58.42,65.05,59.47,55.89,64.53,52.79,58.47,67.79,61.11,61.53,66.05,58,59.69
63.93,52.79,66.2,58.89,58.68,60.21,61.11,57.26,65.53,58.95,52.74,63.68,56.95,63.42,59,60.79,67.21,63.11,65.95,60.86
59.53,56.29,55.67,67.63,57.74,61.05,56.84,61.16,60.95,67.58,56.68,59.37,63.16,59.95,59.95,64.63,61,63.84,66.79,61.04
76,51.71,58.47,61.79,61.05,58.74,61.32,63.58,55.26,60.42,57.68,62.32,66.53,55.63,63.37,56.84,61.32,61.74,61,60.78
63.4,64.36,67,63.16,58.47,54.68,55.95,60.42,57.74,64.21,50.74,57.37,61.68,56.32,61.26,57.74,60,55.89,60.11,59.5
65.87,65.5,52.33,61.95,64.89,59.05,60.11,51.11,66.95,62.63,59.32,51.37,53.58,63.42,48.16,57,56,66.89,64.37,59.5
68.87,64,51,55.11,60.89,52.68,63.79,57.26,57.79,57.26,58.58,58.84,59.21,59.68,63.95,64.16,52.37,63,61.58,59.47
62.4,53.5,57,63.84,55.95,59.95,56.58,54.68,52.42,67.37,55.16,63.37,70.21,59.95,66.79,55.37,49.21,54.37,56.89,58.68
57.53,57.36,56.8,61.79,63.79,57.37,51.74,59.84,54.89,55.68,71.74,61.42,57.68,57.89,60.68,50.32,62.16,64.47,62.32,59.24
52,65.07,62.8,55.42,59.05,61.21,58.84,53.11,59.84,60.21,59.53,60.37,66.68,47.74,60,58,53.74,65.47,53.68,58.57
67.6,66.29,50.87,62.05,59,57.42,56.79,61.47,53.58,57.79,68.05,60.05,66.47,56.79,61.79,62.79,60.95,61.63,53.53,60.26
61.67,65.5,53.27,55.47,59.05,60.37,46.21,62.21,62.32,61.21,70.74,59.37,72.05,58.05,59.58,57.11,52.63,63,63.95,60.2
78,57.79,54,60.95,51.32,62.16,68.68,66.42,57.42,51.11,59.63,68.79,68.84,62.26,65.37,65.89,53.16,57.11,63.05,61.68
60.2,63.14,61.4,63,58.63,53.89,45.95,56.32,57.47,65.95,59.53,51.68,57.42,63.79,55.53,65.47,67.16,54.79,61.26,59.08
55.27,60.07,54.8,54.16,54.58,54.74,56.42,63.05,57.26,68.63,57.79,54.11,63.68,59.79,67.53,65.21,55.05,61.68,55.84,58.93
55.8,65.29,53.2,54.47,59.21,53.21,62.47,68.53,55.21,61.16,56.42,60.84,58.05,61.68,61.32,57.47,63.68,64.95,57,59.47
63,48,55.93,62.16,55.79,68.47,51.95,50.16,57.37,60.53,62.16,64.16,64.63,61.63,57.89,56.37,53.79,56.32,56.47,58.25
63.47,61.93,55.8,54.79,56.37,66.63,59.95,61.95,52.37,60.68,65.05,56.37,58.42,65.58,53.21,53.47,62.79,58.68,54.79,59.07
49.27,59.36,57.2,54.21,64.21,55.47,56,62.21,59.21,55.42,53.74,64.26,63.84,58.42,62.37,65.74,51.21,51.68,57.63,57.97
62.53,67.14,58.67,53,54.58,54.32,65.42,51.05,64.21,64.42,56.53,56,56.53,60.74,58.89,60.74,56.37,59.32,54.58,58.69
57.73,53.86,64.27,61.42,65.26,62.79,56.79,55.84,49.68,53.53,63.95,49.68,64.42,59.74,62.89,58.58,57.47,53.89,56.47,58.33
65.27,62.57,52.2,63.89,60.26,60.84,62.95,68.05,57.26,64.68,62.05,62.63,58.42,55.37,60.42,69.16,54.89,66.16,64,61.64
55.33,58.36,64.13,55.32,58.74,58.37,56.21,55,59.84,52.47,56.74,58.53,65.32,55.74,66.58,67,61.74,54.42,62.32,59.06
62.4,55.79,63.67,57.84,51.74,62.89,51.47,58.16,55.63,58.68,59.95,54.32,60.53,67.16,57.89,62.26,60.89,59.68,61.53,59.08
59.2,52,57.33,48.53,59.37,71.05,54.42,65.58,55.32,53.16,66,55.42,62.26,65.42,63.63,52.68,48.63,59.79,55.53,58.17
59.67,54.79,60.27,55.74,55.63,61.84,55.16,54.37,56.58,62.89,51.84,51.95,60.26,60.47,53.37,56.37,58.74,61.21,59.89,57.42
55,62.71,60.53,58.95,58.42,79.89,60.26,65.37,51.68,63,60.79,64.37,60.68,54.16,61.05,48.84,71.26,61.79,61.37,61.06
59,69.29,65.33,62.89,66.21,61.11,72.84,66.63,54.32,65.63,46.58,58.63,53.58,60.05,61.89,48.79,59.79,63.16,56.26,60.63
51.13,58.57,54.13,59.42,65.89,65.32,58.84,56.05,60.37,54.58,62.11,55.42,48.16,55.89,54.32,54.53,56.26,69.53,62.53,58.06
58.73,66.29,51.87,57.74,51.32,58.58,57.68,55.21,57.53,60.63,62.58,54.74,64.95,60.63,74.84,62.53,73.53,59.63,57.32,60.33
52.93,58.21,47.73,60.47,59.89,59.47,53.21,52,65.84,59.58,54.53,55.21,61.21,64.89,57.68,56,54.63,58.74,63.79,57.69
57.6,59.71,60.13,49.58,56.47,63.89,70.42,62.37,65.26,66.26,60.21,67.47,63.63,69.53,64.53,61.95,60.58,59.42,57.47,61.92
66.33,72.71,56.07,67.11,61.74,56.84,55.74,62.37,66.84,61.89,62.58,61.74,67.16,51.32,68.47,52.74,55.84,64.16,54.37,61.37
66.73,54.57,62.13,59.84,66.68,56.26,62.32,59.11,64.68,53.42,59.26,58.79,61,56.47,56.68,66.68,64.47,54.11,64,60.38
64.53,53.36,66.2,59.53,65.47,54.84,57.11,55.37,61.21,62.95,60.68,59.95,57.68,62.32,56.58,60.89,58.74,60.26,62.42,60
62.13,59.71,62.93,53.53,70.42,56.68,59.37,51.37,62.11,74.79,60.16,60.58,60.11,53.05,59.26,61,53.37,59.21,51.63,59.55
58.2,56.43,54.8,53.58,61.47,57.21,70.63,48.68,63.37,65.84,68.21,56.58,60.95,57.68,60.79,64.42,64.16,61.58,51.68,59.8
59.93,56.07,62.4,53.21,55.79,63.74,68.68,50.89,49.63,59.79,67.74,58.89,60.68,53.63,64.74,62,63.68,58.63,57.63,59.36
53.93,66.29,60.8,60.79,52.79,62.32,57.84,53.05,61.63,67.89,61.79,72.16,56.95,57.89,69.37,69.63,66.58,66.47,66.05,62.33
59,68.86,64.07,62.26,50.84,66.63,57.26,55.95,58.58,60.47,58.16,63.21,56.47,63.11,59.68,60.42,64.37,64.79,69.63,61.25
59.53,66.5,60.4,68.74,67.42,62.37,61.53,53.21,60.26,58.63,61,64.11,64,50.74,67.32,62.37,65.42,56.79,53.26,61.24
63.07,64,57.4,56.58,62.53,50.32,57.74,55.47,46.74,51.16,49.89,56.95,49.89,56.47,58.68,61.63,61.68,56.16,54.58,56.37
63.6,58.86,57.73,58.47,53.89,53.37,66.74,65.26,56.68,58.53,60.74,53.21,73.68,61.26,62.32,57.53,55.16,58.74,68,60.2
59.33,65.5,68.67,67.21,52.16,61.21,68.11,68.53,60.53,60.21,59.32,52.42,56.26,60.68,65.16,62.58,54.32,60.79,54.53,60.92
71,72.29,52.53,67.89,64.37,62.89,55.32,51.32,64.89,62.05,58.79,54.79,57.05,59.74,60.63,56.11,54.21,55.74,52.95,59.71
57.67,65.71,57.33,64.21,56.95,57.47,54.63,58.47,61.47,51.89,58.21,55.26,65.32,53.16,48.53,56.53,66.11,65.79,65.79,58.97
57.6,67.07,59,67.47,52.89,61.74,67.11,62.89,60.58,54.47,51.79,52.68,52.95,61.63,55.42,61.84,56.32,67.95,68,59.97
60.47,60.79,54.87,62.26,56.63,56.84,54.84,56.63,49,65,53.89,65.68,52.32,64.79,53.74,53.79,54.16,56,53.21,57.1
63.47,51,61.73,62.47,60.42,60.42,59.16,51.68,57.63,56.79,56.89,52.32,59.37,57.26,58.16,59.53,63.58,64.16,55.32,58.49
57.6,53.36,63.33,61.53,55.37,53.89,67.89,59.63,60.58,44.47,59.68,61.89,58.84,62.16,68.37,60.47,47.68,57.26,59.05,58.58
65.67,54.07,61.73,65.32,67.84,61.37,63.11,60.21,64.42,54.84,59.53,65.68,68.16,69.47,51.95,59.26,62.79,62.68,56.37,61.81
56,62.93,64.47,58.53,54.32,55.21,53.32,52.21,61.42,62.37,50.16,67.37,69.89,57.21,58.95,52.74,56.05,60.89,59.95,58.63
59.67,62.07,59.47,52.68,57.84,62.42,57.89,57.37,60.47,58.63,61.42,56.63,69.05,61.79,57.74,66.16,48.11,53.63,69.58,59.61
62.87,69.71,43.47,53.63,55,62.58,58.95,58.47,61.58,58.11,64.58,55.11,55.26,64.53,58.68,63.63,59.53,64.79,51.95,59.07
52.87,51.64,60.07,62.74,49.21,65.53,70.21,57.95,64.53,64.79,46.21,54.05,61,58.58,60.53,67.26,55.79,52.21,67.58,59.09
60.73,55.36,65.47,53.74,56.53,57.42,62.58,54.84,57.16,50.89,60.05,52.58,61.11,53.79,54,59.53,56.68,53.79,54.74,56.89
64.4,63.43,62.8,52.79,61.26,53.58,59.74,55.84,71,57.89,58,65.47,51.84,59.95,68.79,59,69.68,51.95,59.26,60.35
59.4,60,63.6,64.95,71.53,55.26,52.68,55.95,65.58,59.26,58.79,59.95,57.16,59.58,59.53,66.21,63,64.42,68.68,61.34
60.2,57.07,53.6,61.63,61.37,59.89,48.68,62.53,53.32,65.74,65.74,61.16,54.74,61.58,63.05,61.05,49.37,58.63,62,59.02
62.87,66.07,55.13,61.32,65.05,59.11,52,58.16,61.05,57.21,61.16,60.84,63.68,54.58,63,73.63,63.53,59.37,68.84,61.4
47.4,56.5,54.13,57.53,56.74,56.32,55.42,52,55.63,57.89,65.74,58.05,55.53,52.21,53.32,56.53,65.53,59.53,61.42,56.71
66.07,62.43,43.27,70.42,65.68,51.42,61.37,55.47,46.32,59.16,61.53,63.16,54.42,69.95,60,59.84,55.68,60.63,51.47,58.86
59.2,56.57,60.33,53.89,49.26,59.16,52.74,64.05,59.95,55.89,65.53,61.89,53.26,51.42,64.16,59.58,61.53,61,63.68,58.58
60.27,63.71,57.6,68.05,62,70,49.68,54,65.95,51.05,45.89,53.47,62.16,62,66.53,54.95,60.58,51.42,66.95,59.28
58.07,54.21,51.13,58.95,60,59.42,56.79,54.21,63.16,62.47,49.79,53.63,53.47,60.21,54.79,59.11,56.47,63.11,57.74,57.2
55.53,60.86,55.47,63.74,62,56.26,52.53,53.32,53,62.79,53.68,56.53,69.53,53.58,64.32,58.95,50.89,71.79,66.26,59
59.47,63.36,55.67,57.42,64.16,68.53,65.21,52.32,66.11,58.58,65.05,63.37,66.95,50.63,57.37,66.11,56.16,60.68,57.74,60.78
51.4,66.5,56.67,60.95,50.79,66.16,69.47,60.63,55.47,53.11,55.11,59.16,64.74,69.26,56.68,59.58,57.68,65.37,61.74,60.02
58.53,60.07,61.87,59.05,61.42,62.63,64.63,63.05,67.95,63,56.21,56.32,57.26,63.68,55.68,64.79,63.95,59.79,63.58,61.24
57.07,56.36,61,51.05,56.74,62.95,61.74,68.37,52.63,54.68,55.21,68.26,58.84,61.53,67.63,67.05,58.26,67.11,57.58,60.21
54.13,56.93,59.6,68.37,61.68,61.11,60.47,51.63,58.21,54.37,57.58,59.68,67.16,55.42,53,62.47,45.74,58.32,58.63,58.13
58.8,65.36,63.4,55.53,55.58,62.68,69.21,64.68,58.95,65.11,45.58,62.47,70.37,62.05,64.68,55.95,66.16,49.79,62.89,61.01
63.13,62.14,62.87,63.37,60.26,57.74,56.79,59.37,65.26,60.53,50.26,63.32,60.74,57.32,58.89,53.16,63,65,60.68,60.2
61.73,59.21,64.73,59.11,61.47,62.42,56.42,68.16,51.79,69.47,64.21,59.74,57.05,54.21,59.89,64.11,59.95,58.68,57.58,60.52
65.6,68.14,60.13,60.47,60,61.95,66.47,62.26,51.84,71.42,70.05,67.47,54.53,57.68,62.26,63.68,57.47,52.32,60.74,61.82
67.2,57.5,58.8,63.32,54.53,62.16,60.89,54.37,50.21,60.42,53.05,58.74,62.47,53.11,52.84,53.89,66.58,57.42,57.26,58.15
58.47,57.43,53.6,54.32,65.05,68.42,59.37,75.16,66.05,57.63,53.95,51.16,59.16,57,62.32,63.47,67.74,69.63,58.58,60.97
61.6,56.93,62.27,67.32,58.21,57.32,58.32,60.79,52.84,66.58,64.79,60.37,58.58,57.16,65.74,64.32,50.21,56,61.26,60.03
54.8,55.86,55.6,65.21,55.32,57.74,68.26,61.79,56.84,53.74,53.47,62.84,58,57,67.05,58,69.16,63.16,50.32,59.17
52.33,59.86,58.87,58.21,64.74,64.26,62.21,50.74,62.11,57.53,61.79,60.53,55.95,59.79,66.58,62.37,69.74,53.21,67.53,60.44
56.13,58.64,50.73,58.11,64.05,53.37,62.26,63,51.58,60.79,62.21,57.47,57.95,66.11,57.74,62.74,58.89,65.95,53,58.99
56.4,49.21,61.47,62.16,64.74,53.84,46.16,49.58,67.74,61.05,64.16,66.26,59.37,65.79,46.89,59.74,57.68,62.89,73.68,59.41
48.87,58.86,55.87,54.32,62.11,45.32,44.84,69.47,66,53.37,60.16,63.84,57.42,71.05,46.68,60,59.89,60.63,55.47,57.59
51.47,59.43,67.8,55.26,51.68,67.16,58.37,57.16,62.53,57.05,64.42,65.53,52.21,61,48.11,55.84,55.05,61.95,54.37,58.23
65.07,63,54.8,60.58,67.68,61.63,64.26,64.89,55.05,63.58,59.47,60.47,67.42,52.26,57.68,64,58.89,56.21,65.68,61.19
62.07,52,66.2,59.05,57.16,60.79,49.37,61.53,57.53,62.47,57.21,61.37,72.47,64.68,51.68,67.16,53.16,62.26,58.79,59.84
57.47,56.14,63.07,55.21,60.53,55.21,63.84,60.53,51.84,49.63,59,58.47,67.53,59.05,56.68,57.32,67.16,49.53,64.58,58.57
52.2,64.43,68.07,63.32,60.37,49.05,55.53,59.21,56.53,54.32,74.32,60.63,59.79,53.42,61.05,57.79,59.53,61.53,61.42,59.6
66.2,45.21,63.33,61.63,57.21,65,61.05,67.21,66.63,66.79,50.79,64.53,51.21,61.47,67.74,52.89,56.63,60.05,54.42,60
61.67,65.64,65.87,62.68,68.21,60.53,65.21,59.32,64.32,62.47,55.58,57,64,48.58,47.68,59.32,65.58,63.05,60.21,60.89
68.07,53.93,69.27,55.89,56.95,65.42,61.26,64.68,62.16,54.84,54.47,56.47,63,52.68,58.26,61.16,67.79,61.84,59.32,60.39
57.47,58.57,58.67,61.21,66.16,66.63,51.79,55.42,65,61.26,59.79,56.79,73.11,59.84,60.79,59.16,52.37,59.16,55.21,59.92
59.07,67.14,63.07,64.89,60.47,59.53,60.89,61.16,53.42,63.42,63.47,57.11,52.74,59.58,56.16,56.68,67.84,56.32,58.11,60.06
57.07,59.93,64.87,59.68,57.95,56.84,59.47,53.84,60.89,53.53,57.63,56.89,57.95,56.26,74.89,59.42,63.58,58.58,45.16,58.65
54.27,52.29,65.13,51.84,55.11,67.58,64.32,59.68,57.26,54.47,53.63,51.74,58.53,59.84,56.89,47,63.32,53.47,53.26,56.82
50,56.71,51.53,63.79,55,61,57.42,57.89,57.53,59.26,54.63,55.16,58.84,65.11,62.21,54.58,71.63,60.84,59.37,58.55
61.8,54.5,50.53,62.47,52.26,59.79,71.89,52.53,57.53,74.26,62.42,62.42,52.05,53.79,56.58,65.74,57.16,73.79,67.16,60.46
52.93,62.07,69.67,56.32,61.11,64.05,58.37,61.63,64.58,57.11,60.53,62.74,60.84,55.84,54.47,59.63,69.11,65.32,56.53,60.68
56.47,68.21,67.6,61.89,56.79,51.74,64.11,59.74,67.11,52.74,62.89,66.32,51.16,56.79,50.26,65.05,55.68,61.74,62.53,59.94
68.6,61.79,64.33,55.37,48.32,61.79,52.68,60.37,54.58,53.37,55.89,62.47,54.84,57.05,65.21,55.32,57.16,60.16,52.95,58.01
60.67,50.71,69.53,59.68,56.21,56.47,65.37,56.63,66.89,67.11,58.53,60.58,56.74,69.37,58.05,56.89,60.11,54.32,62.53,60.34
65.07,53.64,64.47,57.53,62.53,61.58,52.74,61.16,54.05,65.53,64.74,59.53,59.79,65.63,56.89,59,57.37,60,58.89,60.01
58.2,64.57,64.73,52.68,57.37,60.47,49.74,61.84,49.89,67.21,61.32,51.42,64.89,54.11,59.89,65.37,63.05,51.95,60.37,58.9
63,54.79,58.07,52.05,61.53,58.42,66.05,51.79,62.68,49.47,62.05,48.89,53.68,63.79,63.21,60.79,66.42,53.21,59.21,58.37
63.8,67.36,53.47,57.05,56.37,69.79,59.32,61.58,52.95,64.21,69,54.84,67.32,57.11,63.42,53,63.53,55.42,61.16,60.56
66.67,55.29,59.8,61.05,57.37,59.84,53.16,58.95,56.79,58.95,69.21,57.32,55.79,69.16,61.05,60.68,58.47,58.58,53.47,59.56
63.8,59.79,60.47,65.11,66.42,56.89,58.11,65.37,64.26,50.58,65.89,55.16,57.74,55.11,57.53,64.95,60.32,62.58,59.37,60.5
55.87,45.86,66,57.32,54.74,59.32,68.63,62.95,41.53,56.26,59.74,61.68,63.58,57.42,55.37,64.26,59.42,62.32,54.63,58.26
64.27,61.14,59.47,61.16,59.58,63.68,57.37,56.42,61.37,63.26,61.63,66.37,57.68,56.26,59.26,67,65.26,58.37,55.63,60.8
61.4,60.14,62.07,62.11,55.11,66.37,66.16,58.21,66.79,53.68,56.84,56.26,49.05,49.95,55,59.05,66.53,63.42,68.79,59.84
59.47,59.5,61.47,51.16,52.47,52.11,59.95,57.89,60.11,61.84,65.63,55.37,61.63,54.32,57.37,52.68,62.74,56.58,48.89,57.43
61.2,66.71,70.13,62.89,53.47,60.79,58.32,55,54.11,53.84,60,55.74,59,56.58,55.63,58.16,59.21,65.89,58,59.19
61.07,51.86,56.67,62.53,51.26,62.21,58.63,56.53,60,55.37,56,57.95,56.74,61.47,62.53,58.32,63.95,45,68.58,58.24
69,62.36,56.6,58.79,49,62.63,50.74,67.74,59.89,53,68.89,58.58,60.89,59.74,58.58,61.26,63.16,62.26,51.58,59.72
57.87,65.14,57.87,59.89,70,54.74,49.63,55.84,55.37,58.53,59.74,62.84,59.89,58.32,55.42,58.16,55.05,61.89,56.63,58.57
59.8,69.57,65,67.16,47.37,61.58,55.63,59.84,48.84,67.42,54.11,54.26,63.95,53.95,65.42,72.11,67.32,64.05,63.89,61.12
54.87,53.64,50.07,56.21,57.74,61.11,66.21,61.05,53.21,61.42,68.95,57.26,64.74,65.42,64.58,59.68,71.63,62.79,56.89,60.39
52.27,57.79,64,60.63,51.89,65.89,56.47,55.47,60.47,58.84,61.37,61.32,60.89,62.58,62.58,61.95,57.89,55,66.37,59.67
62.2,62,59.87,59.37,56.16,53.84,62.11,53.58,56.95,63.21,54.89,65.63,56.26,58.37,64.26,60.32,65.26,61.16,57.11,59.61
64.4,55.86,56.47,62.84,57.11,52.11,52.53,62.11,60.95,51.89,51.47,59.89,60.11,62.68,57.47,55.79,57.68,55.21,54,57.4
63.2,52.29,59.07,56.26,60.53,50.42,65.58,62.79,56.05,65.47,48.89,56.89,59.21,56.16,57.21,54.68,64.68,52.63,54.58,57.72
57.53,71.79,52.13,56.11,56.84,50.84,52.11,56.84,57.37,61.79,65.95,59.95,48.32,61.42,63.37,50.26,57.68,49.47,55.74,57.13
62.07,61.36,51.2,60.68,57.21,48.68,58.95,51.74,59.11,49.16,54.68,55.05,51.42,57.74,53.26,56.84,64.11,60.84,68.05,56.96
52.8,63.36,67.07,54.47,70.74,64.32,56.79,58.16,53,51.79,51.84,60.32,58.68,57.74,62.63,61.11,62.21,60.79,64.95,59.62
56.8,56.5,48.33,73.84,67.05,65.53,57.95,60.89,52.89,69.26,65.16,60.32,56.37,48.58,56.53,54.21,67.84,60.84,62.21,60.06
53.13,58.71,62.67,59.16,60.16,62.37,62.26,63.95,59.58,61.68,59.47,59.95,60.68,59.42,57.79,55.42,54.16,69,59.74,59.96
67.2,50.86,68.33,59.42,59.53,59.37,61.37,59.05,48.63,69.32,55.84,69.32,64.63,54,65.53,51.47,73.58,62.74,50,60.54
55.8,55.29,66.73,58.74,48.21,59,63.11,59.84,58.37,56.53,56.16,53.21,61.32,65,52.74,54.32,56.68,58.79,59.32,57.85
50.2,57.29,57.73,52.79,49.63,59.47,54.47,51.89,65,62.42,61.05,59.89,53.95,55.47,62.53,65.16,62.63,57.74,59.26,57.82
55.27,64.43,66.73,56.74,55.26,64.05,63.79,57.68,66.58,59.63,58.63,56.11,50.58,56.47,67.32,60.16,57.16,64.95,57.16,59.93
65.67,56.64,60,53.37,49.79,47.89,55.32,62.32,58.89,67.95,59.37,57.37,58.89,55.63,65.95,59.26,52.05,57.84,61.74,58.21
54.87,65.29,56.27,56.21,53.89,65.63,59.95,64.63,55.11,62.32,62.05,58.32,63.95,52.84,70.89,61.21,67.79,53.42,61.32,60.31
55.67,59.14,70.13,60.37,53.21,52.89,60.42,59.58,58.95,45.47,64.89,65.95,61.79,52.95,57.26,48.95,54.68,57.16,62.74,58.01
58.67,63.29,61.6,58.58,53.79,54.05,60.05,61.74,65.47,56.63,55.21,64.37,46.47,56.63,53.74,54.95,66.63,49.84,68.16,58.41
54,54.5,61.53,53.42,52.11,52.84,56.37,54.21,59.89,57.95,58.63,58.37,61.26,54.47,60.26,65.89,64.53,51.74,65,57.74
54.67,66.29,63.13,64.16,56.42,60.21,64.37,65.16,39.79,61.37,46.68,66.74,50.89,52.37,58.42,53.37,63.84,55.21,58.21,57.96
51.87,53.14,57.13,66.79,57.21,62.63,59.26,61.16,68.84,52.11,62.16,59.11,51.74,61.21,55.58,49.32,63.63,57.37,58.63,58.36
59.27,65.5,61.2,60,46.16,68.89,56.79,59.11,69,65.05,56.47,63.53,60.32,63.05,61,66.53,61.47,59.84,58.42,61.14
52.2,46.71,69.8,56.84,50.63,56.47,60.21,63.63,60.63,65.95,58.84,62.42,57.37,67.16,61.47,61.68,67.05,49.58,61.63,59.49
63.4,63.79,61.47,65.37,57.84,55.58,60.05,62.89,63.37,54.84,58.63,53.84,59.53,57.74,58.16,49.37,62.21,52.32,65.42,59.25
67.47,60.43,55.87,62.42,50.68,62.89,59.26,64.37,66.26,64.74,56.53,55.05,47.42,61.21,54.68,59.47,59.32,60.21,67.89,59.8
61.87,72.5,53.73,49.68,49.26,56.53,62.21,53.05,52.53,56.47,54.16,57.11,59.84,66.16,65.89,56.79,55.47,52.74,53.26,57.33
52.8,57.71,62.07,55.32,58.79,63.95,59,55.11,63.58,49.32,55.95,65,55.89,58.05,53,63.63,52.53,66.74,59.58,58.32
64.73,64.86,49,55.05,56.11,65.53,59.58,55.26,53.79,65.63,62.89,53.63,60.58,64.21,55,56.68,60.68,49.95,61.95,58.69
61.47,59.29,60.07,66.68,70,60.32,62.68,58.58,62.84,59.32,57.74,54.89,55.37,56.63,72.42,58.79,72.37,48.63,52.89,60.58
47.87,66.5,63.33,60.89,54.58,59.16,68.89,64.11,57.47,52.53,64.21,59.26,60.32,63.84,64.63,56.84,59.37,61.74,61.21,60.36
59.27,64.14,67.67,62.32,57.42,60.11,55.42,59.79,64.26,59.79,57.58,74.42,64.53,61.05,51.68,55.68,60.68,58.32,55.84,60.52
57.87,52.79,46.53,60.37,61,62.89,64.74,57.74,55.89,60.74,66.89,49.21,57,56.05,56.58,54.26,47.05,67.37,60.42,57.65
57.47,54.14,58.87,65.26,49.53,64.84,57.21,61.42,63.68,65.58,54.74,61.21,57.05,60.53,61.58,64.42,57.53,52.11,62.63,59.46
57.67,59.64,56.2,55.95,53.74,65.21,63.89,57.74,54.89,58.95,49.95,59.84,51.95,61.79,58.74,50.58,59.79,54.79,53.58,57.1
57.27,59.36,51,64.84,58.79,56.26,57,59.89,52.21,59.26,53.21,55.63,62.74,51.37,58.26,55.74,61.79,62.95,52.05,57.35
60.8,64.21,54.33,50.16,50.26,65.21,69.26,55.58,51.58,56,55.11,63.11,58.42,62.11,63.37,60.74,61.74,61.79,50.37,58.64
62.4,52.36,64.27,52.26,63.05,60.68,61.42,60.05,63.05,55.21,50.26,63.26,66.42,60.42,58.42,60.37,69.11,55.79,62.53,60.07
55.67,72,62.4,43.16,56,64,56.84,62.68,68.42,57.79,57.26,46.11,65.84,49.11,58.58,50.32,52,59.79,58.37,57.7
61.07,67,65.93,50.37,54.79,62.21,52.05,54.68,65.89,61.68,62.84,59.89,59.16,59.42,71.95,60.53,60.47,59.47,55.89,60.28
57.87,60.21,61.27,54.16,61.16,63.47,58.89,59.95,62.47,64.11,57.68,67.21,51.95,55.68,60.95,62.74,47.21,61.58,60.53,59.43
61.47,56.07,65.13,66.74,56.95,61.58,56.95,60.74,56.68,51.63,61.42,61.37,65.32,57.21,59.63,68.68,56.16,60,59.68,60.18
65.73,59.93,73.87,62.47,54.53,50.79,62.16,54.79,50.95,51.74,63.42,65.47,60.37,56.47,66.84,53.84,55.53,51.37,65.95,59.27
66.27,49.29,67.13,60.37,60.37,61.11,56.95,65,55.11,56.84,54.16,56.89,58.63,66.89,68,72.74,65.47,61.42,63.47,61.37
64.73,57.57,57.13,59.37,58.58,61,55.63,66.05,65.21,61.53,69.53,62,64.74,58.74,57.11,56.11,64.89,60.26,66.11,61.38
60.13,55.43,60.33,62.32,63.05,64.42,53.26,59.63,54.16,62.05,55.11,48.47,53.68,58.47,68.05,56.42,54.53,53,61.16,58.09
55.73,61.29,47.6,67.79,52.74,61.32,52.21,52,62.16,65.42,62.95,64,68.32,71.58,61.32,59.95,51.16,68.84,59.58,60.31
54.13,60.29,58.33,61.95,67.84,52.63,54.74,58.37,57.95,63.58,56.47,56.53,60.95,56.47,56,60,58.26,60.79,56.16,58.5
61.47,43.43,60.47,66.42,56.68,55.74,66.21,50.37,48.42,66.95,55.32,54.47,55.84,59.26,68.58,58.95,62.58,63.37,53.16,58.3
54.47,60.21,55.67,57.68,70.47,63.58,59.53,58.47,58.74,52.58,58.74,61.42,63.11,50.16,68.32,56.95,54.53,58.21,62.58,59.23
64.07,45.36,61.73,55,56.63,68.16,53.53,55.89,57.05,58.16,57.21,59.68,65.47,56.53,69.58,61.11,55.47,68.68,59.37,59.4
55.07,48.5,52.27,51.26,61.95,60.84,56,60,67.53,57.79,63.74,73.37,56.79,61.74,62.68,60.89,60.11,60.16,49.53,58.96
59.53,57.5,57.53,69.42,56.32,58.63,55.26,72.63,57.37,62.53,55.47,61.95,51.68,51.95,60.42,65.58,64.89,62.68,62.79,60.22
60.8,54.93,60.73,57.47,55.42,65.21,63.26,53.42,63,51.05,62.47,57.05,61.47,55.42,54.89,57.89,54.05,61.32,71.58,59.02
57.67,53.21,67.67,55.84,54.16,61.84,49.26,60.26,64.21,65.58,59.32,61.42,54.89,54.16,57.58,55.79,57.79,65.58,59.63,58.73
54.87,63.43,66.6,55.58,65.74,58.37,60.47,53.79,64,56,58.26,62.05,54.05,62.74,66.74,64.63,53.58,52.89,51.53,59.23
60.33,58.14,59,64.05,56.26,59.37,59.32,52.37,51,66.05,55.84,61.26,53.11,56.63,56.79,67.53,51.21,60.32,71.11,58.93
66.4,54.43,53.93,64.89,57.21,60.63,60.37,63.32,61.11,54.21,58.26,58,56.95,61.74,52.95,66.95,46.47,51.63,57.37,58.25
50.67,46.79,60.73,65.05,64,52.11,56.74,62.79,59.95,57.58,60.37,52.32,63.47,68.47,55.47,57.79,65.47,57.42,51.79,58.37
64.07,56.71,59.2,51.58,60.21,56.95,64.32,59.68,53.26,57.53,58.21,52.16,60.58,63.79,53.47,53.84,61.11,51.37,52.32,57.39
63,61,61.8,57.63,62.84,55.05,53.53,51.63,53.63,55.58,60.74,59.63,64.89,59.68,57.89,55.89,56.74,64,57.95,58.59
61.4,55.43,63.13,61.53,60.53,65,60.42,65.79,66.11,70.63,59.95,54.74,64.84,57.58,55.74,61.11,54,56.95,63.63,60.97
67.07,66,54.6,59.89,64.68,51.95,65.89,59.26,67.53,68.32,61.74,59.53,61,60.16,60.16,58.53,53.74,56.95,61.05,60.95
68,66,58.47,69.63,53.32,58.21,57.42,63.26,69.47,61.74,65.58,58.53,60.42,53.89,57.53,60,64.53,63.53,61.58,61.64
62.8,63.14,52.6,62.58,60.95,62.32,62.05,54.58,73.11,67.32,57.42,57.11,63.05,57.79,60.11,58.11,57.05,59.68,56.26,60.42
63,51.64,56.33,54.37,60.05,58.89,56.05,56.05,58.68,56.58,61.63,58.53,61.11,58.32,64.37,65.16,59.79,69.95,54.95,59.23
71.6,54.21,64.47,49.79,66.68,67.21,59.95,56.05,52.16,55.26,54.16,58.26,57.63,61.16,60.42,65.74,55,61.05,56.21,59.32
56.4,53.86,65.4,63.11,60.32,61.95,60.05,56.21,57.53,69.26,67.32,65.63,58.21,55.21,52.84,64.21,50.79,61.74,61.74,60.09
57.47,65.93,65.67,61.21,58.42,55.95,66.42,52.58,58.21,69,46.26,55.89,59.53,62.05,66.63,56.11,73.42,65.42,64.26,61.08
55.13,58,52.87,66.84,57.42,67.79,62.53,66.53,61.84,60.74,54.42,59.68,56.21,51.89,58.11,59.32,59.53,57.89,54.84,59.03
47.73,67.5,64.6,60.68,68.84,68.16,57.32,54.16,63.42,56.79,67,62.84,60.26,60,56.16,56.68,65.63,58.53,52.32,60.45
60.6,66.86,72.4,60.21,52,62.79,69.68,57.89,68.58,61.53,62.95,64.21,60,61.89,66.95,55.68,65.84,59.74,65.63,62.92
62.6,58.5,64.8,67.53,55.21,53.89,56.53,58.63,63.21,58.42,65.95,64.21,66.68,61.53,49.58,48.68,60.68,56.89,56.16,59.46
60.53,58.86,60,57.11,58.37,61.68,52.89,72.79,70.26,65.16,59.63,63.95,46.58,77.21,71.26,62.16,54.58,48.37,67.47,61.52
62.6,59.71,55.6,66.32,70.42,51.47,63.37,65.58,48.21,58.42,64.32,64.21,48.32,58.37,59.84,64.53,58.84,62.05,56.53,59.93
52.6,61,52.73,54.05,56.74,58.21,62.11,63.32,53.79,51.21,62.53,59.53,56.32,61,62.58,56.37,55.32,55.05,67.95,58.02
61.67,59.5,62.07,53.32,59.74,55.21,51.84,60.89,58.37,51.68,59.74,61.21,47.68,55.32,60.89,58.58,76.74,62.42,62.32,58.9
60,53.07,49.33,55.21,59.74,57.26,56,58.74,65.53,63.42,63.74,58.16,61.63,64.58,68.47,58.53,62.74,51.05,56,59.12
57.8,64.5,67.07,56.47,57.32,56.26,57.26,58.74,59.84,58.26,56.16,63.89,58.26,60.32,51.79,57.21,64.74,54.58,56.74,58.8
64.4,65.21,48.2,68.68,55.63,66.79,64.11,58.42,65.32,58.11,69,54.47,53.53,68.16,52.42,54.16,54.47,49.11,64.79,59.74
57.67,59.64,62.2,62.05,67.47,64.95,66.42,61,61.68,67.53,58.89,49.47,54.37,45.89,62.47,63.05,54.63,46.68,60.79,59.31
53.13,50.29,60.2,65.74,59.42,61.79,57.16,56.84,62.84,53.32,67.32,44.58,56.05,54.16,59.37,62.26,58.74,66.79,61.32,58.49
73,53.71,57.2,60.47,57.21,53.79,67.32,60.42,56.58,61.42,54.05,53.05,58.32,57.89,56,54.32,58.26,58.68,57.32,58.37
64.2,52.43,69.2,63.79,57.89,58.26,62.58,66.47,61.63,61.47,58.84,71.11,58.42,52.32,57.58,61.53,54.58,67.47,60.42,61.06
61.67,48.43,64.6,51.74,63.32,59.89,60.26,63.95,63.37,66.11,61.16,61.21,63.58,51.11,65.42,54.11,56.16,59.26,61.37,59.83
56.4,54.14,65.47,60.74,66,56.58,68.21,54.58,58,65.47,57.05,63.47,65.37,51.05,61,57.32,52.11,66.11,66.26,60.28
62.4,70.14,60.2,67.58,60.05,64.63,66.16,59.05,54.11,65.47,50.58,55.89,63.42,60.89,50.63,57.95,55.84,72.63,58.84,60.87
60.2,59.5,59.2,60.42,57.37,56.16,56.05,58.84,53.37,60.42,57.42,53.74,66.58,52.32,64.47,65.47,55.53,60.05,65,59.06
53.07,60.71,67.53,57.79,59.42,56.63,56.89,68.32,53.47,55.84,58.79,53.84,49.84,67.47,64.16,57,55.47,61.84,55.89,58.63
54.8,59.86,61.87,58.05,57.11,53.37,47.47,59.53,60.37,51.11,56.16,66.95,53.79,59.11,53.32,57.63,53.74,63.26,58.68,57.17
64.4,61.29,63.6,49.74,58.37,52.37,59.58,55.32,55.42,60.32,59.89,58.63,54.84,57.53,58.47,69.84,65.68,58.05,61.32,59.19
70,55,63.87,55.26,48.16,58.74,49.84,61.42,57.16,61.95,67.58,57.74,55.11,62.89,63.95,65.26,53.68,59.74,59.16,59.29
59.6,67.36,57.67,66.79,51.16,61.37,51,58.79,58.95,65.05,62.53,59.16,55.89,61.11,58.05,60.95,59.42,58.53,60.32,59.67
52.73,62.21,67.73,59.89,51.79,59.16,61.26,58.47,64.58,54.84,64.95,54.95,57.16,58.95,61.05,63.95,60.89,57.68,56.26,59.4
67.6,68.29,53.53,51.63,58.63,60.32,54.16,58.32,65.79,57.11,55.32,60.26,57,64.37,57.58,53.21,62.89,64.84,62.32,59.64
54.67,66.43,56.67,53.21,59.16,53.53,55.32,68.84,58.42,70.21,58.37,56.63,62.58,56.32,59.16,52.16,56.74,63.21,56.84,58.87
58.13,66.14,62.87,62.95,60.63,59.42,67.84,54.79,63.05,69,59.74,55.21,61.32,60.89,56.32,63.89,60.47,59.16,58.63,61.08
68.53,65.5,62.53,58.21,69.89,44.32,65.63,56.26,64.05,62,55.47,59.42,57.05,61.37,57.68,63.58,56.05,51.16,52.63,59.55
45.33,57.93,57.07,51.53,61.11,60.26,70.84,70.42,57.74,59.47,68.11,57.16,57.79,65.26,56.84,52.95,66.95,57.53,51.95,59.27
63.47,59,57.53,56.32,60.63,61.79,53.26,50.11,63.63,48.58,53.16,59.11,59.21,57.89,57.11,60.74,58.58,55.53,53.74,57.34
56.47,70.21,60.33,54.84,56.16,61.21,59.05,65.53,68.11,59.53,64.42,60.05,64.42,59.84,60.53,65.16,58.89,62.84,53.47,61.11
49.67,64.29,56.6,68.11,55.05,55.37,61,70.63,59.32,61.47,62.63,62.58,56.79,67.95,52.74,57.47,55.63,62.68,56.68,59.82
51.13,55.79,61.27,72.79,50,55.32,66.16,64.05,59.95,53.47,64.42,69.42,56.11,67,59.32,63.32,51.63,65.37,69.16,60.82
52.87,55.5,63.4,58.58,53.84,57.74,54.68,67,57.42,68.42,54.26,57.58,63.95,72.11,62.68,63.89,44.16,60.37,64.32,59.62
65.47,49.64,64.07,58.32,64.37,59.63,61.37,57.74,59.21,54.89,67.58,59.68,54,51.47,61.95,61.89,58.11,68.32,54.16,59.57
65.27,61,53.73,59.26,65.58,55.89,67.79,55.53,60.05,51.42,56.21,63.84,60.05,61.42,54.16,67.63,67.42,73.16,60.26,61.04
52.47,62.21,57.4,67.26,53.37,55.58,63.16,66.68,57.05,63.26,55.26,65.58,45.47,59.47,56.16,56.26,69.58,55.68,54.47,58.76
60.2,57,60.67,60,61.95,59.53,57.63,61,62.95,57.37,60,72.47,65,53.58,60.05,51.26,59.05,63.74,55.95,59.97
43.87,69.86,52.33,68.47,57.32,63.89,56.68,63.95,60.21,66.05,52.89,54.79,53.05,59.32,63.63,63.95,56.68,54.32,59.63,58.99
50.73,49.57,62.13,59.84,49.89,68.95,56.68,57.47,70.68,64.11,62.84,56.11,58.26,61.63,56.89,48.58,69.84,59.74,60.95,59.21
65.07,55.71,55.27,64.58,51.05,56.05,65.11,61.11,62.16,54.53,57.37,53.26,54.05,56.53,57.05,62.63,65.74,65.42,65.05,59.35
62.6,67.64,62.4,54.89,61.53,62.74,66.21,55.42,50.32,62.84,57.21,55.16,65.47,58.26,63.11,61.16,60.53,78.84,60.05,61.39
52.07,68.43,63.8,65.68,60,56.63,61,64.84,60.74,45.37,63.79,50.42,56.21,62.42,60.42,54,56.26,60,63.47,59.24
65.73,66.64,58.2,54.89,66.47,58.63,64.47,49.37,59.58,52.95,60.26,58.11,59.84,64.53,61.68,59.74,57.58,58.05,67.68,60.23
66.67,66.21,66,52,63.89,61.21,61.89,64.53,67.63,57.79,60.42,61.74,53.74,54.63,57.47,63.37,65.63,70.11,64.26,62.06
61.07,55.71,57.67,70.42,62.16,59.32,55.79,64,68.21,64.05,62.95,58,62.21,56.53,61.63,56.74,56.16,55.16,73.89,61.14
70.8,61.43,59.6,54.84,64.16,63.05,53.58,49.16,57.37,55.95,55.21,59.21,55.47,69.32,62.58,62,64.16,58.05,56.53,59.6
53.4,55.79,64.73,49.63,70.11,56.42,58.37,45.32,60.95,50.84,70.79,70.68,54.68,57.11,60.21,56.21,58.53,65,63.89,59.09
59.73,58.21,60.4,72.63,63.11,60.26,59.11,59.74,68.26,66.58,58.11,58.53,71.16,60.26,64.95,53.16,60.89,53.32,50.47,60.99
56.87,60.14,67.33,57.74,58.58,61.47,61,61.47,54.84,60.74,54.05,58.16,59.68,51.74,70.63,59.16,57.89,53.37,64.79,59.46
58.33,65.93,67.8,59.05,46.21,65.16,62.89,59.16,60.79,57.74,58.63,64.63,59.47,46.26,72.37,71.16,53.42,55.26,55.47,59.99
54.2,66.79,56.47,57.74,56.32,58.26,49.42,66.16,67.79,48,63.53,59.32,58.11,61.47,59.63,50.53,57.95,52.47,65.63,58.41
60.6,70.29,59.13,59.26,62.16,61.16,61.63,56.11,60.42,69.16,59.26,56.89,65.53,49.37,60.63,74.42,53.63,65.32,47.47,60.65
61.27,63.5,66.8,53.58,59.21,55.89,63.68,61.74,67.32,65.74,70.58,64.26,66.32,62,59.84,62.11,51.63,57.26,56.37,61.53
71.8,54.21,50.8,55.68,55.21,65.58,57.21,62.58,67.74,59.47,60.84,52.21,57.05,68.32,65.79,56.95,53.42,52.79,63.68,59.54
65.47,62.57,67.33,56.53,62.47,60.74,56.05,54.58,59.21,52.89,59.58,55.79,44.95,58.58,52.68,54.89,62.95,61.74,56.58,58.19
61.67,55.71,59.87,64.68,63.58,62.74,59.79,52.16,56.37,60.68,57.26,60.68,65.84,65,57.79,55.21,64.21,55.58,73.32,60.64
60.53,54.71,64.07,62.74,60.79,57,67.89,64.53,49.16,64.26,66.74,59.89,57.68,57.74,59.79,62.21,59.26,67.37,66.16,61.19
57.87,62.57,53.33,63.37,55.53,54.53,59.63,66.53,71.21,61.89,53.74,53.95,55.79,59.21,50.16,61.16,62.95,55.11,55.63,58.64
55.67,61.43,48.13,68.21,59.74,52.05,53.37,51.26,65.79,55.47,56.53,62.95,58.32,61.58,62.68,60.95,61.58,53.11,54.79,58.08
52.13,54.93,67.6,49.79,55.74,57.05,65.68,59.68,60.63,63.95,64.26,56.74,55.05,64.05,59.42,56,54,59.26,59.84,58.73
65.27,50.43,67.8,62.68,52.32,58.42,63,67.16,59.68,62.37,62.26,53.58,57.37,56.16,56.79,58.74,55.16,56.42,65.58,59.54
63.53,54,56.47,59.42,61.89,56.11,58.53,69.21,61.21,59.58,45.47,57.32,45.53,60.95,55.74,63.11,57.58,56.26,66.68,58.35
67.93,63.71,63.87,68.11,53.74,57.89,59.42,69.74,49.32,56.58,62.47,57.21,62.89,62.68,56.63,62,60.63,58.42,58.05,60.59
53,54.29,70.07,57.42,52.84,55.68,56.74,49.37,66.89,63.63,64.79,68.26,60.05,62.68,55.68,55.84,52,54.26,65.11,58.87
58.07,60.21,57.87,61.58,57.11,53.05,65.89,49,52.58,52.16,64.79,55.21,49.16,53.53,61.21,55.11,65.79,56.63,50.74,56.82
65.07,65.71,51.53,57.95,60.16,60.21,51.74,61.84,56.58,61.47,64.32,65.11,60.16,50.42,56.11,66.84,63.58,58.32,62,59.95
64,59,53.53,61.63,71.68,52.37,61.68,55.95,67.05,51.68,55.84,54.58,52.89,55.74,58.58,54.79,51.26,63.74,64.68,58.46
49.07,61.29,65.67,67,56.37,56.11,54.42,59.21,60,55.16,59.53,63.11,59.79,57.63,61.05,58.47,66.63,64.68,57.74,59.63
62.93,65.93,59.27,60.89,59.89,61.68,51.26,72.32,62.74,59.74,62.32,56.63,65.74,56.47,59,58.63,63,50.21,58.26,60.36
59.87,58.79,58.73,52.05,61.32,62.89,55.11,60.89,57.47,59.26,66.53,54.68,78.53,67.68,51.37,63.89,62.37,58.37,48.11,59.89
60.2,66.21,51.93,61.53,59.63,58.21,58.89,71,58.42,62.95,43.68,67.58,55.47,61.05,61.47,65.84,53.68,68.79,53.42,60
62.93,57,57.6,51.11,55.42,57.84,55.74,63.11,60.16,52.79,57.68,60.63,54.11,45.26,59.68,64.16,57,57.37,62.37,57.47
57.2,59.36,63.87,66.95,61.21,64.11,67.05,55.89,60,59.26,61.58,60.21,66.58,59.68,68.37,55.26,53.16,63.95,62.16,61.36
72.87,54.5,59.87,55.84,65.84,58.37,59.58,56.37,59.32,63.68,57.42,57.79,52.84,69.42,57.47,61.84,56.89,58.63,65.32,60.2
71.6,52.14,56.53,66.74,68.84,58.58,54.68,61.89,59.37,67.05,63.74,55.63,51.47,65.37,58.53,58.11,61.16,59.74,60.95,60.64
54.33,65.14,54.87,59.21,55.63,62.16,58.74,62.47,59.37,58.26,63.47,60.63,59.63,64.74,58.63,62,59.11,59.84,63.63,60.1
66.6,57.07,53.4,53.42,62.32,59.95,66.89,52.32,58.53,62.47,64.37,62.32,57.42,46.68,59.26,61.26,56.32,55.21,52.32,58.32
58.07,58.5,55.8,56.32,53.84,50.47,71.05,66.53,55.47,54.58,58.63,62.11,57.37,69.32,55.21,53.47,57.11,59.32,57.79,58.47
46.07,71.93,61.53,61.84,55.53,55.32,62.37,58.95,54.42,53.95,57.95,54.16,59.63,64.21,52.89,61.05,63,60.89,65.37,59
64.6,64.36,62.8,55.89,50.11,61.32,64.21,54.05,57.89,65.16,60.05,60.74,52.74,62.68,57.63,53.32,64.95,51.11,54.84,58.87
63.27,58.93,59.2,59.32,55.26,58.47,50.37,61.42,57.79,68,61.63,57.11,54.74,71.74,62.74,60.47,49.26,60.21,60.16,59.48
48,55.64,59.2,67.53,64.63,56.89,52,57.68,67.11,63.32,62.37,60.47,48.84,52.11,58.16,54.21,56.79,54.37,69.47,58.36
47.27,59.43,57.13,58.53,51.58,65.84,65.16,56.95,63.26,58.42,67.32,62.79,55.11,52.26,48.53,60.74,53.63,62.37,66.11,58.55
55.87,57.86,61.6,67,61,61.32,48.26,58,61.68,67.11,49.95,62.42,57.32,60.74,62.16,51.11,62.26,58.05,61.79,59.24
52.73,51.86,55.87,59,60.37,60.47,56,61.58,60.79,56.37,55.74,61.53,51.79,56.26,57.68,58.32,52.95,56.42,55.79,56.92
56.8,54.21,62.67,59.68,61.58,59.16,57.05,56.89,54.11,66.37,58.26,59.84,61.89,65.68,50.84,58.42,57.68,54.95,66.05,59.06
68,73.36,64.13,53.79,55,63.95,45.84,60.68,67.68,64.21,67.16,60.53,55.95,58.95,63.21,67.58,65.11,55.16,66.42,61.93
44.93,60.71,54,64.84,57,62.05,57.47,56.74,55.16,63.89,54.53,59.74,50.84,64.53,56.11,61.26,55.26,60.58,65.68,58.18
71.13,65.29,71.47,58.32,54.37,68.37,56.32,62.84,48.37,60.11,65.53,58.89,53.42,64.26,65.32,50.84,61.53,54.05,58.11,60.45
68.2,61.21,63.47,56.47,61.42,63.26,66.16,55.32,54.26,61.11,63.05,61.53,53.26,51.26,58.74,62.11,60.68,61.68,54.84,59.9
65,56.29,66.33,59.58,65.37,63.32,61.68,53.16,71.05,58.89,59.53,57.89,59.16,45.79,60.84,60,58.84,54.32,59.58,59.82
64.07,51.36,59.87,59,59.89,69.42,58.74,66.05,61.05,67.63,66.37,67.32,60.89,52.37,68.58,53,56.79,63.42,60.32,61.38
59.13,52.29,51.73,51.47,57.16,65.58,73.11,56.21,62.53,61.84,59.42,62.74,64.37,58.47,56.68,59.68,59.89,65.68,65.47,60.18
46.47,55.71,68.87,58.05,66.74,53,51.84,63.74,57.26,58.68,65.68,53.89,55.74,53.53,62.58,55.63,52.95,54.89,68.79,58.11
59.27,67.29,65.13,56.16,63.68,58,62.58,54.47,60.89,57.68,54.21,54.42,55.95,57.53,54.42,52.42,61.58,58.42,49.95,58.11
59.13,56.86,57,65.47,62.26,60.63,57.47,64.79,65.89,57.79,57.42,59.05,60.79,55.05,49.84,60.47,59.95,61.89,68.95,60.04
49.53,59,59,63.21,49.47,54.42,48.58,59.79,60.32,50,57,58.16,64.84,59.95,55.74,64.16,54,65.16,51.53,57.04
62.07,65.64,56.4,59.05,60.16,67.16,58.84,48.53,60.32,57.53,68.68,54.05,57.47,53.84,56.11,54.16,52.21,67.37,56.05,58.72
71.33,63.71,66.33,57.58,56.53,55.74,67.68,57.89,76.74,72.32,64,61.84,62.05,61.47,58.53,59.16,52.89,51.16,62.63,62.08
56.93,58,57.33,57.47,58.47,51.11,56.95,57.89,64.47,63.26,64.58,58.79,57.63,56.05,55.53,58,65.37,64.05,69.74,59.56
60,57.57,63.13,53.58,61.95,66.74,59.16,56.79,60.53,60.74,52.47,59.21,71.21,54.58,61.21,59.58,66.63,63.74,55.32,60.22
63.07,61.07,60.6,59.32,53.68,61.95,61.95,57.79,56.47,58.42,66.95,57.84,51.42,57.68,58.11,60.63,51.53,64.05,63.16,59.25
56.33,50.07,49.8,69.58,51.32,65.89,53.11,63.32,62.21,62.89,69.58,65.58,60.26,56.16,52.89,63.16,63.84,61.21,62.11,59.96
74.13,51.21,56.47,57.58,49.21,63.26,54.05,57.74,55.21,63.63,61.79,61,60.58,53.37,59.32,66.21,60.05,59.37,56.42,58.98
65.4,55.5,66.6,62.95,57.32,54.05,69.21,56.37,57.47,67.21,50.26,59.63,57.58,60.53,53.16,47.32,62,72.47,60.68,59.77
60.8,64.07,59.2,54.37,65.05,65.37,42.74,60.37,57.42,60,59.79,59.16,56.37,69.37,60.89,59.63,63.16,54.84,61.26,59.68
56.6,63.64,55.8,61.47,60.79,63.74,58.47,47.74,51.05,55.95,72.79,61.74,59,67.68,52.26,57.21,60.32,58.32,57.79,59.07
55.47,65.43,65.53,67.74,54.26,66,64.63,65.47,63.84,57,58.05,57.74,57.58,65.53,63.16,57.79,58.26,65.37,55.68,61.29
60.87,51.57,50.53,51.32,47.74,62.68,67.16,56.32,56.58,46.37,62.05,68.05,57.11,54.53,58.74,60.16,56.58,57.37,58.32,57.05
60.53,57.07,71.33,58.16,71.47,62.16,62.53,64.16,74.58,61.74,53.47,67.37,63.74,47.05,62.16,54.58,62.42,56.89,61.58,61.74
49.8,63,53.87,50.37,56.05,55,58.11,64.21,51.47,66.32,52.68,52.84,63.58,53.63,46.42,57.21,61.16,60.84,60,56.66
60.87,52.29,51.4,61.84,56.32,56.58,55,59,56.32,65.53,62.84,63.63,54.58,63.16,66.58,49.95,51.53,65.21,58.37,58.47
54.8,59.93,61.47,68.42,61.42,67.42,72.68,66.84,65.16,66.74,63.58,61.37,61.63,58.47,72.05,55.26,57.16,54.42,65.26,62.85
62,54.43,53.87,63,62.37,56.63,55.42,62,60.84,58.95,59.11,46.47,66.05,61.21,54.26,49.21,68.95,57.84,61.53,58.64
62.47,56.57,63.47,63.42,51.74,68.26,55.37,46.21,60.74,57.79,56.37,61.47,61.53,63.26,61.89,71.11,57.37,54.58,63.32,59.84
67,53.29,55.33,51.95,69.05,69.47,52.47,63.68,79.37,58.47,59.58,53.63,54.79,58.26,58.21,60.95,65.58,61.53,48.95,60.08
53.87,53.93,63.27,59.21,58.74,59.05,59.58,63.32,66.68,52.05,67.37,58,55.74,63.95,57.63,49.21,60.53,56.47,63.58,59.06
47.8,53.57,56.47,52.37,53.74,52.32,63.37,48.89,67.95,72.89,58.42,51,62.53,57,57.95,57.16,59.84,57.53,56.63,57.23
65.8,46.71,64.53,61.68,59.63,62.32,60.53,53.21,51.21,53.47,56.32,55.47,53.89,58.26,61.47,51.89,56.37,56.47,54.58,57.04
55.53,56.79,56.2,57.32,54.21,60.79,65.95,45.53,60.21,52.89,56.11,58.16,58.74,68.37,60.11,58,58.63,45,57.26,57.15
51.73,63.93,73.4,58.05,62.11,51.95,55.79,62,64.16,59.16,64.42,57.11,69.95,64.84,64.05,58.47,64.32,65.26,65.05,61.88
69.87,60.21,58.8,69.89,59.26,67.84,54.16,56.79,61.21,71,53.26,62.84,56.16,49.58,60.84,58.58,65.21,59.89,70.32,61.35
66.6,52.79,59.8,64.21,49,55.21,60.74,60.53,54.89,59.42,66.63,48.37,61.05,58.05,55.47,53.21,62.63,58.11,58.68,58.18
54.13,61.14,56.27,57.84,57.79,52.47,64.74,70.05,60.37,57.63,51.68,55.42,67.53,54.05,56.42,53.84,64.26,60.95,63.63,58.96
57.27,54.07,60.93,58.58,57.89,56.32,54.53,55.68,58.63,51.84,53.74,68.53,58.89,62.58,61.21,53.63,66.74,58.84,62.47,58.55
64.47,49.64,61.4,63.68,67.89,58.21,53.26,57.32,52.37,71.74,59.05,57.05,63.37,60.37,56.58,51.42,64.37,58.74,62.26,59.64
59.33,68.57,66.6,64.58,56.89,64.58,70.79,51.32,63.16,52.68,50.63,59.21,58.16,58.26,57.11,61.84,55.68,65.11,58.32,60.15
54.67,62.29,55.87,68.89,66.37,62.53,53.11,55.58,67.16,68.95,68.63,56.79,56.84,63.53,52.37,60.05,70.79,59.79,61.63,61.36
62.6,71.29,49.27,62.58,60.63,62.63,71.79,61,64.42,58.16,54.74,53.68,73.21,69.63,65.05,64.89,64.68,65.89,65.58,63.25
57.6,61.71,59.93,59.47,54,52.32,57.53,66.79,57.26,51.63,66.42,61.11,60.05,55.37,61.11,57.32,53.63,52.42,54.95,57.93
58.2,63.29,68.4,70.74,62.53,63.53,64.42,56,64,62.89,63.47,64,64.74,61.05,59.79,67,53.58,52.79,55,61.86
64.07,51.14,61.73,56.79,51.53,51.42,62.84,54.37,65.58,54.32,61.26,52.21,63,58,55.84,51.26,61.32,58.63,64.95,57.91
57.53,59.64,62.33,61.32,62.42,59.32,65.42,69.42,59.37,59.63,61.79,59.68,52.26,59.68,65.53,70.58,64.79,60.47,52.47,61.25
57.53,53.64,55.13,63.37,59.68,56.58,65.16,60.68,63.53,53.63,65.32,61.84,65.58,63,63.11,54.16,53.74,60.47,57,59.64
60.33,49.21,59.73,62.21,58,53.95,47.63,47.79,56.79,55.53,54.58,60.53,56.32,59.42,55.63,70.89,56.47,59.95,55.95,56.89
67.47,60.07,59.53,54.32,58.58,59.74,55.95,61.05,58.26,60.16,68.42,68.89,57,65.05,57.47,60,54.68,67.37,65.21,61.01
69.07,66.5,50.47,60.16,56.21,62.32,58.58,61.05,61.05,60.68,51.58,57.21,65.32,57,63.37,64.89,57.89,51.21,54.74,59.44
67.13,54.71,58.07,63.32,65.58,61.68,61,62.32,60.63,67.42,60.95,62.89,53.47,58.47,70.21,64.84,61,60.26,54.84,61.52
58.47,60.5,58.87,55.58,51.21,64.21,56,45.84,65.63,58.37,57.68,64.05,61.84,60.84,63.79,67,56.16,65.89,68.26,60.01
67.13,60.14,62,58.74,58.95,64.79,57.42,56.95,59.95,66.95,58.42,62.37,54.32,67,55.37,59.21,56.84,61.79,51.89,60.01
69.6,63.43,56.2,61.11,63.32,70.16,63,59.89,72.47,65.37,63,70.68,56.11,53.95,63.58,72.68,60.26,55.11,65.58,63.45
66.73,64.57,76.27,66.21,59.79,61.74,57.32,58.84,55.95,60.16,60.89,56.16,55.47,69.05,58.16,48.26,68,63.95,54.89,61.18
63.6,58.79,61,59.05,60.84,64.47,58.79,62.26,56.74,55.89,64.32,54.32,54.21,65.47,47.95,60.47,53.68,49.79,56.68,58.33
64.2,64,43.4,58.47,55.79,59,50.63,57.95,58.63,72.26,63.42,60.21,59,59.05,57.26,57.95,59.11,59.79,53,58.59
53.67,61.57,57.67,66.79,68.16,55.32,53.58,58,59.63,61.11,65.32,52.32,58.68,65.05,61.21,61.37,48.26,59.53,55.79,59.11
65.07,60.5,55.2,52.26,57.37,65.37,64.95,52.53,68,61.63,55.47,56.16,61.42,53.32,68.68,58.16,60,50.37,56.79,59.12
57.8,59.21,57.53,57,45.42,67.89,55.53,61,48.16,63.42,65.11,55.84,63.95,55.21,56.53,55.21,68.05,55.89,63.47,58.54
58.47,56.79,69.2,55.63,72.58,59.21,66,58.21,56.84,54.84,55.11,57.11,55.63,61.37,55.05,64.11,71.84,59.37,50.37,59.88
70.13,55.29,58.33,60.68,51.68,57.05,62.79,58.84,58.95,51.84,67.21,52.42,51.63,60.53,57.95,63.63,65.16,64.16,57.79,59.27
55.67,68.21,56.8,63.21,61.26,53.95,56.74,56.37,45.42,60.32,71.79,51.79,54.47,55.68,56.05,64.63,56.21,69.42,60.11,58.85
52.67,58.43,59.67,55.53,63.58,57.11,64.58,66.32,58.74,56.89,52.79,61.37,48.63,62.95,60.53,58.53,54.74,55.16,65.63,58.62
54.87,59.43,54.8,58.63,66.53,58.63,51.84,54.26,63.05,60.74,57.79,69.26,60.89,59.58,55.11,61,62.84,57.53,57.47,59.17
54.07,56.36,62,54.16,49.05,66.58,56.16,58.95,58.47,59.53,53.16,64.26,53.11,60.74,53.63,56.37,57.74,50.79,50.74,56.62
55.2,63.36,62.13,68.11,69.47,66.42,63.53,69,53.74,62.32,65.58,58.84,57.68,69.32,64.11,55.21,51.58,60.16,68.95,62.35
62.33,65.79,51,63.26,51.95,57.42,51.21,59.26,60.21,57.84,55.53,51.47,60,50.05,62.42,52.58,51.26,62.05,59.53,57.11
62.67,66.57,53.93,62.74,52.26,62.95,60.26,65.89,56,69.16,58.42,55,65.26,63.16,53.47,55.74,72.16,56.58,56.53,60.46
48.53,63.36,56.87,52.21,57.89,60.84,57.05,57.95,57.11,58.05,54.11,69.37,56.79,56.79,59.95,53.79,62.58,59,59.58,57.99
67.27,50.5,60.87,71.89,57,62.79,57.74,63.47,45.89,60.95,64.26,63.37,60.53,59.47,59.84,56.42,63.11,63.37,57.74,60.34
66.53,65.5,49.87,63.84,57.74,54.37,59.42,49.58,55.26,60.84,53.47,53.21,49.63,62.42,67.47,57.05,59,59.74,61.89,58.26
55.13,62.14,52.67,60.68,59.68,65.32,50.11,54.58,50,55.84,51.53,57.37,52.26,63.05,61.53,65.32,54.79,64.63,66.42,58.06
56.07,64.71,59.6,53.47,58.68,59.11,59.26,55.21,54.95,55.47,56.37,53.11,56.58,57.11,57.74,65.74,61.95,62.95,68.42,58.76
53.67,70.5,58.4,59.63,60.16,57.26,66.21,49.63,55.74,60,67.37,68.47,55.37,60.84,67.32,69.32,63.42,64.21,57.47,61.32
66.07,64.79,59.13,56.37,59.11,62.37,57.42,58.95,57.74,54.79,53.79,65.11,55.21,61.95,59.26,56.79,66.84,60.68,65.74,60.11
57.4,52.57,52.73,47.53,65.68,64.58,53.95,55,61.84,65.53,65.37,61.58,49.58,57.42,66.58,66.21,63.42,56.37,53.79,58.8
53.07,48.64,49.07,56.37,55.42,51.68,66.63,57.42,64.37,55.05,59.53,59.53,55.47,67.26,63,61.58,51.68,64.68,53.37,57.57
70.13,59.29,57.87,62.26,61.58,64.42,63.74,64.26,62.58,55.26,54.42,59.32,72.84,57.58,52.47,54.21,57.95,65.11,70.26,61.34
54.07,55.79,59.2,60.37,52.95,64.95,67,61.53,69.26,58.58,60.74,53.74,65.63,61.68,63.26,62.47,60.16,62.89,60.89,60.8
56.53,48.21,80.33,55.47,50.79,61.26,66.68,61.11,72.11,65.47,66.53,52.95,56.42,62.32,66.11,69.05,58.16,61,60.53,61.63
59.07,60.71,52.4,51.84,58.79,65.84,54.37,62.32,65.89,45.95,60.37,59.05,57.79,55.16,55,55.95,61.47,60,58.58,57.92
65.53,60.93,60.07,50.68,59.74,63.53,50,52.58,52.11,53.79,54.74,60.84,58.47,64.95,47.79,58,60.16,65.37,48.37,57.24
48.67,62.86,60.33,70.16,59.58,57.68,65.11,64.32,63.53,64.63,66.21,47.42,53.68,59.42,54.53,50.95,60.79,63.68,68.37,60.1
62.2,61,59.8,53.68,73.16,67.21,56.89,62.47,62.84,57.68,55.11,54.95,71.32,62.58,54.21,52.68,59.11,48.74,64.79,60.02
57.73,69.14,54.67,50.63,65.95,61.32,64.74,60.26,52.58,68.05,55.21,58.26,64.53,67.42,58.74,53.11,69.42,53.47,61.05,60.33
67.6,61.93,60.4,59.53,66.53,71.63,57.53,64.84,51.89,61.58,61.74,62.58,64.21,64.89,52.79,59.84,63.58,67.26,66.95,62.49
64.13,53.64,57.87,59.16,60.42,55.58,71.74,65.32,68.89,68.11,62.53,65.32,65.37,66.79,64.89,56.11,62.68,63.84,63.47,62.94
58.4,71.43,50.67,49.84,62.05,63.53,59.32,59.84,53,56.74,62.37,68,60.89,65.58,58.32,57.47,69.16,60.32,64.47,60.6
53.67,65.43,55.6,55.32,45,68.32,58.05,53.53,60.32,59.21,54.26,55.47,60.11,53.84,59.21,57.89,64.84,64.89,65.74,58.46
56.67,45.93,62.8,58.84,57.53,58.37,57.16,59.89,65.05,55.84,58.16,65,56.95,65.37,58.84,54.84,55.89,55.16,56.42,58.14
68.47,48.43,55.67,67.42,71.74,55.74,54.68,64.89,64.84,66.53,62.47,57.84,71.16,70.95,61.26,66.32,67.63,69.37,60.16,63.45
67.13,49.07,62.53,58.74,63.26,60.47,61.21,61.21,56.95,64.11,59.11,62.11,70.53,54.26,58.53,53.89,61.63,58.47,51.05,59.7
53.47,61.93,56.4,63.53,50.11,56.42,54.58,49.74,57.53,53.79,54.05,59.16,49.84,55.58,50,57.84,62.37,60.42,59.26,56.11
64.53,55.57,66.4,69.26,62.79,63,62.47,63.05,59.05,57,57.11,64.79,59.47,55.47,61.63,64.11,58.16,57.95,56.42,60.96
66.93,68.07,57.6,59,61.05,57.05,54.16,68,58.63,54.53,58.32,57.11,56.47,65.74,68.74,57.68,61.74,57.89,61.21,60.52
67.47,51.07,56.93,60.47,54.32,68.26,50.84,61.53,63,50.58,54.11,63.89,61.16,66.79,66,59.95,59,67.84,55.26,59.92
61.8,61.29,62.47,50.26,61.11,64.95,55.53,54.89,63.89,59.11,53.32,63.74,55.58,54.74,73.32,60.32,57.47,67.37,53.95,59.74
46.67,60.07,57.47,58.95,65.16,61.05,62.95,67.53,59.11,55.21,67.74,60.37,58.84,57.79,52.79,59.16,67.74,60.53,53.26,59.6
70.73,63,65.47,61.42,52.37,56.21,61.32,62.58,56,58.89,54.53,58.63,48.95,57.74,54.32,63,60.95,53.42,57.37,58.78
59.2,63,67.67,56.79,59.95,55.58,63.42,59.16,60.16,63.68,54.32,64.79,51.05,62.63,58.53,66.16,56.84,52.74,70.53,60.33
62.33,58.79,63.47,58.95,60.11,56.53,55.37,54.79,54.05,58.53,62.53,53.79,55.16,62.68,54.53,56.68,60.32,54.21,51.95,57.62
49.73,57.43,64.33,55.84,52.68,61.21,66.16,60.53,52.37,57.42,52.21,65.74,60.26,62.53,66.74,47.42,58.68,59.47,58.21,58.37
59.47,59.64,64.33,60.42,51.74,58.84,54.68,49.42,62.84,59.11,52.05,51.53,67.26,56.21,61.11,50.26,61.84,63.37,59.58,58.09
65.07,53.57,61,61.89,61.16,69.26,67.68,55.79,70.47,63.68,64.26,62.32,64.05,60.32,63.95,63.11,64.89,52.74,63.89,62.58
72.13,60.79,54.6,58.32,54.95,55.32,62.16,54.74,57.95,56.21,65.89,57.05,63.16,50.26,58.58,55.37,57.89,52.42,69.84,58.82
54.27,53.36,57.8,56.58,58.58,55.21,60.05,57.63,59.84,57,65.11,71,51.84,59.16,54.32,61.21,71.26,57.11,57.16,58.87
55.73,59.21,58.13,63.42,62.42,52.79,56.89,65.26,57.37,59.37,59.89,60.42,60.42,60.16,59.79,64,61.42,62.32,45.47,59.18
64.67,63.43,60.73,53.37,56.58,55.21,65.53,52.84,49.89,57.32,55,52.63,62.58,55.58,53.74,58.58,62.47,58.05,61.95,57.9
51.4,59.43,67.4,61.37,73.11,55.63,60.68,54.53,56,67.63,60.63,51.47,63.37,56.84,50.63,63.26,61.68,63,57.79,59.78
61.33,53.29,61.73,51.74,56.05,63.42,53.05,61.47,59.63,63.42,66.84,52.63,58.11,52.63,60.74,54.05,58.63,60.74,59.84,58.39
53.13,53.57,60.27,67.53,68.89,60.79,50.84,56.11,57.26,63.42,60.84,54.58,55.16,66.63,66.21,67.32,60.42,60.32,53.53,59.83
59.87,54.57,54.13,67,54.58,61.37,56.79,58.21,62.16,59.05,69.21,62.89,52.47,57.74,59.74,60.21,56.79,61.74,61.58,59.48
59.27,57.71,47.27,61.11,64.21,56.16,53.21,60.32,64.37,58.63,63.32,58.26,55.26,61.74,65.37,61.53,56.84,52.16,60.68,58.81
61.27,68.07,65.4,48,61.42,58.84,51.42,59,53.37,58.32,57.58,50.63,50.42,68.32,59.16,52.68,61.26,61.84,60.37,58.28
68.47,57.29,65.2,55.95,62.58,65.58,65.32,68.58,58.74,64.21,60.79,63.63,53.53,62.89,56.11,59.32,69.16,59.11,66.26,62.25
65.47,56.21,66.93,66.42,69.63,61.95,61.79,57.53,63.47,55,61.11,59.32,50.74,62.53,64.95,52.68,62.42,60.89,61.84,61.1
63.47,53.43,63,58.21,51.26,61.89,62.37,50.63,57.37,55.37,57.68,58.26,57.95,57.84,56.95,56.11,62.95,54.37,62.16,57.96
71.8,61.71,61.93,63.37,58.68,58.89,48.89,62.05,67.58,54.32,71.42,65.79,65.89,59.58,70.47,54.21,59.84,51.68,48.95,60.9
62.93,44.64,58.33,57.16,57.84,60.11,60.68,63.11,61.42,63.32,56.53,61.63,53.47,53.79,54.79,66,60.05,56.89,66.89,58.93
57.87,47.64,57.8,55.79,72.53,64.53,59.37,68.74,62.26,60.79,56.89,52.74,59.74,68.26,62.89,59.42,58.68,63.53,52.79,60.12
60,50.36,60.2,61.16,63.84,56.11,54.84,57.05,60.79,54.95,68.79,62.84,59.47,60.95,53.58,51.74,53.26,62.95,63.32,58.75
63.4,52.43,62.73,56.21,48.79,69.05,53.89,54.84,64.42,61.37,57.16,55.05,54.32,58.84,63.32,58.95,55.84,54.26,68.79,58.61
65.33,59.86,67.87,59.26,66.89,62.74,68.89,63.47,61,53.95,54.26,56.68,56.47,63.89,57.16,53.74,60.53,57.11,72.42,61.13
51.07,74.43,63.87,60.68,67.26,63.68,66.95,53.26,59.05,59.11,56.79,63.89,59.47,70.42,59.05,58.74,54.32,59.79,59.42,61.12
66.67,63.57,66.6,54.68,60.16,53.26,55.32,51.89,67.05,54.63,59.26,56.68,52.26,57.53,67.68,59.05,63.16,49.58,59.21,58.86
54.33,58,56.2,62.42,56.16,73.05,52.53,56.63,46.42,57.32,58.16,58.32,60,56.79,65.63,64.42,71.32,58.79,52.47,58.89
46.67,62.36,53.6,65.32,56.53,61.37,46.68,54.47,67.95,60.95,58.68,51.63,57.37,58.95,64.37,53.32,57.68,51.84,61,57.41
61.27,47.43,53.53,63.26,60.74,50.16,54.32,57.42,61.26,63.05,61.05,57.79,61.05,59.53,68.26,55.21,53.79,63.47,54.68,58.28
57.47,48.43,59.87,59.42,54.58,53.95,55.16,65.21,64.84,64.32,53.84,56.05,56,64,61.79,57.53,55.68,64.74,59.42,58.54
57.4,75.71,58.4,65.47,56.84,53.79,57.53,62.42,55.32,59.42,65.26,68.47,65.42,63.47,47.79,61.53,56.68,50.68,53.84,59.76
57.2,52.79,64.4,59.21,54.26,51.47,62.84,63,60,60,54.74,56.16,56.95,60.05,57.95,64.16,55.21,64.21,56.84,58.5
67.33,73.21,56.47,61.05,48.74,59.42,55.37,59.47,61.32,60.16,55.68,57.32,54.89,53.47,61.53,65.05,70.32,52.58,66.47,59.99
56.07,57.86,57.73,63.58,55.63,54.16,59.21,55.58,58.84,61.95,54.47,55.42,47.74,53.74,70.89,61.11,51.84,61.16,52,57.31
69.27,55.93,55.53,58.42,55.63,48.95,62.53,67.74,64.42,65.74,62.68,51.26,57.95,64.95,50.42,51.84,68.84,54.58,63.58,59.49
55.2,62.5,48.67,61.42,59.05,64.37,69.21,62.42,53.58,61.84,55.11,64.89,59.53,56.26,58.47,53.11,52.32,69.26,56.95,59.17
55,67.57,55.2,54.63,54.16,56.63,65.21,60.05,55.95,56.68,53.05,65.95,53.95,61.42,53.95,53.63,56.63,54.63,69,58.07
50.8,69.64,61.13,65.95,58.74,57.05,59.26,65.32,67.58,61,52.89,56.26,65.63,58.53,61.26,59.84,61.68,49.53,61.68,60.2
70,60.71,57.6,62.32,56.58,63.89,53.11,55.05,70.63,59.05,54.32,61.68,60.58,45.58,69,65,61.37,57.89,65.47,60.52
64.33,63.43,71.73,56.63,62.53,58,58.58,52.26,51.79,61.05,60.32,55.58,57.05,63.74,57.37,57.32,55.89,64.32,67.68,59.98
60.13,47.86,56.53,60.11,53.16,53.84,60.68,62.84,64.95,53.21,64.37,53.89,59.47,63.84,54.37,64.79,59.26,50.05,65.68,58.37
54,68.07,65.73,63.95,56.37,66.37,67,63.32,51.68,63.05,61.37,64.89,59.21,67.74,58.16,55.32,66.63,57.37,63.68,61.78
59.53,63,62.2,59.11,65.16,56.63,59.53,57,62.89,55.16,63.53,58.37,56.89,56.32,56.32,71.16,60.32,56.21,47.21,59.29
67.2,52.57,59.07,58.32,57.95,55.63,53.79,55.89,54.37,61.63,55.89,69.53,62.21,58.74,66.11,51.21,71.74,60.16,68.63,60.03
57.33,62.93,57.87,59.16,67.42,53.53,56.63,52.53,63.05,57.58,60.26,57.89,62.21,68.58,63.58,56.95,59.42,54.63,61.74,59.65
55.27,55.36,53.93,56.68,55.63,53.68,53.95,54.42,55.63,58.32,60.53,65.74,54.58,60.16,52.42,47.47,56.11,55.42,67.11,56.44
60.13,60.64,56.07,62.95,59.95,58.89,56.63,59.26,58.26,53.89,57.37,54.68,63.47,58.84,65.37,62.53,66.47,55.37,69.63,60.02
49.67,67,60,55.74,64.37,56.95,62.42,58.84,47.47,53.42,64,60.16,50.74,64.32,68.84,55.47,54.89,67.26,65.79,59.33
53.27,46.14,68.6,61.32,55.58,63.37,63.37,62.79,68.63,51.32,65.84,58.16,54.05,64,53.42,58.11,57.79,58.63,49.95,58.65
59.67,59.14,59.67,59.68,47.16,59,61.26,62.11,57.63,59.58,57,61.68,62.95,61.26,49.95,59.74,57.32,65.42,56.84,58.79
56.2,65.43,61.93,55.05,55.32,51.47,56.16,60.11,66.89,58.63,69.95,57.37,63.68,66.37,58.89,63.58,60.79,66.84,62.95,60.93
55.87,59.71,47.33,60.84,57.79,55.84,49.47,60.53,61.53,48.32,61.79,61.58,65.16,58.26,62.42,46.68,64.79,64.63,66.26,58.36
64.4,54.36,59.8,59.32,56.68,66.95,63,61.32,58.95,62.21,60.47,58.89,54.16,49.74,64.95,56.37,63.79,53.21,63.84,59.6
66.73,59.93,54.93,50.84,53.26,53.47,54.37,57.16,58.84,55.05,61.16,59.21,68.53,55.47,52.58,56.63,58.05,57.74,55.37,57.33
62,53.07,56.13,57.37,57.58,67.53,61.42,58.63,66.95,60.95,60.26,57.58,59.26,52.79,54.95,63.37,56.42,60.79,60.63,59.35
62.33,55.29,80.2,58.79,69.37,55.05,73.68,51.63,62.95,70.05,60.37,59.05,57.21,68.21,57.68,50.89,62.79,53.11,64.63,61.75
56.33,56.71,55.73,60.79,52.58,62.79,59.53,55.26,53.37,50,66.37,52.21,62.32,63.11,67.74,65.21,57.68,61.32,60,58.9
63.07,57.64,56.4,65.89,61.05,64.47,62.84,54.58,62.21,51.32,54.21,60.47,56.16,48.37,61.21,61.37,58.26,57.84,56.58,58.63
52.8,56.36,65.07,61.95,54.63,57.05,53.74,55.68,53.05,56.63,57.95,63.21,44.63,66.68,53.32,66.42,69.63,58.26,58.37,58.18
63,65.71,60.07,49.58,55.74,61.21,59.26,58.89,54.32,61.84,62.47,52.95,65.37,67.05,57.53,65.84,60,59.16,60.21,60.01
58.2,74.93,59.2,53.84,60.89,57.26,57.16,55.16,55.89,72.84,63.26,52.37,51.84,55.32,58.32,66.84,56.84,63.53,58.16,59.57
55.6,57.93,73.2,55.68,60.42,62.47,63.79,65.21,63.05,51.21,58.32,64.26,53.26,53.95,57.32,66.58,61.21,58.58,62.63,60.25
61.73,60.71,66.27,54.84,61.16,58.16,60.32,66.58,62.58,66.47,55.47,64.37,51.05,55.79,61.53,63.42,56.84,62.63,63.47,60.71
56.2,60.5,56.67,61.74,53.84,52.74,53.32,55,64.58,61,58,67.42,62.63,66.74,62.68,60.16,60.47,59.58,58.68,59.58
53.4,63.29,47.67,48.63,51.21,55.89,56.21,56,62.79,61.68,61.16,63.58,68.42,62.74,68.74,58.63,56.11,55,59,58.43
57.93,54.36,59.13,56.63,56.63,59.26,61.26,59.58,53.68,59.21,61.05,53.21,52.89,62.84,61.95,61.47,56.21,63.26,68.42,58.89
63.6,52.43,54.6,64.11,47.68,54.16,58.74,62.11,58.21,67.63,59.95,55.63,66.21,53.37,58,56.42,57.47,53.05,59.53,58.05
66.8,51.57,62.8,59.89,68.74,54.21,58.21,58.26,47.37,60.84,63.42,57.84,66.63,64.26,68.42,58.74,48.58,59.37,60.11,59.79
60.73,59,45.4,57.84,58.84,59,65.68,59.53,63.37,55,59.32,48.47,56.32,55.95,57.16,63.32,46.89,64.68,58.74,57.64
57.2,50.93,63.4,63.37,56.37,46.32,65.32,66.32,55.74,62.79,55.95,66.42,58.63,59.79,66.21,51.74,56.89,62.63,50,58.74
61.67,55.57,62.07,57.95,62,59.37,75.11,50.74,51.47,58.26,57.53,56.05,55.95,66.42,60.58,61.47,51.68,58.68,64.16,59.3
58.67,55.21,64.33,60.68,57.05,59.68,64.58,60.68,56.79,45.89,67.53,55.58,65.32,63.63,55.42,66.05,61.74,65.21,60.26,60.23
54.2,54.93,58.67,58.47,68.42,48.79,57.32,58.47,65.11,59.47,61.47,62.58,67,65.74,61.32,65.89,59.89,56.53,58.53,60.15
59.73,58.07,58.27,59,71.42,61.11,53.53,67.11,57.32,62.79,62.53,57.84,54.47,64.95,55.79,63.89,61.89,62.95,53.95,60.35
55.33,70.79,60.93,47.53,65.53,53.63,59.42,65.32,58.84,66.21,58.32,54.95,58.68,57.89,59.84,61.26,63.21,62.74,58.95,59.97
54.73,62.71,66.53,57.79,71.74,65.68,63.53,56.68,61.53,64.37,57.21,59.32,62.16,59.05,60.84,54.16,58.79,62.84,54.21,60.73
63.53,61.07,59.4,64.58,61.26,61.63,66.95,50.89,57.74,63.16,61.84,61.42,54.74,58.68,57.53,57.37,62.84,51.68,62.68,59.95
52.6,58.86,64.93,53.63,60.42,48.05,61.47,58.58,68.84,58.95,62.21,56.37,65.58,61.84,59.26,59,59.42,56.89,54.84,59.04
48.8,51.57,58.93,59.47,61.79,59.89,62.63,67.26,54.58,66.37,59.63,65.42,59.74,62.37,58.11,63.68,64.53,58.37,62.11,60.28
65.6,67.21,60.27,51.63,58,60.32,51.16,63.16,59.68,62.21,63.42,56.63,52.05,67.84,50.16,70.21,58.53,57.11,62.37,59.87
61.2,55.5,58.33,52.11,62.58,54.11,64.47,54.42,57.84,58.95,63,52.58,59.42,54.89,64.68,61.63,64.37,64.53,59.53,59.17
62,62.79,68.53,53.68,62.05,63,60.47,56,59,61.63,54.89,66.16,53,51.47,53.53,58.79,65.63,56.26,53.05,59.05
62.4,69.36,62.2,60.84,63.47,60.79,47.68,60.84,63.53,60.79,64.84,73.68,50.26,54.84,61.42,52.89,64.84,64.16,63.16,61.16
58,67.14,64.8,55.63,64.42,65.53,67.68,59.63,55.42,57.79,76.05,58.21,55.53,66.74,56.16,56.37,59.74,71.68,63.79,62.12
52.33,62.29,61.87,61.74,62.26,63.11,53,54.89,57.26,55.68,51.05,56.74,62.63,59.68,59.95,60.37,57.58,55.63,63.68,58.51
56.67,64.93,62.93,54.26,60.11,56.26,60.21,57.53,59.63,60.42,58.58,56.89,65.42,66,64.68,56.32,61.89,57,62.68,60.13
65.8,59.36,56.2,57.16,59.68,68.32,49.79,58.16,52.58,56.21,54.58,66.21,60.21,60.32,62.58,63.53,68.16,65,53.26,59.85
61.93,64.29,61.87,56.74,52.79,53,55.53,60.47,65.84,57.32,62.95,60.21,70.32,65.11,58.74,59.26,60.37,56.63,56.95,60.02
59.53,67,59.93,63.47,59.79,66.53,59,66.26,58,59.05,68.37,65.11,55.42,58.11,58.42,61.89,64.68,58.84,57.11,61.4
61.67,67.14,60.07,55.05,60.47,51.47,48.68,62.37,61.58,57.58,59.74,56.11,57.16,67.26,54.58,53.58,60.26,53.89,73.68,59.07
62.6,59.14,56.13,49.95,58.26,53.47,50,63.95,46.16,56.11,59.95,71.37,58.47,58.84,61.16,56.47,72.53,58.58,54.79,58.31
65.8,59.86,57.47,54.47,57.47,52.16,54.74,60.58,50.79,64.16,56.32,55,55,54.26,59.32,48.68,58.21,63.37,62.42,57.37
47.6,66.86,57.07,63.47,58.53,60.37,49.37,67,58.05,52.63,53.21,62.42,60,67.26,63.58,70.37,54.42,64.32,47.21,59.14
55.47,50.93,74,57.63,56.79,52.26,64.68,53.11,57,51.68,53.11,58.79,68.95,61,56.95,61.21,55.53,58.53,60.63,58.33
68.2,60.21,61.13,55.42,68.47,53.11,59.58,62.47,49.11,58,53.53,58.21,59.79,63.11,60.53,58.26,47.11,60.26,59.42,58.73
60,54.21,56.47,56.32,67.21,58.95,59.79,56.58,63.37,66.05,59.26,65.68,58.95,58.63,57.11,61.32,66.79,60.89,43.95,59.55
63.67,55.79,53.87,67.05,65,58.21,48.37,66.37,69.26,54.05,62.42,62.95,65.89,52.42,55.16,62.63,52.58,62.84,56.37,59.73
65.07,56.43,59.8,55.11,52.95,60.68,62.63,66.37,60.79,61.53,62.79,57.47,62.26,67.53,56.74,65.84,62.89,42.32,57.32,59.82
60.07,49.93,57.47,63.95,56.11,64.53,50.95,61,59.11,60.95,71.11,60.95,55.79,59.95,51.53,53.68,58.05,52,62.21,58.38
63,58,70.93,62.32,56.37,63.26,55.21,66.37,62.21,64.37,57.84,47.42,60.32,56.74,56.05,52.89,59.26,64,64.63,60.06
67,52.64,62.07,62.37,51.79,56.26,58.53,58,52.26,55.84,61.16,59.21,56.32,53.37,56.11,55.68,55.74,59.53,53.26,57.22
73.27,60.21,61.73,58.84,61.32,56.26,60.26,52.63,67.53,53.58,59.05,50.53,67.74,53.63,62.53,62,60.95,61.32,65.84,60.48
49.93,67.36,50.93,62.84,58.95,64.79,60.42,68.63,53.95,56.05,67.16,65.63,62.42,58.05,65.74,57.37,62.58,51.74,58.68,60.17
62.2,61.93,68.8,54.95,55.11,51.63,57.21,60.42,52.42,58.84,60.79,54.16,67.26,54.26,61.95,49.74,49.63,63.42,56.21,57.94
59.6,51.36,61.33,59.42,65.47,64.79,61.89,65.95,66.16,58.89,65.32,56.32,57.42,61.05,57.53,65.05,62.05,62.26,59.63,61.13
61.33,56.57,59.93,62.89,56,59.26,62.05,64,58.11,61.95,44.26,61.37,57.16,58.84,56.53,67.16,63.26,57.47,59.58,59.35
67.8,55.57,56.93,63.58,69.05,60.68,70.68,68.11,56.05,58.58,61.79,52.63,59.84,68.42,57.84,55.79,53.95,59.68,62.74,61.04
53.47,64.21,59.2,58.16,59.79,61.84,59.79,55.79,65.42,63.63,59.05,55.89,62.42,62.74,62.37,60.26,59.53,62.89,50.05,59.82
59.33,58.21,60.2,59.53,53.63,54.05,53.11,60.11,63.16,51.26,74.53,53.47,57,61.42,45.74,52.89,54.63,51,61.63,57.1
62.53,62.93,58.93,60.42,53.84,62.32,61.84,48.84,61.89,52.74,56.89,52.84,63.42,50.42,52.63,55.68,56.26,49.89,56.68,56.9
56.33,50.64,62.8,52.16,65.68,53.11,63.05,60.89,63.89,59.47,56.53,62.05,57.79,62.26,67.84,60.89,54.63,56.37,58.47,59.2
62.73,54.29,57.8,63.63,60.95,62.16,60.26,56.47,58.11,70.16,60.37,63.47,56.05,64,62.26,51.58,50.84,56.47,60.63,59.59
58.33,67.14,65.6,58.26,51.95,62.95,57.74,69.16,52.79,59.95,54.26,58.26,66.21,53.68,58.84,61.16,56.63,52,67.47,59.6
57.27,53.64,53.47,59.84,55.74,61.63,67.21,56.53,57.37,57.42,59,53.47,57.16,67.79,63.58,55.16,59.74,57.63,58.84,58.55
51.93,61.86,49.87,56.63,64.74,59.89,66.68,68.47,56.79,55.11,55.68,64.11,60.42,63.16,46.21,59.32,56.79,56,60.26,58.63
58.87,62.71,53.73,64.21,53.53,60.95,57.16,62.84,53.37,54.74,55.63,61.68,62.11,59.21,59.42,53.11,51.26,58.26,56.84,57.88
54.87,52.86,57.33,55.26,62.58,56.74,55.11,58.42,58.47,60.16,61.89,54.47,56.58,54.05,54.74,57.37,71.47,56.74,66,58.16
55.6,56.36,54.93,52.32,53.26,56.47,62.32,61.37,62.11,59.26,60.16,72.74,55.37,58.84,59.05,63.58,61.89,55.84,69.16,59.51
51.4,66.07,53.4,64.26,61.32,60.16,63.11,64.53,49,51.53,50.21,59.05,50.42,67.95,60.21,61.84,59.05,55.63,65.26,58.65
57.53,53.21,50.87,63.11,66.21,55,53.79,54.63,63.84,53.05,56,59.53,55.47,59.84,54.63,54.42,52.58,66.89,60.95,57.45
80.67,59.43,67.07,59.16,53.68,59.63,58.84,60,62.32,66.53,63.37,45.84,57.16,58.79,64.58,56.47,61,59.26,55.63,60.5
58.6,46.43,54.13,54.89,62.47,60.21,61.53,52.42,59.53,58.11,56.84,55.47,67.79,53,63.79,68.53,55.89,58.47,56,58.11
60.33,54.07,53.4,45.95,52.95,48.16,61.79,58.32,63.53,65.42,62.26,62.21,59.74,62.21,59.16,47.89,58.79,67.32,56.63,57.9
56.47,53.64,71.2,62.32,67.32,57.21,52.21,56.26,51.53,54.37,52.84,61.42,60.74,57.37,61.89,59.26,56.47,54.47,59.26,58.22
54.47,65,57.53,66.26,62.11,52.21,56.47,59.84,51.21,64.26,51.53,47.58,67.32,54.79,48.32,64.21,54.89,52.68,58.21,57.31
53.33,46.43,58.33,53.58,46.79,55.37,61.89,50.58,59.05,68.05,56.95,56.21,64.89,54.21,68.58,61.47,59.05,61.32,62.74,57.83
47.87,72.57,53.6,57.47,60,56.53,61.05,59.53,51.47,64.63,66.47,62.21,58.89,54.05,60.21,62.63,52.89,71.95,44.11,58.85
69.2,62.71,55.6,62.89,55.37,64.58,62.16,56.37,62.42,65.16,67.47,54.42,58,56.74,63.47,58.84,51.16,65.47,64.47,60.87
59.13,56.64,64.73,67.58,61.16,65.47,56.79,65.74,61.53,57.11,66.42,58.47,64.42,54.89,68.89,55.63,64.32,60.84,49.05,60.99
61.93,47.14,61.6,69.63,61.53,64.11,56.05,54.32,67.05,53,55.89,60.89,69.68,54.89,66.32,58.58,59,53.16,55.37,59.48
59.53,73.36,56.4,58.47,58.16,61.32,66.58,71.16,62.32,58.68,56.79,61.32,62.47,46.95,63.68,61.37,62.42,65.84,60.89,61.46
61.6,66.21,51.67,68.37,61.37,62.79,60.05,58.95,72.47,68.42,63.68,63.63,68.05,61.37,61.26,63.84,66.16,56.05,54.53,62.66
58.13,49.79,60.93,55.74,53.21,64.53,66.05,57.53,52.79,53.74,56.42,55.53,61.37,55.58,59.58,65.53,59.68,58.74,57.37,58.01
51.67,57.79,62.33,57.42,64.11,55.68,61.42,62.63,58.47,66.68,51.74,44.58,57.79,59.42,58.42,62.53,59.37,68.37,62.58,59.11
66,49.93,56,63.47,61.11,60.42,60.11,63.89,58.47,63.95,61.42,54.16,63.74,62.84,49.32,69.16,53.05,65.32,67.84,60.54
66.67,70.57,60.8,56.32,63.63,64.42,57.68,57.74,61.05,61.42,61.37,62.37,67.84,53.16,62.63,59.16,53.95,58.58,71.21,61.61
61.93,60.57,65.67,67.84,62.68,55.47,65.58,52.68,62.63,53.74,59.11,61.05,55.26,55.32,64.32,59.84,55.16,66.58,57.42,60.15
64.33,63.93,60.33,61.63,59.32,51.84,54.26,56.63,58.89,65.53,58.74,59.26,65.42,67.63,67.37,60.05,57.63,59.05,52.84,60.25
64.2,51.86,51.07,59.32,53.26,68.89,67.16,56.26,59.84,62.53,54.47,70.84,60.21,58.68,53.68,60.21,53.11,52.95,58.68,58.8
56.27,64.21,58.07,54.68,53.53,56.74,63.21,57.95,60.47,61.53,58.32,65,61.63,55.79,66.37,64.79,57.26,70.68,48.11,59.72
61.07,66,68.33,54.79,56.21,61.58,52.84,51.53,60.05,57.58,61.26,58.79,58.42,52.63,52.79,57.16,64.53,59.37,55.47,58.44
58.07,57.21,53.73,61.42,69.53,63,57.32,55.63,59.26,61.47,56.58,58.37,66.26,55.16,63.16,61.32,62,64.79,57.58,60.1
61.47,61.36,58.27,63.68,57.37,71.74,57.42,59.95,57.05,53.74,68.68,55.79,59.47,41.26,63.84,62.53,62.47,73.32,64.16,60.71
49.67,54.36,54.53,60.58,57.11,57.79,60.05,58.68,56.95,70.53,54.89,63.21,54.32,61.58,57.95,59.95,62.16,64.68,68.95,59.36
51.67,60.21,53.53,58.21,62.68,58.58,60.58,68.42,58.58,58.47,49.89,52.42,54.68,65.16,58.79,68.37,66.47,59.26,56.26,59.07
53.67,62,67.53,54.26,55.05,74.95,55.79,55.16,62.26,55.26,62.53,67.26,60.05,55.26,56.68,58.74,65.79,56.21,64.58,60.16
68.07,60.86,51.47,59.95,62.26,59.95,69.42,60.95,62.74,63.68,63.58,57.79,64.53,61.63,48.21,57.74,59.58,62.95,66.16,61.13
60.07,61.93,55.07,71.74,62.95,55.42,58.21,55.79,53.21,52.63,70.68,52.84,73.37,55.95,58.68,66.84,62.79,61.47,62.74,60.65
52.47,70.36,59.67,55.79,61.37,63.79,52.05,64.89,61.42,62.68,66.63,58.32,60.95,62.21,61.84,64.16,61.16,64.11,59.26,61.22
68.33,60.93,56.93,66.37,64.47,59.11,49.79,45.84,58.63,61.89,60.11,57.37,57.05,59,50.11,51.21,53.37,62.05,48.95,57.45
57.87,60.71,66.27,66.37,56.32,67.11,55.74,57.68,60.58,66.26,58.16,70.68,69.42,65.21,56.21,48.32,55.37,62,56.84,60.9
56.73,53.86,61.67,70.74,65,62.84,58.11,48.05,58.68,52.32,59.79,61.16,64.37,57.58,62.79,59.58,58.32,61.21,52.95,59.25
63,62.36,47.13,56.05,61.68,55.37,55.58,61.58,59.26,57.89,59.42,60.11,53.21,57,69.05,57.74,55.05,60.37,71.05,59.1
52.47,51.21,70.6,61.26,52.37,68.58,59.42,64.47,58,56.53,62.74,63.05,67.42,58.11,62.05,61.89,59.42,61.37,52.42,60.18
55.4,59.57,47.47,59.05,49.84,66.68,65.26,66.42,61.05,59.58,56.32,58.58,58.68,58.58,62.63,69,54.05,53.95,65.37,59.34
64.8,60.79,59.2,50.74,45.68,59.21,71,58.74,48.63,53.11,56.05,53.21,59.42,62.68,61.37,67.79,56.21,51.68,53.37,57.56
57,65.5,56.13,58.32,61.63,62.74,59.74,59.47,58,68.63,63.11,55.37,51.42,67.68,56.32,63.68,63.95,64.05,56.05,60.46
64.47,60.79,55.07,56.63,58.53,63.58,53.42,54.58,61.37,60.79,58.84,63.58,67.58,69.89,60.95,57.16,60.63,60.42,51,59.96
62.47,63.57,55.8,65.47,53.95,56.68,55.68,62.11,54.53,55.89,55.32,55.89,60.47,48.37,51.79,57.84,60.37,64.37,52.37,57.52
58.93,69.64,58.13,59.84,60.32,59.42,56.58,68.32,63.11,63.42,60.32,56.11,56.21,63.53,60.58,51.63,55,71.79,61.32,60.75
58.8,61,61,60.63,52.21,61.32,56.63,58,63.58,53.63,67.21,64.26,58.16,65.63,71.63,65.47,63.74,51.16,57.21,60.59
70.2,67.64,52.6,51.63,54.47,63.47,55.32,64.74,66.37,61.21,54.84,53.63,59.58,65.89,64.11,63.63,52.95,63.47,62.53,60.44
60.87,55.29,62.8,55.11,52.68,63.74,59.58,51.68,53.47,67.42,56.32,56.95,62.95,51.89,63.21,67.63,65.53,56.84,59.58,59.13
71.6,57.21,53.93,60.05,57.26,64.89,62.11,60.32,60.63,62.74,57,61.16,56.21,58.11,56.47,60.84,60.68,56.84,62.11,60.01
69.13,55.64,56.93,57.21,61.42,55.37,62.37,62.32,62.47,56.79,71.47,58.16,56.05,56.63,56.53,53.11,57.74,51.84,63.16,59.18
63.73,65.71,50,62.74,62.53,60.11,51.16,62.89,60.16,64.16,53.47,54.84,63,52.79,59.63,60.32,59.21,64.63,54.26,59.23
69.8,46.86,69.6,54.47,64.05,61.89,52.84,59,57.37,62.95,51.42,54.95,67.05,52.74,63.05,63.37,58.58,56.47,52.47,58.89
59.47,61.14,66.8,71.74,55.53,53.79,68.74,60.47,62.95,64,60.63,60,61.79,55.74,59.42,58.21,59.84,54.63,65,61.05
57.33,71.29,62.13,59.79,55.58,63.42,50.95,59.63,54.63,62.63,59.74,62.37,49.63,58.68,63.74,68.79,62.84,62.79,67.68,60.72
54.87,54.71,56.93,57.58,55.26,65.53,61.68,64.63,61.58,60.26,59.53,55.32,56.47,60.89,67.63,60.21,58.11,67.32,52.95,59.55
62.07,50.29,57.87,64.95,58,54.84,65,59.26,61.42,64.63,60.05,62.37,56.16,57.68,64.58,65.26,62.79,62.53,63.21,60.68
58.93,61.79,52.47,60.63,57,53.16,58.32,62.47,57.63,64.58,61.53,53,70.26,58.63,56.79,67.84,64.05,53.84,46.32,58.91
47.93,65.14,70.13,58.21,59.11,59.95,59.47,57,63.58,58.32,66.26,57.53,58.79,67.47,57.63,59.05,58.05,58.53,59.68,60.1
62.87,70.79,66.53,56.16,67.84,61.11,62.47,59,55.05,62.74,54.32,61.53,66.89,62.68,56.63,71.63,57.26,59.21,56.47,61.64
59.47,59.07,57.87,62,58.42,57,63.47,65.26,57.63,61.16,62.53,55.68,67.21,62.84,61.11,55.79,49.84,61.32,52.74,59.49
52.93,54.71,59.4,54,67.53,51,53.74,59.26,50.26,57.32,55.47,58.84,62.11,65.95,64.42,59.26,60.37,61.89,56.11,58.14
50.6,65,58.13,42.58,54.32,63.89,62.68,59.58,56.74,53.89,55.21,59.21,50,55.63,60.11,67.68,60.84,55.05,62.26,57.55
54.4,58.29,54.93,53.58,56.26,65.47,52.11,62.26,57.89,54.63,50,61.95,62.42,59.84,54.53,56.74,60.21,57.89,49.21,56.98
56.87,53.43,53.6,63.84,60.37,60.58,62.53,65.32,61.95,61.47,58.89,62,53.47,56.53,61.05,62.16,59.05,61.11,64.95,59.96
58.47,47.86,66.53,53.63,69.53,67.79,61.11,57.26,60.58,60.11,62.32,60.26,54.74,59.68,65.53,57.26,55.58,56.37,57.37,59.58
59.8,64.71,63,59.74,70.32,54.74,62.53,60.37,61.26,56.42,56.42,56.21,56.95,57.74,66.89,59.21,54.68,57.53,57.05,59.77
56.73,65.71,62.67,69.95,64.47,66,66.89,62.63,61.79,55.47,59.42,62.26,60.74,62.74,57.26,52.89,54.42,67.05,55.89,61.32
58.07,66.07,64.87,51.84,50.95,62.53,62.89,64.26,56.16,67.05,62.11,72.79,60.11,55.47,62,58.89,54.63,53.47,54.16,59.91
71.2,53.71,57.8,63.05,63.05,55.84,69.84,62.74,65.32,59.68,58.74,58.89,73,61.47,62.37,54.37,56.37,62.89,50.16,61.08
52.33,57.29,64.8,59.11,56.79,57.53,65.11,59.16,68.79,58.68,61.63,65.68,61.74,60.84,60.84,61.58,63.21,67.32,62.84,61.33
65.4,62.14,67.67,59.32,56.16,63.58,69.74,62.95,60.37,48.11,51.53,66.58,54.37,60.26,62.16,59.84,65.37,67.42,62.21,61.32
56.47,63.5,71.07,62.42,66.68,50.47,67.47,60.53,58.63,57.37,56.74,59.21,56.74,62,51.84,65.74,62.11,59.89,69.68,60.98
49.53,58.07,59.33,51.11,47.26,54,61.89,66.37,47.68,60.53,44.95,66.11,58.79,56.47,54.58,55.21,65.37,67.84,55,56.85
61.73,62.57,60.07,67.63,48.63,58.32,51.63,65.37,49.58,54.05,62.95,55.47,60.95,54.95,67.53,62.53,67.42,57.16,57.89,59.29
67.2,56,63.33,61.89,58.47,67.21,58.26,55.16,59.79,56.26,46.84,61.42,61.63,57.47,62.16,58.16,58.63,59.11,50.47,58.92
59.67,56.79,62.6,52.68,58.21,59.21,56.95,57.47,53.74,54.37,56.11,62.89,68.16,58.26,58.26,60.58,66.89,52.63,65.68,59.01
55.47,67.07,58.73,57.58,62,60.37,56.47,60.32,57.32,59.26,55.79,61.84,70.32,61.05,62.47,66.05,60.68,63,52.26,60.42
59.07,67.79,58.33,62.21,55.84,59.16,58.26,59.58,54.58,60.32,57.68,60.32,59.11,54.89,59.47,59.58,62.05,59.42,63.58,59.54
55.93,65.86,54.27,61.05,49.58,68.05,67.89,56.68,51.84,66.11,51.58,57.58,63.74,59.21,56.95,64.95,58.16,66,53.58,59.42
60.73,58.93,59.27,58.63,49.21,62.95,60.21,62.89,65.53,62.89,69.37,64.95,54.95,60.53,62.68,60.58,50.05,62.95,67.11,60.76
58.33,63.79,59.8,57.63,65.11,59.74,65.16,60.32,58.53,59.63,59.84,64.79,57.89,53.47,56.84,63.42,62.79,60.58,47.47,59.74
59.13,56.43,54.87,51.79,67.68,61.63,55.68,67.26,55.37,60.37,53.05,56.84,62.68,57.21,65.84,54.84,56.89,60.58,58.63,58.78
57.33,63.21,59.87,54.58,59.79,59.05,64.84,54.37,65.63,61.58,62.84,70,63.79,67.21,56.32,54.21,58.63,57.84,65.47,60.87
59.87,69.43,60.8,65.95,54.79,55.53,59.32,63.58,59.63,58.21,55.26,60.89,58.84,68.58,58.63,52.84,55.68,54.32,58,59.48
61.73,71.93,49.07,54.74,60.21,65.58,57.21,60.53,63.89,62.79,69.47,57.58,57.11,67.16,67.79,49.68,53.21,61.26,62.53,60.71
62.53,52.29,65.33,66.84,55.74,55.53,63.42,63.84,58.05,51.37,46.47,42.89,65.37,66.16,60.84,70.21,55.11,63.37,66.63,59.58
75.8,63.07,48.87,63,65.47,53.95,53.32,63.26,50.84,65.63,60.89,63.74,59.26,62.05,48.26,52.47,58,58.79,57.63,59.17
58.07,54.79,60.73,59.63,56.89,54.58,65.58,68.32,56.16,66.26,59.26,60.32,64.95,59.42,66,71.11,57.21,53.16,57,60.5
62,59.57,61.27,56.84,54.68,57.53,55.42,54.89,62.95,52.89,56.47,53.05,65.79,62.16,66,63.89,54.32,53.84,61.32,58.68
54.47,58.5,55.27,51.16,62.84,61.42,60,57.16,57.53,60.63,59.05,63.32,58.95,56.53,60.42,65.42,64.47,63.26,54.84,59.22
64.87,68.14,63.2,54,56.32,61.95,53.89,59.16,57.42,55,58.47,64.58,59.74,61.47,60.95,62.32,76.26,61.95,66.74,61.39
61.53,61.14,58.07,63.84,73.47,64,56.47,56.95,59.42,59.95,65.05,56.95,57.63,59.47,65.26,56.58,61.53,67.74,58,61.21
57.13,55.71,47.73,56.32,64.95,52.63,58.79,52.42,62.74,51.05,54.26,59.26,60.89,57.53,53.68,53.79,54.32,58.95,66.47,56.77
66.2,64.21,65.8,62.37,61.42,66.37,62.05,55,53.63,56.84,53,65.47,50.79,52.79,61.79,63.16,60.53,52.16,54.58,59.38
57.07,57.64,73.27,61.95,60.05,63.16,54.89,60.05,53.95,57.05,55.95,63.89,61.63,53.84,65.89,47.47,78.37,60,57.68,60.2
62.47,59.21,53.47,55.74,55.63,48.84,56.89,57.16,67.68,61.32,60,55.26,52.79,57.63,53.42,54.79,58.63,61,58.84,57.41
55.93,57.86,63.73,58.58,61.53,58.68,61.95,55.26,60.16,45.74,62.74,54,55.95,68.68,53.74,64.21,62.95,57.53,56.95,58.75
58.93,55.36,60.73,49.84,63.79,60.37,67.26,57.11,68.32,57.68,59.47,72.16,50.32,72.53,61.95,55.74,67.37,58.37,62.63,61.05
64.8,52.86,57.13,56.26,52.21,64.47,67.95,58.47,64.58,58.79,63.79,61.58,61.58,56.74,61.37,66.63,59.74,60.42,54.79,60.22
55.27,63.71,54.33,57.16,64.89,63.58,65.89,54.95,61.53,65.42,56.11,55,57.58,64.37,50.63,69.16,59.11,55,66.53,60.01
59.93,56.64,53.8,62.53,60.63,56.37,52.32,51.89,60.95,55.21,67.63,53.37,63.16,59.84,59.42,57.89,66.95,58.47,55.95,58.58
71.07,59.86,66.33,50.42,64.89,59.84,51,57.79,59.37,60.68,62.53,65.05,50.05,53.37,57.47,58.79,54.21,65.89,66.32,59.73
59.53,50.93,57.27,59.26,61.95,54.47,63.58,54.53,66.21,60.11,63.32,59.32,63.32,59.89,53.47,63.11,54.63,49.42,63,58.81
59.67,62.21,61.4,61.11,60.63,53.37,71.05,68.21,56.05,62.63,60.74,65.53,67.05,58.89,61.05,57,61.11,60.63,61.21,61.55
66.2,56.14,57.47,66.05,55.37,54.63,54.63,55.84,53.79,60.11,56.21,56.74,53.79,65.32,70.95,60.84,64.89,52.16,71.11,59.59
66.4,63.86,55.53,54.74,62.26,61.05,62.74,66.37,71.84,60.21,59.47,62.84,57.42,63.95,54.37,64.21,64.26,63.42,55.53,61.6
60.2,72.07,58.8,63.05,60.32,57.11,60,55.37,59.63,68.95,52.95,57.63,58.05,57.32,56.11,62.21,64.26,62.89,45.63,59.61
48.4,66.5,46.13,60,50.89,63.89,64.05,55.16,60.05,59.16,61,55.21,63,60.58,61.53,61,59.32,51.89,53.89,57.98
62.87,56.07,53.87,57.05,55.63,62.47,47.37,56.53,68.79,56.11,57.16,66.42,65.84,63.26,56.84,56.84,56.16,60.53,53.37,58.59
62,47.29,72.73,56.58,60.26,68.63,61,62.16,66.42,54.16,59.68,71.89,61.21,66.05,64.37,63.42,66.42,61.21,59.26,62.36
60,61.36,55,63.95,65,67,67.47,59.89,51.37,74.89,46.42,60,59.74,57.16,63.63,61.84,57.26,62.53,66.95,61.13
54.27,57.71,61.47,62.11,60.11,53.53,61.68,50.84,65.05,66.58,54.58,58.53,62.89,64,64.42,45.53,67.63,58.53,52.32,59.04
51.87,55.71,65.07,52.84,58.47,60.16,50,70.26,59.32,64.26,58.26,53,57.79,65.16,67.79,58.79,65.16,60.95,57.37,59.59
60.67,63.36,54.07,58.05,54.16,51.21,59.32,54.68,58.74,57.79,56.79,47.26,63.68,61.95,62.95,63.79,56.84,61.47,61.47,58.33
61.73,53.36,54.4,54.37,60.16,51.84,58,64.05,55.16,58.42,56.32,54.63,60.42,49.21,58.11,47.47,63.68,62.84,65.84,57.37
57.93,50,44.8,55.79,71.58,59.68,59.21,62.21,47.68,56.68,58.58,57.89,55.21,69.21,55.53,70.32,58.79,59.53,63.53,58.64
69.07,65.86,50.8,68.21,62.68,64.05,58.53,62.63,58.63,62.84,59.21,60.11,68.53,56.11,50.42,62.58,57.37,56.89,58.42,60.68
62.47,62.57,65,58.26,57.32,61.84,53.26,53.37,66.84,57.16,71.11,61.53,61.05,55.32,58.21,64.32,54.84,61.53,67.05,60.69
49.2,59.29,63.6,71.79,52.95,72.26,57.53,61.11,62.42,57.42,53.89,57.89,55,60.79,57.79,57.26,60.79,59.95,58.89,59.46
65.93,62.93,67,61.84,65,55.84,60.47,54.68,63.32,60.16,65.58,54.42,60.63,64.68,55.95,57.84,66.11,65.42,62.16,61.58
50.2,56.93,55.33,57.37,59.53,56.74,65.26,53.11,61.63,66.11,49.32,61.53,61.32,58.37,64.95,58.47,54.53,58.74,57.95,58.28
61.73,64.36,56.33,60.42,51.84,56.89,52.74,56.42,66.05,61.53,54.79,61,66.26,59.74,62.63,63,58.53,59.89,55.79,59.47
56.4,64.71,51.8,58.68,64.42,60.79,57.16,74.16,61.42,61.32,58.68,59.26,60.58,56.95,57,59.68,67.11,53.42,64.11,60.4
54.6,62.36,64.13,56.05,52.68,62.16,63.32,58.47,60.68,56.26,62.32,57.63,55.37,58.89,49.42,58.47,56.32,63.47,64.58,58.8
52.87,70,57.2,64.16,62.21,51.68,59,60,61.53,56.05,60.79,55.68,60.21,64.26,62.16,59.42,51.84,51.42,59.26,58.93
62.13,41.57,66.8,62.16,46.74,57.95,72.05,59.63,62.37,53.05,49.79,60.68,53.68,54.79,60.16,58.26,65.26,64.16,61.74,58.58
57.4,50.07,55.87,60.63,56.16,53.42,58.89,58.26,59.84,62.47,63.58,70.16,70.42,51.84,53.26,68.32,51.21,63.32,54.84,58.95
61.47,55.5,58.53,60.79,58.47,65.79,62.37,58.68,60.05,55.26,48.26,59.63,57,61.37,66.58,55.68,60.58,59.47,56.32,59.04
52.47,60.29,67,55.79,61.58,68.79,59.89,60.05,50.74,55.32,68.58,57.47,66.21,53.89,44.89,64.95,54.74,62.32,64.05,59.42
48.8,68.21,56.2,52.95,51.79,64.32,57.74,59.68,66.47,58.21,54.79,57.89,55.42,60.42,68.79,62.68,63.42,64.42,62.79,59.74
67.73,45.86,62.53,59.74,56.58,57.26,58.32,50.84,62.53,48.32,59.21,69,59.32,56.63,56.89,62.79,51.63,56.53,59.95,57.98
70.33,62.71,56.6,67.05,59.16,64.16,62,56.68,62.21,64.37,73.11,51.53,75.84,62.74,52.32,59.05,64.74,57.95,60.68,62.28
58.73,55.86,46.53,53.95,61.89,55.42,62.89,57.37,55.16,66.58,62.79,58.21,63.79,58.74,57.21,60,60.89,63.16,54.79,58.63
52.2,61.43,64.07,59.32,65.32,59.42,56.74,64.11,47.74,63.68,62.47,62.32,49.26,57.42,61.05,54.95,65.47,63.68,62.26,59.63
61.33,60.79,54.53,54.68,54.74,66.21,61.32,68.53,64.47,59.26,59.95,58.32,56.47,62.16,55.63,55.89,62.79,61.53,59.58,59.9
61.8,52.07,55.67,51.42,59.79,69.42,59.26,54,59.53,54.11,61.21,53.79,58.16,52.26,65.42,69,62,56.37,57.21,58.55
45,61.36,56.47,61.47,57,62.89,50,51.89,54.53,53.84,58.74,47.42,66.74,59.47,63.89,61.42,56.26,66.37,52.11,57.2
59.67,58.07,46.8,66.89,69.89,54.05,56.42,58.05,59.58,64.58,52.37,60.37,64.68,61.63,63.32,66.05,58.11,62.58,60.21,60.18
63.73,55.64,63.27,45.42,59.84,65.21,60.47,58.89,68.37,59.84,53.79,61.84,58,67.79,59.79,60.32,54.16,53.32,58.89,59.4
66.27,64.21,54,63.21,60,60.32,62.05,49.58,54.32,64.58,62.68,62.05,56.21,52,57.16,57.05,58.63,62.21,59.32,59.26
58,62.07,58.53,59.68,59.16,67.47,61.21,58.16,65,55.95,59.53,61.63,63.53,58.79,61.32,59.32,61.32,52.05,65.68,60.44
53.47,64.21,62.2,53.95,60.74,70.84,58.89,55.89,63.74,60.37,59.89,60.26,53.74,64.58,51.89,65.11,61.79,52.16,66.95,60.04
49.87,59.79,54.8,68.79,66.11,59.89,57.32,67.05,61.84,63.21,66.42,58.11,65.26,50.37,59.95,63.53,61.68,63.21,63.05,61.07
54.73,63.14,60.53,56.21,61.37,56.58,60.05,57.11,61.26,68.37,63.95,51.58,61,56.63,61.53,66.63,72.21,54.74,57.37,60.26
53.47,74.71,59.6,54.95,63,56.53,55.84,54.74,54.32,56.47,65,57.16,52.68,60.05,59.26,58.21,59.42,65.95,63.05,59.18
64.53,61.43,63.2,53.74,56.16,57.37,63.05,65.63,55.11,54.84,58.79,68.32,60.05,55.79,65.11,63.89,67.63,53.32,62.84,60.57
58.93,50.86,59.27,58.58,60.79,49.11,66.32,54.26,62.47,60.47,56.42,69.21,53.84,53.84,62.89,47.37,69.16,64.16,60.26,58.85
54.73,68.07,63.6,53.21,58.11,54.26,59.58,55.84,63.05,63.68,59.11,51.89,68.63,56.42,67.26,54.05,55.89,54.84,52.16,58.65
64.2,51.5,58,60.68,71.26,60.21,55.11,55,52.79,52.79,63.84,62.74,59.84,58.68,68.58,66.05,56.58,54.84,63.11,59.78
47.07,58.57,54.6,63.16,46.42,61.21,55.79,56.37,56.89,55.47,60.32,58.63,54.68,60,68.26,57.89,53.21,54.37,58.26,56.9
51.2,54.07,61.13,62.05,57.42,64.16,60.68,61.63,59.47,60.84,62.21,57.84,61.84,55.21,66.11,47.32,62.37,56.89,58.21,58.98
63.67,45.21,61.07,65,58.84,48.05,49.11,56,63.53,57.21,61.11,53.37,61.53,67.21,54.21,56.47,66.53,60.11,67.53,58.72
67.67,70.36,54.93,46,68.58,62.47,60.21,52.11,53.32,54.84,61.11,63.53,64.53,62.63,54.68,62.11,52.11,61.79,60.74,59.67
62.13,55.21,65.33,52.47,60,61.63,55.11,53.53,62.11,62.68,54.05,62.74,72,70.74,59.21,60.58,55.79,51.26,52.95,59.45
61.67,50.36,63.4,57.47,59.26,59.05,65.58,59.89,52.63,60.68,57.58,61.16,57.37,59.58,57.95,63.79,64.11,49.11,54.53,58.69
55.53,62.36,66,59.74,49.63,61.74,61.68,58.37,63.21,64.32,60.68,62.74,65.84,57,51.47,62.37,60.79,59.26,64.74,60.39
71.27,51.29,64.87,55.79,66.32,58.16,52.84,54.58,66.84,56.63,50.37,59.53,62.63,64.11,59.58,52.42,66.32,61,62.42,59.84
55.4,60.21,50.67,59.58,64.21,50.68,65.79,52.26,54.32,67.84,53.16,51.74,52.68,61.16,58.16,58,57.74,56.26,59.16,57.32
56.4,67.71,66.67,65.26,53.16,55.26,58.74,62.32,56.26,68.42,58.32,64.63,52.47,60.37,59.21,59,58.21,59.68,48.47,59.5
62,47.14,47.07,66.05,53.74,66.74,63.11,59.11,60.21,64.84,71.84,63.47,65.42,59,57.84,54.74,64.89,46,71.05,60.22
56.67,64.79,59.53,66.47,61.32,54.89,52.16,58.05,47.58,49.58,69.21,55.79,55.37,54.79,60.42,67.84,60.68,63,66.11,59.17
51.73,66.21,50.47,57.95,55.53,52,50.11,67.32,57.47,63.68,58.63,60.42,46.53,71.53,55,59.89,66.84,57,63.21,58.5
66.33,58.14,56.47,62.95,57.63,65,63.84,61.63,60.21,61.79,63.37,63.84,65.84,51.89,60.11,63.47,53.47,64.47,61.89,61.18
63.73,51.14,61.87,54.53,68.21,49.42,54.53,51.53,66.42,51.11,59,54.63,62,61.68,59.11,42.32,63.21,48.21,60.32,57
53.47,55.79,69.4,59.32,60.05,59.68,64.47,54.42,45.11,58.21,67.68,58.32,66.63,56.21,55.05,62.16,67.63,63.42,53.42,59.5
63.2,65.43,61,54.47,58.58,63.79,59.26,53.58,60.42,71.37,56.95,57.95,51.05,62.53,63.63,53.16,62.89,50.11,58.89,59.38
71.47,50.5,56.07,72.89,62.16,58.47,54.68,65.37,54.63,65.79,57.26,58.21,59.53,66.63,59.74,56.37,55.53,60.89,62.63,60.46
53.53,51.57,59.53,64.95,61.16,57.89,60.47,65.32,60.68,61.74,59.37,53.16,53.63,61.11,69.42,57.42,61.42,68.58,53.47,59.71
53.73,51.5,57.73,65.89,59.74,59,59.05,65.74,56.16,61.21,61.11,64.53,57.11,61.05,63.53,57.68,53,55.84,62.05,59.24
66.87,49.07,53.4,52.95,69.79,55.63,63,62.68,63.84,67.63,59.32,50.79,52.47,58.42,58.16,59.58,59.32,62.47,64.47,59.47
57.4,62.71,59.73,63.42,54.68,61.63,66.11,68.42,62.05,60.42,58.16,58.63,59.84,50.16,63.16,55.05,49.68,68.58,58.32,59.9
47.73,60.79,58,64.68,60.79,53.84,55.21,48.42,64.53,66.16,50.53,52.84,66.95,52.47,60.26,68.42,58.95,55.05,66.21,58.52
61,62.86,63.8,63.16,47.05,50.37,60.68,60,51.47,58.21,63.26,58.47,60.58,61.68,46.42,66.89,56.84,48.32,68.32,58.39
58.13,48.71,59.67,63.16,49.58,55.05,53.84,62.58,55.63,57.37,55.68,61.11,56.74,61.05,57,61.26,62.16,62.68,69.79,58.48
55.07,59.36,65.67,61.63,55.26,57.53,63.26,55.79,54.05,52.68,53.53,60.53,50.05,55.37,59.47,62.95,57.63,66.26,57.58,58.09
52.6,49.64,66.8,62.95,53.11,63.58,54.84,70.89,56.58,59.26,62.63,65.16,60.05,59.68,57.16,63,64.21,56.74,59.84,59.93
74.27,54.5,61.07,58,61.42,62.05,59.26,49.89,63.16,53.84,57.42,60.37,56.53,59.32,60.95,61.89,61.47,53.47,66.84,59.78
61.53,52.79,51.8,67.68,63.16,58.05,56.68,63.16,55.58,53.16,51.95,53.53,60.05,67.95,61.21,64.47,59.26,61,64.74,59.36
68.4,47.36,59.6,71.26,64.26,45.21,64.32,62.95,70.84,51.42,55.63,63.89,72.16,53.79,70.89,56.53,61.89,59.05,57.11,60.87
66.27,44.14,63.33,55.05,73.47,62,63.95,47.16,55.37,55.95,63.95,55.16,57.95,50.32,54.53,57.47,52.89,63.58,52.58,57.64
62.8,57.71,45.2,65.63,54.47,57.63,57.37,56,60.89,59.79,59.84,71.42,54.84,60.79,52.26,58.84,67.11,63.21,68.32,59.69
56.4,65.86,72.07,53.63,64.11,59.42,60.47,62.16,53.16,49.11,58.47,55.53,59.53,67.79,56.32,55.79,64.26,58.58,64.26,59.84
56,55.14,56.13,54.74,58.58,66.68,61.89,57.89,53.58,53.74,56.47,64.63,60.26,50.11,51.79,58.79,63.11,56.74,51.84,57.27
56.53,49.36,58.07,62.63,45.05,57.26,50.58,55.68,60.21,62.63,62.84,59.37,56.47,58.84,62.95,57.53,50.58,64.26,62.21,57.53
52.93,45.43,60.2,58.42,64.84,60.68,60.16,50.89,55.42,52.74,52.53,63.58,66.89,63.74,61.32,55.89,50.89,71.84,60.68,58.37
47.47,64.93,61.07,69.11,65.11,64.37,63.63,65.05,64.79,59.16,64.53,61.58,57.16,62.89,64.58,46.47,60.68,65.79,58.11,61.39
56.87,52.57,55.27,54.26,66.58,63.79,68.26,69.42,55.42,47.26,56.63,54.58,53.37,60.16,63.63,66.74,62.63,59.26,60.11,59.31
61,59.93,63.27,56.05,63.32,61.58,63.21,61.74,52.21,66.16,57.95,64.89,52.95,69.79,63.42,60.95,57.32,61.05,58.37,60.8
65.93,66,55.8,67.42,51.58,59.05,59.95,62.53,62.79,64.74,56.74,63.89,60.74,66.42,54.21,58.89,61.84,50.79,57.21,60.34
50.47,65.57,60.93,64.47,63.84,68.11,61.42,62.47,47.11,55.79,61.58,63.37,58.37,52.84,60.58,53.84,59.11,52.53,71.63,59.69
58.93,57.07,49.93,64.42,62.53,51,61.95,54.63,60.26,51.74,60.63,59.11,50.84,50.47,57.47,59.47,63.89,69.79,60.58,58.14
65.4,56.43,52.87,61.79,49.63,56,57,65.95,50.79,69.37,56.58,55.79,60.16,55.16,64.84,59.58,55.47,57,54.32,58.11
59.27,61.43,58.93,70.11,50.42,51.79,55.53,66.32,51.63,62.47,55.26,59.79,54.74,52.68,61.16,63.89,61.05,49.53,60.11,58.22
48.87,46.29,59.33,59.63,53.84,58.11,55,57.26,65.11,58.58,60.79,51.26,59.37,56.53,62.47,57.63,63.74,49.95,65,57.3
64.33,54.14,55,67.26,65.05,57.53,59.37,50.37,56.21,56,57,63.05,60.79,56.68,55.32,61.89,70.58,54.16,55.89,58.98
63.53,63.86,57.07,52.05,58.42,60.37,64.26,64.58,59.74,60.58,58.11,62.95,62.53,64.16,54.05,60.84,61.79,57.53,59.21,60.3
69,58.14,63.07,56.16,63.53,60.74,69.89,60,55.68,50.63,64.47,61.37,60.37,68.84,56.16,72.79,62.47,64.21,67,62.34
59,56.36,59.27,47.53,61,67.21,57.74,59.53,66.37,54.21,57.74,54.21,70.47,60.58,50.58,59.89,56.79,59.05,53.16,58.46
62.93,72,60.4,65.05,58,61.26,60.53,57.95,53.11,60,54.79,66.42,49.74,58.26,67.58,56.68,54.32,59.95,57.58,59.82
68.53,51.71,57.47,62.42,60.47,59,58.42,55.95,56,57.95,64.42,52.58,63.84,52.37,64.53,62,53.37,65.11,60.16,59.28
62.87,62.86,57.47,61.79,56.47,47.58,63.11,63.84,60.42,59.68,62.63,59.95,62.68,59.42,49.26,59.79,62.16,54.58,59.26,59.25
53.73,61.36,57.27,67.79,59.74,63.16,67.42,51.53,56.79,58.21,51.47,54.37,48.11,55.89,52.11,59.21,61.58,59.37,63.37,58.02
50,52.07,56.8,59.47,57.68,60.37,61.84,65.74,51.37,58.89,51.11,55.79,58.05,67.74,53.37,54.89,50.11,71.42,54.47,57.43
60.53,65.21,65.07,61.05,63.68,67.68,52.89,55.89,61.21,63,56.47,57.32,60.53,59.37,53.53,60.42,69.68,52.63,61.47,60.4
55.4,59.21,60.4,56.84,59.37,57.84,50.89,56.63,59.89,57.42,61.89,57.89,55.53,53,70.42,63.89,57.74,58.95,61,58.64
56.53,55.5,58.93,54.37,60.53,62.53,61.37,53.95,61.11,47.68,59.37,62,66.95,64.89,60.89,66.16,63.84,58.42,62.58,59.87
48.27,60.93,53.47,58.53,55,56.21,63.05,57.84,57.84,61.74,61.05,56.21,57.53,51.21,58.11,53.95,53.05,63.16,58.95,57.16
62.07,66.93,54.73,59.21,56.47,52.05,66.26,57.32,62.26,61.79,49.53,61.21,68.21,55.16,58.58,61.84,53.89,60.21,64.16,59.57
49,56.71,72.2,60.79,58.26,65.68,57.95,59.74,59.53,56.42,53.42,64.37,58,51.21,50.68,64.74,54.05,75.11,63.84,59.56
57.6,59.71,54.4,51.74,60.37,59.68,62.79,63.68,56.79,60.26,47.74,52.74,55.47,58.63,66.53,58.42,55,58.11,56.21,57.68
65.67,66.36,62.6,50.58,48.79,62.53,63.63,61.05,62.32,59.32,64.37,59.79,62,58.32,66.53,66.21,59.79,65.58,64.21,61.56
60,64.57,57.87,64.37,56.37,53.42,50,48.53,60.42,63.05,53.74,58.58,58.63,61.74,54.63,63.16,54.05,66.68,60.47,58.44
56.47,53.43,57.67,62.42,56.68,51.21,66.32,58.68,59.37,63,61.21,60.47,48.68,54.21,56.16,58.16,57.26,68.68,57.89,58.31
56.13,52.36,53.93,53.58,60.37,61.74,50,57.37,53.89,63.21,56.37,64.53,56.26,64.89,55.21,60.74,69.63,57.53,55.63,58.07
51.13,63.21,64.67,67.21,68.47,51.42,65.89,64.84,52.32,68.26,53.53,63.47,59.58,56.32,58.37,62.84,67.42,61.37,53.26,60.72
61.27,57.5,57.8,59.84,61.53,41.16,50.37,59.95,62.74,59.95,64.32,63.47,61,52.58,64.74,59.21,53.84,48.47,60.47,57.91
59.87,48.21,57.67,59.26,61.37,62.68,49.89,58.42,58.53,54.37,55.47,61,55.74,55.42,56.05,67.74,62.47,55.53,55.16,57.62
57.6,47.71,65.2,60.68,71.53,59.95,60.32,47.95,58.16,58.11,45.84,62.11,59.11,52.68,56.95,59.95,62.53,65.11,63.79,58.7
65,60.93,63.67,54.16,61.16,60.42,68.74,55.95,53.05,70.37,65.21,55.47,53.95,49.47,60.95,61.58,65,63.53,58.74,60.39
54.93,68.71,61.27,55.42,55,60.21,53.37,63.47,57.63,53.47,52.68,53.89,53.89,65.58,51.74,57.68,52.68,56.37,65.21,57.54
55.87,54.79,61.27,70.58,49.74,62.26,67.21,51.68,58.21,56.74,57.53,61.11,66.79,64.79,53.58,52.84,67.26,59.53,55.16,59.31
59.93,48.21,56.07,58.47,52.79,59.16,57.84,60.79,53.84,53.89,61.84,59.89,62.79,50.26,64.47,67.79,63.47,68.11,54.84,58.66
66.73,50.07,54.27,62.26,57.74,72.58,58.47,54.05,54.32,57.37,66.11,48.68,58.79,71.58,63.32,64.21,63.89,49.95,47.95,59.07
59.93,56.29,52.2,40.95,52.84,61.21,52.26,65.47,54.74,68.84,46.95,70.16,65.53,55.16,50.11,56.84,56.63,59.47,58.95,57.08
59,55.71,65.4,50.63,59.47,62,56.11,46.95,62.26,56.53,60.79,61.37,51.74,68.58,58.47,66.89,57.68,57.84,47.63,58.16
56.4,55.57,54.2,60.58,55.84,52.63,61.58,58,57.68,59.84,63.26,64.58,50.37,62.37,61.11,66.26,64.68,45.16,51.84,58
73.87,69.14,57.73,56,60.53,50.95,61.21,59.95,63.79,57.58,59.68,65.95,52.58,58.16,51.11,58.68,56.53,58.32,56.26,59.37
61.87,51.57,57.2,54.79,51.47,60.16,52.63,58.21,45.68,59.63,52.42,61.95,58.53,62.63,64.79,65.95,63.74,60.32,58.26,57.99
58.93,50.14,71.33,52.05,55.89,66.16,58.79,68.74,59.79,68.42,59.42,60.89,55.53,61.58,61.21,62.47,62.84,61.79,58.89,60.78
59.07,53.71,59.13,57.21,57.32,62.53,63.63,65.95,65.05,46.11,54.32,52.68,58.21,53.37,58.32,70.21,60.11,54.42,59.32,58.46
71.4,54.21,50.4,69,68.63,55.32,59.26,71.21,65.21,52.68,61.32,58.47,63.16,57.68,55.79,67.63,62.58,47.53,64.79,60.86
54.13,63.43,60.4,68.58,60.37,56.16,68.95,55.84,54.89,65.32,60.05,58.05,56.32,50.79,58.11,64.37,54.11,55.63,57.21,59.09
64.2,58.29,56.67,65.11,64.74,62.79,63.05,61.05,65.21,54.37,53.05,56.63,60,59.74,63.11,56.42,64.37,61.79,54.53,60.27
56.67,60.5,54.2,58.79,63.74,60.68,63.74,65.63,59.89,56.74,63.16,62.26,66.05,64.37,56.84,61.84,49.95,56.68,62.42,60.22
49.6,48.29,66.2,54.68,60.53,58.32,55.16,52.68,61.74,60.74,54.37,61.16,60.16,56.74,53.68,65.58,62.95,58.47,57.37,57.81
55.53,69.21,53.6,65.32,57.74,50.58,66.42,48.89,56.47,58.42,57.47,60.68,57.58,64.21,59.37,60.95,55.05,58.05,62.05,58.82
56.4,72.93,52.53,48.84,62.68,61.63,57.32,58.84,60.63,55.37,52.42,53.32,70.58,57.74,60,62.58,67.68,58.37,55.47,59.23
58.6,57.71,60.53,68.37,56.89,57.16,56.32,60.21,54.58,54.89,66.47,56.74,61.68,56.37,51.79,54.63,64.84,56.05,51.58,58.18
55.53,65.36,46.27,70.37,52.47,68.58,59.68,57.26,63.95,52.05,57.37,60.16,55,51.58,56.42,58.95,62.95,62.74,66.53,59.12
56,60.14,60.47,62.26,60.79,53.74,65.63,57.11,59.68,59.74,58.63,54.63,54.53,67.89,59.84,62.32,60.58,48.42,59.37,59.04
62.07,63.57,53.67,55.68,54.32,60.89,60.84,61.05,62.89,69.63,64.84,64.21,55.89,54.47,58.95,58.37,66.37,68.89,61.53,60.96
55.67,46.93,56.33,55.11,53.68,51.37,60.74,60,47.32,63.58,63.95,55.21,54.74,63.84,50.42,53.16,54,54.58,67,56.19
62.8,52.57,43.6,46.84,64.58,58.89,59.79,55.53,59.05,62.68,62.32,54.47,59.32,62.68,66.74,58.26,57.16,59.32,63.47,58.43
55.73,48.43,60.87,62.79,60.53,55.26,58.84,48.58,53.11,56.89,54.26,64.32,62.37,65.68,60.42,57.21,55.21,56.53,55.47,57.5
56.67,60,65.4,57.26,55.79,62.21,68.95,58,60.63,55,51.11,59.11,56.16,69.16,63.21,65.63,53.42,64.47,60.68,60.15
66,55.07,63.2,59.95,58,56.47,54.53,58.89,55.26,51.05,51.11,65.47,61.05,65.32,56.58,62.11,63.53,58,61.05,59.09
68.47,60.86,61.87,53.42,66.32,63.84,56.68,54.63,61.32,57.16,53.89,66,57.84,64.37,65.68,58.89,62.16,69.58,64.11,61.43
56,55.93,65.4,57,56.58,55.84,51.84,65.42,64.11,62.32,60.63,58.16,54.84,54.95,48.84,65.42,57.37,55.89,56.42,58.05
67.93,55.93,72.6,63.26,69.74,54.58,63.11,55.16,67.53,45.79,57.84,60.21,56.95,52.63,47.74,65.63,59.63,59.95,63.89,60
58.6,58.36,55.6,45.79,64.79,61.84,60.42,61.53,57.53,57.68,51.11,56.47,60.84,54.89,61.84,61.58,50.84,57.11,52.21,57.32
58.93,64,62,64.16,63.79,57.32,62.63,60.26,60.68,63.26,64,58.21,62.68,56.95,60.05,54.79,43.74,63.68,61,60.11
57.13,59,60,55.21,48.53,62.53,58.74,56,60.21,66.11,63.42,53.79,55.74,48.89,56.53,62.26,61.58,59.58,66.37,58.51
55.07,52.21,63.8,54.05,51.32,56.05,54.26,64.47,63.47,59.53,56.84,63.84,62.53,55.95,66.42,50.74,54.11,67.53,63.21,58.71
64.47,51,59.33,59.53,58.26,56.21,52.79,61.05,60.16,56.68,59.95,61.58,60.58,46.58,70.16,58,58,58.95,53.84,58.27
58.87,43.07,61.07,57.74,52.95,61.11,51.79,69.32,55.47,58,58.32,66.84,57.95,61.42,53.16,64.11,61.11,62.58,61.11,58.73
47.13,57.79,60.2,58.32,63.68,63.05,64.63,61.89,48.68,61.47,67.84,52.63,49.95,68.26,51.95,55.63,69.32,63.63,60.89,59.31
65.93,65.07,57.07,63.63,58.68,57.05,61.63,57.16,66.74,61.95,57.21,65.26,61.42,55.95,55.68,63.95,62.63,63.95,56,60.89
62.6,62.5,60.2,59.05,62.79,61.84,62.53,54.84,68.95,56.47,61.42,52.11,62.05,59.53,55.95,54.16,60.63,57.95,57.58,59.64
64.87,59.07,66.87,52.68,56.37,58.47,65.68,58.79,63.84,58.58,61.42,56,49.89,62.58,64.89,56.58,60.53,63.79,51.58,59.6
53.4,51.36,60.47,65.42,67.42,63.84,59.11,59.47,53.74,57.11,65,55.84,60.58,67.16,64.53,53.74,68.58,55.63,59.95,60.12
55.27,59.29,58.67,55.16,57.16,63.21,67.95,62.05,53.42,55.79,59.74,53.16,67.89,55.16,59.74,69.16,50.37,56.11,58.74,58.84
59.4,57.79,66.07,56.89,57.58,62.89,53,51.26,64.89,60.74,55.95,73.26,55.89,59.89,66.21,56.63,54.58,53.32,65.89,59.59
67.6,64.43,55.6,57.79,69.68,61.32,53.47,56.89,63.37,63.11,55.26,62.63,57.05,61.89,68.21,58.21,63.58,60.21,59.58,61.05
59.27,59.07,52.47,58.84,56.53,60.05,65.58,54.84,59.79,50.79,54.32,59.89,61.47,60.68,65.63,63.37,60.21,55.58,57.68,58.74
56.47,57.21,53.27,54.32,58.89,44.11,61.42,58.53,52.11,57.47,55.32,54.05,58.05,61.37,51.74,55.89,53.79,63.47,61.74,56.27
56.33,58.07,66,65.63,51.26,66.26,60.37,63.47,57.21,55.63,60.84,55.37,61.84,53.95,61.26,60.05,59.89,51.74,48.74,58.63
61,52.21,58.67,64.26,59.95,66.05,58.42,58.63,58.47,55.32,58.89,66.68,67.37,53.58,65.37,57.26,50.58,56.05,58.16,59.31
61.13,60.36,55.67,58.26,55.89,62.53,64,65.42,53.47,60.95,63.42,58.21,60.58,62.16,58.84,54.42,63.95,66.32,65.95,60.61
62.93,55.71,54.73,55.11,62.58,58.26,55.89,64.26,57.84,61.79,53.74,53.05,61,56.47,53.68,59.68,59.74,61.95,59.63,58.32
51.87,59.64,66.2,64.32,51.74,53.58,52.11,61.74,55.47,53.74,62.79,58.37,66.26,61.16,60.84,62.47,53.58,64.68,51.79,58.54
59.2,67.43,58.47,69.21,55.32,63.11,64.58,61.47,56.95,63.68,58.68,68.63,58.58,54.95,69.32,59.37,55.05,61.42,63.47,61.52
58.8,64.57,71.33,54.95,52.11,69.74,55.42,59.74,63.79,60.42,58.32,57.37,65,66.89,51.84,53.47,56.37,69.26,65.53,60.79
48.2,59.57,55.8,63.42,66.21,63.95,56.21,65.74,72.84,63.58,51,53.95,65.63,63.42,72.53,50.63,62.26,63.63,58.37,60.89
54.73,68,64.8,61.84,67.74,60.84,65.37,55.95,65.32,54.68,64.32,60.74,55.68,56.95,65.58,64.89,59.68,52.21,61.21,61.08
66.47,59.79,59.73,55.79,60.26,55.11,50.26,50.37,64.26,61.63,59.58,63.74,64.05,59.11,60.79,58.32,56.95,56.95,68.95,59.58
59.6,55.14,70.53,53.79,56.26,53.79,54.16,48.42,54.42,61.42,55.47,54.58,64.32,56.16,65.26,68.42,61.42,62.26,58.74,58.64
56.73,58.71,49.93,61.47,57.05,61.26,57.21,61.79,61.05,62.53,63.79,62.68,63.63,59.84,53.58,63.84,60.68,57.95,67.26,60.05
60.07,48.79,64.2,69.37,62.16,58.16,61.95,55,55.63,61.21,65.58,61.95,68.32,54.05,69.05,58.16,58.26,55.74,54.53,60.11
66.93,53.79,63.6,48.84,65.47,62.21,56.84,65.21,53.11,56.79,58.05,56.47,52.79,50.32,51.11,54.68,62.79,58.89,61.47,57.86
62.87,62,58.53,57,52.05,56.68,56.84,61.63,61.63,56.32,61.79,64.53,58.21,62.63,63.42,57.58,59.68,63.63,57.68,59.72
57.73,57.14,59.53,56.11,53.26,57.68,59.89,58.21,57.63,62.84,49.05,58.79,56.79,59.47,57.32,56.05,66,52.47,63.89,57.89
59.27,51.71,51.47,63.84,57.21,53.26,53.84,63.74,59.58,61.37,63.79,53.89,56.68,58.21,67.21,60.63,68.21,55.21,52.79,58.52
60.4,57.71,61.67,65.63,58.63,57,65.79,62.11,57.32,55.05,64.53,57.42,66.53,61.05,55.32,70.89,59.47,59.37,55.11,60.58
55.47,64.5,64.6,62.53,50.63,69.79,55.95,57.26,45,58.37,55.79,54.53,59.47,63.37,52.84,67.05,59.37,60.05,60.68,58.8
65.27,54.79,61.93,61.47,63.21,60.37,64.26,57.53,67.16,56.37,69.05,52.11,62.11,52.63,55.89,50.95,66.79,49.16,59.16,59.48
53.33,65.79,60.53,60.63,56.26,53.58,59.89,56.47,59.42,61.74,55.89,64.74,58.58,50.63,58.68,61.79,63.58,57.89,51.42,58.47
65.67,54.71,58.13,59.89,74.58,60.63,57.84,67.53,63.37,51.68,51.79,58.37,55.53,62.11,65.37,52.63,44.32,58.37,60.16,59.09
59.73,50.79,70.07,60.47,55.53,53.47,48.63,60.32,54,58.84,59.74,54.53,58.89,55.74,58.79,55.53,56.63,70.16,66.05,58.31
58.27,67.29,64.4,58.47,63.21,60.26,51.16,50.63,60.47,53,58.68,57.21,52.21,62.84,57.58,59.53,57.37,58.74,59.26,58.45
60.8,60.93,59.6,63.53,57.16,58.68,65.84,63.16,71.58,63.58,56.11,54.26,60.84,53.05,55.58,56.42,54.05,58.95,59.58,59.67
54.27,63.79,63.87,59,61.95,58.89,66.26,57.89,54.95,48.47,60.79,64.89,64.42,61,60.79,53.63,64.16,49.32,65.58,59.68
55.13,50.5,55.4,51,61.37,54.79,59.84,52.58,58.68,60.95,60.47,66.79,55.95,47.53,61.26,60.16,56.37,63.53,63.63,57.68
61.67,63.21,48.47,52.89,58.68,64.37,65.47,54.95,55.68,57.74,65.42,58.47,51.84,59,62.58,58.26,65,58.84,54.16,58.77
71.73,57,62.67,56.84,60.95,53.84,66.63,61.89,68.95,57.74,48.05,60.79,63.53,61.68,67.89,57.26,60.89,66.11,47.95,60.65
54.73,57.14,58.6,61.26,53.58,64.63,65,61.89,66.11,57.58,54.42,62.42,58.37,63.32,48.84,53.32,52.37,54.58,57.79,58.21
52.47,55.36,63.27,69.53,65.47,63.32,62.42,60.79,64.74,51.74,53.47,58.42,62.74,53.68,61.05,68.11,59.89,58.37,52.89,59.88
52.2,64.5,59.8,49.58,59.79,67.16,65.42,66.89,61.21,52.21,59.89,61.42,63.11,59,62.58,56.89,59.68,64.84,54.89,60.06
45,55.57,54.07,61.58,52.74,56.37,56.16,57.26,65.21,66.16,66.42,66.84,59.63,61.21,50.68,63.11,63.53,68.63,58.63,59.41
60.47,63.86,60.87,57.11,60,55.05,58.47,67.32,64.53,58.89,63.68,65.79,58.84,68.58,55.42,57.79,57.26,60.05,58.68,60.67
51.6,62.79,59.53,63.42,54.42,53.42,58.68,50.26,71.37,61.58,58.84,59.37,66.11,58.16,56.79,65.68,65.37,71.11,63.11,60.61
57.33,60.29,51.4,55,65.68,58.84,55.21,58.84,57.89,59.37,53.53,62,59.53,51.11,51.47,63.79,62.21,54.89,69.37,58.3
60.33,65,59.8,60.47,58.68,64.21,60,58.21,63.26,54.68,59.95,58.95,55.47,68.32,56.26,65.68,59.79,62.63,62.26,60.74
58.2,70.93,63.33,58.37,60.53,67.05,50.84,66.74,56.53,47.37,61.05,55.37,68.63,68.58,59.58,72.37,59.58,54.68,59.21,61
54.53,66.21,60.47,58.16,56.26,60.11,61.79,66.42,46.95,57.95,63.68,60.21,62.58,60.47,58.53,63.58,63.95,64.63,59.89,60.34
49,71.86,59.27,52.68,69.58,62.74,57.84,59.42,52.37,53.79,64.26,57.74,63.16,55.95,64.16,69,61.26,62.68,64.37,60.59
60.87,62.71,61.47,54.53,45.42,61.74,71.05,59.68,56.89,59.32,59.63,64.74,57.95,53.11,56.74,54.68,63.79,61.84,69.47,59.77
58.73,55,62.93,59.89,61.47,56.16,47.37,60.84,60.58,56.37,61.84,50.42,63.79,56.21,63.68,58.68,60.68,57.63,53.47,58.2
61.2,54.86,57.07,65.84,60.95,57,56.84,59.95,56.63,52.68,46.11,68.26,68.84,57.26,56.16,63.79,57.95,55.58,59.84,58.78
72.07,55,58.73,52.26,61.58,63.84,59.42,45.21,64.32,59.68,61.16,58.16,59.89,59.47,59.84,67.21,65.89,67.32,56.95,60.42
56.6,66.5,70.93,66.79,58.21,50.89,61.11,58.89,53.63,56.68,58.63,67.11,51.37,55.58,56.26,57.37,55.74,65.16,53.53,59
66.07,58.14,59.13,60.68,70.16,69.63,65.74,64.79,63.84,58.53,69.42,53.37,54.05,56,59.53,62.47,49,57.84,62.37,61.09
51.4,65.86,68.2,65.63,52.47,53.95,62.89,57.32,69,57.32,56.58,61.26,43.89,63.16,63.32,59.84,54.37,67.74,54.74,59.42
52.33,60.79,64.47,51.11,65.47,57.84,65.21,63.53,64.05,56,59.74,55.26,60.21,71.21,57.95,60.21,55.63,59.21,61.79,60.11
50,62.43,66.27,57.89,61.16,50.32,69.47,61.89,66.26,58.58,68.95,65.42,55.68,68.68,55.58,63.16,59.37,62.58,59.37,61.21
62.07,47.07,67.93,52.95,54.37,64.42,58,62.11,64.11,68.68,58.32,62.47,60.37,55.47,59.58,63.68,65.37,55,73.53,60.82
58.6,67.07,49.8,75.89,62.84,59.63,48.21,65.63,54.21,59.32,53.68,54.21,64.63,56.68,60.47,64.95,60.47,61.32,64.47,60.11
55.53,52.43,56.2,65.11,56.74,60.79,56.11,62.79,63.32,52.63,70.89,56.79,61.68,58,54.26,57.26,53.37,61.68,68.74,59.17
53.8,65.64,59.87,60.16,60.37,59.05,74.05,64,52.89,54.84,57.16,64.11,60,60.74,69.05,57.84,52.84,51.63,62.53,60.03
67.33,62.64,57.13,56.32,67.84,58.74,58.05,74.37,54.42,58.63,63.68,61.53,61.74,53.32,62.42,67.89,70.37,65,64.58,62.42
63,61.57,67.8,61.32,55.58,54.47,60.53,68.63,64.53,61.89,58.58,57.21,56.58,61.95,53.89,60.05,59.89,60.63,65.74,60.73
61.33,50.79,60.33,64.32,53.89,62.37,61.26,67.16,57.42,49.84,59.32,60.84,60.95,61.16,56.53,57.63,64.42,57.21,61.89,59.4
57,62.93,54.87,56.11,61.37,67.21,59.37,56.21,58.84,55.89,56.42,58.37,61.16,60.47,57.84,51.47,65,62,59.89,59.08
60.93,57.14,44.4,61.05,47.95,61.53,54.68,58.47,66,61.16,52.26,62.89,59.42,61.26,69.68,52.58,52.74,61.84,55.95,58
61.2,55.36,72,56.26,51.89,69.05,63.05,60.74,67.26,50.95,64.21,60.95,66.58,49.21,60,52.53,60.84,61.89,61.37,60.28
53.47,62.93,55.73,56,60.42,56.95,47.47,54.05,59.58,57.95,61.53,61.42,62.95,58.37,61.95,64.11,57.37,58.37,57.63,58.33
67.2,63.14,65.6,59.32,61.37,57.53,60.79,71.84,57.21,56.16,63.42,58.05,59.26,63.68,64.21,61.79,49.68,62.11,64.37,61.41
54.13,59.14,49.6,62.58,45.26,62,65,62.63,59.89,54.32,61.11,60.58,65.84,64.79,64.47,54,52.95,61.42,63.53,59.12
61.8,66.5,59.73,56.47,63,59.84,65.58,64.47,55.89,55.05,59.26,58.58,57.47,59.84,59.16,68.11,65.26,62.11,60.21,60.97
71.67,47.29,55.93,58.63,63.42,62.74,67.11,59.26,56.26,57.26,58.05,53,52,62.26,66.32,55.95,57.53,66.95,62,59.66
60.87,63.93,63.2,60.11,59.21,68.63,63.47,56.95,48.79,65.42,66.53,59.26,60.84,62.11,61.47,55.05,56.05,46.47,57.53,59.78
56.27,45.29,66.33,51.05,59.21,53.84,59.95,62.68,55.58,61.53,62.89,55.26,60.89,62.32,57,66.58,66.84,63.05,63.32,59.47
56.93,50.07,62.6,64.42,61.42,51.74,57,66.95,52.26,57.79,68.53,65,71.05,56.68,59.37,68.53,67.74,57.11,63.68,60.99
53,55.57,55.07,54,58.53,54.84,60.58,65.89,59,63.89,66.11,60.84,65.26,62.79,64.47,65.95,55.63,60.74,54.95,59.85
55.93,58.64,59.4,62.16,58.53,64.11,65,67.89,55.42,60.95,61.37,65.16,55.89,53.37,55.68,64.58,56.95,65.26,52.53,59.94
55.67,63.21,47.87,61.53,70.74,57.68,53.95,64.32,54.74,62.42,59.53,62.47,60.05,56.42,63.63,66.32,63.05,67.37,55.89,60.36
61.93,74.29,58.4,56.42,58.74,44.42,67.26,67.95,52.37,58,52.37,48.16,60.37,62.21,64.42,56.89,60.89,54.37,58.74,58.85
64.33,60.36,64.6,57.53,64.47,58.11,63.26,55.84,62.26,58.32,59.68,57.89,57,63,60.89,67.79,61.58,61.74,53.58,60.64
68.53,69.86,61.53,52.58,65.42,49.05,62,60.84,61.79,62.37,59.21,64.37,53.58,60,56.21,62.37,59.89,42.05,60.58,59.59
58.33,71.43,64.07,58.63,60.42,58.95,56.37,60.05,60.79,59.58,64,55.58,54.42,64.63,47.84,66.53,59.58,60.42,59.37,60.05
63.47,50.5,65.13,59.21,47.89,54.21,68.63,56.21,61.58,69.53,52.32,61.89,61.37,58.05,63.05,48.89,56.37,61.16,63.95,59.13
62.13,63,68.8,57.68,62.16,51.79,61.58,66.47,48.16,58.37,57.42,60.63,61.84,59.84,66.16,62.32,54.47,61.89,61.68,60.34
61.67,56.57,62.47,59.79,60.84,58.42,63.05,59.26,62.84,60.16,57.79,57.63,55.95,62.26,48.74,65.11,70.26,57.63,52.26,59.62
59.2,60.71,66.8,57.47,61.21,49.63,56.58,55.95,60,61.63,60.42,65.63,57.74,63.68,69.32,63.84,60.37,61.63,58.53,60.54
66.67,63.14,63.33,66.95,59.05,60.42,66.89,58.42,66.05,58.53,68.68,61.11,57.47,55.37,63,50.84,61.47,55.37,60.47,61.22
59.33,58.07,45.47,61.21,59.11,61.79,55.16,62.84,58.26,56.16,61.32,57.42,65.11,53.84,58.37,64.84,57,64.42,50.68,58.44
51.93,57.43,69.67,56.37,55.53,67.68,49.74,63.26,64.53,57.79,63.79,61.79,59.16,69.21,65.79,52.11,58.16,61.89,61.58,60.39
70.13,58.21,59.73,71,61,64.53,56.89,56.74,58.79,51.74,55.47,60.95,57.21,65.32,51.63,55.74,61.95,55.26,60,59.59
69.07,57,61.2,71.37,56.95,46.16,57.84,59.63,55.26,60.16,64.74,64.26,59.32,67.47,47.11,54.42,60.84,53.89,62.74,59.44
68.13,69.64,62.87,56.42,53.58,64.11,63.63,56.47,62.89,63.21,58.47,59,57.47,56.32,51.21,51.95,62.68,68.47,61.47,60.42
66.07,68.57,58.8,59.42,61.89,52.68,57.84,68,60.11,65.89,54.11,57.89,62.63,64.53,57.95,63.47,46.53,56.37,62.26,60.26
63.6,57.93,57.67,70.37,60.11,57.21,58.05,64,54.32,54.21,50.05,67.42,57,66.68,56.68,62.05,68.74,65.74,59.42,60.59
54.27,47.71,59.07,53.84,57.42,62.68,58.63,66.84,55.21,62.42,61.95,70.58,61.32,60.11,58.21,58.42,63.89,68,59.37,60
58.6,59.71,55.87,58.21,66.05,59.47,62.84,59.11,59.37,65.42,59.16,60.95,65.47,58.16,63.58,67.74,58.32,70.58,56.21,61.31
67.13,55.79,50.67,62.21,65.89,63.21,62.16,64.58,58.74,52.11,46.05,60.42,57.58,51.32,68.84,55.58,54.63,57.68,68.74,59.12
58.87,62.86,58.87,60.53,55.68,53.26,61.42,63.58,66.21,67.32,59.26,52.89,48.47,65.37,56.58,54.42,52,63.11,63.95,59.19
66,59.86,57.27,58.74,62,57.89,61.53,52.68,47.21,67.26,58.74,65.47,59.58,58.89,63.74,53.74,63.84,47.42,50.89,58.57
54.8,51.79,74.87,59.89,54.26,63.95,61.26,56,56,60.89,57,63.21,67.63,57.74,58.37,57.16,56.84,57.21,50,58.89
52.4,64.64,75.47,63.53,61.32,57.53,57.47,56.68,64.11,53.89,59.58,50.79,61.32,51.68,52.42,50.21,58.89,58.84,62.05,58.57
64.33,54.64,50.93,48.16,62.42,72.68,54.95,63.74,60.89,54.79,56.26,61.79,55.26,54.84,71.95,53.37,59.74,63.05,62,59.25
56.27,61.29,56.53,66,58.68,61.95,62.37,59.68,60.63,61.47,61.63,57.63,51.79,57.53,54.47,60.95,61.37,62.11,59.89,59.59
62.2,55.64,57.13,50.21,52.11,59.11,52.68,71.79,57.05,61.68,60.37,62.53,57.79,58.47,55.63,61.74,63.68,60,67.21,59.32
62.73,58.36,69.67,65.26,63.68,63.95,57.74,56.84,58.74,61,57.79,56,59.37,54.37,54,60.47,56.47,50.26,61.16,59.36
59.2,56.64,59,65.95,60.16,49.21,58,55.16,48.21,62.05,54.95,67.63,55.26,51.53,57.79,66.21,57.53,63.84,52.79,57.95
60.67,49.79,63.07,61.26,66.26,52.47,54.89,63.42,63,64.53,56.26,60.63,63.32,56.95,70.21,61,55.84,58.95,61.11,60.19
69.27,67.86,55.93,56,52.11,57.05,51.26,48.26,62.84,55.42,54.11,63.16,56.37,58.26,56.95,54.63,61.37,62.26,55.37,57.81
64.8,62.29,50.8,57.16,60.16,52.84,61.37,66.53,60.37,53.47,54.95,59.05,60.16,50.32,56.16,47.95,58,60.37,60.21,57.73
55.47,54.07,57.33,59.84,61.21,65.16,54.37,48.79,62.53,57,51.95,61.37,62.95,60.11,55.21,66.16,59.74,61.84,65.63,58.98
57.47,63.93,61.87,62.26,66.16,64.79,54.89,53.74,64.53,60.63,64.32,58.47,56.32,59.58,53.84,68.05,50.05,66.53,54.47,60.1
63,65.93,61,62.47,62.42,63.89,65.32,64.16,46.47,60.47,64.53,64.42,57.74,56.05,56.26,47.11,71.95,54.47,60.63,60.44
67.2,56.64,58.93,60.79,60.21,59.68,66.21,65.32,61.84,63.26,62.05,54.53,52.74,63.79,59.47,60.47,64.37,58.42,61.68,60.93
57.93,62.93,61.73,57.47,69.95,43.68,53.53,65.32,60.37,62.63,48.74,62.42,55.32,66.84,47.58,55.95,57.63,59.63,63.11,58.57
63.4,59.71,64.4,53.32,57.63,57.89,64.58,61.89,63.47,66.68,60.16,60.37,66.42,54.74,57.05,65.16,63.89,58.16,50.26,60.48
52.47,51.36,73.27,59.37,57.26,68.42,73.53,54.21,57.05,51.21,58.58,61.42,63.47,54.11,59.37,64.42,66.11,72,63,61.09
65.8,54.29,50.47,57.47,55.47,55.05,62.26,61.32,58.58,60.79,56.32,66.84,58.11,51.58,58.84,52.89,55.21,62.74,61.32,58.18
64.33,66.79,64.93,58.21,57.37,61.74,73,50.11,53.37,67.05,62,56.84,65.32,61.05,51.84,64.63,62.79,52,57.26,60.56
57.93,63.79,56.6,52.63,69.42,56.63,58.95,62.21,58.53,61.58,54.32,51.47,58.63,51.26,56.79,66.58,74.89,67.95,57.11,59.86
53,64.21,58.93,52.58,75.84,72.63,52.63,61.89,58.26,51.47,62.47,66,54.16,56.37,65.79,55.16,61.21,53,61.68,59.86
58.4,69.93,64.13,62,59.26,52.32,69.21,61.58,62.37,53.21,65.16,56.95,67.84,63.68,68.05,61.68,72.63,57.89,64,62.65
59.07,52.36,56.47,63.63,64.32,48.21,53.11,62.89,58.16,65.74,69.63,64.05,65.47,53.89,65.95,57.63,64.47,67.89,59.32,60.65
54.07,63.21,51.13,63.26,57.53,65.89,48.47,65.68,62.68,61.21,60.63,60.89,56.37,52.63,56.16,63.26,62.16,71.32,57.42,59.68
67.6,59.29,57.67,60.53,68.89,57.42,59.74,58.37,62.26,63.89,59.68,71.32,62.63,60.68,61.84,56.74,50,61.32,54.26,60.74
71,64.64,55.27,54.37,56.11,60.58,63.63,52.26,67.58,50.95,63.53,56.95,54,59,59,54.84,54.42,54.79,51.26,58.11
61.4,58.07,60.6,61.26,57.58,59.63,65.63,55.79,54.42,56.63,64.58,68.11,75.11,63.95,53.89,61.32,58.37,56.32,62.53,60.8
59.8,59.64,57.8,65.42,53.53,52.89,61.32,54.11,65.58,58.05,58,63.21,56.37,59.21,58.42,55,54.79,60.37,64.58,58.85
49.13,57.5,62.53,61.11,62.16,56,56.58,70.47,63.21,58.11,61.74,59.95,58.63,66.53,62.95,54.89,51.26,61.53,53.63,59.36
51.8,59.79,68.67,51.84,63.16,54.47,61.47,56.63,59.53,52.47,61.16,60.37,58.26,60.53,57.47,56.32,66,61.47,60.79,59.06
53.67,56.93,50.87,66.79,64.74,59.68,57.21,69.16,48.89,67.79,54.95,59.42,60.42,58.79,62.16,61,59,63.53,55.63,59.51
64.8,67.43,51.8,57.79,47.74,55.16,59.58,59.58,59.26,64.16,48.37,56.26,63.47,62,56.95,67.37,61.84,62.26,55.05,58.99
59.53,66.29,59.07,59.37,49.84,56.63,62.58,49.16,54.53,61.42,67,51.42,53.89,59.89,56.84,51.53,66.74,53.58,59.74,57.84
54.47,65.14,60.8,65.16,54.53,68.68,61.63,60.11,56.58,58.16,52.89,56.32,70.47,63.79,65.16,57.53,64.16,58.26,63.37,60.91
54.93,69.79,59.2,57.68,41.16,62,62.47,60.95,58.89,61.37,66.21,65.47,54,64,53.21,65,57.11,54.42,56.63,59.18
57.73,62.43,61,62.26,62.79,63.11,60.68,55.05,60.53,58.53,68.68,62.53,58.53,54.95,59.05,57.74,62.68,64.84,59.47,60.66
73.93,73.07,57.4,56,59.89,67.68,63.37,58.79,62.11,65.63,56.11,63,62.58,64,51,67.68,61.11,67.58,56.16,62.48
69.87,59.5,61.27,70,55.74,54.37,62.63,53.79,58.05,72.84,58.05,55.63,59.11,57.95,54.74,62.79,62.53,59.16,60.68,60.46
75.07,54.86,58.13,63.32,60.26,57.95,69.32,64.16,73,48.95,59.21,58.95,57.95,60.84,54.26,61.26,60.74,63.95,65.53,61.46
59.13,57.14,68.07,64,62.84,61,52.11,63.79,66.58,56.05,60.63,58.37,60.42,52.11,56.53,57.53,70.05,67.42,62.21,60.84
55.47,65.07,69.87,62.05,64.89,53.21,53.11,62.84,60.21,58.32,58.21,51,67.47,66.42,46.79,59.68,57.84,54.58,64.89,59.58
51.2,50.43,64.93,70.32,57.68,47.16,58.21,63.89,53.42,59,57.63,66.89,53.63,54.32,51.74,70.32,61.47,56.84,60,58.37
71.4,64.29,59.53,56,57.84,54.84,59.58,60,59,54.05,65.42,66.47,60.21,56.26,58.79,58.05,57.68,51.84,50.89,59.06
70.87,53.36,61.27,62.05,66.05,63.79,57,57,59.11,53.32,52.74,60.11,53.68,59.32,52.89,62.26,60.26,63.16,63.89,59.59
55.2,56.5,63.6,62.05,65.74,57.95,68.32,65.89,63.89,60.58,56.68,54.79,62.53,50.21,65.37,50.68,62.74,59.11,58.42,60.01
74.6,61,55.2,67.58,67.63,53.95,65.63,52.58,55.42,55.42,64.47,63.53,61.53,61.74,53.32,58.16,55.84,51.63,54.42,59.67
56.93,63.93,62.13,65.42,52.37,58.47,59.53,62.68,65.84,59.53,65.89,59.32,65.37,58.53,61.05,66.58,60.21,68.89,53.95,61.4
62.2,66.07,60.07,59.74,62.89,59.89,45.63,67.84,54.79,60.05,56.68,58,65.68,54.58,55.63,55.11,58.05,49.21,60.53,58.56
62.67,69.79,63.67,63.58,55.16,57.89,49.47,56.37,53.79,66.32,67.16,57.68,64.53,64.05,61.37,62.53,53.74,65.37,52.11,60.38
63.87,56.36,60.93,55.79,56.89,61.89,51.79,49.89,45.05,53.05,61,58.84,63.95,61.53,52.68,59.84,55.05,62,57.26,57.25
64.4,67.07,63.27,51.47,56.68,65.47,60.32,59.21,59.16,55.95,58.42,62.68,63.58,60.84,46.37,53.32,61.11,54.42,55.37,58.9
53.47,64.36,53,59,60.42,57,64,59.53,61.21,72.21,65.37,70.84,56.21,53.47,65.05,52.95,59.05,63.05,54.37,60.24
58.47,58.43,55.6,58.47,62.11,60,61.89,66.21,60.21,57.68,59.74,59.84,72.11,58.63,57.74,60.74,53.26,60.47,61.05,60.14
54.73,61.07,59.67,70.11,54.05,65.63,61.47,59.05,55.89,54.47,51.79,62.21,67.37,60.84,62.68,63.26,63,62.32,66.58,60.85
63.93,59.14,56.53,60.47,53.74,62.47,51.68,65.79,53.21,60.32,48.47,57.11,59.32,66.58,61.63,57.47,63.26,62.21,57.37,58.98
60.07,69.5,52.87,60.05,59.42,77.11,68.05,53.11,67.68,66.05,50.63,63.37,56.21,54.89,58.95,61.63,61.21,60.37,58.79,61.05
41.87,71.43,64.6,52.16,58.42,59.11,58.11,58.26,55.53,50.84,47.74,64.26,74.95,45.63,58.74,55,53.63,60.95,55.26,57.18
64.73,64.14,68.07,61.05,59.63,58.63,63.11,52.05,72.47,65.58,58.42,68.11,54.68,46.95,68.84,64.53,72.47,48.32,64.68,61.92
70.93,59.93,61.07,57.95,46.63,61.21,47.26,62,57.79,53.47,61.58,53.74,56.16,67.16,60.63,66.47,51.74,67.11,68.79,59.56
48.07,68.14,57.33,64.63,56.53,61.16,49.05,57.53,52.37,61,59.95,67.37,58.63,60.63,59.26,55.05,56.21,58.89,50.89,58.04
55.4,56.79,67.4,53.47,56.05,59.68,56.11,59.37,56.95,61.37,59.16,50.79,53.74,55.84,60.21,56.68,57.11,59.74,59.11,57.63
54.27,52.64,69.07,51,66,72.42,63.26,65.95,48.68,66.37,47.11,61.74,56.47,67.68,54,58.37,63.26,66.32,56.47,60.06
52.2,61.36,64.4,49.79,54.63,61.68,60.89,58.37,62.84,63.84,69.84,58.32,52.26,60.47,54.05,53.63,56.68,59.53,58.42,58.59
66.8,58.57,69.07,63.79,62.21,54.05,56.68,60.74,64.21,54.05,63.05,50,54,61.79,56.84,55.05,62.58,57.37,68.21,59.95
58.4,52.79,57.07,63.68,57.21,55.58,72.95,58.68,58.58,59.53,58.42,68.32,63.11,57.89,57.63,56,59,51.74,67.37,59.68
48.13,69.14,63,53,55.47,61.21,55.84,52.11,61.89,68.21,58.16,55.53,68.05,67.89,53.74,61.95,71.89,56.79,61.42,60.18
67.8,57.36,56.67,66.74,52.26,61.63,54.32,68.32,63.16,52.21,49.68,65.11,55.11,64,57.79,64.32,56.63,52.42,59.84,59.23
54,56,59.6,60.63,61.47,60.26,62.95,53.32,56.79,60.21,58.58,55.58,53.68,58.26,51.79,62,63.68,63.68,57.37,58.41
66.2,58.57,43.13,50.63,66.47,54.89,65.42,53,70.21,58.47,62.89,53.11,61.47,54.74,59.37,53.68,63.42,58.53,55.16,58.39
63.93,66.21,54.67,65.79,70.32,61.74,64.37,62.47,48.05,67.42,59.79,54.37,64.47,63.16,54.63,57.74,67.79,64.84,58.47,61.59
63.33,49,55.2,51.53,58.68,58.37,67.26,54.16,58.53,64.58,59.16,60.05,63.37,60.68,62.79,67.47,60.53,67.68,66.11,60.45
53.93,60.57,60.6,64.32,60.84,60.11,65.89,66.79,53.79,46.58,55.58,52.21,59.89,59.42,52.74,53.47,70.63,64.05,57.16,58.87
61.13,56.86,62.6,55.84,65.53,54.05,60.32,60.05,74.21,65.11,66.84,46.42,55.26,54.74,60.16,67,53.84,60,60.47,60.02
64.27,55.43,58.2,57.68,54.47,66.58,59.21,64.05,65.26,59.42,65.42,58.58,53.58,65.05,52.63,60.32,60.63,58.16,59.95,59.94
62.2,50.29,63.8,51.32,60.68,58.63,62.84,55.21,59.11,63.74,52.74,59.79,51.84,66.58,57.37,63.47,54.95,53.89,52.26,57.93
67.4,48.21,57.8,74.05,59.53,62.84,64.47,51.68,50.16,64.58,61.84,60.32,64.53,63.63,59.37,53.37,61.63,64.47,54.53,60.23
50.93,63.43,56.13,58.47,61.26,58.47,51.05,54.74,56.95,52.16,66.42,61.84,61.47,60.63,55.47,57.47,63.37,58.37,59.68,58.33
63.8,61.43,55.07,55.05,60.11,56.37,56,65.74,55.95,65.32,65.74,62.16,60.74,54.89,54.58,60.58,55.95,66.32,57.58,59.65
53.67,63.64,52.47,54.79,54.63,61.53,60.53,61.58,54.47,63.53,70.37,68.53,59.47,60.95,56.16,66.79,61.95,60.58,63.05,60.46
52.4,55.86,62,56.74,61.42,58,59.47,58.68,60.21,61.32,62.53,54.05,62.11,56.63,56.84,59.47,49.26,61.89,63.79,58.56
56.8,58.43,58.27,50.68,56.42,52.68,58.63,61.37,57.21,63.32,64.63,53.89,56.11,60.37,61.84,62.47,59.32,67.16,53.63,58.59
65,46.93,58.33,59.79,59.26,73.53,54.84,62.79,66,58.47,53.21,54.63,54.63,57.95,57.21,60.68,62.58,55.11,55.89,58.78
55.93,59.93,58.33,59.95,55.47,56.63,54,63.26,59.37,65.63,57.95,55.89,56.47,70.37,56.21,61.11,66.11,60.11,49.11,59.04
47.73,64.21,52,54.21,60.21,63.68,52.11,56.95,58.89,66.79,57.63,49.79,60.26,58.89,63.58,61.11,64.95,52.89,60.37,58.22
55.8,54.07,51.27,68.68,59.11,55.79,63.84,58.95,54.11,61.53,63,57.47,52.63,51.84,62.11,56.74,58.37,52.05,63.63,57.95
49.13,68.21,69.07,63.42,60.63,66.05,57.05,47.32,48.05,56.95,50.26,60.79,45.63,58.16,63.26,66.32,57.84,61.53,63.79,58.6
61.2,55.43,55.2,56.05,64.53,55.42,61.47,62.21,71.47,64.84,58.68,62.42,64.53,54.42,59.26,60.84,54.42,51.95,60.53,59.73
64.4,56.5,52.67,73.84,60.84,68.16,57.37,66.32,59.74,66.32,62.58,55.47,62.21,61.68,52.58,66.26,60.42,56.26,67.05,61.61
54.4,57.43,69.47,60.63,67.79,54.05,56.63,56,51.53,54.26,68.95,58.63,64.37,59.68,59.95,54.42,56.21,49.32,55.11,58.36
64.87,61.57,63.13,71.32,56.79,57.16,57,52.05,60.95,62.84,63,48,62.89,63.32,55.74,56.53,58.84,57.68,63.21,59.84
72.6,69.57,60.67,59.37,48.84,59.74,52.89,56.53,56.89,54.63,48.21,62.84,60.89,60.84,55.37,54.53,57.58,50.05,48.68,57.41
49.6,60.86,55.13,55,65.95,65.79,59.16,59.63,55.68,59.79,68.11,59.95,58.58,59.53,65.37,56.11,58.47,66.68,62.32,60.09
52.07,56,53.93,47.16,59.37,54.89,63.89,54.26,59.42,57.74,47.26,71.16,48.37,66.74,60.21,61.58,57.89,57.32,71.47,57.93
56.2,69.43,55.27,54.26,57.89,63.21,70,59.32,58.68,51.32,50.05,57.37,47.16,62.05,62.21,63,58.37,55.32,59.16,58.43
51.27,70.79,61.87,55.95,58.32,66.37,59.05,64.05,60.68,50.79,67.21,58.11,57.74,62.32,50.26,51.37,53.47,60.16,63.58,59.12
53.67,61.29,60.47,55.89,64.26,52.42,58.63,54.05,57.11,57.16,52.58,60.68,58.53,67.37,59.74,56.26,63.95,47.63,63.89,58.19
70.33,59.5,62.33,53.26,62.74,52.74,61.58,57.26,60.16,63.95,61.58,69.16,59.89,57.63,51.32,65,62.21,65.37,56.95,60.68
64.33,62.07,55.73,66.42,61.05,63.47,65.68,54.37,62.68,62.58,55.26,62.26,53.32,54.58,59.32,59.95,61.16,64.47,57.05,60.3
58.73,51.5,66.87,61.79,58.84,66.74,53.68,59,51.16,56.21,67.84,68.21,55.63,49.53,63.37,63.37,68.95,60.05,64.74,60.33
65.73,54.57,54.53,61.84,56.79,58.74,63.79,62.05,62.84,57.68,61.05,57.89,64.95,65.21,54.16,59.16,51.79,56.79,62.74,59.6
61.07,60.79,49.93,64,51.68,64.58,54.63,64.68,62.32,66.21,58.26,59.95,58.63,52.63,48.89,60.79,62.63,58.58,59.11,58.91
60.4,61.36,50.2,59.42,63.26,64.26,51.79,64.32,55.11,55.63,65.68,58.95,58.11,58.95,63.47,50,56.05,62,64.84,59.15
67.8,62.14,58.4,57.68,56.79,44.53,62.53,56.74,61.47,64.11,62.11,58.74,58.89,52.05,58.74,62.95,55.79,70.63,65.16,59.85
57.67,56.21,59.6,60.89,56.05,59.58,58.05,62.84,57.11,61.05,59.74,58.16,57.32,69.37,74.16,60.74,65.68,59.21,60.79,60.75
56.53,61.21,72.53,62.26,50.84,52.37,64.42,57.79,64,57.53,58.58,53.74,60.58,59.21,52.68,56.53,56.47,62.16,61.58,59
66.8,70.64,62.73,66.89,63.21,51.21,63.68,66.26,61.95,64.58,66.58,60.47,52.74,63.53,56.42,57.79,69.63,60.95,52.11,62.01
61.47,55.64,58.73,51.74,59,64.95,61.21,55.32,56.05,63.21,57.53,66.16,60.63,56,52.79,56.63,58.26,60.42,60.89,58.77
60.6,54.14,54.33,53.89,52,61.79,52.16,60.95,55.47,57.53,43.79,66.32,48.63,62.32,56.26,58.89,62.53,55.11,51.84,56.24
61.13,55.57,64.4,62.53,63.21,57.47,49.32,52.58,52.42,57.21,56.37,59.47,55.42,63.79,55.37,66.74,69.84,54.42,57.89,58.69
72.73,56.21,52,64.74,67.95,56.74,57.53,57.47,64.21,61.32,64.21,53.63,68.32,61.53,65.26,62.74,58.74,61.89,49.05,60.86
59.73,68.93,60,68.53,60.16,62.79,67.74,70.89,62.84,58.68,49.21,59.89,60.37,63.21,57.63,67.68,63.16,57.47,57.16,61.9
62.73,60.86,56.53,64.58,60.16,56.79,67.26,58.47,56.68,62.16,63.47,66.63,66.53,60.47,72.26,50.95,54.68,62,60.53,61.25
52.8,55.07,59.13,64,54.47,62.26,62.89,53.58,62.47,62.84,54.26,51.68,59.53,62.74,53.79,60.79,54.68,59.95,54.63,57.98
59.33,56.21,65.33,52.26,68,61.11,61.74,57.53,52.16,61.95,59.84,59.89,65.05,55.63,58.89,67.79,60.05,77.37,67.53,61.46
44,58.57,62,60.26,55.84,65.84,56,51.58,55.68,61,58.89,58.89,58.74,58.21,62.79,57.11,60.74,64.95,58.58,58.4
66.33,56.64,61.2,57.32,49.89,67.37,56.05,64.53,61.53,56.47,56.42,54.79,61.89,62.68,64.21,64.53,52.63,55.74,59.05,59.44
62.87,60.79,63.8,56.42,70,56.58,56.89,62.68,66.53,57.26,63.11,65.11,67.95,56.42,58.68,62.16,51.47,67.63,60.79,61.43
59.8,65.71,62.47,57,56.26,62.95,53.32,63.68,51.42,54.79,58.74,63.68,70.32,67.37,62.53,68.47,64,68.42,58.53,61.55
64.47,61.5,64.6,67,50.53,52.63,53.42,64.32,62.58,68.37,60.05,63.32,60.26,64.16,53.74,54.21,52.53,54.16,66.89,59.93
52.07,53.5,49.27,71,57.89,53.74,54.58,60.11,63.05,61.68,53.79,46.68,62.53,61.74,65.84,59.68,53.68,62.32,57.37,57.92
57.33,52.93,48.13,63.11,62.05,59.16,60.32,68.58,57.58,62.37,51.68,52.11,62.74,49.05,61.89,58.89,57.32,50.16,64.16,57.87
47.2,57.79,65.2,66.21,59.95,70.32,67.05,55.32,53.47,56.74,60.53,54.42,66.47,56.89,66.95,63.42,66.26,53.63,56.74,60.24
48.33,63.43,54.53,64.26,65.84,55.21,60.37,52.16,56.74,55.53,68.05,64.58,61.74,53.26,59.58,60.37,53.42,54.26,60.32,58.53
60.2,48,57.8,57.21,57.68,63.68,54.37,53.26,61.16,66.05,59.68,60.26,68.42,65.95,62.84,62.58,61.53,59.37,59,59.95
64.47,60.21,63.47,54.95,59.21,66.05,57.63,59.32,57.53,50.74,66.58,57.05,57.53,60.89,58.79,47.79,64,62.53,57.32,59.27
56.93,59.07,59.4,62.42,58.37,55.84,63.32,62.16,49.37,56.47,47.32,60.58,58.11,63.32,57.05,57.63,57.79,62.26,60.79,58.33
56.87,56.71,61.4,55.05,54.74,61.16,68.58,51.32,60.84,71.37,58.58,62.84,66.58,49.21,51.74,59.58,62.47,57.84,60.47,59.33
49.27,66.57,72.07,53.37,63.95,52.42,60.32,55.37,64.42,61.11,53.68,56.05,67.95,58.47,61.53,59.89,59.84,54.05,62.68,59.63
63.6,66.43,64.93,63.95,57.42,63.68,64.53,55.95,65.58,66.16,54.79,59.63,64.53,71.16,64.79,59.11,53.63,60.26,50.47,61.61
62.6,58.93,73.93,64.37,58,57.16,67.32,63.42,55.68,56.84,65,61.74,60.53,74.79,61.42,52,55.11,69.74,49.74,61.49
55.6,64,40.4,56.11,57.32,56.95,56.47,68.37,61.63,52.95,61.26,47.26,56.11,62.84,50.26,47.84,50.84,66.58,68.21,56.89
51.8,52.57,67.27,54.95,63.26,63.68,61.11,54.37,53.74,56.37,61.68,48.95,48.74,59.53,61.21,69.79,59.26,64.26,66.26,58.88
66.07,64.5,65.13,64.47,51.63,57.79,61.37,59.89,60.95,52.05,57.79,62.32,55.16,51.84,57,65.89,60.84,63.37,54.16,59.59
52.2,63.79,54.47,55.79,64.26,58.53,51.05,59.32,59,49.26,62.11,65.47,58.58,66.95,69.89,54.84,56.79,60.89,49.37,58.56
51.33,57.71,56.53,60.47,57,60.79,54.32,50.21,57.84,56,61.95,61.63,58.74,57.95,66.74,60,53.26,60.89,62.16,58.19
61.6,55.57,51.07,62,61.11,69.63,68.05,66.26,68.16,63.79,60.37,58.58,57.53,63.95,59.84,56.42,56.68,54,63.42,60.95
53.53,63.43,53.93,57.05,57.68,59.05,47.84,57.16,55.37,64,67.26,57.05,69.26,62.95,59.21,63.11,61.21,51.05,53.26,58.6
61.13,64.86,53.8,55.68,58.95,61,65.26,62.79,64.63,55.84,56.58,58.74,57.42,71.79,51.26,62.84,63.37,56.37,60.11,60.13
72.4,53.79,62.8,53.16,58.16,55.84,53.68,48.84,58.26,54.58,57.95,58.79,57.68,72,63.21,54.05,62.37,57.11,64.42,58.9
65.53,47.43,72.53,52.95,65.26,58.37,64.21,57.89,62.37,54.26,62.32,54.21,62.05,54.05,57.05,64.37,56.26,63.95,56,59.53
56.2,49.93,54,61.95,66.95,53.42,56.53,57.84,56.47,63.37,53.63,53.74,66.05,51.47,52.21,64.42,50.58,59.21,62.21,57.38
58.33,69.79,54.13,58.68,51.16,44.68,59.47,67.95,61.95,52,58.95,55.26,61.47,62.37,62.95,65.21,54.42,54,55.79,58.35
63,64.57,67.07,56.74,58.53,58.16,64.84,56.74,64.58,59.05,61.11,57.89,57.95,70.84,61.63,68,67,59.63,54.16,61.66
63.73,61.86,76.87,63.05,64,62.05,60.37,66.37,64.58,71.79,52.84,62.16,57.95,68.26,51.26,60.21,63.84,56.74,58,62.42
51.47,50.71,50.13,56.95,64.74,58.84,55.74,66.05,49.42,53.79,62.05,51.84,65.05,52,53.05,52.89,66.37,60.79,59.95,56.94
63.67,57.64,61.13,59.74,59.05,58.16,63.95,49.84,54.95,64.68,57.21,62.05,54.68,61.21,62.26,67.58,61.37,59.32,52.32,59.52
69.4,68.86,55.6,54.74,63.32,53.32,53.63,53.16,59.37,58.47,58.79,57.84,57.21,63.79,59.95,56.05,54.05,51.79,57.05,58.23
61.47,59,69.73,57.58,57.11,57.58,57.58,58.84,54.42,62.84,57.05,59.68,61.79,56.37,65.32,64.79,46.74,55.42,61.53,59.2
54.2,56.71,55,65.47,62.47,57.84,63.74,51.68,53,59.53,55.84,69.58,62.37,61.11,68.16,63.42,58.53,59.32,56.58,59.71
64.53,57.86,65.13,57.63,52.63,58.05,63.74,54.47,55.05,62.95,56.47,49.11,53.89,63.58,53.95,62.47,59.37,61.84,60.84,58.61
51.07,61.21,59.93,61.63,60.37,57.26,69.37,62.84,60.32,54.89,65.68,66.47,65.11,61.53,55.37,57.11,50.74,62.79,58.11,60.09
62.67,52.5,57.67,61.47,61.05,49.47,54.05,53.84,67.68,54.68,61.84,58.84,58.26,66.37,53.79,49.89,50.26,52.05,57.84,57.07
58.4,62.14,66.6,63.32,65.16,61.63,65.74,65.21,66.74,64.21,61.32,60.32,62.89,61.37,59.11,55.26,59.37,56.21,62.42,61.97
60,58.29,64.53,53,60.05,53.89,55.79,66.89,58.68,50.16,62.05,58.79,57.26,63.68,60.32,56.32,54.05,51.63,70.84,58.75
65.6,49.93,65.87,52.16,55,58.16,67.79,62.05,53.32,56.68,57.47,67.37,59.05,58.79,49.53,66.84,57.11,57.11,63.11,59.1
57.27,54.29,53,65.37,66.05,73.26,62.26,59.47,53.63,61.11,57.89,70.21,56.32,63.47,56.05,56.53,53.11,56.74,61.95,59.89
63.8,65.71,55.2,60.37,48.47,61.11,60.11,62.63,60.53,63.95,66.37,59.95,58.26,60.26,52.21,51.11,58.37,59.95,60.74,59.43
68.13,74.79,58.8,53.95,61.37,65.05,53.63,51.89,56.11,66.79,59.68,55.63,64.95,54.21,58.95,58.16,57.58,60.79,62.26,60.14
63,57.57,67.27,59.68,63.21,53.74,58.16,67.74,60.95,54.32,59.47,59.21,51.47,67.79,69.11,58.16,65.47,55.58,70.84,61.2
64.93,66.43,65.2,54.89,61.79,65.05,57.84,55.63,60.74,53.47,56.68,58.21,54.21,52.58,62.32,62.63,64.11,64.37,64.84,60.31
68.6,57.64,53.53,71.16,60.37,70.58,64.95,59.37,59.37,65.11,57.53,66.84,65.16,60.05,58.42,60.32,62.16,54.89,55.79,61.68
59.67,70.5,59.67,64.68,59.58,54.74,58.47,57.11,61.95,55.68,57.37,58.58,60.79,53,53.11,48.95,61.26,68.26,64.11,59.34
53.47,65,60,60.53,57.32,70.68,63.47,62.16,56.16,47.84,62.89,65.89,52.53,66.26,58.84,53.84,58.63,56.84,62.37,59.72
50.67,53.07,66.87,55.95,48.84,48.53,62.63,63.84,54.26,63.79,63.89,60.63,60.21,58.26,61.42,58.16,54.16,60.74,61.74,58.3
56.33,48.14,51.47,53.32,59.74,60.58,59.42,63.05,63.32,57.95,54.32,55.63,68.16,47.95,58.63,60.21,54.84,62.26,59.79,57.64
54.93,53.57,56.73,66.79,64.63,64.32,52.21,50.74,53.21,48.11,57.68,66.42,55.84,61.68,65.42,61.84,57.05,58.79,60.63,58.45
50.93,57.07,55.8,55.84,66.74,60.89,65.37,61.11,54.11,55.37,52.95,54.89,66.53,57.89,62.68,54.42,63.26,55.37,55.53,58.25
63.93,70.29,70.13,52.37,61.42,65.26,61.16,61.26,69.26,58.37,59.84,58.53,59.47,50.21,57.79,56.26,65.32,60.58,59.16,61.09
65.8,68.5,65.13,58.89,50.11,58.26,50.37,61.37,63.63,56.16,62.42,61.47,49.37,55.21,63.84,55.05,66.68,61.84,56.89,59.53
58.13,50.79,63.2,50.05,67.84,62.16,59.84,62.42,62.11,59.95,70.53,63.95,53.58,58.42,60.16,53.16,62.16,58.79,60.32,59.87
60.13,42.57,56,57.37,50.32,62.16,52.68,65.26,56.53,62.32,55.37,51.05,58.26,64.32,57,57.58,68,65.11,55.16,57.75
58.07,48.43,56,61,58.63,68.84,59,61.05,66.16,55.74,53.53,56,69.05,67.63,61.95,58.11,55.26,60.95,57.16,59.61
65.07,68.21,64.8,54.63,59.11,58.89,47.37,61.79,67.05,64.11,58.84,49.89,64.47,59.63,59.89,57.21,60.21,71.53,59.05,60.62
58.33,60,52.6,67.74,61.95,61.79,52.89,61.63,59.32,53.68,63.63,64,61.84,67.21,63.05,56.58,57.79,63.84,61.74,60.51
54.27,66.93,56.53,65.68,61.21,62.68,71.79,65.11,47.68,57.05,72.37,62.95,58.37,74.74,71.21,60.42,61.42,66.95,65.32,63.3
56.93,51.93,55.93,66.05,57.47,54.53,66.21,63.63,59.89,62.63,60.42,62.47,61.32,58.05,58.05,58.53,49.74,57.11,57.63,58.87
61.67,62.43,53.27,57.42,59.68,57.42,59.58,52,70.68,64.89,59.74,62.63,58.21,57.11,52.21,56.26,63.68,57.21,52.47,58.87
51.4,61.57,57.8,50,50.47,56.16,60.89,62.37,57.79,61.95,57.47,56.89,62.63,62.42,67.47,60.32,62.84,61.37,51.32,58.59
59.6,55.43,49.47,54.37,57.42,69.58,59.16,60.79,62.42,70.26,63,56,67.16,59.21,67.11,50.05,66.11,54.95,55.37,59.87
58.47,40.79,52.47,52.32,53.16,67.63,48.63,50.79,64.95,59.68,67.11,59.42,56.53,64.84,63.95,58.84,54.26,48.84,62.84,57.13
64.53,56.14,68.13,56.63,61.58,66.47,59.63,56.42,58.58,56.11,55.11,62.89,60.26,53.89,53.89,62.47,54.47,50.47,50.63,58.33
63.53,51.57,55.07,48.84,56.58,56.11,60.26,60.32,57,63.63,56.05,57.05,51.79,57.79,59.37,58.95,56.95,59.21,57.95,57.26
68.33,53.43,58.4,50.37,56.84,52.47,54.89,64.21,60.63,56.89,57,63.79,58.53,53.74,63.58,63.05,60.16,63.32,52.53,58.53
60.53,52.29,56.33,62.11,57.16,59,61.84,68.63,54.11,67.05,49.42,62.79,62.74,63.68,60.21,56.58,59.21,54.21,48.42,58.75
63.73,59.14,58.27,59.11,56,59,71.26,58.05,50.58,56.05,53.37,57.95,50.05,63.47,58.68,68,53.32,58.47,63.84,58.86
59.33,51.57,63.87,66.05,49.21,54.11,62.11,60.37,63.89,69.37,56,65.84,52,60.21,62.26,52.89,57.58,64.47,49.58,58.99
46.8,53.57,51.93,60.26,54.11,61.84,55.11,62.05,57.84,57.05,68.68,64.79,44.68,62.84,57.89,59.11,56.21,55.74,61.95,57.5
49,58.64,76,53.42,61.47,69.37,77.42,61.21,67.16,57.21,60.32,64.11,58.16,53.16,62.84,57.47,56.79,57.32,57.74,60.99
55.4,49.21,65.4,57.11,56.89,72.95,50.42,63.42,57.16,66.84,56.42,61.84,53.05,60.89,52.11,63.89,67.84,59.11,55.16,59.22
60.93,55.14,51.8,69.47,61.68,62.26,55.84,63.16,63.21,56.37,70.16,55.68,55.63,61.84,60.58,58.47,60.68,59.26,70.95,60.69
51.73,60.5,56,41.32,54.47,65.11,55.68,54.26,65.95,57.32,58.37,56.63,67.05,54.74,51.84,57.16,61.42,62.21,68.53,57.91
60.93,62.64,69.33,53.21,66,56.05,67.58,52.11,66.11,59.11,59.11,64.37,47.11,65.26,65.05,57.79,55.05,56.63,61.21,60.24
60.07,70.21,56.8,52.79,66.11,59.42,61.89,66.58,56.58,62,54.11,56.84,59.05,61.95,59.58,52.26,58.21,63.79,64.37,60.14
54.4,60.79,56.33,61.21,64,63.63,52.74,64.89,55.21,52.63,54.37,60.68,60.37,54.84,54.58,56.63,64.16,66.21,63.16,58.99
51.47,48.5,58.33,59,57.11,64.42,59.32,59.58,53.84,56.84,60.68,59.53,63.68,52.79,52.37,55.32,55.16,50.42,64.21,56.98
61.73,50.29,53.73,61.63,65.74,59.63,66.42,59.47,60.21,63,69.95,71.47,55.11,56.11,62.53,64.95,54.68,55.79,58.21,60.56
70.27,65.07,63.13,61.74,57.11,64.68,53.95,57.16,51.05,58.95,61.11,61.63,61.89,50.89,65.58,59.53,61.47,57.74,56.79,59.99
55.87,60.71,53.53,58.32,61.47,58.05,57.89,64.37,56.47,70.84,66.74,56.84,60.89,54.95,61.42,52.68,61.58,69.42,69.84,60.63
68.33,59.07,65.33,48.58,69.05,57.47,58.89,51.05,60.95,67.42,61.47,63.11,66.53,51.53,61.53,67.42,54.84,48.26,68.21,60.48
70.07,52.07,62.2,59.42,49.42,64.37,41,57.79,61.11,57.42,70.68,63.53,56.47,57.32,65.32,64.32,59.79,57.58,64.11,59.68
57.8,58.5,52,61.05,64.16,49.68,61.84,62.58,66.79,62.68,54.11,58.11,56.11,58.53,71.68,63.32,67,49.05,64.89,59.99
60.87,59.29,50.47,55.79,70,61.42,55.26,59.84,60,57.11,50.68,70.79,57.79,55.11,58.89,62.42,61.74,57.37,62.21,59.32
63.73,55.21,66.47,64.32,61.47,66.05,51.32,55.21,58.79,62.95,57.16,50.74,65.47,64.05,62.26,49.53,54.53,64.05,63.11,59.81
63.73,57.14,59,52.26,60.37,65.53,60.95,66.95,59.37,59.58,55.11,57.74,62.05,59.16,56.47,45.74,61.42,58.05,63.74,59.18
66,68,60.6,60.26,68.84,55.89,55.21,59.89,51.53,60.16,56.53,56.37,60.68,56.05,59.53,57.37,60.74,56.47,70.58,60.04
54.87,57.14,61.93,61,58.16,58.74,57.79,61.79,59,60.84,65.89,60.32,65.79,62.63,66.37,59.47,66.11,68.95,66.58,61.76
59.47,66.79,59.67,67.16,63.79,62.68,55.05,61.11,63.37,61.16,52.74,57.32,58.89,63.89,60.16,67.05,64.42,60.68,63.84,61.54
55.33,66.64,58.53,57.58,59.37,57,57.05,62,54.32,68.26,56.89,60.47,56.89,59,59.95,61.79,51.42,66.79,57.53,59.31
58.4,60,59.33,66.58,60.21,65.95,65.42,70.05,49.21,71.79,59.89,52,65.89,60,59.11,61,55.26,65.26,52.58,60.94
68.33,57.14,61.07,60.53,61.05,52.16,65.11,53.37,61.37,64.26,61.89,57.16,65.53,61.58,63.53,59.53,51.63,53.95,61,60.01
63.67,58.86,56.53,62.42,60.26,58.95,50.26,54.16,58.21,62.16,64.21,56.16,56.68,64.47,52.84,63.47,64.32,57.32,52.89,58.83
62.4,62.93,56.27,51.89,64.21,55.68,63.68,60,60.16,63.74,63.11,75.63,74.32,66.74,56.26,55.32,65.16,62.63,61.42,62.19
60.2,54.79,43.93,70.79,58.53,52.21,56.79,58.89,68.05,53.84,56.32,63.42,70.11,56.53,54.84,55.84,67.58,58.26,64.47,59.23
67.8,62.14,58.93,64.79,48.89,46.53,68.89,61.42,48.47,60.53,52.21,60.95,65.89,60.37,55.16,61.74,65.32,62.84,55.89,59.41
63.13,63.21,57.13,62.63,51.53,67.37,51.58,50.53,51.58,66.47,52.84,64.79,61.42,73.58,54.63,61.84,65.84,53.21,58.74,59.58
59.13,53.14,51.8,65.89,57.42,52.26,58.37,58.53,61.26,57.37,54.47,57.68,65.05,55.11,65.74,62.84,54,60.21,60.74,58.47
61.73,57.79,67.93,58.79,52.16,53.37,62.68,53.37,63.26,58.47,57.26,63.42,52.58,61.53,58.84,50.79,62.53,58.89,55.32,58.46
57.87,60.5,68.67,53.26,59.26,60.37,61.11,62.79,60.26,56.63,59.26,68.05,52.21,55.11,63.63,62.84,58.79,54.32,55.74,59.51
44.4,69,63.67,62.47,62.21,57.95,62,51.53,65.11,56.11,46,69.84,55.95,58.63,59.53,59.26,62.47,67.63,59.16,59.63
60.8,61.21,55.4,66.58,51.74,53.79,54.84,61.47,66.21,60.79,53.32,61.68,54.63,61.16,63.47,62.84,59.32,65.74,55.95,59.52
61.4,51.79,57.87,57.53,65.53,56.89,62.26,68.21,61,58.47,51.95,62,70.58,57.21,58.05,66.26,55.63,63.16,53.63,59.97
57.87,54,55.8,52.21,58.37,75.63,51.47,55.58,55.42,69.16,54.32,55.89,58.53,53.79,56.58,44.53,63.53,54.63,64.84,57.48
66.8,50.21,62.07,62.74,60.47,56.47,61.79,61.58,61.05,57.63,57.53,60.74,56.58,59.68,61.95,60.63,59.26,52.53,66.11,59.78
61.93,59.43,55.93,48.58,62.79,61.79,55.37,47.47,66.74,59.37,62.84,56.47,61.42,51.47,54.37,58.58,64,64.68,65,58.85
68.13,56.21,64.27,55.68,60.16,59.74,58.42,61.95,59,54.16,61.16,64.63,60.37,62.37,62.47,66.74,52.21,63.53,51.63,60.15
62.2,63.86,55.27,63.53,53.26,59.68,58.47,59.68,58.84,65.16,47.79,63.21,62.26,64.21,64.37,62.37,59.95,45.26,55,59.18
66.53,48,52.13,59.95,57.26,55.05,59.79,52.47,52.47,56.79,63.89,59.37,59.74,58.95,49.53,67.74,55.42,66.05,59.89,57.95
55.93,52.07,63.33,59.89,57.21,55.79,59,54.58,60.32,55.58,54.74,56,46.63,57.84,55.16,59.89,57.53,61.21,58.21,56.89
67.6,65,61.93,62.37,52.58,56,71.05,59.21,61.37,68.32,52.26,62.74,60.26,57.84,57.58,56.47,65.21,55.74,63.16,60.88
59,50.21,64.13,62.32,64.58,61.47,52.05,62.58,70.42,59.58,64.47,55.53,59.42,49.68,54.63,57.16,66.58,62.32,59.21,59.76
59.93,59.79,60.8,56.95,66.79,66.79,69.16,55.74,54.42,60.05,65.42,62.68,60.95,51.95,52.68,55.84,67.84,55.58,51.16,59.71
63.07,56.57,57.27,51.89,62.53,61.26,56.95,62.37,61.32,51.58,56.58,45.37,68.37,58.68,58.47,59.68,59.79,63.74,53.11,58.35
63.53,61.29,59.33,56.21,60.26,61.32,62,63.37,46.11,59.89,61.21,63.47,63.47,57.95,67.26,59.79,55.89,60.74,60.42,60.19
57.2,54.71,52.73,69.79,52.21,63.79,49.21,56.95,66.68,62.74,57.74,59.11,52.63,63.42,66.63,70.68,59.05,61.79,56.89,59.68
63.53,60,50.13,57.58,60.84,65.11,68.84,57.68,58.95,58.63,55.37,56.68,53.11,55.63,48.16,61.58,50.37,58.79,61.58,58.03
56.27,62.5,65.33,59.05,57.68,70.58,63.32,66.63,65.26,60.84,63.05,56.84,47.32,55.89,64.63,58.68,67.26,53.37,56.21,60.56
65.13,55.21,64.47,63.95,61.74,48.47,53.89,52.79,60.89,55.79,61.89,65.11,61.11,52.16,56.58,62.68,56.95,65.32,53.58,58.83
67.07,57.07,62.27,54.47,61.21,55.89,62.68,50.95,51.37,59.32,49.58,64.95,54.58,61.37,54.84,46.68,68.11,61.89,58.21,58.03
52.53,60.93,65.33,61.21,53.16,56.74,59.63,71.11,52.47,56.21,56.26,61,56.32,70.68,62.37,57.42,60.53,65.16,56.11,59.75
61.27,65.21,57.6,60.05,60.95,58.68,50.68,55.32,63.05,56.68,67.16,58.58,49.42,58.63,61.37,53.79,69.79,60.42,66,59.72
72.07,54.5,55.73,63.95,58.68,65.89,59.16,62.32,65.79,61.47,62.53,56.05,58.37,69.79,62.37,50.16,49.58,60.79,64.21,60.71
62.53,57.93,52.53,58.05,57.74,65.89,63.05,62.42,61.89,57.74,56.32,55.53,66.79,58.79,54.11,56.26,48.79,62.26,59.68,58.86
57.07,64.5,70.33,57,66.05,61.05,57.58,54.26,58.16,57.74,59.37,54.32,73.16,57.21,63.89,65.11,54.26,53.79,59.89,60.25
52.07,63,67.07,58.84,62.42,51.89,67.84,64.16,59.21,62.11,60.68,61.63,53.74,58.53,61.16,59.79,69.84,56,51.68,60.09
61.07,72.64,61.8,52.11,56.05,58.05,61.58,53.63,62.26,73.89,61.42,58.05,49.89,54.68,63.58,54.11,59.05,56.84,60.42,59.53
56.6,53.86,57.4,58.53,66.58,66.74,53.74,52.84,63.42,57,61.53,64.21,58.16,59.05,52.16,62,48.84,67.53,62.37,59.08
52,52.14,50.67,52.74,61.58,61.84,58.89,64.63,52.37,59.79,62.16,60,69.68,60.68,58.21,54.11,57.37,59.21,66.53,58.66
57.33,53.93,55.4,64.63,54.16,47.74,69.84,53.74,57.32,61.84,58.16,58.32,61.26,65.21,52.58,66.79,61.89,59.79,58.74,58.88
57,54.64,69.93,63.79,59.05,57.63,56.58,64.11,64.47,67.53,61,63.89,54.42,57.58,53.74,53.89,58.37,57.21,46.11,59
58.53,59.64,67.87,49.74,62.95,58.68,62.42,62.63,56,54.05,65.32,60.21,59.37,59.84,52.79,63.58,59.89,58.84,60,59.6
54.67,59.93,68.07,51,64,58.21,59.53,62.89,58.74,70.47,57.37,50.84,61.68,65.63,53.26,53.58,64.74,69.32,53.68,59.87
62.8,78.79,62,60.21,60.05,54.95,61.11,61.05,56.89,59.05,48.05,63.05,58.68,57.63,52.05,62.89,60.47,57.53,59,59.8
51.93,67.21,61,57.21,58.53,63.21,53,57.47,62.53,57.32,59.21,59.11,62.16,71.26,64.11,54.37,55.47,58.21,60.21,59.66
57.53,66.57,66,63.53,58.32,56.68,51.42,62.42,52.47,50.26,64.74,69.79,64.05,63.37,55.79,57.11,65.89,56.63,60.26,60.15
56.27,60.79,50.4,60.05,71.63,67.16,57.05,65.37,48.53,60.58,56.26,66.63,50.47,63.37,61.05,53.84,56.21,62.68,63.05,59.55
56.4,66.71,61.47,57.58,64.68,60,65.37,62.89,59.32,62.79,52.74,62.63,55.68,60.47,65.11,48.53,43.84,56.53,53.63,58.76
48.33,76.57,64.33,58,58.79,52.21,61.26,53.21,48.95,54.26,53.79,56.16,58.53,54.42,52.21,54.89,68.79,52.74,62.89,57.39
65.07,59.43,60.93,62.58,63.16,61.68,62.79,60.26,56.11,57.58,67.58,56.21,57.53,67.68,59.74,63.26,58.21,65.37,58.58,61.25
76.53,57.71,64.13,54.32,54.05,66.84,56.21,60.53,56.37,64.42,52.79,58.47,55.95,50.84,54.63,63.42,59.32,59.53,60.11,59.27
53.07,64.71,57.13,51.16,61.32,58.58,48.68,60.79,68.32,55.16,57.26,59.63,63.32,63.63,66.47,56.11,58.26,61.58,54.11,58.91
51,54.43,70.13,59.26,57.32,61.53,66,61.42,57.42,59.95,63.79,70.26,56.74,68.37,68.53,62.84,62.89,57.37,61.32,61.61
61,67.43,64.53,65.11,58.32,54.47,53.79,65.21,64.21,54.42,57.79,50.74,49.53,60.32,65.37,57.16,60.16,65.26,64.16,59.95
67.2,59.57,58.8,50.95,61.84,62.11,60.32,60.42,58.63,56.37,56.74,52.84,56.84,56.68,52.21,59.58,62.16,57.16,60.37,58.46
62.13,69.79,66.2,60.95,64.11,55.53,61.84,58.47,61.89,56.26,64.63,57.16,66.89,61.58,57.26,54.26,65.21,53.05,58.11,60.81
59.73,55.71,55.93,52.79,61.42,60.11,59.68,57.79,66.84,56.74,61.68,55.47,55.74,55,63.89,64,62.05,64.21,56,59.2
67.47,56.86,54.93,59.84,55.63,54.16,53.32,44.84,59.79,53.58,54.16,59.37,51.89,68.05,65.47,59.89,60.84,64.53,58.58,58.06
58.53,70.43,56.4,52.26,70.95,62.95,70.26,58.05,62.58,69.47,61.58,48.79,60.74,53.89,56.89,50.26,56.32,60.21,59.74,60.02
56.4,53.71,53.27,49.95,65.26,58.32,59.21,65.89,59.79,61.79,55.58,63.32,61.95,65.16,60.47,68.95,63.74,63.26,53.11,59.95
53.47,66.43,51.27,61.37,56.42,54.68,67.21,65.84,63.53,52.47,58.79,46.95,58.37,56.79,63.84,57.16,51.84,54.53,53.68,57.61
61.4,55.29,59.53,60,49.16,59.05,55.63,60.05,62.63,58.53,61.05,60.95,54,62.84,52.26,58.63,57.84,47.16,57.16,57.54
51.73,58.21,51.27,52.63,43.37,66.32,68.32,55.21,53.84,65.74,56.95,59.84,51.95,58.21,70.16,60.53,59.47,69,59.47,58.54
53.93,64.79,56.6,62.79,55.58,68.37,54.37,61.32,62.05,58.21,59.05,55.79,57.42,60.89,68.84,64.32,51.16,63.47,58.58,59.87
59.8,52.79,66.67,46.95,65.37,63.84,57.16,65.05,60.95,56.68,55.58,55.95,58.42,55.11,56.58,54.32,58.74,58.84,68.05,58.78
64.93,69.21,63.73,62.05,47.95,58.89,64.74,51.05,63.79,62.68,59,64.89,68.68,62.05,53.16,68.95,55.89,58.47,49.26,60.5
43.53,53.07,52,52.47,51.74,58.53,49.74,55.84,49.26,60.84,63.53,52.95,51.53,59.42,57.05,57,67.37,59.58,57.37,55.41
56.13,51.29,51.87,49.16,67.84,58.58,68.47,56.89,57.42,58.42,68.32,58.26,70.47,66.95,54.21,54.84,53.79,58.63,58.21,58.93
62.73,55.86,60.8,57.32,60.05,51.42,63.32,52.05,50.37,64.79,57.84,46.89,55.42,61.32,59.21,60.47,58.11,55.21,49.95,57.01
50.6,55.14,58.8,61.89,56.74,58.95,69.32,62.47,55.42,67.63,66.58,58,61.53,58.79,65.68,62.11,63.42,51.68,71.47,60.85
68.07,55.64,55.4,56.84,64.53,68.11,53.26,56.79,63.53,60.26,75.21,63.32,64,67.42,59.11,58.47,53.42,52.26,65.16,61.09
53.8,59.07,59.07,63.42,65.42,59.26,67.32,62.32,60.68,70.11,63.16,55.68,51.16,59.05,56,57.11,62.74,52.16,57.37,59.73
71.87,64.21,66.2,59.05,61.05,60.68,56.32,54.11,53.05,58.84,54.84,65.05,56,59.16,54,64.89,53.79,60.68,64.47,59.91
61.53,63.14,56.93,47.26,58.53,57.26,68.32,64.11,59.47,61.47,60.89,58.37,62.26,55.68,58.58,54.79,56.26,54.26,63.58,59.09
63.8,62.71,56.8,41.26,56.58,59.89,66.32,63.68,62.37,48.53,64.16,60.74,48.53,59.68,66.63,55,59.05,57.68,62.89,58.75
66.47,55.71,73.67,53.89,63.05,61.74,63.32,57.42,58.47,65.05,62.05,59.11,47.32,63,62.26,63.11,54.21,54.79,61.05,60.3
62.33,64.21,63,61.63,63.47,57.32,63.89,59.89,58.47,67.79,58.16,52.68,57.32,62.16,60.58,57.79,57.42,59.68,55.95,60.2
59.6,59.86,56.67,58.84,57.63,50.26,55.32,67.79,59.79,56.58,64.63,64.68,66,58,51.42,66.26,55.32,59.47,65,59.64
64.07,69.29,54.33,59.47,56.16,64.32,51.95,59.53,52.05,64.68,51.68,58.32,65.95,57.58,57.68,55.16,62.79,65.63,66.58,59.85
58.6,52.79,60.73,50.79,59.79,66.05,56.68,58.32,54.16,55.42,60.26,68.42,59.21,54.05,67.37,54.42,55.42,57.89,76.63,59.32
59.13,58.79,63.8,53.68,64.53,61.68,61.32,58.89,63.37,59.58,56.42,64.89,66.42,61.42,63.79,58.32,55.68,58.37,55.11,60.27
61.27,56.14,56.07,51.53,51.11,60.58,51.74,56.63,63.58,57.05,62.47,70.68,65.68,56.42,66.37,60.89,57.05,55.74,66.84,59.36
66,56.71,58.93,65.16,64.58,64.53,56.32,62.05,68.05,58.21,55.11,57.74,66.47,61.16,65.79,58,65,72.68,55.21,61.98
57,61.71,55.33,60.16,60,58.16,67.05,64.21,62.16,58.63,61.58,55.74,61.58,59.89,64.26,51.47,57.89,63.74,60.42,60.05
52.73,52.07,56.6,65.53,61.95,56.37,62.95,62.68,58.95,63.74,66.89,47.21,58.95,63.74,54.16,56.74,61.74,58.16,61.58,59.09
60.13,50.43,57.33,56.84,59.42,56.11,54.89,59.63,63.63,59.58,60.47,56.53,61.79,55.53,52.63,57.58,64.74,52.95,58.32,57.82
53.27,69.86,56,57.21,67.63,56.68,63.05,54.11,67.21,65.53,61.47,55.21,62.26,60.32,67.05,60.37,52.26,61.05,54.21,60.25
54.2,49.86,57.93,66.47,59.16,57.05,60.58,57.16,73.74,55.89,52.79,62.05,59.53,63.68,63,57.11,54.42,60.74,57.84,59.12
60.47,60,54.93,57.21,54.58,65.74,57.58,58.53,65.68,72.32,60.37,67.42,50.32,57.21,55.79,58.68,52.37,62.79,59.11,59.53
66.53,52.14,64.6,64.58,57.11,64.47,65.42,58.53,57.63,65.63,60.68,54.37,55.05,62.53,68.68,51.16,69.63,51.58,74.21,61.29
64.27,62,60.53,60.05,62.11,62,50.42,58.58,66.32,56.26,63.84,58.58,62.74,57.16,55.63,54.16,65.16,56.58,64.05,60.02
64.87,60.64,63.07,61.11,63.21,61.68,68.58,56.95,66.47,55.42,57.68,55.42,66.84,60.74,66.58,51.89,60,61.84,59.05,61.16
54.53,57.57,52.07,62.89,61.05,54.37,53.63,52.16,62.05,60.11,54.42,55.68,52.79,60.74,56.11,67.53,65.58,62.84,68.58,58.67
58.6,69.07,58.73,60.89,57.42,54.21,53.42,57.53,53.05,59.58,61.84,62.32,59.42,62.26,57.11,64.32,57.11,68.84,62.79,59.92
58.93,60.29,55.2,65.32,63.16,60.74,67.32,60.05,63.42,59.58,60.63,57.68,61.37,60.32,60.53,59.32,57.21,51.89,58.53,60.08
63.07,63.29,65.4,58.58,59.53,53.21,58.68,62.79,65.42,55.16,60.32,58.53,66.47,63.58,62.68,57.21,58.42,59.74,72.79,61.31
73.27,56.79,53.4,60.74,54.37,57.95,60.79,62.42,67.37,50.11,56.58,56.63,73.32,50.37,57.05,61.11,57.68,59.84,53.68,59.13
69.73,55.93,58.6,51.05,59.42,71.89,51.74,58.32,54.79,57.68,59.95,57,59.42,56.53,65.47,69.26,60.89,54.42,63.74,59.78
59.33,69.29,62.07,55.32,58.47,48.63,65.63,63,53.89,59.74,52.47,61.05,57.84,52.58,63.47,61.32,58.21,59.11,50.79,58.54
55.2,58.86,70.2,52.74,54.63,67.16,65.21,54.11,65.74,56.05,60.95,62.05,54.58,59.95,65.11,65.84,58.89,53.37,63.16,60.2
64.27,61.14,54,63.53,60.95,55.58,64.42,64.32,63.95,60.63,56.68,69.53,56.16,54.53,55.84,56.37,58.68,60.32,60.42,60.07
56.13,58.79,61.6,52.74,53.32,59.05,55.05,68.53,54.68,63.53,55.21,58.63,61.74,54.53,63.63,60.84,58.42,58.84,64.32,58.92
59.8,62.79,54.33,58.05,65.95,70.58,54.84,53.68,67.05,63.79,55.53,61.32,56.05,63.05,56.68,65.26,56.79,57.68,68.16,60.6
52.2,51.21,60.4,51.58,46.37,66.42,67.37,62.16,63.79,60.26,54.05,61.47,43.95,58.42,55.16,61.32,56.37,55.74,56.47,57.09
68.87,49.29,65.2,69,61.58,57.63,55,62.32,66.16,61.26,61.79,63,59.58,48.26,69.95,54.68,56.47,55.26,58.32,60.19
53.6,55.14,56,63.58,54.84,57.84,54.32,57.95,62.42,67.58,61.79,48.26,62.53,58.53,58.89,57.89,66.79,66.16,63.53,59.35
59.8,57.29,58.2,52.89,60.58,62.58,58.89,53.11,50.26,73.26,66.16,68.58,60.11,69.47,60.58,61.89,58.16,60.84,62.95,60.82
57.6,48.64,70.53,59,59,54.21,59.68,56.58,53.16,54.68,56.11,51.26,65.11,60.53,46.16,58.37,57.95,62.74,61.53,57.52
55.47,47.36,65.13,55.16,62.32,63.74,62.26,57.84,50.53,49.63,60.84,63.79,75.95,58.68,57.37,65.21,63.37,61.05,63.26,59.95
66.13,57.29,59.6,58.95,62.74,64.53,59.37,54.53,58.79,52.32,62.79,65.11,59.11,66.79,52.53,65.79,64.26,57.26,63.89,60.62
62,59.93,60,58.32,61.84,59.79,64.16,65.26,63.58,51.37,66.53,60.16,53.26,57.63,71.42,64.89,49.63,60.26,51.05,60.06
55.87,66.93,64.6,57.95,78.68,67.95,58.21,59.47,64.47,67.84,57.42,53.58,53.74,57.53,56.42,66.11,53.42,60.42,61.79,61.18
59.47,65.57,69.2,65.21,48.84,65.16,66.89,51.53,64.63,66.63,52.32,55.47,60.47,59.89,50.16,57.47,67.47,58.84,62.53,60.41
57.87,51.21,55.67,70.11,59.11,68.74,67.53,56.95,53.74,65.05,60.79,59.11,58,54.68,54.68,53.16,56.32,60.63,65.74,59.42
59.4,64.5,69.73,61.53,55.05,60.05,56.63,54.95,59.37,61.42,61,57.32,61.95,53.26,58.53,62.53,65.53,52.74,60.63,59.8
56,57.79,60.13,61.26,65.53,59.26,61.79,70.37,60,66,52.37,66.47,54.11,47.63,51.74,57.63,52.21,61.95,65,59.33
59.93,55.5,51.27,57.68,56.89,48.37,51.47,60.53,62.84,60.74,44.84,55.37,59.63,62.21,58.63,60.84,54.74,53.89,68.89,57.07
61.53,64.36,63.53,59.37,55.95,67.53,66.53,62.84,65.84,58,62.74,60.16,61.74,58.21,53.11,59.42,64.58,60.89,62.79,61.53
53.4,70.57,63.07,64.68,58.89,54.95,46.26,57.11,57,55.05,60.11,57,56.68,51.89,64.05,57.42,61.53,58.95,62.47,58.48
58.53,60.21,59.13,55.95,68.47,61.21,57.11,58,65.95,52,55.68,56.05,54.21,61.47,52.42,57.58,51.74,62.21,64.89,58.57
49.6,63.86,66.53,54,55.26,68.05,59.21,58.47,66.21,56.63,60.84,58.95,48,59.37,59.16,59.42,66.63,51.42,61.53,59.11
56.8,64.14,56.2,64.37,52.74,49.42,46.21,54.47,64.05,56.16,50.05,51.63,62.58,62.32,66.95,59.68,54.47,71.26,49.05,57.5
46.67,59.29,54.13,54.37,54.11,61.05,52.16,67,63.11,60.79,64.21,66.68,48.32,72.53,62.16,60.47,64.11,56.63,63.37,59.53
62.4,53.14,64.6,54.74,60.47,57.26,66.11,55.11,60.11,57.53,68.53,59.26,61.95,54.58,49.84,60.74,64.05,58.63,54.37,59.13
58,56.5,56.87,66.05,60.89,54.95,61.42,61.89,55.53,58.89,66.95,53.37,58.79,55.11,71.32,51.53,58.11,67.21,55.11,59.39
56.73,59.93,70.2,56.32,63.84,65.53,63.42,52.16,50.32,63.58,60,67.53,56.79,54.26,53,60.89,69.37,59.68,57.89,60.08
52.27,50,53.8,56.63,52.89,69.84,54,56.21,53.58,68.79,57.74,51.74,46.79,67.11,66.42,68.26,61.47,61.58,50.79,57.89
57.07,58,62.87,57.53,54.16,61.79,66.79,60.63,45.42,58.32,64.21,48.32,56.95,56.42,62.32,62.74,59.58,61.84,59.53,58.66
65.67,64.36,61.2,56.21,57.58,53,56.79,64.37,57.53,54.05,52.53,68.11,59.95,61.05,64.26,63.95,54.63,56.84,58.37,59.5
65.13,67,55.73,60.53,64.89,60.53,67.32,63.42,61.63,53.84,62.42,63.58,66.68,56.89,63,58.05,59.42,58.74,58,61.41
55.27,58.86,51.13,57,60.47,67.68,53.63,62.58,62.74,65.89,57.47,52.58,58.26,62.47,59.26,52.68,63.05,58.21,64.79,59.16
56.47,70.07,53.47,54.79,63.74,59.95,60.79,58.32,67,57.26,53.84,49.53,60.63,61.79,62.37,65.32,60.05,56,52.74,59.16
59.87,54.57,54.8,66.68,65.37,61.32,57.37,59.42,62.21,58.47,47.89,45.16,67.26,59.89,43.42,61.21,62.89,62.11,64.89,58.67
58.87,64.86,65.6,64.58,61.63,57.47,57,65.47,62.26,59.05,58.84,59.21,58.95,61.11,51.95,66.16,67.11,60,49.74,60.52
62.33,66.43,68,61,56.47,53.58,68.63,48.53,60,61,68.05,67.53,61.21,56.47,66.95,68.84,64.84,57.68,48.37,61.36
57.73,60.29,57.93,64.53,63.84,57.32,55.16,60.32,62.26,60.47,60.16,65.89,48.32,65.95,58.68,58.32,50.79,61.58,68.26,59.88
59.87,57.5,59.8,63.47,55.79,67.68,63.63,64.21,58.21,66.74,67.79,65.26,56.37,48.16,54.11,62.16,64.58,52.26,50.37,59.89
60.6,65.64,55.2,63.47,51.89,52.53,62.74,61.89,63.47,49.47,67.47,58.26,58.89,58.47,68.32,58.79,53.11,60.74,62.74,59.67
63.13,72.36,61.73,60.79,66.89,64.26,49.16,53.11,56.68,50.26,58.89,60.32,69.84,65.05,62.42,62.58,62.05,51.21,59.84,60.56
51.47,61.64,57.4,66.11,61,64.05,56.26,60.32,64.53,69.26,58.74,66.37,69.63,59.37,56.58,65.37,56.53,63.47,62.26,61.6
50.73,66.57,54.73,66.21,65.16,55.79,52.42,54.79,50.47,54.05,61.68,49.68,68.11,61.16,60.74,55.32,51.58,60.89,58.84,57.84
54.8,52.93,56.27,66.42,64.37,64.95,65,61.47,61.89,54.84,52.58,61.26,54,64.53,62.21,69.95,55.58,55.79,50.11,59.42
54.33,60.43,66.13,57.63,65.47,60.11,60.37,53.53,64.26,64.05,54.32,68.05,60.95,60.11,59.95,69.79,58.74,66.89,68.42,61.76
54.73,53.64,67.27,64.11,60.16,58.63,61.63,54.89,51.05,60,56.42,60.05,62.26,43.21,55.58,55,44.53,63.53,60,57.19
58.07,65.79,65.27,54.37,59.58,53.95,48.74,65.84,60.63,48.53,67.89,67.74,61.63,52.47,56.42,62.68,51.21,52.53,53,58.23
62.13,52,57.13,72.63,58.05,60.58,56.05,59.26,66.47,62.05,55.58,53.74,52.11,57.11,60,58.42,62.95,61.63,64.63,59.61
63.73,63.14,63.67,68.79,64.53,60.21,58.79,65.37,57.84,66.79,57.32,62.53,57.58,62.79,63.21,58.53,52.68,62.11,65.63,61.85
58.67,68.21,55.07,61.16,57.58,54.11,56.11,65.74,60.37,61.95,72.21,59.84,51,61.74,53.79,61.16,61.26,59,59.05,59.89
66.07,47.79,50.87,56.58,56.37,64.58,62.68,63.42,58.95,54.05,64.53,65.63,49.42,57.95,55.11,59.89,59.26,53.05,65.37,58.5
69.13,58.07,60.13,61.53,54.63,57,60.42,55.63,63.68,56.32,63.74,58.21,56.21,60.42,54.21,57.42,59.21,59.42,64,59.44
66,63,58.6,55.84,55.47,56,53.53,69.63,59.58,67.74,70.68,58.74,61.16,59.58,58.79,62,55.47,56.95,51.58,60.02
63.47,49.36,57.07,53.21,54.05,60.42,61.95,62,52.26,61.95,53,62.42,52,55.95,58,50.84,59.84,60.58,69.47,57.78
56.67,55.21,51.73,53.42,50.84,58,55.95,68.84,52.74,51.84,62.47,71,53.11,68.47,56.21,57.47,66.58,57.26,56.47,58.12
57.67,48.71,60.2,54.05,61.68,58.47,58.37,64.79,59.32,54.11,57.74,62.32,54.58,47.68,62.42,63.58,63,66.74,65,58.97
57.53,61.57,54.6,67.42,46.79,61.16,67.32,57.32,60.53,59.26,50.37,57.32,59.68,62.58,63.16,64.89,66.53,60.84,61.89,60.04
48.47,64.64,59.4,55.26,61.79,66.63,57.89,54.63,55.84,58.89,54.42,69.79,65.95,52.95,64.21,68.26,49.84,64.84,68.58,60.12
56.93,54.21,50.4,57.21,48.63,61.37,62.84,61.21,54.84,66.95,53.37,58.37,67,57.11,54.89,63.47,65.63,60.53,66.05,59
82,52.79,63.07,64.95,62.11,70.58,61.05,48.84,51.84,56.63,58.84,55.05,66.47,61,64.84,57.58,63.63,60.42,68.37,61.58
62.2,64.79,59.47,58.53,66.58,55.89,60.63,68.84,64.37,50.05,60.11,63.95,59.16,60.53,56.11,51.95,56.32,55.95,53.26,59.4
61.07,57.21,58.13,64,54.95,61.89,63.68,53.26,53.37,63.74,62,63.84,59.89,53.58,62.84,67.37,66.21,61.74,52.16,60.05
68.67,61.64,64.33,64.37,47.32,59.95,55.47,63.74,57.47,58.47,56.53,68.05,62.53,55.37,55.63,49.32,60.05,63.74,69.47,60.11
59.87,74.36,54.07,51.79,69.32,57.21,58.37,53.58,55.16,57.58,66.58,55.11,58.32,53.68,59.95,60.26,53.26,65.37,55.05,58.89
69.6,76.71,65.53,60.89,60.11,55.63,64.26,64.21,59.11,58.26,60.84,57.53,51.37,63.95,57.68,58.53,55.63,61.79,61.74,61.23
65.93,61.36,66.13,60.32,53.79,42.84,56.53,61.26,57.26,65.37,59.26,49.58,57.95,53.74,52.47,63.58,69.21,61,54.84,58.55
51,69.07,56.47,73,61.26,59.37,62.58,52.05,55.53,61.79,50.95,62.16,53.16,65.21,61.58,56.95,57.05,63.21,55.21,59.35
55.4,52.93,51.6,53.11,62.53,62.68,63.95,61.58,58.47,58,53.84,64.58,66.53,63.63,61.89,60.79,57.26,58.79,70.32,59.89
53.2,60.43,53.93,59.26,59.84,64.11,60.79,59.89,61.26,54,58.63,56.42,55,52.47,59.21,56.68,65.32,53.53,62.74,58.25
65,59.43,63.27,59.95,56.26,53.95,64.74,60.58,69.79,59.95,63.74,61.68,52.37,55.21,60.26,63.53,55.68,62.58,51.42,59.97
67.2,56,60.13,55.58,56.58,53.58,55.21,58.26,51.42,61.89,51.68,57.42,62.95,61.84,61.79,52.32,53.79,61.26,55.63,57.61
65.53,51.93,65.27,65.47,73.74,63.53,62.32,57.58,64.84,48.84,65.58,66.32,57.26,56.26,48.79,55.89,55.05,55.05,64.68,60.21
57.4,60,58,59.42,50.58,53.05,53.16,53.11,65.05,62.53,48.74,62.63,59.95,47.37,59.58,59.16,60.84,50.16,67.42,57.27
64.33,48.5,53.53,57.11,53.16,60.95,63.53,57.47,57.95,59.26,63,55,59.68,54.47,56.84,51.74,63.58,59.58,63,58.04
64.27,67.86,52.53,60.89,63.42,67.42,65.53,58.16,58.68,49.89,64.42,61.26,53.16,54.16,58.95,58.84,61.05,56.63,55.58,59.62
61.4,57.71,67.07,58.47,61.42,50.74,59.89,63.58,52.63,57.89,62.05,55.42,54.74,69.42,61.32,61,60.53,63.74,49.37,59.39
51.2,68.71,52.33,63.16,66.16,65.84,63.84,58,65.26,59.68,52.32,64.63,58.37,66.53,49.16,71.21,52.95,65.11,66.95,61.13
64.4,66.79,67.4,62.95,64.16,62.95,61.16,64.05,56.32,66.68,60.89,56.63,62.26,60.47,72.16,57.63,52.37,62.21,49.95,61.65
56,61.29,48.27,60.05,55.58,62.16,63.05,61.47,63.11,55.89,60.68,67,63.21,53.05,49.63,61.42,63,57.53,57.89,58.96
63.67,59.93,54.13,52.74,57.95,54.79,59.26,56.53,52.68,67.37,64.84,63.32,59.16,53.79,69.47,56.53,59.68,63.89,60.42,59.48
61.07,67.79,66.8,56.21,57.84,54.95,61.63,58.11,65.32,53.53,59.74,56.58,61.58,56.21,59.89,60,51.68,61.32,51.79,59.05
70,62,59.13,63.58,65.37,60.74,58.05,65.74,61.89,64.05,60.84,60.74,64.05,70.74,64.47,65.63,70.16,63.32,64,63.92
59.33,64.21,63.4,57.47,63,47.68,52.53,73.68,74.32,66.05,67.79,55.84,66.89,54.05,53.79,52.11,65.84,54.21,62.42,60.77
62.53,53.71,60.13,63.84,67.68,59.68,67.68,59.95,62.68,54.84,61.84,60.63,52.32,54.16,58.11,65.68,55.05,62.32,55.26,59.9
64.73,64.93,66.27,53.68,64.63,52.79,52.58,65.68,54,54.95,60.68,67.68,66.32,64.84,60.32,57.32,63.42,59.11,58.58,60.66
49.47,59.43,55.87,54.11,56.16,59.26,56.26,61.58,57,67.26,65,51.05,53.58,49.84,60.21,50.11,61.16,53.21,47.89,56.23
57.93,50.36,49.73,57.21,55,60.11,59.63,70.74,59.21,57.32,61.16,68.05,67.05,50.89,65.37,57.21,54.58,58.53,64.37,59.18
61.67,45.71,56.33,60.42,57.21,57.21,60.74,52.58,50.74,60.95,64.16,60.16,58.74,54.16,57.89,57.53,55.58,60.79,55.26,57.25
60.2,65,55.47,67.05,60.47,54.21,63.74,62.26,57.58,53.42,66.95,53.53,69.84,64.68,60.21,56.84,54.53,60.58,56.74,60.17
60.4,57.14,67.33,51.58,46.26,55.05,60.11,70.68,51.11,64.84,57.63,64.74,58.16,59.26,55.95,60.58,63.05,60.05,60.11,59.16
54,65.07,64.73,58.58,62.37,59.37,51.63,66.37,58.95,58.74,58.63,63.74,67.47,64.42,57,62.47,50.63,63.26,60.32,60.41
72.4,53.07,61.6,58.89,61.58,58.53,59.79,53.79,64.11,50.42,56,69.05,61.58,59.05,67.95,53.16,60.32,63.58,66.11,60.58
65.6,54.79,61.53,51.53,57.47,62.89,51.11,53.21,57.68,61.53,58.89,68.21,58.21,47.89,64.74,71.53,58.47,58.16,63.63,59.32
45.2,56.29,56.8,57.68,61.74,59,56.05,38.32,53.95,60.95,59.84,67.74,63,59.84,62.79,61.79,60.26,55.84,60.95,57.79
55.07,55.07,69.33,65.79,60.26,56.89,61.32,67.21,60,61.32,53.68,58.32,61.37,50.89,53.26,64.37,58.05,74.26,54.47,60.05
61.67,58.14,49.93,51.68,74.21,63.21,57,71.68,61.05,73.16,58.53,57.42,62.26,65.21,56.11,60.84,51.05,61.74,53.84,60.46
58.07,62.86,57.53,65.89,65.11,61.11,55.89,57.21,64.95,53.42,61.42,64.16,60.37,58.84,63.53,65.89,63,63.47,55.47,60.96
60.4,67.5,63.93,65.53,70.11,67,67.63,57.58,54.37,60.05,60.42,65.37,65.84,65.16,67.16,51.89,67.16,63.16,65.58,63.46
63.4,51.36,67,54.16,56.63,67.26,65.05,57.26,60.05,61.58,62.47,51.32,58.42,66.79,67.63,63.21,56.95,64.47,63.63,60.98
68.2,59.79,62.8,60.95,67.11,51.79,58.95,60.16,61.42,66.05,49.68,59.47,56.58,62.37,58.95,58.79,56,61.37,62.79,60.17
40.33,52,53.93,64.26,55.42,59.16,53.74,60.05,56.16,66.53,55.84,61.79,50.16,72.26,57.74,55.58,63.32,64.05,57.37,57.88
48.27,71.29,60.33,57.26,53.32,56.89,53.32,58.89,62.74,57.26,66.26,68.47,69.11,54.47,60.32,56.79,66.63,53.21,51.37,59.27
62.8,65.21,64.87,59.79,67.58,59.47,60.79,59.42,65,53.84,65.68,61.58,62,66.16,58.68,60.95,53.84,61.53,53.63,61.2
63.53,69.64,66,47.74,52.74,62.42,62.37,54.58,62.58,66.32,55.21,67.58,57.26,61.63,44.84,52.37,60.79,56.84,58.05,59.08
50.8,60.57,59.13,58.32,61.84,61.63,57.47,59.21,57.32,50.79,59,63.05,57.89,60.89,65.37,58,62.11,59.63,61.63,59.19
62.53,54.21,60,57.16,58.63,57.11,63.26,60.89,48.05,64.89,55.68,68.53,48.68,54.32,50.89,52.89,68.26,67.26,48.37,57.98
57.33,48.36,68.07,56.16,49.74,61.47,57.26,66.42,51.32,58.21,57.16,61.32,57.89,59.63,65.63,73.63,60.42,59.11,49.11,58.85
55.67,54.86,50.2,55.21,55.32,63.42,66,58.11,55.63,58.26,55.26,60.53,70.74,64.79,57,62.11,62,53.05,57.79,58.73
54.47,63.29,72.4,54.53,56.26,58.53,69.63,69.16,55.63,48.84,63.63,67.32,63.32,59.47,59.16,58.32,55.21,67.42,60.47,60.9
48.93,69.07,56.87,51.16,58.63,51.47,63.95,58.37,58.89,56.21,64.16,54.63,67.89,62.26,59.47,64.32,58.63,50.32,66.63,59.05
55.8,62.07,63.4,53.11,67.68,63.05,48.42,58.11,62.89,67.63,54.16,49.37,59.21,53,66.21,59.84,61.89,67.11,63.26,59.8
68.2,69.79,61.87,56.42,60.37,56.37,57.11,50,63.05,66.42,60.42,60.16,60.53,70.95,48.53,53.84,58.63,56.16,58.37,59.85
57.67,54.29,56.53,62.21,51.11,47.21,62.84,59.42,55.37,58.26,54.58,61.53,63.32,59.58,55.95,65.47,64.05,62.32,65.47,58.8
64.13,73,63.73,58.53,63.58,57.16,50.74,64.37,61.16,66.26,62.79,53.95,57.47,60.05,71.32,56.68,54.84,60.21,56.63,60.87
56.73,60.07,53.67,57.84,48.74,56.63,61.37,56.42,57.21,64.63,59.84,63.37,59.26,59,62.32,67.63,55.53,57.16,71.68,59.43
57.13,60.36,64.33,60.16,59.21,64.26,48.63,58.63,61.42,57.79,55.53,60.42,61.84,61.11,59.16,58,57.74,61.26,64.68,59.56
56.13,50.36,47.8,58.58,51.68,56.53,63.95,51.79,71.74,55,59.16,61.84,63.26,54.63,54.11,55.95,62.37,57.21,53.89,57.16
49.8,62.14,52.2,67.21,52.53,66.05,63.95,60.05,55.84,57.53,67.58,68.37,58.74,62.79,68.95,55.74,56.79,54.21,59.42,59.99
59.67,65,64.93,49.79,59.74,54.95,58.68,57.89,53.21,62.16,55.37,56.74,48.37,63.21,61.53,55.32,63.74,54.11,67,58.49
57.73,48.71,58.27,63.89,53.26,59.89,59.05,53.42,58.53,58.63,63.68,57.37,52.74,74.53,53,56.79,55.63,62.89,59,58.26
53.07,69.64,52.6,61.26,56.68,57.89,62.37,53.84,52.89,55.58,53.68,50.21,65,57.63,55,51.16,61.53,64.42,62.21,57.72
67.73,50.21,64.53,58.11,74.21,54.26,62.05,55,57.89,52.05,62.79,61.11,66.79,60.21,61.58,56.58,62.42,69.32,58.95,60.83
53,56.71,54.47,56.84,54.42,54.37,60.32,64.11,61.42,51,58.95,64.74,56.63,60.16,71.58,57.16,60.21,55.47,59.89,58.5
57.87,53.07,56.27,55.68,57.58,55.16,62.16,59.32,54.84,64.05,60.26,62.11,50.11,53.89,51.58,54.84,57.16,63.84,58.16,57.26
59.6,49.43,61.4,64,63.89,53.84,64.63,62.84,64.74,62.63,59.53,59.68,65.68,55.89,53.79,57,57.37,47.16,61.47,59.19
55.8,46.64,57.4,69.42,52.84,56.95,62.84,57.58,61.11,67.74,53.84,51.32,62,49.68,54.11,54.79,54.11,59.84,67.53,57.66
57.13,56.29,73.53,67.16,53.89,58.37,62.68,56.42,60.79,62.16,58.11,57.79,62.63,57.37,56.26,63.16,57.11,57.84,52.16,59.52
62.67,54,51.33,60.05,66.68,70.32,62.53,63.42,56.79,54.37,62.16,67.26,53.74,54.58,65.89,63.89,53.95,59.32,53.79,59.83
65.27,62.29,72.47,59.42,52,60.32,61.53,57.95,60.79,58.21,65.89,59.42,60.32,60.63,63.53,60.79,56.37,65.84,72.26,61.86
70.87,53.93,63.27,47.79,64.79,59.74,71.05,57.95,52.89,63.21,60.26,61.11,56.95,63.53,64,57.21,59,57.16,65.21,60.52
51.2,51.86,52.4,62.05,54.95,54.84,57.05,61.79,51.58,64.26,51.26,66.68,50.26,69.37,65.05,64.53,55.32,69.42,57,58.47
52.93,55.86,70.8,56.74,61.84,53.89,56.68,64.05,57.68,62.95,58.68,50.42,53.95,67.53,62.05,61.47,54.21,66.21,57,59.21
53.6,61.71,63.87,59.11,60.42,59.21,60.84,69.79,55.79,63,59.11,64.05,58.05,58.74,63.11,56.68,62.37,56.11,71.42,60.89
60.13,62.57,59.53,57.21,59.37,58.84,51.16,59,57.11,71.11,60.68,58.37,56.84,62.42,61.63,47.79,58.63,62.21,49.42,58.63
46.93,54.93,65.73,54,57.84,66.63,50.42,57.89,63.58,73.26,60.63,60.11,53.21,62.89,56.53,56.05,65.84,60.63,63.26,59.49
58,56.07,53.47,58.84,72,60.26,56.05,64.53,62.79,58.16,63.16,57.74,65,61.53,52.11,58.89,52.53,57.89,53.63,59.09
66.27,47.14,66.6,60.21,56.74,64.58,70.63,52.79,53,58.79,60.47,56.21,56.74,57.26,55.79,63.79,50.63,59.89,54.79,58.54
50.6,59.21,48.73,56.11,61.95,65.37,51.32,58.16,64,45.21,62.26,58,58.79,60.32,61.42,66.63,51.16,56.16,56.37,57.46
66.07,56.21,56,60,64.05,57.47,64.47,60.89,51.74,62.63,52.63,57.42,51.79,63.53,50.42,48,61.16,54.63,62,57.95
49.33,68.79,64.8,63.37,53.05,58.47,60.84,69.63,63.37,61.32,63.89,53.89,56.42,60.95,65.11,60.47,51.42,59.68,57.79,60.14
64.07,54.36,63.4,64,59.11,57.42,59.26,60.47,55.89,64,61.37,52.37,60.63,59.58,50.89,59.42,58.68,59.21,62.89,59.32
63.07,49.29,55.87,58.68,60.47,63.47,64.47,63,58.42,60.42,46.47,57.58,56.95,54.58,61.26,56.74,68.68,73.68,65.89,59.95
50.4,66.5,57.47,63.21,59.32,58.63,52.53,57.79,50.05,53.32,67.32,54.26,61.47,62.63,66.26,57.32,60.68,64.05,56.53,58.93
60.53,48.71,55.73,51.89,65.47,61.11,59.32,59.42,57.89,49.74,54.05,56,50.47,59.42,69.74,57.53,63,58.26,68.11,58.23
65.27,62.21,55.67,64.58,55.26,51.84,66.05,57.95,64.84,62.63,68.68,52.74,58,56.79,50.05,55.47,65.21,69.74,51.84,59.73
56.87,59.5,58.2,64.68,52.32,59.53,53.05,51.95,50.63,58.74,61.95,49.05,64.16,49.05,61.26,57.84,59.53,51.21,59.16,56.77
66.67,50.86,65,55.05,52.68,57.74,52.26,60.47,60.95,53.89,61.32,48.68,65.37,57.68,62.89,55.47,61.47,63.21,58.53,58.43
52.27,61.07,64.8,49.42,63.11,57.47,64.84,57.63,56,52.58,57.53,62.21,44.79,56.63,61.32,59,59.05,54.58,64.89,57.85
65.6,49.5,50.6,55.89,56.79,64.11,56.89,52.74,57.74,59.32,50.89,56.79,62.37,59.32,65.68,65.89,66.58,54.79,50.79,58.01
59.87,63.86,60.93,49.21,64.47,66.42,50.89,58.16,68.47,69.47,58.84,62.32,54.84,57.32,59.37,65,56.21,70.89,61.16,60.93
62.27,48.64,58.67,60.16,59,61.79,61.05,51.32,58.11,62.16,59.79,59.42,53.89,57.53,53.84,55.05,57.95,46.63,59.84,57.22
56.93,45.57,70.13,66.84,64.84,64.84,58.05,66.68,54.53,63.79,53,62.21,61.26,56.47,58.53,61.26,50.05,58.53,61.79,59.75
57.6,65.57,64.47,66.42,60.79,56.79,64.05,64.26,53.32,63.37,49.47,71.53,52.89,57.58,53.21,59.26,65.05,50.42,60.16,59.8
57.4,62.71,49.87,53.47,65.74,62.32,58.21,59,64.26,61,56.84,53.89,55.11,52.42,43.89,58.68,52.11,55.37,53.11,56.6
44.4,52.21,61,48.42,59.74,55.95,72.11,49.84,55.84,52.16,62.95,56.11,67.37,55.21,58.42,65.11,54,52.26,59.53,56.98
50.4,61.36,53.47,69.47,50.47,64.21,67.53,67.74,58.95,62.16,62.47,50.79,57.63,49.16,65.63,59.95,61.79,62.32,47.42,59.1
60.27,68.29,54.13,61.68,61.11,59.32,63.26,59.37,57.11,54.21,60.79,58.95,60.53,61.89,57.11,58.05,52.42,67.84,53.58,59.47
51.73,61.07,66.07,68.21,63.63,51.74,66.16,64.21,59.84,62.32,63.79,62.11,56.42,61.42,57.37,50.74,62.32,51.11,59.68,60
54,49.5,64.73,52.16,56.84,61.79,59.74,56.21,61.89,67.42,59.37,67.42,63.84,69.79,59.68,67.26,62.42,73.21,53.32,61.08
51.2,55.57,66.67,64.95,58.26,52.16,56.68,60.95,56.32,57.32,62.89,64.89,62.89,50.58,54.16,60.53,58.21,49.79,59.32,58.07
52.13,62.21,54.73,59.74,60.68,68.11,59.74,69.95,56.47,58.63,66.95,59.89,58,58.16,64.79,57.63,60.58,65.11,54.53,60.42
48.27,54.36,54.13,60.05,61.58,65.37,62.37,68.42,62.68,53,63.53,59.53,59.63,52.95,58.16,51.79,68.47,54,58.21,58.76
64,67.43,50.67,59.42,49.68,57.26,59.42,56.74,62.53,64.74,65.63,60.89,66.84,54,64.58,67.11,67.05,56.32,52.26,60.35
61.4,53.14,64.67,53.16,67,56.68,58.63,64.32,70.47,59.42,57.16,59.32,48.26,54.84,66.89,58.89,72.11,58.95,61.58,60.36
51.27,62.93,57.13,61.11,58.63,53.63,58.47,56.16,61.84,52.95,55.58,59.26,58.16,57.16,53.37,58.79,63.68,51.37,60.63,57.48
52.53,59.29,66.27,54.74,62.79,55.79,49.53,67.74,55.47,54.79,47.16,56.53,56.47,56.68,61.89,56,58.37,54.68,59.89,57.19
54.53,53.79,54,62.58,52.32,52.79,69.79,55.32,59.95,53.05,60.47,64.32,63.89,56.32,64.42,49.74,58.42,67.16,55.89,58.35
67.87,59.29,48.67,63.68,58.89,53.95,54.79,59.79,62.68,56.89,68,65.89,59.11,54.68,66.05,64.32,63.26,62.68,57.68,60.43
53.2,59.71,52.6,55.53,64.68,60.37,59.53,64.11,59.47,70.47,58.79,57.26,55.58,58,60.95,55.53,55.84,61.32,43.63,58.24
60.27,48,52.8,51.63,48.42,53.37,61.89,60.74,57.58,58.74,58.84,61.21,51.11,53.53,63.95,56.47,53.53,60.53,54.32,56.15
52.67,61.57,58.87,57.11,62.11,57.74,53.63,65.16,68.63,57.68,66.95,59.53,65.42,59.68,64.26,58.47,63.21,64.79,57.53,60.79
67.4,48.79,60.07,63.42,64.84,65.68,49.21,62.89,73.84,51,62.95,62.79,69.58,53.53,58.84,57.16,57.58,51.68,45.68,59.31
60.13,56.36,65.93,60.11,63.84,63.63,57.26,64.68,59.32,56.21,61.63,52.47,60.84,57.16,55.32,51.53,61.16,62.53,58.37,59.39
51.93,55.93,54.8,59.11,61.63,67.26,65.84,59.79,67.16,57.53,53.74,61.21,64,63.53,67.74,55.47,54.79,52.47,61.53,59.76
68.6,57.43,56.53,56.58,58,62.74,51.32,61.53,61.53,59.47,58.58,49.63,64.32,63.63,52.11,62.05,75.21,65.05,61.32,60.3
54.4,50.43,75.4,61.84,59.11,60.21,58,61.47,50.89,51.63,57.84,60.89,62.53,65.89,64.37,58,65.11,59.16,58.53,59.77
58.6,46.57,48.67,68.89,53.37,62.32,56.63,54.84,67.26,64.79,66.16,52.79,57.68,55.32,54.74,69.58,60.53,60.05,54,58.57
61.6,49.86,53.6,69.37,60.53,56.16,52.05,55.53,65.89,60.89,64.53,61.37,61.68,48.95,47.47,50.79,62.05,66.32,56,58.14
63.2,65.71,53.13,55,68.79,50.32,59.05,63.42,54.53,69.84,62.11,57.95,67.68,51.58,56.21,67.47,62.26,56.79,63.32,60.44
61.53,68.43,63.13,48.74,54.37,55.53,46.32,60.37,65.21,65.74,53.58,63.37,56.05,58,63.68,55.37,54.84,64.21,59,58.81
60.07,52.71,56.93,70.11,61.47,63.84,69.58,63.63,67.26,56,61.63,70.05,48.68,59.63,56.11,57.89,47,62.84,62.16,60.4
55.67,48.29,63.07,52.63,65.32,61.26,51.37,50.68,70.89,54.74,65.95,48.63,48.95,60.11,60.21,63.21,57.11,53.47,58.79,57.39
46,61.79,61,59.11,61.47,64.95,63.79,55.68,68.95,53.63,55.32,61.89,58.16,55.16,60.89,58.58,58.79,62.68,50.21,58.84
60.2,59.86,52.67,54.47,55.26,63.84,58.47,59.21,50,60.53,66.16,55.16,59.63,58.42,54.58,59.53,57.26,60.05,58.47,58.09
62,60.43,59.47,64.26,61.84,62.74,59.63,47.47,56.95,59.68,62,61.05,67.79,53.11,59.37,53.26,60.11,62.37,58.95,59.6
52.13,54.07,52.73,59.53,57.84,61.74,58.84,60.79,63.63,56.47,57.42,59.37,65.21,54.11,63.11,50.58,64.26,53.53,58,58.07
66.87,62.36,56.93,56.32,51.53,51.37,56.95,60.26,56.26,48.89,57.11,52.68,61.95,65,63.05,61.63,49.95,53.42,55.74,57.28
55.47,59.14,66.27,51.74,56.84,65.58,61.37,57.79,63.32,63.95,67.47,60.58,58.26,63.84,55.21,67.63,61.26,60.79,51.79,60.44
53.67,55.71,68,55.42,62.16,56.32,59.95,58.79,58.21,58.74,56.58,59.84,57.84,61.74,64.26,59.68,60.58,59.63,60.26,59.34
63.93,49.57,62.87,59.05,63.42,54.47,54.79,51.74,63.95,61.42,62.47,52.26,57.79,70.84,58.11,64.74,58.37,58.79,59.42,59.37
61.6,58.29,56.4,69,66.84,68.53,58,55,54.58,67,62.79,53.47,56.21,55.89,56.37,58.68,61.32,59.32,55.89,59.75
57.07,68.57,56.67,48.47,53.84,61.84,60.21,49.89,53.42,61.47,58.89,56.74,64.95,45.84,54.95,64.32,64.16,58.79,56.26,57.7
55.47,60.5,66.67,53.05,59.89,58.37,68.47,61.53,54,52.58,60.26,60.63,60.53,58.47,60.74,64.11,58.26,66.21,57.05,59.83
49.27,65.93,71.73,72.05,61.74,53.63,68.63,59.32,50.63,64.79,50.68,58.26,68.58,46.26,60,56.74,65.53,55.42,49.84,59.42
54.47,62.14,57.53,60.42,56.84,53.95,59.58,53.84,60.11,60,49.68,60.47,60.74,56.37,44.89,64.63,54.53,56.21,61.05,57.23
44.33,68.29,52.4,52.74,52.89,53.58,63.32,66.37,51.16,64.84,59.47,57.68,55.68,55.84,59.74,57.37,56.37,58.89,59.68,57.4
56.2,49.86,49.8,61.74,54.79,62.11,60.21,59.05,47.95,55.95,59.53,67.79,60.21,53.89,57.05,63.74,71.58,74.53,61.63,59.35
54.53,60.36,61.67,57.84,59.74,61.68,53.95,61.95,57.79,64.84,63.32,57.11,60.11,64.68,66.32,63.21,61.84,60.68,54.79,60.34
75.8,66.5,60.47,66.21,65.47,57.68,48.53,68.68,57.05,55.63,64.53,60.68,63.32,47.58,53.89,62.47,58.68,66.68,66.79,61.4
61.53,63.21,50.53,60.68,46.47,64.53,65.95,61.42,57.63,61.05,63.05,53.05,59.53,60.68,50.16,76.89,49.05,53.11,56.26,58.67
53,59.64,55.27,64.84,59.58,59.84,54.11,57.89,47.95,65.47,53.89,62.32,63.95,54.95,54.89,63.89,57.11,50.21,61.89,57.93
57.67,56.07,58.67,53.05,56.32,54.05,59.26,58.11,59.21,57.32,60.26,61.84,60.21,54.53,62.74,51.79,68.21,50.95,61.95,58.01
62.87,61.07,62.33,67.42,52.68,54.05,61.26,62.21,56.37,63.11,65.58,55.58,61.16,57.37,65.37,46.68,52.63,58.89,57.68,59.17
60,43.86,63,56.37,59.58,65.74,62.68,58.42,72.47,59.58,63,60.21,65.53,59.89,60.95,58.47,68.16,61.63,60.11,61.03
74.53,65.43,65.87,64.95,54.79,59.63,49.53,56.95,62.74,64.47,65.42,65.74,59.42,52.53,60.58,51.84,53.16,60.26,68.95,60.88
68.27,61.07,62.8,64.42,63.11,60.95,52.63,56.79,58.21,62.84,50,57.21,60.37,55.89,58.63,67,55.26,54.53,56.21,59.27
48.8,74.71,55.87,66.79,63.79,51.37,67.95,67.11,58.89,60.21,57.11,50.84,61.53,64.79,51.53,65.26,55.32,55.79,61.16,59.94
59.2,62.07,55.93,62.42,59.42,68.11,65.47,66.21,55.32,56.37,62.95,52.74,58.79,49.26,55.84,63,59.21,69,59.26,60.03
62.6,65.57,57.87,56.32,59.53,63.63,62.58,60.05,63.21,61.95,62.37,61.47,66.21,64.42,69.84,59.79,59.68,66.21,60.79,62.32
55.27,47.64,51.13,62.37,61.32,69.79,70.58,65.47,59.42,56.68,67.37,55.63,65.84,61.68,54.74,51.89,57.58,60.32,54.05,59.41
50.6,66.93,59.27,64.11,51.74,49.42,55.37,58.95,48.84,62.84,62.05,60.21,63.05,50.95,60.79,64.21,57.89,63.79,59,58.42
65.93,52.64,51.93,57.11,66.95,48.79,60.37,69.42,65.16,60.16,60.16,51.47,59.37,63.95,59.16,66.32,58.79,55.63,57.95,59.54
57.87,71.21,54.87,64.16,62.05,58.26,65.79,59.63,50.84,54.42,53.26,62.11,62.68,67.21,51.11,59.11,61.47,63.68,61.95,60.09
60.27,53.79,58.93,55.74,62.42,54.21,65.16,61.89,64.63,69.16,70.32,56.68,53.74,59.26,49.21,53.74,60.79,65.79,58.16,59.68
65.33,74.14,61.93,65.79,59.68,58.05,59.89,50.95,48.53,62.11,58.79,62.53,60.11,57.05,58.21,63.95,68.63,64.74,58.37,60.99
58.33,63.43,64.4,56.95,60.47,59.74,58.53,69.26,59.68,66.42,58.84,55.63,58,57.53,66,46.47,51.21,56.47,61.47,59.41
59.4,59.5,73.2,62.42,48.47,59.84,63.79,61.16,61.21,59.95,57.95,58.84,66.11,68,65.05,61.11,64.74,54.68,68.11,61.76
54.4,65.29,62.2,53.16,57.05,57.32,59.47,63.95,60.37,50.37,62.95,64.16,44.05,61.11,60.47,60.21,49.53,66.05,53.89,58.21
55.53,50.57,66.33,57.74,66.37,63.63,60.63,59.53,49.42,60.16,64.58,63.74,61.21,66.84,61.68,49.21,59.42,68.05,52,59.82
51.8,54.79,54.93,63.47,56.89,57.95,52.37,59.79,66.63,54.42,58.63,63.68,62.63,52.37,56.32,62.58,71.42,62,65.79,59.39
61.6,62.93,56,57.21,55.84,61.63,61.63,58,58.79,60.79,64.74,60.68,51.95,60.58,51.42,60.58,61.16,52.63,61.89,58.95
54.73,62.36,59.47,61,58.16,58.95,61.42,52.42,53.89,59,63.26,61.11,63.26,58.68,53.58,66.37,61.16,58.26,59.58,59.3
49.4,47.36,52.33,50.58,51.84,61.63,64.26,55.74,56.05,61.32,61.68,56,56.58,65.95,59.53,66.42,60.42,45.42,58.21,56.88
56.87,49.29,62.4,66.37,60.74,57.84,56.79,58.37,59.63,51.89,54.58,61,61.89,52.74,55.37,62.11,62,58.11,63.21,58.48
53.67,64.43,49.13,63.63,56.53,50.47,68.37,60.37,61.74,57.21,53.53,56.47,61.68,63.63,54.84,64.53,66.37,58.26,57.11,59.05
58.07,61.07,60.67,62.63,62,52.32,59.26,57,56.95,63,70.26,53.68,59.84,56.84,66.32,62.21,57.58,66.11,51.84,59.88
56.8,67.64,56.6,67.21,60.26,63.21,51.21,57.47,60.42,69.16,65.16,53.58,55.79,59.89,57.16,61.21,54.26,55.37,67.11,59.97
54.73,64.64,52.53,61.21,56.42,58,64.53,70.74,59.58,46.58,62.26,58.05,60.58,60.11,56.05,65,69.05,51.95,59.95,59.58
64.47,64.14,61.67,53.21,70.42,48.95,62.89,52.74,53.42,58.58,53.26,68.84,55.16,58,57.84,57.68,63.21,60.63,53.68,58.88
64,58.64,58.6,53.42,61.74,54.58,60,53,51.26,61.26,55.68,62.95,63.74,57.05,58.26,60.26,60.95,57,55.26,58.3
60.8,61.21,60.07,61.89,61.74,62.26,62.32,60.53,58.84,63.16,63.68,57.11,56.37,57.32,59.47,68.21,70.68,54.63,63.21,61.24
55.47,56,61.8,57,60,54.58,64.89,68.53,58.63,57.37,55,58.37,54.79,57.63,60.37,57.53,63.79,58.37,61.21,59.02
58.73,69.64,68.13,66.63,53.95,62.21,63.42,61.05,52.95,59.47,59.05,66.26,56.37,56.95,60.95,53.58,50.79,63.11,55.89,59.95
65.07,60.14,65.67,64.26,60.58,59.47,58.95,67.63,63.58,58.16,51.37,60.63,62.26,66.32,61.58,62.53,51.84,52.68,58.63,60.6
64.13,61.5,62.87,61.89,56.89,61.47,57.32,53.53,59.63,54.89,59,65.84,52.84,61.47,57.16,57.37,54.89,50.63,65.05,58.86
57.13,49.14,66.87,64.26,61.95,62.16,62.58,54.95,60.26,58.32,53.26,54.68,58.21,59.26,55.47,68.42,55.89,51.53,55.74,58.43
56.4,57.43,61.27,60.53,61.26,46.95,64.79,60.21,57.58,48.63,61.74,72.89,60.74,62.42,53.84,62.53,70.21,61.84,62.16,60.18
55.47,51.29,66.07,52.32,60.63,67.32,52.68,61.89,58.68,61.63,50.79,58.05,63.84,51.89,56.21,59.32,64.47,58.37,61.63,58.56
55.2,59.79,64.67,60.68,54.74,62.11,58,66.68,58.79,52.68,65.11,66.42,55.47,61.74,73.79,52.32,58.16,55.21,59.26,60.04
61.33,63.86,55,60.11,62.74,52.53,61.89,60.37,61.89,56.89,59.68,56.16,56.05,56.58,59.05,63.42,62.89,65.47,59.63,59.77
67.13,54.93,59.6,62.79,49.42,51.79,52.42,61.84,57.37,62.53,61,56.37,63.74,57.95,61.95,60.89,56.37,60.74,61.16,58.95
68.07,55.36,51.93,52.37,57.79,61.32,60.47,56.47,65.58,56.42,59.53,61.58,54.47,60.84,63.16,56.32,64.42,59,60.26,59.23
66.6,60.21,53,59.58,60.84,62.68,54.95,55.79,65.05,67.89,62.47,60.47,55.79,58.84,56,52.42,58.05,60.26,60.05,59.52
61.07,57.93,62.33,56.05,50.58,67.37,61.42,64.32,58.37,71.58,55.21,67.63,56.79,60.11,60.42,68.53,60.74,49.95,57.68,60.42
56.47,53.71,48.2,63.42,64.95,63.16,54.79,58.95,57.89,55.89,45.32,61.84,53.16,70.63,60.11,61.11,58.79,51.95,66.95,58.28
53.27,66.14,57.67,65,59.89,69.68,55.84,64.37,64.63,68.32,61.11,69.11,64.26,58.53,58.37,63.79,64.42,61.63,56.53,62.24
64.53,59,56.53,55.32,57.74,68.11,64.11,58.21,55.42,57.11,64.53,56.58,62.47,57.89,59.74,60.68,70.32,59.47,57.79,60.29
57.8,51.43,69.33,54.11,56.53,58.47,56.74,65.21,47.63,47.26,63.16,57.84,64.95,60.47,52.05,55.05,62.47,69.42,68.95,58.89
50.93,63.43,60.67,59.95,59.21,58.47,65.58,73.79,62.53,56.16,61.68,61,66.32,45.79,68.37,55.79,56.16,55.63,57.74,59.96
51.13,63.93,52.27,59.37,53.16,55.63,63,69.95,66.05,58.21,54.05,66.05,50.58,61.63,58.37,62.32,59.79,61.68,50.74,58.84
48.93,82.14,50.2,62.37,59.11,66.79,57.37,52.79,54.58,59.16,47.11,60.63,54.47,64.58,54,59.74,69,69.05,61,59.63
62.93,54,57.13,60.11,63.79,55.89,59.16,58.79,61.21,60,54.89,40.74,55.58,57.16,55.16,59,59.16,48.68,63.26,57.19
62.2,60.71,56.73,56.05,66.05,73.37,65.11,61.21,55.32,62.11,55.32,61.16,67.21,60.42,58.05,58.74,54.63,63.11,65.26,61.2
60,37.93,66.73,63.74,55.21,65.05,61.32,51.37,59.42,63.32,60.89,66.16,58.32,60.32,61.68,65.11,76.68,57.37,63.63,60.75
62.07,57.21,55.67,60.53,55.95,64.16,59.11,54,62.11,60.68,58.16,60.68,63.95,62.16,59.21,64.32,60.26,54.26,65.53,60
62.6,70.07,67.87,55.89,72.11,67.95,64.47,68.37,61.74,48.47,61.95,57.58,59.74,57.26,63.37,61.05,55.47,63.37,64.79,62.32
65.27,59.5,51.4,65.47,52.79,53.79,67.32,63.53,61.63,60.32,60,63,54,60.74,55.32,62.37,59.74,61.42,61.05,59.93
63.87,58.79,56.07,62.16,47.37,52.42,57.47,59.79,63,68.16,63.89,61.26,63.79,60.26,60.11,69,60.68,56.32,61.26,60.3
55.87,63.29,59.67,58.74,58.11,72.58,60.84,61.74,54.11,64.63,60.47,66.11,51.47,61.79,63,52.74,52.74,64.68,59.21,60.09
51.2,65.57,57.73,56.37,43.74,56.42,65.68,60.95,64.21,51.79,59.79,56.68,63.89,53.74,59.11,54.37,55.84,57.16,54.68,57.31
70.2,56.36,66.87,55,60.53,55.84,64.26,55.53,67.53,65.16,56.47,62.84,62.47,66.21,61.05,61.74,56.05,65.53,65.26,61.84
55.67,60.21,68,59.26,63.47,56.58,53.11,58.11,57.84,56.21,66.58,62.53,59.16,67.47,62.53,61.11,55.68,56.84,61,60.07
62.8,65.14,59.47,60.32,58.32,58.21,61.79,60.42,44.47,56.05,65.37,63.11,52.11,57.32,59.95,64.26,61.68,65.58,58.21,59.71
64.33,58.93,59,63.95,61.84,57.84,56.95,62.74,56.84,66.11,53.84,63.32,59.11,56.68,63.58,52.84,65.84,63.32,60.58,60.4
64.67,58.43,57.07,55.74,63.42,57.58,61.42,66,63.58,69.21,55.84,63.84,56.21,57.47,56.79,63.32,63.37,58.58,57.74,60.54
54.07,56.07,70.47,65.89,55.32,56.53,59.84,55.68,62.63,52.53,63.68,53.53,52.42,55.11,56.68,58.68,61.11,55.58,62.05,58.31
54.67,58.93,60.27,56.32,67.74,54.21,58.74,58.32,61.32,63.42,63.95,58.53,68.42,57.21,60.26,63.05,54.05,63.11,59.32,60.1
54.2,54.71,62.67,64.05,59.32,59,60.11,61.95,56.05,61.74,54.47,63.26,61.89,48.89,63.11,56.84,54.63,57.16,64.11,58.85
59.87,55.93,54.07,59.05,69.37,59.53,53.79,51.58,57.53,67.21,59.42,65.42,54.89,70.84,61,56.58,62.11,56.53,53.16,59.36
57.93,58.36,59.07,64.42,65.89,58.79,66.95,62.63,63.05,50.53,60.42,57.74,50.74,56.53,51.37,67.47,51.05,61.89,61.11,59.26
66.47,57.07,66.73,55.47,61.05,62.42,56.89,60.47,59.79,55.32,61.79,66.11,51.89,65.26,57.84,67.11,66.74,58.16,52.79,60.49
56.6,65.21,47.93,60.32,58.21,58,61.26,56.32,59,65.95,56.26,66.63,67.16,69,59.21,52.63,60.63,62.05,57.95,60.02
59.4,63.36,75.93,57.47,53.63,61,56.47,52.32,54.74,56.63,56.84,66.26,58,69.68,54.53,69.58,70.58,62.84,63.68,61.21
64.47,52.07,66.13,59.79,65.26,61.53,55.47,57.37,56.47,53,51.16,49.11,68,66.89,61.58,58.37,57.84,62.89,59.79,59.33
59.2,56.57,55.47,63.16,63.79,59.74,63.95,55.68,60.95,60,52.47,62.16,64.84,67.26,56.21,67.53,59.68,63.42,66.47,60.98
77.13,59.57,65.27,60.26,58.16,55,61.11,49.58,62.63,52.74,57.74,69.53,51.32,58.32,61.05,62.42,54.58,59.47,64.21,60
60.47,46.07,54.47,64.79,50.58,59.26,61.21,58.53,54.42,57.68,59.63,55.79,58.05,55.47,54.16,51.05,56.89,52.05,55.37,56.1
51.6,68.43,48.8,57.42,48.58,58.79,56.84,66.26,54.63,56.84,51.89,62.74,60.05,66.95,63.05,69.05,55.05,52.68,63.68,58.6
63.6,65.43,63.33,62.95,59.05,64.16,54.16,58,63.95,68.11,64.42,64.63,69.21,57.68,61.37,59.47,61.21,55.05,58,61.78
60.8,58.71,61.33,58.32,55.53,65.89,56.42,55,58.53,50.89,61.11,60.42,55.95,60.95,64.84,57.84,57.89,56,64.32,58.99
50.93,50.79,59.2,59.32,60.21,64.79,51.05,61.89,62.84,50.53,60.42,61.47,63.26,55.89,61.74,69.05,60.05,48.53,55.74,58.3
50.27,62.93,69.93,51.37,57.16,56.84,65.89,58.79,67.58,60.11,61.89,58.63,65,52.47,54.84,56.32,57.53,59.68,62.58,59.46
59.47,59.5,64.67,56.53,51.74,69.89,52,61.47,62.32,60.63,64.32,50.79,66.74,63.53,55.89,55.84,60.42,56.79,63.16,59.77
54.47,60.86,56.27,66.47,58,69.89,54.37,60.74,52.47,67.79,50.89,58.53,52.11,59.42,61,49.84,62.32,55,57.05,58.29
69.8,58.79,45.6,60.84,60,61.32,66.11,61.79,63.74,58.95,56.58,58.42,54.21,65.63,56.53,63.74,60.79,53.53,52.68,59.42
50.87,66.43,52.2,62.16,66.05,63.89,50.37,64.11,60.58,69.95,66,53,53.11,57.95,64.05,58.89,66.05,64.11,58,60.41
53.2,50.5,52.93,55.37,62.79,58.63,63.58,54.11,57.58,65.74,51.79,62.26,59.21,52.32,54.74,58.26,54.84,52.68,60.95,56.92
68.07,55.57,63.53,50.74,62.63,58.79,57.11,58.89,67.95,62.05,61.26,58.16,63.95,70.42,59.11,55.84,65.89,63.53,57.11,61.08
63.2,49.21,48.8,61,57.63,68.16,58.42,49.79,60.95,64.16,57.63,55.42,63.05,60.47,55.37,63.11,58.53,64.84,58.16,58.84
63.87,45.86,61.4,54.63,52.47,61.32,61.74,60.26,62.26,56.63,59.74,50.63,64.26,54.53,57.74,66.05,58.74,60.74,63,58.73
53.93,67.36,63.93,65.89,52.84,62.16,60.16,59.16,54.37,62.47,55.53,65.26,57.16,55.89,67.37,62.58,61.95,71,65.68,61.3
57.53,52.07,52.07,61.47,63.32,58.89,60.21,56.79,62.05,66.32,54.21,65.84,65.89,64,57.84,57.58,67.74,70.79,53,60.4
62.53,62,53.2,65.05,54.26,66.58,63.74,59.26,59.68,54.79,63.05,59.53,63.79,54,64.05,63.58,55.21,62.84,46.79,59.68
65.6,68.5,64.47,69.11,62.16,59.11,59.84,59.47,60.89,59.74,52.63,50.47,71,56.58,53.89,57.05,62.79,64.11,57.89,60.81
64.73,46.79,62.87,58.89,58.58,55.11,51.68,63,56.74,54.84,64.74,56.89,59.74,54.47,62.53,63.53,70.11,57.53,61.32,59.16
64.47,56.93,50.27,54,54.89,54.63,54.26,60.63,57.32,67.63,60.26,53.68,53.68,44.63,63.63,53.95,61.21,58.47,56.26,56.89
57.67,70.07,55.33,56.32,68.21,54.47,71.89,60.05,64.47,59.37,58.32,63.11,57.95,60.42,59.63,56.05,58.89,57.05,57,60.33
50.6,54.57,68.87,62.74,59.26,63.58,69.95,56.37,56.95,61.63,57.95,62.68,65.47,65.11,57.53,61.42,68.16,63.63,63.37,61.57
66,69.43,67.67,52.37,53.95,53.58,56.89,68.16,57.16,59.16,53.32,52.84,64.05,53.47,70.11,49.63,63.58,55.95,52.58,58.94
55.27,54.93,52.2,56.58,56.95,62.32,64.21,62.16,56.53,61.26,58.11,57.42,67.42,59,68.68,54.21,62,63.79,53.63,59.3
57.13,63.29,56.53,55,54,62.37,58.95,51.37,59.79,69.11,54.79,64.58,62.37,57.21,63.11,60.32,56.05,58.58,52.16,58.77
58.47,53,57.87,48.32,51.05,48.58,61.42,65.11,61.95,60.05,58.74,64.84,65.74,53.79,58.53,64.74,51.84,55.32,54.79,57.59
68.2,56.64,62,60.89,57.79,58.53,66.58,71.47,55.79,68.58,52.42,49.63,58.68,49.47,63.26,61,55.79,58.42,64.21,59.97
63.6,66.14,57,60.53,59.53,62.16,58.11,55.47,58.68,62.05,51.05,61.79,61.32,65.05,59.53,64,64.47,64.42,65.89,61.09
69.07,46.21,60.93,45.95,63,65.42,54.32,48.42,52.05,61.84,63.79,63.11,64.16,57.47,63.47,63.05,60.68,60.42,55.16,58.87
50.27,46.5,62.93,68.11,67.26,56.42,65.74,54.47,54.63,62.16,56.74,62.05,68.47,58.21,55.16,66.47,57.68,64.47,54.95,59.62
64.27,55.93,67,72.79,60.63,61.32,54.74,61.05,57.11,69.42,63.32,59.53,64.89,67.32,59.32,62.42,56.42,67.11,63.84,62.55
59.27,56.86,64.2,58.37,63.68,56.32,56.05,60.42,63.26,69.21,59.63,57.05,66.63,57.26,55.21,58,62.16,41.05,62.32,59.31
57.73,60,66.73,64.95,54.95,58,53.16,59.37,58.05,53.53,70.79,58.53,58.95,66.05,62,63.74,64.84,54.58,59.79,60.3
58.93,64.71,57.93,58.89,61.42,58.79,57.89,63.79,56.21,66.42,56,51.11,53.42,57.58,58.53,66.63,54.58,67.79,55.16,59.25
62.6,56.07,64.8,67.16,56.42,52.05,66.47,56.74,60.79,63.53,49.79,51.47,56.05,58.21,62.79,60.68,62.95,52.84,52.63,58.63
52.67,58.57,60.73,62.47,60.79,55.37,60.53,60.58,62.95,52.05,61.89,53.42,55.16,53.37,67.63,53.32,60.32,63.11,61,58.73
60.53,53.64,50.6,59.84,69.68,53.74,67.42,61.74,63.37,60.37,49.05,49.16,58.95,66.37,71.32,43.58,59.95,69.79,52.05,59.01
50.27,62.14,59.8,67.68,64.58,45.37,58.53,55.79,56.58,65.58,54,58.68,51.42,70.26,61.79,56.74,62.16,60.95,64.95,59.33
59.4,71.14,67.13,58.58,60.63,57.16,58.95,59.05,61.47,60.79,64.68,61.37,57.05,64.47,44.89,58.42,61.89,59.37,62.63,60.48
54.13,59.64,52.47,57.79,60.37,62.16,66.32,57.95,58.63,63.89,51.26,53.84,60.79,67.16,53.05,62.95,63.95,49.16,64.79,58.96
68.2,68.71,58.8,58.37,61.79,60.21,58,62.16,57.16,56,61.79,62.95,67.84,53.95,61.63,59.79,64.79,65.26,60.05,61.44
46.4,60.86,64.87,65.37,52.05,57.32,61,54.05,58.05,63.32,59.05,50.37,57.42,51.21,67.47,53.63,55.42,65,66,58.36
56.67,53.14,73,57.68,62.63,62.95,55.21,49.63,52.16,53.63,49.05,66.32,59.53,58.53,58.95,56.47,66,65.42,62.79,58.93
52.8,68.29,64.33,63.37,63.68,56.89,53.32,57.32,67.26,64.21,63.74,55.68,59.05,55.21,60.53,63.53,72.42,56.53,58.32,60.87
68,58.71,63.4,58.63,58.47,60.79,54.84,52.47,65.63,71.53,71.95,56.68,61.79,57.21,60.84,64.05,56.26,56.16,66.05,61.24
46.67,71.21,61,49.32,68.79,59.47,66.74,67.84,72.95,50.74,52.68,53.68,59.63,65.21,64.58,69.74,58.32,53.79,51.95,60.23
55.53,69.43,57.13,59,69,59.42,61.42,62.37,54.79,59.05,57.89,52.68,69.79,50.89,58.37,50.89,51.79,57.68,50.84,58.32
58.33,62.57,58.73,59.58,56.26,55.21,64.11,62,50.84,62.58,50.79,64.42,63.74,61.32,53.68,59.42,59.58,50.26,59.37,58.57
50.2,64.71,54.33,63.21,60.89,52.47,55.95,62.05,58.37,56.74,54.32,65.68,60.79,58.16,61.42,61.42,64.42,54.47,52.95,58.56
58,58.36,56.47,55.68,52.58,55.42,61.89,52.05,78.63,59.16,56.42,57.58,52.89,63.16,56.89,65.42,54.58,64.95,51.11,58.49
62.87,54.71,60.67,56.84,53.95,44.26,55.16,67.37,58,62.53,62.21,51.84,56.37,56.47,55.74,57.16,57.26,64.68,66.79,58.15
57.47,58,70.8,57.74,58.21,63.37,51.47,59.21,65.32,54.32,55.42,60,65.16,54.47,53.74,55.89,63.68,66.53,63.89,59.72
60.4,63.57,55.73,64,59.11,69.68,58.63,58.63,59.53,54.42,66.58,59.16,60.05,58.16,62.53,57.47,54.95,58.42,62.11,60.16
56.47,59.5,53.8,66.32,56.58,53.58,61.05,69.95,62.11,67.95,52.89,64.89,54.26,63.05,48.84,60.32,62.84,55.11,63.79,59.65
58.33,52.64,60.87,64.11,57.32,54.63,58.16,57.37,56.16,56.05,59,59.05,65.63,64.89,72.42,61.11,58,63.05,51.26,59.48
47.67,58,48.2,61.89,60.32,65.26,56.47,61.79,65.84,60.58,58.79,59.53,53.84,54.11,68.47,49.37,50.26,60.47,58.84,57.88
53.93,65.57,62.6,58.53,63.47,53.16,56.53,52.32,61.95,57.58,57.05,57.63,66.16,54.74,59.37,64.05,71.42,55.16,61,59.59
58.8,60.36,63.07,62.32,61.16,54,56.68,61.37,60.11,47.47,58.79,60.05,61.47,60.11,56.42,52.84,66.68,58.53,65.21,59.23
67.13,53.71,63.2,65.42,61.21,60.95,58.26,59.32,59.05,64.95,53.89,58.68,57.11,61.58,55.16,52.79,70.53,49.37,60.21,59.61
58.27,62,60.67,59.05,61.37,65.79,59.58,59.84,64.79,54.74,55.21,59.53,57.42,53.95,50.47,57.16,61.74,55.47,54.05,58.48
70.07,54.79,52,68.68,56.95,58.63,55.63,59.05,61.37,67.21,62.79,60.79,65.05,59,58.74,62.74,65,58.42,62.84,61.04
62.93,63.36,57.2,59.16,63.05,71.42,52.89,60.37,64.16,60.58,60.21,57.58,62.42,65.21,67.42,59.89,63.84,49.32,54.05,60.79
50.47,58.79,60.33,59.89,58.42,62.32,56.42,59.16,56.26,63.21,53.26,52.37,60.53,57.95,65.53,64.21,60.37,57.16,59.53,58.75
57.33,67.14,65,62.11,55.37,62.95,64.47,56.84,59.95,45.21,58.95,52.74,64.58,52.84,55.42,54.42,62.42,64.21,55,58.79
66.27,56.79,62.53,51.32,60.84,53,58.95,50.95,62.58,51.68,65.68,55.95,57.89,62.74,54.05,64.47,53.79,64.32,57.37,58.48
67.73,60.86,64.87,55.05,56.47,52.21,60.68,68.42,64,55.26,59.16,56,61.53,58.11,54.21,52.32,58.47,61.11,50.05,58.76
57.53,53.21,55.73,56.68,64,58.74,58,55.95,58.32,52.37,61.79,60.84,49.21,57.89,54.42,60.11,69.42,60.16,62.63,58.26
63.73,59.14,61.07,63.16,54.74,69.32,62.05,54.89,62,59.74,51.68,63.58,59.47,57.11,46.89,53.16,57.26,59.58,57.26,58.73
57.13,61.86,54.4,62.11,54.74,51.79,63.95,60.47,58.68,56.89,61.84,73.42,59.89,60.26,50.95,68.42,61.89,64.26,57.53,60.03
54.87,60.64,59.93,55.74,68.05,59.21,56.05,59.95,53.16,65.53,63,67.63,63.26,61.05,57.21,62,64.11,58.47,60.53,60.55
63.73,57.14,58.6,63.63,63.53,57,63.05,51.53,47.11,60,69,66.32,58.32,60.16,54.16,66,62.68,64.89,56.79,60.19
50.07,53.29,59.93,57.79,60.32,64.37,58.37,59.47,65.05,60.21,59.84,58.63,59,55.74,59.37,63.95,55.79,59.95,57.79,58.89
60.87,55.93,52.8,57.16,55.63,68,52.42,64.89,61,57.11,54.68,57.11,56.53,62.16,58.84,56.16,59.84,57.79,54.26,58.06
61.2,51.93,55.67,53.79,64.74,58.05,59.16,60.95,51.95,63.47,45.42,60.58,54.63,58,56.63,60.63,50,60.95,58.05,57.15
54.4,67.14,63.33,58.53,57.63,58.11,63,63.37,60.11,59.42,59.89,60.74,64.05,61.74,69.37,69.53,58.42,55.42,60.79,61.31
58.87,53.29,65.73,57.58,60.58,65.63,52.58,60.63,62.68,52.95,63.68,54.74,59.11,59.11,67.79,58.84,68.26,56.37,56.26,59.72
60.6,55.21,59.4,57.26,60.58,57.84,47.32,66.68,68.95,51.68,59.53,62.84,51.16,56.11,60.95,54.05,61.32,55.58,62.89,58.42
58.93,65,63.2,53.21,56.53,63.79,54.95,62,54.58,59.37,56.11,57.79,63.79,51.21,56.89,57.26,60.53,47.16,57,57.86
64.87,53.36,67.07,55.11,64.37,59.53,50.84,49.16,67.16,43.63,60.89,54.79,51.42,66.26,54.63,52.84,58.47,58.42,56.89,57.35
54.4,60.36,52.6,53.11,53.58,63.74,70.79,50.58,51.79,62.32,57.89,60.58,50.84,69.68,62.16,64.16,55.37,55.58,55.37,58.15
64.2,58.5,63.47,70.21,60.37,60.37,61,53.11,58.11,64.79,58.42,66.32,55.58,58.05,67.37,60.89,59,55.05,62.79,60.93
65.4,75.36,61.73,59.11,53.47,59.37,63.79,52.47,58.58,53.11,53.79,59.58,49.79,53.32,65.21,58.74,57.68,50.63,57.21,58.33
50.67,59.86,63.2,57.11,50.42,51.84,63.37,65.26,60.16,57,57,61.21,67.68,62.63,49.32,53.47,57.21,68.26,62.79,58.87
59.67,67.93,70.07,63.37,61.79,64.21,63.58,58.79,58.05,50.53,68.84,57.95,55.68,64.42,61.68,67.58,68.63,57.26,55.89,61.89
68.6,77.29,61.6,61.53,55.16,63.37,62.42,52.16,54.95,62.32,55.16,60.16,58.68,58.37,59,62.37,58.63,58.32,71.11,61.11
54.8,58.57,57.27,52.79,60.95,57,60.26,54.42,56.32,60.47,63.21,61.89,60.63,55.89,61.05,61.63,68.11,71.42,52.74,59.44
61.8,54.5,45,62.16,63.21,59.84,60.63,59.89,56.84,49.95,59.11,51,67.21,61.05,53.53,63.68,63.58,59.05,63.21,58.7
62,48.93,61.6,65.63,63.11,56.16,67.58,53.84,69.63,48.37,58,60.47,60.42,60.16,58.74,52.53,61.11,51.37,58.89,58.87
65.47,62.71,56.67,55.42,60.79,56,53.37,54.32,49.68,62,49.42,58.58,57.05,63.42,64.95,75.79,59.58,71.47,50.21,59.31
55.4,67.64,66.4,55.89,59.37,63.58,62.16,61.79,61.05,54.58,55.26,55.95,64.26,59.32,60.89,54.74,63.84,63.47,56.79,60.13
52.6,69.93,59.47,65.58,61.74,61.42,53.05,59.42,69.53,63.26,56.42,59.26,54.37,68,64.26,62.42,69.68,59.32,64.37,61.79
54.73,51.21,57.93,64,53.68,60.32,59.89,51.53,58.74,59.26,56.11,63.11,60.47,58.11,65.21,65.47,55.89,58.84,57.74,58.54
56.4,61.79,61.27,60.89,50,53.47,59.84,59.16,55.05,54.26,51.79,59.89,51.79,56.74,58.11,61.26,69.42,59.47,53.21,57.57
56.13,68,58.27,52.79,58,66.26,51.42,61.53,55.21,51.58,58.11,59.95,60.32,51.32,70.74,55.26,60.74,68.89,62.63,59.32
57,54.36,67.07,64,59.89,61.79,59,57.21,62.74,62.89,61.26,63.68,56.37,60.21,55.79,51.63,62.26,59.47,65.95,60.14
60,58.43,56.13,61.53,62.37,58.84,60.95,69.47,70.63,55.32,62.63,64.95,54.53,56.32,61.37,64,57.26,56.53,66.32,60.92
64.6,59.64,60,58.58,56.58,63.84,58.95,66.21,59.84,62.95,59.68,54.79,63.26,53.37,57.89,51.32,62.63,59.84,53.79,59.36
57.53,52.07,60.13,56.37,68.11,72.37,53.63,63.74,52.16,59.95,56.63,52.79,66.42,58.79,56.74,51.68,65.79,56.37,67.05,59.39
63.47,56.5,45.73,54.42,59.95,63,66.58,49.95,57.63,61.32,63.89,62.11,60.63,72.68,61,67.58,55.05,53.53,56.11,59.53
60.67,59.43,51,56.16,65.32,62.63,61.63,64.58,58.47,54.89,64.58,55.89,62.84,56.74,62.84,56.74,54.68,56.11,61.74,59.31
61.27,55.29,57,53.63,55.74,58.11,68.21,61.42,61.63,58.95,58.26,49.79,49.58,56.16,64.89,64.42,54.53,63.11,66.37,58.86
58.93,49.5,50.47,69.58,69.68,54,52.47,61.79,64.26,61.37,54.89,56.37,61,66.79,63,58.26,60.05,73.58,59.42,60.29
69.6,58.43,49.07,71.47,70.84,58.47,70.68,57.37,63.84,51.89,54.47,52.58,55.95,62.58,62.42,52.63,54.21,51.68,49.79,58.84
63.8,49.43,59.07,53.58,57.47,63.79,56.74,52,71.05,63.79,52.79,59.68,56.16,66.42,63.58,56.79,60.63,60.37,69.26,59.81
56.6,62.64,64.07,64.11,55.32,62.89,58,56.74,62.21,52.79,56,64.53,55.79,47.63,51.53,67.89,58.32,49.84,61.47,58.33
58.47,56.07,58.87,60.63,65.26,71.11,59.16,58.53,62.16,61.21,59.84,66.32,55.37,64.37,57.37,61.26,55.89,50.21,52.79,59.73
67.53,47.57,58.27,63.84,64.89,63.21,60.21,58.58,59.53,61.37,61.16,65.58,57.89,66.21,52.26,58.58,58,64.63,59,60.44
60.07,57.71,61.8,56.74,64.95,66.37,63.68,64.26,56.95,59.63,73.05,70.11,56.21,58.47,53.63,62.26,60.63,55.32,50.05,60.63
66.93,62.79,55,62.68,68.16,64.79,65.74,49.95,59.26,58.32,63.26,56.68,54.47,61.26,66.47,51.63,60.63,59.11,46.58,59.67
69.53,58.93,70.33,57.84,59.53,62.32,59.11,66.58,67.16,63.37,60.95,65.47,70.42,53.95,59,63.05,63.11,59.89,63.68,62.85
50.67,53.93,68.53,63.74,62.47,56.37,66,55.32,63.68,61,54.47,59.79,63.79,66.68,65.05,60.53,68.42,56.63,60.95,60.95
67.2,64.86,57.33,58.79,62.58,56.79,59.89,71.79,59.89,61.68,60.16,64.16,51.47,47.68,57.58,60.05,65.37,61.21,67,60.82
61.27,55.07,61.2,53.74,53.53,66.42,59.11,62,56.21,68.74,64.26,59.89,54.42,65.79,62.63,63.74,62.79,55.16,60.42,60.34
63.2,63.07,71.73,50.79,61.63,51.58,59,57.26,52.37,63.32,59.32,59.21,63.95,63.79,66.11,56.89,53.53,52.37,63.37,59.6
55.2,50.86,61.93,69.68,47.63,61.47,66.63,60.79,65,60.84,62.84,55.95,58.53,67.68,62.89,49.58,59.84,59.26,58.37,59.74
58.2,50.57,54.27,61.21,47.68,60.79,63.95,51.95,49.42,61.89,57.68,56.05,59.37,57.11,66,66.16,61.89,60.68,67.63,58.55
54.33,56.71,67.67,61.47,57.63,52.74,55.26,64.63,65.11,57.42,63.89,56.32,57.47,60.79,51.89,54.68,55.26,58.32,57.11,58.35
55.13,63.5,53.47,69.84,59.63,57.58,52,56.42,54.21,55.84,62.21,62.89,57.89,64.42,67.21,58.16,57.05,61.79,60.74,59.47
55.33,57.93,65.53,64.79,60.58,65.26,60.11,56.58,63.42,51,54.26,53.42,64.63,55.79,63.79,64.05,59.68,57,60.58,59.67
73,56.14,58.73,54.95,55.74,71.05,58.95,61.84,66.79,50.47,51.53,55.74,58.74,71.47,48.74,58.74,66.11,59.32,56.68,59.72
46.27,64.86,64.33,66.16,55.63,62.05,59.79,63,57.84,56.16,57.26,71.37,56.95,60.53,60.47,72.11,50.53,59.42,57.89,60.14
56.67,70.71,51.4,66.26,63,59.11,77.05,60,63.47,63.47,65.95,71,57.21,59.58,60,49.05,55.05,61.95,58.21,61.53
60.93,59.07,67.4,53.53,63.95,60.53,60.32,65.16,59.84,56.95,62.11,67.05,60.47,53.84,53.16,57.26,67.58,50.95,55.11,59.75
57.67,61.21,63.53,62.42,59.79,57.16,48.68,61.47,65.95,58.63,76,51.63,54.84,63.63,55.37,65.95,71.21,55.84,65.26,60.86
64.33,68.43,59.8,69,55.37,60.37,54.32,66.11,60.63,59.63,55.05,65.58,56,64.26,54.68,51.26,58.84,65.47,56.26,60.28
58.87,61,60.4,63,51.68,57.05,58.26,51.32,54.21,56.68,66.21,65.37,54.16,52.95,55.16,58.79,60.37,58,69.95,58.6
58.93,62.14,58.8,61.05,63.68,47.58,59.63,66.89,57.32,56.05,58.42,54.11,54.74,55.42,63.58,48.63,66.63,59.47,53.11,58.22
64.8,65.57,59.27,52.79,61.58,56.47,54.79,60.11,51.26,58.63,57.58,55,57.05,66.47,55.47,64.37,65.74,55,52.89,58.68
54.93,52.5,70.93,62.89,55.53,67.32,57.05,56.11,60.11,61.16,56.26,61.68,61.89,57,55.63,53.84,61,60.95,58.05,59.2
50.73,63.93,58.73,58.63,47.95,56.74,56.53,58.68,51.47,57.47,57.21,57.42,58.68,59.89,66.26,56.37,58.47,69.26,55.79,57.91
58.73,54.21,53.27,51.79,63.63,59.74,56.21,56.53,68.11,53,61.42,60.16,65.68,58.37,53.74,63.79,60.84,54.53,53.47,58.27
57.93,56.21,61.07,55.63,62.89,59.05,62.89,66.42,58,56.11,73.37,64.84,63.95,66.26,56.68,56.89,59.47,63.79,63.63,61.32
68,54.64,56.2,57.84,52.53,56.63,55.79,52.32,63.74,58.47,68.26,51.95,54.79,65.58,59.74,55.53,71.89,59.42,55.32,58.88
63.47,64.36,45.47,58.47,52.26,67.95,61.16,57.89,51.26,57.32,61.11,64.26,61.42,53.11,59.89,55.68,59.84,52.63,68.89,58.76
50.13,60.5,59.33,51.26,67.68,62.53,57.21,60.53,66.21,69.74,68.32,58.42,58.47,52.89,58.16,58.37,56.63,50.63,61.68,59.41
72.13,45.07,61.53,52.16,65.74,51.95,53.11,58.84,65.32,53.63,60.32,65.05,54.89,60.95,62.21,56.05,60.74,54.53,54.58,58.36
62.2,66.29,59.33,61.84,63.58,58.74,65.58,67.63,52.47,62.84,54.58,63.26,53.26,63.37,69.58,47.58,61.74,63.53,73.58,61.63
50.93,65.21,53.27,56.42,59.63,54.05,58,62.95,62.53,67.26,48.79,54.21,51.84,56.95,55.68,64.42,64.42,60.16,56.37,58.06
49.2,55.86,58.8,52.68,61.16,60.47,69.95,56.16,55.26,56.37,63.53,58.68,57.21,62.16,56.79,61.16,59.47,56.95,65.53,58.81
79.93,60,59.2,56.95,60.58,59.53,57.63,52.79,52.58,58.79,64,57.26,49.68,55.89,62.32,64.26,62.47,60.05,70.42,60.23
63.13,61.86,61.27,55.32,61.37,55.26,66.84,58.42,65.37,55.74,58.74,56.68,66.11,65.37,61.95,59.58,66.11,52.11,63.95,60.8
69.2,64.43,63.6,53.42,58.84,61.84,59.32,66.32,64.16,58.11,55.26,56.74,43.47,51.53,55.21,61.74,64.37,66.53,58.26,59.6
63.67,56.86,62.8,63.63,57.42,52.79,58.58,65.58,63.74,52.42,62,61.11,49.32,52.26,59.16,54.84,51.47,70.37,60.79,58.88
55.27,68.14,68.73,55.42,60.11,65.53,60.68,57.05,54.63,57.58,66.11,58.63,64.11,59.47,55.37,77.84,55.63,60,61.26,61.13
58.53,55.86,60.73,62.32,57.47,52.68,59.26,57.42,61.37,53.42,62.63,59.79,56.26,74.32,59.26,49.53,64,56.58,61.42,59.1
62.47,69.71,55.73,54.26,68.11,67.53,65.21,67.74,55.89,66.89,48.05,56.05,52.84,61.32,64.32,55.05,62.16,71.47,60.11,61.31
61.2,59,60.6,58.74,63.21,60.37,59.37,62.84,69.26,58.79,62.84,62.53,58.21,59.32,61.16,61.42,49.11,70.63,61.53,61.06
59.07,66.21,60.73,69.84,69.53,54.89,59.47,58.47,59.26,69.89,72.11,53.32,62.84,57.47,61.58,63.84,48.74,66.26,57.16,61.62
54.07,71.07,66.67,52.58,57,54.37,61.53,62.63,55.95,65,49.95,55.58,57.84,59.68,56.47,61.74,62.05,56.95,67.47,59.4
64.2,58.79,53.27,65.47,60.63,61.63,55.74,59.21,62.05,62.63,60.05,58.79,65.53,56.47,61.05,55.79,61.58,50.11,63.47,59.81
61.47,57.57,48.47,62,55.84,60.11,54.11,63.58,55.74,55.74,65.47,52.63,65.05,50.63,73.05,70.58,57.68,56.53,50.74,58.79
51,50,63.27,54.95,58.89,64.05,67.53,54.26,59.89,63.84,63.89,65.16,65.37,69.37,60.32,62.63,62.47,60.58,60.42,60.94
68.33,50.79,67.2,61.89,63.53,64.53,51.89,56.63,54.21,61.42,56.74,60.32,65.95,66.32,50.84,48.42,57.58,60.58,48.74,58.73
65.2,62.21,57.13,67.21,53.84,60.95,64.37,57.58,54.74,53.68,55.11,56.79,61.32,63.37,48.63,59.47,54.74,60.68,50.53,58.29
57.93,61.29,73.33,59.95,45.11,59.95,63.11,65.21,61.63,50.42,64.21,56.95,60.05,60.11,59.32,48.84,54.84,51.74,63.16,58.8
59.73,56.43,54.4,55.37,64.63,63.32,47.05,64.68,53.26,57.47,60.47,64.11,54.84,65.89,58.58,57.16,71.47,59.68,56.11,59.19
57.8,55.57,66,56.53,59.37,57.37,51.53,52.16,51.21,60.11,59.84,61.68,59,58.63,57.05,57.37,56.53,50.47,45.11,56.49
57,64.86,60.33,46.42,66.95,55.16,58.63,69.42,63.21,58.89,61.63,54.26,54.37,67.05,61.74,66.26,59.84,59.32,59.47,60.25
69.33,57.79,61.4,55.21,61.58,60.89,64.16,59.47,63.16,73.74,66.42,55.05,59.47,57.32,52.58,67.05,52.74,53.32,59.47,60.53
46.53,59.79,51.93,62.42,59.42,48.58,60.74,64,61.53,62,63.84,70.53,54.37,64.11,59.42,63.21,56.32,57.79,58.89,59.23
62.6,56.86,53.2,47.68,58.84,56.53,67.32,62.16,50,60.68,46.84,51.89,57.84,57.16,54.05,65.58,55.63,59,60.47,57.07
56.4,57.07,65.6,62.95,59.32,49.63,54.32,60.74,59.84,60.37,60.21,58,57.05,55.79,53.42,57.68,57.84,61.68,68.16,58.74
60.53,50.79,58.33,64.74,59.11,61.58,63.16,54.79,58.89,54.53,59.84,64.26,57.32,50.95,49.58,54.47,56.42,58.63,59.42,57.75
50.4,61.64,45.8,58.47,58.84,65.53,48.84,64.42,65.84,64.68,56.84,61.05,60.84,63.84,64.11,59.42,64.05,63.11,58.16,59.78
61.93,65.5,57.8,55.89,60.53,62.84,63.89,64.21,56.42,62.58,57.74,50.53,57,60,61.74,50.89,60.89,66.37,66.16,60.15
59.4,56.07,64.2,66.42,53.58,58.32,63.32,54.42,73.16,59.21,71.26,65.11,64.11,65.32,62.84,48.84,58.32,62.63,63.58,61.58
57.27,46.64,59.67,63.84,67,61.11,52.68,61.16,60.42,60.21,55.32,60.95,62.32,54.26,70.37,58.79,66.79,61.21,54.21,59.7
62,57.57,60.93,62.58,64.32,61.21,54.53,63.95,53.21,66.11,63.63,55.63,57.26,61,60.47,63.37,64.32,67.74,57.53,60.91
52.8,59.79,55.67,58.84,66.63,60.26,59.37,53.84,56.47,50.89,61.74,50.37,56.74,68.47,51.16,55.26,57.11,61,65.37,57.99
59.6,67.57,61.2,55.05,68.32,64.79,60.74,64.32,64.68,61.58,59,52.84,66.26,63.11,61.47,64.74,70.58,61.79,69.58,63.01
66.07,53.71,54.27,61.21,62.89,61.58,57.32,62.89,55.11,63.63,62.74,64.42,56.74,59,65.26,55.11,66.16,64.47,70.84,61.23
60.07,72.29,48.27,61.95,51.95,49.84,45.05,53.21,57.37,48.89,61.74,67.84,62.26,61.84,52.32,60.63,49,58.58,60.53,57.03
60.13,65.57,59.87,54.68,61.74,65.58,56.58,62.79,62.42,64.95,46.47,61.37,61.47,56.63,56.74,65,54.05,58.11,69.47,60.19
64.47,55.43,55.6,69.47,57.47,61.74,50.42,51.63,63.89,66,65.05,62,59.47,55.58,52.58,50.74,63.84,55.26,59.21,58.94
65.67,61.43,60.8,57.16,51.68,64.68,64,62.47,48.05,58.16,63.68,52.11,58.05,56.42,57.05,45.84,61.26,53.47,63.63,58.19
63.6,64.86,59.6,52.26,57.21,63.47,66.63,48.89,64,50.84,62.32,60.84,62.58,54.53,45.21,55.89,71.47,55.74,63.84,59.15
50.93,60.86,62.73,57.32,64.79,57.84,58.58,56.63,50.74,64.11,61.53,69.95,63.05,65.95,55.95,59,61.16,53.84,51.53,59.29
55.4,57.86,56.6,61.74,56.53,62.16,64.05,60.26,65.37,61.74,58.11,49.95,51.11,70.84,58.47,62.95,60.37,54,49.63,58.8
66.4,49.14,57.27,67.26,57.26,52.63,57.58,51.84,61.89,62.68,60.32,56.84,53.16,56,62.11,63.21,53.21,59.74,64.47,58.58
62.4,60.57,68,49.16,47.84,62.63,62.42,56.21,64,58.68,61.16,56,49.47,54.11,59.84,62.37,52.84,60.26,58.32,58.23
63,66.71,48.27,55.74,51,65.37,58.11,59.84,48,59.74,65.05,54.32,55.74,51.95,60.32,57,64.47,62.26,56.74,58.08
50.13,50.57,64.4,49.95,70.26,62.47,65.11,56.84,61.79,66.11,58.68,60.74,67,61.74,65.89,54.89,49.95,52.32,61.79,59.51
62.93,52.21,57,66.58,60.53,64.21,60.26,60,60.05,60.79,53.68,52.58,59.11,51.74,53.21,66,67.05,53.63,66.79,59.39
56.2,57.64,59.4,64.21,48.16,56.95,60.95,59.11,62.26,66.11,50.37,58.47,60.58,61.68,61.79,70.11,60.26,56.47,53.32,59.16
61.87,64.64,54.13,50.68,56.68,72.32,61.42,64.37,58.32,59.63,58.37,51.53,58.79,61.74,54.32,59.58,56.47,59.79,67.21,59.57
64.47,54.79,62.53,62.53,51.47,59.42,64.89,60.26,58.16,63.21,66.89,64.68,59.47,56.32,63.32,62.89,61.26,60.32,52.84,60.51
62.47,59.79,54.87,61,63.84,67.95,62.58,54.37,66.11,66.16,52.16,60.37,59.26,52.68,57.79,53.05,70.95,57.05,67.74,60.54
59.27,58.14,66.67,50.26,63.53,50.16,54.74,62.58,57.95,64.84,59.58,51.53,54.95,60.84,60.42,59.37,54.11,54.58,71.32,58.67
61.4,52.29,69.07,60.11,65.42,61.21,62.37,60.53,63.26,60.47,60.26,59.47,67.05,58.63,63.47,55.84,66.11,53.42,47.63,60.42
58.4,56.64,55.2,67.37,61.53,60.21,53.95,57.37,58.16,59.58,60.68,57.58,52.26,50.37,58.42,61.42,61.95,63.16,49.16,58.07
53.6,61.5,68.53,55.47,60.58,55.32,63.84,59.58,55.21,65.95,66.16,51.74,60.68,67.95,68.37,61.37,64.84,67.05,52.16,61.05
59.8,60.29,68.4,56.74,59.42,59.26,52.84,58.89,55.74,55.26,67.11,61.11,61.42,61.74,57.84,63.89,62.53,55.58,65.47,60.18
58.07,57.79,61.33,68.68,67.74,57,56.47,62.58,59.42,68.16,62.53,67.63,63.84,64.58,61.63,59.21,58.53,63.42,56.37,61.84
61.8,60.64,61.87,69.68,65.21,60.68,60.79,63.37,51.95,68.63,61.37,59.63,56.68,67.53,60.42,60.53,66.74,66.37,63.63,62.5
52.07,57.57,62.73,59.84,62.68,61.84,65.84,66.37,60.11,66.58,50.16,59.58,61.37,56.32,69.05,63.58,69.42,66.42,64.95,61.92
57.73,62.43,51,52.16,68.42,59.11,60.47,55.63,58.37,53.42,60,59.16,60.63,69.53,67.11,48.58,63.63,57.74,56.68,59.04
58.6,72.21,50.47,54.21,59.74,59.42,61.26,61.63,63.95,56.63,56.37,67.32,63.79,51.47,54.68,62.95,57.21,68.05,63.68,60.19
57.53,58,54.27,64.47,55.42,67.21,61.63,55,65.21,55.26,62.37,61.95,67,69.84,51.26,60.95,53.37,61,58.11,59.99
59.93,53.29,62.53,54.95,68.84,55.53,64.05,59.68,55.84,52.89,61.58,50.53,61.58,58.47,50.63,63.74,64.58,62.53,65.68,59.31
62.07,65.64,57.07,60.37,73.58,53.42,54.16,52.68,47.74,58.58,60.26,54.84,60.05,49.32,55,64.47,57.58,65.32,58.21,58.44
51.53,51.43,63.47,66.32,66.26,55.11,59.37,66.95,57.26,63.58,65.42,63.58,51.89,52.74,60.74,65.53,66.47,53.95,67.26,60.47
51.47,59.57,64.73,65.95,62.11,58.58,48.53,63.21,67.47,57.63,56.42,58.89,55.89,58.53,61.42,53.37,52.58,61.58,53.53,58.5
64.07,61.07,63.53,54.95,52.95,62.05,55.05,61.16,56.11,53.32,68.16,69.95,57.79,47.95,61,52.89,57.37,62.95,56.05,58.86
47.73,58,57.67,56,53.89,63.26,57.32,56.53,49.42,64.58,58.79,57.21,59.16,62.58,54.47,57.79,58.42,62.42,60.47,57.67
59.47,58.21,54.73,59.32,54.68,65.26,54.89,53.84,53.58,58.68,56.53,56.42,51.32,69.84,49.89,56.21,58.32,61.21,53.16,57.14
48.4,63.79,59.53,60,60.47,61.74,62.05,60.32,58.47,68.79,64.32,58.47,59.79,58.63,58.16,58.68,49.11,57.16,49.74,58.82
59.6,68.57,59.07,68.11,58.11,60.05,65.53,49.95,56.37,66.53,52.32,59.84,67.32,55.95,56.68,60.42,64.95,62.53,58.74,60.56
73.13,73.71,53.8,57.32,50.11,62,62.11,51.63,59.89,62.47,64.53,59.84,49.47,65.53,60.79,49.42,50.05,64.26,56.95,59.32
52.27,60.93,67.27,67.21,60.84,57.95,52.79,55.53,66.11,72.74,62.32,58.68,52.79,70.05,63.05,53.53,58.26,62.84,62.26,60.92
63.07,63.21,52.67,55.89,57.32,60.79,58.32,59.21,64.21,59.16,63.47,59.95,64.16,52.32,50.32,58.11,66.47,60,56.37,59.21
60.6,53.5,57,61.74,54.63,59.74,61.11,58.47,63.11,66.53,65.37,61.95,59.26,57.89,61.53,56.68,58.47,50.32,57.68,59.24
53.73,60.14,56,61.11,59.79,63.37,62.84,55.42,55.21,56.37,60.05,59.89,69.84,55.21,51.37,61.95,54.63,59.89,59.84,58.77
56.93,55.36,48.8,67.68,62.42,47.11,58,53.58,59,65.42,64,63.58,68.95,57.89,52.11,63.11,59.11,53.68,59.05,58.72
55.53,63.57,59.47,50.89,63.95,67.32,63.05,59.89,50.16,60.37,66.84,60.79,51,64.32,55.05,69.11,62.95,62.79,55.53,60.14
47.93,58.29,56.53,47.11,58.42,61.26,61.21,63.16,53.68,59.42,65.63,60.89,48.53,59.47,58.26,61.21,60.47,49.26,47.26,56.74
56.73,63.14,63.4,63.74,67.42,56.68,63.68,64.21,66.37,61.16,68.21,58.32,57.37,61.63,59.79,66.58,59.11,54.68,60.16,61.7
53.67,62.21,55,60.58,57.16,45.89,60.42,52.68,60.37,59.42,66.53,57.63,60.95,56.58,62.05,59.79,57.53,61.74,54.74,58.15
70.67,57.86,71.33,63.47,66.53,64.79,65.84,60.89,58.47,54.63,72.11,53.21,66.21,46.47,54.89,61,62,61.68,64.63,61.93
64.07,52.43,63.53,58.53,63.89,62.89,57.74,61.84,64.11,55.74,60.79,50.84,56.89,60.42,57.58,46.53,59.84,58.26,58.47,58.65
53.73,53.5,53,71.89,58.05,60.47,60,57.63,61.26,59.68,55.95,70.26,67.95,66.37,63.63,69.11,66.74,66.53,52.84,61.51
61.33,69.36,57.2,50.16,69.68,60.79,64.53,66.05,49.37,62.16,52.11,63.05,63.68,50,64.37,63.37,53.84,62.16,63.26,60.34
54.33,60,51.33,60.74,60.05,55.16,58.47,62.42,56.47,56.37,66.32,63.21,61.26,59.16,54.84,50.26,59.21,61.89,54.74,58.22
64.73,65.14,54.8,52.63,53.16,59.53,65.63,55.11,57,58,63.26,53.95,70.58,60.37,59.42,53.79,58.26,55,67,59.33
62.73,56.14,56.4,61.95,62.53,50.84,57.63,64.89,58.37,63.42,63.05,53.79,59.26,58.05,64.37,59.58,60.11,53.42,50.11,58.77
56.07,61.07,51.87,56.53,53.58,53.21,47.21,52.05,61.26,51.11,52.32,54.68,48.32,64.63,54.37,63.05,59.68,59.26,59.21,55.76
52.33,60.86,65.6,63,49.53,61.37,54.37,58.26,62.79,63.16,60.16,58.95,51.95,59.47,63.21,62.89,61.79,68.26,54,59.58
70.53,59.57,53.67,59.58,58.89,47.11,57.84,67.16,56.11,60.89,61.74,59.16,71.84,58.11,53.42,56.89,61.63,56.42,68,59.92
60.33,67.07,61.67,56.74,60.32,57.21,67.05,64.68,53.21,54.47,52,58.26,64.21,64.26,60.16,55.58,49.58,54.47,62.79,59.16
55.27,49.64,51.73,68.95,67.68,55.58,63.89,60.16,58.42,60.84,56.05,61.84,57.05,60.21,54.79,62.42,60.84,67.26,55.79,59.39
60.47,65.21,57.13,75.05,55.79,65.95,53.47,62.47,63.74,62.79,57,58.63,58.37,58.74,66.16,51.21,58.26,61.68,53.26,60.28
55.8,59.93,61.2,57.11,57.32,61.42,66.32,70.63,61.21,62.26,53.84,59.89,51.84,66.42,64.11,67.68,56,60.68,50.79,60.23
54.2,61.64,56,58.74,63.89,60.58,59.79,56.53,58.79,67.47,60.74,53.74,67,51.68,57.47,62.47,60.42,60.63,64.47,59.8
66,54.64,51.33,61.16,58.53,56.47,62.89,50.16,58.32,60.16,57.32,56.32,71.95,56.89,64.47,54.84,56.58,58.89,47.47,58.13
68.47,52,58.13,69.32,65.68,65.11,62.74,56.42,56.32,61.42,63.16,55.53,60.74,54.84,51.63,64.84,61.16,61.74,64.26,60.71
69.2,62.21,59.07,60.32,51.89,54.16,59.84,58.26,46.21,58.11,67.26,59.42,56.26,66.53,60.32,61.63,60.16,52.26,59.58,59.09
56.67,62.64,48.87,61.47,69.58,63.58,48.58,52.63,65.05,67.79,48.58,53.37,58.79,61.89,62.26,53.37,52.37,62,57.32,58.25
70.4,66.57,61.27,48.79,67.63,57.84,62.74,62.89,63.16,56.42,47.79,53.95,69.53,59.58,64,59.05,66.16,57,56.37,60.59
56.87,60.07,55.8,61.74,56.58,64.47,55,55.47,66.16,63,53.16,59.68,56.42,60.26,53.32,67.58,57.58,54,62.95,58.95
68.93,68.93,56.6,70.16,65.47,62.89,62.26,56,58.74,56.53,65.58,63.21,57.89,57.37,58.74,51.21,46.26,55.84,52,59.72
55.27,56.36,65,53.79,58.68,66,54.11,54.37,67,65.32,65.47,62.21,50.37,60.58,61.95,54.63,58.95,61.79,67.89,59.99
50.27,68.43,57.87,58.74,55.74,58.26,57.16,60.79,65.05,57.37,54.95,52.58,58.58,61.37,59.42,71.32,66.58,58.37,57,59.46
58.6,61.5,62.27,62.95,60.74,50.84,67.16,59.21,61.58,58.68,51.47,55.26,60.47,63.11,58.26,62.53,63.11,53.95,60.16,59.57
58.4,64.36,64.13,60.89,64.79,55.42,53.21,55.95,59.21,63.89,51.68,55.84,64.16,68.95,57,60.63,62.21,57.21,62.95,60.05
56.8,62.79,65.2,54.89,63.68,53,58.05,64.05,66.79,60.11,66.89,63.63,51.16,59.32,56.95,53.16,59.05,68.53,61.11,60.27
55.33,57.36,57.4,66.32,65.58,68.95,53.05,60.47,55.68,58.11,47.32,62.05,61.32,70.53,53.47,63.21,53.74,64.26,63.74,59.89
63.6,59.64,56.4,55.68,61.42,66.21,59.16,53.16,63.37,57.79,55.37,55.11,49.63,61.47,57.63,56.05,62.11,55.26,62.32,58.49
61.93,62.07,50.2,67.74,53.47,65.79,62.89,64.89,69.37,55.32,51.37,52.11,60.58,59.95,54.74,64.32,59.11,72.16,62.21,60.54
56.87,60.93,60.67,57.05,62.63,56.42,62.84,55.68,51.21,53.63,59.05,63.16,57.63,65.79,64.32,58.26,64.16,58.26,63,59.56
59.53,63.43,59.07,54.05,65,59.42,54.26,60.37,64.42,59.53,60.79,67.42,59.05,57.42,64.84,54.68,65.89,59.58,63.47,60.64
49.53,58.71,61.33,66.63,56,50.42,62.68,63.68,64.79,63.63,62.16,63.05,56.37,59.37,62.95,55.89,56,56,62.05,59.54
59.53,47.71,70.6,62.11,61.47,51.74,61.74,58.26,63.58,60.58,66,56.32,58.16,60.95,63.05,64.16,59.89,61.63,55.47,60.16
47.47,67.57,57.4,53,68.05,54.42,60.63,66.95,58.63,66.47,65.63,60.05,62.58,51.47,51.68,54,60.53,60.05,55.84,59.08
64.13,53.93,49.47,60.21,66.47,68.68,61,70.11,51.21,60.47,57.58,59.68,62.84,57.68,55.89,64.47,65.42,64.32,50.74,60.23
57.2,61.36,63.53,50.16,69.16,58.74,55.21,57.58,59.95,60.26,57.26,59.05,50.47,58.05,49.95,62.05,59.84,64.95,66,58.99
58.67,66.71,61.6,63.79,57.21,60.68,57,56.68,51.32,63.42,55.84,51.11,61.05,56,50.21,56.47,55.68,63.32,58.89,58.19
57.13,69.36,53.27,53.89,56.42,64.63,50.53,57.89,66.63,51.53,60.89,46.63,67,65.26,57.47,63.79,49.79,66.26,59.11,58.82
69.07,64.14,56.8,59.26,58.05,58.68,62.05,60.11,62.05,50.16,61.32,60.63,58.63,68.21,69.47,61.05,67.47,69.68,52.74,61.56
53.73,60.14,58.87,67.42,62.84,65.89,54.47,61.32,58.05,67.26,64.79,60.95,63.89,59.74,54.37,56.79,65,59,63.05,60.93
63.13,69.86,57.27,59.84,52.95,59.21,53.42,56.05,57.32,66.68,66.21,50.68,57.58,64.84,53,62,62.53,61.21,54.11,59.36
70.73,59.64,49.67,60.47,57.95,65.68,64.58,70.74,68,55.16,61.63,53.26,66.95,66.84,56.26,50.84,64.37,52.37,57.74,60.68
60.6,51.5,72,58.89,69.47,51.63,57.58,62.68,60.68,65.89,67.11,60.58,64.42,54.63,58.11,56.53,59.32,58.89,56.74,60.38
67.47,51.29,56.67,49.58,53.16,61.16,72.05,58.79,53.53,55.11,50.42,64.53,64.68,60.47,76.47,66.74,53.42,57,60.84,59.65
56.47,59,62.07,63.37,55.42,67.42,62.26,55.47,65.47,62,64.37,62.68,49.74,51.47,65.95,62.05,63.79,60.68,58.68,60.44
63.07,54.36,58.13,59.84,52.37,62.58,65.42,61.79,66.11,57.42,64.63,66.79,62.42,59.42,57.42,62.11,62.11,62.26,61.11,61.02
62.6,54.86,53.47,52.79,65.58,58.84,64.05,63.63,62.26,57.84,53.79,56.79,62.89,59.16,50.32,58.89,62.37,69.11,54.16,59.13
54.8,57.07,55.73,60.74,45,63.11,58.53,56.58,54.74,62.84,63.89,52.79,68.05,60.74,60.11,57.42,56.79,57.32,56.63,58.05
65.8,69.57,49.13,67.63,55.95,59.74,59.37,54.95,53.53,50.37,50.11,58.11,65.21,50.74,60.26,58.05,56.89,62,50.79,57.8
61.87,61.93,55.73,61.74,63.37,59.79,60.95,57.47,54.79,59.11,55.47,56.95,63.63,73.11,59.16,63.84,48.74,59.74,65.53,60.15
61.6,54.29,65.47,54.79,65.63,60.84,70.05,64.68,56.84,57.21,51.42,60.95,54.89,57.26,56.26,76.16,55.53,55.84,65.63,60.28
73,55.57,57.2,58.89,57.68,60.47,53,53.47,56.37,49,61.95,55.05,63.16,62.05,64.42,54.79,60.63,56.16,66.95,58.94
60.13,56.14,64.73,53.58,62.47,61.47,56.84,57.95,61.84,55.58,58.11,62.89,57.53,62,59.37,67.11,65.21,51.89,64.21,59.95
52.6,51.93,67.13,56.84,52.95,69.74,51.26,57.16,58.32,54.79,58.32,58.53,63.26,60.37,51.95,68.16,71.21,65.11,51.79,59.02
69.93,58.29,54.07,67.84,70.63,64.21,56.84,58.42,67.68,60.89,64.53,58.79,61.89,64.74,60,59.42,55.74,63.68,61,62.03
56.13,70.71,52.13,66.42,52.32,55.32,53.84,59.42,55.21,60.37,66.26,70.16,63.32,56.32,58.42,57.16,59.84,56.21,60.68,59.49
60.2,66.5,52.53,53.53,66.74,65.05,59.05,64.79,53.68,57.74,70.26,58,61.84,71.63,57.79,57.84,64.11,65.89,50.26,60.92
70.67,53.86,61.47,67.84,58.53,59.11,55.11,55.63,52.63,58.53,60.42,55.63,64.11,58.53,56.21,64.89,62.05,57.53,59.26,59.58
55.4,61.07,56.4,64.79,52.05,60.89,54.68,58.42,60.74,65.79,55.05,57.42,60.89,62.68,56.84,61.53,52.26,62.05,63.58,59.08
60.93,59.43,51.8,51.74,57.63,66.16,66.37,59.11,67.79,52.58,63.37,67.63,63.84,57.53,58.11,51.26,58.89,57.84,62.53,59.71
60.87,53.93,56.53,71.26,71.26,58.58,65.47,51.79,64.79,52,54.53,68.16,54,53.47,61.21,67.11,56.32,55.11,51.05,59.34
55.87,57.93,51.07,64.84,66.58,58.16,56.26,58.42,60.26,54.79,55.95,60.79,55.84,66.74,65.68,62.79,60.42,67.95,65.68,60.32
49.2,64,53.87,62.53,59.21,63.89,60.79,55.26,61.84,57.37,54.42,59.21,56.53,65.74,61.58,53.26,64.26,56.95,58.26,58.85
51.47,68.79,60.07,58.79,62.84,59.63,62.89,64.42,54.42,55.37,57.74,60.05,65.16,69.16,66.79,62.21,64.74,64.11,67.47,61.9
57.73,57.29,50.27,61.79,60.26,58.42,67.26,48.58,57.32,44.63,55.58,60.26,67.16,60.53,55.58,57.68,65.53,56.05,55,57.73
68.53,53.57,62.93,64.68,51.32,52.32,55.47,62.16,59.11,63,49.95,64.11,56.16,61.68,59.26,60.63,56.37,54.32,72.16,59.35
54,56.07,67.2,58.11,56.79,64.53,58.79,60.42,61,54.21,63.84,52.16,51.68,56.53,58.68,57.32,58.68,63.58,55.58,58.38
60.07,57.57,65.73,63.42,49.89,59.58,67.89,58.84,59.58,61.05,57.37,63.32,50.11,66.84,63,63.53,49.16,53.37,58.95,59.44
62.47,56.5,62.8,53,52.16,64.05,63.32,62.74,56.68,60.95,69.21,57.47,61.84,59.68,65.89,60.32,55.16,64.84,64.37,60.71
57.8,64.57,63.6,62.47,55.53,58.05,58.89,55.89,56,60.58,55.53,60.95,60.58,48.63,50.84,58.84,54,66.26,65.16,58.64
69.93,58.79,60.73,68.63,63.53,64.32,53.05,57.21,57.68,62,56.37,59.63,60.42,66.26,62.47,55.05,58.32,59.53,57.47,60.6
57.6,53.29,59.67,60.95,63.37,61.26,57.37,56.37,65.53,68.05,61.95,53.21,59.47,60.79,54.84,58,62.16,65.16,61.84,60.05
59.47,49.5,54.33,58.05,55.21,53.47,54.84,55.74,60.21,65.53,60.37,61.74,65.63,57.37,52.74,55,51,58.68,50.47,56.81
62.27,63.71,58.07,54.63,56.21,61.16,64.84,55.79,64.21,60.95,57.16,70.21,60.74,55.21,62.79,64.32,58.42,50.79,62.79,60.22
58,46.36,65.93,63.84,59.79,64.84,50,60.58,58.95,59.26,61.16,52.11,57.37,63.74,62.84,59,55.53,59.63,65.37,59.17
55.4,66.14,69.2,60.63,53.95,57.53,62.89,61.95,65.89,62,62.26,60.26,64.84,63.47,58.21,61.16,56.58,58.16,48.16,60.46
63.87,61.14,60.67,66.16,59.32,62.05,63.63,66.58,54.74,52.89,55.84,62.32,59,59.47,64.11,71.21,60.47,57.37,53.89,60.78
64.67,56.5,59.33,56.16,56,61.21,65.05,54.32,60.37,64.63,61.63,64.95,54.42,53.11,70.79,57.74,59,66.26,56.79,60.15
63.07,54.5,43.67,64.47,54.89,63,54.26,65.42,47.32,61.42,65.63,58.68,68.37,58.21,57.32,66.84,68.47,54.05,57.63,59.33
59.47,58.21,52.6,54.37,57.58,58.47,58.53,59.84,59.63,63.63,65.16,51.42,56.26,61.37,72.79,60.11,49.95,56.89,63.21,58.92
66.13,69,58.13,57.26,67.74,53.21,51.58,63.47,56.42,59.95,60.16,61.21,62.37,58.58,58.89,59.16,60.05,56.16,57.95,59.86
62.13,63.57,49.73,62.95,58.37,60.74,58.95,57.05,55.47,57.74,66.26,67.47,62.11,60.89,61.26,65.79,61.16,55,65.68,60.65
54,64.36,51.87,55.79,62,59.16,54.26,66.05,58.05,55.26,54.84,62.84,53.53,47.37,55.84,57.68,52.05,57.63,64.89,57.24
58.93,61.5,53.27,57.32,58.68,62.58,57.79,58.68,61.32,59.21,63.58,60.89,67.84,56.63,48.95,54.42,69.89,64.32,52.53,59.39
59.8,63.07,67,51.89,52.68,65.68,62.89,65.58,56.79,64.26,54.95,58.11,59.68,62.05,63,56.53,70,54.53,59.58,60.43
63.93,55.71,45.67,59.63,50.42,58.42,66.53,56.47,64.47,61.26,61.32,53.47,58.11,61.16,57.53,56.74,66.16,54,60.42,58.5
60.53,62.57,52.8,61,58.26,59.58,55.63,61.84,55.89,61.68,60.89,57.89,59.11,60.79,48.95,64.42,60.79,54.89,61.95,58.92
68.6,60.86,66.73,63.74,67.53,54,54.32,54.95,56.95,58.53,58.68,62.11,50.84,63.42,68.79,62.74,57.68,53.84,57.68,60.1
62.53,57.21,68.2,49.37,55,63.63,62,58,59,56.58,55.53,65.11,56.11,56.26,54.42,55.68,58.16,58.68,66.32,58.83
64.53,67.43,72.33,61.26,66.21,59.47,60.32,61.63,58.05,58.84,56.47,58.26,55.37,61.95,64.68,61.68,55.63,61.63,54.68,61.08
61,65.79,60.53,60.47,57.11,63.42,63.63,56.68,56.32,59.47,55.26,55.79,58.37,60.16,56.95,64.16,58,54.47,53.68,59.01
56,59.93,55.4,58.05,59.42,59.74,56.32,59.53,60.79,68.95,62.11,65.58,62.26,55.84,59.11,61.21,56.11,58.89,64.63,59.99
72.53,52.86,61.8,59.74,53.89,52.11,54.16,43.05,57.32,62.74,67.53,58.16,65.16,60.21,55.53,44.74,67.47,70.95,65.74,59.25
59.53,52.14,59.93,66.21,59.42,70.74,55.63,62.74,57.84,47.16,59.84,58.16,52.79,66.74,51.84,53.42,62.26,60.89,55.37,58.56
63.4,62.5,68.53,56.05,69,61.32,54.05,59.74,54.84,68.74,65.89,66.79,57.68,61.58,55.11,55.53,59.53,62.63,59.79,61.19
68.67,57.21,65.87,69.63,61.58,65.16,67.26,58.37,51.58,61.79,59.68,59.89,53.74,60.37,63.74,56.21,50,63.63,63.68,60.95
57.73,61.86,62.2,64.79,54.79,56.32,56.05,70.68,57.32,58.21,52.68,58.37,58.63,61.47,55.68,54,60.37,63.37,53,58.82
55.87,56.14,58.4,56.79,57.47,60.16,56.05,67.74,55.63,65.37,68.16,61.89,67.63,59.68,65.21,51.58,49.89,59,63.89,59.82
50.47,58.21,61.2,64.95,60.37,59.42,60.74,69.16,54.47,64.21,63.05,55.58,61,65.74,57.79,61.16,53.16,56.16,54.79,59.56
51.93,56.64,48.67,62.58,60.37,57.32,63.32,70.84,69.63,53,62.89,60.58,59.79,63.68,48.79,59.68,63.11,57.16,62,59.58
64.27,56.21,49.67,57.53,56.74,63,65.37,55.37,59.79,66.53,61.84,62.26,60.05,59.84,58.63,65.58,64.26,52.21,56.05,59.75
68.27,47.79,65.47,57,63.89,63.89,59.68,66.37,63.68,63.26,64.53,57.63,57.37,64.32,50.63,59.84,56.74,63.11,62.37,60.83
66.33,66,50.53,58.37,66.11,59.47,57.42,58.42,52.68,58.11,67.68,64,59.05,56.79,56,49.79,74.16,64.47,65.95,60.6
51.73,63.71,57.93,57.74,56.68,57.89,52.68,52.79,63.21,58.84,57.68,67,56.37,63.37,62.21,58.21,59.05,59.68,58.32,58.69
60.07,62.14,56,54.74,58,55.37,63,60.84,65.42,60.05,61.21,65.16,46.68,58.26,64.79,61,63.47,50.32,62.74,59.43
72.47,61.43,52.93,50.16,62.05,59.42,65.47,52.53,61.32,63.63,57.89,60.37,46.74,61.05,64.21,64.63,62.26,55.79,71.32,60.3
51.93,55.21,55.07,57.11,55.21,59.63,53.05,57.42,52.63,54.11,62.74,52.58,64.68,60.32,56.58,56.47,56.53,69.84,57.05,57.27
53.93,55.57,62.33,57.21,58.53,49.74,52.95,53.21,59.95,59.95,63.58,54.89,57.58,58.32,62.58,66.58,58.74,67.05,62.74,58.71
61.87,76.57,66.47,62.58,58.74,57.21,49.84,61.16,60.37,58.79,56.16,69.42,52.84,69.47,70.47,57.74,66.16,62.42,63.74,62.21
58.67,60.79,57.2,53.37,59.42,61.26,49.84,61.63,48.95,59.58,66.05,71.63,64.11,53.05,59.47,60.32,60.74,52.53,56.89,58.71
52.07,54.14,55.67,60.63,61.37,56.11,64.84,63.53,60.42,59.42,55.95,44.47,63.05,71.05,62.74,50.05,60.11,63.05,55.74,58.65
59.53,59.14,56.73,60.26,67.58,52.95,60.74,62.74,58.26,50.42,55.26,58.26,61.84,62.53,57.53,61.68,62.21,54.79,61.84,59.17
58.67,59.5,48.6,64.74,56.79,60.63,55.47,65.11,57.16,65.26,61,54.05,61,67.74,55.37,54.16,65.16,61.58,55.63,59.35
64.07,64.29,62.8,50.63,63.47,64.79,59.21,63.16,61.42,55.63,59.42,61.79,60.16,60.74,61.74,56.79,60.11,53.74,53.32,59.86
52.4,66.93,68.67,57.74,60.26,64.68,53.89,59.16,65.84,59.42,51.37,54.21,60.37,61.95,58.11,68.74,63.11,58.42,56.05,60.07
58.27,63.36,53.4,65.84,55.53,59.47,60.32,56.37,56.37,63.95,61.74,56.79,61.79,61.89,57.68,47.42,46.53,59.68,69.84,58.75
63,54.93,61.93,59.32,62.95,60.42,59.16,53.68,60.84,66.79,57.32,64.05,64,72.68,48.53,57.37,65.47,70.68,63.05,61.38
59.4,47.93,54.87,59.26,67.37,56.05,69.32,51.53,62.32,60.84,73.74,55.89,59.42,53.84,64.58,65.16,67.53,64.84,59.11,60.68
56.2,60.64,57.87,59.32,60,66.42,50.63,58.47,55.63,61.47,53.84,53.95,58.32,58.84,62.47,59.89,54.26,61.37,55.16,58.15
53.47,65.93,64.2,64.84,59.21,66.89,55.63,65.79,65.05,58.53,65.26,53.68,66.11,52.74,57.53,62.47,62.05,59.89,67.26,61.4
67.27,61.79,60.27,54.53,62.63,61.42,64.74,62.47,55.26,64.37,56.32,62.42,54.95,51,55.58,73.89,52.26,56.16,62.63,60
53.87,56,61.93,55.32,57.68,60.53,56.47,66.11,57.32,58.32,59.11,62.63,58.63,55.84,54.84,59.32,51.05,58.53,60.47,58.1
62.2,60.07,60.53,64.26,55.37,54.47,64.37,52,56.58,55.89,66.95,52.37,52.47,68.26,54.68,65.53,60.63,50,53.53,58.43
68.07,55.71,56.07,67.89,54.89,53.21,69.53,54.16,63.53,65.26,67.42,55.63,64.11,62.95,59.53,56.58,50.42,67.42,56.47,60.47
69.47,55.07,54.53,66.89,53.63,63.05,63.68,54.32,73,67.63,48.58,53.74,65.11,53.58,72.05,55.26,57.21,68.37,50.84,60.32
60.93,53.07,61.07,54.16,56.58,53.84,59.95,58.95,61.68,74.11,63,62.21,58.05,64.16,59,57.95,57.32,65.37,52.47,59.68
61.53,54.36,58.47,55.89,68.21,61.21,68.05,49.63,52.58,56.32,54.47,61.58,59.84,55.74,60.26,75.21,57.05,58.05,56.32,59.2
54.73,52.21,57.2,50.37,53.68,61.11,54.58,60.79,62.47,68.26,57.95,64.63,53.37,58.89,57.42,69.42,55.89,57.74,56.84,58.29
49.13,56.79,52.13,65.32,58.95,60.21,75.37,50.42,58.37,72.21,66.53,57.74,65.05,64.95,56.79,59.53,52.21,58.79,63.89,60.23
60.6,65.29,60,61.32,67.42,61.68,54.74,66.42,56.53,53.68,65.95,57.16,61.37,59.11,56.21,65.84,55.95,68.47,63.47,61.12
67.27,55.79,60.8,62.37,59.21,64.89,58.63,59.26,51.84,66.53,63.95,69.26,57.05,63.53,54.26,61.21,66.26,69,57,61.48
63.27,63.14,56.27,54.95,55.11,56.63,53.21,63.16,58.11,55.26,64.42,60.26,56.11,69.42,54.53,52.16,59.26,52.63,57.89,58.2
58,74.14,59.07,60.21,68.68,57.53,62.37,48,57.16,64.32,55.11,60.42,56.11,54.79,65.79,67.37,55.26,60,59.05,60.18
61.33,57.43,66.47,58.21,68.74,65.89,56.37,52.53,55.63,60.21,60.05,61,65.58,50.11,65.68,58.74,57.11,65.16,59.32,60.29
60.47,53.57,63.87,54.16,63.37,65.89,64.32,63.26,64.16,66.26,65.74,59.95,51.11,57.21,58.79,55.63,64.05,55.89,69.68,60.91
59.8,57.71,61.13,56.68,64.47,57.47,65,56.63,61.53,59.95,62.84,60.42,55.42,59.11,60.89,59.79,49.58,58.11,65.32,59.57
63.4,51.36,61.2,66.21,59.74,57.16,63.47,69.16,54.53,65.79,52.05,60.47,49.89,67.79,69.26,70.37,48.68,64.37,62.53,60.92
55.73,58.14,57.27,59.89,61.26,59.32,55.26,56.32,60.16,53.16,55.42,65,55.26,68.32,65,65.95,56.26,57.89,62.63,59.38
69.47,70.21,61.73,67.11,56.84,67.58,65.68,62.16,53.74,62.53,55.47,65.16,64.05,67.11,52.05,47.63,59.16,65.63,59.11,61.71
62.2,65,72.13,47.05,61.68,61.11,66.26,64.63,56.74,74,58.63,59.89,68.47,51.16,60,60.58,61.37,56.95,66.21,61.79
63.53,64.14,59.53,74.58,54.26,53.32,54.84,63.05,65.47,58.63,64.32,63.11,48.16,55.53,56.63,57.26,54.74,73.16,57.32,60.08
67.13,54.57,64.6,51.26,65.84,63.68,58.63,69.47,64.58,58.79,60.74,60.89,61.47,59.26,62.79,58.16,67.21,57.16,57.58,61.25
53.73,56.21,60.07,53.58,53.47,58.58,74.53,60.58,56.47,60.11,51,66.58,52.63,62.84,55.95,53.74,62.47,58.84,64.89,58.75
55.73,51.79,49.93,63.89,65.16,60.16,61.74,61.05,48.63,57.05,53.53,60.95,64,62.84,59.95,54.32,71.53,67.84,61.37,59.55
51,58.57,60.67,62.84,58.21,57.53,59.68,63.89,52.05,67.58,62.21,70.21,51.11,63.16,58.84,57.11,60.58,55.95,63.79,59.74
59.8,76.07,59.6,58.05,57.11,57.89,63.42,60.47,63.05,62.53,61.21,57.89,57.05,55.11,48.42,55.74,53.16,71.05,63.53,60.06
57.53,54.43,55,61.68,62.42,69.89,72.89,66.95,58.53,55.58,67.21,53.58,53.21,67.26,55.32,56.11,60.05,60.79,60.89,60.49
60.47,70.93,55.07,56.68,53.42,61.58,61.95,54.89,52,63.26,66.63,56.89,50.68,50.89,59.79,51.42,59.16,53.95,64.63,58.12
60.33,54.5,59.8,57.58,47.53,60.16,60.53,60.47,56.11,55.89,54.84,56.42,47.37,53.26,65.63,60.68,59.79,61.84,57.05,57.36
53.27,61.79,56.6,63.95,61.79,59.89,52.58,58.63,57,64.53,68.95,65.21,56.58,56.11,62.32,51.21,57.53,60.84,65.11,59.68
60.8,53.5,43.33,64.68,60.37,60.84,55.79,64.42,61.05,52.68,59.05,63.26,58.53,65,53.58,58.16,61.68,60.11,55.79,58.56
63.73,47.5,66.93,63.58,65.16,56.11,58,43.84,52.42,67.21,55.05,69.84,65.42,49.26,65.47,63.11,56,60,55.37,59.16
53.73,45.43,61.93,52.68,63.05,61.53,63.21,68.42,62.42,65.26,71.74,62.26,57.05,56.79,54.21,65.16,58.11,54.53,63.68,60.06
65.53,56.5,71,63.21,64.84,52.79,50.58,59.37,55.47,45.05,65.84,54.84,54.26,55.05,67.63,59.21,63.74,56.84,57.58,58.91
56.33,47.07,65.53,77.16,62.37,59.58,60.32,58.63,64.32,62.58,58.53,58.37,67.63,60.47,71.95,60.68,59.37,66.32,48.63,61.36
58.47,58.5,58.73,71.26,61.21,57.42,59.95,67.58,57.26,55.89,60.53,58.95,62.53,68.58,55.84,64.53,66.05,58.32,59.42,61.11
64.53,51.79,54.33,57.53,57.63,52.11,59.26,60.16,64.63,58.89,61.53,61,54.32,57.32,62.47,66.37,60.42,62.37,56.21,59.1
50,73.14,56.47,54.68,56.16,54.11,61.79,59.84,48.74,57.95,59.21,57.89,55.89,59.63,53,51.26,65.26,57.47,60,57.5
52.47,59.14,67.73,49.84,66.84,64.37,51.37,59,69.58,63,50,51.74,60.21,51.53,58.05,66.95,58.74,62.89,68.11,59.56
59.47,61.71,59.33,53.05,57.58,54.89,57.42,57.05,61,61.53,61.11,58.79,55,55,60.05,51.58,64.68,55.79,57.32,58.02
58.8,65.21,63.6,55.05,55.26,59.11,59.26,53.89,55.89,65.11,53.68,52,66.21,60.63,57.32,64.26,64.05,58.16,55.53,59.11
57.13,52.07,62.73,55.58,59.53,60.16,68.74,62.26,51.84,55.53,56.68,60.26,65.47,53.26,54.89,49.74,57.68,58.26,56.37,57.8
60.73,62.57,66.73,56.47,56,60.16,66.47,63.89,57.21,55.26,56.74,66.74,60.79,62.37,54.11,56.37,63,48.89,54.32,59.41
59.07,69.57,54.47,55.53,59.05,61.05,59.89,53.47,54.26,50.79,60.68,56.21,51.21,65.21,58.42,62.26,62.26,60.11,65.68,58.91
59.47,57.07,64.73,66.47,50.16,57.63,59.63,62.79,69.58,60.84,56.21,53.26,65,58.32,64.79,64.47,62.79,56.47,55.79,60.29
67.73,49,54.53,58.74,65.89,60.37,63.21,65.84,56.05,62.47,56.74,57.74,63.32,55.58,59.89,59.37,59.47,64.11,68,60.42
46.8,64.07,65.93,54.11,54.58,58.53,67.68,57.42,63.63,58.68,66.16,62.42,57.32,49.68,59,66.74,51.05,68.16,67.63,59.98
69.07,61.43,58.93,70.58,48.68,55.42,63.95,56.63,51.84,60.16,64.53,55.58,66.11,61.26,53.74,55.21,56.37,57.26,47.32,58.63
64.33,60.86,62.67,59.53,60.79,59.16,53.63,51.37,60.11,62.26,53.74,62.84,60.26,71.05,63.63,62.63,66.95,47.26,62.47,60.29
66.47,81.5,59.53,52.63,59.37,60.95,57.58,58.79,51.21,56,56.95,57.84,51.68,56.58,60.84,60.26,61.63,57.53,53.53,58.99
64.27,65.93,51.73,58.95,60.16,57.63,55.84,52,61.21,64.42,58.84,55.53,56.11,58.95,58.58,61.84,64.84,69.79,64.11,60.04
60.2,54.14,62.47,57.26,58.42,60.84,63.16,59.21,58.79,61.16,63.42,64.89,64.16,60.42,61.11,57.47,65,58,68.47,60.98
53.6,52.93,72,52.63,55.47,53.58,66.42,67.16,57.58,56.32,56.47,55.16,66.84,65.63,63.89,52.53,64.42,56.47,66.53,59.77
54,59.36,65.93,50.37,49.47,62.47,61.84,53.68,55.53,60.21,61.84,67,57.11,57.21,50.68,67.84,47.42,64.58,63.58,58.43
65.27,57.57,65.4,50.95,62.37,57.16,47.84,58.95,60.63,64.89,60.26,59.84,56.47,64.11,61.95,53.26,61.37,60.42,56.16,59.2
49.13,57.79,68.07,54.32,54,60.74,67.05,55.32,58.95,68.63,49.11,53.16,56.37,63.05,68.89,63.11,65.53,51.58,64.21,59.42
57.13,55.14,60.6,62.95,67.21,65.53,64.05,65,54.37,59.58,59.05,59.63,54,58.47,56.47,62.53,48.37,61.16,59.63,59.52
70.2,58.07,48.73,60,55.89,58.74,53.74,69.74,64.74,62.68,58.42,69.26,50.11,47.58,60.37,59.84,63.47,61.79,61.16,59.71
67.07,64.57,55.6,61.42,63.68,55.68,59.11,57.74,63.11,52.42,59.89,60.42,60.58,55.32,65.79,64.47,64.26,59.47,55.84,60.34
57.6,56.21,62.87,57.16,58.53,64.05,52.68,59.68,47.11,54.84,51.05,55.53,54.47,53.84,55.53,62.11,56.68,64.58,51.79,56.65
59.67,53.07,67.4,51.21,57.63,67.58,59.53,64.47,61.42,53.16,58.58,66.05,51.21,62.63,66.63,57.74,67.95,54.74,69.32,60.53
64.4,69.29,55.2,57.16,61.26,52.74,48,62.68,57.79,67.21,56.21,63.68,58.89,55.68,62.37,55.58,58.58,53.05,70.32,59.48
63.33,50,63.67,59.84,43.37,53.16,62.26,63.26,59.26,51.47,60.74,58.74,55.16,62.63,69.42,57.05,61.63,63.26,56.47,58.67
57.93,55.5,51.67,46.47,66.37,61.21,61.11,62.21,56.95,64.32,55.68,69.74,55.53,54.68,59.26,58.16,46.89,62.53,52.16,57.81
48.93,54.21,58.33,69.47,64.05,60.37,57.58,66,61.11,57.63,73.74,52.53,59.47,66.95,61.95,61.84,61.84,53.42,62.11,60.61
44,65.93,66.8,58.47,59.05,60.32,60.89,57.68,60.32,60.53,56.74,56.74,62.89,50.68,49.63,60.05,57.89,66.68,60.21,58.71
56.07,56,52,57.68,64.58,58.68,57.84,66.89,53.47,57.21,45.16,57.53,64.63,60.42,54.11,71,60.37,63.16,56.42,58.59
72.73,66.36,56.4,54.63,57.74,63,53.32,45.74,62,63.95,55.63,59,67.84,56,58.74,50.74,76.89,50.79,56.53,59.37
58,50.43,56.27,73.21,62.37,67.26,62.63,54.53,61.68,55.42,65.32,49.05,59.16,58.05,67.68,64.32,56.37,69.16,52.53,60.18
53.27,58.5,54.07,53.84,57,63.42,57.26,57.68,56.74,67.21,61.84,62.26,52.63,57.89,55.89,65.79,66.11,63.84,57.21,59.08
56,56.79,58.73,55.47,56.84,52.53,51.95,62.32,65.16,61.47,55.74,49,64.47,55.05,58.26,64.68,61.26,64.47,66.84,58.79
60.47,57.43,61.67,58.16,53.37,57.74,61.58,61.32,62.26,57.74,57.58,62.63,60.89,51.58,53.74,62.05,72.16,54.47,54.37,59.01
51.8,49.86,48.47,60.79,57,60.16,57.32,62.53,53.84,58.47,50.42,55.26,72.11,66.89,55.47,55.05,63.37,61.47,59.26,57.87
48.67,66.93,67.73,65.16,63.47,55.42,69.05,59.42,62.58,55.53,60.05,54.68,57.79,61.79,51.84,60.26,54.68,63.05,55.26,59.65
65.13,59.64,56.07,59.42,60.37,49.89,48.53,54.95,57.37,62.95,64.37,58.21,67.58,55.68,53.53,55.42,62.95,56.53,56.47,58.16
58.67,60.36,53.67,62,58.68,54.11,57.63,68.05,63.11,62.21,63.58,53.26,65.42,53.26,66.79,58.11,59.58,67.84,55.26,60.08
49.33,51.43,62.6,52.84,54.68,63.95,60.32,67.05,70.47,57.79,53.68,68.79,67.84,64.11,53.16,67.74,55.16,54.74,58.11,59.67
65.87,55.14,52.67,54.58,65.37,62.95,59.05,57.68,54,65.47,52.63,58.84,74,67.11,54.37,52.42,59.32,50.84,55.21,58.82
61.73,57.79,61,56.84,54,62.58,53.16,58.95,65.47,59.84,55.47,54.37,57.95,59.74,56.26,54.89,52.79,68.84,67.79,58.92
49.4,57.14,66.4,63.11,61.37,60.68,67.11,50.37,52,66.16,59.16,49.26,61.68,57.53,51.21,49.79,59.68,58.53,63,58.08
67.67,59.79,48.53,50.58,53.74,63.68,57.63,65.74,55.89,53.26,63.32,57.74,54.11,69.95,56.89,48.26,64.68,61.21,54.74,58.28
57.73,60.64,53.47,63.16,49.89,66.05,64.42,58.95,69.05,64.21,54.58,66.42,49.84,71.42,67,52.37,64.21,62.32,72.58,61.49
70.53,55.93,63,55.32,64.11,56.95,61.11,47.58,58.21,57.58,55.53,64.16,55.63,54.68,62.37,59.63,59.47,57.68,60.68,58.96
58.33,47.36,62.27,65.11,67.16,56.11,61.47,57.11,48.26,61.37,57,57.84,67.11,54.05,60.53,66.58,60.11,55.63,56.68,58.95
59.13,63,52.87,58.95,65.47,60.21,52.84,57.74,62,52.21,65.58,58.16,60.42,58.26,44,59.32,63.95,54.63,55.05,58.09
54.67,49,59,52.84,52.95,63.11,61.11,57.42,64.26,57.42,59.32,62.21,52.32,58.68,57.37,71.26,57.89,64.47,56.26,58.5
60.4,50.93,53.8,59.53,58.79,57,59.74,59.74,49.42,60.47,45,54.74,62.26,69.26,53,66,61.89,59.63,58.63,57.91
62.4,57,50.07,58.53,52.84,57.89,59.68,45.53,53,71.05,60.42,55.79,61.63,55.42,56.26,59.37,57.79,50.26,61.21,57.17
62.53,48.07,58.2,59.79,59.68,52.84,48.53,62.79,64.47,61,57.53,62.68,53,57.26,55.05,60.79,52.32,54.84,70.74,58.01
58.8,63.29,60,63.16,52.84,56.58,61.53,55.68,60.42,59.63,61.16,50.95,64,59.79,68.47,59.37,65.79,69.74,62.16,60.7
50.73,68.5,61.27,65.42,55.53,58.21,64.79,64.26,63.26,45.79,64.84,62.11,63.32,54.89,68.32,56.53,55.74,65.05,62.21,60.57
54.6,60.5,66,54.21,59.21,59.21,57.26,59.37,61.32,69.21,64.84,61.74,58.26,52.53,65.16,57.74,67.42,54.68,56.32,59.98
55.47,55.07,51.67,69.05,63.16,60.05,65.42,67.63,58.37,65.32,63.32,55.79,62,57.37,61.68,60.21,68.16,57.05,50,60.36
52.8,58.86,71.67,58.89,52.58,67.74,57.26,57.63,51.53,73.89,56.42,61.05,64.74,68.53,58.26,69.11,67.32,57.37,51.16,60.88
57.8,66.29,56.93,58.79,56.47,62.21,52.42,57.68,57.32,60.95,58.11,60.89,49.05,60.63,62.79,60.16,52.95,47.47,62.95,57.99
59.93,72.36,61.47,54.53,61.63,58.95,55.32,62.47,66.16,56.68,63.32,55.32,57.21,65.42,69.32,64.26,60.32,61.47,52.21,60.97
59.73,61,67.47,52.42,65.37,50.32,58.37,64.63,62.11,57.26,61.68,61,52.95,64.21,59.84,53.95,58.11,58.16,60.84,59.44
55.13,55.36,59,58.47,60.74,50.32,58.84,51.95,56.74,59.21,58.63,67.21,64.79,64.11,61.47,56.47,62.89,66.74,56.79,59.2
62.67,54.93,57.8,66.42,64.95,64.32,58.11,55,58.42,50.42,66.32,58.47,65.63,59.89,56.47,59.63,58.63,60.32,59.32,59.88
66.33,66.64,74.93,57.95,57.21,58.53,76.37,50.16,58.79,60.47,58.74,64.37,58.05,57.89,58.84,53.26,58.42,68.95,64.32,61.59
63.67,49.07,70.33,52.32,58.84,68.53,60,60.05,60,57.37,48.79,53.05,55.21,64.84,61.79,60.84,55.79,51.58,60.79,58.57
65.53,68.5,59.93,63.32,71.68,57.11,56.74,54,52.05,60.95,54.58,61.21,47.47,56.79,58,55.58,58.11,57.05,66.89,59.24
53.93,61.29,49.27,66,53.89,57.42,70.68,54.05,51,65.21,57.05,66.16,58.11,71.58,63.89,54.47,53.42,64.79,59.05,59.54
51.87,59.71,73.2,53.79,62.79,54.74,61.84,57.37,56.47,57.79,59.84,56.16,65.89,67.95,63.89,69.53,61.16,65.16,52.26,60.6
60.33,57.14,52.4,65,54.11,55.53,57.32,67.58,57.11,62.68,54.05,57.68,61.16,64.26,57.37,56.79,51.68,52.53,63.68,58.34
53.13,57.36,58.67,60.42,73.16,61.79,60.84,64.26,54.68,69,54.05,62.74,51.74,57.84,62,64.79,54.47,60.68,58.68,60.02
55.87,58.43,71.87,60,62.63,60.05,61.95,55.84,60.11,59.74,70.58,47.32,65.05,61.26,51.68,64.89,60.05,72.42,59.53,61.01
60.93,56.5,53.2,58.58,62.16,66.26,55.11,62.63,69.11,54.32,64.84,57.11,50.26,65.37,57.37,52,60.89,52.68,68.84,59.38
53,58.79,69.67,60.32,64.89,62.05,56.47,56.11,62.21,68.11,61.68,55.74,59.84,69.58,61.37,58.37,63.63,54.79,65.37,61.16
51.93,63.64,63.53,59.47,53.42,65.47,57.37,67.11,62.95,52.79,72,54.47,57.79,59.42,67.89,56.37,57.21,50.11,63.16,59.8
56.07,61.71,53,49.68,59.16,51.53,58.21,56.68,54.47,61.95,66.42,60.21,53.84,62.95,57.16,65.79,52.79,67.89,55.26,58.15
63.6,53.57,59.67,51.16,73,58.16,50.74,56.21,58.37,52.32,55.68,57.11,60.53,65.63,53.63,56.58,63.68,53.26,57.37,57.91
61,65.36,64.13,60.11,55.89,58.32,68.89,61.05,60.16,60.26,65.47,59.42,53.32,69.47,59.42,61.95,61.42,55.74,63.63,61.32
55.93,56.07,65.13,62.32,48.42,66.32,62.53,53.42,61.58,50.95,60.32,65.74,49.42,63.84,58.26,72.05,60.58,57.37,55.68,59.26
58.73,53.64,69,57.26,60.53,57.32,56.05,52.53,64.16,63.84,61.32,67.53,56.16,57.47,70,62.74,55.63,61.37,58,60.17
62.8,59.21,58.6,54.11,63.53,74,63.21,61.21,62.79,57.42,58.63,58.16,59.32,59.89,63.47,59.32,64.58,51.84,54.68,60.36
62.8,63.36,56.67,58.63,55.26,52.74,59.79,54.84,49.42,58.58,65.16,59.42,60.58,58.89,54.16,62.16,55.95,51.32,53.37,57.53
57.2,57.43,63.2,66.11,62.11,63.05,63.84,52.42,60.63,54.89,65.47,65.11,61.58,47.11,55.53,61.47,49.63,62.74,59.68,59.43
57.4,59,55.8,70.16,62.16,61.47,54.68,70.32,57.53,63.68,60.26,56.63,63.58,55.26,54.58,61.74,65.58,59.58,65.53,60.79
52.93,64.36,62.33,56.84,62,59.68,58.42,62.32,64.68,55.68,60.79,62.53,50.21,56.16,64.68,67.79,53.26,64.16,61.16,60
64.67,60.21,56.47,61.79,56,51.58,52.58,58.21,59.32,67.63,63.05,64.53,68.74,65.21,60.42,62.05,62.11,56.11,59.63,60.54
71.47,66.14,57.8,63.58,66.63,64.05,50.21,62.47,64.63,60.68,52.79,66.74,58.89,56.53,57.58,51.05,55.37,56.79,71.79,60.8
57.73,52.93,52.67,61.05,62.63,60.42,64.95,55.63,64.16,60.58,57.68,66.05,64,55.26,54.74,56.32,60.84,69.84,63.47,60.05
56.87,62.14,55.73,53.63,57.37,64.68,72.21,46.79,68.68,55.42,55,65.79,59.37,56.47,62.26,52.11,59.58,60.58,49.74,58.65
68.6,59.43,57.2,71.26,51,64.47,70.74,53.74,61.79,61.21,57.37,59.47,50.37,55.58,66.74,60.58,60.89,60.05,62.42,60.68
61.2,61.36,50.8,57.95,66.26,61.53,56.05,59.26,52.63,64.79,53.05,57.11,57.37,61.32,56.21,58.84,67,71.26,60.05,59.69
66.73,60,52.2,56.79,60.58,64.05,57.58,55.05,64.42,52.89,56.84,60.47,60.11,56.89,49.95,50.42,60.74,65.58,60.63,58.52
64.27,55.14,59.53,55.74,57.58,56.42,63.74,59.42,66.26,48.16,57.84,67.42,61.05,57.89,69.47,70.84,58.16,60.11,56.26,60.28
55.4,68,56.53,61.84,61.74,63.74,62.58,52.53,65.37,63.21,56.16,58.26,64.63,51.74,61.21,51.79,55.42,63,59.84,59.63
67.93,53.57,59.13,61,59.32,56.21,48.32,57.63,55.74,55.89,56.89,59.16,52.74,53.63,57.74,64.11,58.74,67.21,60.58,58.19
48.6,48.57,62,59.05,54.74,46.68,61.89,58.95,56.79,51.53,60.47,53.21,63.74,53.16,56.05,55.53,67.53,52.95,54.42,56.1
61.07,61.5,56.67,59.89,63.37,67.68,54.47,61.53,66.26,57.21,70.79,54.89,60.16,59.16,59.42,53.37,57.58,51.84,64.32,60.06
52.93,61,54.87,57.16,52.11,62.84,55.53,67.68,57.84,53.11,60.47,63.05,54.26,53.26,67.16,56.47,58.63,68.68,50.74,58.31
69.6,62,63.6,55.95,59.32,60.84,54,63.42,56.63,48.63,63.42,49.84,50.68,67.32,59.84,57.95,67.11,65.79,61.58,59.87
59.33,49.43,58.4,61.74,63.11,60.74,59.74,64.84,55.89,59.11,48.95,68,53.95,49.89,52.42,61.89,67.53,53.16,56,58.11
67.67,64.57,61.4,54.84,63.53,60.84,55.74,62.47,61.37,59.47,62.58,62.37,53.16,63.21,59.79,59.74,65.32,61.42,70.47,61.58
60.13,55.43,61.27,68.05,53.95,56.16,71.84,57.05,56.63,58.58,54.53,52.42,61.74,65.26,57.68,61.79,46.53,65.84,54.84,58.93
56.2,61.43,51.53,56.21,64.16,60.11,59.11,73.89,62.32,62.47,59.95,65.21,54.37,59.47,47.68,61.11,62.95,54.11,54,59.28
68.13,48.21,64.87,63.16,53.47,59.26,45.37,65.95,68.21,58.21,59.16,64,49.11,59.95,53.16,63.16,58.79,55.37,59.37,58.78
70.33,74.36,52.4,57.11,64.21,56.79,68.74,57.79,67.37,60.53,61.37,68.68,62.47,55.63,59.68,52.63,60,66.16,58.42,61.82
64.53,60.43,59.6,53.53,60.79,56.47,54.32,58.11,47.26,59.47,60.47,59.47,59.47,64.84,63.16,56.58,55.32,59.05,57.58,58.45
61.93,57.5,63.67,62.53,68.84,60.58,56.89,55.68,57.11,58.47,58.53,59.42,55.16,55.47,58.53,57.89,67.84,54.79,54,59.2
63.67,69.64,63.27,64.89,52.05,62.16,65.16,66.05,62.84,63.21,55.32,63.32,52.58,68.32,63.79,59.05,54.11,58.79,53.16,61.12
61.8,62.36,54.47,61.32,63.79,52.05,58.16,51.42,68.95,61.05,61.68,54.84,47.26,64.74,62.42,52.11,60.05,64.42,60.37,59.12
66.27,57.93,53.6,53.26,56.21,64.68,57.53,63.95,55.68,59.47,52.26,69.26,58.74,64.68,58.89,61.47,60.11,56.37,61.84,59.59
68.4,58,52.67,60.21,57.89,59.58,65.47,53.47,63.16,54.26,61.58,60.26,62.26,54.95,64.89,61.21,60.37,54.58,62.16,59.76
66.27,59,57.13,66.16,56.32,69.11,53.68,57.74,64.26,58.89,64.26,56.42,60.74,53.95,52.47,61.05,69.89,58.63,57.16,60.17
61.13,50.14,67.2,54.89,57.58,50.53,56.42,61.11,56.16,46.58,53.68,63.21,56.16,64.42,65.47,70.05,57.53,72.68,57,59.05
62.13,63.86,59.8,68.16,59.63,66.05,71.26,51.21,68.21,52.53,57.42,64.68,52.84,65.95,60.42,46.37,55.58,58.95,55.63,60.04
62.53,65.21,66.93,56.37,56.11,64.79,59.58,60.32,56.63,52.74,53.32,66,62.26,56.74,59.68,69.11,58.79,63.53,59.89,60.55
54.73,56.93,61.2,59.79,55.32,54.42,51.16,50.74,74.79,58.26,59.79,54.95,62.21,63.05,52.79,55.16,61.37,57.74,53.68,57.79
63.93,60.93,56.6,56.63,62.42,58.74,56.79,59.42,57.47,58.37,51.89,55.95,55.84,55.79,68.11,62.16,51.16,52.32,53.47,57.79
57.6,63.29,59.53,47.74,62.58,62.63,61.68,64.74,63.42,60.16,56.42,66.95,57.47,54.47,51.68,75.79,62.26,64.95,59.21,60.66
51.87,71.71,52.4,69.37,62.95,57.89,60.63,60.32,57.37,58.37,60,63.05,59.47,60.32,60.37,55.16,58.68,67.05,56.53,60.18
64.67,61.86,55,51.53,67.63,59.58,58.58,59.74,68.74,53.11,55.26,60.53,65.05,69,71.26,53.26,59.11,53.63,53.47,60.05
65.73,53.86,68.8,65.68,59.26,57.89,54.47,61.37,54.16,69.32,65.11,60.84,54.21,58.05,58.63,58.79,55.26,65.16,61.47,60.42
66.07,57.71,59.53,48.58,63.11,57.74,62.37,64.16,68.42,58.16,52.58,62,55.47,57.63,56.26,60.16,65.32,60.53,70.58,60.34
56.8,63.14,58,63.53,65.16,64.42,65.21,57.47,45.53,64.42,61,52.05,58.68,56.11,60.95,69.68,58.74,57.05,58.79,59.83
61.2,63.57,62.93,61.11,71.53,57.53,59.63,64.84,62.68,54.68,57.21,59.05,59.79,55.74,69.16,51.84,59.26,63.89,57.63,60.7
60.07,57.86,72.27,57.68,54.74,64.89,54.84,53.32,73.32,56,54.26,62.37,72.05,63.26,58.05,63.84,55.53,52.84,56.05,60.17
62.93,58.64,57.73,58.68,64.95,64.84,60.21,56.63,54.32,58.26,65.58,56.53,61.37,63.63,60.95,57.32,60.32,67.58,54.26,60.25
65.73,51.36,66.07,61.74,61.95,62.47,55.47,61.11,56.68,68.32,61.89,56.47,59.84,64.05,59.26,60.47,54.37,59.32,63.05,60.51
63.93,53,52.07,58.95,56,61.89,59.47,54.63,63.11,56.53,58.89,64.21,47.21,63,59.63,65.84,62.42,57.53,65.11,59.13
52.6,66.5,62.47,65.37,57.47,67.47,57,56.63,60.42,62.79,58.47,59.95,57,62.53,64.21,54.89,60.74,66.32,62.79,60.82
53.2,60.21,52.27,63.47,57.74,62.05,60.53,58.05,64.05,62.47,57,54.89,60.74,70.74,65.05,56.68,62.42,60.32,56.53,59.92
49.87,62.36,61.13,58.84,64.95,49.58,45.42,60.79,66.68,57.47,63.89,58.21,58.95,53.32,47.05,60.05,53.79,63.47,59.37,57.64
60.13,52.29,52.13,52.95,51.47,63.47,59.11,62.05,66.89,53.42,66.16,63.68,58.53,59.11,56.42,58.68,59.42,58.58,48.68,58.06
63.47,49.71,54.13,56.89,55.53,59.95,64.42,66.84,57.63,66.79,55.37,53.32,56.05,62.68,53.37,57.42,59.37,59.84,60.95,58.62
62,63.07,59.33,60.47,47.53,55.32,59.11,59.32,59.89,63.53,54.42,53.63,70.16,57.79,48.95,54.47,68.95,64.63,59.79,59.07
57.93,63.93,66.67,63.84,53.53,51.47,52.42,61,56.79,55.16,49.84,55.26,60.21,57.84,66,51.63,53,60.79,57.84,57.64
55.8,57.29,64.53,53.89,62.84,58.63,56.21,47.47,67.16,66.16,65.53,50.21,51.68,54.89,65.58,64.16,58.53,53.58,57.16,58.49
53.73,55.07,70.07,58.42,50.42,55.79,57.32,58.42,65,64.11,45.26,62.16,64.05,65.79,66.47,71.89,61.47,55.68,65.05,60.33
63.27,57.36,62.07,55.32,63,61.68,63.32,60.37,60.32,60.47,55.84,60.79,59.63,61.53,55,58.79,53.74,59.74,71.37,60.19
58.4,57.14,75.33,61.47,60.58,65.95,59.42,57.74,54.11,59.58,62.74,51.89,52.32,62.05,58.63,64,69.47,50.58,65.05,60.34
56.4,59.79,50.27,61.79,48.79,55.11,53.47,59.16,52.37,61.74,64.47,52.21,61.68,60.58,61.11,58.74,67.16,50.58,60.68,57.69
61.2,67.14,67.93,60.68,63,64.32,60,50.89,58.16,61.21,56.95,59.58,67.42,56.68,63.53,61.26,64.11,61.53,59,61.29
59.73,50.71,69.2,51.63,54,52.11,59.63,60.84,60.16,56.42,68.47,57.89,57.32,58.58,60.11,62.89,53.47,52.95,54.79,57.94
52.13,58.29,47.13,69.74,62.74,68,68,51.68,59.74,69.16,63.47,56.16,66.11,51.74,61.53,59.26,62,65.05,62.05,60.74
64.27,65.07,56.93,56.26,57.32,61.16,53.79,60.84,57.11,60.84,60.42,54.53,62.74,59.37,65.53,60.74,61.42,59.16,61.74,59.96
69.13,62.71,52.07,55.74,57.95,63.63,58.89,56.53,71.79,59.63,56,53.37,63.05,64.21,65.32,59.89,69.32,66,50.68,60.84
66.33,52,63.13,59.79,69.63,64.16,62.32,55.58,61.95,61.58,57.21,52.79,51.32,57.21,63.84,66.58,59.84,63.74,57.89,60.36
50.87,54.79,55.33,62.58,57,60,50.42,49.42,58.63,66.26,57.95,65.16,47.53,60.42,60.89,56.63,64.26,56.95,53.11,57.27
61.47,63.57,60.33,65.05,57.63,58.68,61.58,62.11,58.11,52.63,68.53,69.26,61,62.47,51.37,63.11,50.58,58.89,54.89,60.07
55.13,50.07,59.07,66.26,56.32,53.84,65.58,56.37,60.79,62.68,64.26,63.26,65.63,59.42,57.63,59.37,57.53,52.53,52.32,58.85
60.87,56.14,59.13,65.58,52.21,62.11,58.84,51.26,63.21,52.32,54,54.16,59.42,63.58,59.05,64.47,65.16,55.11,56.37,58.58
55.73,56.79,65.13,58.74,53.89,66.37,62.58,61.05,67.26,60.21,55,67.42,61.95,59.21,54.05,56.47,56.53,71.74,61.26,60.6
62.47,55.36,61.13,56.16,63.47,50.37,58.21,60.26,59.84,61.58,61.68,58,64.42,55.32,58.84,53.47,49.42,61.21,65,58.75
61.47,52.86,52.73,64.63,65.11,57.47,55.53,50.26,56.68,63.05,52.37,56.42,68.68,54.53,63.32,62.16,61.32,60.47,57.79,58.78
58.73,57.21,56.87,58,66.79,60.05,64.89,46.47,59.68,63.32,62.26,63.21,56.21,50.68,71.11,69.37,53.53,58.32,64.63,60.07
69,69.36,60.27,60,57.63,63,58.21,59.89,57.11,60.16,63.16,57.37,59.21,60.53,58.95,58.05,59.32,57.95,72.16,61.12
53.53,54.14,66.93,69.26,52.79,58.32,63.58,60.63,61.42,74.05,51.16,68.58,58.84,52.47,54.47,59.47,46.89,61.47,68.42,59.81
48.6,62.36,59.07,62.47,56.79,62.89,68.42,64.37,55.21,61.21,53.74,60.74,59.95,55.26,59.37,57.89,56.68,67.37,61.26,59.67
63.6,53.64,65.67,59.68,61.21,60,63.21,61.05,57.89,60.16,56.79,66.84,49.53,60.89,72.42,61.42,62.42,55.58,51.63,60.19
52.53,59.36,62,67.74,59.21,58.74,54.26,65.26,54.84,56.53,50.32,58.68,54.42,54.42,56.79,56.11,56.95,63.11,43.58,57.1
43.33,56.93,63.73,63.79,54.79,51.89,58,68.58,52.89,69,55.79,55.63,64.53,61.26,68.84,60.11,64.21,56.79,65.74,59.78
70.93,66.43,63.27,64.58,53.37,52.42,58.53,64.26,59.63,69.95,60.53,64.79,66.89,64.53,54.11,61.42,71.05,60.32,67.42,62.86
73.8,65.57,64.6,69.11,62.37,57.16,56.11,57.16,56.26,63.89,54.37,54,67.37,57.21,58.53,62.79,55.32,62.53,66.84,61.31
70.73,58.71,56.53,55.63,55.32,55.95,58.95,56.95,58.53,51.58,56.16,62.05,70.89,70.26,54.89,66,61.21,58.32,60.32,59.95
45.07,48.43,50.47,57.47,53.26,57.95,54.11,48.47,64.42,61.47,50.26,57.16,58.89,62.05,62,56.68,62.47,58.63,67.95,56.7
57.2,58.79,53.07,52,68.84,67.16,56.95,54.42,62.26,63.26,50.11,63.74,59.42,57.74,54.89,56.05,58.47,56.84,50.32,57.98
55.6,56.86,59.8,69.84,56.95,63.89,54.53,58.53,65.68,63.84,53.84,58.21,60.79,64.05,59.21,64.42,58.89,52.53,70.63,60.43
61.07,57.86,62.93,67.37,68.63,65.42,58.89,53.79,59.58,51.16,65.21,60.95,65.37,59.95,73.42,63,63.63,52.58,64.32,61.85
51.87,49.36,70.53,60.11,58.21,62.32,64.32,67.42,58.47,51.37,64.21,59.42,66.47,60.53,60.37,64.58,64.32,66.68,61.37,61.15
54.73,53.36,61.8,60.84,59,57.84,57.95,58.53,56.21,73.11,63.47,54.79,57.53,60.32,59.05,51.26,64.37,57.84,68.89,59.52
58.73,56,57.13,57.89,50.32,53.37,64.74,47.32,64,56.89,53.32,53.21,64.58,64.21,56,63.74,55.95,62.21,62,57.98
58.67,67.93,64.6,56.26,63.37,55.53,64.47,57.63,50.16,51.47,61.21,52.79,58.16,59.58,48.47,57.68,58.32,60.95,64.37,58.51
66.93,49.93,64.53,61.37,56.47,66.58,60.58,59.42,65.37,63.05,67.37,66.16,50.58,63.21,55.26,63.63,60.58,59.95,62.89,61.26
57.2,52.64,63,60.26,59,59,57.11,55.95,60.42,58.95,59.84,63.05,50.26,58.47,55.21,60.79,59.95,55.47,59.16,58.2
54.13,69,67.73,66.68,61.68,58.05,55.58,55.32,51.42,60.21,57.32,56.95,64.21,56.42,63.37,59.79,56.47,66.47,74,60.78
64.07,58.21,48.73,59.05,55.26,65.95,62.95,54.53,59.63,64,54.74,53.16,64.32,56.68,62.32,62.74,66.79,54.32,59.47,59.31
61,56.86,57.67,58.42,66.16,59.84,61.74,68.74,47.89,57.53,70.58,64.47,52.05,63.58,57.11,62.42,58.74,55,53.53,59.65
61.87,59.29,62.8,63.37,56.95,55.21,49.26,53.42,51.32,59.95,59.95,57.89,62.47,47.11,60.05,66.26,59.95,57.89,62.21,58.27
58.4,47.71,62.2,53.26,61.47,61.74,57.84,60.37,58.16,59.05,58.79,53.53,59.16,65.47,53.53,53.68,63.63,65.11,53.37,58.24
52.67,64.64,46.87,59.11,53.74,62.11,55.79,59.32,62,58.26,62,60.58,56.79,62.42,58.42,47.63,57,44.68,63.11,57.22
67.67,64.29,47.73,62.53,60.89,67.26,64.58,52.42,59.16,58.11,61.16,73.58,54.21,66.37,59.42,59.68,56.11,54.68,60.68,60.55
61.4,51.29,56.07,55.16,64.05,55.53,61.63,56.95,59.95,64.37,56.21,51,60.16,64.47,64.42,59.16,59.68,66.21,50.37,58.85
57.53,51.93,55.93,59.32,65.37,55.89,54.89,53.63,63.32,63,61.53,61.84,54.21,59,58.05,54.05,61.47,60.84,61.11,58.57
62.93,66.07,68.87,65.05,55.42,57.21,62.74,55.47,56.32,55.53,61.21,64.53,55.74,57.68,63.84,60.42,52.95,64.74,59.11,60.31
59.8,55.36,61.2,60.21,62.89,54.68,50.26,55.21,58.11,56.89,62.79,56.11,56.79,52.79,58.74,71.16,61.95,52.26,67.74,58.68
59.27,52.93,59.73,55.32,58,49.79,64.84,68.11,57.26,61.21,54.95,63.95,67.37,64.68,50.58,60.74,59.68,56.53,58.53,59.13
68.93,57.93,62.87,58.63,47.58,59.16,66.26,56.32,69.47,66.47,60.32,56.32,69.79,68,57.84,64.79,54.58,55.47,62.79,61.24
65.6,68.14,50.47,55.37,64.42,62.37,64.58,57.74,51.42,55.32,52.68,57.95,55.32,64.84,56.84,55.74,66.16,51.95,55.37,58.54
49.93,58.86,66,51,66.68,57.53,60.11,69.42,52.53,63.37,58.84,63.21,54.11,55.26,65.89,68.37,60.89,59,51.79,59.62
70.73,54.21,55.4,55.79,60.21,55.16,59.11,51,58.58,57.79,64,49.84,60.21,58.68,63.16,67.32,55.53,54.26,57.58,58.35
54.07,54.07,55.47,62.32,56.16,54.05,72.05,68.53,56.53,51.16,66.42,69.89,60.68,58.05,60.53,60.26,55.79,61.11,52.26,59.44
56.93,66.43,56.6,52,53.68,64,56.74,53.58,65.68,52.63,64.32,53.32,60.95,55.42,55.11,54.84,57.47,60.63,64,58.12
61.93,60.86,60.13,59.58,49.84,49.26,57.05,63.63,56.79,51.47,61.21,56.74,64.84,59.05,63.42,45.26,54,60.16,55.63,57.41
56.2,50.93,61.2,64.21,62.05,63.37,65.16,68.26,47.11,51,62.53,62.63,47.32,62.42,64.37,55.89,60.42,60.37,55.11,58.98
60.47,67.79,60.73,56.63,61.74,64.89,55.32,50.95,59.16,57.42,66.11,55.89,66.05,57.37,62.26,54.84,60.05,56.53,61.63,59.78
58.87,52.36,54.47,46.53,62.11,54.79,56.21,57.74,51.95,59.89,64.68,62.16,60.79,59.32,63.11,62.21,56.79,62.84,59.21,58.21
60.53,61.71,61,58.89,58.79,60.95,63.32,63.37,63.37,50.68,67.68,54.11,55.47,53.68,66.68,53.47,62.37,67.84,60.68,60.24
63.6,60.57,60.27,59.32,56.37,52.16,57.58,62.26,51.89,52.32,56.95,61.58,63,62.74,63.84,68.05,64.74,57.63,60.47,59.75
60.8,59.36,61.13,54.68,62.53,68.16,59,67.26,48.74,57.11,60.47,58.79,59.37,65.89,65.79,64.05,60.37,65.26,54.42,60.69
62.13,62.93,52.87,55.11,61.84,57.53,61.21,62.63,61.74,62.53,65.79,54.16,57.68,70.58,62.53,68.42,58.21,60.47,55.37,60.72
65.67,59.93,65,60.26,60.16,57.37,60.63,51.05,52.58,65.21,64.37,65.79,57.21,61.05,57,62.47,56.47,66.63,63.21,60.64
54.33,52.79,61.07,63.37,59.21,65,54.68,59.53,64.21,58.84,57.89,60.16,60.53,68.11,56.32,64.21,64.47,60.68,66.68,60.64
58.33,56.07,52,70.53,66.95,66.89,60.16,61.89,69.53,59.32,54.58,49.95,54.63,62.26,58,60.58,65.42,56.21,60.79,60.22
49.87,61.07,63.4,56.26,51.79,67.37,51.05,61.37,66.63,54.47,65.05,56.42,63.21,56.84,57.58,67.79,49.16,52.95,66.16,58.87
51.47,64,52.33,67.58,58.84,69.95,54,62.37,55.79,61.58,53.05,61.79,66.26,73.42,61.53,53.37,60.79,56.95,57.47,60.13
63.07,56.07,68.33,66.68,57.26,59.11,60.95,69.37,62.74,61.63,61.89,60.89,52.26,56.11,63.16,65.05,64.84,55.84,52.47,60.93
67.67,39.07,65.07,54.21,53.47,52,57.68,57.58,63,54.37,64.68,64.21,68.74,67.95,51.58,60.32,52.42,57.16,60.53,58.51
49.87,67.29,58.4,54.58,59.89,54,51.26,57.74,59.42,59.95,61.16,55.16,63,63.05,67.11,70.11,51.89,61.63,61.11,59.3
63.4,59.71,53.13,58.79,55.32,62.58,57.63,66.58,64.37,63.32,54,64.68,50.26,57.37,56.42,67.68,53.74,57.53,62.37,59.41
58.47,62.79,52.73,68.63,60.47,53.47,57.11,57.11,58.84,53.84,53.68,50.84,65.79,61.84,57.84,54.79,58.47,69.05,63.42,58.91
55.27,53,63.67,64.47,50.95,56.05,59.21,63.58,56.37,60.79,57.47,53,64.11,67.21,56.95,54.74,49.89,64.68,53.63,58.16
58.4,62.64,62.53,63.21,48,63.58,63.84,57.89,59.58,62.68,56.47,57.32,53.58,60.26,66.47,53.53,57.79,55.32,51.63,58.67
72.6,49.07,53.33,60.53,57.84,71.53,66.63,53.37,55.89,62.89,60.58,58.84,50,66.63,50.42,61.21,64.32,67.05,58.68,60.08
52.13,53.71,57.07,61,61.53,59.26,54.47,71.53,64.95,51.95,63.37,59.58,57.16,48.74,60.84,65.21,60.47,60.68,56.37,58.95
58.2,56.21,62.47,63.74,73.21,62.26,56.05,56.84,50.37,65.84,60.32,67.53,55.11,55.32,61.53,58.63,58.68,52.21,68.26,60.15
55.13,49.21,62.87,59.42,57.47,66.58,61.58,51.79,55.79,64.68,65.16,63.32,59.58,53.47,63.16,59.26,67.16,53.37,65.16,59.69
52.8,64.5,54.8,64.26,61.58,60.32,65.11,60.95,70.79,61.79,58,68.63,62.11,59.11,57.79,48.84,60.42,60.58,59.37,60.62
64.13,65.43,44.73,62.68,67.89,64.26,61.21,61.63,62.95,60.63,68.11,63.05,59.68,61.84,62.16,61.47,64.16,52.58,59.63,61.49
50,57.64,50.67,61.16,61.16,70.89,62.58,52.47,63.84,52.74,58.26,47,50.26,63.16,58.47,59.74,60.05,54.32,59.21,57.56
60,59.5,68.13,58.26,65.16,53.47,61.95,52.26,69.16,58.58,56.74,62.26,52.84,56.21,51.47,58.47,52.05,64.89,65.16,59.29
67.4,59.86,61.47,59.11,56.89,48.32,71.05,70.84,53.95,60.16,56.79,60,61.68,58.11,64.37,59.26,54.21,61.58,59.21,60.22
63.53,60.64,57.87,55.53,52.53,70.11,51,75.79,66,60.95,63.11,65,53.74,69.16,59.68,54.58,49.68,54,62.42,60.28
64.13,62.07,73.4,58.05,58,66.47,65.53,66.21,52.32,65.11,49.37,63.42,54.63,64.84,56.89,50.21,61.58,67.53,57.95,60.93
53.07,55.5,69.93,58.32,58.84,62.74,60.42,55.58,57.47,71.21,54.21,71.11,53.37,55,62.21,55.89,64.89,59.32,57.37,59.81
64.8,60.43,56.93,60,57.37,59.21,57.26,61.32,63,59,61.37,66.11,61.26,51.53,61.11,52.42,62.32,52.53,54.21,59.06
61.07,62.79,59.4,49.84,64.74,59.11,53.42,56.89,55.37,59.32,58.16,53.16,50.42,54.58,57.42,56.32,62.89,56.21,59.95,57.42
51.2,70.29,55.07,62.37,62.89,56.74,53.63,62.21,56.11,63.11,56.47,59.79,67.95,54.32,62.16,59.68,63.11,56.53,54.68,59.38
58.8,57,74.2,51.89,64.63,66.42,59.11,66.58,63,51.37,54.26,63.05,60.37,65.95,60.11,57.47,62.21,47.63,59.21,60.17
50.8,58.57,67.2,62,65.74,55,56.84,60.95,62.42,52.58,59.84,62.47,57.79,50.63,53.58,52.42,62.11,63.68,56.95,58.5
52.53,51.86,51.13,64.58,63.79,59.79,53.11,66.53,55,57.74,61.68,55.26,61.53,54.89,64.21,68.53,54.47,64.89,50,58.5
59.13,60.57,56.47,54.47,49.32,63.89,54.89,57.05,71.89,60.05,56.63,62.37,66.95,51.05,58.05,63.74,66.95,57.42,66.74,59.88
53.53,51.14,51.67,55.63,62.47,55,54.58,59.26,58.05,72.53,69.16,69.32,51.74,61.53,61.11,62.63,55.53,51.47,51.32,58.3
65.07,57.93,68.33,52.32,69.26,66.16,60.37,53.11,54.58,59.74,64.32,70.84,61.63,56.05,54.89,55.26,56.68,45.89,61.74,59.69
64.6,60.36,59.6,63.21,60.84,55.21,62.47,56.26,68.84,65.79,51.89,60.74,66.68,59.37,62.32,57.42,58.11,59.26,54.53,60.39
61.8,63,61.13,64.37,58.79,61.95,66.16,62.79,58.95,62.26,53.58,49.68,48.05,54.53,68.68,52.05,64.68,59.95,58,59.5
56.93,66.64,63.33,61.21,62.16,58.95,58.26,57.74,50.68,58.58,57.84,62.58,61.47,57.89,61.16,58.05,51.74,59.47,64.84,59.45
61.27,56.5,64.6,52.95,66.37,61.58,52.05,59.16,68.84,68.95,67.95,65.21,58.11,61.26,53.37,58.63,60.95,66.89,53.53,60.96
60.67,61.21,61.93,60.74,61.84,52.68,47,56.05,57.21,54.89,60.26,60.16,59.26,59.47,58.89,57.05,63.58,53.37,62.47,58.36
52.13,65.64,68.27,58.84,58.16,59.58,59.63,64.37,68.37,62.47,63.74,52.63,57.89,64.84,61.32,63.16,61.11,57.47,61.58,61.12
61.8,57.14,48.67,51.89,60.47,57.53,52.05,57.42,59.26,63.11,74.53,62.37,57.89,60.16,60.42,51.79,56.32,56.68,64.68,58.64
60.13,65.71,57.87,57.63,60.11,63.68,51.84,58.84,48.95,51.42,58.05,64.32,58.42,63.37,57,50.16,57.74,64.84,60.58,58.46
57.6,56.14,61.47,54.58,62.47,66.05,64.42,58.79,51.16,66.16,60.47,60.68,68.47,59.16,58.74,58.53,57.16,51.32,58.47,59.57
62.47,48,56.4,60.53,60.26,52.95,57.32,51.84,69.05,58.58,54.79,50.47,52.16,57.05,61.84,58.53,64.37,59.26,60.68,57.71
49.6,58.43,49.6,60.63,60.05,58.26,51.42,65.11,55.58,53.89,54.32,58.47,58.84,59.16,57.11,57.21,56.37,61.37,49.11,56.55
57.53,64.07,52.93,61.74,53.53,50.16,52.63,58.58,54.42,60.26,63.63,63.79,58.84,59.42,63.53,54.95,62.79,64.47,47.74,58.16
51.67,62.57,47.73,69.37,64.63,72.74,56.84,70.16,53.16,49.84,62.63,65.84,60.21,68.89,48,55.79,67.84,71.16,52.53,60.61
71.8,68.21,54.4,50.74,70.74,54.16,57.58,66.32,62.16,54.42,62.84,66.32,55.58,61.42,54.26,57.05,58.37,63.74,60.74,60.57
58.47,52.79,53.8,55.74,69.95,64.16,56.26,53.11,60.58,59.42,62.79,62.63,59.26,59.58,51.16,54.16,59.79,56.95,60.37,58.47
60.13,64.14,63.67,55.79,58.63,59.74,53.26,65.68,61.89,53.68,59.84,65.63,63.16,60.95,57.16,62.89,67.68,56.37,64.32,60.77
55,59.5,61.2,62.68,60.26,67.47,52.42,55.84,59.05,56.63,62.47,47.42,57.84,63.32,71.26,48.05,57.47,58.21,62.63,58.88
55.87,56.36,63.07,55.53,50.79,51.68,68.32,60.42,64.11,59.74,56.89,63.58,55.95,64,68.37,59.84,60.26,61.47,55.32,59.56
62.4,56.5,58.53,59.89,53.74,57.84,65.84,66.84,57.37,62.37,69.68,60.74,66.26,51.58,59.05,54.05,59.26,56,54.74,59.62
58.73,61.29,52.8,56.32,55.84,52.68,68.32,65.63,62.32,65.68,58.05,75.95,50.05,57.26,62.95,72.47,52.74,53.74,65.16,60.42
55.07,59.86,54,67.74,56.37,68.84,66.74,64.95,61,56.95,67.11,64.89,64.32,61.21,62.16,62.53,59.58,69.47,47.89,61.61
62.93,52.21,56.93,59.79,62.79,50.53,58.11,62.37,71.05,61.84,58.26,52.26,59.68,58.58,59.05,67.68,55.16,59.74,66.21,59.75
46.2,60.29,50.93,57,69.47,48.95,60.16,66.47,52.68,57.79,58.84,63.21,60.26,69.21,66.16,59.47,58.63,70.26,54.95,59.52
59.47,60.29,72.53,63.47,59.42,58.05,56.68,59.32,65.89,63.95,53.42,50.05,56.74,70.84,57.63,66.21,60.05,58.79,54.74,60.4
61.93,54,44.87,65.95,48.74,61.79,55.32,54.11,50.37,53.42,58.47,54.47,62.53,66.21,58.42,61.84,66.37,54.42,53.26,57.18
56.53,58.21,55.6,46.84,57.63,65.32,58.21,59.95,60.21,67.63,60.53,57.16,53.47,51.89,59.16,56.74,56.16,52.11,53.42,57.2
55.73,61.5,54.87,67.74,64.68,58.05,66.32,60.89,55.32,56.68,59.74,57.53,63.68,58.05,66.84,61.74,58.05,62.63,53.32,60.18
62.4,60.14,66.67,54.21,54.47,61.32,67.53,55.05,52.74,57.53,57.21,55.95,70.84,55,61.84,46.74,60.89,58.58,57.95,58.79
55.4,68,53,56.26,64.68,66.74,55.05,52.37,62.58,65.05,54.26,62.37,62.32,53.26,67.26,47.42,55.63,52.95,64.84,58.92
53.6,47.29,63.87,62.68,60.63,55.11,61,53.16,63.37,67.42,59.32,59.11,53.16,60.32,63.32,60.37,62.68,55.21,59.89,59.03
47.4,49.21,62.4,61.89,62.63,64.42,57.11,56.74,69,54,64.74,59.11,51.26,63.47,58.74,63.63,63.32,59.95,55.89,59.21
63.93,61.36,50.6,67.05,48.21,66.16,55.32,53.26,58.32,61.11,56.95,61.63,47.42,65.37,58.58,63,61.11,54.79,57.68,58.52
61.67,57.5,67.47,61.84,54.16,58.74,67.68,58.26,67,53.79,58.68,62.21,49.16,47.95,61.68,62.95,57.37,66.16,47.68,59.05
60.27,60.29,62.93,52.26,54.74,52.63,55.84,69.84,55.16,64.95,49.95,61.11,63.05,64.95,61.79,59.21,59.26,56.05,59.63,59.15
69.33,67,64,62.32,69.79,53.95,65.53,62.68,69.11,65,61.53,59.74,65.89,57.32,53.68,62.84,65,65.68,65.63,63.47
66,49,59.4,58.63,60.53,65,60.05,63.95,65.16,58.26,53.21,58.68,71.68,68.53,62.42,58.89,48.63,62.89,58.74,60.51
60.33,60.43,63.33,55.95,63.21,59.79,58.26,61.26,62.63,63.53,55,62.84,46.68,60.79,56.53,65.11,57.84,49.74,57.42,58.98
62.93,65.93,61.2,62.58,60.84,67.16,60,56.53,56.74,53.05,50.42,68,49.95,62.89,60,56.89,60.11,67.95,55.95,59.95
61.8,54.64,53.27,56.79,62.63,65.37,59.32,52.89,60.84,56,54.21,58.32,60.58,62.63,58.84,58.16,52.32,59.32,55.05,58.05
54.13,49.07,43.53,67.11,55.68,58.84,68.26,57.05,62.63,64.63,61.95,56.53,61.68,60.63,68.58,63.68,62.58,58.58,64.53,59.98
62.53,71,55.53,63.37,60.63,57.74,56.05,49.16,60.58,55.63,59.47,62.89,58.11,57.37,56.95,60.42,50.21,61.68,64.21,59.13
58.07,58.07,53.13,61.26,52.89,53.32,68.05,52.05,53.53,58.63,55.32,54.47,61.11,60.21,57.26,58.74,56.63,56.63,58.79,57.27
58.6,56.71,69.27,63.11,61.32,54.74,51.95,70.68,58.21,54.05,64.37,51.95,67.74,57.42,57.79,58.58,61.32,53.95,66.53,59.91
54.4,68,56.4,63.26,63.37,66.26,57.11,59.42,64.42,69.32,54.47,50.74,59.32,56.11,52.21,62.21,56.42,61.84,64.05,59.96
61.47,45.07,62.87,59.84,55.79,61.26,59.84,74.42,62.68,53.37,62.74,66.21,53.16,54.21,56.16,60.95,66.63,52.89,52.37,59.05
53.67,55.93,63.87,57.74,61,62.32,65,56.63,62.05,63.05,58.53,61.37,55.58,56.47,59.26,67.37,55.84,63.84,54.84,59.7
52.13,65.64,54.8,54.58,55.21,62.42,59.42,57.26,51.37,50.32,63.32,69.37,55,55.47,60.26,64,61.16,58.95,57.26,58.31
66.4,59.07,58.93,62.53,64.79,50.68,59.05,58.68,60.74,64.79,51.89,59.84,54.37,60.89,62.79,54.79,59.95,54.37,60.74,59.23
63.2,61.57,65.33,58,64.21,68.11,70.79,61.68,56.26,61.58,60.21,66.68,60.47,60.11,55.37,54.74,72.84,56.84,56.21,61.8
53.53,49.14,69.07,64.53,57.58,64.21,49.63,66.32,64.26,61.42,60.95,60.16,50.42,57.68,62.11,66.89,54.42,70.42,61,60.2
63.27,43.5,46.53,57.26,52.11,61.16,45.37,66.84,61.58,55.42,67.58,57.32,60.42,57.68,60.58,51.37,65.42,61.26,62.16,57.73
54,59.86,48.93,63.42,62.74,66.63,71.37,66.21,50.16,50.79,59,58.63,56.42,57.32,54.16,55.32,57,64.68,66.26,59.1
59.73,64.79,51,58.42,67.05,54.63,64.63,59.47,54.21,59.95,63.47,52.74,62.47,59.63,62.05,54.53,55.68,66.47,52.68,59.14
53.53,55.43,65.73,56.68,58.68,56.32,57.11,59.53,68.21,53.05,62.79,55.89,61.47,51.95,65.89,56.84,61.74,61.47,66.53,59.41
61.33,60.86,66.47,64.68,60.63,57.21,55.84,59.79,62.21,48.16,59.42,54.32,64.26,66.53,50.79,63.84,55.32,54,61.05,59.3
61.67,60,59.47,60.74,62.16,60.11,64.05,59.68,50.16,61.68,62.89,65.32,55.58,55.84,56.53,63.16,65.79,63.42,57.95,60.33
62.93,65.29,54.87,56.26,58.89,53.84,55.32,65.74,68.84,60.16,60.79,60.58,54.84,52.89,61.42,55.53,75.21,64.11,55.47,60.16
61.53,66.86,61.07,61.95,63.21,56.68,51.84,54.95,51.42,53.89,63,67.84,54.47,51.95,60,57.79,62.21,64.37,62.32,59.33
54.6,60.36,57.53,54.42,54.05,66.37,67.26,61.95,58.05,63,59.84,63,54.42,53.53,54.84,68.11,59.42,57.37,51.11,58.91
56.67,63.29,69.93,53.32,60.05,49.47,55.89,51.26,57.74,54.32,55.84,59.74,57.47,67,57.16,52.47,53.32,65.84,60.05,57.94
54.8,67.86,50.47,58.26,54.21,62.11,54.05,59.21,61.26,59.63,61.63,57.63,62.68,70.26,65.26,62.26,67.68,61.74,60.58,60.61
55.87,48.14,60.33,68,51.74,55.11,56.58,60.58,56.16,58.68,67,70.58,62.58,55.68,63.79,62.26,62.32,64.42,50.79,59.51
63.87,56.64,58.53,59.16,60.58,47.58,60.11,63.84,55.63,55.74,56.42,57.21,72.32,61.84,62.89,62.53,55.79,54.95,55.53,59.01
55.53,62.14,54.6,58.84,51.74,63.42,52.26,50.21,58.11,60.32,60.16,60,48.32,58.63,49.47,55.37,64,60.16,63.63,57.21
64.47,59.43,58.4,67.21,62.53,61.26,57.11,64.84,59.84,66.68,49.79,58.21,66.21,55.16,53.53,57.26,64.63,64.47,62.63,60.72
67.53,60.14,70.8,57.63,60.21,60.58,49.42,52.05,62.68,56.16,66.26,53.47,62.79,57.53,57.95,58.53,57.95,60.32,52.16,59.17
55.87,64.43,66.27,45.95,59.11,56.05,57.11,58.74,47.95,54.74,56,52.11,63.11,57.11,59.42,66.74,52.26,61.21,58.47,57.51
56.8,53.21,61.6,72.21,60,65,47.21,64.68,49.26,55.79,65.68,55.68,51.32,64.58,63,61.37,60.68,61.42,63.05,59.61
58.6,59,70.2,62.89,56.05,59.21,61.53,59.68,58.95,56,61.95,64.05,62.26,67.05,52.05,55.89,56.58,57.74,58.89,59.93
57.47,62.57,61.8,60.68,58.16,52.84,60.11,47.84,64,65.53,65.37,53.21,60.84,48.79,55.42,61.47,66.47,55.21,64.79,59.08
54.47,50.57,62.07,58.89,63.42,59.95,57.63,65,68.84,60.74,64.16,51.74,60.47,58.63,72.37,63.63,68.47,52.58,53,60.35
63.6,49,48.8,61.47,56.95,53.11,58.84,60,52.89,60,62.53,62.79,66.42,48.47,60.21,66.42,52.58,58.47,59.58,58.01
52.6,57.93,60.6,59.37,56.37,55.74,51.58,58.42,63.32,55.37,58.26,58.37,66.37,59.68,59.26,64.16,61.74,60.74,60.89,58.99
62.67,52,48,62.32,60.79,60.11,67.84,52.58,64.79,60.74,52.68,56.16,58.16,60.84,64.32,62.63,65.63,63.53,64.21,60
52.73,64.36,58.6,58.11,57.32,57.58,65.63,61.26,46.47,61.16,66.74,51,54.32,53.53,59.74,63.26,60.32,55.16,60.42,58.3
51.53,59.71,56.2,62.63,59.95,55.68,53.84,61.53,63.89,57.32,52.11,58.26,63.37,59.32,61.89,62.63,58.32,66.84,51.79,58.78
52.87,51.5,58.13,56.79,63.05,55.74,60.95,50.63,59.47,59.42,61.63,60.21,54.42,65.84,51.79,63.68,47.11,57.68,58.63,57.34
64.13,65.29,51.33,62.63,53.21,57.42,69.68,70.79,50.79,60.47,64.95,54.84,55.89,60.37,65.84,62.32,61.58,53.74,67.32,60.66
53.93,61.36,53.27,71.37,55.37,52.37,61.11,59.68,57.79,72.16,61.95,62.53,64.95,53.21,61.05,58.63,50.16,66.68,53,59.5
60.27,59.93,56.07,66.68,52.89,62.26,58.11,55,66.84,55.05,72.68,59.68,65.95,64.32,63,66.74,59.32,62.37,56.84,61.26
52.13,59.86,62.13,61.16,65.21,57.58,63.79,54.11,51.53,54.95,60.58,55.89,63.42,58.89,61,65.21,61,62.11,57,59.34
60.8,71.14,65.6,60.05,61.42,73.26,60.53,45.58,57.26,57.58,57.42,60.68,63.05,55,53.89,57.74,59.21,56.68,60.37,59.86
64.4,65.5,60.07,63.26,56.74,61,51.68,65.37,58.21,60.21,67,60.21,58.16,53.58,61.63,59.42,57.21,58.53,61.58,60.2
59.4,58.29,69,64.58,60.16,62.21,49.95,60.89,54.16,65.58,67.58,69.53,56.74,59.89,61.26,67.58,56.26,59.47,58.74,61.12
65.6,60.71,63.73,61.84,63.21,68.11,64.05,56.74,57.21,69.16,67.26,62.21,63.11,60.32,68.42,51.79,57.79,56.16,59.89,61.96
61.8,58.36,61.73,48.58,61.58,56,60.26,63.16,55,64.53,60.68,58.32,63.32,56.58,60.47,56.53,64.79,61.53,57.63,59.52
64.93,53.93,54.27,61.16,64.63,65.58,63.47,60.05,64.21,71.42,55.47,58.74,64.58,62.21,56.32,59.79,60.84,55.58,70.58,61.46
61.73,60.14,57.07,55.74,65.37,58.79,69.47,61.32,67.21,65.53,57.58,55.47,54.16,63.53,68.68,50.95,48.47,67.79,58.11,60.37
59.67,62,57.07,55.68,61.42,60.95,56.84,64,61.74,63.58,50.05,59.84,61.26,52.37,63.53,52.79,65.63,59.32,66.37,59.69
53.93,68.5,66.6,60.89,49.74,50.26,65.11,56.95,58.47,59.21,60.84,63.63,58.16,56.63,64.21,65.26,54.32,53.95,59.58,59.28
58.67,60.64,62.53,58.74,57.89,56.32,57.47,63.26,56.79,51,65.74,58.53,62.37,63.63,62.11,58.79,55.53,58.37,51.74,58.95
58.13,57.43,58.33,52.47,59.58,61.47,56.58,63.58,62.84,69.11,64.11,58.95,64.21,55.05,48.79,59.37,58.79,50.79,52.58,58.53
70.93,54.93,66.93,62.63,54.63,59.47,64.42,57.11,66.79,58.26,60.42,51.42,64.68,58.37,59.53,53.32,50.58,62.05,60.53,59.84
57.2,57.64,53.13,59.11,59.11,56.16,59.05,47.63,49,63.47,67.74,56.37,63.63,55.74,69.47,60.42,52.42,62.37,59.47,58.38
54.33,63.93,62.33,60.16,53.47,61.95,67.58,48.32,58.32,63.26,57.47,62.95,65,63.84,61.47,70.84,61.95,63.89,59.32,61.07
69.53,63.29,65.87,56.95,51.32,51.11,61.11,65.21,61.79,63.95,53,56.53,66.58,68.26,59.21,72.05,52.89,58.53,64.16,61.12
64.4,76.21,61.33,63.68,56.84,55.16,50.42,54.47,54.84,49.42,66.26,53.21,61.37,61.68,63.74,57,57.21,55.11,65.11,59.34
53.93,63.93,58.07,61.32,52.89,66.26,62.05,51.21,64.95,61.84,58.47,65.32,51,58.32,51.21,64.42,58.42,59.58,60.89,59.16
64.87,62.14,45.13,63.68,52.53,52.79,67.16,53.63,59.32,66.16,56.47,49.95,66.21,50.63,53.95,61,61.89,56.42,64.63,58.35
59.27,69.43,54.4,54.84,58.68,57.58,59.95,60.05,57.68,64.16,55.26,58,56.95,52.16,59.68,49.89,61.79,60.32,60.53,58.45
61.07,62.29,71.67,61.16,56.89,69.05,60.74,56.05,64.79,62.79,67.53,61.63,60.47,59.42,61.26,67.11,59.58,59.89,56.16,62.08
58.6,51.93,65.27,53.53,64.11,54.84,53.21,55.84,53.21,67.95,61.42,52.63,60.21,48.79,59.37,61.89,56.05,55.74,55.58,57.38
48.67,61.86,56.53,58,54.47,53.26,51.21,51.63,60.95,55.58,50.26,57.05,59.58,60.74,63.37,59.58,52.53,66.53,56.37,56.75
49.73,60.64,64.6,56.74,57.42,68.32,57,65.53,60.11,58.26,56.89,61.05,57.42,63,50.89,57.26,65.26,59.84,57,59.31
58.8,67.5,58.8,55.32,59.21,62.89,64.53,74.63,52.95,59.32,54.74,60.89,47.53,56,55.63,61.05,53.21,68.95,64.21,59.8
56.87,62.86,49.73,63.16,65.95,53.74,54.79,53.58,59.05,47.58,52.53,68.47,54.11,55.74,60.89,57.47,57.53,61.21,62.11,57.76
66.93,52.93,69.2,63.95,51.74,61.16,64.79,59.79,50,53.26,55.42,63.74,62.58,56.26,61.63,56.16,58.26,64.42,64.11,59.81
61.8,61.86,61.93,58.32,58.42,70.16,62.74,59.21,58.37,58.21,58.32,61.95,60.63,49.89,64.37,53.37,61.79,55,59.95,59.8
56.2,54.57,54.67,55.95,56.11,61.58,51.32,61.68,46.63,55.89,59.05,54.37,54.53,58.89,57.58,47.63,64.79,55.79,66.21,56.5
66.27,65.43,42.4,56.21,60,55.21,56.42,56.79,60.95,62.95,72.74,58.74,66.84,60.11,55.05,65.63,72.11,63.32,60.37,60.92
55,54.21,58.67,55.95,66.37,62.95,55.84,60.84,64.37,65.89,61,60.89,60.68,62.95,53.79,48.63,57,60.58,60.68,59.28
56.93,53.43,68.87,63.84,56.95,72.74,63.89,59.05,62.37,58.42,59.32,59.53,60.95,70.42,60.84,55.37,60.26,58.84,58,61.05
68.8,56.79,58.47,65.16,62.42,63.21,57,64.74,64.37,57.32,70.68,70.05,62,61.53,66.26,58.26,66,61,67.47,63.24
59.07,70.29,59.07,59.16,57.79,60.74,61.42,57.47,56.05,54.16,51.53,57.79,60.53,59.37,52.84,60.42,52.58,62.32,59.42,58.53
68.87,49.36,51.53,69.89,57.63,56.32,66.89,60.74,55.74,51.47,47.21,57.26,70,57.74,49.05,61.21,59.21,55.16,51.05,57.7
68.87,66.07,47.87,61.42,54.21,61.16,57.05,60.68,67.47,63.16,60.37,63.95,64.16,63.21,55.21,61.26,52.26,55.21,69.58,60.69
48.4,60.93,49.87,62.26,59.95,62.37,59.42,71.05,61.26,62.58,58.53,58.68,56.89,59.79,60.89,53.42,59.79,62.16,55.79,59.16
59.27,58.36,52.8,54,67.84,47.37,63,67.11,55.74,68.42,58,62.47,53.58,51.68,55.84,66.89,56.05,58.11,63.42,58.94
52.6,63.64,64.8,72.68,56.21,67.16,58.58,65.16,61.26,52.74,59.26,63.74,58.53,55.21,60.89,58.26,58.74,60.16,56.68,60.33
63.4,57.57,53.07,50.47,60.63,50.95,65.32,64.16,56,56.11,59.95,64.11,57.47,61.79,65.95,54.79,54.84,59.47,60.21,58.75
57,68.57,57.93,68.89,46.47,62.68,62.58,54.05,63.37,58.95,64.16,56.79,59.95,67.11,62.47,50.42,55.84,62.26,59.53,59.95
57.87,57.79,63.8,59.79,58.74,58.05,58.26,58.37,58.16,52.53,65.42,63.95,57.53,57,66.21,53.68,58.74,64.84,52.32,59.11
70.33,51.36,61.13,48.37,74.11,60.63,69.26,64.16,61.68,66.11,55.68,60.79,53.42,62.11,65.53,58.68,68.32,60.05,59.11,61.62
70.93,52.71,59.53,55.47,62.95,56.37,64.58,56.05,57.68,59.32,52.79,64.63,54.16,54.95,54.79,68.89,60.58,58.42,57.95,59.09
56.13,48,61.93,52.32,60.37,63.37,60.16,57.05,58.79,50.26,58.53,61.47,56.16,62.47,53.84,51.42,57.26,67.42,59.84,57.73
60.27,51.29,53.07,50.53,61.16,65.53,56.53,53.21,58,52.32,58.05,58.63,66.58,63.74,60.11,62.63,68.26,54.11,65.84,58.94
53.2,51.36,58.53,57.58,59.11,57.95,56.95,58.58,64.05,58.53,72.26,52.21,68.47,51.74,62.16,54.74,68.26,52.74,52.11,58.45
60.2,63.64,62.93,62.16,61.37,65.53,58.95,58.68,63.11,52.84,54.37,60.21,50.68,56.58,61.79,55.79,50.16,55.21,49.47,58.09
59.6,62.21,67.73,55.58,61.42,54.89,54.16,58.37,60.16,60.53,51.63,57.16,54.63,54.37,60.26,54.47,61.58,71.63,60.53,59
54.2,69.93,60.4,62.05,53.58,62.58,64.26,54.47,59.26,57.42,54.42,53.47,62.37,67.95,58.58,63.74,62.84,67.74,62.37,60.61
53.2,60.5,56.13,49.68,76,68.53,56.37,61.79,57.95,61.68,54.32,56.84,58.37,63.63,56.95,55.26,61.53,66.74,48.84,59.17
64.67,58.86,51.13,58.89,60.68,56.26,57.26,58,59.42,67.26,66.47,48.42,54.74,54.47,58.58,57.47,69.84,62.26,54.26,58.89
60.13,63.21,56.2,56.11,61.32,56.53,55.68,49.11,58.37,59.58,59.32,59.16,62.05,54.26,60.05,57.68,57.95,53.84,59,57.87
63.73,48.5,57.67,56.21,55.42,54.68,59.16,69.68,63.47,62.63,51.16,61.68,65.16,60.05,53.05,53.95,50.32,57.95,57.84,58.02
64.13,70.21,67.07,60.16,61.42,64.95,50.47,55.05,51.42,70,61.89,57,55.68,61.68,61.05,57.84,48.79,54.47,62.21,59.76
52.93,67.57,60.8,59.58,55.16,66.68,70.32,67,60.58,56.53,64.79,61,51.05,44.79,51.95,67.84,49.32,59.89,62.95,59.51
68.13,67.29,62.33,46.89,63.11,60.79,64.58,71.79,60.53,72.42,50.58,59.79,44.37,53.84,60.53,61.32,63.89,64.63,47.16,60.21
62.47,53.21,57.4,55.79,68.89,69.84,53.89,66.63,54.05,66.58,57.37,61.84,64.42,59.74,64.53,52,59.53,64.16,63.11,60.81
68.67,59.86,59.67,66.74,57.11,59.74,50.79,63.84,68.32,61.95,59.53,55.05,53.84,67.26,67.42,61.42,53.42,57.26,62.79,60.77
59.53,47.5,62,57.74,55.32,47.42,56.37,57.26,54.63,59.26,57.68,61.84,63.21,63.37,57.89,51.63,54.95,64.74,60.16,57.5
54.33,63.64,59.07,52.68,51.89,64.95,66.16,50,60.63,63.47,60.16,65.42,60.95,62.21,69.16,55.58,57.84,65.11,53.16,59.81
56.67,68.14,57.8,57.21,64.53,57.21,66.63,53.37,61.47,65.79,66.63,56.68,46.79,59.89,54.74,65,61.74,57.95,62.79,60.05
61.27,59.43,40.6,53.95,69.47,63.26,65.26,59,63.21,56.53,55.95,65.53,64.16,48.89,69,60.68,65.37,60.84,67.63,60.53
62.6,60,55.33,45.95,66.53,46.26,54.37,61.37,55.11,60.68,59.84,68.37,50.42,62.37,61,53.37,62.95,64.53,63.47,58.66
62.87,52.29,59.47,61.05,58.89,63.21,71.26,59.84,65.11,61.11,60.42,62.79,55.26,46.05,59.16,60.58,62.79,59.37,55.58,59.85
67.4,62.86,64.53,56.95,59.58,56.58,63.26,60.16,60.26,58.68,63.53,54.37,60.84,60.11,65.16,57.74,52.42,64.05,63.89,60.65
47.67,58.86,62.2,60.58,54.21,48.47,63.53,66.95,67.84,52.05,64.63,60.68,63.84,56.79,58.68,56.11,68.58,57.05,60.47,59.43
66,47.71,63.47,61.37,67.42,62.32,51,50.79,61.63,55.89,56.58,63.89,63.74,57.05,57.47,66.58,57.05,56.32,55.21,59.03
59.07,54.71,64.93,62.26,52,60.32,55.68,59.79,59.37,50,64.11,62.53,60.37,61.21,52.42,64.21,56.26,57.47,61.74,58.87
57.73,66,61.27,60.68,60.58,60.63,57.11,45.05,60.63,67.84,56.26,65.79,69.05,59.84,54,47.74,54.89,54.47,59.79,58.91
67.6,58.36,50.67,53.63,66.21,59.47,52.42,68.89,62.37,54.26,61.79,56.84,54.63,53.63,56.11,57.68,64.05,62,65.95,59.29
61.47,65.36,59.67,56.68,64.63,67,58.42,65.42,48.16,57.05,52.53,71.74,58.89,57.63,58,56.84,47.32,56.21,62.89,59.26
73.73,58.86,56.53,61.11,49.05,55.21,66.26,50.79,64.63,61.89,59.74,62.47,54.16,54.26,51.84,58.58,49.47,55.53,48.47,57.51
61.73,64.36,51.6,67.89,47.16,59,62.37,67.05,58.11,61.84,61.11,55.95,60.84,61.11,54.58,65.11,54.21,55.37,57,59.28
70.47,59.57,52.47,51.68,61.89,59.74,58.26,61.58,68.11,55.26,43.32,60.32,68.74,57.53,49.68,58.42,63.79,67,53.84,59.03
56.93,53.07,68.07,60.58,56.63,63.89,60.68,49.74,67.47,53.84,68.53,67.84,66.16,51.95,64.11,64.84,62.47,62.11,59.89,60.99
58.67,57.57,70.93,66.26,61.58,57.68,66.26,62.95,54.32,53.58,55.95,66.37,52.95,53.74,49.37,61.37,66.05,57.32,54.84,59.36
60.27,68.57,66.07,58.84,49.84,53.32,65.32,56.21,60.32,62.05,56.21,55.63,55.84,61.53,54.47,53,54.21,64.37,62.58,58.88
62.2,65.07,60.2,54.37,64.32,73.11,61.26,61.32,70.74,66.05,56.16,54.89,50.47,59.42,52.68,61.74,63.63,64.42,64.37,61.39
48.53,68.36,60.27,52.05,61.89,65.58,65.84,56.74,68.11,53.84,50.37,60.21,58.63,53.95,65.63,63.58,60.47,57.21,45.11,58.76
63.67,65.43,53.33,54.11,61.58,55.05,58.68,60.63,62.32,71.79,63.11,60.89,66,61.63,53.32,53.63,49.84,57.74,62.11,59.73
54.8,69.07,48.33,52.11,58.63,63.53,58.63,57.74,57.16,62.26,56.74,67.42,66.32,72.21,58.21,65.84,48.32,54.05,51.21,59.08
58.93,67,65.13,62.42,61.21,53.11,59.21,61.21,59.68,57.95,55.84,53.21,61.16,56.42,62.21,58.32,57.32,63.63,53,59.31
50.2,62.14,55.2,53,49.32,59.53,64.26,56.11,50.95,57.37,60,63.47,53.16,65.47,55.63,63.16,55.53,66.26,70.42,58.48
52.27,47.43,59,64.05,66.79,62.58,52.58,63.47,58.21,72.53,59.26,65.79,50.95,54.47,50.11,55.47,58,42.89,50.89,57.2
58.73,61.43,64.73,58.74,59.95,65.58,58.11,61.26,51.89,58.95,64.79,49.58,62.37,68.74,58.79,53.58,60.16,60.26,55.16,59.62
61.33,63.64,51.07,56.21,61.05,51.89,56.95,63.63,56.63,58.11,65.47,60,58.74,54.42,58.42,55.47,52.47,55.42,54.42,57.65
56.87,48.93,62,66.63,54.58,52.58,58.95,58.74,58.68,54.68,56.68,50.84,57.89,62.79,60.95,66.89,58.11,60.63,62.47,58.42
59.8,64.57,53.47,53.21,60.79,57,51.95,53.79,65.05,58.26,66.05,62.74,59.53,61.89,52.42,58.58,50.53,61.26,60.95,58.52
54.6,65.79,54.73,56.47,66.47,67.11,59.47,52.47,48.58,56.32,58.79,69.32,53.05,64.74,66.16,68.95,67.21,65.89,53.84,60.52
55.33,67.93,48.93,63.32,62.16,72.21,64.37,73.21,59,68.05,52.32,53.74,65.05,58.16,56.05,59.74,63.42,62.58,53.74,61.02
57.27,59.21,54.2,56.26,60.68,67.16,63.42,60.58,58.89,59.53,64.63,57,55.42,54.84,58.11,67.53,65.32,60,58.05,59.9
56.07,59,62.67,63.05,69.16,59.58,53.68,57.37,56.68,58.95,66.42,47.37,60.05,58.58,53.68,64.26,71.21,59.84,54,59.56
51.73,55.93,66.53,58.89,57.58,58.16,55.89,58.37,64.32,49.16,59.26,55.79,62.47,53.74,58.68,59.47,63,62.05,53.05,58.11
65,63,56.33,61.84,58.26,59.32,62.68,58.11,56.11,56.16,61.74,63.11,58.53,65.89,63.26,66.11,62.95,52.32,61.68,60.65
61.6,58.21,57.07,55.79,64.58,51.63,56.58,55,55.26,66.74,56.05,56.95,62.21,59.05,63.37,49.74,62.05,55.74,62.58,58.43
51.4,65.64,75.13,53.21,66.95,61.47,72.32,59.42,60.89,57.16,56.21,57.74,60.74,66.21,60.63,58.53,52.32,47.58,56.21,59.99
62.4,62.14,59.4,56.42,64.63,47.16,61.53,57.37,47.89,63,56.32,48.32,61.79,62.68,66.16,54.11,51.11,54.21,60.05,57.72
62.87,61.93,54,53.63,58.84,63.95,52.37,60.42,63.84,63.79,54.16,62.26,58.21,53.05,61.32,63.16,63.95,57.47,54.84,59.16
67.73,45.93,54.6,57.26,50.47,61.05,53.16,54.32,59.32,53.42,48.11,52.63,63.11,57,70.74,57.26,59.05,61.89,65.26,57.49
70.27,59.93,45.8,58.42,56.21,62.53,57.11,67.42,59.89,58.26,65.53,63.37,54.89,58.53,63,61.53,54.47,64.47,61.37,60.16
54.13,50.29,61.87,69.42,56.84,62.79,59.21,62,55.63,61.42,63,55.68,52.32,60.05,63.26,50.68,65.21,64.42,62.05,59.49
61.73,56.71,71.47,51.11,70.58,59.05,56.68,51.11,58.53,57.05,61.26,49.37,58.74,65.42,55.26,62.74,51.63,68.74,60.95,59.37
64.67,62.93,56.47,56.26,57.21,66.11,68.63,63.53,60.84,56.37,55.95,53.63,65.68,58.05,68.68,54.26,63.42,61.63,61.84,60.85
56.8,62.36,69.33,58.95,67.53,58.26,63.42,59.89,53.05,62.16,56.11,69.74,49.32,58.53,56.68,64.37,56.32,65.32,64.37,60.66
58.4,55.36,57.8,54.11,66.53,51.68,55.32,64.32,60.21,61.84,57.89,64.58,65.74,51.63,59.89,51.32,61.84,56.53,55.21,58.43
62.4,65.36,64.07,66.74,54.63,61.05,57.58,61.74,62.26,57.32,56.63,58.53,62.68,66.53,60.37,56.58,55.68,58.37,59.21,60.41
73.27,68,56.87,57.53,55.16,60.16,66.05,57.74,62.79,57.16,66.16,56.84,48.26,55.16,63.63,58.47,56.95,64.53,54.79,59.97
60.47,53.5,69.27,67.84,60.68,55.47,58.26,60.74,57,65.37,59.95,51.79,62.74,64.95,62.11,56.32,58.74,56.84,54.16,59.8
53.13,63.57,54.93,61.58,54.68,61.11,55.32,62.58,58.74,61.05,60.47,58.53,55.74,55.11,60.58,60.68,63.05,50.53,58.63,58.42
54.6,71.64,66.53,58.74,51.47,61.05,56.53,45.26,59.21,60.84,59.74,69.05,61.89,56.89,59,55.84,56.37,65.79,55.74,59.27
61.93,48.43,61.07,58.58,58.63,59.42,62.89,66.84,60.84,50.53,57.37,60.47,56.47,70.32,51.84,63.95,48,61.37,66.58,59.24
61,65.21,58.67,69.68,64,61.84,56.58,53.26,50.11,56.63,68.21,50.84,61.89,61.47,52.89,55.21,58.42,63.32,61.58,59.52
63.8,63.57,56.87,52.11,52.74,57.84,60.79,68.95,54.11,60.63,60.32,70.74,57.74,62.21,61.53,55.26,67.47,70.42,66.53,61.24
59.53,53.43,61.53,58.63,53.58,63.84,69.05,58.79,64.11,64.53,63.95,55.84,63.84,58.21,51.53,66.79,64.63,58,54.47,60.23
56.13,67.5,66.87,59.63,61.11,55.32,53.89,58,63.68,73.95,55.37,63.68,65,55.68,66.05,51.21,62.16,60.11,70.53,61.36
58.33,59.86,47.13,65.47,63.58,63.47,58.21,69.74,59,50.42,63.47,68.11,62.95,53.58,63.21,54.16,62.37,49.37,57,59.44
65.2,59.21,56.13,59.63,55.74,62.89,60.89,63.74,58.84,67.58,52.32,59.58,64.74,59.63,56.11,56.05,54.05,62,51.79,59.27
68.73,50.64,65.27,64.89,66.47,63.63,65.58,57.11,58.16,61.68,59.26,60.32,54.79,58.63,68.68,46.42,53.84,56.37,53.58,59.69
56.13,55.79,58.47,57.79,56.95,55.58,61.32,61.58,57.74,67.89,60.79,62.26,62.16,51.95,54.37,59.58,58.47,61.74,53.63,58.64
74.2,62.29,62.13,58.11,49.47,58.26,58.11,56.63,52.47,57.53,56.21,59.11,51.37,54.89,65.79,63,62.89,60.95,50,58.6
57.93,59.21,49.6,59,66.21,60.32,64.05,54.79,48.58,60.32,53.37,60.79,55.84,54.47,63.05,54.63,59.89,64.05,69.21,58.7
65.73,61.86,61.73,56.37,61.11,58.16,56.84,62.26,60.21,61.11,54.68,60.89,69.95,62.53,58.95,56.84,58,65.53,58.63,60.6
61.33,62.29,66.67,58.58,60.26,53.53,60.21,59.42,58.32,69.26,52.26,48.11,59.63,52,63.63,68.58,60.21,60.32,58.68,59.65
61.93,54.36,52.2,63.16,49.05,70.84,58.21,63.84,63.47,70.32,47.32,54.42,59.63,60.11,70.89,60.47,63.32,67.32,60.42,60.59
62.93,61.21,75.07,55.95,60.37,70.47,51.32,62.26,51.42,59.84,52.47,59.63,76,64.21,69.89,60.16,49,62.74,67,61.68
56.2,60.14,59.73,60.21,51.16,58.79,57.53,57.95,60.89,60.74,65.32,63.68,59.89,68.74,58.84,60.11,51.42,58.63,65,59.74
71.07,53.43,61.27,66.74,66.63,56.11,52.32,61.68,45,57.53,64.53,63.68,62.32,58.89,66.11,58.53,61.21,65.21,60.74,60.68
58.8,56.21,49.07,60.37,57.26,70.21,52.05,54.68,58.42,63.32,49.47,57.05,54.63,63.26,67,56.53,60.79,55.53,57.84,58.03
58.87,47.86,64.8,66.26,56.84,66,60.84,56.68,58.53,66.74,51.16,52.84,58.42,66.16,66.21,62.79,60.16,63.16,58.37,60.14
59.6,55.43,66.93,58.26,59.68,64.95,55.21,59.21,63.37,61.63,61.16,68.05,58.26,50.79,66.21,52.79,65.11,58,45.95,59.5
53.53,60.93,58.53,56.63,57.84,54.84,62.89,57.68,63.68,65.53,54.84,65.16,50.37,54.05,61.42,51.89,55.74,60.26,57.89,58.09
66.2,63.64,57.27,58.47,61.26,55.47,52.26,59,57.68,54.21,52.68,69.74,64.26,60.11,65,57.95,66.05,63.74,63.89,60.47
63.6,61.5,58.2,54,54,53.16,53.58,58.47,61.32,60.74,58.63,69.84,59.89,57.05,51.16,56.16,62.26,62.53,58,58.64
61.07,56.71,58.87,61.47,62.37,57.89,63.95,65.05,67.79,64.89,59.95,62.05,57.21,54.74,55,64.68,64.37,60.42,67.21,61.35
55.53,56.57,63.07,71.11,56.05,55.37,53.16,55.11,62.05,58.63,55.21,56.42,60.32,59.74,71.05,65.21,53.26,59.16,66.53,59.66
60.67,57.93,71.73,63.53,57.89,60.58,52.16,53.32,52.84,67.11,57.79,55.26,56.05,58.63,55.53,65.11,64.79,58.63,60.47,59.47
57.93,58.79,54.13,55.89,53.79,58.79,53.79,62.63,62.32,57,56.05,56.84,63.84,64.11,59.26,53.58,57,57.53,55.79,57.85
62.6,69.79,48.87,56.84,59.37,49.68,60.16,55.37,60.42,52.21,47.58,58.05,54.11,49.84,57.16,48.63,57.26,61.47,63.53,56.47
48.2,56.79,60.4,57.05,59.95,48.68,57.95,59.58,64.26,64.95,61.47,61.26,50.37,69.84,55.32,58.21,64.63,57.11,62.42,58.87
47.67,50.5,63,61.79,58.95,51.47,62.47,55.58,60.47,56.11,54.68,57.74,66.95,60.89,70.79,60.21,56.74,56,61,58.58
