ESU10000,SSU10000,CSU10000,GNT10000,CGS10000,GRC10000,ERM10000,AUD10000,POL10000,REG10000,ETI10000,CGV10000,IGV10000,CPI10000,ESRC_001
74,78.33,78.33,76.75,80.83,80.78,82.67,82.67,82.67,80.83,80.83,80.83,80.83,80.83,80.09
90.44,89.83,88,87.25,88,85.72,87,83.17,86,84.17,85.17,81.33,84,86,86.15
83.33,82.17,88.67,84.5,88.33,83.33,88.83,86.33,86.83,82.83,82.17,84.33,89.17,85.5,85.45
88,82.17,86.67,86.25,88.67,87.78,91.17,85.17,87.5,87,86.33,84.33,83.17,85.17,86.38
84.78,88.33,85.33,88.25,85,85.89,88,87.33,86.5,89,84.17,84,90.17,88.67,86.82
84.72,89.83,89.33,86.25,88.33,91.11,80.5,86.33,88.67,84,83.67,86.5,85.83,81,86.15
86.28,89.17,93.17,84.75,86.83,88.33,82.17,82.67,92.17,86,80.67,88.17,91,82.67,86.72
83.78,83.33,84.17,90.25,87.17,88.28,87.17,87.83,82.33,85.67,91,85.67,86.33,86.5,86.39
87.33,91,85.17,84.75,85.33,85.5,84.17,85.5,85.17,85.67,88.33,86.33,82.33,83.17,85.7
86.11,87.17,90.33,88.5,91.5,86.11,87.17,88,88.67,84.83,86.5,83.5,88,85.5,87.28
84.11,86,88.5,87.75,86.17,86.44,87.17,87.83,89.5,85.17,90.17,88.33,83.83,88,87.07
83.17,90.5,86.67,92.5,88.33,87.94,81.83,89,84,81.17,92,84.17,87.17,86.33,86.77
86,89.5,84.83,83.25,85.17,84.22,89.17,87,92.5,85.33,87.17,84.17,89.5,86.33,86.72
90.89,81.83,86.17,85.25,88.33,86.72,80.67,82.83,81.17,86.67,88.5,86.5,85.17,90.33,85.79
86,85.5,85.5,89,92.67,85.67,94.67,89.83,84.17,83.83,87.33,81.5,88,88.5,87.3
89.11,86.5,85.33,82.5,85.17,85.44,86,84.83,79,82.83,87.17,84,90,85.33,85.23
84.17,91,86.33,85.25,88.83,88.61,88,87.33,89,89.67,90.5,86,86.67,83.5,87.49
87.11,86.67,88.5,84.75,83.83,82.28,84,86.33,86,83.17,84.17,85.5,86.5,86.33,85.37
86.28,88.83,84.33,89.25,88.83,85.61,85.33,87.83,91,81.5,84.83,84,87.83,84.17,86.4
83.28,89.67,90,87.5,86,85.78,87.83,81.33,87.83,82.33,91.83,85.5,88.83,93.33,87.22
81.78,88.5,81.17,87,84.83,86.56,87.83,85.33,89.83,87.67,90.83,89.83,85.5,92.83,87.11
84.28,90.17,85.33,86.5,86.5,88.11,87,86.5,89.83,83.33,87.83,89.67,89.33,87.5,87.28
87.89,86.83,90.17,92.25,88.33,90.28,85.83,86.67,84.83,88.67,91.17,86.17,85,88,88.01
88,89.83,83.5,85.5,86,84.22,89.33,87.67,86.83,83.33,89.17,85.33,84.67,88.67,86.58
84.67,82.83,86.83,81,89.67,84.22,93.83,89.5,83.17,91.83,84.83,89.67,79.83,87.83,86.41
85.56,88,87.67,81.5,93.5,85.11,89.33,88.67,85.17,85,81.67,86.83,86.83,87,86.56
84.33,85.33,86.17,93.5,87.33,87.28,88.33,89.83,87.83,90.33,87.33,87.5,88,89.17,88.02
84.56,85.83,82.17,84.5,81.83,84.44,87.33,88.83,86.5,86.5,87.67,90.67,88,86,86.06
83.83,89.33,91.33,85.25,87.17,88.22,83.5,84.67,82.5,87.5,87,87.5,85.83,84.5,86.3
86.61,86.5,87.67,90.5,88,88.39,90.67,83.33,88,91.83,85.83,90.5,88.83,86.83,88.11
86.67,87,84.67,85.5,84.67,91.56,85.67,88,81.83,87.5,90.83,87.67,80.83,91.17,86.68
85.28,90,83.5,84.75,82.83,90,87.17,86.83,90.33,87.83,85.83,84.33,83.83,80.83,85.95
90.22,88.17,84.5,86,83.33,85.56,83.33,83.17,83.67,83.83,87.5,85.17,87,87,85.6
82.78,86.17,84.83,90.75,84.67,84.22,84.33,84.5,85,86.33,86.67,87.33,83.67,84,85.38
86.61,86.5,87.67,81.25,87.67,85.61,89.17,86.5,81,82,89.17,83.5,87.67,86.83,85.8
83.39,85.17,85,87.75,87.83,87.11,83.33,87.5,92.33,89.5,82.67,84.67,87.67,84.83,86.34
82.44,86,90.5,91,84.83,89.06,87.17,81.83,91,91,87.17,83,86.17,85.67,86.92
89.17,91.83,86.17,86.5,88.17,90.28,84.17,85.5,87.5,84.5,90.5,87.83,89,88.5,87.83
87.72,81.33,83.33,88,89.33,87.17,88,86,85.17,85.5,87.83,91.5,84.83,88.17,86.71
91,89.17,88.33,85.25,87,86.94,84.33,81.67,86,88,87.5,86.33,84.67,87,86.66
82.94,88.67,84.5,85.25,87.33,87.11,90.33,87.67,83.33,79.17,81.17,88.17,89,89,85.97
82.67,88.17,88.83,86.5,89.5,85.61,86,85.33,86.5,85,85,94.83,91.17,89.17,87.45
87.67,85.17,90.5,88.5,82.83,86.22,88.83,79.17,93.5,89.17,89,87.83,86.83,89.33,87.47
88.39,90,88,89.75,82.33,87.72,83.5,87.67,83,90.17,88.17,82.33,88,88.33,86.95
84.11,82.33,88.5,90,83.67,82.22,91.33,87.33,88,84.33,88.33,88,85,89.67,86.63
86.83,84.67,89,89.75,87,86.33,81.67,86.83,89.17,85.33,86.83,88.83,85,84.5,86.55
84.61,89.5,86,79.25,82,87.5,84.67,82,84.5,86.67,79.67,83.67,87.17,90.17,84.81
88.94,85.17,84.83,88.75,87.33,84.56,87,87.5,87.17,88.67,83.67,90,86.33,85.67,86.83
84.11,89.83,88.17,86.75,86.5,86.94,85.5,88,85,87.83,92.17,92.83,83.33,84.33,87.24
83.5,90,84.83,87.5,86.33,89.17,87.67,84.33,85.5,85.17,87.83,86.67,88.17,92.83,87.11
84.06,84.5,87.83,85.75,87.67,88.67,88.33,90.83,87.5,84.5,87.17,83.17,89.83,88,86.99
89.22,89.67,83.17,84.25,88.67,85.39,86.33,89.17,87.5,90.5,88.5,81.67,90.33,87.67,87.29
84.67,86.67,82.83,83.25,85.83,88.33,83.83,86.17,88.5,87.17,87,86,87,86.83,86.01
84.72,87.17,89.33,84.25,89.17,85.06,88,81.83,84.83,82.5,86.5,87,87.33,84,85.84
85.78,83.5,91.67,83.75,80.83,88.22,85.33,80.83,82.17,88,88,84.67,86.5,87.67,85.49
87.11,90.5,82.5,84.75,91,88.39,91.17,88.33,87.5,88.33,85.67,85.5,87.5,82.5,87.2
83.67,88.33,92.83,83.5,88.33,82.5,86.5,84.5,87.5,81.83,84.33,82.5,92,82.5,85.77
86.17,83,85.67,87,88.5,90.44,91.17,85,83.83,87.83,79.33,85.17,82.17,85.5,85.77
90.61,90,84.33,91.25,87.67,88.61,83,81.17,86.83,84.33,88.83,83.5,87.83,86.83,86.77
85.56,85.17,89.33,81.75,87,85.28,87.67,84.5,80.5,86.33,88.67,88.67,89.17,86.67,86.16
86.83,87.33,86.67,89.75,91.5,84.06,87.17,86.33,82.5,91.83,88.17,84.17,90.5,88.83,87.55
86.56,89.17,82.83,86.25,82.17,79.5,90.5,84.5,87,90,88.17,88,84.33,88.5,86.25
88.11,88.67,86.17,90,87.67,85.39,89,84.67,85.67,82.83,82.17,80.67,80.33,89.83,85.8
81.67,86.67,83.83,87.5,92.5,85,91.67,88.5,85.33,85.33,85.5,86.17,87.17,83.67,86.46
85.44,86.67,84.83,86.5,83.67,86.61,85,88.67,85.5,91.17,83.67,81.67,87.83,86.83,86
83.22,87.83,90.83,87.75,81.83,88.28,88.67,83.83,84.33,89.5,85.83,84.17,87,83.5,86.18
84.28,86.83,84.17,85.25,84.17,88.78,87.17,88.5,88.83,85.83,86.5,82.33,87.33,80.33,85.74
83.56,85.33,84.83,86.25,85.67,82.89,87.5,86.17,85.67,87.17,86.17,87.33,84.5,82.17,85.37
89.06,88,84.17,79.75,88.83,89.22,88.33,89.33,91.33,88,85.17,81.67,88.17,86.83,86.99
85.94,85.17,90.67,90.75,83.5,83.39,88,86.33,92.67,87.67,86.33,85,86.83,82,86.73
91.5,89.17,87,84.25,86.17,88.22,87.5,87.67,86.5,84.33,86.83,90.67,82.67,89.83,87.31
86.28,85.83,81.33,85.25,83.67,81.67,81.33,92.17,91.33,88.17,90.33,83.17,82.83,88,85.81
87.5,90.5,81.83,88.25,88.83,92.11,87.5,82.17,88,86.83,87.67,86.33,87.83,84.67,87.14
86.72,88.67,84,81,91.33,84.39,85.83,91.5,86.83,86.83,83.67,81.67,88.17,84.67,86.09
89.5,81.33,80.67,82,83,86.94,86.67,83.67,83.67,87.67,93.67,89.83,87.83,87,85.96
85.17,85.33,88.5,80.25,87.33,86.83,89.83,84.5,89,85.83,87,91.67,82.67,88.67,86.61
89.44,81.5,87.83,85.75,89,87.17,89,86.83,87.5,81,84.5,91.83,87.83,89.67,87.06
90.44,87.67,85.5,81,86.17,90.61,86.17,86.67,83.33,88.67,86,85.5,88.5,83,86.37
84.67,80.5,88.17,84.25,89,84.78,83.67,89.33,85.67,86.33,85.5,82.17,81.83,84.17,85
90.06,93,85.33,82.5,82,89.17,86.33,90.33,86.67,81.67,84,87.83,91,84.67,86.75
89.89,84.33,83.17,92.75,89,89.44,86.33,86.17,87.17,91.17,93,89,89.5,87.67,88.47
87.06,84.17,85.83,86.75,88,81.39,84.83,85,88.83,90.67,87.33,84.5,86.17,84,86.04
83.22,89,90.67,86.5,87,83.83,81.33,87,83,94.67,86.17,85.67,90.17,82.17,86.46
85.39,86.83,85.67,87.5,84,89.22,85.83,84.33,89.5,88.33,86.5,88.33,85.33,84,86.48
86.72,87.5,90.17,87.75,86.33,87.5,86,85.83,81.33,86.5,88.83,81.33,84.83,90.5,86.51
86.78,88.83,86.17,88.75,86.17,85.61,86.67,90,89.17,89.33,87,84,83,86.83,87.02
82.78,87.67,84.83,87,84,85.44,84,84.33,89.17,79.5,88.67,82.33,86.5,86.17,85.17
87.06,81.83,86,88.25,88,82.83,86.5,87.5,88.83,91.67,79.67,86.33,85.33,87,86.2
85.44,88,87.17,88,85.83,82.61,82.83,84.5,86.5,83.67,87.5,85.17,81.5,84.67,85.24
86.28,86.67,85.17,89,85,88.89,87.5,87.67,87,89.5,88.17,89.17,86.83,87.33,87.44
85.89,86.67,86.5,86,87.33,87.22,84.17,89,88.83,89.33,87.5,86.5,89.33,88.83,87.37
83.39,83.67,85.83,87.75,87.83,84.72,85,88.83,88.67,88.67,85,89.33,80.33,83.67,85.91
88.61,87.33,89.67,82,85.17,84.61,85,86.33,86.17,86.5,88.5,85.83,87.67,83.83,86.23
85.83,86.83,84.67,88,91.67,86.83,84.5,87.33,91,83.33,89.17,86.33,85.5,85.17,86.87
88.78,88.67,89.67,88,84.33,88.67,82.83,88,87.33,91.17,86.67,83,93.83,84.67,87.54
85.78,88.67,87,81.5,84,83.33,82.67,86,82.17,83.17,83.33,84.5,87,86.83,84.71
88.44,83.5,88,90.25,86.5,90.22,87,86,88.5,88.67,82.67,85.17,91.5,87.17,87.4
85.72,82.17,89,89.75,86,89.83,88.33,79.17,85.83,87.5,87.5,86.17,84.17,84.67,86.13
85.06,86.67,84,87.75,88.83,88.5,86.5,86,84,86,84.83,86.17,85.5,87.67,86.25
85.89,84,87.67,89.75,87.83,87.94,90,84.5,88.17,90.5,88.17,86.67,89.83,82.33,87.37
84.17,80.5,90.83,87.5,81.17,85.11,88.83,86.33,81,88.83,81.83,82.67,82.83,84.67,84.73
85.06,87,85,82.5,87.67,88.11,85.83,86,87.5,87.17,87,86,87.67,83.83,86.17
85.89,83.5,92,88.75,85.67,88.06,87.5,90.5,84.17,88.17,92,86.33,87.33,84.17,87.43
89.28,88,80,85.25,87.67,88.44,91.33,87.67,90.67,83.5,86.67,86.5,92,85,87.28
90.78,91.5,88.5,90.5,85.17,86.5,89.33,84.17,86,85.33,87.83,88.67,87.17,91,88.03
87.17,86,85,89.5,84,89.06,88,86.17,86,87.5,88.17,90.67,84.17,88.33,87.12
85.06,84.83,83.83,84.5,82.17,86,85.83,89.33,91.67,81.17,84.33,90.5,84.83,84.67,85.62
87.06,88,85.83,90.25,85.83,87.5,82.17,88.67,89.83,89.33,85.5,87.67,86.17,86.17,87.14
84.83,90.5,85.5,86,89.67,85.94,87,82.33,90,87.5,82.17,84.83,86.67,86.83,86.41
87.28,86,85.33,85,88.83,89.94,86.5,88.83,84.83,80.67,85.67,86.67,86.67,88.17,86.46
87.17,86,89,80.5,80.33,89.56,86.33,87.5,87.33,88,91.5,86.67,87.67,87.5,86.79
80.5,87.83,85.67,84,86.5,84.5,89.33,87.17,86.83,87.33,85,85.5,86.67,87.17,86
82.78,91.17,84.17,86,86.5,87.72,88.17,87.83,81.67,91,89.83,86.5,87.17,91.33,87.27
84.56,86,82.5,89.75,87.5,92.28,90.67,84.83,91.67,86,89.5,84.33,87.33,84,87.21
85.72,87.5,82.33,79.75,87.83,85,89.17,86.67,84.67,83.5,90.33,80.17,92,86.33,85.78
89.44,86.67,84.5,83.75,84.5,88.33,87.33,84.17,87.5,89.67,83.17,92.33,91.33,81.33,86.72
87.67,83.5,85.83,88.25,89.5,86.72,92.33,82.17,85.67,86.33,85.67,87.5,87.33,85.17,86.69
86.44,89.67,88,87,89,86.94,85.5,87,85,88,89.5,90.83,86.67,87.83,87.67
85.5,85.83,82.67,85.25,84.17,88.17,87.83,87,86.83,88.83,91.5,82.33,88,85.67,86.4
89,86.17,88.17,82,89.5,86.94,88.5,86.17,85.5,84.17,87.17,86.5,83.33,87.17,86.45
80.89,89.67,82.33,91,83,88.5,87.83,83,89,84,89,83,86.5,87.67,86.1
88.28,88.17,85,87.25,84,88.17,86,88.83,87.33,84.67,87.33,84,86.83,81.67,86.25
91.17,81.33,83,88.5,83.33,91.06,88.67,85.17,89.83,84.17,90.83,90,84.33,84,86.81
84.11,87.67,84.83,86.5,88.5,84.94,89.33,86,89.33,85.83,84.83,81.67,85.33,83.17,85.86
90,90.33,81,88,92.17,85.5,85.83,89.33,86.83,82,87,88.33,84.83,88.5,87.12
87.61,86,88.5,85.75,85,88.67,84,85,88.17,86,86.17,87.33,85.83,85.5,86.39
86.78,89.17,83.67,92.75,86.33,84.78,88.17,85,80.67,86,88.67,81.33,89.33,86,86.33
88.39,89.5,89.67,89.5,86.5,85.61,88.17,88.5,88.33,83.83,89.33,84.17,89.17,84.67,87.52
84.89,88.67,80.17,85.25,91,85.61,90.5,82.83,85.5,85.17,82,84.5,85.33,87.5,85.64
89.56,88.83,86,84,89.67,83.28,83.5,89.83,88.5,85.5,85.17,90.83,86.5,81.33,86.61
86.28,85.17,87.83,87.5,83.5,86.78,86,86.67,86.17,86,87.17,88.5,86,83.67,86.23
89.28,87.17,88.5,89.5,89.83,84.72,84.17,84,89.83,84.33,86.5,84,87.33,84.67,86.7
84.78,81.67,85.33,85.25,88.33,87.17,85,84,85.33,87,84.33,87.5,85.67,89.33,85.76
85.33,88.67,86.67,88.75,80,85.17,85,86.67,86.33,87.67,87.33,86.83,83.67,90.5,86.33
91.67,85.17,92.17,83,93.17,90.94,89.5,86,83.17,88.17,85.17,85,86.67,90.83,87.9
87.83,87.33,87.67,88.75,83.5,87.22,78.83,84.17,89.33,84.83,87.67,80.33,84,85.17,85.47
89.78,90.5,89.17,82.5,92.17,82.33,87.83,86.5,85.5,86.67,86.67,92.33,82.67,89.17,87.41
89.56,83.67,84,88,90.17,87.11,85.33,84.33,84.67,91,94,84.83,83.5,87.83,87
85.22,85,88.83,84.25,89,88.39,88.33,88.67,90.83,85.33,86.33,91.67,81.67,85.33,87.06
86.28,87.67,84.5,83,88.83,90.17,89.83,88,89.5,94.17,87.83,84.5,83.67,83.83,87.27
90.94,91.33,85.67,85,86.33,86.94,81.17,84,83.17,83.33,81,86.5,89,87.83,85.87
87.94,81.17,89.17,85.75,89.33,85.22,80.17,86.5,85.83,91.67,86.17,87.67,89.67,89.33,86.83
84.89,92.17,79,85.5,86,81.44,87.33,82.83,89,84.67,85.5,90.33,86.33,82.33,85.52
85.39,91,85.5,83,80.5,88,88.83,86.67,87.83,87.67,87,89.17,86.67,87,86.73
84.72,86.33,90,87,90.5,87.61,88.83,87.5,93.67,85.33,85,87.33,85.83,87.33,87.64
86.5,88.17,83.67,89,89.83,85.28,86,85.83,85.17,86,81.83,88.17,84,89.5,86.35
85.28,87.5,85.5,86.25,82.83,87.33,86,87.67,85.17,87.67,90,82.33,86.67,90.67,86.49
88.06,87.17,86,84.25,83.5,86,91.5,84.33,87.33,84.67,84,86.67,86.33,89.33,86.37
89.33,88.33,87,89.25,88.33,85.67,86.67,87.17,85.17,86.17,87,88.33,82.67,86,86.93
83.28,83.5,88.83,84.25,81.17,87.89,83,84,84,88.17,86,85.67,84.83,86,85.04
87.56,85.67,86.17,86.25,84.67,87.5,87.5,86,88.83,87.17,82.17,88,86.17,89.83,86.68
83.89,82.5,87.5,86.5,85.17,90.94,87,87.67,85.5,90,88.33,82.83,89.5,87,86.74
83.28,77.33,87.67,89,87,85.28,85.5,88,84.5,86.67,86.33,87,86.67,89.5,85.98
85.94,90,81.67,89.25,90.5,88.11,85,85.33,91.17,84.83,88,89.83,90.67,88,87.74
87.61,83.33,84.67,84.5,84.17,89.5,92,85,82.83,86.83,83,82.83,87.33,88.5,85.87
83.83,89.67,85.33,86.25,89.83,85.44,81.17,85,92,81.5,90.17,90.5,89.83,85.33,86.85
87.83,89.17,87.5,84.5,83,91.44,83.67,84.83,83.83,87.83,84.67,89.67,85.33,89.5,86.63
93.22,86.67,90,80.5,88.17,82.39,85.5,82,85,88.67,88.33,83.5,92.67,86.67,86.66
87.89,87.17,84.17,91.25,87.5,88.83,83.83,90.67,82.83,93.33,93.67,81.83,82.17,81.67,86.91
90,86.33,89.83,93,86.17,91.67,89.67,85.83,85.5,86.33,88.17,87.67,81,85.83,87.64
89.56,88.5,88.17,85.25,85.5,90.33,87.33,86.17,87.17,86.17,83.17,87.33,87,81.83,86.68
85.5,88,88.33,86.75,92.83,87,90.5,93.17,88.33,85.5,83.67,87.67,83.5,91,87.98
88.28,90.33,82.5,82.25,89.33,85.06,89.17,86.5,86,87.33,82.33,88.33,90.5,87.5,86.82
88.17,84,85.33,84.25,85.17,84.67,86.83,80.83,90.5,83.83,83.33,93.5,86.17,90.5,86.22
87.06,85.33,86.33,83.5,85,86.83,84.17,85.33,86.67,88.5,84,82.17,84.5,89.5,85.63
87.11,88.17,80.83,83.75,86,85.89,84.33,88.5,82.67,85.5,85.33,83.33,88,88,85.53
85.22,81.83,87,85,88.5,84.89,88.5,88.33,86.83,83.33,85.33,84.5,89.33,89,86.26
84.44,87,84.67,87.75,88.67,90,87.33,82.33,84.17,91.83,87,89.33,89.33,83,86.92
85.5,87.5,84.17,81,89.83,83.72,87.5,89.67,86.17,85.17,89.67,83.17,89,86.5,86.33
86.89,84.67,87.67,82.5,84.67,84.44,90.83,86.17,86.83,78.33,89.17,87.83,81.33,83.33,85.33
88.78,88.5,79,79,84.67,86.56,85.5,93.83,86.67,87,89,87.67,87,82.5,86.12
88.89,86.33,86,88,85.67,84.06,77.5,84,83.83,85.5,91.17,84,89.67,90.67,86.09
86.61,84.67,83.67,88,85,88.22,84.33,88.67,83.17,86.33,85.33,85.67,82.17,85.17,85.5
90.11,85.17,84.17,86.5,87.83,83.56,88.17,86.83,88.5,87.5,86.67,86.83,89,86.67,86.96
91.72,87,86.5,87.25,85.5,81.28,84.83,86.83,86.17,85,81.33,86.83,87.67,88.83,86.2
90.78,87,87.5,94,90.5,85.72,87.67,80.5,79.17,82.5,84.67,81.5,87.67,81.33,85.75
84.78,80.67,93,87.5,83.33,90.44,85.83,87.33,85.33,85.67,84.17,89.33,89.5,89.5,86.88
90.33,83.67,84.5,84.5,87.67,86.78,88.67,88.83,89.17,88.33,88.67,84.5,87.17,88.67,87.25
89.28,84.67,89.83,90,87.83,82.22,89.33,86.33,84,81.17,87,84.17,85.5,84,86.1
86.06,89.83,89.83,91,87.5,80.78,89.83,85.33,90,84.67,89.17,80.33,92,92.83,87.8
86.5,85.17,83.17,78.25,90,88.56,82.83,88.17,85,81.33,88.33,86.33,89,83.67,85.45
88,84,89.83,83.25,82.67,89.39,88.5,84.17,85.67,85.5,91.33,86.5,87.67,88,86.75
85.33,88.17,90.33,90.25,83.33,84.78,86.83,83.67,88.67,85.83,90,90.5,82.67,85.17,86.82
84.28,81.5,86.5,92,83.17,82.83,86.33,92.5,90,86.17,89,86.33,86.17,87,86.7
89.56,89.67,83.67,91,85.83,86.67,88,88.5,90.67,87.17,91.33,85,80.83,87.33,87.52
86.39,92.5,87,82,83.5,82.78,88.5,83.33,89,81.83,82.83,85.67,87.67,88,85.79
85.44,86.67,90.33,80.25,84.17,83.28,90.33,86.33,89.67,89.5,80.5,85,81.33,84.33,85.51
89.11,89,90,91.5,89.83,88.5,91.67,85,89.67,86,83,82.33,91.67,89,88.31
86.17,89.33,88,89.25,86.5,86.94,86.5,86.5,82.33,90.33,84.5,87.67,90.5,83.67,87.01
81.72,82.83,83.83,85.75,84.5,88.67,87.33,86,85,88.33,88.5,92,88.33,86.83,86.4
82.94,85.5,89.33,83.5,85.33,85.67,85.83,84.17,90.83,84.33,88.83,87.17,91.17,84,86.33
90.17,80,82.5,91.25,81.83,87.06,84.5,89.5,89,88.33,92.17,87,88.67,87.33,87.09
91.17,92.67,92,88,86.17,90.89,86.67,89.67,83.5,89.17,83.33,89.5,82.5,85.33,87.9
87.17,89,87.5,84.5,92.17,88.72,85.5,82.67,93.17,89.17,80.33,89.5,85.67,90.17,87.52
87.39,90.17,85,88.5,82.83,85.11,84.83,93.17,91.5,87.33,86.33,85.33,89.17,87.33,87.43
87.22,81,88,85.75,85.83,92.06,90,86,84,85.17,86.83,85.5,84.33,93,86.76
85.94,86.17,92,90.5,83.83,90.83,87.67,88.83,88.83,91.5,90.67,90.33,92.5,88,89.12
84.22,85.67,80.33,87.25,82.5,92.17,85.67,94.67,91.67,86.33,89.33,82.67,88.5,88.67,87.12
86.61,89.5,87.5,85,88.83,90.28,86.67,83.33,91.33,83.17,88.67,82.67,84.67,87,86.8
88.78,89,90.5,87.75,86,87.33,86.5,89.17,87.33,86,91.83,84.5,87.83,87.33,87.85
88.06,86.33,89.67,84.75,87.17,86.94,87,87.83,90,86.17,86.83,87.5,87.83,92,87.72
85.67,84.83,87.17,90.25,88.17,89.33,81.67,84.5,89.17,89,89.5,90.67,84.33,89,87.38
90.06,84.5,86.67,88.25,87.33,84.72,87.67,88.83,82.67,87.17,87.5,81.5,85.67,79.83,85.88
87.39,87.5,86.83,86.75,81.67,90.06,84.5,83.33,80.5,84.83,87,91.67,85.17,85.17,85.88
86.06,91.5,88.5,79,83.33,86.22,82,87.67,89,90.17,92.67,86.83,92.17,83.67,87.06
85.33,85.33,84.17,86.75,82.67,85,81.67,86,87.67,90.17,89,88.33,86.83,92.33,86.52
87.39,88,88.17,81.25,86.83,80.33,88.5,87.83,84.83,85.67,86.83,86.33,82.83,87.67,85.89
87.28,88.83,88.17,77.5,87.83,85.61,89,88,85.67,85.83,87.83,82.67,88.5,87,86.41
87.11,83,86.5,85.5,85.33,91.06,84,88.17,90.17,85,83.33,84.67,85.83,85.83,86.11
85.17,88.33,86.5,88.25,85.83,87.67,81,83,83.5,84.83,85.67,86.67,90.33,83.33,85.72
83.06,88,89.33,86,87.83,85.39,87.5,85.33,93.5,81.17,91.33,87.83,87.33,86.83,87.17
89.33,81.67,85,85,84.67,80.94,81.67,91,88.33,88.5,83.83,85.83,88,85,85.63
89.39,90.83,87.33,84,88.33,88.44,82.67,84.83,82.17,86.67,90.83,88.67,86.17,94.67,87.5
91.94,83.33,84.17,86.25,90.17,87.61,83.17,87.67,89.83,83.67,83.83,85.83,83,86.67,86.22
91.17,90,80.5,86.25,87.67,86.28,89.67,82.17,87.17,85.17,81.67,88.33,90.17,85.33,86.54
86.28,83.83,84,86.25,86.17,90.17,85.67,83.33,88.67,77.33,79.5,82.5,89.17,85.83,84.91
87.22,85.67,89.5,87,83.17,88.33,82,88.17,90,84.67,84.33,87.33,86.83,87.17,86.53
91.28,83.5,87.33,87.25,89.5,87.28,85.5,87.33,86,86.17,88,86.67,83.17,87.5,86.89
83.78,83.83,89.83,87,88,85.11,85.83,86.67,84.33,83,88,80.5,85.33,90.33,85.83
87.44,85.83,84.67,84.25,89.5,84.67,84.67,87.5,85.33,85.67,87.5,86.83,87.83,88.33,86.43
87.17,88.5,94.33,83.75,84.67,85.33,84.83,89,85.83,91.67,84.67,87,87.5,85.33,87.11
90.33,84.17,81.83,87.75,88.5,89.39,87.17,84.67,85.67,83.83,89.17,85.33,87,85.83,86.47
82.83,84.5,86.33,83.5,85.5,85.5,82.83,89.83,86.83,88.5,90.33,83.67,86.5,84,85.76
87.28,90.83,86.5,87,88.17,87.83,88.67,85.5,87.67,88.83,87.5,86.33,86.17,90.83,87.79
92.33,86,89.17,88,87.33,83,91.5,91.17,87.5,82.83,87.67,85.17,87.5,85.33,87.46
90.67,86.83,91.17,85.75,84.83,80.44,83.33,85.5,82.67,84.5,81.17,85.17,86.5,87.5,85.43
83.28,91.17,85.83,82.5,86.83,88.28,88,84.5,84.5,86.17,84.33,88.67,91.33,82.5,86.28
80.89,82.5,87.5,84.75,85.5,85.78,90.33,82.5,87.17,84.83,84.33,89.83,82.5,87.33,85.41
87.44,94.17,90.33,86.75,83.67,82.39,81.17,84.83,81.17,84.5,87,87.17,87.17,86.33,86.01
90.44,88.33,84.17,88.75,88,83.5,80.33,86,86,89,88,83.5,84.5,88.17,86.34
88.89,86,83.83,89.25,86.67,89.83,86.67,83.67,86,92.33,87.17,88.17,83.67,82.83,86.78
85.33,85,83.33,90.25,89.33,85.89,85,83.5,88.17,86.5,81.17,85.17,86.17,88,85.91
79.5,86,83.67,82.75,86,86.61,85,87.17,91.67,92.17,77.67,88,86.5,86,85.62
85.17,87.17,89,85.5,89.17,85.67,84.17,85.33,83.83,82,87.5,92.33,87.5,89,86.67
86.78,87.17,82.33,80.25,81.5,88.28,87,85.67,91.67,84.17,82.67,85,86.17,82.5,85.08
82.33,80.17,87.17,80,95.5,84.5,88.67,87.17,87.83,87.33,88.67,83.33,86.83,87.67,86.23
86.33,84.83,88.17,87,88.83,85.28,87.33,87.5,86,87.33,79.67,91.5,88,83.83,86.54
84.17,84.17,83.67,80.75,88,85.11,86.5,88.17,91.83,86,82.67,88.67,86.83,78.67,85.37
88.67,84,94.33,87.5,84.33,83.33,83.5,86.17,85.33,85.17,84.67,85.83,89.67,84.67,86.23
91.94,90.67,89,82.75,91.83,87.61,87.5,84.5,85.83,90.17,85.83,82.67,89.83,86,87.58
87,85,88.67,85.5,82.33,83.61,86.67,85.17,89.83,89.83,88,85.33,87,87.17,86.51
85.39,87.5,90.17,88.5,87,88.5,85.67,87.33,84.33,90.67,86.33,84.33,87.67,88,87.24
84.78,91.17,86.33,88,85.83,84.44,90.67,86.33,85.67,89.83,83.67,89,84.67,84.83,86.8
86.22,87.17,91.33,89.5,87.83,85.06,87.17,85.83,87.83,88.33,90.67,86.5,84.5,86.33,87.45
81.83,84.5,88.83,86.5,84.5,89.5,86.83,84.83,84,89.5,85.5,89.17,83.67,84.67,85.99
85.72,83.17,87.5,86.5,86,88.94,87.33,84.17,86.83,86.5,85.67,84.67,84.67,83.33,85.79
88.67,81,83.17,87.5,85.67,86.17,90.17,83.83,82,88.5,83.83,85.67,89,80.83,85.43
85.5,80.33,83.5,83.25,88.33,88.11,80.67,91.67,82,86.83,80.17,84.17,90,84.33,84.92
82.83,88,88.17,86.25,81.67,82.94,85.17,90,80.33,86,84.5,85.33,81,88,85.01
88.39,84.83,87,87.5,86.5,87.44,90,87.83,88.83,85.17,85.83,86.33,91,88.17,87.49
84.06,87,87.83,92.5,86,82.39,91.5,83.83,83.5,86.5,83.67,90.5,83.33,83.17,86.13
89.28,92.17,85.5,84.75,84.83,87.83,84.5,91.67,85.67,86.17,90.17,87.5,87.67,83.67,87.24
88.28,83.67,86.17,84.25,87.5,88.61,85.83,86.17,86.17,85.83,87.5,86.5,88.83,87.17,86.61
84.44,84.5,86,92.5,90.33,83.67,91.17,86.17,81.5,85.5,89.83,87.17,88,85.83,86.9
92.44,88.5,83.17,79,82.67,85.5,88.33,80.33,83.83,86,86.67,78.33,83,88.17,84.71
82.94,83.83,86.33,79.25,86.33,81.78,86.5,88.83,89.17,85,85.83,82.67,87.67,87.83,85.28
88.61,87,91,87.75,85.5,89.22,84,81.17,87.5,89.83,83.33,87.17,82.67,87.67,86.6
86.89,85.67,89,85.25,83.67,86.33,86.83,84.33,85.5,83.83,90.67,88,85.17,86,86.22
88.89,83.17,91.83,83.75,85.17,87.72,89.5,92.67,89.5,87,84.33,91.17,86,83.83,87.47
86.44,90.17,86.5,86,90,82.61,86.33,82.67,89.83,83.17,79.33,90.33,87.5,86.33,86.23
83.56,90.33,85.67,88.25,87.83,89.22,82,86.17,84,90.17,84.33,84.17,89.67,81.17,86.18
94.44,85.67,89,92.25,84.33,91.17,85,86.5,89.33,82.17,86,85.67,84,82.33,86.99
89.61,83.67,85.67,92,86,89.06,92.17,79.33,89.17,90.5,89,86.67,88.33,88.33,87.82
82.11,81.83,84,88.5,86.33,84.61,89,87,82.83,89.67,88.17,85.17,86.17,89.83,86.09
87.39,85.33,85.17,86.25,87,89.33,88.5,87.5,87.83,88,87.33,85,84.83,85.67,86.8
82.5,86,85.67,84.25,90.5,83.5,88.83,83.33,81.67,92.17,87,85.67,79,84.5,85.33
85.33,84.83,86.67,85.5,83.5,91.94,82.5,84.33,82.67,90.83,86.33,86.83,89.17,89,86.39
85.56,88.17,85.67,85,90.83,88.94,93.5,83.5,87,85.17,83,87,81.5,92,86.92
89.94,89.33,85.33,85.75,83.33,87,90.17,84.17,84.17,83.67,87.5,86,85.67,82.5,86.04
86.61,86.83,84,87,80.67,80.5,90.17,90.33,88.67,87,88.33,86.17,87.67,87.33,86.52
91.33,90.17,89.5,83.5,88.33,86.83,88.5,91.67,93.5,82.83,84.5,89.67,88.83,82.33,87.96
86.56,87,83.83,83.25,89.83,83.67,85.5,89.17,86.83,87.67,89.17,86.83,86.5,82.5,86.31
82.94,87.17,85.5,87.75,84.83,84.56,86.17,85,88.83,83.33,90.67,87.67,89.33,87.17,86.49
86.83,85.83,88.5,88.5,93.17,87.61,85.33,86,85.83,86.5,85.33,87.17,88,88.83,87.39
87.89,83.83,84,89.25,86.83,87.61,86.67,88.83,83.33,84.17,83.17,80.17,88.5,87.17,85.82
87.39,85.33,86.17,83.25,83.67,86.06,83.33,85.83,82.33,88,92.67,84.67,88.17,81.67,85.61
88.39,88.67,84.33,89.25,85,91.28,89.33,90.33,85.83,90.33,85.83,81.83,83.67,90.5,87.47
91.61,84.33,87,82.25,87.33,80.22,88.5,84,84.83,85.17,82.5,84.67,85.5,86.33,85.3
85.28,86,90,84.5,87.67,87.5,91.83,82.5,86.83,86.5,83.17,85.5,80.67,86.33,86.02
86.39,92,89.5,87.5,90.67,86.5,87.5,83.33,92.67,91,89.83,85.83,84.5,87.17,88.17
86.39,81.67,87.33,85.25,89,88.44,87.17,87.5,83.33,88.83,85.33,93,88,83,86.73
83.17,86.83,82.17,81,81.67,84.22,88.33,85,86.67,83.83,86.67,89.67,86.5,85.83,85.11
86.44,85.17,86.83,86.75,87.5,82.5,91.67,82.5,91.17,88,83.17,85.67,87.5,84.67,86.39
86.17,82.33,81.17,82.75,87.83,83.67,83.83,93,87,84,83.67,79.83,82,84.5,84.41
84.06,84.17,91.5,86.75,85,88.72,82.5,86,85,80.5,86.5,88.5,87.33,84.67,85.8
88.33,88.5,82.83,92.75,82.33,86.17,84.83,84,84.67,84.67,88.33,82,83.33,88,85.77
84.39,84.5,83.17,88,89.5,88.83,89.17,86.17,85.33,88,91.83,86.5,87.5,88.5,87.24
82.61,82.83,86.33,95.25,86,86.17,89,89.67,87.67,86.67,87,88,87.83,87.17,87.3
90.94,84.33,89.17,82.5,86.17,83.22,88.17,84.83,87.67,80.67,87.17,84.17,86.17,85.67,85.77
87.61,87.33,83.5,90,79.33,87.94,81.67,90.83,87.33,86.17,87.17,83.67,85.5,87.5,86.11
90,85,84.83,90,84.17,88.11,85.33,86,90.83,88.67,85.83,83.67,83.67,83.5,86.4
90.83,80,84,87.25,84.83,85.72,86.33,86.33,86.83,84.17,87.33,87.33,82.83,80.67,85.32
88.06,88.83,88.5,86.5,82.17,87.89,86.17,86.5,85,85.83,86.17,90.33,86.83,80.17,86.35
87.28,85.17,84.17,85,82.17,85.61,82.83,80,88.83,90,86.33,87.67,84.67,85.67,85.38
93.72,81.17,85.33,89,86.17,87.11,82.33,86.33,85.33,86.17,85.17,91.17,84.67,85.33,86.36
87.44,87.83,88.83,90.5,88.83,93.06,87,89.67,87,83.17,83.33,86,83.17,88,87.42
90.39,85,82.33,90.25,85,86.5,88.17,88.83,84.67,84.33,88.67,85,81.67,85.33,86.15
91.5,84.33,83.67,87.25,85.17,88.56,86.5,83.67,89.67,85.5,88.33,89,89.67,84.33,86.94
82.56,88.33,87.33,86,85.67,87.11,86.5,89.5,84,88.17,88.67,86.33,91.33,81.33,86.63
84.11,85.83,85.83,87.25,91.5,85.94,88.67,88.83,86.83,84.33,87.83,86.17,83.83,82.17,86.37
84.33,87.33,86.17,88,84.17,85.72,86.67,86.5,85.5,91,84.33,87.17,89.17,87.67,86.69
85.17,86,87.5,79.25,84,85.78,89.67,89.83,84.83,84.33,82.67,82,84.17,88.17,85.24
88.06,91.17,88.17,85,85.67,86.22,87,88.33,89.33,88.5,87.67,86.83,89.33,90.5,87.98
88.72,82.83,84.5,82,86.83,85.94,85.5,90.67,82.17,91.83,86,83.5,88.33,84,85.92
85.83,85.83,88,87.75,88.67,84.28,87.67,87.17,85.17,85.5,90.5,85,84.5,89,86.78
86.39,86.17,85,83,92,83.94,86.83,84.83,86.33,87,90.17,81.83,83.67,89,86.15
83.17,86,83,81,88.5,80.22,86,87.33,85.33,83.5,91.83,84.33,83,90.5,85.27
81.61,86.67,83.33,91.25,89.5,88.67,89.67,83.5,86.5,90.33,90,88.83,88,84.67,87.32
83.44,87.83,92.5,81,82.33,87.28,89,83.83,87.83,84.83,90.83,86.83,84.67,88.17,86.46
87.78,85.5,85.33,84.75,87.33,89.06,88.17,85.33,82.17,82,83,85.17,88.67,87,85.8
90.06,88.5,84.83,84.5,89.83,82.17,85.5,85,92.17,85,86.17,81.67,91.17,86,86.61
92.72,82.33,84.83,86,84.83,89.61,84.5,81.17,84.17,87.17,84.5,88.33,85.5,86.17,85.85
88.22,90.33,87.33,91.75,85.33,92.17,84.83,92,84.67,87.5,85.83,82.67,89.5,85.5,87.69
82.72,89,84.67,91.5,86.17,87.06,93.17,87.33,88,88,88,85,81.83,87,87.1
84.89,82.33,86.5,86.5,89.5,86.94,83.17,87.17,84,89,86.67,80,89.83,83,85.68
86.61,86.33,90.5,86,89.5,83.28,89.33,84.33,85,93,91.83,90.17,89,90.17,88.22
85.89,86.5,86.17,89,86.17,83.89,83.5,85.5,86.33,89.33,89,90.5,84,85.33,86.51
83.33,86.83,86.17,94.25,86.5,87.39,88.67,88,83.17,91.33,87,81.17,83.17,86,86.64
84.83,87.33,85.33,90.5,90.5,86.56,86.5,84.67,84,84.67,87.17,87.33,86.67,84.33,86.46
89.06,85.33,86.17,88.75,86.33,86.22,87.5,84.83,88.67,89.5,85.5,85.83,85.67,90,87.1
84.33,89.33,87.67,91.5,86.33,86.56,83.5,84.67,92.33,87.17,84.67,89.67,86.17,90,87.42
84.39,88,84.83,82.5,85.17,91.11,89,86.33,84.83,86,84.83,88.67,85.17,91,86.56
81.94,90,88.33,86.5,91.33,82.78,89.17,81.33,88.83,87.17,89.5,87,85.5,86.5,86.85
88.22,81.67,84,88.5,84.67,85.06,89.5,85,84.83,88,84.83,89.17,83.17,90,86.19
91.83,78.17,87.67,87.25,81.67,83.5,85.5,85,84.33,88.67,85.83,82.33,86.67,84.33,85.2
85.33,87.5,84.83,89,83.33,82.39,83,87.17,78.5,86.17,85,86.67,88.17,86.33,85.24
86.28,80.67,89.33,85.75,88.17,86.06,85.67,87,85.83,86,86.67,88,89.5,83.83,86.34
88.28,90,87.33,86.5,83.67,83.06,87.67,80.83,84.83,91,86.67,91.67,93.17,82.67,86.95
85.72,83.17,83.67,94,87.67,84.44,85.33,84.33,87.33,88.83,85.5,82.83,88.17,86.33,86.24
86.67,84.67,92.33,87,85,87.06,86.17,88.33,90.5,87.5,81.5,86,87.5,88.67,87.06
87.89,89.17,89,86.25,86.83,86.22,85.67,86.83,82,87.17,88.33,90.17,86.83,82.67,86.79
84.33,83.33,86.17,86.25,85.5,88,84.67,81.83,90.67,88.83,85.5,83,84,83.17,85.38
87.83,87,84.17,93,88.83,82.78,86.83,86.5,83.17,87.33,85.33,90,85.33,87.33,86.82
87.22,92.67,82.5,85.5,87,83.06,83.33,85.17,87.83,94,86.83,87.83,86.67,86,86.83
88,88.5,86.17,84.75,85.5,84.56,83.5,88,84.5,81.67,83.83,84.67,87.5,83,85.3
88.11,86,87,83.25,88.17,88.5,82.83,85.33,86.5,91.33,86.5,92.5,82.17,87.17,86.81
85.22,86,83,92.25,86.5,81.67,92.17,85.67,89.83,87.17,80.67,83.5,89.83,89.33,86.63
89.28,83.17,84.17,84.5,79.17,86.61,88.33,91,86,86,88.83,83.83,88,80,85.63
87.56,80.67,86.33,90.75,86.33,88.33,86.83,90.33,87,83.83,87.83,83.33,82.67,83.67,86.11
84.78,87.33,89,89,89.5,83.44,89.83,87.5,90.17,87.17,86.83,86,85.83,86.67,87.36
85.67,86.5,87.83,87.5,91,86.06,87,89.17,82.17,84.67,80.5,83.5,86.67,90.5,86.34
90.39,82.83,86.83,80.5,81.33,87.61,85.83,84.67,85.17,85,85.33,84.33,87.67,84.67,85.15
87.28,94.17,85.33,82,87.17,85.39,86.67,89.33,89.67,80,85.17,90,87,88.67,86.99
85.61,93,83.5,86.5,81.83,91.17,83.33,89.67,89.83,86.17,88.17,85.33,87.33,94.33,87.56
86.5,84.17,82,87.25,88,85.39,90.67,86,83.83,85.67,84.33,85.83,88.17,83.33,85.8
84.17,85.17,85.67,92.25,91.17,85.56,86.33,93.5,86.67,84.83,86,88.17,83,85.67,87.01
82.78,89.5,81.67,92.25,85.67,84.94,83.5,88.67,89,89.17,84.67,86.33,87.17,83,86.31
85.72,82.33,90.17,88.25,93.83,86.67,87.5,89,89.5,87.5,88,85,87.83,88.33,87.83
84.5,81.83,85,90,83.83,82.44,89.67,85.17,88.17,87.33,89.67,83.67,85.17,81.67,85.58
82.94,83.33,87.83,89.25,91.83,82.67,84.67,89.67,85.83,87.17,89.33,81.33,85.17,86.17,86.23
87.11,89.67,89.5,89,90,83.11,91,88,82.33,84.17,88.17,82,87.5,86.33,86.99
87.5,85.5,88.17,81.5,83.17,82.17,87.67,84.33,87.5,85.17,84.83,78.83,84.83,81.67,84.49
87.78,85,87.83,80.25,85.67,84.22,84.17,81.83,86,86.83,88.83,87.17,92.5,88.33,86.17
84.5,82.67,89.67,84,90.33,88.78,88.33,90.33,86.83,93.67,86.5,86.67,90.33,89.33,88
88.72,87.33,91.33,82.5,87.5,85.89,90,88.5,88.83,85,81.17,84.17,85.67,88.5,86.79
83.44,80.33,90.67,88.5,84.67,87.56,86.17,88.83,85.33,89.5,86.17,88.17,91.33,83.5,86.73
83.06,82.17,84.83,89,85,91.67,83.33,86.83,84,83.83,85,86.83,86.33,84.83,85.48
88.78,89,86.5,91.25,89.5,88.11,85.17,90.83,81.67,88.5,83.33,87.5,87.5,87.67,87.52
84.83,86.67,84.67,81.75,90.67,89.5,87.5,84.5,80.5,88,88.17,90.83,89.5,84.17,86.52
86.11,88.17,89,84.25,86.83,89.72,88.83,88,81.67,88.5,83,88.33,89.33,84.17,86.85
94.22,89.17,84.17,92.25,82.17,82.28,88.17,91.83,85.17,88.33,86.33,82.17,84.5,89.67,87.17
85.83,84.83,90.17,90,82.33,84,89.33,84.5,84.5,83.17,85.17,88,90.33,86,86.3
87.22,83,85.5,90.75,83.83,89.61,83.83,87,83.5,85.67,83.67,82.83,91.67,87,86.08
88.56,85,85.67,94.75,88.67,81.89,92.17,87.67,90.17,87.67,86,89.17,80.83,87,87.51
86.33,82.67,88.67,84,84,90.78,82,88.83,81.5,87,82.83,90.67,85.33,85.33,85.71
86.94,83.17,86.5,90.5,87.67,90.94,85.83,83.17,86.67,85.33,89.5,82.83,86,80.33,86.1
85.89,86.5,90.67,89.75,85,90.89,87.17,87,86.17,82.5,85.67,82.67,87,91.83,87.05
90.56,92.17,84.67,86,86.67,85.44,84.83,86.17,86.5,90,85.17,86.17,90.5,82.83,86.98
80.28,89.33,83.17,79.5,87.33,87.78,84.5,87.83,91.83,90,84.83,88.5,82.5,83,85.74
84,89.5,86.83,89.5,83,85.94,86,83.33,83.33,85.17,89,86.83,84.5,85.83,85.91
88.22,86,83.17,81.5,85.83,86.78,86.33,89.33,92.17,87,91.33,88.33,87.33,89,87.31
89.39,86.33,83.67,86.75,86.17,86,86.67,84.17,82.17,85.33,88.33,85,90.83,87.67,86.32
85.89,89.33,82.5,84.25,89.83,86.11,86.17,85.33,87.17,81,84,84.5,85.17,85.67,85.49
84.06,89.17,85.5,92.25,86.17,85.39,86.83,85.33,86.17,89.67,81.5,83.67,87.67,86.5,86.42
92.78,87.83,89,86.25,85.83,88.11,87.67,92.67,84.17,87,87.17,88.33,87.67,85.33,87.84
84.11,88.67,87.67,85.75,91.83,90.89,88.83,92.17,82.17,81.5,86.17,89.67,88.17,88,87.54
87.89,86.17,86.67,89.5,83.83,86.44,88.67,89.83,86.5,90.17,90.67,88.67,84.83,83.67,87.39
83.94,82,93.5,79.5,89.67,85.61,86.67,85,82.5,81.33,84.5,87.33,84.83,85.83,85.16
84.67,86.67,84.67,86.5,89,81.06,91.5,84.67,82.83,89.33,91.5,86.33,85.17,84,86.28
88.44,84.17,83.33,89,92.17,89.17,87,85.33,86,80.83,84.17,91,82.17,88.83,86.54
87,83.17,89.5,85,85,88.28,86.83,84,86.67,87.33,79,88.17,89.33,88.33,86.26
82.83,87,83.67,93,82.83,85.22,82.67,84.5,84.5,84.67,89.67,89,84.67,84,85.59
87.89,90.5,87.83,85,86.5,83.06,85.83,93,83.5,86,83.33,85.5,88.33,86.5,86.63
86.39,85.17,84.17,86,88.17,85.11,83.5,87,87.33,82.5,91.17,84.83,87.67,87.33,86.17
83.39,86.17,89.17,88,87.5,86.17,86,86.83,88.67,86.17,88.17,93.83,89,88.5,87.68
88.33,84.17,85.67,88.75,83.17,86,84,83.17,88,85.67,87.17,83.5,88.83,88.67,86.08
90.67,91,87.17,83.25,86.5,92.56,84,85.17,84.67,89.67,88.33,85,82.17,87.67,86.99
84.83,86.33,83.83,89.5,87,90,83.17,85.5,85.83,87.17,88.33,91,83.17,88.17,86.7
87.39,86.83,84.17,84,84.5,85.44,89.67,82.33,88.33,89.83,87.83,84.17,86.17,90.33,86.5
81.28,84.67,84.33,89.5,83.5,83.17,84.83,90.67,85.83,82.67,86.5,90.67,84.5,81.67,85.27
86.61,87.83,89.5,83.25,87.67,84.61,89.17,84.5,90,85.17,80.5,83.17,88.67,86.83,86.25
87.17,89.5,88.67,86,84.67,86.11,88.67,84,89.33,83.5,83.83,86.5,85.5,81.33,86.06
86.22,84,81,83.75,88.83,87.11,85.83,89.5,92.5,82.67,84,86.67,86.83,87,86.14
79.94,87.67,87.83,87.75,86.5,87,87,82.33,84.5,81.83,79.83,86.33,86.5,83.83,84.92
83.61,86.5,85.17,87.75,89.5,85.39,84.33,84.67,83,85.67,83.17,84.17,88.83,83.67,85.39
81.94,86.67,87.17,87.75,83.5,83.44,87,89,84.83,88.5,81.5,91.33,86.67,87.67,86.21
85.17,84.5,88.83,80.25,85.67,85.28,79.83,88.33,85.33,83.33,88.17,89.67,85.67,89.17,85.66
85.72,87.33,87,79.5,88.5,87.56,89.33,87.5,86.5,83.5,83.67,93,87,91,86.94
83.61,87.17,87.17,83.25,90.5,86.17,81.17,84.67,83.83,85.67,86.67,85.67,83.83,86.83,85.44
88.28,88,88.33,82.5,83.5,88.56,91.5,85.5,88.33,88.17,87,91,90.83,84.5,87.57
83.39,84,87.33,84.5,82.83,84.61,86.5,89.67,86.83,89,87.33,88.83,85.17,88.83,86.35
84.78,82.33,86.67,86.5,82.5,86.78,87.83,84.83,82.83,88,82,88,90.67,86.17,85.71
86.67,89,87.17,86.5,84.17,84.11,88.33,84.33,89.5,87.83,86.33,80.67,89.5,89.67,86.7
85.06,90,85.67,85.25,80.83,93.44,85.83,86,86.83,83.67,87,90.67,80,82.83,85.93
88.89,87.17,85.67,86.25,84.83,83.22,85.5,87.17,90.83,85.67,90.33,86.33,91,85.33,87.01
87.28,84.5,92,84.25,85.83,87.61,87.5,89.67,81,88.67,86.17,81.83,89.83,82.17,86.31
87.56,86.67,85,84,87.33,85.61,88.33,83.17,86.83,87.67,85.83,85.67,87.17,89.5,86.45
84.94,86.5,88.5,90.75,86.67,87.11,86.83,86,83.67,84.17,86.33,86.33,84.5,88.33,86.47
85.39,84.33,86.67,85.25,83.5,84.56,83.33,94.5,87.5,87.17,88.83,87.67,82.5,86.83,86.29
82.44,87,82.83,87,88.17,86.39,85.67,85.83,83.5,83,90.17,89.17,90,88.5,86.4
88.61,84.5,90.33,84,86,85.22,84.33,86.33,83.17,80.83,83.17,90.67,85.83,92.83,86.13
83.17,80.83,87.33,90.5,84.83,85.44,87.17,85.17,81.17,80.83,83.67,88,82.83,85,84.71
84.06,82.83,89.67,81.75,85.83,88.44,85.83,86.33,83.83,89,87.33,87.83,84.5,79.33,85.47
83.22,86.67,85.33,86.25,85,88.78,89.83,85.83,84.17,82.83,81.67,85.33,88.17,87.5,85.76
90.89,86.83,85.83,85.5,86.33,85.17,91.83,82.83,84,88.67,90.17,85,82.17,87.17,86.6
81.89,84.5,89.5,85.75,84.17,82.5,87.5,85,89.83,86.33,82.67,85.17,85.83,84.83,85.39
84.11,89,90.5,87,83.33,85.11,87.33,88.17,82,85.5,88.5,85.33,91.5,85.17,86.61
87.89,87.83,88.17,81.75,88.5,85.11,87.5,89,83.67,89.83,86.17,87.5,87.67,90.67,87.23
85.39,87.5,88.33,86.25,90,85.06,81.33,85.67,88.83,86.17,87.83,87.67,86,84.17,86.44
85.61,88.83,82.83,84.5,88.5,87.78,83.5,85.67,88.83,88,91.67,85,89.67,88.5,87.06
82.78,84.67,87.33,89.25,84.33,81.83,81.17,84.33,85.5,85.83,82.33,90.67,80.5,86.67,84.8
86.39,85.67,83.5,89.75,86.67,83.56,94.67,91.33,86.67,90.5,82,88.17,86.33,89.5,87.48
90.89,83.67,87.5,87.75,88.83,87.72,87.33,89.5,85.17,85.33,91,88.67,84.33,89.17,87.63
88.33,89.67,92.83,82.5,87.67,90.83,88,86.33,86,86,85.33,85.17,88,86,87.33
82.67,87.5,86.83,88,87.17,84.28,84,87.67,82.67,89,84.83,88.67,86.33,90,86.4
82.17,86,83.83,89.75,87.17,82.56,86.17,92,89.5,86.67,86.17,89.67,82.5,87.33,86.53
87.72,86.33,91.83,88.25,89.83,86,84.5,84.17,83.17,84.5,91.5,83.17,83.17,86.67,86.49
86.22,82.33,87.17,84.75,85.83,89.22,90,92,92.33,88,88.67,86,90,85.33,87.7
83.89,86.33,92.17,87,89.17,90.17,87.67,81.5,84.83,84.83,86,84.67,89.17,87.67,86.79
87.94,86.67,85.5,81,87.83,87.89,89,89.5,82.67,80.83,89.33,86.17,80.33,86.5,85.8
88.33,84.83,90.33,94.5,84.67,87.44,82.83,89,84.83,88.5,84.67,84.67,88.33,87.17,87.15
84.17,83.83,83.67,86.25,91.83,89.06,87.83,81.5,84.17,92.67,90.5,86.33,84.83,90.17,86.91
88.83,89.83,85.83,83.25,87.5,91.78,85.33,84.33,85.5,80.83,86,85.83,83.17,85,85.93
87.56,88.83,84.67,88,80.33,90.17,83,85.83,83.33,82.17,88,90,86.83,87.67,86.17
86.56,88.33,89.33,94,85.5,89.78,91.17,82.83,86.5,85.17,84.5,88,82.67,83.83,87.01
85.72,91.5,85.83,86.75,91.33,88.56,90.17,88.33,85.33,82.83,85.33,85,85.33,85.33,86.95
83.39,82.17,87.17,80.25,87.5,88,88,83.33,86.83,93.67,85,87.67,89.5,90.33,86.63
84.11,93.33,82,87,84.83,86.83,88.83,87.17,88.67,85.67,91.17,85.83,84.83,84.33,86.76
88.67,82.17,85,85.25,86.83,87.11,84.5,88.33,87.17,91.33,83.83,91.33,88.67,87.83,87
85.78,83,82,80.5,87,86.56,85.67,91.67,85.83,85.83,88.33,81.83,90.5,86.67,85.8
84.94,82.5,88,87.75,78.17,82.56,87.67,86.5,84,84.5,84,85.67,87,87.5,85.05
86.61,87.33,84.67,81.75,88.67,86.33,90.17,91.33,87.33,83.33,84.33,81.83,89.5,86.33,86.39
81.06,87.17,85.67,81.5,83.5,89.22,86,89.5,84.17,88.17,85,88.67,86.33,90.83,86.2
84.78,84,84.17,88,88.33,83.33,87.33,91.67,87,84.83,88.17,85.5,86.83,89.83,86.7
80.5,88,88,89,88.83,85.39,87.83,85.33,87.83,83.5,88,88.5,87.83,83.17,86.55
83.5,92.17,85,93,82.83,83.17,85.5,91.83,87.17,86.33,89.33,85.67,87.5,90,87.36
84.06,84.5,93.5,82,90.5,84.89,90.83,85.83,87.67,85.17,88.83,87.5,86.5,84,86.84
84.11,82.83,87.33,81.75,82.5,82.61,84.83,83.83,89.67,88.17,88.33,84.67,87.5,86.33,85.32
79.06,93.17,84.17,84.25,87,87.94,82.83,82,80,86,81.83,84.5,83,85.5,84.38
88.83,89.67,82.83,80.75,81.33,86.06,87,84.17,88.5,84.17,84,87.5,86.67,91.83,85.95
87.11,88,87.83,81.5,86.5,88.33,89.17,80.33,89.67,88,86.83,84.67,90.5,84.33,86.63
82.5,86.83,91,84,89.33,85.83,87.17,88,85.5,87.5,85.33,87,89,88.33,86.95
89.06,87.83,86.33,85.25,92.67,91.94,89,89.67,89.67,91.83,86.33,85.33,89.33,85.67,88.57
90.89,86.5,87.33,82.75,87.67,89.11,87.67,90,87,89.33,88.17,91.5,88.33,87.33,88.11
87.94,88.33,88.5,85.5,80.33,88.5,80.67,86.67,89.83,85.83,88.33,90.5,89.67,88.5,87.08
88,86.33,90.5,88,81.83,85,88,84.5,84.33,81.83,88.67,92.67,83.5,89.17,86.6
86.94,86.5,89.17,83.75,92.17,89.22,92,85.5,84.5,89.5,86.67,89.67,87.67,86.5,87.84
87.22,84.83,87.17,81.75,87.17,86.56,89.17,86.17,85.5,88.5,89.83,89.83,90.17,84,86.99
86.39,83.83,88,87.75,83.33,86.83,84.5,84,91.67,85.33,89.83,87.5,86.33,90.17,86.82
86.78,87.5,87.67,84.25,90.17,88.44,84.17,80,85.83,85,83.33,88.5,89.83,86.5,86.28
91,90.67,86.83,86.5,83,82.61,85.83,87.67,89.5,85.5,84,90.83,90.33,84,87.02
83.78,87,84.67,89.5,85.17,83.78,83.33,87.67,85.17,84.5,86.17,84.33,90.5,88.5,86
88.33,87.83,83.67,86.75,83,87.28,83.33,90.33,84.5,84.83,86,84.67,85.67,85.5,85.84
86.83,86.33,86.17,83.5,79,89,86,92,84.83,93,83.83,86.67,84.83,92.67,86.76
88.83,84.83,84.5,81,88,89.83,90.17,82.17,86.67,83.83,85,84,87.83,89.83,86.18
89.44,86.5,87.67,82.75,86.5,86.72,90.17,89.83,83.83,85.33,86.5,88.5,85.67,87.17,86.9
80.17,85.5,85.5,84.75,82.67,89.06,86.83,84.17,83.83,92.67,89.33,87,90.83,91,86.66
88.78,90.17,88.67,78,84.17,88.06,92.83,86.33,84.83,91,82.17,88.83,86.17,84,86.71
83.44,82,81.33,88,81.33,83.33,81.83,85.67,83.5,87.17,82,84,84.5,89,84.08
85.72,87.5,87.17,84,85.5,89.28,84.5,88.5,88.33,85.83,92.83,84.67,84.67,87.67,86.87
85.61,86.5,91.67,85.75,86.83,87.06,84,87.5,86,83.83,86,84,84.17,84.17,85.93
90.78,82.83,91.83,91.25,90.83,82.89,82.83,87.33,85.33,82.67,84.83,85.5,87.83,83.33,86.43
87.5,87,90.33,82.5,86.17,82.67,82,82.5,88,87.33,83.5,79.5,84.33,85,84.88
81.94,85.83,86.5,86,88.33,88.5,85.5,88.5,86.33,87,93.5,86.83,87.33,87,87.08
86.06,89.33,87.17,87.5,90.33,83.06,85,86.33,88,86.67,82.17,86.17,85,86.83,86.4
89.33,85.5,83.17,84.75,86.17,86.5,83.83,92.5,84.67,82.17,86.67,87.33,85.5,83.5,85.83
85.44,85.83,87.67,84.25,87,87.83,90,83.67,81,88,89.67,89.5,84,88.33,86.59
87.33,87.67,86.33,87.75,83.67,82.22,81.83,87.67,87.67,87.83,89.5,88,90.17,87.67,86.81
90.83,86.33,85.33,86.75,84.33,85.22,87.67,89.83,86.17,80.17,91.5,85.67,88.5,81,86.38
87.33,79.33,83.5,82.5,84.17,86.72,89,88.5,89.83,87.5,85.5,83.5,86.33,82.83,85.47
90.72,81.5,85,85.75,89.5,92.11,89.5,86.33,81.5,84.5,88.17,84.67,89,89.17,86.96
88.22,89.17,85.83,91.75,92.17,87.67,81.67,86,88.83,83.83,91.5,88.67,82.83,89.33,87.68
84.44,91,78,92.25,85.17,87.17,87.67,86.33,87.17,80.83,86.83,83.5,83,84.17,85.54
89.11,85.83,93.5,85.5,88.5,82.89,89.83,89.33,86.5,89.83,90.17,90,92,81,88.14
89.61,85.67,84.33,80,85.83,83.83,88.17,86.83,86,85.67,82.33,84.17,82.67,89.83,85.35
83.78,85.83,84.33,91.25,88.33,86.06,87.17,86.83,84.17,88.5,90.67,86,89.17,88,87.15
86.44,85.83,83.5,87.5,87,84.33,84.67,86,84.67,87,86.67,85.5,88.5,89,86.19
82.22,89.5,87.33,86,80.83,85.94,90.17,82.17,82.33,89.17,87.17,90,83.83,83.17,85.7
87.94,86.17,87.83,86,84.5,86.83,88.67,84.33,87.17,85.5,85.67,81.17,84.17,88.17,86.01
87.61,89.33,81.83,84,89.33,90.28,87.17,84,86,89.83,92.67,91.67,85.83,86.33,87.56
81.06,82.83,84.17,82.25,87.17,88.5,84.67,81.5,86,86.67,89,92.33,85.5,87,85.62
82.44,80.5,88.67,91.75,91.5,84.72,88.83,88.5,93.33,87.67,81.67,90,88.33,84.33,87.3
81.61,86.17,82,88,83.67,87,84,85.83,84.17,86.33,82.67,82.5,90.83,88.67,85.25
85.5,90.67,85.67,87.5,84,89.06,88.33,88.5,86,87.5,84.83,86,82,82.83,86.31
84.72,85,88.33,87.75,91.17,87.33,88.17,91.67,83.17,86.17,85.83,88.5,87.67,87.33,87.34
82.39,87.33,87.5,80,89.5,87.5,84.67,89.17,82.33,87.83,88.5,84.83,83.5,90,86.08
86.22,83.33,85,91,87.33,83.11,90.5,87.83,86.5,92,86.83,86.33,84.83,88.83,87.12
85.72,80.33,84,89,85.67,88.89,88.5,81.67,86.17,83.67,84.67,84,87.33,84,85.26
89.17,85.17,84.67,91.25,89.67,84.94,86.67,82,84.67,82.5,87.33,83.67,81.83,88.17,85.84
92.89,83.33,82.5,87.25,86,86.78,89,85.5,88.5,89.83,89.5,82.5,88.5,82.17,86.73
86.56,85,83.17,80.5,87.17,87.39,82.83,86.67,90.83,84.17,85.33,93.33,83.17,86.33,85.89
88.5,80.67,83,88.25,91.17,85.11,87.33,85.67,87.67,82,84.17,89.67,87,83.5,85.98
94.39,87.83,85,87.25,83.83,82.89,85.17,89.67,80.67,87,84.83,87,87,90.33,86.63
85.67,87.67,84.67,89,81.33,83.72,89.17,87.67,85.5,86.17,82.17,87.33,86.67,85,85.84
88.33,89.33,84,84.75,86.17,83,83.17,89.5,87.83,89.33,90.17,84.83,89.17,90,87.11
89.83,89,85,78.75,88.5,88.5,86.67,83.5,85.17,88,88.5,83.83,87,82.83,86.08
94.56,86.67,86.83,85.5,87.33,85.39,87.5,89.33,87.67,90.5,85.17,83,83.67,85.33,87.03
82.06,93.5,86,83.5,86.67,84.56,87.17,86,82.17,91.5,88.17,92.17,89.5,86.67,87.12
86.67,85.83,86.67,82.5,84.17,83.56,84.17,88,83.17,81.67,90,85,88.33,86.67,85.46
86.83,86,86.5,82,89.17,87.61,84.83,88.5,85.5,88,86,88.67,84.83,91,86.82
85,80,87,88.5,87.83,85.28,84.17,90.5,85.5,89.83,89.67,87,91.17,88.5,87.14
89.17,81.5,86,86.5,86.17,86.33,83.5,86.33,84.17,87.17,85.33,91.67,86.5,88,86.31
87.22,89.17,87,81.25,81.5,87.11,94.17,88,86.5,87.67,87.67,89.33,83.67,89.67,87.14
87.06,82.83,88,81,85.33,80.11,87.83,86.33,86.17,94,80.5,87.83,86.5,90.17,85.98
87.11,88.33,88,87.5,86.33,82.72,82.83,82.67,88.67,86.17,83.33,88,81,87,85.69
86.06,89.17,81.5,87,86.67,89.78,92.33,86.83,88.5,83.17,86,80.83,86.67,87.5,86.57
87.83,84.33,83.67,84.75,84.83,83.06,88.17,85,81.83,82,83.17,88,81.67,86,84.59
80.83,92.83,92.33,85.25,84,79.89,90.17,86.67,90.33,86.5,87,88.33,88.83,84.83,86.99
83.56,85,85.5,86.25,83,88.28,85.67,89.67,79.17,85.83,93.67,82,86.83,86.83,85.8
84.06,87,88.83,82,92.67,88.78,91.17,90.67,89.5,87.67,87.83,89.5,80.33,84.17,87.44
84.39,86,85.17,88,83.83,87.44,89.17,81.33,88,89.83,87.33,86.5,88.67,84.17,86.42
86.33,84,84.5,94.5,83.67,81,82.67,88.17,86.83,89.33,82.33,85.67,83.67,84.83,85.54
86.39,87.33,90.17,89,82.83,86.39,90.33,86.5,87.83,85.5,84.67,87.5,83,87.17,86.76
85.89,84.67,83.17,86.75,86,82.94,84.83,83.5,88,86.5,89.33,86.5,85.83,82.83,85.48
88.5,87.33,84.17,83.75,84.17,90.39,88.33,86.33,85,85.5,91.83,86,88,87.17,86.89
86.5,83.33,83.83,84.5,85,86.56,88,85.33,87.67,83.67,89.33,82.33,84.5,82,85.18
83.83,90.83,86.5,85.75,83,87.06,86.5,88.67,87.83,84.33,88,82.5,88.67,83.67,86.22
85.56,84.83,84,81.75,85.5,85.67,86.83,85.67,87,90,89,86.5,88.67,84,86.07
87.33,84.33,86.67,85.75,86.67,87.78,90.5,87,86.17,85.33,85.83,85.67,80.33,90.5,86.42
90.83,83.83,88.67,94.25,84.67,85.61,87.33,87.17,89,88.83,82,85.83,90.33,84.67,87.36
86.06,85.33,85.17,80,84.83,87.33,87.83,87.5,82.67,80.5,84.83,89.67,86.33,88.5,85.47
89.06,83.67,83.83,81.75,79.5,87.06,84.83,80.5,84.5,85.67,82.17,86,90.17,88.5,84.8
86.44,86.83,90.33,79.25,85,84.72,87.17,91.33,86.33,85.83,84.5,89.17,82.5,90.83,86.45
83.06,85.33,81.5,89.75,95.33,87.06,87.83,89.33,87.17,89.33,82.83,84.5,88.5,87,87.04
88.56,85.5,86.83,85.5,90.67,88,85.33,87.17,86.83,87.67,84.83,83.83,86,88.83,86.83
83.94,86.17,83.83,84.75,84,84.56,89.17,88.5,85.17,81.83,84.17,88.83,88.83,87.83,85.83
82.78,88.83,87.83,84.5,87.5,88.67,83.5,86.83,85.33,84.33,81.67,86.17,77.5,87.83,85.23
86.89,91.33,83.5,85,87.67,87.94,88.67,91,87.17,92.67,86.33,87.17,84.5,89.83,87.83
87.67,87.83,87.17,89.5,88.67,89.39,86.17,86.67,90.67,91.5,81.83,90.33,89.17,90.67,88.37
84,88.33,83.83,84,87.67,90.78,83.67,83.67,88.67,83.83,86.33,84.33,87.83,86.17,85.94
85.28,87.33,87.67,82.25,87.83,84.11,83.33,79.5,84.17,89.67,85,85.33,84.5,85.5,85.11
90.78,88,83.67,89.25,85,85.56,87.17,89.33,87.33,88.67,88.5,87.17,85.33,85.33,87.22
90.89,86.83,84.5,81.25,89.67,85.78,85.17,92.5,85.67,84.83,89.67,84.5,87.5,89,86.98
86,87.83,85.67,87.5,87.33,83.56,86,89.33,90.67,85,84.67,85.5,85,89.33,86.67
84.56,91.17,86.17,88.5,83.17,88.83,89.83,88,84.33,88.67,90.17,87.33,82,88.33,87.22
85.44,87.17,88.17,85,88.83,82.89,87.33,88.17,85.83,88.83,82.33,85.5,82.17,87.5,86.08
89.28,85.67,86.17,84.75,85.33,90.33,83.33,87.5,86.83,88,91.67,88.83,81.17,86.5,86.81
85.67,86.67,89.67,81.75,89.67,84.5,87.5,87.5,86.5,88.83,90.5,92,86.67,91,87.74
87.67,82,88.67,83.25,83.5,86.28,85,84.67,89.5,86.17,85.33,86.5,80.33,88.17,85.5
85.39,90.33,87,83.25,86.83,81.67,90.5,88.17,85.83,81.17,85.83,85.33,89.17,90.83,86.52
85.67,87.83,85.17,89.75,84.5,84.06,89.17,86.67,87.33,83.67,90.17,86.5,88.17,89.17,86.99
80.78,80.17,85.33,82.25,86.83,81.83,89.17,87.17,83.5,88.67,88.33,86.83,85.83,88.17,85.35
82.5,91.17,84.67,89.5,84,85.33,85.67,83.83,85,91.83,88.33,87.33,88.5,81.83,86.39
88.72,87.67,86.5,87.75,89.5,82.83,84,83.33,88.17,80.33,83.83,84,84.5,93.33,86.03
85.83,84.67,86.17,85.5,86,83,85.33,84.33,84.17,85.83,87.83,86.17,84.17,84.5,85.25
86.83,86.5,83.33,85.25,87.5,85.56,88.67,93.33,87.67,89.17,85.5,85.67,87.67,83,86.83
85.39,84.67,87.17,92,89,81.22,87.5,87.83,84.17,86.83,87.5,84,84.33,85.33,86.21
90.5,89,80.5,85.25,86.33,91.11,90.67,86.5,82.33,85.17,88.67,87,88.33,88,87.1
91,83.83,89.67,83,79.17,82.72,88,88.5,86.67,86.83,85.33,86.5,88.17,81.5,85.78
82.44,90.83,85.5,87.5,83.83,85.33,85.33,83.17,88.5,85.83,88.33,91,85.5,82.67,86.13
88.78,83.67,88.5,86.5,86.33,85.44,86.5,85,83.17,80.33,85,87,84.83,91,85.86
90.22,80.5,83.5,81.25,93.83,86.17,84.5,88.67,87.17,85,88.83,88.5,83,88,86.37
90.06,81.67,87.17,88,87.17,84.89,85.5,84.17,91.5,84.33,87,84,90.33,84.83,86.47
87.17,84.83,85.5,87.25,89.33,84.17,83.17,84.83,86.5,86,89,86.33,84.5,86,86.04
84.5,84.83,80.17,86,87.83,82,83,88.83,85.67,86.67,86.33,86.67,82.17,82.83,84.82
88.72,88.17,87,90.75,84.17,89.56,88.83,85.17,88.33,88.33,86.5,86.17,86,85,87.34
84.33,89.17,85.33,88.25,85.67,82.5,89.33,83.17,88.83,82.5,89.33,83.83,87,90.33,86.4
88.5,89,82.67,82,88.33,86.61,89.33,83.5,88.33,83,83.83,86,90.33,88.67,86.44
84.39,83.67,83.33,84.25,86,86.83,91.17,88.5,86.33,87.33,86.67,90.5,82.17,89.83,86.5
86.06,81.33,88.67,90,84.17,92.61,86,83.67,87.33,87.67,88.17,84.17,83.17,90,86.64
88.5,84.83,89.83,89.75,84.5,84.06,83.33,84.67,87.67,88.33,89.67,86.67,88.5,82.67,86.64
84.61,83,86,94.75,86.67,85.28,84.33,79.5,84.67,89,83.5,91.67,85,85.67,85.97
88,84.33,82.17,89.25,83.5,83.78,85.33,88.67,88.5,82.67,84,83.17,86.5,90.67,85.75
89.39,87.17,90.33,95,88.67,85.94,85,85.5,89.5,89.83,87.17,81.33,82,91.17,87.71
83.33,87.67,88.83,86.25,83.67,89.61,86,83.67,86,88.67,90.5,90.33,86.33,82.83,86.69
84.17,87.17,84.33,87.75,85.5,90.17,89.67,85.67,79.17,87,82.5,84.33,80.83,89.5,85.55
85.72,91.33,87.5,84.5,84.33,86.78,86.33,87.5,87.83,89.5,85.83,84.5,86,87.33,86.79
85.5,79.83,86,90.75,83.67,87.83,86,87.67,88.17,86.83,87.5,85.33,82.83,86.83,86.05
84.72,89.17,87.5,82.5,86.67,86.39,83.83,88,86.17,87.67,83,88.17,87,91,86.56
86.61,85,86,86.25,83.33,83.83,90.17,84.67,85.17,88.33,88.67,86.33,85.33,86.17,86.13
84.06,87.17,86.33,90,84,87.28,89.17,94.5,90,86.17,89.33,85.83,85.17,90.33,87.81
88.72,83.17,88.5,85.5,85.5,82.28,87.17,86.17,84.5,90,84.5,85.83,91.5,87.67,86.5
86.5,88.17,84.5,95,85.5,86.39,86.17,83.67,88.83,81.83,87.5,86.83,85.67,85.17,86.55
83.22,86.83,89,87.25,90.33,82.94,86.83,86.17,90,87.67,87.83,88.17,86.5,87.17,87.14
88.44,84.17,86.83,83.25,83.67,91.11,88.67,86.5,86.67,86.67,89.33,82.67,84.33,87,86.38
87.5,87.83,80.83,82.75,86,83.78,87.17,85.33,86.33,85,78.67,84,87.67,82.33,84.66
86.89,86.33,88,89.25,93.5,86.61,89.33,84.33,89,85.83,87.67,86.5,84.17,84.67,87.29
83.61,82.5,86,88.75,86.83,86.83,89.33,85.5,87.83,88,88.67,84.5,90.67,83.33,86.6
90.33,84.83,88,88.75,89.5,90.72,86.5,87.33,84.17,85.83,89,85.5,83.5,86,87.14
85.61,86.17,93.67,79.75,87.17,88.33,85.83,91.33,92.5,84.67,90.67,89.5,87.17,83.67,87.57
90.44,85.67,88.33,83.75,87.83,87.5,89.67,88.17,82.5,83.67,84.83,87.33,83.83,91,86.75
80.72,86.67,82.33,89.25,82.5,81.28,89.83,90.33,83.5,92.67,86.67,89,86.5,88.33,86.4
88.17,85.5,84.67,91,84.33,88.67,84,86.67,83.5,85.5,90.17,84.17,83.5,86.67,86.18
84.83,83.17,85.67,95.25,87.17,78.61,86.17,86,86.17,83.5,84.67,86.67,81.83,86.67,85.45
86.72,87,86.33,85.5,85.67,84.61,85,84.83,86.17,90.33,85,83.33,91.17,88.33,86.43
91.28,86.67,84.17,84.25,85.67,82.11,88.17,86.83,84.33,87.83,88.83,88.5,87.67,87.33,86.69
83.89,80.5,83.67,90.5,84.33,86.83,86.83,86.83,86.17,85.67,88.5,85.5,80.83,79.67,84.98
86.33,89.67,91.17,91.25,85,93.78,86,85.17,88.33,86.5,89,81.17,87.33,90.67,87.95
85.83,84.33,89.17,87,85.5,88.11,89.5,89.17,87,82,90.5,87.67,83,89.33,87.01
87.78,88.17,85.5,83.25,84.67,88.33,87,82,83.33,88.33,83.5,87.67,84.5,83.5,85.54
88.78,85,89.67,86.5,81.67,90.06,90.33,87,83.33,89.67,86.33,84,88.33,88,87.05
89.56,87,85.33,82,89,87.39,85.67,80.33,89.33,85.83,82,85.5,85.5,85.5,85.71
85.61,81,88,87.75,84.17,84.5,89.5,86.33,86.83,88,85.83,85.5,88.33,86.67,86.29
87.22,84.83,88.33,80.75,86.83,85.94,84.17,85,85.5,86.17,86.67,83.17,85.17,83.5,85.23
86.33,86.83,86.33,78.25,84.33,84.22,84.17,90.83,86.33,86,88.5,86.67,83.83,86.17,85.63
84.67,87,91.17,86.5,82.33,86.39,89.5,85.5,89.83,87.33,87.17,82.67,84.17,86.5,86.48
86.5,89,83,88,84.67,89.61,87.5,80.67,86.33,88,86.83,88.5,89.17,86,86.7
91.94,90.33,88,89.5,82.33,82.83,84.17,83.67,92.5,86.17,85.67,91.83,84.17,87.5,87.19
82.06,89.33,88.33,88,86,82.5,88.83,80.67,86.17,89.5,86,82.33,87,86,85.91
88.89,88.5,87,91.75,86.83,90.33,86.5,83.67,79.83,91.17,84.5,86.5,86.5,87.83,87.13
84.17,84.33,87.33,84.75,85,85.83,82.5,87,85.5,80.33,85.67,85,84.33,90.67,85.17
84.78,86.33,90,84.75,85.17,81.11,85.17,82.83,90.67,83.67,83.5,92,89,86.17,86.08
87.28,84.17,84.83,85.75,84.5,91.06,91.33,85.33,85,86.33,83.33,84.17,84.67,81.5,85.66
81.83,86.5,84.17,87.25,83.33,83.39,90.33,87.67,84.67,86.33,84.33,85,84.33,86.67,85.41
84.89,85.33,87.33,88.25,86.17,82.83,90.83,84.83,92,87.5,80.67,87.17,86.67,85.17,86.4
84.28,89.67,86,82.25,91.83,88.11,83.67,84.5,89,88.83,87,92.67,90.67,85.83,87.45
88.72,83.33,83,86.75,88,87.11,87.33,88.83,84.17,89.17,80.33,91.17,85.33,91.5,86.77
88.78,86.17,85.33,82.25,82.67,85.33,81.5,89.67,88.67,87.33,82.67,86.33,86.17,87.33,85.73
84.5,87.5,85.17,82.5,82,87.78,86.33,88.5,85.67,87.17,90,84.67,86.17,89.5,86.25
91.5,86.83,89.17,89,90.17,90.67,88.67,84.67,87.5,85.67,91.17,86.17,85.83,87.67,88.19
91.28,87,89,93.25,87.33,84.33,88.5,86.83,82.67,83.17,87.67,88.67,90.67,83.33,87.41
88,88.17,87.17,85.75,87.67,88,83.83,88.33,89.83,87.17,87.83,82.83,89,87.17,87.2
90.06,83.67,80.5,86.75,86.83,89.72,88.5,84.83,85,88,89.83,87.5,85.33,89.33,86.85
85,89.67,85.5,93.75,88.67,85.72,86,86,86.83,89,86,90.33,83.83,82.17,87.03
86.28,94.67,88.67,85.75,91.83,84.94,83.83,81.33,85.67,85.17,88.33,91.5,90,86.33,87.45
84.33,88,85.83,85.25,88.17,89.67,86.67,87.17,88.83,85.17,87,82.17,85.17,85.67,86.36
82.33,84.67,87.83,91.75,87,84.61,84,86,89.17,84.67,90.67,87.5,84.83,85.5,86.47
87.17,87.17,86.83,86.5,87.83,84.06,85.5,84.33,84.67,88.67,84.33,90,89.33,86.33,86.62
85.11,83.83,84.17,79.75,89.33,85.39,85.33,88.67,85.33,81,84.67,83.67,85.5,90.33,85.15
83.83,90,88,87,84.17,79.44,88.33,84,82.17,88.67,88.5,88.67,79.17,88.17,85.72
85.72,79.33,86.17,85.5,83.17,81.06,84.83,85.17,83.83,87.33,82.67,88.17,87.67,87.33,84.85
82.72,89.33,83.33,84.5,92.5,87.83,83.67,89,91.17,88.17,83.83,89,90,87.17,87.3
80.67,84.83,88,83.5,85.67,82.44,88,88.17,82.83,83,87.5,87.33,88.67,86.5,85.51
88.22,84.33,84.17,85,89.67,88.89,80.5,85.67,85.5,86.17,85,83,85.17,87.67,85.64
86.72,87,83.17,88.25,85.33,86,87.5,88.5,88.17,84.67,87.33,88.17,84.83,87.83,86.68
81.56,88.33,83.5,85.5,87.83,85.44,84.5,88.5,87.17,87,89.5,87,90.33,90.17,86.88
91.28,89.33,89.5,87.25,83.67,87.44,83,84,86,84.5,86.17,83.33,87.17,84,86.19
85.06,87,90,81,87,87.5,81.67,86.67,86,86.67,87.17,84.5,90,86.67,86.21
87.61,87.83,84.67,80.5,80.83,87.5,88.83,83.83,90.17,85.67,80.17,87.17,83.83,88.33,85.5
86.22,89.33,87.33,80.5,84.33,85.72,84.33,83.17,88,87.67,88,83.17,81.5,88.5,85.56
88.78,85,86.5,83.5,92.67,81.89,86.83,85.17,88,87.5,81.33,81.83,86.33,85,85.74
88.22,87.5,79.67,77.5,83.83,77.56,88,89.67,87.83,88.17,85.67,92.17,84.67,84,85.32
84.5,89.67,85.5,86.25,87,85.28,86.33,83.33,88.5,88.5,87.67,85.33,86.17,84,86.29
88.67,86,84.17,87,87.5,90.94,90.83,89.17,87.33,86.67,80,85.83,89.17,89.67,87.35
88.78,86.5,87.67,82,84.67,89.56,84.83,86.33,87.17,87.5,93.33,92.83,88.83,85,87.5
88.78,81.33,86,93.5,88,85.56,88.83,87.17,83.5,89.5,85.5,88.67,85.33,88.5,87.15
87.56,81.83,88.17,88,83.17,87.5,81.5,85.67,85.5,84.17,86.17,84,90.5,84.5,85.59
89.72,92.83,87,86.75,89.33,85,90,83.5,91.5,82.5,87.83,88.83,89.5,91.83,88.3
89.17,80.17,84.17,90.25,86.33,89.61,86.83,85.83,89.83,90.67,86.67,83.33,87.83,87.83,87.04
93.17,86.67,79.83,83.5,89.33,83.17,84.67,86.83,90.83,84.67,87.17,88.17,83.33,83.83,86.08
84.94,89.83,90.5,88,86.5,87.22,84.67,84,79.83,88.5,88.17,88,85,85.83,86.5
84.72,89,84.67,85.75,82.67,86.67,81.67,81.67,88.5,87.67,90.67,84.83,87,86,85.82
86.17,87.33,91.33,85.25,86.33,86.72,87.33,90.83,79.33,86,85.83,85.67,87.5,81,86.19
88.5,86.5,86.67,94.5,87.17,88.39,83.67,90.67,82.5,85.67,89.67,85.33,86.33,88.67,87.44
83.17,84.17,89,86.75,86.67,84.39,85.5,83.33,88.5,89,84.5,86,85.83,91.33,86.3
91.22,89.5,88.33,83.75,87.5,82.22,84,84.83,88.17,84.83,81.5,88.5,88.67,83,86.14
85.56,87.67,87.83,88.75,88,85.89,87.17,85.5,82.83,88,88.83,90.83,82.17,85.17,86.73
83.44,81.17,87.5,88.75,87.17,90.67,91.17,84.83,86,84,90.17,83.5,85.17,85,86.32
86.67,85,81.83,85,84.83,86.5,86.5,89.17,91.33,87.33,83.5,87.67,86.5,85.83,86.26
85.22,83.5,84.83,85.25,86.17,86.89,82.83,89.67,88,86.83,85.67,84.83,91,86.33,86.22
81.89,82.33,85.5,86,88,80.94,87.33,93,84.33,85.67,83,88.5,90.83,82.83,85.73
81.56,87,84.17,89.75,83.67,89.44,83.67,86.83,83.5,87.5,88.67,83.17,84,86.17,85.65
85.56,88.67,84.17,83.75,88.67,87.39,91.17,83.67,86.67,88,81.5,82,82.5,85.33,85.64
87.94,82.67,86.67,88.5,87.33,88.72,87.17,92,85.67,85.5,81.33,88,89,87.67,87.01
84,89.17,91.17,87.5,85.17,89.33,85.17,85,84,80.67,85.17,84.33,82.33,85.83,85.63
85.89,86.83,87.17,84,89.33,86.94,85,89,83.67,90.67,86.83,87.5,91,90,87.42
85.17,83.83,79.67,93.25,84,88.17,83.83,87.33,86,91.5,91.67,84.5,82.67,92,86.68
82.33,83.67,85.33,89.25,83.5,91.67,85.67,88.33,90,89.83,88.5,83.83,93.83,88.5,87.45
85.28,92.33,84.17,89.5,93.17,85.5,83,83.67,87.17,85.67,89,77.33,91.17,87.67,86.76
84.83,84.17,85,88.5,90.5,83.94,88.83,87.5,87,87.33,85.5,83.17,91.83,87.33,86.82
85,86.17,87.33,86.75,88.33,85.5,84,85.83,82.67,87.17,83.67,87.67,87,87.67,86.05
86.06,91.83,89.33,83.25,83.33,83.83,81.5,87.33,87.5,86,84.83,82.83,85.5,86.67,85.7
91.06,86.33,88,90.25,87,87.94,90,87.5,87.33,90.33,86.67,84.17,85.33,90,87.99
92,87.17,86,87.25,89,87.78,84.5,78.83,84.5,92.33,85.5,85.33,88.17,85,86.67
85.33,86.83,80.5,81,86.83,85.17,85,82.67,90.33,86.5,82,86.33,82.67,87.67,84.92
83.5,87.5,91,87.75,86.17,87.22,87.5,85.33,92.5,87.5,84.5,83.17,85.17,84.5,86.66
91,86.5,90.33,84.5,87,83.39,87.67,87.17,86,89.67,85.83,87.33,86.83,93,87.59
89.56,89.33,87.5,93.25,91.67,91.22,89.33,82.17,83.33,88.5,85.33,89.17,86.17,88.33,88.2
90,88.17,79,87.75,86.67,90.22,81.83,87.17,88,88,85.83,87,83.67,85.17,86.32
88.78,85.5,84.5,89,80.83,87.94,84.67,84.17,85.17,86.67,86.83,86.67,90.33,89.83,86.49
87.17,84.5,86,89.75,84.5,88.39,91.17,92,84.17,83.17,88,84.17,85.67,91.33,87.14
91.06,82.17,84.17,88.5,83,86.89,86,86.17,84.17,89.5,89.83,88.5,81.83,84.17,86.14
86.56,86.33,89.5,83,82.17,90.17,82.5,84,82.33,83.67,81.5,90,88.67,83.17,85.25
89.22,86.83,86,91.75,87,87.78,84.33,87.33,84.67,92,87.67,91.5,84,88.67,87.77
82.28,82.17,90.83,83,89.67,85.33,85,85,85.5,88.33,82.17,89,86.33,82.83,85.53
85,88.83,85.5,87.25,88.83,84.83,89.33,88.67,80.83,86.83,88.83,85.67,85,87.5,86.64
87.94,85.5,90,88.25,87.83,84.83,86.17,82.67,88.67,91.67,87,83.5,82,92.33,87.03
88.39,88.17,93,93,85.67,84.28,88.83,81.5,93.33,85.5,82.33,83.83,88.17,91.5,87.68
87,84.5,87.5,85.5,86.17,84.83,90,85.5,93.83,87.5,92,83.17,82,85.33,86.77
90.5,86.17,88.5,86.75,89.33,89.17,86.5,91.83,87.33,81.83,86.83,85.83,88.83,88.67,87.72
87.39,86.17,82.33,92,91.5,83.67,87.83,85,85.33,88.33,87.17,81.83,87.5,84.17,86.44
85.06,83.83,90.83,88.75,85.5,86.39,82.33,81.5,91.83,91.33,85.17,85.33,95.67,82.5,86.86
91.56,84,81.67,87.25,86.83,86.28,92,93.17,82.17,86.83,86.83,88.83,91.5,87.67,87.61
87.06,85.67,88.5,83,89.17,87.39,91.5,85.17,81.33,84.5,91.33,86.17,89.67,85.5,86.85
86,89.17,84.83,85.75,82,85.61,86.67,86.33,92.33,87.83,84.67,86.67,93.33,87.17,87.03
87.5,87.67,79.67,89.5,89,86.28,90.83,84.33,86.33,91.17,85.83,86.33,88,83,86.82
85.06,88.17,86.83,89,87.17,85.72,81.67,88.83,89.33,87.83,85.67,86.33,86.33,85.5,86.67
87.67,86.83,88.17,87.25,90.67,88.44,82.33,83.17,86.33,88.5,84.33,90.17,85.83,86.67,86.88
85.39,86.33,84.33,87.25,88.17,84.67,90.17,85.5,84.33,84.17,86.5,90.83,88.33,91.17,86.94
85.78,84.33,86.17,82,91.83,85.22,89.17,85.67,85.83,83.83,84.17,85.83,88.67,89.67,86.3
87.89,89.5,90.5,87,89.67,87.28,84.33,81.67,83.17,89.5,91.67,91.33,83.83,85.33,87.33
92.33,83.17,86.83,82.5,87.33,90.83,88,86,85.5,87.17,86.83,87.5,84,84.67,86.62
82.06,87.5,87.67,86.75,87.67,89.11,88.17,89,90.5,85.33,83,86.17,90,86,87.07
84,84.5,84.5,81,86.67,85,82.5,86,84.67,85.33,84.17,91,87.17,87,85.25
90.22,89.5,88.33,83,87.67,88.94,83.67,87.83,88.67,83.83,83.33,84.67,90.5,89,87.08
86.44,85.67,87.5,83.75,86.83,82.22,82.33,87.33,87.17,81.83,85.5,87.67,84.83,83.17,85.16
87.94,89,86.17,91.5,82.17,85.44,83.33,81.33,82.67,86.33,90.67,86.83,87.5,85.33,86.16
84.61,88,82.83,89,86.17,84.72,85.67,87.5,87.5,86.5,87.5,86.83,87.83,84,86.33
91.44,89.5,84.5,80.75,83.33,90.33,89.33,87.17,88.33,78.67,90.67,87.17,89.33,89.83,87.17
85.78,89.17,92.67,91.25,88.17,79.17,81.17,86.33,83.33,83.5,88.33,84.67,85.33,89.33,86.3
88.39,84.83,89.33,81.5,86.5,83.39,88.33,88.83,83.17,86.33,89.33,86.83,89.17,89.83,86.84
86.61,86.5,86.33,82.5,88.33,85.11,87.5,85.33,87.33,89,89.33,88.17,81.67,84.33,86.29
89.17,82.83,85.83,91.25,90.33,89.44,91.17,88.33,84.5,85.83,87.17,86.67,87.33,87,87.63
87.72,90,87.17,88.75,84,90.56,83.5,85.33,85.17,85.5,91.67,87.17,88,88.17,87.34
85.44,89.83,91,89.75,86,85.33,83.5,89.83,90,89.33,84,87.67,81.5,85.33,87.04
90.44,88.33,85.33,90.25,92,86.06,86.83,87.5,87.83,88.17,85.5,87.67,87.33,86,87.8
81.11,82.17,87,88,88,86.72,86.67,90.5,84.67,82.33,85.83,81.83,79.5,88.17,85.18
85.94,86.33,90,86,87,88.61,94,92.83,90.17,85.67,89.83,85.33,88.67,83.5,88.13
86.72,88.67,85.83,95.75,87.67,86.39,85.67,91.33,85.67,90.67,80.5,90.5,85.5,91.5,88.03
86.44,83.33,84.5,83.75,86.67,85.94,87.33,87,91.33,84.5,87.83,80.67,82.83,82.67,85.34
85.39,85.83,89.33,83.75,89.83,85.44,83.67,86.5,79.5,85.83,87.83,87.83,84.67,86.67,85.86
84.06,87.5,84.33,86.25,84.67,82.5,92.17,86.83,83.33,85.33,85.83,88.17,86,85.5,85.89
87.28,82.83,85.17,94,90.67,88.5,85.33,87.83,87.67,81.83,88,88.5,89.67,81.83,87.08
87.33,80.5,85.83,88,84.5,88.17,86.67,85.83,91.5,84,87.5,91.83,87,88,86.9
81.56,86.33,84.33,85,80.67,83.28,84.67,85.33,83.83,94.67,86.17,81.83,93.33,82.33,85.24
84.33,82.67,83,88.25,89.17,87.89,81.17,89.33,92.83,92.5,86.83,87,85.83,89.67,87.18
94.89,86.83,90,92.25,88.33,92.44,84.5,90.33,87.33,89,88.5,89.17,86.67,90.33,89.33
85.5,90.33,83.67,85.75,85.67,93.17,85.67,85.67,84,87,87.33,89.17,89.5,89.67,87.29
84.17,86.33,87.5,81.25,89.17,87.94,87.33,92,85,86.5,85.33,87,81.33,89,86.42
79.44,85.67,83.67,93,79.83,87.39,85.17,85.33,82,85.17,82.67,84,84.5,91.17,84.93
85.56,89.5,88.33,83.75,82.5,88.56,84.5,89.83,80,89.5,83.33,82.5,88.33,84.5,85.76
85.67,85.33,92.5,88,92.5,89.89,84.67,92.17,81.67,88.67,87.33,87.67,87.67,85.67,87.81
89.44,85.17,80.33,91.75,85.5,85.06,87.5,87.17,85.83,86.83,85.17,80.17,88.5,86.5,86.07
88.28,84,89,88.25,88.5,82.28,90.5,87.33,85.17,87.67,83.83,85.33,87.83,87,86.78
90.17,83.83,85.33,89.5,82.67,88.11,92.17,87,90.83,85.5,85.67,83.5,86.5,87.17,87
86.78,85.17,85,88.5,89.67,83.94,89.67,88,87.33,82.33,90.83,86.83,87.83,87.67,87.11
87.94,86.5,91,86.25,85.17,83.5,87.33,85.5,87.17,85.67,86,90,85.83,86.67,86.75
92.33,92,89.83,85.75,87,83.83,87.5,87.17,85.33,84.17,85,89,83.33,87.33,87.11
90.94,81.5,85.83,84.5,87.5,84.78,83.67,90.5,85.17,89.83,82.83,90.67,90.67,91.17,87.11
88.44,83.33,82.67,91.75,86.17,87.89,79.83,87.17,87.5,86.67,91,91.5,84.83,84,86.62
87.83,89.83,81.5,88,91.67,86.67,85.17,88.67,89.67,84.83,88.33,90.83,90.17,89,88.01
83.39,81.5,81.33,82.75,84.67,82.72,84.67,87.5,81.83,85.67,87.33,84.83,84.5,82,83.91
90.44,82.83,82.83,90,85.67,87.33,83,88.5,87.5,87.83,90.33,82.17,89,91.33,87.06
85.94,86.83,88.17,84.5,86.67,84.72,86.5,86.5,89,90.83,86.33,88.83,89.17,84,87
86.56,89,86.17,91.75,86.83,87.17,85.83,89.5,86.67,88.67,88,84.67,87.5,83.83,87.3
86.61,85.33,86.17,94,87.17,92.94,85,84.67,85.5,90,81,83.33,87.67,86,86.81
86.11,91.5,84.33,89.25,88.17,83.89,85,88.5,89.67,83.67,87.17,85.33,86.83,85.83,86.8
86.67,86,87.33,90,87.83,85.06,92.33,87.17,84.33,84,81.67,84.33,87,82.67,86.17
88.61,87.67,85.33,88.5,90.17,81.39,88.67,90.5,88.83,85.83,88.83,95,86.33,87.67,88.1
88.22,85.67,83.83,88.25,80.17,88.44,87.17,90,87.67,91.67,86,89.5,83,90.67,87.16
84.5,92,87.83,94.75,83.5,81.89,86.17,87.83,87.5,90.67,86.83,86.17,86.33,87.17,87.37
91.78,88.33,86,81.75,86.33,87.17,90.33,83.33,82.67,87.83,87,84.33,85.33,88.5,86.48
82.89,89.67,78.5,85.5,92,83.56,83.17,88.5,89.83,83.5,89.33,82,85.33,84.33,85.58
87.39,81.67,90.83,86.75,87.5,88.17,86.83,83.83,88.33,85.5,93.5,89,89.17,87.5,87.57
86.61,87.67,91.17,85.25,84.83,91.89,90.33,83.33,87.83,83.67,90.17,87.67,86.67,86,87.36
87.61,86.5,87.17,83.25,81.67,88.94,87.5,82.83,82.5,89.17,86.83,85.17,84,87.67,85.77
86.72,94.33,89.5,83.25,89,87.33,82.33,84.67,90,89.67,87.5,86.67,87.17,90,87.72
90.89,86,88,83.75,90.33,93.22,85.5,84,85.5,88.67,89.33,85.5,81,85.17,86.92
89.06,82.5,83.83,81,81.83,83.83,88.17,84.67,83.5,84.17,86.5,87.67,88.67,90.67,85.43
85.33,82.5,83,89,81.67,87.06,87,86,84.5,89.17,83.67,80.83,84.33,92.5,85.47
89.94,83,90.5,91.75,88.67,84.72,86.67,86.33,87.33,86.83,82,84.67,84.67,83.33,86.46
89.56,88.67,87.17,88,82.5,86.67,85,84.5,92.33,86,87,92.67,83.33,92.83,87.59
84.17,87.83,83,91.25,87.67,86.22,81,87.83,95,87.67,88.33,86.67,84.17,84.33,86.8
86.5,89.33,88.33,87.5,83.5,89.78,85,90.33,87.5,89.33,84.5,86.83,83,86.5,87
81.89,88.67,87.83,78.75,85.67,91.89,91,85.67,88.33,84.83,85.5,89.5,89.17,88.83,86.97
84.61,90,88.33,81.75,89.17,86,85.5,88.83,87.33,84,91,83,91.67,91.83,87.36
85.56,89.33,88.5,79.75,81.83,84.28,89.33,89.83,88.5,91.33,85.83,86.67,89.67,84.83,86.8
86.28,90.67,85.5,88.75,87.67,86.28,90.33,85,90.17,86.33,81.67,87,87.17,88.67,87.25
87.56,84,89.5,85.25,93.33,86.11,88.67,78.67,86.5,85.67,84.83,86.5,85.5,87.83,86.42
87.61,85.67,85.67,82.25,81.83,88.5,88.17,81.67,88.5,85.67,85,91.17,85.83,85.67,85.94
84.33,85.5,84.67,85.25,82.17,86.5,83.67,84.33,86.17,87.5,86.17,85.67,88.5,89.17,85.68
83.39,90,87.17,84.75,86.5,88.56,91,85.67,89.33,83,82.67,83.33,86.5,85.17,86.22
87.28,85.83,86.83,90.5,82.5,86.67,88.5,83.17,89.33,81.67,82.83,87.33,83.83,88.67,86.07
85.33,82.17,91.5,87.25,90.5,85.28,87.17,86.83,87.5,85,82.5,85.67,87.5,87,86.51
84.11,90,89.17,84.75,90,85.06,87.5,88.17,88.5,83.33,87.33,85.67,89.33,88.33,87.23
87,84.17,87.33,87,86.33,87.39,88.17,83,86,82.33,88.67,85.83,89.5,91.17,86.71
90.39,85,83.33,78,90,80.83,85.83,83,83.17,87.83,85,86.67,86.17,85.67,85.06
86.11,83.5,88.67,88.25,85.67,86.56,91.33,87.67,88.67,91.33,85.17,86.83,90.17,85.83,87.55
88.22,88.33,85,91.75,89.5,85.17,86.33,89.67,84,90.83,89.5,83.5,83.5,85.33,87.19
84.22,88.33,91.33,90,86,80.39,90,86.67,86.83,85.33,88.33,83.83,87.5,89.83,87.04
84.89,86.83,86,87,84.67,89.39,87.33,85.33,87.5,85.83,85.17,86.33,83.33,88,86.26
84.44,91.67,85.33,87.25,91,84.44,87.5,89.67,86.5,87.83,88.33,86.5,88.67,80.5,87.12
90,86.17,86,87,88.83,82.61,80.33,88.67,84.83,88.17,86.5,88.83,82.67,90.5,86.51
79.61,88,83,84.75,88,94.56,84.33,91,83.5,89.5,84.17,86.17,82.83,85.67,86.08
89.89,83.83,83.17,82.75,88.17,91.67,88.83,89.83,83.5,82.83,87,90.33,84.17,89.17,86.8
84.72,83.5,87,93.5,84.5,79.89,86.5,86.67,86,86.33,84.83,86.83,86.5,83.67,85.75
84.83,86.67,90.33,86.25,88.17,87.44,82.17,89.67,87.33,84.5,95,84.83,82.83,86.33,86.88
81.44,87.5,87.33,83.25,83.17,79.39,85,88.33,86,85.83,86.67,89.33,85.67,86.33,85.38
83.89,90.5,82.17,86.25,83.67,86.78,86.33,84.67,80.17,82.5,85.17,90.67,88.17,86.17,85.51
88.22,88.17,89.5,85.5,85.67,88.94,87.67,85.67,88.83,88,87.5,87,92.83,89.5,88.07
83.44,85.67,85.33,84.25,86.33,86.28,84.5,87,82.67,80.67,88.83,79.5,84.33,87.17,84.71
83.11,85.5,92,80,88.5,85.17,87.83,91,85.67,82.67,87.67,87.83,85,83.83,86.13
83.28,89.33,85,83.75,88.17,85.33,89.67,86.33,86.17,87.17,87.33,86,81.83,90.33,86.41
81.89,88.67,84.17,85.75,88.83,92.39,88.83,87.17,92.67,84,82.5,92.5,83.83,89.67,87.35
85.17,87,90.83,87.75,90.67,84.22,84.5,84,83.67,83.83,85.83,86.33,86.83,87.67,86.31
88.44,86.17,83,84.5,90.67,85.56,85,86,88.83,88,82.67,87.5,85,85.5,86.2
87.89,86.17,85.5,84.75,83.83,90.17,86.5,87.5,89.17,88.83,84.17,91.83,86.5,88.83,87.26
80.5,87.33,84.33,87.75,84.33,84.72,88.67,89.33,86.17,82.17,90.33,87.83,90.5,89.33,86.66
89.22,91,90,82.75,92.33,86.78,84,84.83,83.83,87.5,87.5,87.5,83,91.83,87.29
86.78,90.83,84.67,88.25,81.83,91.44,84.67,89,85.17,86,87,88.5,89.17,90.33,87.4
86.06,86.83,83,88.25,85.67,88.33,87.83,88.67,87.67,88.83,85.33,88.17,83.83,82.83,86.52
88.72,91.5,84.33,83.75,84.83,89.28,92.67,88.83,86.33,82.5,87.67,88,81.33,84.5,86.73
82.5,87,90,91,88.17,90.56,87.33,87.67,89.67,88.33,86.33,87.67,88,85.5,87.84
90.33,85.17,87,93.75,88.83,84.94,83.5,82.33,86.83,87.67,82.33,86.33,93.17,93.67,87.56
88.72,84,85.67,91.75,87.67,87.5,90.83,85.33,85,86.33,85.5,86.67,85,89.33,87.09
84.22,85.5,83.17,89.5,91.83,83.44,92.83,92.17,87.33,85,90.17,85.83,81.83,86.17,87.07
82.89,86.67,82.83,88.25,93.67,86.78,84.83,86.83,85.17,93.67,86.5,82,91.17,88.5,87.13
79.78,88,87,87,85.83,83.44,88.17,87.33,82.17,81.17,82.17,90,85.33,85,85.17
88.67,85.17,84.67,86.5,83.33,85.06,86.33,85,91.17,83.67,82.33,89.5,88.83,85.5,86.12
86.61,84.67,84,84.5,85.67,85.89,88.67,86.33,85.83,84,89.17,91.33,86.67,87.5,86.49
86.94,89,83.17,85.75,87.67,88.11,84.17,87.67,85.83,85.83,90,84.83,86.5,83.17,86.33
84.11,88.17,85.83,90.5,84.33,84.06,89,85.17,86.67,88.33,88.17,87,91.17,89.67,87.3
87.33,88.67,80.33,86.25,87,89,87,84.5,82.17,91,91.5,86,90.83,84.5,86.86
85.33,84.5,89.67,82.25,89.33,85.72,89.33,83.5,88.33,84.17,87,89.83,85.67,86.33,86.5
89.06,88,86.17,90,85.83,87.61,84.17,88.67,87.17,83.5,86.17,87.5,87.33,90.83,87.29
88.11,83.83,90.17,88,88.5,88.72,88.33,88.17,84.17,87.17,86.83,87.5,85.83,85.83,87.23
86.61,88.83,88.83,87.5,84.83,85.61,85.33,88.33,88.17,86.67,79.67,84.17,82.67,88.67,86.13
85.22,88.83,85.83,87.5,87,88.17,92.5,82.5,82.83,82.5,85.33,81.33,89.67,86.67,86.13
90,82.17,85.17,88.25,84,89.28,89.67,84.33,85,84.33,88.83,87.67,85.33,84,86.29
85.33,89.17,85.67,86.25,88,90.78,88.17,84.33,86.67,83.83,87.5,86.33,87.5,89.67,87.09
85.11,90.33,87,87.25,88,89.22,86.83,85.5,81.67,91.5,88.67,88.67,87.33,85,87.29
87.44,85.83,90,82.5,86.67,87.33,86.17,88.33,83.67,87.5,89,87.17,85.17,89.33,86.87
84.39,80.83,88,89.75,90.17,86.78,88,87.67,91.5,84,81.5,86.67,85.67,86.17,86.51
88.44,85.67,86,86.5,88.5,86.94,86.33,88.67,84.17,90.17,86.33,91.5,85.83,83.83,87.06
83.94,84.17,91.17,84.75,86,85.5,85.5,81.33,88.67,89.83,90.5,84.67,82.83,88.67,86.25
87.28,84.33,80.83,91,90,84.61,87.5,86.83,88.83,88.33,86.5,91.5,86.5,83.33,86.96
84,87.5,83.83,82,84.83,84.22,88.33,86.5,88.33,81.67,81.33,82.67,84.33,86.5,84.72
88.11,85.17,83.5,85,87.83,92.61,91.5,83.17,89.5,86.67,88.5,83.5,84,85.83,86.78
85.94,88.17,85.33,86.5,85.83,85.67,89,85.83,88.5,83,92.33,86.67,84.17,93.67,87.19
88.28,86.33,83.83,88.5,93.67,89.39,89.17,86.5,85.33,85.17,89.5,92.17,88.5,82,87.74
88.06,83.83,85.17,91,90.5,86.17,91.5,89.33,86.5,86,86.33,83.83,86.33,86,87.18
85.83,89.5,88.17,89,87.67,79.39,83.83,87.67,86.33,89,86.67,82.67,89.17,86.17,86.5
90.94,88.67,90.17,84.25,87,83.78,85.33,85.83,83.17,86,83.33,85.83,86.17,91.17,86.55
85.72,83.5,83.33,82.25,92.17,89.06,88.17,89.67,82.17,85,84.17,88.67,85,86.5,86.1
88.11,84.67,83.17,90.25,87.67,85.89,85.67,84.83,84.5,87,87.17,84.5,83.33,80,85.48
84.11,83.33,84,90,89.5,82.44,89.67,89,89.33,81.83,90.5,84.83,86.33,89.17,86.72
89.56,86,87.33,94.25,81.5,87.06,87,83.33,86.17,85.17,84,89,82.17,87.83,86.45
88,84.67,88.33,91.5,84.67,93.89,87.83,85.83,89.67,88,82.67,87.83,82.83,87.5,87.37
86.44,86.17,89.33,81.25,84.33,87.17,88.67,92.83,90.33,86.33,87.33,89.33,86.5,83.17,87.09
91.39,82.17,92.83,87,86.33,81.5,85.67,89.5,84.67,89.33,85.83,86.83,90.67,86.17,87.13
82.89,88.33,82.5,87.5,81.83,90.94,82.83,86.67,86.33,83,88.5,90.5,88,91.67,86.54
83.11,89.5,86.67,80,83.83,88.67,85.17,84.83,89.33,84.67,82.67,83.83,85.33,90,85.54
83.17,86.67,90.17,88,83.17,82.11,88.17,83,87.5,83.5,87.83,84,85.83,79.5,85.19
87.72,84.17,84.83,88.25,85.33,87.89,82.83,91,89,84.17,84,85.83,86.67,88,86.41
87.44,83,88.5,93.75,89,87.11,82,86.67,83.17,88.17,84.33,87,87.83,89,86.93
93.33,83.33,85.33,81.75,88.67,92.61,87,85.5,85.83,86.17,85,86,81.17,90.67,86.6
84.33,84.33,81.5,86.75,83.67,87.78,90.33,93.67,88.67,86.67,82.33,81.5,89.17,88.17,86.35
88.78,88.33,91.33,87,89.83,85.78,85.33,88.67,85.33,86.67,89.67,84.17,92.17,85.33,87.74
84.06,89.17,85.83,83.5,87.33,87.72,89.5,86.5,86.33,90,86.67,91.5,89.67,85.17,87.35
92.67,83.67,82.5,85.75,92.17,85.67,92.5,86,86.33,82,90.83,90.83,91,80.5,87.32
88.5,84.5,87.83,85.75,85.67,89.28,90.83,84.5,87.67,87.17,87,90.17,82,86.17,86.93
87.78,85.83,90.17,88.25,85.5,84.39,89.67,90.83,87.33,85.17,86.67,83.33,84,89.33,87.02
87.33,87.5,87.17,85.25,84.83,85,91.17,86.83,84.67,88.33,89,85.83,86,88,86.92
81.56,83.67,89.83,80,83.5,86.83,84.17,92.33,87.67,89.67,85.17,85.17,85,78.83,85.24
87.94,85,88,85.25,80.67,86.22,88.5,92.17,90.5,90.5,89.83,88.67,83.33,84.83,87.24
84.28,90.17,81.33,90.25,85.67,86.33,86.83,82.67,87.83,88.17,86,86.83,88.5,84.33,86.37
93.89,86.33,84.33,88.75,87.17,88.44,87.67,90.67,83.33,87.83,83.33,85.83,88.83,88.17,87.47
89.94,87,84.17,86.25,88.5,85.39,84.5,83.67,86,78.33,91.83,81,83.67,80.83,85.08
92.17,87.17,86.5,83.5,81.17,88.22,83,85.5,91.17,88.83,93.17,82.5,88,83.83,86.77
87.72,85.33,89.33,84.25,92.33,87.06,83.67,87.17,85.83,86.33,88.67,90.17,89.67,87.83,87.53
85.33,89.17,84.33,88,85.5,80.78,87.17,89.33,87,81.5,87,86.17,88.5,88.67,86.32
91.56,84,88.5,88,83.17,86.39,84.17,87.17,87.17,85.17,88.67,89.33,89.83,83.5,86.9
87.72,86.83,89.5,88.5,87.33,89.83,87,90,84.67,88.33,87.17,91.5,81.17,85.67,87.52
85.39,86.67,84.5,84.5,82.5,85.5,86.17,83.5,88.5,88.5,87.17,86.33,85.5,93.33,86.29
85.5,89.5,88,86,87.5,86.44,85.5,85.67,86.67,91.5,86.5,83.83,86.33,82.17,86.51
86.56,86.33,92.5,83,88,90.89,87.5,79.33,87.83,86.67,91.5,93.17,84.5,85.33,87.37
86.39,82.83,86,81.25,87.83,85.78,86.17,86.67,92.67,83.5,88.33,86.83,83.83,84.67,85.91
88.33,85.5,86.17,87,88.17,91.67,88,85.83,89.67,89,92.67,84.5,93,89.33,88.49
85.83,89.67,88.17,88.75,84.17,85.94,84,89.33,88.83,89.67,86.33,85.83,89.83,87.33,87.41
90.44,87.17,84.67,89,81.17,89,85.83,88,92,87.17,88,89.67,86.5,87,87.54
87.94,87.83,84.5,88,90.5,82.11,91.17,88,81.83,88.17,82.67,87.67,90,86.67,86.93
85.28,87.17,87.33,86,84.83,89.78,89.5,87.33,85.5,83.83,85,83.17,85.17,85.17,86.08
78.94,84,86,84.25,87.5,86.11,82.67,87.17,86,91.5,79.67,88,90.17,84.83,85.49
88.17,88.5,83.83,88.5,88.33,89,90,87.67,91.67,91.33,88,86.17,91,87.5,88.55
86.44,87.5,84,88.25,82.17,84.83,83.5,90,84.67,83.17,82.83,89.67,85.67,84.33,85.5
89,89.33,91.83,89,90.33,84.78,85.67,81,88.5,86,84,87.67,89.33,91.17,87.69
85.5,86.17,87.33,86.5,90.67,87.33,89.67,89,86.5,88.5,88.17,84.67,87,83,87.14
85.83,87.5,88.17,85.5,83.33,82.5,89.33,85.67,86.17,88,87.83,82.17,78.67,91.67,85.88
89.17,90.5,87.83,87.75,81,86.89,87.33,85.83,82.17,88.33,86.33,87.17,83.83,85.17,86.38
91,87.83,92.67,89.75,87.17,86.72,89.33,85.17,91.17,85.83,87.5,85.67,83.67,87.33,87.91
88.72,86.67,85.17,87,89,79.39,88.83,88.5,89.67,85.33,90.17,85,90.5,89,87.35
85.17,86.83,89,89,84.67,88.78,80.5,84.67,88.5,85,88.17,92.17,86.67,86.33,86.82
86.44,88.33,80.5,92.5,87.17,90.17,84.67,86,86.17,86.67,86,87.33,84.5,79.67,86.15
81.39,88.67,83.67,88,83.83,88.67,85.5,83.33,86.33,87.33,94.33,84.33,87.67,85.33,86.31
89,88.83,83.83,86.25,85.17,85.78,89.5,87.33,85,82.5,84.67,88.33,87.67,88.83,86.62
84.39,90.5,89,85.25,83.5,86.83,89.17,83.5,87.67,88.33,89.5,85,84.67,87.67,86.78
86,88,91.33,79,86.67,86.11,84.17,88.83,87,86.17,88.67,84.5,84.83,84.5,86.13
89.78,82.33,86.33,93,83,89.22,81.83,85,87,92.17,89.5,92.83,92,88.33,88.02
84.67,86.5,83,83,89.67,83.28,85,86.17,87.83,84.67,86.67,83.67,87.67,85.67,85.53
84.28,86.33,84.67,87.5,86.33,85.22,88.17,88.5,82.17,86.17,85,86.83,89.67,84,86.06
86.89,89.17,83.67,85.5,85.33,86.56,89.83,89.17,83.17,86.33,85.83,88.5,88.5,83.67,86.58
82.33,91.17,82,81.25,83.33,90.22,87,84.17,89.5,89,89.83,92.33,87.67,84,86.7
85.22,89.67,88,87,86,88.22,87.5,91.5,82.33,84,84.17,82,88,85.83,86.39
84.89,84.17,89.67,84.75,92.83,89.17,84.17,85.67,84.67,85,88.5,82.33,88,86.33,86.44
90.78,88.83,84.17,89.25,82.67,90.44,82.83,86.17,87,87.5,87.67,88.83,89.17,86,87.24
82.33,84.5,82.5,81.75,89.83,89.67,83.67,87.33,82.83,85.17,91.33,84.33,88.83,87.5,85.83
87.94,85.5,88.83,90,82.17,86.61,87.17,87.5,86.83,86,93.33,89.67,89.5,89.67,87.91
84.44,87.5,86.33,82,87.67,81.44,86,84.5,89.33,88.17,88.33,89.83,89.17,85.17,86.42
89.72,89.5,91,85.25,84.17,86.56,86.83,94.5,92.17,87.17,83.5,86.67,86,85.83,87.78
88,85.33,89.83,91,82.17,82,82,90.5,87.5,87.67,85.33,87.5,86.67,85.83,86.52
84.39,85,83.83,85,88.17,82.44,81.67,90,89.17,86,90.17,89,89.17,88.5,86.61
88.78,86.17,84.17,81.75,86.33,86.56,82,88.17,85.17,82.33,82.5,86,82.5,83.83,84.73
84,87.5,88.83,87.5,85.5,83,89.17,88.33,87.17,83.33,86.67,92.67,85.33,87.17,86.87
89.11,91.67,88.83,83.5,86.33,91,91.83,84.67,83.5,84.5,85.33,81.83,87.83,85,86.78
88.17,86.83,82,85,83.83,85.39,82.83,90.17,82.5,86.5,88.67,86.83,85.67,86.5,85.78
89.39,86.17,85.5,83.25,89.17,87.39,83.67,82.67,82.17,84.83,85.33,88.5,85.67,85.83,85.68
85.67,84.17,81.67,86.75,91,84.78,86.83,80.83,83,84,87,86.83,85.83,88,85.45
89.33,87.17,84,89.25,87.17,86.83,86.67,88.33,86.67,87.33,91.83,87.17,85.5,87,87.45
85,84.83,86,89.25,85.17,85.72,94,86.67,89.67,84.17,83.5,90.67,88.17,83.67,86.89
82.11,88.17,84.33,90,88.67,88.5,85.67,91,85.67,86.5,89,87.33,86.33,85.33,87.04
84.28,89.33,88.83,85.75,85,86.22,86.67,87.67,87.67,86.33,90.17,86.67,84.33,91.33,87.16
82.39,87.67,83.33,82.5,89,84.06,85.33,86.67,87,90.17,88.5,84.5,81.5,81.5,85.29
85.06,86.17,84.33,91.25,84.17,90.39,90.83,87.33,84.83,87.5,83.83,82.83,88.67,87.17,86.74
88.83,88.67,88.17,89.5,85.5,85.39,89,80.17,86.17,83.17,89.83,84.83,87.67,87.67,86.75
85.33,83.17,89.17,83.5,86.83,83.11,88,89.33,88.17,87.33,89.67,81.83,84.67,85.5,86.12
87.39,87.17,88,80,90,91.33,81.17,85.67,89.83,84.17,82.17,89.67,82.67,87.17,86.17
87,89.83,86.67,90.5,84,87.67,82.33,91,87.17,87.67,83.67,85.5,85.83,89.33,87.01
85.56,86.17,85.83,88.25,85,85.89,80.33,84.83,86.17,85.33,84.83,87.67,89.5,86.33,85.84
88.28,85.33,85.67,81,87.83,86.06,89.83,83.5,84,90.33,84.67,90.17,80.5,86.67,85.99
89.78,81.17,86.67,85.75,86.17,86.28,92.5,86.67,82,92.17,90.67,88.17,85.33,89.17,87.32
87.67,86.33,86.5,87.25,86.83,84.56,86.67,90.83,85.17,87,89.33,82.33,81.33,88,86.41
85.5,85.83,85,84,87.83,86.61,88.67,80.83,86.33,85.5,88.17,82.83,90.17,92.33,86.4
84.61,87.83,85.33,86.25,85.5,89.17,84.5,82.33,83,89.17,84.33,85.17,83,83,85.23
85.33,84.5,85.67,84.5,85.83,87,83.67,87.33,85.83,83.5,86.17,87.83,84.67,85,85.49
83.83,85.5,87.17,89,83.67,90.28,80.83,81.83,85.33,85.5,83,88.83,87.17,80.83,85.2
88.28,88.67,86.67,87.5,84,83,88.5,84.5,83.5,91.33,87.67,85.67,86.5,90,86.84
87.11,85,87,89.25,82.33,85.22,89.33,82.17,81.33,90.5,90.17,86.33,83.5,87.83,86.22
84.61,83,92,87.75,87,89.61,84.33,85.17,86.83,91.17,90.33,87.17,85.83,83.17,87
83.22,86.83,85.67,85,93.33,85.67,89.5,84.67,85.17,82.67,87.67,83,92.83,90,86.8
87.22,83.83,86.83,86.25,87,90,82.67,90.33,91.17,80.5,87,87,89.5,85.17,86.75
86.89,86.83,84.83,83.75,87.83,82.72,85,89.33,87.17,88.67,86.17,92.33,87,90.83,87.1
91.44,92.17,88,84.25,89.5,85.83,84.5,89.5,96.83,82.33,90.5,86.5,85.17,85.17,87.98
88.22,84.83,90.83,83.25,85.33,88.61,80,86.5,88.17,84.17,86.83,86.5,87.17,85.5,86.14
89.67,89.5,91.83,82.5,90.33,86.33,90.17,88.17,84.67,86,91.67,87.33,87.83,83.33,87.81
88.33,88.67,87.83,87.5,89.33,83.39,89.17,87,89.33,88.67,87.17,93.5,85.67,87.67,88.09
84.22,87.17,88.17,88.5,85.83,87.5,90.33,92.33,86.33,87,92.83,85.67,86.33,89.17,87.96
87.94,86.5,86.67,81.25,86.33,87.22,83.67,90.83,85.33,87.83,87,89.17,86.5,86.5,86.63
83.33,83.67,88.67,81.75,84.33,86.67,92.33,87.33,86.83,85.83,84.33,90.5,87.33,88.33,86.52
87.61,85.5,85.67,83,83.83,87,89,82.33,92.17,85.33,89.33,87.5,91,88.17,86.96
86.33,82.67,85,87.25,87.5,90.06,88.17,84.67,90.17,90.83,84.5,84.5,83.5,86,86.51
86.17,82.17,85.67,86.75,86.5,89.5,89.33,86.17,82.5,87.83,87,81,83.83,89.83,86.02
87.39,86.33,89.5,82,85,90.5,86.67,89.5,89,88.5,86.17,82.33,89.67,90.67,87.37
90.44,88.17,92.33,84.5,88.17,84.17,87.33,77,87.83,86.67,84.67,84,85.33,89.17,86.41
84.28,84.33,82.83,86.75,84.17,84.17,88.67,88,89,85,86.83,87.33,85,83.67,85.72
91,81.67,90.17,86.5,88.83,82.78,90.17,90.17,89,85.5,86.17,81.83,86.83,82.33,86.64
83.5,85.67,87.83,89.25,82,87.33,80.17,82.83,87,88.17,86.33,87.33,88.17,86,85.83
85.83,91.83,84.17,89.75,87.5,84.06,89,90.5,87,84.17,87.5,90.83,91.5,84,87.69
87.72,81.83,82.67,86.5,84.67,84.33,91,86.83,80.67,87.83,85.33,88.83,87.33,88.83,86.03
91.17,84.5,86.67,85.25,84.33,88.28,88.33,88.33,82.5,87.83,89.17,86.17,87.67,86.5,86.91
85.61,85.17,87,87,81,84.39,89.67,85.5,86,86.5,87.33,88,86.5,85.67,86.1
89.83,88.67,89,89,85.67,88.5,87.83,83.17,83.33,82.5,89.5,85.83,83.33,84.17,86.45
83.83,90.17,92,89.5,83,88.17,89.33,86.83,83.67,88.17,90.67,83.5,86.5,81.5,86.92
84.78,87.83,85.17,87.75,88.33,85.83,92.5,86.67,83,90.5,83.67,86.83,85.33,87.5,86.84
86.28,86.33,90.5,88.25,86.83,86.67,85.5,86.5,87.17,82.5,90.5,83.33,91.33,86.83,87.04
84.72,88,85.17,86.25,85.5,85.94,90.5,83.83,87.5,82.17,82.67,86.67,86,84.33,85.66
82.44,88.33,88.33,92.5,80.17,83.11,88.67,89,91.5,88.33,84.83,85.67,84.33,86.83,86.72
87.11,86.17,82.67,85.5,88,87.17,90,82.83,89,89.83,86,84,85.67,87.83,86.56
84.28,85.5,82.17,84.25,87,82.78,89,87,93,91,81.33,86.67,84.33,88.5,86.2
86.94,84.17,84.17,81.5,86.5,88,86.83,81.67,85.83,83,87.83,85,81,89.67,85.15
81.83,84.67,83.67,89.75,87.33,84.83,81,88.17,90.67,80,88.67,82.83,87.33,86,85.48
84.22,85,90.5,86.5,90.17,85.61,86.17,85.67,87.83,90,82.5,86.5,88.83,86.5,86.86
91.11,88.5,87,89.25,88.67,88.83,86,85.5,84.17,90.67,79.5,90.33,85.83,89.33,87.48
81.33,84.83,87.83,80.25,81.83,86.28,84.5,84,89.83,87,83.17,89.17,88.83,85.5,85.31
86.28,85.33,88,91.75,87.33,83.39,89.33,84.83,87.33,93.5,84.67,91.33,88.33,83.5,87.49
86.33,87.5,84.17,90.75,85.83,87.11,84.67,87.5,86.5,85.33,86.33,92,83.5,84,86.54
87.17,88.5,85.17,89.75,91.5,88.22,88.17,86,90.83,83.83,86.83,86,93,90.33,88.24
87.06,82.5,83.33,85.75,88,85.94,82.67,87.5,87.17,85.5,85.67,87.67,86.67,87.33,85.91
85.61,85.5,88.17,87.75,87.17,82.94,82.5,84,87.33,83,85.33,86.33,88,81.17,85.34
83.61,86.5,87.83,84.75,87.67,85.44,91.17,88.17,84.67,88.17,83.5,87.33,86.17,85.83,86.49
91.11,83.5,86.67,83.75,89.33,86.94,82.83,83.33,86.33,87.67,83.67,88.17,84.17,80.67,85.58
86.11,92,93.5,88,88.5,85.39,89.33,85.83,86.17,89.5,84.83,86.5,89,84.33,87.79
86.94,87,87.17,83.5,88.33,83.83,86.5,84.33,91.17,87.33,84.17,87.83,86.5,88.33,86.64
86.94,88,84.33,91.25,93,89.11,84.67,84.5,82.33,88.5,90,85,88.5,85,87.22
90.72,84.83,90.67,86,87.17,89.83,86.33,87.33,80,84.33,83.83,85.83,81.33,82.67,85.78
84.72,86,81,89.25,86.33,85.22,86,81.83,90,85.83,84.5,88,91,85.17,86.06
87.22,86.67,88.5,89.5,80.83,87.33,91.17,87.33,80.33,89.5,87.5,83.83,84.67,87.5,86.56
85.22,88.5,87.33,84.25,91.17,89.61,90.5,87.83,89.5,86,84.5,87.83,85.5,89.33,87.65
87.56,87.83,85,87,84.17,84.11,87.17,84,90.83,89.5,83,85.5,86,85.83,86.25
86.22,85.67,92.67,83,88.17,89,84.33,85.33,86.67,87.5,85.5,84.5,88,85.5,86.58
83.83,88.83,84.5,87.25,89.17,84.83,82.33,89,88.33,86,91.17,87.5,88.5,87.67,87.07
81.56,85.5,88.33,91.5,85.33,83.56,87.33,91.67,84.67,91.33,86.83,87.5,83,82,86.44
82.61,91.33,86.33,87.75,88.83,87.72,86.67,85.5,89.67,91.83,85,81.67,84.17,84.67,86.7
87.22,84.5,84.83,82,83,87.06,85.83,92.5,82,86.33,89.33,88.67,85.5,86.5,86.09
87.22,88.67,86.5,85,90.33,85.83,86.67,86.83,83.83,86.17,87,84.83,89,85,86.63
86.56,84.33,83.83,90.75,81.17,89.94,85.33,83.5,86.33,90.33,87.17,82.67,89.17,88.67,86.41
87.5,87.83,86.83,86.75,82.5,85.17,85,82.83,85,85.83,83.83,85.33,85.83,85.83,85.43
84.78,81.33,84.83,85,83.5,89,84.83,85.5,81.17,91.17,89.33,80.5,84.67,89,85.33
88,87.5,85.67,80.25,81.67,86,91.17,87.17,86.33,82.33,90.83,92.67,86.5,88,86.72
86.78,88.83,84.83,88.5,86.67,86.22,85.67,87,85.83,87.17,84.67,85.33,86.83,89.5,86.7
89.22,87,87.83,89.25,82,85.67,93.67,83,85,92.17,85.17,84.17,86.83,83.83,86.77
87.17,88,84.83,91.25,86.33,84,82.83,84.5,86.67,86.33,87.67,85.17,85.33,92.17,86.59
86.61,89,87.33,87.5,89.33,88.83,85.17,88.33,88.67,85.17,83.83,84.5,86.33,86.33,86.92
86.22,87.5,83.5,85.75,85.83,82,83.33,86.33,87,89.33,87.33,91.17,91,84.5,86.49
90.22,87.83,88.17,85.75,83.33,84.78,88.5,87.33,86.83,80,87,91.33,92.33,81,86.74
87.78,87.67,87,87.5,84.33,90.72,85.17,86.83,89.17,88.5,82,89.5,87.67,94.5,87.74
82.5,83.17,87,83.25,82.67,83.11,85.5,92.5,90.33,81.33,85.83,87.67,82.67,90.5,85.57
84.44,84.17,87.33,88.5,91.67,86.61,85.33,88.17,79.5,83,86.67,87.17,81.17,84.5,85.59
87.39,83.5,90.17,84,89,86.44,87,90,86.5,81.83,82.5,86,88.33,83.5,86.15
86.44,94.5,84.83,87.75,83.5,86.72,84.17,86.17,83,91.33,87.5,82.33,86.67,88,86.64
87,85,90.17,89.75,84.67,87.33,90.67,85.67,88.5,87.67,88.33,91.83,82.67,82.67,87.28
86,88,86.83,83.5,86,88.44,87.5,86.17,85.33,88.33,84.67,86.17,84,88.33,86.38
85.94,89.67,83.33,93.5,87,88.22,88,84.17,88.67,86.5,86.5,87.5,86,88.33,87.38
88.06,87.5,91.33,85.5,88.17,82.78,84.33,86.83,86.33,88.83,90.83,82.5,83.5,88.5,86.79
85.83,85.83,85.5,80.75,82,86.89,83.33,85,87.67,92.67,86,85,90.17,88,86.05
95.11,87.33,87.67,87.5,82.5,86.78,88.83,83.83,88.33,83.33,83.83,85.17,89.33,86.67,86.87
85.56,85.83,82.5,83.25,84.33,86.78,85.5,83.5,84.83,83.83,85.5,86,93.5,81.5,85.17
86.11,92.5,85.5,85.5,86.33,82.39,83.67,87.83,86,84.83,87.33,86.67,86.33,87.67,86.33
87.22,90.33,82.83,87,82.67,78.61,83.17,84.33,92,88.67,90,90.83,89.17,85,86.56
82.94,81.67,84.17,86.5,88.17,87.83,86.83,83,84.5,87.17,81.83,84.33,82.5,83.5,84.64
80.78,85.83,82.5,89.75,84.67,85.72,91,88,89,90,85.33,87.83,86.67,83.17,86.45
88.11,88.67,82.83,87.5,85.33,89.72,80.83,88.33,84.17,88,90.67,85.83,88.67,85.83,86.75
84.28,85.17,83,81,85.83,83.22,84.17,84.67,93.17,90.17,84.67,90.17,88.67,82.67,85.77
88.72,86.33,89.17,81,85.67,88.83,83.33,86.5,86.17,86.33,84.17,86.67,86.83,86.33,86.15
85.06,85.33,86.67,83.25,88.67,82.94,81.83,88.67,88.33,86.17,83.33,93.83,86.17,87.67,86.28
86.28,86.67,88.83,92.25,89.67,88.56,88,90.17,85.33,82.5,84.83,90.17,84.83,84.17,87.3
83.94,88,83.5,83.5,91.83,78.44,89.33,86.67,89.33,85.33,87.17,88.17,87,86.67,86.35
87.61,83.83,90.5,91,85.33,86.83,84.67,87.83,88.67,87,83.33,85.67,82.67,88.33,86.66
85.56,83.5,81.67,79.75,87.83,91.61,88,87.83,84.67,84.17,87,85.83,82.33,88.5,85.59
79.17,89.67,88.17,80,85,85.72,85.5,85.17,91.5,82.5,84.83,93.17,87.67,84.17,85.87
83.33,94,86.5,83.75,86.17,84.83,92.17,89.33,86.17,86.83,86.67,81.67,90.33,86.67,87.03
84.72,87.17,87.33,81.5,88.83,89.94,86.67,88.5,90.83,85,81,84.67,82.5,84.5,85.94
86.83,90.17,84,86.5,86.5,83.5,82.33,88.83,82.83,89.5,86.5,84.83,84.33,81.17,85.56
88.06,86,90,85.25,87.5,83.5,89,84.17,85.5,88.67,90.17,87.33,87.67,86.83,87.12
83.28,82.33,82.67,90.25,84.33,90.56,88.17,87.5,86.67,85.67,87.67,82.5,88.83,88.33,86.34
91.83,83.83,85.33,83.75,88.83,85.17,87.5,90.67,88.33,87.33,86.67,87.33,87.17,86.5,87.16
89.61,90.17,88.17,89,86,81,84.67,81.67,84,90.5,84.67,86.83,89.67,88,86.71
93.11,81.5,80.33,85.75,85.17,87.78,87.33,86.33,86.83,90,82.5,86.17,84.83,88.83,86.18
90.72,86.67,83,83,82.83,82.33,88.67,87.83,87.17,82.67,89.5,91.5,85.17,89.67,86.48
82.72,84,87.17,90.5,82.33,84.28,84,90.5,83.33,81.33,83.17,83.33,85.67,84.5,84.77
83,83.83,85.33,85.5,90.67,86.67,89.33,84.83,88,83.5,84.17,85.33,86.83,85.33,85.88
85.89,89.17,84.33,85,89.5,88.06,85.5,81.33,93.67,86,85.67,85.67,85.67,92.83,87.02
83.89,84.33,81.67,81.75,84.67,89.5,82.83,86,83.67,88,87.17,84.33,91.33,92.5,85.83
89.17,87.17,85.5,88.75,82.17,87.44,83.33,85.17,84,86.83,83.67,87.17,91.5,89.5,86.53
85.11,87,85.17,88.75,88.33,92.39,86.17,88.83,82.33,83,85.5,82,85.5,88.83,86.35
87.39,84.83,80.33,84.5,87.83,90.28,88.83,87.67,85.17,86.17,86.33,90.5,87.5,80,86.24
83.94,80.5,86,85,84.67,87.5,87.5,89,84.17,89.5,89.83,90.33,85.67,85.5,86.37
90.06,86.83,86.67,88.5,87,87.28,85.83,84.83,86.67,83.67,86.83,90.67,81.83,80.5,86.23
84.33,89,84.5,81.25,88.5,86.33,89,87.83,86.33,84,90.83,87,88.5,85.67,86.65
85.39,86.83,83.5,90.5,86.33,84.94,86.83,86.67,82.5,80.5,86.17,82.33,84.17,82,84.9
85.89,87.33,90.5,88.25,86.67,86.83,84.83,84.67,89.5,85.83,92.5,88.33,87.83,83.5,87.32
91,84.83,91.67,87.5,87.5,87.44,85.83,89.67,87.17,83.67,81.67,87,92.33,87.33,87.47
83.94,82.83,85.5,82.75,89,87,86.17,87.33,87.17,84.5,91.5,84.5,92,83.17,86.24
83.78,88.83,88.17,85.5,88.17,91,83.5,84.33,87.33,83.33,82,91.83,85.67,84.67,86.29
85.5,93.67,80.83,87.75,83.33,87.22,88.83,87,85,89,90.17,90.33,86.5,86.67,87.27
87.06,83.67,86,89.25,92.5,89.39,82.17,85.67,89.83,88.67,88.5,92.67,87.67,86.83,87.85
88.61,87.5,86.17,84.75,87.17,91.72,82.33,87.33,86.17,90,85.17,86.5,88,88.5,87.14
83.89,83.5,87.5,89.25,93.17,88.72,88.33,86,88.33,87.17,84.83,85.5,87.5,92.33,87.57
83.83,89.17,92,82.75,85.67,81.67,87,86.67,90.67,86.33,84.17,86.67,88.17,87.17,86.57
88.06,86.83,92,88,93.17,86.33,85.33,87,83.5,85.33,89.5,85.67,81.67,84.5,86.92
90.72,88.5,85.67,92.25,88,88,91.17,91.83,82.33,86.5,83.83,81.67,89.83,80.67,87.21
88,87.17,88.33,85.25,85.83,87.39,83.67,86.83,85.83,85.5,87.67,85.17,86.33,91.17,86.72
81.61,87.33,87.5,82,79.33,84.56,84.33,84.83,88.67,84,90.5,90.67,87,82.17,85.32
86.67,89.5,89,88.5,84.83,83.94,86.33,90,83.83,87.17,87.17,88.33,91,85.33,87.26
86.5,86.83,86.5,90.25,88.33,89.56,82.67,86.83,87.17,88.17,83,82.33,89,90.17,86.95
84.22,86.17,83.83,89.5,83.33,87.61,88.5,90.67,81.83,81.33,85.17,85.17,85.5,85.67,85.61
87.28,89.5,83,84.75,87.33,90.94,85.17,84.33,84.17,94.5,93.17,90.17,89.33,91.33,88.21
83.78,81.5,87,89.5,90.33,85.28,86.67,89.67,83.33,85.67,79.5,82.5,87.5,90.33,85.9
89.11,84.67,85.67,84.5,83.33,86.56,82.67,86,87.5,85.33,87.67,85.67,82.33,86,85.5
86.72,85.5,82.5,85.25,84.83,87.61,91,85.67,92.33,87.67,85.67,88.33,86.17,89.17,87.03
89.33,84.5,90.33,91,81.67,86.17,84.5,87.33,88.17,87.67,80.5,90.67,81,85.33,86.3
89.11,86.33,87.67,89,85.5,85.39,85.33,86.17,87.17,88.5,85.33,93,88.17,88.83,87.54
84,89.5,86.83,94.5,88.33,88.17,83.33,86.83,89.33,90.67,85.67,83.67,86.17,83.83,87.2
85.33,83,88.5,88.75,85.83,91.5,82.67,84.33,84.67,90.83,91.17,82.33,87.33,83.5,86.41
90.39,86,90.33,84.75,84.5,91.78,85.33,85.83,82.5,84.67,90,85.33,84.17,85.83,86.53
90,87.33,89.67,88.75,81.83,80.22,86.33,90.17,87.5,92.33,84.17,80.67,85.67,89.33,86.71
83.39,90.17,84.67,92.75,89.5,88.22,83,86.33,81.5,85.67,82.17,85.17,88,84,86.04
87.5,88.5,84.83,82.75,90,89.28,90.83,85,84.33,85.83,83.5,88.83,87.17,89,86.95
83.94,81.83,88.67,88,85.33,83.67,83.17,89.67,85.33,87.33,88,83.67,88.33,88.33,86.09
91,87.33,84.67,91.5,90.67,82.39,84.67,86.5,84.33,85.5,86.33,85.67,88,85.17,86.69
89.11,79.5,89.83,91.75,89.17,87.67,90,88.83,88.5,87.33,82.33,93.17,83,90.67,87.92
84.44,88.17,85.83,89.75,86.17,83.33,85.67,84.67,90.33,87.83,88,80.83,86.33,81.83,85.94
87.28,84.5,87.67,84,85.17,85.33,84.83,81.83,86,88.33,87.33,87.17,82.83,81.83,85.29
81.61,89.5,80.5,93.75,88.17,86.72,86.33,85.33,90,82.5,83,86.83,88,84.67,86.21
87.78,85.33,85,85.5,84,85.22,86.17,88.83,85.83,81.33,84.5,85,82.83,90,85.52
89.78,88.17,94,85.5,83.5,83.72,82.5,90.83,84,84.5,89.5,84.83,92.5,85.17,87.04
80.28,85.83,89.17,86.5,86.17,90.33,84.5,91.17,85.17,84.33,87.33,88.17,81.33,82.67,85.92
86.11,86.83,81,87.5,80.33,86.28,84.67,85,84.5,91.33,84.5,85.33,85.17,86.67,85.37
82.94,86.67,92.33,82,82.5,86.56,91.67,85.33,83.17,87,85.5,86.17,90.83,84,86.19
87.5,87.5,87.17,95.5,88.33,82.67,85.33,83.83,87.5,79.5,89.33,86.67,90.5,90.5,87.27
88,82,92.5,87.75,84.5,82.39,87.83,86.33,86,82.67,86.5,86.33,87.17,86,86.14
87.61,90,84,86,83.67,86.39,87,87,89.83,87,84.83,91.5,87.67,85.33,86.99
82.44,83,89.33,83.75,88.67,88.56,84.5,82,84.33,84.67,86.67,87.83,88.67,85.17,85.68
84.56,88.17,86.5,85,83.67,89.83,88.17,81.33,84,85,81.67,88,83.33,87.83,85.5
90.78,80,87.83,92,88.33,82.67,83.17,78.33,88.67,87,91.33,89.83,86.17,83.67,86.41
86.83,83.67,88.83,86.25,87.67,86.39,88.5,87.17,86.67,88.5,85.67,86.5,86.67,87.5,86.91
88.5,85.83,81.5,88.5,86.67,88.39,79.67,86.67,87.83,88,86.33,88,83.33,90.83,86.43
85.78,83.83,86.67,85.25,85.83,83,90.67,87.67,92,81.67,88.67,83.83,84.5,88.33,86.26
85.22,86,88,84.75,84,87.56,87.83,91.5,85.83,80.67,81.83,87.17,86.67,84.83,85.85
88.33,85.17,86.83,85.5,84.67,80.39,84.17,85.5,89.33,94.33,80.83,92.67,89,84.5,86.52
83.89,85,87,79.75,88.33,83.89,86.33,86.33,85.5,87.67,87.83,92.5,85,90.83,86.42
88.72,85.83,90.83,89.5,80.17,87.89,88.33,88.83,86.67,88,86.83,85.5,93,83.83,87.42
85.11,87.83,85.33,87.5,87.17,83.94,92.5,89.67,88.5,86,85.17,91.83,87.33,78.5,86.88
89.67,88,90.17,89.5,90.83,87.39,85.33,90,87,89.67,86.5,88.17,85.17,87.33,88.19
87.33,82.67,90,89.25,84.17,83.61,84.17,90.83,87.67,88.83,88,87.5,88.5,91.67,87.44
87.22,91.67,82.5,90,82.5,85.89,86.67,91.5,92.5,89.83,88.17,89,88.67,85.17,87.95
88,84.83,88.83,85,84.17,85.56,80.5,87.17,88.33,87.67,88.83,86.83,82.67,85.33,85.98
87.44,88.67,88.17,86.75,89.33,88.94,88.67,90,88.33,83,85.17,87,86.17,87.17,87.49
82.78,84.5,87.67,85,88.5,87.17,90.17,86.83,88.33,83.83,83.33,86.33,95.83,84.17,86.75
84.61,84.67,89.5,85.75,81.5,85.5,84,78.67,86.5,85.5,91.17,91,89.5,87.33,86.09
84.44,91.67,83.83,87.25,84,87.83,87.83,90.5,84.67,93.5,84.33,86,90.17,81,86.93
85.61,85.17,89.17,86.25,87.67,89.33,86,86.5,83.5,85.33,83.83,83.67,82.67,83.33,85.57
88.44,91.83,83.67,90.25,88.17,84,86.67,88.17,83.83,87.67,85.83,92.33,87.83,91,87.84
87.5,84.5,83,87.75,89.33,91.11,83.5,86.17,87.67,88.83,84.83,82.67,88.83,87,86.62
85.06,85.33,86,89.25,87,83.94,84.83,87.33,81.83,85.17,87.83,84.5,85.17,89.33,85.9
84.44,87.5,88,81.75,86.33,82.33,88.83,88.33,89.67,83.83,83.67,89.17,86.33,86.83,86.22
85.78,91,81.5,89,84.33,83.33,90,89.33,87.17,82.33,84.83,89.33,84.17,84,86.15
90,85.83,86.83,92.5,88.5,88.39,82.17,88.83,86,89.5,85.17,88.83,85,84.67,87.3
87.56,90,89,90.25,87.83,85.78,79.33,86.67,80.5,86.5,83.33,84.83,84.83,87.83,86.02
84.83,85.67,87.33,85.75,84.83,89.22,86.17,92.67,84.33,82.17,78.5,86.33,87.5,87,85.88
85.94,88.83,87.83,88,82.33,87,86.17,85.83,87.33,87.83,83.33,84.33,89.83,88.17,86.63
82.33,81,80.5,83.75,87.5,84.44,85.83,88.33,86.17,78.83,86.33,88.17,88.67,90.67,85.18
84.94,84.33,93.33,87.5,87.33,88.72,93.17,82.67,87.83,84,81.83,86,89.5,85.33,86.89
86.83,83.67,86.83,91,90.17,86.5,83.5,85.83,85.83,89.5,84.67,87.5,89.33,86.5,86.98
85.89,85.33,91,82.75,83.5,86.33,87.5,88.83,91.5,84,84.5,86.67,88.5,81.83,86.3
83.22,86.83,90.17,86.5,85.17,89.44,88.83,89,84.83,90.17,87.33,82.67,86.5,87.83,87.04
82.72,87.5,82.5,90,89.17,86.39,85.5,87,85.67,85,84.67,82.17,82.67,84,85.35
89.83,84.33,82,87.75,86.67,84.78,82.83,87.33,88.17,91.33,81,85.17,84.5,83.83,85.68
82.78,84.83,83.17,88.5,84.5,89.39,91.17,85.83,85.67,80,86.17,86.33,87.83,86.5,85.9
88.78,85,87.67,83.25,83.17,86.89,84.83,86,85,87.33,85.33,89.17,86.67,86,86.08
87.44,84.5,90.17,86,89.17,90.94,90,88.17,89.33,84.17,83.83,90,85,86.5,87.52
88.89,86.83,84.83,86.5,83.67,88.61,85.33,86.83,87,87.33,89.83,89.83,87.33,78.83,86.55
88.94,87.33,85.5,87.5,84.33,83.61,87.33,90,85.5,88.33,87,82.83,88.33,88.5,86.79
88.72,91.5,87.67,90.75,83.83,87.78,88.5,90.33,88.5,83,89.5,85,84.17,89.17,87.74
88.94,81.67,83,87.75,82.17,91.28,89.67,88.17,80.67,86.5,88.33,86.33,86,86.5,86.21
87.11,84.67,86.83,89.25,85,87.72,81.83,86.17,81.17,81.83,83.67,90.17,88.17,86.17,85.7
86.56,86.83,86.67,86.75,84.67,90.11,85.17,86,88.67,89.5,83.33,78.67,83.17,87.33,85.96
89.89,89.33,90.17,90,88.33,85.67,87.5,89.17,85.33,90,88.17,85.83,85.17,87,87.97
85.39,80.83,87.33,85.25,95.83,86.94,87.83,83,87.5,84,84,88.83,88.17,83.83,86.34
89.11,84.33,90.83,93.25,90,90.33,81.17,92,92.33,81.83,85.5,90.17,86.17,90.33,88.38
83.22,89.83,85.83,95.25,86.5,89.28,90,90.17,82.83,93.67,85.5,90.33,84.33,82.67,87.82
91.28,83.67,85,85,84.83,85.94,85.83,91.67,85.5,86.5,79.83,82.83,83.5,87.83,85.66
82.39,92.17,85,89.5,86.67,83.61,85.5,83.5,83,86,85,85.17,87.83,84.83,85.73
85.61,86.5,86.67,87,80,86.94,84.5,80.67,88.33,87.5,87.17,82.83,83.33,87.83,85.35
88.39,82.17,84.83,84,84.5,85.33,79.17,93.5,89.67,88.83,86.17,85.67,82.17,86.33,85.77
90.67,84.67,89.83,83,87.67,86.78,85.83,88.33,90.67,85.83,91.5,87.67,91.33,89.33,88.08
83.39,85.67,83.33,84,89,83.78,83.67,86.5,92.17,89,89.33,88,85.5,83.83,86.23
90,81.17,87.33,85.5,81.33,88.78,90,85.17,86.33,89.17,83.5,88.33,85.5,81.83,86
89.06,86.17,92.67,86,90.67,85.56,87,86.5,82.33,84.67,85.17,86.17,84.83,87.17,86.71
84.5,79.5,82.5,86.75,79,84.5,89.83,81.17,86.67,85.5,88.17,93,82.17,84.83,84.86
88,88.33,88.5,85.5,86.67,84.78,82,89,84.83,86.5,88.33,88.83,87,84.83,86.65
86.61,85.17,87,88,85,83.61,88.17,85.67,85.33,87.17,87.33,78.83,92.83,85.67,86.17
88.89,82.83,85.83,88.25,86.67,84.72,84.5,88.17,86.33,87,91.17,88.83,82.83,91.17,86.94
86.72,85.33,87.33,91.5,88,83.89,83.33,90.17,89.33,87,92,88,86,91,87.83
81.89,84.33,87.17,89.75,87.5,86.78,81.33,87.17,83.5,91.5,84.17,83.5,86.5,86.83,85.85
87.67,85.67,87,83.5,89,90.17,81.83,85.67,83.33,82,80.5,85.83,83.17,88.17,85.25
88.39,86,87.17,90.75,83.5,87.78,85.5,84.83,89.33,82.17,89.83,88.17,89.5,85.5,87.03
89.83,83.33,84.83,88,83.17,84.94,89,82.67,87.5,85,87,83.33,89.67,85.33,85.97
82.28,90.67,88.17,93.25,85.17,90.44,84.5,88.5,83.67,92,86,90.5,83.5,81.17,87.13
87.56,88.17,84,91.5,82.5,90.44,91.5,87.33,85.67,86.5,85,83.5,83.33,83,86.43
81.67,87.17,82.67,87.75,88.67,86.72,85.33,89.67,81.67,85.5,85,91.17,88,84.17,86.08
86.17,85.67,90.83,90.25,86,93.39,84,82.67,80,87,84.5,88,88.33,88,86.77
89,85.83,83.83,90.25,85.5,86.89,84.67,82.83,88.33,89.17,86.5,91.67,83.33,90.5,87.02
85.11,87.5,87.83,93.5,92.17,86.44,83.5,88.83,84.83,88.17,88.17,85.5,84.83,87.5,87.42
79.22,89.67,89,84.75,87.67,86.5,91.17,85.5,82.33,82,89.83,83.17,81.67,82.83,85.38
86.56,86,87.5,87.75,82.67,84.06,79.33,88.67,91.17,90.17,93.17,88.83,82.17,86.5,86.75
83.56,92.67,86,87.5,84.33,86.72,88,88.83,91.5,89.33,86.17,92.5,85,85.67,87.7
84.67,87,83.17,80,83.33,87.78,88.67,85.5,81.33,89.83,87.5,83.67,87.33,88.67,85.6
89.39,83.83,82.33,81.25,87.67,90.78,85.5,88.67,89.33,84.33,85,84.17,79.67,80.33,85.16
84.61,84,87.17,86,85.5,88.44,83.5,87,85.67,86.17,86,87.67,86.5,82.5,85.77
86.28,86.5,90,84,87.17,81.22,89.67,83.33,90.17,91.67,89,84.83,85.5,83.5,86.63
83.94,86.67,86.33,90.25,81.83,85.06,91.83,89.5,86,85.17,86.17,87.83,86.33,91.33,87.02
83.17,88.83,89.83,89.5,83.17,87.72,87.17,88.17,87.17,85.17,89.83,88.33,86.83,82.5,86.96
85.89,86.5,85.17,88.25,88.17,88.28,85.83,92.67,88,86.5,87,86.83,88.67,85.33,87.36
86.5,83.83,87.67,81.25,83,82.89,87.5,90.67,88,86.83,87.83,83.67,86.67,83,85.66
88.89,84.5,82.67,86.75,93,87.94,79.83,88.5,86.17,87.5,84,84.67,85.17,89.67,86.38
85.5,84,88.83,92.5,85.5,82.89,89,88.5,90.17,90.5,88.33,88.17,80,84.83,87.05
85.78,90.17,91.33,87.25,87.83,90.61,86.83,87.67,87.17,85.33,92.33,86.83,81.5,93,88.12
82.89,83.17,85.83,88.25,90.33,89.89,86.33,88,81.67,83,84,85.33,83.67,83,85.38
85.89,81,81.17,91.75,90.17,88.94,86.33,86.83,90,93.67,90.83,85.17,87,84.33,87.36
89.22,87.83,84.33,84,83.83,86.72,86.33,90.5,88.5,82.67,84,92.33,82.83,87.83,86.5
83.72,83.33,91.5,93,88,86.78,89,85.67,87.17,86.83,89.67,81.83,94,90.5,87.93
86.28,87.67,86.67,83.25,86,80.39,82.83,90.5,85.5,87.17,85.67,85,90.5,83.67,85.79
83.44,87.83,89.17,83.75,86.17,89.28,93.5,88.67,87.67,86,85,85.17,83.5,83.83,86.64
87.83,89.5,84,84,88.17,84.33,84.67,88.83,80.83,84.83,87,84.33,80.5,89.17,85.57
87.61,81.83,86,87,85.5,88.67,83.17,85.17,90.17,84.33,85.83,90.17,91.17,88.83,86.82
84.67,86.83,85.33,87.5,86.17,88.61,88.83,88.83,87,88.5,91.67,87.17,88.5,85.17,87.48
83.61,89.33,84.5,84.5,85,84.56,90,89,84.17,85.5,85.17,89,84.33,87.5,86.15
85,91,86.17,89.5,86.17,85.39,89.5,84,86.33,84.5,86.33,90.17,84.5,84.67,86.66
88.5,88.17,87.5,90,84.67,86.89,86.67,85.83,83,83.5,86.83,86.17,86.33,84.67,86.34
87.56,85,90.5,82.75,90.67,84.5,89,85,89,84.5,81.83,89,84.67,90.5,86.75
88.78,86.17,84.17,86.5,89.33,85.78,85.33,88.33,86.83,86.67,81,84.5,90.67,86.83,86.49
87.39,90.67,87,90.5,82.83,90.56,89.17,85.83,87.83,83,84.67,89.33,87,89.83,87.54
91.39,85.67,85.33,83.25,80.17,84.06,86.67,87,87.33,86.67,83.17,83.17,88.5,85.17,85.54
87.94,83,91.67,81.25,86,86.11,88,89.67,84.33,87,85.17,83,87,87,86.22
86.44,86.17,90.17,90.75,84.83,82.61,81.83,86.17,89.17,89.17,89.33,89.67,87.33,83.83,86.96
85.39,87,87.83,88.25,91.17,87.78,87.67,86.67,80.17,85,89.67,83.83,86.17,83.17,86.41
89.11,85.17,84.33,86,88.83,80.56,88.5,92.17,83.83,86.17,89.17,88.17,86.17,84.5,86.62
85.78,85.17,83.17,87.75,88,84.17,87.17,90,86.17,88,83.5,89.5,86.5,83,86.28
88,89.5,84.33,85.75,82.17,87.5,85.67,88.67,86.17,85.67,86.5,87.5,84,88.83,86.45
85.33,84.5,87.67,84.5,83.5,87.11,86,85.67,90.33,86.33,87,88.5,87,81,86.03
86.17,85,86.33,87.5,90.5,89.56,83.67,92.33,89.5,83.33,87.67,87.67,83.17,83.17,86.83
88.33,85.67,85.5,89.5,88,87.89,85.33,83.5,88,87,86.83,83.67,85.83,84.83,86.42
82.56,81.33,87.33,88.5,86.33,84.72,87.17,90.67,88.67,83,86.83,92.5,86.5,82,86.29
87.33,84.83,91,79.25,87,91.28,86.17,82.67,88.5,86.83,84.5,90,89.67,85.17,86.73
88.39,83.33,86.5,84.25,87.33,89,85.5,88.83,92,86.17,90.67,81.5,84.17,85.33,86.64
83,91.67,87.33,85.25,82.17,83.61,89.67,86.17,89.5,91.17,82.33,90.5,87.5,86.67,86.89
82.72,82.33,86.83,81.25,90,83.17,89.67,86,86,89.67,84.83,84.17,86,86.5,85.65
86.11,89.83,87,81.25,85.33,85.78,85.17,78.83,86.83,82,82.67,89.67,88.17,87.33,85.43
88.89,84.83,83.83,84,79.67,84.67,85.17,85.83,89.33,86.5,87.83,85.67,87,86.17,85.67
83.44,89,84.5,85.25,82.33,82.94,85.83,83.83,87.83,88.83,89.5,89.17,85.67,86.83,86.07
89.78,85.17,83.83,87.5,87.33,84.94,86.17,88.67,87.33,79.67,92.83,86.33,87.5,85.67,86.62
90.06,88.33,87,87.5,90.33,85.33,83.67,95,82.83,87.33,86,85.83,91.33,89.17,87.84
86.67,89,82.5,91.25,86.17,87.67,86.17,81.5,83.5,82.67,85.83,86.83,85.5,84.83,85.72
86.39,89,88.67,86,86,80.28,81.67,90,88,90.17,90.83,81.17,84.17,89.67,86.57
85.61,84.83,87.33,88,86.33,85.72,84,85.5,83.5,87.33,88.17,87.17,85.33,90.67,86.39
90.22,87.67,86,85.25,88,86.94,82,88.67,84,86.5,84.33,87.33,86.33,83,86.16
84.94,85.5,90,86,88.83,88.67,90.67,88.5,82.83,83.17,87.5,84.67,87,83.67,86.57
84.22,83.83,85.33,85.25,89.67,85.22,89.5,91.5,87.33,84.83,87.67,87.67,84.5,90,86.89
90.06,86.33,88.33,86.5,88.83,88.17,86.17,86.17,88.17,86.83,83.33,86.33,83.33,92.67,87.23
85.5,87.5,87.17,85,89.5,89.5,87,84.67,85.33,84.17,90,88,86.83,82.67,86.63
88.44,88.33,83.33,89,84.5,84.39,90.33,87.33,88.67,86.17,90.33,87.67,89.5,87,87.5
86.06,89.83,85.33,86.25,89.5,91.67,82.83,86,88.83,90,92,80.17,88.33,88.33,87.51
86.5,86.83,85,85.75,87.67,86.56,86.33,87.83,87.17,84.67,83.67,84,86.33,85.83,86.01
83.06,91.33,84.17,88.75,86.83,89.33,85.67,91,85.33,86,87.67,90.33,90.83,82.67,87.36
82.67,85.33,92.83,83.5,89,82.72,83.67,85.33,88.83,83.5,89,85.33,89.5,89.17,86.46
86.06,88.5,85.83,87.75,87.5,86.06,86.17,87.83,83.33,84.67,89.5,82.67,88.67,81.17,86.12
89,89.5,87,84.75,90.33,91.78,88.5,80.67,82.17,90,84.5,88.5,83.5,91.5,87.26
84,85.33,83.17,84.25,88.5,82.11,84.83,83,85,85.17,83,87.33,89,85,84.98
85.06,83.5,86,88,85.5,88.39,89.17,83.83,83.33,85.17,90.17,85.17,86,91.5,86.48
85.56,84,84.5,91.25,85.5,85.39,86.5,87.67,89.17,84.17,86.33,89.33,87.33,90.17,86.92
83.94,88,85.5,85.25,93,88.11,90.17,85.67,83.5,83.83,84.5,90.33,88.33,88.17,87.02
84,88.67,89.5,88.25,87.17,90.39,91.33,83,83.67,84.83,90.17,86.33,87.67,90.33,87.52
83.67,87,88.33,87.75,81.33,86.39,85.33,85.33,87.83,79.17,88.17,86.33,88.33,89.5,86.03
85.61,85.67,90.5,90.5,88.67,86.39,82.5,81,85.83,84.5,89.83,85.17,84,90,86.44
87.33,86.33,86.5,85.5,82.83,86.94,87.83,82.67,79.17,84.67,85.67,83.83,81.5,84.83,84.69
85.83,86.33,90.33,83,85.33,90.56,89.33,88.67,85,84.67,82.33,85.5,84.17,87.33,86.31
92.72,85.17,85.83,90,88.17,87,85,84.83,84.33,86.33,84.5,92,87.17,90.83,87.42
83.56,88.67,86.83,85.25,83.33,87.11,84,87.5,83.67,80.17,87.5,82.33,86.17,90.5,85.47
83.22,84.5,88.83,88,91.33,88.28,87.83,86.83,88.17,82.67,85.67,90.5,89,84.17,87.07
86.17,88.67,88.33,82.5,88.67,87.28,82,90.5,87.33,83.17,83.67,87.33,87.33,82.33,86.09
89.11,87.17,84.83,85.25,85.17,85.89,88.5,84.33,87.17,86.33,85.5,86.33,88.83,88.5,86.64
86.94,82.67,85.17,85,82.83,93.61,90.17,86.17,86.83,88.33,85.67,87.17,87.5,85.67,86.69
85.83,86.67,86.17,88.25,82.5,89.06,85.17,86.5,85.83,86.33,87.67,86.17,85,82.5,85.97
90,84.67,87.5,85.75,89,81.78,91.83,85.17,84.83,88.17,78.67,87,85.17,86,86.11
85.39,89.83,87.17,92.75,80.83,88.78,84,87.33,88.5,86.67,85,91.17,90.67,85.33,87.39
80.61,85.33,88.5,89,84.17,89.56,88,86.67,90.83,92,84.67,85.17,85.17,90,87.12
86.5,83.33,88.5,88,86.83,84.83,83.83,90.33,85.5,80.5,91,89.67,86.5,88,86.67
89,85.17,87.83,78.75,88.33,88.83,85.83,85.67,87.33,85.17,87.67,84.33,85.17,89.33,86.32
87.44,87.5,90.33,85.25,88.83,89.22,90.17,89.17,88,86.17,83.5,88.67,89.33,86.83,87.89
87.89,83.17,85.17,82,87.33,85.39,84.17,83.17,88.83,83.17,88,87.83,89.5,91.5,86.22
87.17,82.67,80.83,86,80.67,87.61,89.67,87.83,88.83,85.17,89,81.5,88,84.67,85.69
82.56,90.33,91.33,89,87,86.78,86.17,86.17,88.33,78.67,84.83,88,90.17,82.33,86.55
83.39,87.33,82.67,85,85.17,83.44,84.67,86.33,92.33,92.67,87.5,88.67,87,86.33,86.61
90.39,86.83,87,88.25,86,87.89,85.67,86.83,85,89.17,88.5,88.33,85.17,88.83,87.42
90.83,85.5,91,88,87.5,86.56,87.67,85.83,83,82.67,83.17,86,86.17,88.83,86.62
87.67,87.33,83.33,90.5,84.17,90.78,85,85.5,85.17,86,84,89,83,82.5,86
87.61,87.5,83.67,94,90.67,89.06,86.33,85.33,85.83,87.67,83,91,88,90.5,87.87
83.56,85.83,86.67,82.25,90.67,85.83,86.5,87.17,84.67,83.33,89.33,91.33,81.33,81.67,85.72
87.89,88,82.33,86.25,83.17,83.56,83.17,86.67,80.83,85.83,88.5,84.67,87,80.5,84.88
89,90.67,82.33,84,88.17,91.89,87.83,88.17,89,89.33,83.67,85.83,85.33,88.83,87.43
84.56,87.67,87.67,89.75,84.17,86.44,89.5,91,85.33,84.5,86.33,86.33,85.67,91.17,87.15
84.39,89.5,90.67,89.25,84,86.67,91.67,88.33,87.33,82.33,83.67,87,88.5,86.67,87.14
81.33,90.17,85.67,86.75,82.17,91.17,86.17,81.83,84.17,89.67,80.33,86.17,83.5,87,85.43
87.67,86.5,80,85.75,87,85,84.33,84.5,88,86.83,88,89,83,89,86.04
90.39,88.17,83,92,91.33,89.06,84.5,87.33,85.67,86,84.33,87.83,86.67,86.17,87.32
83.83,87.67,84,86.5,80.33,88.17,92.33,89,85.17,89.67,82.5,93,82,88.83,86.64
85.72,84.83,87.83,90.25,82.33,81.94,85.5,84,84.5,82.17,87.33,88.17,89.83,88.33,85.91
91.11,86.83,82.67,92.5,82.33,88.67,88,91.67,87,91.5,85.83,83,85,87.33,87.39
88.89,85.5,86.83,87.5,88.5,90.22,87.33,90.33,89.67,93.33,82.17,89,86.67,87.67,88.12
88.22,91.67,89.83,90.75,84.17,85.5,85.83,84.67,92,88,85,89.5,83.83,86.5,87.53
83.56,84,86.83,89.25,82.5,87.56,88.67,87,82.83,86.33,83.83,82.67,83.83,89.33,85.59
83.78,93.17,86.17,84,86.5,88.94,83.67,86.67,82.17,83.17,88.33,82,89,89.17,86.19
86.28,84.83,89.5,86.5,88.33,88.22,85.67,90,85.67,86,85,83.83,92.83,90.5,87.37
89.94,87.17,86.67,87.25,86.67,88.61,82.83,87.5,81,87.33,83,85.83,83,87.5,86.02
85.5,85.83,89.83,79.25,84.67,87.78,87.83,88.5,87.5,89.83,79.17,85.83,86.17,84.33,85.86
88.28,87,85.67,89.5,87.17,85.89,87.17,86.83,85.67,85,87,89,91.83,82,87
85.22,86.83,84,82.75,87.83,85.61,88.5,86,89,85.5,91.83,81.17,87.83,86.5,86.33
83.11,86.5,85.67,78.5,83.33,83.72,87.67,82,81.17,85,87.17,89.67,89.67,84,84.8
90.06,83.33,83.83,83.75,85,90.78,86.33,92.5,84.67,87.83,88.17,84,85.17,85.5,86.49
90.33,81,86.17,87.25,81.67,86.44,92.33,88.83,89,87.83,85.33,85.17,88.67,86,86.86
86.11,88,85.5,87.25,91.33,83.06,86.5,88.83,85.33,90.17,91.33,84.83,84.67,85.67,87.04
91.17,87.5,87.67,91.25,88.83,91.83,83,85.33,81.5,90.17,86.83,82.33,89.83,88.67,87.57
91.28,94.5,87,88.75,84.33,85.11,87.67,84.5,92.17,82.67,82,87.5,90.5,88.67,87.62
88.39,83.33,80.67,86.75,87.67,85.83,84.5,83.67,84.83,86.17,86.17,87.33,86.5,88.33,85.72
89.5,88.5,83.83,93,81,86,87.33,89.83,86.67,86.83,83.83,90,90.17,85.17,87.26
87.61,85,82.17,86.5,89.17,81.61,86.67,83.67,88.33,87,89,85.17,91.67,80.5,86
88.67,84.33,85,86.5,87.83,86.56,83.67,85.5,93.67,90.5,89.17,84.5,82.83,82.83,86.54
87.61,90.67,85.5,88.75,86.5,88.44,82.33,87.83,88,86.83,92.17,85.5,90.67,91.5,88.02
80.72,83,92.17,85.75,86.83,90.33,86.17,84.83,85.67,89.83,79.67,85.5,88.33,89,86.27
83.17,83.5,93.17,88.25,87.17,88.72,81.5,83,86.83,84,88,90,81.83,83.67,85.91
89.44,83.67,82.83,94,86.17,87.67,84.83,86,88.83,86.83,84.17,81.5,84.5,93.67,86.72
87.5,84.83,88.5,80.25,84,88.11,86.17,87.83,85.17,88.67,87.33,84,86.83,86,86.09
84.61,88.83,84.33,86,88,87.5,83.5,88.17,84.67,89.17,87.67,85.83,83,83,86.02
88.17,85.17,80,87.25,84.83,88.89,86.33,90.17,83.17,89.33,86.5,87,83,81.67,85.82
86.83,92.17,86.67,80.75,86.17,81.72,86.83,87.17,83.33,83.33,88.5,84.83,87,87.33,85.9
84.17,89,88.67,86.5,81.33,83.67,86.17,92,86.5,82.83,83.17,85.5,87,90,86.18
84.83,87,88.5,86,88,85.39,85.17,84.33,92.33,89.17,91,83.83,89.33,88.33,87.37
89.78,89.33,88.5,85.5,82.5,84.72,84.83,81.5,90.83,85.67,84.5,84.33,89.83,83.33,86.08
91.67,81.33,88.83,80.75,83,88.67,90.33,85.33,88.5,87.17,85.33,87.17,86.17,87,86.52
85.11,84.17,83.67,91.75,84.17,90.22,87.33,81.17,85.33,93.17,90.33,81.5,88.33,84.83,86.51
81.83,79.33,83.5,79.75,84.83,86.89,83.5,86.33,80,84.5,82,82.83,81.33,86.5,83.08
88,85.5,90.67,87.25,89.83,83.72,88.17,91.17,83.17,90.83,87.33,87,85.17,85.83,87.4
84.44,84,83.83,85.25,85,87.78,83.5,89.17,89,88.67,83,80.33,91.67,85.83,85.82
84.72,84,84,82,83.83,86.06,88,89.5,87.5,88,91.67,89.5,84.5,84.33,86.26
83.89,85.5,82,86.25,83.83,83.83,87,79.17,87.67,83.33,80.67,86.5,86.5,90,84.72
86.06,85.33,88.5,89.5,86.17,82.78,82.67,87,85.83,86.83,88.83,85.67,88.67,83.67,86.25
84.22,86.83,84.83,91.5,86.17,87.72,85,87.83,85.33,81.17,88.33,90.17,85.5,90.33,86.78
87.56,80.83,81.5,93,86.67,80.5,89.17,91.67,79.67,86,89,86.33,81.17,86.67,85.69
86.33,84.17,87.67,85.25,90.17,85.11,88.83,81.67,86.17,83.5,84.17,83.33,87.5,83.33,85.51
86.33,85.5,82.5,89,85.67,87.11,82.67,91,89.33,88.67,87.67,84.5,83.5,85.67,86.37
86.28,88,86.67,87.5,89.67,86.56,89.67,88.17,87.83,87.5,83.33,88.33,88.83,90.33,87.76
92.61,89.5,85.83,86.25,85.83,87.17,82.83,82.67,85.5,86,88,86.17,89.33,85.67,86.67
90.28,84.33,89.83,88.75,82.67,88.67,85.5,84.67,89,91.83,82.33,85.5,85.83,86,86.8
83.17,85.67,88.5,93.25,81.33,84.89,86.5,85.67,89.17,86.33,91.33,84.33,84.33,91.33,86.84
82.28,89,85.17,86.75,89.5,83.39,84.83,89.67,88,88.83,87.17,80.17,92.83,84.5,86.58
85.44,83,89.33,94,85.33,85,84.83,85.33,88.17,83.33,84.83,86.33,85,87.5,86.25
84.89,85,89.33,89,90.17,91.06,85,84.33,85.5,82.83,84,82.67,89.83,85.5,86.37
87.22,91.17,81.67,86.25,82.67,88.28,83.83,86.83,90.17,80.67,87.33,87.33,87.17,86.5,86.22
83.33,82.83,86.17,82.25,82.67,87.17,86.83,88.33,84.33,85.5,88.33,83.67,88.67,87.33,85.53
83.94,91.17,83.5,81.75,83.33,82.44,87.67,93.67,87.5,91.17,86.17,89,85.5,82.67,86.39
88.5,89.33,81.33,92.75,86.5,87.61,87,88.5,81.33,86,89.17,83.83,88,89,87.06
87.78,85.83,85,82,84.33,84.56,86.17,85.83,87,82,86.83,87.33,82.33,87.33,85.31
86.11,88,83.17,89.5,83.83,88.11,88.67,87.33,89,80.33,87.67,86.33,90.83,87.5,86.88
86.83,91,83.33,81.5,86.5,83.83,88.67,89,90.33,85.5,84.67,82.83,87.33,91.17,86.61
88.89,87.33,85.17,88.75,86.17,87.44,87.67,89.67,86.17,83.83,88,85.33,88.5,82.67,86.83
89.39,85.5,86.33,87,84.67,86.78,87,86.33,88.17,86.67,88,80.33,87,85.67,86.35
85.39,86.5,80.83,84.75,82.5,88.67,87.17,83.83,86.17,86.33,84.67,91.17,83.83,88.17,85.71
83.94,85.67,89.67,91.25,86.5,89.06,89.33,87.83,84.83,84.5,89.17,85.5,84.17,89.67,87.22
84.06,81,86.83,87.25,86,88.5,87.33,88.83,89,85,83.83,81.67,83,84.33,85.47
83.72,91.5,85.67,84.5,89.17,86.5,87.67,85.5,88.33,85.33,80.67,86.33,84.67,87.67,86.23
85.56,86.17,88.33,87.5,85.17,81.89,84.5,87.5,87.5,85.17,84,91,89.83,86.67,86.48
86.11,86.33,88.67,88.5,84.33,88.94,85.33,84.5,87.5,83,85,88.5,86.5,86.67,86.42
84,89.67,83.83,83.25,82.5,86.39,83.5,93.5,89.67,91.17,87.5,82.67,82.67,89,86.38
86.06,92,87,88.25,87.67,84.89,89.83,86,85.33,83.17,86.17,88.67,82.67,85.17,86.63
84,87.5,85.17,86.25,82.5,87.72,91.33,92.17,87.33,86.83,86.33,83.83,85,86.67,86.62
89.11,85.83,87.5,86,86,83.17,88.67,87.83,84.5,87,87.17,88,87.5,81.83,86.44
86.56,87.17,82.83,88.75,89.83,90.17,88.67,83.83,81.67,89.17,84.83,88,88.33,88.83,87.05
83.06,88.67,85.67,87,91,87.22,79.33,92.5,87.33,88.17,83.83,88,89.67,90.33,87.27
90.22,85.5,86.5,84.25,85,86.17,82.83,86.67,80.33,92.17,87.17,88.67,87.67,83,86.15
85.44,91,90.17,89,93.17,87.83,87.17,87,81,87.67,82.83,85,85,87.5,87.13
88.17,83.83,82.17,90.25,84.5,81.56,84.83,85.83,83,85.33,83.67,85.5,85,86.67,85.02
86.89,82.5,87.67,85.5,81.17,87.22,85.17,84,89.17,83.67,82.83,83.67,88.83,88.33,85.47
81.22,87,89.67,83.25,85,86.94,86.5,87.5,85.67,84,81.67,91.67,88,83.33,85.82
91.39,82.83,87.5,86.75,85.83,84.39,84.83,89.17,90,86.83,87,88,88.67,88.67,87.28
80.06,85.33,86.33,85.75,82.67,83.06,87.17,83.83,86.67,89,86.17,90.83,81.33,85.5,85.26
88.28,85,85.5,87.5,89,86.22,82.5,85.67,87.83,85.67,84.33,91.33,80.33,85.83,86.07
89,88.83,87.67,94.25,90,85.61,84.17,85.33,84.83,85.67,81.33,90.83,82.83,81.33,86.55
92.06,86.67,82.5,83.25,83.17,81.89,83.17,86.67,94.83,87.33,88,85.83,88.67,93.17,86.94
92.17,91.67,89.5,89.25,91.17,83.11,86,86.33,84.83,84,87.67,84.83,88.17,79.33,87
81.61,88.83,87.83,92.5,87.5,85.06,87,90.17,82.33,87.67,88.33,91.67,87.17,92.5,87.87
88.11,83.83,85.83,94.25,91.83,83.94,85.83,87.17,87.67,87.33,88.83,84.33,84.33,89.83,87.37
89.44,87.67,86.67,90.75,85.5,83.5,86.33,85.67,86.5,86.17,89.33,89.83,88.17,90.83,87.6
86.67,87.83,85.17,79.75,90.67,83.11,84.5,88.5,88.33,86.17,82.5,94.33,84.83,84.17,86.18
86.67,88.83,89.5,88.75,90.17,86.89,86.83,87.67,90.5,87.5,88,86.17,86.17,82.5,87.58
86.33,82.5,77.83,89.25,84.83,82.83,90.17,85.33,85.83,83,84.17,91.33,80.17,87.33,85.07
86.33,88,82.83,88.5,84,85.67,90.5,92.17,86,84.5,81.83,87.33,85.33,89.33,86.6
84.89,87.83,83.5,87.25,87.5,84.94,87,90.67,89.33,84.5,87,85.17,86.83,91.5,86.99
82.44,90.17,88.83,85.5,84.5,83.44,85.33,81.17,83.33,87.33,81.17,84.33,88.33,85.67,85.11
88.83,85.33,88.5,82.75,88.33,84.83,83.33,82.83,86.33,85.33,88,89.17,89.67,89.83,86.65
82.06,83.5,81,80,85.17,87.22,87.83,84.5,86.5,88.67,86.67,87.5,80.17,87.5,84.88
92.28,89.17,82,88.75,81.17,86.56,85.5,87.17,88,85.67,83.83,85.67,81.67,86.5,85.99
89.94,90.33,88.17,88.25,92,85.89,81.67,84.67,82.67,80.5,84.83,85.17,79.83,87.67,85.83
85.89,79.17,83.67,89,85.33,84.72,82.67,87.17,90.17,88.33,85.83,91.83,78.67,88.33,85.77
87.11,88.17,92,83.75,83.83,88.94,87.67,79.5,87.83,78.83,89.17,86.83,88.17,88.67,86.46
86.06,85.33,86.5,81.5,80.67,86.28,85.83,85.67,83.33,84.5,90.67,88,82.67,82.5,84.96
84.11,88,86.5,87,91,88.61,87.83,88.67,84.17,83.5,88.5,84,89.5,85.5,86.92
81.83,84.67,85.67,87.75,86,89.56,82.83,83.83,89,82,84.17,85.83,84.67,85.67,85.25
85.83,86.5,87.67,79.25,87.17,87.39,87.83,83.67,87.5,88.67,90,83.5,83.83,87.5,86.16
88.61,87.5,80.17,88,86.33,89.44,89.5,85.17,89.17,85.83,88.17,84.83,86.17,88.67,86.97
88.78,87.83,87.67,82.5,85.67,91.22,90,90.83,83.67,83.5,82.17,83.17,83.33,86.83,86.23
88,90,88.67,88.25,82.5,87.5,88.5,84.5,79.67,81.33,88,86.17,87.33,84,86.03
84.94,88,83.83,89.5,93,87.39,86.5,83.67,87.5,81.17,86.67,89.67,90.33,87.5,87.12
85.78,82.83,90.67,83.5,85.33,86.89,90.33,85.17,84.17,86.67,86.67,90.17,80.83,85.5,86.04
86.89,83.83,84.67,87.75,88.17,87.61,83.67,84.67,82.83,85,83.83,88,81,80.33,84.88
91.56,90.5,81.83,87.75,87.5,87.17,88.33,87.33,88,89.33,85.17,83.5,85.67,88.33,87.28
87.28,89.33,82.83,88,83.67,90.17,85.67,89.5,85.17,89.67,86,89,86.83,85.17,87.02
85.72,90.33,85.17,84.75,87.67,91.44,84.5,83.67,87.67,92.17,80.83,89.83,88.83,82,86.76
89.78,87.33,88.83,88.25,90,86.28,86.67,79.67,88.67,90.33,86.17,87.83,90.5,85.33,87.55
90.61,81.83,91.33,87,87.17,86,86.5,85.83,87.33,87.17,90,85.67,82.5,89.5,87.03
89.28,85.33,89.83,84,85.5,80.94,88.67,84.17,85.83,83.67,86,85,84.83,87,85.72
90.33,83.17,88,83.5,85.5,81.44,83.67,80.67,91.17,84.17,85.83,86.5,86,85.83,85.41
88.94,87.33,86.5,88.5,86,85.56,86.83,85.33,90,85.67,84.67,90,85.67,87.67,87.05
85.22,92,85.5,86,87.5,83.5,87.83,90.67,84.5,85.17,87,85.83,83,84,86.27
88.28,87.17,88.33,86.75,85,85.28,83.17,82.5,89,83.17,90.5,84.33,90.33,91.17,86.78
84.44,84.5,89.5,88.25,83.5,87.56,85.17,93.5,85.17,88,88.83,88.67,91.17,87.83,87.58
89.22,90.67,87.33,88.25,91.67,85.83,86.5,90.67,83.83,86.5,86.5,89.83,85,86.33,87.72
90.44,83.83,88.83,79.75,88.5,92.89,86.17,87.17,87.5,84.17,87.17,86.5,83.17,87.5,86.68
89.33,87.33,83.33,95.25,84.17,85.61,82.5,81.83,88.5,86.67,86.17,86.33,83.67,83.33,86
90.06,88.17,85.5,87.5,83.17,91.44,86.5,85.67,91.17,93,91.83,87.67,85,89,88.26
86.33,83,88.83,89.25,88.83,81.89,82.5,91.33,87.33,82.83,86.17,86.5,87.33,89.5,86.55
88.17,87,84,90.75,85.5,85.89,87.5,86,86.83,83.33,80.83,83.83,89,85,85.97
88.94,92.33,88.33,89.75,90.83,85.39,82.17,84.33,88.5,86.5,86,90.5,81.83,89.17,87.47
91.44,87.5,88.5,83,82.67,85,88.83,84.33,84.17,86,92.5,84.83,92.33,88.5,87.12
82.94,87,90.33,87,86.5,85.44,89.83,89.67,83.17,87,89,86.83,83.17,86,86.71
88.89,85.17,87.5,88.25,87.67,88.39,81.67,85.17,90,83.17,84.67,87.33,88.5,85,86.53
88.61,88.83,84.17,88.25,82.5,89.39,84,85.5,88.17,87.83,84.5,85,92.5,88.67,86.99
87.78,85.17,86.5,90,89.5,83.06,89.83,88.33,86,86.67,86.5,88.83,83.17,90.83,87.3
88.22,82.5,87,85.5,86.83,81.33,87.17,88.17,83.83,83.83,86,86.83,88.33,81.33,85.49
88,91.5,89.5,89,87,88.5,83.33,83.67,89.17,84.83,87.67,92,86.5,94,88.19
83.83,87.5,84.83,88.25,84.67,91.17,87,87.67,83.83,79.5,86.67,85,86,81.67,85.54
88,90.17,90,80.75,86,89.22,87.33,85.5,84.5,83.17,82,85.67,84.5,84.67,85.82
87.78,88.33,91.67,80.25,89.5,90.83,88.83,84,87,86.83,83.83,91.83,84.67,89.33,87.48
88.56,88.67,85,84.75,86,85.94,87.5,87,82.33,82.83,88.17,87.5,87.5,83.5,86.09
84.5,86.33,87.5,87,82.5,86.61,87.67,86.17,86.33,84.33,90.17,83.5,85.67,84.33,85.9
87.11,84.67,85.17,84.25,85,87,86.33,82.67,87.83,83.17,87,84.83,91,91.83,86.28
88.28,90.17,84.67,83.75,89.33,86.94,86.33,85.5,86.33,88.67,85.5,83.5,89,88.5,86.89
86.33,87.33,89,94.25,87,84.11,76.67,88.83,88.17,86.83,83.83,88.83,86.17,87.83,86.8
84.67,89.67,87.33,88.5,86.83,92.89,89.33,88.83,87.33,90.17,83.17,89.33,84.17,89,87.94
88.22,84,87.5,90,84,88.33,84,88.83,86.67,89,87.17,80.17,88.17,85,86.5
85,86,86.67,82.75,89,85.94,85.33,92.17,88.17,82,89.5,91.5,84.5,82.67,86.51
83.83,91.5,83,83.25,87.67,89.33,86.83,85.33,89.5,83.33,88.5,86.17,86.17,79.33,85.98
90,83.33,80,88.25,84.83,87.5,81.5,88.67,85.83,85,87.67,87.83,87.17,83.5,85.79
85.67,82.5,87.5,80.25,89.5,88.67,85.17,88.83,86.17,87.83,86.67,91.5,86.67,83,86.42
87.06,91.83,87,92,87.5,89.39,83.33,89.17,89.67,89.33,90.17,88.5,88.33,88.5,88.7
86.5,88,85.33,88.5,82.67,89.61,88,83.83,85.67,86.17,83.17,86.5,83.5,89.83,86.23
88.28,84.67,84.5,89,86.83,86.56,85.83,89.33,81,84.17,83.17,85.33,89.67,88.33,86.19
87.67,86,84.83,92.5,83.67,86.56,79.67,84,84.33,83.33,86.67,89.67,81.67,84.5,85.36
82.44,88,82.67,84.75,92.33,85.44,87.83,87.33,86,84.5,79.83,91.67,86.67,83.33,85.91
87.17,87,89.33,88.5,83.17,81.83,85.33,86.83,83.83,88.33,89.83,91.5,85.67,87.33,86.83
85.89,84.33,85.17,83.25,85.5,87.5,91,85.83,87.67,83.33,92.33,90.17,86,83.5,86.53
89.28,86.33,89,82.5,84.83,94.5,82,82.5,90,92.67,90,92.17,80.17,87.67,87.4
89.72,87.83,85.33,83.25,81.5,88.78,91.5,88.17,85.5,88.67,83.67,90.83,87.5,83.67,86.85
88.17,94.17,88.33,88,83.5,90.06,81.83,85.67,85.5,90.17,83.33,86.17,85.67,84,86.75
92.56,82,86,92.5,88,84.06,85,84.83,92.67,85,88.83,81.83,89.83,84.67,86.98
87.44,81.67,89,81,88.5,85,84.67,84.17,81.5,86.5,89.17,89.17,86.67,86.83,85.81
88.17,90.33,84.5,84,87.17,90.17,86.17,91,86.5,84,90,88,86.17,87.67,87.42
88.33,86.33,89.5,78.25,87.17,85.89,80.5,79.67,87.67,75.5,86.33,88.83,84.83,82.67,84.39
87.56,84.83,83.33,88.25,83,89.22,86.67,80.67,85.83,86.5,92.33,87,85.17,85.67,86.14
85.83,86.67,84,88,87.5,84.44,84,82.67,91.17,91.17,86.67,88.17,91.83,91,87.37
86.94,89.83,80.33,93.25,85.83,80.83,85.67,84.83,84.83,87.5,85.67,85.83,88.83,83.83,86
88.33,85.83,89.33,94,84.33,88.17,83.83,85,80.5,87.33,87.83,81.67,87.5,79.83,85.96
87.39,85.17,86.5,90.5,86.5,83.61,89.33,89.33,85,89.17,83.17,83,87,86.33,86.57
84,87.67,89.33,89.75,84.83,86.83,80.67,89,82.5,85.67,89,86.5,83.17,90.33,86.38
87.5,88.17,84,88,83.5,85.78,86,83.17,87.33,89.33,85.67,86,90,86,86.46
86.83,89.83,91.33,84.5,84.5,89.17,89.67,87.67,89.33,87.33,90.67,84.5,83,86.5,87.49
87.39,83.67,83.17,89.75,86.33,87,87.67,90.33,83,84.5,90.33,87.67,90.83,90.67,87.31
87.39,89.67,87.67,82.5,89.17,88.06,88.5,86,91.67,84.67,87.67,91.17,82.33,87.83,87.45
90.28,84.67,88.5,85.5,85.33,87.22,83.17,87,86,79.33,87.5,88,83.33,88.17,86
82,86.67,83,83.75,88.5,87.89,84.33,88.33,87.67,87,84.5,87.17,89.5,83.5,85.99
85.11,87,88.17,85.5,82.33,86.94,86.67,92.33,90,85.33,82.67,85.5,89,91.83,87.03
90.28,86.5,88,82.25,87.83,89.56,83.5,84.17,87.5,93.33,87.33,88.17,84.5,84.67,86.97
90.83,83.83,81.67,87,92.33,86.94,84.67,91.67,86.83,87,88.17,84.67,86.17,86.67,87.03
84.83,84.33,90.83,89.75,91.17,89.39,84.5,83.67,85.5,86.5,84.67,87.83,90,84.83,86.99
83.83,83.83,85.67,84.75,84.67,83.72,91,88.83,80,85.17,85.67,85,88.17,87,85.52
88.44,88.5,86.83,84.5,81.5,86.11,84.83,83.83,85.5,85.33,84.17,85.83,83.33,90,85.62
88.83,83.33,90.5,82,88,84.94,83,84,84.33,88.5,88,83,86.33,90.67,86.1
84.83,85.17,86.17,85.25,81.67,83.83,85.83,84.5,86,87.67,85.33,84.83,86.67,85.67,85.24
90.83,83.17,90.83,89,88.83,88.78,85,86.83,83.17,88.5,85.33,85,83,81.17,86.39
91.28,90.67,88.83,86.25,87,85.11,85.33,87.5,84.83,89.67,84.5,85.83,89.5,92,87.74
88.94,87.5,87.67,80,88.67,88.89,85.67,89.67,90.67,89.83,87.83,85.83,87.67,85.17,87.43
88,87.5,90,87.75,84.83,80.67,88,83.17,87.67,89.83,87.17,85.5,87.5,87.67,86.8
86.72,88.33,86.83,88,91.33,83.72,90.17,87.67,84.17,90.83,83,87.67,91.67,86.17,87.59
87.5,81,86.5,91.75,86.5,87.83,81.83,85.67,83.5,85,81.67,83.5,84.33,85.5,85.15
92.72,84,87.17,78.75,81.5,88.17,86.67,87.17,88.33,90.5,80.83,90.33,85.67,87.5,86.38
88.72,86.17,85.33,86.5,84.17,84.28,85.67,91.33,82.33,80,82.67,81.17,87.17,86.17,85.12
83.17,85.17,87.67,83.5,85.83,89.78,80.5,80.33,87,84.67,87.5,88.83,85,88.67,85.54
84.89,88.83,90.5,83.25,87,85.78,84,87.5,90.17,88,88.67,89.67,87.67,83.17,87.08
91.22,81,84.33,81.5,86.5,87.72,89,90.33,82,92.67,85.67,88.67,88.83,88.67,87.01
81,83.5,86.83,83.5,87.83,89.28,85.67,85.17,88,90.67,78.33,90.17,86.33,85.67,85.85
86.28,89.83,89.33,89.25,87.33,86.78,88.17,86.5,83,86.5,86.5,81.17,82.83,82.83,86.16
91.83,86,90.33,92.75,88.5,84.56,85.33,87.17,82.83,88.5,87.17,88,86.5,89.83,87.81
86.89,83,87.5,91.5,84.67,86.22,87.5,87.83,89.17,89,84.17,89.83,87.67,84,87.07
82.72,81.5,88.33,82,89,86.56,88.67,86.5,85.33,88.5,87.33,81.5,83.67,85.33,85.5
90.89,84.17,81.83,82,88.67,85.11,83.83,83,85.67,84.83,86,86.33,85.17,83.5,85.07
88.56,84.33,89.17,80.25,84.33,86.5,85.67,91.17,87.17,89.67,89.5,85.83,87.17,88.33,86.97
88.83,83,90.17,84.5,87.33,88.28,81.83,85.33,86.17,86,91.33,88,89.83,86.5,86.94
84.89,91,88,86,90.5,83.06,88.17,84.83,92.17,83.17,90,86.33,83.5,90.17,87.27
89.17,85.67,87.67,80.5,92.33,83.17,85.83,82,90.33,89.67,86.67,82.83,83.33,83.5,85.9
88.67,85.17,86.67,82.5,84.33,84.22,90.33,87.17,88.67,87.33,91.17,85.33,84.83,84.5,86.49
86.22,88.83,86,83.5,85.17,84.44,92.67,90.83,84.67,81.17,85.83,93,88.83,86.33,86.96
90.28,84.67,83,89.5,86.33,81.11,90.33,90,84.83,91.5,84.67,83.17,91.17,89,87.11
86.5,85.5,85.67,84,91.17,84.67,89.67,82.17,85,87.17,92.33,88.5,89,84.5,86.85
89.89,82.83,82,92.5,87.17,84.5,82.83,85.67,86.67,81.33,82.83,82.5,88.67,86.17,85.4
87.56,86.17,89.83,88,86.5,84.56,79.5,89.67,87.83,87,90.33,89.17,85,84.83,86.85
83.56,85,85.33,86.75,88,84.67,88.67,90.17,85,84.67,84.5,87.5,93.5,84,86.52
89.39,89.67,87.5,93.5,84,85.39,89,90.67,86.33,82.33,80.67,88.5,90.83,85.83,87.4
89.11,81.17,84.17,83.25,88.83,80.61,89,88.17,92,87.17,85.5,89.83,85,87.5,86.52
85.72,89.5,87.67,92.5,89,88.67,83.67,88.5,88.17,87.17,85.5,90.17,86.67,82.33,87.52
88.89,88.33,89.67,86,89.17,86.94,83.83,88.67,82.33,84.17,85.67,85.17,84.33,88.33,86.54
87.28,89,90.17,83.5,86.83,84.33,89.67,89.67,90.5,88.5,88.33,86.33,91.67,88.5,88.16
84.39,83,91,85.5,83.83,88.33,88.17,86.33,86.5,86,82.17,89.17,87.83,86.5,86.34
87.17,85.67,90.33,87.75,86.5,86.39,90.5,87.17,91.17,89.83,90.67,90.17,89.5,88.5,88.66
87.06,86.5,87,88.75,91.5,85.56,82,87.17,93.17,85.5,81.67,85.33,86.17,88.33,86.84
86.28,87.17,84.67,86,89.5,83.28,82.83,82.5,88,86.17,86,83.17,88.33,87.33,85.8
88.56,88.5,83.83,82.75,86.17,84.44,84.83,90.83,85.5,82,86.67,86.5,84,93,86.26
84.5,87,91,83.5,89,85.78,87.67,83.83,86.83,90.17,82.83,85.67,88.67,84.5,86.5
85.06,85,85.33,84.5,86.5,87,85.17,81.5,89.5,86.83,85.33,80.67,90.5,83.83,85.48
87.22,86.5,84.17,86.75,81.17,90.39,84,82.83,90.33,85.5,88,89,86.33,86.83,86.36
88.72,84.83,86.5,89,84.17,87.56,89.5,84.5,85.33,86.67,86.67,83.67,87.17,83.5,86.27
91.22,85.83,92.17,82,84.67,88.78,85.17,84,83.67,83,80.5,89.33,80.67,89,85.71
83.67,89.83,86.33,83.25,88.17,89.61,90.67,87,84.5,84.33,83.33,87.5,89.83,84.67,86.62
90,87.5,86.5,86,84.17,86.11,88,81.17,86.33,87.83,86.17,87,85.83,87.5,86.44
88.56,86.5,89.67,93.5,94,86.17,91.33,87.33,92.83,82.83,83.5,85.17,90.17,84.33,88.28
89.17,84.5,92.5,84.75,87,84,87.5,89.67,87.83,81.83,92.67,88.5,85,90.83,87.55
89.22,89.5,85.67,82.75,86.83,86.72,90.5,87,86.83,88,89.17,83.33,88.83,91.5,87.56
90.33,87.33,86.67,88.5,88,85.11,85.67,85.17,85.33,81.83,87.83,82.5,86,88,86.31
89.78,84,88,81.75,85,85.67,88.5,89.67,91.83,86.33,91.83,88.5,88.67,83.17,87.34
86.72,89.5,89,87.5,85,83.11,82.33,85.67,84,81.83,91.33,86,82.17,89.67,85.99
88.94,84.17,83.17,86,86,82.17,86.17,83.17,86.33,87.83,86,81.5,88.67,86.83,85.5
88.22,86,86.17,86.25,87.83,85.44,90.17,80.5,86.67,92.33,82.83,86.33,85.5,84,86.3
86.56,90.83,86.17,83,81.83,88.61,87.67,88.83,82.33,88.17,86.67,85.33,84.67,83.33,86
90,88.5,88.17,82,83.67,85.61,92.17,79.67,82,86.5,86.17,86,85.17,90.17,86.13
83.89,84.33,86.5,90,86.33,86.22,79,89.33,84.67,84.5,87.33,88.5,88.17,84.33,85.94
86.56,85.67,88.5,91.25,84,83.56,88,88.5,84.5,86.5,87.17,84.33,86.33,87.5,86.6
87.61,86.67,87.83,81.5,90.5,88.39,88,81.67,86.83,84.67,87.67,90,85.17,86.67,86.65
86.72,83.5,90.67,84,89.5,91.5,85.83,93.17,90.83,82.33,88.17,84.17,88,83.5,87.28
85.33,86.67,85.83,89.5,83.17,87.72,93.17,86.5,89.17,88,86,81.5,88.17,85.17,86.85
81.5,86.5,83.67,86.75,84.83,88.28,83.5,82.5,85.83,80,86.67,86.33,81.33,84.83,84.47
85.61,86.83,88.33,86,85.67,87.56,86.83,86.5,86.17,83.5,85.5,88.17,83.17,88.83,86.33
91.22,83.17,86,85.5,84.17,90.11,84,92.33,85.83,86.17,85,91.17,78.83,79.83,85.95
86.5,86.67,86.83,90,84.17,83.56,86.33,89,86.17,90,88.83,87,88.17,88,87.23
83.83,90.33,86.17,82.5,86.67,85.22,84,84.67,86.5,85.83,84,89,86,80.67,85.38
86.78,88.5,81.5,84.75,84.33,84.17,90,83.5,85.67,92,88.83,85.17,84.5,89.67,86.38
86.67,89.67,86.67,83,86.67,86,87.5,83,88.33,84.67,84.83,86.83,82.83,83.67,85.74
91.28,88.33,84.17,82.25,85.17,84.94,87.33,86.67,82.83,80.67,90,83.83,87.17,91.33,86.14
88.89,85.5,82.33,86.25,88.83,92.56,85.33,85.33,88.67,80.67,82.67,84.67,84.67,87.5,85.99
87.72,86.67,84,84.75,89.33,89.28,89.33,87,92.83,85.17,80.67,83,83.5,80.33,85.97
85.72,90.33,81.67,88.25,85.17,85.83,87.17,90,81.5,79.5,85.5,88.5,89.5,88,86.19
84.22,87,86.33,90.5,86.83,90.33,83.67,91,85.5,82.83,82.83,84.5,83.83,83,85.88
87.72,84,85.5,87.5,81.33,90.11,86.5,83.67,84.33,82.5,88.33,83.33,89.5,89,85.95
87.39,86.83,84.5,82.25,85.5,87.5,84.33,87.33,81.83,87.33,83,85.67,86.33,90.33,85.72
84.94,88.67,85.17,90.5,80.67,87.44,88.5,83,86,94.17,83.67,86.83,85.33,88.5,86.67
87.33,87.5,88,93.25,82.17,84.89,86,87.83,86,83.83,88.17,83.67,90.17,84,86.63
86.94,86.17,89.17,78.75,82.17,86.11,79.67,88.5,88.5,86.33,90.83,87.83,89.5,79.67,85.72
86.72,84,86.67,93,86,88.06,86.83,86.67,87,84.83,88.67,86.33,85,87.83,86.97
88.83,91,87.33,87.25,84.17,88.5,84.5,92.17,83.67,86.33,88.17,86.67,87.83,90.33,87.62
84.33,85.67,91.17,89.75,88.5,85.89,85.67,90.67,89.5,92.67,89.83,85.67,86.17,82.67,87.72
84.72,84.17,86.5,93.5,86,85.5,80.33,86.17,87.67,88.67,83.83,89.67,85.33,87.33,86.38
84.06,82.33,92.17,82,87,81.67,86.17,91.67,83.83,84.17,90.33,89.33,91.5,84.33,86.47
91.72,83.33,87,85.5,87,88.17,91.33,85.5,84,86.67,87.67,88.33,85.33,85.33,86.92
82.28,86.33,89,86,90.5,89.67,89,87.33,85.33,88.67,82.67,82,83.67,89.67,86.58
88.28,86.67,83,84.5,89.5,83.11,84.67,82.5,86.17,81.17,93,84.5,87.33,86.5,85.78
89.72,84.17,87.67,86,87.83,90.78,84.67,90.67,83.67,84.17,92.5,87,83.17,89.83,87.27
83.39,86.5,85.17,84.25,90,85.44,86.17,82.33,86.83,84.83,88,82.17,89.33,88.67,85.93
90.06,91.33,87.83,87.75,89,86.94,86.83,87.17,84.17,89.83,88,86.83,86.67,83.83,87.59
86.39,88.67,85.17,86.25,87.33,84.94,89.5,93.17,85.5,80.5,87.17,84.17,85,90.67,86.74
85.28,85.5,83.83,83.75,81.33,83.39,86,83,85.33,91.17,83.5,91.83,87.17,85,85.43
86.78,85.5,87.17,88.25,82,88.22,84,93.5,90.17,84.5,87.17,86.83,86,87.33,86.96
89.06,91,84.67,87.75,90.67,85.67,88.17,86.67,86.83,79.83,86.17,86.17,90.33,83.17,86.87
89.11,82.5,85.5,90,81.83,90.39,86.33,89.17,86.17,87.83,86,83.83,90.17,84.67,86.68
86.56,81,84.67,92.5,84.33,82.44,85.33,88.5,87.67,82.5,82,85.5,88.33,83.5,85.35
92.33,89.33,85.33,90.75,84.83,88.39,86.33,89.67,86,86.5,90.5,85.67,87,85.5,87.72
93.22,80.5,86.17,86.25,85,85.94,85.33,89.67,89.67,91.83,85.17,79.67,90.33,84.5,86.66
86.83,88.83,89.33,81.5,89.17,81.28,85.67,84.33,85.33,84.67,89.33,85.67,87.17,87.17,86.16
82.94,84.67,84.67,87.25,88.33,87.39,86.67,88,83,89,86.5,89.17,89,86.33,86.64
83.22,84.17,90.17,86.5,82.17,86.28,87.67,88.33,82.67,90.33,87.17,88.83,89.67,81.17,86.31
86.28,86.83,85,85.25,88.5,84.89,81.5,83.33,86.83,85.17,83.83,88.67,81.17,87.5,85.34
86.28,89.67,84.83,80.25,89,84.83,87.17,87.17,84.17,87.5,81.5,88.5,85.83,85.33,85.86
84.78,85.5,83.33,89.5,84.83,80,83.83,91,83.83,90.33,85.67,82.17,90.83,90.17,86.13
85.83,87.17,85,82,85,87.78,84,85.67,80.17,86.33,84.67,85.5,87.67,83.33,85.01
85,88,81.83,80.25,86.17,89.17,89.5,87.83,84,91.33,82.17,88.83,88.17,86,86.3
89.67,80.5,86.83,85.5,87.83,84,90.33,86.33,91.17,89.5,83.33,87.67,86,91.5,87.15
89.83,84.83,82.5,91,90.33,84.44,85.33,88.17,84.67,90.17,83,86.83,88.33,84.17,86.69
84.39,90,86.17,81.25,86.17,94.61,86.5,85.17,86.33,87,87.83,83.5,84.33,82.83,86.15
85.5,87.67,89.33,85.75,86.83,86.22,85.5,84.5,88.17,86.83,87.83,85.33,89.67,85.5,86.76
90.17,90.5,85,90,92.5,87.33,85.33,90,89.5,85.5,88.17,84,91.5,89.83,88.52
84.61,89.33,82.83,85.25,90.5,85.22,84.17,91.17,88,89.33,86.5,89.33,86.67,88.83,87.27
83.5,90,90.17,86.75,90.67,87.72,87.17,90.17,84,90.17,88,85.83,85.17,87,87.59
82.89,82.67,82.83,89.75,87,91.33,82.83,89.17,90.67,85.33,86.17,84.67,83.17,83.33,85.84
85.5,90.5,86.17,86,89,88.83,81.83,87,83.83,86.33,84.67,86.33,82.33,82.5,85.77
88.72,86,89.5,85.5,85.17,83.17,94.83,82.83,84.33,79,89.33,83.83,83.67,84.17,85.72
85.94,86.67,87.17,93.75,90.5,86.67,85,85.5,80.83,81.67,84.5,82.5,85.17,82.67,85.61
87.11,89,87.33,89.5,89.83,81.78,81.5,83.17,84.17,86.83,85.17,87,88.67,85.5,86.18
85.5,81.67,87.67,90,85.33,86.28,82.83,85.67,91.67,90.5,86.33,86.17,88.67,89,86.95
84.17,86,85,95.75,93.5,92.67,89.33,87.67,88.83,86.83,88.17,90.17,91,85.67,88.91
90.78,85,86,87.5,83.83,84.33,85.67,86,87.67,89.5,89.33,83.83,83.67,78.83,85.85
86.67,87.33,85.17,92.25,91.33,86.5,85.83,86.17,88.33,85.17,87.33,86.5,85,82.17,86.84
86.83,84,89.33,86.25,84.17,87.67,81.17,84.17,90.5,87.5,87.5,87,90.83,86.67,86.68
87.22,87,86.17,86.75,85.17,88.72,86.33,84.5,81.5,88.5,90.17,89.5,86.83,91.17,87.11
90.67,87.67,89.5,90.75,83.17,89.56,85.83,87.5,86.17,86.33,85.67,87.17,89,86.33,87.52
86.67,90.33,85.67,86.5,84.17,86,86.83,89.17,84.17,87,82.33,87.83,86.67,85.67,86.36
87.72,89.67,85.83,88,87.33,86.33,90.33,85.67,86.83,84,80,88.17,93,83.33,86.87
89,91,81.67,83.5,86.83,81.78,89.83,85.33,87,85.33,86.5,88.67,89,82.17,86.26
87.56,83.33,84,82.75,86.83,83.89,87.67,90.67,84.67,83.67,86.33,86.5,87.83,89.5,86.09
84.33,89.17,92,85.25,85.17,81.5,85.5,88.33,88,88,86.67,87.17,92,85.83,87.07
85.22,87.17,82.67,88.25,88.33,83.78,90.83,84,83.5,87,86,90.83,83,87.5,86.29
84.06,85.33,89.17,88,83.67,80.83,83.17,85,86.17,83,86.33,87.67,93.5,87.33,85.94
88,87,83.17,84.25,88.17,85.94,91.33,90,84.67,83.5,85.83,82.83,89.83,83.5,86.29
87.89,86.33,85.33,93.25,88.17,82.94,84.83,83.83,87.17,86,90.33,87.33,90.33,87,87.2
89.67,86.33,92,89.25,83.67,83.06,87,88.5,87.83,87.83,85.5,82.33,84,87.5,86.75
89.67,89.17,83.83,88,85.83,87.22,85.83,87.67,82.5,89.83,90.5,80.83,84.5,90.83,86.87
85.5,85.5,84,84,88.83,86.22,86.5,86.67,85.67,80.83,87.83,85.5,89.33,82.33,85.62
83.39,84.5,84.5,85.25,84.33,86.89,88.67,93,84.33,85.67,82.67,85.5,84,90.5,85.94
83.67,86,87.83,84.75,86.17,83.83,84,86.5,86.17,85.67,87.83,85,85,84.33,85.48
86.28,89.33,84.33,82,84,85.56,82.5,87.67,84.83,88.67,90.17,84.5,90.17,84.67,86.05
91.11,84,89.17,82.25,86.67,87.39,83.5,81.67,88.83,85.33,84.83,85.83,93.17,89.5,86.66
85.33,89.67,89.33,83.25,88.17,84.5,86.67,89,89,87.67,84.17,87.17,84.17,84.83,86.64
85.06,87.33,88.33,87,84.33,86.17,85.83,85.67,87.67,87.5,90.67,88.33,91.17,87.33,87.31
87.56,81.17,86.17,84.25,89,85.67,87.83,84,89.67,87.17,86.67,89.5,83.33,88.83,86.49
83.5,83.83,89.17,86.75,90.83,89.17,82.5,84.17,87.5,83.33,86.17,87.33,88.33,84.17,86.2
84.39,86.67,88.5,85.25,84.5,89.39,88.5,88.83,88.83,85.17,82.67,83.33,85.5,82.33,85.99
81.94,87.33,89.5,83.25,86,87.5,87.83,86.83,89.17,89.17,88.17,87,83.67,86.83,86.73
83.83,84.67,82,80.25,86.5,86.06,83.83,86.67,82,83.5,82.17,88.33,87,84,84.34
82.61,85.33,89.83,84.25,87.17,91.11,89.5,85.67,87.17,87.17,88.33,89.17,85.17,83.5,86.86
82.33,86,85.83,87.25,86.83,81.67,84.67,82,87.5,82.17,86.83,83.33,85.5,83.33,84.66
83.06,89.17,83.83,86.25,84.17,83.67,89,85,84.83,89.67,84.67,91.17,88,88.5,86.5
89.17,87.17,87,81,86.5,85.44,85.83,85.5,89.83,88.67,87.5,88.5,87.83,91.33,87.23
84.44,85.5,92,87.25,90.67,88.17,87.67,91.67,84.67,87.33,92.33,88,85,86.83,87.97
82.22,91.33,85.17,82.5,82.33,84.67,84.17,87.5,85.17,85,82.83,86.83,87.17,88,85.35
88.06,93.67,84.17,85.75,89.5,88.11,82.67,89.67,89.33,86,86,84.83,80.17,83.67,86.54
88.72,87.33,83.67,87,84.5,86.56,85,85.83,83.67,82.67,89.17,80.67,86.5,92.5,85.98
83.33,83.17,90.5,91.25,88.5,84.67,90.5,84.67,84,84.83,85.17,89.67,84.83,86.5,86.54
84.89,84.83,89.17,89.25,83.67,83.61,87.67,84.17,87.83,82,88.83,89,84.33,84.5,85.98
88.89,86,81.83,83,87.67,81.06,91,87.67,90.33,84.5,85.5,87.33,84.67,88,86.25
82.83,92.33,84.83,81.75,81.5,87,87.17,81,87.17,84,90.17,81.17,84.17,86.83,85.14
84.5,90.83,88.67,84.75,87.17,84.22,87,84,86.5,84.33,87,84,78.33,88.67,85.71
87.78,86.67,85.17,90.5,89.33,86.72,82.17,86.5,87.67,85.33,84,84.33,83.83,83,85.93
88.06,85.83,88.33,86.25,90,86.56,89.67,80.5,87,81.5,86,87.17,85.67,82.17,86.05
89.28,87.67,85,83.75,87.33,80.44,87.83,83.5,86,91.17,85.67,84.17,81.67,82.17,85.4
84.44,86.17,88.83,92,88.83,85.94,86.5,89.5,87.67,85.5,86.33,84.17,86.17,87.5,87.11
86.5,81.83,88.17,87.25,89.17,90.28,86.67,87.33,84.67,83,89.17,83.33,86.17,87.83,86.53
82.17,87.5,83.33,88.25,85.5,90.17,83.33,87.17,80.5,83.83,83.67,86.33,88.5,91.33,85.83
89.06,86.83,83.67,88.5,86.33,86.22,88,85.17,82.83,90,81.67,83.67,88,82.33,85.88
84.61,88.5,83.67,94.5,86.67,80.17,83.17,87.33,83.5,85.33,86.5,86.67,90.83,85,86.17
86.83,86.33,79.83,90.5,88.17,81.17,83.33,90.67,86.5,86.5,88.5,83.67,88.83,85.83,86.19
86.33,83.5,84.33,82,84,87.61,88.67,83.67,88.33,84,90,83.83,86.5,85.83,85.62
81.44,88.33,85.33,87.5,86,89.11,85.5,88.67,89.67,90.17,83.5,87.33,81.83,84.67,86.36
88.22,92,87.33,82,84.83,91.56,85.83,87.5,91.33,85.67,88,87.67,85.83,83,87.2
87.72,88.33,89,84.75,86.5,86.5,83.83,84.5,80.67,90.5,82,86.83,87.17,89.67,86.28
82.44,91.33,90.17,86.25,83.67,87.22,80,86.67,84.83,90.33,88.67,87.83,84,88.83,86.59
86.61,90,86.17,84.75,88.67,87.11,87,84.17,85.17,87.17,88.33,80.83,81.83,84.83,85.9
83.17,91.5,86.17,87,88.33,82.5,85.67,85.67,88.5,84.17,83.83,86.83,84.5,89.67,86.25
86.11,86.67,89,91.5,83.83,88.22,85.5,81.67,83,90.67,89.83,88.33,89.17,82.83,86.88
89,85.5,87,88.5,86.17,88.78,88.67,83.67,85.17,85.83,84.33,87.33,82.17,86.17,86.31
88.5,89.5,85.33,90.75,84.5,87.11,87.17,85.33,87.33,84.17,81.33,90.83,87.33,87.33,86.89
88.22,90.33,86,85.75,88.5,88.17,79.83,85.83,81.33,88.67,80.83,87.17,92.33,86,86.36
92.22,82.33,85.83,89.5,88.5,85.22,91.33,80.33,89,88.67,84.67,78.17,81.5,86.5,85.98
80.56,81.33,81.17,93.25,85.5,88.94,80.33,87.5,87.5,88.33,86.17,81.17,87.33,85.83,85.35
83.06,87.33,86.5,84.5,88.17,86.83,81.33,88.67,88.83,85.33,84.83,84.17,88.67,87.17,86.1
89.94,88,86.83,89.75,87.33,88.06,87,86.33,92.67,87.83,87.83,78.83,83.83,82.5,86.91
82.22,86,86.33,84.25,87,86.56,89.33,80.67,89.17,87.67,81.33,89.17,87,87.33,86
84.72,87.67,88.5,87.5,88,83.39,84.17,86.33,93.83,83.5,84.67,90.17,85.5,83,86.5
89.28,78.33,85.5,89.25,86.17,85.39,88.83,82.5,85.17,93.67,87.67,91.17,89.17,83.83,86.85
85.11,90.17,83,86,87.67,87.28,86,87,86.17,87.5,89.33,91,84.5,84.33,86.79
84.72,87,85.33,83.75,89,83.67,92.33,90.17,87.5,82.83,86.33,85.83,91.17,86.17,86.84
83.44,90.5,94.17,87.25,88.17,82.67,86.17,88.33,86.17,85,85.67,86.33,88.5,87.67,87.14
89.33,85.5,85.83,86.5,86.5,82.61,89.17,85.5,88.67,79.67,89.33,82,86.83,80,85.53
79.44,89.17,81.83,88.25,89,88.56,89.67,86.5,87.83,85.67,87.5,90,84.33,85.67,86.67
84.28,87.17,84.33,83.75,89.5,90.39,85,82.17,91.5,86.67,80,85.17,89,89.67,86.33
86,80.83,87.83,84.5,82.83,88.28,85.5,82.17,89.5,88.83,92.67,91.67,85.17,87.67,86.67
86.83,86.5,82.5,84.5,88.33,81.28,87.83,89.67,88.67,86.33,90.17,85.5,81.83,88.67,86.33
84.06,84.83,89.5,85.25,88.17,85.06,88.17,86.67,83.83,89,83.83,88.33,90.17,90,86.92
86.22,84,86.17,89.75,86,83.83,87.33,83.17,86.33,88.5,87,88.33,85.17,85.67,86.25
92,85.17,90.83,85.5,86,93,88,86.5,88.17,87.67,85.67,79.83,82.5,83.83,86.76
88.11,86.33,87,85.5,85.33,87.28,88.83,87.5,82.17,87.17,85,85.17,83.83,88.83,86.29
87.06,84.83,81.67,88,84.33,89.56,85.83,84,86,90.17,86.83,90.5,85.67,87.33,86.56
85.94,88,89,91,84,86.89,87,88,92.5,85.17,81.67,87.5,89.17,86.67,87.32
83.33,84,86.67,87.5,84.33,87.5,85.33,86.67,88.33,86,84.83,92.33,85.33,88.67,86.49
86.28,88.67,87,92.5,95.17,86.39,84.83,83.67,83,81.83,85.83,90.67,86,85.5,86.95
84.83,87.5,85.5,90,88.33,89.06,87.33,85.33,85.67,83.33,86.67,84.83,85.67,92.67,86.91
89.78,85.33,82.67,83.5,86,89.78,84.17,87.5,85.17,87.67,86.33,88,80.5,86.83,85.94
88.78,83.17,82.67,91.75,88.5,83.28,85.67,89.67,87,85.5,88.17,87.33,84.5,90,86.86
87.11,85.33,84.5,83.75,84.67,90.06,80.5,84.17,85.33,85.5,82.67,80.67,90,88.5,85.2
90.67,84.83,86.83,85.25,89.17,89.61,85.5,89.17,87,84.67,85,85.5,85,89.17,86.95
86.44,84.67,88.5,90.5,85.83,81.94,85.83,85.67,87,88.17,86,88.5,82,85.67,86.19
90.94,90.67,84,82,84,86.11,84,85.67,85,88.33,89.67,85.5,87.5,88.17,86.54
83.11,86.83,86.17,90.5,90.83,84.56,90.5,87,89,87.5,81.5,85.5,83.5,82.5,86.36
88.5,87.5,86.5,89.25,87.83,90.94,84.83,88,84.5,82.67,81.83,86.33,90.17,86.83,86.84
87.61,89.33,89.17,86,86.17,92.06,84.5,84.67,86.33,88.67,86.5,84.5,87.17,85.33,87
88.67,85.83,91,93,85.83,83.28,85.67,87.83,87.83,86,81.33,87.83,83.33,86.33,86.7
87.94,87.33,87.5,80,88.67,81.83,87.67,84.83,83.33,85.67,90.67,82.67,83.67,85.83,85.54
86.78,88.83,83,88.25,87.83,84.89,82.17,92.33,81.83,86.67,88.5,90.5,91,87.83,87.17
86.17,93.67,87.83,84.5,85,87.06,80.5,83.17,88,87.83,85.33,85.67,82.17,86.67,85.97
85.89,85.17,88.33,87.5,87.33,89.39,84.83,85.83,84.67,90.67,88.17,83.67,91.33,87.5,87.16
86,87.17,88.5,88.75,88,86,86.67,86.83,86.83,87.5,89.33,91.17,84.67,91.83,87.8
86.89,93.33,83.5,86.75,88,86,88.5,83.33,93.33,86.17,84.83,86.83,84.17,87.5,87.08
90.5,86.33,90.17,83.75,80.67,81.33,85.67,92.17,81.83,83.67,83.5,85,81.83,87,85.24
80.06,86.17,82.17,80.75,88.33,87.83,86,86,89.33,84.17,85.83,84.5,86.67,86,85.27
85,88.17,83,92.5,80.83,84.78,86.83,93.17,87.33,87.67,83,90.83,87.17,87.5,86.98
85.44,89.17,92.67,78,90,89.67,87,84.17,86.83,80,92.83,85.83,88.17,89,87.06
88.89,87.5,92.17,87.75,83.5,86.17,87.17,85.17,87.83,89.83,85.67,87.67,82.5,86.83,87.05
83.11,83.83,88.17,88.5,89,92.5,88.83,85.33,81,85.83,89.83,84.67,88.5,86,86.79
83.67,82.17,85.17,84.75,89.5,80.61,86.83,85.5,87.67,86.33,88,79.5,88.67,80.67,84.93
84.94,86.67,85.83,90.25,82,85.89,84.17,88.5,91.83,87.83,82.17,86.33,83.83,86.17,86.17
84.33,84.17,86,89.75,84.17,85.89,87.33,85.33,86.67,84.83,91.17,83.67,89.83,84.5,86.26
87.72,89.17,85.17,87.25,87.83,90.78,87.17,87.17,89,84.33,91.67,88.33,82.5,88.67,87.62
88.17,81.5,87.33,84,83.33,84.72,84.67,87.83,86,87.83,90.33,82.5,88.67,82.83,85.69
88.33,85.83,92,87,84.83,86.33,91.17,84.17,90.17,87.5,83.5,86.33,81,85.67,86.7
86.56,88.33,86.5,85,88.5,86.06,80.17,79.67,85.83,83.17,84.67,82.5,83.67,90,85.04
91,83.83,88.83,86.75,88.5,86.33,88.33,86.83,92,83.5,93.33,87.33,91.17,88.5,88.3
88.44,86.17,89.67,88.25,88.17,86.67,85.5,82.5,85.83,85.33,90.17,89.33,87,86.17,87.09
88.83,83.83,80.67,84.25,85.83,86.72,86.33,89.83,84,83,88,86.83,83,89.33,85.75
90,87.67,83.67,86.5,86.5,87.78,85.33,92.67,86,84,83,92.17,83.5,86.67,86.82
83.72,84.5,89.83,88.25,92.5,91.11,87.83,89,90.17,90.5,85.83,83.83,86.17,86.17,87.82
89.17,83,87,90.25,83,87.94,87.33,84.17,86.33,89,84,84.33,81.5,84.5,85.82
90.94,86.83,86.17,85.25,81.5,86.11,89.67,81.83,87.83,87.33,82.67,92.83,84.17,84.33,86.25
83.17,90,83.67,87,83.83,89.56,80.17,92,91.83,86.17,86,90.17,84.33,87.67,86.83
86.44,89.67,86.67,87.5,85.83,87.39,86.33,88.5,82.67,83.17,85.17,83,84.83,79.67,85.49
87.06,83,87.5,82.25,84.17,89.22,83.5,86.33,84.67,87.33,90.83,89.17,86,82.67,85.98
86.22,86.67,90.83,84.5,86,84.72,81.5,82.67,86.67,85.17,89.83,84.5,86.67,86.67,85.9
84.83,87.17,88.67,90.75,87.83,83.89,87.17,89.33,87.67,89.5,85.17,86.83,85.17,87.5,87.25
84,90.67,90.17,85,82.83,83.56,79.17,87.83,89.5,87,85.67,88.83,83.67,87.33,86.09
86.33,86.67,86.67,81.75,84.83,83.78,88.17,82,90.5,84.17,81.67,87.83,87,85.83,85.51
89.94,88,83.17,84,86.83,86.61,88.17,91.33,89.17,85.5,86.67,88.83,89,86.33,87.4
86.06,83,88.33,82.5,87.33,86.11,87.5,88,83.33,87.33,86,86.83,86.17,83.67,85.87
86.89,86.83,88,83.75,86.83,88.67,83.83,88.17,83,87.83,83.67,88.17,87.5,87.83,86.5
89.83,87,84.17,82.5,91,88.72,80.5,87.5,85.17,87.5,86.17,86.33,84.5,88.33,86.37
88.11,86.17,87.5,81.5,87.33,86.11,84,85.5,85.33,89.83,83.83,88.83,84.33,86,86.03
88.61,88.83,87.83,82,88.33,88.5,83.83,91.17,90,82,91.5,88.67,85.5,91.17,87.71
86.61,86,86.67,95.25,81.67,87,83.33,86.5,85.83,84.83,83.5,83.67,84,87.17,85.86
87,80.67,89.83,87,84,89.94,92.83,84.67,85.83,85.83,81.17,92,90.67,86.83,87.02
89.22,85.83,87.33,89,87.17,90.67,88.5,87.17,93.17,84.83,84.33,84.33,83.17,91.5,87.59
88.22,91.83,89.67,88.25,89.83,88.39,85.33,87.33,88.33,91.33,87.17,85,85.17,81.5,87.67
91,88.5,86.5,89.5,80.83,85.78,85.33,89.5,85.83,87.83,83.83,84.67,89.17,84.33,86.62
82.61,86.83,87.83,80.75,85.83,89.11,86.5,90.83,88,89.17,88.33,87.67,85,85,86.68
89.5,88.5,92.17,92,84.67,83.67,88.67,84.33,83,89,83.17,82.67,90.33,88.33,87.14
87.83,86.17,92.33,86.25,91.33,82.78,85,88.67,90.17,85.83,80.83,86.5,85.83,87.17,86.91
89.89,86.17,90.5,81.5,83,85.39,84.5,88,91.17,86.5,79.5,82.83,91.33,85.17,86.1
88.33,89.33,91.67,82.5,88.33,85.33,82.67,80,86.33,87.67,84.83,88.67,89.33,82.17,86.23
83.06,90.17,92.5,81.25,84,89.11,88.67,86.67,88.33,85.83,81.33,85.33,89.83,83.83,86.42
90.17,84.83,88.67,82,84.33,86.78,86,93.67,90.17,87.17,87,81.5,89.17,84.5,86.85
83.39,88.83,90.5,87,91,83.56,87.17,85.17,85,86.33,87.5,86.17,81.33,91.33,86.73
84,83.67,89,90,87.67,85.67,89.17,86.67,81.67,81.17,85.67,89.33,83.83,86.33,85.99
90.44,85.17,86.5,86,86.67,88.17,88.33,90,87,87.67,83.17,80,85.17,87.17,86.53
85.11,90.67,87.67,86.25,85,87.72,82.5,84.17,88.67,89,81.67,86.67,81.17,78.67,85.35
90.5,81.67,82.33,93,87.33,87.17,89.33,81.33,80.83,88.67,90.33,87,83.83,85,86.31
88.28,83.33,84,92.25,87.33,82.61,85.5,83.33,85.17,81.83,79.33,90.5,88.5,82.17,85.3
85.11,87.83,93,90.25,86.83,88.17,83.67,91,85.67,85.17,85.5,87.67,85.83,87.33,87.36
87.28,86.33,84.83,87,89,85,84.5,85.67,85.83,83.5,88,86.67,79.5,86,85.65
90.44,85.83,85.67,83,80.67,85.67,87.17,84.5,86.17,91.17,85.83,87.17,90.17,89.83,86.66
86.78,87.17,85.33,90.25,87.67,91.94,88.17,84.33,88,87.33,89.33,84.33,90,90.67,87.95
86.94,84.17,84.33,85,87.5,88.11,89,86.5,85.67,92.33,83.17,91.83,86.5,83.83,86.78
88,87.33,87.67,88.5,85.33,89.56,84,85.5,84.83,90.67,88.5,83.67,85.33,88.67,86.97
82.67,85.67,88.17,86.25,92.17,85.72,89.33,87,82.5,89.67,82.33,81.17,88.33,85.5,86.18
89.22,84.33,84.67,79.75,88,87.33,81.17,86.33,88.83,89.17,88.17,81.5,89.83,87.33,86.12
80.72,81.83,83.17,83.75,84.33,87.72,89.5,90,90.83,86.83,89.83,83.17,83.83,88.17,85.98
86.72,89.5,93.17,94,89.5,87.06,90.17,91.17,86.33,93.33,88.83,88.67,92.5,85.33,89.73
83.44,84.5,91.17,84.5,87.5,85.11,84.83,84.83,84.67,89,86.5,80.83,83.83,90,85.77
84.39,83.83,90.33,89.75,86.83,91.33,88.67,87,85.83,87,85.17,83.5,88.5,88.17,87.16
91.78,86,81.67,84.75,85,86.61,85.5,92.33,84.83,87,82.83,81.83,91,86.17,86.24
86.39,91.5,83.33,86,87,93.22,84.5,81.67,83,84,84.17,87.17,84.17,86.17,85.88
89.28,81.17,85.83,83.75,84.5,87.83,85.5,84.5,84.5,87.67,83.33,84,82.33,85.33,84.97
86.33,88.17,86,88.5,90.33,86.39,90.67,80.83,88.67,83.33,87,88.67,89.33,83.5,86.98
87.78,87,83.33,80,83.5,85,87.17,91.17,89.67,82.83,89.33,83.17,83.33,91.83,86.08
89.22,81.83,87,84.75,84.67,86.78,85.67,85.17,85,88.83,81.17,86.17,91.5,86.5,86.02
87.39,84.5,89.17,88.5,87.17,87.17,81.5,86.67,84.83,83.5,86.17,93.5,85,83.33,86.31
87.11,87,82.5,85,86,90.5,92.17,87.67,87.5,89,87.17,84,84.5,86.33,86.89
86.28,87.67,85.33,90.75,91.17,87.94,83.17,83.83,87.33,85.67,85.33,93.5,84.67,85.17,86.99
84.44,85.67,88.83,90.75,82.5,86.89,90.33,79.17,88.83,87.83,87.83,88.67,84.5,88,86.73
85.17,88.83,86.5,86.25,83.5,90.44,80,85.33,86.5,88.67,89.17,84.67,87.67,91.67,86.74
87.22,84.67,87,83.25,85.83,83.67,85.17,92.33,86.17,82,90.17,87,86.17,85.33,86.14
80.17,84,79.83,90.25,91.67,86.39,84.67,77.83,85.83,87.67,81.83,83,91.17,84.67,84.93
85,83.83,87.17,93.75,86.83,83.72,85.83,90.33,83.67,86.67,86.67,86.5,84.33,84.5,86.34
86.94,85.67,88.33,90,91,79.33,86.67,87.83,89.17,86.67,86.5,88.33,84.17,83.83,86.75
84.22,89.33,81.83,92.75,86.83,87.44,83,87.17,83.67,92.5,88.67,91.67,81.5,83.5,86.72
88.17,86.5,84.5,91,83.33,86.22,87.17,85.67,86.33,87,91.33,81,83,83,86.02
88.11,89.67,88,87,87.5,80.83,89.67,84.83,78.67,85.5,88.33,82.33,87.67,89.83,86.28
83.89,90.17,81.33,88.5,83.67,87.06,83.17,86.17,81.83,86.33,87.67,83.33,87.67,91.5,85.88
84.78,86,85.17,89.75,88,87.78,84.17,83.67,84.5,89.17,86.67,87,86.17,81.5,86.02
85.56,83,89.17,89.25,82,88.28,90.5,86.33,87.67,87.17,81.33,85.83,84.67,85,86.12
83.28,86.17,92.17,84.25,90.17,80.44,87.5,84.83,85.33,84.67,82.5,84,83.17,85.17,85.26
86,86.67,85.17,96.25,93,86.39,89.67,86.33,86,85.67,86.67,87.67,84.17,92.83,88.03
84.39,82.83,89.5,87.25,85.83,86.28,87.67,83.83,85.33,88.5,85.17,89.17,84.5,86.17,86.17
86.94,86.67,91,89.75,86.83,91.67,86.67,82.33,88.17,87.5,89,91.67,82.5,84.33,87.5
84.78,83.33,88.83,82,86.5,87.78,86.5,86,87,82.83,87.5,87.83,86.17,84.83,85.85
86.78,82.5,86.17,81.75,88.5,86.89,86.5,87,83.5,83.5,83.33,84,86.5,87.17,85.29
83.56,88.33,93.67,88,81.67,87.78,91.33,84.67,84,89.33,83.67,84.5,86,91,86.96
85.33,83,88.33,87,85.67,89.5,87,85.5,89.67,86.5,86.17,87,84.83,88.33,86.7
88.56,88.67,90.33,77,82.5,90.22,90.17,83.67,90.83,86.5,88.67,79.67,85,83.5,86.09
89.22,84.33,86.83,78.5,84.83,86.44,85,84.33,90.17,91.83,87.17,85.33,86.67,86.33,86.21
90.06,83,83.5,92.75,87.5,82.11,86.67,85.33,88,92.17,87.33,85.17,85.17,86,86.77
87.61,88.17,83.67,90,88.5,86.83,88.67,87,84.17,81.83,82.33,84.17,90.5,90.17,86.69
88.11,85.5,89.5,88.5,91.17,86.33,82.5,84.67,88.33,85.83,86.67,88.83,84.5,82.67,86.65
88,85.17,84.33,81,88.83,81.39,89.17,88.33,89,86.83,91.33,90.83,90.5,84.83,87.11
87.17,85.67,89.17,89,87.17,82.11,88,90.83,87.5,89.67,84.5,89.17,86.67,85,87.26
88.56,83.33,83.83,90.5,87.67,83.83,85.67,86.33,88.33,86.17,88.83,86,86.83,86.83,86.62
85.06,83.17,81.67,80.5,87.67,83.06,90.5,84.83,86.17,88.67,91.17,85.33,85.83,90.33,86
87.78,86.5,81.67,86,92.33,84.78,93.83,86.33,84.83,87.83,87,89.83,87.17,86,87.28
88.61,87.5,90.33,85.75,90.5,87.28,86.33,83.33,86.67,87.17,84,87.83,83.5,87,86.84
79.94,86,82,87.25,88.17,83.33,91.5,87.33,85.33,86.5,89.67,84.17,88.17,87.17,86.18
89,85.5,88.33,93,85,85.06,82.67,88.67,86.67,88,81.33,85.67,84.5,86.67,86.43
90.78,87.83,82.33,90,84.83,88.17,87.17,83,87.83,85.5,83.17,88,83.83,89,86.53
87.33,86.5,89.67,86.25,90.67,83.17,82.5,84.17,84.67,88.33,80.83,84.5,90.5,84.33,85.96
88.22,86.67,82.67,87,85.17,84.83,88.17,84.5,84.67,87.67,82.67,88.5,86.33,87.17,86.02
87.56,87.33,81.33,82,85,87.44,82.83,84.83,84,85.67,86.83,84.83,84,89.5,85.23
88.17,83,85.17,87.75,82.83,87.06,85.17,89.5,87.17,84.33,87.17,89.67,87.83,80.83,86.12
90.22,85.17,85,92.25,84.17,88.67,82.83,84.33,82.83,88.83,90.67,89.33,84.83,87.5,86.9
85.61,87,88.83,83.25,88.83,83.44,85,87.5,86,87.5,84,90.83,89.67,92,87.11
85.28,87.5,85.5,85.25,89.83,86.17,87.67,81.5,79.83,85.67,88,84.33,83.83,87,85.53
87.06,82.33,86,91.5,81.67,81.67,84.33,85.33,83.67,89.83,84.67,84.33,84.67,85.33,85.17
84.06,87.33,84.33,80,85.17,89,89.33,85.17,88.67,85.67,90.17,86.33,88,86.5,86.41
83.83,88.33,82.33,83.25,86.67,83.78,90.83,80.5,91.67,87.67,90.17,84.5,85.33,87.83,86.19
88.33,87.67,87.67,94,89.5,85.89,89.5,84,86.17,84.17,87.33,82.17,83.67,82.33,86.6
88.28,88.83,89.67,82.75,83.67,86.5,84.17,92.17,83.83,84.5,83.5,84.67,91.5,86.17,86.44
84.61,82.17,84.5,81,86.67,84.44,86.67,86,88,86.17,86.67,82.5,87.33,87.17,85.28
84.33,86.67,90,81.25,88,84.39,87.33,90.67,89.33,83.67,86.33,88.83,84.17,87,86.57
83.33,84.17,88.33,89.25,83.17,91.17,84.33,86.67,84.67,89.83,90.67,87.5,87.17,82.83,86.65
90.5,84.67,88.83,85.5,91.5,88.11,87.33,85.5,83.83,83.5,83.83,85,89.33,90.33,86.98
87.5,84.17,88.5,80.75,85.5,89.56,84,84.67,82.17,87.33,85.5,83,92.17,83.5,85.59
85.61,83.5,82,83.5,88.17,87.67,88,89.17,89.67,89.17,89.5,92.33,87.67,90.83,87.63
86.22,87.83,89.33,86.75,89.33,90.33,86.83,87.5,84.5,89.17,86.67,84.67,88.33,86.5,87.43
85.44,88.83,82.5,88.75,86.33,88.22,86.5,85.67,87.5,88.33,93.17,85.33,90,87,87.4
81.56,88,83.33,87.25,90.67,89.22,90.67,87.33,88.83,87.83,89.33,85.17,82,87.83,87.07
82.22,86.83,86.83,80,82.33,81.28,86.33,83.5,86.33,85.33,84.5,84.33,86.33,83,84.23
83.67,86,89.17,89.5,88.33,84.33,85,87.5,80.83,85.5,89.5,87.17,89.33,85.83,86.55
81.61,88.33,85.5,82.75,87.67,87.11,87,86.83,88.67,83.33,80.83,92,81.33,85.67,85.62
87.56,84.67,85.83,86.25,89.33,90.78,84.33,82.67,84.67,90.67,85.33,84,91.17,90.17,86.96
86.28,88.33,88.5,85.25,82.83,87,88,85.33,87.33,93.5,82.67,84.83,88.83,83,86.55
86.06,88,88.17,86,89.67,88.56,88.67,87.17,87,82.67,84.67,84.83,86.33,85.33,86.65
85.61,87.83,88.67,89.5,91.67,90.83,89.83,85.5,83.83,87.83,87,89.17,87.33,87.33,88
85.61,80.33,86.5,82,85.83,83,89.17,83.17,84.17,82.33,88.83,89.67,80.83,89,85.03
90,82.67,81.17,87.75,87.17,87.61,88,88.33,81.33,85.83,85.83,87.33,87,85.67,86.12
89.61,86.17,85.5,83.75,89.33,85.11,85.33,82.67,82.83,82.67,87.83,88.17,83.67,87.83,85.75
85.61,83.33,87,83.5,84.33,86.94,87.5,89,94.33,85.17,87.67,89,84.83,82.33,86.47
83.22,88.67,85,87,84.5,90.17,87.83,86,87,86.17,86.17,89.17,81.83,89.5,86.59
87.33,86,86.17,88.5,85.83,85.83,87.17,88.67,87.33,84,91,85.33,84.83,84.83,86.63
86.06,85.67,85.33,84,88,86.22,83,89.17,85.83,84,93.5,91,92.83,87.33,87.28
80.78,84,83.17,81.25,84,83.5,86.83,82.17,91,83.83,87.5,89.17,84,85.67,84.78
83.61,85,88,83.5,82.5,84.06,82.83,96,87.83,91.67,85.33,80.83,83.33,85.5,85.71
87.89,85,87.17,89.75,89.5,86.83,84.83,84.5,91.5,83.5,83.83,87.17,85.67,88.33,86.82
84.11,86.5,82.33,91.75,88.83,86.28,91,90.33,89.5,83.5,87.17,87.5,84.33,85.67,87.06
83.33,83.17,83.33,86.5,83.17,82.11,92,88.83,91.33,86.67,89.33,90.5,84.83,87.83,86.64
88.5,87.5,86.17,84.75,87,83.94,84.17,86.33,87.83,84.5,87.5,88.33,86.33,84.17,86.22
87.78,90.5,83.17,87,82.67,88.17,88.5,87.33,84.67,81.33,84.5,87.67,87,87.83,86.29
89.11,87,81.33,88.25,81.67,88.33,91.33,86.67,88.33,87.17,91.17,91.33,88.5,85.5,87.55
85.94,84.5,87.17,85.25,89.83,85.06,91.17,88.83,91,85.67,83.33,91.5,85.67,82.67,86.97
81.28,90.33,87.33,88,84.83,86.72,88.67,85.33,83.17,86.33,86,88.5,88.67,83.17,86.31
81.22,91.83,89.67,85.25,84.17,86.67,88.17,85.33,84,89.5,85.67,88,88,83.33,86.49
84.17,87.67,84,85.5,87.33,86.22,81,83.83,84.67,88,88.5,87.67,83.83,86.83,85.66
86.22,87.83,89.83,82,89.33,88.28,86.83,87.83,87.5,87.67,84.83,85.5,87.17,89.5,87.17
85.89,84.67,85,82,91.67,83.61,93.5,84,83.17,86.33,81,82.83,85,83.17,85.13
89.17,86.5,85.5,87.5,86.17,90.89,86.5,83.17,82.5,82.83,86.67,89.17,86,86.83,86.38
90.67,88.33,86.33,87.75,88.83,87.17,84.17,83.33,88,81.67,80.67,85.5,86.83,87.67,86.21
84.72,83.17,85.17,84.25,87.17,81.89,83.17,85.17,86.17,87.5,89.33,85,86,82.83,85.11
81.61,86.67,88,83.5,89.5,85.22,89.83,88.5,81.83,83.83,84.83,88.67,86.33,88.5,86.2
85.89,88.17,87.17,90.5,91.33,84.61,90.5,89.17,87.17,87.67,82.33,80,87.33,93,87.49
86.44,86.83,91.17,84.75,85.5,86.39,84.17,85.17,90.67,89.5,84.33,85.17,83.83,86,86.42
86.28,88.5,89,85.5,81.67,88,84.83,88.5,80.5,85.33,84.33,90.17,88.83,90,86.53
89.17,83,82.67,83,85.5,88.06,84.83,84,86.5,92.17,89.33,88.67,82,84.5,85.96
85.61,84.17,84,85.5,84.5,81.56,90,87.83,89.83,81.83,84.67,83.5,85.5,85.67,85.3
89.5,91.33,90.17,81.75,82.83,90.67,80.33,87,89,84.5,86.5,87,86.5,86.33,86.67
89.17,89.83,85.67,86.75,91.17,86.06,87.67,82.67,87.5,87.17,87.5,85.67,81.33,82.67,86.49
84.67,88.83,81.5,87.75,88.5,87.61,84.67,90,87.33,92.5,89.67,87.5,84.5,86.83,87.28
85.83,88.17,84.5,89.25,88.83,91.72,87.33,89,86,83,86.33,85.33,88.33,85.17,87.06
82.22,91,92.83,86,82.83,83.06,83.5,93,86.83,84.33,87.33,84.5,91.5,84.67,86.69
84.22,85.67,86,88.5,89.17,83.83,86.33,87.17,91.33,88,90.17,83.33,83.33,87.67,86.77
86.83,88.33,87.67,83,88.5,89.61,83.33,84.33,85.67,86,87,93.33,88,85.83,86.96
87.28,80.83,87.67,89,86.17,85.72,85.67,88,85.5,87,86.83,85.33,89.17,87.67,86.56
84.61,87.17,85.5,87.5,87.67,87.5,92.67,87.5,86.33,89.67,86.67,84.17,90.33,90.17,87.67
88.67,85.67,86.83,82.75,86.5,82.89,88,86.5,87,88.67,89.33,89.17,84.5,87.67,86.72
85.44,82,85.33,92.75,88,85.78,87.67,84.83,86.17,83.67,87.5,92.67,88.67,81.83,86.59
82.56,82,81.67,88,88.83,84.5,86.33,87.67,83.67,86,87.5,85.33,82.67,91.33,85.58
82.56,84.5,86.17,85.75,90.5,80.33,90,88.33,88.67,83.5,85.17,85.83,88.17,80.67,85.72
85.17,85.33,89.5,89,85.5,89.39,81.83,85,90,89.83,83,89.5,83.33,82.17,86.33
85.78,82,90,84.5,79.33,83.94,90.33,89.33,88.83,82.33,88.17,84.5,80.83,85.17,85.36
84.83,92,84,82.5,85.5,85.22,83.67,83,90.5,88.83,85.5,89,86.17,91.17,86.56
85.5,83.83,88.17,84,83.67,85.78,88,85.17,86.83,85.67,86.83,84.83,85.5,89.33,85.94
83.67,86.33,81.17,82.75,85.83,84.56,79.83,88,89,86.67,84.17,82.83,87.67,88,85.03
88.94,87.5,94,88.5,87.5,81.44,87.17,91.17,85.83,88.5,86.83,88.83,86.5,91,88.12
87.39,86.17,85.67,85.5,84.33,91.5,81.67,86.83,88.33,86.17,83.5,89,80.83,85,85.85
84.56,87.67,88.67,85.25,88.83,83.78,91,88.83,83.5,84,85,81.83,90.5,85.17,86.33
88.11,83.5,88,90.25,81.17,89.61,89.17,87.5,90.5,83.5,83,91,85.5,87.33,87.01
84.78,83.83,80,90.25,85.33,84.94,87.67,88.17,88.83,88.5,89.5,82.5,84.67,87,86.14
84.39,82.67,86.5,86.5,88.33,89.78,90.5,85.17,89.17,92.17,88,89.5,83.67,86.67,87.36
89.44,86.17,88.17,85,89,88.39,87.83,85.33,87,88.67,85.67,88.83,81,88,87.04
81.67,89.5,91.67,86.5,87.17,86.5,91,84.83,84.5,88,87.83,85.83,86.17,90.5,87.26
83.89,80.83,89.5,85.25,88.83,86.72,85.67,88.17,86.67,85.67,83.5,88.5,87.83,85.5,86.18
84.89,88,80.67,92.5,85.33,82.28,90.33,90,84.83,86.83,84.17,84.83,84,88.5,86.23
83.61,83.17,86.5,91.25,88.67,88.61,88,87.83,86.33,82.83,83.83,92.17,89.33,91.33,87.39
89.28,83.33,85.33,85.75,87.5,86.22,90.83,91,90.83,88.83,87,83.67,85.67,82.83,87.01
80.06,84.5,86.17,88.5,90.67,89.78,88.67,88.83,85.33,86.17,87.17,79.83,82.83,86.67,86.08
84.11,88.33,83.17,84.5,85.33,87.83,85.33,89.33,87.33,89,88.83,84.33,87.67,89.33,86.75
87.67,89.83,89.67,80.5,87.33,90.72,81.67,84.83,85,87,87.67,89.33,87.33,87.17,86.84
87.44,84.17,89,82.5,89.83,85.22,85.5,87,90.17,85.67,83.67,83.67,85.33,85.67,86.06
83.61,84,84.33,87.5,83.17,88.67,90,86.17,84.67,85.33,88.33,88.5,87.5,86.33,86.29
83.61,82.33,88.33,88,86.5,85.44,84,87.33,91.33,86,89.33,87.17,88.5,84.33,86.59
86.11,85.67,86,93,82.17,80.67,83.83,87,86.33,86.5,87.83,87.67,86.5,87.5,86.2
84,83.83,84.17,89.25,83.83,90.72,90.83,88.17,87.33,91,87,82.67,84.5,86.5,86.7
83.39,88.5,86.83,88,91.5,90.72,91,79.33,87.83,85,89.83,89.33,89.33,84.83,87.53
85.67,86.83,90.67,90.5,86.17,90.78,86.17,85,89.33,88.33,86,81.67,82,88.17,86.95
84.5,85.5,86.17,85.25,83.5,84.39,84.5,89.67,87.33,93,86.33,83.33,88.33,81.33,85.94
85.22,88.33,88.83,83.75,85.5,89.83,85.67,86.83,87.33,83.33,85.5,91,81.83,85,86.28
89.33,85.67,87.33,90.5,89.17,86.28,84.83,81.67,82.5,86.33,87.33,92.83,91,87,87.27
85.94,80.83,85.67,86.75,86.5,83.17,89.67,83.33,88.67,86,93,87,83.17,93.83,86.68
84.22,88.5,86.83,90,83.33,85.56,86.33,84.33,85.33,88.33,92.33,89.83,87.83,86.17,87.07
88.67,86,84.83,87.5,92.17,88.83,89.83,82.33,90.33,84.33,85.33,85.67,81.83,88.5,86.87
83.28,88.33,88.5,79.5,83,87.94,89.33,88.33,89.83,86.5,84.17,92.83,85.17,85.33,86.58
83.28,85.17,88,92.25,88.33,91.06,87.33,85,90,86,81.33,90.5,87.33,85.67,87.23
90.72,87.33,84.83,83,88.5,85.06,84.33,85.17,88.5,90,89.83,88.17,89.67,83.17,87.02
87.72,83.17,89.33,83,82.67,87.89,91.5,87.83,87.67,89.5,86.33,86,86,82.5,86.51
82,87.33,90,81.75,86.17,82.56,85.67,84,86.83,86.83,88,84.83,88.33,87.83,85.87
86,85.33,83.83,86,86.17,84.33,86.67,90.67,84.33,85.33,87.17,88.33,89.5,88,86.55
82.11,87.17,84.67,86.75,87.5,88.72,88.83,83.67,87.5,86.33,83.67,86.5,79.33,89.17,85.85
88.94,88.17,84.83,87.75,86,85.78,86.67,86,88.67,83.83,84.5,89,85.83,85.5,86.53
91.61,82.17,84.17,90.75,85.83,83.11,86.83,86.83,92.17,89,86.83,84.83,86.67,84.5,86.81
88.22,92.67,88.83,81.75,85.67,84.89,91.17,83.67,89.17,85.67,88.33,83.5,81.5,90.67,86.84
85.5,89,89.5,85,84.17,83.89,85.67,85.67,90.33,86,85.5,88.67,85.5,85.67,86.43
82.44,87.5,86.33,86.5,86.83,88.94,88.83,88,86.33,87.67,84.5,85.67,90.33,84.5,86.74
87.39,80,88.67,92,86.33,80.06,84.33,89,86.83,88,86.5,88.67,84.5,89,86.52
84.5,87.17,86.83,83,83,87.89,86.67,88.33,86,88,84.83,86.67,87.5,86.17,86.18
87.83,87.17,87.83,89.5,85,91.33,85.5,86.83,85.67,88.5,84.33,83.5,85,87.5,86.82
89.39,88.33,82,86.25,84,82.78,86.67,83.83,89.83,86.5,91.17,88.83,85.33,90.33,86.8
88.11,85.67,88.83,82.5,85.33,85.06,90.67,81.67,88.33,85.67,89.83,84.83,89.5,84.17,86.44
86.06,89.67,89.5,89.75,80.67,89.94,83.17,88,88.5,87.33,87.5,89.17,86,91.5,87.62
87.89,86,87.67,84.5,83,86.67,85.67,92.5,82.33,83.17,88.67,87.67,84.17,87.83,86.27
92.78,89.5,83.33,86.5,89.67,82.83,87.67,83.67,83.33,81.83,88.83,85.33,89,83.17,86.25
92.61,88.83,94,91,87.33,90.33,84.83,84.17,89.17,93,87,87.83,83.67,87,88.63
84.67,81.33,87.17,80.5,84.67,86.89,90.33,84.17,90,80.83,91.83,86.83,83.17,80.5,85.21
83.72,83.67,90.33,84.25,87,84.17,88.67,91.33,85.67,85.17,87.33,85.5,79.17,85.17,85.8
86.22,91.33,81.33,90,93.5,86.56,88.67,86.17,86.17,85.17,90,88.33,86.83,88.5,87.77
90.61,92.5,86.83,85.75,88.5,85.94,89.67,89.83,86.17,84.5,83.83,87.83,84.67,88.67,87.52
88.67,87.67,83.67,83.25,83.33,84.17,87.17,85.5,90.83,86.17,86,85.67,87,83.5,85.9
86.94,84,89.17,83.5,82.83,83,85,89.17,92.67,85.83,81,87,83.5,84.67,85.59
81.94,86.83,87.5,92.25,89.17,83.11,86,88.33,84,87.5,82.67,86.17,87,82.33,86.06
84.94,89.33,85.5,85,81.67,84.94,86,89.17,89.17,83,86.67,84.67,89.67,82.33,85.86
87.39,85.17,84.5,85.5,90.33,83.67,85.33,91.5,89.5,88.67,77.5,86.5,86.17,84.17,86.13
86.89,87,85.83,86.5,82.5,86.28,89.5,88.33,86.83,84.83,83.5,86.67,86,86,86.19
85.83,84.5,86.17,91.5,90.67,83.56,86.5,88.33,85.67,89,85.67,87,89,87.83,87.23
85.56,88.17,88,84.5,86.67,80.78,88.33,91.67,87.67,89.33,86.33,84,90.5,89.17,87.19
80.94,88.17,85,88.25,83.17,86.72,83.33,82.67,90.17,83.5,84.33,92.33,85.67,83,85.52
87.44,85,82.83,89,84.5,90.83,86,88.83,82.33,82.67,87.5,92,85.33,87.5,86.56
86.5,81.17,87.33,83.25,86.17,87.28,85.5,87.83,88.83,86.5,87.33,86.33,92.67,84.83,86.54
84.28,82.5,87.17,86,84.33,81.61,86.33,83.17,91,79.83,91.5,88.33,85.67,86.83,85.61
85.28,86.17,88.83,84,84.67,86.56,88.83,87.5,83.67,88,87.67,85.33,83.83,84.5,86.06
83.22,86,86.5,92,85.33,88.28,90.33,89.17,86.5,84,83.83,86.67,88.17,92.83,87.35
82.78,87.83,83,87.75,88.83,86.5,86.33,83.67,85.33,90.83,87,84.33,90.17,89.33,86.69
83.44,91,85.33,81.75,85,88.56,88.33,86.83,83.83,92.33,89.83,86.67,87.5,86.67,86.93
83.78,87.17,89,82.75,85.5,86.56,89.17,87.5,84.5,84,84.33,89.67,84.33,84.33,85.9
82.72,94,85.33,86,89,92.78,84.67,88.17,87.33,86.17,88.83,91,86.5,81.83,87.45
82.39,88.67,84.67,84,85.17,88.17,85.67,84.33,89.67,90.33,85.33,84.17,81.83,87.5,85.85
87.94,89.67,87.83,88.5,89,88.83,90.83,91.33,88.33,86.5,88.5,88,86.83,83.83,88.28
88.44,92.17,85,84,81.83,86.67,86.17,86.17,86.5,86.33,87.17,87.83,89.5,83,86.48
86,86.83,88.17,82.75,82.83,85.56,87.67,89.83,86.33,84.67,86,87,87.33,89,86.43
85.28,87.67,83.67,80.25,87.83,86.06,81.5,88.83,86.67,90.33,88.83,85,86.83,85,85.98
88.83,85,84.83,85,86.83,91,82.83,86.83,85.33,81.33,87.5,86.83,80.83,85.67,85.62
89.33,84.5,87.17,87.75,85.5,89.39,85.5,86.33,85.5,87.17,84,86.33,84,88.67,86.51
85.61,84.83,81.17,81.75,86,84.11,87.17,87.33,85.83,90.5,87.5,89.67,86.83,86.5,86.06
89.44,82.17,85,88.5,88.83,84.28,86.17,87,86.5,86.5,91.67,82,87.83,89.17,86.79
85.78,87,83.67,91.25,86.17,86.72,87.5,81.17,85.5,84.67,88.5,85.5,87,86.83,86.23
83.22,88.5,86.67,91.5,84.5,85.11,89,89.33,89.67,85.5,86.67,85,92.67,87.33,87.48
85.22,88,86.5,85.75,90.5,84.78,83.83,86.67,80.17,88.67,87.83,84.17,87.83,88.17,86.29
82.83,88,88.67,88.5,88.67,92.06,91,90.67,89.67,89,87.83,84.17,85,87,88.08
89.06,85.83,86.33,86.25,88.83,84.56,85.17,89.83,90.5,87.5,84.33,88.83,87.33,86.5,87.2
83.11,84.5,88,94,83.83,87.28,84.67,92.5,85.5,91.67,83.33,87,92.67,88.67,87.62
90.39,91.83,87.33,81.5,88.33,86.61,81.67,84.67,89.5,87.17,90,84,85.67,84.83,86.68
85.28,87.17,89.67,82.25,89,83.83,86.67,86.67,88,85.33,86,85.33,89.33,89.5,86.72
92.5,87,89.33,87.5,88.83,88.56,89,85.67,89.5,88.83,85.17,84.17,87.83,84.83,87.77
84.39,84.83,84.67,83,82.33,89.22,88.67,85.83,86.5,87.67,83.17,88.33,90.5,86,86.08
89.28,90.33,90.33,82.25,82.83,88.11,85.17,88.33,84.67,83.17,87.33,89.17,85.67,85.5,86.58
87.17,86.17,86.5,86,84.33,86.61,84.5,83.17,86.5,85.67,84.33,86.33,86.83,89.5,85.97
85.5,88.67,85.5,83.75,85.5,88.28,90,87.83,81.67,91.33,88.83,84.5,87.83,90.17,87.1
84,85.33,90,86.25,89.17,87.22,84.67,86.17,84.33,93.17,90.67,80,85,85.33,86.52
83.89,84.5,87.17,90.5,92.33,86.78,83.83,86,93,90.33,86.83,89,87,81.67,87.35
82.67,88.33,81.83,79.25,87.17,82.89,85.5,84.33,83.67,82.17,93,87.5,89.17,85.83,85.24
84.67,83.67,86.5,82,87.67,87.56,88,88,88.17,87.33,88.17,85.83,92,87.17,86.91
81.39,87.67,83.17,88.25,88.67,90.72,85.17,86.5,86.17,83.17,83.33,92.67,88.17,90.33,86.81
86.33,83.33,87.17,84.25,88.83,81.11,86.33,91.33,85.67,90.83,83.33,87.17,85.67,81.83,85.94
89.33,91.17,85.5,86.5,84.5,92.17,90,88.83,83,84.17,86.17,84.83,87,88.17,87.24
88.06,85.83,87.17,88.25,85.17,78.61,83,86,85.83,90,84.5,87.17,88.83,86.17,86.04
84.61,83.17,88,90.5,91.33,89.06,91.33,81.67,80.67,86.83,86.83,85.33,82.67,88,86.43
88,86.17,85,85.75,84.67,85.72,88.17,85.83,84.5,90,85,83.5,91.17,82.83,86.16
85.72,90.5,89,85.75,88.67,86.28,87.83,88.83,85.83,82.67,84,87.33,87.67,83.33,86.67
90.44,91.17,86.67,84.5,86,87.94,94.67,89.5,83,84.5,86.67,83.33,86.17,85.5,87.15
86.56,86.33,89.83,89.75,89.17,87.22,88.83,86.83,83,84.17,90.33,85.5,89,89.67,87.59
87.11,87.17,86.83,79.5,87.83,84.17,89.67,81.5,87.83,87,90.67,88.33,84,84.17,86.13
89.44,86.17,86.33,86.5,87,86.17,87.5,82.67,87.33,87.17,90,89.67,85.83,87.67,87.1
84.67,90.17,88.83,87,89.83,91.06,89.5,83.33,82,90.67,88.67,81.33,86.5,85.33,87.06
91.67,86.83,87,83,86.67,87.06,82.67,86.33,85.17,88.67,87.67,92.67,91.83,90.5,87.69
88.67,91.5,87.83,83.25,86.5,84.17,88.83,89.33,85,90,86.67,84,89.17,86.33,87.23
82.44,88.67,85.67,84,85,86.28,79.67,82.33,85,83.5,86.83,87.83,86.17,84.5,84.85
84.5,90.83,84.67,89.75,89,84.61,82.83,86.5,91,90.5,87.5,81.5,86.5,81.83,86.54
82.61,86.33,83.67,86.75,81.67,88,86.5,84.67,82.83,90.67,85.17,81.17,86.33,85.33,85.12
86,88.33,88.17,88.75,82.5,84.67,86,91.17,86,86.33,87,86.83,89,85.33,86.86
90.17,91,86.67,80.75,86.17,87.39,87,87.5,88.67,87.33,84.83,85,84.5,86.67,86.69
88.67,86.67,86.5,86.5,86.17,82.5,84,83.33,85.5,87.83,89.33,87.83,85,81.5,85.81
84,84.33,80.5,81.5,82,86.94,82.5,86,85.33,86.33,87.5,89.17,87.67,84.83,84.9
86.44,84.83,87.17,89,80.33,86.72,86,84.67,89.33,87.83,88.33,85,84.17,81.83,85.83
89.89,86.17,88.83,88.75,84.33,91.94,89.33,85.5,84.17,89,85.17,86.67,85.5,80,86.8
90.06,83.33,91.67,84.5,84.17,86.11,84.67,87,88.17,86.83,87.5,84.17,87.17,87.33,86.62
86.22,89.67,85.83,83.25,89.33,85.89,90.83,85.67,84,84.17,92.5,87.83,85,87.17,86.95
89.94,86,83.33,83.75,81.67,86.06,84.17,85.67,89.5,88.17,85.33,86.17,87.33,84.67,85.84
91.44,85,88.67,93,86.83,89.06,85.83,85.83,91.33,81.67,90.17,88.83,84.83,84.33,87.63
81.22,90.67,89.5,89.5,86.17,85.11,80.83,90.17,84.5,87.67,87.33,85,86.5,89,86.65
88.28,82.67,85.67,89.75,87,85,82.67,83.5,84.33,83.33,87,86.67,85.17,84.67,85.41
86.61,83.17,87.17,84.25,89.5,87.61,81.83,84.83,85.33,84,82.17,85,88.67,92.17,85.88
84.11,87.5,87.17,88.25,80.5,85.28,87,88.33,80.83,87.17,83.83,87.33,80.17,83.67,85.08
84.72,84,84.17,93.75,81.5,85.06,87.83,84,84.67,84.5,85.83,87.5,89.67,87.5,86.05
93.61,87.5,88.83,90.5,84,87.44,82.83,86,81.67,84.67,86.33,88.17,89,84,86.75
87.11,85.5,79.67,91.75,89.83,85.28,87.83,86.83,86.67,86.17,83,87,87,81.5,86.08
84.78,85.17,83,85.5,89.5,89.94,84.17,90.83,94,85.17,85.5,89,82.5,80.67,86.41
88.11,85.33,89.5,80.75,85.17,85.83,90.17,81.83,84.17,88.83,84.5,87.5,82,89.33,85.93
82.67,83.17,87.33,80.25,86.5,87.56,82.83,91.33,84.67,86.33,90,86.83,89.5,85.33,86.02
90.5,81,91.17,84,83.5,89.22,89.17,82.33,83,85.83,84.83,86.67,82.5,87.83,85.83
89.33,88.17,87.67,86.75,86.67,85.28,90.67,87.67,81,84.67,84.83,81.33,86,91,86.5
86.67,91.33,89.17,90.25,87,83.06,86.17,94,89.67,87.17,85.83,82,86.33,86.33,87.5
86.44,82,89,90,85,87.56,88.5,85,89.33,85.83,89,85,85.5,90.33,87.04
90.22,85,85.17,85.75,87,84.56,85.83,84.33,87.67,87.83,85.5,81,85.67,84.83,85.74
85.72,90.83,84.33,85.25,91.17,84.78,85.83,90.33,83.5,84.67,80.5,83.33,91.33,82.67,86.02
85.33,85.83,85.83,90.75,81.83,87.17,87.67,86,84,84.17,85.5,87.83,85,86.17,85.93
88.61,89.33,90,83,83,87.06,87.83,86,88.33,86.5,87.83,88.67,87,83.5,86.9
85.39,85.67,91.5,84.75,87,89.61,85.5,89.67,85.83,86.5,86.83,92.33,84.33,86.17,87.22
92.11,91.83,86.33,83,87,80.89,80,82.33,87,82.67,82.17,95,89.83,85,86.08
87.28,91.67,84.67,87,88.5,87.44,87,89.5,87.5,89.67,88,83,82.33,88.33,87.28
89.06,80.5,86.33,88.25,87.83,85.22,86.17,82.33,88.83,85.33,83.83,86,86,94.67,86.45
84,84.67,84.17,80.25,84,88.78,86.5,89.17,89.67,94,89.83,84.83,81,89,86.42
85,90.17,86.17,80.75,86.33,84.17,83,81.83,89.33,84.17,80.17,83.83,88.17,88.5,85.11
87.22,82.5,83.5,86,84.83,90.06,86,87.33,85,84.83,90.83,88.5,85.83,85.83,86.31
81.78,88.83,84.17,82.75,87.5,89.89,89.33,86.67,84.33,83,88.17,88.83,84.17,83.67,85.93
80.78,86.83,87.33,91,84.67,85.44,82.5,88,86.83,86.67,83.67,82,83.33,87,85.43
87.94,94.83,91.67,83.5,92.17,82.72,86.33,87,84.67,86.67,85.5,84.67,82.17,86.67,86.89
83.17,84.67,87.17,86.75,83.67,86.61,87.17,86.5,86,87,81.5,85.67,81.83,83.5,85.09
85.78,87,89.33,82,87.5,88.22,88.17,85.17,88.17,84.67,89.17,85.83,85.67,88.83,86.82
82.67,84.67,89,86.75,90.67,82.78,81.33,88.5,85.33,86.33,88.17,83.67,86.33,81.83,85.57
85.72,80.67,86,90.5,86.67,83.44,82.5,84,90,85.83,87.33,86.83,88.83,83.17,85.82
87,88.5,87.5,83,83,84.67,87.83,86.5,91,90,84.67,84.33,83.83,86.33,86.3
84.11,86.83,88.83,84.75,88.33,87.11,86.67,87.17,86.33,84.33,85.67,87.5,83.5,84.33,86.11
83.72,82.5,90.33,90.25,92.67,94.28,89.67,82.67,89.83,86.33,84,87.33,88,92.5,88.15
88.33,88.17,85.67,87.5,89.33,87.06,83.33,82.17,88.67,92.17,90,84.17,82,84,86.61
88.83,84.67,84,88.25,80.83,83.33,88.5,86.67,86.83,87.17,87.5,84.83,89,90.83,86.52
88.89,83.5,91.67,94.75,83.17,89.72,83.83,86.17,88.17,88.17,86.33,87.5,87.33,87.5,87.62
86.56,84.67,88.67,87.25,85.33,87.33,87.5,86.17,91.5,84.17,88.5,89.5,81.17,86.5,86.77
89.5,84.83,88.67,81.25,82.83,86.5,85.17,87.33,85.67,85.5,88.17,87.67,84.67,86.5,86.02
86.83,86.83,88.33,89.5,88.33,84.17,88.33,83.33,89.83,90.83,87,87,89.17,86.67,87.58
94.17,84,87,83.25,83.67,87.78,91.33,89.33,86,87.33,82.5,87.67,90.5,84.17,87.05
84.89,84.67,83.83,82.25,86.33,87.22,85.67,85,88.17,90.5,80.33,89,86.83,88.17,85.92
89.11,85.17,84.17,84.75,89,88.28,83.83,91.33,83.33,87.33,88,85.83,85.17,86.17,86.53
84.78,89.17,87.5,87.5,86.33,86.22,86.5,84.17,83.17,84.33,89,90.67,86.33,91.17,86.92
87.83,94,82.67,83.75,88.17,89.44,87.83,87.17,88.33,88.5,87.67,85.67,83.83,85.5,87.17
88.06,86.67,86.67,84.5,84.5,89.67,89.5,88,87.83,86.83,84.33,87.17,84,83.83,86.54
86.94,83.17,85.33,85.25,87.5,86.61,87.17,87.33,83,85.17,85.17,87.17,87.5,85,85.88
85.83,87.33,86.33,92.75,87.67,84.61,88.67,86.17,89.17,84.83,85.33,88.5,81.33,87.83,86.88
89.94,87,91,81,85.83,91.28,86.17,84.5,92.33,88.67,89.67,83.33,87.5,89.33,87.68
86.72,86.17,86.17,86.25,84.17,85.44,81.67,87.5,84.33,81.33,90.5,88.33,85.5,88.83,85.92
84.83,83.17,86.83,81.25,88.5,85.5,86.67,85.83,86.17,85.83,84.67,82.5,82.83,85.33,84.99
84.94,86.17,84.67,82.75,88,84.17,90.67,86.5,87,86.67,86.5,86.17,87.17,86.33,86.26
83.89,91.67,86.33,85.25,88.17,86.83,85.33,86.5,88,90.5,80.17,82.5,89.33,86.67,86.51
85.83,88.83,86.5,84.5,88.17,90.28,92,90.5,88,88.5,83.17,91,84.83,84.67,87.63
86.94,91.5,81.17,84.25,81.67,88.06,85.33,88.17,84.67,83.67,93,87.67,86.33,88.17,86.47
86.06,84.5,83.5,88.25,87.5,82.94,83.83,85,87,88,88.83,86.83,84.17,88.5,86.07
83.22,81.83,86.83,90,81.83,83.94,88.17,83.33,85.5,81.33,89.83,83.17,91,85.5,85.39
88.44,86.17,84.83,81.25,82.17,87.22,84.5,83.83,93.33,89.33,87.83,89,91.83,84.17,86.71
85.11,85.5,90.17,92.25,88.33,88.56,89,88.17,84.33,88.83,81.83,93.5,82.33,85.33,87.38
88.56,88.83,86.83,85.25,91.17,87.33,90.67,88.67,87.33,85.33,90,87.17,87.5,89.33,88.14
90.44,91,85.17,92.25,86.83,82.33,87.33,86.17,84,85.17,88.67,84.83,84.83,83.33,86.6
88.28,85.5,87.67,88.75,85.17,87.44,85.5,86.17,81.67,87.5,86.33,89.67,85.17,85.83,86.47
81.11,83.33,86.33,90.75,87.33,89.67,85,88.83,84.17,89.67,87.67,86.33,84.17,86.67,86.5
88.83,89.5,84.67,81.25,86,82,84.67,90.67,85,82.83,88.83,86.5,86.83,86,85.97
82.44,88.33,84.33,88.75,84.17,86.39,85.5,87.83,88.67,86.83,85,91.67,90.5,85.83,86.88
90.56,80.17,83.5,82,88,84.78,85.17,85.83,87.17,83.17,89,90.5,87.33,85.67,85.92
84.5,83.33,88,79.75,85.83,89.33,87.5,92,87,87.17,83.33,87.17,88.83,85,86.34
85.78,81.17,82.17,87.5,87,87.44,90.17,89.67,90.83,84.33,88.33,92.17,83.33,83.67,86.68
85.78,87.33,87.5,85,86.83,89.22,85.5,87,89.67,80.67,79.83,87.83,84.83,83.33,85.74
85.39,87.83,86.83,84,88.33,91.89,86.17,85.33,87.33,88,82.83,88.33,84.5,86.33,86.65
82.67,91.83,88.33,90.5,80.5,82.67,84.17,85.33,86.83,83.67,81.83,87.33,84.67,81,85.1
82.61,89.5,82,85,84.5,91.78,84.67,85.17,85.67,80,88.67,84.83,87.83,88.5,85.77
90.83,90.33,84.17,83.75,88.5,88.72,88.5,83.17,87.83,90.17,84.33,87.5,83.17,88.83,87.13
87.72,88.33,83,88.75,83.33,81.56,85.5,80.83,86,84.5,90.33,86.17,84,87,85.5
86.22,91.5,88,83,84.67,87.06,83.17,88.17,88.33,85.67,90.83,86.33,88.67,80.67,86.59
86.39,88.83,84.67,83.5,84.33,89.28,92.5,85.5,88.5,86.67,91.5,83,84.17,82.83,86.55
87.61,87.67,87.17,87.75,86.17,84.83,88,86.67,84.67,87.67,84.33,84.5,86,84,86.22
88.44,86.83,89.33,88.25,83.67,86.89,85.83,88,86.67,85.5,85,86.83,92.17,89.17,87.33
85.89,83.83,84.17,81.5,88.83,84.56,84,89,87.17,83.5,81.83,86,85.83,90.17,85.45
92.28,87.83,89.67,83.5,91.17,86.94,90.17,82.83,85,84.5,85.5,88.17,87.83,83.17,87.04
85.78,88.67,91.83,89.25,85.83,87.72,88.83,85.67,87.33,92,86.83,85.5,90.17,84,87.82
87.17,86.17,89.5,88.25,87,90.22,85,83.83,86,83.33,86.5,87.83,85.67,90.17,86.9
87.22,82.33,85.17,80,93,93.17,85.67,87,82.83,87.33,87.17,84.67,88.5,90.33,86.74
89.72,82,80.33,92.25,84.33,84.39,85.83,86.33,91,89.33,87.5,88.17,83.83,87.5,86.61
85.56,84,84.67,90,81.33,87.94,89.5,83.17,86.33,86,87.17,88.67,86.33,87,86.26
87.44,84,87,81,86.33,86.56,89.5,83,86.67,87.67,87.5,91.83,87.33,87.33,86.65
85.56,85.33,84.67,88.5,87.83,82.28,90,86.67,85.83,86.33,88,86.33,89.83,91.5,87.05
87.61,85.83,88.33,86.25,87.17,89.72,84.83,86.67,87,83.17,84.5,85.17,85.17,87.5,86.35
86.94,87.17,84.17,84.75,86.5,89.28,89.17,85.17,86.17,91.5,80.67,90.83,85.17,81.83,86.38
88.06,83.33,89.83,84.75,83.17,79.78,89.5,88.33,88.67,79.5,89.33,83,93.33,89.5,86.43
89.83,88.33,87.33,92,88.67,82.78,87.33,84.83,83.83,89.17,90.67,86.83,86.33,85.83,87.41
87.06,92.83,90.33,85.5,81.5,81.28,86.17,87.83,89.5,88,86.17,83.83,82.5,84.33,86.2
91.72,89,90.83,91.5,86.83,87.28,85.17,86.5,84.5,87.17,86.17,91.17,89.67,82,87.82
87.61,88.17,87.5,90.5,87.83,87.5,84,90.17,81.67,81.5,87.33,87.33,82.5,87.33,86.5
81.83,91.83,89.67,88,86.83,89.17,86.67,90.67,81.17,83.17,85.83,88.67,88,89.67,87.23
88.39,90.67,87.17,83.5,81.17,85.28,88.67,85.5,86.83,87.67,86.33,83.67,88,85.67,86.32
89.06,84.5,87.17,87,89.67,87.33,85.17,85.17,85.5,82,87.67,86.83,80.5,91.5,86.36
89,84.5,82.33,78,88.17,87.11,88,85.5,85.67,85.17,84.5,85.67,89.67,83.67,85.5
83,83.17,85.17,89.25,85.17,90.83,91.83,88.67,90.83,79.83,89.17,83.83,87.67,85.67,86.72
85.06,82.5,88.83,90.75,88.67,87.78,85.67,83.17,93.83,87.5,86.33,80.67,88.67,78.5,86.28
87.56,91.17,89.5,82,84,88.22,82,88.83,79.17,90.17,93.67,83.17,84.67,91.17,86.81
83.94,86.5,84.67,88.5,84.67,88.44,84.67,83,82.33,87.5,84.83,83.67,88.83,85.5,85.5
86.39,84,90.5,85.25,86.67,86.17,84.5,85,87.5,86.67,89.17,87.67,90.67,88.17,87.02
84.28,89.83,85.17,84.5,88.67,85.11,87.67,85.83,87.5,82.5,85.5,86,89.5,89.67,86.55
90.56,87.67,87.5,82.25,79.5,85.33,89.67,88.5,86.17,91.83,87.5,83.67,88.67,92.5,87.24
85.72,83.67,84.67,83.75,88,83.89,84,87.17,89.67,84.17,83.83,82.83,87.67,89,85.57
85.39,83.33,80.67,86.75,84.67,87.33,84.5,84.17,81.83,91,84,90,86,87,85.47
89.33,87.17,81.5,91.25,86.67,85.39,88.67,84,91.17,88.83,87.83,84.67,85.17,89,87.19
83.11,88.67,85.5,89.75,90.67,87.17,88.33,85.33,86.5,85.17,86.33,90,87.17,85.5,87.09
86.56,83,91.5,83.75,88.83,86,86.67,79.33,91,82.83,89,90.33,86,91.67,86.89
87.67,90.83,91.67,87.75,87.5,89.89,85,90.5,88.83,85.5,88.17,89,82.67,83.83,87.77
88.94,80,83.5,84.75,90.5,86.22,83.83,84.17,90.17,83.5,87.17,85.83,87.67,80.5,85.48
85.56,87.17,82.17,88.25,84.67,83.67,88.5,86.67,85.33,87.67,83,82.17,88.17,88.67,85.83
86.17,86.5,88.17,90.75,86.83,85.61,83.33,86.83,86.17,83.17,85.33,87.67,88,87.17,86.55
86.06,89.67,84.5,86.75,85.33,87.22,87.33,89.5,84,87.33,90.5,88.67,89,87.83,87.41
85.44,90.17,86,82.75,90.83,87.67,81,90.33,90.5,90.33,83.17,85.33,86,84,86.68
87.5,88,87.5,81.75,83.33,83.89,85.67,81.67,84.17,82.17,88.17,89.17,86.33,85.33,85.33
87.28,89,86.5,82.75,87.5,82.94,84.67,83.17,89.17,91.67,85.83,83.83,91,86.5,86.56
87.22,88.5,84.17,85.75,88,83.5,86.17,85.5,82.67,88,88.67,90.33,85.33,81.33,86.08
88.33,89.83,85.67,82.25,86.83,81.28,91.5,83,86.83,90.5,82.33,88,87.17,87,86.47
84.44,88.67,83.5,86.5,84.17,87.72,91.33,86.33,87.17,86.33,87.33,85.17,85,87.83,86.54
82.39,87.83,91.33,79.25,82.33,88.89,84.5,90.17,86.67,91.33,81.17,88,82.83,83.33,85.72
86.78,89.33,79.67,91.5,86.33,85.44,89.67,82.83,82.5,85.17,85.83,86.5,88.83,85.17,86.11
90,89.5,87.33,83,86.33,90.39,87.5,86.5,91.5,83.5,88.83,80.33,87,86.83,87.04
89.61,87.5,90.17,85.25,89.83,84.33,89.33,84.83,82.33,81.5,89.33,88.5,89.67,88.33,87.18
90.17,87.67,90.17,92,88.33,86.72,82,91.33,91.83,89.5,87.17,89,88.17,90.67,88.91
89.28,85,89.83,86,88.17,86.78,79.5,89.17,86.33,87,88.83,89,89.17,89.67,87.41
86.78,88,85.67,86.5,92.17,81.72,88.33,82.83,89.33,85.33,89.5,87.67,86.67,92.33,87.35
84.39,87.67,86.5,93,90,90,85.83,82.5,84.17,89.17,86.67,84.17,88.67,83,86.84
85.72,87.17,87.5,84.5,85.83,91.5,89.67,88.17,83.33,84.67,87.33,79.83,86.33,86.17,86.27
83.72,87,88.5,84.75,92,84.78,86.17,89.83,83.17,84.83,87.33,85.5,93.5,87.67,87.05
83.17,86,84.83,85.5,84.17,82.72,84.67,87.83,89.5,82.5,83.17,84.5,84.17,82.83,84.68
90.22,84.33,84,82.25,91.5,84.22,87.83,84.67,87,90,86.83,88.33,88.33,85.33,86.78
89.11,89.5,85.83,84.5,85.33,90.17,81.5,89.17,89.83,88.17,85.17,86.83,81.67,88.33,86.79
89.5,82.67,84,91.75,89.17,90.06,87.5,84.33,88.17,87.83,87.67,85.67,90.33,88.17,87.63
86.28,84.17,82.83,84.5,86.83,87.83,87.33,84.83,89,82.83,87.5,86,85.67,89.17,86.06
86.06,88.5,88.33,87,84.83,87.78,86.33,88.83,82.33,86.5,89.83,84,88.17,87.83,86.88
88.72,90.83,90,88.25,88,84.56,84.67,86,82.67,89,90.33,84.17,86,91.17,87.45
89.83,87.83,86.5,88,82.33,83.56,86.83,84.33,85,89.17,87.67,82.67,85.5,83.83,85.93
80.89,88.33,87,84.75,85.83,79.5,88.17,82.33,89.17,88.67,87.67,82.33,87.33,86.33,85.59
87.83,88.67,87.83,83,88.33,88.06,92.83,84.33,85.17,87.5,93.17,87.33,84.67,81.17,87.13
87.44,88,87.17,84,89.67,88,87.5,91.5,91,90,88,85.17,83,89,87.82
92.72,89.83,86.17,87.5,83.33,91.78,83.67,83.5,89.67,86.17,78.33,83.83,87,91,86.75
90.39,84,83.83,86.25,84.33,86.78,90.33,86.83,82,85.33,84.5,89.83,90.83,78.67,85.99
85.22,87,88.33,89.75,90.5,88.72,88.33,85.33,88.5,87.83,89.33,85.33,89.33,89.67,88.09
86.78,90.33,87.5,87.25,84.83,88.61,86.83,92.17,91.5,87.17,91.67,81.5,91.33,84.67,88.01
86.94,82.83,87,85.5,88.67,87.11,83.67,81.17,84,88.5,87.5,87.17,83.17,87.17,85.74
83.94,86.33,83.17,90,90,85.61,87.83,87.83,85.17,85.83,90.33,92.33,91.33,89.5,87.8
85.83,92,88.33,85.25,86,86,86.5,83.67,81,81.83,84,84.33,88.5,78.83,85.15
87.17,82.33,89,95,84.5,87,84,92.17,92.33,84.17,89.17,91,87.17,87.17,88.01
88.06,83.17,90.33,88,84.17,84,82.67,85.33,88.33,86.33,87.17,87.33,85.17,86.83,86.21
87.33,87.17,89.33,86,88.33,86.22,86.83,89.5,93.83,92.17,85.5,87.5,84.5,84.33,87.75
85.28,87.17,85.17,88,80.5,87.67,86.83,86.33,86,84.67,85,87.67,91.83,89,86.51
90,85.67,89.5,83,87.17,81.33,84.33,86.17,91.83,85.17,88,86.83,86.33,85.83,86.51
88.39,88.5,83.5,84,84.5,87.67,84.33,85,82.17,88,86.67,84.83,88.67,82,85.59
85.61,84.17,85.67,83.75,88.83,89.89,79.83,85.17,84.83,85,87.5,86.17,88.5,89.33,86.02
86.06,89.17,87.33,81.75,82.5,86,85,86.17,88.83,88.5,83.33,84.67,87.33,85.33,85.86
82.78,83.67,85.17,91,91,85.78,92,87,82.17,80.33,82.83,89.5,83.83,87.67,86.05
85.44,88.67,84.5,88.25,93.67,88,81.83,88.17,81.67,89,85.83,88,92.67,86,87.26
84.89,86.17,86.5,85.5,83.17,86.78,85,85.17,86.33,85,82.17,86.5,87.33,90.5,85.79
88.5,88.5,88,89,85.33,91.44,86.83,86.83,86.17,85.17,82,86.83,90.5,85.33,87.17
85.94,85.33,85.17,91,87.33,85.06,82.33,90.83,88.83,82.5,84.83,87.17,87.5,88.67,86.61
85.5,85.33,83.67,86.5,87.17,82.11,81.83,92.17,91,86.33,87.67,91,86.33,89,86.83
84.56,89.67,84.5,85,89.67,87.22,89,80.5,87.67,84.33,87.67,84.67,88,86.83,86.38
86.72,84.5,82.33,92.75,85.5,92.5,85.5,82.5,85.33,85.67,89.33,89.67,83.67,80.67,86.19
85.22,87.17,89.33,82.75,86,83.33,88.67,82.33,85.17,87.67,86.17,89.67,84,89.33,86.2
85.83,84.17,82.83,80.5,91.67,87.44,86.5,92.5,86.5,88.33,83.67,86.5,84.83,89.67,86.5
86.44,87.17,83.33,87,86,85.28,88.5,87.67,87.33,84.83,86.5,85.83,89.33,87.17,86.6
81.67,83.5,86,87,87.5,89.56,87.33,83.5,85,87.5,87,84.17,86.5,84,85.73
83.39,88,83.33,85.75,86,88.83,84,87.33,85,89.5,86.5,87.5,87.17,87.17,86.39
83.67,81.83,84.33,87,87.33,84.33,83.67,86.83,87.5,84.83,89.83,89.83,86.83,85.67,85.96
88.44,84.67,84.83,87.75,84.33,87.22,87,89.83,85.83,86.33,87.67,89,83.83,85,86.55
87.06,82.33,85.83,91.75,87,89.06,86.83,87,88.17,86.5,85.17,90,84.33,86.17,86.94
88.56,88.67,87.17,82,86.17,84.67,84.83,84.5,87.17,89.17,80.67,87.67,84.83,87.67,85.98
83.83,83,87.5,83,85.5,87.67,84.83,83.67,86.33,83.17,87.17,86.33,86.5,86.17,85.33
88.56,85.67,85.17,90,87.67,84.17,86.67,83.5,89,83.33,87,85.83,86.33,85.17,86.29
86.33,88.83,82.5,85.75,85.5,90.5,90.5,86.17,86,89.83,91.67,86,88.5,85.83,87.42
81.94,85.17,85.67,89.25,87.5,87.89,86.17,85.5,87.67,84,83.17,90.17,84.17,87.83,86.15
87.94,86,86.83,87.75,84.83,85.22,86.5,93.17,89,83.33,84.83,87,88.83,88.83,87.15
82.22,87.5,84.67,90.5,84.33,89.17,91.33,89,85,84,89.5,87,88.17,89.17,87.25
87.61,85.33,87.33,92.25,89.67,82.72,86,87.17,88,88.5,87,87.5,86.33,78.33,86.7
90.11,85.17,85.5,90.75,87.67,88.5,87,86.17,88.17,84.17,88.5,87.17,89.33,85.83,87.43
86.61,83.17,88.83,92.25,82,89.28,86.67,88.17,89.33,85.67,86.67,81.17,85.5,85.33,86.47
86.28,88.5,86.17,83.5,86.17,89.28,88,85.33,90.83,86,86,84.67,89,88,86.98
89.72,87,85.67,90,83.67,83.39,85.17,82.67,91.5,86.83,86.5,87.5,82.83,82.83,86.09
86.72,86.33,85.33,86,81.5,88.11,89.5,90.5,82.67,86,81.5,87.83,83.83,85,85.77
83.33,86.67,83.5,86.25,85.67,84.22,84.17,91.67,88.5,84.17,85,86,86.33,85.17,85.76
87.94,89,85.83,84.75,85.83,85.17,84.17,90,84.5,82.5,89.33,85.83,85.33,87.17,86.24
84.28,85.83,85.17,84.75,88,91.06,89.67,87,86.67,85.33,88.17,89.5,85.17,84.67,86.8
84.72,85.67,89.67,80.75,88.33,87.39,86.17,85.33,82.5,88.5,86.17,90.17,89.5,85.5,86.45
88.61,85.83,86,83.75,85.5,82.5,85.5,86.5,87.83,88.17,82.83,86.83,82,86,85.56
86.44,90.67,84.83,84,84.17,87.56,87.83,79.83,84.17,88.17,85.83,90.33,88.5,86.17,86.32
87.39,89.5,88.33,92,88.17,86.39,83.33,87,87.67,85.67,79.83,88.17,83,87.67,86.72
86.56,86.33,91.33,84.25,94.67,82,81.83,83.33,84,85.83,84.5,83.5,85.83,85.33,85.66
88.06,87,83.5,83.5,84.33,89.28,87.17,84.67,90.33,87.17,88.5,85,87.83,87.33,86.69
87.89,87,92,89.25,92.17,79.5,86.83,86.5,83.17,90,83.5,85.17,89.33,89.5,87.27
89.17,88.17,90.33,91.5,85.33,90.17,89.67,87.5,83.83,83.83,86.33,80.17,81.83,87.67,86.82
88.39,83.17,87.5,87.75,84.5,89.56,85,89.83,88.83,84.83,84.17,82.67,82.17,80.33,85.62
87.61,86.67,86.33,90,89.33,85.78,85.5,85.83,87.33,83.5,85.67,87,85.83,85.67,86.58
80.5,89.83,86.83,90,83.33,90.56,88.17,87,88.67,92.83,84.33,84,90.5,87.17,87.41
90.17,85.33,91.17,87.75,85.5,85.22,81,87.67,88.5,91.17,79.5,87.33,88.5,87,86.84
82.44,89,84.83,86.75,93.17,90.83,87,91.5,86.67,86.83,84.83,85.67,90.5,79.33,87.1
87.11,81,87.33,96,87,83.94,88.33,85,86.17,86.17,82.33,89.33,88.17,86.83,86.77
88.89,86.17,89.67,82.25,83.17,80.22,83.5,88,89.83,90,87.33,83.17,85.33,84.5,85.86
87.11,83.17,87.17,88,89.33,84.61,87.83,89.5,89.5,87.17,86.83,86.5,84.17,88.5,87.1
84.39,81.33,86.5,92.75,84.83,86.5,88.83,85.33,86,84,84.67,90,84.33,87.67,86.22
84.39,88.83,81.67,91.25,82.5,82.06,84.33,83,84.33,79.5,90.5,88.33,84.33,81.83,84.78
83.44,86.83,87,84.5,88.33,88.11,90.17,93.17,83.83,85.83,87.33,85.5,88.83,86.33,87.09
85.67,89.83,85.67,86.75,87.67,84.61,90.17,87.83,87.67,79.5,86.17,88.17,85.33,87.17,86.59
87.56,81.17,92.67,89.75,86,88.89,86.5,86.67,84.67,85.5,86.17,83,88.17,85.5,86.59
85,90.33,87.5,90.5,84.5,81.56,91.83,87.67,87.17,83.17,89.17,91.33,91,85,87.55
85.94,81.5,88.5,83,90.33,89.06,90.5,84,84.17,84.33,89,86.5,86.83,83,86.19
85,83.33,87.83,92.75,89.83,86.33,84.17,87.67,88.83,90.17,83.33,83.17,87.17,85.67,86.8
90.17,88.83,84.5,87,85.33,84.22,87,87.17,86.83,90.83,83.17,86,89.83,88.17,87.08
83.11,86.67,84.33,87.75,84.5,90.06,86.67,85.17,88.67,83.67,85.83,80.5,80.83,83.67,85.1
85.06,88.5,91,83.5,85.67,87.22,83.17,90,93.67,89.33,84,90.33,81.17,87.83,87.17
85.94,89.17,89.33,83.75,89.33,86.61,83.5,85.83,89.33,86.17,83.33,89.83,80.17,87.5,86.41
91.94,89.83,85,87.5,84.17,80.44,88,85.17,88.17,86.17,81.17,86,86.83,86.83,86.23
90.11,85.83,86.67,87.75,91,90.28,85.17,87.67,87.67,87.33,88,83.5,85,87.33,87.38
88.44,87.33,82.17,92.5,89,80.67,81.17,86,87.5,93.33,91.17,83.33,83.17,88.5,86.73
84,82.5,87.33,85.75,84.5,83.33,91,87.33,80.67,83.5,85,84.33,90.17,91.67,85.79
86.78,86,89,92.5,83.5,87.94,86.17,84.5,90.5,83.33,86.67,90.5,83.67,86.83,86.99
84.67,81.83,87.5,83,89.67,81.22,87.67,90,87.33,80.33,84.33,84.17,87.33,81.33,85.03
87.22,88.83,85.67,84.5,87.5,85.28,91,91,92,88.33,85.33,82.67,85.5,85.5,87.17
82.56,83,83.83,85.25,88,84.28,85.17,88.83,89,88,83.83,85.33,87.17,81.67,85.42
86.5,88.83,89.83,92,86,86.44,86.67,89.83,86.17,85.17,82.33,89,90.67,82,87.25
89.78,84,88.17,93.75,84.83,89.89,85,83.67,86.83,87.17,88.33,87.67,85.17,89.5,87.41
82.44,82,87.17,87.25,89.83,86.5,89.5,86.83,85.67,90,89.5,87.67,83.83,90.5,87.05
82.78,84.83,86.17,88.25,87,84.06,88.33,86.17,87.33,88.83,87.17,86.5,86.17,90,86.68
92.22,79.67,83.83,89,82.5,82.56,84.17,84.67,89.33,88.83,80.33,91,86,82.33,85.46
84.83,86,90.33,86.25,88.5,81.11,90.17,84,84.17,87.17,86.67,85,87,88.33,86.39
85.28,90.33,85.83,83.75,88.33,83.89,82.67,91.17,88.67,85.67,88.5,86.33,89.33,81.33,86.51
83,87.83,84.83,88,88.5,82.56,87.5,87.33,90.83,83,82.33,90.33,87.17,88.83,86.58
87.72,87.67,84.83,84.5,79.33,79.17,81.33,87.5,87.33,88.83,81.83,92.17,91.17,90.17,85.97
88.17,80.67,84.67,90.75,85.17,88.67,87.83,83.83,86.83,87.67,88.67,90.33,86.33,82.17,86.55
90.11,85.5,86.17,89.5,80,89.89,82.5,83.67,79.17,84,85,84,87.67,88,85.37
88.89,90.83,87.67,85.5,84.33,84.78,83.5,86.5,91,86.83,84.33,82.17,87.83,85.67,86.42
90.44,83.83,85,88,85.33,90.44,87.17,88.5,85.33,82.5,83.5,86.33,87.83,86.5,86.48
92.28,87,83.33,83.5,84.67,87.83,83.5,82.17,84.33,86.5,87.67,85.33,89.33,81.67,85.65
91.56,89,87.33,89.5,94,84,85.33,84,83.83,85.33,87.83,87.33,83.33,84.33,86.91
85.5,86.5,86.33,88,89.5,85.28,86.5,87.67,86,83.83,86.67,81.17,93.83,85.17,86.57
90.94,84.17,83.33,85.75,87.5,84.5,85.33,85.83,88.67,91.67,84.67,91,91.17,85.17,87.12
84.5,89.33,85,84.5,85.83,88,83.5,85,89.83,86.67,85.17,91,85.83,90,86.73
87.22,86.83,91.67,90.5,83.17,84.44,86,80.5,88.67,84.67,90.67,92.17,86.17,85.33,87
85.78,83.33,80.83,88.5,86.17,91.94,87.5,88.17,86.17,87.83,87.5,84.83,81,83.83,85.96
89.67,91.33,83,79,87.67,88.17,90.67,86.33,88.83,85.17,88,86.33,83.67,92.17,87.14
82,85.33,84.83,89,82.5,88.06,84.83,85.17,88.83,83.33,86.33,87.33,89.5,86.83,85.99
87.89,87.33,88.33,87.25,91.33,90.33,87.5,80.5,88.17,88.67,88.5,83,80.67,87.17,86.9
91,87.67,87.83,90.25,85.83,84.22,84.83,83.67,84.33,88,86.67,86.17,88.33,88.17,86.93
91.22,91.5,86.67,86.75,87.83,87.17,85.5,84,83.67,84.17,82.5,88.67,89.33,80.33,86.38
85.17,80.33,90.33,85,90,86.94,86.33,80,85.33,87.33,88.33,89.67,83.67,84.67,85.94
83.5,86.17,85.17,86.5,91.67,86.72,85.83,86,85.67,86.33,84.5,90.67,85.33,86.33,86.46
84.78,86,84.33,81,84.83,86,85.83,81.67,86.33,88.5,83.5,81.83,84.67,91,85.02
81.11,91.83,85.83,91,90.83,81.56,87,85.83,89.17,83.67,83.67,85.33,84.33,84.17,86.1
85.17,86.33,85.5,84.5,81.17,81.72,90.5,88.5,87.83,83.33,87,88,91,89.33,86.42
83.33,89.83,89.5,90.25,85,85.67,87.17,83.67,87.33,88.17,87,83.67,88.5,85.33,86.74
87.44,88.67,85.67,84.25,85.67,83.17,90.33,87.33,83,84,87.17,82.33,84.33,85.67,85.64
91.28,88.5,88.5,83.25,86,87.89,86.67,86.17,90.17,84.83,87.17,88.83,83.67,89.5,87.32
90.78,83.67,86.17,85.25,89,86.89,87.33,86.67,85.67,88.33,82.33,93.5,88.17,84.5,87.02
84.61,92.17,84.67,93.75,86.5,89.56,86.83,83.17,88,86.17,85.83,90.5,87,87.17,87.57
86.17,91.83,83.83,93.25,84,83.67,87.67,91,86.33,88.67,88.17,84,86.67,84.17,87.1
88.17,83,89.5,82,85.5,91.89,87.33,84.5,86.67,89.33,87.67,84.67,83.83,86.17,86.44
92.06,87.83,90.17,85.25,85.5,88.28,84.83,86.33,87.5,86.83,88.67,87.5,92.67,90.17,88.11
84.72,91.83,90.67,91,93,87.72,82.33,85.67,86,86.67,85.67,86.33,85,86,87.33
85.61,88.33,87.5,89.5,87.17,90.5,83.5,83.33,87.83,88.17,86.83,87,85.67,84,86.78
90.06,91.83,87.83,83.5,87.5,88.83,87.17,86.83,82.83,83.67,86.17,82.83,83.17,83.5,86.12
90.06,92.5,87.33,89,86.83,83.94,88.67,91.17,85.83,87.5,87.5,86.67,90.5,87.17,88.19
86.5,86,87.83,85.25,85.5,84.22,91,90.33,86.5,82.17,88.33,80.83,87.5,87.33,86.38
86.89,86,87.5,83.75,82.33,87.72,85,89.67,91.33,85.67,84.67,87.5,87.5,83,86.32
84.39,85.5,86.67,89.5,87.67,86.39,87,85.17,88.67,82.5,83.67,91.67,87.33,87,86.65
89.94,86.67,83.17,89.5,85,83.39,83.33,86.33,86,85.67,87.33,86.5,88,83.33,86.01
83.56,89.33,86.33,83.75,87.83,84.06,83.83,83.5,87.67,87.33,85.5,92,84.67,86.83,86.16
85.5,80.5,88,89,90.5,93.72,86.5,86.33,89.33,89.83,89.17,83.67,86.67,88.67,87.67
91.22,93,82.17,82.25,84.67,89.33,86.17,88.5,85.5,88.5,86.5,90,83.5,90.5,87.27
88.39,83.67,84.83,86.5,87.33,88.83,88.17,84.67,86.5,84,82.83,80.83,91.5,87.67,86.12
86.17,85.83,88,85.5,88.33,83.33,88.33,82.17,93.33,90,82.83,91.17,87.83,88.5,87.24
85.61,85.33,89.67,90.75,82.67,86.89,89,84.67,85.5,89.33,88,87.67,88.67,87.5,87.23
86.33,84.83,82.83,85.25,86.5,84.22,90.83,87.5,85,89.5,91.33,86.67,89.83,82.5,86.65
89.94,89.33,85.83,89.75,90.33,88.44,85.5,87.5,88.33,87,83.33,83.33,87.5,86,87.3
82.33,83.5,84,87.25,87.5,85.61,78.17,92,87,84.67,88.33,88.67,83.83,85.67,85.61
87.94,90,86.67,82,81,86.11,85,85.67,84.17,85,87.5,88,88.17,84.83,85.86
83.22,82.5,86.67,87,82.33,84.94,86.33,87.83,86.33,87.67,83.83,90.5,87.83,84.17,85.8
88.44,86.33,85,85.75,83.67,85.33,84,80,85.67,88,86.67,82.33,89,84.67,85.35
84.83,88.33,83.17,86.5,85.33,86.33,87.83,92.83,83.67,87.5,85.83,85.83,87.5,86.67,86.58
84.28,82.83,80.83,84.75,89,86.39,84.17,84.17,88,86.33,84.83,89.67,93.17,86.67,86.08
85.61,87.17,87,87,84,85.61,86.17,81.33,89.33,84.33,87,88.5,88,86.5,86.25
85.33,85,89.67,80,87,83.89,87,87.17,83.67,88.67,86.83,85.17,84.5,86.67,85.75
87.22,82.67,92.33,94.5,87,87.61,85.83,86.5,85.5,89.33,88.17,85,87.5,83.67,87.35
84.89,87,84,82.75,85.17,87.89,88.83,88.17,86.83,85.67,86.33,90.67,86.5,86.83,86.54
87.11,88.67,90.17,91.25,87.5,90.5,85.83,84.17,85.67,90.67,83.67,91.83,87.5,89.33,88.13
89.72,92,86.67,85.5,89.67,85.06,83.83,87.5,87.5,86,88.33,88.5,87.17,85.17,87.33
88.83,80.17,86.33,84.5,86.17,88.5,86.33,84.33,86.67,85.67,85.33,84,90.67,86.83,86.02
90.67,81.5,83.33,81.75,88.83,84.39,91.5,80.83,90.5,88.5,87.5,86,86.17,83.17,86.05
84.89,91,89.5,82,86.83,85.72,86.17,88.5,85.83,85,86.83,92.33,84,87.33,86.85
84.28,87.17,79.83,83.75,87.5,82.06,84.5,89.67,79,82,83.83,90.17,89.5,87.5,85.05
90.94,85.33,87,89.25,85.5,86.78,89,89.67,79.83,90.33,85.67,80.83,84.83,88.33,86.66
84.44,88.67,86.33,85.25,83.67,84.56,86.67,89.67,88,80.17,86,85.5,84.17,82.83,85.42
91.78,87,83.33,83.75,87,87,88,84.5,84.5,84.67,85.67,90.83,84.33,84.33,86.19
91.44,86,88.17,84.25,88.33,82.56,84.33,85.5,87,90.17,87.17,87.5,91.33,83,86.91
83.78,84,90,86.25,93,87.44,84,87.67,91.33,83.67,81.83,84,84.5,88.5,86.43
86.94,78.5,83.5,85.75,86.5,92.61,83.5,89.33,85.5,87.17,87.5,86.17,85.17,89.67,86.27
88.22,88.5,85.67,91.75,83.67,83.39,85.5,83.33,89.17,84,89.17,93.5,88.5,80,86.74
88.28,85.5,86.83,83.25,91.83,90.56,91.67,90.17,82.33,86.17,88.67,85.5,87.5,84.83,87.36
88.72,84.83,88.33,90,91,85.5,83.33,85.67,85.5,86.17,87.33,87.5,84.17,86.17,86.73
84.22,85.5,85,90.25,85.83,88.06,86,88.17,86.33,82.33,90.17,91.33,84.67,85,86.63
83.44,89.67,81.83,82.25,85.83,82.11,90.17,92,90,81.83,86.33,85.83,81,84.33,85.47
85.67,85.33,84,91,80,90.11,91,85.67,84,82.17,84.33,82.17,87.67,89,85.87
88.83,85.67,88.17,85.25,84.33,83.83,90.17,86,84.33,86.33,87.33,86.83,84.5,82.17,85.98
87.28,89.33,83,85.25,84,84.83,82.67,84.83,90.83,83.33,89.67,88.33,87.33,90.67,86.53
87.28,89.5,85,87.75,90.33,87.5,89.33,87,90.33,81.83,88,83.67,83.33,90.83,87.26
85.94,90.83,83,85.75,85.5,82.67,88.5,87.67,91.17,84.5,82.83,82,87,89.17,86.18
86.89,89.33,85.5,91.25,86.5,86.06,90.17,84,87.83,83.17,87.67,86.83,88.17,87.67,87.22
85.61,89.33,90.83,88.75,90.83,89.5,86.33,88.33,85.83,82.67,88,91.83,86.67,89.33,88.13
91.44,84.33,91,87,90.83,87.11,84.5,83.33,83.5,86.33,86.83,89.33,90,85.5,87.22
85.78,90.17,92,78.5,89.67,89.22,84.67,82,83.5,87.83,86.67,85.17,84.67,88.83,86.33
83.33,84.17,84.5,92,86.5,86.39,85.5,86.67,84.33,84.83,85.17,86.17,86.83,84.83,85.8
80.83,87.17,86.5,88.5,89.5,91.5,84.83,86.17,84.17,91.5,81.67,83.67,89.83,88.67,86.75
85.89,85.5,92,87,90.5,91.56,83.17,82.33,83.83,90.17,83.83,82.67,87.33,86.5,86.59
84.83,86.83,86.33,79.25,86.33,87.67,83.17,82.83,84.83,86.5,82.33,85.33,85.5,91.67,85.24
82.78,92.83,86.17,89,85.83,88.28,87.5,84,87.5,88.17,82.83,85.5,87,85.83,86.66
84.39,86.67,84.67,81,86,84.89,88.33,88.83,86.17,83,86.83,87.33,85.67,86.17,85.71
83.5,89,84,78.5,90.67,88.61,89.83,87.83,77.5,92.17,87.17,89.17,88.67,85.33,86.57
88.11,89.33,89.33,83.75,85.33,88.06,83.5,83.67,88.67,86.33,86,88.5,84.17,87.5,86.59
85,89.83,89.5,81.5,88.67,81.28,87.67,88.5,82.5,89.67,89.33,88,86.83,91.33,87.12
86.06,87.5,83.83,87.75,82,88.06,88.67,85.17,83.17,91.5,86.5,84.33,89.83,93.67,87
88.17,88.17,85.5,85.75,81.33,87.17,84.67,87.33,85.67,85.17,87.83,87,86.5,85.17,86.1
87.89,86.33,81.83,91,84.67,86.22,88.17,85.33,84.33,89.17,82,92.67,88.5,88.17,86.88
85.17,87,87.83,89.75,88.33,88.33,85.5,84.33,85,88,82.5,86.67,84.17,87.5,86.43
85.22,84.33,84.67,84.75,85.83,86.72,84,85.67,86.33,91.83,84.83,86.67,85,87.17,85.93
90.11,86.83,90.83,90,82.33,88.83,85.17,85.5,86.33,82.67,86,88,84.17,87.5,86.73
93.28,85.33,87,88,82,88.22,90.83,87.17,87.83,86.33,84.83,90.67,88.83,87.5,87.7
86.83,86.33,89.5,78,92.33,86.06,83.5,86.5,85.67,90,87.83,87.67,90,90.5,87.19
83.5,86.17,83.67,84,86.33,84.33,89.33,87.83,89,88.83,89.5,86.17,88,87.67,86.74
83.67,86.67,84,85.25,88.17,85.78,92,82.67,86.83,87.33,85.83,81.67,91.67,85.33,86.2
86.94,87.83,85,80.25,89,86.06,86.83,83.67,87.5,83.33,80.67,89.67,87.17,87.83,85.84
87.39,85.83,89.83,86.75,83.5,87.5,87,85.67,86.17,85.83,83.67,89.5,93.5,87.33,87.11
88.94,87.5,89,89.5,79.83,80.06,88.17,81.33,94,89.67,87.5,87.67,87,85,86.8
88.06,86,86.17,89.25,93.17,87.67,85,87.5,81.17,84.83,83.17,89.17,85.67,85.33,86.58
84.56,90.5,82.17,83,87.17,84.11,84.67,93.67,82.5,86.5,86.83,87.5,90,89,86.58
85,86.67,95.17,87.25,84.5,88.5,89,87.5,89.5,85.5,84.67,87.83,87.67,88,87.62
90.83,90.83,82.33,81.25,83.83,87.28,84.33,84,87.83,87,88,81.5,87,80.83,85.49
83.06,85.33,87.17,87.5,88.83,90.22,84.5,90.33,86.33,84.33,86.5,89.83,88.5,86.33,87.06
87.83,80.83,83.17,85.75,86.17,86.94,87.67,83,85,86.5,86.5,84.67,87.67,91,85.91
87.17,86.17,82.5,82.5,88.33,86.28,85.5,84,83.83,82.5,87.83,80.83,85.67,84,84.79
88.17,81.83,86.33,86,87.5,85.06,82.67,88,87.17,86.83,87.5,82.67,88.67,88.83,86.23
85.44,82.33,82.67,84.75,83,83.22,87.33,87.5,90.5,85.17,87.17,91.83,86.5,90.17,86.26
88.61,90,83.33,91.5,82.33,89.67,88.33,85.83,87.33,89.17,86.5,81.17,82.33,87.67,86.7
84.11,88.33,87.33,81.5,88.67,85.67,85,91.33,87.83,83.5,88,86.83,86.33,87.83,86.59
83.72,83.83,84,81.75,87.17,82.06,88.83,84.67,87.67,90.83,90.5,84.67,88.5,85.83,86
83.44,81,88,89.25,81.17,88.61,90.17,83.5,86.33,83.83,91.17,93.17,86.83,84.67,86.51
90.61,88,88.5,92.75,86.83,81.94,82.17,86,79.33,84.67,96,85.83,84.17,86,86.63
90.28,88,85.67,87.75,86.83,85.06,83.67,87,87.67,83.5,88.83,85,89,87.67,86.85
84.06,84.83,88.83,78.75,84.67,87.44,85.5,83.33,86,85,85.17,81.83,86.83,88.67,85.07
87.33,84.67,89,90,87,89.06,85.33,87.67,85.83,88.17,88.67,89.83,87.5,88.5,87.75
85.67,84.17,86,86.5,81.83,88.56,87.67,84.5,87.5,88.17,89,89.83,86.83,84.67,86.49
86.72,85,85.5,88.5,88.33,86.78,87.67,87.83,81.5,86.17,85.83,85.83,83.5,88.33,86.25
83.78,89,85.33,89,87.17,84.94,83.17,89.83,89.17,84.67,82.5,84.67,87.5,87,86.27
83.94,88.33,84.83,87,85.83,89.44,90.17,87.5,91,87.17,82.5,87.5,86,87,87.02
87.39,82.83,83.5,86.5,85.67,85,87.67,88.17,92,91.83,83.17,88.83,84.67,88,86.8
87.61,87,83.67,89.25,88.17,87.83,83.5,81.83,89.17,86.33,90.33,84.5,85.33,85,86.39
89.83,88.67,89.5,85.5,90.17,87,90,81.67,82.83,80.67,86.33,84.67,81.5,86.83,86.08
88.17,84.67,85,86.5,84.67,85.28,93.5,87.83,88.33,88.83,87.33,84.83,83.17,89.83,87
85.28,85,84.33,86.75,85.67,84.61,81.67,90.83,88,82,84.33,82,82.5,86.17,84.94
88.11,91.17,85.5,86.25,83.83,85.72,89.5,81.17,85.17,85.33,87.67,82.83,86,89,86.23
85.06,85.33,86,86.75,85.83,86,91.5,85.83,85.67,87.17,86.67,90.67,86.5,83.83,86.63
85.33,87,88.33,87.5,83,86.5,84.5,86.67,88.83,84.17,86.5,84.83,82.67,85.83,85.83
84.61,90.67,82.67,88.25,89.17,88.33,84.5,87.17,85,87.67,85.17,90.33,87.67,82.33,86.68
86.39,85.5,84.67,87.5,87.83,88.33,86.5,85,90,90.83,87.67,81.67,89.67,82.5,86.72
88.89,86,84.17,85.5,84,82.89,86.83,85.67,84.83,86.33,85.17,88.67,82,81.33,85.16
85.61,85.83,86.83,90.75,83,83.5,81.33,85.5,88.33,86.5,84.83,88.83,85.17,90.5,86.18
84.72,83.17,89.5,83.25,90.17,89.44,85.33,88.33,87,89,90.5,85.33,84,87.83,86.97
86.56,85.67,88.17,94.25,89,82.83,87.17,88.17,82,86.17,89.17,86.83,86,83.83,86.84
87.22,87.67,84.17,88,86.67,86.44,88.33,87.67,88.67,86,90,85.67,87.83,86.83,87.23
86.61,83.5,88.83,83.75,86.83,87.67,91.5,87,88.5,86.5,87,85.5,85.33,84.83,86.67
89,83.5,84.5,83,87.33,90.83,90.83,86.83,90.33,85.67,90.83,85.17,87.17,85,87.14
90.11,87.5,88.33,94.25,81,86.5,84.67,87.33,88.67,86.17,86,86.17,87.17,85.33,87.09
89,87.83,86,87.25,83.5,86.94,83.17,84.83,81,88.5,85,90.83,88.83,86.67,86.38
83.61,86.5,86.67,85.75,84.67,83.67,83.83,90.83,87.33,87.5,85.17,83.5,80.33,87.5,85.49
87.06,91.17,84,92,80,86.11,88.5,84.83,91.83,89,87.67,87.17,87.67,90.5,87.68
85.44,85.17,90,89,84.67,84.78,81.83,86.17,86.33,91,88.5,90,90.33,83.67,86.92
86.44,88.67,88.17,92.5,86.33,84,87,94.67,81.5,89.5,87.33,86.17,89.17,80.17,87.26
86.5,85.83,86.17,83,86.67,86,90.5,88,86.5,81.83,90.67,84.17,87.17,84,86.21
83.39,91.5,87.5,86.5,85.83,84.22,85.5,83.33,90.17,85.5,86.17,82.17,88,84,85.98
86.06,86.83,80,81,87.17,85.67,84,85,88,84.17,87.17,84.67,91.17,87.5,85.6
82,90.17,91.17,86.5,84.17,87.39,80.67,85.17,88.67,84.83,86.17,81.33,85.83,80.83,85.35
81.72,88,88.67,93.5,83.5,81.33,88,88.67,86,83.5,86.5,81.67,89.17,84.5,86.05
81.56,86.33,87.5,87.25,90.5,82.22,86.17,87.5,87.33,91.83,83.17,87.83,84,88.5,86.55
87.22,84.33,90.33,84.5,81.83,84.44,82.17,87,85.33,82.5,86.17,87,85.5,86.67,85.36
80.11,86.5,82.5,90,88,85.11,81.5,87,83.33,86.17,90.5,84.67,92,83.83,85.8
89.67,90.67,87.17,85.5,89.83,84.78,85.67,86,86.17,83.5,88.5,86.5,80.67,88.17,86.63
84.33,89,83.5,83.75,86.83,87.06,84.17,82,88.83,89,83.83,88,84.33,88.67,85.95
80.67,85.5,91.83,85.5,85,83.17,85.17,85.67,90.83,90.33,81.83,89.17,87.5,86.67,86.35
86.44,89,89,86.5,81.83,83.39,84.5,84.33,86,83.17,86.33,86,86.83,81.33,85.33
86.83,89.17,82.67,89.5,83.5,89.06,87,83.5,87.67,87.67,85.33,90.5,90,86.33,87.05
85.22,86.17,78.83,86.25,94.33,85.78,85,86.5,83.33,83.83,88.83,83.33,86,86.33,85.7
89.67,88.5,84.17,79.25,87.67,86.89,82.33,89.67,88.5,85.17,82.5,83.17,88.33,87.17,85.93
89.22,89.83,86.67,84.5,87,85.89,87.17,87.83,86.33,88.17,86.5,83.83,88.33,86,86.95
83.83,85.5,87.67,83,82.17,83.33,85.83,89,85.33,87.67,85.83,91.67,88.67,86.83,86.17
89.28,80.67,88.17,92.5,86,87.78,88.33,81.5,88.17,86.33,85.17,83.67,84.33,88.33,86.44
83.72,84.17,89.67,87.5,90.83,82,85.67,83,93.5,90.5,87.83,86.33,85.17,84.67,86.75
86.67,89.33,83.17,82.75,87,87.28,86.67,87.33,84.5,91.5,85.33,90.83,86.17,87.5,86.86
82.83,83,88.17,88,88.67,85.5,85.67,89.67,84.67,87.17,85.33,91,87.5,83.33,86.46
88.11,84.67,86.83,79.5,81.17,91.22,87.83,86,83.33,84.83,84.33,89.67,86.17,93,86.19
84.89,88.5,89,90.25,87,83.5,88,83.83,88.5,86.83,89.67,84.5,89.33,89.33,87.37
85.39,88.5,91.83,86.5,81.83,84.78,86.67,86.67,86.83,88,84.83,86.5,88.83,90.17,86.95
87.44,89.5,88.67,86,88.67,83.67,83.17,88,91.17,92.17,84.5,84.83,89.33,88.5,87.54
88.22,85.17,80.83,82.5,87.67,89.17,86.33,90.83,80.67,85.67,90.67,87.67,87,85.17,86.25
84.11,83.5,83.67,88.75,85.33,85.78,91.5,84.5,89.33,84.83,85.83,82.67,91.33,89,86.44
82.44,84.5,90.33,84.25,89.17,81.61,92.67,88.83,86.83,84,88,83.67,92,86.67,86.78
87.89,88,88.33,85,86,87.72,86.5,85.5,85.5,86.5,81.83,90.17,85,84.83,86.34
84.56,88,82.83,86.75,86.33,90.94,93.83,83,84.33,88.67,85.17,92.17,88.5,87,87.29
88.17,88,86.83,83.25,86.67,84.44,88.5,83.17,88.67,92.33,91,84.83,88.17,87.17,87.23
86.67,87.17,85.5,84.5,90.33,88.28,92.83,86,90.67,85.33,90.67,85,93.17,85,87.94
85,88.5,86.33,87.75,90.83,90.5,87.5,84.17,87.17,87,87.5,89.33,92.5,83.5,87.68
80.56,84.67,86.67,81.25,87.5,87.22,87.67,85.33,89,85.5,79.83,90.5,88.83,87.67,85.87
82.22,89.5,91.17,79.75,85.17,88.89,81.83,80.83,86,81.33,84.67,84,87.67,83.67,84.76
86.61,83.83,88,83,89.5,87.44,86.33,90.17,88.83,90,83.67,91,77.67,89.83,86.85
85.33,87.17,89.83,87.25,87.33,88.28,85.33,88.83,87.33,91.17,84.5,88.83,89.83,83.5,87.47
88.78,86.17,88.83,83.5,84,89.5,86.5,88.17,89.83,89.67,88.17,85.33,83.5,85.67,86.97
87.78,86.33,86.17,86,87.17,87.22,83.83,84.67,88,90,87.5,83.17,82,80.33,85.73
84.67,89.5,86.5,86,85.33,83.22,86.33,89.83,84.33,88.5,87.67,88.5,83.33,87.5,86.52
88,89.83,81.33,91.25,86.5,88.06,87.83,83.5,86,84.33,85.83,86.83,88,91.83,87.08
85.11,84.33,88.33,93.25,82,91.33,84.83,82.83,89.33,87.33,86,85.17,82,87.17,86.36
89.22,83.83,85.33,88.5,85,86.06,86.5,86.17,83,88,87.5,86.83,86.17,87.17,86.38
89.83,86.83,90.83,87.25,89.67,83.78,86.5,87,88,86.5,87.33,91.83,79.5,86.67,87.25
87.5,87.17,77.83,78.75,87.5,84.33,84.83,91,90,89.33,86.67,89.17,87.33,87.17,86.33
86.67,85.5,85.17,87.25,89.17,91.67,86.67,88.5,88.33,88.67,84.17,90.17,86.83,82.67,87.24
83,88.17,85.33,89.5,87,85.83,86.67,83.83,88.5,77.83,86.33,87.67,87.83,91,86.32
88.39,86,85,93,88.67,85.33,86.5,87.83,88.5,93,84.83,90.33,83.83,82,87.37
82.61,89.17,92.67,79.25,83.33,84.17,86.5,83.67,85.83,85.33,85.5,84.67,85,87.83,85.39
84.06,85.83,86.67,86.5,84,87.83,87.17,90.33,91.5,89,82.83,87.5,86,85.33,86.75
82.44,85.5,81.17,89.25,86.5,86.28,82,85.17,93.83,86.17,83.17,85.67,79.67,81.33,84.87
85.44,88,84.67,89,86.67,85.28,86,87.5,91,82,83.5,84.83,86.33,82.67,85.92
85.72,84.83,81.17,91,81.5,93.33,86,87.67,86.33,88.17,88.17,86.33,87.17,87.83,86.8
84.67,90.17,86,79.75,83.83,85.5,88,94.17,89.67,88.5,88,85.17,82.33,85,86.48
88.5,89.83,83.67,89.25,80.5,87.22,79.17,86.67,86.17,84.83,82.33,86.33,87.5,84.5,85.46
90.89,85.17,93.17,82.5,84.5,85.83,86.33,86.67,89.33,82.5,83.17,82.67,82,84.17,85.63
89.61,82.5,86.83,82.5,87,87.72,89,84.83,89.17,83.17,87.83,83.5,88,83.67,86.1
88.78,81,81,85.25,89.67,88.67,90,89.17,89.17,84.17,86.17,90.33,88.17,86.17,86.98
89.72,90,86.5,85,84.33,85.11,81.33,86.33,86,91.5,92.33,90.17,88.5,86.33,87.37
86.22,87.5,86.5,80.75,85.67,86.17,82.83,86.17,93.33,89.83,84.33,84,88.5,90.5,86.59
85.56,87,80.33,87.25,86.17,88.61,87.33,86.17,84.5,79.17,87.17,81.5,90.67,84.17,85.4
85.83,85,89.5,94,92.67,83.61,85.17,89.17,88.83,88.5,85.33,86.17,87.5,89.67,87.92
85.11,91.33,81.5,87.25,84.83,88.83,89.83,89,87.5,84.5,88.5,85.33,86.33,89.67,87.11
87.72,87.83,86.67,87.5,90.33,88.83,86.33,84,86.17,89,85,89.17,85,88,87.25
84.89,87,91.67,83,84.67,85.89,81.67,86.83,89,83.67,84,89.5,90.17,88.5,86.46
85,86,81.67,91.75,86.5,81.78,84.5,84.33,87,81.5,83.67,85.5,86.33,88,85.25
88.11,88.67,83,86.25,85.33,84,86.5,87,86.17,83.83,96.17,83.83,86.33,88.83,86.72
86.11,81.17,85.5,87.5,84.5,81.33,88.17,89.67,84,88.83,82.83,89.83,82.17,84.33,85.42
89.44,87.5,84.33,87.25,83.67,83.28,87.83,85.33,89,93.5,86.33,83.17,87.17,85.5,86.66
84.67,86.67,84,89.25,88,84.83,87.33,83.33,82.83,89.83,90.17,81,86.33,89,86.23
86.94,88,90.67,84.75,90.33,86.83,87,88.17,83.83,83.67,85,86.67,90.67,83.5,86.86
81.67,86.33,85.17,84.75,85.5,87.83,87,88.83,87,91.33,87.83,83.5,87.67,85.33,86.41
90.22,85.67,81.67,86.5,84.5,83.22,86.5,84.33,86,83.83,86.5,85.33,89.17,84.5,85.57
87,89,86.5,88.75,86.17,84.78,86.67,82.17,87.67,84.67,82.17,88.33,83.33,84.5,85.84
82.33,85,82.83,83.75,90.5,86.28,83.83,90,81,83.33,81.83,84.83,84.5,85,84.64
87.22,83.83,85.33,92.75,87.83,83.61,88.5,85.83,87.17,87,88.33,85,82.33,85.17,86.42
88.83,89.83,88.17,90.25,86.5,87.33,92.67,86.33,88.67,83.33,85,85.33,82.67,88.83,87.41
88.61,83.5,91,80.5,86.33,88.61,80.67,84.67,85,87.5,82.33,85.67,83.5,87.83,85.41
87.44,86.83,91.33,82.5,91.67,85.83,86,87.67,86,90.83,89.5,87.5,79.33,81.67,86.72
83.33,85.33,87,83.75,87.83,88.83,87,84.17,82.83,84.33,80.83,84.33,84.5,81.17,84.66
87.56,89.83,85.33,87.25,87.33,83.56,88.5,89.83,91.33,81.17,87,84.83,88.17,87.5,87.09
91.78,89.17,87.83,87.75,87.5,89.5,87.83,78,88.17,83.67,89,88.5,88.33,89.5,87.61
79.67,84.67,87.67,87.75,83.17,84.17,85.67,88.83,86.5,84.83,83.83,84,81,88,84.98
84.28,85.5,86,84.25,83,84.28,84.67,88.5,88.33,88.5,88.17,83.83,86.5,86,85.84
88.94,88.67,83.33,86,85.17,86.06,82.33,87.5,87.67,89.83,83.67,95.33,85.5,90.67,87.19
84.44,91.5,90.5,83.5,88.17,85.17,84.5,88,85.67,84.5,89.83,85.83,84.83,81,86.25
85.11,89.83,86,85.5,86.33,88.67,82.33,90.17,88.67,83,89.33,87.17,81.67,86,86.41
85.06,87,90.17,91.25,88,89.11,88.83,85.5,86.5,83.67,89.5,80.5,86.83,91.33,87.38
86.72,87.5,78.83,84,86.83,85.56,81.17,86,84.17,88,89.67,89.83,82.33,85,85.4
85.11,87.17,85,81,83.83,86.39,89.33,81.17,86,88.17,90.5,86.83,89.17,90.33,86.43
83.28,84,90.17,84.25,85.5,91.44,88,89.5,89.5,92,88.5,84.33,86.83,84.5,87.27
85.72,89.17,84.5,87.25,86.67,85.44,80.67,84.33,91.5,86.83,84.5,92,84,87.5,86.43
83.67,81.33,88.67,86.75,86.33,87.56,83.67,87.67,87.83,85,87.67,85.33,87.33,88,86.2
86.28,82.83,86.17,88.75,85,87.11,81.17,88.67,88.83,85,83.83,86.5,88.67,81.83,85.76
85.61,90.33,85.83,84.25,85.17,89.78,90.67,84.83,81.17,82.67,86.67,88.5,85.33,86.17,86.21
90.17,86.83,86.17,90.75,88.83,85,86.17,84.67,90.5,86,84.5,87.83,86.67,87.5,87.26
83.22,89.5,84.33,90,87,85.56,87.5,88.83,89,84.33,79.33,86.5,87.83,87,86.42
83.94,89.17,87.33,87.25,84.5,86.06,84.67,82.33,86.67,85.5,87.83,86,80.83,87.5,85.68
88.11,92,87.67,88.5,85.17,89.33,82.83,88.17,85.33,82.67,79.67,85.17,89.83,84.5,86.35
90.11,84.83,86.83,88,88.17,83.11,92,88.5,84.33,89.17,87.33,89.33,88,85.5,87.52
84.72,82.5,89.5,87,89.17,85.83,90.83,84.33,83.33,84.67,88.67,82.5,91.33,83.17,86.25
89.67,86.67,87.33,86.75,85.5,87.33,85.5,88.83,86.67,81.17,87,90.33,81.5,85,86.38
86.83,91.17,84.17,89.75,89.83,87.44,86.33,88.83,86.17,89.33,86.17,91.17,82.83,89.83,87.85
89.5,87.17,92,84.5,85.17,86.33,83.67,85.17,85.33,88.5,83.33,89.67,92.17,83,86.82
82.89,83.67,86,83.5,84.67,84.39,87.5,88.83,82.67,85.17,84.67,88.5,87.5,85,85.35
90.89,87.17,89,88.75,85.67,91.28,87.33,87.67,84.33,84.17,86.5,86.33,87.67,88.17,87.49
84.28,86.83,89.17,86,93.83,90.22,86.83,84.83,88.83,85.33,89.5,87.83,90.5,85.5,87.82
87.17,86.67,86.67,87,85.33,89.89,88.33,79.83,85.5,84,91,89.5,85.33,86.33,86.61
90.72,91.67,91.67,91.5,89.67,86.11,90.17,86.83,81,80.67,82.33,88.83,84.5,83.5,87.08
84.83,86.33,85.5,88.5,84.33,87.94,85.83,87.5,89.83,85,84.67,84.67,92.83,89.17,86.92
85.17,90.5,87.5,81,87.67,85.61,84.83,82.83,90.33,85.67,80.5,85.33,88.33,82.83,85.58
85.61,85,87.5,85.75,89,87.72,85.67,87.17,89.67,82.33,82.5,93,91.17,86.83,87.07
91.67,87,88.83,84.25,86.33,85.56,90.83,82.17,86,84.17,84.67,81.33,88.67,91.17,86.62
83.56,90.17,88.33,86,85.83,88.5,89.17,89.33,90.33,91.33,82.5,89,88.33,91,88.1
80.83,91.83,85.33,83.5,86,84.17,91,84.33,89.83,88.5,89.5,85.83,90,85.33,86.86
88.78,87.33,90.33,85.75,93.33,91.28,85.17,90,81.83,88.83,83.83,91.17,86.5,84.33,87.75
85.39,88.33,84.83,83.25,88.67,83.67,88.83,84.67,89.17,88.17,83.67,86.83,83.67,88.17,86.24
82.83,87,91.33,90,92.33,83.17,91.5,84.17,89.83,82.17,90.5,85,86.17,83.83,87.13
84.78,85,90.33,84.25,84,89.22,85.17,81.5,88,91.5,82,88.67,83.83,88,86.16
86.06,82,85,85.25,87.5,89.28,87.17,84.33,86.33,89.67,87.83,85.33,86.5,87,86.38
87.11,88.17,82.33,82.75,82.17,86.72,85.67,79,85.33,87.33,87.17,86,87,87.67,85.32
85.94,85.5,88.17,85.25,81,91.56,86.83,89,86.33,86.83,88.67,82.33,84.5,83.17,86.08
87.56,85.33,88.5,85.75,82.67,84.61,88.83,90.5,87.5,87.67,81,84.83,84.17,82.5,85.82
90.33,84.5,87.33,79.5,87.83,83.39,85.33,86.83,86.5,83.83,88.17,91.5,89.67,87.5,86.59
86.83,87.67,84.67,86.75,85.33,86.33,84,90.83,84.33,84.5,87,86.5,83.5,86.67,86.07
88.11,87.5,88,83.25,85.33,85.28,87.17,87.67,84,82.17,88.33,83.67,89.17,88,86.26
87.89,89.83,84.33,84.75,80.83,90.39,85.83,81.5,90.67,88,81,87.83,82.5,84,85.67
84.44,89.5,88,89,89,87.17,81.67,86.5,88.83,92.33,86.17,90.33,86,91.5,87.89
84.22,85.17,88.67,90.5,88.33,86.67,83.67,87.17,86.83,87.83,91.17,90.5,83.17,88,87.28
86.94,86.5,88,84.5,83.17,84.33,85.83,87.33,90.33,92.83,84.83,86.67,86.5,87.17,86.78
86.22,83,84.33,85,85.67,88.83,85,89.5,92.33,87.67,88.17,82.83,86.83,83.67,86.36
89.39,87.67,90.67,90.25,88,86.5,84.17,86.17,83.5,86.67,85.33,86.33,82.83,86,86.68
81.56,88.83,91.17,86,90.33,87.56,88.5,82.83,82.67,83,88.33,86.33,86.33,86.83,86.45
90.94,87.83,87,84.75,85.5,86.67,83.33,89.83,87.5,88.17,91.67,79,80.67,82,86.06
85.94,90.5,93,84.25,93,90.06,82.83,86.83,91.5,88.17,84.83,84.5,86.5,85.33,87.66
86,85.83,88.83,84,84,84.94,87.17,87.33,84.67,84.5,84.17,86.17,84.5,86.67,85.63
86.28,85.17,88.17,80.5,90.5,89.5,84.5,92,79.67,83,87.5,88.5,87,83.17,86.1
87.06,88,80.5,85.75,82,88.94,84.5,88.33,87.33,89.17,89.5,83.33,85.33,81.67,85.82
85,85,85.67,90.25,88.33,90.44,85.83,89.33,87.67,84.5,85.5,91.83,84.83,89.83,87.43
85.39,84.67,85.5,81.25,84.5,88.78,85.33,87.17,86,84,82.83,86.67,79.67,86.17,84.85
86.67,87,84.67,90.5,90.17,87.5,88.17,90.33,87.83,84.83,84,86.5,89.17,88,87.52
85.94,88.17,87.83,88,87.5,88.56,83.33,88.17,89.83,86.5,86,85.67,91,89.5,87.57
83.94,86.33,86.17,93,86.5,85,88.33,85.83,90,88.5,86,83.67,88.17,85,86.89
87.33,85.83,84.5,84,85.83,89.72,81.33,88,89.67,82.83,86.33,83.67,85.17,86.67,85.78
88.28,83.33,88,83,87.83,88.94,89.17,89,81.5,85.5,82.83,86.17,85.83,87.83,86.23
85.28,89.33,90.33,90.25,85.83,83.78,87.83,80,87.83,78,89.17,90.5,84.67,87.67,86.46
87.11,85.33,84.83,92,86.5,86.33,85.83,83.33,86.67,88.5,85.17,86.5,88.17,86.5,86.63
84.89,91.33,86,87.75,87.83,91.67,90.17,85.83,86.17,84.67,90.5,89.83,89.33,88,88.14
91.39,85.83,85.83,88.5,89,85.5,89,89.67,86.83,85.33,87.67,85.67,85.5,86.67,87.31
85.89,88.5,89.67,85.75,82.5,87.22,81.33,87.83,84.5,88,86.33,87.83,91,89.33,86.84
86.33,84.33,82.83,95.25,81.33,90.28,88.17,86.83,87.83,82.83,86.17,91.5,88.5,93,87.51
88.44,90.33,85.33,85,88,83.11,87.83,90.67,85.67,88.67,88.33,84,90.33,86.5,87.3
87.11,90.33,83.33,93,82.67,89.39,84.5,85.5,85.67,84.83,87.67,80.17,87.67,86.33,86.3
89.28,79.33,89.33,88,90.5,86.11,85.5,80.67,88,83.33,84.67,85.67,87.33,86.33,86
88.72,83.33,84.83,89.5,85,85.28,83.5,85,85.33,90.67,87.67,91.17,83.33,85,86.31
90.33,89,89.83,88.5,88,84.89,83.67,87.5,87.33,94.5,87.83,84.33,86.5,87.67,87.85
86.22,83.5,86.33,87.5,81.33,84.06,86.17,86.5,86.5,85.67,86.17,86.17,86.17,86,85.59
87.67,85,83.83,90.25,87,88,86.17,83.17,86.83,85.67,90,85,87.83,85.17,86.54
86,83.67,88.5,92.75,90.67,83.94,87,89.33,86.83,86.67,83.67,91.67,87.17,86,87.42
89.89,85,87,86,85.17,87.33,84.33,86.17,87.83,89.83,83.33,90.67,89.17,87.83,87.11
88.06,86.83,91.67,81.25,87,86.56,86,88.33,88.67,92.33,85.67,84.5,87.5,88,87.31
90.78,84.17,89.17,87,84.33,89.89,87.17,87.83,90,87.67,87.5,87.83,87.83,81.83,87.36
88,84.5,85.67,85.75,88.17,86.56,89.5,85,86.83,91.5,80.67,85.17,88.33,86.67,86.59
89.28,84.83,87,83.5,83.5,83.72,85.5,84.17,90.17,95,87.17,82.83,90.17,88,86.77
87.11,91.33,86,80.25,88.83,87.61,85,90.67,81.5,82,86.67,92.17,91.17,89.17,87.11
89.33,84.5,83.5,85.5,90.33,90.72,86.83,84.17,84.83,86.5,85.33,88.17,89.5,83.17,86.6
85.5,85.33,84.5,83.25,85.33,88.22,82.17,87.17,87,86.67,84.67,85.17,86,83.67,85.33
82.11,89.67,85,88,88,93.33,86,86.33,91.83,89.33,83.5,87.67,83.17,88,87.28
84,85.5,86,85.75,84.33,88.44,91.17,83.83,83.33,85.83,88.17,82.83,86.67,88.67,86.04
90,90,85.83,91.5,82.5,84.39,89.33,88.33,85,85.5,86.5,89.5,86.67,85.5,87.18
89.89,87.33,89,87,89.33,84.28,86.83,85,89.5,86.83,87.5,81.17,81.83,87,86.61
86.28,88.33,81.33,88.75,89.83,84.44,87,84,84.17,88.5,85,88.67,90.83,85.33,86.61
84.06,87,88.67,86.5,86.5,86.44,88.67,86.67,82.83,88.33,87.67,86.83,83,86.83,86.43
86.61,83.83,83.83,93.75,81.33,88.44,84.33,83.67,85.5,93.33,86,87.83,90.67,88.5,86.97
90.17,87.83,82,83.75,86.17,82.11,88.67,84.83,89.33,85.17,86.83,84.5,80.33,88,85.69
86.56,87.17,91.83,87.75,84.33,87.56,86.33,85.83,85,87.17,86,87.83,86.33,87.17,86.92
85.61,88.67,84,88.25,84.17,88.61,83.5,87.17,86,89.17,79.5,84.83,86.17,83.17,85.63
86.11,82.67,88.83,85.25,89.33,85.78,90.83,87.83,90,87.5,84.5,87.83,89.17,84,87.12
86.94,87.83,84.5,86.75,87.83,88.56,87.5,81.83,87.83,85.5,86.17,84.67,85.67,86,86.26
86.06,86.83,91,84.25,87.5,84.22,81.33,88.83,85.67,85.67,83.83,88.67,86.67,87.83,86.31
88.44,87,91.17,88.25,85.67,91.61,82.67,85.33,91.83,85.67,84.33,89.17,84.67,87.17,87.36
83.83,86.17,83.33,83,90.5,87.78,83.67,87.5,89,83.83,87.33,91.5,88.67,88.5,86.76
85.33,82.17,84.83,91.25,85.17,84.22,83,79.17,88.5,88.17,89.17,85.67,86.5,87.33,85.75
88.67,85,85.5,93.5,86.5,85,91.67,91.33,86.67,87.83,86.5,80.33,85.5,87,87.21
86.28,85.67,93.33,86.75,87.67,83.67,83.17,83.17,86.33,85.5,84.83,85,89.83,84.83,86.14
87.56,85.17,83.83,78.5,83.5,85.83,84.17,80.33,84,88.33,88.83,84.33,86.83,88.5,84.98
86.89,86.33,84.5,79.5,84,90.56,88.83,90,86.5,88.17,85.5,90.33,85.5,85.83,86.6
85.28,80.83,85.33,83.5,88.33,81.44,83.17,87.33,87.33,87.83,89.67,84.33,89.33,88.67,85.88
87.17,92,85.33,86,88.5,86.28,81.17,87.5,88.83,83.5,83.5,86.33,90.17,81.83,86.29
87.89,84.67,85.17,86.25,87.17,85.61,81.17,85,89.17,86.33,85.17,89.67,82.83,83.83,85.71
84.78,85.33,88.17,87.5,83.83,84.72,87,85.67,88.67,89.67,91.5,88.5,84,88.5,86.99
85.06,85.67,81.33,87,90.17,90.44,85.17,85.33,87.33,88.33,86.83,90,86.67,85.83,86.8
84.83,86.83,88,87,86.17,88.56,84.67,85.5,84.33,86.33,81.5,87,83.33,83.67,85.55
81.22,85,84.83,86.75,88.5,92.78,84.33,89.33,83.33,85.5,87.5,86.5,80.5,87.67,85.98
81.28,83,89.5,90,86.5,85.72,85.83,86,85,90,87.83,85.33,86.83,83.33,86.15
85.11,83.17,87,82.5,84.33,84.67,87,85,87.5,91,79.5,82,87.33,81,84.79
85.39,84,89.5,87.25,85.5,81,90.5,81.17,90.17,92,85.67,84.5,90.67,91.67,87.07
90.39,90.67,87,89.5,87.83,89.89,84.17,92.5,89.67,80.67,86.17,91,91.5,88.33,88.52
85.83,83.17,84.67,91.25,87.5,85.78,87.83,86.83,85.17,93.17,86.33,88.67,92.67,82.33,87.23
85.67,84.83,83.83,84.25,89,89.11,85.17,83,88.83,80.83,91,85.33,82.67,83.67,85.51
86.56,86,79.83,82.75,90.17,86.72,88.5,85.5,80.83,87.5,88.5,90.83,86.33,86.33,86.17
83.39,86.17,91.83,89.75,88.67,83.61,85.33,83.17,86.33,86.33,88,90.67,82.33,92.5,87.01
90.22,91.5,86,84,85.83,84.72,86.5,87,89,84.67,83.5,85.5,91,87.5,86.92
84.67,92.17,88.67,84.75,86.17,86.83,83.17,83,88.5,87.5,86.67,86,83.67,85,86.2
87.11,85,82.33,84.25,89.17,89.83,85.83,89.5,90.5,86.5,92.17,87.67,85.83,88.17,87.42
85.06,83,86,81.75,88.83,80.67,82.83,86.33,86.33,86.5,90.5,87,84.33,87.17,85.45
85.33,86.33,85.17,87.75,91.67,89.28,87.5,91.5,84.83,81.33,85.83,85.83,86.17,82,86.47
85.33,87.17,86.33,89.5,88.83,86.22,83.67,85.17,88,82,89.17,91.17,87,89.83,87.1
84.44,86.67,90,87,88.33,83.5,86.33,90.67,87.5,86.83,86.17,85.67,82.33,87.33,86.63
84.83,88.33,84.5,92,80.33,86.11,82.67,80.17,84.5,87.67,82.83,84.33,83.67,85.5,84.82
83.83,86.33,87.5,90,86.33,83.56,86.5,83,88.83,84.33,86.83,90.17,86.17,85,86.31
84,83.67,88.67,85.75,86.5,88.61,85,88,89.5,84.33,91.83,85.5,85.67,85.83,86.63
87.28,85.17,84.17,89.75,83.67,88.89,85.83,85.83,85.33,87.83,92.33,84.33,84.17,86.17,86.48
85.28,89.5,83.33,83.25,86.67,83.44,82.67,89.67,86.5,89.17,87.83,87.83,89.83,84.33,86.38
89.22,84.83,83,86.5,87.17,86.94,82.67,88.67,87.33,90.5,84.83,83,84.83,84.17,85.98
88.56,88.33,90.5,93.5,85.5,89.89,87,88,85.83,83.17,82.33,87,83.17,84.83,86.97
88.11,83.67,85.83,86.25,85.5,87.06,85.67,83,88,84.33,88.67,87.83,89.17,86,86.36
86,85.67,84.67,90.25,78.67,84.5,87,86.67,87.17,89.17,90,82.33,81.17,85.67,85.64
86,82.17,85.17,86.5,88.5,85.78,86.33,87.5,85,83.33,90.83,88.83,88,89.17,86.65
86.28,83,88.5,85.75,87,82.89,86.5,87,85.67,79.83,87.83,88,86.17,87.5,85.85
83.39,87.67,88.83,82.75,84.67,88.72,86,87,86.67,87.5,88.17,90.5,85.83,88.67,86.88
82.67,87.17,86,93.25,91.17,85.56,85.5,86.67,88,82,86.5,89.17,84.67,90,87.02
83.06,87.17,86.83,83.75,87,82.28,82,87.5,90.5,87.67,85.5,84.67,89.33,86.5,85.98
87.06,81.67,86.33,89.5,81.67,92.33,85.5,86.5,91,86.17,85.83,88,85.33,80.5,86.24
84.94,88.67,91.5,85.75,88.17,84.89,90.17,82.33,89.33,90,90.83,81.83,89,90.17,87.68
88.78,84,86.67,82.25,89.17,82.39,84.67,79.5,90.33,92,88,87.33,90.67,88.67,86.74
82.78,85.17,89.33,79.25,84.33,87.78,84.5,92.17,87.83,88.17,82.83,85,84,87.83,85.78
90.94,88.33,88.67,83.5,91.33,82.72,85.33,87,88.33,85.33,86,85.67,83.5,84.33,86.5
82.89,86,87.83,83,93.17,81.44,84,86.33,81.83,82.83,91,87.33,84.83,88.5,85.79
84.11,88.67,84.5,83,81.83,85.33,88.33,86.17,89.67,84,88.17,84.33,86.67,85.17,85.71
83.89,83.33,89.5,85.75,87.5,90.89,87.33,86.17,85.33,84.83,87.5,95.83,90,85.17,87.36
88.72,86.33,88.17,84.75,86,87.33,83.5,87.83,89.67,82.5,85,81.67,88.83,86,86.16
89.28,93.5,84.33,83.75,85.33,84.83,89,88.17,88,86.5,87.33,83.67,85.67,87.67,86.93
87.83,84.17,87.5,89.75,79.67,85.17,91.83,86.83,89.67,89.83,81.5,81.5,84.83,87.33,86.24
86.39,84.67,87.5,85.5,90,84.72,89,90,84.83,90.33,85.5,82.67,84.5,92,86.97
89.28,84.83,84.33,87,88.67,83.83,86.67,86.5,89.17,83.33,85.5,89.83,83.5,85.17,86.26
83.61,86,85.5,88.25,89.67,90.11,89.17,87.83,86.67,88.17,85.67,88,82.17,84.67,86.82
86.17,89.33,87.67,84.5,88.5,87.72,86.17,87.17,86.67,87,88.83,85.83,81,89,86.83
87.44,84.83,88.33,84,88,84.11,84.5,83,85.67,85,84.17,90,84.83,83.5,85.53
85.22,84,86,91.75,89.33,82.83,81.83,87.5,89,85.83,86.33,82,90,83.67,86.09
89.28,88.5,90.83,82.5,91.17,90,91,85.33,88.17,85,79.5,88,89.5,84.83,87.4
87.17,86.67,87,85,92.17,86.83,86.83,83.33,84.67,91.33,86.67,85.17,89.67,86.17,87.05
81.44,86,94.67,86.75,86.17,86.56,86.83,84.5,89.83,86.33,85.17,82.67,83.5,83,85.96
85.61,90.33,88.5,90.5,84,89.17,84.83,86.17,88.83,85.67,84.5,87.83,90.67,90.5,87.65
87,86.83,90.17,90.75,86.67,89.28,84.83,83,84.67,85.33,90.5,80.33,88.33,92.17,87.13
84.83,84.83,85.5,88.75,86.17,88.33,81.5,88.67,91.5,88.5,87.17,85.33,82.83,86.33,86.45
85.39,86.17,85.67,86,87.17,86.39,87.33,89,91.83,87.5,83.83,86,83.67,90.83,86.91
88.06,87.33,83.83,89.5,89.33,87.33,85.5,88,84,86.5,81,86.5,88.17,86.33,86.53
81.72,91.17,86.5,89.25,87.17,87,92,84.17,81.5,81.83,83.17,81.17,83.67,86.17,85.46
86.39,87,84.83,90.75,91,81.67,88.5,86.67,84.17,88.67,82.33,86.83,86.5,87.33,86.62
87.61,90.83,88,85.25,85,87.61,83.5,78.83,87.83,88.83,84.83,88.67,88.17,89.33,86.74
89.5,83.5,83.5,86.75,89.33,88.78,89.33,90.5,88.33,85.5,86.67,86,81.17,83.17,86.57
86.17,84.67,82.33,82.75,86.17,86.83,84.83,86,89.67,87.17,88.5,88.33,89.33,89.67,86.6
83.33,84.17,86.33,86,88.17,86.39,87.67,91.67,87,87.33,88.83,89.17,92.17,83.5,87.27
88.28,88,89.83,87.5,84.83,86.28,83.67,86.17,87.5,83.67,88.33,87.5,82.17,89.17,86.63
83.5,85.17,89.67,87,83,84.17,85.33,90.67,82.67,88.33,85.67,83,88.33,86,85.89
84.89,91,90.33,81.75,86.83,87.89,92.17,86.17,85.33,84.33,84.83,80.5,83.67,87.17,86.2
84.28,86.5,86.67,83.25,85.17,88.94,85,82.5,88.5,81.5,84,88,87,86.5,85.56
84.56,91,84.17,85.75,79.5,83.39,84,86.67,82.83,81,87.67,84.5,89.33,89.33,85.26
84.89,85.67,83.67,82.25,79,89.44,86.5,85.17,86.17,82,86.33,90.67,87,90.33,85.65
83.94,82.5,86.5,86.5,87,86,87,83.33,88.17,85.5,82.33,87.17,83.33,90.33,85.69
90.11,88.83,88.33,84,82,89.94,90,89.17,85.33,84.83,83.17,92.83,85.67,85.17,87.1
86.67,87.83,84.17,90.75,82.83,86.39,86.33,86.83,87.67,88,86.33,88.5,85,87.33,86.76
88.72,83.5,84.83,81,87.5,87.44,85.83,90.83,90,88.5,87,84.67,87.33,87.17,86.74
85.89,83.17,89.17,86.5,86.83,84.83,85.67,84.67,87.33,87,90.83,90.67,89.5,82.5,86.75
88.17,86.5,88.5,81,84.17,89.44,82,84.17,88.33,87.17,83,85.17,84.17,83.33,85.37
86.78,85.17,83.5,89.5,85.67,87.61,90,89.5,92.17,85.33,84.5,84.5,89,81.33,86.75
83.61,81.67,89.67,84.5,87.33,85.5,83.67,81.33,84,84.33,84.67,90.17,85.67,85.33,85.1
88.11,85.33,84.17,82.25,84.83,86.61,86.67,88.17,87.5,84.67,86.67,88.33,85.17,84.83,85.95
87.28,86.5,87.33,86.5,81.33,86.89,84.5,84.5,88.33,86.67,85.83,83.5,85,87.17,85.81
84.67,84.17,83.17,92,87.83,86.44,87.33,86.5,84,85.5,91.17,85.5,86,86.83,86.51
86.89,88,90,81.5,91.5,85.44,93.33,84.83,80.67,86.33,89.5,90.33,89.17,84.67,87.3
82.44,84.5,86.33,88,88.17,87.72,88,86.83,85.5,85.33,86,85.17,89.5,88,86.54
83.11,84.17,83.83,85.5,83.83,90.78,88.83,87.17,86.17,83.67,89.17,85.17,88.5,84.83,86.05
88.78,85,88,85,83.33,89.28,82.67,83.5,83.67,79.33,88.5,80.83,90.33,85.67,85.28
87.28,85.67,82.5,87.5,86.5,85.67,87.83,85.5,86.5,83,84.5,85.33,82.67,84.17,85.33
83.44,87.83,91.67,86.25,86,86.33,85.17,83.33,85.67,86.33,84.83,82.67,89.67,85.5,86.05
87.67,85.83,83.17,81.25,89.83,84.78,90.33,87.5,88,90,83.83,84.83,85,87.5,86.39
85.78,86.17,87.5,91.25,85,88.11,86,90.17,88.83,82.17,85.17,82.67,84.83,87.33,86.5
83.17,85.5,85,87.25,86.67,82.89,88.33,89.67,86.17,88.33,84.67,83.5,87.17,82.5,85.77
83.72,87.67,86.33,90.5,87.17,87.94,87,89.33,86.5,85.67,83.67,87.67,90.5,86.33,87.14
87.44,87.83,82,92.5,84,83,82.33,80.33,87.67,89.67,89.5,87.33,89.33,90,86.64
89.22,87,79.83,87.5,88,90.28,92.17,88.17,87.33,81.5,90.83,84.33,90.5,90.33,87.64
84.83,88.5,89.5,84.75,87.33,91.11,86.67,84.67,90,83.17,84.83,90.33,87.33,89,87.29
89.44,86.33,84.67,87.25,83.67,90.17,87.67,89.33,87.67,90.33,92.83,84.67,83.33,86.83,87.44
84.89,88,88.83,82.5,87,86.83,90.17,86.67,86.33,87.5,89.33,84.17,80.5,85.83,86.33
89.61,87.5,87.5,86.75,87.33,85.67,86.33,82.17,90.5,83.17,83.33,86.67,89.83,87.83,86.73
89.89,85.17,88.33,85.75,91,86.56,90.17,86.17,91.83,85.83,85.5,90.5,84.67,84.67,87.57
87.11,86.33,84.33,93.5,81,86.39,92.83,91.5,89.67,80.5,88.17,86.67,88.17,86.17,87.31
88.22,87.17,89.33,86,86.67,88,87,85.33,85.67,83.17,89.33,85.33,92.17,92,87.53
87.28,89,87.33,83,82.17,87.56,85.33,91.17,87.83,87.83,88.17,80.33,82.83,92.17,86.57
81.39,84.33,82.67,83.75,81.83,84.06,89.17,83.83,88,90.83,82.83,85.33,90.67,81.83,85.04
82.67,88.83,85.83,82.75,89.67,84.56,88.67,86.5,86.33,88.5,85.5,84.83,82.67,87.17,86.03
84.67,92,88.83,79.75,91.67,86.28,87,89,86.17,82.67,88.17,90.83,85.67,84.5,86.94
80.78,90.83,87.17,89,87.67,83.78,84.67,81.5,81.83,88,84,83.33,88.5,86.33,85.53
85.56,86.17,84.17,87.5,83.83,90.22,91.17,86.83,82.5,89.33,89,88.33,87.5,85.67,86.98
84.33,89.67,84.83,91.25,88.17,87.06,86.5,83.17,90.83,81.83,88.17,85.67,82.33,88.67,86.61
85.33,87.33,88.17,86.25,85.67,85.89,90.17,90.83,89.83,85.33,84.5,82.83,90.33,81.5,86.71
93,85.17,83.33,82,88.5,88.94,83.17,86.83,82.5,84.83,85.83,92.17,89.67,85.67,86.54
85.06,88.83,86.5,83,82.17,84.72,89.33,85.33,91,86.17,85.5,88.33,89,84.17,86.37
87.67,84,85.5,84.5,85.33,83.67,86.67,85.67,85.83,83,89.83,81.83,85.67,91.5,85.76
83.61,85,87.5,85,84.33,91.06,87.17,83.67,86.67,83.83,83.83,88.5,89.83,87.67,86.26
84.39,86,84.5,90,90.67,85.56,87.33,86.67,87.17,88.17,87.5,91.17,85.5,81.5,86.87
84.39,85.33,89.67,90,88.5,89.06,87.33,86.17,94.33,87.33,89.83,86.83,82.33,84.83,87.57
86.11,88.33,83.33,92.75,83.83,83.89,84,83.83,87.67,89.67,86.83,86.5,90.5,85.17,86.6
87.06,92.17,85.83,85.25,85.83,90.28,84.33,85.5,86.67,86.17,90.17,86,85.83,87.83,87.07
89.17,84.5,83,87.25,81.67,87.78,91.5,86.83,84.83,88,87.5,83.83,89.83,84,86.41
85.5,82.17,86.33,85.5,84.33,82.5,85.83,87.17,86.83,81.33,90.33,88.5,88.33,80.83,85.39
84.11,87.33,81.33,89.25,86.5,84.89,88.33,88.33,87.67,89.33,85.67,87.67,86.67,89.83,86.92
85.22,91.5,86.83,87.5,88.5,91.06,88.33,87.83,87.33,89.17,87.83,83.17,88.5,84,87.63
87.72,87.83,91.33,83.5,87.83,85.22,83.17,79.67,87.5,82.33,85.5,90,85.17,85.33,85.87
89.61,86.5,86.67,82.75,86.17,84.11,86.5,80,87,88.83,85.67,87.17,90,89.83,86.49
89.22,80,83.5,88,85.67,88.33,89.67,91.17,84,85.33,85.5,83.5,88.17,85.5,86.25
88.89,86.17,83,92.5,88.5,86.67,81,86.33,90.83,91.17,88.5,82,84.67,85.5,86.84
87.83,81.67,84.17,88.5,92.17,88.28,87.67,83.83,84.5,83.5,85.5,83,85.17,90.5,86.16
83.56,86.67,84.67,83.25,90.5,83.39,85,85.83,88.33,85.5,87.83,83.33,81.33,89.83,85.64
84.11,88.67,86.17,86.5,88.67,89.28,88.33,90.83,83.83,84.83,87.67,84.33,88.5,86.83,87.04
84.33,82.83,84.17,87.25,86.33,85,87,87,82.67,83.33,84.5,89.67,85.67,85.5,85.38
88.67,84.67,88.83,89.25,87.67,85.61,86,87.83,89.5,85.67,86.33,88.5,83,85.67,86.94
85.44,86.33,82.5,86,83.33,85.22,86.5,88,90.33,85,86,87.67,79.83,89.83,85.86
83.78,82.17,85.5,85,91,89,87.83,87.5,83.33,81.5,87.67,90.17,86.17,82.17,85.91
85,83.5,83.5,83.25,87.83,83.06,90,87.83,86.17,86.5,82.67,85.17,88.33,84.83,85.55
90.11,87.67,86.33,94.25,85,84.22,91.17,81.83,87.5,91.33,83.67,84,90.83,87.17,87.51
87.67,84.5,85.83,87.75,84.33,83.78,86.67,83,84.67,87.67,92,84.5,84.67,88.17,86.09
85.78,88.17,87.33,89.5,90.17,87.83,88,88.17,89.17,89.17,89.5,82.17,87.33,86.67,87.78
86.44,84.33,85.33,82.5,83.33,85,89,85.33,84.5,89.33,90.33,85.5,80.67,88.17,85.7
84.33,82.17,88.67,84.75,88.33,87.78,86,89.17,87.83,87.17,87,90.17,86.67,84.17,86.73
84.33,86.33,86.67,89.5,85.83,92.5,87,81.67,87.67,87.67,87.5,85.67,89.83,88,87.15
85,85.33,83,85.75,87.5,85.28,84.83,89.33,89,91.17,83.5,90,82.5,87.17,86.38
88.67,90.17,85.5,91.75,86.33,86.78,87.33,89.17,82.17,86.17,86.5,90,88.67,81,87.16
86.94,84.83,88.33,82,86.67,87.83,83.83,83.83,89,87.83,85.67,88,86.67,82.33,85.98
87.28,84.5,87.5,89.5,87,86.89,87,87.67,87,84.5,84.83,83.5,86.5,87.83,86.54
89.28,84.33,85.83,92.5,85,90.22,88.5,85.33,83.83,88.17,83.33,88.67,89.67,86,87.19
89.22,85.83,88.33,86,83.5,85.72,84.17,88.17,88.5,88.17,83.17,81.5,80.5,86.33,85.65
84.78,85,87,85.5,85.83,87.11,87.67,87.5,82.83,88.17,84,84.83,85,82.5,85.55
86.72,82.67,83.5,85.5,82.33,88.89,92.83,86,83.33,86.5,84.5,87.5,87.33,83.67,85.81
87.5,87.83,88,80,80.67,85.5,85,88.67,90.5,84.83,86.17,87.17,84.83,83,85.69
85.11,85.67,84.17,91.25,86.83,83.56,85,89.67,88.17,83.67,90.83,86.17,86.17,86.67,86.64
86.72,88.67,88,89.75,87.17,88.5,84.67,88.83,85.5,84,90.5,87.83,86.5,88.5,87.51
86.89,88.5,86.17,87.75,86.5,88.94,86,82,88.17,82,88.17,86.17,78.33,90.33,86.14
90.72,87.17,83.17,91.25,84.67,83.17,88,88.33,90.83,84.67,88.33,83.5,81.67,84,86.39
88.89,89,87.33,90,86.83,86.89,90,89.83,90.33,86,88,87.5,88,87.5,88.29
87.78,80.17,82.5,86.5,81.17,86.22,88.17,84.17,89.5,82.33,86.83,87,87.5,86.33,85.44
84.89,89.83,86.67,90.5,79.83,88.83,84.33,83.17,88.33,84.67,88.83,88,86.67,91.5,86.86
81.83,85.67,86.67,87,85.67,88.83,86.83,87.5,81.5,86,87.5,86.33,87,87,86.1
88.83,91.33,82.83,88.25,90.5,86.78,86.67,83.83,87.33,87,89.83,86.17,87.5,87.83,87.48
84.39,84.83,81.67,82.25,86,86.5,86.33,87.33,81.67,85.83,88.83,85.83,85.5,86.67,85.26
86.56,88.33,90.83,88.25,89.83,92.44,85.5,87.5,86.5,81.83,82.17,88.67,86.5,80.5,86.82
88.89,83.33,83.67,87,88.67,90.83,86.67,83.5,87.33,87.17,90.5,85,92.5,88.83,87.42
81.61,88.67,89.17,91.75,92.67,85.78,84.33,83.67,88.83,86.5,84.17,83.5,83.17,85,86.34
88.22,90.67,88.17,88.25,86.17,88.39,86.5,88.5,88.33,88.33,89.67,78.5,88.5,92.17,87.88
87,87,87.17,93,82.5,88.06,85.17,86.5,87.67,84.17,85.67,86.5,84.33,88.33,86.65
90,84.17,87,85.25,84,85.44,82.5,85,88.17,85.5,88.33,85.67,89.67,86,86.19
82.72,88.17,82.67,86,88.83,85.39,87.5,87.17,85.83,86.33,86,84.83,85,88.33,86.06
85.56,89,85.83,84.5,86.5,85.17,84.83,85.83,89.17,86.83,85.5,93,87.67,89.5,87.06
86.83,87.5,93.67,86.75,88,85.44,89.67,87.83,87,84.83,88.83,89.83,89.67,85.83,87.98
88.33,90,85.5,84.25,87.17,90.83,80.33,90.67,91.33,90.83,86,86.67,87.33,89.33,87.76
88.72,83.17,86.33,82.25,88.67,87.11,89.17,81.5,89.67,86.83,88,85,83.17,87.33,86.21
84.11,88.17,83,81.5,86.67,89.44,86.17,87.67,88.83,84.83,88.83,86.5,88.17,83.83,86.27
89.39,89,85.67,87,91.67,86.83,88.17,87.17,87.33,86.67,87.83,92,85.17,85.83,87.84
87.5,86.83,89.5,82.5,84.17,82.61,90.83,83.33,93.67,87.67,83.17,78.83,84.33,84,85.64
89.33,89.83,84.33,89,90.83,86.5,82.33,90.5,93.5,84.5,85.83,86,91.33,86.67,87.89
86.33,85.5,88.33,88.25,88.17,87.44,82.83,81.67,85,83.83,90.5,89.17,88.67,84.83,86.47
83.39,84.17,92.67,86.5,89.67,85.06,90,89.33,88.17,86.17,89.5,94.33,80.5,85,87.46
88.33,82.17,86.67,88.25,87,87.89,84.33,81.5,88.17,84.33,77.83,83.83,88.83,81.5,85.05
85.17,88.5,79.5,83,80.83,86,84.5,90.17,86.67,86,87.5,88.67,85.67,86,85.58
86.94,82.83,88.83,85.5,87.33,88.33,88.17,87.67,88.17,86,84.33,83.33,86.67,85.5,86.4
84.56,86.17,86.33,84.75,84.83,82.44,86,85.33,85.67,86.33,87,81.67,85.17,83.83,85.01
92.22,85.83,85.17,82.75,86,85.11,90.67,88.33,89.67,86.5,91.5,84.83,88,87.5,87.43
89.11,85.5,79.33,95.75,87.83,83.67,84.33,93.67,82.67,89,89.17,87.33,84,89.67,87.22
84.5,84.5,88.5,90,88.67,87.89,81.5,84.83,81.5,81.33,82,81.17,82.67,86.5,84.68
86,86.17,90.33,88.25,88.17,88.61,83.83,86,87.5,85.67,86.17,83.5,89.5,86.17,86.85
85.72,86.17,86.67,85.5,89,85.94,88.67,91.17,91.5,85.67,82.83,89,84.17,87.17,87.08
87.11,89.17,84.67,83.5,86.33,84.61,87.17,87.17,84.83,82,85.33,83.67,88.33,82.83,85.48
85.67,90.33,81.83,85.75,88.67,82.94,88.33,87.17,85,81.83,88.17,90.5,83.67,82.67,85.89
84.72,83.67,90.67,91.75,84.33,84.22,86.17,84.17,90.33,83,87,86.83,87.5,83.83,86.3
85.94,89.33,85.67,87.75,93.33,86.28,87.5,87.83,85.33,84.67,89.83,86.17,85.83,82,86.96
83.72,81,86.33,85.75,84.67,86.72,90.67,83.83,85.83,81.5,84,84.33,90.17,87.67,85.44
86.39,86.33,85.5,81.25,87,88.78,84.17,88,86.67,83.5,88.5,88.17,86.17,83,85.96
84.78,89.5,84.67,86.75,85.5,87.56,88.67,90.83,89.67,87.17,82.5,86.83,89,88.67,87.29
88.39,84.33,88.33,91.75,90.17,83.83,86,87,83,80.67,84.5,79.83,84.17,86.17,85.58
83.67,81.5,91.67,90.5,90,88.89,87.83,90.83,86.33,88.5,84.17,85,89.17,86,87.43
86.94,85.5,78.83,93.75,86.83,89.5,86.5,87.67,86.67,87.67,90.5,92.17,87,90.33,87.85
85.17,86.33,93.5,90.75,81.5,87.67,88.33,84.17,83.67,82.33,84,87,88.67,85.83,86.35
83,88.5,90.83,85,86,81.22,89.5,85,88.83,84.83,84.5,91.33,86,85,86.4
88,85.83,86.83,83.75,89.33,85.39,89.83,88.67,88.17,87.33,90.83,88.5,86.67,87,87.58
88.94,84.67,90.5,86,88.33,82,86,84.83,84.83,87.5,82.5,88.33,81.5,85.83,85.84
87.17,79.33,86,85.5,84.67,84.17,81,91,87.33,84.5,85,88.5,85.17,88.67,85.57
86.61,87.67,90.33,89.5,87.67,87.39,85.33,83.83,87.5,90.33,86.67,88.17,90.33,86.17,87.68
89.83,83.67,80.17,79.5,83.83,85.28,88.5,88.17,86,84,87.5,85.67,85.67,93.67,85.82
84.61,87.5,82.33,90.25,86,87.28,87.17,84.33,91,87.83,85.67,86.5,90.67,90.33,87.25
88.11,80,84.33,88,90.17,88.94,84.17,91.33,87.17,86.17,87.33,86.5,85.5,88.5,86.87
86.5,88.17,86,83.25,86.5,87.83,83.67,86.83,87.67,88.17,94.83,87.67,90.5,90.67,87.73
88.67,89.17,89.83,88,88,87,89.67,85.17,87.83,83.17,87.67,89.83,88.17,82.5,87.48
86.11,87.83,87.17,88.75,87,88.39,85.33,83.33,82,83.83,90.5,89.5,87.17,85.17,86.58
86.17,87.67,89,85.75,90.17,86.28,87,85.33,88.67,88.67,88.33,85.83,82.67,85.33,86.92
86.17,88.83,87,96.5,85.83,82.5,87.33,85.17,85.17,86.83,83,86.83,87,84,86.58
88.22,83.83,86.5,93.5,91.5,82.44,88.17,84.83,88,85.17,84.17,91.83,85,91,87.44
83.17,91,92.83,82,90.5,86.22,89.67,84.83,86.67,86.33,85.5,84.17,87.17,88,87
85.67,85.5,88,80,86.33,84.94,87,87.5,84,87,85.5,94.33,87.17,83.67,86.19
82.72,87.5,88.17,88,92.33,87,81.33,90.83,90.83,84.83,83,87.67,84.67,83.33,86.59
86.94,88,85.17,88.75,86.33,92.28,83,91.5,87.83,90.33,89.33,83.83,83.67,83.83,87.2
85.89,85.67,89.83,81.5,87.83,88,87.67,85.5,87.83,81.17,85.5,91.33,82.83,89.17,86.41
82.56,84.33,86.33,89,91.17,84.72,85.33,80.83,83.83,89.5,81.67,93.83,88.33,83.5,86.07
87.5,80,84.83,84.25,90.5,87.5,80.83,88.17,83.83,83,84.83,86.5,86.17,82.5,85.03
87.78,89.67,88,84.75,83.83,85.22,84.33,88.5,88.67,86.5,91.83,86.33,84.33,93.5,87.38
83,87.67,84.67,89,88.83,87.72,82.67,88.83,85.5,89.83,87.17,83.33,86.67,85,86.42
86,82,85.67,83.5,88,88.78,87.67,89.17,82.5,84.17,88.67,88.17,90.83,88,86.65
82,93,85,84.75,90,83.17,81.67,86.83,89,81.33,86.83,91.5,84.5,92.83,86.6
89.11,89.5,85.83,81.25,84.33,84.06,89.83,87,93,89.33,86.67,88,85,84.5,86.96
87.33,84.33,86.17,91.75,86.83,84.83,85.5,88,88.17,80.5,88.5,88,88,84.67,86.61
87.83,82.5,83.33,86.25,85.17,89.44,87.67,84,84.5,86.67,90.67,89.5,83.5,89.83,86.49
88.67,88.83,83.33,89.25,86.83,88.56,84,89.67,85.33,87.67,90.33,85.5,86.83,82.83,86.97
87.11,85.17,89.33,90.25,90,88.83,86.67,83.83,87.5,81.83,85,88.5,87,84.67,86.84
86.5,92.33,87.5,88.75,84.83,88.44,85,83.83,91.33,84.33,90.67,91.67,88.5,85.67,87.81
86.11,86,91.33,87,89.83,87.5,82.17,85.5,87.33,79.83,85.33,85,89,86,86.28
83.56,87.33,88.33,81,85.17,90.33,84.83,84.5,86.33,87.33,81.33,85,91.33,87.5,85.99
89.61,87.83,91.67,85.25,83.33,83.33,84.5,82.5,81.67,86.67,84.33,83.67,87.67,85.17,85.51
83.78,89.67,86.83,87.25,86,86.33,83.33,87.5,88.33,82.83,90.17,84.5,84.67,85.33,86.18
88.94,86,80.83,92.25,85.83,89,88,88.83,88,89.33,85.67,89.33,85.67,84.5,87.3
82.94,84.83,90.17,86.75,84.67,85.78,87,87.33,87,90.33,88.17,88.5,86.17,83,86.62
88.06,87.33,84.33,85.75,88,83.72,87.5,91,87.5,83,82.33,89,86.33,89.83,86.69
83,84.5,83.17,83.75,85.17,88.5,88.83,86.17,84.17,86.83,86,88,84.17,88,85.73
86.67,86.17,85.83,81,84.33,82.11,83.5,83.83,82,89.17,92.83,84.83,87.67,81.67,85.12
84.22,87.67,78.17,83,85.17,91.5,85.17,88.33,88.83,87.17,85.5,87.33,90.17,89.5,86.55
83.61,89.5,89.33,82.5,85.17,88.06,86.83,85.5,87,85.83,90,89.67,86.17,88.17,86.95
89.5,88.83,84.5,93,87.5,89.22,89,89.67,85,86.67,86.33,90,89.17,88.33,88.34
85.39,85.17,89.17,86.25,87,83.89,91.33,91,88.5,84,90.17,87.83,85,90.67,87.53
85.11,87.67,89,87,84.5,83.39,85.83,88.17,84.67,88.5,85.33,86,85.83,86.67,86.26
87.17,83.5,81.5,89.25,91.17,87.11,85.67,86.33,85.5,87.33,85.17,86.33,88.83,91.17,86.86
89.94,90.33,86.5,86.75,85.67,88.33,86.5,88.67,80.83,85,82.67,87,85.33,86.33,86.42
84.11,86.67,82.67,88,79.67,85.28,87.83,85.5,82.17,87.5,91.17,85.83,91.5,87.67,86.11
84,85.33,89.17,88,84.5,84.06,91,88,84.5,83.33,89.33,85,86.17,86.83,86.37
91.11,89.17,83.5,90,82.5,82.11,88,84.17,88.33,87.17,88.83,90.17,87.67,89,87.27
82.06,87.33,83,81.25,86,88.39,85.17,87,88.5,87.33,85.17,84.83,83.17,86.33,85.39
83.11,84.83,83.83,82.75,90.5,85.61,87.83,83.17,87.33,90.33,87,87.83,88.33,82.5,86.07
89,83.5,84.67,84.25,87.5,86.44,87.33,86.5,90.5,87.67,84.67,94.67,89.83,88.67,87.51
86.5,87.5,85.5,83.5,89.67,88,81.5,84.83,81.83,89.83,88.67,84.17,89.17,85.67,86.17
85.78,88.33,81.83,87.75,85.17,90.61,86.33,92.33,84.17,89.33,83.33,85.17,86,86.33,86.61
86.22,84.33,86.33,82.5,83,89.28,82.33,84,89.17,91.67,84.83,86.17,91,83.67,86.04
88.78,87.33,80.17,81.75,87.17,86.94,84.67,87.83,84,86.17,82,81.17,89,88.17,85.37
87.22,85.5,86.5,84.5,81.5,86.5,86.83,93.17,87.17,88.67,85.83,83.17,84.17,90.83,86.54
85.5,84.5,87.17,86.75,84.33,83.44,85.67,87.33,84.5,83.17,92.17,91,88.17,83.5,86.23
83.33,87.17,89,83.5,91.33,89,86.33,86,87.5,85.17,85.67,81.5,83,92.17,86.48
84.78,89.17,85.83,84,82.67,85.94,79.5,84.5,88.83,81.67,89.83,86.83,85.67,87.33,85.47
87,91,83,87.25,84.67,86.56,85.67,87.67,83.83,94.83,87.5,90.5,83,84.17,86.9
84.33,85.17,81.5,82.5,81.83,89.44,89.33,81.5,84.17,86.83,88.17,91.33,91,87.83,86.07
91.5,89.33,88,90.5,89.67,84.94,86.33,84.83,95.17,83.83,86.83,85.33,87.33,87.5,87.94
86,83.83,90.67,87.5,83.67,86.61,87.67,86.5,85.5,90.33,87,84.33,85,85.83,86.46
87.89,87.17,86.17,85.75,86.33,88.56,85.5,81,86.33,87,84.17,92,83.67,79.83,85.81
82.67,84.33,82.5,89.75,85.5,83.17,84.17,85,81.5,92.83,83.67,86.17,88.33,89.83,85.67
85,90,90.33,88.5,84.67,87.17,88,85.5,87.17,83.33,86.67,89,78.33,82.5,86.15
87.72,88.5,84.5,83,86.67,92.61,86.67,86.83,85.17,83.33,89.83,85.67,87.33,85.67,86.68
87.5,86,88.67,88,84.5,88.06,85.5,91.33,88.17,83.33,85.83,88.5,89.17,82.33,86.92
83.61,89.33,90.5,88.75,88,82.89,80.17,86.67,92.17,87.33,84.33,87.83,85.83,85,86.6
81.06,88.5,92.5,77.75,89.5,83.56,87.17,88.5,86.5,89.67,84.83,83.67,89.17,86.67,86.36
88,85.67,87.5,90.5,83.33,86.83,91.33,81.17,84,86.17,87.17,80.33,87.5,85.17,86.05
88.44,84.67,87.17,89,85.67,82.33,87,82.5,83.67,86.17,89.83,91.5,86,90,86.71
82,82.67,83.83,83,87.17,83.06,84.67,83.5,83.33,85.67,86,89.33,88.33,90.83,85.24
89.44,84.17,87.17,85.25,89.17,81.28,87.33,85,83.83,86.33,90,78.67,79.5,81.33,84.89
90.89,89.33,92.67,86.5,87.17,86.06,90.17,91.5,81,86.5,88,87.33,89.17,78,87.45
86.89,84.83,83.67,91.25,86,85.39,92,91,84.17,87.67,89.5,90.33,83.17,89.67,87.54
86.22,87.17,86.83,86,84,85.72,85.67,83.33,85.17,83.33,86.83,87,84.17,87.33,85.63
89.22,89.33,92.83,87.5,87,86.44,82,85.17,84.67,88.17,83.67,87.83,88.17,87.17,87.08
87.44,87,86,83,88.17,80.89,81.83,87.17,84.17,83.5,84,88.67,89.33,81.83,85.21
89.06,88.83,81,80.5,90.17,88.61,89.33,93.17,87.83,84.5,87.33,84.67,88.17,87.33,87.18
87.11,83.5,84.67,84,89,83.72,83.5,86.83,93.5,83.5,89.17,85.33,87.67,85.33,86.2
84.61,85.17,88.67,92.75,82.33,85.11,87.5,85.5,85.83,87,88.17,81.67,90.5,86.17,86.5
85.17,88.67,81.83,89.75,88.5,86.33,84.33,82.83,85.67,86.83,85.33,88.83,82.17,86.5,85.91
85.33,84.5,84.67,89.5,82.33,86.83,85.5,84.17,88.17,85.83,87.33,89.17,83.83,89.33,86.18
85.5,86.67,84.17,86.5,85.17,89.06,85.5,89,87.17,86,87.33,84.17,90.33,87.33,86.71
89.5,85.5,88.33,89,86.67,86.67,86.83,87.5,84,84.5,88.67,84.83,85.33,87.67,86.79
83.56,91,81.33,85.5,89.33,88.56,82.67,89,83.17,88.17,81.5,87.67,83,87.5,85.85
84.28,84.67,86.83,83.5,87,86.06,85.5,88.5,85.67,81.5,84,83,87.33,84.17,85.14
89.39,83.17,86.83,83.75,89.17,87.33,88.33,88.83,84.67,86.17,91.17,87.83,80.83,84.83,86.59
84.78,87.5,91.67,87.5,87,86.17,85.33,87.17,87.17,83.5,88.33,87.67,86,86.17,86.85
86.56,91.83,88.83,80.75,92.83,84.11,89.33,82.33,88.83,84.33,90.17,87.5,91.67,87.83,87.64
88.72,90.33,87.67,90.25,87.17,84.78,83.67,81,84,86.5,86,87.33,89,89.5,86.85
87.06,91.67,87.33,88.5,87.67,88.83,90.33,89.67,81,88.67,86.67,90,90.17,87.5,88.22
83.72,86.5,83.33,87.5,90,87.17,86.17,84.83,84,86.67,87,80.83,87.33,83,85.58
85.83,85.67,85.33,88.25,84.17,83.33,82.67,81.83,89.67,86,87,88,85.33,93,86.15
88.28,88.5,80.67,80.75,89.5,86.72,82.83,91.17,84.33,84.83,83,78.17,91,81.83,85.11
85.94,87.83,83.33,89.5,88.17,87.72,87.17,88,84,86.17,89.67,89.17,84.83,89.17,87.19
83.56,87.67,83.5,86,88,87.06,84.33,91,86.33,88.67,90.17,91,88.67,89,87.5
89.83,86,86,87.25,89,87.11,80.5,85.83,83,81.5,85.67,83.67,82.17,86.5,85.29
86.61,84.83,84.17,85.5,84.17,89.72,86.5,82.33,84,86.33,83.67,87.83,83.17,86.5,85.38
85.72,88.67,86.67,86.5,89.67,86.33,89.5,85.83,81.67,83.67,84.17,88,90.67,88.67,86.84
84.61,86.33,83.5,91.5,84.83,90.28,84.33,88.33,84.67,88.5,90.83,83.67,82.83,82.33,86.18
85.56,87.17,85.33,86.75,84.83,84.67,84.5,87.17,84.17,84.67,85.17,88,88.5,84.83,85.81
87.67,91.5,83.5,84.75,90.67,83.56,91.67,88.83,86.33,83.33,87.83,88,88.33,83.67,87.12
83.83,90.5,84.33,88.75,92.17,84.67,90.5,84.17,86.67,91.67,84.5,86,87,84.5,87.09
88.94,82.5,89,85,83.5,86.94,84.67,86.83,86.33,86,84.83,87.33,88.17,90.67,86.48
92,85.17,84.83,79.25,83.33,93.61,84,84.83,84,90.17,87.83,87.5,83.5,84.33,86.03
88.83,83.33,87.33,88.5,89.17,87.83,85.83,88.67,92,90,89.67,85.83,89.17,80.67,87.63
85.67,83.33,85.83,91,88.5,87.78,80.83,90.33,85,82.33,86.5,85.33,85,87.17,86.04
87.22,84.17,83.67,87.5,87.5,83.06,86.33,84,84.5,87.83,86.33,89.17,88,85.83,86.08
85.94,87,85.5,84.25,84.5,84.89,83.83,86.5,86,85.5,86.5,85,91,88.83,86.09
83.72,88.17,85,88.5,85,87.33,87.33,85.67,85.33,90.17,85.83,90.5,85.17,87.5,86.8
87.11,87.5,88.33,84.5,85.5,80.39,86.83,88,87.33,90.67,83.67,84.83,89.5,86.5,86.48
85.5,86.17,86,86.5,83,92.06,86.5,83.5,85,83.33,83.83,86.67,87.5,87,85.9
89.28,83.17,90.83,91.25,84.5,90.11,85.17,85.67,83.17,86.83,92.83,90,87.67,87.67,87.72
88.17,87.33,80.33,84.25,84.33,86.44,87.67,90.33,87.5,85.17,82.83,82.5,91,91.17,86.36
88.94,86.33,84.67,88.25,87.33,87.94,85.33,86.67,87.17,86.17,86.5,87,89,91,87.31
89.67,88.5,83.67,86,84.5,86,89,86.17,87.33,83.5,84.83,83,80.17,86.33,85.62
82.89,90.67,85.17,80.5,85.17,88.72,83.83,85,86.67,83.5,84.83,89.5,87.33,89.67,85.96
88.78,79.83,91.5,89,80.33,85,86.83,85.83,85.5,82.17,87,83.17,86.67,86.83,85.6
86.11,84.33,87.17,92.75,89.67,91.33,92,89.17,81.83,86.17,84.33,86.17,87.17,90.83,87.79
82.17,85.17,82.17,85,83.5,85.39,83,88.33,89.33,91,89.33,84.67,90,87.33,86.17
83.61,86.67,86.67,89,84.33,87.72,87,89.33,88.33,82.17,89.17,89.17,91.33,85.67,87.15
88.83,83.17,86,89.5,85.67,89.78,88.17,82,88.83,87.17,87.5,87.67,84.17,80.5,86.35
87.78,87.67,85,88.5,92.17,85,81.83,81.5,86.33,84.33,84.17,86.17,88.67,87.17,86.16
81.72,88.5,83,84.5,86.5,91.5,87.67,89.17,86.17,88.33,87.33,85.83,90,80.33,86.47
83.67,85.17,86,94.5,85.17,83.22,86.67,88.83,86.67,87,91,88.33,86,91,87.37
89.17,84,89,85.75,87.33,83.17,87.33,88,91.33,80,86.5,79.83,88.67,84.67,86.05
89.44,87.5,84.33,88.25,88,85.11,81.67,85.33,89.17,83.83,85.17,85.33,87.5,89.83,86.46
87.67,86.33,86.33,86,88.67,89.44,82.83,83.33,84,84,90.5,90.5,86.17,88.33,86.72
84,88,90,88.5,81.5,84.44,83.67,85.33,87.33,82.83,89.5,84.5,91.5,85.33,86.17
88.61,89.83,85.5,89.5,84.67,87.56,83.33,81.83,89,88.83,86.33,88.5,90.67,90.33,87.46
86.5,87.67,86.33,86.25,84.33,88.67,87.5,85.33,87.5,85.5,85.67,90.33,86.67,93.33,87.26
87.5,88.33,82.67,84.75,86.33,89.17,85.33,89.17,92,85,78.83,89.67,84,88.33,86.51
83.5,81.33,90.67,85.75,81.5,86.61,87.83,83.5,85,87,87.67,87.5,86.17,88.33,85.88
84.61,86.67,82.5,90.5,89.67,87.83,86.67,86.83,84.33,87.83,89.17,88.83,90,90,87.53
88.17,85.33,87.17,83.25,90.5,87.28,90,89.5,84.83,90.5,83.33,90,88.67,89.5,87.72
86.5,81.5,92.67,89.75,83.5,89.33,83.33,85.17,86.5,83.5,90.33,87,89.17,91.33,87.11
87,85.83,87.17,86.5,85.5,88.72,90.67,89.67,84.5,88.5,90.33,86,85.83,85,87.23
82.22,88.67,79.67,81.25,85.67,85.94,84.33,85.33,88,82.5,86,82.33,88.67,91.33,85.14
84.61,88.67,85.83,82.5,92.5,87.72,84.83,83.5,91,83.83,85.5,88.33,83.33,89.33,86.54
84.28,86,84.67,82.75,82.33,84.33,85.17,90,85.33,86.5,85.67,89.67,90.83,90,86.25
89.78,86,84,83.5,87.5,85.56,88.83,88.83,87.5,89.67,83.17,88.83,86.83,87,86.93
82.94,87.17,87.33,87.5,92.33,82.67,84.83,86.17,88.83,87,85.83,92,85.17,86.67,86.89
86,86.83,94.5,81.25,87.33,85.72,85,85.33,85,88.17,86.33,89.17,86.33,85,86.57
86.33,83.33,83,84.75,83.33,85,81,88.5,92.33,83.67,89.33,86.33,89.83,84.83,85.83
91.83,83.5,85.83,94.75,86.67,87.44,84.67,86,81.67,87,86.33,84.5,89.17,89.17,87.04
87.44,85.17,86.83,80.75,82.67,88.28,86.17,86.5,83.67,86.17,87.67,88.17,83.17,91.67,86.02
89.67,83,80.5,79.25,82.67,86.61,80.83,86,91.33,86,88.67,88.5,84,84,85.07
86.06,88,84.33,91,87.67,85.5,88,87.5,87.5,89.33,86.5,88.33,88.5,82.17,87.17
87.11,86.83,89.33,89.25,86.17,85.72,88.83,82,88.33,85.33,87.83,85.5,90.67,91.17,87.43
89.67,87.83,87.5,84.5,88.33,87.44,85.17,88.83,90.5,83.33,88,83.83,82.67,88.33,86.85
89.17,87.67,86.5,87.5,85.17,82.94,84.17,88.83,87.17,83.67,88.67,88,85.33,90,86.77
86,81.83,85.17,91.75,88.67,88.61,84.33,84.17,87.67,87.17,79.67,87.5,87.33,89.67,86.39
85.61,86.17,86.33,83.25,84.17,85.94,82.67,83.83,87.33,85,86.67,85.83,89,79.5,85.09
88.83,81,87.83,86.75,89.17,89.22,88.17,84,89.67,85.33,87,84.83,82.17,84.5,86.32
89.11,88,83.5,87.5,83.5,91.83,87.17,83.33,88.17,87.33,84,87.83,89.17,89.17,87.12
88.67,84.83,87.33,86.75,87.83,88.39,82,89,88,83.17,89.33,85.33,85.33,87.17,86.65
82.5,86.67,86.33,90,85,84.78,83,85.33,85,90.33,83.67,90.33,84.83,87.67,86.1
86.17,87.5,88,84.25,89.5,81.83,86,85.5,89.17,87.17,85.67,88.5,89.83,86,86.79
86.89,86.67,83.17,83.5,86.67,83.5,86.5,87.17,92,88.83,87,84.67,89.5,84.17,86.44
85.67,84.5,82,87.75,80.33,82.78,93,86.83,85.17,89.33,84.83,89.67,85.67,86.67,86.01
85,91.33,88.17,91.25,84.67,86.06,84.67,89.5,82.33,88.5,88.17,90.17,90.83,85.17,87.56
84.78,84.67,84.33,84,91.83,90.39,84.17,86.83,90.67,85.33,87,85.83,82,88.67,86.46
83.33,86.17,82.83,87.5,82.83,83.44,89.33,86.67,87.5,84.5,90.5,85.67,80.17,92.83,85.95
85.44,85,81.67,85.75,87.5,86.72,87.17,82.17,88.33,88.83,87.67,90,87.17,87.17,86.47
84.5,89,88.5,89.75,87.17,85,85.17,90.17,86.5,87.17,87.5,87.5,89.67,82.83,87.17
80.06,82.17,82.67,83.25,86.5,91.06,88.67,91.67,90.17,87.17,89,86.5,87.33,86.67,86.63
85.94,88.67,92,91.25,86,86.39,85.67,81,89.33,84.67,86.67,85.17,91.83,85.17,87.12
86.56,88,85.67,81.75,82,82.56,86.17,83,84,80.5,84.17,82.17,85.83,90.33,84.48
84.28,87.5,88.67,85.25,85,86.94,86.83,86,84,92.33,83.83,85,83,87.33,86.14
89.44,88.67,85,86,89.83,90,85.5,85.17,89.33,86.17,85.33,82.5,84.5,82.83,86.45
82.67,92.67,86,86,87.83,87.28,88.67,85.67,86.83,90.33,87,85.83,86.17,85.17,87.01
83.17,86.67,82.83,88.5,87.17,86.17,90.17,91.17,85.67,88,89.83,89.5,83.83,87.67,87.17
86.33,84.33,89,84.75,85.67,86,86.83,83.5,87.67,83.5,87.5,89.17,88.5,86.33,86.36
89.11,84.33,85.33,90.25,87.83,83.89,85.67,88.67,87.67,84,86.67,88.83,86.5,92.5,87.23
84.17,88.33,88.67,89.5,88.33,84.72,81.5,89.5,87.5,89.5,89,85.17,84.17,88,87
88.22,87.17,82.67,82.25,88.33,90.17,85,83.67,88.5,92.33,84.17,85.33,83.83,84.17,86.13
85.22,88.33,85,89,85.33,83.22,88.83,83,88,88.67,86.83,85.67,88.33,91.67,86.94
87.89,90.33,89.17,87,88.5,86.72,84.33,85.5,91.17,86.17,84.5,84.83,84.5,93.17,87.41
85.72,85.33,85.67,91.75,88.83,80.89,84.17,86.33,84.33,86.33,86.83,83.5,85.33,85,85.72
83.39,88.83,85,84.5,91.17,87.06,86.5,88.33,84.17,84.67,85,86,89.33,89.33,86.66
91.11,83,81.17,90,86.33,86.22,89.83,81.5,86.33,83,82.33,84.83,87.67,88,85.81
84.11,82.17,88.83,82.5,89.5,87.39,89,86.5,89,82.83,92,87,85,82.67,86.32
86.61,88.17,87.33,87.5,87,88.61,88.17,88.17,87,88,89.17,91.83,90.67,90.67,88.49
87.33,85.83,81.67,86.25,88.17,86,88,88.17,86.33,92.5,84.17,88,85.67,83.83,86.57
83.22,85.5,85.33,87.5,83.67,84.89,85.17,88.33,86.67,84.67,87.33,89.67,85,88.33,86.09
89.39,90.17,82,85,84,91.06,85.5,89,92.83,88.5,85.33,89.83,81.83,84,87.03
88.17,85.83,86.5,86.75,91,85.39,85.67,85.33,86.5,85.17,84.33,88,81.67,90,86.45
83.44,86,88.33,87.75,86.67,83.06,85.67,83.67,81,87.33,83.83,86.17,86.5,88.5,85.57
82.89,92.67,87.83,85.75,89.67,89.89,91,85.83,87.33,91.33,88.17,86.5,92.83,87.67,88.53
88.67,90.5,86.17,86.5,86.67,88.33,83.17,86,87.33,84.83,87.33,86.5,85.67,85.33,86.64
85.67,86.67,88.5,85.75,82.33,86.22,84.17,85.83,87.17,88,90.5,90,82.17,88.67,86.55
87.28,83.5,87.5,89.5,89.67,87.17,84.67,83.17,82,90.17,85.33,81.17,84.83,92.33,86.31
85.67,87.33,88.67,87.5,87.33,79.67,84.33,83.33,88.33,86.67,88.33,86,84,82.83,85.71
84.61,85,84.5,87.5,84.33,86.56,84.33,83.17,88.67,81.5,83.67,85.83,81,87.83,84.89
83,87.33,89.83,87,84,87.28,86.83,84.83,86.33,86.33,91.17,84.33,89.5,86,86.7
84.11,88.5,80.67,89,87.83,90.17,86.33,87,92.33,88,84.67,87.33,87.67,90.17,87.41
83.83,85.33,86.33,83.25,89.83,91.44,84.17,85.67,85.67,88,87,87.5,81.17,83.17,85.88
92.33,87,88,84.5,86.33,90.22,89,86.17,85.83,87.33,85,92,87.83,88.83,87.88
91.56,91.33,87.5,83.5,86.83,82.89,90.5,88.17,85.83,84.33,87.67,84.5,85.67,82.5,86.63
86.83,86,84.33,90,83.83,85.56,84.33,85.83,85,83.67,86.33,87.17,86.33,82.83,85.58
84.94,86.17,89.67,82,91,88.67,87.83,86.83,85.83,91.67,85.33,84.67,86.83,83.83,86.81
83.39,86.33,89.83,91.75,83.17,88.39,85,89.67,90,83.67,85.83,87.83,83.17,88.33,86.88
88,90.17,87.17,85.25,88.5,87.17,90.17,91.67,83.83,89.83,92,87.67,88.33,89,88.48
82.56,89.83,87.5,87.5,82.33,90.78,88.5,85.17,82.17,82.17,82,86,85.67,92,86.01
88,88.17,87,95.75,86.5,88.28,91.67,89.17,82.67,86.67,83.83,85.83,86.67,83.83,87.43
85.11,85.17,88.67,87,90,82.06,82.5,92.33,88.67,82.83,88.33,87.5,91.83,90.17,87.3
84.89,85.33,85.5,87,87.83,92.33,89.83,83.83,82,88.5,84.17,83.67,85.33,88.17,86.31
86.56,91.17,85.17,82.75,87.5,85.94,86.67,91.17,86,85,88.67,91.83,86.33,81.67,86.89
88.11,83.67,85.83,89.5,90,84.22,86.67,82.67,84.17,81.33,84.33,84.67,88.83,82.67,85.48
86.89,88.5,86.17,81.5,91.83,84.17,89.5,88.5,85.67,87,89.67,90.5,89.33,89,87.73
89.5,90.67,91.83,79.5,84,88.61,82.17,88.33,85.83,85.67,86.17,86,89.33,82.67,86.45
84.78,85.83,85.67,81.5,84,85,82,88.5,86.83,80.83,85.5,80.17,88.17,84.67,84.53
87.72,88,91.33,95,83.83,86.44,88.17,88.67,85.83,85.67,85.17,86.83,89,86.5,87.73
88.72,84.5,88.17,87.5,88.17,86.89,88.83,88,88.33,82.67,85.17,89.17,87.17,80.83,86.72
87.5,85.17,86.17,82,89.33,88.22,86.5,85.83,78,87.5,88.83,91.33,88.33,88.33,86.65
83.39,91.33,89.5,78,83.67,83,80.33,86.83,89.17,86.33,84.33,87,84.67,83.83,85.1
86.5,85.33,83.67,84.75,87.5,87.44,87.83,87,84.67,85.17,84.5,85.17,87.83,90.5,86.28
86.44,79.67,89.17,88,87.83,86.33,84.5,87,92,84.33,80.83,84.5,88.83,88.17,86.26
86.17,90.33,84.67,84.25,87.83,88.22,85.67,85.83,87.83,87.5,84.33,88.17,85.33,86.17,86.59
80.33,89,89.67,87.5,86.33,86.78,83.33,86.83,88.5,89.67,87.83,82.83,86.33,89,86.71
89.22,83.5,91.83,85.25,86.5,83.78,84.33,85,89.83,89,87.5,81.83,87.83,87,86.6
84.22,90.67,87,87.75,88.83,83.61,84.17,90.83,87.67,85.33,85,82.83,89.33,86.67,86.71
84.67,85.17,88.33,88,86,88.56,85.83,87.5,88,86.33,90.83,84,90.33,84.5,87
89,86.33,90.67,90.5,89,84.39,85,90.17,83.5,87.5,86.5,84,87.83,87.67,87.29
87.83,87.5,83,88.25,87.33,85.22,88.67,84.83,84.83,81.67,85.33,84.5,88,90.83,86.27
85.22,88.83,90.67,89.5,85,83.78,87.67,92.67,90,88,90.33,87.83,85.83,82.83,87.73
85.94,90.5,89.67,82.5,90.67,85.67,86.5,88.33,85.67,91.67,87.83,89.17,87.67,88,87.84
86.83,87.17,86.83,92.75,85.17,84,90.33,84.5,88.5,84.67,84.67,86.17,83.67,88.17,86.67
88.89,83.33,83.83,85.25,87.67,87,86.17,85.5,85.67,88.17,84.33,90.17,82.83,83.33,85.87
88.67,83.33,87.17,86.75,90.33,84.61,86.67,81.17,90,90.33,88.5,85.67,85.5,85,86.69
86.5,93.17,87.83,90.5,85.17,89.06,87,86.17,87.33,89.17,82,85.33,84.67,92,87.56
83.89,84.83,87.5,84.5,86.17,92.94,85,83.5,87.67,84.33,94,89.17,92.17,84.83,87.18
86.67,83.67,89.17,84,88.17,88.78,84.83,83.83,82.17,84.33,85.17,89,87.67,82.83,85.73
87.5,79.5,93.5,90.5,88.67,88.67,83.5,90.17,88.33,89.33,88.5,84.17,87.67,85.5,87.54
88.33,88,85,92.5,85.67,84.61,84.17,88.17,86.83,84.67,81.33,80.17,81.5,82.33,85.23
85.72,83.5,84.67,87.5,85.83,86.5,89,87.17,86.5,92,84,83.83,88.67,84.17,86.36
87.33,88.67,84,85.5,90.17,86.17,91.17,87.17,89.83,84,88.83,89,86.17,91.67,87.83
84.39,85.5,87.5,83,90.5,84.33,81.5,85.5,91.33,83,83.33,91.33,90.67,86.17,86.29
88.06,88.33,82.5,82.5,87.5,92.06,86.17,82.83,91.17,83,82.83,88,90,91.67,86.9
87.94,88.5,86.83,87.25,83,84.61,82,87.17,90.17,88,90,84.33,89,89.5,87.02
84.61,83.83,89.17,87,87.83,84.94,88.5,88,84.33,83.17,86.5,89.17,86,87.17,86.44
84.78,90.17,86,90.25,88.33,88.44,85.17,86.33,83.83,93,87.67,83.17,88,86,87.22
83.56,82.67,87,91.75,85.83,85.83,89.67,90.5,85.17,85.67,88.67,87,85,86.17,86.75
88.67,83.17,85,89,84.83,84.06,90.17,86.17,87,85.83,88.67,89.67,89,82,86.66
88.72,88.5,89.5,86.25,92,85.06,82,88.33,88.5,86.83,88.17,83.33,85.33,85.67,87.01
84.33,87.5,87.67,90.25,85.33,87.17,82,91.5,83.17,86.5,90.17,82.83,82.33,89.33,86.43
85.5,86.17,85.33,87.5,88.83,83.11,84.33,92,89.83,86.33,86.83,87.5,89.17,85,86.96
85.83,88.5,85.83,94,86.5,88.5,86.83,82.67,83.5,85.83,87.83,91.33,86.67,84.83,87.05
88.39,85.83,86.33,89,82.67,84.78,87.83,86.83,87.83,86.67,92,87,85.33,85.83,86.88
86.83,87.5,90,86.5,85.33,86.94,85.5,82.83,86.17,88.67,87.83,83.33,84.17,84.67,86.16
85.33,85.33,84.33,87.25,86,83.44,80.83,87.5,88,86.67,86.5,84,89,89.17,85.95
88.5,89.17,85.83,80.5,81.67,85.94,86.67,84,84.17,89,87,82.83,86.5,85.67,85.53
87.11,82.5,83.83,88.5,82.33,86.72,81.67,84.17,91.83,85.83,88,87,81.83,92.17,85.96
91.56,85,81.83,84.75,90,88.56,86.83,87.17,86.67,79.5,82.67,88,87.33,88.17,86.29
86.17,86.33,86.17,83.75,86.17,87.22,86.83,83.67,87,91.33,82.33,85,83.17,86.67,85.84
90.44,82.5,91,82,89.17,87.39,88,86.33,86.17,89.83,90.5,89.83,86,85.5,87.48
89.78,87,90.33,85.5,84,85.33,86.67,85.5,85.17,84.5,81.67,81.83,86.83,85.83,85.71
85.83,86,86.17,82,82.67,87.11,86.17,93.17,84.83,86.17,83,83.83,81.5,90.17,85.62
86.89,85.5,83,84.5,85.5,83.67,83.33,85,84.17,88,87.83,87.83,81.5,88.33,85.36
90.22,86.5,86.33,85.25,91.17,84.22,79.17,84.67,85.83,87,88.33,89.83,85.33,86.5,86.45
87.44,82.67,86.5,87.5,83.5,90.61,84,85.83,85.17,80.67,85.17,92.17,86.5,81.67,85.67
89.5,90.33,87,87,82.67,83.72,88.33,84.5,83.83,85.5,87.17,90,87.17,89,86.84
87.61,87.33,88.83,87,91,88.67,87.5,89.83,84.17,89,82.33,84.83,87.67,83.83,87.12
86.83,85.67,89.33,86,85.17,84.11,85.67,88,86.33,90.67,88.17,85.83,91.33,83.83,86.92
89.44,86.17,88.5,89.25,87.17,86.06,86.33,87.33,86.83,87.17,86.33,87,89.5,86.67,87.41
85.39,86.17,90.33,82.75,82.5,88.17,83.83,88.83,86.67,86.17,86.17,87.5,83,85,85.89
85.94,87.33,82.33,83.75,84.5,81.5,83.33,84.33,87,83.17,85.5,85.33,90.17,86.83,85.07
84.44,87,92.83,86.5,90.5,84.33,85.33,86.67,88.5,82.17,88.17,82.17,84.33,87.83,86.48
