LIN10000,API10000,BRP10000,FUL10000,ASI10000,APM10000,AII10000,INTG_001
65.0,63.1,63.0,65.8,65.6,67.4,66.19,65.16
61.12,60.38,62.1,63.2,47.5,59.3,68.95,60.37
67.62,65.1,59.8,60.0,69.9,56.1,64.29,63.26
61.38,65.24,71.2,72.0,60.8,61.8,58.24,64.38
70.0,67.52,63.5,62.5,69.4,76.9,58.24,66.87
60.0,63.14,70.5,72.9,62.8,70.5,56.48,65.19
71.5,62.14,58.9,63.2,65.0,61.9,63.9,63.79
61.25,67.9,69.6,57.6,66.8,75.7,62.0,65.84
56.62,67.43,63.1,73.7,66.7,73.1,67.95,66.94
74.88,64.43,58.7,72.2,62.8,59.7,68.24,65.85
63.88,75.29,71.6,66.2,57.7,51.6,53.43,62.81
69.62,57.38,71.1,66.7,62.2,69.9,59.24,65.16
65.88,60.29,71.9,73.3,48.6,59.6,63.67,63.32
61.25,63.67,71.7,56.8,62.6,66.6,59.9,63.22
49.75,63.33,72.2,60.2,65.9,67.4,57.19,62.28
62.0,64.81,68.0,67.3,60.7,61.4,66.1,64.33
64.5,62.1,73.1,55.5,66.0,69.6,58.48,64.18
53.75,71.71,67.5,64.5,60.8,76.5,64.14,65.56
49.38,69.24,59.5,77.6,62.3,55.7,59.62,61.9
73.88,67.38,70.2,60.4,56.9,64.4,66.52,65.67
58.62,68.67,55.7,68.5,66.5,67.2,57.86,63.29
68.38,64.43,72.5,51.1,64.7,67.0,56.19,63.47
60.5,62.67,65.1,65.3,58.3,61.0,59.19,61.72
67.25,61.19,64.3,74.4,70.8,69.5,65.19,67.52
65.12,62.14,62.4,55.5,69.8,57.9,74.14,63.86
59.88,60.48,69.3,57.7,63.3,69.7,55.62,62.28
66.88,61.05,73.1,61.6,74.1,61.1,70.95,66.97
66.38,63.9,59.6,58.0,69.4,51.5,66.9,62.24
71.75,68.48,65.6,54.7,57.7,60.3,60.43,62.71
76.75,68.48,60.6,60.2,64.4,59.8,66.33,65.22
62.75,61.57,66.5,60.6,63.9,75.0,67.0,65.33
61.38,61.05,64.6,59.9,61.8,63.2,68.67,62.94
65.5,65.14,70.1,67.9,60.7,78.1,61.24,66.95
58.25,64.52,59.6,51.6,53.4,64.1,66.19,59.67
68.75,67.86,62.9,67.2,62.1,63.1,62.86,64.97
67.5,63.0,57.9,52.7,56.8,65.6,66.76,61.47
74.62,67.81,77.0,56.0,59.6,67.8,56.67,65.64
62.5,66.76,65.6,64.4,65.7,72.2,66.71,66.27
58.5,63.05,63.5,62.7,65.5,73.4,65.14,64.54
55.62,60.95,61.2,68.0,55.7,71.9,66.0,62.77
65.12,66.19,59.6,70.4,71.8,68.7,63.71,66.5
55.5,58.57,53.5,66.8,77.2,72.9,72.1,65.22
69.0,58.0,69.0,63.6,69.1,65.6,63.52,65.4
61.12,69.43,56.5,65.3,61.5,61.2,66.05,63.01
56.12,60.48,61.0,63.5,65.1,78.4,64.9,64.22
47.25,62.86,62.5,67.5,63.1,72.1,71.05,63.76
60.12,68.95,58.2,68.3,66.2,62.5,67.95,64.6
58.25,67.43,63.6,64.5,64.5,67.2,64.71,64.31
83.0,62.38,70.3,70.2,58.3,61.4,74.62,68.6
56.62,67.71,65.9,67.2,70.1,58.4,65.95,64.56
56.88,58.33,69.7,67.1,52.9,67.7,62.14,62.11
56.75,61.1,67.4,55.9,68.2,68.9,66.71,63.57
55.88,66.24,66.4,72.0,73.2,66.4,71.38,67.36
75.12,63.86,68.5,73.8,68.9,64.5,65.86,68.65
61.62,65.52,70.7,62.2,68.1,66.3,60.52,65.0
65.75,56.86,62.8,55.9,67.0,69.3,63.33,62.99
63.62,67.38,68.1,60.1,73.4,63.5,62.14,65.46
55.75,59.24,63.5,66.5,51.3,61.2,59.76,59.61
79.25,56.57,66.6,64.5,56.9,67.2,52.19,63.32
62.0,64.76,70.6,55.0,56.8,61.4,69.76,62.9
69.75,58.29,63.1,69.3,55.0,58.8,61.33,62.22
66.5,60.48,59.3,65.9,64.9,63.2,62.14,63.2
71.62,74.29,66.3,53.5,63.0,64.7,63.33,65.25
62.12,69.81,72.4,60.3,65.9,65.5,62.14,65.45
66.88,66.67,65.8,59.8,63.1,57.8,60.86,62.99
56.0,61.81,66.9,56.8,60.6,61.3,61.48,60.7
70.25,63.38,70.8,59.5,60.3,66.9,66.71,65.41
63.62,69.38,57.8,71.2,60.2,69.4,63.86,65.07
64.88,63.62,47.9,57.3,54.4,63.1,58.71,58.56
59.75,72.33,60.6,60.8,61.7,67.2,59.67,63.15
74.62,64.67,68.9,63.8,76.1,64.0,59.38,67.35
74.75,61.29,59.4,68.4,72.6,72.9,66.1,67.92
60.62,62.76,71.1,65.8,72.3,64.2,57.86,64.95
59.5,65.95,74.0,68.7,58.4,62.2,75.33,66.3
50.5,72.81,57.5,54.3,61.4,61.0,56.0,59.07
76.0,67.81,64.0,69.8,62.9,68.6,56.43,66.51
64.38,62.76,56.8,54.6,73.0,60.5,66.43,62.64
63.5,63.76,74.7,51.8,62.7,65.0,70.33,64.54
75.25,62.1,64.8,68.4,62.1,66.4,71.33,67.2
58.25,65.9,65.8,70.8,59.1,62.4,67.62,64.27
61.12,68.24,61.7,60.2,60.1,61.1,65.29,62.54
70.12,68.14,61.3,74.1,57.2,67.9,66.29,66.44
61.5,60.71,67.1,52.5,57.2,69.3,64.86,61.88
48.62,63.24,64.3,53.8,51.7,58.5,61.0,57.31
65.5,63.9,57.9,74.4,64.2,65.7,62.67,64.9
60.0,65.95,65.4,59.2,65.7,59.6,65.81,63.09
52.25,61.14,59.1,67.5,80.2,70.7,61.9,64.69
70.38,63.71,69.3,61.7,59.5,56.9,65.38,63.84
68.0,66.95,61.1,69.2,64.2,67.4,65.19,66.01
58.12,69.71,75.3,70.4,58.4,71.4,67.57,67.27
58.38,65.43,63.0,58.6,62.3,62.2,64.86,62.11
50.12,60.76,61.0,64.6,75.1,70.6,62.43,63.52
61.5,58.14,51.7,60.3,74.3,67.7,56.38,61.43
61.62,64.05,50.1,62.9,72.9,66.7,61.62,62.84
54.75,74.43,53.3,57.3,66.3,67.8,59.48,61.91
56.25,60.86,58.9,60.2,66.1,66.3,68.29,62.41
64.12,66.86,68.2,61.3,58.5,65.7,69.71,64.91
51.25,60.38,68.8,67.1,65.7,59.6,69.38,63.17
63.88,65.05,65.9,58.3,61.0,49.6,59.14,60.41
63.88,65.52,65.6,63.7,57.4,61.4,65.19,63.24
65.62,68.71,56.8,64.2,45.8,65.6,62.86,61.37
74.5,66.0,74.1,62.6,71.8,71.8,66.38,69.6
56.5,58.52,66.9,61.6,69.9,75.0,60.95,64.2
58.62,68.67,64.3,53.6,62.6,52.1,67.05,60.99
65.88,57.95,56.8,58.9,71.6,63.9,60.48,62.21
65.12,64.1,72.4,65.5,64.5,58.7,64.48,64.97
67.25,73.76,76.2,62.5,60.2,59.7,64.29,66.27
59.38,60.71,71.9,57.1,51.1,71.6,62.86,62.09
63.62,62.57,64.6,71.9,70.1,49.2,66.1,64.01
62.12,63.71,60.8,58.1,61.2,49.3,69.43,60.67
70.25,61.29,59.1,76.7,73.9,69.5,65.86,68.08
67.88,58.67,52.9,67.8,54.5,73.4,65.43,62.94
68.75,64.62,58.7,65.5,61.0,69.1,68.24,65.13
65.38,65.81,53.7,60.3,65.9,49.5,67.52,61.16
66.62,67.52,77.3,80.2,49.6,59.8,62.29,66.19
70.25,61.76,71.2,54.1,61.8,63.8,57.14,62.86
54.88,61.33,69.8,51.6,69.9,62.3,65.62,62.2
60.38,58.05,67.0,58.8,74.1,70.3,61.95,64.37
64.62,59.38,58.2,59.3,63.3,70.9,62.14,62.55
62.12,70.43,64.7,59.3,69.6,63.9,66.9,65.28
63.0,68.33,72.7,69.4,66.5,68.7,63.52,67.45
53.75,63.9,57.1,64.5,69.2,59.0,63.29,61.53
66.88,64.24,51.6,56.7,61.3,67.4,64.81,61.85
62.12,66.95,64.0,55.9,66.3,61.5,58.86,62.23
58.25,61.24,68.8,74.1,63.0,60.6,61.19,63.88
63.12,53.57,79.1,64.2,60.7,63.2,67.86,64.54
67.0,59.19,55.1,56.7,65.4,45.8,67.24,59.49
68.62,60.95,64.8,70.5,66.4,68.7,62.95,66.13
74.62,52.43,51.5,71.0,72.4,63.5,68.1,64.79
67.25,68.05,75.1,67.8,55.7,50.5,60.14,63.51
72.62,62.62,60.2,69.2,73.7,63.2,65.0,66.65
64.25,60.67,63.6,63.5,60.7,63.3,57.38,61.91
81.12,60.9,67.9,64.8,57.9,54.8,59.52,63.85
76.0,55.14,67.6,63.1,60.2,71.4,60.19,64.8
52.5,68.52,60.0,55.8,62.8,69.4,61.71,61.53
53.12,66.05,57.7,58.5,59.2,73.5,69.0,62.44
63.38,57.1,66.3,70.2,71.3,59.5,68.71,65.21
71.25,63.0,49.6,73.6,70.3,61.2,60.29,64.18
71.75,66.38,72.9,67.5,55.1,59.8,75.62,67.01
60.5,64.29,71.2,60.5,65.0,53.4,69.33,63.46
65.75,58.71,60.4,66.7,63.1,61.5,58.24,62.06
71.0,66.33,73.0,64.5,64.8,68.8,66.95,67.91
55.5,66.1,62.4,52.4,65.9,69.3,65.29,62.41
50.5,68.62,72.9,70.6,60.8,55.2,68.52,63.88
54.38,61.1,57.7,69.7,55.3,61.0,67.38,60.94
62.25,61.86,71.1,66.1,65.4,67.8,69.86,66.34
63.62,62.9,63.1,62.6,64.1,70.6,67.52,64.92
62.88,64.24,70.9,73.5,75.0,61.1,60.38,66.86
54.5,64.52,62.1,71.3,62.8,52.5,64.95,61.81
58.0,69.0,68.9,62.7,71.0,74.8,73.52,68.27
63.5,64.05,59.0,64.4,69.5,71.9,71.05,66.2
76.12,61.43,71.3,63.0,75.0,69.8,71.0,69.66
63.12,72.76,58.6,63.7,78.8,63.0,63.57,66.22
73.62,64.14,70.5,58.9,68.0,59.9,69.24,66.33
62.88,70.29,70.8,58.0,59.1,61.3,67.57,64.28
64.88,66.95,66.5,79.2,59.3,68.2,67.67,67.53
60.75,68.76,69.1,61.3,71.3,62.9,69.52,66.23
72.88,67.1,61.8,54.3,74.3,53.6,65.43,64.2
63.62,64.9,61.6,55.2,60.7,72.4,71.38,64.26
68.88,56.9,82.8,64.9,69.5,62.1,72.0,68.15
64.25,70.43,66.3,71.4,73.0,56.2,68.33,67.13
56.25,63.57,61.2,71.9,66.1,63.8,64.9,63.96
63.75,61.67,63.8,74.9,58.6,65.4,66.57,64.96
57.5,62.38,62.6,64.6,59.4,66.3,68.0,62.97
67.0,67.43,65.1,59.5,64.3,63.3,58.48,63.59
58.12,62.0,63.8,68.3,70.4,68.6,62.19,64.77
53.0,68.62,62.0,59.3,60.2,54.9,64.1,60.3
63.75,56.24,47.6,69.8,64.0,68.9,69.71,62.86
58.0,61.76,62.9,65.5,67.8,65.7,66.62,64.04
60.75,62.67,72.9,62.8,70.9,68.4,69.05,66.78
72.5,56.29,64.1,55.8,65.0,62.7,66.62,63.29
59.62,67.19,62.4,58.3,62.6,58.8,63.05,61.71
68.62,66.48,61.0,68.4,55.2,68.4,61.86,64.28
73.5,57.9,73.4,56.0,52.6,48.5,62.1,60.57
69.75,64.62,61.7,68.3,63.4,67.9,62.0,65.38
71.5,61.95,69.5,63.3,71.9,57.0,63.29,65.49
67.38,55.24,65.8,70.3,65.1,70.3,65.33,65.64
60.5,64.48,68.2,66.6,62.4,58.6,64.29,63.58
58.25,62.1,49.6,75.9,67.8,55.8,67.57,62.43
61.38,57.19,71.7,65.3,65.9,67.1,63.81,64.63
63.88,67.29,60.5,65.7,66.7,55.4,58.48,62.56
57.0,66.24,73.1,70.6,71.2,59.6,65.57,66.19
67.5,66.62,68.5,63.8,54.8,68.4,62.19,64.54
57.88,64.86,64.6,64.2,62.3,78.2,66.81,65.55
64.75,61.1,62.6,63.2,63.7,56.4,69.95,63.1
68.38,66.95,65.3,66.6,72.4,61.6,56.0,65.32
57.88,62.24,69.5,68.5,65.9,62.8,64.57,64.48
57.25,66.1,63.7,68.1,55.3,68.6,68.81,63.98
51.75,63.86,54.9,64.0,59.5,83.6,59.43,62.43
57.88,62.0,59.8,59.8,71.3,57.0,59.52,61.04
48.12,61.19,59.9,67.9,60.8,65.8,62.33,60.86
54.25,56.52,56.0,56.9,63.2,65.9,58.33,58.73
66.12,63.62,63.6,58.8,66.6,79.4,61.05,65.6
61.25,62.52,59.2,59.9,63.2,66.4,64.95,62.49
56.62,71.67,64.4,63.5,64.0,62.8,63.24,63.75
61.88,67.0,65.7,60.3,62.4,69.2,71.52,65.43
52.88,65.14,55.6,61.6,67.6,65.4,64.0,61.75
59.5,58.52,73.1,61.6,66.4,61.2,66.48,63.83
60.62,61.95,72.2,68.1,57.7,52.5,68.05,63.02
63.38,64.19,62.5,55.5,63.8,72.8,58.48,62.95
57.25,64.76,63.9,63.2,65.0,56.1,59.33,61.36
48.75,61.1,69.5,60.6,64.0,68.2,65.57,62.53
64.5,65.57,67.4,65.2,68.2,68.9,62.57,66.05
62.38,69.29,66.9,61.9,71.9,70.3,72.76,67.92
70.38,63.24,70.8,67.7,64.2,64.7,69.24,67.18
54.0,63.29,70.3,55.3,61.8,47.5,61.9,59.16
69.38,65.62,70.2,70.5,68.2,74.1,68.81,69.54
60.0,65.95,64.0,60.5,68.1,68.1,62.43,64.15
52.88,64.71,70.1,63.2,60.9,62.5,65.9,62.88
76.38,61.71,57.3,59.6,70.5,56.3,56.86,62.66
49.88,65.62,63.8,53.5,65.0,67.1,58.19,60.44
60.75,68.48,64.2,68.3,59.2,62.5,57.67,63.01
60.38,62.57,53.8,55.5,67.7,64.3,61.76,60.86
69.62,57.95,68.6,69.4,54.2,59.0,68.14,63.85
71.5,65.67,61.1,55.6,60.5,72.9,66.05,64.76
61.5,60.38,66.3,71.0,54.7,63.3,68.86,63.72
49.75,57.86,62.3,65.4,60.0,46.5,70.81,58.95
64.25,60.38,65.8,65.1,66.0,61.2,69.0,64.53
70.38,69.24,69.3,69.0,60.2,64.1,62.38,66.37
67.25,69.33,69.0,68.7,66.2,65.4,61.0,66.7
54.88,75.57,57.6,71.1,64.6,72.0,61.29,65.29
59.38,70.48,69.9,67.1,67.6,60.5,61.14,65.16
66.5,69.76,65.1,62.5,57.0,68.9,58.57,64.05
73.0,63.67,64.6,74.6,51.9,66.4,67.14,65.9
53.0,60.81,69.8,59.4,62.9,68.7,67.43,63.15
72.88,65.48,68.9,64.0,75.9,54.7,63.43,66.47
55.62,61.71,70.0,72.8,68.7,62.3,57.86,64.14
56.75,67.81,61.4,66.6,48.7,56.7,60.05,59.72
61.5,66.05,60.0,53.0,64.1,61.0,61.48,61.02
49.12,57.43,63.1,69.9,71.5,66.3,70.62,64.0
70.25,57.38,72.2,73.1,62.3,72.5,65.43,67.59
58.5,58.38,66.1,70.2,60.7,59.2,60.43,61.93
71.0,68.05,60.7,59.8,57.5,62.4,68.43,63.98
67.75,69.67,67.0,60.4,55.9,70.1,65.38,65.17
66.25,62.38,63.5,53.0,68.3,58.7,58.1,61.46
64.12,59.19,63.5,73.7,67.8,77.2,66.33,67.41
49.5,69.33,62.9,56.2,58.8,49.4,65.0,58.73
69.5,59.67,74.0,64.3,65.7,57.3,65.38,65.12
68.0,59.81,66.0,65.0,62.5,76.4,66.33,66.29
53.62,60.95,55.6,52.0,59.2,64.4,64.95,58.68
61.25,59.05,80.7,58.6,52.2,66.5,66.19,63.5
59.12,61.29,60.1,52.5,72.7,60.2,57.67,60.51
76.0,71.0,58.2,60.2,64.0,67.3,64.19,65.84
62.5,62.9,63.9,65.0,63.6,62.3,69.86,64.29
68.75,62.29,62.8,64.0,63.2,79.3,60.48,65.83
65.5,58.95,66.6,70.6,66.7,73.9,66.05,66.9
69.75,68.19,68.9,65.9,64.2,61.4,62.71,65.86
60.5,61.76,56.1,72.1,61.7,63.6,70.81,63.8
54.62,63.29,54.1,63.6,61.6,63.7,57.95,59.84
71.12,72.24,67.1,59.7,67.3,60.0,53.57,64.43
65.62,67.05,54.9,65.7,73.6,63.8,66.81,65.35
65.75,64.33,68.6,64.1,61.3,68.4,62.62,65.01
67.62,58.9,77.4,73.1,66.9,73.3,63.38,68.66
59.62,72.81,67.0,57.8,68.2,56.6,67.05,64.15
62.12,64.62,61.1,66.9,68.2,71.7,56.33,64.43
74.0,59.05,69.2,57.8,59.8,61.4,67.0,64.04
52.88,62.67,74.6,70.6,67.8,58.4,55.14,63.15
65.62,67.38,67.3,68.7,58.7,66.7,63.29,65.38
65.5,68.81,60.2,58.2,69.3,66.6,60.76,64.2
69.5,60.62,67.4,64.0,65.3,58.7,65.67,64.46
69.38,55.43,74.4,61.0,62.3,62.6,62.81,63.99
69.88,73.81,61.0,62.8,75.4,56.4,66.14,66.49
65.5,58.0,61.0,72.9,63.9,49.5,69.9,62.96
65.5,60.1,59.6,61.6,67.1,64.0,57.1,62.14
65.62,62.29,53.7,59.1,55.6,62.2,57.76,59.47
60.75,68.0,55.4,68.6,55.4,50.8,55.38,59.19
58.25,63.0,57.3,60.9,60.5,66.8,62.62,61.34
60.0,64.0,53.4,61.4,59.4,63.9,62.48,60.65
55.25,61.67,55.6,67.5,59.1,50.2,62.43,58.82
73.0,68.43,70.6,64.6,66.2,71.1,69.19,69.02
66.25,58.0,67.0,74.7,58.1,59.3,56.86,62.89
66.38,58.29,70.8,66.6,58.0,59.4,61.19,62.95
78.88,63.95,59.2,59.0,58.3,66.6,70.71,65.23
62.38,66.0,57.8,51.3,65.8,57.4,66.67,61.05
57.0,61.86,65.8,66.2,67.4,56.8,62.38,62.49
56.62,68.71,68.1,56.6,63.4,60.4,65.76,62.8
62.38,64.52,58.7,59.7,68.7,56.1,65.71,62.26
61.5,60.19,80.4,60.0,67.5,57.0,61.0,63.94
58.25,70.52,75.2,55.2,66.0,69.7,63.43,65.47
56.75,62.33,73.3,57.9,62.1,63.8,58.0,62.03
62.25,67.95,68.9,55.3,70.0,56.2,65.81,63.77
71.75,60.29,63.0,57.7,66.5,47.5,70.95,62.53
69.5,71.71,64.3,59.6,53.2,70.2,65.33,64.84
52.0,70.9,57.2,65.8,59.6,72.1,66.52,63.45
54.88,61.9,59.4,64.9,63.9,70.2,62.48,62.52
61.88,63.0,63.3,59.8,63.7,62.4,62.95,62.43
57.0,69.19,66.7,58.5,65.8,52.7,60.95,61.55
69.12,69.38,64.1,62.2,79.3,63.5,64.52,67.45
56.62,64.71,60.7,77.4,58.6,62.4,62.19,63.23
69.12,55.1,56.2,64.6,64.0,57.2,55.19,60.2
68.12,62.24,71.0,61.1,66.1,59.6,62.43,64.37
63.62,63.95,48.9,68.4,68.3,65.0,62.62,62.97
57.25,68.43,68.3,67.3,69.3,60.2,63.86,64.95
68.12,61.81,64.0,59.4,58.9,60.5,65.33,62.58
77.88,73.43,52.7,58.6,54.5,80.6,69.43,66.73
75.38,59.57,64.8,67.8,74.0,59.3,63.81,66.38
73.0,57.0,69.1,53.2,62.8,73.4,61.71,64.32
59.38,60.52,60.4,57.3,67.0,57.4,59.0,60.14
63.88,62.1,69.9,67.0,62.2,61.8,65.95,64.69
79.0,62.24,50.2,51.0,67.4,65.9,65.24,63.0
59.25,75.95,63.1,63.0,69.1,54.0,64.29,64.1
69.12,53.38,71.3,62.6,64.6,60.1,59.76,62.98
75.75,63.62,58.1,63.9,72.3,63.3,62.38,65.62
58.12,67.29,54.7,65.1,70.0,63.7,66.43,63.62
73.0,68.05,69.2,66.7,60.5,51.6,62.38,64.49
56.38,63.95,61.5,71.7,62.6,58.6,61.67,62.34
76.38,61.57,63.0,64.9,68.8,61.6,67.57,66.26
75.0,54.57,62.4,59.9,48.6,61.6,66.38,61.21
68.25,66.86,57.2,62.8,64.0,49.3,61.14,61.36
60.5,62.57,55.3,59.0,64.1,65.6,68.19,62.18
63.62,70.38,58.8,70.7,62.4,56.7,63.38,63.71
56.5,67.76,65.7,62.2,72.1,70.3,57.71,64.61
62.88,61.33,61.9,69.2,69.4,66.2,67.24,65.45
47.12,57.1,62.5,65.6,59.5,63.5,61.33,59.52
71.38,72.14,59.3,67.2,62.9,71.2,66.86,67.28
63.0,71.0,63.3,58.4,59.1,55.7,64.48,62.14
72.12,60.1,65.6,57.1,57.6,48.5,68.29,61.33
66.5,62.0,65.3,54.3,62.1,72.9,67.0,64.3
71.25,59.95,59.7,64.1,59.7,50.7,67.29,61.81
62.62,60.24,64.8,53.9,60.3,48.7,62.76,59.05
61.12,64.62,67.6,67.4,74.7,73.8,61.43,67.24
71.75,68.05,58.5,45.6,64.8,57.8,60.52,61.0
61.25,65.52,57.6,60.9,66.4,64.6,64.76,63.01
78.62,54.81,60.7,61.4,66.1,64.8,68.33,64.97
65.38,63.52,70.6,70.5,64.8,61.9,66.24,66.13
70.38,60.0,65.8,67.0,73.7,66.6,63.52,66.71
50.38,66.95,64.7,59.7,67.8,70.9,68.71,64.16
73.12,64.05,55.5,63.3,63.1,62.0,68.9,64.28
64.75,69.43,75.0,56.0,57.2,67.6,65.38,65.05
75.88,69.14,53.3,61.6,67.8,55.0,72.48,65.03
71.25,58.1,75.5,56.6,58.2,72.0,60.19,64.55
61.12,75.0,61.0,69.2,61.1,71.8,66.62,66.55
72.12,60.14,56.7,65.6,63.6,71.5,71.76,65.92
64.5,62.1,65.2,62.8,69.0,60.2,60.76,63.51
73.12,65.52,68.6,53.5,62.2,66.3,65.57,64.97
57.75,68.57,67.2,57.8,66.9,69.1,64.38,64.53
68.12,70.95,57.4,62.5,57.7,58.8,68.81,63.47
60.38,61.38,57.8,65.5,61.8,64.5,61.14,61.79
67.62,69.71,63.7,73.3,59.5,65.3,67.57,66.67
69.62,62.67,63.7,65.4,74.9,58.8,66.62,65.96
66.12,64.05,70.6,72.7,67.5,67.9,68.14,68.15
63.12,54.52,64.0,66.9,59.4,69.7,57.81,62.21
67.88,67.05,56.1,73.1,72.6,53.3,65.9,65.13
61.25,64.24,51.8,61.7,74.2,74.5,66.24,64.85
61.38,64.9,56.8,69.6,72.3,60.3,64.24,64.22
57.12,67.9,66.7,70.5,68.0,65.6,57.19,64.72
64.88,70.57,62.0,60.0,60.3,64.0,71.29,64.72
60.12,58.19,63.2,57.6,67.4,53.7,62.86,60.44
58.0,62.67,68.3,54.8,61.0,56.3,59.24,60.04
70.25,63.33,57.9,67.7,69.3,62.7,68.0,65.6
63.62,65.81,56.5,69.5,63.8,78.2,67.38,66.4
65.62,64.19,78.6,72.4,64.3,69.3,71.48,69.41
68.12,61.14,67.6,65.4,69.2,60.2,63.67,65.05
64.25,62.05,57.1,71.2,62.6,69.6,55.38,63.17
76.88,67.9,75.3,68.5,46.1,60.5,62.48,65.38
65.88,64.19,66.9,56.4,72.5,72.8,63.14,65.97
76.38,61.67,62.4,54.0,71.2,56.8,68.81,64.46
59.88,64.48,61.8,63.4,68.1,58.4,65.9,63.14
64.12,63.95,61.5,59.7,63.2,70.2,62.0,63.53
55.5,66.9,57.5,62.9,64.3,60.8,65.33,61.89
60.25,65.67,55.3,67.1,65.4,57.7,62.05,61.92
64.12,62.57,63.7,64.9,64.8,71.9,68.1,65.73
71.62,57.71,57.6,58.6,59.9,64.6,63.95,62.0
48.75,64.48,66.1,70.2,64.2,66.5,62.9,63.3
76.62,61.52,74.6,54.4,65.1,69.3,61.76,66.19
72.88,70.19,55.7,62.3,48.6,65.6,71.0,63.75
70.88,67.57,66.6,66.1,68.9,53.5,68.76,66.04
68.12,68.52,62.0,73.5,54.8,63.4,66.57,65.27
63.12,69.62,64.6,70.1,76.0,55.1,61.24,65.68
65.75,65.9,55.8,59.8,60.5,71.0,62.33,63.01
68.75,62.43,57.6,61.6,64.7,55.2,65.95,62.32
67.75,63.62,65.5,63.0,67.7,64.0,77.0,66.94
76.12,64.86,63.5,63.0,70.8,63.6,63.48,66.48
59.25,55.81,66.4,73.7,56.1,55.5,66.05,61.83
57.62,57.19,57.2,56.3,68.0,65.1,63.76,60.74
66.5,67.1,64.1,66.9,60.1,58.1,71.33,64.88
70.62,58.38,55.9,56.5,69.9,70.4,66.43,64.02
63.38,65.0,61.5,69.1,67.3,69.3,61.67,65.32
67.25,59.48,70.7,64.6,66.3,64.9,56.1,64.19
53.12,65.19,65.5,57.5,51.3,53.9,64.48,58.71
66.88,67.14,61.6,65.0,68.2,67.4,57.0,64.75
69.38,62.76,59.4,68.7,64.2,74.5,59.67,65.51
74.5,64.1,57.9,69.7,54.3,58.6,62.05,63.02
61.75,57.9,65.9,65.7,62.5,79.3,63.62,65.24
58.12,67.76,58.9,65.5,53.2,59.9,62.43,60.83
59.75,61.14,64.8,64.2,65.7,65.3,65.0,63.7
64.88,59.14,74.6,64.0,62.8,69.5,57.05,64.57
72.38,55.9,66.4,62.8,59.8,71.9,62.9,64.58
64.5,66.24,67.5,68.6,62.6,62.4,69.95,65.97
74.75,65.81,63.5,57.5,61.0,58.2,70.81,64.51
71.75,69.43,53.4,65.4,72.5,68.1,73.29,67.69
54.38,63.86,71.7,71.6,63.9,69.6,67.9,66.13
64.5,64.14,71.5,58.5,62.8,66.6,63.1,64.45
57.62,67.52,64.1,58.9,58.1,49.7,63.24,59.88
72.25,62.71,68.2,69.1,49.0,60.0,57.24,62.64
69.75,64.43,62.7,60.1,52.9,59.9,61.24,61.57
61.5,65.57,69.4,67.4,61.0,66.2,71.43,66.07
64.75,60.38,69.7,66.1,57.7,56.4,59.1,62.02
70.62,61.52,66.0,70.3,68.6,51.9,69.67,65.52
65.75,69.43,65.7,64.4,60.5,70.0,61.29,65.29
59.25,57.57,56.3,61.3,65.6,75.8,61.86,62.53
55.88,68.38,77.0,57.9,59.2,69.7,66.95,65.0
65.88,66.0,63.9,69.8,61.7,62.9,65.38,65.08
66.75,58.19,71.0,56.6,73.3,70.3,58.86,65.0
61.38,64.62,67.6,54.9,58.9,64.7,63.33,62.2
68.25,65.76,75.5,63.5,57.7,61.2,60.67,64.65
72.12,65.95,66.3,64.3,61.4,81.1,67.48,68.38
62.38,58.29,65.5,66.6,58.8,63.6,60.67,62.26
60.12,61.76,60.7,63.2,61.0,62.5,64.48,61.97
59.38,55.48,69.2,71.0,63.0,63.9,68.81,64.39
63.0,66.76,61.3,63.7,54.5,59.5,56.62,60.77
75.38,63.81,74.8,73.6,53.8,68.4,60.05,67.12
69.5,61.19,83.2,66.2,57.6,49.0,64.86,64.51
65.0,66.62,64.7,72.4,67.6,63.7,66.52,66.65
59.25,60.1,54.9,70.3,71.7,54.7,59.57,61.5
53.12,61.9,58.9,71.5,61.8,62.3,63.71,61.89
69.0,49.81,64.0,69.1,60.3,61.3,64.57,62.58
60.38,57.0,68.9,64.6,66.7,55.4,57.14,61.45
58.75,60.52,68.9,69.2,55.9,69.2,55.9,62.63
58.75,68.43,58.6,67.9,69.0,52.8,66.1,63.08
68.25,63.38,63.0,71.0,59.1,72.3,66.24,66.18
66.12,65.24,63.5,63.1,55.6,73.5,73.43,65.78
69.38,76.14,67.4,68.9,70.0,55.7,64.9,67.49
64.62,65.62,69.0,68.8,73.9,69.8,62.29,67.72
54.38,67.19,70.1,64.6,72.4,61.6,61.38,64.52
60.12,73.62,61.3,60.3,58.7,64.5,57.71,62.32
74.75,72.05,71.8,72.8,57.0,66.6,64.14,68.45
67.75,64.95,62.1,67.8,57.3,62.2,68.67,64.4
62.88,70.05,63.8,60.6,55.3,63.3,54.76,61.53
64.38,67.52,59.4,55.7,65.7,53.4,67.1,61.88
66.38,63.71,57.7,61.7,59.3,69.0,66.57,63.48
73.88,63.9,64.0,52.0,65.9,57.1,61.05,62.55
65.0,66.76,56.2,59.7,65.0,58.5,60.14,61.61
60.12,71.52,60.4,58.8,71.1,66.0,68.43,65.2
66.38,62.81,72.6,68.6,64.2,66.5,66.48,66.79
62.62,63.76,66.1,62.2,67.6,74.5,63.33,65.73
77.62,59.38,73.0,60.9,69.5,66.0,68.1,67.79
64.5,64.48,49.9,67.4,69.2,60.2,61.57,62.46
66.25,65.48,64.6,65.8,67.4,67.0,62.86,65.63
60.5,64.52,64.4,60.9,55.7,64.8,60.76,61.66
72.88,64.95,59.5,68.9,71.7,68.3,65.62,67.41
53.25,67.0,69.5,66.0,64.0,61.2,61.71,63.24
70.12,64.29,61.9,70.1,69.3,66.0,61.57,66.18
70.5,69.86,64.8,63.8,66.1,76.7,67.38,68.45
62.38,54.05,68.7,60.0,62.1,57.7,66.43,61.62
66.25,67.81,76.7,63.4,67.2,62.5,60.9,66.39
61.62,65.19,63.6,65.8,70.3,50.9,61.05,62.64
78.5,57.62,64.3,66.3,65.4,61.7,60.19,64.86
70.62,66.81,62.9,66.5,60.8,68.3,61.1,65.29
69.0,64.9,58.7,62.7,59.7,66.7,70.48,64.6
66.75,55.52,65.3,62.5,58.1,59.8,67.67,62.23
59.0,61.38,59.6,55.7,60.1,75.4,70.67,63.12
69.75,56.48,64.0,60.2,52.8,62.0,65.19,61.49
68.25,54.24,67.0,77.0,56.2,60.3,59.1,63.15
72.75,59.05,63.9,68.8,65.7,67.0,66.1,66.18
59.38,66.14,63.9,61.9,66.9,61.6,61.0,62.97
67.0,63.62,65.2,69.1,50.9,75.4,69.1,65.76
53.12,65.62,61.6,66.6,67.1,60.4,59.43,61.98
58.5,63.33,59.5,70.7,57.7,64.9,65.14,62.83
57.38,66.48,57.6,67.1,56.5,66.4,63.0,62.06
71.5,60.33,60.0,59.8,68.4,66.1,64.52,64.38
80.0,60.9,56.0,70.3,63.5,61.7,63.67,65.15
61.38,64.33,71.0,56.5,63.5,59.0,56.14,61.69
60.25,66.67,45.1,77.1,61.1,59.4,57.95,61.08
60.62,57.9,69.9,69.1,62.7,56.6,59.29,62.3
54.62,58.9,56.8,67.3,61.3,77.8,67.81,63.51
68.38,61.76,69.3,70.3,76.3,59.6,63.71,67.05
68.12,59.95,71.0,69.8,76.0,72.8,65.9,69.08
57.25,61.62,51.5,52.8,58.5,54.4,63.29,57.05
59.5,68.76,68.1,71.6,50.7,57.1,63.14,62.7
64.62,59.52,67.3,62.6,44.1,50.8,67.43,59.48
69.12,69.0,52.8,64.1,45.7,59.8,64.95,60.78
61.75,64.14,63.9,51.8,71.3,57.2,71.71,63.12
55.12,67.29,64.9,68.5,69.0,71.2,62.43,65.49
60.5,59.19,68.3,76.6,59.7,62.9,66.19,64.77
58.25,65.52,59.4,51.3,59.4,56.5,66.95,59.62
57.62,73.24,53.1,58.3,66.9,61.4,64.1,62.09
66.75,65.71,71.1,55.1,74.4,61.3,61.05,65.06
64.25,70.33,58.0,68.3,73.4,64.2,62.1,65.8
63.38,59.43,55.8,58.2,52.6,80.0,65.67,62.15
55.62,60.67,64.9,65.3,60.2,61.8,53.43,60.27
60.5,68.38,71.2,59.0,74.1,61.6,64.48,65.61
73.5,67.19,65.4,70.5,57.5,62.7,66.71,66.21
63.12,65.38,61.5,59.7,55.6,68.7,63.9,62.56
71.25,69.62,56.7,62.4,57.9,61.6,66.14,63.66
52.62,59.1,60.3,54.4,64.4,61.9,62.67,59.34
67.88,73.67,57.8,67.6,63.6,70.3,66.14,66.71
70.12,69.9,68.3,67.0,72.6,51.6,66.19,66.53
60.62,60.9,63.3,59.0,58.6,69.7,59.29,61.63
67.12,61.19,60.9,69.7,65.8,57.3,62.67,63.53
71.5,64.57,67.5,62.4,61.4,53.3,61.9,63.23
63.12,65.48,73.1,56.6,59.3,74.2,58.33,64.3
72.0,55.19,71.9,65.8,72.4,71.8,65.14,67.75
65.62,60.14,59.6,71.3,64.2,67.8,54.43,63.3
69.25,66.57,59.2,70.0,53.5,66.4,62.38,63.9
65.38,64.95,57.1,60.3,62.7,58.6,64.62,61.95
65.88,68.95,56.0,59.3,61.1,62.9,59.48,61.94
74.12,58.95,68.1,49.7,71.9,62.2,68.62,64.8
54.88,62.43,63.1,60.5,61.9,65.9,73.81,63.22
76.12,63.95,72.9,62.5,69.7,66.7,66.9,68.4
61.38,64.48,58.7,72.7,59.5,54.6,64.14,62.21
54.0,68.71,58.3,57.5,70.8,58.0,62.33,61.38
70.88,64.0,67.3,62.1,57.1,59.2,70.1,64.38
67.75,64.38,72.1,66.0,56.2,61.2,62.57,64.31
56.38,61.1,68.9,58.7,64.1,66.6,66.71,63.21
66.25,63.71,61.1,61.1,58.9,59.7,67.0,62.54
54.0,67.62,75.0,59.1,74.6,73.2,71.05,67.8
61.5,63.9,59.2,58.8,58.0,62.9,63.9,61.17
65.5,64.29,67.6,68.5,62.7,65.6,62.33,65.22
69.25,75.29,67.3,54.3,68.9,64.7,66.52,66.61
65.25,66.43,63.6,54.0,61.7,70.4,64.62,63.71
59.88,53.29,62.8,74.2,79.0,66.8,60.05,65.14
62.38,65.1,60.2,59.4,59.3,53.7,62.43,60.36
62.75,63.81,54.5,69.1,75.3,67.3,71.38,66.31
70.25,61.19,74.4,70.4,65.7,54.5,60.52,65.28
62.25,63.67,55.7,61.3,61.5,56.3,60.9,60.23
70.62,68.05,75.0,54.6,56.1,67.0,63.48,64.98
75.38,59.14,58.4,58.4,78.0,74.1,64.48,66.84
57.75,64.0,63.7,61.3,62.8,63.2,69.81,63.22
57.0,61.24,65.7,73.7,63.9,77.8,61.14,65.78
61.0,65.38,61.7,67.3,56.1,73.5,66.38,64.48
61.0,62.14,60.7,52.3,71.0,54.1,59.0,60.03
61.75,62.81,54.7,73.2,60.4,62.0,67.62,63.21
73.5,65.33,64.9,63.3,55.6,67.4,62.52,64.65
60.88,61.62,74.2,53.2,74.2,62.5,61.57,64.02
71.5,72.67,65.8,63.4,67.5,69.1,67.71,68.24
70.12,61.14,64.5,62.0,72.8,58.1,60.33,64.14
53.62,68.48,64.5,64.3,64.5,72.1,65.14,64.66
55.12,66.0,72.2,74.7,58.3,62.6,56.81,63.68
58.25,61.19,62.5,67.5,61.0,62.3,60.52,61.89
58.12,65.48,57.8,72.2,52.2,66.8,69.14,63.11
59.88,61.14,73.6,64.6,58.7,64.7,61.67,63.47
63.38,69.9,53.8,64.9,67.8,67.0,68.67,65.06
65.25,64.14,68.4,55.9,63.3,67.6,65.43,64.29
43.5,58.86,75.6,78.3,61.5,66.1,64.24,64.01
64.25,65.14,64.8,61.1,67.3,65.5,69.62,65.39
71.38,60.67,69.6,63.9,69.3,58.4,64.76,65.43
72.0,60.95,53.0,61.3,64.0,61.3,64.33,62.41
49.38,64.62,65.3,73.2,70.0,63.0,62.0,63.93
76.88,64.1,67.9,59.3,69.4,65.1,59.95,66.09
66.88,66.81,55.6,64.0,55.5,69.1,54.19,61.72
66.5,65.95,70.1,64.9,72.1,56.0,68.52,66.3
69.5,67.52,66.1,66.2,59.1,52.3,72.33,64.72
63.25,70.43,58.9,65.3,70.5,46.2,67.14,63.1
59.88,60.38,73.0,60.7,71.4,59.2,63.43,64.0
52.12,61.43,72.0,63.2,69.1,64.6,63.95,63.77
59.75,63.0,57.1,64.7,61.9,66.7,60.62,61.97
67.88,58.33,66.1,82.9,77.7,67.8,66.76,69.64
59.25,60.43,63.6,74.7,58.5,79.2,66.76,66.06
69.25,63.29,62.8,61.9,65.6,64.0,69.57,65.2
62.5,68.86,63.1,67.9,57.0,58.0,57.62,62.14
72.0,60.43,67.3,61.2,55.8,63.6,63.43,63.39
72.5,71.33,61.4,59.7,77.1,55.5,68.19,66.53
66.38,71.52,52.1,59.2,62.9,62.0,57.57,61.67
63.0,65.81,66.2,65.7,61.8,59.5,54.05,62.29
66.12,62.24,53.7,69.3,61.8,60.6,64.57,62.62
70.12,62.86,65.4,68.3,72.7,64.7,68.29,67.48
65.62,68.05,68.1,58.9,69.8,60.5,71.81,66.11
59.75,61.95,63.7,62.1,65.2,69.0,53.57,62.18
63.62,66.71,66.7,55.3,71.1,62.7,56.86,63.29
68.0,58.52,62.8,69.6,71.8,50.3,72.62,64.81
74.38,73.24,65.9,66.5,67.8,62.2,59.0,67.0
79.5,64.24,62.3,58.2,64.3,74.0,62.48,66.43
65.75,63.43,60.0,58.2,59.6,71.0,64.24,63.17
60.62,65.24,56.3,68.4,66.6,72.8,57.14,63.87
73.38,58.43,55.9,64.6,57.3,59.3,68.62,62.5
66.88,61.81,69.7,66.5,78.5,52.1,58.33,64.83
68.25,55.67,66.7,70.2,50.9,57.9,60.19,61.4
65.5,60.9,74.0,52.2,65.8,60.4,61.71,62.93
66.12,66.29,57.7,68.8,62.7,57.1,67.1,63.69
65.0,54.62,57.8,59.8,66.9,64.8,62.86,61.68
56.88,68.05,62.8,61.3,70.2,59.2,67.67,63.73
65.12,69.71,57.5,55.5,61.0,61.8,66.38,62.43
55.25,66.86,59.2,59.1,68.3,71.3,69.14,64.16
62.62,65.67,55.7,64.0,67.4,58.1,61.19,62.1
73.12,69.62,55.2,65.8,69.2,71.1,64.29,66.9
64.75,71.76,75.0,68.6,68.9,50.0,58.71,65.39
55.62,68.1,67.2,71.6,71.3,64.8,64.24,66.12
60.38,68.52,62.9,65.0,60.2,61.9,59.52,62.63
60.5,65.57,57.0,68.2,75.6,66.2,68.29,65.91
58.25,58.71,64.6,69.7,71.3,70.5,63.19,65.18
51.62,68.48,71.7,57.7,69.6,69.8,70.76,65.67
57.12,56.33,62.5,61.2,72.1,56.2,66.48,61.7
64.12,58.48,59.5,70.8,61.4,59.9,65.62,62.83
61.62,62.71,64.6,64.9,64.2,54.8,67.62,62.92
75.12,63.57,60.5,57.8,63.6,64.9,60.76,63.75
63.75,59.24,61.3,69.3,73.3,62.3,66.57,65.11
68.5,66.81,65.9,56.9,63.4,63.3,68.43,64.75
52.88,65.38,72.4,54.4,62.6,54.7,58.81,60.17
61.62,69.48,61.9,60.8,63.1,56.2,71.52,63.52
65.25,61.86,63.3,66.5,60.6,50.3,67.24,62.15
59.62,66.43,49.9,66.8,61.3,57.5,66.95,61.22
65.12,58.95,56.5,74.7,61.7,53.5,70.81,63.04
54.5,67.05,67.5,67.6,56.4,70.1,64.52,63.95
68.38,58.95,66.0,64.9,60.0,61.7,64.29,63.46
54.75,64.62,62.9,65.7,62.7,68.0,63.76,63.2
62.25,64.81,67.5,67.5,76.2,58.2,67.71,66.31
51.5,66.67,66.6,74.1,68.2,60.5,67.38,64.99
74.75,58.52,63.6,61.4,64.1,69.9,66.52,65.54
54.88,65.71,68.6,64.8,65.5,79.0,67.81,66.61
50.12,68.0,63.1,61.6,67.2,76.9,68.57,65.07
76.62,68.62,56.1,70.7,68.1,67.7,57.43,66.47
68.62,66.71,59.0,64.5,80.5,73.6,66.52,68.49
48.88,63.48,67.2,65.6,63.1,61.2,65.9,62.19
61.88,70.67,69.1,70.5,65.2,51.6,57.14,63.73
74.25,57.38,62.7,69.5,67.1,55.4,59.81,63.73
70.25,56.1,67.1,52.7,65.5,63.9,66.86,63.2
53.0,58.67,69.7,63.7,65.3,56.8,58.43,60.8
69.0,61.95,72.4,73.7,67.9,63.9,69.67,68.36
51.5,54.9,57.3,62.1,51.3,64.1,65.86,58.15
65.5,64.33,67.6,68.3,59.9,73.2,69.29,66.87
70.25,60.24,63.5,71.9,73.4,60.9,66.52,66.67
67.0,62.05,66.9,58.5,54.6,72.9,63.1,63.58
66.12,58.29,65.1,61.6,67.0,59.5,62.14,62.82
62.5,65.62,72.0,51.2,64.6,50.7,64.0,61.52
61.62,67.1,56.2,60.8,74.2,64.4,63.1,63.92
75.0,68.43,62.1,59.8,64.7,63.0,67.14,65.74
59.5,61.05,63.2,64.5,63.7,65.6,57.52,62.15
69.75,67.52,60.7,69.0,53.0,66.5,58.38,63.55
60.38,65.52,68.5,66.0,65.7,61.4,65.95,64.78
65.5,63.57,81.5,55.4,49.5,63.5,63.81,63.25
50.0,70.9,68.3,76.8,65.6,65.2,62.9,65.67
54.0,59.33,73.4,65.7,56.9,53.5,71.29,62.02
68.25,63.76,67.0,63.9,63.3,66.2,68.24,65.81
65.12,59.33,68.4,63.9,61.4,62.9,63.9,63.57
55.25,64.24,68.4,60.7,70.6,67.9,56.0,63.3
55.12,74.62,78.7,61.9,65.4,64.4,68.1,66.89
77.62,68.81,57.0,61.7,66.7,62.3,68.76,66.13
61.88,59.57,62.0,64.8,64.3,62.8,70.67,63.72
57.75,67.19,66.5,60.4,59.1,57.8,66.19,62.13
65.38,62.9,68.4,52.4,55.3,59.3,55.81,59.93
71.88,59.29,65.0,64.5,64.1,69.4,65.81,65.71
72.88,68.62,57.8,54.8,58.0,62.1,68.52,63.25
52.38,65.48,54.6,67.1,58.7,56.4,65.57,60.03
71.38,57.71,54.5,68.8,58.4,51.8,69.14,61.68
76.88,62.33,69.8,66.9,56.8,68.7,61.95,66.19
53.0,70.62,55.7,64.5,66.5,72.3,60.86,63.35
65.5,56.86,65.2,57.9,52.0,68.2,61.81,61.07
65.0,65.71,60.3,59.8,62.4,71.6,61.62,63.78
61.5,60.52,65.0,78.3,54.4,60.3,61.67,63.1
65.5,59.52,69.9,71.8,75.5,55.6,69.0,66.69
71.62,67.52,61.3,56.6,62.1,61.8,60.71,63.09
74.88,62.0,69.5,52.7,58.5,62.5,61.14,63.03
57.62,64.24,58.9,64.4,63.1,64.2,70.57,63.29
65.75,63.57,72.3,53.8,63.7,61.6,53.67,62.06
70.75,68.14,67.2,53.6,63.5,70.0,61.86,65.01
62.0,60.29,70.3,66.3,60.4,70.1,61.19,64.37
56.88,66.29,71.7,53.8,58.0,53.5,65.0,60.74
73.12,58.67,51.2,60.3,65.5,60.8,69.43,62.72
76.25,68.38,55.3,62.6,76.7,66.5,65.1,67.26
67.5,61.71,64.6,62.9,68.8,61.0,54.0,62.93
77.0,67.43,63.4,64.4,58.4,58.2,62.67,64.5
74.75,68.0,74.0,60.7,62.7,61.2,67.14,66.93
61.62,67.29,55.2,65.7,58.4,71.3,66.9,63.77
58.5,65.95,65.7,67.2,64.7,64.9,62.95,64.27
63.38,70.48,67.5,66.6,59.5,57.9,63.48,64.12
62.75,63.1,55.2,68.4,65.6,58.5,64.0,62.51
64.62,59.19,72.7,65.2,55.5,59.7,64.29,63.03
73.88,61.57,75.3,63.2,61.0,63.0,64.81,66.11
67.38,68.62,51.2,80.0,62.4,62.2,70.1,65.98
61.12,60.52,60.2,52.3,58.7,69.4,60.05,60.33
56.75,60.38,61.2,67.9,67.0,67.5,59.0,62.82
61.25,73.43,64.0,59.3,71.6,71.0,60.38,65.85
67.25,63.71,57.0,69.8,70.1,73.7,69.57,67.31
59.25,67.29,68.3,60.5,57.3,67.8,64.76,63.6
61.75,59.95,67.8,67.3,68.1,55.1,65.33,63.62
62.38,66.86,69.9,70.0,67.6,71.4,66.43,67.79
62.25,67.9,76.9,57.9,65.3,70.9,61.29,66.06
67.5,67.33,54.6,64.4,57.7,60.3,72.24,63.44
71.12,59.29,64.7,64.9,68.6,62.8,65.43,65.26
65.12,71.05,73.3,67.3,69.3,58.1,65.33,67.07
71.12,61.1,58.9,60.1,62.8,64.0,69.33,63.91
49.75,60.9,74.1,56.2,52.0,70.9,63.62,61.07
71.75,65.05,68.9,59.0,62.2,61.1,60.48,64.07
71.5,59.86,66.8,55.5,65.0,59.1,62.71,62.92
52.75,62.05,60.8,63.0,70.8,62.5,63.57,62.21
61.25,64.43,59.2,71.4,67.9,65.1,67.67,65.28
60.25,59.24,64.1,44.6,52.2,73.1,58.43,58.85
73.25,59.95,66.1,64.4,57.6,75.0,66.43,66.1
73.12,69.67,55.4,63.3,69.4,69.0,66.52,66.63
68.38,59.24,62.3,60.7,63.1,63.5,58.1,62.19
77.0,64.48,63.4,64.7,55.0,68.0,65.38,65.42
63.25,77.62,73.8,56.7,49.1,72.5,73.1,66.58
62.62,62.9,67.6,67.2,70.9,61.0,63.67,65.13
62.0,61.76,71.7,64.6,65.1,67.6,68.62,65.91
78.0,61.24,73.3,59.2,57.9,63.7,65.71,65.58
74.0,62.67,58.1,73.6,62.3,59.4,61.81,64.55
62.38,58.9,58.1,58.5,63.8,71.2,66.33,62.74
71.88,72.81,64.9,60.7,54.6,70.2,66.24,65.9
57.88,66.38,64.5,70.1,68.2,60.9,60.33,64.04
69.25,69.67,71.0,67.5,58.3,54.5,61.48,64.53
65.25,65.76,74.5,61.4,72.3,71.7,77.48,69.77
63.0,64.05,52.4,62.5,65.3,62.0,67.38,62.38
66.75,57.62,70.8,55.9,54.9,77.3,66.52,64.26
60.0,66.38,72.3,57.6,66.8,52.3,71.43,63.83
65.62,68.67,64.1,64.8,60.0,64.3,62.38,64.27
60.12,60.52,68.6,67.2,58.3,75.7,59.76,64.32
65.88,65.67,63.1,71.6,69.2,65.4,62.1,66.13
64.62,54.14,62.8,66.0,56.2,66.3,59.43,61.36
61.5,67.38,57.3,59.3,71.5,64.3,64.48,63.68
59.62,63.57,63.5,61.6,68.8,69.8,59.57,63.78
65.0,68.52,62.2,66.4,73.8,62.5,57.19,65.09
57.0,69.95,71.4,72.3,63.4,65.2,64.14,66.2
60.75,60.1,65.6,70.6,62.5,58.5,57.81,62.26
61.62,65.67,61.4,51.7,71.5,55.5,64.62,61.72
48.88,67.76,69.6,57.3,75.8,58.3,66.81,63.49
61.0,65.19,71.9,66.6,52.9,77.1,54.81,64.21
52.62,61.86,60.4,66.2,72.9,53.0,69.0,62.28
51.75,61.05,69.6,66.1,64.3,58.2,62.62,61.95
66.75,65.1,60.5,73.8,63.0,53.6,63.1,63.69
73.5,62.14,67.4,67.1,62.2,62.1,65.71,65.74
70.88,71.33,67.4,48.4,70.2,55.2,62.0,63.63
57.0,63.62,58.7,62.3,57.7,62.2,67.05,61.22
68.12,57.81,68.1,70.4,67.1,58.4,64.1,64.86
62.5,61.81,65.2,65.7,67.9,53.6,66.29,63.29
72.38,62.76,63.4,57.2,70.2,68.7,62.95,65.37
66.38,64.38,66.8,48.0,66.3,62.6,75.57,64.29
56.12,57.52,66.4,67.3,58.4,56.7,62.38,60.69
70.38,63.24,72.5,60.3,65.7,63.6,66.95,66.1
72.75,63.71,58.4,62.2,63.6,74.7,58.19,64.79
66.62,58.29,64.8,60.1,67.0,63.6,58.24,62.66
59.88,61.48,76.1,54.6,60.0,67.3,64.43,63.4
67.88,58.29,59.8,55.0,54.2,62.9,64.71,60.4
66.62,55.76,67.0,70.2,68.8,56.5,61.29,63.74
69.25,62.05,63.5,60.5,60.6,59.8,67.86,63.36
63.38,63.05,62.7,62.2,62.2,58.0,60.1,61.66
64.5,64.67,72.0,63.2,63.6,66.5,66.0,65.78
64.25,62.9,63.1,67.4,67.3,57.6,66.57,64.16
66.38,63.76,60.7,69.5,60.0,65.5,61.71,63.94
61.0,68.1,70.5,55.4,64.7,66.5,61.29,63.93
52.38,61.62,62.3,60.8,73.3,55.5,64.52,61.49
69.25,64.71,60.4,56.5,60.0,62.7,62.05,62.23
66.5,70.33,72.2,79.2,73.8,52.4,58.0,67.49
73.5,61.48,59.9,63.6,65.1,62.4,67.14,64.73
65.12,72.0,72.2,64.4,52.3,66.0,62.67,64.96
68.12,64.1,76.9,61.1,64.4,51.0,68.52,64.88
68.12,68.57,64.5,66.1,48.6,63.0,68.71,63.94
76.38,65.57,61.6,60.2,60.4,69.6,59.81,64.79
65.25,65.29,67.7,60.3,60.4,63.9,72.71,65.08
72.75,67.67,68.4,73.2,57.6,71.8,64.05,67.92
61.62,56.76,62.8,59.2,75.2,62.9,60.71,62.74
71.62,68.38,60.2,69.4,53.8,55.4,59.67,62.64
60.62,63.29,65.0,65.8,52.2,65.5,60.81,61.89
67.5,52.9,58.8,61.7,60.2,68.8,64.76,62.1
61.0,62.52,70.2,75.6,71.4,71.5,60.95,67.6
64.25,71.14,64.0,67.4,63.3,69.8,64.1,66.28
51.5,64.33,59.5,67.2,54.4,70.4,62.0,61.33
63.75,63.0,51.1,58.9,53.6,69.2,61.86,60.2
52.62,73.9,64.8,67.9,53.9,61.6,60.43,62.17
73.0,55.24,72.9,62.2,70.0,72.9,63.57,67.12
75.25,56.57,59.9,70.4,57.1,60.8,70.14,64.31
64.62,59.86,55.6,75.6,53.4,69.9,68.0,63.85
66.38,64.33,75.1,56.4,59.4,67.7,59.38,64.1
66.5,62.24,69.4,69.0,59.3,58.6,57.9,63.28
63.25,67.86,61.4,58.8,58.0,77.7,66.52,64.79
62.88,59.95,76.2,66.6,56.9,59.9,60.62,63.29
56.75,63.62,60.8,67.7,65.6,71.6,61.43,63.93
54.75,59.14,65.4,71.5,67.8,62.7,65.24,63.79
64.62,68.57,64.2,70.1,65.9,61.0,61.38,65.11
65.25,61.9,57.1,67.1,56.0,62.2,69.05,62.66
65.25,69.1,65.0,61.8,72.6,63.5,58.52,65.11
65.75,63.71,72.0,70.0,54.3,53.7,69.38,64.12
46.25,68.52,72.7,70.8,66.7,55.1,70.05,64.3
63.25,64.19,71.4,58.9,56.8,66.6,65.62,63.82
68.75,72.1,64.4,64.6,59.6,69.3,67.43,66.6
59.5,69.43,69.0,66.3,64.8,66.9,64.43,65.77
67.12,60.76,71.5,69.8,68.3,54.7,67.29,65.64
56.5,66.9,65.7,56.3,59.0,67.9,63.05,62.19
59.5,59.1,62.7,73.4,58.0,64.6,67.33,63.52
75.5,63.86,68.6,70.1,60.7,64.7,55.9,65.62
61.62,65.76,53.1,57.0,69.7,62.4,62.86,61.78
59.75,62.76,51.5,56.3,63.9,64.6,59.14,59.71
62.62,60.95,57.3,65.0,62.4,57.9,65.0,61.6
62.62,63.95,64.7,62.6,77.8,56.5,57.62,63.69
81.25,65.19,61.4,55.9,64.5,77.9,61.81,66.85
70.62,71.05,66.3,55.8,76.2,55.7,59.67,65.05
72.62,66.48,61.7,65.5,70.6,64.3,63.19,66.34
69.38,61.57,69.0,75.6,52.2,48.1,65.81,63.09
68.12,66.95,74.3,52.0,65.4,60.4,49.57,62.39
61.25,62.9,56.6,64.4,62.0,64.8,70.24,63.17
54.38,58.29,60.0,67.8,70.3,66.6,61.76,62.73
65.5,68.0,55.0,68.3,67.9,60.0,63.86,64.08
62.75,60.76,63.5,62.8,55.1,61.6,66.38,61.84
77.12,58.29,49.2,59.8,68.8,65.4,59.67,62.61
70.0,62.24,66.3,63.5,70.4,62.2,64.1,65.53
72.5,67.52,62.4,64.2,64.1,65.4,66.48,66.09
79.75,62.9,66.1,65.2,68.4,62.1,65.43,67.13
70.38,71.24,61.9,61.8,73.4,57.7,69.71,66.59
62.5,72.81,65.3,65.2,74.4,70.2,67.95,68.34
62.62,61.24,59.2,61.9,62.7,57.2,63.29,61.16
68.0,61.57,73.0,65.0,57.1,66.4,63.48,64.94
66.88,65.67,65.7,62.8,62.6,53.6,62.1,62.76
63.0,66.62,68.0,65.1,63.5,69.7,59.71,65.09
66.25,63.62,60.0,64.6,58.9,70.1,60.52,63.43
59.25,61.48,56.6,61.3,54.4,58.1,63.52,59.24
63.38,65.1,57.4,69.5,64.9,72.5,68.86,65.95
48.75,59.33,67.1,67.9,60.1,62.5,59.0,60.67
68.88,64.48,70.9,67.9,73.0,59.7,71.24,68.01
61.38,61.95,61.5,54.5,60.3,66.7,66.19,61.79
74.88,66.1,64.0,70.2,65.0,64.8,64.14,67.02
63.75,57.05,58.3,67.9,62.2,67.5,62.76,62.78
45.75,65.0,71.7,64.7,61.6,65.4,60.19,62.05
69.75,67.14,65.3,62.9,53.9,46.4,65.0,61.48
68.5,62.67,50.1,62.1,58.8,66.9,72.95,63.15
54.38,67.62,65.4,59.8,54.3,62.1,65.19,61.25
70.5,69.62,61.6,65.1,63.9,72.0,66.67,67.06
73.0,64.86,59.9,56.4,61.8,60.5,62.14,62.66
70.5,70.19,49.4,54.7,57.8,67.8,64.38,62.11
61.88,53.38,66.8,72.5,66.0,56.4,62.86,62.83
69.25,68.76,67.1,59.3,81.9,53.0,67.0,66.62
63.38,66.29,56.3,73.1,60.5,65.3,60.95,63.69
73.38,62.52,75.2,61.3,60.2,66.0,68.0,66.66
61.25,65.43,72.1,76.0,52.7,61.2,61.95,64.38
49.25,63.05,52.3,70.8,56.0,65.7,60.43,59.65
66.88,70.19,73.8,63.8,73.1,59.9,60.95,66.95
77.12,65.9,74.9,54.3,67.1,63.3,70.29,67.56
64.5,64.38,71.9,64.8,75.6,64.5,59.14,66.4
60.25,76.38,60.7,60.2,75.4,57.2,69.71,65.69
67.75,67.0,76.5,51.2,77.5,51.5,62.38,64.83
62.0,55.0,65.6,62.4,63.5,56.9,60.43,60.83
59.62,60.52,67.0,57.6,61.2,71.8,70.29,64.0
62.0,69.52,54.3,74.2,61.6,66.8,64.05,64.64
56.88,65.62,66.5,71.7,64.5,67.7,64.81,65.39
70.5,68.33,66.0,48.4,63.0,61.4,57.43,62.15
72.5,60.05,67.7,71.3,58.9,52.9,67.19,64.36
54.62,60.57,62.7,54.2,55.2,59.5,60.1,58.13
57.25,68.33,65.8,57.5,52.6,66.0,65.19,61.81
59.12,65.19,69.1,66.8,73.7,72.5,65.81,67.46
65.88,60.43,71.9,76.2,58.7,77.1,65.81,68.0
49.62,63.62,60.2,60.2,61.7,66.1,58.52,60.0
65.5,65.43,65.0,70.0,63.0,57.3,61.33,63.94
70.0,66.62,78.0,65.9,67.0,69.1,59.71,68.05
60.5,62.0,68.9,60.9,66.3,56.4,71.1,63.73
66.38,62.57,59.2,70.2,66.8,67.5,60.43,64.72
67.25,66.05,59.6,66.2,64.7,71.2,69.86,66.41
56.0,64.71,70.1,53.5,51.3,62.1,60.1,59.69
59.25,66.86,52.7,65.3,71.6,69.4,60.71,63.69
56.75,58.67,69.2,73.2,66.2,67.5,62.43,64.85
66.25,65.38,71.0,66.0,68.2,54.5,59.67,64.43
54.25,63.38,52.6,69.0,66.3,70.7,59.95,62.31
41.25,64.38,75.6,58.2,59.7,75.9,63.0,62.58
62.75,60.38,67.2,72.4,67.5,60.7,63.43,64.91
53.38,68.14,67.2,55.8,57.0,66.4,63.29,61.6
53.5,67.71,50.7,55.6,69.6,70.7,66.62,62.06
66.12,68.0,65.5,66.1,54.3,54.6,66.19,62.97
66.0,62.1,71.5,56.4,68.4,59.7,64.57,64.1
74.88,66.14,63.0,57.7,57.2,57.5,64.52,62.99
74.88,67.14,59.5,72.4,71.3,69.9,66.29,68.77
59.38,50.52,59.5,66.7,61.7,63.3,72.81,61.99
72.75,63.71,70.5,55.8,56.3,61.6,56.38,62.44
58.38,64.57,68.8,58.5,68.1,73.8,65.29,65.35
63.75,53.48,65.3,61.4,69.0,60.1,71.76,63.54
72.75,68.52,59.6,63.8,62.5,66.0,60.05,64.75
67.25,68.24,65.0,70.5,63.2,71.7,69.43,67.9
76.5,62.52,50.9,68.0,61.8,62.2,62.57,63.5
68.0,60.0,59.6,65.2,57.3,64.2,55.71,61.43
68.75,68.43,70.8,60.2,68.4,65.5,66.52,66.94
62.38,58.33,75.0,71.3,79.6,71.0,58.52,68.02
54.75,57.95,62.0,59.5,61.3,68.3,69.62,61.92
70.88,58.19,62.0,61.7,65.4,56.3,69.81,63.47
57.25,66.14,60.4,69.0,72.4,56.6,63.33,63.59
72.38,70.05,61.8,77.3,56.3,53.9,65.81,65.36
72.62,69.19,62.7,67.2,70.2,57.5,69.43,66.98
68.38,63.67,55.7,64.7,61.5,66.6,63.9,63.49
81.0,60.52,66.1,71.4,64.4,59.3,64.38,66.73
56.5,73.57,72.9,64.8,74.5,71.2,59.1,67.51
64.5,61.43,57.0,68.0,60.4,76.9,68.86,65.3
71.5,60.81,59.9,65.3,60.6,62.4,58.9,62.77
55.12,59.9,48.4,68.5,66.4,72.5,69.62,62.92
55.75,63.38,60.5,57.0,61.8,59.2,68.38,60.86
66.12,62.9,57.3,61.4,59.1,57.8,71.48,62.3
62.5,67.14,71.2,65.1,62.3,67.2,62.19,65.38
71.25,62.38,54.3,55.8,57.3,63.0,59.95,60.57
62.62,65.81,70.2,70.7,75.5,62.9,61.0,66.96
54.5,66.86,68.8,59.1,71.3,58.9,68.52,64.0
53.62,62.29,62.2,62.6,71.1,65.3,65.1,63.17
74.5,62.0,67.2,60.3,73.9,62.2,60.86,65.85
70.62,73.76,55.0,69.4,57.5,66.5,65.9,65.53
63.0,65.95,57.1,78.7,67.6,67.9,63.33,66.23
70.25,66.76,69.5,64.7,71.0,58.7,60.76,65.95
62.88,72.33,58.0,67.0,69.0,59.3,59.86,64.05
74.38,73.19,59.0,68.4,52.8,74.6,67.19,67.08
69.0,67.62,50.3,63.4,66.5,65.2,60.76,63.25
54.25,58.1,71.0,67.6,50.5,71.2,56.71,61.34
65.12,62.67,70.4,68.4,62.3,56.4,65.95,64.46
64.5,73.43,70.4,72.5,73.0,69.8,59.81,69.06
55.75,67.95,67.4,57.1,75.6,63.8,67.33,64.99
71.12,66.95,54.6,63.8,66.9,59.6,66.9,64.27
62.75,64.38,71.8,66.4,56.0,59.2,60.67,63.03
60.88,64.9,64.0,70.5,59.6,59.1,68.29,63.9
55.0,66.43,69.6,62.8,60.1,58.5,59.05,61.64
68.12,66.71,61.7,67.1,74.4,72.1,69.95,68.58
65.12,61.14,61.4,62.9,59.2,54.3,67.14,61.6
67.62,60.9,66.9,65.9,57.7,63.9,70.62,64.79
53.62,64.95,59.4,59.3,62.5,56.5,65.86,60.3
57.88,60.33,58.4,60.4,67.1,69.2,68.9,63.17
77.75,54.57,66.6,66.2,56.8,63.6,56.19,63.1
55.62,63.0,71.7,82.4,69.5,71.2,66.19,68.52
70.12,70.14,63.0,64.2,55.7,72.4,56.86,64.63
76.75,60.14,72.4,59.6,60.0,62.5,60.52,64.56
57.25,68.52,61.8,65.6,60.8,62.9,64.33,63.03
69.25,59.33,63.1,68.6,71.6,62.1,63.38,65.34
65.38,71.0,56.8,62.3,55.1,50.6,61.43,60.37
74.12,62.43,48.9,65.6,63.0,58.4,61.29,61.96
63.62,71.24,58.8,64.5,64.5,55.9,63.57,63.16
74.12,71.52,72.7,66.2,67.3,50.0,59.38,65.89
62.12,65.29,69.6,61.6,67.1,58.4,69.67,64.83
68.75,62.57,65.5,65.2,69.3,54.4,72.52,65.46
73.25,69.24,63.8,76.2,65.0,70.7,66.19,69.2
52.38,62.62,70.1,67.5,68.1,58.4,66.71,63.69
52.25,61.62,61.9,66.7,62.8,68.9,62.48,62.38
75.75,66.57,59.5,76.3,54.7,64.3,68.86,66.57
65.12,68.19,59.6,70.0,61.1,63.2,68.52,65.11
66.75,63.48,74.6,66.2,68.0,59.0,61.33,65.62
66.12,69.0,68.2,69.7,64.4,62.4,67.05,66.7
80.88,63.95,59.9,59.2,61.1,63.5,62.76,64.47
63.75,60.0,57.8,64.0,58.2,61.9,63.86,61.36
55.75,60.14,57.7,60.7,55.6,61.2,62.57,59.09
57.25,65.33,60.8,63.0,65.5,69.7,67.86,64.21
62.12,66.67,67.5,61.0,58.9,69.7,57.24,63.3
68.38,60.14,67.0,70.6,52.5,61.6,62.48,63.24
56.5,65.43,76.3,73.6,69.7,69.8,68.38,68.53
66.5,63.86,62.1,72.2,67.9,72.3,65.29,67.16
74.0,72.19,62.1,56.4,73.2,68.8,60.95,66.81
60.0,68.05,67.7,67.4,56.7,83.1,62.33,66.47
58.62,65.76,68.7,73.3,64.7,65.1,58.24,64.92
58.5,68.86,65.5,58.9,66.4,63.7,70.62,64.64
68.38,67.9,67.1,69.8,75.8,64.7,68.9,68.94
62.12,70.86,64.5,61.2,60.5,73.1,68.0,65.75
58.75,54.57,66.5,68.1,71.1,70.3,60.05,64.2
75.12,69.67,62.9,74.2,69.1,66.5,59.76,68.18
75.12,63.48,62.0,55.2,76.3,67.6,63.38,66.15
63.62,67.19,64.8,61.9,67.4,69.1,68.86,66.12
68.38,59.38,82.0,64.3,64.8,74.7,66.62,68.6
60.75,59.76,61.3,52.8,63.8,63.4,60.29,60.3
70.62,62.29,65.7,67.7,59.6,63.9,64.81,64.95
83.12,62.24,54.9,57.0,58.4,59.9,66.71,63.18
56.5,65.71,69.5,62.4,69.8,57.8,69.71,64.49
59.88,66.9,55.2,61.2,57.1,61.2,64.33,60.83
76.5,61.71,68.7,76.1,70.0,65.9,70.57,69.93
70.62,61.14,69.2,49.9,66.2,61.3,71.86,64.32
63.12,62.67,58.1,72.5,54.9,67.1,61.05,62.78
77.38,67.19,55.7,79.6,70.3,64.6,67.71,68.93
80.38,58.71,61.8,51.3,66.3,51.0,62.76,61.75
67.12,54.19,66.0,66.6,68.7,59.9,61.52,63.43
61.88,61.95,64.1,56.9,65.3,65.1,59.9,62.16
52.62,70.48,67.9,62.2,56.9,64.2,70.86,63.59
72.25,61.81,61.9,60.5,52.6,68.1,63.67,62.98
73.12,64.19,63.9,57.9,58.0,61.8,56.24,62.16
60.75,58.05,57.4,51.9,58.5,65.4,59.86,58.84
56.75,61.81,52.5,73.1,60.8,75.6,57.67,62.6
63.88,67.71,60.0,71.7,61.4,70.5,63.62,65.54
64.38,64.62,82.4,61.1,60.6,59.2,73.43,66.53
62.0,68.62,66.7,67.8,72.7,59.6,65.33,66.11
56.62,66.29,53.8,52.9,64.7,71.8,64.9,61.57
67.12,65.9,66.6,62.7,66.2,61.6,75.33,66.49
70.38,66.62,68.5,55.0,62.4,54.6,69.0,63.78
73.88,68.9,67.3,60.6,67.6,62.2,67.52,66.86
50.5,64.9,65.7,64.0,66.7,67.2,74.57,64.8
61.62,64.52,65.9,58.5,64.1,60.9,61.67,62.46
64.25,59.38,70.9,69.0,64.0,70.5,57.95,65.14
63.5,62.57,60.2,72.7,66.9,66.2,58.52,64.37
85.38,63.95,65.8,54.9,60.8,65.5,63.05,65.62
65.88,59.86,75.2,69.2,71.6,71.8,67.0,68.65
68.62,63.05,64.7,58.8,58.6,57.8,70.95,63.22
59.5,68.24,68.9,59.2,58.7,53.2,56.71,60.64
62.12,76.43,54.1,72.5,68.2,59.4,62.9,65.09
69.88,63.9,76.9,49.2,58.9,65.3,65.48,64.22
56.0,58.48,62.8,63.8,59.0,63.0,60.52,60.51
52.62,68.1,56.5,73.3,72.0,51.9,62.19,62.37
65.62,72.19,67.9,65.6,63.0,66.3,65.86,66.64
64.5,68.81,74.3,70.0,71.8,64.6,62.1,68.01
64.88,62.33,68.1,59.4,54.6,63.2,64.19,62.39
76.5,63.33,63.2,64.0,60.9,55.7,55.76,62.77
64.5,58.9,59.5,60.6,60.2,69.8,65.14,62.66
75.0,65.62,65.8,62.5,63.1,64.0,58.05,64.87
71.0,69.1,63.8,55.6,72.6,64.0,63.0,65.59
63.75,56.38,52.7,66.7,72.5,54.8,69.81,62.38
74.38,57.95,62.9,71.8,58.2,62.2,73.38,65.83
68.25,61.67,54.7,59.0,63.8,62.0,66.62,62.29
69.12,62.29,63.7,66.9,60.1,60.3,57.0,62.77
65.25,61.05,61.4,62.3,65.3,59.2,63.0,62.5
47.62,65.76,57.4,76.2,58.1,61.3,64.1,61.5
59.12,74.62,71.1,59.3,70.1,50.5,63.29,64.0
69.25,58.71,62.1,67.3,60.6,65.8,66.48,64.32
68.75,65.33,52.3,50.8,64.7,62.4,64.1,61.2
67.38,62.19,64.7,69.8,72.7,61.7,65.95,66.35
63.0,59.33,58.5,62.9,70.0,64.5,64.9,63.31
43.75,72.95,62.7,51.1,63.1,63.3,59.86,59.54
69.0,66.86,76.9,68.8,66.3,53.0,62.14,66.14
53.12,58.24,72.6,64.6,71.8,64.5,67.57,64.63
61.38,61.57,65.1,62.9,68.3,73.7,58.19,64.45
67.38,66.52,61.3,65.7,58.2,60.0,63.86,63.28
56.38,65.62,66.8,63.5,60.2,57.2,64.48,62.02
71.25,58.62,62.2,59.3,60.7,71.7,57.86,63.09
70.0,69.52,77.7,69.0,75.5,53.1,61.38,68.03
68.12,56.67,74.7,60.5,70.4,68.0,57.81,65.17
58.38,66.43,75.5,53.9,72.0,54.9,53.86,62.14
51.0,53.62,74.0,58.3,68.0,63.9,60.76,61.37
73.0,66.95,66.9,71.7,50.2,76.2,68.67,67.66
65.62,67.33,60.6,63.0,67.1,57.7,64.86,63.75
64.25,67.1,57.5,66.6,64.9,61.2,70.43,64.57
69.88,67.76,56.6,59.6,66.0,51.1,58.9,61.41
62.75,66.81,69.9,57.2,72.5,58.0,57.76,63.56
59.12,61.9,76.2,58.2,58.8,52.1,67.0,61.9
81.25,60.67,60.2,68.6,65.0,68.1,63.19,66.72
62.25,66.86,70.8,79.8,55.3,73.8,56.24,66.44
62.25,65.81,59.2,60.1,80.4,63.3,72.95,66.29
47.38,61.9,62.2,56.9,69.9,67.7,63.67,61.38
61.12,74.81,58.4,70.7,58.6,63.4,69.05,65.15
64.75,61.24,69.1,64.5,59.5,56.1,67.24,63.2
71.12,65.62,64.3,63.1,72.1,63.3,63.0,66.08
64.0,66.05,55.2,66.4,66.0,66.6,60.14,63.48
67.75,59.86,64.7,64.6,75.0,54.9,63.38,64.31
71.5,70.38,63.4,64.1,59.2,68.8,58.57,65.14
58.0,62.38,65.9,66.2,56.5,53.2,67.71,61.41
62.12,62.71,64.0,72.3,59.8,55.5,67.71,63.45
68.88,60.81,68.0,66.1,60.5,59.8,63.62,63.96
57.0,60.76,63.5,65.7,62.7,65.0,55.57,61.46
56.62,55.86,80.3,48.9,44.8,65.6,68.33,60.06
60.38,59.52,64.2,64.8,61.2,57.7,63.9,61.67
61.88,66.29,73.1,61.7,58.0,60.6,64.81,63.77
65.12,66.05,72.1,57.7,64.3,58.8,60.57,63.52
68.25,69.57,59.7,61.7,62.9,61.9,60.48,63.5
63.62,68.48,69.9,70.4,69.2,70.5,62.19,67.76
72.62,64.38,70.6,71.4,80.3,59.3,62.95,68.79
71.0,62.62,73.6,60.2,66.0,73.5,71.62,68.36
58.75,69.43,68.0,64.9,69.8,61.8,72.76,66.49
74.62,68.52,62.1,52.5,64.8,62.1,67.67,64.62
56.5,62.38,68.9,62.9,71.7,68.7,60.29,64.48
68.25,64.52,58.1,71.2,59.4,72.0,59.33,64.69
59.25,63.43,64.2,62.4,71.9,63.5,65.43,64.3
74.75,68.43,72.6,61.9,54.1,58.9,66.1,65.25
73.38,66.9,65.8,74.0,54.1,59.7,61.81,65.1
73.75,62.95,70.0,65.8,60.2,58.2,61.38,64.61
72.62,63.57,60.9,61.6,71.4,68.8,63.67,66.08
59.5,65.62,66.3,65.8,64.4,62.7,67.0,64.47
70.88,64.67,62.2,69.8,66.9,59.7,65.05,65.6
50.5,62.62,67.5,65.6,55.1,63.5,65.95,61.54
64.0,66.81,54.6,68.3,64.6,63.0,58.24,62.79
67.25,64.33,63.6,61.8,60.8,56.0,63.76,62.51
65.25,66.52,66.2,58.2,71.4,61.6,66.86,65.15
55.62,66.38,62.4,56.2,61.0,49.3,65.43,59.48
77.88,64.95,76.2,62.0,61.8,65.0,66.38,67.74
63.25,64.24,65.3,51.8,59.5,56.2,64.86,60.74
66.25,62.86,57.1,60.4,73.5,62.7,66.48,64.18
56.62,68.43,54.9,65.1,63.3,66.4,62.43,62.45
77.0,55.76,69.0,60.0,66.0,60.3,61.76,64.26
62.25,60.33,55.1,56.9,73.8,59.8,64.86,61.86
67.25,58.86,47.2,73.1,62.1,52.6,70.81,61.7
65.62,64.19,68.4,63.3,66.3,60.8,65.05,64.81
68.12,70.71,51.4,69.4,64.2,62.5,62.1,64.06
56.12,67.76,63.9,62.0,65.2,67.5,62.95,63.63
48.5,62.38,64.4,66.3,54.8,65.7,64.1,60.88
63.5,60.24,65.3,55.1,61.4,70.7,64.43,62.95
59.75,70.14,63.4,67.1,67.3,61.0,69.52,65.46
60.5,69.43,55.8,63.5,68.2,59.0,61.62,62.58
60.12,63.62,53.6,65.8,57.5,55.8,64.81,60.18
66.5,59.81,61.9,65.6,67.2,77.7,60.0,65.53
75.75,68.86,55.5,55.9,59.4,78.8,71.19,66.49
65.62,61.62,61.0,66.7,54.4,61.0,64.95,62.19
69.0,67.52,66.4,75.8,65.3,58.7,65.67,66.91
58.62,59.0,70.5,60.1,71.2,65.6,68.29,64.76
71.38,60.81,68.1,56.3,61.9,57.8,61.24,62.5
47.88,62.19,62.7,52.4,70.8,67.4,64.67,61.15
66.5,67.0,66.9,65.0,54.0,64.8,59.67,63.41
64.25,64.14,66.5,68.1,69.7,66.4,63.95,66.15
67.0,62.9,72.6,69.8,68.7,67.5,60.71,67.03
60.12,64.05,64.4,69.1,59.2,61.2,67.95,63.72
73.12,62.19,67.9,67.1,66.4,75.7,63.95,68.05
63.0,68.29,60.4,57.3,66.7,58.7,59.62,62.0
48.38,62.9,64.5,68.4,61.6,72.2,59.48,62.49
63.0,59.48,67.2,64.5,67.5,79.6,62.1,66.2
64.75,65.05,65.4,67.6,55.4,61.0,66.76,63.71
56.0,60.86,66.1,62.4,60.4,62.9,64.1,61.82
65.0,64.57,68.3,72.4,61.2,66.1,68.19,66.54
74.0,62.57,79.4,61.8,59.1,57.1,62.81,65.25
67.25,67.19,71.7,63.7,79.5,59.3,62.0,67.23
65.5,67.0,79.4,53.4,50.5,58.4,65.62,62.83
68.12,58.57,65.0,60.1,64.6,68.3,70.52,65.03
55.38,61.62,47.9,44.2,66.8,62.0,62.0,57.13
49.25,58.81,58.9,65.1,66.1,61.1,63.19,60.35
64.88,70.33,61.5,70.7,65.9,61.2,64.19,65.53
67.62,57.1,71.7,69.6,60.2,70.5,58.67,65.06
60.12,67.52,72.2,59.7,70.7,60.1,57.52,63.98
72.5,60.57,60.9,67.8,59.0,71.8,55.86,64.06
50.25,59.76,47.8,63.4,58.9,70.0,65.9,59.43
61.75,71.29,54.0,58.5,71.0,67.5,64.19,64.03
57.75,64.71,71.3,65.1,75.1,57.6,72.86,66.35
57.75,64.67,70.8,64.9,70.9,57.7,63.33,64.29
71.38,60.67,76.3,72.6,62.2,63.2,58.14,66.35
60.38,58.19,71.9,64.1,68.8,58.6,54.48,62.35
57.5,62.19,64.8,62.1,44.5,67.5,65.62,60.6
72.38,64.24,60.2,65.5,60.4,62.7,65.0,64.34
50.12,65.62,53.9,76.2,58.7,73.7,65.38,63.38
72.12,62.57,78.5,60.2,53.8,65.9,72.29,66.48
69.0,63.9,53.1,69.8,71.8,62.4,59.52,64.22
52.88,67.86,68.7,60.6,50.4,65.1,69.1,62.09
56.5,60.1,58.3,61.1,58.4,63.3,63.71,60.2
66.12,61.1,67.5,66.1,64.3,62.5,66.71,64.9
66.12,61.43,49.9,72.1,45.8,66.2,60.71,60.32
66.62,61.0,68.8,64.1,64.4,63.5,58.57,63.86
60.75,60.86,56.9,44.6,57.1,68.9,70.81,59.99
70.0,68.29,62.4,60.5,60.4,68.8,58.14,64.08
54.62,64.71,67.5,63.3,66.8,64.4,65.57,63.84
63.75,63.0,55.7,62.7,68.5,62.8,66.48,63.28
61.5,67.38,63.7,69.5,60.7,72.5,59.52,64.97
75.38,60.38,75.0,70.0,58.7,67.2,56.81,66.21
66.0,62.24,50.7,69.6,52.8,55.6,57.43,59.2
52.88,61.81,64.2,65.4,54.4,78.5,57.33,62.07
64.25,64.9,65.2,65.9,66.2,63.5,62.29,64.61
62.62,57.33,66.2,72.2,69.6,62.8,68.76,65.65
63.38,58.62,66.2,60.0,56.2,64.9,69.57,62.7
64.0,65.19,70.8,56.6,77.4,67.4,59.19,65.8
66.38,61.19,62.6,66.0,67.8,63.9,62.43,64.33
59.12,63.95,63.7,64.8,60.1,61.3,71.29,63.47
70.38,63.67,60.3,63.0,70.3,59.7,64.0,64.48
57.0,64.76,64.5,61.6,61.7,59.9,70.1,62.79
68.0,61.76,68.8,49.1,60.1,62.5,65.43,62.24
59.88,72.24,64.2,68.9,77.0,60.8,59.24,66.04
68.38,69.19,76.8,72.8,61.3,66.6,66.95,68.86
63.75,66.76,61.6,62.1,57.6,64.9,67.14,63.41
60.5,61.81,66.2,64.2,66.0,56.2,64.1,62.71
66.62,64.76,59.7,76.7,67.3,50.5,65.57,64.45
57.75,63.29,69.0,57.2,65.4,69.4,63.48,63.64
72.25,63.76,69.2,66.7,59.8,45.8,59.81,62.47
77.5,64.1,61.4,55.0,73.7,56.6,71.86,65.74
75.5,62.24,69.2,68.4,53.4,65.0,67.9,65.95
64.0,63.48,57.5,61.6,61.0,64.0,67.52,62.73
65.88,67.81,63.7,63.3,70.4,66.3,64.14,65.93
64.38,62.29,76.4,66.1,47.5,58.1,58.95,61.96
51.88,71.05,64.6,73.1,69.1,57.1,60.9,63.96
67.62,55.81,52.0,58.4,56.7,52.2,62.43,57.88
66.25,65.24,67.7,62.3,60.3,62.9,68.62,64.76
56.5,62.38,57.4,60.8,59.2,64.5,63.86,60.66
75.12,59.29,73.5,70.4,75.9,54.4,66.29,67.84
54.88,63.0,61.4,59.0,55.1,53.8,74.33,60.22
61.38,70.86,69.4,61.0,70.3,59.1,64.1,65.16
61.88,64.71,70.3,56.5,54.3,68.2,63.81,62.81
54.88,62.86,65.6,61.5,66.3,55.9,63.76,61.54
72.62,57.62,64.4,55.1,80.0,55.6,66.48,64.55
61.25,71.29,61.8,68.5,60.5,65.8,66.43,65.08
56.0,62.33,56.5,76.2,63.5,64.3,65.38,63.46
71.62,68.38,67.4,63.8,71.7,66.3,60.95,67.17
64.38,69.52,64.4,65.9,57.7,65.0,63.1,64.28
81.62,62.43,63.0,65.4,62.2,64.0,67.14,66.54
78.12,63.76,69.8,60.3,67.8,69.0,59.05,66.83
55.5,58.86,60.5,57.6,67.4,67.8,66.48,62.02
61.75,62.81,62.4,53.6,62.4,52.3,67.71,60.42
67.62,71.62,54.4,63.1,62.0,62.7,62.86,63.47
54.62,69.19,59.5,66.0,75.1,53.6,64.62,63.23
52.25,70.95,62.0,67.0,55.8,68.0,63.14,62.74
62.5,60.62,56.9,61.2,56.5,71.3,70.38,62.77
76.5,59.57,55.5,60.5,58.2,73.1,68.38,64.54
60.88,64.29,58.0,63.8,66.7,65.5,64.24,63.34
67.12,61.33,54.6,68.5,62.4,62.5,60.14,62.37
68.38,65.71,66.2,60.1,63.9,75.0,60.29,65.65
54.12,61.76,64.5,67.5,66.6,52.0,64.1,61.51
54.75,72.95,63.5,52.5,47.8,65.5,56.9,59.13
64.75,69.71,73.4,66.2,57.7,66.0,59.62,65.34
64.5,56.9,76.1,71.7,66.2,58.5,63.81,65.39
45.0,63.29,63.3,68.5,59.7,71.4,71.57,63.25
74.88,71.43,65.9,65.4,54.1,64.0,55.76,64.5
60.0,69.1,48.7,68.8,57.5,61.9,65.86,61.69
61.5,64.29,63.1,63.7,68.9,69.7,71.52,66.1
54.75,63.29,63.3,61.5,65.2,63.4,64.43,62.27
61.62,70.86,70.8,69.2,57.6,70.1,63.14,66.19
72.38,67.76,52.7,65.1,61.5,51.3,65.0,62.25
70.75,57.76,72.8,56.8,76.7,60.9,64.38,65.73
59.88,65.95,64.7,65.1,61.1,66.2,62.05,63.57
64.5,58.48,57.2,49.9,65.0,66.6,65.19,60.98
68.75,60.67,66.5,63.2,68.9,68.6,71.52,66.88
61.75,72.71,50.4,56.7,64.6,55.2,67.05,61.2
75.75,71.29,57.3,65.0,61.0,54.3,64.29,64.13
66.25,69.95,55.5,66.6,58.8,56.1,71.48,63.53
65.0,65.52,57.3,54.2,60.1,65.6,64.76,61.78
70.38,60.43,60.1,70.4,58.5,66.2,69.76,65.11
50.88,61.67,58.1,61.7,56.7,65.6,59.24,59.13
56.88,65.05,65.5,62.5,61.7,62.8,69.76,63.45
59.12,62.05,51.6,70.3,75.9,56.1,65.86,62.99
63.12,67.86,54.5,59.4,56.6,57.2,69.33,61.15
53.25,58.19,70.3,72.9,75.4,65.1,66.43,65.94
68.0,59.33,70.1,72.0,63.3,74.0,60.95,66.81
66.5,60.05,65.9,51.7,68.5,64.9,58.33,62.27
76.25,64.05,60.9,58.5,66.3,58.9,58.52,63.35
61.38,61.52,67.7,78.3,64.2,63.3,62.48,65.55
51.25,61.05,56.6,67.4,72.5,68.6,63.48,62.98
50.5,56.19,68.5,56.2,67.1,61.2,69.52,61.32
61.62,63.95,56.4,60.3,60.3,64.6,69.43,62.37
60.88,69.38,58.8,68.5,63.2,65.0,70.19,65.14
67.0,62.81,61.5,64.6,71.2,63.6,68.76,65.64
62.5,64.1,66.2,67.7,59.8,80.6,61.1,66.0
66.0,63.76,51.2,69.1,69.4,68.7,66.95,65.02
64.88,63.81,58.3,61.2,63.4,55.0,60.0,60.94
70.12,65.05,59.3,63.5,79.3,61.5,69.52,66.9
69.75,61.05,70.1,55.0,62.7,60.8,68.95,64.05
66.88,63.33,63.0,68.2,61.8,55.8,66.14,63.59
68.75,55.48,66.5,59.0,69.9,63.3,59.33,63.18
56.5,64.14,58.7,73.8,77.2,65.5,61.24,65.3
53.12,60.76,52.6,57.6,53.3,68.6,58.81,57.83
53.38,61.43,57.6,55.1,68.4,59.4,64.43,59.96
70.25,61.76,71.2,67.0,62.7,59.8,63.05,65.11
66.12,58.05,64.6,58.5,53.5,62.3,61.19,60.61
56.25,62.76,69.4,59.7,69.2,79.0,60.57,65.27
59.75,70.24,62.1,73.7,63.4,73.1,54.05,65.19
61.5,68.86,60.3,61.1,77.5,65.4,64.52,65.6
58.75,66.0,59.1,63.9,56.5,58.6,68.86,61.67
64.62,61.76,68.5,62.7,66.3,61.9,63.95,64.25
62.62,59.38,60.5,65.6,71.3,65.0,57.14,63.08
61.62,70.71,76.2,63.8,71.8,68.2,53.33,66.52
52.25,62.62,56.4,60.4,61.0,52.5,62.24,58.2
56.75,68.19,63.4,59.6,65.5,69.2,60.62,63.32
51.25,65.95,67.7,67.7,63.6,66.6,66.71,64.22
63.88,70.76,55.0,65.1,57.4,68.8,71.48,64.63
63.62,69.38,64.5,66.5,51.9,68.3,64.76,64.14
70.5,71.52,50.5,70.2,63.1,60.7,57.52,63.44
60.62,60.95,71.6,65.4,68.7,56.3,66.19,64.25
62.62,64.14,63.0,66.8,60.7,74.8,67.24,65.62
55.12,63.9,73.3,57.1,62.0,68.3,65.24,63.57
60.5,68.67,68.5,65.6,72.2,58.1,62.1,65.09
61.25,63.43,55.8,57.5,69.9,53.8,60.1,60.25
64.25,72.24,72.9,63.7,64.9,68.8,67.81,67.8
61.25,67.71,64.4,72.2,61.9,60.6,69.19,65.32
56.25,66.95,55.7,66.9,65.8,57.0,63.05,61.66
73.25,63.71,67.3,55.6,61.5,61.3,55.57,62.61
67.75,63.05,53.7,74.8,71.4,66.6,63.05,65.76
64.25,62.33,65.9,60.2,57.6,56.5,59.19,60.85
73.12,66.38,70.1,66.4,65.2,57.2,62.71,65.87
59.12,69.05,62.1,68.4,75.4,68.4,63.48,66.56
56.12,64.9,54.3,63.9,63.4,61.0,62.19,60.83
71.12,74.76,62.1,64.4,59.1,63.5,52.24,63.89
76.5,64.71,65.0,60.3,61.3,72.4,61.62,65.98
65.38,68.52,70.4,75.4,64.8,63.0,67.1,67.8
64.88,66.95,58.9,62.7,57.7,62.1,65.19,62.63
60.38,63.33,53.1,64.3,47.8,56.6,59.43,57.85
54.12,67.43,70.2,55.0,76.0,57.2,68.81,64.11
56.62,57.24,50.6,59.5,73.6,63.0,67.14,61.1
74.12,70.38,71.6,68.5,57.8,58.3,72.05,67.54
77.12,66.9,65.8,65.5,67.8,60.7,62.48,66.62
61.62,67.05,55.7,71.6,65.5,59.4,64.71,63.66
64.0,70.1,63.8,64.4,60.6,74.1,58.57,65.08
69.75,61.33,68.5,65.5,59.1,65.5,60.62,64.33
72.12,64.14,65.3,64.8,59.8,62.9,64.95,64.86
62.12,55.57,61.9,72.9,69.8,63.8,67.62,64.82
71.62,66.86,63.2,78.9,62.3,69.2,64.24,68.05
58.62,65.67,61.3,55.5,61.6,75.0,73.43,64.45
74.25,55.43,72.1,61.9,61.6,68.6,57.86,64.53
69.12,68.38,58.4,56.8,57.1,69.2,64.67,63.38
62.12,67.86,69.9,56.8,63.1,64.2,72.14,65.16
63.25,64.57,59.9,73.5,68.6,55.4,62.95,64.02
67.0,61.1,73.4,61.1,62.5,62.2,64.57,64.55
65.12,71.19,54.4,69.7,50.6,67.1,66.76,63.55
66.62,60.62,60.3,57.8,69.3,58.9,65.05,62.66
68.38,66.52,75.9,52.8,81.1,58.8,64.29,66.83
72.62,67.48,61.2,71.9,68.4,62.4,67.52,67.36
53.62,66.43,71.5,56.6,70.0,71.2,65.57,64.99
70.88,58.33,57.1,67.1,64.4,57.3,64.38,62.78
57.12,66.67,57.1,63.2,55.2,72.8,57.24,61.33
59.62,70.1,71.3,67.4,66.4,68.4,62.0,66.46
77.88,65.95,67.7,57.5,50.6,60.5,69.48,64.23
44.25,58.76,67.2,70.3,75.4,68.5,65.71,64.3
69.62,66.57,71.8,64.7,45.3,77.3,64.62,65.7
64.12,64.33,69.5,71.0,64.0,58.3,68.14,65.63
63.75,59.76,64.4,77.8,65.3,58.1,66.76,65.12
53.75,59.86,50.7,63.6,59.3,67.7,65.38,60.04
69.38,62.67,65.4,67.3,58.1,50.8,66.24,62.84
67.0,64.43,65.0,70.2,65.8,48.9,62.05,63.34
76.62,58.52,75.7,68.5,58.8,66.5,68.9,67.65
67.38,64.76,64.5,74.7,63.6,62.7,67.38,66.43
56.62,60.62,66.8,60.5,78.2,53.7,69.52,63.71
57.88,66.52,73.4,64.1,61.8,59.6,66.9,64.31
66.38,71.38,59.5,72.0,67.4,62.7,61.95,65.9
67.0,62.67,62.6,55.5,75.1,69.1,66.0,65.42
73.12,71.57,60.7,69.9,63.7,79.1,61.05,68.45
71.88,64.33,64.4,63.7,56.9,63.2,61.38,63.68
64.75,71.48,67.4,60.3,70.5,65.3,59.24,65.57
54.12,55.9,76.4,74.6,58.7,63.7,67.48,64.42
63.62,62.76,67.9,70.1,67.6,72.4,66.48,67.27
64.5,61.71,65.9,49.5,60.2,69.3,67.9,62.72
58.5,59.0,54.7,55.0,57.5,62.4,62.57,58.52
62.0,63.05,62.1,69.6,59.7,68.3,70.1,64.98
65.88,56.62,66.5,70.0,64.2,67.8,66.14,65.31
75.25,59.14,59.6,67.2,67.5,61.0,68.1,65.4
59.0,62.38,57.7,66.3,70.6,56.0,70.9,63.27
58.62,61.19,60.4,67.8,52.5,74.1,68.05,63.24
61.88,70.86,67.7,66.6,70.1,60.5,62.48,65.73
65.25,65.57,70.5,63.7,65.0,74.6,65.19,67.12
54.12,58.33,65.6,67.3,62.3,70.1,61.67,62.78
74.38,63.86,60.3,62.8,60.0,63.3,62.48,63.87
60.38,60.81,60.2,55.6,62.0,68.3,59.19,60.92
64.38,65.33,69.6,65.5,63.7,59.2,58.86,63.8
66.62,64.71,52.3,70.9,67.9,63.6,61.38,63.92
53.25,64.86,72.2,86.4,51.5,61.8,64.05,64.86
63.0,67.05,52.8,58.2,60.3,66.8,61.71,61.41
66.38,61.76,74.9,65.2,58.2,71.1,62.67,65.74
73.25,65.52,54.2,68.3,71.1,68.3,62.29,66.14
67.62,65.95,66.3,71.5,66.1,54.2,68.24,65.7
54.75,67.33,60.0,81.6,66.2,65.6,64.0,65.64
60.75,58.24,72.6,61.3,64.9,66.6,73.38,65.4
70.88,67.43,60.7,63.4,73.6,60.8,61.05,65.41
68.75,58.05,72.8,63.4,65.0,64.3,61.81,64.87
62.75,70.14,67.6,73.0,56.1,57.7,74.1,65.91
58.88,71.24,65.5,67.8,62.8,57.6,72.52,65.19
67.12,64.24,58.9,67.7,62.1,61.0,61.1,63.17
63.12,62.76,73.7,62.8,60.5,68.1,67.19,65.45
68.62,57.19,68.9,66.0,58.1,72.9,58.76,64.35
59.25,68.33,68.6,67.6,62.0,50.0,62.86,62.66
60.0,59.24,67.4,76.7,72.5,70.9,62.76,67.07
67.62,67.67,60.9,63.4,68.1,68.8,65.57,66.01
61.62,69.67,56.5,59.5,64.7,68.4,61.81,63.17
59.0,65.67,63.2,64.4,64.6,62.6,58.67,62.59
73.25,62.48,69.1,60.2,52.8,75.6,64.86,65.47
71.88,58.71,59.2,68.8,63.7,63.6,70.67,65.22
73.38,59.62,58.5,71.8,68.3,63.3,61.14,65.15
47.88,65.0,56.5,60.0,69.4,71.2,68.48,62.64
55.75,58.24,65.9,75.4,66.1,59.9,67.52,64.12
68.62,61.0,75.0,61.9,58.2,60.5,59.81,63.58
71.5,75.14,59.5,62.9,60.0,58.8,61.19,64.15
66.12,49.95,48.2,56.1,66.3,69.0,63.81,59.93
60.12,63.43,69.4,62.1,72.6,57.6,63.95,64.17
72.75,61.1,58.8,59.5,58.9,73.2,68.1,64.62
65.5,66.81,59.2,63.9,57.7,61.3,62.67,62.44
47.88,64.95,61.0,58.4,72.8,65.5,69.81,62.91
55.88,71.57,60.9,58.5,57.8,60.2,56.43,60.18
67.12,63.1,54.3,66.6,65.3,53.9,66.43,62.39
60.5,57.43,55.3,68.4,69.8,71.0,58.1,62.93
65.88,62.33,67.8,67.4,52.9,55.3,63.9,62.22
59.12,57.81,67.7,72.6,63.3,62.0,62.48,63.57
66.88,72.9,68.2,70.4,67.8,66.9,63.67,68.11
56.25,59.29,76.1,68.2,63.6,63.4,64.81,64.52
66.5,68.38,58.2,59.3,62.9,62.5,63.33,63.02
71.88,62.71,69.4,59.2,73.1,63.5,68.48,66.9
65.0,70.1,64.7,50.8,60.0,59.1,65.19,62.13
63.25,64.19,66.4,72.1,67.9,65.9,66.57,66.62
69.62,75.05,60.4,57.2,63.9,70.9,61.05,65.45
65.5,67.76,57.0,66.1,51.7,62.9,61.19,61.74
51.88,67.14,64.7,68.4,75.9,64.0,58.81,64.4
65.75,67.1,66.2,53.1,69.2,75.5,65.38,66.03
71.38,68.48,65.0,73.4,59.9,55.2,64.1,65.35
57.38,62.48,67.9,71.1,61.2,64.6,62.9,63.94
57.12,70.05,58.1,60.4,61.3,73.4,65.9,63.75
67.62,57.86,63.3,68.9,58.9,63.5,61.62,63.1
65.12,65.76,63.1,60.2,52.4,55.1,70.19,61.7
70.38,57.0,72.8,52.3,68.7,67.6,69.24,65.43
60.38,64.05,64.4,55.7,67.8,67.6,66.05,63.71
70.5,62.38,63.9,63.4,59.9,70.2,62.62,64.7
59.75,62.71,81.1,66.3,61.3,79.1,63.14,67.63
64.88,56.52,71.0,55.6,59.4,56.3,61.14,60.69
65.12,64.57,72.4,75.1,55.4,74.0,59.71,66.62
65.0,64.24,64.7,60.8,63.0,63.1,55.95,62.4
59.12,65.62,75.7,66.6,55.3,61.3,59.67,63.33
62.62,69.95,55.1,69.0,57.6,53.5,64.43,61.74
50.12,66.05,54.2,58.8,66.6,70.9,59.14,60.83
54.0,65.57,71.2,68.3,61.3,73.4,65.14,65.56
62.12,58.14,68.5,64.6,63.2,68.7,63.38,64.09
73.25,61.0,59.7,59.3,68.5,58.4,65.48,63.66
61.88,54.05,74.2,67.9,69.9,72.0,68.52,66.92
58.62,60.62,66.5,65.3,52.5,62.4,51.19,59.59
68.75,63.67,62.4,56.7,72.6,55.1,67.95,63.88
82.0,65.38,64.7,66.6,49.5,68.7,66.05,66.13
68.0,60.95,56.3,68.9,67.6,82.6,61.67,66.57
67.38,66.81,61.9,65.6,62.7,52.3,65.86,63.22
75.88,73.71,56.8,59.1,62.9,52.8,72.76,64.85
68.62,64.1,65.8,61.1,69.2,74.5,70.1,67.63
60.38,66.62,61.0,58.9,62.7,65.0,63.95,62.65
62.62,58.52,74.5,55.5,55.8,56.8,62.19,60.85
62.12,59.71,65.2,65.9,61.8,68.7,61.14,63.51
68.0,62.52,65.2,68.3,72.1,62.4,70.1,66.95
73.75,49.1,67.1,61.3,66.6,63.4,63.86,63.59
70.5,63.38,73.0,63.6,64.4,70.4,61.19,66.64
56.75,65.95,63.0,74.0,67.1,67.9,70.48,66.45
51.38,62.71,67.9,69.9,62.9,64.9,60.67,62.91
69.38,58.33,72.6,65.0,58.8,57.2,63.95,63.61
55.62,67.05,74.1,62.6,65.3,68.1,65.71,65.5
68.88,64.52,64.1,69.2,53.8,61.8,61.14,63.35
71.88,69.9,60.5,68.1,62.0,59.9,71.9,66.31
61.38,65.29,61.2,63.4,68.0,61.2,67.29,63.96
54.0,68.29,67.7,69.6,64.8,70.6,61.52,65.22
59.5,59.38,63.0,59.6,66.3,67.9,63.05,62.68
66.75,60.38,66.5,63.3,58.7,64.6,64.71,63.56
47.0,68.38,72.0,63.5,64.0,61.2,68.19,63.47
53.5,65.33,67.2,58.7,75.0,57.3,62.0,62.72
55.5,63.24,58.9,72.0,60.2,66.0,59.9,62.25
49.12,67.38,65.4,62.3,63.5,64.5,61.95,62.02
67.38,69.71,61.5,69.3,59.2,58.2,65.9,64.46
71.12,60.62,68.9,72.5,64.5,61.7,65.33,66.38
59.5,71.29,70.6,71.6,55.1,59.5,62.0,64.23
56.62,57.62,62.4,67.9,61.5,64.4,61.0,61.63
56.5,55.95,69.6,60.3,70.0,73.7,59.14,63.6
68.12,67.1,61.3,68.1,71.0,55.1,64.29,65.0
67.25,60.33,56.8,74.7,63.7,63.5,61.33,63.95
53.88,60.33,57.7,68.2,66.1,60.2,67.1,61.93
51.62,65.52,78.1,72.0,59.0,72.4,69.14,66.83
79.88,55.95,65.7,61.8,69.7,68.1,68.62,67.11
70.38,67.14,70.3,66.0,63.6,71.0,65.86,67.75
62.88,67.9,65.1,71.6,55.3,68.3,71.14,66.03
70.25,60.05,67.0,61.4,58.9,67.0,63.71,64.04
63.62,61.48,57.9,50.9,64.3,72.7,63.29,62.03
65.88,62.9,68.5,55.0,67.8,71.8,61.9,64.83
66.75,63.38,67.0,70.3,67.1,63.5,66.67,66.39
63.0,57.1,69.2,63.3,76.7,72.3,70.43,67.43
68.88,65.95,66.5,67.9,58.6,62.0,66.05,65.12
55.38,68.95,67.4,82.0,54.2,53.2,63.14,63.47
62.5,71.48,75.1,59.4,74.3,65.6,66.67,67.86
67.25,61.52,62.2,52.6,63.7,61.0,61.76,61.43
61.75,58.57,63.4,70.4,58.2,56.6,67.57,62.36
61.25,60.14,69.8,64.8,65.1,77.8,64.48,66.2
58.12,71.19,59.7,61.2,64.7,65.7,56.14,62.39
67.62,62.24,61.9,64.1,56.8,65.6,63.19,63.06
65.0,63.19,62.8,70.8,57.7,66.3,60.38,63.74
68.62,64.95,68.1,61.4,61.8,70.4,58.24,64.79
58.0,63.57,79.0,60.5,62.5,55.0,65.19,63.39
81.5,56.33,69.2,66.3,65.2,60.4,63.67,66.09
61.12,62.05,60.7,57.8,75.4,70.9,60.0,64.0
73.25,66.14,70.0,66.4,63.5,61.1,60.43,65.83
59.62,62.76,72.8,67.0,66.3,68.4,65.0,65.98
71.88,59.81,68.2,65.4,69.7,61.6,60.0,65.23
64.38,63.38,56.7,60.6,68.1,62.6,57.76,61.93
62.88,67.0,63.8,55.2,66.0,58.4,66.33,62.8
55.88,66.43,49.9,74.3,64.9,66.6,61.81,62.83
64.88,62.1,75.6,59.4,78.8,61.0,65.05,66.69
57.5,63.81,57.6,57.9,51.9,62.7,62.0,59.06
57.38,58.14,60.7,55.2,60.8,69.8,63.86,60.84
56.25,66.24,69.3,65.0,77.0,62.4,67.62,66.26
75.5,71.62,64.1,64.4,65.2,58.5,66.81,66.59
50.62,69.57,73.9,63.7,70.0,57.6,64.81,64.32
70.38,64.43,61.9,60.8,65.5,59.1,54.81,62.42
56.62,63.57,69.6,71.5,62.9,60.4,67.57,64.6
55.38,62.71,67.6,66.1,62.0,64.4,62.57,62.97
67.25,64.29,72.0,70.4,47.9,57.0,69.24,64.01
71.88,55.76,69.9,55.5,69.1,58.7,61.38,63.17
59.0,64.76,52.8,65.9,68.8,65.2,59.52,62.28
66.0,67.95,75.8,68.1,60.5,62.6,56.24,65.31
64.75,63.62,61.3,55.7,75.5,60.6,70.33,64.54
64.62,67.29,66.3,65.6,70.1,67.4,59.1,65.77
58.38,63.14,77.2,54.2,63.4,71.8,60.29,64.06
63.88,61.33,67.1,67.2,53.6,58.9,65.48,62.5
57.12,69.0,64.8,69.7,61.8,63.6,61.9,63.99
75.62,59.76,53.1,66.2,63.7,62.5,63.05,63.42
51.12,59.33,72.1,56.5,73.9,57.4,70.33,62.96
74.25,69.48,71.4,61.4,61.2,63.8,65.29,66.69
76.5,73.52,65.2,58.9,62.4,63.8,54.9,65.03
61.75,66.71,56.7,72.0,54.5,55.7,58.95,60.9
50.62,61.29,61.8,71.4,64.8,57.9,66.95,62.11
71.12,65.52,78.9,62.2,55.5,67.5,63.95,66.39
55.88,63.05,67.0,78.1,53.6,58.6,62.67,62.7
55.25,60.9,66.9,62.4,63.7,62.5,60.76,61.77
65.62,60.67,56.2,55.4,68.7,62.9,63.0,61.78
61.0,63.38,58.0,59.8,56.6,68.1,63.24,61.45
59.12,61.05,67.9,55.0,64.2,52.6,63.81,60.53
68.62,59.95,64.7,57.1,59.7,65.9,70.19,63.74
67.0,65.62,62.2,65.2,58.7,67.2,58.76,63.53
78.5,64.38,58.1,69.6,67.9,67.2,68.86,67.79
67.62,62.86,64.2,57.7,68.4,65.9,63.86,64.36
65.88,69.67,71.3,63.0,64.6,67.0,63.24,66.38
63.25,63.71,60.1,59.4,63.1,60.0,63.29,61.84
74.12,61.48,60.8,66.6,72.4,66.4,65.29,66.73
69.0,57.76,59.1,58.3,69.1,53.9,62.71,61.41
54.62,67.33,52.9,74.3,69.0,62.4,58.9,62.78
69.38,56.38,62.1,62.8,74.6,79.2,67.48,67.42
62.75,61.05,68.5,56.4,46.0,53.8,64.29,58.97
70.62,61.81,68.3,64.5,57.9,58.6,58.14,62.84
61.5,59.62,62.1,71.5,69.2,64.8,66.05,64.97
64.5,63.38,57.5,69.3,63.2,63.0,62.86,63.39
72.62,67.62,58.8,66.1,63.3,58.9,59.57,63.85
57.88,59.43,63.2,66.4,57.5,67.4,65.38,62.45
57.25,64.67,68.7,73.8,60.5,71.7,68.62,66.46
73.12,69.29,73.3,60.2,66.7,68.9,70.24,68.82
64.25,61.9,61.2,64.3,65.8,68.0,59.52,63.57
66.5,60.52,70.2,66.1,61.7,59.6,64.38,64.14
62.0,73.05,55.6,73.0,51.6,51.2,63.05,61.36
63.88,62.0,44.4,65.1,59.1,66.7,65.95,61.02
61.62,59.76,66.0,61.2,77.3,61.7,67.48,65.01
85.25,67.24,72.7,67.9,71.9,63.9,58.71,69.66
67.5,62.1,61.5,72.8,63.4,70.1,70.43,66.83
54.12,64.67,74.4,77.2,67.4,64.9,63.33,66.57
60.88,62.0,61.2,75.4,65.5,66.5,68.29,65.68
50.38,64.29,54.9,59.6,64.8,69.8,64.1,61.12
60.0,65.38,66.4,56.1,49.7,60.8,65.62,60.57
64.0,60.43,70.7,60.6,71.7,58.3,63.33,64.15
65.12,60.43,61.9,61.8,64.1,59.5,69.81,63.24
64.75,63.0,52.9,70.1,61.4,62.6,70.95,63.67
74.88,61.1,71.5,66.4,66.9,54.8,63.81,65.63
66.62,68.24,58.3,73.3,57.1,61.1,63.0,63.95
64.12,61.57,53.1,66.3,72.7,65.5,72.29,65.08
66.38,64.0,67.5,58.4,59.2,68.0,65.67,64.16
69.12,64.9,76.5,62.4,62.8,64.2,64.48,66.34
67.62,62.1,68.2,75.6,63.3,55.7,70.95,66.21
74.25,64.0,66.1,59.2,59.7,60.4,63.43,63.87
69.5,68.86,65.0,70.8,61.8,62.6,62.62,65.88
72.5,60.0,63.0,62.4,57.6,59.4,58.95,61.98
65.5,57.67,58.8,65.4,64.5,61.6,61.62,62.16
59.5,68.0,61.8,59.1,62.0,70.2,64.76,63.62
70.25,67.81,64.4,70.9,70.3,62.1,56.52,66.04
82.38,64.43,67.3,69.1,64.3,77.6,69.1,70.6
59.5,62.71,65.5,65.5,59.8,64.1,71.05,64.02
59.75,60.86,55.6,59.5,66.7,57.7,66.86,60.99
66.88,61.19,55.7,64.0,56.3,58.9,57.52,60.07
60.62,65.52,54.8,63.9,62.6,73.9,62.62,63.42
74.12,66.76,69.0,64.5,63.9,55.7,62.0,65.14
67.38,56.38,70.0,65.6,67.5,62.5,66.05,65.06
57.62,70.81,64.1,67.2,77.7,54.1,61.86,64.77
64.25,65.38,63.0,72.6,78.4,54.8,66.48,66.42
69.62,64.14,68.1,61.3,76.4,73.9,64.81,68.33
71.25,63.81,64.4,62.4,66.7,55.8,75.71,65.72
71.0,65.95,67.9,61.6,71.4,73.7,67.48,68.43
70.88,51.52,65.6,63.0,58.6,64.4,67.14,63.02
69.0,62.86,67.8,62.5,63.0,67.3,66.0,65.49
58.88,67.43,74.3,71.9,46.7,54.8,71.62,63.66
66.88,61.9,55.0,58.4,59.7,72.8,60.1,62.11
68.12,72.9,66.5,52.3,61.9,55.0,60.9,62.52
68.0,67.52,60.4,71.2,59.4,59.5,57.57,63.37
69.75,58.1,76.4,58.4,62.8,65.1,68.14,65.53
70.62,60.1,65.3,73.8,55.6,62.4,67.24,65.01
67.62,61.81,71.7,59.8,62.6,68.0,58.05,64.23
74.12,61.9,74.5,67.8,57.1,56.7,65.76,65.41
67.5,72.86,69.6,75.5,54.0,62.0,66.0,66.78
73.12,59.38,62.1,62.5,61.9,61.6,68.24,64.12
67.25,58.71,59.0,64.6,66.5,79.4,65.76,65.89
76.75,63.67,71.7,69.8,50.8,52.6,69.1,64.92
63.75,65.29,67.7,55.4,54.3,63.3,70.19,62.85
70.5,66.1,51.6,54.5,51.2,66.8,68.9,61.37
63.38,66.19,66.2,63.7,64.0,68.1,66.33,65.41
75.75,68.62,61.4,58.7,68.9,63.4,60.38,65.31
78.12,62.43,68.1,62.9,55.4,63.1,64.14,64.89
40.12,61.52,67.2,64.0,62.2,66.1,60.81,60.28
55.88,69.24,58.7,52.8,71.9,75.2,75.29,65.57
72.12,69.95,61.1,71.5,64.5,63.8,58.86,65.98
69.62,64.81,59.6,67.7,64.1,57.3,67.57,64.39
59.12,63.24,64.7,52.2,56.0,64.8,60.29,60.05
68.25,63.71,55.6,54.0,61.4,63.3,58.29,60.65
44.38,61.14,62.8,64.3,63.6,65.8,54.38,59.49
57.62,63.71,64.5,63.1,57.8,67.0,65.14,62.7
68.38,58.43,58.6,66.1,72.4,74.0,66.76,66.38
69.88,61.38,59.8,53.0,69.6,54.2,62.67,61.5
58.75,60.05,48.5,56.7,65.2,83.8,72.76,63.68
53.75,63.67,65.6,59.2,53.8,68.0,67.05,61.58
59.5,69.05,64.3,60.6,74.8,66.4,69.1,66.25
66.88,60.57,54.6,53.7,62.7,63.0,56.33,59.68
60.5,63.52,60.6,66.4,69.5,62.5,64.38,63.91
59.88,66.48,64.6,65.9,72.2,68.5,64.19,65.96
55.5,57.05,72.7,63.1,68.1,69.4,54.52,62.91
63.12,68.05,58.8,81.8,74.7,63.2,68.1,68.25
58.62,58.33,71.1,69.2,66.2,55.2,64.1,63.25
50.25,62.0,59.3,61.3,54.8,64.7,67.95,60.04
58.5,63.95,64.3,60.1,61.2,74.1,73.14,65.04
60.12,61.38,67.6,76.5,71.8,66.0,65.24,66.95
64.88,73.0,62.5,63.7,66.4,58.0,62.29,64.39
58.5,63.43,61.2,61.2,62.5,67.4,63.48,62.53
69.62,58.19,63.9,61.3,57.4,54.1,60.05,60.65
63.75,60.57,75.2,55.4,66.1,57.8,61.9,62.96
66.75,65.52,75.2,62.4,56.6,69.1,63.52,65.59
67.5,63.95,70.8,68.4,65.8,68.5,64.57,67.07
66.75,65.43,65.0,66.6,59.1,64.2,64.19,64.47
73.25,59.71,69.3,74.7,64.0,61.1,69.76,67.4
65.75,68.0,69.4,57.9,68.2,64.4,61.76,65.06
65.62,62.71,57.2,66.7,55.3,67.2,58.86,61.94
62.88,63.1,65.3,64.8,63.5,69.2,63.76,64.65
76.5,68.71,64.0,63.7,63.7,59.9,59.67,65.17
68.25,60.67,63.7,63.5,70.8,73.8,55.14,65.12
62.12,65.29,68.3,65.4,60.6,66.1,70.43,65.46
57.25,61.38,71.4,60.3,70.8,59.5,62.43,63.29
67.88,60.14,69.3,79.9,66.0,58.5,68.86,67.23
66.88,68.1,68.0,62.7,65.8,64.8,61.62,65.41
68.75,53.67,71.6,63.4,59.3,59.4,71.29,63.91
59.75,67.29,65.4,56.7,71.9,58.7,70.24,64.28
60.12,59.05,71.5,58.7,67.0,66.6,63.1,63.72
76.25,56.19,69.3,67.2,63.5,64.8,60.29,65.36
79.75,59.67,56.5,64.7,69.4,73.4,57.05,65.78
65.38,68.71,60.4,57.1,64.1,48.0,61.29,60.71
61.5,74.62,61.5,70.6,62.7,53.3,62.71,63.85
72.12,64.57,61.0,57.9,53.6,62.8,57.62,61.37
76.75,64.71,58.9,69.4,67.8,65.7,62.14,66.49
64.88,66.24,64.4,63.7,67.8,56.3,59.1,63.2
68.25,57.38,59.2,61.7,63.5,65.8,63.43,62.75
65.88,54.52,62.6,61.6,67.5,67.1,65.1,63.47
67.38,67.14,65.7,64.4,59.5,65.8,60.33,64.32
76.62,67.38,53.8,67.6,66.1,54.3,59.57,63.63
67.5,60.38,66.2,62.1,67.9,61.4,67.95,64.78
65.0,63.67,67.4,60.1,77.0,58.2,58.81,64.31
76.25,60.14,69.3,74.6,70.3,61.7,70.67,68.99
63.5,67.05,67.9,62.5,64.3,68.0,58.43,64.53
72.5,64.48,65.8,59.9,61.5,53.3,62.33,62.83
71.88,68.76,52.3,62.8,72.6,59.9,70.52,65.54
60.75,62.57,71.6,67.3,63.0,73.3,66.81,66.48
55.38,69.9,66.9,56.3,66.4,65.1,70.67,64.38
60.75,72.57,68.9,60.3,67.7,58.2,68.67,65.3
57.25,64.24,56.4,62.5,62.8,65.9,58.1,61.03
74.12,67.33,61.2,66.6,59.1,66.6,63.52,65.5
56.5,65.62,73.3,64.7,58.6,57.2,62.1,62.57
77.12,66.71,63.3,59.1,81.8,68.3,54.33,67.24
60.75,64.95,61.0,68.5,74.7,61.4,64.62,65.13
63.25,64.1,64.8,70.9,64.6,54.3,65.76,63.96
73.5,73.95,61.0,54.7,72.3,66.6,61.38,66.2
79.5,68.86,70.4,57.2,67.8,68.4,59.62,67.4
59.0,62.57,66.6,72.8,68.8,58.6,62.29,64.38
60.5,64.95,67.6,70.0,64.7,61.1,60.0,64.12
64.12,64.24,58.1,64.5,79.3,64.7,65.57,65.79
62.12,62.57,56.9,58.8,63.9,67.6,71.86,63.39
52.88,62.71,58.9,66.0,62.7,59.8,69.62,61.8
58.5,63.19,64.4,59.0,70.9,68.6,67.33,64.56
67.0,63.0,64.5,61.1,75.6,61.0,61.86,64.87
58.5,72.52,62.9,60.0,71.1,57.5,68.29,64.4
64.5,62.62,55.3,73.1,63.9,65.7,71.48,65.23
72.88,60.86,61.4,64.0,64.8,57.5,66.19,63.95
67.12,68.19,63.7,58.6,58.9,68.5,65.1,64.3
73.12,60.9,57.6,57.0,66.8,67.5,60.24,63.31
60.5,63.95,62.3,67.5,73.0,59.8,62.29,64.19
65.12,64.14,56.4,64.3,69.4,72.7,69.0,65.87
56.0,62.62,68.2,57.0,76.6,59.4,68.76,64.08
54.12,68.24,60.6,54.2,75.5,52.8,58.43,60.56
58.62,63.14,58.1,55.3,58.9,70.9,56.67,60.23
64.38,70.43,67.0,67.8,63.2,61.5,59.81,64.87
51.12,58.95,53.7,58.2,55.7,53.6,67.43,56.96
55.38,64.95,56.7,63.5,62.6,64.1,60.9,61.16
55.75,59.71,69.2,62.7,72.0,57.0,65.48,63.12
62.0,62.76,60.3,73.9,56.9,56.0,69.81,63.1
65.25,64.0,82.7,72.1,61.9,65.3,64.1,67.91
74.88,67.19,67.0,57.2,68.9,74.6,63.81,67.65
56.5,74.76,61.3,64.8,62.6,64.0,62.0,63.71
61.0,65.95,62.8,61.6,74.8,82.2,56.95,66.47
61.5,62.24,55.9,62.0,68.0,55.8,63.24,61.24
70.88,60.67,57.4,61.9,62.8,60.1,72.14,63.7
75.25,70.19,69.9,63.6,58.3,65.0,64.29,66.65
46.5,54.62,62.7,68.1,72.1,68.2,61.1,61.9
64.12,58.43,70.8,54.6,59.4,68.3,74.71,64.34
65.88,69.14,64.5,63.5,61.6,64.9,60.81,64.33
51.25,66.95,60.2,65.0,65.0,65.5,65.1,62.71
67.5,62.71,79.9,73.4,73.0,47.5,59.29,66.19
64.62,61.71,50.8,60.8,70.0,63.0,62.33,61.9
60.88,66.95,59.1,71.1,57.8,59.2,60.57,62.23
77.0,61.48,66.4,76.3,63.3,76.4,60.71,68.8
64.88,57.43,69.2,52.4,67.3,68.3,64.05,63.36
59.0,57.81,75.0,60.8,62.3,54.0,61.86,61.54
59.62,67.81,65.4,55.3,60.9,65.7,61.1,62.26
71.25,66.52,57.6,65.2,60.7,61.3,64.57,63.88
81.25,63.1,70.3,62.9,60.0,63.0,62.0,66.08
67.75,63.38,65.3,64.5,62.3,54.7,64.86,63.26
50.75,58.43,66.0,62.6,53.6,62.5,63.67,59.65
57.75,64.29,63.3,61.1,72.9,69.4,64.19,64.7
58.38,67.52,56.9,69.8,64.4,61.1,68.52,63.8
65.0,63.81,71.8,72.1,67.2,59.7,66.1,66.53
80.5,61.1,61.3,65.5,60.3,68.8,66.71,66.32
63.25,71.1,66.8,70.2,61.3,67.9,64.81,66.48
57.12,65.24,69.9,69.3,64.1,63.7,65.24,64.94
62.62,64.38,64.2,71.6,53.5,55.4,67.76,62.78
70.38,60.14,57.7,74.0,61.4,66.1,64.0,64.82
70.5,55.71,71.2,54.1,64.3,75.0,70.19,65.86
49.62,63.38,53.8,62.1,66.2,65.6,60.05,60.11
62.5,60.38,70.7,64.0,55.5,53.0,61.95,61.15
67.38,62.76,63.6,67.2,78.1,57.5,62.05,65.51
62.88,65.67,73.6,69.9,69.1,63.5,69.71,67.77
69.88,57.81,60.2,67.0,57.7,69.1,63.48,63.59
65.75,60.33,66.7,62.0,61.2,60.2,57.14,61.9
72.25,61.43,73.9,65.0,69.2,67.9,61.1,67.25
58.88,69.14,71.2,53.8,60.7,65.4,64.19,63.33
56.62,63.81,70.9,69.2,67.7,67.0,60.24,65.07
59.88,62.52,69.0,75.3,70.5,57.9,65.43,65.79
62.75,64.14,69.5,65.6,52.9,56.9,67.0,62.68
58.5,62.0,67.1,75.1,62.5,50.0,60.52,62.25
68.0,58.9,80.0,66.9,59.3,61.5,70.19,66.4
60.62,63.81,71.7,70.5,70.4,49.6,65.43,64.58
60.75,62.52,68.0,59.9,66.7,64.8,63.14,63.69
67.75,61.1,63.3,65.4,54.1,62.3,68.48,63.2
47.88,63.0,52.5,62.8,69.4,66.7,63.24,60.79
67.38,67.67,66.3,70.2,51.3,68.7,57.1,64.09
70.25,53.76,60.9,65.1,61.2,65.8,57.43,62.06
57.88,58.57,67.4,62.9,67.2,57.2,67.95,62.73
60.25,61.86,59.3,62.5,63.4,56.4,67.0,61.53
67.5,60.86,64.7,62.6,56.8,75.8,56.76,63.57
60.38,64.81,68.7,68.2,72.2,71.7,65.81,67.4
71.75,63.62,62.0,66.4,71.7,68.7,67.52,67.38
68.25,68.67,58.2,61.8,60.9,61.9,59.95,62.81
62.0,58.71,62.9,67.5,58.6,50.9,59.57,60.03
55.62,61.0,71.2,56.1,58.2,54.3,57.76,59.17
52.12,58.67,57.8,66.4,68.5,76.7,70.14,64.33
69.75,65.33,60.8,61.8,63.2,68.5,63.57,64.71
54.0,65.33,63.1,65.1,60.3,62.1,62.1,61.72
71.75,64.9,71.6,58.6,69.8,61.2,63.14,65.86
61.12,58.86,61.6,60.9,58.8,63.7,66.0,61.57
67.88,61.1,79.0,59.3,77.5,68.6,66.57,68.56
61.0,66.14,71.0,62.6,69.0,69.2,64.38,66.19
63.5,67.14,65.7,69.0,58.3,75.3,62.24,65.88
62.0,63.33,62.9,58.2,58.2,60.8,60.24,60.81
63.75,70.43,65.4,63.9,66.8,64.1,70.95,66.48
54.12,62.9,46.1,65.3,71.1,73.7,69.95,63.31
70.5,61.71,56.8,67.5,67.9,58.1,65.81,64.05
65.38,62.9,71.6,55.1,62.0,60.8,58.1,62.27
62.5,67.1,76.3,53.6,61.3,76.4,63.38,65.8
73.88,60.52,71.1,64.6,62.0,52.4,57.67,63.17
66.25,59.33,66.5,64.6,60.7,55.4,56.86,61.38
69.38,68.1,64.7,64.5,58.7,61.7,67.62,64.96
53.88,60.29,68.5,75.3,61.3,77.5,68.24,66.43
70.88,62.57,61.3,59.2,65.2,64.3,55.43,62.7
71.12,59.33,58.1,54.4,65.4,69.4,56.19,61.99
63.75,53.0,68.8,57.9,71.2,65.3,69.9,64.26
59.0,62.95,52.3,60.1,65.5,68.4,67.76,62.29
72.12,62.43,51.0,68.5,77.5,59.2,65.43,65.17
66.25,63.95,64.8,59.4,64.1,81.6,63.29,66.2
61.38,56.76,60.2,57.1,71.5,66.6,55.33,61.27
67.5,66.24,70.3,58.1,65.7,51.4,68.1,63.9
72.25,62.43,66.9,69.5,65.2,67.7,66.48,67.21
52.38,70.1,47.9,64.5,53.5,66.9,66.48,60.25
72.12,69.05,59.1,49.7,46.6,59.3,54.81,58.67
78.0,71.52,71.6,77.8,66.7,58.6,62.81,69.58
70.62,59.14,72.6,64.9,53.6,65.1,57.1,63.29
52.88,70.43,66.9,65.6,62.1,70.5,66.62,65.0
64.38,64.43,53.8,62.6,66.9,58.7,64.48,62.18
69.25,64.81,64.5,73.2,65.7,66.8,63.24,66.79
69.5,62.86,55.6,67.8,51.9,64.3,70.48,63.2
66.12,67.95,64.5,57.2,60.7,61.0,61.52,62.71
66.38,63.48,65.9,66.5,65.4,70.0,68.9,66.65
72.12,62.67,67.7,55.7,51.0,61.4,64.62,62.17
58.25,60.14,50.7,63.1,62.3,66.3,68.9,61.39
67.25,67.0,66.1,60.1,71.4,76.1,62.9,67.26
65.88,67.57,64.0,72.5,67.3,65.2,67.19,67.09
65.38,69.14,62.4,70.9,74.2,54.8,61.0,65.4
62.12,69.76,55.3,77.3,69.4,62.3,63.29,65.64
68.88,70.81,72.7,56.2,76.7,71.2,63.24,68.53
69.38,59.33,62.8,56.9,59.7,67.6,67.76,63.35
65.38,60.14,73.0,63.4,73.5,62.9,61.71,65.72
56.88,65.62,61.9,67.9,65.8,65.6,66.67,64.34
58.62,61.57,65.0,73.0,68.3,55.3,59.43,63.03
75.12,63.43,51.2,62.3,59.9,51.9,64.86,61.24
68.0,63.9,60.5,66.6,63.4,64.8,63.52,64.39
51.12,62.81,61.7,64.1,73.8,66.2,59.14,62.7
69.62,71.86,64.0,68.5,67.7,56.1,64.86,66.09
54.5,63.52,54.9,71.9,61.6,63.9,62.33,61.81
61.25,59.24,62.0,78.4,68.2,60.2,64.33,64.8
63.25,59.9,64.5,67.0,70.1,60.8,72.43,65.43
58.25,75.71,58.7,73.5,70.2,69.7,66.19,67.46
65.5,63.29,61.9,81.0,60.5,63.8,65.95,65.99
63.75,65.71,64.7,59.1,75.6,65.7,73.1,66.81
69.75,65.62,65.5,79.0,64.8,64.0,70.95,68.52
54.88,68.38,66.1,61.9,62.2,71.4,64.05,64.13
73.88,63.86,63.2,68.0,63.9,73.1,64.86,67.26
62.75,60.19,72.5,62.0,64.2,60.4,71.86,64.84
73.25,67.95,66.9,57.4,61.6,55.3,57.52,62.85
56.0,63.86,55.3,68.8,56.3,65.9,65.0,61.59
66.25,63.76,60.0,59.0,83.5,69.1,57.48,65.58
67.75,61.95,66.0,80.4,63.7,60.7,62.1,66.09
67.75,61.24,67.9,69.3,68.2,72.2,67.95,67.79
53.88,69.48,64.1,61.8,53.9,66.5,62.81,61.78
53.38,55.62,51.4,46.5,72.2,57.7,62.9,57.1
61.62,62.24,71.5,64.6,68.7,55.4,62.62,63.81
63.0,73.67,73.0,54.3,61.7,50.3,65.24,63.03
64.75,57.48,64.8,54.3,67.3,68.6,62.14,62.77
65.0,73.76,62.7,67.5,64.3,64.6,66.29,66.31
65.0,63.67,57.5,68.2,56.7,54.4,62.71,61.17
61.88,64.48,74.3,70.5,52.4,59.8,62.52,63.7
56.25,56.9,70.9,63.7,53.9,54.9,56.24,58.97
75.12,68.43,62.6,63.2,47.5,70.4,52.81,62.87
60.25,65.1,67.3,62.4,58.9,69.2,61.67,63.54
73.25,65.67,63.9,61.1,63.3,57.7,66.95,64.55
74.12,70.14,73.1,56.7,61.8,61.2,65.0,66.01
64.62,66.48,66.7,70.1,56.5,53.2,63.48,63.01
59.5,63.52,70.7,64.9,64.8,60.3,55.62,62.76
66.5,62.29,71.7,64.0,58.7,59.1,60.24,63.22
77.0,57.81,57.8,65.4,59.8,59.2,63.57,62.94
68.62,71.43,71.2,60.8,61.0,57.9,71.67,66.09
52.12,70.24,80.3,71.7,64.2,67.2,63.95,67.1
61.62,53.57,59.2,64.2,66.0,64.0,63.38,61.71
74.38,58.48,67.4,66.6,64.1,64.3,65.38,65.8
54.25,71.81,70.7,75.1,71.8,49.9,61.71,65.04
60.62,61.52,61.2,60.6,64.9,58.4,64.33,61.65
65.38,65.05,74.5,62.6,65.2,74.7,60.14,66.8
73.25,59.95,63.8,62.5,54.0,58.3,62.33,62.02
50.88,60.71,66.7,62.3,66.0,73.3,67.29,63.88
60.75,62.9,59.4,66.8,54.7,61.1,62.81,61.21
61.75,63.48,74.8,61.7,61.1,61.4,63.57,63.97
55.88,67.71,62.7,63.8,68.2,58.5,55.48,61.75
65.5,62.52,66.7,67.4,57.5,60.7,56.95,62.47
68.25,56.76,59.9,56.7,63.6,66.3,62.9,62.06
66.25,66.43,60.9,52.8,56.8,69.8,65.33,62.62
61.62,60.38,71.0,66.0,67.1,61.6,68.24,65.13
57.62,63.1,58.5,64.0,48.2,60.7,70.81,60.42
72.5,63.43,62.9,58.3,63.0,63.6,58.1,63.12
69.62,60.43,69.4,70.8,63.9,73.1,73.76,68.72
60.12,67.0,55.6,58.4,63.0,59.2,62.19,60.79
71.88,69.71,65.5,57.3,69.3,55.4,63.67,64.68
60.5,66.1,76.4,68.5,69.0,63.2,63.95,66.81
49.5,60.67,66.7,73.5,58.0,61.4,59.76,61.36
77.75,66.24,67.5,68.7,59.7,63.2,60.57,66.24
65.75,63.81,68.8,66.1,57.9,52.7,61.29,62.34
55.75,69.57,64.2,61.7,70.7,71.5,72.38,66.54
55.88,61.9,55.6,68.5,55.8,67.9,65.57,61.59
64.12,65.14,59.2,53.6,61.3,69.2,62.24,62.12
58.38,70.57,68.3,57.8,68.2,57.3,65.24,63.68
66.75,55.67,50.9,53.0,59.6,58.8,71.29,59.43
76.0,62.19,65.2,62.1,60.3,59.9,64.29,64.28
70.75,68.29,59.3,67.3,57.0,66.2,64.9,64.82
48.0,61.48,70.7,65.6,69.0,79.0,59.57,64.76
55.0,65.86,58.5,58.9,66.3,64.1,63.52,61.74
65.12,62.57,68.7,70.1,61.8,67.2,64.14,65.66
55.38,60.62,64.6,63.5,66.9,59.9,62.43,61.9
83.0,63.05,68.6,53.4,76.1,56.6,60.14,65.84
74.62,61.24,56.0,67.6,61.3,62.0,50.19,61.85
57.62,65.76,78.5,70.6,67.8,77.7,72.1,70.01
55.5,59.76,62.7,65.3,67.4,77.1,69.62,65.34
68.12,59.29,63.1,53.5,67.5,61.1,65.76,62.62
56.88,59.76,63.2,65.1,64.6,71.8,57.9,62.75
71.5,58.1,63.1,64.0,63.8,67.5,63.9,64.56
61.25,63.62,63.6,59.4,70.4,70.8,66.0,65.01
64.75,58.9,67.9,73.6,58.1,58.4,53.76,62.2
67.88,58.57,68.7,75.0,67.0,65.8,64.33,66.75
71.25,55.19,67.6,65.2,65.3,66.1,69.95,65.8
79.25,67.33,62.9,70.4,58.0,64.8,60.86,66.22
59.62,63.52,65.5,65.5,56.8,57.4,67.1,62.21
57.5,68.71,59.1,60.0,65.4,56.2,70.05,62.42
58.75,62.71,57.0,64.6,68.4,64.1,67.81,63.34
65.38,67.81,70.3,77.8,59.1,56.7,57.71,64.97
54.88,64.95,58.6,61.4,63.8,73.7,63.05,62.91
61.38,56.52,59.3,64.9,67.3,65.1,64.33,62.69
56.12,60.52,65.8,72.0,61.9,62.5,60.33,62.74
79.88,60.71,61.7,56.9,61.9,69.5,66.67,65.32
63.25,61.81,66.3,56.0,53.9,64.9,57.24,60.49
57.25,69.0,75.8,70.1,71.3,76.5,69.71,69.95
61.5,65.67,63.4,74.0,55.2,64.1,72.38,65.18
63.62,63.05,63.7,59.0,70.7,67.1,51.95,62.73
76.0,60.95,76.6,67.8,68.0,74.9,65.29,69.93
69.88,75.38,63.5,66.3,61.5,61.9,63.76,66.03
59.0,59.86,59.9,66.5,61.0,63.0,66.62,62.27
49.38,61.24,62.7,58.5,61.2,63.7,64.95,60.24
76.0,61.52,58.4,62.8,69.5,54.8,72.1,65.02
48.38,69.81,52.1,60.9,63.0,62.2,66.33,60.39
69.75,66.29,61.9,58.0,64.7,57.4,61.95,62.86
63.38,59.81,51.3,65.7,68.6,70.8,64.38,63.42
68.62,70.48,66.7,75.3,68.1,68.4,68.86,69.49
61.25,58.95,60.2,68.6,62.5,54.8,62.24,61.22
53.88,66.62,57.8,65.8,62.2,64.6,64.76,62.24
60.75,55.05,60.6,62.4,56.9,76.0,64.33,62.29
70.25,69.05,67.2,71.4,74.1,70.2,66.57,69.82
67.0,70.29,55.2,58.6,75.1,70.7,67.76,66.38
55.75,68.38,76.6,61.5,67.0,59.3,68.57,65.3
75.62,53.33,58.1,71.7,63.8,57.9,60.86,63.05
60.88,62.52,68.0,56.0,64.2,56.8,63.29,61.67
50.25,58.05,57.8,64.0,66.0,68.3,61.62,60.86
72.75,58.67,56.8,67.9,60.5,59.4,61.29,62.47
62.0,66.81,63.7,62.2,64.2,71.3,64.19,64.91
63.0,65.67,71.4,71.1,76.7,66.3,58.71,67.55
69.62,67.76,71.7,72.9,70.8,70.9,64.67,69.76
58.88,61.71,68.5,66.2,62.6,60.6,66.0,63.5
61.88,63.05,61.0,58.2,72.3,63.2,60.86,62.93
74.75,69.19,66.1,74.9,63.7,58.6,64.05,67.33
60.0,67.52,71.1,69.7,55.0,65.9,65.62,64.98
58.88,72.67,59.6,65.8,67.6,67.2,62.86,64.94
76.38,59.76,74.3,66.5,67.8,73.9,70.52,69.88
72.25,63.19,49.0,66.0,59.9,77.5,74.62,66.07
67.62,62.0,62.7,65.5,62.5,70.7,71.52,66.08
63.62,67.05,70.5,47.3,64.9,69.8,64.0,63.88
72.5,72.71,59.8,55.6,67.2,65.2,72.33,66.48
59.12,62.24,56.3,81.5,54.3,57.7,67.71,62.7
64.0,65.9,67.7,62.7,74.9,62.7,60.86,65.54
71.62,63.43,67.7,58.9,65.2,73.3,64.19,66.33
49.62,70.86,71.7,64.1,73.1,55.5,64.0,64.13
55.12,62.76,58.3,76.0,48.5,63.6,64.71,61.29
64.88,63.14,67.9,72.7,65.9,72.5,63.0,67.15
57.75,70.0,73.7,64.6,57.9,60.4,64.38,64.1
67.75,62.52,60.9,57.6,56.9,63.6,57.9,61.03
61.5,58.71,53.6,76.5,62.1,66.3,60.05,62.68
55.75,66.33,58.3,65.3,66.2,71.7,62.86,63.78
67.88,64.24,71.3,52.5,65.1,63.1,70.62,64.96
65.12,61.9,66.3,54.5,67.1,65.2,60.67,62.97
67.75,62.43,65.1,66.9,73.2,61.5,62.43,65.62
69.25,67.38,71.1,68.8,51.7,70.6,56.1,64.99
57.25,64.48,54.7,62.5,56.3,64.2,67.71,61.02
60.25,63.1,71.3,63.9,72.8,65.8,68.33,66.5
78.62,63.9,70.3,68.0,57.9,54.3,67.24,65.75
68.25,70.0,65.0,63.7,64.8,55.4,66.57,64.82
51.75,63.48,55.2,71.8,66.2,71.0,74.33,64.82
48.88,55.29,58.8,68.1,59.9,56.0,71.67,59.8
54.88,66.1,71.9,65.5,49.8,62.5,60.62,61.61
63.38,68.1,65.0,67.7,52.0,64.8,69.9,64.41
81.38,54.95,62.9,70.0,65.9,53.9,63.71,64.68
66.75,61.62,76.0,65.4,60.2,65.3,63.43,65.53
72.75,61.67,66.8,68.0,52.2,70.3,68.05,65.68
61.5,62.71,65.9,64.6,60.9,54.6,60.57,61.54
67.12,64.67,69.2,57.1,64.7,68.4,64.48,65.1
75.0,58.52,55.2,62.9,67.6,67.1,62.24,64.08
57.12,60.67,69.7,66.7,68.3,76.3,58.43,65.32
60.5,62.48,47.5,66.1,63.8,57.0,65.29,60.38
66.38,66.81,66.9,71.0,54.0,71.3,63.57,65.71
73.38,71.76,70.7,75.7,66.3,62.3,70.0,70.02
57.62,62.24,58.8,66.8,71.7,66.6,62.81,63.8
58.38,55.33,68.2,75.9,60.3,61.4,75.05,64.94
69.0,63.9,60.3,59.6,77.4,66.8,68.33,66.48
62.75,61.38,66.3,71.2,64.5,64.6,64.14,64.98
61.25,62.57,67.5,66.4,63.8,65.2,66.24,64.71
54.38,56.57,63.5,50.3,61.9,77.6,62.33,60.94
52.75,68.19,52.9,64.4,65.0,67.6,61.76,61.8
56.5,71.76,54.0,67.3,59.1,65.3,61.86,62.26
65.62,79.19,70.2,71.7,66.9,73.9,63.67,70.17
58.12,67.33,69.5,67.8,69.2,65.8,67.9,66.52
61.88,65.52,72.2,75.7,62.4,70.1,67.19,67.86
55.75,59.81,61.4,58.0,66.1,70.0,62.33,61.91
71.5,65.14,63.5,65.5,62.1,71.6,69.1,66.92
66.38,60.24,65.1,58.6,73.6,65.8,63.81,64.79
69.0,70.24,56.3,59.2,71.7,65.5,61.95,64.84
69.12,52.14,61.8,67.6,70.0,63.9,70.38,64.99
58.12,65.33,65.1,73.4,62.0,65.8,62.71,64.64
60.88,62.19,61.3,61.2,65.1,69.1,57.76,62.5
57.62,69.86,61.2,64.1,71.7,73.6,60.81,65.56
69.25,61.19,64.3,72.1,59.7,54.2,55.48,62.32
58.12,75.86,65.9,63.4,66.1,68.2,68.9,66.64
66.75,71.19,63.2,72.0,60.4,72.2,71.38,68.16
66.62,65.95,68.5,66.6,72.8,62.4,61.76,66.38
56.5,71.14,59.1,57.8,76.6,68.4,63.76,64.76
74.5,64.1,61.3,60.1,75.1,63.3,66.62,66.43
59.12,69.76,57.4,73.8,60.1,57.9,63.9,63.14
66.38,61.14,62.0,57.4,53.2,63.5,65.95,61.37
59.0,65.24,68.3,66.5,60.4,58.3,65.1,63.26
59.38,70.71,62.4,69.8,55.4,67.2,72.71,65.37
62.5,58.52,52.0,74.9,56.3,66.7,64.19,62.16
51.62,56.71,67.0,56.9,66.3,58.6,68.86,60.86
53.75,69.52,60.1,56.9,71.6,61.4,66.67,62.85
62.38,63.43,64.5,71.6,69.2,66.6,60.95,65.52
60.62,59.43,67.7,61.8,66.8,55.7,65.33,62.48
67.5,68.81,69.8,72.1,64.2,64.0,59.38,66.54
61.12,64.76,69.7,65.9,57.5,70.3,68.95,65.46
56.88,61.38,61.5,72.0,74.8,51.9,66.86,63.62
60.0,57.14,65.0,62.6,80.2,59.0,61.76,63.67
73.75,66.33,61.0,68.7,60.8,61.2,70.05,65.98
64.88,62.1,68.7,68.2,58.5,69.4,64.33,65.16
63.25,69.1,64.5,66.4,64.5,62.1,72.62,66.07
60.12,65.29,62.7,62.1,60.6,67.6,61.81,62.89
52.75,66.95,68.7,65.3,49.0,61.8,64.9,61.34
60.5,65.14,43.3,66.2,65.3,61.3,60.19,60.28
57.75,67.19,54.8,74.7,54.1,64.7,63.19,62.35
69.75,63.05,61.8,62.4,64.6,72.6,75.38,67.08
74.5,57.86,66.8,74.0,71.9,53.8,65.62,66.35
64.5,61.48,52.7,68.9,57.8,56.6,69.0,61.57
67.38,71.52,69.1,59.0,50.4,74.4,63.29,65.01
64.0,68.0,61.7,58.8,60.4,65.0,61.0,62.7
68.62,67.86,67.8,74.1,63.5,67.5,64.95,67.76
74.88,67.52,55.0,61.4,66.5,66.9,58.38,64.37
73.38,57.57,62.1,66.6,61.6,51.8,65.24,62.61
63.12,65.52,59.9,72.2,64.5,77.3,58.24,65.83
54.38,62.95,58.3,70.4,67.6,66.9,67.62,64.02
62.5,72.14,68.2,69.0,66.4,68.4,61.1,66.82
64.62,64.29,69.9,66.5,70.5,59.9,62.52,65.46
77.62,61.57,61.6,68.6,58.0,64.9,74.19,66.64
73.62,60.86,63.6,64.4,73.5,62.3,58.29,65.22
66.38,63.86,69.8,50.8,60.1,72.2,60.38,63.36
50.62,64.14,65.9,54.0,59.4,64.8,69.76,61.23
70.0,65.14,66.5,51.1,77.0,56.7,62.95,64.2
79.0,68.33,56.1,56.7,66.9,63.9,66.81,65.39
71.75,62.52,66.3,53.6,49.3,62.4,62.48,61.19
58.25,63.33,62.4,58.5,67.7,68.7,69.48,64.05
62.38,59.57,65.1,72.1,67.5,63.7,67.71,65.44
76.12,58.71,66.1,68.6,58.2,67.1,68.86,66.24
51.75,56.71,65.5,61.6,66.2,68.4,63.24,61.91
51.62,64.29,47.3,68.9,49.5,49.8,64.33,56.53
67.38,62.71,72.6,70.8,60.2,67.0,63.0,66.24
58.12,67.38,64.0,61.7,54.7,58.2,66.33,61.49
73.62,67.95,52.1,68.1,50.4,56.2,66.24,62.09
62.0,71.14,59.7,60.6,51.0,69.3,64.62,62.62
69.75,60.24,70.7,62.3,58.6,59.9,60.95,63.21
58.62,66.38,61.9,59.5,60.1,61.2,69.33,62.43
60.88,62.29,63.2,66.4,80.0,61.5,60.24,64.93
57.5,60.05,67.9,61.9,65.7,67.7,69.43,64.31
68.5,56.81,71.6,64.8,67.3,58.7,64.24,64.56
63.0,62.24,68.2,47.1,52.5,66.4,66.57,60.86
59.5,65.43,55.2,55.2,59.6,64.9,55.0,59.26
54.38,57.05,60.5,69.3,60.3,59.8,74.52,62.26
52.25,59.14,64.0,60.9,68.2,74.5,63.24,63.18
68.0,62.86,51.8,65.0,52.1,70.1,59.76,61.37
69.38,61.0,53.4,66.6,65.0,59.3,61.19,62.27
63.62,68.67,67.8,57.1,57.8,64.9,62.76,63.24
58.5,70.71,68.7,74.5,57.4,75.3,62.1,66.74
63.75,59.57,63.1,63.2,63.2,57.4,69.95,62.88
69.62,67.48,60.0,59.9,69.0,63.2,63.1,64.61
63.38,61.48,63.5,64.5,61.7,70.7,57.71,63.28
53.62,64.38,74.0,67.9,67.8,70.1,60.48,65.47
74.88,63.29,73.6,70.9,74.0,59.3,66.67,68.95
64.25,68.52,62.2,69.0,77.3,69.1,62.86,67.6
54.5,66.14,70.4,68.4,69.6,66.6,66.95,66.09
55.75,63.67,69.8,55.2,61.1,52.1,60.38,59.71
64.12,59.05,57.8,59.9,66.0,61.5,65.19,61.94
61.38,60.95,52.7,62.2,67.7,65.8,64.14,62.12
72.25,66.86,71.4,59.5,82.0,73.2,65.71,70.13
70.62,61.19,61.5,65.5,63.2,63.7,61.29,63.86
65.38,59.9,68.3,62.5,69.4,63.2,65.95,64.95
60.88,69.86,69.7,66.0,55.1,71.1,66.81,65.63
66.38,71.71,69.6,72.9,61.6,54.4,61.76,65.48
69.0,67.24,63.8,61.9,62.0,67.0,62.05,64.71
57.0,70.0,74.6,67.2,63.1,70.8,66.05,66.96
66.75,60.29,63.0,58.8,62.3,69.8,62.86,63.4
65.0,64.71,62.7,56.1,75.6,78.4,63.29,66.54
63.38,63.52,62.7,58.8,57.1,61.4,59.71,60.94
72.62,64.43,64.5,71.7,52.9,70.4,68.57,66.45
66.12,58.81,68.4,61.8,68.2,72.9,60.33,65.22
68.5,66.0,66.7,58.5,67.3,72.4,62.29,65.96
58.62,61.38,68.0,61.3,65.1,62.7,60.9,62.57
55.38,61.67,68.2,64.5,55.8,73.0,60.0,62.65
75.25,62.57,63.4,55.0,59.5,66.0,65.24,63.85
46.5,53.9,69.6,79.9,68.6,60.7,64.76,63.42
70.62,65.48,52.9,60.9,64.9,70.2,61.29,63.76
68.75,61.29,78.3,65.5,60.5,73.2,74.19,68.82
59.12,63.1,55.3,58.1,67.2,84.0,61.67,64.07
65.0,64.05,75.6,57.7,66.1,57.7,62.86,64.14
60.5,60.0,61.1,74.2,59.0,63.6,65.19,63.37
56.5,57.95,65.7,58.6,75.3,65.7,65.95,63.67
64.0,59.43,60.6,65.3,67.7,62.2,69.33,64.08
67.88,61.81,68.4,58.1,66.4,66.7,64.71,64.86
63.88,55.95,73.3,67.3,74.4,63.2,66.19,66.32
72.88,61.1,69.6,57.8,64.5,65.5,70.14,65.93
63.25,66.9,63.7,67.3,70.2,63.2,64.1,65.52
59.75,59.62,61.6,51.5,49.5,60.1,63.19,57.89
56.25,60.14,61.2,69.0,54.4,64.6,69.0,62.08
67.5,65.24,57.5,58.4,65.6,69.3,56.19,62.82
67.75,56.29,58.0,59.0,55.5,58.5,60.86,59.41
73.5,68.14,64.1,65.8,59.4,73.1,66.76,67.26
60.12,64.67,62.3,52.5,56.3,63.4,68.81,61.16
61.0,61.29,66.2,59.8,58.7,62.4,60.57,61.42
65.0,67.0,58.8,74.7,60.7,64.7,73.1,66.29
51.38,64.76,65.1,64.8,61.4,64.2,63.43,62.15
71.5,63.95,64.3,68.9,48.0,61.7,59.29,62.52
73.38,61.0,72.3,55.4,63.4,57.3,60.52,63.33
60.38,62.71,66.0,78.5,61.4,68.3,61.86,65.59
54.25,57.0,59.9,70.9,66.9,72.2,60.48,63.09
66.75,68.62,56.2,60.6,67.4,65.2,64.0,64.11
69.62,58.48,60.5,71.2,63.2,75.4,68.62,66.72
71.12,65.24,72.4,65.5,63.8,79.6,61.19,68.41
67.62,62.05,57.5,57.2,57.1,64.9,66.9,61.9
67.12,65.0,57.4,58.7,65.8,65.1,60.05,62.74
61.75,63.67,59.2,65.1,61.2,69.8,66.95,63.95
72.12,65.0,63.9,67.5,64.7,56.0,63.9,64.73
68.0,61.57,65.4,56.4,63.9,60.3,70.19,63.68
77.0,65.1,65.0,59.0,66.7,67.8,54.43,65.0
70.12,55.43,72.3,54.8,65.2,55.9,63.1,62.41
62.25,75.57,57.5,55.6,67.6,53.8,64.9,62.46
62.88,66.0,62.0,62.1,63.4,70.1,65.48,64.56
63.38,69.52,55.8,60.5,57.5,68.9,63.24,62.69
58.0,62.24,62.0,74.1,65.5,62.5,61.43,63.68
68.75,60.86,58.9,63.3,61.0,70.8,60.9,63.5
60.38,62.24,76.8,52.5,56.9,68.0,71.14,63.99
80.62,64.62,74.6,60.6,58.5,59.6,59.67,65.46
64.88,59.52,52.5,54.7,69.4,55.8,63.19,60.0
68.88,61.29,62.5,60.5,60.8,58.3,62.62,62.13
69.38,63.29,65.5,53.6,57.4,64.4,63.86,62.49
61.0,62.9,61.3,75.7,61.8,65.7,69.81,65.46
77.88,66.76,61.9,63.3,59.5,67.9,58.29,65.07
67.25,71.48,73.2,63.2,66.3,63.5,61.76,66.67
48.38,70.62,56.7,71.6,56.7,59.7,60.19,60.55
69.25,62.38,65.0,55.7,65.7,62.1,73.24,64.77
54.62,70.81,70.6,63.2,65.3,66.7,64.24,65.07
71.88,70.52,60.7,67.9,61.1,63.5,68.67,66.32
69.5,66.71,54.8,57.9,71.5,60.9,63.48,63.54
55.25,55.81,69.3,70.5,68.7,67.7,67.14,64.91
50.75,66.81,52.1,62.2,57.2,55.0,73.05,59.59
67.12,63.0,55.6,79.1,70.1,67.5,68.1,67.22
76.25,67.71,70.0,66.0,66.4,63.8,53.57,66.25
59.62,75.38,65.1,69.6,55.7,64.2,61.05,64.38
64.38,60.76,72.3,62.1,54.5,63.2,61.62,62.69
60.0,68.0,57.9,60.9,49.0,75.6,62.14,61.93
63.0,63.67,66.8,53.5,65.8,66.3,68.14,63.89
61.38,72.14,74.7,68.0,66.6,55.3,70.33,66.92
70.38,65.14,68.0,60.2,56.5,67.6,67.48,65.04
58.75,62.67,55.6,58.2,52.1,65.3,61.38,59.14
68.0,69.33,65.8,65.0,58.1,63.8,51.14,63.03
70.25,68.48,76.8,74.1,61.7,60.8,61.19,67.62
63.88,62.48,66.5,64.6,68.1,56.4,67.52,64.21
70.5,66.86,73.4,59.2,72.2,73.8,72.71,69.81
64.62,66.76,64.7,67.4,61.1,68.3,59.57,64.64
62.38,68.05,69.4,62.5,67.9,59.0,63.05,64.61
56.0,56.29,58.9,63.2,68.8,64.8,65.48,61.92
79.75,54.48,73.7,64.2,61.3,57.8,64.67,65.13
68.12,64.86,78.7,58.9,59.6,55.3,60.19,63.67
55.5,65.43,74.5,74.6,60.2,61.0,68.76,65.71
63.5,69.38,60.2,70.1,51.4,68.3,62.29,63.6
69.62,62.43,57.5,63.7,52.7,70.0,54.76,61.53
60.62,67.38,51.1,57.8,64.0,54.8,65.62,60.19
65.25,65.14,56.3,59.3,65.2,62.3,58.95,61.78
59.75,67.52,56.5,55.3,64.8,63.0,64.86,61.68
70.0,61.81,69.9,77.4,69.8,66.3,61.43,68.09
65.12,72.05,59.6,78.2,74.9,63.9,70.43,69.17
65.0,72.29,72.0,69.0,69.8,66.2,68.43,68.96
55.0,63.29,67.2,71.6,49.5,52.1,68.86,61.08
63.0,69.62,58.5,53.4,54.5,65.0,67.86,61.7
61.38,58.86,67.5,69.9,66.7,70.4,68.43,66.17
58.75,64.52,66.4,68.1,69.5,67.3,66.81,65.91
49.5,63.67,59.4,68.5,76.1,77.7,63.05,65.42
57.88,62.95,72.2,59.4,54.4,60.9,61.38,61.3
68.12,66.1,64.4,66.1,60.6,57.3,57.52,62.88
64.5,65.81,73.0,58.2,61.8,63.6,65.67,64.65
65.0,64.43,56.3,64.4,62.0,67.3,56.0,62.2
72.75,63.95,69.8,59.9,67.9,66.4,54.81,65.07
60.0,65.29,53.1,66.9,57.6,66.2,71.33,62.92
62.75,59.86,65.0,70.0,59.9,56.7,63.62,62.55
65.62,69.67,62.7,54.9,60.3,57.3,63.14,61.95
66.38,59.24,67.2,64.1,60.2,59.2,65.86,63.17
70.25,64.48,70.0,68.4,76.0,59.7,63.24,67.44
62.62,66.1,67.1,66.9,60.8,55.9,63.05,63.21
61.25,65.86,56.9,65.4,59.3,69.0,61.57,62.75
58.25,63.05,59.5,68.9,56.9,62.6,68.43,62.52
51.62,63.57,70.5,55.6,64.2,71.7,63.33,62.93
76.12,61.57,63.6,66.1,62.7,72.3,59.52,65.99
63.38,64.0,65.9,68.1,60.0,66.9,60.48,64.11
64.62,64.76,61.7,55.5,59.6,67.0,64.67,62.55
74.38,71.0,58.0,71.2,66.6,76.9,65.71,69.11
71.0,71.9,55.5,67.3,58.7,61.7,59.33,63.63
67.38,65.48,67.6,62.0,79.4,63.9,69.81,67.94
53.38,59.33,67.4,67.5,63.9,74.2,70.95,65.24
60.75,65.67,60.4,70.3,60.8,71.0,63.67,64.65
55.25,62.67,65.2,56.1,60.3,55.4,60.9,59.4
74.0,54.43,49.5,74.0,70.7,61.0,64.24,63.98
66.25,66.33,63.8,70.4,67.4,78.7,58.48,67.34
56.62,64.67,56.9,58.2,68.5,69.1,61.1,62.16
69.38,61.52,54.3,66.0,65.5,70.4,67.86,64.99
67.25,64.9,67.4,58.5,63.1,70.7,67.24,65.58
70.25,60.19,76.2,64.2,70.2,62.0,67.52,67.22
60.25,61.62,64.1,60.4,67.8,68.6,69.43,64.6
68.12,68.19,62.8,63.0,63.3,68.8,72.62,66.69
64.5,62.38,69.4,59.1,59.1,69.2,59.76,63.35
50.38,61.29,65.1,60.2,62.0,63.8,64.71,61.07
67.88,57.9,58.5,51.6,58.6,62.3,59.62,59.49
52.38,59.1,61.0,68.3,67.7,53.1,66.24,61.12
75.62,65.14,64.7,64.6,57.4,72.5,64.43,66.34
60.25,67.76,62.1,58.7,63.8,64.6,63.0,62.89
49.38,67.57,62.6,52.1,60.1,66.3,62.86,60.13
67.88,59.81,56.9,62.7,64.4,57.7,61.62,61.57
64.88,71.86,75.1,60.6,54.9,55.6,64.9,63.98
65.0,61.95,75.4,70.1,62.7,53.3,70.48,65.56
65.88,73.76,62.5,50.5,64.2,59.8,69.71,63.76
75.75,58.76,69.1,69.8,64.4,64.5,62.05,66.34
74.75,59.29,57.9,60.3,66.1,63.2,65.29,63.83
76.88,67.05,64.9,66.7,70.0,60.1,69.33,67.85
65.62,57.76,74.0,67.7,71.0,65.7,62.9,66.38
65.75,61.9,64.2,64.3,54.8,61.3,64.48,62.39
55.75,60.48,59.6,75.4,66.1,66.0,67.71,64.43
82.88,62.48,61.6,63.9,70.1,60.6,71.9,67.64
51.88,64.19,62.1,72.5,64.2,61.0,67.95,63.4
71.5,64.24,56.8,49.8,63.6,60.6,57.19,60.53
59.12,66.95,60.2,63.0,59.3,59.2,66.19,62.0
65.5,63.33,69.3,69.1,45.1,63.8,68.29,63.49
69.5,68.19,66.2,69.8,63.7,55.6,63.33,65.19
67.12,64.71,58.2,65.6,69.9,57.7,68.05,64.47
61.62,67.67,65.1,65.4,62.9,61.2,62.67,63.79
68.25,65.86,65.2,66.2,65.9,78.0,61.33,67.25
58.88,62.67,56.9,65.4,59.3,60.3,65.48,61.27
69.12,69.9,59.2,71.0,73.0,71.9,70.67,69.26
57.75,65.57,61.0,74.7,62.3,81.7,73.0,68.0
67.75,61.67,60.1,72.2,69.9,72.5,65.38,67.07
69.12,77.76,59.5,82.4,64.6,61.0,68.14,68.93
60.75,65.57,71.3,60.1,63.4,62.5,63.57,63.88
66.5,66.43,68.9,67.2,64.4,53.7,60.76,63.98
51.88,63.0,62.8,62.9,62.6,63.7,72.43,62.76
72.0,65.71,60.5,69.2,71.9,52.5,61.95,64.82
52.0,61.57,77.5,62.7,50.9,56.6,65.14,60.92
64.75,64.52,65.7,71.0,69.2,69.9,59.9,66.43
60.88,72.52,58.0,64.9,53.4,60.9,66.52,62.45
78.62,58.71,52.6,67.7,64.4,44.4,63.19,61.38
74.0,63.62,70.1,62.9,59.6,60.1,68.19,65.5
65.88,63.24,55.9,66.8,69.1,50.9,60.48,61.76
63.88,62.29,69.8,66.3,62.1,73.1,67.67,66.45
63.0,62.38,64.9,70.9,58.6,62.5,63.14,63.63
72.12,58.76,59.7,68.3,66.2,71.4,72.1,66.94
54.5,63.48,65.2,54.1,58.2,55.7,60.52,58.81
64.5,67.19,66.2,61.6,66.6,54.5,70.05,64.38
56.25,56.57,58.2,60.5,60.2,57.5,58.81,58.29
67.12,66.38,56.1,60.4,65.6,71.8,70.38,65.4
54.38,64.29,68.5,61.3,58.0,52.8,63.29,60.36
59.88,57.29,59.1,64.9,66.5,63.4,58.76,61.4
65.5,67.0,58.9,68.5,65.4,54.2,61.81,63.04
65.5,69.76,68.7,59.2,64.8,62.5,65.1,65.08
65.5,63.05,61.6,68.1,65.5,64.8,69.05,65.37
64.38,56.95,61.1,69.3,69.0,72.8,59.76,64.76
75.88,59.33,63.6,67.3,60.1,66.5,62.05,64.97
51.62,63.29,68.5,46.5,49.2,56.5,61.0,56.66
51.88,63.57,74.7,71.1,60.1,65.4,57.62,63.48
56.5,69.43,61.2,73.0,69.9,50.3,69.67,64.29
66.5,58.71,69.4,61.1,73.3,75.0,67.19,67.31
55.0,67.48,67.0,66.1,72.9,71.1,59.38,65.57
68.12,63.33,67.9,59.6,65.6,61.3,57.9,63.39
54.38,63.38,70.6,61.7,64.7,61.0,64.86,62.94
78.62,64.43,61.9,57.8,48.5,77.2,62.86,64.47
67.12,62.62,54.8,62.2,66.5,66.9,69.76,64.27
63.75,58.95,64.6,68.1,64.4,61.8,66.67,64.04
79.12,62.52,75.0,62.5,63.7,63.6,58.62,66.44
54.62,65.38,70.8,64.9,68.2,70.1,55.81,64.26
81.25,75.95,65.0,62.5,75.1,60.8,65.43,69.43
59.5,70.52,55.5,61.9,81.1,66.8,59.62,64.99
71.12,63.19,69.2,70.7,63.1,55.6,62.05,64.99
59.5,61.38,65.1,60.5,61.3,66.8,68.52,63.3
58.12,67.33,74.0,66.9,56.4,65.1,66.81,64.95
64.75,66.9,72.3,57.8,69.8,58.8,62.05,64.63
62.38,64.81,60.4,68.4,65.8,66.2,67.43,65.06
75.62,57.43,63.7,69.1,54.4,67.0,60.43,63.95
67.88,60.86,73.8,64.8,68.7,64.4,61.19,65.95
63.25,57.1,58.1,57.3,60.7,53.3,62.52,58.9
57.5,59.43,66.5,59.1,67.5,67.0,57.86,62.13
65.38,67.52,67.8,54.4,68.5,63.4,62.76,64.25
53.5,60.29,70.1,63.6,76.8,68.6,62.43,65.04
67.12,68.38,68.7,54.5,69.6,67.0,62.33,65.38
47.38,60.48,61.4,69.6,68.3,70.2,63.9,63.04
68.75,61.57,61.7,55.5,61.2,72.7,65.9,63.9
59.75,63.43,58.4,58.3,59.1,57.6,73.71,61.47
68.75,67.95,66.6,64.4,60.4,74.0,64.24,66.62
61.0,66.81,66.1,71.2,59.0,63.2,71.86,65.6
62.0,62.86,67.3,62.4,71.8,58.3,64.86,64.22
68.75,63.19,71.3,70.3,57.9,55.9,60.33,63.95
79.5,64.24,62.3,59.1,66.0,57.6,62.67,64.49
72.12,74.86,60.9,60.2,67.1,56.6,65.48,65.32
69.62,58.33,61.1,64.5,68.4,63.0,60.76,63.67
61.12,68.43,65.4,65.8,73.8,62.5,56.19,64.75
66.0,64.14,61.9,61.0,74.7,71.6,57.05,65.2
58.88,66.29,67.9,68.1,62.3,65.6,57.57,63.8
61.75,64.05,70.4,63.1,65.8,64.4,61.62,64.45
70.38,60.14,70.5,54.8,59.8,68.4,63.48,63.93
73.62,58.1,63.4,57.1,60.6,60.3,70.29,63.34
68.5,72.1,58.4,63.6,65.4,64.6,66.48,65.58
67.75,76.86,67.7,62.4,55.1,59.3,60.81,64.27
57.62,63.33,62.7,71.0,52.7,76.0,67.14,64.36
66.0,62.14,71.5,70.4,70.9,73.8,58.14,67.56
69.62,66.24,70.5,59.4,67.0,62.1,61.29,65.16
51.0,75.24,68.9,59.5,69.4,75.7,64.38,66.3
63.62,60.95,69.2,53.6,70.8,65.1,62.76,63.72
77.25,65.38,59.7,64.1,60.2,63.0,61.9,64.51
73.12,66.0,69.7,61.8,66.7,68.8,65.81,67.42
72.38,59.0,63.5,67.8,66.1,60.3,57.43,63.79
68.0,71.38,65.0,63.0,59.2,65.2,73.86,66.52
72.38,64.19,54.1,54.1,54.2,70.2,59.95,61.3
49.5,63.29,68.2,60.9,62.9,73.6,66.67,63.58
57.88,63.95,57.8,65.5,67.9,57.8,64.29,62.16
63.5,68.19,64.7,56.5,60.1,63.8,69.43,63.75
50.0,59.95,74.2,73.1,59.5,70.2,64.29,64.46
72.0,73.29,69.1,70.0,59.6,70.8,53.24,66.86
66.62,56.57,66.9,64.8,70.5,69.3,66.76,65.92
56.62,69.81,53.4,69.7,68.1,49.7,65.95,61.9
60.75,66.52,65.4,60.8,63.9,63.0,68.33,64.1
59.0,58.1,71.1,65.8,68.4,70.5,58.67,64.51
65.25,60.43,57.4,73.7,58.6,62.4,67.0,63.54
73.62,68.52,58.6,43.9,51.0,61.1,70.57,61.05
70.0,67.0,80.8,60.9,65.1,72.0,60.14,67.99
60.0,59.05,53.4,64.7,66.0,62.4,72.19,62.53
52.75,66.9,64.5,60.8,63.3,66.7,66.71,63.1
69.12,65.86,63.2,63.0,53.8,70.2,65.57,64.39
82.88,59.81,67.3,72.2,63.1,65.5,63.33,67.73
60.5,66.71,72.6,53.5,73.5,67.3,62.52,65.23
65.25,58.29,70.0,59.1,64.0,59.8,62.24,62.67
78.25,58.43,71.4,68.1,66.1,58.4,66.76,66.78
64.62,71.52,56.3,47.8,66.0,66.6,60.52,61.91
56.25,65.71,63.6,71.4,47.5,59.9,56.76,60.16
65.25,58.43,62.2,54.6,67.8,61.0,68.33,62.52
71.12,67.52,53.9,61.9,58.6,61.6,62.14,62.4
73.75,62.86,68.2,47.7,64.3,65.1,58.86,62.97
71.75,61.24,57.2,67.8,67.8,64.5,62.1,64.63
55.5,64.76,71.9,68.0,60.6,76.1,61.76,65.52
70.25,67.0,70.4,60.9,56.6,65.3,61.71,64.59
59.75,63.81,73.0,71.5,65.1,68.1,65.57,66.69
74.75,62.14,55.4,70.8,67.3,66.9,66.29,66.23
67.88,54.76,61.8,64.5,53.6,61.8,60.76,60.73
70.88,64.62,59.0,61.6,66.7,67.1,63.67,64.79
70.62,71.33,60.8,51.1,61.0,65.1,70.57,64.36
62.38,58.43,68.5,59.1,66.5,66.9,64.57,63.77
54.88,54.52,62.3,61.6,59.3,61.9,60.67,59.31
71.38,60.48,68.4,69.3,59.4,63.8,61.76,64.93
52.38,66.1,74.8,66.8,66.0,64.8,64.62,65.07
65.5,64.33,60.8,74.5,71.3,46.8,62.57,63.69
63.88,70.52,53.4,67.7,57.6,72.0,64.1,64.17
56.88,62.48,53.4,64.2,66.4,57.4,66.9,61.09
54.12,59.62,62.5,69.9,71.2,54.2,66.62,62.59
64.25,73.24,67.1,82.5,82.4,62.3,68.19,71.43
61.75,63.9,55.2,61.4,71.6,60.4,63.81,62.58
71.12,75.81,65.4,62.2,64.5,66.9,58.29,66.32
64.88,60.67,63.7,56.9,77.4,59.8,70.86,64.89
57.12,55.71,63.6,55.2,71.1,64.0,59.38,60.87
60.62,62.95,60.9,66.0,78.3,66.3,65.1,65.74
72.38,68.86,57.9,62.1,66.2,71.1,66.86,66.48
62.88,57.05,59.0,64.7,52.9,76.1,65.29,62.56
70.62,62.9,71.6,63.5,58.8,56.5,63.9,63.98
61.5,67.38,58.1,63.8,70.8,65.0,64.48,64.44
53.75,63.38,59.3,59.8,54.3,48.5,68.95,58.28
68.88,65.14,68.4,52.6,55.7,64.2,62.71,62.52
57.88,63.81,72.6,59.3,66.8,55.1,62.52,62.57
51.5,70.52,66.1,68.6,69.1,62.0,63.19,64.43
67.75,68.71,60.3,63.9,60.6,52.4,59.14,61.83
50.38,61.86,56.6,68.2,71.1,65.9,62.95,62.43
54.25,61.81,61.5,59.5,64.5,62.5,66.38,61.49
69.38,59.14,65.4,69.2,66.9,66.9,67.71,66.38
51.62,69.0,68.9,62.7,62.0,62.1,68.19,63.5
60.5,71.1,63.5,61.6,61.5,70.8,63.19,64.6
64.62,63.29,68.5,63.9,67.1,87.4,67.48,68.9
53.25,61.9,61.6,68.9,66.9,62.6,66.86,63.14
56.75,59.38,77.4,62.1,66.5,64.4,54.52,63.01
65.62,68.43,74.3,60.9,63.8,58.6,69.62,65.9
58.38,68.67,71.4,69.3,61.4,66.6,60.76,65.21
62.12,65.81,70.9,57.5,61.5,62.8,67.52,64.02
54.75,70.1,61.3,58.3,70.7,77.2,62.29,64.95
58.88,68.05,57.0,68.0,66.6,46.5,72.05,62.44
60.12,70.62,68.7,67.8,63.0,61.7,61.38,64.76
61.88,62.71,57.1,62.6,70.4,45.2,62.29,60.31
61.25,66.33,72.8,59.1,65.5,68.6,64.57,65.45
55.25,61.29,59.2,69.2,59.3,63.2,65.86,61.9
59.12,65.19,62.7,71.1,61.3,67.6,65.29,64.61
67.38,69.62,51.8,66.6,67.8,59.2,57.24,62.8
69.75,68.86,61.9,63.8,65.5,64.7,65.67,65.74
73.75,59.67,59.9,64.9,72.5,63.5,60.52,64.96
62.38,56.14,64.1,69.5,74.7,71.5,65.29,66.23
67.5,61.14,63.9,65.9,69.5,63.2,66.71,65.41
53.88,62.52,65.7,50.0,54.6,68.7,62.62,59.72
57.75,61.62,79.9,70.4,68.2,47.6,62.19,63.95
67.12,61.86,68.1,71.2,63.2,75.1,65.57,67.45
57.75,59.81,68.3,73.1,56.6,55.1,66.76,62.49
66.75,68.52,64.7,57.4,70.4,55.7,67.38,64.41
61.5,66.62,52.2,63.2,68.6,54.4,60.14,60.95
70.62,59.9,74.6,57.0,68.9,69.0,66.38,66.63
64.12,62.57,62.6,62.5,55.4,67.4,61.67,62.32
81.25,67.38,60.7,71.4,65.1,67.5,64.9,68.32
58.5,70.43,67.2,67.6,57.8,66.3,70.76,65.51
67.12,58.9,60.1,57.3,72.9,53.6,63.62,61.94
63.5,52.95,62.9,57.9,55.2,63.5,70.48,60.92
66.62,64.57,69.1,59.3,66.0,53.6,62.48,63.1
65.38,62.14,69.2,67.5,60.3,61.9,60.33,63.82
66.75,70.57,62.6,64.0,74.5,77.4,68.9,69.25
63.62,70.0,62.3,66.0,60.8,60.4,63.48,63.8
76.12,55.62,59.6,58.0,60.2,67.2,62.05,62.68
60.38,58.24,63.6,59.5,62.8,66.1,65.48,62.3
63.0,63.29,75.1,59.1,80.0,68.6,61.95,67.29
64.0,68.76,62.6,59.0,60.4,61.4,71.52,63.96
74.88,54.95,64.7,54.2,57.5,57.5,68.9,61.8
71.25,58.0,72.0,65.1,55.8,67.6,66.0,65.11
61.5,54.24,61.6,57.1,54.4,55.9,61.52,58.04
71.5,60.9,48.7,61.2,60.2,69.5,62.67,62.1
69.75,61.86,64.5,59.2,65.0,57.8,60.0,62.59
75.88,59.62,59.7,62.1,71.5,67.9,65.86,66.08
57.88,65.48,60.8,59.4,55.6,71.6,63.81,62.08
66.38,62.19,65.0,74.5,71.6,62.5,68.67,67.26
75.25,57.43,72.5,67.4,76.8,60.2,63.86,67.63
67.25,56.67,69.1,66.2,60.4,66.9,58.1,63.52
57.12,63.38,62.4,58.6,68.1,52.6,64.24,60.92
59.25,59.19,63.5,64.0,58.9,63.7,70.05,62.66
62.25,59.81,63.9,58.5,62.5,65.4,54.29,60.95
76.38,64.76,64.4,74.0,78.4,68.3,61.0,69.61
58.38,61.05,75.1,75.2,54.6,63.9,62.29,64.36
53.38,62.38,59.9,54.4,62.4,66.6,60.1,59.88
76.0,68.1,63.7,60.8,63.4,66.8,59.38,65.45
57.38,57.81,68.9,64.8,71.1,72.6,67.0,65.65
52.62,67.48,63.4,67.3,51.3,65.9,58.19,60.88
72.75,61.52,61.4,47.1,60.3,53.3,62.14,59.79
78.25,60.05,75.5,75.2,73.6,66.5,61.0,70.01
63.75,58.67,73.0,64.2,61.3,68.2,66.0,65.02
55.62,65.19,56.6,70.1,62.9,62.0,62.38,62.11
76.0,65.38,67.2,61.1,70.8,62.7,65.38,66.94
91.0,75.48,62.1,68.6,55.6,67.8,66.71,69.61
66.62,64.67,60.7,63.8,71.5,59.1,65.1,64.5
67.75,67.24,69.4,58.7,60.5,66.6,69.48,65.67
70.75,70.52,61.1,59.3,60.5,61.7,68.57,64.64
62.25,59.9,68.2,62.6,55.3,60.3,65.71,62.04
62.62,70.24,65.1,63.7,56.0,54.2,63.0,62.12
63.38,62.29,54.2,66.1,67.0,59.2,62.95,62.16
61.62,56.14,57.3,64.6,80.5,61.0,54.76,62.28
58.62,63.29,65.5,60.1,72.6,58.7,61.29,62.87
59.75,54.33,66.4,69.7,64.2,64.4,68.81,63.94
64.12,71.48,62.4,61.0,64.9,49.8,67.43,63.02
69.75,59.29,51.6,64.9,61.9,64.5,52.57,60.64
54.62,69.86,63.0,73.1,73.6,67.6,57.95,65.68
69.0,68.14,66.7,67.2,56.0,62.9,64.1,64.86
57.0,72.43,59.7,64.7,71.0,64.9,64.62,64.91
61.62,66.33,79.2,60.3,69.5,66.9,63.76,66.8
55.12,65.19,52.3,59.6,68.5,60.6,59.24,60.08
60.62,61.62,57.8,64.8,64.3,56.4,64.14,61.38
72.38,61.33,72.1,59.7,68.7,62.7,68.19,66.44
54.38,68.14,62.9,61.9,66.5,57.4,64.9,62.3
61.75,67.9,61.6,64.0,47.8,73.3,63.67,62.86
64.38,66.9,51.1,61.6,65.1,62.7,60.14,61.7
69.38,59.33,68.7,66.0,59.0,50.4,71.38,63.46
71.62,60.1,58.0,68.7,64.4,64.7,61.48,64.14
65.62,67.95,64.6,67.5,61.5,71.3,61.05,65.65
50.25,57.33,66.6,59.3,48.3,75.9,60.9,59.8
73.12,68.19,63.3,57.3,58.5,55.0,64.9,62.9
70.5,63.24,52.7,57.3,56.6,73.9,53.38,61.09
66.62,67.0,58.3,69.8,59.7,57.8,59.43,62.66
71.38,69.19,69.0,72.3,62.1,61.0,68.76,67.68
56.25,61.1,50.7,69.8,65.4,63.8,67.19,62.03
63.5,62.52,60.9,67.9,56.4,59.8,63.24,62.04
54.12,62.33,75.4,59.1,70.6,56.7,60.1,62.62
63.25,65.57,57.5,46.8,70.6,64.3,61.9,61.42
63.38,70.81,62.5,73.4,58.0,69.1,59.81,65.28
60.88,56.76,68.5,71.4,73.5,68.2,66.71,66.56
67.88,57.76,71.1,66.5,71.4,70.1,61.05,66.54
61.5,63.29,66.1,64.3,64.4,56.8,59.67,62.29
69.88,69.48,53.9,71.7,61.5,60.8,57.14,63.48
63.25,64.05,77.9,56.9,52.7,63.1,63.05,62.99
70.5,66.24,57.9,67.6,50.5,65.1,67.38,63.6
61.25,62.19,62.4,63.4,47.4,54.8,61.38,58.97
62.38,70.19,64.8,63.5,67.9,65.0,62.57,65.19
59.12,65.24,58.8,75.4,59.4,59.4,60.48,62.55
70.88,66.67,73.9,63.2,66.8,56.7,61.81,65.71
47.25,60.76,72.8,61.5,62.7,65.8,59.24,61.44
62.88,58.62,57.1,64.9,70.1,75.5,72.86,65.99
56.12,65.0,69.8,61.3,49.5,51.9,58.24,58.84
60.12,66.24,71.9,67.4,56.7,68.8,63.76,64.99
61.0,67.76,70.8,63.0,70.7,54.8,64.52,64.66
65.62,73.48,59.6,70.8,69.8,67.5,63.9,67.24
65.25,67.38,62.8,67.5,67.0,68.0,66.71,66.38
59.88,71.33,56.9,73.7,65.7,66.2,64.86,65.51
64.5,62.48,68.0,68.1,72.3,61.4,65.57,66.05
56.38,69.0,57.1,63.1,71.6,67.2,60.05,63.49
65.88,61.62,67.6,57.4,65.5,53.6,67.71,62.76
53.75,68.43,68.3,67.9,63.0,59.3,58.57,62.75
59.62,63.81,58.8,59.6,84.7,59.6,72.0,65.45
74.5,65.76,61.3,65.9,60.7,67.9,63.52,65.66
51.88,61.33,48.3,71.9,70.1,69.8,57.67,61.57
65.5,58.19,72.4,58.7,64.1,70.7,65.52,65.02
61.38,67.48,52.9,47.8,67.0,60.3,59.24,59.44
61.25,62.9,54.8,66.0,57.3,53.1,61.24,59.51
60.0,62.24,64.7,59.3,63.6,60.4,61.9,61.73
67.5,61.86,61.2,55.2,58.3,65.9,61.1,61.58
61.75,68.81,75.1,69.7,61.1,60.5,65.76,66.1
74.0,57.76,72.2,70.1,65.4,67.2,61.81,66.92
71.75,67.76,72.5,60.6,67.2,59.7,73.1,67.52
69.75,63.24,78.2,69.9,67.8,59.8,64.14,67.55
67.0,60.19,66.6,72.4,68.3,60.2,59.43,64.87
54.88,61.19,62.5,65.7,56.8,69.9,59.0,61.42
61.38,57.1,75.2,57.7,64.9,73.4,63.48,64.74
73.38,63.52,59.9,77.2,61.0,63.5,63.57,66.01
75.75,65.29,66.2,61.8,77.8,62.9,72.52,68.89
70.5,63.81,69.3,59.3,56.8,48.4,54.14,60.32
55.5,58.76,70.4,66.9,59.8,70.2,61.38,63.28
77.62,70.29,59.8,71.0,60.5,53.6,67.95,65.82
65.5,63.29,66.6,63.2,62.9,71.0,69.0,65.93
66.5,59.0,60.4,59.2,65.8,59.3,59.67,61.41
74.88,64.33,66.5,73.8,62.0,63.8,61.9,66.74
75.25,69.62,46.9,71.0,59.3,73.8,61.71,65.37
74.25,70.95,56.0,60.4,47.3,67.8,66.76,63.35
56.75,71.43,66.5,67.3,77.8,55.0,67.33,66.02
68.0,68.38,68.5,68.2,63.9,67.0,59.33,66.19
60.75,62.76,55.3,56.8,75.7,60.0,65.05,62.34
56.38,63.14,77.6,67.9,65.8,63.2,51.62,63.66
68.5,57.1,68.1,54.5,67.4,54.7,63.14,61.92
51.62,64.05,72.7,73.7,62.0,63.0,64.29,64.48
75.25,67.38,64.9,58.9,58.6,76.9,62.1,66.29
64.38,62.29,66.7,58.5,59.5,54.7,62.52,61.23
70.38,62.76,59.5,56.9,60.0,66.1,67.67,63.33
61.25,67.24,76.0,54.3,66.6,65.6,63.57,64.94
57.62,60.24,66.9,63.7,62.1,61.3,64.62,62.35
63.0,68.0,67.3,50.5,58.2,70.6,61.33,62.7
58.0,68.43,56.8,66.9,67.2,73.0,59.05,64.2
57.5,64.52,66.2,58.1,65.9,72.8,70.71,65.11
56.5,60.67,58.1,51.9,61.3,64.8,58.86,58.87
60.5,63.52,59.0,66.0,61.4,62.1,66.19,62.67
68.62,58.38,73.4,66.7,67.8,68.6,58.05,65.94
68.25,59.29,68.3,63.1,74.9,51.9,68.38,64.87
46.12,68.19,66.0,63.4,65.5,62.5,58.9,61.52
58.25,61.95,56.7,54.4,70.5,56.9,61.81,60.07
62.38,57.48,68.6,61.1,66.3,56.4,68.33,62.94
76.5,59.52,59.2,70.4,60.1,76.7,70.38,67.54
61.12,59.81,56.4,65.7,74.5,56.1,61.67,62.19
70.25,63.95,44.1,74.1,61.1,62.1,58.24,61.98
60.25,58.71,61.6,58.7,68.7,63.6,65.38,62.42
72.0,69.05,80.3,57.5,64.2,58.7,67.9,67.09
54.38,61.48,62.4,66.5,52.5,53.7,70.29,60.18
54.38,75.57,61.2,63.9,72.3,49.7,55.14,61.74
49.75,67.24,74.0,61.3,67.8,64.7,68.38,64.74
52.25,63.71,66.4,58.3,62.8,69.8,63.1,62.34
72.12,62.14,66.5,78.8,64.0,67.7,70.62,68.84
69.0,63.43,75.7,63.0,63.0,71.7,65.57,67.34
66.38,61.05,57.1,57.6,79.1,59.1,66.9,63.89
58.12,61.62,63.4,64.1,54.3,64.0,66.33,61.7
64.25,62.76,67.7,66.8,57.1,55.6,70.86,63.58
58.88,57.14,74.4,61.8,66.8,71.0,70.14,65.74
57.25,58.52,73.0,62.9,58.1,53.7,67.95,61.63
64.12,61.24,55.1,57.9,66.1,69.0,56.52,61.43
57.62,62.57,57.5,63.3,68.4,73.0,65.14,63.93
69.0,62.81,57.9,45.0,55.5,60.1,72.43,60.39
74.25,56.24,67.1,55.5,74.0,57.9,66.86,64.55
60.62,59.14,70.6,68.9,67.2,71.9,69.0,66.77
55.75,66.38,62.0,62.2,77.0,63.5,67.67,64.93
68.0,63.86,49.4,63.7,64.0,75.0,60.62,63.51
63.12,65.48,68.0,66.6,58.4,53.0,68.05,63.24
62.38,67.24,67.1,73.7,72.2,60.3,64.9,66.83
63.5,71.43,59.0,68.4,64.6,72.8,60.57,65.76
64.62,62.62,46.4,62.4,66.1,70.0,60.62,61.82
47.88,65.0,57.8,51.8,64.3,54.1,63.52,57.77
67.88,66.1,66.9,70.0,68.3,57.2,59.71,65.15
59.75,64.86,65.0,60.3,60.0,46.1,61.33,59.62
50.75,68.14,68.1,55.1,54.4,62.9,70.76,61.45
61.12,53.76,58.8,60.4,74.4,62.8,68.48,62.82
64.5,66.33,58.0,61.7,77.0,79.9,66.38,67.69
74.75,65.9,54.9,56.8,66.1,63.2,65.33,63.86
59.0,59.33,67.2,61.5,67.7,65.0,66.48,63.74
55.62,52.1,58.8,64.9,68.4,61.2,56.24,59.61
59.12,67.1,53.0,67.9,53.3,67.3,59.29,61.0
67.75,66.1,61.9,64.2,66.9,64.7,60.71,64.61
61.0,50.19,57.2,79.1,67.4,56.6,54.38,60.84
58.88,66.19,71.7,67.2,59.9,54.3,63.24,63.06
73.25,65.1,64.2,62.4,70.3,61.0,63.29,65.65
63.25,63.95,75.0,62.2,71.5,53.9,66.0,65.11
70.38,61.67,56.0,58.0,54.7,62.3,69.1,61.73
72.25,64.19,68.0,60.8,53.2,65.1,57.24,62.97
66.5,70.0,51.6,57.1,62.3,65.6,65.33,62.63
73.25,58.48,57.9,61.8,58.8,59.1,57.76,61.01
67.25,65.0,64.3,56.7,66.4,53.8,62.71,62.31
64.75,57.43,64.4,59.7,67.1,59.8,61.62,62.11
67.12,61.1,77.3,71.9,59.7,55.6,52.67,63.63
74.0,66.29,60.3,48.7,64.4,59.6,69.62,63.27
63.75,57.81,73.1,51.6,67.7,53.2,67.71,62.12
60.5,56.14,56.1,60.1,62.8,69.1,61.67,60.92
73.12,65.19,53.9,72.2,62.0,70.5,61.29,65.46
70.38,60.67,64.0,63.4,64.4,61.8,61.62,63.75
54.25,67.62,52.0,57.1,59.5,59.7,63.1,59.04
61.5,60.29,57.0,54.4,59.5,62.5,64.57,59.97
61.38,55.14,56.8,63.4,70.1,64.4,64.62,62.26
53.12,60.62,55.4,57.7,68.0,52.1,65.38,58.9
59.12,68.33,69.6,79.7,72.1,63.7,59.81,67.48
67.5,64.05,65.2,67.1,66.2,56.4,66.19,64.66
64.62,65.48,62.7,69.0,51.1,58.4,67.71,62.72
61.5,66.33,56.5,78.3,65.6,70.3,61.67,65.74
68.38,57.48,63.6,64.7,62.9,63.6,66.14,63.83
54.25,68.86,73.5,73.5,60.1,68.2,55.9,64.9
61.75,54.62,59.4,66.9,67.6,75.9,64.24,64.34
61.75,73.1,64.2,57.4,62.4,70.6,57.43,63.84
77.0,67.24,62.5,69.5,67.5,70.5,71.71,69.42
64.12,61.52,61.7,58.2,62.4,63.7,61.38,61.86
69.62,64.81,61.9,68.5,62.5,69.4,70.38,66.73
71.25,60.67,63.6,55.2,56.3,57.5,61.24,60.82
65.12,66.52,59.2,66.7,57.8,69.1,65.14,64.23
69.38,59.57,56.3,60.6,66.5,76.1,65.86,64.9
64.75,67.43,65.8,57.3,61.2,57.9,55.9,61.47
61.38,68.14,76.4,63.2,75.0,59.8,67.86,67.4
63.5,68.95,56.5,58.1,52.6,53.4,62.29,59.33
61.25,70.62,66.4,57.4,73.5,68.3,66.29,66.25
68.88,64.14,67.4,69.2,75.4,58.6,64.48,66.87
68.12,66.52,57.4,50.1,72.5,72.2,63.19,64.29
56.0,71.67,58.3,67.0,66.5,66.5,56.24,63.17
70.0,58.71,70.5,58.4,54.0,65.6,57.86,62.15
56.38,60.33,61.4,57.6,68.6,59.9,73.14,62.48
67.0,53.76,68.6,56.6,64.4,68.6,60.95,62.84
58.75,64.1,76.7,69.9,58.2,70.5,63.29,65.92
72.25,65.1,70.9,68.0,71.8,65.9,65.38,68.48
69.75,73.43,78.6,74.7,57.7,70.6,66.62,70.2
64.62,70.57,67.2,52.6,60.5,60.9,65.48,63.12
68.25,59.67,55.5,63.2,65.0,59.5,60.71,61.69
58.5,66.38,68.0,64.9,74.3,60.1,69.86,66.01
60.88,70.67,63.3,58.4,68.3,63.5,62.57,63.94
74.5,72.43,69.7,60.9,63.1,70.7,62.67,67.71
58.88,71.43,69.4,57.8,64.4,70.9,67.14,65.71
55.62,60.86,62.1,81.1,62.0,62.2,64.67,64.08
66.38,56.76,73.8,58.3,71.3,80.6,59.76,66.7
69.0,64.67,55.9,73.1,62.8,59.4,61.14,63.72
56.5,64.81,60.2,72.0,64.3,69.6,54.29,63.1
80.62,64.0,65.3,71.5,63.2,62.4,62.57,67.09
61.75,65.57,69.0,64.4,57.3,62.4,72.9,64.76
60.38,72.14,55.7,64.4,67.6,60.3,60.48,63.0
67.0,57.38,49.2,68.9,62.7,49.0,66.57,60.11
69.38,70.86,67.7,52.2,58.7,60.1,64.62,63.36
63.38,67.14,71.2,54.1,61.2,63.3,61.19,63.07
64.75,71.0,67.2,63.6,66.2,65.2,68.14,66.58
77.62,58.24,70.1,73.6,72.0,71.8,63.24,69.51
59.12,73.76,70.6,65.3,63.7,56.6,54.48,63.37
55.5,64.67,78.5,74.4,73.2,74.5,63.9,69.24
67.12,60.67,50.2,61.2,69.7,76.9,62.38,64.02
69.12,72.19,65.5,58.1,66.5,51.2,67.1,64.24
61.62,60.43,79.6,69.7,64.2,70.8,60.33,66.67
56.88,62.52,55.9,54.2,64.2,62.4,67.52,60.52
79.88,64.19,49.9,66.6,69.3,62.7,63.81,65.2
63.62,69.86,61.3,70.0,59.7,68.9,63.86,65.32
57.12,63.05,70.1,53.4,47.8,61.3,64.9,59.67
69.12,65.71,62.0,67.2,69.1,64.2,66.9,66.32
60.12,69.52,74.2,63.2,63.7,63.7,64.67,65.59
67.0,64.19,63.1,78.4,68.7,67.9,68.81,68.3
60.88,64.76,65.3,57.8,67.0,66.4,66.62,64.11
65.88,56.19,67.5,65.6,62.1,58.1,52.43,61.11
74.12,66.33,52.3,59.3,56.7,58.8,73.14,62.96
66.88,54.71,60.5,76.9,66.5,60.0,61.71,63.89
57.75,63.9,57.1,62.8,75.9,55.2,66.76,62.77
59.75,57.67,70.2,61.2,62.8,60.7,64.43,62.39
53.62,62.86,68.8,75.1,65.5,68.4,65.38,65.67
69.38,72.24,65.2,56.3,66.4,66.5,62.67,65.53
73.25,60.48,77.6,66.6,66.5,65.4,63.86,67.67
50.38,65.38,60.8,57.4,55.5,58.8,62.24,58.64
70.75,63.95,71.0,71.3,61.2,68.3,67.86,67.77
66.62,64.48,73.3,77.2,62.9,51.8,66.86,66.17
55.62,71.1,68.7,61.6,63.6,55.5,63.14,62.75
63.5,68.19,55.6,57.9,67.9,63.2,58.95,62.18
53.5,62.0,67.0,61.9,67.6,71.0,70.0,64.71
56.62,60.9,63.0,69.3,58.0,54.7,67.24,61.4
68.25,68.38,68.6,61.2,67.3,64.4,71.48,67.09
63.88,54.67,84.8,68.4,51.8,57.6,62.95,63.44
68.25,68.0,67.0,63.3,63.2,71.7,71.71,67.59
71.12,62.38,66.0,68.5,63.0,75.2,62.9,67.02
63.0,62.43,68.7,60.6,56.3,61.4,61.52,61.99
64.75,59.81,55.6,52.8,65.5,59.3,58.86,59.52
66.75,69.1,58.1,68.8,67.5,67.4,69.9,66.79
58.12,61.14,62.0,60.0,67.0,69.9,57.24,62.2
65.75,61.76,60.2,74.8,59.5,59.2,63.1,63.47
66.38,56.0,64.4,53.1,75.2,68.4,61.62,63.58
66.12,60.33,63.5,60.9,64.9,70.0,70.9,65.24
60.5,71.9,63.4,63.2,69.4,60.7,57.0,63.73
69.5,73.1,61.2,65.6,65.1,62.4,63.57,65.78
58.12,62.62,70.7,67.0,75.2,66.3,55.71,65.09
72.38,62.71,64.5,69.1,60.9,54.3,66.24,64.3
68.0,65.1,58.0,63.0,65.8,60.0,57.29,62.45
65.88,61.14,66.5,59.5,67.7,72.1,68.86,65.95
50.62,66.1,65.4,71.1,66.5,76.8,68.33,66.41
59.5,56.33,67.7,55.4,69.9,58.7,69.76,62.47
71.5,61.38,63.9,57.0,64.1,68.1,65.19,64.45
57.5,67.0,59.2,61.1,63.6,67.8,64.48,62.95
49.62,70.19,64.5,67.8,62.1,57.5,71.14,63.27
67.5,69.1,49.0,65.2,65.0,57.4,64.67,62.55
64.5,71.95,65.4,61.8,69.1,64.7,66.48,66.28
62.38,53.62,62.6,75.1,80.2,56.3,69.52,65.67
65.25,62.95,54.4,48.7,60.8,68.2,67.9,61.17
62.25,60.62,63.6,70.7,70.3,64.9,66.19,65.51
66.75,63.86,56.6,53.8,80.2,62.9,58.81,63.27
61.25,70.81,67.4,71.3,60.4,57.8,63.52,64.64
67.38,62.76,63.1,57.6,57.2,64.2,64.43,62.38
76.38,56.19,55.3,53.7,56.7,74.9,60.81,62.0
55.75,63.71,67.3,66.1,63.2,68.5,65.9,64.35
83.25,57.57,71.1,66.3,69.7,68.6,60.14,68.09
55.62,67.14,53.6,75.6,54.2,64.7,61.95,61.83
55.5,66.48,59.3,70.1,64.9,74.6,68.24,65.59
59.5,68.62,64.0,65.8,66.0,60.2,65.33,64.21
58.62,70.48,56.3,72.9,61.1,70.9,64.95,65.04
55.38,68.67,64.2,67.4,59.0,68.0,63.81,63.78
73.0,63.19,61.8,75.1,62.3,53.8,62.1,64.47
67.0,64.95,68.0,49.8,71.5,57.0,61.86,62.87
66.38,60.67,56.2,60.7,49.3,64.6,69.86,61.1
69.25,65.19,59.3,58.9,59.1,58.8,63.14,61.95
67.88,67.0,71.9,60.5,72.8,63.1,67.19,67.2
63.25,70.43,67.0,57.4,61.1,58.8,66.57,63.51
60.25,72.24,68.1,64.2,51.8,58.1,69.38,63.44
66.5,60.05,62.4,67.5,72.0,63.3,62.19,64.85
67.5,66.95,54.9,67.6,53.0,68.7,59.9,62.65
55.88,57.62,67.0,63.2,61.3,75.0,76.52,65.22
57.38,57.86,73.5,65.5,63.7,71.5,63.57,64.71
73.38,63.57,65.5,48.0,61.5,55.7,57.48,60.73
75.75,73.38,70.5,65.4,58.7,60.3,64.57,66.94
62.75,64.48,67.1,48.9,64.1,63.8,66.14,62.47
60.5,58.48,63.9,66.7,74.9,55.0,64.0,63.35
62.12,56.0,61.9,69.9,59.9,70.7,68.05,64.08
69.62,52.0,67.1,68.3,55.1,56.9,60.71,61.39
73.88,61.05,59.0,65.2,77.5,67.4,62.81,66.69
60.38,67.71,65.0,63.5,65.4,64.7,64.33,64.43
60.38,60.86,57.2,77.2,61.4,62.0,64.62,63.38
52.38,69.24,75.4,70.1,59.2,65.3,58.0,64.23
52.38,65.57,62.9,66.5,66.5,76.6,60.38,64.4
59.25,51.0,69.8,60.0,67.4,63.0,64.81,62.18
70.38,66.48,65.1,58.7,60.3,61.0,69.52,64.5
54.75,63.43,60.6,60.1,60.3,53.1,75.76,61.15
57.88,64.62,82.8,72.3,61.9,74.3,59.24,67.58
59.62,63.29,53.0,56.7,70.8,59.5,64.0,60.99
62.62,67.14,62.4,62.1,55.9,71.5,62.29,63.42
62.88,61.57,53.8,68.0,66.7,61.7,68.1,63.25
62.75,62.05,59.8,58.1,70.3,66.5,55.43,62.13
66.88,63.24,53.1,64.9,63.8,54.0,67.43,61.91
64.5,62.86,73.7,62.3,69.1,61.0,59.05,64.64
51.75,67.29,63.2,66.0,58.6,64.0,59.38,61.46
60.38,65.9,63.7,54.5,67.6,52.4,62.29,60.97
63.38,63.81,55.2,65.4,59.2,62.3,66.05,62.19
62.12,62.19,62.8,77.0,65.6,63.4,62.76,65.13
50.62,73.0,65.9,65.9,50.5,74.0,65.86,63.68
74.5,62.48,72.8,56.8,64.6,74.3,67.57,67.58
71.25,65.57,62.0,64.1,54.8,62.2,70.1,64.29
57.25,65.86,62.6,59.5,73.3,67.1,60.19,63.69
68.88,62.57,72.4,68.0,62.5,55.7,73.48,66.22
74.75,58.9,66.7,64.0,52.9,61.1,60.81,62.74
53.75,67.19,67.6,61.3,63.7,67.2,59.95,62.96
64.62,67.95,57.9,63.7,68.8,55.0,63.43,63.06
59.5,58.38,62.0,67.7,67.9,72.5,55.48,63.35
63.88,59.95,73.6,68.3,68.2,71.8,58.9,66.38
56.62,65.67,66.1,70.3,66.8,70.7,68.62,66.4
61.0,59.71,62.7,53.1,68.0,58.0,67.0,61.36
65.88,67.33,57.7,60.4,66.6,59.8,66.57,63.47
59.5,67.81,73.0,55.8,64.0,55.3,71.43,63.83
71.38,65.81,56.0,78.9,49.9,78.2,61.86,66.01
62.5,81.48,57.7,64.8,63.0,50.6,64.1,63.45
54.88,68.48,59.5,56.2,59.9,71.2,58.43,61.23
67.62,63.29,59.3,65.3,66.2,59.4,63.76,63.55
60.25,61.33,64.0,57.3,61.9,69.5,64.86,62.73
73.75,57.57,65.2,58.3,64.6,53.6,66.71,62.82
62.12,58.38,59.3,72.3,61.5,66.4,56.0,62.29
68.75,68.52,60.3,61.5,47.7,70.6,65.24,63.23
55.0,56.14,65.1,57.2,63.8,71.5,67.76,62.36
67.25,63.19,70.0,64.6,68.3,56.8,61.29,64.49
54.62,59.52,62.1,56.7,72.7,67.6,62.67,62.27
78.62,65.19,64.5,68.5,65.2,61.1,59.62,66.1
58.88,65.86,65.5,67.8,69.2,59.0,70.62,65.26
62.88,61.24,63.5,63.3,77.2,50.6,63.71,63.2
57.12,66.24,64.1,57.7,77.7,50.5,62.14,62.22
55.38,64.81,56.7,61.0,58.5,65.7,68.95,61.58
73.38,56.95,50.5,62.5,61.5,64.9,65.33,62.15
69.62,61.81,62.6,56.3,38.9,61.4,67.38,59.72
67.12,61.52,55.0,68.0,60.2,77.2,61.57,64.37
70.25,67.43,68.8,75.2,68.8,69.3,62.0,68.83
57.75,61.57,51.5,65.3,60.2,61.8,62.9,60.15
74.75,68.81,68.0,64.5,66.4,64.8,60.43,66.81
57.88,61.95,70.5,50.8,64.5,62.0,54.19,60.26
67.88,63.9,55.2,65.1,68.6,64.1,70.71,65.07
57.12,62.19,70.5,59.8,57.2,64.5,64.33,62.24
75.88,59.71,50.1,66.0,76.9,57.8,59.05,63.63
73.62,65.1,60.2,57.2,56.9,51.5,60.38,60.7
70.62,65.62,67.9,69.5,63.6,68.1,61.43,66.68
55.5,68.81,63.5,52.8,61.8,65.2,58.67,60.9
64.12,67.05,70.5,58.0,64.3,71.6,64.29,65.69
67.5,62.0,53.4,52.4,55.9,51.4,59.71,57.47
66.0,62.95,64.3,63.5,67.7,65.4,69.43,65.61
65.75,67.71,64.6,64.5,60.9,65.1,62.71,64.47
56.75,66.52,58.9,63.5,65.8,69.8,60.19,63.07
46.5,58.95,52.2,73.5,69.1,73.8,66.24,62.9
54.12,63.71,61.1,71.4,61.4,63.2,65.52,62.92
65.5,69.71,63.8,65.4,61.9,65.7,58.1,64.3
59.38,76.57,61.9,59.2,66.0,61.6,73.52,65.45
59.88,67.29,73.4,58.2,72.3,54.3,66.05,64.49
58.12,61.62,66.9,53.9,56.5,64.8,71.0,61.83
61.38,62.52,61.7,70.1,58.3,67.0,60.86,63.12
73.5,70.0,79.7,61.5,70.4,66.6,62.9,69.23
74.25,63.57,60.6,69.1,57.6,64.7,68.24,65.44
69.5,55.62,70.9,65.4,59.0,58.3,62.0,62.96
48.25,70.86,61.9,69.4,68.0,67.2,66.81,64.63
71.75,66.62,56.5,75.5,71.9,74.9,64.29,68.78
58.5,60.57,68.7,61.9,59.3,62.8,67.19,62.71
64.5,63.67,71.3,58.4,65.6,64.7,62.57,64.39
63.62,60.52,61.2,69.0,56.1,51.3,67.48,61.32
55.88,69.19,72.3,53.5,66.1,58.9,65.62,63.07
53.0,57.95,52.2,65.2,63.7,53.5,58.19,57.68
73.12,68.43,54.8,67.2,58.4,61.6,59.57,63.3
67.12,63.48,54.0,63.2,64.1,59.6,63.14,62.09
66.5,60.67,64.3,77.7,53.6,66.9,63.24,64.7
64.5,67.9,72.6,52.0,64.5,68.3,65.0,64.97
68.75,61.95,57.1,59.4,54.2,70.0,64.62,62.29
70.88,65.95,72.9,68.4,74.2,49.5,62.9,66.39
49.38,64.38,63.6,61.4,57.2,65.3,54.19,59.35
63.88,66.43,54.8,68.5,57.8,74.6,54.33,62.91
72.5,65.05,67.0,68.1,68.0,59.1,68.52,66.9
56.62,71.76,60.3,59.6,64.1,65.3,63.48,63.02
55.0,66.67,58.3,64.7,60.1,55.8,66.19,60.97
70.62,67.9,59.2,73.8,53.5,65.4,59.95,64.34
59.88,61.95,62.4,59.9,61.6,62.4,57.19,60.76
64.12,65.38,68.7,69.4,64.7,58.9,61.24,64.63
64.0,61.67,58.2,60.7,70.6,55.9,62.62,61.96
61.38,58.52,71.0,61.5,72.0,64.7,67.48,65.22
62.62,63.05,65.1,57.2,63.6,61.4,72.14,63.59
78.5,60.76,65.6,67.3,80.9,60.3,57.24,67.23
57.75,60.14,72.0,60.3,55.8,67.4,66.48,62.84
67.0,62.62,57.8,51.9,64.6,65.8,66.33,62.29
70.38,60.43,59.7,65.7,62.8,60.8,66.33,63.73
73.38,63.67,72.1,55.4,77.4,59.3,64.05,66.47
64.75,65.38,60.4,65.3,75.4,57.3,59.05,63.94
62.0,73.38,69.6,64.8,67.7,60.5,69.38,66.77
65.25,67.62,53.8,75.8,55.1,65.8,53.9,62.47
75.62,61.81,75.3,62.6,63.0,56.3,65.0,65.66
64.25,66.9,66.2,66.8,58.9,72.4,61.62,65.3
66.75,69.1,64.1,56.1,63.8,63.2,63.33,63.77
58.38,60.71,61.0,61.1,67.3,61.3,67.05,62.41
72.0,63.62,64.1,61.6,69.4,65.6,65.48,65.97
53.88,54.86,64.6,62.1,63.4,65.6,73.48,62.56
59.25,63.76,67.3,62.9,51.0,58.7,63.38,60.9
59.38,65.81,58.0,65.5,68.1,61.3,65.62,63.39
66.38,67.43,53.2,65.7,66.6,67.3,64.38,64.43
64.75,62.62,60.7,61.0,63.2,63.7,69.19,63.59
69.0,62.19,55.3,65.8,65.3,63.4,59.1,62.87
81.75,76.0,74.2,45.1,54.8,72.6,68.76,67.6
67.0,61.9,54.3,68.6,69.4,64.0,61.71,63.85
78.25,60.29,68.9,63.3,60.9,78.8,59.29,67.1
64.38,58.81,72.8,73.6,69.9,67.9,73.19,68.65
63.62,68.86,56.1,62.5,60.2,61.1,73.33,63.67
62.5,61.43,65.9,77.9,67.2,70.7,61.19,66.69
55.38,63.67,70.4,63.4,64.7,66.7,58.86,63.3
72.75,73.05,67.3,74.3,51.0,64.3,66.38,67.01
65.5,55.24,72.0,65.8,66.6,71.8,55.05,64.57
71.88,63.9,64.5,64.0,69.8,63.7,63.52,65.9
57.75,62.57,69.4,62.4,59.7,61.0,67.57,62.91
64.88,70.48,55.9,66.9,59.0,60.4,66.76,63.47
57.12,58.52,59.1,61.3,67.7,57.2,65.05,60.86
62.88,54.86,64.9,70.5,75.5,59.0,60.05,63.95
56.25,70.05,70.1,63.1,65.0,70.0,69.14,66.23
65.75,69.67,59.0,62.1,64.1,53.0,61.76,62.2
62.25,64.0,66.0,56.9,63.2,63.7,70.05,63.73
55.88,65.14,55.2,69.7,62.9,70.8,64.86,63.5
74.0,69.33,60.9,57.5,63.4,77.9,68.81,67.41
55.88,64.24,51.4,62.5,63.2,70.8,64.62,61.8
67.25,67.81,67.0,66.5,63.6,67.2,66.19,66.51
64.12,66.38,59.0,70.4,72.1,65.0,64.29,65.9
65.62,55.19,57.5,69.4,62.0,54.3,64.67,61.24
64.25,62.33,67.8,66.4,64.0,55.1,57.33,62.46
68.75,68.81,66.2,57.6,55.4,53.8,70.43,63.0
56.25,61.19,69.0,66.1,58.0,64.1,63.38,62.57
68.75,69.1,59.7,61.0,62.3,68.0,60.19,64.15
60.0,67.52,69.7,73.4,55.8,68.0,55.62,64.29
51.62,61.33,73.8,73.2,60.0,59.2,65.71,63.55
61.12,60.95,66.5,75.2,60.9,65.5,65.29,65.07
66.0,72.24,74.1,61.9,70.3,66.5,66.38,68.2
53.5,59.95,69.7,52.9,49.2,74.0,66.95,60.89
60.12,57.1,61.9,67.8,58.1,62.4,61.95,61.34
63.25,65.05,62.0,64.2,70.7,64.2,60.57,64.28
58.88,62.43,77.4,72.8,72.4,69.3,57.48,67.24
66.75,69.76,55.3,63.6,50.8,66.2,66.05,62.64
60.75,62.1,61.6,70.6,50.9,68.7,67.62,63.18
60.88,65.38,64.0,53.1,67.8,53.4,66.52,61.58
77.0,62.67,76.0,70.2,65.5,61.9,59.67,67.56
56.25,68.38,56.7,55.7,70.3,69.2,59.9,62.35
74.75,61.33,65.2,64.0,68.3,67.1,64.43,66.44
56.0,69.05,65.7,60.6,60.1,64.6,57.95,62.0
70.0,66.33,70.1,71.0,68.7,61.7,69.48,68.19
70.75,64.9,65.3,72.7,59.0,61.4,69.62,66.24
63.0,59.48,58.3,72.8,62.8,61.0,70.24,63.94
80.75,66.19,63.7,66.7,59.2,73.2,63.57,67.62
51.0,71.76,78.3,58.5,67.1,52.1,63.38,63.16
73.75,64.9,52.0,71.2,51.4,56.6,66.24,62.3
69.12,59.86,66.5,53.6,68.4,60.3,60.24,62.57
59.5,65.0,65.2,64.9,51.6,58.1,65.48,61.4
68.88,74.62,73.3,62.8,60.0,64.7,63.62,66.84
64.5,73.0,61.7,71.4,69.2,72.3,62.38,67.78
62.5,68.57,73.2,64.4,60.0,64.7,63.76,65.3
58.0,54.0,63.0,58.9,63.1,78.1,65.57,62.95
69.5,73.43,61.8,54.7,68.9,66.6,62.81,65.39
57.0,58.57,58.9,66.0,60.3,68.3,62.19,61.61
65.12,66.76,74.0,59.5,73.5,60.5,57.48,65.27
80.12,65.24,60.2,68.0,68.0,68.0,64.14,67.67
76.75,56.52,64.6,72.2,51.4,59.3,57.95,62.68
67.5,58.0,75.6,56.0,65.8,51.8,62.0,62.39
67.0,61.48,76.7,72.3,71.9,62.2,62.81,67.77
59.88,58.19,61.4,67.0,55.0,61.7,61.71,60.7
72.38,55.52,66.0,57.4,62.5,63.2,63.57,62.94
72.38,69.33,69.5,72.7,61.8,58.7,65.29,67.1
57.0,62.29,54.3,63.4,64.9,73.4,57.76,61.86
71.5,65.67,63.3,59.7,65.4,55.1,63.57,63.46
56.5,65.52,59.9,60.4,67.5,52.8,62.95,60.8
68.88,59.9,72.7,60.9,72.4,63.0,57.33,65.02
64.0,62.76,62.2,68.2,64.5,61.5,66.57,64.25
63.88,66.71,61.6,66.2,60.4,59.0,56.57,62.05
59.38,68.38,56.1,57.0,64.3,68.8,65.57,62.79
79.38,60.0,59.8,70.1,60.8,65.8,65.43,65.9
71.5,62.43,55.8,59.9,60.4,73.7,59.52,63.32
73.62,67.52,60.7,68.0,60.8,58.9,63.43,64.71
62.25,68.1,67.3,55.1,60.6,63.4,60.86,62.51
71.38,70.0,58.1,62.8,60.0,66.0,61.95,64.32
72.38,64.38,65.0,60.9,68.8,69.0,67.29,66.82
67.25,66.95,57.8,56.1,53.5,69.1,72.14,63.26
59.25,55.19,62.4,63.1,70.2,68.6,65.81,63.51
50.62,60.86,57.2,68.3,69.3,77.0,59.95,63.32
64.0,67.24,67.2,64.3,57.1,51.1,67.48,62.63
67.62,64.33,65.3,70.9,59.8,47.2,54.29,61.35
64.38,60.38,60.2,70.7,61.9,60.6,63.9,63.15
69.62,63.62,61.1,68.3,66.0,69.8,68.76,66.74
59.5,65.33,72.0,76.8,66.6,62.5,61.9,66.38
61.5,62.71,69.2,62.5,58.0,53.8,57.81,60.79
60.62,62.24,63.9,72.3,66.2,76.9,70.1,67.47
62.12,53.48,56.5,60.4,55.6,63.4,56.29,58.26
67.12,69.14,57.1,71.7,67.4,67.0,67.9,66.77
73.12,58.52,67.6,66.2,63.1,57.3,62.33,64.03
61.12,67.52,58.1,60.4,63.7,72.5,70.33,64.81
61.62,67.95,68.3,68.0,52.8,54.8,69.38,63.27
63.38,54.43,49.2,65.7,85.9,61.7,64.81,63.59
62.38,65.48,69.9,64.4,67.5,70.5,72.1,67.46
53.5,63.67,55.1,74.2,62.2,57.0,67.71,61.91
49.25,70.62,75.6,59.4,62.1,63.6,59.05,62.8
65.25,68.24,73.2,71.1,62.5,68.5,71.1,68.55
83.25,70.81,63.4,69.8,64.7,63.5,68.57,69.15
61.12,70.33,60.9,62.4,66.1,60.7,60.43,63.14
50.75,66.81,73.1,56.9,52.7,63.8,65.9,61.42
62.75,60.1,63.7,65.1,59.6,57.8,66.43,62.21
75.88,69.52,78.2,69.9,67.1,53.4,58.62,67.52
62.62,64.86,58.9,62.2,63.7,57.0,59.86,61.31
65.62,63.67,64.2,68.7,51.4,69.1,56.76,62.78
57.38,65.38,59.6,58.7,59.3,71.2,63.29,62.12
68.75,66.0,56.2,61.0,53.6,62.4,61.24,61.31
62.62,67.9,69.8,56.8,67.4,68.1,60.95,64.8
67.12,62.67,62.1,69.9,61.6,63.5,59.62,63.79
57.0,58.05,69.1,54.7,59.7,59.5,55.76,59.12
50.38,63.95,68.1,76.2,59.7,56.8,65.62,62.96
69.25,61.95,46.6,68.0,64.7,65.5,65.86,63.12
73.25,57.19,72.6,69.3,75.1,63.3,63.38,67.73
80.75,65.81,58.8,75.7,62.7,66.6,64.62,67.85
73.75,65.1,64.6,58.9,55.8,57.4,69.24,63.54
62.25,60.62,58.4,56.4,71.5,73.1,66.38,64.09
77.25,65.95,61.6,59.6,70.3,72.6,69.29,68.08
71.25,55.05,62.2,65.5,63.3,65.6,65.0,63.99
59.62,72.9,66.3,53.7,63.1,63.5,73.62,64.68
66.62,71.67,71.6,62.6,64.4,69.6,59.95,66.63
65.38,59.33,56.5,56.7,63.6,68.7,62.52,61.82
61.75,62.1,66.0,67.3,59.7,71.7,56.19,63.53
60.25,72.14,68.3,63.5,78.5,64.0,65.86,67.51
63.88,66.81,58.7,64.5,73.3,56.1,61.76,63.58
68.25,60.76,62.7,60.0,70.4,62.0,62.52,63.81
70.5,63.71,50.3,59.5,69.0,63.2,58.05,62.04
60.5,61.0,66.4,61.9,64.5,65.8,60.38,62.93
58.75,64.9,50.6,65.1,53.6,60.2,68.81,60.28
61.5,61.48,53.2,60.8,74.1,71.2,58.1,62.91
69.0,62.1,56.9,59.6,74.8,56.2,66.1,63.53
70.5,60.05,63.1,66.2,67.7,66.2,67.48,65.89
57.38,67.24,65.7,55.6,68.9,59.9,63.14,62.55
74.0,63.52,68.8,57.8,67.4,67.9,64.76,66.31
73.0,69.24,66.2,62.9,55.8,64.5,65.38,65.29
60.62,63.43,59.1,63.9,72.1,66.8,62.1,64.01
59.12,60.19,59.4,60.9,54.8,69.6,68.81,61.83
77.5,64.62,68.0,76.3,63.9,71.5,61.38,69.03
69.5,64.43,64.5,63.7,57.8,61.6,64.33,63.69
64.12,65.67,59.8,59.5,71.7,66.4,59.38,63.8
73.75,60.0,64.3,62.9,56.6,65.1,67.71,64.34
76.38,58.86,65.2,84.4,73.8,68.0,61.81,69.78
49.0,64.67,63.4,62.4,64.3,65.8,59.81,61.34
59.88,63.14,57.6,63.5,62.9,58.7,68.76,62.07
70.5,63.76,68.1,68.1,64.9,62.6,63.57,65.93
68.5,61.81,63.5,51.9,57.5,69.8,62.76,62.25
61.25,68.71,68.3,65.2,56.1,72.5,64.29,65.19
65.0,55.05,63.2,67.2,59.6,59.1,67.43,62.37
77.38,68.62,70.6,66.3,69.0,59.3,68.57,68.54
67.5,67.71,68.7,60.8,64.5,65.8,62.05,65.29
67.38,60.29,54.5,71.1,53.2,51.6,64.57,60.38
68.25,63.33,44.2,54.4,63.8,65.8,65.57,60.76
61.0,60.62,62.4,61.1,58.6,58.0,66.71,61.2
58.75,65.81,69.2,61.4,64.4,68.1,63.9,64.51
64.38,66.9,64.3,66.4,64.5,56.3,65.86,64.09
69.62,65.57,66.5,53.7,63.1,56.7,67.81,63.29
62.62,57.33,65.7,54.4,62.3,58.2,68.05,61.23
55.5,57.43,69.2,67.0,60.3,56.9,56.1,60.35
50.62,64.52,63.3,66.1,68.3,65.6,52.24,61.53
64.38,68.81,64.1,58.2,62.7,49.9,67.19,62.18
76.12,57.1,64.7,59.3,68.8,60.0,68.38,64.91
63.25,63.62,65.4,73.4,60.8,62.7,64.9,64.87
61.38,58.1,73.7,67.3,67.1,73.1,63.43,66.3
71.62,65.38,60.9,61.8,50.9,56.0,62.62,61.32
83.38,57.57,62.8,68.9,57.5,56.9,62.24,64.18
67.25,62.52,72.4,69.1,61.8,71.0,60.24,66.33
64.62,67.05,56.1,76.0,62.7,51.6,65.33,63.34
50.38,57.95,61.7,69.0,66.7,66.4,64.05,62.31
57.25,60.67,75.2,50.5,52.4,67.4,66.14,61.37
51.0,61.57,68.9,52.3,58.4,71.6,58.14,60.27
63.38,62.76,74.0,66.5,66.4,54.4,65.48,64.7
62.25,64.71,63.8,61.6,67.8,70.7,65.48,65.19
57.88,66.24,66.9,61.5,66.5,62.4,69.67,64.44
61.75,66.24,65.0,55.6,58.8,77.4,58.71,63.36
65.0,70.43,63.1,66.4,67.3,67.8,62.14,66.02
60.75,59.33,60.5,66.9,74.0,70.1,56.43,64.0
60.88,55.33,61.6,62.9,70.3,53.3,62.86,61.02
61.75,68.0,58.7,62.6,64.4,68.1,62.52,63.72
61.0,65.24,70.7,66.8,58.8,76.9,54.43,64.84
71.38,65.43,64.0,65.7,53.6,55.0,71.19,63.76
56.0,66.81,63.0,57.7,64.9,66.1,63.19,62.53
66.38,64.43,64.7,51.4,56.2,60.6,65.86,61.37
64.25,65.71,63.8,63.3,60.6,59.5,63.62,62.97
68.0,62.52,57.9,67.5,58.7,70.8,65.76,64.46
71.75,59.57,60.6,71.4,64.7,58.3,57.57,63.41
63.0,63.24,75.6,65.5,54.6,64.7,68.81,65.06
65.5,60.76,63.0,52.7,70.8,58.4,70.57,63.1
64.62,60.1,56.8,54.8,63.1,51.5,67.14,59.72
59.75,62.1,63.7,63.5,64.3,58.8,60.95,61.87
59.5,58.14,64.9,61.1,66.5,64.6,65.81,62.94
65.5,63.48,71.7,64.0,66.2,66.6,67.38,66.41
72.25,63.19,67.9,63.8,59.2,62.7,68.95,65.43
61.38,64.14,83.2,67.9,68.0,74.3,60.24,68.45
58.75,58.57,77.7,64.9,74.0,56.5,60.86,64.47
70.5,59.9,73.5,59.6,64.8,65.1,65.14,65.51
66.0,68.57,72.4,68.7,76.8,51.5,67.24,67.32
62.62,61.95,58.9,65.1,55.3,64.0,60.62,61.21
78.0,65.95,74.0,62.9,59.7,71.4,67.52,68.5
61.12,70.33,78.5,75.2,68.9,54.7,57.9,66.67
62.12,67.9,65.2,64.3,66.7,63.5,59.76,64.21
60.12,66.1,72.6,69.3,70.0,65.6,66.1,67.12
72.12,71.0,61.8,60.9,59.2,64.0,67.71,65.25
59.75,62.19,60.6,75.6,53.1,64.3,68.38,63.42
54.62,59.05,74.6,56.4,61.9,60.9,72.62,62.87
60.38,66.95,63.9,74.8,75.8,70.0,58.0,67.12
56.12,63.62,60.6,67.5,60.7,59.6,56.62,60.68
65.25,56.29,64.4,68.7,68.9,64.4,65.14,64.73
73.5,62.48,70.6,66.5,49.0,68.3,60.0,64.34
64.0,63.33,74.6,68.8,65.8,62.5,65.29,66.33
66.88,67.52,49.8,60.6,71.7,53.1,56.1,60.81
66.12,71.52,52.4,59.9,64.2,67.5,63.57,63.6
67.12,76.86,52.2,66.4,59.2,58.0,65.76,63.65
70.75,66.48,62.2,68.0,62.4,61.9,63.19,64.99
73.75,62.33,66.2,62.0,55.2,56.6,65.71,63.11
62.5,68.38,67.2,60.8,55.5,60.7,67.14,63.17
71.25,56.05,53.5,64.1,62.7,55.3,61.9,60.69
57.12,67.38,64.4,67.9,60.2,64.1,63.52,63.52
76.38,64.43,79.8,62.8,56.9,69.7,61.95,67.42
53.12,61.76,72.8,53.2,69.2,57.3,62.48,61.41
64.75,63.1,56.1,66.8,57.6,50.4,60.14,59.84
57.62,62.67,67.5,73.3,70.7,65.7,67.57,66.44
65.62,68.33,66.2,64.5,72.0,72.7,70.19,68.51
64.38,67.1,56.3,62.2,57.6,68.3,68.67,63.51
52.62,72.43,60.5,55.7,65.6,64.7,56.52,61.15
60.75,65.38,57.9,54.4,55.4,65.1,62.52,60.21
72.12,64.29,64.5,61.4,69.8,63.5,63.48,65.58
73.62,57.33,74.3,68.9,59.2,59.9,70.52,66.25
78.5,69.0,65.6,71.4,63.1,54.6,59.48,65.95
70.0,58.24,55.4,61.4,61.6,61.7,62.38,61.53
50.12,61.95,58.5,70.2,68.3,73.3,67.43,64.26
60.62,62.29,62.1,53.1,70.0,75.0,63.33,63.78
61.5,66.29,66.1,60.4,67.9,59.3,65.57,63.87
72.88,62.43,43.7,58.1,58.2,56.9,60.33,58.93
61.0,63.62,59.7,66.8,59.5,67.3,65.29,63.31
62.75,59.48,77.6,64.1,57.4,60.1,62.81,63.46
57.88,65.38,63.4,66.7,64.1,69.8,55.9,63.31
65.25,67.57,62.0,60.3,62.0,68.2,63.05,64.05
55.0,71.19,64.9,58.5,63.8,65.8,66.33,63.65
80.88,59.71,50.8,72.0,57.5,60.5,55.33,62.39
57.38,68.95,61.8,67.9,58.8,67.6,62.43,63.55
67.0,69.29,70.4,68.0,64.8,51.2,62.38,64.72
67.88,64.38,70.3,74.6,57.2,52.2,64.9,64.49
67.0,65.29,60.3,69.3,57.3,63.5,59.24,63.13
88.5,65.9,58.6,65.6,58.6,62.4,69.24,66.98
67.88,63.95,69.4,60.4,71.2,55.5,56.43,63.54
54.12,66.71,61.8,75.1,67.7,79.2,62.76,66.77
59.0,65.24,68.3,66.5,60.4,58.3,65.1,63.26
59.38,70.71,62.4,69.8,55.4,67.2,72.71,65.37
62.5,58.52,52.0,74.9,56.3,66.7,64.19,62.16
