DDD10000,LCP10000,RTS10000,CIP10000,IOP10000,PRCY_001
87.25,84.83,84.17,86.8,83.33,85.28
86.92,86.0,89.33,86.67,84.5,86.68
87.33,86.92,87.67,88.84,85.5,87.25
85.5,88.25,85.17,90.27,85.83,87.0
86.83,89.17,84.0,87.64,87.67,87.06
88.42,88.08,88.33,88.91,90.83,88.92
88.0,90.75,90.17,87.18,87.0,88.62
88.5,85.92,85.5,85.78,88.17,86.77
89.83,86.08,85.5,87.93,90.5,87.97
88.0,89.5,87.17,88.53,86.67,87.97
88.33,89.25,87.83,86.62,85.67,87.54
89.0,89.83,90.83,88.31,84.67,88.53
87.42,88.33,90.5,90.38,86.33,88.59
86.5,86.83,89.33,85.76,90.0,87.68
86.08,90.58,84.67,85.53,89.33,87.24
87.5,87.58,87.0,86.44,86.83,87.07
88.33,85.92,86.5,90.33,89.83,88.18
86.5,85.92,92.17,87.53,85.33,87.49
90.25,88.25,87.5,89.82,91.33,89.43
88.33,90.0,87.33,85.51,88.83,88.0
86.25,86.25,87.83,88.27,85.83,86.89
87.08,85.67,89.0,89.76,88.17,87.93
85.0,87.58,86.33,88.8,89.33,87.41
87.08,89.5,87.5,86.38,89.0,87.89
88.75,86.17,85.33,87.8,85.83,86.78
87.33,89.33,90.17,86.16,85.0,87.6
86.5,87.25,87.67,89.78,86.33,87.51
89.25,87.0,85.17,87.29,88.5,87.44
87.5,87.67,88.5,90.51,88.17,88.47
90.92,87.42,87.33,86.56,90.5,88.54
86.75,88.83,89.5,90.29,90.0,89.07
86.58,86.58,86.83,86.67,90.33,87.4
86.83,86.0,88.5,87.98,86.67,87.2
85.58,87.08,88.0,85.02,86.17,86.37
87.83,86.67,86.5,88.69,84.5,86.84
86.33,88.0,85.83,88.0,87.0,87.03
86.67,88.25,89.5,86.84,87.17,87.69
87.33,85.33,88.17,87.2,84.83,86.57
87.83,87.75,85.5,86.36,83.67,86.22
88.0,87.33,90.67,87.93,87.5,88.29
84.67,88.58,84.0,88.67,87.83,86.75
88.5,87.08,91.5,88.78,87.67,88.71
89.92,86.75,90.0,88.78,89.67,89.02
86.5,88.17,88.83,86.98,87.17,87.53
87.75,86.75,88.33,86.4,85.5,86.95
88.92,87.58,86.17,85.51,84.0,86.44
86.58,89.67,88.0,87.4,87.0,87.73
87.67,87.25,83.0,87.16,86.5,86.31
85.25,86.83,85.83,84.29,85.83,85.61
87.17,89.33,87.67,86.18,85.5,87.17
89.58,89.67,87.33,88.36,87.17,88.42
84.5,87.75,84.17,87.53,86.83,86.16
88.67,90.25,89.83,85.09,87.17,88.2
86.83,87.5,86.0,86.22,89.5,87.21
88.5,86.67,87.67,87.29,85.0,87.02
85.0,85.92,83.17,86.29,91.0,86.27
88.17,88.25,88.5,85.04,88.67,87.73
89.58,86.08,87.67,87.98,87.5,87.76
88.25,87.25,86.67,86.04,88.0,87.24
88.75,86.33,90.0,86.62,88.17,87.97
85.0,87.08,85.33,87.47,84.17,85.81
85.75,88.17,88.67,89.49,88.67,88.15
88.58,86.75,86.0,88.56,85.33,87.04
86.5,88.92,87.83,86.53,86.17,87.19
91.17,88.67,88.33,88.29,86.83,88.66
86.58,88.08,88.67,87.82,85.67,87.36
86.25,86.17,86.0,87.0,87.67,86.62
88.33,87.67,88.33,86.42,89.17,87.98
87.75,87.0,90.67,85.0,89.33,87.95
88.17,87.75,85.33,88.93,86.33,87.3
84.83,88.42,85.5,86.2,90.33,87.06
87.83,87.75,89.17,87.13,89.33,88.24
88.58,87.0,87.17,86.87,88.17,87.56
84.25,88.5,88.33,87.13,88.33,87.31
85.75,88.17,85.83,86.89,88.0,86.93
86.92,88.5,87.67,88.73,88.33,88.03
87.75,88.08,86.5,86.87,90.0,87.84
88.17,87.75,85.5,87.4,88.17,87.4
85.58,86.83,88.5,85.51,85.83,86.45
86.25,85.67,85.0,87.44,85.83,86.04
89.92,89.5,89.5,89.07,88.5,89.3
87.92,86.42,83.67,87.22,86.33,86.31
87.67,89.42,86.0,86.22,89.17,87.69
87.33,88.92,91.17,89.76,84.17,88.27
88.25,90.33,87.33,87.4,91.5,88.96
85.42,87.92,86.17,84.98,86.17,86.13
88.0,87.25,90.83,84.93,83.83,86.97
90.0,86.08,82.67,87.24,88.17,86.83
87.5,87.5,86.33,87.11,87.33,87.16
86.75,87.17,89.17,87.44,92.5,88.61
85.92,87.42,87.33,87.78,93.0,88.29
88.42,88.0,88.17,88.0,88.83,88.28
85.17,88.25,89.67,87.82,87.33,87.65
88.08,85.83,91.83,88.56,88.83,88.63
87.33,88.33,85.83,87.0,88.5,87.4
90.0,87.08,90.33,87.87,87.5,88.56
86.67,87.17,86.83,87.53,88.67,87.37
86.83,87.25,86.83,87.98,87.5,87.28
85.33,89.67,87.67,89.42,87.83,87.98
87.83,86.92,91.33,87.67,89.67,88.68
88.17,89.08,86.5,88.09,87.0,87.77
86.5,86.58,86.67,86.98,87.0,86.75
88.92,86.67,86.67,88.29,91.0,88.31
89.0,87.08,86.67,89.31,88.17,88.05
87.75,87.25,88.33,87.38,88.0,87.74
87.42,86.83,90.17,86.58,89.83,88.17
86.67,86.83,83.0,87.11,87.33,86.19
88.42,87.92,87.0,90.67,91.5,89.1
87.08,89.83,91.83,86.89,87.67,88.66
87.25,90.0,87.67,88.4,87.33,88.13
90.0,88.0,88.17,89.04,87.83,88.61
85.0,88.42,85.0,88.36,89.5,87.25
86.67,87.33,87.67,88.98,87.5,87.63
89.0,87.83,88.0,91.04,86.83,88.54
87.42,88.42,89.83,88.27,87.17,88.22
87.08,86.42,87.17,88.09,88.83,87.52
89.0,84.0,87.5,89.58,88.83,87.78
86.67,87.17,84.83,86.76,89.5,86.98
87.83,86.58,86.83,85.8,84.83,86.38
87.33,88.25,90.67,88.47,88.17,88.58
88.25,89.17,87.0,87.36,88.17,87.99
87.5,88.08,89.17,85.24,88.17,87.63
85.75,86.67,85.83,86.69,86.5,86.29
88.5,88.25,86.5,87.24,86.17,87.33
88.75,88.08,88.83,86.73,92.0,88.88
88.5,87.0,88.17,87.42,84.0,87.02
87.75,88.25,85.83,85.87,86.5,86.84
87.58,87.42,90.17,86.36,87.33,87.77
87.0,88.92,87.0,84.13,86.17,86.64
85.42,87.08,89.83,86.93,87.67,87.39
86.33,87.92,87.17,86.69,90.83,87.79
86.67,88.75,84.17,85.93,89.17,86.94
86.75,87.92,84.33,87.13,85.83,86.39
86.08,87.17,87.5,87.47,84.5,86.54
86.67,90.0,86.67,84.96,86.17,86.89
87.92,89.5,87.0,88.58,85.83,87.77
85.92,86.67,89.33,89.49,88.17,87.91
90.33,88.67,87.5,87.78,84.67,87.79
86.83,90.08,87.17,84.44,87.33,87.17
86.83,85.33,86.33,85.69,90.67,86.97
85.58,89.5,86.33,84.6,87.83,86.77
88.08,88.42,84.67,87.11,87.67,87.19
88.42,88.5,84.5,85.98,86.0,86.68
87.58,89.58,87.5,85.16,85.5,87.06
87.58,85.75,86.83,86.24,88.33,86.95
89.33,87.58,86.67,84.71,88.67,87.39
89.5,90.83,87.67,87.0,88.83,88.77
85.58,88.17,86.17,86.67,86.0,86.52
86.58,86.58,87.33,86.8,87.67,86.99
89.83,86.5,84.0,84.64,85.33,86.06
86.67,89.33,88.83,87.93,86.33,87.82
86.33,86.42,90.0,89.09,87.83,87.93
87.75,88.58,83.5,86.69,85.5,86.4
87.33,87.17,87.5,86.49,87.67,87.23
85.5,84.83,86.83,86.67,84.67,85.7
88.42,87.25,89.5,85.71,84.17,87.01
88.58,87.67,88.0,88.13,88.33,88.14
86.08,86.92,89.5,86.98,88.17,87.53
88.5,88.0,89.0,86.09,87.5,87.82
88.08,84.83,90.0,87.91,89.5,88.07
88.0,90.17,87.0,87.42,87.33,87.98
87.0,87.33,88.33,90.09,88.33,88.22
87.0,88.17,88.5,87.27,85.33,87.25
85.33,86.92,87.33,88.38,86.83,86.96
86.42,88.92,91.0,86.69,90.0,88.6
87.17,89.33,84.67,86.02,86.17,86.67
89.42,90.42,90.17,87.78,85.33,88.62
88.42,87.25,88.0,88.64,88.33,88.13
87.83,86.75,88.33,89.33,85.5,87.55
87.83,86.67,89.0,84.31,85.17,86.6
86.0,89.17,85.67,86.18,86.83,86.77
88.75,87.5,89.5,87.96,86.0,87.94
85.5,87.33,87.5,87.36,91.0,87.74
87.83,87.33,87.17,86.93,90.67,87.99
87.0,85.83,87.17,87.71,89.83,87.51
88.5,87.33,85.0,87.58,88.83,87.45
86.17,86.92,88.83,87.76,88.5,87.63
86.67,89.25,88.5,86.18,86.5,87.42
87.58,85.42,89.17,87.11,87.5,87.36
88.33,86.58,86.0,85.4,87.17,86.7
87.33,87.0,87.83,87.58,87.33,87.42
87.25,87.92,88.83,87.33,88.0,87.87
89.0,87.25,88.0,88.67,84.83,87.55
89.0,87.08,89.0,88.53,86.33,87.99
87.5,87.42,87.5,90.0,84.5,87.38
87.33,88.58,86.67,87.36,85.67,87.12
88.58,87.33,88.67,87.16,87.5,87.85
86.58,83.33,85.17,87.36,87.33,85.95
86.0,88.33,88.17,86.36,86.17,87.0
86.17,87.67,87.33,89.36,87.5,87.6
86.75,86.67,86.83,90.69,88.67,87.92
87.42,86.25,86.5,85.38,84.83,86.08
86.67,86.42,86.33,89.24,87.33,87.2
89.83,87.33,89.0,87.49,87.33,88.2
86.58,88.42,86.83,88.58,84.83,87.05
87.92,83.92,89.83,85.58,86.5,86.75
84.17,87.75,87.5,86.67,85.67,86.35
85.92,88.58,85.83,86.22,88.0,86.91
86.92,87.83,90.17,86.24,86.5,87.53
88.5,88.42,86.83,86.82,88.33,87.78
87.67,89.83,89.17,86.24,84.83,87.55
88.17,87.67,87.17,87.33,88.5,87.77
88.58,85.25,89.17,87.64,89.0,87.93
88.58,86.83,86.83,86.6,86.17,87.0
88.67,87.75,89.67,88.49,86.83,88.28
86.08,88.42,86.0,89.42,90.17,88.02
88.83,88.83,91.0,88.56,84.67,88.38
87.58,86.25,86.17,86.91,89.0,87.18
85.67,90.25,85.83,87.91,88.67,87.67
87.75,87.25,87.17,88.42,88.33,87.78
88.25,86.75,88.0,86.96,87.33,87.46
87.08,88.25,83.5,85.04,85.67,85.91
86.0,86.42,86.33,88.82,87.17,86.95
86.75,88.5,86.5,88.8,86.33,87.38
90.25,85.17,86.5,87.0,91.17,88.02
88.33,86.5,84.83,86.67,85.33,86.33
87.17,87.83,87.67,88.51,88.17,87.87
87.75,87.92,87.83,88.11,88.17,87.96
88.92,87.17,86.17,84.27,89.33,87.17
85.58,85.67,84.33,87.87,86.17,85.92
87.83,88.83,92.17,87.76,86.67,88.65
87.33,89.25,88.33,88.33,88.5,88.35
87.0,88.67,88.5,85.33,85.67,87.03
89.17,89.25,91.33,88.16,92.17,90.01
88.17,87.58,84.5,87.38,88.33,87.19
88.58,90.5,85.33,88.4,84.83,87.53
87.83,90.17,88.0,90.13,89.0,89.03
87.58,85.42,87.5,87.76,89.17,87.48
86.33,87.42,86.67,88.38,92.33,88.23
86.5,88.25,87.17,87.0,87.5,87.28
88.92,86.0,85.33,86.91,85.67,86.57
87.25,88.08,88.83,88.0,89.17,88.27
87.17,86.83,90.0,87.36,85.5,87.37
87.5,87.42,87.33,85.78,84.33,86.47
84.17,86.5,85.0,88.44,86.33,86.09
87.67,89.5,89.5,87.07,91.17,88.98
86.92,88.08,87.67,90.0,88.17,88.17
86.75,87.5,87.5,89.0,89.5,88.05
84.17,90.17,87.67,86.09,87.5,87.12
88.08,86.67,87.0,87.38,85.17,86.86
87.42,89.17,87.17,87.87,86.33,87.59
87.67,89.25,86.83,87.24,90.17,88.23
89.5,88.58,82.83,88.98,88.33,87.65
86.33,86.67,90.5,88.53,87.67,87.94
86.92,90.0,85.83,88.47,86.33,87.51
86.42,88.83,89.0,87.56,87.83,87.93
86.42,86.75,86.17,86.09,86.83,86.45
88.42,87.33,87.0,86.89,87.17,87.36
86.0,86.0,89.83,88.04,87.83,87.54
88.17,86.83,87.67,86.47,89.5,87.73
88.67,86.17,87.67,88.8,88.17,87.89
87.83,87.75,86.5,87.2,90.17,87.89
87.83,88.0,86.67,89.0,89.0,88.1
85.33,88.83,85.33,87.76,89.0,87.25
87.42,87.33,88.0,85.36,90.5,87.72
83.58,87.75,85.83,89.02,85.83,86.4
88.75,87.92,87.17,89.6,88.5,88.39
87.67,90.0,86.33,87.0,90.0,88.2
86.42,87.5,92.5,89.16,90.0,89.11
91.67,87.58,85.5,87.31,90.33,88.48
88.08,87.92,86.33,86.69,88.83,87.57
88.33,87.75,87.17,88.76,88.33,88.07
84.42,86.92,92.5,87.0,88.67,87.9
87.25,85.25,88.33,86.42,85.17,86.48
89.08,87.33,89.83,85.96,86.33,87.71
87.17,86.75,88.33,85.96,85.5,86.74
87.08,84.75,85.5,86.84,87.33,86.3
87.17,87.08,88.0,86.49,85.83,86.91
86.08,84.83,87.83,87.69,90.0,87.29
88.75,86.5,89.67,87.51,88.0,88.09
85.58,89.0,91.17,90.42,89.83,89.2
87.42,88.0,89.17,89.0,86.83,88.08
86.33,89.08,85.0,86.71,86.67,86.76
88.33,86.17,88.83,88.58,89.33,88.25
88.5,89.67,85.5,86.89,91.83,88.48
86.0,87.08,86.17,88.22,87.17,86.93
87.75,86.0,86.67,87.47,86.5,86.88
89.75,87.83,86.33,88.09,86.0,87.6
85.33,89.0,90.5,90.33,88.17,88.67
89.58,90.17,87.67,86.6,83.67,87.54
89.92,86.58,85.67,87.04,86.83,87.21
86.42,89.75,90.5,86.42,87.0,88.02
86.58,90.58,88.83,88.78,86.33,88.22
89.25,87.25,86.17,85.58,86.17,86.88
89.08,87.08,89.0,91.31,86.33,88.56
85.67,86.58,87.5,88.27,90.17,87.64
88.83,86.75,87.0,86.24,84.83,86.73
86.75,88.17,83.67,87.69,88.83,87.02
83.33,84.67,87.0,86.76,87.33,85.82
87.08,87.5,88.33,88.56,88.17,87.93
86.0,85.42,86.5,85.53,86.83,86.06
88.42,85.67,88.17,88.67,87.33,87.65
90.75,89.83,88.83,87.78,88.17,89.07
87.92,88.75,86.83,89.24,86.67,87.88
85.5,87.92,87.17,88.98,88.67,87.65
89.33,84.25,86.5,85.2,89.17,86.89
87.25,89.25,83.83,87.51,89.5,87.47
88.92,88.5,88.83,84.78,86.83,87.57
87.58,88.17,86.0,87.78,87.83,87.47
86.75,87.5,90.83,87.56,86.67,87.86
88.75,86.75,88.67,87.29,85.33,87.36
88.17,85.67,82.83,86.29,85.17,85.62
86.25,87.42,90.0,87.73,88.0,87.88
88.5,87.33,86.17,90.78,84.67,87.49
90.42,88.08,88.0,88.76,86.83,88.42
87.0,86.33,87.17,86.73,88.33,87.11
87.67,89.75,84.67,86.2,88.33,87.32
87.25,88.92,83.83,88.11,89.83,87.59
86.25,88.67,89.33,88.62,90.67,88.71
87.25,88.92,89.83,88.56,86.33,88.18
89.0,87.5,89.33,88.11,86.5,88.09
87.08,89.17,85.0,86.29,90.33,87.57
86.25,89.5,86.17,88.33,87.5,87.55
86.75,85.58,89.17,87.11,85.83,86.89
87.33,85.25,85.33,86.27,88.17,86.47
86.75,85.42,87.83,86.98,90.17,87.43
88.5,87.92,90.0,87.07,87.5,88.2
88.58,89.33,86.83,85.73,89.33,87.96
86.25,90.75,86.5,87.13,88.33,87.79
87.42,86.0,85.0,85.51,86.67,86.12
87.92,87.92,88.83,85.49,90.67,88.16
87.75,89.58,88.33,90.47,85.83,88.39
89.83,89.42,87.5,85.42,85.5,87.53
88.25,86.0,87.17,86.4,86.33,86.83
86.58,86.83,87.5,90.38,87.0,87.66
86.67,87.5,88.17,86.91,88.5,87.55
86.5,88.75,89.33,87.62,85.67,87.57
84.58,86.92,88.33,88.82,83.5,86.43
86.58,88.17,88.33,87.87,86.0,87.39
88.33,88.83,89.33,86.44,87.67,88.12
87.0,87.58,87.17,88.33,86.83,87.38
86.5,88.0,86.5,89.18,88.33,87.7
86.67,86.58,86.67,87.69,90.17,87.55
89.75,86.67,87.0,89.31,90.67,88.68
86.92,88.83,88.17,85.82,88.0,87.55
87.25,87.58,89.33,88.93,88.17,88.25
87.58,85.42,88.67,85.27,84.33,86.25
88.0,88.25,85.33,84.44,92.0,87.61
87.33,89.0,90.33,86.44,87.0,88.02
87.75,87.17,88.67,88.02,87.0,87.72
85.33,89.08,88.5,86.98,83.33,86.65
88.5,88.92,87.17,86.91,83.67,87.03
85.25,88.17,87.5,91.73,86.17,87.76
89.33,86.75,84.5,86.13,87.83,86.91
88.5,88.75,84.0,87.82,86.33,87.08
88.75,90.33,89.0,86.67,87.17,88.38
85.5,87.92,89.0,86.04,86.67,87.03
89.17,90.25,85.33,85.8,88.0,87.71
88.92,86.83,85.67,84.2,87.83,86.69
89.5,88.92,88.67,87.64,90.83,89.11
86.58,86.08,86.67,87.84,85.17,86.47
88.33,88.17,82.5,86.73,88.5,86.85
87.92,87.25,87.5,87.91,90.17,88.15
85.17,91.75,86.67,86.78,85.5,87.17
87.75,85.33,91.67,88.98,86.17,87.98
89.0,87.08,87.67,89.27,87.17,88.04
87.42,87.25,87.67,85.87,89.67,87.57
87.0,88.5,86.33,87.18,87.5,87.3
87.0,86.08,92.17,87.82,87.83,88.18
88.75,88.25,87.17,86.64,88.33,87.83
86.08,87.33,86.83,88.04,88.0,87.26
90.42,87.42,89.0,86.82,85.5,87.83
87.42,89.17,85.5,89.16,85.0,87.25
88.75,88.92,90.67,85.96,86.83,88.22
85.92,86.17,85.83,89.69,87.17,86.95
88.83,89.83,87.0,87.4,85.33,87.68
87.5,87.42,85.17,86.04,86.5,86.53
88.83,87.83,85.17,87.33,89.83,87.8
89.17,88.75,87.5,85.4,88.33,87.83
86.83,87.67,86.67,88.93,84.5,86.92
87.25,89.0,86.5,86.38,85.67,86.96
85.67,87.42,86.17,85.58,85.67,86.1
86.08,87.25,87.0,88.0,87.67,87.2
87.33,88.92,87.67,87.27,87.0,87.64
86.42,85.0,81.67,88.89,87.17,85.83
86.58,87.25,85.33,84.64,86.17,86.0
87.5,89.58,87.83,88.33,84.17,87.48
86.83,87.83,90.17,88.64,86.67,88.03
88.5,87.58,91.17,85.07,85.5,87.56
86.83,86.25,89.0,87.93,90.17,88.04
85.25,87.42,84.5,87.4,86.67,86.25
86.58,87.0,88.5,89.49,87.17,87.75
85.17,87.92,89.67,87.22,85.5,87.09
88.58,86.58,87.0,86.33,90.83,87.87
88.08,87.42,89.17,86.64,84.83,87.23
85.33,86.17,88.67,88.73,87.83,87.35
87.67,87.5,85.33,86.11,84.67,86.26
87.67,88.08,89.0,88.38,89.17,88.46
87.0,86.83,84.5,87.71,88.17,86.84
88.83,88.25,85.17,88.13,87.5,87.58
85.25,88.83,89.17,88.13,86.0,87.48
85.58,86.58,88.67,85.29,85.33,86.29
89.33,87.0,89.0,86.6,89.33,88.25
85.75,86.67,88.17,86.82,87.33,86.95
87.33,86.92,87.83,90.18,86.33,87.72
86.17,88.0,88.33,86.36,89.0,87.57
87.58,88.83,88.33,86.98,90.0,88.35
86.58,88.58,84.5,87.27,87.33,86.85
88.08,88.33,85.5,88.93,85.17,87.2
85.92,89.33,87.0,88.0,88.5,87.75
87.58,86.42,85.83,88.38,87.83,87.21
88.08,86.0,85.17,86.78,91.17,87.44
84.0,89.08,82.83,84.69,88.83,85.89
88.17,90.0,85.67,88.47,84.5,87.36
87.67,88.33,85.17,86.56,90.17,87.58
86.33,86.42,88.5,85.76,86.17,86.63
86.67,87.42,85.5,86.42,88.17,86.83
86.25,88.25,87.5,89.13,85.0,87.23
88.75,88.17,87.83,87.0,86.5,87.65
88.5,85.17,87.67,85.58,85.5,86.48
89.25,87.5,85.67,88.13,87.67,87.64
86.42,89.5,86.83,87.58,88.67,87.8
88.75,87.67,86.33,86.47,84.5,86.74
87.08,88.5,84.67,88.31,85.5,86.81
87.92,88.0,91.5,86.76,89.0,88.63
89.17,88.08,86.83,84.87,88.33,87.46
87.67,87.83,85.17,88.87,86.67,87.24
88.0,87.92,87.67,84.76,88.17,87.3
86.0,86.58,88.67,85.78,90.83,87.57
87.75,87.0,91.67,86.8,85.83,87.81
88.42,88.0,87.17,88.93,86.17,87.74
88.42,88.0,83.33,88.13,87.0,86.98
87.75,86.67,89.67,85.89,91.0,88.19
86.0,87.17,91.17,89.51,90.5,88.87
90.5,85.0,86.33,87.6,87.5,87.39
88.5,87.75,89.67,89.47,90.17,89.11
89.33,84.83,88.67,86.04,88.67,87.51
86.08,87.83,89.33,86.89,88.67,87.76
88.92,83.5,87.0,86.38,83.5,85.86
86.25,86.08,86.0,91.82,85.0,87.03
88.17,88.92,85.5,90.29,86.67,87.91
89.08,86.67,86.0,85.18,85.0,86.39
86.58,88.75,86.5,86.58,89.33,87.55
86.0,86.92,88.17,90.11,82.33,86.71
89.5,87.33,89.17,87.62,89.5,88.62
86.67,86.0,81.67,88.13,89.5,86.39
85.0,88.25,86.83,87.27,88.67,87.2
87.58,86.0,87.0,86.58,85.17,86.47
87.58,85.5,83.83,87.82,87.0,86.35
88.92,88.58,88.33,86.67,90.83,88.67
87.25,87.33,88.17,88.6,87.0,87.67
88.42,87.5,86.67,87.36,86.17,87.22
87.08,86.25,90.83,87.18,87.17,87.7
87.75,88.0,86.83,87.6,93.17,88.67
88.0,85.92,89.5,87.8,87.83,87.81
90.0,87.0,86.83,86.13,88.17,87.63
85.67,87.75,89.5,86.62,85.33,86.97
86.75,87.08,88.67,88.69,86.0,87.44
87.0,89.0,87.83,90.82,87.33,88.4
88.58,87.5,89.5,84.84,88.83,87.85
88.83,86.42,89.83,88.09,88.5,88.33
89.42,86.67,89.5,86.93,88.67,88.24
87.17,88.25,86.67,87.27,85.83,87.04
87.67,88.5,91.83,84.33,87.33,87.93
88.58,89.0,87.0,87.47,88.17,88.04
86.08,85.75,89.5,89.07,88.67,87.81
87.33,87.33,89.17,89.67,89.17,88.53
88.58,88.67,85.83,86.96,85.33,87.07
87.58,86.33,91.33,87.58,85.33,87.63
88.75,88.33,85.17,86.16,85.33,86.75
86.92,88.5,83.17,88.8,85.0,86.48
87.5,86.17,85.83,87.4,86.33,86.65
89.33,89.25,87.33,89.22,90.67,89.16
85.42,87.0,88.67,87.27,85.5,86.77
86.58,88.0,89.83,87.8,85.83,87.61
90.5,87.42,86.67,86.51,90.5,88.32
89.08,87.67,88.17,87.42,88.0,88.07
90.0,87.58,87.67,88.18,87.83,88.25
86.67,87.17,85.33,89.53,86.33,87.01
87.42,88.0,87.5,88.78,83.5,87.04
88.33,90.25,89.67,89.42,87.17,88.97
87.83,88.75,88.67,90.53,91.5,89.46
86.0,87.25,86.0,87.29,86.83,86.67
90.83,87.33,88.83,86.47,86.33,87.96
88.67,87.58,85.33,89.44,87.5,87.71
87.92,89.0,87.5,88.56,83.0,87.19
88.25,88.17,86.33,85.82,85.0,86.71
86.75,86.33,87.33,86.96,89.5,87.37
86.33,89.42,84.83,88.16,88.5,87.45
89.25,86.5,87.83,90.0,84.67,87.65
88.5,85.58,89.83,86.4,86.33,87.33
85.92,88.67,85.17,87.67,86.83,86.85
86.0,88.58,86.33,88.69,90.0,87.92
86.5,89.67,83.33,87.98,89.5,87.4
86.92,87.67,90.83,86.11,85.83,87.47
88.25,87.83,87.33,86.82,84.83,87.01
89.25,87.83,86.83,87.64,86.83,87.68
85.42,87.08,88.67,87.11,86.83,87.02
88.92,89.25,86.5,87.11,88.0,87.96
89.42,86.5,88.33,86.42,88.0,87.73
87.83,87.33,87.0,86.6,89.0,87.55
88.25,86.17,87.67,87.22,89.17,87.69
85.58,89.83,87.67,87.67,87.5,87.65
85.17,90.08,89.5,88.04,87.33,88.03
85.25,88.58,89.0,86.16,85.67,86.93
88.83,85.67,88.0,86.56,85.33,86.88
85.83,89.33,86.17,85.58,88.5,87.08
87.42,88.08,84.83,89.93,85.33,87.12
85.92,88.0,84.83,86.4,84.17,85.86
86.83,88.17,86.83,88.18,88.67,87.74
86.92,87.42,91.17,88.91,89.17,88.72
88.58,86.83,87.83,87.02,90.83,88.22
88.33,87.42,87.17,87.84,88.83,87.92
88.0,84.75,91.33,88.89,89.17,88.43
86.58,89.0,90.33,85.84,90.0,88.35
87.42,87.42,86.83,85.13,89.67,87.29
88.42,87.67,89.67,86.87,86.67,87.86
85.83,89.58,87.5,87.73,85.0,87.13
87.0,87.5,87.33,87.16,86.67,87.13
89.33,88.83,84.0,87.82,86.67,87.33
90.08,88.83,87.33,87.36,88.67,88.45
86.58,86.17,87.83,88.16,89.17,87.58
87.33,86.5,85.83,87.56,86.83,86.81
87.17,86.92,84.33,86.93,85.67,86.2
87.67,87.42,90.83,84.89,89.0,87.96
88.33,89.0,84.5,87.29,88.17,87.46
87.42,87.42,86.5,85.62,86.83,86.76
88.58,87.25,86.83,84.44,86.5,86.72
87.75,85.67,87.0,86.2,89.83,87.29
87.25,86.83,87.5,86.0,90.83,87.68
87.83,89.0,86.5,87.42,85.5,87.25
87.17,89.83,85.0,88.22,87.0,87.44
88.33,86.92,88.83,87.36,88.5,87.99
86.75,88.5,86.0,88.82,85.83,87.18
87.58,89.17,85.33,84.89,87.5,86.89
87.0,91.17,87.67,87.2,87.5,88.11
87.75,87.42,85.83,87.04,88.17,87.24
89.42,88.08,88.83,85.91,87.0,87.85
89.67,85.08,87.0,86.89,88.67,87.46
84.42,85.08,84.17,86.47,89.17,85.86
87.67,87.83,88.17,87.07,87.33,87.61
85.67,87.92,89.67,87.89,88.67,87.96
88.0,85.67,90.33,87.73,87.0,87.75
86.83,85.58,84.0,88.13,86.5,86.21
85.92,87.67,87.67,85.76,91.17,87.63
84.42,86.83,84.33,89.82,87.5,86.58
87.25,87.33,87.83,86.91,92.83,88.43
87.17,89.17,84.83,87.93,84.5,86.72
86.08,89.08,86.33,86.38,88.0,87.18
87.75,84.92,86.0,85.89,88.33,86.58
87.75,86.42,85.5,85.93,88.83,86.89
85.42,87.42,89.17,88.67,86.0,87.33
87.92,88.75,85.0,86.87,84.67,86.64
87.0,88.25,87.5,87.76,87.83,87.67
86.58,88.42,87.83,88.18,88.67,87.94
88.33,89.92,88.83,86.93,88.0,88.4
87.08,88.5,87.17,88.11,88.5,87.87
87.25,87.25,88.67,88.09,88.67,87.98
89.25,86.67,87.17,88.27,86.83,87.64
86.42,86.67,91.0,86.69,86.67,87.49
87.92,87.67,87.33,86.73,88.5,87.63
88.75,88.42,85.83,86.4,90.5,87.98
88.5,86.83,85.83,87.58,89.5,87.65
87.08,87.5,83.0,88.91,87.33,86.77
88.25,85.67,87.83,88.71,87.0,87.49
87.83,86.0,87.83,89.13,84.0,86.96
88.08,89.08,89.67,87.71,88.17,88.54
86.92,87.58,88.5,88.2,85.33,87.31
88.0,88.33,86.33,87.93,85.0,87.12
84.92,87.17,89.0,87.89,87.5,87.29
87.92,87.5,87.83,87.44,86.0,87.34
86.33,87.58,91.17,87.47,85.5,87.61
87.08,86.58,88.33,83.93,87.0,86.59
87.0,86.42,88.17,88.16,90.83,88.11
87.83,88.17,87.67,86.29,86.0,87.19
89.25,86.0,87.33,84.24,85.83,86.53
87.92,87.83,91.33,88.62,84.67,88.07
88.5,87.92,85.33,86.2,88.83,87.36
88.67,87.25,89.33,86.56,85.0,87.36
86.67,86.5,85.33,89.56,88.17,87.24
85.17,87.83,86.67,88.02,85.83,86.7
89.0,88.42,84.33,85.82,88.67,87.25
86.0,89.33,86.5,88.09,90.17,88.02
88.33,87.83,89.5,86.47,90.83,88.59
89.92,87.67,91.0,91.24,91.5,90.27
86.33,86.67,87.67,85.62,88.83,87.02
88.25,84.67,89.17,87.31,91.17,88.11
87.58,86.33,90.0,86.84,86.67,87.49
85.58,88.08,86.5,87.49,88.33,87.2
86.42,86.5,89.17,86.11,84.67,86.57
85.25,89.83,88.67,85.42,89.67,87.77
87.42,85.83,86.67,89.93,87.67,87.5
84.42,88.0,92.0,88.4,87.83,88.13
89.33,87.08,85.67,86.22,85.0,86.66
86.83,89.92,89.5,87.71,90.67,88.93
87.58,89.08,92.33,86.51,84.0,87.9
87.42,89.17,86.5,87.78,89.5,88.07
87.67,88.92,89.5,88.87,88.33,88.66
85.33,91.17,87.5,87.53,86.67,87.64
85.58,91.42,89.0,86.56,88.17,88.14
86.5,89.08,87.67,87.13,89.67,88.01
86.25,89.67,86.67,84.47,86.33,86.68
87.92,89.17,87.83,88.44,86.67,88.01
88.58,87.25,84.67,85.98,85.33,86.36
88.0,89.33,87.83,87.49,87.67,88.06
87.5,89.25,87.5,88.4,88.17,88.16
87.0,85.17,90.67,87.71,87.5,87.61
88.0,86.08,91.0,87.73,89.17,88.4
88.33,88.17,87.0,86.98,89.83,88.06
89.08,88.08,88.0,87.84,85.83,87.77
85.42,89.17,86.67,84.47,86.67,86.48
86.67,87.5,84.67,87.18,88.5,86.9
84.08,88.58,89.67,86.47,87.5,87.26
89.08,87.08,87.67,87.49,85.83,87.43
86.42,87.42,88.33,88.53,86.17,87.37
89.58,90.67,89.17,87.24,86.33,88.6
85.0,87.67,87.33,85.76,85.17,86.18
89.75,89.92,87.17,88.56,84.0,87.88
86.92,86.42,89.5,86.09,87.0,87.18
90.83,88.33,85.5,87.0,89.67,88.27
87.25,87.42,88.0,86.02,86.0,86.94
89.75,86.83,90.17,87.56,88.0,88.46
87.83,87.25,85.33,89.29,86.17,87.17
89.83,89.33,88.33,86.16,88.5,88.43
87.67,85.92,86.0,86.07,88.5,86.83
86.0,86.08,85.5,87.24,86.33,86.23
86.42,86.42,86.67,88.93,89.17,87.52
85.25,88.0,84.17,89.04,90.33,87.36
88.42,85.5,88.83,86.33,85.33,86.88
89.33,87.0,86.17,87.44,87.33,87.46
87.58,88.83,89.0,87.58,85.17,87.63
88.17,88.08,88.67,88.47,87.17,88.11
87.83,86.92,89.5,86.58,85.33,87.23
87.58,86.17,87.17,85.58,86.17,86.53
86.5,87.0,86.67,86.09,86.67,86.58
86.67,87.58,86.17,88.51,89.83,87.75
85.58,87.58,89.67,88.69,87.83,87.87
86.92,87.17,86.17,87.93,84.17,86.47
86.67,88.75,88.17,86.33,88.0,87.58
88.92,85.5,87.17,86.47,88.17,87.24
88.17,88.33,90.83,91.62,86.33,89.06
89.5,86.83,88.33,87.18,89.67,88.3
89.67,88.92,88.17,87.11,89.33,88.64
88.75,88.42,87.83,88.67,90.33,88.8
88.5,86.33,88.17,87.24,89.33,87.92
88.92,85.42,86.5,88.73,86.0,87.11
89.0,89.0,85.5,87.78,88.5,87.96
85.75,84.92,90.17,87.62,86.17,86.92
87.08,85.92,86.83,89.62,91.67,88.22
89.17,87.42,89.0,89.58,86.33,88.3
85.83,87.58,87.33,87.96,90.67,87.87
86.67,85.92,87.17,86.22,84.0,85.99
86.33,88.33,87.5,88.42,84.5,87.02
86.42,86.75,88.17,85.96,88.0,87.06
86.67,85.75,86.17,85.44,88.83,86.57
89.33,86.75,84.17,88.33,88.33,87.38
88.42,87.42,90.0,86.87,87.33,88.01
86.92,88.83,87.33,85.38,87.17,87.13
87.92,85.83,88.83,86.49,90.0,87.81
85.83,87.08,85.17,85.71,90.0,86.76
88.33,88.67,90.17,87.93,86.5,88.32
86.17,87.25,88.5,88.58,89.5,88.0
87.83,87.33,88.17,87.84,86.5,87.54
87.0,89.17,86.33,90.09,86.0,87.72
89.67,90.0,87.33,84.58,86.17,87.55
87.17,88.75,84.17,89.51,88.33,87.59
86.33,87.25,88.67,90.07,86.0,87.66
88.17,86.75,89.0,87.16,89.33,88.08
88.25,87.17,83.17,86.98,89.33,86.98
87.42,89.92,87.83,87.64,89.33,88.43
87.33,86.33,89.5,86.64,90.33,88.03
87.17,85.58,84.83,87.31,89.17,86.81
85.83,87.58,85.83,88.84,88.67,87.35
88.92,86.75,86.83,86.69,91.67,88.17
86.92,84.67,88.83,87.36,87.5,87.05
85.92,87.92,88.67,84.89,86.33,86.74
88.67,86.25,85.17,87.13,87.17,86.88
89.33,89.17,87.0,86.47,88.5,88.09
87.67,86.67,90.5,85.11,88.33,87.66
87.58,88.08,87.67,87.8,84.83,87.19
86.25,85.92,91.17,88.09,89.83,88.25
87.0,89.5,88.17,84.02,90.17,87.77
88.0,88.25,87.67,88.69,89.0,88.32
87.0,86.92,89.5,87.8,88.67,87.98
86.42,85.42,86.0,90.02,89.83,87.54
86.0,87.0,87.83,87.31,89.0,87.43
86.83,85.42,86.0,88.2,87.83,86.86
88.92,87.42,86.5,87.8,85.83,87.29
86.17,87.08,87.0,88.04,84.17,86.49
86.92,86.08,87.67,84.58,88.83,86.82
88.08,86.0,86.0,87.33,90.83,87.65
89.58,87.75,86.17,89.2,88.67,88.27
87.67,86.67,87.17,86.31,85.67,86.7
88.83,87.25,91.17,85.84,85.33,87.69
88.83,89.08,87.33,90.58,89.5,89.07
87.58,88.25,88.83,88.69,87.5,88.17
88.08,87.92,86.33,86.73,88.83,87.58
85.75,86.83,90.33,89.49,87.5,87.98
87.42,88.5,87.67,88.49,83.83,87.18
88.58,87.42,89.67,86.04,87.83,87.91
89.33,86.33,88.0,88.07,89.0,88.15
87.42,88.67,89.0,86.69,89.0,88.15
89.0,89.25,87.17,88.93,87.33,88.34
87.5,87.75,87.17,87.38,89.33,87.83
88.25,87.75,88.67,89.42,88.17,88.45
89.25,88.17,86.67,87.31,87.17,87.71
86.33,90.58,88.33,86.51,89.83,88.32
87.33,86.92,85.33,88.44,85.33,86.67
84.5,84.83,87.67,88.13,86.17,86.26
86.33,88.33,89.17,86.84,90.0,88.14
88.0,86.75,86.83,87.53,86.0,87.02
87.75,88.33,88.0,88.96,88.0,88.21
89.0,85.5,88.67,87.16,86.67,87.4
86.17,89.08,90.0,85.11,86.0,87.27
87.17,87.42,91.33,87.42,88.67,88.4
87.58,85.42,82.67,89.69,88.33,86.74
88.25,89.58,83.83,88.22,83.83,86.74
87.67,88.42,86.33,87.64,87.5,87.51
89.67,87.42,83.33,84.62,87.0,86.41
87.25,86.17,88.33,88.51,87.67,87.59
88.58,89.25,87.33,84.67,87.83,87.53
87.67,87.42,88.33,86.27,89.17,87.77
86.08,89.92,86.83,87.04,86.67,87.31
87.58,87.0,88.17,85.89,86.67,87.06
88.92,87.75,85.33,87.18,85.5,86.94
89.08,87.58,90.5,88.04,86.5,88.34
87.08,86.58,83.83,88.0,85.83,86.27
86.67,88.08,86.5,89.73,86.17,87.43
88.75,87.25,88.67,86.04,86.83,87.51
87.75,86.83,87.0,89.02,83.83,86.89
88.42,87.25,86.5,86.67,89.33,87.63
86.08,88.83,88.5,84.4,88.5,87.26
88.17,87.0,87.17,87.84,91.33,88.3
89.5,88.58,88.0,87.0,91.33,88.88
88.83,88.17,88.33,87.98,89.5,88.56
86.83,88.25,81.5,90.27,88.83,87.14
87.08,87.17,85.83,88.91,87.33,87.27
88.83,87.58,89.83,85.31,86.5,87.61
90.25,88.25,88.33,83.87,86.83,87.51
87.92,88.83,87.67,88.58,86.83,87.97
88.75,85.83,87.17,86.44,86.0,86.84
88.17,89.25,86.67,85.51,84.5,86.82
85.33,87.25,88.33,86.02,90.67,87.52
87.33,87.42,84.17,89.09,85.5,86.7
86.25,89.58,85.0,85.76,87.67,86.85
90.0,88.58,88.17,86.51,86.67,87.99
87.92,85.33,89.5,89.78,90.33,88.57
86.33,88.83,84.0,87.2,92.0,87.67
86.0,87.42,87.33,86.33,88.67,87.15
89.33,86.67,86.5,87.91,87.67,87.62
87.83,86.17,86.17,89.38,88.17,87.54
86.33,88.83,89.0,87.58,86.17,87.58
87.5,88.25,86.33,89.02,86.67,87.55
89.08,87.33,87.67,87.87,88.17,88.02
90.5,85.58,86.83,87.84,87.0,87.55
90.0,86.33,88.83,87.02,87.0,87.84
89.0,88.75,90.0,87.24,89.5,88.9
88.5,89.58,87.67,86.33,86.33,87.68
87.92,86.25,84.83,84.87,86.67,86.11
87.83,85.92,87.67,88.09,85.83,87.07
89.5,87.42,89.83,90.62,86.33,88.74
87.17,87.33,86.0,87.8,86.17,86.89
89.25,87.42,92.17,87.13,86.83,88.56
87.08,86.92,90.17,87.24,89.17,88.12
86.42,87.0,89.5,88.98,88.67,88.11
85.75,87.08,84.67,87.2,88.17,86.57
86.5,90.17,84.33,87.53,88.33,87.37
85.92,86.67,90.33,84.82,87.67,87.08
87.08,87.42,87.33,89.42,89.17,88.08
87.5,86.0,85.0,91.82,86.0,87.26
87.58,85.25,88.33,86.27,90.33,87.55
87.92,87.42,85.67,89.04,83.0,86.61
87.5,88.67,87.0,89.84,88.17,88.24
88.0,88.0,89.0,89.38,87.67,88.41
86.92,87.92,87.67,87.58,88.67,87.75
86.42,85.42,88.67,87.64,88.5,87.33
87.0,89.25,90.0,89.64,90.17,89.21
86.42,89.42,92.0,86.16,88.33,88.46
85.67,88.17,86.0,85.6,89.17,86.92
89.42,88.42,89.0,88.96,88.67,88.89
89.17,87.42,84.67,87.82,89.0,87.61
86.0,84.58,87.17,87.96,86.67,86.47
87.92,87.5,89.33,88.69,86.33,87.95
87.58,86.75,89.0,88.49,87.5,87.86
87.58,87.67,87.0,86.58,89.83,87.73
86.5,87.67,89.0,91.02,87.83,88.4
88.0,84.58,88.17,88.27,88.5,87.5
89.08,85.67,82.33,86.29,85.17,85.71
86.08,87.0,90.5,89.42,88.67,88.33
86.75,87.5,88.5,86.27,86.83,87.17
90.25,89.5,85.17,89.0,88.83,88.55
88.67,87.17,87.33,86.78,83.33,86.66
88.83,87.25,88.0,88.76,88.83,88.33
86.25,87.67,89.83,87.73,88.67,88.03
85.5,89.08,84.83,86.82,87.67,86.78
85.0,87.0,92.17,90.33,84.5,87.8
87.33,86.08,86.67,90.4,84.67,87.03
87.67,87.92,88.17,87.89,84.33,87.19
87.25,85.33,89.33,87.36,86.83,87.22
86.83,89.83,86.17,89.98,88.5,88.26
88.92,88.42,88.0,90.87,90.83,89.41
87.17,88.17,82.5,89.69,88.67,87.24
88.08,85.25,87.0,87.18,89.17,87.34
88.67,88.58,87.33,86.76,89.67,88.2
87.92,88.0,91.0,89.24,87.33,88.7
87.67,85.67,86.83,88.44,88.17,87.36
86.5,87.92,89.5,87.07,88.17,87.83
89.08,87.58,83.5,87.91,89.5,87.52
85.92,85.42,86.83,87.98,88.0,86.83
89.75,87.5,88.83,86.69,85.83,87.72
86.25,87.42,89.67,90.38,89.17,88.58
87.0,85.92,91.0,89.02,88.67,88.32
86.33,86.58,84.67,86.73,89.33,86.73
88.25,84.92,87.67,86.49,86.83,86.83
88.25,88.08,85.67,88.49,90.0,88.1
88.08,86.0,89.33,89.93,89.17,88.5
89.08,86.83,87.0,88.91,89.33,88.23
89.0,88.17,88.17,85.49,87.33,87.63
87.58,87.58,87.33,86.71,90.83,88.01
85.5,87.0,86.67,88.31,87.0,86.9
87.58,86.75,86.67,86.47,86.67,86.83
89.83,87.33,88.17,89.67,87.5,88.5
88.75,88.25,86.33,87.07,85.83,87.25
89.0,89.0,87.0,86.16,85.83,87.4
86.75,86.0,82.5,84.16,86.33,85.15
88.67,86.08,89.5,89.31,85.5,87.81
87.58,90.25,85.5,87.87,87.67,87.77
85.58,85.33,86.67,85.98,88.17,86.35
84.92,86.0,88.0,85.91,88.0,86.57
88.17,89.17,90.83,89.09,90.83,89.62
86.25,88.08,82.33,87.13,84.67,85.69
88.83,90.0,87.0,89.04,86.67,88.31
86.0,87.25,89.33,85.64,85.5,86.75
87.58,86.42,85.0,87.02,88.67,86.94
87.0,88.33,88.0,90.96,86.67,88.19
87.17,87.5,91.0,89.64,85.33,88.13
88.17,88.42,88.67,89.62,90.0,88.97
86.67,87.58,85.67,87.69,87.0,86.92
85.75,87.17,90.33,88.98,90.17,88.48
86.33,85.08,90.83,87.33,89.67,87.85
86.25,86.92,86.17,87.87,86.83,86.81
86.5,86.58,88.33,87.82,90.17,87.88
85.58,88.0,85.67,88.42,85.17,86.57
90.0,88.25,83.33,84.29,85.33,86.24
86.5,87.25,85.67,84.36,86.33,86.02
85.08,88.0,90.0,88.04,89.67,88.16
85.58,88.33,86.5,85.87,88.67,86.99
87.42,88.33,87.67,87.91,88.5,87.97
88.5,89.67,88.83,87.22,82.0,87.24
87.5,89.75,87.17,85.84,85.5,87.15
87.42,86.67,86.67,86.71,88.67,87.23
86.83,87.67,87.17,87.56,88.33,87.51
86.0,87.83,83.17,86.38,84.83,85.64
88.33,86.08,89.5,86.93,87.67,87.7
85.42,87.25,84.83,89.33,84.5,86.27
86.92,86.33,89.67,87.76,85.83,87.3
87.58,90.08,88.83,85.87,88.67,88.21
89.67,85.92,87.17,89.09,85.83,87.53
88.5,88.33,86.17,89.04,89.17,88.24
87.25,87.67,83.67,88.29,85.17,86.41
86.25,88.75,86.17,86.62,86.33,86.82
88.0,88.33,86.17,90.49,88.33,88.26
88.5,87.42,87.17,88.2,88.83,88.02
87.58,87.5,87.67,89.4,84.83,87.4
85.75,84.08,85.5,88.47,88.0,86.36
88.08,88.83,87.17,89.24,86.33,87.93
85.83,89.0,86.83,86.33,85.33,86.67
87.75,86.42,89.33,88.2,86.5,87.64
88.58,88.08,88.83,87.64,89.33,88.5
86.42,84.5,88.33,85.49,86.33,86.21
86.5,89.0,86.33,89.02,84.67,87.1
88.25,87.92,88.83,86.16,88.5,87.93
86.42,88.25,89.5,88.29,89.33,88.36
88.92,88.25,90.0,87.38,90.33,88.98
89.08,86.25,87.5,87.42,85.33,87.12
89.33,87.42,86.0,86.82,92.17,88.35
86.33,86.17,89.17,87.36,85.83,86.97
87.5,88.33,89.83,85.67,85.33,87.33
86.08,87.08,88.67,86.58,90.83,87.85
87.42,89.25,86.5,86.02,89.5,87.74
86.08,90.0,91.17,86.4,89.5,88.63
88.08,85.75,85.5,88.56,91.0,87.78
86.33,86.33,86.83,88.51,86.5,86.9
88.0,87.5,87.67,89.18,88.67,88.2
87.75,87.17,87.83,88.02,90.0,88.15
86.58,87.0,85.33,86.42,88.0,86.67
87.25,88.08,89.83,89.18,89.17,88.7
88.33,88.25,87.33,87.56,86.33,87.56
86.58,87.17,87.33,86.51,85.17,86.55
87.92,85.83,86.5,88.6,84.0,86.57
89.17,87.42,89.33,86.96,87.33,88.04
89.08,88.92,86.83,88.13,89.5,88.49
86.33,85.92,88.33,86.73,87.83,87.03
88.92,86.42,92.33,89.38,85.5,88.51
85.5,87.25,88.33,86.38,87.83,87.06
87.0,86.42,84.83,88.62,84.5,86.27
87.0,88.67,85.17,88.27,88.17,87.45
87.0,85.67,85.33,89.09,86.0,86.62
87.92,87.5,84.83,85.6,89.5,87.07
89.42,86.75,87.67,87.11,89.83,88.16
83.75,86.58,87.33,89.53,83.67,86.17
88.67,88.17,90.83,87.89,86.0,88.31
89.0,88.33,89.0,88.29,87.5,88.42
87.92,89.08,90.67,88.78,83.0,87.89
88.92,87.08,86.83,86.67,86.83,87.27
86.92,85.08,86.5,88.22,86.0,86.54
88.0,87.83,85.0,90.0,84.33,87.03
88.42,89.58,88.0,84.53,87.5,87.61
88.25,87.42,85.5,85.53,88.17,86.97
88.42,87.25,87.5,89.09,89.17,88.28
88.0,86.83,87.0,87.51,87.83,87.44
90.75,86.5,89.5,88.53,86.83,88.42
87.67,85.92,88.67,92.09,88.5,88.57
86.5,87.58,88.67,88.0,88.0,87.75
91.08,87.58,86.5,89.49,88.17,88.56
89.5,87.5,90.5,88.13,84.5,88.03
87.58,88.83,86.83,86.18,87.17,87.32
89.75,87.08,87.17,88.27,86.17,87.69
87.92,88.33,86.33,88.07,90.67,88.26
87.42,86.67,88.0,86.22,89.17,87.49
88.25,85.25,89.83,89.58,83.83,87.35
86.17,87.58,90.0,87.87,86.67,87.66
88.25,86.67,88.67,87.11,85.83,87.31
88.08,85.58,86.17,88.07,86.83,86.95
84.75,88.17,87.83,86.51,86.17,86.69
86.25,87.92,89.33,88.09,85.0,87.32
88.75,90.25,87.83,88.67,90.83,89.27
88.17,88.75,90.5,89.67,87.5,88.92
87.0,88.67,87.0,88.78,87.17,87.72
87.25,86.17,89.17,86.67,89.5,87.75
88.67,87.33,86.67,86.96,87.83,87.49
88.75,84.0,89.17,90.58,86.5,87.8
88.42,87.17,87.33,89.69,89.33,88.39
89.0,85.75,89.67,86.69,83.67,86.95
87.75,88.08,87.5,85.73,87.33,87.28
89.33,86.75,87.0,87.69,84.0,86.95
87.58,87.5,88.5,86.44,85.67,87.14
85.92,87.58,85.33,88.09,89.17,87.22
88.25,88.83,85.17,89.53,89.33,88.22
86.58,90.75,85.5,87.44,85.83,87.22
87.67,85.67,88.33,87.22,87.17,87.21
86.75,86.33,85.5,88.11,90.5,87.44
86.17,88.75,86.17,88.38,85.33,86.96
87.83,86.33,88.33,88.84,88.33,87.94
86.67,83.75,86.83,88.6,83.33,85.84
87.58,87.75,84.0,87.18,85.83,86.47
85.58,86.17,86.67,87.11,86.67,86.44
89.0,86.92,92.0,87.51,90.17,89.12
85.5,87.08,87.0,88.96,85.33,86.77
88.83,86.75,87.0,86.67,83.67,86.58
87.33,88.08,87.0,87.18,89.33,87.79
88.83,86.92,86.33,87.02,83.67,86.55
86.58,90.58,90.0,86.96,86.33,88.09
88.25,86.08,90.33,84.4,90.0,87.81
88.08,88.67,87.5,84.31,90.0,87.71
86.5,85.92,86.33,87.29,90.17,87.24
86.08,85.75,87.67,87.11,86.33,86.59
87.75,89.25,88.67,87.6,84.83,87.62
86.33,88.5,90.33,87.49,90.33,88.6
87.58,87.25,86.5,85.6,89.33,87.25
88.75,87.33,89.5,85.09,88.33,87.8
89.83,89.25,88.5,88.73,86.0,88.46
86.75,88.42,87.83,88.09,87.33,87.68
87.42,87.17,90.83,88.76,90.5,88.93
85.25,88.33,82.67,88.8,85.0,86.01
86.83,85.42,86.17,89.78,88.17,87.27
88.33,88.58,88.33,89.27,88.0,88.5
84.08,88.0,88.83,88.78,89.17,87.77
88.17,86.67,85.17,87.58,90.17,87.55
85.75,85.92,85.67,88.44,87.0,86.56
87.08,87.67,88.0,86.62,88.5,87.57
87.92,85.08,88.0,85.93,86.0,86.59
88.08,89.25,87.17,88.0,85.5,87.6
88.75,87.08,88.83,88.93,87.0,88.12
87.25,87.75,84.67,87.73,89.17,87.31
88.92,86.5,85.83,86.71,86.33,86.86
86.33,88.58,88.5,89.16,84.67,87.45
85.67,90.33,89.17,89.58,87.17,88.38
88.25,86.25,89.17,88.24,87.17,87.82
85.92,88.25,90.0,89.07,86.33,87.91
88.42,88.17,84.83,85.6,87.83,86.97
87.5,88.58,86.83,87.33,86.0,87.25
85.17,88.5,88.0,89.56,86.17,87.48
88.33,87.58,86.83,88.69,87.33,87.75
88.5,88.92,84.83,87.71,84.17,86.83
87.67,87.33,83.83,87.84,85.83,86.5
88.58,85.83,87.17,84.49,84.17,86.05
88.92,87.33,86.83,86.53,87.5,87.42
85.83,88.42,88.83,87.6,85.67,87.27
87.42,86.92,89.17,86.22,88.67,87.68
88.08,88.5,85.83,86.22,87.67,87.26
86.58,87.58,83.17,86.49,88.83,86.53
86.92,86.25,85.0,87.53,85.83,86.31
86.58,87.25,90.17,89.18,86.17,87.87
88.33,87.58,89.0,88.33,90.67,88.78
87.25,85.25,87.17,87.38,90.0,87.41
86.0,87.5,85.67,86.84,87.67,86.74
87.25,86.25,87.33,87.2,88.0,87.21
86.42,88.42,89.5,88.71,87.83,88.18
87.58,85.33,86.33,87.09,88.83,87.03
88.0,88.0,86.0,87.11,89.67,87.76
87.33,87.58,85.5,88.38,90.5,87.86
86.08,87.58,86.5,87.24,91.17,87.72
87.67,89.08,87.17,88.56,82.83,87.06
91.08,87.0,83.33,87.82,89.5,87.75
88.83,89.33,85.83,85.07,89.67,87.75
87.25,87.67,83.67,87.73,89.0,87.06
86.25,86.5,84.83,88.78,85.83,86.44
88.42,86.17,89.0,87.71,89.83,88.23
87.58,84.5,89.67,85.09,88.33,87.03
88.25,87.5,87.17,86.78,85.83,87.11
87.17,86.58,85.33,84.71,90.17,86.79
85.42,88.83,90.17,87.87,89.17,88.29
86.0,85.25,86.17,87.51,86.5,86.29
86.33,86.5,87.17,83.56,86.17,85.94
87.25,88.08,86.17,85.38,87.17,86.81
87.17,88.83,86.67,85.11,89.17,87.39
87.92,85.75,89.83,86.49,87.83,87.56
87.17,85.83,88.67,89.98,86.0,87.53
87.58,89.67,85.17,87.16,87.0,87.31
86.33,86.92,87.83,88.67,90.0,87.95
87.92,87.0,87.17,86.67,85.83,86.92
86.58,89.42,85.67,87.44,89.67,87.76
87.92,86.75,88.5,87.24,88.0,87.68
87.75,87.08,89.83,88.93,87.83,88.29
88.25,86.58,88.0,85.64,86.5,87.0
87.08,88.5,86.0,87.98,86.5,87.21
86.42,87.92,86.0,86.38,86.33,86.61
86.08,88.08,90.0,88.56,87.0,87.94
88.58,87.0,89.17,85.09,87.67,87.5
86.92,89.0,90.83,85.4,87.67,87.96
85.75,85.0,86.5,84.87,86.0,85.62
89.67,87.92,87.67,86.31,87.33,87.78
86.08,88.0,87.17,87.49,88.0,87.35
89.25,87.5,90.17,88.82,90.5,89.25
87.67,85.92,85.83,84.42,85.33,85.83
87.92,84.42,83.17,88.29,88.83,86.52
86.83,85.33,88.33,87.8,86.33,86.93
85.0,87.58,87.67,87.91,90.67,87.77
86.75,88.08,87.67,87.89,86.83,87.44
86.25,89.17,87.5,85.71,85.0,86.73
84.5,88.42,88.67,83.87,84.67,86.02
87.75,87.33,88.17,89.16,85.83,87.65
89.0,88.42,85.83,87.04,86.0,87.26
87.75,86.67,83.83,87.02,88.5,86.75
86.17,86.17,86.0,85.8,86.17,86.06
87.42,89.5,87.33,87.44,85.67,87.47
86.25,89.25,89.67,87.47,87.67,88.06
85.92,87.92,87.33,87.53,86.0,86.94
86.83,89.25,89.33,85.33,87.67,87.68
86.33,84.83,85.0,88.44,86.5,86.22
87.83,85.83,86.33,83.98,87.67,86.33
91.08,86.83,88.67,88.64,86.67,88.38
86.5,87.33,91.0,86.76,88.0,87.92
87.75,86.67,84.17,88.73,85.0,86.46
87.25,88.5,85.67,86.67,89.0,87.42
87.75,88.83,83.83,90.24,89.33,88.0
87.5,86.33,85.17,87.44,89.33,87.16
88.75,89.0,87.33,86.62,85.0,87.34
86.83,86.83,89.83,89.49,91.0,88.8
86.17,85.5,87.33,89.22,92.33,88.11
87.42,84.58,88.33,87.13,90.5,87.59
87.83,89.17,88.33,84.47,88.0,87.56
86.75,85.83,88.67,87.67,86.67,87.12
87.67,88.08,88.83,89.64,86.0,88.05
85.75,88.0,87.83,86.49,87.67,87.15
86.42,87.92,86.17,88.09,86.83,87.08
85.17,87.0,87.67,91.44,89.67,88.19
87.67,87.67,88.0,88.07,86.83,87.65
89.33,87.92,86.67,88.98,85.0,87.58
85.75,86.58,85.67,84.49,86.5,85.8
89.17,86.33,89.83,87.47,85.67,87.69
87.5,87.25,85.17,85.91,85.33,86.23
86.25,85.92,89.33,88.49,89.67,87.93
90.33,87.17,84.0,85.71,88.67,87.18
86.33,87.33,86.67,87.27,90.0,87.52
85.08,85.67,87.67,87.84,88.5,86.95
89.17,85.92,84.17,87.96,87.67,86.97
88.25,85.0,87.5,86.93,88.33,87.2
85.25,87.67,89.17,89.29,87.5,87.77
87.25,87.58,82.67,87.47,89.0,86.79
86.92,87.17,87.67,87.82,88.5,87.61
88.42,88.67,89.83,89.91,86.0,88.57
86.83,88.42,85.5,89.24,89.33,87.87
87.17,87.25,88.17,85.36,89.33,87.45
84.33,86.83,87.5,87.96,85.5,86.42
86.58,85.67,88.5,87.53,88.33,87.32
88.75,86.5,87.17,87.18,88.5,87.62
85.25,89.17,86.5,85.71,88.17,86.96
86.58,88.0,88.33,87.24,87.5,87.53
88.75,87.67,83.83,89.0,86.67,87.18
89.58,87.17,89.17,88.98,90.33,89.05
88.17,85.0,89.67,88.62,85.67,87.42
87.17,87.17,86.5,86.36,88.83,87.2
88.08,85.42,88.67,86.13,86.5,86.96
84.17,86.75,88.67,86.91,87.33,86.77
88.83,87.08,85.83,86.58,87.33,87.13
88.42,87.08,89.5,88.22,88.0,88.24
87.08,90.92,89.33,89.02,87.5,88.77
86.5,85.92,91.5,89.2,87.83,88.19
85.08,87.75,89.17,83.44,85.83,86.26
89.17,87.83,90.83,87.76,89.33,88.98
86.17,89.33,89.67,87.22,86.5,87.78
87.0,85.42,89.67,85.98,88.5,87.31
87.33,86.58,84.17,86.82,84.83,85.95
87.83,85.5,84.5,88.2,83.83,85.97
88.42,88.0,87.83,83.93,91.67,87.97
87.25,89.17,88.0,86.47,89.67,88.11
87.33,88.67,87.17,86.42,85.5,87.02
87.42,87.5,89.67,86.0,85.33,87.18
86.0,86.58,87.83,85.78,86.67,86.57
88.83,87.33,90.17,90.07,86.33,88.55
88.33,87.67,88.0,86.71,90.5,88.24
86.0,85.75,89.5,86.16,89.0,87.28
87.5,88.33,90.0,87.22,89.83,88.58
89.5,88.0,88.83,86.58,85.83,87.75
86.75,85.58,85.5,88.71,88.5,87.01
86.67,89.67,88.5,88.09,87.17,88.02
86.25,89.0,89.5,85.0,85.83,87.12
85.75,86.17,83.33,84.76,89.0,85.8
86.67,86.83,84.5,86.36,84.5,85.77
85.5,88.33,90.83,89.82,87.0,88.3
87.83,87.92,86.67,86.98,88.83,87.65
88.75,88.58,91.83,85.78,86.17,88.22
88.25,85.75,85.33,87.0,88.17,86.9
86.5,86.92,90.67,85.27,86.5,87.17
87.0,88.92,87.0,88.47,91.5,88.58
88.75,87.25,88.33,87.73,87.0,87.81
87.33,87.75,91.17,85.04,89.5,88.16
89.08,90.58,86.67,84.87,87.5,87.74
87.67,86.25,88.0,89.44,86.67,87.61
86.58,88.5,88.33,84.38,91.67,87.89
87.0,87.08,88.83,87.6,86.5,87.4
88.08,87.58,88.67,86.76,88.83,87.98
90.25,87.67,90.33,86.44,90.33,89.01
86.75,88.67,85.33,87.87,89.5,87.62
88.33,88.5,83.5,86.96,87.33,86.92
86.08,87.83,89.33,86.16,87.33,87.35
87.75,87.33,89.5,87.36,86.5,87.69
86.5,88.67,88.83,87.44,84.67,87.22
89.17,84.67,88.67,85.78,86.33,86.92
86.17,87.58,90.33,89.4,87.67,88.23
85.08,89.92,88.5,87.53,90.67,88.34
88.42,84.67,88.17,86.69,84.83,86.55
88.75,86.0,85.17,88.38,85.83,86.83
86.83,87.92,83.33,88.02,91.0,87.42
87.25,88.33,86.67,86.84,91.33,88.09
86.17,87.25,89.17,88.02,89.83,88.09
86.67,86.83,86.33,89.53,87.0,87.27
88.17,87.08,89.33,86.07,88.67,87.86
87.67,87.5,85.5,87.89,88.17,87.34
88.25,87.17,88.67,86.49,86.67,87.45
88.42,86.42,89.67,84.02,92.17,88.14
89.25,88.17,89.5,87.56,88.5,88.59
86.0,87.17,89.33,87.36,86.33,87.24
89.0,85.5,85.33,87.53,88.83,87.24
85.58,89.25,88.0,86.18,87.5,87.3
87.75,85.67,83.0,86.93,85.33,85.74
87.25,87.92,87.33,89.42,86.33,87.65
87.0,86.17,87.83,87.18,87.5,87.14
85.92,87.0,88.83,87.71,89.33,87.76
86.83,86.58,81.83,87.18,85.83,85.65
87.17,89.08,89.33,87.51,88.33,88.29
90.33,86.42,88.17,86.31,90.67,88.38
84.58,86.92,87.33,88.07,88.0,86.98
87.67,86.75,88.33,86.93,89.0,87.74
87.83,89.67,87.83,87.78,87.0,88.02
87.83,87.5,88.5,86.71,88.0,87.71
86.58,88.0,89.5,89.62,88.0,88.34
86.83,86.92,86.17,88.36,89.33,87.52
87.42,88.75,88.0,86.98,87.17,87.66
87.75,89.0,87.17,88.56,86.67,87.83
87.58,88.0,88.67,88.6,88.5,88.27
88.0,88.83,89.83,86.96,86.83,88.09
84.58,85.67,87.5,89.11,89.5,87.27
85.58,89.25,91.17,86.22,88.17,88.08
87.33,88.58,87.5,85.64,87.67,87.35
87.75,87.42,90.33,86.11,90.17,88.36
88.17,88.58,86.83,89.2,88.67,88.29
88.75,87.92,85.5,85.18,88.5,87.17
87.25,87.08,87.83,87.22,87.5,87.38
86.75,88.5,82.67,87.6,88.17,86.74
88.17,88.67,88.17,87.78,91.17,88.79
86.33,88.08,86.83,88.93,86.83,87.4
87.83,86.0,90.17,87.2,89.67,88.17
90.08,88.0,90.5,88.58,87.5,88.93
84.67,85.92,86.33,85.16,88.0,86.01
89.5,87.75,86.67,85.6,88.67,87.64
89.83,86.58,85.5,86.11,89.5,87.51
89.83,87.83,86.67,86.13,90.0,88.09
86.58,85.25,87.67,87.4,87.5,86.88
86.33,86.0,89.0,86.64,86.67,86.93
87.42,88.33,90.5,87.82,86.67,88.15
89.25,92.67,85.0,85.93,88.0,88.17
86.92,88.92,85.5,88.02,87.5,87.37
87.42,87.17,89.5,87.98,87.33,87.88
87.67,87.92,85.67,86.47,90.5,87.64
86.58,85.75,87.0,88.13,85.67,86.63
87.25,87.83,87.67,84.71,87.17,86.93
86.0,88.25,85.67,87.53,86.67,86.82
87.5,87.67,84.67,89.2,88.33,87.47
90.75,89.5,85.33,85.67,89.0,88.05
87.33,87.67,89.5,88.33,88.83,88.33
87.25,87.0,86.5,89.62,85.83,87.24
87.67,87.08,90.17,90.13,87.0,88.41
88.58,86.67,89.33,87.91,85.67,87.63
88.67,85.42,88.33,86.22,85.83,86.89
87.0,86.83,90.83,86.11,88.0,87.76
85.92,87.25,90.17,86.89,87.67,87.58
88.83,86.58,87.83,87.09,87.0,87.47
84.75,86.75,88.83,86.87,89.17,87.27
88.33,85.33,92.0,88.31,89.17,88.63
90.0,85.67,87.83,87.58,84.33,87.08
85.83,87.92,87.67,87.13,86.0,86.91
87.08,87.5,89.5,83.98,83.17,86.25
87.5,84.83,87.67,88.96,89.17,87.62
89.33,88.92,90.17,87.96,92.17,89.71
88.0,89.25,90.67,87.33,88.33,88.72
88.58,87.08,86.33,90.42,88.0,88.08
89.83,88.08,88.33,88.04,87.17,88.29
86.75,88.33,85.5,85.47,84.33,86.08
86.75,86.92,86.33,87.98,88.83,87.36
86.5,87.25,87.0,89.58,85.67,87.2
86.83,88.0,86.67,87.09,87.5,87.22
87.58,87.83,86.33,87.53,86.0,87.06
87.58,88.25,87.5,89.73,88.67,88.35
86.0,86.5,87.17,89.22,84.83,86.74
89.25,87.58,90.17,86.31,88.0,88.26
87.92,90.25,88.83,86.6,86.33,87.99
87.92,85.83,88.17,86.13,89.17,87.44
87.33,86.83,87.5,87.53,88.0,87.44
86.25,88.5,87.0,87.09,91.5,88.07
86.83,85.83,86.67,89.24,87.83,87.28
90.42,87.17,87.17,87.36,86.17,87.65
87.08,87.33,89.0,89.69,86.0,87.82
87.17,87.92,87.33,89.24,90.33,88.4
87.33,88.58,89.83,86.64,88.0,88.08
84.33,86.58,84.5,85.76,88.33,85.9
88.67,85.25,89.67,88.8,89.67,88.41
87.08,88.67,87.5,86.09,86.5,87.17
87.33,85.83,85.67,88.62,86.5,86.79
89.0,87.75,88.0,87.69,87.0,87.89
86.42,86.25,86.0,89.33,85.17,86.63
86.17,85.83,88.67,86.02,86.0,86.54
87.75,86.0,89.5,88.13,86.0,87.48
89.75,86.92,87.83,86.89,88.33,87.94
88.08,87.67,87.83,86.04,91.17,88.16
87.0,85.92,85.67,89.8,90.0,87.68
85.58,88.17,83.33,87.33,88.33,86.55
86.75,85.67,90.0,89.36,84.5,87.25
87.25,89.17,88.0,87.58,85.33,87.47
87.75,87.58,85.67,86.53,89.5,87.41
88.42,88.33,86.0,84.73,86.17,86.73
86.58,89.92,85.83,86.33,87.5,87.23
90.67,84.75,90.5,86.29,84.67,87.37
90.5,86.5,88.33,86.93,92.33,88.92
89.5,87.08,86.5,90.07,85.5,87.73
87.58,86.67,86.83,88.84,88.17,87.62
88.67,87.42,84.0,86.11,88.0,86.84
88.42,84.58,88.5,88.02,85.5,87.0
86.58,87.58,88.33,85.27,87.67,87.09
86.5,87.17,87.0,88.07,87.83,87.31
86.92,86.83,85.33,87.44,86.67,86.64
87.08,86.58,88.67,89.0,92.67,88.8
86.25,86.67,89.67,86.4,89.17,87.63
87.83,85.58,88.83,88.22,85.67,87.23
87.33,85.58,91.5,88.76,87.33,88.1
88.33,87.92,86.67,90.47,90.33,88.74
88.25,85.42,89.17,85.91,84.5,86.65
86.67,89.08,89.33,87.38,89.67,88.43
88.08,86.67,87.5,87.09,87.33,87.33
89.08,88.0,85.17,87.16,86.5,87.18
86.67,87.75,89.33,87.38,87.67,87.76
84.83,89.33,86.67,86.16,88.33,87.06
88.25,88.67,87.17,86.73,87.83,87.73
86.83,87.08,89.33,84.09,89.0,87.27
86.17,87.33,87.0,89.18,90.33,88.0
87.42,86.17,88.33,89.07,88.33,87.86
87.08,86.75,88.83,88.8,88.17,87.93
89.33,86.25,83.17,87.29,85.67,86.34
88.17,84.92,86.67,87.91,87.67,87.07
88.42,86.17,91.83,86.33,86.33,87.82
87.0,88.92,91.0,87.04,88.83,88.56
87.33,88.92,89.67,88.67,86.83,88.28
87.83,87.83,86.5,87.64,87.17,87.4
87.17,87.17,87.5,86.6,89.0,87.49
87.17,85.25,86.5,87.98,89.67,87.31
88.33,87.42,91.0,87.62,88.0,88.47
88.08,88.33,89.5,91.27,86.5,88.74
88.92,87.5,87.33,86.47,85.0,87.04
85.92,87.58,83.5,86.53,87.83,86.27
86.42,87.67,87.67,86.53,88.33,87.32
86.92,88.0,82.17,86.69,85.17,85.79
88.83,86.75,88.17,87.87,87.33,87.79
88.33,87.33,87.5,86.38,87.5,87.41
85.67,86.58,88.0,88.64,88.83,87.55
87.0,87.5,85.33,91.53,87.0,87.67
86.92,87.75,90.33,86.84,87.33,87.84
87.33,86.0,90.5,87.07,87.67,87.71
87.5,89.25,85.17,87.18,85.33,86.89
88.67,86.17,87.33,88.78,89.67,88.12
85.58,90.42,87.0,88.24,84.67,87.18
86.83,87.92,88.83,85.27,83.67,86.5
88.0,87.58,83.67,89.16,90.33,87.75
87.25,87.92,88.67,88.96,86.83,87.92
86.08,86.0,87.5,87.91,88.33,87.17
88.75,86.67,88.33,87.53,88.67,87.99
86.58,89.08,88.67,87.73,88.0,88.01
86.58,88.75,88.33,86.49,87.83,87.6
85.83,88.08,86.33,86.67,90.0,87.38
85.25,86.33,90.5,86.11,88.83,87.41
85.83,89.33,88.0,86.8,88.0,87.59
87.83,88.92,86.0,84.58,89.83,87.43
88.83,87.5,89.0,86.22,88.33,87.98
87.67,88.67,86.5,85.38,88.67,87.38
86.0,86.0,87.67,88.0,86.83,86.9
86.92,88.92,89.33,88.82,90.0,88.8
88.5,85.92,88.83,89.18,91.67,88.82
86.33,86.75,88.67,88.47,86.17,87.28
87.33,89.25,89.33,85.29,88.17,87.87
87.17,87.25,86.0,86.53,87.83,86.96
89.0,85.08,89.0,85.64,86.67,87.08
90.33,86.25,88.0,87.36,88.67,88.12
89.25,87.08,85.83,89.13,89.17,88.09
87.42,85.58,87.67,87.44,86.83,86.99
86.58,86.83,85.83,87.4,88.67,87.06
86.33,85.25,86.17,87.78,87.17,86.54
86.08,91.33,87.33,88.42,90.33,88.7
86.75,88.83,87.67,87.22,88.5,87.79
88.25,87.92,88.0,89.96,87.0,88.22
86.0,87.33,87.0,89.44,84.0,86.76
87.5,89.25,87.17,88.56,90.83,88.66
87.75,85.83,90.5,86.71,87.0,87.56
87.25,87.33,89.83,85.02,86.17,87.12
86.67,86.25,87.83,85.36,89.0,87.02
89.25,89.17,88.33,85.64,85.83,87.65
87.67,91.08,90.17,84.67,86.0,87.92
88.92,88.0,88.5,89.02,89.33,88.75
87.58,83.58,88.17,89.53,90.83,87.94
86.42,85.17,88.5,86.29,85.83,86.44
90.17,86.17,89.0,86.04,84.83,87.24
87.08,86.83,88.67,85.71,88.0,87.26
88.75,88.83,88.67,87.87,87.67,88.36
87.5,86.75,87.5,87.87,85.0,86.92
89.0,88.25,87.83,88.27,89.17,88.5
88.5,90.42,89.33,88.16,90.67,89.41
86.67,87.67,88.5,87.24,86.17,87.25
90.0,88.5,88.33,89.64,84.33,88.16
85.92,86.92,86.67,88.58,85.67,86.75
86.83,85.5,89.33,84.82,84.5,86.2
88.08,85.58,85.67,87.04,85.33,86.34
88.83,86.33,87.83,85.93,88.83,87.55
87.75,86.0,89.67,85.24,87.83,87.3
85.17,86.67,85.0,88.4,85.5,86.15
87.0,87.92,86.33,87.51,87.0,87.15
86.75,87.08,88.5,87.73,87.0,87.41
88.92,87.67,89.67,85.67,85.5,87.48
88.75,87.0,86.0,86.6,89.83,87.64
85.92,87.33,86.83,86.82,87.33,86.85
88.58,88.83,87.83,86.89,88.5,88.13
86.0,88.42,86.67,88.78,89.17,87.81
85.5,88.0,85.0,87.67,90.0,87.23
87.5,86.58,86.83,88.09,88.67,87.53
88.75,88.33,86.33,91.09,88.33,88.57
84.5,88.0,88.83,89.31,86.33,87.4
88.5,89.08,89.5,87.04,88.17,88.46
87.75,88.17,87.67,85.29,86.67,87.11
86.92,87.83,84.5,88.51,89.83,87.52
87.17,87.33,86.0,86.64,87.17,86.86
87.75,87.92,86.5,86.27,91.17,87.92
90.17,89.17,87.83,90.02,87.33,88.9
84.5,88.0,86.83,87.33,86.17,86.57
86.0,89.33,88.17,88.53,88.5,88.11
87.58,87.5,86.83,87.6,88.33,87.57
87.92,84.67,90.33,86.22,84.5,86.73
88.5,86.67,87.0,89.2,91.67,88.61
87.92,86.17,88.5,88.33,88.5,87.88
89.0,87.83,89.67,88.13,86.5,88.23
88.83,85.17,87.17,89.29,86.33,87.36
85.33,87.58,86.33,87.0,85.5,86.35
87.25,88.5,86.17,86.02,86.0,86.79
87.25,86.08,85.5,86.47,89.33,86.93
85.33,89.25,86.5,84.71,87.83,86.73
87.42,86.08,84.17,89.0,90.33,87.4
86.67,89.08,87.83,86.51,86.17,87.25
89.5,85.83,85.83,87.69,90.33,87.84
86.08,88.92,91.17,86.71,89.33,88.44
89.58,86.42,89.5,85.73,86.33,87.51
88.5,86.42,87.5,87.13,86.67,87.24
85.67,88.0,87.17,88.09,88.33,87.45
86.67,88.42,90.33,87.93,87.17,88.1
89.17,87.5,87.5,85.31,86.83,87.26
88.25,86.25,85.5,87.78,88.5,87.26
87.5,88.33,91.17,85.8,90.83,88.73
85.75,89.67,87.17,88.38,86.0,87.39
89.0,89.75,85.5,87.56,84.67,87.29
85.42,87.0,87.67,89.62,86.83,87.31
88.83,86.17,87.0,86.31,85.5,86.76
89.5,85.17,88.33,90.07,88.67,88.35
88.25,87.5,90.67,86.91,85.17,87.7
87.83,90.58,87.33,86.04,92.33,88.83
88.25,86.33,90.17,88.38,86.0,87.83
86.42,85.17,85.83,88.22,90.17,87.16
88.33,88.75,87.0,85.58,88.33,87.6
86.42,88.58,86.0,87.2,88.5,87.34
85.92,88.0,87.83,88.51,86.33,87.32
86.75,87.75,86.33,86.93,88.0,87.15
89.5,87.67,88.0,87.4,87.17,87.95
89.5,88.5,86.33,85.49,86.67,87.3
88.5,87.33,88.33,86.93,87.0,87.62
88.58,86.0,84.0,88.24,85.67,86.5
87.5,86.83,88.83,87.4,91.67,88.45
87.0,89.08,84.5,89.24,88.0,87.57
89.17,88.83,87.5,87.18,87.0,87.94
88.08,88.0,86.33,86.82,85.83,87.01
87.5,87.42,89.5,91.27,88.83,88.9
88.25,86.67,86.0,86.89,86.5,86.86
87.75,86.17,87.0,88.96,85.83,87.14
87.83,87.42,88.83,87.53,89.0,88.12
88.0,88.75,88.17,86.64,87.33,87.78
87.58,87.17,87.0,89.22,87.5,87.69
86.25,86.17,86.0,88.44,84.33,86.24
87.75,86.83,86.67,85.16,88.0,86.88
89.5,88.0,87.67,87.09,87.67,87.98
87.25,87.33,85.83,87.76,85.33,86.7
87.33,86.83,90.0,89.24,86.33,87.95
87.25,88.67,87.5,88.13,83.17,86.94
88.58,85.67,89.17,88.2,88.33,87.99
85.67,86.83,89.67,88.49,85.67,87.26
88.58,87.83,89.5,86.09,88.33,88.07
88.58,84.92,88.5,87.27,90.67,87.99
88.83,86.83,85.0,86.6,87.5,86.95
87.25,86.75,86.83,86.76,89.83,87.48
88.75,87.08,85.0,86.13,89.33,87.26
88.75,87.33,91.67,89.29,86.0,88.61
87.08,91.5,88.17,88.51,84.17,87.89
89.0,85.75,87.0,89.42,89.33,88.1
86.0,88.67,89.5,88.84,90.67,88.74
85.0,88.42,86.17,90.78,86.17,87.31
85.5,88.83,87.83,85.69,84.83,86.54
87.83,88.5,83.5,86.93,86.67,86.69
88.33,87.0,83.67,85.13,86.33,86.09
88.5,89.33,84.17,87.38,87.0,87.28
86.83,85.5,92.33,84.38,84.67,86.74
85.25,88.67,88.67,89.29,88.83,88.14
90.58,87.0,87.5,86.4,88.0,87.9
89.08,86.17,86.67,89.31,85.5,87.35
87.17,87.25,87.33,88.56,84.33,86.93
86.42,87.83,86.67,89.24,85.67,87.17
87.5,88.5,90.0,88.09,86.33,88.08
87.67,87.92,87.33,88.31,83.17,86.88
87.0,87.67,87.67,86.18,90.33,87.77
86.58,89.33,82.83,86.98,83.83,85.91
86.83,85.67,89.83,89.02,87.0,87.67
88.0,85.58,90.83,88.87,85.67,87.79
88.5,85.92,85.67,88.89,91.5,88.09
89.25,89.33,81.67,87.91,86.83,87.0
85.75,87.92,88.33,87.44,86.33,87.16
86.5,86.25,82.83,87.49,86.67,85.95
89.42,85.75,89.67,87.78,87.5,88.02
89.25,87.92,90.33,86.0,87.17,88.13
87.75,88.92,89.5,87.38,87.83,88.28
85.67,88.08,88.83,89.31,88.67,88.11
89.67,87.0,88.17,86.73,89.67,88.25
87.33,87.58,86.67,87.22,89.67,87.69
90.92,87.25,88.83,86.56,87.83,88.28
86.5,87.25,87.33,89.56,83.17,86.76
88.33,88.08,88.67,87.02,90.0,88.42
87.5,84.75,90.17,90.11,85.67,87.64
86.75,89.17,89.17,88.33,87.67,88.22
87.33,87.33,85.83,88.07,87.17,87.15
88.33,87.33,84.67,86.96,86.33,86.72
90.58,86.75,86.5,90.44,86.33,88.12
86.75,87.17,90.0,87.89,87.83,87.93
86.33,87.75,87.67,89.36,83.67,86.95
87.67,87.08,88.5,87.69,86.83,87.55
88.25,87.58,85.5,86.31,87.0,86.93
88.42,88.33,87.67,84.31,89.33,87.61
86.75,87.5,86.33,88.18,83.67,86.49
86.5,89.75,90.0,87.96,88.5,88.54
89.83,88.17,88.83,86.07,87.5,88.08
89.25,89.17,85.5,86.8,88.0,87.74
87.67,88.5,90.0,86.82,88.17,88.23
88.5,87.17,89.83,86.33,87.17,87.8
86.92,85.42,86.67,87.44,86.83,86.66
89.17,84.58,84.33,85.6,85.17,85.77
88.08,86.58,88.5,87.82,89.0,88.0
87.67,87.25,88.83,88.38,86.33,87.69
88.75,86.0,87.67,87.82,91.0,88.25
89.33,88.0,85.0,85.2,86.5,86.81
86.5,90.92,86.17,90.11,88.0,88.34
84.5,87.17,84.33,84.58,88.17,85.75
87.17,87.25,90.67,85.22,88.33,87.73
87.83,87.83,90.33,85.13,85.33,87.29
84.0,85.17,87.0,89.27,87.5,86.59
90.92,86.67,86.33,88.38,87.67,87.99
90.58,87.5,87.33,85.13,84.0,86.91
88.42,89.92,89.0,88.18,90.0,89.1
88.0,89.58,89.17,87.49,85.83,88.01
89.67,84.58,84.17,88.56,87.67,86.93
86.58,85.17,89.5,86.29,87.17,86.94
88.58,86.42,90.67,87.47,85.17,87.66
89.83,88.08,84.83,87.42,90.5,88.13
87.92,86.67,85.33,86.8,86.5,86.64
87.42,87.92,89.33,85.82,87.0,87.5
86.92,87.33,86.5,86.6,90.67,87.6
88.5,87.0,88.83,87.71,86.0,87.61
87.5,88.83,84.17,85.8,87.33,86.73
85.92,86.67,86.67,87.42,87.67,86.87
86.17,87.58,87.33,85.42,85.33,86.37
86.75,87.0,87.17,88.2,86.17,87.06
91.67,87.42,86.17,87.58,90.83,88.73
86.5,86.42,88.17,88.02,90.17,87.85
88.75,86.33,89.67,87.11,90.67,88.51
87.5,90.08,89.83,85.87,85.67,87.79
86.08,86.5,82.83,86.31,84.5,85.25
87.0,86.0,87.5,84.38,87.33,86.44
87.25,87.33,85.83,85.02,87.17,86.52
87.5,86.67,86.5,87.38,84.5,86.51
86.0,84.17,87.67,86.84,87.5,86.44
84.92,85.83,85.5,88.89,89.17,86.86
87.83,86.08,88.17,85.84,87.83,87.15
84.75,87.25,86.67,86.93,88.5,86.82
88.83,87.42,87.33,91.47,85.83,88.18
86.0,87.67,89.0,87.98,87.5,87.63
87.5,89.08,88.67,87.27,87.67,88.04
88.5,89.0,83.0,89.33,89.83,87.93
86.92,86.33,84.5,87.11,87.17,86.41
88.75,87.25,86.67,89.02,86.0,87.54
86.92,87.67,86.33,88.4,87.33,87.33
87.67,87.58,89.83,86.02,91.0,88.42
88.08,85.75,87.17,87.42,87.33,87.15
88.58,87.25,88.0,88.04,87.33,87.84
86.75,88.25,86.0,88.47,88.0,87.49
86.0,88.42,88.17,87.07,87.33,87.4
87.58,87.08,84.5,87.62,87.17,86.79
88.33,87.67,87.67,85.91,87.5,87.42
85.58,87.42,86.0,88.64,85.67,86.66
85.08,87.33,89.0,87.93,89.83,87.84
88.42,87.33,89.83,89.89,86.33,88.36
85.92,87.08,84.67,86.07,86.33,86.01
86.5,88.08,87.33,87.56,85.83,87.06
87.75,87.75,90.0,89.4,87.5,88.48
87.67,88.08,85.17,87.31,85.0,86.65
88.0,85.83,86.83,87.84,90.5,87.8
88.67,86.0,86.67,88.27,85.67,87.05
88.0,87.5,85.5,87.36,86.17,86.9
85.17,86.5,87.83,88.36,87.5,87.07
87.42,87.75,87.17,89.27,85.83,87.49
85.42,86.42,89.67,88.58,90.17,88.05
87.0,88.25,89.0,88.58,89.5,88.47
85.58,88.58,87.17,85.93,87.5,86.95
87.42,86.92,88.83,88.67,89.17,88.2
86.5,88.17,87.67,84.6,88.5,87.09
86.58,88.83,86.5,90.42,90.67,88.6
88.58,87.17,88.5,86.93,84.83,87.2
87.17,89.42,86.5,89.29,86.0,87.67
88.25,89.33,87.83,87.36,85.5,87.65
87.25,87.33,88.5,88.24,87.33,87.73
87.75,87.17,89.67,87.36,89.83,88.35
88.33,88.42,90.67,87.13,87.0,88.31
89.17,88.92,85.5,87.49,88.17,87.85
89.17,87.67,89.33,84.87,85.83,87.37
89.17,87.58,86.33,84.33,86.17,86.72
87.83,87.17,87.17,85.56,89.33,87.41
83.75,87.33,87.33,85.76,89.5,86.73
90.5,89.25,88.83,87.38,87.67,88.73
86.42,87.0,86.0,87.42,87.0,86.77
86.08,85.0,89.17,88.56,86.33,87.03
86.58,89.0,85.5,87.64,86.0,86.95
88.17,87.42,89.67,86.27,84.83,87.27
86.92,87.75,89.33,89.84,85.0,87.77
88.5,87.67,86.33,86.98,88.17,87.53
89.17,86.83,90.0,89.98,89.5,89.1
86.58,89.42,87.83,90.31,89.5,88.73
85.58,87.17,86.5,89.71,88.5,87.49
88.58,86.75,85.0,86.16,84.0,86.1
88.0,86.33,90.17,87.91,88.33,88.15
88.5,87.75,88.0,86.24,87.83,87.67
88.5,87.75,88.33,87.07,88.83,88.1
87.83,84.33,86.33,88.89,89.0,87.28
86.83,87.83,88.0,87.0,89.67,87.87
86.83,88.0,86.33,84.4,88.33,86.78
84.42,87.17,89.17,88.69,84.83,86.85
87.25,88.92,87.33,86.6,89.33,87.89
89.0,87.08,87.5,88.16,86.17,87.58
85.75,87.58,88.33,88.4,89.67,87.95
86.58,87.0,86.33,88.24,87.67,87.17
89.67,87.42,90.0,85.56,86.33,87.79
87.5,87.75,87.17,87.8,86.67,87.38
88.08,85.75,88.67,85.56,86.5,86.91
84.0,87.42,87.5,85.27,89.0,86.64
86.08,86.83,85.83,86.8,88.83,86.88
87.17,87.33,86.67,88.31,88.5,87.6
88.83,85.33,91.83,89.04,89.33,88.88
87.83,85.92,87.5,86.58,89.17,87.4
86.83,88.33,84.83,89.51,87.33,87.37
85.67,85.42,85.83,86.8,87.67,86.28
88.5,88.0,84.5,85.73,88.33,87.01
87.5,84.5,86.33,86.96,87.0,86.46
88.33,89.17,86.67,88.38,84.0,87.31
88.25,84.67,85.33,87.16,85.0,86.08
87.25,89.92,86.67,89.64,88.17,88.33
87.08,87.83,84.83,87.62,88.5,87.17
89.17,86.83,86.0,88.09,88.17,87.65
87.0,86.25,88.0,89.24,85.67,87.23
87.92,87.75,88.33,88.67,85.67,87.67
88.33,87.0,87.5,89.44,87.83,88.02
87.92,90.25,89.67,87.87,86.17,88.37
88.17,86.5,83.67,87.31,88.0,86.73
87.08,90.92,87.0,87.31,86.17,87.7
86.17,90.08,86.0,88.98,86.33,87.51
87.33,86.33,88.17,88.96,88.67,87.89
89.08,86.67,90.33,87.93,88.67,88.54
89.0,87.5,83.83,85.47,87.83,86.73
87.0,88.5,88.33,85.44,88.33,87.52
87.75,88.42,88.83,90.07,84.17,87.85
86.75,86.42,86.0,86.22,85.5,86.18
87.92,85.75,87.17,87.8,89.83,87.69
89.42,87.58,87.67,87.09,87.83,87.92
88.17,88.75,88.17,85.89,89.0,87.99
84.92,86.25,84.83,85.47,87.0,85.69
87.33,86.08,88.33,87.58,87.0,87.27
85.83,89.83,89.17,87.11,90.5,88.49
87.92,87.67,84.0,86.87,87.17,86.72
88.17,87.33,87.67,86.53,84.33,86.81
87.0,87.08,83.5,87.8,85.67,86.21
86.5,86.83,90.0,86.76,88.17,87.65
85.92,87.75,85.0,89.11,88.83,87.32
87.5,89.67,91.67,86.98,85.67,88.3
86.75,88.0,85.67,84.33,83.5,85.65
89.17,88.17,86.83,87.91,89.83,88.38
87.25,86.42,84.67,87.13,88.17,86.73
87.25,87.08,88.17,89.98,84.0,87.3
86.58,88.08,86.83,88.67,89.33,87.9
87.0,87.75,88.67,88.22,89.17,88.16
88.92,88.42,84.33,87.42,87.83,87.38
85.25,90.17,86.33,86.13,87.83,87.14
89.67,83.67,85.33,86.91,88.5,86.82
86.42,87.58,84.67,87.58,88.0,86.85
85.25,86.42,86.33,88.82,89.83,87.33
88.0,87.58,86.17,87.47,90.83,88.01
87.75,88.58,87.5,87.91,87.67,87.88
86.58,88.5,89.83,90.64,87.83,88.68
87.08,86.5,87.33,86.31,89.83,87.41
89.5,88.5,89.5,86.8,85.5,87.96
86.75,87.67,90.17,86.71,89.5,88.16
88.08,85.75,91.5,87.58,87.33,88.05
87.42,89.67,88.83,86.42,88.17,88.1
86.92,89.17,90.0,89.71,88.5,88.86
88.83,89.92,88.83,85.78,89.83,88.64
86.5,86.58,88.0,89.0,88.0,87.62
88.0,88.0,84.67,86.42,86.0,86.62
86.83,86.5,88.67,88.22,89.5,87.94
87.08,88.0,88.67,87.13,91.33,88.44
89.25,87.17,88.0,86.84,88.17,87.89
87.25,85.33,85.83,83.78,90.17,86.47
87.33,87.17,88.5,86.64,85.67,87.06
89.67,87.5,88.0,84.84,89.5,87.9
88.42,87.75,89.0,87.27,90.33,88.55
87.33,86.83,87.33,84.87,85.5,86.37
87.42,87.33,89.33,88.98,88.83,88.38
85.67,86.42,91.17,86.07,85.67,87.0
85.42,88.0,88.33,87.51,85.67,86.99
88.42,89.0,91.17,87.96,85.67,88.44
89.5,87.33,87.83,86.16,85.33,87.23
87.75,87.0,89.0,88.96,89.83,88.51
87.75,86.5,89.17,86.42,91.33,88.23
87.0,89.25,86.0,88.98,88.33,87.91
87.33,91.42,87.83,87.33,89.0,88.58
87.33,88.92,84.0,90.04,88.83,87.83
85.42,86.92,85.17,90.16,90.83,87.7
88.0,86.75,89.0,85.73,88.5,87.6
88.17,87.17,89.33,90.6,89.67,88.99
89.75,87.42,86.17,87.91,85.33,87.32
88.58,84.58,84.0,88.16,87.0,86.46
86.83,87.67,84.0,85.29,89.17,86.59
88.0,90.42,85.67,86.09,89.17,87.87
88.75,88.67,86.67,86.96,90.5,88.31
87.92,90.0,86.83,88.11,85.5,87.67
87.83,88.92,85.67,85.02,86.5,86.79
86.67,87.33,87.5,86.11,88.83,87.29
87.25,88.17,86.67,87.18,90.83,88.02
87.42,87.33,90.33,87.02,90.33,88.49
87.5,86.58,90.67,86.89,87.83,87.89
88.17,88.58,87.33,86.96,87.33,87.67
86.67,86.58,86.5,88.07,89.17,87.4
88.83,88.5,89.5,88.84,86.5,88.44
86.75,86.58,84.5,86.67,86.67,86.23
89.0,88.83,89.17,86.82,86.67,88.1
86.25,89.17,85.0,85.51,90.5,87.29
85.25,87.58,88.67,88.24,88.83,87.72
88.33,87.92,87.67,88.47,90.33,88.54
85.58,87.0,85.67,88.44,88.5,87.04
89.5,86.92,87.17,88.36,88.0,87.99
88.33,87.33,87.33,86.6,86.5,87.22
87.17,87.17,87.83,88.67,85.67,87.3
87.42,88.75,87.5,86.76,86.83,87.45
87.83,88.33,86.33,89.02,87.17,87.74
86.33,89.5,89.67,87.49,87.83,88.16
88.92,85.67,89.17,86.67,86.67,87.42
85.33,86.75,91.0,86.82,85.17,87.01
85.5,86.83,86.67,87.33,86.83,86.63
89.33,87.08,86.0,85.02,88.67,87.22
88.08,87.33,86.17,85.24,86.5,86.67
90.92,86.08,88.17,85.76,91.33,88.45
86.67,89.0,85.67,87.22,87.17,87.14
86.58,87.08,86.5,86.84,86.67,86.74
89.92,90.25,85.0,87.73,89.0,88.38
86.75,86.42,88.33,86.6,84.33,86.49
87.33,86.92,87.5,87.53,88.83,87.62
89.25,90.0,89.5,86.62,86.33,88.34
91.08,88.67,88.33,87.49,91.33,89.38
88.42,85.25,87.33,89.13,88.17,87.66
85.17,87.17,86.5,86.04,87.17,86.41
87.92,87.67,91.5,88.18,90.5,89.15
89.83,87.92,87.0,87.67,85.0,87.48
88.67,85.92,88.0,85.62,86.17,86.87
88.67,90.17,92.0,86.58,87.0,88.88
87.33,88.5,90.17,90.73,86.5,88.65
85.83,86.25,86.67,88.47,86.5,86.74
88.33,88.42,86.67,89.22,89.33,88.39
87.08,86.08,88.5,86.96,87.83,87.29
85.92,87.5,85.17,86.27,86.83,86.34
87.75,87.67,88.17,88.07,87.33,87.8
89.25,89.08,87.0,87.53,87.67,88.11
88.0,87.0,89.5,85.07,86.83,87.28
87.33,84.58,89.0,85.82,85.83,86.51
88.08,86.67,86.33,89.36,86.67,87.42
89.75,87.08,84.33,87.71,87.33,87.24
87.67,88.42,89.0,88.62,86.33,88.01
87.0,89.25,85.17,88.18,89.0,87.72
86.67,88.83,87.17,87.58,86.0,87.25
87.08,88.5,86.17,86.42,89.33,87.5
87.5,86.17,88.83,87.78,90.33,88.12
88.25,87.0,90.0,86.78,87.33,87.87
89.0,88.25,83.17,87.09,88.83,87.27
89.58,87.25,88.0,85.93,88.67,87.89
88.5,86.5,84.67,86.6,87.5,86.75
84.0,85.58,89.0,87.33,89.0,86.98
88.17,89.0,87.5,89.33,87.0,88.2
87.42,87.92,89.67,88.29,86.33,87.92
89.58,87.58,87.0,87.24,87.83,87.85
86.83,88.08,85.67,88.73,85.67,87.0
88.92,87.58,86.5,86.11,90.5,87.92
87.17,85.58,85.0,87.6,91.67,87.4
85.33,90.25,88.33,89.33,86.5,87.95
87.25,88.42,89.67,86.93,86.67,87.79
89.42,91.0,87.33,90.36,87.17,89.05
85.83,87.5,87.33,86.78,84.33,86.36
87.42,89.33,84.17,91.69,87.0,87.92
87.17,87.75,85.83,86.8,87.17,86.94
87.92,85.83,84.5,85.47,86.67,86.08
87.92,87.83,86.0,87.84,89.67,87.85
88.42,86.25,86.33,90.16,89.33,88.1
87.58,85.75,88.17,89.96,85.17,87.32
88.5,89.67,89.0,86.42,88.33,88.38
88.08,88.92,88.33,90.18,87.83,88.67
89.08,89.83,88.33,86.44,84.67,87.67
86.33,86.75,87.67,89.02,88.67,87.69
88.83,87.33,87.83,87.93,89.17,88.22
87.67,88.17,87.5,89.13,88.5,88.19
87.25,86.67,91.0,88.42,89.0,88.47
88.58,87.58,87.67,90.02,89.67,88.7
88.92,89.08,87.33,87.16,86.83,87.86
87.08,87.17,89.33,87.02,88.83,87.89
85.5,85.67,86.17,87.53,87.33,86.44
86.17,85.75,87.83,86.02,85.67,86.29
87.83,86.0,89.0,87.04,85.83,87.14
86.5,86.25,88.0,85.47,86.83,86.61
88.5,88.33,89.83,87.69,86.83,88.24
86.75,86.08,88.0,88.62,87.17,87.32
88.33,88.33,87.5,87.73,89.5,88.28
85.75,87.25,90.17,87.76,90.33,88.25
86.25,87.08,88.0,87.31,90.5,87.83
84.25,88.33,83.67,86.56,88.17,86.19
89.0,88.5,88.17,85.84,89.0,88.1
87.92,87.25,84.83,89.16,86.0,87.03
88.42,86.67,92.5,90.24,90.33,89.63
86.92,86.33,91.17,90.13,85.83,88.08
87.83,88.17,85.83,88.31,90.5,88.13
89.25,87.33,88.5,86.4,91.0,88.5
85.42,88.5,86.83,89.4,84.17,86.86
87.25,86.67,87.0,84.47,88.33,86.74
86.25,87.0,86.83,87.76,87.0,86.97
87.17,88.5,89.33,88.56,87.17,88.14
91.0,88.5,85.33,87.29,84.67,87.36
88.33,89.75,86.67,88.42,88.0,88.23
87.33,86.08,89.17,87.76,87.5,87.57
86.42,86.92,87.33,88.47,88.83,87.59
86.58,88.17,86.33,88.0,87.5,87.32
88.25,87.08,88.5,86.76,86.33,87.38
87.5,89.67,84.17,88.89,90.0,88.04
86.17,85.92,85.33,85.51,88.33,86.25
87.75,87.67,83.17,86.33,90.33,87.05
88.42,88.42,88.17,84.91,87.17,87.42
87.08,85.0,89.67,86.47,89.17,87.48
89.25,88.0,90.83,88.13,89.17,89.08
86.67,88.08,83.67,85.24,87.0,86.13
89.83,87.25,87.5,88.38,87.5,88.09
85.42,88.0,86.5,85.98,89.5,87.08
88.25,86.33,85.33,87.6,87.67,87.04
85.42,86.08,89.83,88.31,87.5,87.43
88.67,88.0,85.5,91.73,86.67,88.11
87.0,86.92,90.5,85.78,87.83,87.61
86.0,88.17,88.17,87.53,87.33,87.44
88.42,87.67,89.17,86.27,87.5,87.8
86.92,88.75,88.0,88.24,88.5,88.08
88.92,85.17,89.33,85.76,83.17,86.47
89.08,87.67,87.5,84.84,82.83,86.39
86.08,88.92,86.17,87.18,88.5,87.37
88.5,87.25,87.0,89.22,87.17,87.83
87.42,87.92,89.83,90.02,87.5,88.54
85.75,86.33,89.83,87.64,89.67,87.85
89.58,87.83,89.17,87.47,88.33,88.48
87.0,85.83,87.67,87.67,88.67,87.37
89.08,86.58,86.17,89.56,85.67,87.41
88.42,87.5,86.33,88.42,88.67,87.87
87.42,86.33,89.33,88.4,88.33,87.96
87.25,87.17,87.0,89.58,91.83,88.57
88.5,87.0,84.33,87.33,88.17,87.07
88.17,87.42,89.83,87.84,86.67,87.99
85.42,89.75,88.33,88.38,87.5,87.88
87.67,87.25,84.83,86.56,87.17,86.69
85.75,88.33,85.5,86.91,90.0,87.3
88.25,88.5,88.0,86.69,85.5,87.39
86.33,88.25,87.17,90.8,88.0,88.11
88.25,89.0,84.83,90.33,87.17,87.92
87.33,87.42,90.0,87.53,88.5,88.16
89.33,87.92,86.5,87.2,83.5,86.89
87.0,88.67,88.33,89.22,89.17,88.48
87.17,85.17,87.0,87.44,89.5,87.26
87.08,87.75,89.0,88.76,88.17,88.15
88.83,86.0,87.5,86.62,87.17,87.22
87.58,88.33,88.67,88.76,84.5,87.57
87.67,88.0,88.67,86.13,87.17,87.53
87.83,87.58,83.83,85.33,88.33,86.58
87.92,86.42,87.17,90.36,87.33,87.84
87.33,87.67,89.17,89.4,85.0,87.71
88.08,87.5,90.0,89.07,86.17,88.16
87.58,86.17,85.33,85.67,86.33,86.22
87.42,87.25,88.0,87.62,88.83,87.82
84.75,86.17,88.33,88.0,86.5,86.75
87.25,86.5,87.83,89.62,86.0,87.44
85.67,86.42,89.83,86.2,88.5,87.32
85.92,86.92,87.17,86.64,85.0,86.33
86.0,86.42,87.33,87.18,84.33,86.25
87.58,86.5,86.83,86.24,85.17,86.47
86.17,85.42,87.67,85.82,86.83,86.38
86.58,87.33,90.83,88.73,88.5,88.4
86.92,87.0,85.33,85.96,88.17,86.67
87.25,86.75,93.0,85.36,86.67,87.8
88.58,87.08,85.67,88.13,87.17,87.33
88.08,86.17,89.0,87.84,89.5,88.12
88.33,88.75,87.33,87.73,89.67,88.36
85.92,89.17,89.17,87.47,88.83,88.11
88.67,85.5,88.0,87.07,86.67,87.18
85.92,87.33,88.0,87.8,86.5,87.11
87.67,87.0,85.0,86.18,87.5,86.67
88.08,88.75,87.83,88.27,87.67,88.12
86.42,91.58,86.33,88.44,88.33,88.22
89.17,86.5,88.5,85.78,85.0,86.99
86.08,86.67,87.0,85.8,83.0,85.71
89.33,86.67,86.67,88.11,88.33,87.82
88.25,87.83,88.67,87.53,89.5,88.36
87.33,88.0,83.83,85.56,88.83,86.71
87.5,89.0,85.33,87.18,86.33,87.07
87.83,90.33,85.83,88.02,88.33,88.07
86.33,87.0,88.33,86.36,89.33,87.47
89.67,86.5,87.67,88.22,88.5,88.11
89.17,89.17,84.67,88.42,89.5,88.18
86.58,88.17,90.5,85.71,85.83,87.36
89.5,87.75,86.67,87.98,87.67,87.91
86.17,88.67,86.33,90.02,85.67,87.37
87.25,87.33,88.17,87.84,86.17,87.35
87.25,87.17,87.17,85.31,87.83,86.95
86.25,86.75,87.83,84.89,85.33,86.21
87.33,87.25,89.33,90.18,87.33,88.29
89.08,87.67,86.33,85.91,88.83,87.57
86.58,88.58,91.83,89.11,89.33,89.09
85.33,88.33,92.17,87.69,86.5,88.0
88.42,87.5,85.83,87.07,83.67,86.5
87.92,86.5,88.33,87.56,88.67,87.79
86.92,89.42,89.5,86.67,82.5,87.0
89.92,89.0,88.17,86.82,87.67,88.31
86.75,86.92,88.83,86.02,89.17,87.54
87.5,87.58,87.67,85.53,85.5,86.76
88.33,89.17,87.33,86.96,88.33,88.02
90.08,87.58,89.33,86.04,89.67,88.54
89.0,88.33,88.33,86.18,88.83,88.14
88.67,86.75,91.17,84.76,85.17,87.3
88.67,88.42,88.33,86.8,88.33,88.11
88.42,88.75,90.0,87.09,83.83,87.62
88.17,87.92,88.17,88.53,88.5,88.26
87.58,88.08,85.5,86.02,86.83,86.8
87.83,87.58,86.17,88.02,92.83,88.49
88.17,88.17,89.0,86.18,88.17,87.94
87.42,89.33,87.83,88.09,87.67,88.07
85.58,86.42,86.33,88.13,82.83,85.86
87.75,88.17,90.17,87.62,89.33,88.61
88.42,85.83,86.17,86.84,86.5,86.75
88.08,88.58,89.67,88.62,90.5,89.09
88.42,86.33,87.33,85.2,85.17,86.49
89.0,88.5,90.83,86.87,87.17,88.47
85.42,87.0,87.17,86.44,86.17,86.44
88.0,87.0,86.83,88.33,89.67,87.97
87.0,88.08,87.83,89.13,88.5,88.11
87.42,86.08,87.83,87.82,87.5,87.33
87.42,89.25,83.67,88.42,89.17,87.58
85.08,86.42,85.5,88.6,89.17,86.95
86.42,88.25,86.17,89.53,90.67,88.21
88.25,87.92,87.17,85.13,88.17,87.33
88.58,87.75,86.17,88.16,90.17,88.16
88.42,87.83,90.83,88.76,86.67,88.5
87.92,84.17,86.0,86.13,87.5,86.34
86.75,88.42,87.33,89.6,87.83,87.99
87.17,87.17,87.67,88.82,86.83,87.53
88.58,89.75,85.5,88.93,89.5,88.45
87.42,87.33,88.0,88.62,89.33,88.14
87.58,89.67,86.5,87.49,88.5,87.95
87.33,86.58,89.5,86.96,88.33,87.74
88.17,86.17,87.83,88.71,86.83,87.54
87.92,85.92,90.83,83.87,85.5,86.81
87.67,86.5,88.5,88.62,90.33,88.32
88.08,88.75,86.5,87.71,85.0,87.21
85.58,85.0,86.67,85.53,85.67,85.69
89.17,87.67,85.5,85.67,87.0,87.0
85.0,87.67,89.5,88.58,85.83,87.32
88.67,88.42,87.17,85.29,85.5,87.01
86.92,87.92,86.67,87.84,85.67,87.0
87.33,88.42,87.83,86.44,88.67,87.74
87.92,87.75,88.33,87.18,87.33,87.7
88.08,85.0,87.83,87.53,85.67,86.82
87.08,89.08,87.33,88.13,84.83,87.29
87.83,89.75,92.0,86.58,85.0,88.23
88.67,88.75,86.5,87.18,87.0,87.62
88.08,87.08,87.33,88.62,89.0,88.02
88.42,85.17,87.83,87.73,86.5,87.13
87.08,85.58,87.83,88.07,88.0,87.31
88.58,87.67,85.0,88.56,91.5,88.26
87.67,87.58,89.17,88.4,90.67,88.7
86.0,87.0,84.33,84.84,85.0,85.44
86.25,86.42,83.17,86.47,85.67,85.59
86.0,86.83,90.17,85.67,85.0,86.73
90.0,86.58,87.0,88.13,84.17,87.18
88.42,88.25,88.5,89.47,87.67,88.46
88.0,90.0,85.83,84.42,86.67,86.98
86.5,88.67,85.67,87.38,91.17,87.88
89.75,88.17,87.0,87.13,87.0,87.81
87.42,86.92,83.83,88.22,83.5,85.98
87.17,88.08,88.17,87.07,90.17,88.13
86.83,86.33,86.17,89.49,86.33,87.03
86.83,87.75,87.0,89.71,89.33,88.13
88.17,87.5,91.67,89.33,87.67,88.87
86.92,87.92,89.67,84.98,88.0,87.5
88.17,87.0,87.67,86.76,88.67,87.65
88.58,87.0,87.33,87.58,90.17,88.13
85.58,87.33,86.83,87.89,85.17,86.56
89.17,88.25,86.17,88.4,88.67,88.13
87.67,87.25,84.83,86.87,84.67,86.26
90.33,86.08,87.17,86.56,86.5,87.33
88.83,86.42,89.5,88.78,87.5,88.21
87.33,87.0,87.5,87.69,88.5,87.6
88.67,88.67,87.83,85.91,88.33,87.88
86.25,87.58,88.83,86.89,90.5,88.01
83.67,86.33,87.5,88.11,90.67,87.26
88.5,88.58,88.33,87.91,88.17,88.3
88.67,86.83,85.0,86.62,86.67,86.76
87.83,87.0,83.67,89.91,86.33,86.95
90.0,86.08,89.0,85.69,87.17,87.59
88.83,87.58,82.67,86.42,85.5,86.2
88.58,86.92,85.5,87.78,86.0,86.96
87.17,87.58,90.17,89.22,88.83,88.59
87.17,84.42,83.83,87.22,86.67,85.86
86.83,86.92,87.67,85.58,85.83,86.57
88.17,87.0,84.83,86.62,90.17,87.36
86.0,88.17,85.0,87.93,87.0,86.82
88.0,86.33,86.33,86.71,89.0,87.28
88.75,87.08,88.17,84.8,88.0,87.36
86.5,87.75,86.5,86.78,88.0,87.11
88.17,87.08,89.17,88.29,84.17,87.37
88.25,87.67,90.5,85.62,86.83,87.77
85.25,87.08,87.67,87.04,88.0,87.01
88.67,85.67,87.33,87.51,86.67,87.17
88.83,87.58,86.17,87.11,86.33,87.21
87.5,88.25,85.67,86.71,90.83,87.79
90.33,88.5,86.33,86.93,87.17,87.85
87.25,85.17,88.33,86.53,86.33,86.72
88.42,86.58,86.0,87.38,87.67,87.21
86.08,86.08,85.67,90.27,85.83,86.79
87.92,87.75,88.33,87.44,88.67,88.02
87.5,84.92,85.33,88.22,85.33,86.26
85.25,88.42,87.17,87.89,86.67,87.08
89.0,87.0,87.17,87.29,89.33,87.96
88.42,87.08,88.33,89.44,86.0,87.86
88.0,89.58,89.33,83.84,86.0,87.35
88.25,87.75,88.0,87.07,92.83,88.78
89.92,88.25,87.0,87.71,86.83,87.94
88.17,87.67,85.0,87.27,89.17,87.45
88.58,87.5,86.67,87.78,87.17,87.54
87.08,87.25,86.17,89.36,87.67,87.5
86.5,88.5,86.83,89.8,85.5,87.43
87.0,89.75,85.33,87.6,90.5,88.04
88.42,83.92,84.33,87.56,85.83,86.01
86.25,84.25,86.5,89.69,87.33,86.8
89.33,88.5,87.0,89.76,86.17,88.15
86.83,88.58,86.67,91.16,87.5,88.15
84.83,89.42,90.67,84.07,93.0,88.4
86.83,86.5,87.17,87.47,88.67,87.33
87.08,87.17,86.0,87.62,87.0,86.97
86.33,88.25,88.83,88.07,85.0,87.3
87.67,86.5,87.33,87.22,89.83,87.71
88.25,85.33,85.17,87.73,86.33,86.56
86.17,87.17,87.83,88.64,86.0,87.16
86.0,85.42,90.33,87.58,87.33,87.33
90.83,85.75,85.5,87.64,86.17,87.18
85.58,86.67,83.83,86.96,90.0,86.61
84.5,86.83,85.67,87.18,88.17,86.47
88.33,87.42,89.83,87.8,85.5,87.78
89.33,88.83,89.33,88.04,86.67,88.44
87.33,87.67,87.67,88.51,88.17,87.87
88.0,88.08,88.33,86.44,86.33,87.44
86.08,87.0,88.67,86.09,87.83,87.13
89.0,87.75,85.0,88.16,86.83,87.35
85.5,89.08,87.5,88.29,86.83,87.44
87.42,89.08,88.17,86.47,86.67,87.56
86.92,88.92,86.67,87.87,87.5,87.57
88.5,86.5,88.17,87.44,86.5,87.42
86.92,86.83,87.5,87.58,86.0,86.97
89.25,87.33,88.67,89.27,84.33,87.77
83.83,89.08,91.33,86.49,86.17,87.38
89.33,86.75,84.0,87.76,85.67,86.7
87.92,85.83,89.83,87.67,87.83,87.82
86.17,86.67,86.67,89.18,87.5,87.24
88.58,87.08,91.17,87.33,87.17,88.27
88.75,88.25,85.83,85.09,86.83,86.95
88.67,87.75,88.5,88.62,87.33,88.17
87.92,86.75,86.83,89.04,89.17,87.94
86.92,88.58,90.17,89.89,88.5,88.81
87.08,87.08,87.33,85.04,86.67,86.64
87.5,87.33,84.83,87.22,88.5,87.08
86.0,88.42,86.83,89.11,87.67,87.61
85.83,87.0,88.0,87.24,85.67,86.75
87.67,88.25,87.83,85.71,89.0,87.69
85.92,89.17,89.17,86.67,89.17,88.02
87.83,88.83,84.67,86.62,87.33,87.06
88.67,89.67,87.83,86.38,86.17,87.74
86.42,85.75,86.67,85.73,87.67,86.45
89.33,90.42,84.67,83.67,87.83,87.18
85.83,85.42,86.83,87.82,88.33,86.85
85.67,89.58,87.83,87.11,87.17,87.47
89.0,86.42,87.33,88.29,85.83,87.37
88.33,87.67,87.5,86.98,87.17,87.53
86.75,87.58,89.5,86.4,85.67,87.18
85.58,88.08,83.0,87.8,89.17,86.73
89.0,84.42,89.17,87.31,89.33,87.85
87.08,86.5,88.5,86.53,89.0,87.52
89.17,87.08,88.0,84.18,85.5,86.79
85.58,91.75,85.33,88.47,84.17,87.06
87.83,88.08,87.17,85.69,86.83,87.12
88.67,87.42,89.0,89.29,90.17,88.91
86.83,87.17,88.83,87.62,87.0,87.49
87.67,88.08,87.5,89.87,89.67,88.56
87.42,87.33,92.17,87.2,85.67,87.96
85.75,89.67,87.83,86.31,89.33,87.78
86.42,87.92,88.83,88.62,89.5,88.26
85.25,89.17,83.17,87.07,87.5,86.43
85.42,88.67,86.83,86.73,85.83,86.7
87.92,86.83,88.17,88.4,88.83,88.03
84.33,89.08,87.17,89.13,88.17,87.58
87.08,87.5,90.5,88.22,84.17,87.49
89.25,88.67,87.0,86.91,92.33,88.83
86.17,86.0,88.33,88.36,86.17,87.0
86.58,85.25,85.5,87.11,88.0,86.49
87.42,89.75,89.5,89.96,87.33,88.79
86.08,89.25,88.0,87.98,88.67,88.0
84.0,87.0,87.17,89.4,84.33,86.38
87.33,87.92,88.33,88.6,88.0,88.04
86.92,88.58,87.33,87.29,89.0,87.82
88.25,86.58,84.83,88.22,87.0,86.98
85.75,87.67,86.0,85.16,85.33,85.98
88.08,86.67,90.33,86.76,90.67,88.5
85.92,86.17,86.83,86.76,87.83,86.7
85.08,88.5,90.83,85.89,91.17,88.29
88.08,88.42,89.67,89.49,88.5,88.83
85.25,86.67,87.67,87.71,90.17,87.49
85.83,86.42,87.67,86.56,91.33,87.56
90.33,85.58,83.67,88.47,85.0,86.61
86.33,90.25,89.17,87.53,89.0,88.46
87.42,89.08,87.5,87.2,89.17,88.07
87.83,85.83,86.67,87.13,87.83,87.06
87.75,88.33,85.67,87.18,86.33,87.05
86.83,87.5,85.5,85.8,90.0,87.13
84.33,86.08,88.67,85.22,88.67,86.59
86.83,88.83,86.67,88.98,86.83,87.63
88.92,88.25,87.0,90.29,88.33,88.56
85.67,88.17,86.0,88.53,85.83,86.84
86.17,86.5,86.67,87.98,86.17,86.7
84.92,85.42,90.17,85.93,85.0,86.29
87.17,88.75,88.67,87.76,84.5,87.37
87.75,86.0,89.33,89.13,90.0,88.44
86.5,84.17,88.67,86.11,86.0,86.29
85.5,87.17,83.0,88.11,89.83,86.72
87.25,86.92,88.0,86.78,88.83,87.56
86.83,85.17,87.5,88.73,85.67,86.78
86.08,84.75,84.17,86.42,88.17,85.92
87.67,86.08,86.5,89.47,88.0,87.54
86.67,84.67,90.0,87.47,87.5,87.26
86.92,86.92,87.17,89.64,85.83,87.3
88.5,88.0,88.67,89.42,87.67,88.45
88.33,89.75,87.33,85.82,86.83,87.61
87.75,90.17,86.0,87.33,88.83,88.02
88.33,85.33,86.33,86.51,84.67,86.24
86.83,84.83,91.33,86.49,86.83,87.26
88.58,88.92,88.0,87.33,87.5,88.07
88.83,87.92,87.67,88.71,88.5,88.33
89.25,85.08,87.67,87.18,88.17,87.47
87.75,87.92,87.33,89.11,88.5,88.12
87.58,85.67,89.5,85.67,89.67,87.62
86.75,88.83,88.0,86.84,88.33,87.75
88.33,87.33,87.17,88.62,89.5,88.19
87.42,87.67,83.17,89.36,86.17,86.75
87.58,87.5,85.83,90.31,88.0,87.85
87.5,89.17,90.0,86.16,91.33,88.83
87.83,88.67,87.17,86.73,86.83,87.45
90.0,86.75,86.67,87.38,88.5,87.86
89.17,87.0,88.0,86.56,89.17,87.98
88.92,87.58,87.83,88.8,86.17,87.86
86.0,84.75,89.17,86.47,86.67,86.61
85.42,86.0,86.0,88.51,92.5,87.69
89.33,89.83,85.33,88.64,85.67,87.76
87.83,84.17,86.67,88.16,84.67,86.3
89.08,84.08,87.67,89.98,90.17,88.2
86.08,86.92,89.33,88.47,86.67,87.49
86.33,88.67,87.17,88.04,87.17,87.48
85.58,84.5,90.5,90.64,87.5,87.75
86.33,86.08,88.17,86.82,86.33,86.75
87.58,90.17,89.17,86.18,86.83,87.99
85.17,88.67,88.5,84.62,86.67,86.72
88.83,88.0,87.0,85.53,89.67,87.81
88.5,87.58,88.5,90.13,90.17,88.98
88.5,87.67,89.83,91.27,88.0,89.05
86.42,87.67,89.17,85.22,85.5,86.79
85.5,89.17,84.17,87.0,86.17,86.4
87.75,86.17,85.5,89.24,86.33,87.0
89.5,87.92,87.83,87.33,88.83,88.28
90.75,90.33,86.17,85.33,88.33,88.18
90.33,87.0,85.67,85.31,90.83,87.83
87.83,87.75,88.33,87.91,85.67,87.5
85.5,86.83,84.83,87.51,87.83,86.5
89.0,85.67,83.33,84.18,87.67,85.97
88.0,86.75,88.5,88.2,90.0,88.29
86.83,88.75,87.83,87.24,87.0,87.53
87.67,88.5,88.67,89.64,87.5,88.4
88.25,89.5,85.0,86.56,88.33,87.53
88.92,86.67,85.83,85.69,87.17,86.85
86.67,87.25,86.0,86.58,87.33,86.77
88.25,88.5,88.0,87.2,84.33,87.26
89.0,87.5,88.5,87.29,90.33,88.52
86.75,87.42,86.67,88.13,90.0,87.79
89.0,85.17,86.33,87.02,89.67,87.44
88.33,87.17,88.0,88.96,87.67,88.02
87.67,87.42,87.33,87.62,90.0,88.01
87.75,88.08,91.0,88.8,89.5,89.03
87.67,86.58,90.17,90.71,85.33,88.09
87.25,86.75,87.83,89.47,88.33,87.93
87.0,88.42,90.83,86.87,87.33,88.09
86.5,85.42,88.33,88.11,86.33,86.94
86.08,87.92,87.83,88.4,89.17,87.88
85.83,84.92,89.17,86.56,87.5,86.79
86.75,87.0,89.17,86.64,85.83,87.08
86.58,89.42,89.67,87.62,86.67,87.99
88.08,88.83,87.17,89.47,90.17,88.74
86.25,86.92,87.83,85.64,88.17,86.96
87.42,88.33,87.67,87.31,86.67,87.48
85.42,89.08,87.67,89.82,84.0,87.2
86.58,87.5,88.5,89.16,86.17,87.58
88.08,90.0,85.67,86.73,88.33,87.76
88.42,85.33,85.83,85.8,90.33,87.14
88.17,89.75,87.67,83.31,84.0,86.58
87.33,88.0,88.67,89.22,88.33,88.31
87.08,88.25,87.17,89.04,87.17,87.74
87.75,88.58,87.17,88.58,86.83,87.78
86.25,86.5,88.33,88.53,88.0,87.52
89.92,85.58,88.67,87.62,87.5,87.86
86.5,88.42,87.67,87.98,87.17,87.55
89.0,85.33,87.0,89.22,90.17,88.14
90.33,86.58,85.5,86.62,87.5,87.31
86.75,86.33,89.83,85.67,86.67,87.05
85.17,87.08,87.33,86.69,87.83,86.82
89.42,87.83,86.5,86.2,86.5,87.29
87.83,87.5,85.0,86.42,83.67,86.08
87.17,89.25,85.0,88.09,83.0,86.5
87.42,88.25,84.33,86.4,86.17,86.51
87.75,87.42,84.17,86.29,87.5,86.62
87.42,87.92,88.33,88.49,87.33,87.9
85.0,89.25,88.83,87.93,83.83,86.97
87.17,88.0,85.5,87.82,89.67,87.63
86.17,85.5,86.83,87.56,88.17,86.84
87.5,86.92,90.33,87.53,86.17,87.69
87.83,87.75,89.83,88.4,89.33,88.63
88.83,86.67,85.17,87.84,89.83,87.67
90.08,87.08,87.67,90.09,83.67,87.72
86.08,89.33,87.5,87.29,87.5,87.54
87.0,87.83,85.83,86.38,86.17,86.64
86.75,88.17,83.5,86.89,88.83,86.83
85.0,90.08,86.83,87.76,87.17,87.37
87.92,87.58,87.67,88.27,86.83,87.65
85.17,88.33,87.83,86.78,85.5,86.72
86.33,88.58,87.67,88.71,87.67,87.79
87.67,87.42,89.0,88.16,88.83,88.21
88.58,87.0,87.17,87.02,83.83,86.72
85.33,89.17,88.33,84.93,86.5,86.85
86.08,87.0,84.5,87.62,88.5,86.74
86.42,87.42,88.17,88.53,85.67,87.24
86.83,84.92,88.33,87.44,88.83,87.27
88.0,87.5,87.0,86.78,89.33,87.72
87.25,88.42,88.17,87.96,89.67,88.29
87.0,87.92,87.5,85.53,87.67,87.12
88.42,86.67,85.83,89.93,86.17,87.4
89.67,88.08,90.0,87.36,86.0,88.22
86.83,87.17,89.33,84.89,87.0,87.04
89.5,86.42,86.83,87.07,87.33,87.43
87.58,88.67,87.0,86.18,89.33,87.75
84.67,86.83,86.33,87.98,89.0,86.96
84.75,85.25,83.33,85.78,91.5,86.12
85.42,88.58,84.33,85.8,87.17,86.26
88.5,85.5,83.83,86.42,84.17,85.68
87.25,87.75,88.67,85.33,89.17,87.63
89.17,88.83,88.33,87.13,84.0,87.49
88.0,86.75,89.83,87.84,84.67,87.42
88.67,88.0,88.5,89.82,84.83,87.96
89.75,86.5,90.0,88.09,87.17,88.3
88.75,88.08,83.83,85.2,86.17,86.41
86.58,87.0,87.33,91.31,87.0,87.85
87.17,87.5,88.83,89.31,87.67,88.1
87.08,89.25,88.0,87.42,89.17,88.18
86.42,86.08,86.67,86.87,85.83,86.37
86.33,87.75,91.0,87.24,92.5,88.97
88.92,86.83,87.5,84.69,87.17,87.02
88.25,86.33,86.0,85.11,87.17,86.57
88.5,87.67,88.33,87.51,85.5,87.5
87.5,87.5,90.67,87.87,88.67,88.44
87.75,85.67,85.83,86.98,85.67,86.38
86.08,87.83,86.5,87.13,88.0,87.11
85.67,87.17,86.33,90.24,89.83,87.85
89.17,88.5,85.5,90.2,84.33,87.54
85.92,85.92,87.67,88.53,86.5,86.91
86.33,88.25,88.33,88.76,87.17,87.77
89.5,87.42,85.5,85.84,86.33,86.92
87.58,88.83,87.5,85.84,83.67,86.69
87.83,89.08,87.0,86.36,89.67,87.99
87.17,88.67,89.5,88.36,88.5,88.44
87.67,89.0,84.5,85.31,81.83,85.66
86.75,89.92,87.67,85.42,89.5,87.85
87.58,88.0,88.67,87.0,85.33,87.32
86.0,90.25,88.17,89.58,85.17,87.83
89.58,85.08,87.17,85.84,89.33,87.4
87.0,85.58,88.33,86.4,86.17,86.7
87.92,88.08,89.5,90.07,88.0,88.71
85.0,87.75,88.83,89.2,86.33,87.42
88.58,90.67,87.5,87.62,86.0,88.07
87.42,88.83,85.33,87.56,87.0,87.23
87.83,88.5,84.67,88.09,90.5,87.92
86.75,87.92,86.67,88.47,89.33,87.83
86.0,87.75,87.67,87.38,85.5,86.86
86.42,88.25,89.83,88.27,90.17,88.59
88.33,87.17,88.67,86.53,87.0,87.54
90.75,87.67,85.67,86.22,87.33,87.53
85.92,88.83,91.33,87.62,86.33,88.01
86.17,85.5,90.0,85.8,84.83,86.46
85.58,89.67,88.0,89.09,85.83,87.63
85.0,86.08,87.33,85.89,90.33,86.93
85.33,88.58,89.0,89.29,88.17,88.07
87.42,90.17,88.17,87.64,89.83,88.65
85.5,86.42,87.5,89.24,89.17,87.57
88.75,86.08,85.0,87.04,87.5,86.88
87.83,85.75,90.0,85.16,88.83,87.51
88.17,87.58,89.0,87.67,84.0,87.28
88.58,87.42,86.83,89.0,90.17,88.4
89.08,88.25,86.33,88.91,87.17,87.95
88.92,88.58,90.67,88.0,89.5,89.13
88.58,87.75,90.0,87.2,85.17,87.74
88.42,87.33,87.5,87.53,88.33,87.82
86.33,86.67,86.5,87.73,86.17,86.68
87.33,88.33,85.83,86.8,88.33,87.33
86.75,86.25,86.67,88.04,86.83,86.91
86.17,87.33,86.83,88.76,87.17,87.25
88.17,86.5,86.83,86.51,84.0,86.4
85.58,88.33,91.83,89.6,84.5,87.97
89.58,86.0,84.5,88.4,89.83,87.66
84.83,87.5,87.33,85.87,83.17,85.74
86.75,85.08,87.67,88.58,89.33,87.48
88.92,87.75,87.67,90.47,87.83,88.53
86.5,87.58,85.33,87.6,85.17,86.44
87.08,85.83,85.0,86.07,87.67,86.33
90.42,86.67,87.33,86.44,83.33,86.84
88.67,90.17,91.67,86.27,86.17,88.59
84.08,86.25,86.83,90.53,87.67,87.07
87.42,85.17,86.0,88.82,87.17,86.91
87.67,87.92,85.67,87.0,89.17,87.48
89.17,87.17,84.17,86.36,83.33,86.04
88.08,86.58,83.5,85.24,90.0,86.68
87.25,85.33,87.0,85.91,83.5,85.8
89.0,88.25,86.17,85.62,90.83,87.97
88.08,85.92,89.5,88.36,91.17,88.6
88.0,88.17,87.33,86.84,85.67,87.2
86.5,89.5,90.33,87.8,88.0,88.43
87.83,88.92,86.67,87.24,84.33,87.0
88.25,87.42,89.0,88.6,86.17,87.89
89.25,88.0,90.0,84.96,87.17,87.87
86.5,88.5,90.33,88.42,89.5,88.65
87.08,90.17,87.33,87.16,88.67,88.08
85.5,84.83,87.83,85.73,89.17,86.61
88.75,86.17,87.5,87.07,84.33,86.76
88.17,86.67,84.17,85.96,86.67,86.32
87.25,89.67,87.0,87.24,87.67,87.77
87.75,87.08,85.5,90.0,87.17,87.5
84.67,88.42,86.5,89.18,86.5,87.05
88.17,85.75,90.33,85.87,90.0,88.02
88.33,87.92,87.83,88.0,84.0,87.22
88.5,88.92,88.17,87.58,88.0,88.23
88.5,88.0,84.83,89.64,85.0,87.2
85.25,86.08,85.33,88.24,86.33,86.25
85.58,88.58,88.0,87.93,89.17,87.85
85.33,89.33,85.5,88.84,87.17,87.24
84.67,89.5,87.5,88.29,88.83,87.76
87.25,84.42,87.17,89.4,88.0,87.25
86.0,87.17,88.17,87.18,85.67,86.84
89.75,88.33,83.5,88.42,89.17,87.83
87.58,87.42,88.33,89.07,88.17,88.11
85.33,87.83,87.83,87.84,90.33,87.84
87.75,87.42,87.5,84.02,89.17,87.17
86.83,88.25,86.67,87.09,91.5,88.07
87.67,89.0,87.83,86.2,88.0,87.74
85.92,90.0,85.17,86.38,88.33,87.16
88.42,87.33,89.0,88.02,88.17,88.19
87.33,88.58,88.5,90.76,86.83,88.4
86.33,86.92,87.83,89.02,85.17,87.05
85.92,89.0,85.33,88.4,87.83,87.3
87.33,88.25,87.83,86.13,90.0,87.91
89.5,87.08,88.83,86.33,87.17,87.78
87.83,88.08,83.83,87.58,87.67,87.0
87.92,87.42,86.33,86.44,84.83,86.59
88.08,87.25,84.83,86.98,85.5,86.53
84.83,90.25,86.5,89.91,86.0,87.5
87.0,89.0,88.0,87.42,88.5,87.98
90.17,88.42,86.83,84.8,88.33,87.71
88.0,88.75,86.5,87.36,90.33,88.19
88.92,88.0,92.33,87.87,85.67,88.56
87.67,87.0,85.33,86.93,86.0,86.59
88.25,87.67,88.5,87.84,86.83,87.82
88.08,84.33,85.83,86.98,86.67,86.38
86.58,86.17,85.0,84.78,85.83,85.67
87.75,86.17,87.5,87.31,85.0,86.75
87.75,87.33,88.33,87.49,88.33,87.85
87.33,85.5,90.17,86.51,86.0,87.1
87.83,87.33,89.83,90.27,90.0,89.05
86.92,88.5,88.0,87.4,88.17,87.8
86.25,87.0,88.17,87.13,88.0,87.31
88.92,88.75,89.67,87.53,89.5,88.87
87.67,86.58,85.67,87.36,84.67,86.39
92.25,89.33,87.67,86.56,87.0,88.56
86.75,86.83,86.83,87.2,85.0,86.52
86.0,87.33,90.5,87.71,86.83,87.68
90.42,87.67,86.83,85.76,83.0,86.73
89.42,86.58,86.67,85.69,82.33,86.14
87.5,86.42,87.67,86.67,87.33,87.12
87.83,85.17,87.5,87.62,88.83,87.39
86.58,86.92,90.0,89.0,90.67,88.63
89.0,84.75,85.17,86.71,88.83,86.89
88.08,88.75,86.0,85.56,87.5,87.18
87.33,89.0,87.67,89.16,87.67,88.16
86.83,88.17,85.83,88.47,86.33,87.13
86.25,86.83,88.83,87.31,88.5,87.55
84.25,87.42,84.83,87.87,85.5,85.97
88.83,87.17,84.83,86.33,85.5,86.53
89.08,86.42,87.5,88.6,90.0,88.32
85.92,86.83,86.83,84.71,89.33,86.73
87.58,86.08,85.33,85.89,89.0,86.78
87.25,87.5,86.5,88.33,88.17,87.55
87.17,90.25,89.17,88.13,88.5,88.64
87.42,88.33,88.67,88.29,87.83,88.11
88.83,87.58,86.5,85.64,86.67,87.05
88.5,88.92,88.67,84.71,86.83,87.53
86.92,88.92,85.33,86.67,93.0,88.17
88.0,88.83,86.0,87.0,85.0,86.97
85.0,87.0,84.5,88.16,89.67,86.86
86.92,88.33,88.17,88.4,86.83,87.73
86.08,88.0,84.17,86.0,86.67,86.18
88.5,87.75,84.83,88.64,91.0,88.15
86.83,87.92,84.67,85.36,88.0,86.55
86.83,87.75,90.0,91.56,88.33,88.89
85.25,84.83,88.0,88.0,87.33,86.68
85.0,87.0,86.83,85.42,85.17,85.88
87.5,89.75,90.5,86.73,91.83,89.26
88.42,86.0,86.33,88.09,86.83,87.13
85.17,86.5,85.33,85.62,88.33,86.19
86.42,86.83,85.67,88.69,89.5,87.42
86.75,85.67,90.67,83.8,85.5,86.48
87.17,86.17,85.0,88.4,88.17,86.98
87.42,89.83,89.0,89.27,86.83,88.47
85.25,88.25,90.33,89.49,87.33,88.13
85.42,86.33,91.0,86.51,86.0,87.05
87.67,85.25,89.5,87.64,87.67,87.55
87.83,88.75,87.33,84.71,87.5,87.23
86.67,87.58,84.67,87.2,87.83,86.79
85.25,87.5,87.0,87.29,88.0,87.01
85.67,88.58,87.33,89.64,88.83,88.01
86.67,88.58,86.5,87.16,86.0,86.98
89.42,87.33,88.0,89.2,86.33,88.06
85.92,88.08,91.83,87.42,88.33,88.32
87.67,86.17,85.17,86.51,85.33,86.17
86.75,87.58,88.17,84.98,88.0,87.1
85.67,89.58,90.17,89.13,87.67,88.44
86.17,86.17,84.0,87.69,83.33,85.47
85.83,88.25,87.33,86.11,87.0,86.91
88.08,86.25,85.5,88.76,85.0,86.72
87.92,89.42,86.67,87.84,85.0,87.37
86.67,86.42,87.5,88.38,85.83,86.96
87.25,85.58,89.33,87.16,86.67,87.2
87.67,87.0,86.5,91.31,91.17,88.73
89.08,85.58,86.33,89.2,90.0,88.04
87.0,85.67,88.5,87.0,89.5,87.53
90.0,90.67,87.33,87.16,90.33,89.1
88.0,89.0,85.83,88.38,89.5,88.14
87.67,85.67,86.17,88.47,87.0,86.99
87.67,85.58,85.0,86.02,87.33,86.32
88.0,87.42,87.17,84.13,88.17,86.98
85.67,86.75,88.17,90.09,87.0,87.53
90.17,85.92,86.83,86.58,90.67,88.03
84.42,84.58,86.33,87.51,87.0,85.97
88.33,85.0,89.83,86.73,85.0,86.98
88.33,86.83,87.17,87.29,89.0,87.72
88.17,88.0,86.5,87.87,90.33,88.17
85.92,88.17,86.5,86.53,85.33,86.49
86.5,87.83,88.33,87.13,85.17,86.99
86.42,87.25,88.33,87.62,85.33,86.99
87.5,90.17,87.33,88.93,90.0,88.79
85.5,88.75,89.33,84.11,90.17,87.57
87.92,88.33,85.5,86.89,86.83,87.09
87.67,87.0,90.33,89.07,89.67,88.75
87.67,87.33,87.5,88.04,89.67,88.04
86.83,88.33,89.67,88.87,89.5,88.64
86.33,88.42,86.5,87.93,86.83,87.2
86.92,90.25,86.67,86.6,88.0,87.69
87.58,87.5,91.0,87.11,89.83,88.61
88.83,85.5,88.5,88.04,88.17,87.81
87.17,88.17,91.67,87.11,86.17,88.06
87.25,87.0,89.0,88.42,88.67,88.07
88.75,85.25,85.17,88.13,88.17,87.09
85.17,87.42,86.83,86.6,88.83,86.97
90.25,86.5,86.83,87.31,87.17,87.61
87.5,87.42,86.17,86.04,88.67,87.16
86.92,86.75,90.5,87.71,82.83,86.94
87.25,87.08,82.67,88.18,88.33,86.7
85.58,89.08,87.67,85.22,87.33,86.98
85.58,86.0,86.5,88.02,84.17,86.05
88.58,87.75,84.17,86.38,85.5,86.48
86.67,85.75,86.5,85.38,88.83,86.63
90.25,88.0,88.17,87.62,87.83,88.37
87.33,87.75,89.0,91.02,89.0,88.82
89.25,86.75,87.0,85.58,84.83,86.68
88.42,88.58,83.33,89.29,83.83,86.69
88.67,85.92,87.17,89.44,88.0,87.84
88.0,86.92,86.67,86.73,85.0,86.66
88.17,84.58,89.0,88.67,90.67,88.22
87.5,88.75,88.83,88.04,85.33,87.69
88.17,88.92,90.17,86.18,88.33,88.35
86.08,87.58,85.83,86.44,88.33,86.86
89.08,88.92,84.5,88.02,85.17,87.14
87.33,87.33,86.0,85.27,87.17,86.62
85.67,85.08,88.0,86.71,84.33,85.96
87.92,86.92,87.33,88.73,87.33,87.65
86.42,90.58,87.0,88.38,89.33,88.34
86.42,86.5,86.5,87.76,86.83,86.8
87.33,90.67,87.5,89.76,86.5,88.35
85.42,85.0,85.0,86.78,86.67,85.77
85.83,88.67,87.5,84.31,86.17,86.5
86.17,87.25,87.17,87.62,87.83,87.21
87.17,87.83,88.17,86.64,85.17,87.0
86.92,87.33,88.0,85.22,88.0,87.09
86.5,85.92,85.33,90.44,91.5,87.94
90.92,87.83,85.33,89.84,87.33,88.25
89.92,87.67,87.5,86.29,87.17,87.71
88.0,87.17,86.5,87.93,86.17,87.15
88.42,86.58,84.5,86.24,87.17,86.58
87.83,88.42,86.83,88.09,91.33,88.5
88.17,87.83,87.67,84.6,83.67,86.39
87.83,86.83,87.33,87.76,86.0,87.15
88.17,87.0,86.83,88.51,88.83,87.87
90.33,86.75,91.67,89.11,89.67,89.51
89.42,89.33,87.67,89.98,88.67,89.01
88.58,86.83,89.67,87.13,87.83,88.01
86.58,87.25,87.67,88.82,89.17,87.9
87.25,89.75,85.33,88.22,88.17,87.74
86.92,86.58,87.0,85.78,86.67,86.59
86.33,85.83,86.33,87.82,86.17,86.5
87.17,87.0,86.83,86.73,86.17,86.78
87.25,86.67,89.67,85.84,88.5,87.59
86.08,88.17,88.0,89.44,91.83,88.71
87.75,89.83,83.33,89.64,86.67,87.45
87.17,86.75,88.67,86.64,85.67,86.98
85.83,88.67,86.0,87.07,86.33,86.78
88.83,84.92,85.67,85.62,88.33,86.67
86.25,86.33,88.67,90.2,90.0,88.29
87.83,88.33,89.17,87.04,88.5,88.18
87.92,89.5,85.67,86.33,85.33,86.95
87.25,89.33,88.17,85.89,87.67,87.66
86.83,86.5,87.83,89.11,88.0,87.66
85.75,86.17,88.0,85.07,89.0,86.8
88.75,89.08,85.83,85.96,89.5,87.82
86.92,86.42,88.0,89.16,88.0,87.7
86.33,86.67,88.67,85.87,86.83,86.87
86.42,86.58,90.0,88.84,85.0,87.37
86.92,85.83,83.67,90.22,88.0,86.93
86.17,87.17,86.5,85.58,89.17,86.92
90.42,85.83,87.33,87.96,88.17,87.94
89.25,85.33,84.0,87.89,87.67,86.83
87.08,85.58,88.0,90.07,86.5,87.45
88.42,89.67,86.17,88.47,85.67,87.68
88.75,86.92,85.5,87.76,92.17,88.22
87.25,87.92,86.17,87.02,85.83,86.84
85.83,86.25,88.17,88.71,84.17,86.63
86.92,89.25,88.17,88.82,88.17,88.26
88.83,86.25,87.5,85.58,87.67,87.17
87.58,87.33,88.17,86.2,84.17,86.69
89.83,89.08,87.17,89.36,85.33,88.15
87.67,88.42,89.67,86.82,87.17,87.95
89.08,86.25,85.83,88.98,86.67,87.36
88.17,88.58,89.0,87.47,87.0,88.04
85.75,86.42,86.17,87.93,91.83,87.62
86.5,87.83,89.0,86.84,88.17,87.67
87.0,87.25,85.17,87.89,83.5,86.16
89.92,88.67,85.83,86.76,85.0,87.23
85.08,88.25,84.0,90.71,89.17,87.44
87.42,87.5,88.67,86.93,87.33,87.57
87.75,88.75,89.83,88.24,88.5,88.62
86.58,88.25,89.33,87.53,87.17,87.77
87.0,89.0,86.67,86.87,89.5,87.81
89.83,87.08,91.83,88.36,89.67,89.35
87.58,89.67,87.0,88.22,83.5,87.19
88.0,87.33,88.67,89.22,86.33,87.91
88.92,86.75,88.17,89.09,91.67,88.92
88.17,85.92,88.83,87.11,87.33,87.47
88.58,88.0,85.67,89.78,88.5,88.11
86.83,87.42,88.17,87.91,87.5,87.57
87.75,87.17,87.5,84.96,88.33,87.14
86.42,88.75,85.5,86.98,86.0,86.73
85.67,87.42,86.83,85.33,87.0,86.45
88.5,84.58,87.0,86.42,88.0,86.9
89.75,87.83,88.17,89.22,87.17,88.43
87.25,87.58,85.67,87.91,83.33,86.35
88.33,88.42,88.0,84.76,85.67,87.03
88.25,86.42,83.5,85.24,88.17,86.32
87.33,87.0,88.17,89.07,84.83,87.28
85.25,86.58,85.83,88.44,87.5,86.72
86.92,88.08,85.5,84.78,88.17,86.69
88.33,84.42,87.17,86.42,85.83,86.43
87.5,86.75,87.33,88.13,87.5,87.44
87.58,88.5,86.5,87.89,87.33,87.56
86.75,86.5,83.67,86.82,87.67,86.28
86.75,89.42,85.5,88.8,87.17,87.53
86.58,88.58,88.67,88.6,89.67,88.42
87.83,88.08,87.5,86.67,85.17,87.05
88.67,87.08,88.0,88.44,87.67,87.97
85.75,88.67,85.17,88.49,86.17,86.85
85.67,89.25,85.17,85.96,84.67,86.14
87.83,89.33,86.17,86.42,90.67,88.08
87.17,85.92,87.17,88.38,85.5,86.83
87.5,88.17,88.5,89.96,88.67,88.56
87.5,88.58,88.17,85.47,89.67,87.88
87.5,86.75,90.17,85.98,88.33,87.75
87.58,85.83,87.83,86.73,89.5,87.5
87.75,88.25,83.83,86.98,85.83,86.53
88.5,85.75,86.83,87.6,90.83,87.9
88.75,87.17,84.5,89.02,87.17,87.32
89.08,86.25,86.17,86.93,85.5,86.79
86.92,89.17,88.33,90.0,86.5,88.18
87.58,85.67,85.0,88.4,86.0,86.53
86.83,88.25,86.83,86.53,87.5,87.19
87.25,88.33,86.17,90.07,89.33,88.23
87.67,89.5,88.0,87.82,85.83,87.76
88.33,88.92,86.67,85.44,87.67,87.41
88.42,88.25,87.67,86.8,85.67,87.36
85.75,87.67,87.0,86.2,85.33,86.39
86.0,85.5,85.5,87.84,85.0,85.97
86.5,87.92,89.5,86.82,86.0,87.35
86.0,88.42,86.5,85.44,88.33,86.94
86.42,89.92,86.33,85.64,90.17,87.7
88.25,87.42,86.83,88.69,87.33,87.7
88.42,86.83,87.0,87.73,86.67,87.33
87.58,87.33,88.83,85.78,86.0,87.11
88.08,85.42,88.17,87.09,89.0,87.55
85.33,89.17,86.33,86.31,89.83,87.4
88.75,86.17,89.17,92.38,87.33,88.76
85.58,85.33,87.33,87.73,89.5,87.1
89.58,87.33,86.33,87.89,84.83,87.19
88.25,87.17,85.67,88.11,88.17,87.47
88.33,89.25,85.67,85.71,89.17,87.63
88.5,89.42,88.17,86.2,90.83,88.62
87.25,88.33,84.33,86.84,89.33,87.22
89.08,85.92,89.5,84.73,87.83,87.41
86.33,88.33,89.83,89.0,86.17,87.93
88.42,87.83,82.33,86.18,86.33,86.22
85.5,87.17,87.17,88.93,85.83,86.92
88.33,87.92,88.67,87.49,87.67,88.01
88.67,85.92,88.83,86.76,86.0,87.23
88.0,86.75,84.17,88.33,86.67,86.78
85.92,88.5,83.83,85.02,87.0,86.05
87.67,87.67,87.67,89.49,87.33,87.96
87.0,86.5,83.5,86.56,89.0,86.51
87.0,89.67,86.83,88.64,88.17,88.06
85.42,89.17,88.17,88.36,90.67,88.35
87.17,88.0,85.17,84.49,90.5,87.06
85.08,86.75,88.17,85.53,86.17,86.34
89.08,87.17,86.67,86.91,85.0,86.97
87.5,86.17,86.67,87.29,86.83,86.89
88.42,88.5,84.67,87.13,92.5,88.24
87.33,87.5,84.83,87.31,86.67,86.73
87.67,85.33,85.0,86.0,89.5,86.7
85.67,86.67,84.83,88.78,87.67,86.72
86.17,86.25,87.17,88.93,90.17,87.74
86.92,86.83,88.0,84.71,84.5,86.19
87.25,85.58,87.0,88.58,88.5,87.38
87.42,86.42,83.67,88.84,83.33,85.94
88.0,88.5,89.5,87.58,88.33,88.38
87.5,88.92,86.0,87.4,88.17,87.6
88.75,86.67,85.67,90.24,87.5,87.77
87.58,87.33,88.17,88.64,86.83,87.71
86.42,90.67,87.17,88.16,88.67,88.21
87.17,87.58,86.5,88.27,89.17,87.74
88.17,84.42,86.17,86.64,87.67,86.61
86.92,86.92,85.33,85.71,87.83,86.54
87.92,88.17,88.33,88.42,90.33,88.63
85.5,87.25,86.33,88.64,87.17,86.98
87.58,87.25,88.33,87.42,88.83,87.88
89.33,86.67,90.67,84.87,83.83,87.07
88.42,86.25,86.5,85.13,89.33,87.13
88.0,86.33,89.17,85.93,91.33,88.15
89.5,84.92,87.17,87.76,84.83,86.83
88.42,85.33,84.67,89.76,85.5,86.73
86.5,86.0,86.0,88.78,86.33,86.72
86.25,87.83,83.0,87.71,87.5,86.46
85.67,88.67,87.17,86.96,84.83,86.66
86.83,86.33,86.33,89.89,88.0,87.48
88.92,86.25,87.5,88.4,87.5,87.71
87.42,87.5,83.5,87.64,84.5,86.11
87.83,85.33,87.17,86.82,86.67,86.76
87.17,85.33,83.5,87.29,88.83,86.42
87.17,89.33,88.5,88.22,85.83,87.81
88.33,87.75,89.5,85.04,89.83,88.09
86.5,86.25,86.17,86.2,87.0,86.42
89.83,85.58,86.5,86.0,89.67,87.52
89.42,86.67,89.0,87.24,87.33,87.93
86.5,87.83,90.0,88.36,84.83,87.5
87.25,88.58,87.5,87.2,86.0,87.31
86.92,89.08,86.5,87.33,89.0,87.77
87.67,88.75,84.83,88.58,91.33,88.23
85.83,86.83,91.33,85.76,86.67,87.28
87.67,90.17,91.33,86.96,86.83,88.59
86.42,86.08,87.33,86.98,89.33,87.23
88.75,88.67,86.0,87.16,88.33,87.78
86.0,86.33,88.5,86.13,87.17,86.83
89.67,90.25,87.83,86.16,85.83,87.95
86.75,90.67,84.83,87.87,88.0,87.62
86.75,89.42,88.5,85.22,90.0,87.98
86.42,85.0,89.83,87.64,86.83,87.15
86.75,87.33,87.83,87.8,88.67,87.68
88.83,88.58,87.5,90.33,89.0,88.85
87.5,86.83,89.83,87.31,92.17,88.73
87.42,89.5,89.83,87.29,84.0,87.61
85.75,87.83,84.17,84.8,89.17,86.34
89.83,87.33,91.17,89.07,88.0,89.08
86.08,87.67,88.5,88.33,89.83,88.08
86.33,86.42,88.83,86.11,86.0,86.74
87.33,86.67,88.83,88.51,87.67,87.8
88.25,88.58,86.5,86.4,87.0,87.35
90.33,87.33,89.67,89.27,86.33,88.59
87.08,87.25,87.67,85.91,86.67,86.92
88.33,87.67,87.67,86.18,89.17,87.8
88.33,86.67,84.17,84.98,88.5,86.53
87.67,88.42,87.0,83.96,86.83,86.77
88.83,87.67,86.83,88.18,85.83,87.47
88.25,84.75,88.0,87.64,86.5,87.03
87.25,87.92,85.67,91.07,87.67,87.91
86.75,87.17,88.83,87.33,90.67,88.15
87.58,88.75,88.67,87.4,90.0,88.48
86.08,85.92,86.67,87.38,87.67,86.74
88.17,88.17,88.17,89.27,88.83,88.52
88.42,88.83,86.0,90.78,89.67,88.74
87.0,86.58,86.83,88.53,87.5,87.29
87.75,88.33,88.5,87.27,88.5,88.07
88.08,86.42,87.17,86.42,87.33,87.08
89.25,87.0,88.83,86.91,87.33,87.87
89.08,88.5,88.0,89.27,86.83,88.34
86.25,87.17,87.17,89.87,87.5,87.59
87.33,88.33,89.83,86.8,87.33,87.93
88.17,86.67,88.83,87.4,86.17,87.45
88.17,88.08,92.67,87.98,86.33,88.65
86.25,87.5,86.83,89.51,89.67,87.95
86.83,86.08,86.67,85.96,86.5,86.41
86.67,89.0,88.67,88.69,90.0,88.6
89.33,87.83,86.83,86.31,83.67,86.8
88.0,87.0,87.33,86.78,84.5,86.72
87.67,89.42,85.83,89.6,88.5,88.2
86.92,87.17,90.33,85.84,88.83,87.82
88.42,89.83,86.83,90.84,86.0,88.39
87.0,89.67,88.0,85.93,86.17,87.35
89.67,87.5,86.17,85.62,87.17,87.22
86.0,88.08,86.17,84.82,86.5,86.31
87.42,86.5,87.83,88.91,88.17,87.77
87.33,89.75,86.67,85.56,90.17,87.89
87.67,85.17,88.17,86.84,86.5,86.87
87.75,87.67,87.0,86.89,90.67,87.99
87.25,88.58,85.5,88.27,87.67,87.45
85.58,85.08,88.5,87.78,87.17,86.82
88.08,87.08,88.5,88.07,87.67,87.88
88.33,89.25,87.67,87.53,88.0,88.16
88.92,87.5,85.17,88.93,86.33,87.37
86.33,89.0,90.17,85.91,87.83,87.85
89.0,89.83,87.17,87.64,85.0,87.73
86.92,89.58,88.33,87.51,90.5,88.57
87.0,88.17,88.17,89.31,89.17,88.36
87.58,88.75,89.33,87.91,89.0,88.52
88.42,88.25,88.5,86.8,88.83,88.16
87.0,85.67,89.17,86.36,87.0,87.04
85.58,86.83,86.33,88.64,86.83,86.85
86.33,86.5,88.83,88.51,86.33,87.3
88.0,85.58,88.17,85.89,90.5,87.63
86.17,89.67,88.67,90.33,86.67,88.3
87.08,86.92,86.67,87.47,89.17,87.46
89.5,86.75,89.83,87.09,89.0,88.43
90.83,88.42,87.5,89.27,86.17,88.44
89.5,87.17,90.5,86.78,88.33,88.46
88.5,89.5,88.17,89.58,88.67,88.88
86.25,85.75,86.5,89.18,83.83,86.3
88.5,88.17,87.17,87.2,86.17,87.44
85.75,89.33,85.67,88.78,86.5,87.21
88.42,86.0,90.0,89.38,86.0,87.96
86.0,88.42,89.67,85.27,87.67,87.4
85.83,88.25,84.83,86.91,86.5,86.47
86.67,88.67,89.83,85.96,91.17,88.46
87.75,87.08,92.17,87.58,88.67,88.65
85.58,88.0,85.67,88.73,88.33,87.26
88.75,87.25,86.67,87.2,85.67,87.11
89.83,86.83,89.0,85.56,86.17,87.48
88.92,87.33,85.5,89.67,89.17,88.12
88.33,90.0,87.33,86.31,87.0,87.8
87.17,85.42,87.83,87.18,85.83,86.69
91.08,88.67,87.33,88.4,85.0,88.1
88.25,87.58,83.83,83.62,89.83,86.62
89.17,88.0,87.33,88.44,85.33,87.66
86.67,87.33,86.33,86.42,83.0,85.95
88.42,88.17,87.83,87.73,90.67,88.56
87.25,89.5,83.5,85.93,87.5,86.74
89.17,87.5,86.33,85.27,87.5,87.15
86.67,90.0,84.67,85.42,90.33,87.42
86.83,86.5,86.17,86.53,85.5,86.31
86.25,89.25,89.17,87.64,88.17,88.1
88.17,88.5,88.17,87.56,86.33,87.74
86.92,90.42,87.5,87.64,89.67,88.43
87.83,87.75,84.5,86.58,86.0,86.53
87.08,87.0,84.83,86.4,85.33,86.13
88.33,87.17,89.67,86.87,86.17,87.64
88.75,87.0,87.0,87.07,85.33,87.03
87.17,86.17,90.83,85.18,87.67,87.4
85.75,87.08,89.33,87.84,86.33,87.27
87.58,87.17,90.67,87.53,89.5,88.49
87.83,87.25,86.83,88.31,87.33,87.51
86.67,87.58,86.83,86.8,88.0,87.18
86.58,88.58,85.17,88.07,87.83,87.25
87.83,86.92,86.17,86.18,91.5,87.72
85.67,88.42,85.0,86.47,85.33,86.18
86.0,87.42,89.33,87.67,91.5,88.38
89.5,87.83,86.67,86.89,89.33,88.04
86.92,88.58,87.67,87.18,87.33,87.54
88.25,84.92,85.67,88.22,86.67,86.74
85.92,87.83,85.33,86.07,88.33,86.7
85.17,87.75,89.0,86.98,90.67,87.91
85.5,89.67,87.67,86.13,83.67,86.53
86.67,89.42,88.5,88.64,87.33,88.11
88.58,88.08,87.67,88.47,88.33,88.23
86.5,88.92,86.0,85.27,86.83,86.7
87.92,87.5,89.0,88.16,86.67,87.85
87.17,86.92,83.67,88.53,89.17,87.09
88.08,86.42,86.17,87.24,89.33,87.45
87.75,89.08,83.5,86.67,87.0,86.8
87.83,86.5,89.0,88.82,81.83,86.8
88.0,86.42,88.83,87.96,83.83,87.01
88.42,87.5,87.83,89.71,85.5,87.79
88.0,86.42,85.83,86.51,85.5,86.45
86.67,88.0,87.33,89.31,88.67,88.0
87.0,86.75,88.5,87.67,87.67,87.52
87.0,88.33,85.83,87.11,85.83,86.82
88.0,89.67,90.83,89.73,85.17,88.68
87.92,86.33,86.0,90.18,87.67,87.62
91.0,86.0,86.33,90.53,88.67,88.51
89.83,87.83,84.5,88.73,88.17,87.81
86.5,89.0,86.5,89.6,87.33,87.79
88.0,86.67,89.33,85.78,84.0,86.76
84.83,90.58,90.33,89.6,90.0,89.07
87.0,86.25,87.17,87.02,89.17,87.32
88.75,87.42,90.17,86.76,89.0,88.42
88.67,88.33,89.67,87.76,86.5,88.18
85.83,89.25,86.17,89.24,87.67,87.63
88.83,87.92,90.67,85.73,88.33,88.3
85.83,86.25,85.83,86.8,86.67,86.28
86.5,86.33,85.17,90.42,85.17,86.72
87.08,87.67,88.83,86.8,87.5,87.58
85.0,89.17,89.17,87.93,88.17,87.89
85.92,85.58,86.67,86.36,90.33,86.97
86.42,88.83,89.0,88.73,88.83,88.36
85.42,87.92,86.83,85.98,88.83,87.0
87.17,88.67,87.83,88.6,87.17,87.89
86.67,88.0,88.83,87.38,87.67,87.71
85.83,87.42,85.33,86.98,89.0,86.91
86.58,87.42,85.17,89.62,87.67,87.29
89.17,87.25,90.17,85.91,87.0,87.9
89.58,89.08,85.17,88.36,87.83,88.0
87.42,89.42,88.67,86.18,87.17,87.77
87.08,86.67,88.5,85.67,86.83,86.95
88.83,87.5,86.83,88.04,87.0,87.64
87.42,87.67,84.67,86.76,87.5,86.8
87.67,88.92,84.5,86.93,86.83,86.97
88.33,89.33,89.33,86.73,88.33,88.41
87.92,87.92,86.33,88.93,87.33,87.69
85.17,87.42,82.67,86.76,88.33,86.07
86.0,85.5,85.83,86.11,89.83,86.66
89.67,90.0,85.33,88.18,91.0,88.84
88.0,88.08,84.17,87.18,85.0,86.49
88.75,86.75,85.67,88.36,85.83,87.07
91.75,86.0,84.33,86.51,86.0,86.92
88.25,86.5,85.0,88.27,86.83,86.97
89.5,86.17,89.83,88.53,84.33,87.67
86.33,89.08,88.33,86.29,86.33,87.27
88.92,89.33,84.83,89.96,89.33,88.47
87.08,86.25,84.33,89.91,86.5,86.82
87.83,88.67,86.17,87.47,87.0,87.43
90.42,84.25,84.33,85.84,89.17,86.8
85.42,85.25,88.17,85.87,91.33,87.21
85.58,86.67,85.5,86.84,88.17,86.55
87.42,88.42,88.33,89.89,88.67,88.54
89.17,88.25,87.17,87.64,85.83,87.61
84.67,87.25,88.33,87.04,86.5,86.76
87.33,88.17,89.83,86.29,89.83,88.29
89.17,87.58,89.5,87.78,88.33,88.47
88.08,84.83,88.5,88.53,86.83,87.36
87.5,87.25,82.5,88.33,86.67,86.45
88.17,86.67,86.67,87.76,85.83,87.02
86.92,87.42,86.17,88.04,86.33,86.98
86.42,84.83,84.5,88.09,89.0,86.57
88.92,86.17,86.5,92.67,91.0,89.05
84.83,87.92,87.5,86.31,90.67,87.45
86.58,86.17,91.17,88.33,87.17,87.88
86.5,86.5,87.0,87.36,88.17,87.1
87.0,87.0,87.0,88.04,89.83,87.78
88.5,86.83,86.5,89.42,87.33,87.72
87.83,87.42,86.0,86.22,88.33,87.16
86.5,89.25,85.5,88.31,86.5,87.21
86.75,86.58,84.83,87.98,88.83,87.0
87.5,87.92,88.0,89.29,89.0,88.34
89.17,86.58,90.0,85.96,87.67,87.87
88.25,88.0,87.17,89.04,88.83,88.26
88.25,89.42,85.67,86.73,87.0,87.41
89.25,88.25,85.67,87.96,83.83,86.99
89.58,87.67,88.17,85.49,88.17,87.81
85.67,87.75,88.33,88.11,85.17,87.01
85.83,89.25,89.17,86.24,85.33,87.17
87.67,87.42,87.33,87.07,90.17,87.93
89.25,88.33,85.17,89.76,89.17,88.33
87.83,88.92,87.33,87.82,89.17,88.21
86.5,88.67,88.5,87.89,86.5,87.61
85.5,87.33,88.0,89.22,86.5,87.31
91.25,86.0,88.0,87.76,89.5,88.5
86.17,87.33,85.17,87.18,89.83,87.14
87.0,88.17,83.67,86.58,87.83,86.65
85.75,87.33,84.67,85.33,89.67,86.55
85.08,88.83,87.0,87.8,86.67,87.08
88.0,87.33,90.5,88.93,85.5,88.05
87.25,88.08,86.83,85.6,91.0,87.75
85.33,86.5,87.33,88.51,86.33,86.8
88.67,88.75,89.0,86.42,86.0,87.77
89.58,88.67,85.0,89.24,88.0,88.1
86.25,89.0,87.33,85.51,87.17,87.05
86.92,86.5,86.83,89.2,89.33,87.76
90.08,88.17,88.33,87.29,84.83,87.74
88.42,88.0,90.33,89.56,88.33,88.93
88.83,86.92,87.5,87.84,88.5,87.92
85.92,86.25,84.83,89.53,88.5,87.01
89.5,86.83,90.5,85.56,90.17,88.51
88.67,89.83,85.33,87.73,88.5,88.01
88.5,85.67,88.5,85.33,87.5,87.1
87.5,88.83,87.33,89.07,85.67,87.68
87.92,87.67,89.17,87.38,90.0,88.43
86.67,87.5,86.5,86.67,88.0,87.07
87.17,84.5,88.5,85.73,87.67,86.71
87.58,88.5,87.17,84.02,87.0,86.85
89.0,86.17,89.5,88.31,87.5,88.1
88.17,86.0,89.5,87.51,84.33,87.1
85.08,88.5,88.83,85.69,87.67,87.15
86.92,87.83,88.0,88.76,89.67,88.23
89.25,85.83,85.17,84.56,90.5,87.06
87.17,87.42,84.83,86.96,87.83,86.84
87.17,86.67,90.67,90.38,84.0,87.78
86.75,87.33,91.0,85.64,86.33,87.41
87.75,86.33,88.83,87.16,89.17,87.85
87.92,88.17,87.5,87.22,87.33,87.63
86.67,88.08,90.17,86.62,87.33,87.77
86.33,86.58,90.5,87.58,85.67,87.33
90.33,87.75,87.5,88.11,84.67,87.67
88.0,87.75,87.83,87.78,86.67,87.61
88.25,88.0,87.0,85.82,89.33,87.68
86.58,87.5,85.83,86.51,90.83,87.45
84.75,86.0,87.0,87.29,86.17,86.24
88.83,88.0,85.83,90.33,88.33,88.27
87.25,85.92,90.67,86.71,92.67,88.64
85.83,86.92,90.17,89.49,87.33,87.95
86.0,88.75,87.5,87.31,88.5,87.61
86.33,87.33,87.33,86.42,90.67,87.62
89.0,87.67,86.5,90.58,85.67,87.88
88.67,87.5,84.83,86.56,88.33,87.18
87.33,89.92,88.17,87.62,89.0,88.41
87.42,86.92,92.0,88.02,88.33,88.54
89.17,85.25,84.83,89.09,86.17,86.9
85.0,87.67,89.67,88.56,87.0,87.58
88.92,88.92,87.17,87.27,90.67,88.59
89.5,87.0,86.17,88.07,91.0,88.35
86.58,84.5,88.67,89.49,85.33,86.91
85.75,87.08,89.0,89.11,87.0,87.59
86.17,85.83,88.67,88.58,86.83,87.22
84.58,89.75,84.67,91.02,87.67,87.54
84.42,88.08,86.83,87.6,85.5,86.49
90.0,85.5,86.83,85.98,87.33,87.13
89.42,85.33,84.67,88.82,87.0,87.05
87.5,88.08,88.0,85.78,83.83,86.64
87.67,84.67,88.33,89.36,87.17,87.44
88.5,90.25,86.33,88.64,87.0,88.15
87.0,86.92,83.5,88.18,91.83,87.49
86.58,87.58,88.33,89.09,89.67,88.25
88.08,85.67,87.5,87.76,87.67,87.33
88.83,87.92,87.0,87.91,87.67,87.87
88.17,86.33,86.0,87.73,89.33,87.51
87.83,88.42,87.33,87.22,85.67,87.29
87.17,89.83,85.83,85.29,86.5,86.92
87.83,86.25,87.17,89.44,87.0,87.54
87.33,88.58,90.33,89.33,90.33,89.18
87.25,87.33,86.83,85.76,89.0,87.23
89.08,88.92,90.67,87.62,87.33,88.72
89.75,84.42,87.83,85.33,93.33,88.13
90.0,88.17,86.0,87.2,84.17,87.11
84.83,90.33,82.5,86.36,87.83,86.37
88.58,84.92,86.0,86.33,92.33,87.63
87.92,85.92,90.67,86.93,90.0,88.29
86.58,87.25,88.17,87.82,85.33,87.03
88.5,86.08,86.5,86.33,86.5,86.78
87.08,87.33,88.0,85.27,88.0,87.14
87.92,87.67,91.0,89.53,87.5,88.72
86.42,84.67,88.0,86.62,88.83,86.91
87.33,88.08,90.67,87.22,87.67,88.19
86.5,86.92,87.83,90.18,86.17,87.52
86.92,87.75,87.0,87.02,89.17,87.57
87.5,89.75,86.83,90.18,91.33,89.12
87.08,86.17,90.5,88.84,85.83,87.69
89.75,87.08,87.17,87.51,87.33,87.77
87.33,85.92,87.67,85.11,88.83,86.97
85.92,88.58,89.33,85.62,83.17,86.52
88.67,87.08,83.67,82.98,86.83,85.85
86.75,89.67,85.33,88.2,88.33,87.66
89.75,89.17,90.83,87.71,88.83,89.26
88.58,86.25,88.67,87.93,86.0,87.49
87.42,87.75,84.67,87.44,89.5,87.36
87.92,88.33,85.33,87.93,90.0,87.9
87.42,86.42,91.67,89.11,86.5,88.22
89.67,88.0,87.5,86.58,88.67,88.08
85.0,85.58,87.33,88.67,87.17,86.75
88.33,89.75,84.33,87.02,88.5,87.59
88.25,87.42,89.17,88.64,87.33,88.16
87.17,88.75,86.67,87.33,84.67,86.92
88.42,87.08,90.0,87.13,86.83,87.89
89.0,87.33,88.17,89.13,84.5,87.63
87.83,88.17,86.33,88.27,86.17,87.35
87.5,87.83,87.0,85.98,87.67,87.2
88.5,86.67,85.67,85.56,86.5,86.58
85.75,87.83,87.17,86.67,89.17,87.32
87.58,88.0,85.33,87.58,86.67,87.03
87.67,87.33,86.83,89.73,85.33,87.38
86.17,87.83,88.5,90.02,88.33,88.17
86.83,87.33,88.83,86.6,86.0,87.12
87.08,87.58,86.83,86.73,87.83,87.21
89.0,86.58,88.0,86.02,85.17,86.95
87.17,88.08,88.0,88.33,90.0,88.32
85.67,85.25,87.33,86.49,87.83,86.51
86.42,89.33,87.5,88.24,86.33,87.57
85.5,87.92,89.67,86.76,86.17,87.2
89.08,87.5,86.83,86.98,90.0,88.08
87.08,88.25,84.0,86.78,85.17,86.26
86.83,87.33,86.83,88.24,86.5,87.15
83.75,86.83,83.67,85.98,84.5,84.95
88.25,87.42,87.33,85.98,87.17,87.23
88.33,87.58,84.67,87.0,87.17,86.95
87.33,87.83,88.83,85.89,88.17,87.61
87.25,85.67,84.17,87.91,84.33,85.87
85.83,89.58,87.83,90.47,85.83,87.91
90.08,89.58,88.83,89.04,86.67,88.84
88.5,86.42,87.67,89.8,88.17,88.11
87.92,87.42,88.33,86.16,86.33,87.23
88.92,86.42,87.33,88.11,88.83,87.92
89.75,87.17,86.67,87.07,86.67,87.46
89.5,86.25,85.5,87.42,89.33,87.6
