SST10000,CPD10000,SPL10000,SUP10000,ACT10000,PRB10000,PFR10000,GMD10000,SCM10000,CLC10000,ORC10000,SCC10000,SCP10000,ALM10000,SAN10000,SSM10000,SRVC_001
32.68,28.62,28.9,31.89,27.18,28.62,34.8,29.83,29.05,28.87,27.32,33.1,26.75,34.45,28.82,34.34,30.33
31.68,27.42,26.73,28.74,29.85,28.75,31.32,27.86,30.98,31.02,32.32,32.35,27.69,26.98,31.91,30.96,29.79
30.94,25.12,29.96,31.05,29.27,27.63,34.14,25.02,26.4,30.48,31.46,32.33,29.63,32.07,27.76,28.16,29.47
28.4,36.44,29.69,33.16,26.06,27.94,31.76,29.04,29.08,27.97,28.54,34.04,28.66,31.79,32.48,27.87,30.18
30.6,29.17,30.92,29.91,29.5,29.71,28.39,31.3,27.63,28.27,29.43,29.81,28.8,33.42,29.52,30.43,29.8
25.9,31.08,27.57,30.41,27.71,32.36,27.61,34.26,28.6,31.31,26.04,28.85,32.39,29.24,27.61,31.59,29.53
31.54,32.54,27.83,26.35,33.32,29.46,31.18,33.11,28.92,27.39,30.29,30.25,29.3,28.13,27.72,25.46,29.55
29.86,27.5,30.46,27.35,31.27,29.12,29.06,26.24,28.02,31.68,31.32,30.54,28.59,31.89,25.99,31.59,29.41
28.5,30.73,27.46,28.45,27.26,27.5,28.1,26.44,28.19,28.41,32.07,31.31,31.8,27.57,25.71,31.35,28.8
29.98,30.19,32.69,28.3,29.31,35.76,34.19,28.58,25.84,30.22,29.68,29.88,28.4,29.39,28.99,32.78,30.26
31.52,30.1,28.25,30.39,34.34,27.46,31.12,29.64,31.88,29.06,32.93,26.98,35.4,28.71,33.76,29.2,30.67
32.96,27.94,28.55,30.66,28.74,27.52,30.39,26.14,29.64,29.27,33.32,26.46,28.53,32.3,25.37,30.72,29.28
28.06,25.46,29.04,32.03,31.07,30.76,29.36,28.86,31.42,31.06,26.89,33.54,30.16,26.67,27.81,29.06,29.45
29.54,31.83,29.58,29.51,31.55,30.35,30.56,32.42,33.19,31.3,31.36,30.23,31.68,30.67,28.02,32.48,30.89
31.56,30.36,34.76,27.75,32.44,32.56,34.17,34.15,28.35,33.3,35.36,31.62,31.41,31.62,32.61,30.21,32.01
32.58,26.56,32.31,32.14,28.91,29.99,32.35,31.6,27.43,31.16,29.54,25.33,27.24,30.12,28.06,31.1,29.78
29.88,31.31,34.21,33.3,34.58,27.96,32.04,30.76,32.82,29.02,27.29,32.04,27.4,29.39,33.12,29.93,30.94
29.22,29.74,32.46,28.54,28.98,32.94,32.01,24.76,28.02,31.48,31.04,30.46,32.52,30.9,27.16,29.48,29.98
36.54,34.27,28.69,30.9,32.68,29.05,30.01,33.23,30.33,30.71,27.61,34.69,29.6,30.26,30.72,28.53,31.11
30.96,29.16,30.69,26.7,27.79,30.27,30.31,34.24,32.02,29.04,28.54,30.15,31.4,30.26,28.15,28.47,29.88
29.44,27.47,28.92,31.81,28.65,29.88,29.93,33.4,27.45,28.79,27.93,31.19,31.11,27.95,26.71,29.12,29.36
32.84,27.99,29.75,31.89,32.49,29.56,30.27,28.35,32.85,30.06,29.93,25.23,31.63,29.61,31.66,31.78,30.37
32.68,36.06,32.99,26.84,35.39,25.12,29.21,31.35,34.43,31.87,26.04,35.21,28.72,28.9,28.58,28.49,30.74
31.94,27.01,32.7,25.86,27.99,34.11,32.63,31.55,28.56,25.18,26.46,30.06,32.58,27.2,30.59,29.95,29.65
29.86,27.86,29.02,29.14,32.03,29.82,30.29,30.45,30.15,31.37,32.18,31.71,28.72,32.44,33.74,28.48,30.45
30.88,26.94,28.76,28.95,29.7,31.95,31.59,29.76,29.86,29.77,32.32,29.12,30.98,31.99,30.94,27.18,30.04
30.28,30.08,32.39,28.03,30.4,27.35,28.04,31.8,30.23,27.1,30.25,26.96,29.62,31.52,26.62,27.66,29.27
29.36,34.43,33.29,31.55,28.04,31.73,27.04,29.95,29.68,27.91,31.25,25.54,29.77,33.81,27.81,27.06,29.89
30.08,30.37,27.19,28.62,27.91,31.63,27.68,29.18,30.02,32.8,32.61,26.85,27,27.94,31.99,31.06,29.56
31.06,28.5,26.87,29.55,26.32,28.68,29.34,30.92,28.65,29.78,29.36,33.06,32.95,30.06,27.7,31.06,29.62
34.58,29.36,29.13,30.54,30.47,31.11,32.68,29.04,33.62,28.72,29.07,28.71,26.62,25.79,30.58,30.22,30.01
32.4,35.22,25.75,29.11,28.93,32.45,30.03,33.1,31.99,30.11,30.75,30.27,29.76,30.27,31.05,33.01,30.89
30.84,30.53,32.62,30.94,29.48,32.15,28.94,28.39,29.81,28.47,31.61,32.15,29.8,25.64,30.92,30.03,30.15
31.44,32.7,30.29,32.39,29.66,30.3,28.64,30.24,28.47,27.57,28.39,31.04,33.27,30.83,27.94,30.34,30.22
31.04,25.89,30.23,29.13,31.55,31.96,27.96,33.26,31.18,29.1,30.82,29.9,25.9,31.87,30.02,27.35,29.82
33.78,27.5,29.98,31.37,28.56,28.95,33.05,31.12,30.18,28.37,27.79,30.15,28.3,33.89,29.15,31.83,30.25
26.32,30.22,27.39,31.52,31.52,31.3,27.38,34.77,31.91,28.8,31.46,33.04,34.44,30.56,32.91,32.09,30.98
33.58,31.41,30.76,32.89,28.85,29.39,31.61,35.46,29.55,30.27,31.36,29.12,33.25,27.8,28.19,31.99,30.97
27.72,32.34,30.27,29.6,30.59,30.42,30.16,28.42,24.66,29.36,32.89,26.9,31.02,31.24,25.31,29.12,29.38
26.44,25.93,29.1,28.11,27.89,30.29,31.28,30.64,27.33,31.32,29.39,29.83,30.84,33.19,30.29,30.14,29.5
32.24,29.28,29.05,28.4,29.82,29.63,32.31,28.98,32.12,30.4,31.93,27.56,30.37,31.94,30.27,27.23,30.1
29.82,31.5,30.65,29.52,27.69,27.42,29.35,33.02,29.14,30.12,28.57,32.27,31.55,28.13,28.09,33.16,30
27.06,31.01,28.1,30.13,28.85,30.19,32.64,27.82,26.43,30.64,28.79,30.58,29.55,28.13,27.39,30.22,29.22
32.54,29.12,32.3,32.3,28.54,30.02,28.97,33.18,28.05,32.37,32.21,32.31,28.63,27.77,34.61,26.53,30.59
33.22,31.36,32.25,27.83,27.3,30.37,27.78,25,30.56,27.27,32.96,31.33,28.83,30.81,33.36,27.97,29.89
27.2,30.32,27.9,30.84,27.91,29.08,29.12,33.88,27.42,27.08,30.04,27.65,32.75,30.75,30.71,32.58,29.7
30.14,32.09,28.6,30.57,24.56,27.52,31.05,34.32,32.06,29.11,28.32,30.04,27.73,25.73,33.83,30.02,29.73
31.26,31.33,27.11,30.6,28.94,27.73,30.76,33.12,29.16,28.87,33.25,30.96,29.69,33.32,32,31.98,30.63
27.88,30.34,28.85,31.56,29,25.42,31.14,30.85,30.77,32.35,32.82,29.67,31.77,30.48,28.2,34.76,30.37
31.68,28.94,31.38,29.5,28.69,32.1,27.89,27.44,30.82,30.75,29.11,28.33,34.61,31.35,29.52,33.18,30.33
27.34,30.4,28.68,31.32,27.87,29.04,30.51,30.18,29.29,31.67,31.5,32.69,32.22,33.44,31.74,30.09,30.5
25.62,31.41,29.68,32.08,29.77,27.71,33.18,27.2,32.12,32.52,30.39,32.5,29.59,29.86,27.39,32.84,30.24
26.3,27.17,28.67,32.96,28.23,32.15,33.23,30.27,30.15,28.71,30.93,31.56,30.68,33.42,27.12,31.11,30.17
29.32,27.61,29.62,31.79,29.74,30.25,27.97,27.15,33.48,30.41,26,25.15,30.74,32.46,28.59,31.44,29.48
34.04,31.1,26.36,33.52,27.94,26.21,28.47,31.07,29.42,28.94,32.39,30.21,31.15,29.43,29.67,31.43,30.08
29.02,31.18,33.01,28.48,32.56,27.9,29.34,32.36,32.48,29.71,29.86,30.31,28.98,27.82,28.66,30.12,30.11
33.7,31.1,28.02,32.59,30.05,32.67,33.17,31.56,35.8,30.5,27.32,30.79,25.66,28.98,29.82,29.07,30.67
34.66,26.6,29.25,30.42,30.97,30.74,25.63,31.04,30.1,29.19,29.93,29.4,31.87,25.89,27.96,32.67,29.77
30.56,29.64,25.83,32.96,30.29,29.57,32.42,33.5,29.06,28.68,25.89,32.88,28.22,26.86,25.79,29.49,29.48
31.64,31.04,33.51,29.31,30.91,30.92,28.63,34.24,31,29.89,28.82,27.54,32.43,27.6,28.26,30.03,30.36
21.48,33.36,29.65,28.61,32.01,24.86,30.15,29.94,31.54,25.6,30.04,29.31,34.3,33.04,30.31,31.37,29.72
32.8,30.32,28.73,31.02,28.98,31,34.27,27.24,30.51,33.63,31.96,26.44,26.4,29.02,28.73,32.69,30.23
31.56,27.88,27.08,28.14,28.17,30.76,30.97,30.36,30.97,29.74,32.21,29.21,27.32,30.11,29.62,28.56,29.54
26.96,27.84,29.75,31.43,30.75,30.58,29.95,32.42,28.11,28.72,25.32,33.4,29.44,29.93,29.14,28.19,29.49
31.26,32.28,30.36,29.92,28.82,30.71,32.32,27.67,29.72,29.34,29.07,33.04,28.05,30.06,29.58,31.9,30.26
30.5,35.78,29.18,27.96,27.62,30.75,32.01,31.64,28.96,30.06,30.57,30.69,31.32,30.23,28.26,34.44,30.62
26.62,31.39,26.08,28.49,31.69,30.6,29.78,27.71,29.55,29.21,29.71,30.31,31.5,33.33,30.19,28.4,29.66
34.62,34.21,28.98,29.56,30.79,31.14,30.53,24.56,31.33,30.85,26.71,28.31,29.66,30.32,28.11,31.43,30.07
30.88,32.14,27.99,31.63,28.28,25.25,29.14,34.99,29.19,33.1,28.57,29.65,26.71,31.35,30.42,28.08,29.83
25.16,31.28,30.57,29.11,33.07,27.92,27.62,31.05,30.49,30.37,35.25,32.21,31.64,29.62,27.63,31.03,30.25
27.34,32.09,29.31,31.43,32.67,24.89,30.35,29.63,23.43,30.11,30.54,31.9,30.49,28.65,27.74,27.52,29.26
28.38,27.36,28.18,28.63,30.63,26.83,31.21,27.44,32.57,31.84,25.89,28.08,32.31,28.39,22.86,29.56,28.76
30.48,30.13,27.82,30.06,29.17,28.69,32.14,27.02,32.09,27.13,33.07,31.02,31.2,27.01,30.81,33.21,30.07
32.04,29.19,25.6,29.54,30.82,30.51,24.73,27.07,25.48,27.49,30.25,26.9,35.57,28.46,29.51,33.3,29.15
31.58,30.77,28.64,32.03,28.63,27.77,26.57,28.89,30.15,30.52,30,27.92,27.72,27.61,27.57,29.31,29.11
32.5,27.64,32.29,28.89,29.73,26.25,29.78,29.48,33.72,34.35,30,28.98,31.02,30.98,31.38,31.62,30.54
28.86,28.23,31.87,31.46,29.57,26.86,26.18,28.45,30.68,28,27.61,29.15,29.4,31.94,30.06,31.48,29.36
28.48,33.93,34.43,30.56,31.19,28.3,28.91,26.75,28.45,29.01,30.25,31.25,31.83,29.39,30.61,28.06,30.09
27.34,29.03,30.36,35.3,29.22,32.06,32.17,33.86,30.66,29.3,28.43,28.1,26.63,29.19,31.36,33.88,30.43
31.74,27,30.96,29.01,30.01,33.55,32.91,31.14,27.48,28.2,28.79,30.85,30.41,29.96,35.14,32.19,30.58
29.74,33.02,31.75,28.8,31.01,29.81,33.82,29.82,25.47,32.66,28.82,34.75,32,25,28.85,28.36,30.23
26.9,26.94,26.57,30.25,27.31,30.6,32.94,33.14,30,30.12,34.64,28.4,27.75,27.4,28.78,31.46,29.57
31.3,27.74,27.23,31.09,30.51,25.14,27.75,33.05,27.3,27.76,33.21,28.25,28.8,32.31,27.89,29.82,29.32
26.12,32.18,27.38,33.44,30.9,29.9,28.02,34.06,30.79,29.27,26.93,30.17,32.37,29.2,32.03,30.94,30.23
31.16,32.24,29.95,33.61,32.16,27.3,30.5,28.87,29.77,30.85,27.14,33.38,34.7,31.49,33.29,31.69,31.13
28.36,33.07,27.1,33.58,34.02,28.13,31.5,30.93,28.72,32.38,33.21,33.96,29.55,30.32,28.76,28.96,30.78
29.36,27.76,27.61,32.41,27.34,33.77,31.97,29.3,27.91,30.23,33.46,27.96,30.33,28.52,25.71,27.56,29.45
32.8,28.87,27.81,27.21,29.87,25.86,30.87,28.9,31.35,30.52,29.64,30.83,31.59,27.44,30.19,30.24,29.63
31.16,28.88,32.04,32.78,30.31,23.89,30.86,30.81,35.59,27.17,29.32,30.21,32.03,27.39,30.01,30.29,30.17
29.28,33.77,27.65,29.74,29.05,30.45,26.92,29.69,27.62,27.15,29.54,27.71,29.44,30.3,29.63,25.74,28.98
28.56,30.57,29.29,31.35,30.12,31.04,29.83,30.77,33.87,30.53,29,31.69,30.76,33.02,28.62,26.54,30.35
31,30.93,28.71,29.84,30.84,30.12,29.26,32.94,34.98,28.83,24.39,33.08,32.71,30.89,28.93,30.8,30.52
28.88,31.98,33.26,29.16,30.97,29.18,29.66,24.55,28.34,29.53,29.64,29.15,30.45,31.33,29.1,27.35,29.53
30.8,28.87,33.25,30.97,30.26,29.99,31.27,27.37,31.04,32.63,29.68,30.52,29.99,27.31,31.99,29.25,30.32
29.16,25.3,28.31,29.42,27.57,28.19,28.14,34.42,33.02,31.45,32.25,27.92,28.42,29.45,34.49,30.99,29.91
28.54,29.82,29.45,29.74,33.74,29.55,31.66,31.46,28.8,30.67,28.25,29.46,29.21,30.21,28.87,29.08,29.91
27.2,29.22,29.44,29.92,29.24,29.8,26.38,27.19,28.58,32.87,28.07,34.06,31.35,29.06,33.02,30.12,29.72
32.86,27.66,32.17,27.01,29.27,26.71,29.43,32.62,29.63,31.41,31.11,28.48,32.83,31.07,32.99,32.89,30.51
30.9,31.59,25.1,36.44,32.81,26.35,31.2,29.29,32.18,29.96,31.36,27.15,31.09,32.87,32.46,31.26,30.75
28.08,26.58,32.36,31.22,32.97,28.49,28.85,30.61,34.1,31.41,30.68,30.35,27,32.75,34.39,26.91,30.42
31,29.26,27.92,27.49,29.76,23.08,27.99,30.4,33.32,30.4,30.64,23.85,27.72,33.17,34.57,35.99,29.79
28.78,27.46,27.13,31.37,30.92,27.36,30.8,28.14,29.83,28.99,30.39,29.75,32.05,31.29,28.94,34.83,29.88
30.42,29.93,31.88,29.83,31.62,32.99,31.61,32.67,28,30.53,33.18,33.81,30.82,32.8,32.53,27.32,31.25
29.56,29.14,36.71,29.52,35.43,27.71,30.16,32.74,27.38,31.78,28.93,28.02,29.45,32.31,27.61,29.82,30.39
28.84,32.08,32.14,25.16,28.05,29.8,28.28,30.51,28.15,26.04,28.96,30.15,26.95,34.19,31.48,25.61,29.15
30.56,25.21,28.88,30.37,30.5,31.18,32.11,29.75,29.36,31.36,32.18,27.31,29.9,27.44,30.11,28.84,29.69
32.74,25.01,29.12,32.02,30.62,29.33,29.49,30.1,31.01,28.48,28.21,24.98,28.58,26,30.3,29.6,29.1
28.32,30.59,31.07,31.58,25.99,31.96,26.65,34.29,32.32,28.42,27.21,27.98,28.75,31.01,30.8,31.43,29.9
32.56,28.68,32.49,31.76,32.56,31.2,30.14,30.49,31.34,32.11,29.21,31.77,31.81,30.61,33.32,33.17,31.45
30.82,26.61,32.31,32.55,32.3,30.82,28.02,32.01,26.98,30.43,30.25,28.62,31.33,31.67,26.13,32.11,30.18
28.32,31.92,25.45,28.78,30.35,25.4,25.94,32.62,27.81,29.36,27.54,24.88,31.35,25.86,27.44,28.63,28.23
28.94,32.88,30.38,27.83,30.97,30.81,26.88,35.23,32.31,29.95,30.18,27.83,27.83,29.69,25.49,27.58,29.67
27.38,31.11,29.61,31.35,28.79,32.94,32.13,30.26,27.41,27.75,27.75,28.4,32.03,30.29,31.92,30.55,29.98
29.78,31.77,29.12,28.02,27.81,31.19,27.53,28,32.36,24.76,28.61,27.1,27.21,29.98,31.73,27.28,28.89
27.42,27.21,28.42,26.9,29.57,32.55,31.65,31.05,31.48,29.53,29.39,26.77,26.96,28.36,32.02,30.62,29.37
29.66,30.91,28.44,31.14,29.31,29.95,29.71,29.25,26.28,30.45,30.89,28.56,28.78,27.79,29.49,30.44,29.44
30.34,27.57,24.54,31.46,30.35,29.64,30.87,30.8,25.33,28.67,33.71,30.75,31.41,30.23,29.73,34.02,29.96
30.54,32.82,31.89,32.13,31.95,25.56,24.99,25.3,26.63,27.93,34.04,30.08,33.97,28.93,28.69,33.51,29.94
31.48,27.86,30.86,31.27,28.14,29.81,31.3,28.64,33.06,29.38,27.89,32,32.81,28.05,31.75,29.97,30.27
31.56,23.79,26.4,30.84,27.84,29.43,30.36,29.02,32.18,31.92,30.57,32.02,32.5,31.57,27.19,28.78,29.75
32.36,28.87,24.23,30.05,27.81,29.19,30.05,27.89,25.88,33.16,32.57,31.73,30.45,30.42,29.37,31.54,29.72
28.82,30.37,30.29,31.89,33.19,31.23,31.22,26.42,32.82,29.96,30.54,28.23,28.78,32.54,30.74,26.5,30.22
28.5,30.9,31.44,28.45,32.59,31.61,32.07,31.18,29.96,26.38,29.75,32.67,26.78,29.17,26.13,29.38,29.81
29.84,28.26,31.48,33.69,27.28,29.4,31.14,34.08,33.5,26.17,27.04,31.02,31.11,28.12,29.28,28.74,30.01
31.62,32.56,28.55,30.71,32.69,29.45,30.44,28.44,25.71,30.91,31.86,31.31,32.3,30.26,31.04,30.43,30.52
25.4,32.54,29.14,25.87,29.54,29.63,33.07,33.52,31.9,29.4,27.57,26.67,37.4,30.43,33.27,31.61,30.44
29.96,26.29,27.54,31.01,28.59,29.75,32.67,22.71,27.12,31.96,28.18,31.12,26.57,33.29,30.37,35.36,29.53
31.72,27.93,29.44,28.77,33.06,29.73,31.85,32.12,26.54,32.07,29.46,29.54,28.19,30.17,31.16,28.4,30.01
28.72,26.57,29.05,26.62,31.41,33.07,27.57,31.25,28.13,33.74,33.75,28.29,31.38,24.88,29.18,30.24,29.62
34.3,33.46,33.43,29.15,27.57,29.48,30.4,31.3,29.2,31.59,31.64,28.92,32.77,32.8,28.36,31.02,30.96
31.16,26.38,29.85,29.95,27.57,29.58,26.86,31.5,25.73,33.05,34.04,31.81,33.24,28.11,29.56,27.14,29.72
32.16,29.71,29.48,27.84,31.33,27.82,31.21,29.42,31.61,31.17,23.29,30.19,29.4,27.37,31.13,31.53,29.67
33.54,30.43,30.75,28.29,28.94,28.76,32.88,31.88,30.84,28.31,29.71,30.65,27.85,30.01,28.53,28.71,30.01
28.36,32.68,31.19,31.63,33.49,32.62,31.24,30.5,28.97,30.63,26.36,30.25,27.4,27.19,29.3,32.18,30.25
31.34,33.32,28.6,33.11,32.5,30,34.87,30.61,29.92,28.51,29.39,29.25,28.35,29.74,31.88,29.74,30.7
30.34,29.01,26.63,29.38,30.65,30.81,29.9,29.71,31.99,33.19,30.64,30.81,33.28,27.95,31.58,33.34,30.58
27.84,31.74,26.57,30.79,31.5,29.11,30.64,31.51,32.45,29.88,28.75,29.73,28.3,30.02,29.12,30.3,29.89
29.84,28.93,31.62,29.39,28.81,30.14,24.27,32.62,30.95,30.79,28.64,31.06,28.83,30.82,27.29,25.95,29.37
31.5,29.52,33.08,31.26,30.74,26.02,29.38,36.88,28.3,32.02,28.32,30.12,28.94,25.86,29.46,29.11,30.03
31.86,27.4,35.24,28.91,30.86,30.49,32.91,30.3,31.05,31.52,25.39,31.96,28.36,29.18,32.67,31.19,30.58
30.2,31.08,31.99,27.26,31.43,27.55,31.52,30.35,32.77,26.95,32.18,31.12,26.53,29.75,31.69,25.92,29.89
30.94,28.61,26.57,28.11,29.62,30.52,25.39,32.12,33.12,31.85,27.11,27.48,28.69,27.37,24.8,26.91,28.7
33.26,31.2,32.61,31.97,29.56,30.76,27.73,32.46,27.74,30.98,26.21,26.77,29.17,28.93,28.75,31.71,29.99
31.76,27.87,30.11,30.58,30.28,31.44,31.24,31.11,29.94,31.69,30,31.62,33.6,29.57,30.53,28.03,30.59
27.62,31.68,28.86,34.33,32.17,33.88,27.59,28.64,31.02,33.84,30.36,30.52,30.78,29.56,30.37,29.26,30.65
29.98,31.4,31.5,29.66,28.77,30.74,29.99,34.06,28.97,31.38,27.14,31.46,28.22,31.87,28.08,29.76,30.19
32,32.57,30.76,29.8,30.84,33.18,28.95,29.3,25.81,31.04,31.57,32.62,27.14,27.27,30.42,28.4,30.1
27.92,29.06,28.65,31.01,31.1,25.19,33.11,30.18,31.66,32.54,34.64,29.42,30.53,26.52,31.48,29.79,30.18
27.64,30.66,28.21,33.57,31.77,25.94,29.45,30.1,29.15,30.87,35.96,32.58,34.59,30.13,31.69,30.63,30.81
31.16,29.54,27.26,27.89,24.56,30.54,32,30.79,34.75,29.49,31.57,29.58,33.83,30.83,31.18,29.76,30.29
27.12,29.51,29.48,30.22,28.74,29.07,25.32,28.86,32.14,25.51,31.07,29.25,23.89,32.71,29.02,26.44,28.65
34.08,30.9,29.21,30.66,27.01,31.62,32.14,30.39,29.27,28.42,30.18,26.17,25.7,30.19,28.3,27.25,29.47
31.1,31.13,32.73,28.63,31.2,29.07,26.23,30.98,30.38,31.39,28,28.65,32.03,27.82,35.7,29.52,30.29
31.72,35.6,28.35,28.53,30.72,30.57,30.89,29.46,27.66,32.37,29.75,31.19,28.05,30.52,33.5,30.72,30.6
31.48,33,30.93,29.14,29.44,31.65,28.89,31.1,32.87,31.1,25.36,32.56,30.77,30.64,31.12,28.53,30.54
28.54,28.02,32.19,26.84,31.26,31.69,33.77,31.63,33.61,27.23,25.61,29.81,30.75,30.39,31.81,26.24,29.96
28.3,31.98,24.93,31.72,28.78,32,29.75,27.38,29.42,30.56,32.29,32.9,29.15,30.21,31.86,29.42,30.04
31.64,30.58,27.96,29.1,28.98,29.83,26.38,32.26,27.42,33.39,28.86,28.19,29.7,29.76,31.32,32.01,29.84
32.38,30.81,27.37,31.24,27.9,30.37,29.87,31.2,28.44,31,32.96,27.27,28.73,29.24,34.13,31.78,30.29
29.86,28.38,27.35,27.57,26.49,33.21,34.91,34.02,31.22,28.44,29.71,29.96,28.78,28.65,28.32,29.72,29.79
29.8,25.9,28.63,30.86,32.31,26.69,28.27,29.63,26.62,28.68,29.11,31.1,30.84,31.12,32.46,29.88,29.49
30.38,27.38,29.11,29.94,30.82,31.37,29.28,31.35,31.36,30.83,28.54,27.48,28.11,32.98,29.83,32.32,30.07
32.16,31.57,33.02,30.16,31.3,29.57,32.4,31.62,26.92,32.03,29.32,30,26.5,29.52,32.4,29.38,30.49
31.06,28.63,28.83,29.46,27.41,28.83,29.19,30.33,28.96,31.3,29.29,32.94,27.42,28.63,27.43,29.53,29.33
30.3,27.53,30.1,29.43,28.87,31.17,28.68,26.89,31.83,29.7,32.04,34.67,26.95,33.64,28.47,30.87,30.07
32.34,30.46,26.92,32.51,34.3,28.24,28.6,35.04,30.68,31.72,33.21,30.29,27.66,25.81,28.37,28.63,30.3
29.48,28.38,29.68,29.86,27.58,29.87,31.15,33.57,27.39,29.47,29.79,27.46,28.15,33.25,27.72,36.11,29.93
28.42,29.88,29.65,32.28,28.82,30.8,32.73,30.85,31.42,31.73,26.25,28.6,33.15,29.55,29.64,26.7,30.03
28.44,26.52,30.73,32.11,28.98,31.65,32.92,28.86,31.45,27.66,31.68,25.96,31.31,32.71,27.39,30.78,29.95
28.48,23.66,30.56,32.15,33.13,27.4,29.14,25.61,33.84,34.06,29.46,28.75,28.9,30.54,25.06,32.55,29.58
31.46,31.17,31.01,31.31,30.29,27.29,31.34,29.3,31.46,30.21,33.96,34,28.79,30.71,30.86,29.21,30.77
32.88,26.97,32.51,30.43,32.93,29.35,27.79,33.82,29.08,29.51,29.79,32.38,28.1,28.83,30.98,26.53,30.12
28.14,32.8,32.32,28.89,27.67,28.65,33.17,30.93,28.83,30.6,34.46,30.25,29.15,32.07,30.04,30.18,30.51
30.38,30.47,27.64,29.72,33.5,27.94,32.43,31.93,29.07,29.66,31.29,28.85,31.18,33.46,27.42,26.71,30.1
31.24,32.33,26.89,30.91,31.41,30.36,27.95,26,29.72,27.61,29.21,31.31,30.48,29.57,31.58,31.01,29.85
32.06,32.49,31.48,30.17,28.72,28.2,28.54,31.71,33.18,30.27,30.61,31.1,29.7,30.23,33.64,28.29,30.65
31.24,32.64,29.31,31.21,30.11,27.21,30.49,29.39,30.47,28.64,27.86,26.06,27.9,28.58,32.1,34.22,29.84
32.14,26.46,34.08,30.78,31.17,31.52,25.92,27.51,30.39,29.82,32.68,30.27,30.15,31.17,31.57,28.45,30.26
31.7,30.74,27.9,26.6,30.8,29.86,31.8,35.39,28.19,34.1,29.46,31.23,35.48,33.87,30.48,31.85,31.22
29.56,29.53,30.93,28.26,33.24,32.35,31.34,31.02,28.19,30.55,34.36,30.67,26.93,33.15,28.73,31.54,30.65
28.42,26.33,31.39,29.79,27.72,30.77,29.97,28.39,33.21,27.17,31.29,29.9,28,30,26.1,28.09,29.16
29.14,33.58,29.58,29.52,30.71,27.87,28.92,31.11,32.51,24.75,31.39,33.04,29.22,30.81,27.29,30.78,30.01
26.28,27.44,28.57,30.71,33.03,29.55,28.08,29.01,31.21,31.61,28.36,31.54,31.05,32.69,27.16,29.84,29.76
26.66,29.69,30.32,35.53,29.65,33.77,32.78,31.17,26.35,28.32,30.36,29.12,32.31,33.23,26.86,27.74,30.24
28.7,33.2,26.26,30.23,30.58,26.75,30.29,28.93,29.71,29.7,33.18,26.65,31.56,29.88,34.39,27.16,29.82
32.06,28.98,27.29,29.22,29.84,32.04,25.97,32.1,31.61,32.5,34.61,31.67,32.29,31.48,31.67,27.61,30.68
31.62,26.54,30.87,27.07,28.48,27.7,31.32,30.18,26.69,32.89,29.82,28.81,33.92,33.14,32.18,28.88,30.01
31.7,30.07,31.11,30.97,32.14,29.82,24.2,31.23,29.32,29.38,28.75,32.29,24.18,30.58,30.17,33.76,29.98
26.5,25.97,31.24,30.29,32.98,30.68,31.15,27.25,28.59,28.71,28.96,31.71,35.38,32.74,29.25,29.73,30.07
30.76,30.92,32.1,30.06,27.82,26.5,29.32,28.94,32.22,28.21,23.39,29.25,29.4,29.5,30.24,30.91,29.35
29.48,32.67,29.33,28.89,28.28,27.05,29.36,31.86,31.27,30,29.79,28.71,30.93,30.9,29.06,29.69,29.83
31.86,32.49,28.79,33.59,29.98,27.92,34.12,28.46,32.59,31.11,31.54,28.62,30.18,32.1,27.84,30.71,30.74
29.54,31.66,29.2,33.8,31.04,31.92,27.88,32.87,31.11,30.83,29.14,30.31,29.02,32.04,24.91,32.81,30.5
28.74,32.39,27.6,28.96,32.46,30.49,29.89,29.23,31.91,30.62,33.46,28.52,31.82,29.82,34.49,27.7,30.51
28.92,29.62,32.85,31.5,31.54,29.36,30.15,30.1,30.06,30.84,26.14,26.75,28.91,28.18,35.44,31.97,30.14
29.06,27.6,30.04,29.72,30.87,26.93,32.03,28.95,29.22,30.67,31.39,28.6,31.59,29.33,25.23,30.97,29.51
33.16,31.01,35.29,27.88,28.96,24.81,27.86,28.71,32.58,27.5,30.75,28.02,33.95,29.5,29.01,31.41,30.02
25.68,31.3,26.51,31.38,25.31,34.13,30.46,30.93,23.98,30.85,31.39,28.52,31.64,25.37,28.32,28.54,29.02
33.2,29.64,32.37,28.4,28.16,30.18,27.43,27.99,32.41,30.61,28.89,32.25,29.92,33.96,30.39,33.51,30.58
28.54,23.41,27.73,29.07,27.92,31.77,30.22,30.62,29.99,29.15,27.96,30.6,31.94,27.29,26.45,36.64,29.33
32.06,33.7,28.85,29.51,33.56,30.92,28.3,27.17,28.44,31.77,33.93,27.73,32.05,32.77,31.4,33.5,30.98
25.6,29.31,27.95,31.35,26.3,26.12,31.49,31.23,28.68,29.79,30.18,31.27,28.75,27.39,25.95,32.57,28.99
32.84,32.87,32.38,28.59,27.16,29.08,29.98,29.45,29.18,30.66,32.21,28.35,29.83,28.88,29.85,32.18,30.22
30.82,24.84,30.14,33.12,30.19,28.77,29.13,30.43,32.33,30.63,30.21,28.65,29.51,31.3,28.14,29.93,29.89
29,34.16,28.37,30.11,29.2,26.38,31.2,32.31,28.16,27.17,31.64,30.88,29.39,27.95,24.73,30.01,29.42
31.82,31.83,32.9,29.02,28.86,29.56,32.68,28.54,28.87,31.15,29.89,29.96,32.55,29.5,33.16,29.36,30.6
32.78,30.01,28.57,32.52,26.29,30.61,29.4,36.68,33.37,30.56,28.71,33.54,32.76,27.02,29.88,26.83,30.6
28.76,28.02,31.92,29.43,28.79,32.25,27.71,31.36,31.48,34.34,30.39,32.33,31.38,30.7,26.81,34.44,30.63
30.56,27.98,28.51,30.84,31.01,29,29.53,33,24.32,30.41,31,25.81,29.5,31.75,34.08,31.14,29.9
29.7,27.07,29.36,30.54,28.13,31.29,28.68,27.7,31.14,31.96,29.82,31,30.67,30.19,25.06,28.38,29.42
31.98,29.87,31.02,29.26,27.43,28.61,32.05,29.48,33.7,32.96,28.96,27.81,26.52,28.18,27.53,28.61,29.62
29.04,28.98,34.29,30.28,25.63,31.14,30.46,27.9,25.38,29.74,29.79,30.42,28.38,25.58,26.79,29.6,28.96
29.4,28.96,32.32,28.21,30.38,30.54,29.59,29.96,32.43,31.19,31.07,30.85,28.45,32.24,33.22,30.54,30.58
27.86,32.57,26.07,26.58,25.69,29.11,32.38,32.25,29.26,32.85,28.71,31.85,35.86,31.25,28,30.41,30.04
28.96,26.1,30.73,32.61,27.71,31.4,32.03,31.54,29.99,30.88,30.5,29.19,28.23,31.73,26.94,27.44,29.75
29.86,31.88,32.08,33.33,36.16,30.24,30.13,29.63,28.93,32.49,31.32,31.08,27.28,30.19,25.38,30.92,30.68
32.4,27.18,30.9,32.59,30.53,30.64,34.55,29.46,34.55,32.68,31.89,28.02,31.34,29.2,29.57,26.41,30.74
25.18,30.66,30,32.44,29.84,30.98,34.13,30.04,26.95,27.18,31.75,30.12,30.55,32.15,31.77,30.91,30.29
28.74,29.39,24.33,28.93,28.55,33.31,29.71,32.64,27.82,31.55,28.32,31.69,32.87,28.87,30.89,30.12,29.86
32,33.13,33.77,30.29,29.9,33.3,32.77,30.62,28.18,28.67,27.39,28.52,31.89,32.19,33.48,29.48,30.97
28.7,33.93,26.44,30.22,29.5,34.99,32.35,33.21,30.34,28.7,32.07,32.94,33.73,30.4,30.39,32.58,31.28
31.28,27.81,27,29,30.76,28.23,29.42,33.92,31.36,30.01,25.18,30.27,28.18,33.02,31.45,32.45,29.96
29.9,30.88,32.36,32.89,26.8,26.32,28.94,27.55,31.83,30.65,29.61,32.44,28.1,29.49,30.88,30.39,29.94
28.86,26.43,26.61,29.67,29.63,29.36,25.88,29.5,31.14,29.99,33.64,33.92,26.95,32.79,32.95,33.08,30.02
33.72,29.23,29.98,29.14,33.6,34.49,30.45,24.71,27.2,33.01,30.14,28.35,29.37,28.3,29.17,29.93,30.05
30.36,29.23,33.69,29.33,32.17,30.67,29.25,32.18,30.44,28.8,32.11,29.94,30.49,30.68,28.99,34.11,30.78
27.38,30.54,30.95,27.28,29.81,27.4,31.25,26.56,31.78,26.72,28.57,27.5,29.31,29.9,30.43,30.98,29.15
33.88,31.89,30.6,30.43,29.29,30.88,32.83,28.48,34.53,28.96,31.43,28.44,28.78,28.65,28.04,30.78,30.49
29.02,30.27,31.74,31.48,30.6,29.37,28.15,28.89,29.42,27.9,30.93,30.94,29.1,28.38,29.92,31.94,29.88
33.66,34.63,27.36,30.11,31.86,32.48,32.19,29.14,34.52,31.9,31.75,27.77,32.6,29.4,30.52,28.69,31.16
28.62,30.66,31.65,26.53,29.77,29.39,28.99,29.79,32.88,31.72,28.07,32.71,30.89,30.26,31.59,28.11,30.1
29.22,30.82,27.85,31.77,33.81,29.52,29,29.8,28.69,31.08,28.75,30.46,31.68,31.76,30.6,27.89,30.17
29.56,28.51,27.92,28.23,27.87,30.27,31.99,32.68,28.3,30.77,29.61,30.62,29.32,31.58,31.4,28.66,29.83
25.56,27.93,32.88,30.7,31.01,28.54,28.99,29.77,34.36,27.88,28.61,28.71,29.57,25.75,31.32,29.1,29.42
29.8,27.78,30.63,31.41,29.47,31.73,34.05,30.37,29.29,29.66,25.07,31.5,26.74,26.81,29.78,28.11,29.51
30.18,33.01,30.45,30.14,26.05,33.35,32.16,27.37,29.81,29.23,29.25,31.06,31.39,30.87,33.99,25.66,30.25
28.44,31.43,26.06,28.34,26.66,30.46,30.42,29.21,28.29,27.47,30.39,30.83,33.35,27.76,29.58,33.53,29.51
31.3,30.69,29.44,28.91,26.76,29.29,32.69,27.19,29.57,27.84,28.86,30.12,29.05,26.67,31.11,32.99,29.53
27.66,28.22,30.76,31.91,31.57,30.89,28.34,29.37,26.51,28.79,29.79,30.67,28.44,30.7,32.59,29.26,29.72
30.82,28.93,31.24,30.02,27.64,29.6,28.47,25.98,23.81,30.96,30.32,32.92,29.55,28.93,28.18,25.22,28.91
29,32.27,28.5,30.86,27.5,33.67,30.72,34.27,29.9,31,31.5,28.46,31.06,28.7,31.21,27.75,30.4
31.48,31.18,27.45,30.69,25.38,30.31,32.71,33.33,30.77,28.46,28.61,26.21,31.36,28.02,30.64,28.24,29.68
31.48,26.13,26.89,30.88,28.34,29.52,30.12,27.26,29.54,29.77,32.82,32.94,32.3,30.86,27.99,29.82,29.79
27.62,29.54,29.06,30.13,29.58,27.06,29.02,25.63,29.92,28.51,27.71,27.71,26.59,27.17,34.05,26.16,28.47
26.64,32.52,31.92,29.52,28.2,28.74,26.69,29.89,26.24,33.88,30.39,32.85,30.56,29.67,31.05,28.46,29.83
28.44,33.92,27.26,32.87,27.92,32.39,28.78,30.17,32.04,32.47,28.43,30.65,33.15,28.99,33.44,32.09,30.81
34.24,28.71,29.06,27.85,33.3,29.05,27.84,28.99,32.94,27.01,25.75,30.19,26.35,29,29.91,27.78,29.25
29.42,33.01,32.02,30.07,29.44,29.3,31.76,29.04,28.85,31.16,29.11,26.6,29.95,32.46,34.28,32.68,30.57
33.56,29.76,33.48,32.26,29.93,30.27,26.97,29.01,27.98,29.91,32.07,33.44,31.47,32.12,34.39,32.01,31.16
30.66,24.43,29.11,33.41,29.3,35.17,30.61,28.9,29.38,26.91,28.93,30.71,25.47,26.55,28.86,27.82,29.14
29.58,33.99,30.76,30.16,28.29,32.39,31.92,30.63,26.97,29.71,33.14,33.4,29.36,32.26,29.62,28.15,30.65
29.76,33.36,25.7,25.29,33.85,27.21,31.36,33.1,31.18,29.51,32.46,31.52,33.15,26.31,28.93,29.33,30.13
29.4,32.66,26.82,29.54,30.46,26.96,32.52,28.95,29.92,30.53,29.5,29.31,30.62,29.69,31.54,35.51,30.25
26.1,30.76,33.04,29.22,29.16,27.39,30.73,31.67,33.63,31.21,29.54,29.38,30.48,30.42,29.08,30.94,30.17
30.02,28.32,30.05,29.28,31.13,25.67,27.74,34.6,27.34,30.37,33.07,29.69,33.7,28.85,34.62,31.28,30.36
26.58,28.74,33.49,30.94,31.7,27.13,30.82,32.96,30.49,30.47,25.07,28.44,28.37,29.6,31.79,25.34,29.5
27.5,27.16,27.13,30.16,33.88,31.18,30.64,31.6,31.59,27.95,28.46,31.5,32.64,32.33,31.92,31.57,30.45
30.82,28.2,26.71,30.31,28.47,29.26,26.59,30.46,28.14,31.89,29.43,32.65,30.72,31.15,29.21,31.13,29.7
28.78,29.86,29.37,31.39,29.92,27.86,29.76,30.61,30.79,30.21,27.96,27.25,32.64,30.61,30.9,29.14,29.82
26.56,30.93,30.95,30.81,28.63,28.99,26.67,31.39,28.09,29.06,30.04,30.17,29.9,27.64,23.92,30.72,29.03
32.02,33.17,34.62,32.95,30.86,30.26,28.67,32.42,30.37,29.6,30.57,26.58,30.06,28.44,31.1,30.97,30.79
28.9,30.08,27.57,27.52,27.66,27.15,27.27,27.96,33.24,32.42,27.32,26.35,30.87,27.92,29.88,31.59,28.98
30.84,31.57,33.31,30.56,28.67,30.8,30.46,31.51,27.28,31.18,30.39,28.73,28.94,26.52,30.15,26.49,29.84
31.44,30.42,29.26,27.08,27.54,29.87,30.13,29.21,32.24,30.1,30.46,33.58,30.22,32.56,27.8,31.53,30.22
27.9,26.27,27.95,25.53,28.26,32.36,28.04,31.11,33.87,29.75,26.32,30.87,33.08,27.75,26.9,28.91,29.05
34.96,31.47,29.85,29.74,28.46,31.07,31.93,30.14,30.15,32.34,28.75,31.23,31.01,25.11,31.36,29.45,30.44
28.82,29.76,28.88,28.19,29.91,29.86,29.63,28.21,33.79,27.35,32.18,27.48,28.83,31.74,27.04,32.78,29.65
26.1,30.87,35.21,28.92,23.79,26.89,32.81,27.7,31.88,30.28,27.86,26.42,29.59,30.57,28.82,30.96,29.29
33.8,30.74,31.17,30.58,30.47,34.11,29.88,27.38,30.28,26.95,30.82,28.73,34.92,30.51,29.34,30.29,30.62
26.78,30.19,29.65,31.73,31.18,31.99,29.71,28.75,31.14,30.16,25.89,27.46,31.9,28.21,26.39,35.28,29.78
27.06,30.6,30.68,31.38,31.76,28.1,29.53,34.24,29.98,26.21,35.07,30.85,28.58,28.58,29.31,28.77,30.04
26.38,33.3,29.18,32.98,32.19,30.9,28.55,30.19,30.18,31.48,28.21,28.6,25.49,30.33,29.1,25.12,29.51
30.58,30.3,29.64,27.11,28.75,29.42,30.84,34.88,26.91,31.86,31.04,28.29,32.68,33.27,32.64,32.33,30.66
32.62,26.48,28.51,29.36,29.63,30.85,32.1,28.83,31.32,29.41,33.54,30.96,28.42,31.39,29.36,30.43,30.2
26.6,31.47,31.67,28.61,27.93,32.49,32.34,30.37,31.09,31.3,28.54,30.42,34.33,31.46,28.07,30.26,30.43
33.96,34.54,28.51,29.26,25.63,32,30.2,30.68,30.28,30.69,26.89,26.15,30.99,32.32,32.73,31.78,30.41
30.68,31.73,30.44,28.63,31.69,30.58,31.58,27.99,34.62,33.32,28.04,29.52,31.36,26.86,29.13,27.36,30.22
32.56,29.49,30.98,27.45,30.53,35.46,24.63,27.75,24.66,28.43,32.64,33.38,31.26,31.86,34.07,30.99,30.38
30.08,32.19,29.49,29.76,29.97,32.33,33.38,31.05,29.99,29.38,29.71,34.75,30.33,28.82,28.2,30.01,30.59
33.5,30.74,30.08,28.29,33.31,31.85,30.81,24.25,31.82,27.88,29,30.25,28.62,31.7,25.94,31.98,30
28.02,26.09,22.51,26.74,28.55,26.14,25.98,30.27,31.94,29.1,26.32,27.29,26.16,29.74,31.42,28.09,27.77
28.32,31.17,30.02,31.92,29.97,29.52,33.59,26.24,31.04,32.18,29.75,25.98,28.75,30.49,31.34,31.18,30.09
26.9,27.09,25.79,27,32.23,33.69,32.57,31.56,23.3,27.33,32.25,34.33,28.82,35.3,28.8,25.48,29.53
32.2,26.2,31.58,31.53,34.82,32.83,29.11,31.65,27.18,28.61,30.32,33.96,30.09,31.69,28.81,27.16,30.48
30.24,27.5,28.31,32.71,28.65,30.61,30.84,27.12,31.1,32.61,30.18,28.67,25.13,29.61,30.8,23.98,29.25
29.72,34.4,32.17,29.75,31.2,28.51,33.04,28.54,32.68,25.42,29.64,30.81,31.24,30.8,31.97,28.22,30.51
29.76,28.57,31.1,31.63,28.68,28.51,25.65,26.57,26.18,29.64,29.82,30.77,28.81,32.61,28.39,30.88,29.22
29.38,33.57,31.95,30.29,28.32,30.21,28.31,29.93,27.98,25.11,26.36,28.29,31.67,31.07,29.2,27.39,29.31
28.22,31.82,29.31,27.97,27.04,31.71,31.32,33.54,30.01,30.27,30.96,28.06,34.6,30.45,26.7,28.65,30.04
29.06,30.6,28.57,31.55,28.49,29.54,29.19,31.44,30.92,29.71,30.96,28.65,29.64,26.62,26.54,29.5,29.44
30.56,29.59,28.19,30.6,34.99,29.81,33.63,27.62,30.11,29.96,25.21,30.9,31.06,29.89,32.5,31.76,30.4
29,32.79,28.38,30.57,35.2,32.75,33.68,30.74,29.02,30.38,26.14,33.58,28.74,27.67,30.36,34.51,30.84
30.74,32.19,26.75,31.23,26.12,30.39,29.49,29.04,31.85,31.47,35.39,29.67,29.75,33.12,34.22,30.31,30.73
26.06,29.27,28.05,27.5,32.17,28.12,27.58,31.38,27.07,28.61,25.86,28.08,27.5,28.21,29.93,31.69,28.57
31.66,33.19,27.98,28.57,31.59,29.92,27.88,32.37,29.36,27.85,30.71,31.58,32.3,29.27,25.9,30.17,30.02
27.06,28.08,32.27,28.04,32.21,30.52,27.96,32.62,31.39,29.08,27.11,27.88,32.9,29.96,29.42,31.04,29.85
31.7,28.28,25.6,29.75,30.15,35.71,28.41,23.77,29.37,27.6,31.61,31.88,30.14,31.27,26.81,29.76,29.49
34.04,27.47,29.58,32.32,32.49,31.48,29.72,30.2,30.78,30.11,26,29.33,31.53,32.42,29.69,28.08,30.33
32.2,30.28,31.48,30.43,30.88,26.46,30.38,35.01,30.26,30.28,28.07,31.52,29.5,31.75,31.91,28.93,30.58
31.38,34.54,32.93,31.02,31.44,32.13,29.14,26.37,30.17,28.6,25.18,32.29,29.55,30.45,27.66,29.06,30.12
32.38,29.14,30.31,27.6,33.24,28.4,33.99,29.02,31.88,28.53,32.39,29.19,29.42,30.46,27.61,31.13,30.29
28.52,31.44,31.05,27.91,27.14,28.32,31.72,28.29,29.11,26.5,28.36,29.85,26.85,32.43,27.21,31.98,29.17
28.52,28.96,32.9,29.64,25.37,28.49,30.17,32.12,31.29,25.75,26.43,28.71,31.31,34.36,31.4,29.5,29.68
29.2,28.4,30.5,26.07,29.04,26.96,26.98,26.35,28.89,28.99,30.96,33.56,29.8,32.5,32,30.7,29.43
28.44,32.37,27.93,29.31,29.22,34.52,28.63,28.45,33.06,29.32,29.43,25.83,27.55,30.51,30.63,25.84,29.44
32.1,27.9,33.8,30.19,30.37,29.36,27.17,31.45,28.18,32.34,31.14,27.44,31.16,31.08,32.58,34.13,30.65
30.24,30.74,26.69,27.4,30.95,33.57,31.94,34.52,29.22,29.66,25.71,29.5,30.67,34.27,28.85,32.74,30.42
30.54,29.02,29.58,26.99,31.2,27.68,34.04,25.52,30.51,30.38,36.11,31.23,26.9,26.8,28.46,31.22,29.76
28.14,28.96,30.74,29.01,31.62,30.99,32.92,28.33,34.22,30.44,31.29,32.21,36.61,31.81,31.54,32.25,31.32
28.4,36.49,30.2,28.19,30.82,31.26,29.21,27.58,27.72,30.84,29.57,27.33,32.98,29.9,30.56,31.92,30.19
29.3,31.83,32.33,29.34,28.52,29.46,28.61,28.13,30.26,30.29,30.71,31.44,32.07,34.92,30.55,29.32,30.44
31.12,25.46,32.82,26.72,30.86,34.01,29.79,31.27,29.22,27.37,29.39,29.1,31.1,27.02,33.8,27.83,29.81
25.14,30.88,30.94,27.16,31.73,30.82,30.01,29.54,27.08,25.97,30.71,32.83,31.86,30.88,31.46,27.35,29.65
29.38,34.41,29.39,32.42,29.14,31.04,32.73,31.2,29.42,31.25,31.21,31.38,30.92,28.36,34.46,28.9,30.98
28.26,27.48,28.05,27.96,32.67,29.71,34.51,33.83,31.19,30.14,28.14,29.23,29.54,27.6,30.62,30.51,29.97
31.1,29.68,29.77,30.62,28.59,34.6,31.69,26.08,30.43,26.39,26,28.73,33.2,28.36,31.59,33.62,30.03
27.48,25.41,29.4,32.07,26.83,32.04,27.07,28.95,31.76,29.61,25.07,32.29,28.9,27.6,32.68,26.61,28.98
32.18,26.4,26.33,30.02,29.26,29.49,31.15,28.52,26.69,30.15,30.21,37.12,31.32,33.51,29.67,29.76,30.11
29.32,30.32,23.35,31.56,28.33,29.79,32.71,29.4,29.11,28.86,32.79,27.27,32.57,29.89,28.45,31.38,29.69
26.4,29.41,31.71,32.08,28.96,34.08,27.46,32.76,33.57,28.37,30.43,31,26.1,28.11,31.57,30.14,30.14
26.44,33.51,29.7,27.32,29.14,28.07,29.39,31.7,34.49,31.55,27.57,29.46,32.2,30.76,30.67,32.28,30.27
30.12,31.26,31.49,30.61,33.07,33.46,26.34,29.24,31.7,28.94,29.54,28.54,27.47,29.81,28.79,30.78,30.07
31.46,29.52,30.19,32.55,28.15,33.04,28.16,29.13,29.54,30.35,28.04,29.06,29.52,30.31,33.57,30.76,30.21
28.78,30.78,30.3,30.62,34.57,31.99,29.97,32.14,31.3,29.49,30.75,32.21,26.3,28.13,30.91,30.74,30.56
31.76,31.19,27.02,33.37,27.59,29.35,26.9,35.08,27.84,27.92,30.04,31.29,37.03,29.56,28.33,30.61,30.31
24.96,29.53,32.55,27.48,27.55,27.04,31.9,31.99,29.73,29.48,30.43,28.1,32.3,31.73,27.29,28.84,29.43
31.14,32.33,29.57,30.37,27.11,30.1,27.46,27.26,29.36,29.01,26.04,30.23,30.24,29.33,26.64,30.33,29.16
33.82,28.37,27.21,30.59,30.09,28.77,29.8,32.08,34.37,31.1,28.46,33.19,32.39,30.48,27.54,27.77,30.38
33.38,31.41,29.79,26.96,31.37,28.39,28.94,30.01,32.82,29.84,29.39,29.33,33.47,30.49,31.12,32.59,30.58
26.26,30.97,24.48,31.42,29.03,27.48,29.5,32.96,29.58,29.73,33.29,30.71,27.32,32.64,27.28,31.86,29.66
31.9,29.4,32.89,30.31,31.18,33.99,28.71,31.11,31.1,32.09,34.93,31.42,30,30.56,35.95,26.71,31.39
31.48,27.76,28.65,30.44,31.06,24.77,28.36,27.71,29.44,30.94,29.11,29.65,30.23,32.29,28.92,30.48,29.46
28.82,31.97,31.46,31.33,29.04,32.7,27.29,28.1,29.62,33.61,25.57,28.23,28.02,26.82,31.5,30.84,29.68
29.42,30.1,32.35,35.34,31.44,30.5,29.74,29.68,29.16,31.23,29.57,28.42,24.48,26.74,31.47,28.13,29.86
31.86,30.03,30.64,32.76,31.26,29.64,30.54,31.74,28.78,28.94,26.89,30.98,29.39,30.49,28.81,27.22,30
29,34.83,31.42,29.09,28.87,30.93,30.49,26.7,31.83,29.4,28.86,31.31,26.35,34.79,28.71,30.66,30.2
30.52,29.96,24.6,27.38,28.64,27.71,27.27,31.46,30.22,29.55,26.75,25.58,30.92,28.15,28.32,33.09,28.76
28.48,31.66,31.32,31.95,31.01,35.44,31.6,29.86,29.36,29.77,28.79,27.38,28.15,26.62,27.48,29.98,29.93
26.22,30.03,30.02,32.59,29.6,31.58,31.61,29.62,27.24,30.4,24.79,30.15,30.94,30.39,32.93,32.05,30.01
29.88,29.53,33.45,29.1,28.06,36.01,31.75,30.27,33.45,27.66,32.39,24.48,31.12,30.94,29.82,24.98,30.18
30.16,31.46,29.32,30.31,29.9,31.29,31.49,24.93,30.79,27.98,29.54,29.35,28.17,32.23,31.87,31.16,30
34.7,28.23,31.13,32.82,30.38,32.08,27.87,31.7,29.68,28.59,28.86,32.38,26.6,31.11,30.43,33.2,30.61
27.4,25.92,30.26,27.16,24.91,30.65,28.83,31.43,30.97,28.79,31.64,25,32.83,27.48,29.6,27.65,28.78
29.26,32.11,29.26,27.95,30.8,29.75,28.22,29.45,31.64,30.6,30.07,33.54,29.75,30.13,30.94,28.44,30.12
31.38,28.24,28.94,28.12,30.21,29.69,30.98,30.81,28.62,31.67,31.89,34.65,28.49,28.93,32.39,33.78,30.55
29.46,32.97,28.29,33.23,28.76,28.93,28.68,31.37,33.52,29.33,29.54,25.62,32.31,30.32,31.72,28.06,30.13
32.5,27.37,28,29.61,26.39,33.6,32.54,27.61,32.69,30.9,30.36,29.17,30.11,31.5,32.34,30.84,30.35
30.54,32.27,28.5,33.22,26.79,32.06,32.1,31.25,30.62,30.02,29.11,30.92,31.58,31.32,26.12,31.61,30.5
30.78,29.82,32.67,29.95,30.48,29.37,31.46,27,28.15,28.8,26.79,29.44,27.09,31.6,28.44,30.77,29.54
31.72,28.57,29.88,28.73,30.02,28.26,32.68,25.93,31.62,29.7,30.32,27.21,32.88,33.48,31.51,30.07,30.16
29.16,32.33,32.23,31.05,34.83,31.35,33.3,30.94,26.84,32.09,33.57,27.17,28.4,29.5,29.16,30.93,30.8
29.48,30.63,31.32,30.06,29.19,28.36,30.58,29.13,29.32,29.73,30.79,25.96,30.82,26.65,31.81,33.29,29.82
31.34,31.69,28.07,28.81,28.44,28.49,30.13,30.96,26.09,29.52,29.18,27.1,29.22,32.87,28.92,33.76,29.66
26.24,34.61,32.19,27.48,32.68,32.38,28.22,27.11,32.33,33.64,32.11,29.21,29.13,29.69,31.85,31.36,30.64
31.48,31.31,31.8,31.1,29.76,33.49,26.67,33.06,32.36,31.98,29.46,28.25,35.92,27.89,30.11,27.42,30.75
28.36,28.94,32.37,29.66,29.81,28.55,27.58,28.8,32.28,26.4,29.89,30.4,31.29,23.73,28.46,30.51,29.19
26.64,30.2,30.7,28.08,31.9,32.81,28.41,30.6,34.87,30.01,34.18,34.38,32.57,29.77,25.5,30.58,30.7
30.48,30.1,27.19,30.65,31.63,30.05,30.37,27.67,27.54,31.49,29.54,29.33,26.23,30.85,28.24,27.4,29.3
31.64,31.37,27.35,28.25,27.35,26.9,27.84,26.76,28.18,29.4,29.46,30.75,27,28.94,35.81,29.61,29.16
30.9,30.83,32,31.91,28.47,28.86,31.1,29.94,31.26,28.32,26.93,30.1,25.65,33.71,28.24,27.41,29.73
28.6,32.6,29.37,33.58,30.47,26.67,32.59,32.24,30.04,28.11,31.11,29.19,26.79,31.35,31.89,31.86,30.4
31.14,35.08,31.99,29.4,25.77,28.51,32.99,35.68,31.99,28.9,27.75,35.29,30.25,28.94,30.46,29.86,30.87
31.54,30.5,32.52,32.41,28.7,28.58,32.52,27.35,29.27,30.19,28.86,29.46,27.42,29.39,31.88,29.24,29.99
32.66,29.72,31.25,31.18,30.04,32.67,26.7,26.77,28.43,33.27,31.32,29.31,29.94,28.64,30.04,30.35,30.14
25.2,31.66,23.07,29.63,24.19,28.36,31.7,28.17,28.94,32.63,28.89,31.06,32.38,29.54,28.42,29.89,28.98
27.54,30.14,32.11,29.27,30.02,31.08,29.89,33.23,29.72,30.5,27.32,28.06,27.4,28.39,27.51,25.5,29.23
29.4,28.27,32.87,31.23,28.92,29.7,31.15,27.73,29.72,33.64,33.25,31.98,28.9,31.89,29.65,26.68,30.31
31.22,32.21,32.02,31.93,32.76,28.5,31.76,29.27,25.4,25.1,28.25,27.98,29.7,33.76,34.57,31.43,30.37
29.86,30.92,26.6,30.51,30.13,32.19,28.05,28.01,34.56,27.21,32.14,27.88,31.47,32.77,28.07,32.5,30.18
33.16,30.49,29.62,26.27,31.6,31.6,29.1,29.8,32.32,33.4,31.18,32.4,28.36,29.87,29.78,32.94,30.74
30.12,28.18,27.6,29.34,29.53,27.7,32.57,29.67,32.02,28.81,30.86,33.15,29.48,33.68,29.73,32.12,30.28
33.22,32.27,33.81,29.66,27.48,32.27,31.43,30.06,27,27.06,29.11,31.06,27.44,31.42,30.03,29.96,30.2
32.08,30.76,28.61,24.98,26.56,32.94,25.59,28.32,33.1,29.71,30.68,31.65,27.16,26.92,34.63,31.16,29.68
30.78,32.92,28.98,28.61,28.87,31.5,31.88,29.48,30.5,29.21,31.75,27.98,36.29,32.76,27.12,29.83,30.53
30.08,29.22,29.63,29.74,31.44,27.77,26.49,31.7,31.98,28.27,29.64,32.77,30.88,32.86,30.55,30.73,30.23
33.8,31.62,28.92,28.92,27.84,29.58,28.62,30.33,27.27,33.33,26.75,30.4,29.98,30.8,30.8,29.98,29.93
29.5,27.12,33.45,30.42,29.67,32.14,29.82,30.76,24.71,27.62,28.61,29.75,26.82,32.29,33.01,27.45,29.57
30.36,33.31,33.39,29.38,27.48,28.61,28.61,29.63,32.1,28.37,27.25,27.56,33.65,29.26,28.14,28.68,29.74
28.04,32.28,27.98,28.58,27.34,32.75,32.49,33.14,28.66,30.66,32.39,28.81,29.84,29.73,30.88,25.46,29.94
28.3,32.52,29.21,32.93,31.63,27.58,29.53,27.39,30.9,30.28,32.11,35.17,30.17,30.79,30.8,29.42,30.55
31.68,29.79,32.88,26.62,32.22,29.27,31.69,28.4,34.55,30.15,33.43,27.5,29.28,31.32,24.85,31.07,30.29
26.12,29.8,28.99,31.08,30.8,29.86,29.08,28,29.68,30.64,28.71,30.92,28.42,29.6,31.29,30.12,29.57
31.5,28.3,31.86,27.36,27.37,26.01,32.41,30.85,28.32,32.05,31.75,28.35,33.01,32.29,33.13,27.71,30.14
28,24.99,30,32.45,29.31,27.58,28.23,32.06,29.45,29.18,29.04,27.96,27.26,27.05,28.31,35.05,29.12
32.54,27.39,29.52,29.01,31.38,30.13,28.7,25.62,28.8,32.18,30.93,34.85,29.87,32.05,32.59,33.38,30.56
33.14,26.81,29.96,29.33,33.03,30.57,34.02,31.27,33.26,32.89,26.54,33.52,27.74,32.07,34.86,34.72,31.48
32.42,28.63,30.67,26.36,31.57,27.81,33.34,27.65,34.09,29.03,28.43,24.85,30.08,30.46,24.77,26.96,29.2
29.62,28.02,31.79,32.88,32.38,32.21,31.78,27.3,28.22,26.51,28.14,30.12,31.03,32.76,30.13,31.81,30.3
31.28,31.76,28.87,32.59,25.06,27.86,30.48,33.77,29.72,27.46,29.57,27.85,28.46,30.45,30.57,30.63,29.77
30.36,30.5,26.62,28.1,31.59,29.12,27.8,30.23,31.27,31.38,29.86,29.31,27.52,31.7,34.48,31.03,30.05
30.7,32.17,35.19,31.58,31.25,31.62,30.07,26.8,27.6,33.16,30.54,30.62,29.76,32.18,29.91,31.94,30.94
29.52,28.63,29.94,30.5,30.46,28.64,25.95,29.6,30.3,31.63,25.79,24.83,30.1,27.75,29.78,35.22,29.29
29.66,31.86,31.12,28.98,32.45,31.92,29.27,29.13,30.04,28.69,33.32,30.85,30.5,26.93,26.56,30.86,30.13
30.06,26.99,29.77,27.02,30.99,34.5,30.52,27.69,31.14,30.59,27.36,30.19,30.06,31.27,32.15,32.49,30.17
24.92,31.71,27.24,29.14,29.95,30.87,30.81,31.73,34.53,30.01,31.86,28.71,29.58,31.75,30.08,25.31,29.89
29.34,32.03,29.12,30.55,30.58,28.12,30.38,29.87,27.77,30.13,25.93,29.15,27.05,32.52,28.88,27.59,29.31
29.66,30.26,26.15,28.94,32.72,29.89,28.55,32.15,31.48,36.68,27.5,29.83,27.89,29.42,28.83,27.36,29.83
29.3,29.64,28.12,30.92,30.35,30.04,31.69,28.54,28.42,31.32,33.46,30.17,28.63,31.05,26.18,32.44,30.02
30.4,34.71,26.31,29.61,28.94,30.44,30.11,27.56,29.68,31.89,27.5,26.85,30.88,33.73,35.71,31.28,30.35
30.14,29.13,30.27,26.64,29.14,31.18,31.79,32.01,34.42,33.92,32.89,29.65,29.06,31.23,28.84,32.14,30.78
26.34,26.74,29.82,29.67,29.12,23.26,33.87,29.01,31.35,27.35,30.82,27.81,32.68,29.55,26.07,32.84,29.14
26.98,27,31.17,30.89,31.49,30.23,28.56,25.75,23.29,26.43,27.57,27.23,27.01,30.11,26.69,28.27,28.04
27,28.9,31.67,30.56,34.35,25.86,31.52,31.56,28.22,28.88,28.43,32.75,28.86,36.96,28.29,31.18,30.31
31.42,30.09,30.89,32.49,30.89,32.02,31.92,34.52,27.12,30.23,31.18,28,32.21,32.68,31.83,31.18,31.17
27.7,26.71,30.43,27.53,28.81,29.07,27.79,30.67,31.95,28.59,28.36,31.54,28.95,29.27,32.37,30.53,29.39
30.9,29.71,29.96,30.56,31.33,28.83,34.09,29.36,32.48,30.61,31.82,30.9,29.96,29.19,30.82,29.62,30.63
30.96,29.94,29.32,29.4,27.29,28.81,27.65,31.56,30.02,29.45,26.04,28.54,25.59,26.8,30.59,30.14,28.88
35.5,31.47,29.05,29.92,29.36,29.35,28.41,28.64,30.4,27.04,26.96,28.92,33.76,32.29,30.64,30.01,30.11
30.56,31.06,29.95,30.38,29.22,33.63,32.57,29.82,36.12,30.97,30.93,31.04,27.98,26.11,32.68,30.98,30.88
30.4,27.7,27.64,28.91,27.48,31.02,24.94,28.95,28.25,29.53,31.61,30.42,29.44,29,26.53,29.47,28.83
30.08,32.27,30.65,30.41,25.37,26.33,27.4,28.93,35.19,28.72,29.46,27.6,29.25,32.49,31.01,32.79,29.87
30.38,32.21,31.2,26.97,31.67,29.58,27.53,28.26,25.38,30.42,30.32,34.62,28.33,29,27.3,32.46,29.73
33.82,26.34,26.87,26.55,28.14,27.81,31.87,30.37,31.47,31.66,32.79,31.15,29.57,25.61,33.89,31.07,29.94
29.06,29.34,33.9,30.98,30.96,31.62,30.29,33.44,30.98,32.09,25.93,31.5,30.39,33.87,32.43,28.66,30.97
32.5,33.04,27.39,31.7,30.64,27.58,32.83,26.98,28.12,29.42,32.25,31.15,29.74,27.6,28.28,27.79,29.81
32.04,29.98,27.87,30.18,29.87,29.88,27.15,29.3,30.03,29.96,31.32,33.96,27.15,26.33,30.2,28.32,29.6
27.7,31.53,29.52,31.89,29.11,28.87,29.61,30.58,33.05,33.54,34.46,29.92,29.49,32.67,27.48,30.41,30.62
33.24,30.14,30.26,32.58,32.23,31.06,26.23,28.55,32.08,29.5,29.04,34.17,31.3,29.88,32.83,31.43,30.91
27.26,28.52,29.7,28.39,31.96,29.5,30.72,29.63,31.9,32.64,27.36,30.23,31.56,28.67,33.36,30.89,30.14
33.28,25.98,29.71,29.76,33.32,30.44,29.61,23.9,31.58,30.27,30.75,26.65,30.45,28.51,29.08,28.82,29.51
28.54,33.51,28.76,29.82,29.64,30.77,30.19,28.49,32.07,29.71,26.82,35.02,30.24,31.89,30.66,28.39,30.28
31.12,30.77,32.7,28,29.54,28.74,28.83,28.13,28.59,26.68,29.82,34.23,28.06,32.92,28.5,30.5,29.82
32.5,33.71,29.36,32.23,30.3,28.57,35.82,29.14,30.38,30.59,27.46,29.02,30.29,30.18,28.69,30.78,30.56
28.1,31.44,26.74,31.18,30.56,32.36,34.35,31.62,33.72,27.86,31.89,37.17,32.8,30.79,32.04,30.18,31.42
29.54,31.2,29.06,29.07,30.16,28.02,28.94,29.35,30.5,30.22,27,28.46,28.09,29.7,30.62,30.89,29.43
27.86,33.07,29.62,33.55,35.71,30.1,29.92,27.96,32.33,28.93,29,31.06,34.33,30.27,35.11,27.44,31.02
30.28,33.01,28.76,28.54,32.61,29.94,28.76,30.64,29.04,29.61,31.18,32.56,33.27,35.29,29.99,32.84,31.02
31.52,35.99,30.2,28.32,32.97,32.13,31.93,31.33,28.73,32.26,26.82,29.9,34.29,31.3,29.36,31.28,31.15
26.6,26.08,29.87,31.94,30.21,27.24,30.88,31.06,32.11,30.96,26.25,26.85,30.58,31.7,29.36,31.53,29.58
32.96,30.61,32.14,31.48,27.65,26.44,29.05,30.14,32.42,28.4,25.14,27.83,29.15,31.26,28.86,28.09,29.48
26.24,30.18,31.06,31.45,30.81,26.99,30.08,29.61,29.82,30.3,31,32.52,24.81,31.65,30.42,26.5,29.59
34.84,31.67,30.48,30.35,32.69,28.87,30.31,27.89,28.04,29.95,32.61,27.4,30.64,30.96,30.39,32.66,30.61
29.32,26.23,30.33,29.09,29.06,31.96,30.21,30.68,32.11,31.48,27.43,31.19,26.67,30.43,30.69,30.6,29.84
29.38,31.62,33.17,31.05,27.52,28.5,27.61,32.45,28.27,27.68,30.61,27.46,33.42,32.49,30.13,32.03,30.21
27.84,27.74,27.44,29.8,30.07,30.04,31.57,32.96,32.87,28.82,29.96,26.02,30.95,29.76,30.52,28.66,29.69
29.54,31.13,27.82,28.2,34.16,28.75,27.68,35.18,30.48,27.55,33.04,31.58,30.1,30.99,26.92,32.48,30.35
32.8,27.89,29.57,28.8,27.76,33.06,33.48,24.37,30.32,28.83,29.57,29.92,28.18,31.65,26.95,28.45,29.48
36,32.67,32.13,28.58,29.05,28.51,30.93,32.43,31.64,31.98,33.32,30.17,27.3,31.7,29.52,30.56,31.03
25.82,34.48,27.69,31.77,32.86,29.67,28.02,31.01,28.58,28.3,26.93,27.83,31.9,29.76,31.09,29.81,29.72
33.46,29.84,32.48,27.14,29.54,30.08,29.04,31.87,26.7,28.7,30.14,31.19,31.55,26.95,29.89,30.01,29.91
33.04,29.47,27.96,28.25,26.9,27.76,31.22,30.43,31.01,26.86,33.89,26.58,27.65,31.74,27.67,30.13,29.41
29.44,29.84,29.3,29.14,30.69,28.86,26.68,31.65,31.02,30.59,29.82,30.48,30.35,32.65,27.24,31.05,29.93
29.7,31.53,29.61,29.63,30.47,27.51,28.57,29.68,30.73,30.68,29.86,29.67,31.26,27.05,31.96,30.66,29.91
30.92,26.78,25.76,28.44,31.44,29.14,30.22,27.43,30.26,29.48,31.39,31.9,30.85,27.3,31.43,30.81,29.6
29.84,32.08,29.81,31.05,29.99,25.68,27.96,29.55,32.14,31.62,33.96,28.33,28.5,26.99,28.15,26.99,29.54
32.24,33.46,33.26,32.4,27.86,31.55,31.92,31.61,25.25,30.09,30.46,30.06,25.33,28.92,29.45,30.28,30.26
27.76,31.77,33.95,29.04,30.97,29.9,29.81,31.88,30.75,27.61,32,23.69,31.28,29.35,27.83,33.21,30.05
28.32,32.51,29.38,30.23,33.65,31.7,29.73,26.87,31.39,34.68,33.86,28.98,25.11,32.46,28.99,33.36,30.7
27.56,31.64,32.65,30.16,27.28,30.11,27.34,31.86,29.31,26.16,33.93,29.33,27.89,28.92,29.58,29.03,29.55
30.78,32.19,26.76,29.5,33.47,31.61,28.06,29.3,28.84,30.99,26.04,31.29,23.99,28.04,29.83,31.25,29.5
32.04,27.74,30.69,29.59,28.33,27.23,25.83,29.74,28.71,27.75,31.71,30.21,31.9,32.02,29.15,31.41,29.63
33.22,25.66,29.39,31.57,34.39,29.13,27.79,29.07,28.56,28.31,31.54,30.06,31.42,29.88,32.78,30.81,30.22
30.74,29.34,28.18,31,31.32,28.77,27.36,25.49,29.58,31.77,30.75,29.08,28.84,31.1,28.55,29.19,29.44
25.4,34.4,24.2,31.5,30.05,34.38,30.51,31.12,30.16,28.72,34.25,27.67,31.15,31.02,27.81,32.06,30.27
26.74,33.37,28.58,29.09,29.39,29.15,32.46,26.2,30.24,30.49,31.68,25.98,32.03,30.43,32.97,27.72,29.78
30.04,29.86,27.13,27.96,31.01,29.13,26.89,32.14,28.92,30.83,29.61,27.04,28.4,27.56,30.53,32.74,29.36
28.54,34.08,28.79,32.86,27.18,31.76,31.79,30.4,32.33,28.74,30,27.75,31.91,27.58,29.47,31.32,30.28
28.34,28.26,28.49,28.81,32.9,28.29,32.85,32.48,27.16,33.06,31.79,33.6,29.82,28.49,31.77,25.27,30.08
26.6,29.54,30.56,27.44,27.93,32.52,31.12,30.33,32.67,28.63,30.75,30.42,29.08,30.2,28.9,31.01,29.86
34.5,31.38,31.61,30.24,31.85,30.85,33.07,29.19,26.85,30.03,30.64,30.21,31.14,29.75,27.5,29.03,30.49
27.56,27.94,34.32,29.14,27.23,24.25,30.95,28.57,32.64,31.56,32.11,28.48,30.1,32.65,30.94,33.02,30.09
29.48,31.19,29.8,27.99,30.14,30.38,33.26,29.51,31.08,30.59,32,27.69,27.96,35.12,28.62,27.42,30.14
28.18,33.9,29.55,31.29,31.33,31.33,30.08,30,27.6,28.74,26.39,29.42,29.02,30.27,33.44,27.89,29.9
30.82,28.49,28.45,30.43,26.76,24.45,30.07,29.89,31.25,27.24,30.61,28.88,28.37,29.76,29.07,29.89,29.03
26.24,32.51,26.3,27.37,29.72,30.33,32.55,27.76,29.59,31.5,32,28.77,30.56,24.89,32.24,29.39,29.48
30.86,32.43,27.73,32.56,26.35,34.8,30.69,26.81,27.1,28.78,32.64,30,26.22,31.82,30.68,32.02,30.09
24.98,33.92,31.44,27.94,32.5,27.15,30.94,27.25,31.66,30.7,36.86,31.4,32.19,30.25,34.66,32.54,31.02
34.02,28.54,32.4,28.7,29.95,29.52,30.66,27.67,32.18,30.41,28.79,33.02,30.83,30.05,32.58,30.71,30.63
31.32,28.58,29.29,31.8,32.31,30.71,31.3,32.73,30.3,31.13,27.46,29.19,30.72,30.44,30.02,29.22,30.41
35.76,31.07,26.15,31.49,31.44,30.32,30.98,28,30.82,32.64,32.11,28.1,32.87,29.68,31.22,30.33,30.81
30.26,31.48,34.76,33.29,31.41,27.81,30.78,27.52,28.36,31,29.14,30.06,32.52,30.67,30.16,33.02,30.76
29.42,29.28,30.19,26.57,32.4,21.88,32.4,29.02,30.28,31.42,30.18,30.35,27.69,31.63,28.32,32.21,29.58
30.86,32.57,31.3,29.83,29.68,32.56,28.23,29.7,30.86,30.51,32,35.08,30.05,28.82,30.68,29.29,30.75
29.68,32.1,31.42,31.1,31.31,31.88,27.28,31.96,30.3,30.32,30.79,29.54,30.85,30.85,31.82,34.31,30.97
29.38,28.03,31.58,30.64,30.57,30.04,27.53,31.23,26.61,28.58,26.14,27.62,33.03,31.18,30.15,29.37,29.48
28.36,32.2,28.75,31.2,30.96,29.73,30.51,30.32,29.37,26.72,28.43,28.33,32.04,29.74,26.68,27.69,29.44
28.36,32.28,30.85,31.33,27.97,26.26,32.09,27.11,27.98,31.04,34,29.15,28.29,33.2,28.84,31.16,29.99
27.16,31.61,28.87,28.71,28.25,29.23,26.68,31.26,26.49,32.94,34.68,31.5,30.85,25.52,32.47,31.52,29.86
33.04,32.87,33.71,27.91,26.39,33.8,26.98,33.15,34.56,29.65,31.89,32.38,34.52,33.08,31.29,30.73,31.62
32.66,29.97,28.15,31.93,29.41,29.64,32.25,29.63,26.9,30.6,31.36,31.21,33.06,29.33,30.17,29.21,30.34
26.2,28.01,34.7,30.22,24.63,31.52,33.4,26.56,29.6,27.38,30.11,27.62,32.58,30.51,30.23,32.19,29.72
33.12,34.2,31.68,33.36,30.65,29.25,30.04,28.13,33.33,28.47,33.68,30.85,31.46,29.21,27.67,26.01,30.69
27.1,34.76,29.69,31.35,30.82,27.62,31.38,31.24,29.12,26.55,33.07,29.58,30.31,31.36,28.91,30.59,30.22
26.82,32.73,31.33,30.24,30.89,29.88,29.57,29.58,30.59,28.63,28.29,30.4,30.87,31.2,30.77,28.56,30.02
32.88,34.51,31.58,30.04,27.94,31.98,34,33.24,31.15,31.56,33.71,33.96,26.95,30.63,31.55,29.76,31.59
31.06,33.68,30.2,32.33,33.33,27.12,32.67,32.61,28.91,27.07,31.68,29.92,26.85,27.62,28.96,32.74,30.42
28.72,25.37,33.21,27.84,30.06,27.8,35.17,27.54,28.04,29.54,30.79,31.94,27.54,28.02,33.63,29.87,29.69
28.9,29.68,25.25,26.92,30.17,27.62,31.38,28.11,31.46,31.68,30.46,28.6,30.18,29.27,27.8,31.34,29.3
28.08,30.03,29.48,31.71,33.19,29.33,25.76,31.82,26.55,31.01,29.96,28.21,29.68,29.83,29.78,33.68,29.88
34.76,31.57,28.32,30.12,25.04,29.12,32.56,31.35,26.3,29.6,30.54,30.38,32.08,32.99,26.72,31.76,30.2
34.12,29.88,31.92,29.14,30.43,31.56,30.38,30.19,34.06,29.83,27.57,27.96,29.08,28.01,30.58,30.24,30.31
30.14,29.02,27.96,29.92,28.76,31.04,31,32.13,31.6,31.5,31.43,28.44,31.5,26.8,33.7,28.94,30.24
27.58,29.78,27.83,31.49,27.82,30.35,25.64,30.32,28.28,31.01,30.07,27.71,31.28,30.32,33.95,27.82,29.45
31.66,31.84,29.49,29.25,34.71,28.67,29.28,26.73,35.36,28.28,27.93,29.58,30.41,27.48,32.09,25.03,29.86
30.76,33.01,29.67,30.64,27.86,31.75,30.64,31.15,28.12,30.68,32.57,28.04,31.95,28.93,33.06,32.7,30.72
28.06,30.69,25.86,27.08,30.47,28.1,34.16,30.82,30.87,27.18,24.82,30.54,33.32,30.7,32.16,30.46,29.7
28.3,30.5,29.94,33.29,31.87,28.7,27.36,27.76,26.93,32.35,28.29,30.71,30.15,29.74,25.33,29.26,29.4
30.7,29.52,28.48,28.77,29.42,31.63,32.72,30.56,29.24,29.98,31.61,28.52,34.4,27.94,31.56,24.34,29.96
27,27.99,31.46,31.59,32.66,27.81,31.65,31.51,28.58,29.63,30.14,31.62,29.92,30.45,31.88,30.16,30.25
32.86,33.16,25.11,29.9,30.79,28.38,28.86,27.25,30.38,30.73,30.14,30,30.77,29.05,29.42,30.67,29.84
28.62,28.53,27.77,29.84,27.44,31.06,26.2,32.25,30.28,30.47,29.68,27.12,27.91,30.9,29.75,27,29.05
25.24,29.33,30.8,30.29,29.29,26.11,27.01,33.29,24.19,28.44,28.36,25.12,27.84,29.64,31.4,30.16,28.53
35.52,27.79,31.99,31.2,28.54,30.42,25.76,32.15,28.52,30.04,28.39,34.35,31.07,28.73,29.89,32.51,30.43
27.06,27.61,29.31,29.37,29.52,29.26,29.88,29.39,31.01,31.59,28.75,28.94,28.05,32.08,27.36,30.14,29.33
27.38,26.73,31.11,30.34,29.62,31.27,28.94,29.24,30.43,30.53,30.5,32.96,29.7,28.83,29.25,31.41,29.89
32.12,32.48,28.48,31.4,34.85,28.83,28.9,31.24,29.51,27.81,29.46,28.54,27.88,30.04,32.33,26.79,30.04
26.46,31.13,29.26,29.16,32.96,30.25,32.98,28.93,32.78,28.06,28.18,31.31,29.07,33.39,28.77,28.82,30.09
28.12,28.94,34.01,29.76,27.91,32.02,31.69,33.89,27.78,30.62,28.21,30.15,33.15,30.69,29.82,34.16,30.68
26.06,32.5,27.39,31.21,30.94,28.54,29.89,29.75,34.9,31.31,30.39,30.31,27,26.39,27.62,28.94,29.57
27.22,28.42,30.18,28.34,31.06,29.7,30.84,31.38,26.62,29.22,27.39,32.96,25.86,27.54,31.76,29.65,29.26
35.12,34.32,31.44,28.01,29.23,26.63,30.56,27.96,31.16,32.96,30.21,29.67,31.03,31.43,29.18,32.72,30.73
30.72,32.84,29.98,30.94,28.92,30.51,31.1,31.64,33.11,27.83,28.32,29.69,29.11,30.73,30.53,26.44,30.15
25.48,30.32,31.46,29.55,29.8,29.42,28.7,29.35,30.06,27.4,33.14,29.85,29.09,28.63,32.69,29.34,29.64
27.3,32.36,32.62,30.41,31.47,29.06,32.31,30.39,30.21,32.98,31.82,33.92,31.35,28.76,33.08,27.53,30.97
32.66,27.46,30.29,28.8,29.52,30.75,34.4,27.7,32.92,28.63,29.71,31.17,28.18,29.13,33.39,27.52,30.14
29.02,29.68,33.86,32.76,30.12,29.1,29.06,36.25,29.24,26.35,29.93,28.88,31.72,30.29,29.56,35.07,30.68
27.96,26.07,28.18,27.47,29.01,29.31,29.83,29.21,30.98,29.25,31.18,31.83,30.07,27.21,28.17,28.77,29.03
31.16,30.53,28.6,28.43,29.32,33.31,29.79,28.56,32.19,28.19,25.43,29.33,29.48,31.25,28.17,33.71,29.84
27.08,35.31,32.13,29.11,30.19,26.99,28.73,29.92,27.34,27.54,29.57,32.35,30.01,33.27,27.04,28.53,29.69
26.96,30.27,32.35,31.79,27.37,31.24,29.13,28.06,30.25,30.47,32.21,29.19,27.9,29.38,27.34,32.57,29.78
27.86,29.67,30.05,31.48,27.59,24.75,28.47,36,28.8,28.83,32.54,29.44,27.66,27.45,29.72,37.08,29.84
29.38,33.26,29.27,26.37,28.72,28.36,29.71,27.92,26.2,31.85,33.18,32.5,29.81,32.69,28.38,30.51,29.88
25.74,28.36,27.13,30.23,30.43,28.62,33.51,28.13,27.91,29.45,31.86,33.08,27.21,29.67,30.38,29.54,29.45
31.24,26.93,32.11,30.75,32.93,33.32,30.9,29.96,29.29,30.88,28.07,35.23,30.2,30.98,30.76,32.48,31
26.76,27.69,32.81,33.47,28.51,26.5,34.81,27.39,27.32,32.19,26.75,28.75,30.28,29.31,26.04,25.72,29.02
29.38,28.09,33.52,30.41,24.39,29.57,29.45,30.67,28.15,30.29,34.79,30.27,30.28,29.4,29.22,28.99,29.8
32.18,28.54,32.6,29.65,31.54,29.07,26.22,32.49,31.94,26.92,30.82,29.02,29.43,29.52,33.7,30.08,30.23
29.24,30.49,32.46,29.38,29.65,28.39,27.29,30.26,27.98,29.19,27.93,30.65,27.78,31.99,28.11,29.59,29.4
25.7,28.19,33.02,32.14,24.81,28.02,27.13,33.19,33.23,26.86,27.29,25.08,28.15,29.06,26,30.83,28.67
32.1,29.52,28.74,29.29,30.85,29.71,36.16,28.29,29.68,31.59,29.39,32.1,35.83,33.25,31.39,31.92,31.24
25.2,28.46,29.12,30.89,34.03,34.45,28.27,28.67,30.07,30.33,32.54,28.81,34.54,28.44,30.91,28.87,30.22
34.44,31.17,29.39,32.77,29.39,28.96,32.41,30.11,28.96,25.35,27.14,34.23,28.85,28.98,31.85,30.65,30.29
26.88,29.41,30.1,31.73,29.38,33.46,32.84,28.17,30.57,27.86,33.86,30.21,30.23,28.43,32.78,26.9,30.17
30.06,30.16,30.32,28.78,29.06,30.96,32.53,29.31,30.66,26.83,34.71,33.65,28.87,30.24,32.47,29.87,30.53
30.54,26.34,26.08,32.33,28.46,30.68,28.74,28.43,29.62,29.61,27.54,32.27,29.12,29.07,32.31,29.77,29.43
29.46,28.61,32.57,27.79,32.28,28.12,25.02,26.67,31.78,30.66,31.68,32.04,31.71,33.33,32.42,27.82,30.12
29,28.26,30.46,30.11,32.31,33.81,28.24,31.55,29.92,27.28,28.18,33.5,28.69,32.76,27.12,28.03,29.95
29.82,29.94,26.04,30.51,30.23,32.68,31.94,27.9,29.21,28,26.46,31.23,27.79,29.44,27.83,31.13,29.38
29.08,28.77,28.44,32.46,29.78,25.21,26.25,29.51,30.04,32.13,27.64,28.08,27.7,33.94,29.42,28.57,29.19
35.66,29.29,29.48,32.89,29.18,25.74,29.98,29.23,26.08,28.76,26.75,29.65,29.95,27.51,27.81,29.73,29.23
31.22,31.63,28.46,33.85,30.09,31.57,32.61,28.33,30.45,27.9,27.75,27.25,25.13,29.6,31.96,31.95,29.98
27.12,27.93,30.23,28.94,32.09,26.75,24.61,28.76,32.04,31,26.68,32.15,31.22,32.1,30.04,31.82,29.59
29.98,30.88,27.73,28.78,30.66,30.37,34.31,29.44,31.88,27.42,32.25,29.44,29.9,32.23,31.54,27.68,30.28
29.78,27.1,29.02,28.54,28.38,30.89,27.88,30.5,31.75,33.66,28.75,28.15,30.84,33.98,31.06,29.62,29.99
32.86,30.62,32.35,29.93,28.97,30,24.69,23.96,28.54,30.9,27.25,29.23,36.66,27.3,30.23,29.73,29.58
29.22,27.58,30.01,24.97,28.59,30.56,33.9,33.13,29.04,29.45,31.39,28.08,29.23,30.55,28.11,32.72,29.78
28.42,31.16,26.89,29.39,28.25,31.3,32.66,31.76,28.78,27.33,28,31.21,29.93,33.94,32.15,29.12,30.02
29.74,28.86,30.94,33.11,28.2,31.49,33.75,30.57,28.87,29.2,30,27.33,30.46,29.63,27.09,33.17,30.15
32.3,32.73,27,32.66,33.68,29.75,28,29.24,30.02,28.93,29.36,33.42,29.87,31.61,30.23,26.89,30.36
29.66,29.43,30.58,31.47,33.33,28.62,29.56,30.32,28.78,32.16,31,29.27,32.71,30.13,25.68,31.61,30.27
29.66,30.68,31.55,29.44,32.01,30.71,32.71,29.65,27.57,28.54,30.89,29.52,32.93,26.49,27.9,34.71,30.31
33.1,27.91,27.33,31.73,32.73,30.07,30.35,29.14,27.25,28.94,29.21,34.33,27.4,26.27,29.52,31.64,29.81
29.4,25.44,28.37,25.96,31.44,26.36,31.73,28.54,34.68,28.33,29.18,33.15,34.3,33.56,27.73,31.52,29.98
33.3,29.03,24.37,31.96,29.37,29.26,30.8,29.52,29.79,28.72,33.54,28.9,30.25,29.51,32.98,27.24,29.91
30.52,31.7,31.71,27.73,31.95,33.26,27.68,26.76,34.02,32.19,29.82,28.08,29.7,28.76,30.81,31.74,30.4
31.56,32.28,29.36,27.22,32.88,32.2,27.2,29.71,28.95,29.33,31.71,30.56,32.49,28.06,29.37,29.17,30.13
30.42,25.61,27.6,29.14,29.49,34.56,29.77,26.3,31.07,31.24,27.57,27.79,32.33,28.25,28.93,27.81,29.24
28.98,30.11,27.9,30.87,31.18,27.95,28.2,26.38,30.91,33.37,28.64,34.23,29.52,32.31,27.26,31.81,29.98
27,34.2,32.52,29.42,30.44,32.94,29.15,29.94,28.23,29.83,30.71,29.9,29.11,30.48,34.04,34.61,30.78
33.26,30.11,29.75,28.17,27.7,28.14,33.14,31.38,30.42,30.98,27.18,30.94,27.31,31.5,29.98,28.6,29.91
28.68,28.16,30.81,33.58,29.61,32.74,30.73,27.8,27.37,31.42,31.04,33.1,29.82,29.11,28.22,30.44,30.16
28.1,32.57,30.62,32.45,30.92,28.08,30.08,28.57,32.32,30.89,33.36,28.38,31.59,28.75,30.02,29.45,30.38
26.04,26.2,28.63,28.58,28.19,32.86,32.72,31.75,29.6,29.06,31.96,32.56,26.37,29.24,30.19,32.16,29.76
27.72,30.14,30.82,27.87,35.56,32.93,26.65,25.1,25.8,33.27,28.86,34.27,33.07,30.27,31.01,31.37,30.29
33.14,30.66,27.83,28.34,32.14,27.39,27.39,32.25,30.28,34.29,33.25,27.42,25.31,30.39,28.66,29.74,29.9
29.42,35.76,28,25.48,29.46,29.85,30.17,28.44,31.48,30.2,31.96,34.35,27.09,29.54,26.84,31.29,29.96
31.2,30.4,32.04,28.59,23.97,31.98,32.06,29.67,29.61,27.95,26.68,32.21,25.22,29.13,30.19,28.39,29.33
29.06,31.76,28.13,28.72,34.28,29.95,31.75,32.65,30.28,27.03,30.64,30.42,31,29.31,27.08,26.2,29.89
32.98,30.4,33.5,32,28.44,29.64,29.74,28,27.62,30.3,32.71,30.88,28.62,31.73,32.46,24.84,30.24
31.7,29.2,30.27,30.25,27.28,31.56,28.15,31.37,30.72,28.57,26.61,30.35,29.67,33.08,31.33,29.04,29.95
29.14,31.08,29.64,31.46,28.73,29.92,31.21,26.31,33.12,29.19,28.68,30.33,27.63,32.42,24.26,34.46,29.85
31.88,31.61,30.54,30.8,30.82,30.02,31.17,26.8,28.83,30.54,32.61,29.62,28.38,30,28.35,28.82,30.05
33.38,31.7,29.1,29.95,26.09,30.05,27.02,28.65,30.2,33.19,28.54,31.94,30.07,29.32,26.22,28.79,29.64
32,34.71,27.58,29.84,28.94,27.49,29.42,32.35,30.14,31.05,27.04,30.15,30.05,33.55,31.7,27.51,30.22
33.76,30.03,28.63,32.58,30.27,32.96,30.36,29.9,33.38,28.98,32.61,32,27.04,32.75,26.13,28.78,30.64
31.36,30.08,24.7,31.66,31.03,33.95,29.61,28.21,29.64,27.99,34.36,31.85,31.62,32.2,26.26,27.42,30.12
30.56,30.11,31.89,29.03,31.69,30.63,33.45,29.43,30.57,30.61,24.29,29.4,29.84,30.67,26.36,32.31,30.05
29.56,30.38,32.6,31.22,26.93,31.3,25.36,28.48,29.78,27.5,28,28.65,29.61,30.3,27.32,28.71,29.1
29.56,31.04,29.57,32.12,26.71,26.93,31.33,28.68,33.8,30.13,33.86,29.94,29.69,34.24,29.79,29.03,30.4
28.68,30.33,29.08,32.68,31.15,32.68,29.92,31.7,28.08,32.39,27.5,30.12,29.7,30.8,33.31,28.27,30.4
28.5,30.36,31.62,31.59,28.81,28.24,33.94,27.08,28.98,29.84,32.29,28.94,31.85,27,34.96,33.97,30.5
28.04,26.21,29.96,34.17,27.44,28.81,31.47,25.19,29.92,29.2,29.14,29.67,33.74,27.17,29.21,30.41,29.36
29.04,26.93,25.56,28.66,31.55,33.25,29.15,31.13,27.67,31.9,30.04,31.96,27.34,30.24,31.87,25.8,29.5
29.16,28.03,28.87,30.31,31.46,27.06,29.73,28.04,28.56,31.09,25.21,32.15,27.66,30.68,33.54,29.33,29.43
33.46,31.29,31.08,33.06,31.48,29.96,33.11,26.13,33.7,27.97,26.68,31.08,27.65,29.31,34.39,26.53,30.43
35.18,28.42,28.29,31.01,28.15,26.52,31.68,29.62,28.7,29.48,32.46,30.62,28.08,29.5,27.86,35.48,30.07
30.6,32.92,28.55,33.09,34.34,25.73,31.36,34.82,26.36,30.66,26.71,27.46,25.76,31.46,28.21,31.56,29.97
32.22,26.68,29.6,31.23,31.71,29.1,35.29,34.27,30.14,31.32,28.57,32.31,25.94,32.5,29.92,29.6,30.65
30.48,28.91,34.2,29.92,31,31.5,29.57,35.24,29.98,28.05,31.21,28.96,28.58,32.45,32.83,30.22,30.82
29.58,32.92,29.05,29.05,29.71,30.17,30.02,28.96,27.36,30.43,27.71,28.96,30.89,33.93,33.39,25.08,29.83
36.48,31.68,29.87,28.76,30.76,30.62,25.33,24.63,28.1,28.68,32.36,27.77,31.15,32.2,35.57,30.54,30.28
31.92,27.03,28.07,31.71,29.68,28.83,27.12,32.49,31.82,27.87,29.36,32.04,29.39,28.71,31.09,29.04,29.76
25.84,31.16,31.6,29.9,29.55,31.56,32.43,26.19,33.43,28.36,27.5,31.13,29.55,29.71,32.26,33.36,30.22
34.32,31.36,29.61,30.52,31.56,25.14,29.46,26.89,29.12,32.14,27.89,27.48,30.58,33.04,29.48,29.53,29.88
26.1,30.36,33.85,27.6,28.32,33.57,26.4,29.63,33.95,32.35,30.61,30.65,29.79,27.35,27.66,31.12,29.96
30.26,29.59,27.98,30.53,35.48,27.43,33.44,27.94,33.63,32.15,28.93,30.17,28.67,28.83,26.55,28.19,29.99
29.9,33.68,27.3,30.81,27.64,25.73,33.62,30.33,27.35,29.96,27.25,31.25,28.95,28.85,30.47,29.76,29.55
32.74,27.63,31.57,32.68,29.67,24.85,29.68,26.67,27.69,29.12,31.04,30.85,30.28,28.5,33.89,25.48,29.52
29.16,28.87,33.14,30.42,25.44,28.01,33.09,32.94,29.88,31.75,30.61,26.83,30.84,30.21,27.79,32.02,30.06
31.02,32.06,27.45,29.67,33.84,30.57,34.84,26.3,29.54,31.96,30.46,33.73,24.59,29.21,28.52,28.27,30.13
30.98,29.28,30,30.86,28.03,30.21,30.85,28.44,26.17,30.04,25.43,30.33,28.89,27.6,29.21,28.41,29.04
26.88,30.78,31.6,27,33.65,29.99,29.59,26.77,30.48,30.19,28.61,29.58,30.92,28,27.14,29.32,29.41
30.28,31.86,30.69,27.87,28.4,27.43,30.46,27.98,27.21,29.71,28.46,31.25,28.71,29.7,26.64,27.87,29.03
32.74,31.23,33.21,31.98,26.33,29.01,29.42,28.77,28.22,29.71,27.43,26.88,27.83,27.19,32.93,31.46,29.65
32.3,30.81,26.13,26.44,30.4,30.43,30.35,29.7,29.01,28.38,31,28.73,36.78,31.17,32.48,32.93,30.44
32.46,32.61,29.69,31.93,28.64,29.11,26.26,30.3,30.65,29.89,32.5,30.6,30.98,29.5,30.08,29.08,30.27
29.88,30.19,31.14,25.94,25.65,31.79,29.02,31.43,34.56,31.2,32.43,35.17,25.35,29.07,27.5,29.54,29.99
25.68,33.34,25.49,30.55,32.45,28.7,30.85,33.49,29.25,25.23,27.39,28.17,28.29,29.31,31.72,28.37,29.27
29.48,29.29,28.13,31.89,26.27,29.25,29.29,31.89,31.8,30.89,31.96,29.52,28.61,32.85,29.93,30.29,30.08
32.16,31.4,32.17,30.08,29.18,30.77,31.84,29.74,29.42,28.51,31.64,27.69,25.38,30.49,30.67,28.89,30
29.16,36.3,32.49,33.71,32.3,31.61,29.6,30.87,29.95,29.2,31.96,33.54,28.32,25.96,31.28,28.78,30.94
30.92,31.42,29.02,29.46,29.38,26.85,32.93,32.99,29.38,29.79,30.46,33.44,29.48,31.21,27.46,31.94,30.38
33.74,32.68,28.76,31.74,29.99,28.23,31.94,30.95,32.41,29.14,32.61,30.98,28.72,29.82,26.77,29.33,30.49
27.44,29.18,30.51,28.25,25.59,32.17,27.69,30.45,31.55,30.05,27.57,28.31,30.23,29.24,29.95,34.22,29.52
29.82,32.59,28.81,28.17,31.64,36.61,30.1,29.55,29.82,27.05,30.11,26.69,34.51,28.26,32.85,25.24,30.11
30,31,30.93,33.03,29.18,29.98,29.72,30.06,30.05,28.72,33.61,30.42,31.08,28.83,29.88,31.53,30.5
28.42,26.57,30.31,30.62,29.96,29.54,27.66,34.9,29.95,32.62,26.71,27.52,28.86,31.87,30.1,30.93,29.79
26.06,27,34.24,32.84,31.54,32.51,28.16,31.62,29.22,27.34,30.86,29.54,32.48,27.04,29.37,30.15,30
30.66,29.33,31.63,29.53,33.63,29.98,28.31,28.92,31.94,31.11,30.36,31.38,29.35,31.42,31.69,28.03,30.45
30.74,29.13,31.14,29.36,28.64,30.8,31.58,32.04,27.27,32.57,27.39,28.42,30.66,27.05,32.28,29.03,29.88
33.56,30.6,27.52,31.19,31.25,24.86,34.71,24.39,27.68,29.48,30.93,32.58,32.38,29.95,33.4,27,30.09
27.12,28.28,30.01,29.68,32.08,31.06,31.18,27.46,30.43,30.21,29.29,27.73,31.28,28.19,34.31,27.93,29.76
30.16,29.53,33.14,29.18,28,34.45,28,27.43,33.1,30.23,27.64,30.08,27.79,34.67,26.54,28.11,29.88
30.18,27.77,32.5,26.57,33.07,32.69,30.22,29.57,26.83,28.01,35.43,32.27,28.39,30.45,30.58,26.41,30.06
30.1,29.93,32.46,32.33,27.53,29.89,30.78,24.93,29.68,26.62,31.46,31.06,30.32,31.61,32.68,30.13,30.09
33.06,30.02,28.83,32.42,32.56,31.1,29.16,31.36,32.2,33.08,29.43,28.25,27.97,30.83,29.58,28.05,30.49
29.02,34.82,29.24,27.19,34.09,30.06,30.65,27.61,27.67,29.24,32.18,32,27.68,31.11,31.16,31.94,30.35
30.42,29.14,33.07,33.09,30.42,30.2,29.22,29.12,24.59,27.82,31.96,31.25,29.37,29.27,26.35,29.31,29.66
30.78,28.93,29.68,31.98,31.6,32.64,30.67,34.65,33.48,29.97,25.11,29.04,26.8,31.21,32.51,26.42,30.34
34.7,31.14,28.4,30.1,30.43,30.07,31.05,29.8,29.85,29.96,29.5,32.9,32.92,30.1,28.55,28.68,30.51
29.42,29.88,30.87,32.97,31.86,32.27,30.48,31.27,29.9,32.34,31.21,32.42,25.66,28.6,30.84,28.94,30.56
28.9,31.46,27.19,30.36,30.72,28.51,27.82,30.86,25.73,29.41,33.93,24.77,29.05,29.4,30.11,29.21,29.22
30.42,30.26,28.74,27.37,32.94,27.15,28.08,33.81,30.4,30.58,34.11,28.92,30.47,26.93,31.55,28.23,30
26.1,29.26,32.35,32.08,29.05,32.35,28.97,30.43,29.58,27.62,30.61,30.52,25.94,31.44,33.77,34.42,30.28
31.58,31.74,26.74,33.39,27.86,33.88,32.67,26.87,31.32,31.9,31.5,30.48,27.75,29.21,28.7,30.83,30.4
33.58,29.38,31.73,30.49,28.42,34.05,27,31.19,30.95,27.7,29.07,32.02,26.89,31.71,30.49,32.11,30.42
28.54,29.1,23.26,29.74,30.83,29.42,27.59,29.68,30.53,27.89,30.04,26.02,30.92,29.19,30.17,27.63,28.78
30.5,29.34,28.17,30.92,27.19,29.82,31.89,31.42,35.16,34.35,32.11,27.4,30.49,32.33,30.5,32.95,30.91
30.12,27.51,30.4,32.79,30.94,31.19,27.31,25.98,28.95,29.96,31.64,32.27,29.85,33.08,27.81,30.77,30.04
29.46,28.59,33.64,32.12,30.61,30.99,32.35,28.76,30.22,30.26,30.25,30.77,28.3,32.82,33.73,29.14,30.75
30.74,32.36,31.26,29.48,26.97,31.58,30.44,32.48,31.08,28.77,24.25,31.62,32.01,27.74,33.06,34.49,30.52
27.66,29.94,30.39,28.79,31.15,30.27,27.15,28.38,31.65,28.69,30.32,31.13,27.72,25.63,28.32,32.35,29.35
32.76,30.51,32.6,28.9,28.36,32.25,28.22,30.7,29.87,25.91,26,30.96,33.45,31.08,32.6,30.74,30.31
27.58,34.44,32.64,30.17,29.75,27.77,32.71,30.5,31.88,30.93,31.46,33.6,29.69,28.38,27.68,26.51,30.36
32.98,36.09,31.29,29.77,33.03,27.94,25.88,29.57,29.62,30.94,31.04,27.9,32.93,26.75,33.49,30.64,30.62
28.38,30.03,27.24,31.85,29.24,28.25,28.01,31.83,31.42,27.56,26.18,30.75,29.22,33.64,28.38,30.99,29.56
26.04,33.29,29.52,33.63,31.63,27.45,30.21,31.39,30.94,31.72,30.79,27.71,28.85,28.5,30.76,32.68,30.32
33.54,29.1,30.17,27.63,30.57,25.49,28.09,30.8,30.56,28.75,33,32.08,32.93,30.83,29.37,29.85,30.17
27.2,31.62,31.29,30.39,27.98,30.56,28.58,33.07,33.81,29.34,28.43,30.6,31.11,30.9,25.82,27.71,29.9
29.78,32.59,32.64,27.44,29.25,32.67,29.16,30.3,32.8,28.68,28.18,28.15,25.8,32.94,30.22,29.02,29.98
29.32,31.78,28.81,28.14,34.19,29.12,30.28,25.07,31.43,29.1,29,33.15,32.4,30.01,28.34,28.92,29.94
33.52,25.24,26.88,27.6,31.37,27.38,32.82,29.74,26.6,28.6,32,32.6,32.32,31.33,29.29,28.08,29.71
31.58,36.41,32.67,30.94,27.3,27.93,30.64,31.12,31,29.98,31.68,34.58,29.83,30.25,31.67,31.8,31.21
34,33.17,26.77,28.47,32.19,29.39,29.38,28.1,32.2,31.12,34.5,30.29,30.65,31.27,31.5,32.27,30.95
31.24,30.89,28.32,30.59,29.95,29.81,32.92,30.06,30.09,28.87,26.61,28.58,23.85,31.56,34.63,29.06,29.82
33.64,29.39,26.32,28.18,28.21,28.5,30.98,26.24,29.6,27.68,29,30.21,33.31,25.51,29.28,28.61,29.04
27.66,27.28,27.29,32.4,31.24,30.6,26.41,26.85,31.38,29.58,30.39,31.4,27.95,29.77,28.13,29.23,29.22
28.92,32.04,29.44,28.62,33.72,32.88,28.13,30.01,28.72,30.14,30.04,30.56,28.58,32.83,34.05,28.03,30.42
31.82,29.18,28.56,29.21,34.06,31.18,31.3,28.07,28.66,31.55,27.29,27.71,30.1,27.94,28.49,30.68,29.74
34.64,27.28,27.62,28.78,32.66,29.8,32.18,28.51,33.04,33.06,26.46,33.56,29.98,29.8,28.44,32.71,30.53
29.58,31.71,28.68,32.79,29.87,32.95,29.44,30.93,33.32,30.23,31.14,30.04,28.5,31.12,27.95,25.98,30.27
31.1,31.6,27.35,28.65,30.01,29.9,26.39,29.2,28.61,34.19,31.54,29.42,29.05,28.11,28.35,27.42,29.43
27,29.16,28.35,26.28,26.88,28.68,31.18,32.2,28.32,33.58,29,31.6,28.87,25.92,29.65,31.29,29.25
31.18,31.48,28.68,28.91,32.18,29.45,34.26,29.68,29.21,31.1,29.75,33.58,29.15,31.54,31.6,31.93,30.85
31.84,28.89,28.77,27.56,33.07,28.05,29.65,31.83,29.49,32.02,31.04,26.08,27.36,33.92,27.16,32.52,29.95
28.14,29.83,27.87,30.98,31.87,28.99,35.32,31.77,29.68,31.46,27.07,28.67,28.91,28.26,26.64,31.42,29.81
31.42,33.61,29.69,27.81,33.28,31.83,30.94,30.65,29.24,28.99,31.82,29.35,26.93,30.61,29.88,28.89,30.31
30.74,25.54,32.32,28.27,26.77,33.88,29.51,33.31,27.85,29.71,29.57,29.77,30.59,32.64,32.88,29.1,30.15
28.08,32.43,30.27,30.47,32.7,28.75,27.91,32.51,28.21,31.1,26.79,29.88,29.26,31.49,32.91,33.98,30.42
31.2,30.34,27.96,29.07,26.99,28.98,34.42,30.9,28.31,28.7,30.64,29.83,25.8,34.6,26.32,29.45,29.59
27.52,27.21,30.75,27.41,29.59,25.51,32.46,34.39,27.48,27.74,31.93,29.85,30.21,30.11,27.75,31.41,29.46
29.46,31.8,27.65,32.74,28.31,31.85,31.26,30.67,30.28,29.5,30.57,31.4,32.95,33.1,29.81,34.56,30.99
30.48,31.57,29.71,25.83,34.56,30.35,29.64,32.4,32.72,28.1,28.96,28.4,29.64,29.11,28.35,26.98,29.8
27.42,29.83,29.96,27.46,31.59,28.68,30.99,28.26,29.4,29.6,30.11,28.52,29.88,28.26,29.07,27.49,29.16
30.64,28.49,28.25,29.46,32.04,30.4,26.79,34.15,30.75,33.95,32.71,28.71,30.65,28.36,32.2,34.34,30.74
30.68,31.13,27.1,28.03,31.29,26.95,31.36,32.17,27.72,27.8,27.29,34.12,28.23,23.93,25.23,28.69,28.86
32.88,25.62,33.23,33.5,32.54,31.25,27.23,30,32.81,29.1,28.29,28.4,25.85,31.19,32.03,33.47,30.46
29.44,27.36,31.76,29.77,29.98,34.24,29.28,31.98,32.26,30.63,26.07,32.88,28.62,28.4,28.39,30.67,30.11
29.68,31.96,29.32,32.76,30.27,26.21,27.26,34.87,32.05,28.98,34.82,29.71,32.44,28.95,32.16,29.46,30.68
31.2,32.86,28.63,29.78,29.91,28.46,29.36,31.45,25.62,32.63,27.96,30.98,32.12,31.04,26.98,30.83,29.99
26.56,31.12,27.39,30.95,29.71,32.55,27.55,28.65,27.47,28.52,31.18,30.23,32.97,29.49,29.41,28.44,29.51
31.78,36.28,31.52,28.35,30.05,30.95,30.22,31.7,27.98,29.45,28.61,26.23,32.05,31.33,31.25,28.97,30.42
27.9,31,31.46,33.83,30.42,27.56,31.71,27.86,30.61,30.88,27.21,33.31,27.12,31.69,26.8,28.34,29.86
28.5,29.52,35.46,27.98,30.9,29.49,28.93,29.06,28.47,29.14,26.96,28.21,31.72,30.61,28.3,30.19,29.59
29.1,28.19,28.46,31.13,27.85,26.51,27.3,30.52,27.81,28.41,30.61,30.85,27.07,31.2,28.61,28.29,28.87
31.24,27.51,26.69,28.4,28.53,29.96,30.03,30.17,28.62,27.78,30.93,32.12,29.62,28.37,30.93,27.36,29.27
29.06,27.72,25.05,26.51,29.38,27.35,32.61,30.62,28.93,29.94,31.32,28.38,28.86,30.52,32.5,25.92,29.04
29.42,32.71,32.15,31.39,29.55,28.63,31.22,30.95,28.81,28.41,30.89,28.52,28.32,30.52,31.23,31.31,30.25
32.24,30.08,31.75,28.05,30.46,30.49,32.62,28.89,28.57,31.64,30.32,31.25,28.32,33.25,30.27,31.09,30.58
27.6,29.72,31.94,33.24,26.3,29.6,29.81,30.79,30.76,28.55,28.96,29.48,28.81,29.51,26.41,27.66,29.32
31.14,29.21,30.17,27.57,31.21,28.51,30.92,31.92,29.32,31.5,31.25,27.73,28,33.7,26.16,27.31,29.73
35.18,28.59,29.27,31.51,28.19,29.55,34.59,29.55,27.24,32.18,32.43,29.65,30.31,29.81,34.86,29.81,30.79
27.1,31.07,28.75,30.47,33.48,32.6,29.61,25.89,25.97,28.95,28.46,30.52,28.89,31.29,26.97,29.31,29.33
30.8,30.28,29.44,25.61,27.82,29.94,32.77,28.43,25.43,30.16,34.21,32.62,26.78,24.42,30.23,25.48,29.03
24.96,29.52,30.24,30.74,31.2,32.36,29.12,29.27,31.38,30.2,27.86,26.15,31.5,31.79,26.52,34.43,29.83
30.32,29.83,29.17,28.38,29.81,28.14,30.66,27.15,29.89,30.49,29.39,30.56,32.45,28.69,28.24,30.02,29.58
31.04,29.84,28.02,28.32,31.96,27.38,31.37,28.13,30.72,27.51,31,27.02,26.73,27.12,29.92,30.03,29.13
31.62,28.26,29.58,29.37,27.23,29.02,28.74,28.37,32.78,30.9,31.68,26.58,31.15,28.17,30.89,28.82,29.57
31.64,27.92,32.9,31.12,25.98,26.96,30.19,26.33,32.88,33.86,30.21,30.19,31.25,31.6,31.97,29.76,30.3
32.34,26.87,27.42,30.96,28.97,30.15,30.22,26.27,29.35,29.46,26.11,27.38,29.56,29.02,33.84,28.85,29.17
29.16,26.78,30.11,28.56,32.24,33.13,31.3,31.19,26.89,30.93,29.93,32.08,30.08,27.77,31.92,29.98,30.13
30.22,28.31,30.49,32.16,30.14,33.33,27.18,24.76,29.73,27.71,28.61,28.29,29.9,30.74,28.36,29.09,29.31
26.86,27.83,27.37,27.3,27.44,29.12,31.62,33.26,32.34,30.17,33.57,26.1,28.45,25.6,25.89,29.38,28.89
25.96,27.17,26.87,32.15,31.81,35.58,33.05,30.27,30.72,31.49,28.71,29.33,29.8,29.57,24.42,26.16,29.57
28.46,30.84,34.37,29.64,29.23,28.5,29.6,27.64,27.34,27.55,27.71,32.27,30.41,31.08,30.06,32.37,29.82
27.94,33.64,28.14,28.89,31.24,29.1,29.52,31.94,30.2,30.09,29.39,32.27,28.98,30.2,36.09,28.17,30.36
29.22,24.32,30.9,28.11,26.31,26.06,32.91,29.7,33.97,31.46,27.75,26.83,32.97,29.95,29.57,28.1,29.26
31.54,29.26,31.65,32.77,33.21,31.06,26.61,28.32,31.51,26.36,24.75,30.38,31.25,27.73,28.49,27.95,29.55
31.76,28.03,32.17,29.38,31.17,33.4,29.76,28.08,29.59,30.52,29.29,34.19,29.43,32.57,31.04,32.19,30.79
30.46,34.42,31.06,29.11,27.69,32.98,33.23,34.3,29.72,28.18,31.82,24.27,26.79,31.06,29.33,32.25,30.42
28.42,33.03,29,32.22,29.45,29.55,32.57,28.14,30.64,27.73,28.39,31.75,29.84,36.01,27.85,29.89,30.28
31.82,30.17,28.1,32.25,29.73,28.12,27.21,34.4,28.45,27.82,31.79,31.62,28.6,29.55,26.39,28.44,29.65
30.1,31.62,27.7,30.48,32.98,30.74,28.53,29.4,30.05,28.78,32.79,27.35,37.75,26.75,32.94,29.82,30.49
31.62,25.93,28.44,33.13,32.93,30.74,30.67,28.89,26.51,31.38,28.32,31.67,33.88,29.45,28.08,32.8,30.28
24.86,32.99,32.02,32.31,32.17,28.44,31.77,33.31,26.22,31.54,33.14,28,31.48,31.77,27.75,31.52,30.58
28.1,28.99,25.87,29.42,29.11,32.57,33.04,30.07,28.76,28.49,34.61,29.4,32.42,31.29,30.69,29.56,30.15
34.7,30.44,25.46,27.74,29.37,29.33,29.83,24.95,30.79,30.88,32.25,29.77,29.99,32.32,27.88,28.69,29.65
31.34,30.06,31.05,31.99,26.47,28.89,30.38,30.79,28.45,28.32,31.5,32.77,26.1,29.2,29.63,30.75,29.86
26.34,27.24,27.99,31.11,29.29,31.83,30.86,32.43,28.2,30.19,34.89,31.96,29.02,29.12,28.32,30.03,29.93
28.24,26.48,25.87,26.48,27.16,27.98,30.8,34.3,29.85,29.34,33.68,28.35,31.39,28.49,33.24,34.56,29.76
28.28,31.06,30.18,30.06,29.85,29.82,30.52,30.71,29.42,30.59,28.96,30.48,31.44,30.33,33.03,28.88,30.23
29.18,33.84,31.27,31.8,33.52,30.46,29.42,27.76,27.6,28.31,30,27.88,30.98,29.94,27.76,27.09,29.8
25,25.03,30.64,32.71,30.93,28.33,30.91,27.74,33.72,28.32,30.54,30.9,33.58,29.26,28.6,31.42,29.85
31.26,27.58,25.82,24.89,28.92,27.43,31.47,29.5,30.51,28.79,30.25,30.62,27.07,29.33,29.6,30.12,28.95
31.44,27.76,32.82,29.96,30.54,29.43,30.1,28.05,25.69,28.87,28.86,29.46,29.48,30.18,27.86,32.81,29.58
35.66,31.56,26.88,31.05,27.72,27.69,28.69,31.76,30.35,31.6,25.68,32.54,30.61,28.8,27.93,29.9,29.9
24.22,33.34,30.57,29.73,30.49,29.29,35.05,29.95,34.05,30.64,27.93,30.83,28.94,27.44,33.63,33.7,30.61
32.48,30.97,30.61,28.43,29.69,28.46,30.41,30.76,30.73,30.39,31.82,31.71,27.93,28.75,28.44,25.06,29.79
30.76,27.12,31.26,31.08,29.52,31.71,31.82,30.01,31.04,27.29,35.39,29.23,30.08,28.68,30.32,32.09,30.46
35.08,29.21,28.24,30.45,28.13,30.64,34,32.32,30.22,32.04,27.39,32.44,32.86,28.7,25.96,31.17,30.55
27.78,30.87,27.62,30.72,26.48,28.96,28.28,34.76,33.44,31.09,29.61,27,26.16,27.73,27,31.53,29.31
28.66,33.54,30.39,29.03,31.04,28.38,27.93,31.69,29.17,29.43,31.5,30.44,27.67,28.17,32.14,30.04,29.95
29.7,25.58,26.85,31.99,32.16,31.12,27.53,30.81,27.28,28.66,28.11,35.65,29.63,32.71,31.51,28.08,29.84
28.42,27.34,30.76,26.56,34.05,29.77,32.34,33.96,28.62,27.89,27.96,32.71,31.32,32.67,31.75,30.62,30.42
27.84,30.39,33.76,29.17,31.77,29.7,32.92,27.18,29.2,28.43,28.61,26.77,33.32,29.9,31.1,28.77,29.93
32.9,28.84,34.1,29.53,32.71,25.82,31.16,29.75,30.32,30.78,27.29,32.56,30.07,32.07,26.2,30.34,30.28
28.7,30.86,28.46,30.36,29.18,31.43,25.96,26.75,30.18,30.28,31.21,28.17,31.6,28.67,28.3,32.07,29.51
25.8,29.54,28.33,28.2,30.55,26.48,29.28,30.04,28.24,31.31,29.25,26.69,31.23,29.07,33.29,27.06,29.02
32.14,30.97,30.6,30.4,28.15,29.49,32.41,29.01,32.78,32.65,28,27.83,33.36,26.73,31.98,26.73,30.2
31.24,31.57,31.64,30.49,31.99,32.63,33.17,29.23,31.18,29.41,32.93,30.96,28.9,28.6,31.45,34.13,31.22
28.36,33.64,28.12,31.62,30.86,31.3,28.74,30.54,28.48,29.42,27.54,29.29,34.02,29.19,24.37,32.74,29.89
34.76,27.46,30.62,31.59,31.56,31.45,30.09,31.63,30.49,27.72,28.82,30.6,28.74,27.48,27.86,33.98,30.3
28.84,37.46,31.31,29.81,29.48,22.25,33.12,31.27,31.42,28.74,27.5,27.17,31.82,30.32,32.16,28.48,30.07
28.08,31,27.37,29.49,29.44,27.48,26.36,29.7,31.13,28.39,23.68,31.48,28.12,30.26,29.97,27.81,28.73
29.4,31.94,29.79,27.16,29.55,32.77,27.92,32.71,32.23,27.89,25.89,32.12,32.57,30.93,25.86,29.24,29.87
26.6,31.47,32.4,26.56,28.67,29.13,29.96,25.64,28.01,29.87,34.21,29.58,31.28,32.4,34.54,25.78,29.76
30.36,31.92,30.43,30.4,31.18,28.31,27.71,30.57,31.85,27.83,31.25,31.98,27.82,31.4,29.7,28.27,30.06
30.02,31.31,32.87,31.71,29.39,34.15,25.73,29.75,30.41,30.61,33,27.94,28.82,30.38,31.52,28.63,30.39
32.34,29.39,30.51,28.58,27.94,31.49,32.1,31.93,32.3,29.67,28.86,29.23,32.12,29.7,32.7,29.64,30.53
31.9,32.22,28.67,30.6,30.16,31.79,29.13,27.57,28.93,29.26,29.39,30.29,27.22,31.79,28.81,30.43,29.89
34.28,30.46,31.87,28.59,28.69,27.63,33.26,34.77,32.17,29.51,28.86,26.69,29.78,30.5,30.08,29.51,30.41
33.34,30.49,31.52,28.12,35.56,34.06,29.02,29.64,29.53,29.16,33.54,30.29,31.29,31.61,28.75,29.06,30.94
29.36,31.97,28.94,33.72,29.58,29.08,29.58,33.83,30.34,29.54,28.46,30.5,27.4,32.08,26.99,29.91,30.08
29.22,33.44,30.5,32.66,30.25,31.2,31.14,25.73,29.82,30.89,31.07,32.27,29.69,27.68,26.6,30.36,30.16
32.28,27.79,27.87,25.62,31.93,32.08,28.48,28.21,26.37,29.23,31.25,31.85,34.78,27.99,30.34,28.98,29.69
31.36,29.37,28.37,30.49,30.34,29.67,28.49,28.04,31.68,31.31,30.18,26.04,32.24,30.25,25.77,26.89,29.4
27.86,29.04,32.04,28.66,25.59,30.73,29.22,28.39,23.8,28.44,27.68,26.46,28.89,31.43,31.82,28.01,28.63
29.4,30.86,31.69,28.71,26.89,30.49,31.39,31.17,29.27,26.27,34.04,28.54,30.42,31.75,25.31,29.23,29.71
31.08,27.3,30.6,31.38,27.57,29.85,32.28,26.7,26.93,32.29,27.11,31.08,34.7,34.1,33.18,28.44,30.29
26.58,30.71,29.6,31.96,27.78,30.01,31.51,28.46,25.63,26.65,26.25,29.44,30.68,29.54,30.1,26.98,28.87
29.06,31.98,30.61,32.84,32.2,26.62,30.48,27.67,29.49,30.91,29.96,31.35,32.14,29.42,32.2,27.54,30.28
30.8,33.32,26.46,29.51,29.72,30.07,27.65,27.79,30.5,29.28,32.36,29.94,32.72,31.39,30.56,31.26,30.21
34.1,30.4,23.86,31.6,32.3,33.23,27.16,30.39,29.03,26.82,28.43,25.04,28.17,32.37,27.17,30.93,29.44
26.76,26.56,29.77,29.51,30.18,30.88,25.07,28.5,33.09,31.85,28.61,31.1,30.75,31.17,26.93,28.84,29.35
27.28,26.17,30.37,30.11,33.19,29.36,26.76,32.6,33.82,30.96,27.21,29.02,30.75,32.57,27.92,27.78,29.74
30.34,31.61,35.82,27.06,30.52,28.44,28.07,33.36,29.28,28.09,27.68,32.29,29.41,30.35,30.22,28.78,30.08
30.56,27.17,25.2,30.57,31.03,28.74,27.91,29.9,33.81,28.85,29.18,29.94,27.06,31.04,29.88,31.24,29.5
25.06,28.88,28.93,31.23,27.03,31.42,28.09,29.81,29.28,31.59,31.75,31.42,32.5,28.37,28.89,28.27,29.53
32.34,29.83,30.26,26.55,32.9,27.64,33.51,29.11,28.18,33.47,31.39,33.35,30.16,29.39,33.21,33.6,30.93
34.68,36.36,30.56,33.03,28.81,31.63,27.87,30.33,30.72,28.06,31.89,33.48,33.08,28.68,31.96,30.42,31.35
28.88,29.9,31.55,30.03,28.96,29.45,28.29,29.27,27.35,31.54,32.32,29.81,31.93,29.35,26.71,28.75,29.63
29.72,31.68,26.49,31.66,31.44,31.1,26.69,24.95,33.43,29.87,31.79,29.67,27.25,28.89,30.47,30.83,29.74
31.12,29.14,27.12,31.26,27.7,29.75,31.37,29.19,26.53,31.94,29.57,29.92,26.62,30.81,30.94,29.95,29.56
27.96,31.63,30.67,31.4,33.03,27.44,33.79,26.54,30.41,29.75,30.39,29.79,28.35,27.35,27.29,30.19,29.75
31.22,28.48,28.48,31.24,30.14,28.46,33.14,27.55,27.99,30.54,34.18,29,31.69,34.05,31.19,31.74,30.57
27.84,29.47,30.1,29.93,32.86,27.82,28.38,32.61,32.68,28.89,32.89,29.75,30.1,26.79,32.46,30.19,30.17
28.1,27.7,31.39,32.98,29,28.25,26.42,29.43,28.49,30.42,31.82,29.33,30.72,25.11,30.86,28.69,29.3
26.32,28.37,30.02,30.61,30.14,28.14,34.09,27.25,30.32,27.9,30.36,33.67,29.26,29.83,29.5,33.77,29.97
29.64,31.28,28.46,30.1,34.99,30.95,30.71,30.83,31.02,29.89,28.36,36.79,33.7,27.17,28.88,32.39,30.95
30.02,28.36,32.37,27.29,26.74,27.51,30.36,30.71,28.73,27.63,30.14,25.77,29.45,29.9,30.59,34.19,29.36
32.46,28.43,30.43,30.66,31.79,29.07,27.51,29.43,27.23,26.43,27.82,29.29,31.89,29.33,32.14,28.19,29.51
26.32,30.91,28.04,28.28,31.06,26.82,29.46,29.51,33.02,33,32.96,31.67,33.27,28.92,28.73,31.12,30.19
26.02,28.32,30,32.04,32.73,28.61,32.45,30.87,30.74,30.06,30.82,31.44,27.2,26.73,32.9,32.56,30.22
28.5,28.87,27.31,28.95,26.95,31.24,27.31,28.1,27.38,26.14,28.82,30.27,32.48,27.23,31.1,29.15,28.74
28.8,30.58,26.96,29.08,27.39,30.52,30.99,28.76,30.62,30.37,29.04,29.73,31.05,34.29,31.16,27.42,29.8
28.12,32.82,27.95,35.3,30.06,27.48,29.11,33.11,31.51,30,28.07,29.71,30.33,29.21,30.86,30.39,30.25
32.44,26.7,28.18,29.9,29.63,28.5,32.17,29.74,26.82,32.37,31.96,25.25,30.01,27.9,28.2,27.39,29.2
29.3,28.54,29.83,27.29,32.69,27.1,33.72,30.4,32.3,28.88,30.14,29.02,28.08,30.94,31.05,31.61,30.06
33.54,33.26,30.4,30.36,30.81,24.99,25.29,26.75,31.32,28.28,29.11,31.46,30.14,31.32,33.74,30.07,30.05
30.5,33.59,33.55,29.88,32.55,27.58,28.54,30.45,28.64,28.49,31.57,25.83,30.86,32.43,29.34,30.96,30.3
29.76,32.48,30.98,33.17,29.94,28.06,33.73,30.7,29.46,27.02,27.43,32.12,30.7,28.07,31.15,32.63,30.46
28.94,30.89,33.6,33.22,26.39,35.37,28.56,28.83,29.4,28.79,28.29,32.35,32.58,31.26,29.35,27.34,30.32
29.46,32.31,30.61,31.45,31.64,30.17,32.94,29.32,30.01,26.51,28.79,29.67,23.72,26.58,30.46,28.36,29.5
30.62,28.81,29.08,32.06,26.87,28.52,31.75,34.87,33.28,31.15,32.07,32.65,34.49,31.32,31.49,30.59,31.23
29.24,28.62,26.95,29.41,31.98,26.39,30.39,28.45,31.52,34.34,33.71,29.77,27.83,30.43,31.88,28.12,29.94
27.42,28.29,33.62,27.67,31.63,31.35,31.42,33.39,31.14,30.21,30.68,30.48,29.62,32.01,32.71,30.06,30.73
34.42,32.19,29.65,32.07,28.82,26.96,30.58,31.14,26.18,30.03,28.82,30.83,29.58,30.63,28.34,30.23,30.03
30.2,27.2,26.75,27.59,30.43,30.69,29.97,34.77,30.76,32.14,33.5,33.23,31.47,28.54,31.77,27.16,30.39
31.2,31.19,32.43,27.14,27.99,26.6,27.62,29.24,25.53,30.93,31.82,28.35,29.51,28.77,32.77,29.56,29.42
27.04,29.26,28.7,32.21,28.41,27.69,29.94,28.29,30.59,30.55,25.96,29.92,31.63,28.73,33.49,28.79,29.45
29.64,31.82,31.79,32.88,27.01,30.33,26.79,32.76,32.78,32.57,29.89,29.65,30.81,30.24,24.03,30.35,30.21
29.36,30.94,30.4,30.86,31.52,30.27,27.48,30.92,33,29.89,33.14,28.77,26.86,29.55,32.07,32.57,30.48
29.1,31.44,24.31,29.8,29.14,30.4,32.56,27.23,29.24,27.98,31.18,28.12,30.81,30.8,30.07,28.77,29.43
31.3,34.6,29.5,30.56,29.58,30.77,30.33,31.55,26.2,26.34,26.86,33.9,30.41,29.04,32.56,27.6,30.07
31.06,30.88,32.93,33.74,30.56,26.02,25.86,31.18,26.39,27.97,33.57,31.44,32.89,28.9,27.5,27.82,29.92
27.74,29.24,29.7,27.68,30.31,31.76,27.24,30.12,32.16,27.17,32.04,29.31,30.03,31.08,32.39,30.55,29.91
32.3,30.83,32.93,27.69,26.77,27.38,30.49,31.33,33.51,31.03,29.61,31.98,28.04,32.54,24.37,33.93,30.3
32.94,30.54,33.52,30.06,31.84,26.87,27.53,30.49,31.12,31.13,32.71,29.62,28.09,32.86,28.01,28.14,30.34
26.38,30.97,33.31,31.67,29.81,31.31,31.54,31.95,29.1,27.72,29.54,30.12,30.58,29.23,27.24,28.36,29.93
26.4,31.51,31.05,31.06,30.03,31,32.36,29.63,29.19,27.78,30.89,29,29.35,31.07,32.12,30.26,30.17
30.92,26.68,24.49,30.3,30.31,30.08,32.46,32.6,30.38,34.38,26.43,30.04,29.28,28.29,27.65,30.43,29.67
31.68,33.33,30.36,27.44,29.22,29.73,25.22,27.92,28.41,32.15,32.54,30.73,33.3,31.71,30.43,30.84,30.31
29.14,31.71,27.95,32.52,25.06,31.55,28.5,30.45,33.05,30.27,26.46,32.04,27.93,29.76,34.37,30.19,30.06
32.4,31.92,28.39,31.48,31.09,34.02,28.86,27.42,28.97,29.19,27.79,35.21,24.28,31.26,32.6,28.66,30.22
33.3,29.11,29.27,31.23,27.58,30.68,34.44,32.33,34.59,25.64,27.29,27.77,27.77,29.61,29.29,30.91,30.05
29.98,27.98,32.3,27.87,28.48,32.64,30.54,30.11,28.86,30.38,33.54,28.85,27.81,26.2,30.9,30.76,29.83
31.12,30.54,28.69,26.88,29.06,30.05,33.58,27.83,28.12,31.49,22.82,28.85,28.22,25.05,29.31,30.34,28.87
32.78,29.42,30.88,30.26,29.14,33.4,29.03,25.98,32.58,28,28.46,28.65,28.27,31.12,30.77,34.46,30.2
27.56,31.04,32.46,30.54,27.06,32.7,33.61,31.02,28.82,27.29,32.75,32.79,31.28,28.15,30.27,22.75,30.01
26.46,29,28.18,30.71,27.3,31.01,32.05,34.98,31,32.58,32.71,29,28.5,28.42,29.66,28.02,29.97
30.12,33.91,30.79,30.08,31.52,33.37,31.28,29.55,26.33,27.74,33.93,29.12,29.89,30.8,31.05,31.47,30.68
28.48,29.21,31.36,31.76,30.28,27.65,25.14,32.77,26.95,29.31,31.39,30.85,30.49,30.05,28.92,27.04,29.48
33.6,27.86,29.58,27.61,29.01,32.88,24.14,31.71,30.95,31.5,32.25,26.15,32.08,29.74,28.19,29.61,29.8
31.3,30.07,29.7,27.03,28.05,28.94,33.95,29.18,31.97,30.47,30.54,32.81,29.66,30.99,28.06,31.3,30.25
29.64,29.62,29.87,33.85,29.64,34.08,29.8,29.2,26.82,28.43,28.11,32.17,32.56,25.01,31.12,24.57,29.66
30.18,31.71,33,28.46,29.1,27.55,31.71,31,30.42,25.72,26.14,28.67,31.04,31.11,32.82,27.31,29.75
33.5,28.49,30.43,31.15,28.27,27.6,32.93,27.83,29.3,31.58,32.39,31.1,28.35,31.05,33.72,30.02,30.48
29.68,30.19,29.81,32.39,33.92,30.54,29.97,26.93,28.52,29.08,34.43,30.58,29.95,29.1,34.33,27.46,30.43
28.7,30.34,28.6,30.98,28.5,33.11,30.4,25.85,25.88,31.56,31.86,32.33,32.93,30.79,28.59,27.48,29.87
31.9,26.8,33.31,29.09,27.31,31.11,27.86,33.06,29.12,26.59,26.36,32.85,27.02,28.56,30.56,25.35,29.18
26.6,27.78,31.81,30.29,31.15,29.8,27.4,28.77,31.48,27.89,28.07,32.88,29.4,31.93,25.39,29.1,29.36
28.86,24.66,28.44,28.92,29.75,30.74,34.72,29.68,31.57,28.73,30.86,30.12,28.68,32.36,29.89,29.11,29.82
27.96,29.4,26.54,31.25,32.9,28.54,26.6,32.18,30.58,32.58,30.32,32.73,29.9,29.51,24.09,31.68,29.8
29.92,28.98,32.67,28.05,28.71,27.6,32.34,32.37,30.84,29.96,30.46,33.33,30.82,30.85,28.38,31.61,30.43
31.54,29.06,28.74,31.92,31.93,28.48,29.45,27.73,31.29,31.23,28.96,26.04,30.69,31.54,33.79,31.78,30.26
30.02,28.39,28.6,28.32,29.34,28.36,32.16,30.74,29.67,32.99,34.46,30.94,26.5,27.63,30.88,30.63,29.98
29.7,29.87,26.93,33.09,27.15,33.11,30.52,28.08,31.66,32.63,30.14,28.83,32.53,33.49,28.48,29.48,30.36
29.06,25.96,24.85,32.9,27.74,27.27,26.47,30.01,33.14,30.98,30.93,29.06,27.09,32.19,27.8,25.49,28.81
31.9,26.77,29.05,30.98,31.06,29.04,28.72,30.75,30.18,30.82,27.71,33.5,28,31.76,28.35,29.1,29.86
27,30.63,29.37,29.18,31.82,29.57,32.28,33.01,27.13,29.43,30.82,30.67,28.27,32.36,31.63,26.67,29.99
28.96,29.66,31.85,31.12,29.82,33.55,27.58,29.61,29.29,34.88,33.11,32.35,28.02,33.51,28.64,32.85,30.92
31.14,31.04,28.77,27.73,26.63,26.62,27.25,27.83,30.14,31.52,31.96,30.98,30.36,31.99,27.61,28.45,29.38
27.66,34.69,28.4,25.54,34.56,29.88,25.48,30.73,27.52,26.35,29.71,30.33,30.89,29.39,28.58,28.51,29.26
30.48,28.41,31.51,28.8,31.68,31.2,27.42,30.9,28.81,26.67,31.46,32.48,31.44,30.32,27.9,30.92,30.03
34.2,26.59,29.37,29.78,35.05,28.7,31.57,23.64,30.73,28.72,30.71,32.85,34.25,32.69,33.47,26.96,30.58
28.58,33.61,27.86,31.24,29.99,27.11,30.01,36.04,26.02,28.56,28.79,33.46,31.5,33.99,26.79,29.44,30.19
27.8,28.14,29.13,28.09,32.12,31.69,30.94,32.11,26.68,29.04,27.32,30.81,29.06,27.94,32.99,32.57,29.78
32.78,33.17,31.48,27.58,28.94,30.5,26.11,30.88,26.79,26.69,29.43,30.65,30.89,29.4,29.95,29.94,29.7
32.26,31.92,30.36,28.57,28.12,30.48,28.14,25.83,26.18,34.52,29.43,28.73,29.58,30.23,27.34,29.5,29.45
29.9,28.3,27.77,27.72,30.38,28.85,27.98,32.42,29.22,28.23,30,30.48,34.51,28.13,33.54,27.69,29.69
33.04,30.56,29.92,35.32,28.71,34.19,31.2,33.23,30.74,32.67,28.29,28.1,31.78,28.37,30.51,33.01,31.23
30.24,31.77,34.13,31.16,27.51,27.13,28.07,26.64,35.57,28.41,27.86,31.17,26.16,28.68,35.45,32.63,30.16
28.66,29.88,26.29,32.39,27.91,31.12,26.72,32.93,27.63,28.31,28.61,30.38,34.35,29.18,28.66,30.48,29.59
31.52,28.87,28.3,29.42,28,27.82,29.48,28.48,29.08,27.68,30.04,31.96,30.79,25.4,32.78,28.01,29.23
28.8,36.17,28.11,30.08,31.88,26.56,33.55,26.94,31.14,32.38,30.89,29.88,29.05,28.86,33.02,26.52,30.24
28.5,28.64,26.61,35.08,29.66,32.14,34.21,28.54,30.27,28.94,29.64,29.08,29.22,31.29,28.71,27.92,29.9
30.28,25.47,26.27,28.4,30.22,29.42,29.45,32.79,31.39,28.23,29.89,26.27,29.98,30.6,34.38,29.09,29.51
31.04,32.69,31.56,33.54,28.06,34.11,30.79,32.8,29.35,31.2,30.21,30.06,30.54,29.62,28.69,31.73,31
27.62,27.92,29.19,31.65,29.44,26.24,26.69,32.42,30.44,34.14,30.32,34,27.16,32.51,28.3,29.52,29.85
34.06,30.23,27.52,27.21,29.17,31.1,30.77,32.43,27.91,34.03,33.64,25.58,27.77,29.08,27.19,34.08,30.11
28.8,28.88,28.81,27.76,29.09,28.21,32.08,25.9,31.37,32.97,32.25,32.75,27.4,30.05,35.19,28.82,30.02
32.12,27.22,32.02,27.84,28.37,29.4,29.81,30.37,27.77,26.61,32.04,28.21,27.16,29.29,31.9,29.67,29.36
32.46,29.91,30.33,28.87,31.12,27.99,28.21,33.11,30.62,28.58,30.18,27.75,28.52,31.6,26.78,28.33,29.65
30.42,32.63,29.49,33.62,30.14,30.71,25.69,33.17,34.6,30.81,27.71,30.19,31.06,29.1,28.11,28.66,30.38
29.38,29.29,33.99,30.56,29.08,25.26,30.02,34.01,29.92,28.74,29.68,28.56,32.63,31.62,31.93,28.63,30.21
28.58,26.06,31.56,28.83,30.96,27.6,32,29.56,29.7,29.37,28.93,27.23,30.46,31.2,27.98,25.82,29.11
29.24,33.43,29.52,35.4,33.13,34.62,31.56,31.51,31.96,30.66,29.18,28.56,31.75,31.81,26.79,30.32,31.22
28.96,28.91,31.61,28.66,25.6,30.88,30.56,28.73,31.18,25.47,31.04,27.75,31.05,31.49,32.24,30.24,29.65
30.86,30.21,26.7,29.98,32.6,30.86,29.36,32.11,34.77,31.21,28.82,29.9,33.62,29.1,29.35,30.34,30.61
29.02,30.56,33.75,31.97,32.72,29.57,36.2,32.33,30.43,29.79,34.5,32.88,30.09,30.27,33.41,28.72,31.64
30.44,32.34,26.14,32.01,32.77,29.06,29.94,31.75,28.55,31.79,29.43,31.83,29.09,30.49,26.69,31.19,30.22
32.06,31.08,27.25,28.94,32.82,28.13,32.63,30.46,28.46,27.81,31.54,31.17,32.83,29.04,32.47,25.82,30.16
27.92,28.59,29.86,30.32,28.58,28.85,32.06,33.39,31.96,30.4,26.61,30.75,30.3,29.52,25.63,32.58,29.83
27.6,30.17,31.75,25.52,30.09,32.36,28.59,29.06,30.76,28.27,32.93,33.71,30.35,32.11,31.34,29.61,30.26
28.46,34.67,30.86,31.82,29.05,28.36,30.76,31.74,31.37,29.73,31.11,33.77,33.6,28.31,30.28,29.72,30.85
30.1,33.24,29.13,29.81,30.3,29.74,28.85,31.74,31.61,30.08,25.79,32.54,29.46,29.32,27.69,28.73,29.88
31.12,28.52,29.71,27.86,32.36,31.4,30.18,32.57,31.88,29.25,31.07,31,33.88,28.85,31.67,29.98,30.71
30.98,26.13,30.02,28.22,28.71,29.8,26.31,30.25,34.63,29.9,32.14,30.5,30.77,29.58,32.57,29.74,30.02
31.08,31.2,28.64,31.25,27.44,30.85,30.54,26.68,30.55,32.61,27.68,31.94,26.58,29.27,28.46,35.73,30.03
28.64,34.09,28.69,29.02,30.51,30.86,30.82,30.87,27.33,30.54,33.32,31.19,30.43,28.36,29.89,29.92,30.28
31.44,32.9,29.54,32.32,25.23,29.85,32.12,33.46,30.7,28.97,30.89,33.94,28.24,31.81,29.63,30.47,30.72
30.08,30.01,29.54,31.36,24.81,27.75,26.83,31.99,26.78,30.99,30.39,30.42,27.76,30.19,31.12,30.6,29.41
29.46,27.11,33.55,34.19,27.63,25.95,29.95,28.48,28.76,30.41,30.89,30.12,33.23,31.44,25.34,25.51,29.5
30.62,31.56,32.44,30.6,28.28,32.56,33.09,32.25,28.68,30.07,30.89,29.02,28.2,31.99,29.59,29.69,30.6
32.94,31.74,30.74,28.73,29.24,30.6,28.03,27.27,34.4,30.98,29.79,29.6,30.2,30,34.46,27.56,30.39
27.32,31.44,25.61,30.84,26.47,26.9,29.48,28.01,32.01,28.02,27.75,27.79,30.51,27.88,31.34,29.41,28.8
33.24,29.82,29.15,31.37,31.69,30.35,31.49,26.02,35.72,27.67,30.5,34,33.56,29.77,33.73,29.14,31.08
29.52,33.63,33.64,28.38,26.42,30.46,28.16,28.1,31.63,30.48,30.25,28.92,30.5,28.76,28.83,29.48,29.82
25.46,26.6,27.39,28.76,27.5,27.56,35.05,29.1,26.92,32.43,26.86,28.56,27.95,30.65,28.87,34.33,29
33.38,27.28,32.49,27.27,33.03,31.56,30.04,30.17,29.28,26.85,30.39,26.73,28.11,27.54,30.84,29.78,29.67
30.98,30.72,29.93,30.75,27.84,26.32,28.87,28.19,29.42,32.27,28.54,29.85,27.85,28,30.48,33.42,29.59
26.4,33.01,27.73,30.14,29.02,25.31,29.86,28.14,27.13,31.16,33.75,31.92,31.38,34.48,32.11,28.38,29.99
30.2,28.69,31.88,28.37,31.77,32.15,29.25,27.71,31.09,29.82,29.29,28.73,32.21,26.81,28.31,28.24,29.66
28.84,27.01,28.58,29.79,32.05,34.56,29.14,27.33,31.19,29.26,30.04,31.02,33.8,30.56,34.05,33.28,30.66
32.46,28.91,28.99,27.86,29.35,30.31,27.7,33.94,27.49,31.79,27.89,27.77,32.69,33,30.96,30.15,30.08
32.18,31.3,26.65,26.44,34.49,26.56,31.91,29.3,30.64,28.94,30.64,31.75,29.51,26.24,31.65,30.83,29.94
28.78,32.02,30.98,31.51,27.19,33.3,32.01,37.13,32.14,28.38,27.64,30.65,35.27,28.39,30.72,28.92,30.94
32.1,27.96,28.73,30.82,31.98,32.24,29.17,30.3,28.5,33.89,28.68,25.98,30.05,34.82,26,29.92,30.07
25.78,25.22,30.62,32.56,28.56,30.77,29.79,26.74,30.55,28.4,33.07,32.19,29.17,28.52,35.04,32.65,29.98
31.14,30.32,32.39,26.75,28.96,28.37,28.13,28.37,30.89,34.05,30.54,27.6,27.47,28.05,32.53,31.31,29.8
31.88,28.36,28.33,27.25,26.51,27.73,29.37,31.25,28.64,30.47,30.93,28.9,27.85,28.6,31.07,31.94,29.32
32.04,33.39,29.12,32.74,33.96,34.8,27.71,32.62,28.57,27.62,26.11,30.58,28.02,28.15,31.92,30.19,30.47
26.46,32.27,32.37,30.64,28.33,26.46,28.65,32.26,31.91,29.11,26.43,26.75,28.42,26.04,30.03,25.18,28.83
29.44,28.97,31.33,28.77,29.2,33.13,29.59,27.42,27.29,28.34,29.36,28.75,29.25,28.26,24.88,31.64,29.1
29.72,33.67,32.2,31.82,29.63,29.2,27.5,27.36,33.39,31.13,24.32,31.67,27.53,29.92,33.38,25.76,29.89
27.76,33.44,26.35,31.92,31.36,28.75,27.98,34.26,28.62,25.72,26.57,30.92,29.89,29.43,29.49,31.41,29.62
31.24,28.02,29.92,28.79,30.12,30.63,32.09,29.56,31.25,25.81,32.25,32.69,28.83,27,33.26,33.23,30.29
28.7,28.2,29.15,28.81,30.73,29.4,29.47,29,32.71,30.76,32.29,28.23,30.61,26.4,31.72,33.87,30
27.84,31.6,28.73,32.25,30.11,31.98,33.18,29.94,29.73,27.74,30.5,32.92,24.6,35.39,29.93,28.67,30.32
29.74,30.16,29.21,30.57,29.95,30.01,32.38,32.73,26.69,28.11,25.43,31.4,29,34.17,31.84,29.95,30.08
31.24,27.44,29.86,27.56,31.38,28.48,28.65,31.46,29.62,27.54,27.25,26.67,27.47,26.81,34.7,23.83,28.75
34.58,28.48,33.01,29.18,32.18,26.9,32.12,32.27,30.15,29.92,30.32,31.21,30.79,31.29,25.45,29.45,30.46
28.88,32.48,29.95,30.39,30.89,31.3,21.94,26.55,32.2,32.44,27.61,25.79,28.73,29.58,26.7,31.46,29.18
27.44,29.98,36.73,33.62,30.3,29.49,31.79,29.87,26.72,29.18,27.57,32.06,29.39,29.06,29.84,32.41,30.34
27.36,29.47,31.58,29.9,31.37,30.58,31.71,30.04,31.93,32.83,31.14,30.9,31.82,29.68,24.45,27.59,30.15
32.9,33.64,29.54,28.97,29.83,32.75,32,30.32,29.34,29.46,30.89,27.38,31.71,30.79,30.87,31.69,30.75
29.44,32.3,27.38,29.11,31.39,25.6,25.98,31.83,26.37,33.64,28.82,31.5,30.09,29.89,32.06,29.34,29.67
29.28,27.67,33.07,28.17,27.32,26.08,29.22,31.73,30.66,29.67,27.43,28.58,29.36,29.98,32.56,29.62,29.4
31,31.03,29.33,32.08,27.37,33.99,30.05,33.29,28.82,25.56,33.46,28.79,31.57,30.29,30.49,30.77,30.49
28.28,33.29,31.13,33.13,33.23,30.6,31.84,27.81,28.37,31.68,32.07,27.96,29.13,32.15,24.42,30.07,30.32
28.48,33.08,30.68,31.66,30.4,28,32.67,26.86,30.18,29.27,27.89,33.17,32.26,32.07,30.26,34.49,30.71
27.5,26.02,28.88,30.54,28.57,25.86,28.46,30.62,32.79,30.03,29.82,27.54,30.73,33.43,33.13,28.19,29.51
30.98,28.5,29.33,31.58,28.96,32.68,28.29,32.17,30.38,33.09,28.71,28.42,31.45,28.49,29.13,28.3,30.03
31.76,28.38,32.54,29.25,27.93,32.3,33.5,31.6,28.92,30.22,28.18,30.17,30.01,29.36,27.91,27.73,29.98
28.66,27.06,30.67,30.23,28.4,28.76,27.78,27.99,29.52,28.94,27.32,29.48,33.26,31.48,28.57,30.08,29.26
27.3,33.26,27.95,31.73,29.23,31.36,31.67,35.2,28.67,26.78,30.89,31.33,31.96,30.08,32.19,28.11,30.48
31.56,30.16,31.95,30.5,32.13,31.61,32.17,33.05,28.81,26.49,27.57,30.17,27.99,27.48,26.17,28.89,29.79
29.28,31.63,30.35,31.15,28.53,31.94,25.4,31.96,30.18,29.03,26.14,35.38,27.69,31.36,31.09,34.31,30.34
30.16,30.3,25.42,26.12,29.42,29.83,29.44,31.46,32.26,29.5,32.39,28.92,27.1,28.81,32.04,24.96,29.26
35.48,26.39,30.33,28.28,32.43,29.81,33.2,26.31,30.22,34.38,27.82,30.56,28.72,32.7,32.02,28.49,30.45
34.2,28.79,31.48,28.51,34.03,27.27,26.72,28.75,30.22,28.93,35.14,33.85,31.08,27.88,30.7,29.14,30.42
27.1,26.98,28.44,32.24,30.25,29.62,27.51,32.29,32.56,28.21,25.18,29.33,26.24,27.8,28.56,29.78,28.88
32.14,26.1,30.11,30.02,29.02,30.31,33.5,33.8,31.06,30.22,25.75,31.54,32.34,30.82,30.9,31.89,30.59
28.8,29.82,29.93,28.96,33.01,31.55,27.55,33.48,28.88,30.56,29.39,24.77,30.8,24.7,27.84,28.73,29.3
31.06,30.39,28.75,29.99,28.42,29.23,32.44,28.48,32.07,31.29,33.54,29.98,29.49,30.69,31.6,25.24,30.16
30.26,29.29,27.98,29.99,34.34,30.19,28.98,29.56,28.31,28.36,27.11,29.08,25.78,27.17,33.39,29.82,29.35
29.82,26.51,30.77,28.56,31.31,34.74,29.84,28.15,28.81,31.78,31.86,28.69,32.3,30.31,27.52,31.33,30.14
27.78,32.92,29.46,26.69,29.18,29.8,28.12,29.42,28.99,31.28,29.46,26.98,29.78,29.39,30.18,25.76,29.08
30.88,30.67,31.68,32.24,27.93,30.02,30.04,28.94,31.81,33.11,28.57,34.12,29.99,30.85,33.56,28.01,30.78
29.3,29.69,28.69,28.25,35.1,32,30.26,33.42,30.03,28.63,27.14,32.02,32.4,27.87,29.12,29.41,30.21
27.72,31.93,29.33,29.61,31.95,27.36,27.41,29.46,30.58,30.37,31.71,27.12,30.96,27.8,31.26,25.62,29.39
31.6,29.26,28.62,30.7,32.19,27.35,27.61,29.32,29.62,29.77,31.07,29.58,32.09,28.52,30.05,27,29.65
32.3,29.07,31.08,29.61,30.1,31.7,25.64,31.05,32.22,30.61,31.11,30.02,27.98,27.51,28.25,29.17,29.84
32.66,28.49,32.32,30.61,30.44,28.36,32.59,27.56,25.95,27.95,36.68,33.1,28.4,32.51,31.72,31.36,30.67
31.68,25.92,29.79,31.01,29.3,34.38,31.11,31.51,34.27,32.56,27.32,27.44,27.68,32.11,29.11,30.51,30.36
28.66,30.82,34.43,28.35,30.28,30.38,28.3,32.55,27.68,28.68,30.07,32.19,30.61,31.83,26.2,30.13,30.07
33.72,32.49,33.5,31.12,27.29,30.56,30.8,29.52,30.79,30.79,26.54,30.06,27.84,30.18,24.2,27.74,29.82
30.24,30.34,32.25,32.07,27.64,28.87,29.22,32.65,33.48,32.02,29,30.77,29.43,29.04,28.31,29.16,30.28
29.16,31.24,26.94,21.85,32.26,30.7,29.13,31.56,32.09,32.01,29.61,29.67,34.99,30.35,26.29,28.69,29.78
30.38,29.9,28.62,26.26,31.28,30.13,29.87,29.93,30.49,28.98,33.29,27.98,29.36,30.06,31.41,25.48,29.59
29.86,25.53,30.79,29.59,29.22,29.23,24.27,32.07,27.9,30.24,32.39,30.81,31.58,32.65,27.23,28.42,29.49
28.38,32.88,28.57,29.84,29.65,26.81,30.58,32.05,30.42,30.35,29.14,29.48,29.54,28.06,27.16,28.84,29.48
31.94,25.87,29.31,29.63,29.3,33.01,29.3,30.14,32.32,30.48,28.46,29.71,25.16,32.4,32.7,29.72,29.97
30.04,28.69,32.43,31.16,31.3,30.3,30.36,31.08,30.8,29.3,31.86,32.98,32.13,29.37,26.84,30.14,30.55
31.58,32.86,28.43,28.55,27.98,29.71,29.53,32.3,31.18,28.04,32.54,28.38,27.7,29.93,27.37,33.47,29.97
28.42,33.2,26.77,29.33,32.13,30.05,29.77,31.3,29.46,30.04,33.18,30.27,27.83,30.7,28.24,29.67,30.02
30.3,30.94,30.51,28.5,24.66,30.63,30.57,32.07,27.26,28.15,28.46,33.69,28.04,34.46,31.16,30.88,30.02
28.82,31.37,28.3,29.36,29.11,30.11,31.01,28.18,31.72,28.68,30.96,29.19,32.93,29.18,30.82,30.01,29.98
28.02,27.53,27.63,29.31,28.93,34.52,28.22,32.61,35.6,32.98,27.61,32.25,27.92,30.6,30.31,33.73,30.49
32.1,31.2,31.88,31.57,29.01,25.08,31.02,27.48,31.32,32.06,31.18,29.19,29.68,29.39,27.6,28.52,29.89
29.06,29.42,29.98,28.07,32.51,32.17,34.72,27.68,34.56,29.32,30.71,29.81,30.07,30.04,26.21,23.51,29.86
27.34,27.79,28.87,28.46,26.04,31.54,31.16,27.14,29.07,31.87,28.75,28.73,28.96,28.37,29.39,28.36,28.87
31.32,28.28,29.56,28.58,30.34,29.17,29.06,28.33,28.84,29.24,28.82,25.44,28.8,29.25,28.04,29.92,28.94
27.3,31.9,29.95,28.64,27.01,25.37,30.68,30.4,31.43,32.86,29.11,28.25,28.11,27.29,34.4,31.03,29.61
28.08,32.16,32.02,28.91,27.47,31.44,33.15,27.12,27.64,32.46,29.25,28.15,34.57,31.31,26.12,28.36,29.89
33.58,31.59,29.92,28.45,30.17,29.6,27.77,30.58,25.88,27.81,27.14,30.15,29.19,34.12,26.61,29.61,29.51
34.2,29.67,32.5,31.03,28.94,29.86,31.46,31.73,31.03,28.81,30.61,29.62,29.75,30.35,25.6,28.22,30.21
28.36,30.18,30.36,31.9,30.09,31.83,36.55,31.04,31.09,29.7,27.32,24.75,30.32,32,27.49,29.34,30.15
29.3,33.38,30.08,29.18,29.15,28.88,28.08,28.61,32.5,31.34,32.96,28.88,27.74,28.61,30.03,29.72,29.9
27.4,26.62,32.88,29.98,27.81,26.52,28.57,29.37,31.42,25.99,29.86,28.21,31.93,30.19,32.31,30.45,29.34
29,32.76,30.02,31.93,29.08,30.71,33.54,30.5,32.2,30.04,30.79,27.08,29.2,28.36,31.29,29.84,30.4
31.74,30.71,32.05,27.48,31.27,29.46,31.54,27.27,28.22,30.26,27.75,29.42,31.03,28.7,28.54,25.5,29.43
27.56,29.61,29.02,28.72,27.58,27.83,28.46,32.79,29.51,29.05,32.39,30.02,31.72,33.55,26.86,34.17,29.93
29.6,29.71,32.94,30.15,28.69,28.73,27.59,26.1,30.56,28.06,30.46,29.46,26.7,28.68,33.17,31.57,29.51
30.82,28.7,31.61,30.18,30.53,27.56,28.56,30.68,29.24,30.82,27.11,27.27,31.7,27.06,27.9,27.63,29.21
30.92,29.54,28.36,33.64,25.22,29.63,28.92,33.32,29.74,32.32,27.93,31.56,29.38,27.07,24.42,29.69,29.48
31.74,25.86,29.25,26.96,26,26.63,26.46,27.01,29.99,30.71,28.54,29.21,31.3,29.99,28.78,26.64,28.44
30.5,32.26,31.95,29.36,30.25,29.33,31.13,25.8,31.2,31.36,30.29,30.35,29.37,24.82,32.23,29.42,29.98
29.82,29.64,29.64,30.01,34.9,31.65,25.37,27.4,32.07,26.85,32.68,28.92,32.55,30.32,29.54,32.5,30.24
25.86,32.04,33.71,28.31,33.82,25.46,26.4,30.86,32.55,30.01,34,32.08,30.96,34.77,32.71,29,30.79
30.96,30.73,32.55,30.42,28.18,26,32.35,28.76,27.44,29.25,34,33.48,30.05,28.43,29.36,25.69,29.85
28.86,28.1,28.1,31.84,30.47,35.39,31.67,29.46,27.77,29.24,34.82,31.23,28.44,31.96,30.32,30.56,30.51
27.4,33.64,29.75,30.11,29.32,28.87,28.85,30.06,30.6,30.77,33.36,31.02,32.38,30.88,35.58,28.58,30.7
26.88,26.33,26.79,27.94,27.26,32.25,30.43,29.68,32.05,30.43,28.14,31.21,26.87,29.29,29.54,29.31,29.03
27.4,23.76,30.31,30.44,27.69,29.51,27.1,29.88,31.41,28.75,30.36,32.31,29.78,33.1,33.75,29.51,29.69
26.94,30.83,30.49,31.95,33.59,29.6,26.31,29.24,29.52,33.32,35.43,29.04,31.8,30.07,30.51,29.73,30.52
30.4,30.77,30.05,30.06,31.04,32.52,31.37,32.63,31.01,31.8,29.79,26.85,29.94,27.5,29.16,30.34,30.33
31.34,33.47,32.04,31.52,27.11,25.07,29.44,30.46,30.57,28.33,27.82,29.62,30.03,31.13,31.58,28.06,29.85
29.02,27.52,27.6,30.29,33.18,29.68,31.2,28.23,30.85,31.88,33.04,28.73,30.1,32.2,29.58,27.26,30.02
30.2,32.88,22.32,25.95,30.24,29.27,30.84,29.27,30.45,33.45,29.61,27.17,33.4,29.27,28.61,27.61,29.41
31.52,30.94,28.69,32.11,32.95,26.76,28,27.3,32.62,29.89,33.54,29.17,25.78,27.29,31.12,31.24,29.93
26.68,30.09,27.17,30.82,29.84,27.3,32.24,27.63,25.07,28.54,32.89,25.81,31.47,32.42,30.97,31.4,29.4
30.08,28.13,27.88,27.78,29.64,30.9,29.61,30.54,27.13,32,30.04,30.44,30.74,29.02,31.04,29.52,29.66
29.48,25.56,29.17,31.49,25.68,32.29,31.1,29.25,34.77,31.13,32.04,30.46,35.1,31,28.1,28.76,30.33
31.54,32.64,29.37,33.17,27.42,28.13,25.62,29.2,34.18,31.76,24.18,30.73,26.97,30.9,30.83,27.75,29.65
28.92,30.19,32.02,32.31,27,31.9,28.72,29.08,28.73,31.77,31.89,31.56,27.65,34.33,29.03,29.26,30.27
29.3,27.01,30.82,29.52,27.83,30.55,31.97,31.81,29.43,30.76,32.14,32.17,29.62,28.63,26.76,30.76,29.94
32.58,30.14,31.18,28.53,32.81,30.08,34.42,30.31,30.88,29.2,28.57,29.15,33.1,34.61,32.94,27.71,31.01
34.28,31.04,30.01,27.76,33.97,27.2,29.17,33.08,32.58,29.47,33.07,28.48,29.59,26.6,31.66,29.14,30.44
33.36,24.88,31.52,29.65,30.58,32.07,32.57,28.07,28.88,31.67,30.29,30.17,30.45,29.99,29.91,29.73,30.24
32.58,30.18,30.98,33.3,29.79,28.62,29.48,32.83,26.42,28.16,30.89,30.25,32.32,26.26,30.83,27.18,30
32.96,31.1,30.01,30.23,31,31.08,29.62,33.17,31.71,27.63,29.36,33.69,27.24,29.7,30.21,31.84,30.66
28.38,28.6,30.86,30.57,29.08,29.68,29.16,29.52,29.08,28.28,30.46,29.54,31.3,34.73,29.38,32.98,30.1
29.06,33.57,31.15,31.39,32.21,28.62,30.28,24.88,30.35,27.68,31.43,28.1,29.12,27.44,31.06,29.84,29.76
32.98,30.44,30.06,28.29,29.16,22.07,32.51,31.57,24.84,29.22,29.29,34.1,30.71,28.9,29.88,32.21,29.76
30.9,30.89,28.48,30.22,29.18,31.38,34.55,27.13,28.59,26.6,28.11,28.85,28.35,30.76,29.77,29.42,29.57
25.86,28.83,31.57,28.39,27.72,31.02,30.07,33.27,30.28,28.32,29.11,29.65,32.45,29.3,28.58,33.29,29.86
28.38,33.32,28.27,30.07,31.78,33.74,30.42,28.42,29.31,30.72,29.36,28.75,28.8,26.83,31.98,29.08,29.95
31.68,27.3,28.4,28.99,31.52,31.24,29.99,28.9,29.88,29.32,32.96,29.25,28.69,27.5,32.72,24.46,29.55
29.88,30.91,30.37,26.54,29,33.02,34.32,24.17,29.83,26.81,28.86,27.15,27.73,31.88,29.11,27.26,29.18
34.58,28.79,31.1,30.25,28.95,29.95,30.84,28.25,28.08,31.22,28.21,27.38,28.2,28.79,29.34,27.77,29.48
30.74,30.77,31.14,32.11,29.86,27.65,29.71,30.4,35.12,30.41,27.18,30.35,28.99,31.68,30.4,27.77,30.27
31.42,29.52,31.44,25.25,26.69,28.54,31.27,30.05,34.02,33.03,29.71,25.27,31.3,27.14,31.61,29.59,29.74
30.84,28.29,29.38,28.9,27.15,26.04,31.48,31.12,27.59,30.27,31.89,28.77,28.38,29.96,28.54,28.46,29.19
28.14,29.3,29.76,30.23,25.56,27.88,32.18,30.27,26.88,29.96,32,29.31,30.03,28.99,28.88,29.43,29.3
32.28,31.34,30.69,30.17,28.67,29.36,31.68,30.08,27.31,29.42,27.25,30.04,34.17,30.29,32.81,32.44,30.5
24.64,28.74,28.4,30.17,28.58,30.52,29.96,28.18,29.72,30.22,33,30.88,29.27,29.21,28.55,30.36,29.4
29.78,26.63,35.27,30.21,32.11,30.33,28.14,31.44,32.15,29.45,29.43,32.15,31.56,31.36,29.31,28.11,30.46
26.98,31.9,33.74,33.37,30.16,30.79,29.33,30.36,31.62,29.15,29.93,30.85,29.53,31.23,31.52,26.63,30.44
29.44,28.29,25.57,30.5,28.52,32.48,27.41,28.77,25.05,29.16,31.5,29.25,32.41,31.55,31.49,27.58,29.31
30.68,26.9,30.82,30.58,29.94,30.2,29.61,26.71,32.54,31.18,29,30.85,29.45,28.6,29.89,33.15,30.01
29.02,27.08,32.75,29.96,31.32,27.33,34.4,30.24,31.15,31.64,29.64,33.48,29.13,29.37,31.01,32.18,30.61
31.74,27.52,24.83,28.72,29.64,30.11,31.59,31.36,28.66,31.22,32.89,26.73,30.67,29.86,29.68,31.22,29.78
28.9,30.08,27.18,27.59,30.43,29.08,33.44,31.9,28.88,26.81,30.43,28.83,26.46,33.21,29.5,27.67,29.4
29.86,29.28,26.11,31.91,30.16,28.69,30.18,32.96,27.55,28.08,30.07,33.29,28.08,29.36,30.44,33.52,29.97
28.62,33.54,31.35,32.26,30.92,29.36,29.73,27.52,32.06,32.36,31.89,28.31,28.7,27.83,29.61,26.69,30.05
25.88,29.07,31.01,30.48,32.3,29.65,30.48,33.3,28.6,32.93,27,26.67,32.48,31.05,26.51,33.93,30.08
31.9,30.49,31.63,30.02,34.53,32.94,28.67,27.83,28.68,30.25,28.54,30.94,26.04,28.87,27.44,33.57,30.15
29.74,23.74,26.21,29.54,28.69,31.83,28.46,30.56,30.88,32.04,31.25,32.96,31.58,29.3,28.35,25.39,29.41
29.06,30.96,33.29,32.09,33.99,27.42,28.61,31.67,27.26,26.5,28.93,31.5,31.55,30.46,31.71,30.32,30.33
31.52,33.26,28.89,26.31,30.87,31.15,30.67,31.21,25.12,32.45,30.14,29.92,28.48,26.2,29.89,27.41,29.59
30.38,30.17,29.54,29.71,29.74,27.69,25.33,30.42,33.96,30.99,31.82,27.94,31.53,31.11,29.54,28.51,29.9
31.24,33.17,28.27,29.09,31.53,31.36,28.94,31.12,30.26,32.22,31.14,27.88,33.08,32.81,29.65,29.57,30.71
33.98,33.08,28.65,30.12,30.44,28.89,31.85,31.27,31.78,34.18,33.68,32.02,27.4,31.3,32.7,27.76,31.19
28.44,30.09,28.35,29.46,28.49,28.79,28.08,32.14,32.02,30.29,23.89,31.85,28.89,29.29,27.67,33.26,29.44
31,33.61,28.89,32.44,31.34,30.68,33.37,30.11,32.44,32.61,29.57,29.1,31.71,32.4,31.21,32.05,31.41
29.5,32.23,28.44,29.62,31,30.61,29.04,25.64,32.22,27.73,27.82,31.02,30.89,29.17,29.21,29.47,29.6
25.56,30.66,26.65,31.99,28.15,29.5,30.43,35.35,27.72,29.83,29.93,27.04,36.4,31.76,32.54,32.65,30.38
28.74,31.89,31.7,30.84,27.84,28.67,26.16,31.8,27.51,30.89,28.54,30,28.95,29.43,28.7,26.84,29.28
32.98,34.19,31.57,24.63,33.21,31.94,30.36,32.33,27.79,27.79,31.43,28.06,29.9,28.31,32.5,34.83,30.74
29.86,31.87,28.96,27.65,29.6,30.44,30.74,30.37,28.9,31.46,32.89,31.9,29.95,27.99,25.17,26.89,29.67
31.98,32.44,31.81,30.66,32.37,29.94,35.57,30.39,27.02,31.82,30.86,30.1,30.97,32.64,28.75,27.57,30.93
30.54,24.6,29.44,30.66,33.41,31.99,29.67,32.13,27.29,30.94,36.43,27.15,31.69,29.06,29.71,29.36,30.25
32.5,31.3,27.87,26.63,31.17,33.18,27.82,31.95,30.58,29.51,30.71,30.73,31.84,28.4,29.01,32.43,30.35
29.26,30.09,32.92,29.5,31.55,31.51,26.24,28.54,33.48,29.8,29.04,31.83,29.86,32.21,36.13,29.56,30.72
29.98,29.44,31.1,30.65,32.16,31.46,31.46,30.12,32.72,26.78,29.39,27.19,32.58,30.35,32.91,30.72,30.56
32.44,29.72,27.89,28.84,29.74,27.46,29.42,29.93,27.86,30.25,29.54,34.58,28.6,29.06,27.64,30.71,29.61
29.36,34.37,31.07,29.39,30.07,25.48,27.67,27.04,29.91,30.26,29.14,32.73,29.68,32.93,32.04,32.76,30.24
30.02,29.09,29.67,29.53,29.96,31.98,29.46,28.99,30.7,30.74,33.11,28.42,30.06,31.49,31.54,28.08,30.18
30.66,35.08,30.6,29.33,25.78,31.9,26.59,30.75,28.54,28.46,28.64,29,27.63,27.83,28.34,29.72,29.3
26.22,30.38,31.18,27.65,24.06,26.37,30.32,29.82,32.28,30.45,32.86,30.17,30.64,28.25,29.18,32.76,29.54
28.18,31.48,28.32,30.56,26.99,28.87,32.21,29.79,32.17,30.03,31.89,28.65,29.59,31.85,28.29,30.4,29.95
34.42,29.38,30.68,31.97,29.07,31.51,29.93,29.45,30.05,30.47,32.96,33.02,35.72,26.12,32.02,32.69,31.22
31.5,33.37,28.87,31.82,31.81,27.48,32.31,27.38,31.58,32.88,27.11,29.31,29.72,32.49,30.4,28.56,30.41
31.24,32.79,30.82,31.39,30.01,28.04,32.08,29.75,28,31.63,29.29,25.46,32.6,28.65,27.42,28.63,29.86
29.16,27.1,32.51,31.19,29.88,28.32,26.72,30.07,30.8,33.41,27.64,32.15,30.43,30.43,26.96,32.7,29.97
33.6,28.1,30.85,28.95,29.31,32.7,29.99,29.3,30.99,26.61,29.93,28.21,30.45,29.27,30.34,30.18,29.92
29.52,31.04,28.5,34.2,29.38,32.86,30.42,29.76,28.7,29.83,31.71,29.12,30.88,32.58,27.62,29.28,30.34
29.26,28.22,29.06,24.96,31.17,31.3,32.06,30.48,31.21,26.21,29.93,34.31,31.15,30.2,31.42,30.4,30.08
31.96,32.84,31.68,27.25,36.06,30.63,28.69,28.76,31.38,29.1,33.39,32.48,32.7,29.81,29.27,27.92,30.87
29.28,28.46,33.3,31.06,29.9,30.2,26.68,31.43,31.95,26.95,26.39,33.54,34.66,32.62,29.88,31.24,30.47
24.96,30.79,27.89,30.52,30.94,34.26,29.56,33.04,29.99,28.48,28.54,27.31,29.75,30.26,30.59,28.16,29.69
29.6,28.52,29.51,29.33,27.8,31.08,29.26,32.54,29.01,28.78,32.46,30.92,32.15,31.35,30.92,29.46,30.17
29.36,23.14,34.24,31.2,28.22,30.57,32.01,31.44,27.86,31.89,29.93,28.46,31.61,28.32,30.31,33.68,30.14
29.5,26.96,34.18,30.21,27.44,30.92,26,32.75,29.6,32.22,32.46,31.96,27.87,32.94,28,28.39,30.09
32.4,29.9,34.27,31.56,31.11,32.61,32.47,25.8,25.82,27.78,30.29,28.67,26.22,27.23,23.53,27.1,29.17
27.76,35.17,29.43,32.79,30.94,29.12,35.18,28.64,29.9,32.42,28.96,29.15,31.66,32.51,23.66,26.21,30.22
32.68,29.02,27.23,32.22,29.75,34.17,30.1,27.33,31.28,28.9,28.39,29.56,31.25,32.27,31.2,25.27,30.04
30.06,26.78,28.02,27.84,25.91,31.31,32.22,28.05,30.36,26.77,29.61,31.44,30.19,31.88,27.28,30.53,29.26
29.92,29.91,29.35,28.98,31.11,24.26,26.01,27.04,35.01,28.33,31.57,32.25,25.69,33.01,30.68,31.24,29.65
29.38,33.56,34.45,30.31,30.22,30.19,31.17,31.17,29.68,32.74,30.61,28.48,30.22,30.61,28.21,27.36,30.52
27.66,30.31,29.77,30.07,32.87,31.65,28.84,28.48,30.11,28.07,32.54,28.62,31.52,30.9,28.73,29.83,30
33.34,30.74,31.08,29.05,31.53,30.52,27.88,30.9,27.42,27.66,32.54,29.04,28.98,25.83,31.56,31.13,29.95
33.36,28.07,31.85,28.02,36.56,30.8,28.95,28.99,27.17,31.4,26.61,28.98,29.07,30.85,33,30.22,30.24
28.94,32.53,30.54,26.87,29.33,30.08,34.48,27.99,28.82,30.27,29.96,27.4,32.42,29.15,29.44,27.38,29.73
25.06,27.43,30.31,27.93,31.66,32.07,30.17,26.35,29.41,32.06,29.32,28.06,25.95,32.26,26.08,31.06,29.07
28.42,30.54,29.08,33.17,28.17,32.07,30.57,28.55,26.82,33.78,29.57,28.77,31.73,27.98,28,29.72,29.81
33.34,27.27,33.75,33.58,33,30.14,27.4,28.48,26.52,30.06,26.29,27.85,25.47,28.35,27.21,29.37,29.25
30.54,24.91,33.76,27.89,30.69,30.89,31.87,29.2,33,34.83,29.89,24.98,29.6,30.01,31.09,28.65,30.11
26.36,32.02,32.88,28.35,30.4,30.86,30.93,31.87,29.18,29.08,29.64,31.19,27.21,31.67,29.2,30.83,30.1
32.28,29.58,27.31,29.99,30.61,29.98,28.35,31.86,29.89,31.29,30.96,27.94,30.67,29.48,33.89,28.84,30.18
29.32,30.16,28.86,30.35,28.92,29.25,32.44,29.99,30.68,28.86,32.46,29,32.83,26.6,27.86,26.56,29.63
30.32,30.46,28.93,33.21,28.8,28,28.66,27.57,29.32,31.29,28.57,30.62,34.15,31.71,29.62,25.24,29.78
26.84,34.61,32.99,26.85,34.14,32.88,33.93,35.25,31.62,26.74,30.43,30.25,30.27,33.15,31.08,25.96,31.06
29.7,33.21,27.61,29.52,27.9,31.7,30.18,28.89,30.34,29.06,34.36,30.17,29.21,29.44,27.72,27.98,29.81
27.9,30.7,31.89,29.11,25.74,26.32,30.2,28.69,31.85,28.15,31.75,27.48,30.85,30.99,30.28,28.68,29.41
30.48,33.67,31.23,29.83,29.19,31.39,30.17,27.13,31.78,31.4,28.64,27.73,27.75,32.31,29.94,32.07,30.29
26.8,28.81,27.2,31.89,26.2,31.58,29.25,29.39,26.64,30.64,28.29,33.12,33.09,28.7,26.89,25.82,29.02
29.22,29.51,31.29,31.13,32.39,29.6,32.68,28.95,30.76,31.64,25.14,32.38,31.25,29.49,31.5,32.83,30.61
31.3,29.58,30.19,32.58,30.56,31.98,28.92,27.77,30.7,30.03,33.96,26.54,30.42,27.12,28.1,28.34,29.88
26.96,31.09,29.4,29.25,32.88,33.31,31.34,30.52,28.28,28.97,35.79,31.9,29.66,29.39,27.47,33.59,30.61
27.42,27.94,30.64,30.66,31.04,31.92,31.92,29.64,27.27,31.53,30.18,28.94,30.72,31.17,33.58,31.37,30.37
30.06,30.96,29.92,26.83,27.89,24.62,31.41,31.29,25.72,27.25,30.86,29.48,29.7,28.93,28.59,29.33,28.93
29.5,29.33,27.26,31.48,29.48,28.25,30.59,30.45,30.12,27.92,29.11,30.04,30.43,28.2,31.86,29,29.56
31.38,27.36,30.15,30.89,30.57,32.17,25.12,26.75,30.52,31.17,30.68,29.52,28.37,30.96,33.12,25.95,29.67
30.84,29.58,30.14,29.47,29.44,33.21,26.18,27.1,29.05,32.49,28.86,31.58,29.4,33.29,33.68,27.01,30.08
34.48,28.29,32.24,30.55,32.18,29.02,31.19,28.05,27.19,27.45,31.5,30.54,30.99,30.26,27.79,28.66,30.02
31.16,32.13,30.01,29.24,29.56,34.98,30.1,28.65,29.46,27.45,27.36,28.1,27.64,31.92,34.43,29.29,30.09
27.02,29.81,32.37,27.56,29.51,26.61,30.84,32.58,30.14,32.86,26.57,30.06,33.06,32.04,25.33,30.13,29.78
29.02,27.41,27.05,30.69,28.73,27.65,30.16,32.7,32.43,27.68,26.29,32.19,28.17,33.27,30.58,28.19,29.51
31.64,29.77,31.99,31.93,32.1,30.55,31.84,24.39,33.59,28.76,27.04,32.6,33.74,34.86,32.88,26.59,30.89
33.02,31.11,27.98,29.69,32.92,29.51,27.85,25.93,27.35,30.12,32.18,29.17,28.4,30.51,27.82,28.78,29.52
24.44,30.52,27.6,32.08,32.98,29.86,28.12,32.21,29.48,31.03,30.32,35.1,30.2,31.55,31.38,31.7,30.54
28.72,34.09,28.33,35.04,31.34,26.11,28.39,30.96,29.15,27.82,25.46,34.71,30.09,29.14,26.41,33.66,29.96
26.66,31.49,30.43,33.94,31.51,25.13,28.45,31.38,34.43,30.05,30.29,33.12,29.61,33.42,27.59,27.37,30.3
28.08,27.41,29.25,31.03,32.59,29.89,27.75,29.7,32.07,28.7,28.36,31.77,33.12,32.37,32.16,32.85,30.45
27.98,27.51,33.98,30.31,26.08,29.9,27.52,36.82,26.89,27.95,29.61,26.48,29.22,29.14,26.68,29.56,29.1
30.9,27.42,31.37,31.88,32.51,27.93,30.06,27.99,30.38,33.71,29.75,30.9,30.31,26.55,26.7,30.04,29.9
27.12,27.01,32.65,26.08,28.12,30.68,32.62,29.83,33.64,32.59,29.93,29.73,30.01,28.17,27.89,27.61,29.61
29.16,31.43,31.85,32.23,28.41,30.26,29.48,24.6,29.97,32.28,28.29,30.71,27.55,33.45,32.22,30.47,30.15
27.14,30.24,32.26,28.91,31.27,26.96,24.99,31.69,32.14,28.19,31.32,32.65,32.08,28.55,26.63,27.56,29.54
30,30.13,34.57,33.09,28.62,30.9,33.05,30.11,30.99,31.72,29.61,33.6,27.79,32.11,31.49,30.48,31.14
28.66,26.39,29.8,28.04,29.4,33.38,28.92,28.15,30.19,26.02,33.32,29.23,29.14,31.69,26.06,25.42,28.99
31.28,28.61,29.67,30.62,29.73,29.39,31.23,29,30.9,30.6,28.07,30.5,26.99,30.96,30.24,29.77,29.85
28.96,31.89,29.94,30.76,31.64,28.86,29.46,28.79,26.78,30.76,29.82,24.6,26.05,31.58,32.76,32.59,29.7
25.1,26.14,26.48,28.33,27.52,29.96,32.16,30.93,28.24,28.87,33.25,33.96,22.63,29.83,30.31,30.19,29
31.76,27.54,31.2,30.32,32.04,27.76,29.78,32.05,27.4,27.69,29.68,26.02,33.45,26.36,26.96,31.83,29.49
29.6,31.84,31.61,27.63,29.44,25.69,29.48,32.94,30.46,29.83,31.57,33.79,29.09,27.51,32.33,28.5,30.08
30.22,30.76,31.01,32.31,31.68,29.12,29.77,30.52,30.36,30.05,29.11,25.94,30.65,30.38,31.83,29.14,30.18
29.58,33.09,34.83,31.3,29.72,34.99,31.19,29.17,30.86,28.1,28.89,30.73,29.88,34.02,33.15,30.03,31.22
29.58,31.13,30.65,30.24,32.49,33.25,24.14,30.24,32.07,31.06,27.64,29.77,30.4,31.54,29.32,31.94,30.34
31.84,32.01,28.88,29.65,27.13,27.82,32.42,25.56,27.24,31.61,27.93,28.71,29.21,30.79,34.34,34.02,29.95
29.86,29.88,29.74,32.48,29.15,26.57,28.41,29.12,31.94,29.32,30.93,32.77,32.5,27.68,34.43,32.52,30.46
29.92,29.07,27.24,29.56,32.72,29.38,27.74,28.33,27.85,29.65,25.96,31.75,29.22,32,31.08,29.34,29.43
28.3,32.92,29.89,30.45,31.06,30.11,34.11,33.68,30.69,31.71,30.79,28.88,29.52,32.56,29.28,28.01,30.75
30.38,31.62,29.57,31.1,32.37,33.2,27.04,31.21,29.7,23.28,28.46,32.25,31.57,29.96,29.32,29.17,30.01
28.84,30.47,29.13,32.68,27.96,29.01,34.43,28.9,28.41,29.6,30.71,29.96,30.68,29.92,25,29.08,29.67
31.64,31.64,34.36,30.26,30.73,30.52,28.27,28.68,29.82,31.61,29.04,30.1,26.69,32.05,29.65,31.89,30.43
27.92,32.39,29.62,33.22,29.99,29.8,28.54,33.49,30.48,29.5,31.43,27.65,31.8,29.12,32.16,29.83,30.43
31.92,31.23,31.65,32.36,29.3,31.18,31.17,32.19,28.95,31.44,31.14,30.81,28.7,29.29,29.03,29.27,30.6
30.64,26.8,33.94,31.95,32.28,31.45,32.01,28.52,33.46,29.96,30.75,29.6,29.21,33.18,28.49,29.14,30.71
28.58,28.71,29.52,29.32,36.79,31.11,32.76,30.89,32.52,31.63,32.64,29.85,28.31,31.62,31.71,30.53,31.03
29.18,31,30.13,29.26,31.83,28.38,29.93,29.29,35.35,30.64,29.89,29.27,27.97,27.21,30.23,29.53,29.94
32.28,27.36,31.96,29.95,27.99,29.25,31.28,33.45,31.88,29.93,33.57,26,27.87,28.81,33.53,26.42,30.1
28.04,28.43,28.54,30.18,31.35,28.65,31.14,34.69,29.89,31.69,27.25,31.9,26.57,30.58,30.52,29.12,29.91
26.6,31.28,32.12,29.49,30.12,32.96,28.37,33.19,30.6,32.28,29.96,33.12,32.18,32.64,33.28,29.97,31.14
30.7,27.06,29.88,33.63,29.04,32.07,32.86,30.23,26.18,31.14,33.57,32.23,28.78,27.76,28.08,31.25,30.28
28.16,28.83,30.55,28.41,28.1,28.1,28.97,32.71,30.34,29.68,30.36,28.46,31.1,27.24,30.81,29.2,29.44
28.54,30.76,27.58,31.92,32.99,31.79,30.21,27.23,25.67,27.6,30.39,27.19,36.79,30.87,31.86,27.08,29.9
30.36,24.98,29.3,29.57,26.16,30.3,30.72,28.62,32.04,31.39,30.89,29.5,29.45,31.46,30.21,29.75,29.67
32.84,29.54,31.85,34.46,28.47,27.77,33.45,28.93,32.52,29.71,33.68,31.35,26.74,31.11,27.46,27.18,30.44
24.64,29.13,29.86,30.24,31.66,32.38,27.83,27.5,29.96,30.45,24.43,31.54,30.07,27.24,31.55,32.99,29.47
28.34,32.02,28.45,27.11,29.14,28.1,27.71,26.86,34.36,30.62,28.5,26.17,32.52,28.96,33.09,28.85,29.42
28.1,31.03,30.56,29.17,25.59,31.49,30.46,32.44,27.45,29.31,33.18,31.96,33.08,30.39,32.72,28.78,30.36
34.36,32.26,30.02,28.15,32.49,35.02,26.58,29.56,30.54,32.55,26.82,32.19,30.56,30.49,33.08,28.23,30.81
28.78,30.26,30.18,30.36,30.75,29.74,26.4,33.55,33.3,32.11,28.79,31.46,30.95,30.46,28.55,28.47,30.26
34.06,29.24,26.37,27.87,31.48,28.69,26.22,31.45,28.78,28.25,33.39,28.15,31.93,30.94,33.05,28.62,29.91
30.56,25.3,31.89,27.05,30.54,26.92,29.61,31.61,28.16,33.06,26.93,31.73,32.57,30.21,30.34,31.99,29.9
26.5,26.73,26.25,30.31,29.01,30.74,27.71,26.79,31.06,29.21,28.93,29.9,30,34.44,31.65,29.44,29.29
29.08,27.69,31.08,29.17,30.9,27.82,30.06,32.43,29.42,28.72,30.39,29.77,29.22,29.56,27.41,30.51,29.58
27.22,30.29,31.92,30.55,33.91,27.42,31.9,29.93,31.58,26.81,31.32,32.15,33.23,33.89,28.72,29.26,30.63
30.98,29.33,28.82,26.95,28.92,26.1,32.89,31.08,30.39,30.08,24.46,30.62,28.4,27.21,27.83,31.44,29.09
27.3,30.69,28.61,28.99,30.94,26.67,30.08,30.88,33.09,30.99,26.82,31.46,29.66,28.6,36.02,32.36,30.2
30.76,30.48,32.57,29.05,32.13,28.93,29.02,29.21,27.65,26.49,28.21,29,26.83,29.74,30.39,32.54,29.56
31.76,31.88,25.31,34.07,30.22,28.69,31.22,34.57,29.75,29.87,27.39,30.15,30.24,29.63,31.47,34.06,30.64
31.62,30.61,27.19,26.73,31.49,33.85,30.09,28.51,28.95,29.48,31.5,31.71,28.52,28.13,27.54,33.1,29.94
30.66,32.06,32.52,32.06,31.97,32.95,33.31,32.19,29.08,34.43,32.79,31.42,28.3,31.73,30.76,28.34,31.54
28,33.32,30.89,27.79,24.43,31.04,31.17,30.06,29.53,29.76,34.5,28.69,28.93,31.93,26.83,30.98,29.86
28.7,33.57,29.15,28.72,27.51,27.62,28.81,28.64,31.14,31.18,27.36,29.06,29.1,28.75,28.18,31.39,29.3
28.8,25.66,27.65,31.03,28.94,30.42,28.82,30.48,30.58,28.2,28.64,27.83,27.59,24.25,29.9,30.16,28.68
30.78,33.37,29.58,33.66,26.79,31.74,30.53,31.65,27.6,29.19,32.61,29.67,28.89,30.61,26.24,31.06,30.25
30.34,28.64,30.35,32.04,31.88,30.1,31.28,27.46,31.93,28.33,29.04,28.15,31.38,35.14,29.56,30.52,30.38
32.56,33.84,30.51,30.52,30.45,26.37,33.38,28.57,25.86,29.02,27.64,31.65,30.51,31.42,28.38,32.6,30.21
32.8,28.51,31.58,30.25,28.87,33.5,28.08,26.12,30.78,28.67,33.64,30.4,30.2,30.17,35.77,36.21,30.97
30.32,34.71,30.24,30.14,31.21,28.73,26.4,31.11,31.62,27.98,32.64,27.81,31.36,28.89,29.15,31.41,30.23
25.28,30.81,28.51,28.24,31.87,26.95,30.66,27.29,25.7,31.4,32.39,32.44,31.34,31.69,26.94,29.05,29.41
32.12,31.21,29.94,28.25,28.79,29.08,28.36,33.54,26.42,30.44,29.86,32.9,30.05,29.98,32.36,32.82,30.38
30.54,31.16,25.82,29.04,27.16,31.13,32.64,29.62,34.24,31.46,26.57,29.42,32.82,28.64,31.45,27.77,29.97
29.04,31.04,29.14,30.3,28.78,28.13,30.56,30.8,27.39,30.31,29.64,25.83,30.82,32.7,31.4,30.28,29.76
32.2,33.7,28.06,31.33,25.42,27.9,33.36,33.01,30.68,32.34,33.07,29.92,24.84,30.44,26.22,29.79,30.14
31.56,29.14,27.14,30.24,29.79,26.67,25.69,32.33,32.12,25.18,28.43,27.92,32.12,30.35,26.65,33.85,29.32
29.46,28.57,29.93,32.51,33.54,25.73,35.09,30.81,26.17,29.2,33.04,32.25,30.84,31.35,29.24,32.18,30.62
29.02,31.4,31.39,32.64,29.21,27.7,29.1,30.33,30.72,31.71,29.11,30.83,30.14,31.82,28.69,31.41,30.33
26.84,30.82,30.4,31.5,29.53,26.77,27.6,32.26,27.42,30.7,30.21,29.33,30.37,31.86,30.3,31.32,29.83
28.38,33.13,33.01,27.38,32.52,33.39,30.44,31.38,33.9,30.65,25.86,31.88,27.4,28.61,29.92,33.14,30.69
30.36,30.66,28.15,28.68,30.47,29.95,28.82,27.86,31.22,30.3,27.14,34.25,25.72,28.76,34.4,27.16,29.62
32.68,30.99,29.96,30.36,29.98,28.82,28.01,28.65,30.68,31.42,31.04,28.85,23.85,30.58,26.82,28.36,29.44
26.94,25.84,29.25,30.1,24.5,31.13,32.59,32.76,31.57,31.29,30.89,31.96,28.83,30.63,32.56,28.36,29.95
29,28.69,30.37,28.64,29.76,30.94,31.24,33,31.55,26.78,24.89,28.96,29.95,26.7,24.93,30.79,29.14
28.08,28.39,30.74,28.59,28.33,30.37,32.63,30.08,26.97,29.04,32.25,31.81,29.61,30.36,25.97,29.88,29.57
22.02,28.11,27.64,32.03,30.64,30.4,29.24,29.42,28.48,30.5,30.07,29.62,32.1,31.62,27.85,31.7,29.47
30.64,28.94,32.98,27.2,29.29,29.31,28.48,31.32,29.98,31.05,30.04,30.62,30.38,26.26,25.16,26.96,29.29
30.16,32.07,31.43,33.21,28.94,31.67,31.26,30.98,34.98,27.12,27.82,29.54,32.69,26.95,34.12,30.47,30.84
32.12,28.12,27.96,28.07,29.66,30.87,28.05,33.17,32.28,26.83,31.32,29.38,32.94,28.05,29.56,35.39,30.23
29.24,25.14,28.02,30.74,25.66,29.23,32.71,29.42,31.78,31.01,29.36,31.83,28.84,28.07,25.8,32.97,29.36
26.68,30.84,29.27,30.53,29.67,30.69,28.91,32.18,27.88,29.23,31.96,27.71,30.48,27.88,29.92,30.27,29.63
33.24,32.01,30.69,34.58,31.71,33.32,28.88,29.33,30.42,29.9,27.25,30.67,30.65,31.32,31.42,30.11,30.97
29.12,24.62,27.74,29.37,28.42,28.01,28.89,30.44,30,33.48,28.57,30.69,29.95,30.33,31.61,30.03,29.45
26.52,34.11,28.67,28.52,29.78,29.49,31.28,26.32,31.22,26.64,33.36,31.17,31.39,33.83,32.45,27.34,30.13
29.76,33.48,33.38,29.73,32.48,33.4,33.74,29.23,29.04,30.83,27,30.04,30.5,32.49,31.61,26.48,30.82
32.98,34.08,27.08,31.42,30.63,31.6,29.74,27.61,28.48,30.07,34.07,28.52,29.58,29.75,31.02,27.46,30.25
28.8,32.11,33.83,28.62,30.52,27.8,32.95,30.76,31.73,29.71,33.96,32.4,30.11,28,28.81,28.31,30.53
30.26,33.83,31.82,30.43,28.46,26.42,30.48,29.37,28.49,30.94,31.61,27.29,30.33,27.6,31.5,28.18,29.81
29.62,27.02,32.01,28.8,32.89,27.54,36.12,25.99,31.98,29.03,29.07,32.46,27.12,29.79,27.92,30.62,29.87
31.46,31.74,29.21,29.9,32.09,28.9,26.77,27.38,31.52,29.69,33.36,28.92,32.18,30.12,33.38,32.99,30.6
34.5,32.84,34.62,26.82,30.61,31.93,35.46,30.13,29.62,29.83,31.32,25.42,31.78,29.46,33.62,27.02,30.94
32.18,33.16,30.7,32.16,26.37,31.11,31.39,31.13,28.39,30.58,31.32,31.33,30.64,26.67,31.42,30.6,30.57
25.46,30.31,30.96,29.77,30.34,26.64,32.32,26.36,23.48,30.46,29.39,33.42,30.2,30.21,27.25,29.91,29.16
26.94,35.98,29.87,28.28,29.83,32.67,31.59,31.35,30.66,31.44,32.86,32.54,29.4,29.79,31.49,28.03,30.79
28.86,33.92,28.87,30.68,30.26,28.04,32.39,30.65,32.86,31.97,29.89,32.5,26.73,33.23,26.54,28.86,30.39
31.62,31.32,28.64,30.04,27.32,26.79,34.08,31.98,29.59,29.77,29.64,31.21,31.31,30.64,32.78,35.42,30.76
27.92,27.73,29.32,29.47,33.03,26.4,29.36,29.67,29.58,31.69,29.29,34.33,31.88,27.3,32.51,27.81,29.83
31.64,30.81,28.81,28.6,29.81,32.07,28.82,26.58,32.55,29.69,29.64,30.56,29.08,30.74,30.69,30.87,30.06
33.26,26.54,30.12,28.94,29.37,30.3,28.1,29.9,29.25,30.34,31.93,26.73,32.28,29.36,26.51,28.05,29.44
35.32,27.84,31.89,29.3,32.22,32.42,30.95,26.18,31.63,29.44,32.07,29.56,33.87,33.23,29.71,30.94,31.04
27.2,27.57,33.57,29.14,29.51,30.52,30.88,30.83,31.42,32.67,31.61,31.94,28.97,25.35,30.03,28.49,29.98
30.8,28.86,32.69,29.77,34.95,31.33,30.99,31.24,28.84,31.49,34.54,29.5,32.75,31.12,28.64,31.04,31.16
32.4,31.46,29.39,29.79,29,26.33,29.83,29.35,28.69,28.7,25.14,30.35,29.66,28.51,29.94,33.34,29.49
34.2,30.1,32.25,32.07,28.56,28.63,30.95,27.71,29.75,31.47,30.46,31.31,24.95,32.26,29.68,28.12,30.15
31.3,30.13,26.01,28.72,29.95,33.69,31.35,28.52,29.6,34.45,28.14,31.1,29.54,30,32.94,30.83,30.39
30.12,33.24,31.79,28.68,27.81,26.87,33.25,29.5,33.32,32.96,27.39,30.19,29.4,30.63,30.99,28.56,30.29
29.12,27.36,32.15,28.51,28.54,28.77,27.75,30.87,32.7,28.77,29.75,30.67,30.11,29.82,30.42,31.53,29.8
31.06,31.71,30.64,30.38,27.86,33.38,29.04,29.51,29.56,28.98,31,27.58,26.72,27.39,29.03,29.6,29.59
30.78,28.11,26.7,32.02,31.16,26.25,32.13,26.52,30.31,26.05,28.21,28.96,31.82,25.6,27.79,28.14,28.78
29.22,32.34,29.77,31.28,28.94,26.83,28.22,29.3,27.76,29.37,29.79,31.6,32.09,31.93,30.04,30.24,29.92
31.16,33.6,24.63,28.35,33.46,32.55,28.82,28.79,32.68,32.18,28.61,34.65,28.39,30.65,28.93,29.83,30.45
31.7,33.71,33.17,27.93,32.22,26.87,26.44,29.61,31.55,29.87,29.93,29.25,26.24,28.42,30.18,30.71,29.86
29.8,31.29,29.25,31.8,29.06,29.18,29.91,27.76,28.93,27.74,35.36,27.08,31.67,32.14,29.57,28.82,29.96
31.5,35.07,26.27,29.81,28.82,27.39,30.04,27.29,31.91,29.39,31.36,27.08,31.29,30.2,36.77,31.95,30.38
27.44,33.3,27.89,32.44,34.53,27.82,31.55,29.37,26.81,28.04,34.89,34.88,33.08,28.95,32.89,30.16,30.88
27.24,26.16,25.79,26.26,26.82,30.43,28.66,30.26,26.11,30.98,28.5,25.58,28.43,28.79,25.07,27.84,27.68
26.52,33.89,28.99,32.04,30.22,30.48,28.27,27.39,26.32,31.7,29.75,28.58,25.1,31.67,28.74,33.81,29.59
30.32,30.59,30.3,28.01,29.56,27.32,29.62,30.51,30.76,29.64,26.11,29.25,33.37,29.27,28.64,32.93,29.76
28.52,33.23,29.43,28.94,28.05,29.87,30.21,31.8,27.32,30,30.61,34.67,29.8,30.14,28.91,28.26,29.98
26.46,31.82,33.48,29.94,30.93,24.92,31.69,33.86,34.97,29.8,26.18,28.88,29.47,31.4,32.62,29.79,30.39
31.08,29.61,30.9,30.26,32.94,31.12,31.1,25.77,31.76,28.23,29.79,27.21,27.29,31.04,29.63,31.23,29.93
27.48,27.11,28.35,28.31,31.63,27.26,30.98,31.48,32.47,31.06,33.86,28.23,30.6,30.98,26.23,26.97,29.56
32.36,31.18,27.45,31.88,31.29,31.99,31.17,29.45,32.73,26.37,28.96,28.23,31.49,32.43,29.61,31.39,30.5
29.2,31.16,27.82,29.74,33.23,32.3,32.15,26,27.09,30.22,27.29,31.52,26.93,28.99,28.68,31.02,29.58
30.12,33.93,29.18,28.51,30.91,28.23,30.66,27.94,30.41,32.02,30.39,28.79,28,27.52,26.8,29.04,29.53
30.66,34.28,27.82,31.36,32.31,31.07,27.92,33.02,30.91,29.08,27.79,26.65,31.82,28.29,26.38,27.68,29.81
29.72,25.92,31.11,30.33,31.33,27.88,29.07,28.63,30.49,33.61,31.25,29.21,28.94,33.07,29.91,27.43,29.87
29.6,30.04,32.1,28.88,29.25,27.76,26.45,31.92,28.35,30.8,34.32,31.71,30.08,27.5,28.34,32.34,29.96
29.46,27.71,29.36,29.17,28.33,30.88,28.58,33.48,33.62,29.4,27.71,29.56,34.95,27.75,27.66,30.06,29.85
31.88,29.29,28.38,30.14,26.35,31.75,27.85,30.58,32.32,28.83,27.86,32.98,24.57,29.48,25.66,30.67,29.29
32.16,27.91,28.61,30.6,31.09,30.33,27.06,25.25,27.64,29.81,32.43,34.23,33.22,27.44,31.06,28.52,29.84
27.52,28.34,30.88,29.89,27.46,27.79,29.1,24.6,29.41,29.01,29.54,31.42,27.08,28.43,27.03,26.57,28.38
32.4,30.09,33.49,31.03,28.69,32.83,32.2,31.77,30.12,31.63,27.36,35.9,30.9,30.85,29.24,29.4,31.12
26.74,28.38,32.36,31.02,32.69,31.61,32.34,27.46,29.01,27.87,34.21,32.06,28.12,35.15,32.03,28.91,30.62
32.98,31.57,28.58,26.88,25.07,29.96,30.32,33.04,33.54,32.6,28.96,30.02,30.24,27.71,32.82,28.09,30.15
32.88,29.32,29.1,29.79,29.27,24.83,30.47,30.52,28.48,30.6,30.86,30.42,32.67,33.12,31.56,32.88,30.42
29.4,28.98,30.67,29.76,27.71,25.29,32.59,27.02,25.36,30.51,28.11,30.23,30.73,29.63,28.62,32.03,29.16
29.92,32.88,31.25,29.09,26.93,32.2,28.51,32.05,28.3,30.4,28.93,29.73,33.58,30.96,33.51,30.8,30.57
29.16,27.11,28.24,29.05,30.05,31.11,26.7,29.99,30.08,27.93,28.82,27.71,30.38,28.99,32.78,34.77,29.55
31.42,30.73,31.08,30.17,28.52,29.71,33.49,28.64,27.27,27.43,28.36,30.17,34.28,31.42,27.64,31.11,30.09
28.58,30.48,28.71,33.21,31.62,25.11,28.58,28.86,29.06,27.28,27.5,32.88,31.08,24.57,28.36,32.11,29.25
30.6,30.76,32.38,30.41,31.2,30.69,32.97,29.1,27.27,29.13,30.75,27.73,30.26,28.64,33,31.64,30.41
23.34,29.51,28.18,31.32,30.34,29.77,32.32,30.15,28.28,31.46,28.93,32.27,32.97,32.13,29.05,28.11,29.88
31.96,31.12,27,32.03,30.21,30.49,28.19,29.42,28.52,33.21,28.36,25.15,32.72,27.61,28.09,25.8,29.37
30.32,27.79,25.7,29.69,31.38,29.96,30.84,28.45,30.25,27.8,31.46,31.06,29.81,34,28.49,32.56,29.97
32.88,30.94,35.02,28.16,31.38,29.04,32.49,30.43,29.18,29.99,28.57,30.04,29.66,28.65,29.7,28.32,30.28
30.8,28.9,27.42,26.81,29.6,27.48,34.25,28.36,29.32,29.4,29.71,26.58,30.08,30.29,29.23,31.03,29.33
26.92,32.29,29.92,30.51,31.68,29.98,29.46,36.15,28.29,29.99,33.86,28.62,36.08,28.23,29.78,27.93,30.61
25.88,30.66,30.39,32.93,30.15,29.51,29.94,33.54,30.21,29.92,29.18,28.85,28.49,29.19,33.09,32.49,30.28
30.24,27.33,30.02,31.09,32.74,27.13,26.39,30.98,31.69,29.22,29.04,30.25,32.28,31.69,31.34,30.03,30.09
31.66,33.21,27.19,26.45,28.9,32.06,30.01,29.01,31.81,30.02,32.71,28.92,30.71,28.02,29.02,29.55,29.95
31.82,29.41,29.74,28.23,27.24,33.45,29.95,34.05,33.16,33.93,28.29,28.1,30.4,25.36,28.07,32.94,30.26
34.74,31.96,29.44,28.44,30.69,30.49,29.25,30.89,26.99,28.47,27.61,27.83,35.75,30.64,28.59,27.08,29.93
30.98,27.89,28.93,29.23,30.06,29.62,30.78,28.25,24.89,29.53,28.64,32.81,28.38,33.36,29.51,31.88,29.67
23.64,31.8,28.88,26.58,33.07,32.92,31.65,34.36,30.15,30.01,27.32,32.29,29.54,29.76,33.8,27.07,30.18
30.36,27.39,30.38,26.4,31.6,29.64,35.48,33.29,31.21,27.97,30.39,31.6,33.48,31.82,28.72,27.65,30.46
27.9,35.14,34.11,28.02,29.94,29.42,32.29,27.76,27.19,28.81,33.43,26.94,27.85,30.32,26.28,28.5,29.62
28.98,27.24,28.12,29.45,32.3,32.48,32.39,32.96,31.98,29.45,31.36,29.94,31.07,28.42,27.45,29.08,30.17
28.94,27.67,31.52,29.99,30.19,25.99,27.62,28.73,29.73,27.99,26.21,30.33,27.42,31.96,29.81,29,28.94
30.76,31.54,30.95,31.1,32.49,30.17,31.99,29.02,34.82,26.66,31.93,28.19,28.61,24.25,28.53,28.2,29.95
30.58,30.5,28.5,27.72,27.92,32.95,32.4,31.38,32.24,34.62,28.18,29.21,26.32,29.67,29.44,32.37,30.25
32.28,28.78,23.08,29.62,28.94,30.12,29.93,33.68,30.21,28.17,29.07,28.52,32.89,32.68,33.49,32.85,30.27
24.12,32.14,27.6,30.42,28.82,28.05,30.06,31.25,31.11,26.2,29.39,32.94,30.88,30.49,31.56,31.57,29.79
30.72,27.06,30.14,28.73,31.12,30.2,29.59,25.15,31.58,28.76,33.46,32.46,31.14,34.55,32.14,33.77,30.66
31.44,31.1,32.23,33.21,29.8,31.4,30.11,29.31,31.59,28.98,30.75,32.54,28.25,31.11,25.81,29.56,30.45
29.92,28.59,35.27,28.48,30.52,32.23,28.98,30.23,29.31,32.65,28.04,30.96,30.74,30.27,26.5,29.33,30.13
27.68,25.06,31.27,36.88,33.11,28.4,28.39,33.92,33.3,31.13,28.79,27.1,31.23,33.71,27.12,28.38,30.34
32.6,33.2,24.79,31.02,29.48,30.58,28.37,28.77,30.29,27.85,32.68,28.96,30.01,30.81,28.94,29.74,29.88
32.18,28.36,32.14,31.29,28.94,33.9,27.24,33.36,26.12,27.35,33.82,29.27,33.08,33.36,28.86,29.63,30.56
31.5,27.97,32.58,29.98,29.1,35.51,27.64,26.18,28.57,26.9,27.89,28.81,29.76,30.96,33.44,28.52,29.71
31.34,28.42,33,28.64,31.44,31.88,24.84,34.18,35.08,31.09,34.21,30.29,29.19,31.87,33.57,32.09,31.32
28.76,32.01,29.52,33.89,23.41,27.39,26.36,29.81,33.78,28.04,29.93,30.9,29.45,27.33,29.75,27.31,29.23
31.98,29.26,28.88,29.61,28.07,29.71,30.12,31.15,27.84,32.96,26.68,31.6,28.81,31.67,29.52,33.51,30.09
33.72,26.57,29.74,32.58,32.76,28.83,30.5,26.49,26.55,31.04,29.89,31.81,28.56,28.24,32.48,25.85,29.73
28.56,26.82,29.02,33.01,26.42,30.33,27.05,31.85,31.79,28,28.61,26.5,27.78,29.32,30.8,28.2,29
31.08,26.59,31.3,28.94,33.7,30.37,34.08,32.33,26.88,32.48,30.57,31.27,30.88,30.68,31.45,28.17,30.67
32.86,27.33,26.5,31.91,29.74,35.89,30.58,30.88,29.67,31.89,30,31.1,31.52,32.95,29.68,27.46,30.62
29.02,31.2,33.25,27.17,28.18,34.38,31.05,26.44,30.4,29.03,27.36,30.9,28.35,27.96,32.98,27.71,29.71
26.66,28.19,30.23,28.03,28.93,26.02,30.25,28.26,30.75,30.94,33.39,29.73,26.36,27.49,25.55,31.36,28.88
29.68,28.97,28.18,33.35,31.01,31.52,29.7,29.33,29.73,30.98,28.43,28.17,26.26,29.02,30.41,27.5,29.52
28.58,30.03,34.54,31.54,31.89,27.07,30.23,29.02,27.34,24.07,27.18,30.79,24.81,27.26,29.21,27.02,28.79
31.28,35.19,28.5,28.15,27.7,32.1,28.54,26.55,29.3,27.62,32.71,30.04,34.78,29.68,31.24,27.82,30.07
27.98,28.02,30.45,32.14,34.77,31.95,25.75,34.99,29.95,27.93,30.36,26.75,33.27,28.15,30.76,30.07,30.21
28,33.49,32.57,29.44,34.82,27.71,24.41,27.81,29.71,33.65,31.25,29.69,30.91,31.21,35.16,29.81,30.6
31.28,31.66,27.05,32.9,27.42,29.14,31.8,28.43,33.22,32.14,28.36,29.71,27.83,28.04,31.76,29.6,30.02
27.42,30.42,27.99,31.75,34.17,28.61,35.86,28.73,30.62,30.95,26.54,28.98,28.12,26.57,27.97,25.48,29.39
27.54,31.31,32.73,29.11,28.46,33.25,31.32,27.56,26.88,29.59,26.32,30.12,31.5,28.74,27.9,31.74,29.63
31.86,29.9,29.48,30.12,30.23,29.62,31.73,26.24,29.35,26.69,32.21,30.9,28.4,30.96,31.13,26.79,29.73
28.5,30.02,29.04,29.82,29.71,30.42,34.4,33.74,36.28,27.06,31.64,28.73,30.13,28.9,31.53,30.71,30.66
29.74,33.11,32.24,30.69,33.24,26.52,27.83,30.95,28.52,28.52,27.68,29.81,34.43,27.86,28.58,31.49,30.08
28.74,30.89,26.24,29.97,30.44,28.45,29.11,33.5,29.09,26.46,29.32,29.85,27.59,30.57,26.03,30.73,29.19
28.94,30.17,30.19,27.68,32.62,31.33,30.25,27.69,29.02,30.95,26.93,33.5,29.88,33.67,28.03,30.88,30.11
28.02,25.26,33.12,31.3,33.09,30.61,29.15,26.19,29.19,27.98,29.64,30.6,32.57,30.55,27.93,30.61,29.74
33.28,29.94,27.88,28.35,33.47,28.69,29.77,30.77,24.99,27.96,28.11,34.08,26,31.38,30.12,29.79,29.66
32.04,29.32,29.98,31.78,28.38,30.32,29.98,27.58,27.04,27.64,28.36,31.62,31.72,31.29,31.6,27.07,29.73
24.64,29.23,31.15,30.42,29.06,28.36,33.68,29.67,28.68,29.58,26.61,31.29,30.9,30.08,26.78,33.54,29.6
29.74,27.32,32.73,28.96,31.54,26.87,28.3,34.83,30.04,29.83,32.25,33.25,31.88,28.05,28.27,32.41,30.39
29.88,34.47,34.44,30.65,32.57,31,33.39,28.05,31.99,28.65,27,31.75,29.11,30.35,31.38,29.89,30.91
27.64,27.1,28.86,32.06,29.79,29.42,32.37,33.04,31.96,30.95,32.18,29.31,30.6,29.93,26.39,25.47,29.82
33.56,33.87,29.85,30.38,34.61,30.27,30.51,27.3,30.81,29.56,35.11,32.75,31.26,28.73,30.86,29.31,31.17
31.28,33.9,33.73,31.42,26.86,33.75,26.52,25.18,30.45,27.59,32.64,27.23,27.75,29.51,31.19,33.14,30.13
30.2,31.29,31,30.58,32.59,30.49,29.92,26.65,27.49,30.26,30.25,32.71,30.77,31.62,32.01,30.51,30.52
29.74,31.86,29.33,28.78,31.94,26,29.25,29.4,31.52,29.56,33.39,30.75,28.47,27.61,34.8,27.03,29.96
26.18,33.77,30.93,32.92,29.81,29.69,27.37,31.42,33.57,29.12,26.93,29.79,28.42,29.74,30.7,25.93,29.77
30.24,30.86,32.01,30.82,27.27,31.65,28.95,31.83,32.78,29.53,25.18,31.44,34.75,30.75,33.11,28.97,30.63
29.72,32.16,31.79,27.35,27,31.11,28.85,27.48,25.88,32.98,33,29.44,29.74,31.68,27.71,27.91,29.61
28.7,27.06,31.68,26.19,28.85,33.35,28.13,28.19,28.28,31.37,29.82,31.1,26.72,33.96,26.1,27.83,29.21
28.38,30.99,27.69,32.62,27.84,28.01,29.04,26.96,29.97,28.45,31.61,28.92,28.84,30.93,28.73,30.87,29.37
28.4,25.86,31.37,31.81,25.7,28.05,30.81,29.8,28.37,30.69,25.96,27.83,34.09,29.15,28.02,31.81,29.23
32.36,31.48,26.2,27.16,32.2,27.83,31.69,26.51,29.76,28.56,33.96,36.12,29.91,31.6,28.82,32.44,30.41
29.94,27.93,32.13,29.96,31.09,24.94,29.06,29.77,30.58,30.1,32.96,29.04,32.66,27.67,24.36,25.81,29.25
27.08,26.38,28.14,32.03,34.01,30.71,26.47,31.6,33.12,29.58,29.86,27.02,35.81,31.02,30.89,34.62,30.52
26.28,28.14,30.39,30.93,27.17,27.74,28.12,30.51,29.5,28.6,27.54,30.19,31.35,33.77,32.04,29.01,29.46
36.78,33.18,29.27,30.16,30.05,33.56,29.67,27.68,31.13,29.97,32,26.83,29.33,26.65,29.61,35.19,30.69
30.62,31.41,27.18,30.68,30.42,32.29,32.91,26.79,30.1,30.03,30.71,29.4,31.97,29.35,28.95,29.59,30.15
28.34,29.63,29.9,31.28,30.81,29.12,32.21,33.31,28.56,31.62,28.18,29.27,29.16,31.55,25.04,29.42,29.84
31.46,31.99,34.26,30.62,30.39,30.82,26.37,26.75,26.89,29.7,31.68,30.92,30.68,29.73,32.67,31.86,30.42
30.44,29,27.89,30.52,29.14,32.06,33.76,26.5,31.32,31.01,30.32,27.98,28.59,31.69,26.18,29.57,29.75
27.98,32.43,28.62,33.42,31.44,29.43,27.52,28.19,28.12,26.21,29.79,29.96,31.8,29.2,29.77,33.14,29.81
31.74,30.7,28.87,25.65,30.67,32.82,32.79,32.38,35.08,31.75,30.18,35.92,29.32,34.12,33.12,29.22,31.52
27.74,28.72,31.14,30.14,34.06,30.8,32.61,27.27,29.49,27.34,32.18,33,27.66,30.43,26.94,31.99,30.1
26.96,27.89,31.7,30.48,30.08,28.69,26.4,27.44,28.93,29.59,33.29,28.23,29.13,31.69,26.22,32.37,29.32
29.06,32.44,28.67,29.22,26,26.73,32.51,31.4,27.04,34.08,28.86,29.98,28.55,26.79,32.51,30.52,29.65
27.44,32.17,28.8,31.35,31.46,32.52,28.52,27.65,27.68,27.46,29.07,30.4,35.38,27.98,28.45,28.93,29.7
31.42,30.87,28.81,32.29,30.64,27.99,30.32,29.49,30.17,31.81,32.71,28.75,28.28,31.73,30.6,33.37,30.58
28.6,28.67,30.02,30.24,31.14,33.54,29.96,30.6,29.84,27.86,31,28.67,32.1,29.25,28.62,30.65,30.05
30.98,29.57,32.62,30.91,31.94,32.79,25.21,30.71,29.58,32.74,28.68,26.96,27.23,31.67,30.1,32.16,30.24
32.68,28.13,29.39,29.65,31.75,28.46,27.26,32.49,26.88,26.23,28.64,30.5,30.5,32.08,29.73,28.66,29.56
31.5,31.51,28.48,31.24,29.22,30.8,31.72,34.8,29.33,31.39,29.89,29.56,29.83,30.61,31.73,32.33,30.87
28.56,30.6,30.83,29.84,31,30.55,31.15,28.9,27.18,28.81,28.39,30.98,29.4,30,26.78,30.64,29.6
30.84,31.54,27.5,26.51,28.94,27.36,29.3,30.68,30.58,30.54,28.71,34.4,29.09,31.13,27.64,30.93,29.73
28.88,33.09,28.46,31.04,32.34,31.3,32.84,26.05,27.13,28.9,32.43,33.33,32.01,27.64,24.67,33.44,30.22
30.22,29.66,33.01,28.73,28.14,29.81,34.21,33.77,28.22,28.69,34.21,29.12,29.7,29.7,26.85,32.08,30.38
28.96,25.83,24.67,29.35,31.31,33.44,29.58,29.51,27.79,31.72,31.32,26.77,28.89,28.58,30.74,27.41,29.12
27.16,29.78,32.13,29.72,26.51,28.11,27.67,33.38,28.22,31.02,32.07,35.81,32.42,35.57,28.77,28.3,30.42
27.7,32.8,27.37,28.41,29.19,29.5,34.68,28.57,28.1,30.46,30.11,32.33,32.72,25.39,32.66,28.86,29.93
28.48,32.31,29.05,26.3,26.53,29.31,34.97,33.14,27.12,29.3,26.46,27.23,31.27,33.54,30.58,33.03,29.91
28.68,25.86,32.02,31.05,28.43,33.14,31.93,31.61,30.26,31.27,33.21,30.52,31.04,31.37,28.18,33.34,30.74
31.26,26.59,31.48,29.39,30.63,30.69,26.18,28.07,27.45,28.63,34.14,32.21,29.1,30.55,34.64,29.21,30.01
31.76,29.8,31.86,27.05,30.18,31.98,31.74,31.01,26.59,32.63,32.43,33,30.15,29.64,31.23,27.61,30.54
26.94,33.58,28.8,32.18,31.22,28.73,35.52,30.02,33.75,32.18,25.68,27.15,31.81,28.82,31.64,29.76,30.49
32.32,29.69,28.93,29.21,30.19,33.38,29.06,27.46,29.45,31.24,29.5,28.73,27.03,29.89,34.04,26.49,29.79
30.94,29.83,26.87,28.5,27.96,35.42,27.21,32.93,31.32,29.54,31.46,29.92,29.24,31.68,34.57,29.09,30.41
26.86,30.74,29.95,31.47,28.97,28.99,31.22,25.99,29.75,29.98,33.07,35.31,27.87,31.04,29.09,31.42,30.11
30.24,31.24,29.4,27.25,27.92,28.05,29.86,29.27,30.96,29.93,27.57,27.9,29.2,30.69,31.81,30.24,29.47
29.1,29.59,31.32,30.34,31.57,28.9,28.84,32.83,29.69,31.38,30.79,30.92,31.21,31.45,29.13,33.28,30.65
31.54,30.2,30.62,29.17,28.75,29.56,34.13,33.6,31.81,28.53,28.89,29.08,28.33,28.45,29.56,29.63,30.12
28.42,31.5,30.13,29.7,28.42,30.99,28.69,31.04,30.54,30.26,30.64,26.08,31.31,26.64,31.72,29.37,29.72
28.94,29.72,30.06,26.69,25.32,27.77,30.12,32.07,32.32,31.75,29.82,30.25,34.83,25.5,29.87,31.54,29.79
29.12,31.24,29.07,29.75,35,31.52,29.39,32.63,30.17,31.09,31.93,30.54,30.7,27.32,31.63,30.54,30.73
28.66,26.38,28.02,27.81,31.83,32.79,30.51,32.39,28.34,31.15,30.71,32.85,25.06,26.51,28.59,27.16,29.3
32.62,31.07,28.57,30.18,32.64,29.08,28.21,25.11,30.09,27.69,28.89,26.02,30.75,32.24,30.06,27.61,29.43
33.74,28.46,28.18,30.27,30.15,31.51,31.9,30.93,29.58,29.82,30.04,30.94,30.99,29.93,30.59,31.86,30.55
30.84,29.98,30.18,31.99,29.94,30.93,30.56,27.48,27.3,31.75,29.43,29.5,29.15,26.6,31.91,28.36,29.74
26.16,29.99,31.02,26.15,30.02,32.6,25.63,30.23,30.01,32.77,27.18,29.48,27.63,28.06,30.12,29.74,29.17
29.74,26.23,28.89,28.52,28.56,31.63,25.74,31.07,26.58,32.14,28.71,31.75,31.58,29.52,24.48,29.05,29.01
26.12,29.12,31.48,26.2,29.11,28.21,29.18,29.95,27.14,29.22,30.46,31.33,29.68,32.8,31.56,28.24,29.36
32.78,33.44,25.8,30.33,31.32,29.98,32.6,29.68,26.68,33.37,28.68,27.96,31.55,27.92,25.16,32.72,30
27.8,31.02,27.65,30.16,27.87,27.55,28.84,33.95,32.88,30.81,29.5,29.02,30.81,31.71,30.03,27.45,29.82
28.2,31.57,28.38,31.76,30.77,31.5,31.01,31.77,26.02,32.04,30.93,30.17,31.57,30.48,30.11,29.7,30.37
32.52,32.78,34.3,26.89,26.62,32.18,32.27,31.79,27.62,29.22,27.93,28.46,34.05,30.13,30.11,32.51,30.59
30.38,32.3,28.25,28.62,31.78,31.38,32.39,31.08,31.22,29.46,29.46,31.33,28.86,29.85,29.02,32.08,30.47
30.54,30.73,32.95,31.22,31.09,25.17,29.44,31.82,30.77,30.06,29.54,29.35,27.28,30.31,27.36,31.31,29.93
25.88,34.17,30,31.66,29.46,31,27.34,28.24,32.04,28.96,30.61,31.67,30.01,31.62,26.11,31.42,30.01
32.7,26.31,31.75,31.33,29.9,31.07,37.5,29.08,26.63,30.37,28.93,31.81,31.86,30,28.5,30.73,30.53
29.34,34.78,24.87,31.1,32.56,32.12,28.97,33.08,29.99,27.39,26.43,29.75,27.89,31.5,34.16,32.49,30.4
30.62,27.96,26.5,26.18,34.18,31.26,29.08,27.52,32.38,28.86,31.43,31.31,28.54,29.29,28.11,32.84,29.75
29.92,32.58,26.55,31.06,28.86,31.12,37.26,30.46,33.87,30.19,33.46,30.92,30.04,29.7,34.11,33.09,31.45
30.52,35.39,31.48,33.55,30.43,28.12,30.37,30.58,26.25,32.71,33.04,30.35,31.55,31.79,32.5,29.06,31.1
31.5,29.1,31.3,29.7,31.1,31.87,29.06,29.52,26.18,32.07,31.86,29.69,31.6,31.93,28.54,29.65,30.29
30.18,29.77,32.64,31.07,29.9,34.55,30.31,30.07,29.92,28.67,27.21,34.92,32.32,29.76,30.18,31,30.78
30.04,32.97,30.6,28.48,25.57,30.9,31.03,30.05,30.47,27.63,29.29,29.67,29.35,30.46,30.67,28.57,29.73
31.56,26.11,25.36,32.12,30.01,25.83,32.93,30.52,29.08,29.81,28.14,29.77,29.11,32.7,35.85,28.82,29.86
25.2,28.6,29.85,31.45,28.9,29.92,31.93,33.49,30.45,29.1,29.86,27.15,28.66,32.04,31.83,30.08,29.91
28.4,28.81,30.54,30.2,29.69,31.32,25.04,30.18,34.85,27.11,27.89,31.92,26.88,27.44,28.66,26.94,29.12
31.9,28.98,31.11,28.42,29.35,30.44,30.68,29.11,30.38,28.77,26.54,30.19,30.83,29.15,27.33,33.68,29.8
30.84,33.96,30.08,28.95,27.59,29.17,28,32.17,32.21,30.94,29.43,26.67,30.9,31.42,32.94,28.66,30.25
33.3,32.89,28.93,29.44,29.31,30.75,29.6,30.93,31.85,29.28,29.86,33.79,31.4,29.74,31.82,25.9,30.55
30.26,28.63,28.42,31.94,31.91,32.68,31.31,30.45,27.9,28.08,28.75,26.17,27.86,29.79,30.99,29.95,29.69
32.8,30.57,33.24,29.3,29.7,32.13,29.71,28.19,29.4,31.36,32.79,35.46,33.59,30.82,26.96,29.13,30.95
29.08,31.06,28.61,27.41,32.24,33.64,33.03,27.76,29.62,30.43,27.29,30.65,27.84,30.42,26.84,27.12,29.56
29.86,30.01,32.79,32.77,34.5,30.02,29.71,28.9,31.81,33.88,30.5,29.35,35.1,28.88,32.31,27.66,31.13
32.68,27.52,29.74,34.44,32.47,34.29,29.52,34.57,28.42,32.21,26.96,28.71,30.5,25.11,28.58,27.36,30.19
32.46,34.61,30.85,28.63,31.67,29.42,30.62,31.06,29.15,26.55,29.68,32.46,28.41,30.4,29.36,31.64,30.44
30.26,33.54,31.55,30.91,25.41,32.76,29.02,24.32,30.37,31.49,29.61,27.42,27.95,33.01,31.46,27.42,29.78
27.6,29.83,32.88,26.3,29.44,31.98,26.17,28.7,30.57,32.32,28.29,25.85,28.61,29.76,28.89,28.36,29.1
33.56,27.21,29.85,28.76,29.74,29.75,31.88,29.12,25.98,31.12,29.79,28.02,31.74,30.61,26.95,32.39,29.78
28.8,29.64,29.96,30.33,33.62,32.23,27.58,31.45,32.48,29.32,32.04,27.4,28.65,29.37,31.28,30.65,30.3
32.46,31.89,30.94,29.07,30.77,29.63,29.56,30.56,33.1,34.39,30.18,30.9,29.97,29.87,32.44,30.11,30.99
28.9,31.51,32.11,29.5,32.35,27.87,32.21,31.74,32.15,31.4,31.32,29.6,28.93,31.81,31.18,27.69,30.64
25.98,27.74,28.87,29.89,28.38,26.82,31.06,29.37,33.96,27.54,27.18,29,27.58,28.44,28.4,29.96,28.76
27.74,31.18,32.35,30.26,27.81,28.27,29.52,29.25,31.72,31.6,34.86,26.12,26.4,28.81,31.84,29.2,29.81
26.68,30.96,30.99,35.26,28.85,29.77,26.71,30.33,28.02,28.42,34.07,31.29,30.22,29.83,28.72,33.07,30.2
28.96,33.91,27.19,28.22,30.21,28.01,31.02,27.51,28.81,31.97,31.82,28.85,32.58,30.76,30.28,29.88,30
34.04,28.99,26.2,29.39,29.54,28.24,29.4,35.74,31.12,28.22,29.39,29.5,26.3,26.82,31.64,30.7,29.7
32.82,30.87,32.07,30.97,31.78,29.51,27.82,29.74,34.72,32.25,35.75,31.25,27.15,30.39,34.75,33.63,31.59
30.54,28.21,27,29.93,27.46,28.12,28.95,28,30.96,27.69,27.61,30.98,26.05,29.87,26.05,24.53,28.25
32.8,31.21,30.55,31.38,28.94,30.31,30.43,25.1,32.66,29.41,29.36,25.6,30.93,32.15,27.75,32.18,30.05
31.6,30.71,30.06,30.18,25.99,33.71,30.12,30.3,29.3,29.44,28.82,32.12,27.91,34.17,32.07,28.44,30.31
30.9,29.17,33.55,34.21,25.94,28.14,32.76,29.31,29.72,29.34,28.18,33,27.84,27.31,33.01,28.52,30.06
28.48,27.74,34.85,25.92,28.56,25.56,30.41,26.33,33.48,33.05,31.61,31.83,28.67,29.73,28.89,29.68,29.68
29.38,29.4,28.65,29.33,32.19,34.82,29.9,31.38,29.38,32.8,34.21,28.46,29.65,26.39,34.07,31.7,30.73
29.96,33,29.48,29.27,30.95,27.98,27.93,26.05,31.74,30.78,26.93,28,32.35,30.44,28.84,29.81,29.59
26.86,32.93,32.18,27.5,29.4,29.57,31.23,31.45,27.5,31.63,26,27.6,32.99,30.99,27.98,33.37,29.95
29.96,31.9,29.7,28.94,32.07,31.46,32.38,32.19,27.9,28.91,29.21,27.52,30.34,27.42,31.51,31.69,30.19
29.32,28.87,26.15,25.34,26.17,31.05,29.23,31.56,33.01,27.38,32.5,25.81,28.26,32.64,26,30.71,29
30.88,29.97,28.94,30.12,32.76,30.74,32.63,37.48,28.4,31.8,29.18,27.75,35.35,32.14,26.47,30.47,30.94
32.88,32.33,35.48,31.17,26.15,28.15,31.58,28.26,28.34,31.68,29.86,27.42,28.77,32.39,31.77,28.19,30.28
29.84,29,30.19,29.97,29.15,31.26,33.18,28.6,25.79,27.28,30.82,34.19,27.64,24.67,35.16,33.57,30.02
31.64,29.46,31.15,31.61,29.08,30.42,31.67,29.38,29.42,30.42,32.07,29.33,34.48,33.74,25.4,31.2,30.66
29.36,29.57,27.48,27.3,31.23,31.12,31.02,26.99,28.74,29.17,29.36,27.12,31.31,30.1,30.02,33.01,29.56
30.2,27.07,30.25,29.59,30.08,26.11,27.43,29.67,28.24,31.88,27.93,29.29,30.86,31.01,33.3,29.43,29.52
30.52,27.34,32.61,31.83,25.92,30.21,25.31,34.18,28.84,29.31,30.68,32,30.08,29.71,28.32,27.54,29.65
27.68,32.39,29.06,28.59,29.83,29.88,28.68,33.71,27.78,29.11,32.04,30.04,29.28,34,26.41,28.11,29.79
27.18,27.31,29.74,29.28,29.94,34.6,28,28.92,31.1,29.3,32,29.02,33.53,28.92,28.18,31.83,29.93
28.58,32.2,33.17,31.37,30.64,30.71,28.18,29.89,29.53,31.24,32.36,29.04,33.86,28.35,32.54,29.89,30.72
28.64,29.92,27.2,33.38,23.79,28.43,32.14,29.08,25.87,28.95,32.64,29.46,31.68,29.94,30.77,29.57,29.47
31.12,30.5,30.42,28.44,31.81,32.24,30.19,31.2,30.48,30.68,29.71,29.62,29.83,28.75,31.18,31.01,30.45
32.52,28.4,27.02,27.43,27.96,27.94,28.38,30.29,30.29,29.84,29.86,28.44,33.53,26.79,31.14,29.84,29.35
28.9,36.76,30.04,26.48,27.57,31.79,27.82,29.44,30.75,29.27,25.57,29.94,28.56,30.43,32.25,26.63,29.51
31.52,30.09,26.79,30.97,27.47,33.12,27.35,27.93,26.94,29.58,27.18,26.92,33.61,28.23,24.52,29.41,28.85
33.38,25.69,34.46,28.3,24.96,30.61,25.65,33.8,25.4,29.46,35.18,30.4,27.82,31.68,35.28,30.69,30.17
29.52,30.28,30.64,25.13,30.11,29,30.43,31.83,31.3,30.66,32.43,28.56,29.1,32.07,32.45,32.69,30.39
30.42,28.73,30.96,31.18,32,33.58,31.36,29.57,27.62,30.1,30.75,24.12,34.21,23.38,26.74,31.83,29.79
29.14,34.12,33.14,30.84,25.7,27.89,30.22,27.43,31.28,30.53,27.89,31.19,35.39,28.58,33.5,29.43,30.39
30.62,31.04,28.49,28.58,28.47,33.86,28.88,29.33,31.76,34.5,33.39,29.23,30.53,33.49,30.65,31.32,30.88
28.4,32.47,29,29.42,29.36,29.06,31.02,28.77,29.3,32.06,31.21,27.31,29.83,28.08,26.85,30.33,29.53
29.12,29.59,27.35,32.89,30.73,26.27,33.7,26.4,31.01,33.73,32.11,26.73,27.59,33.39,28.89,27.68,29.82
32.26,32.81,31.85,28.7,29.2,33.06,31.15,30.83,29.99,29.53,32.07,30.31,28.67,29.51,32.4,28.03,30.65
28.32,31.46,29.31,29.14,29.77,30.44,29.88,34.71,29.98,28.17,30.04,30.54,31.05,32.51,28.83,27.73,30.12
28.68,27.03,34.92,29.78,25.19,29.49,33.64,28.55,33.43,30.83,26.21,31.08,32.36,29.04,27.01,25.84,29.57
30.32,27.62,25.51,34.69,32.07,27.93,29.75,29.82,27.98,28.38,33.82,31.98,28.41,32.01,27.62,30.78,29.92
28.58,24.08,28.45,32.19,32.72,30.24,31.82,27.79,26.35,28.77,28.64,32.67,29.87,29.71,33.17,31.66,29.79
30.06,29.51,33.93,32.78,27.78,29.18,30.93,32.27,26.2,31.18,30.64,30.42,28.61,27.98,32.64,32.81,30.43
26.68,26.14,31.71,32.46,28.52,28.98,31.72,28.54,28.69,31.93,27.43,33.27,29.68,26.6,33.44,28.57,29.65
30.92,28.58,31.05,28.73,27.3,29.39,29.02,32.19,28.68,31.1,29.43,34.17,30.36,31.63,30.16,31.23,30.25
28.18,28.12,29.24,32.17,31.57,28.89,33.93,34.19,36.7,27.65,34.11,30.5,29.53,30.64,31.55,32.29,31.21
30.62,29.44,32.24,30.78,28.86,31.55,30.68,28.81,32.57,31.66,29.75,31.88,25.68,30.56,27.59,26.35,29.94
33.5,31.33,26.48,31.61,24.86,33.02,33.87,28.18,28.68,26.08,26.96,28.35,31.85,31.99,27.79,35.33,29.99
27.04,28.56,24.43,27.82,34.63,31.98,32.49,31.44,29.7,35.52,29.89,31.38,34.35,27.19,34.28,28.47,30.57
29.76,33.14,28.2,28.75,31.35,28.44,29.15,29.3,34.58,29.14,26.86,31.73,30.03,33.77,28.41,33.72,30.4
30.02,28.88,27.08,31.37,32.26,31.68,31.04,28.23,28.09,29.64,26.61,29.29,29.99,26.12,27.62,28.36,29.14
26.9,32.68,31.15,30.59,26.95,34.69,28.29,33.26,30.72,28.72,28.54,31.35,28.08,28.1,29.39,33.34,30.17
32.12,28.24,30.21,31.63,33.22,30.94,24.41,30.63,28.17,27.5,33.29,31.56,28.16,30.49,30.11,27.51,29.89
33.58,29.47,27.06,29.61,28.13,29.83,29.98,29.49,29.1,31.87,30.93,30.69,26.37,32.69,30.51,32.44,30.11
34.82,32.28,30.33,28.08,28.02,28.64,29.82,33.23,34.66,28.54,32.18,30.27,28.44,28.7,34.54,32.77,30.96
27.72,31.67,30.02,31.28,27.66,28.81,32.25,27.15,33.52,29.63,27.25,28.6,26.43,34.24,29.21,28.05,29.59
30.3,32.03,29.68,28.7,33.56,31.11,34.32,29.3,27.6,30.44,26.61,30.69,29.61,29.93,31.35,26.57,30.11
28.68,33.29,31.02,30.64,28.87,28.99,30.89,27.44,29.64,31.01,29,28.21,29.45,28.76,33.68,29.84,29.96
28.16,30.56,30.14,30.18,30.81,32.75,31.49,28.99,31.14,30.69,26.57,33.77,29.36,29.58,27.76,31.26,30.2
29.38,28.74,23.46,31.61,30.94,28.75,28.33,28.63,31.05,30.46,27.32,28.65,30.23,29.62,24.74,28.61,28.78
33.24,27.81,31.14,30.61,30.45,30.51,28.54,29.45,28.58,29.43,32.36,28.6,26.83,30.54,31.28,28.63,29.88
32.24,29.84,28.79,30.31,33.53,31.93,28.17,33.56,31.47,30.29,24.46,28.98,27.32,32.27,25.59,28.46,29.83
28.56,23.83,32.89,32.76,25.52,27.8,29.51,29.87,30.93,31.54,36.36,30.98,31.49,29.43,26.63,30.53,29.91
34.84,30.6,33.62,29.99,33.41,28.39,33.91,33.61,31.87,33.68,27.54,29.54,30.4,29.82,32.9,31.15,31.58
29.82,31.12,30.61,29.27,30.62,28.88,32.16,32.99,30,30.49,28.32,28.71,30.46,32.39,32.44,26.7,30.31
35.24,28.64,26.52,27.28,30.94,33.73,29.11,36.08,27.91,26.68,29.93,28.69,30.52,30.77,29.19,31.59,30.18
33.72,27.19,28.4,27.8,26.19,26.58,28.28,26.36,26.4,28.89,30.46,29.1,25.12,28.14,31.32,30.81,28.42
33.74,27.09,27.5,27.33,31.25,32.74,27.31,29.83,29.8,27.48,27.5,29.04,33.21,31.81,31.06,31.79,29.9
28.36,31.9,28.79,29.76,31.82,32.12,31.74,30.36,30.03,29.12,27.61,30.38,31.31,31.2,23.95,26.48,29.68
31.84,29.72,29.24,32.29,28.84,30.01,32.36,26.58,28.51,29.17,27.96,27.38,24.35,30.99,30.88,29.08,29.33
26.58,28.73,29.02,33.81,25.98,28.51,31.13,28.6,27.22,29.65,26.75,29.62,27.92,30.99,32.93,31.01,29.28
31.26,26.13,32.13,27.75,30.59,32.19,27.42,32.71,32.02,30.16,32.04,27.94,31.75,30.3,30.43,31.45,30.39
27.7,29.3,28.3,28.65,29.26,26.49,28.85,28.79,31.98,33.73,33.86,26.19,30.15,32.02,27.49,31.57,29.64
31.42,28.86,32.58,32.24,26.94,27.92,31.13,31.75,29.9,30.28,30.39,34.94,27.84,30.46,26.91,33.43,30.44
26.86,28.87,32.39,29.38,30.52,26.8,28.11,31.71,28.9,28.43,27.64,32.85,29,28.54,30.02,27.43,29.22
30.52,28.51,27.18,32.06,29.24,31.14,27.34,30.89,27.74,31.39,28.75,30.35,27.01,32.26,30.27,30.66,29.71
28.36,27.64,30,31.51,32.29,29.71,27.77,26.39,29.26,34.85,27.86,25.48,28.42,29.77,28.01,31.61,29.31
31.02,28.84,30.37,33.22,32.22,29.55,27.15,31.31,31.53,31.06,30.11,27.23,25.76,29.82,32.02,29.98,30.08
33.16,27.14,30.46,30.77,33.56,30.62,31.17,31.23,27.22,29.69,33.43,26.44,27.28,36.06,23.29,35.12,30.42
31.98,30.4,28.07,33.99,27.69,30.68,28.41,28.73,27.34,28.85,32.68,28.46,27.51,24.75,32.91,27.49,29.37
30.78,29.84,32.06,30.56,33.05,26.8,26.18,29.89,32.48,31.68,27.46,26.48,33.72,30.99,30.54,27.8,30.02
32.16,27.09,29.15,27.53,29.43,28.58,29.22,32,30.06,32.22,35.07,29.19,29.99,30.99,28.26,28.06,29.94
29.14,29.69,30.23,31.25,31.84,27.81,33.09,34.65,27.82,31.63,30.21,31.94,33.25,29.38,26.73,30.29,30.56
29.58,31.31,30.18,27.38,30.17,33.82,29.62,32.01,30.72,27.64,30.46,32.04,25.62,29.69,29.1,31.56,30.06
30.16,29.66,28.87,30.3,27.23,29.15,28.46,30.29,30.17,30.88,32.11,26.73,28.6,29.49,25.04,31.23,29.27
29.28,27.33,24.15,30.82,32.97,36.51,29.76,27.88,28.22,28.09,31.75,26.67,29.33,28.76,29.16,28.98,29.35
29.92,33.01,28.98,29.1,28.53,33.43,33.99,31.49,30.32,27.43,26.46,28.83,28.63,31.3,33.38,30.07,30.3
26.74,28.21,28.79,30.01,30.77,34.18,30.16,29.31,25.58,32.55,31.46,30.69,32.83,31.82,28.29,31.96,30.21
29.48,28.7,30.37,28.07,27.02,25.96,27.2,31.14,30.16,30.24,30.25,30.27,29.88,28.5,29.46,31.12,29.24
30.42,31.42,30.31,29.58,29.81,32.52,30.13,28.3,27.32,28.06,27.29,30.54,28.52,35.49,31.66,31.82,30.2
29.78,30.23,30.13,30.52,29.9,28.32,27.31,30.06,28.58,32.41,26,29.44,33.28,30.71,26.26,28.59,29.47
28.68,27.42,28.05,30.24,31.11,27.74,26.92,29.39,29.72,30.11,31,32.65,25.62,34.37,29.22,25.39,29.23
29.42,33.46,30.21,29.64,28.53,29.96,30,29.37,29.48,24.54,29.54,26.04,31,28.56,24.92,26.8,28.84
30.16,28.79,31.07,30.5,32.56,32.69,30.74,33.31,27.51,30.83,30.25,31.31,27.98,27.63,30.61,30.6,30.41
33.72,30.7,31.88,26.78,35.06,31.77,27.91,27.21,29.33,33.51,30.43,30.08,30.42,31.04,31.81,32.38,30.88
27.02,25.4,32.46,32.22,27.72,27.69,32.92,28.57,31.42,29.91,30.39,32.85,29.19,25.4,30.6,35.82,29.97
28.58,23.98,30.6,33.12,28.83,30.49,31.49,31.57,29.53,29.74,29.71,31.08,28.1,29.4,30.38,28.67,29.7
33,33.16,26.48,27.57,28.69,29.49,28.15,31.07,32.1,29.07,33.46,29.04,31.83,32.25,31.75,31.61,30.54
29.1,33.79,28,29.38,29.62,34.63,29.11,29.64,28.22,27.74,28.68,30.04,29.49,30.77,33.88,32.43,30.28
28.34,28.76,25.86,29.11,30.44,28.64,27.09,27.79,30.4,31.55,29.11,31.79,28.09,33.65,32.64,28.93,29.51
28.22,29.57,30.11,32.41,29.11,24.49,26.92,29.06,33.96,30.8,28.96,28.79,33.35,31.02,28.71,30.08,29.72
34,27.84,30.25,29.11,33.25,30.1,30.54,31.06,29.98,28.72,29.68,34.58,32.49,27.65,27.76,27.47,30.28
32.12,29.87,28.57,27.14,29.17,32.98,28.42,34.2,33.38,33.53,28.14,31.77,30.26,29.62,32.65,28.61,30.65
27.3,30.77,30.43,31.82,30.86,30.07,29,28.9,27.01,29.91,30.57,31.5,26.27,30.01,30.67,35.59,30.04
27.28,30.39,31.95,32.11,26.69,31.96,28.04,30.89,30.15,29.72,30.07,31.46,28.66,33,31.64,32.48,30.41
26.34,31.5,30.32,27.2,31,32.7,28.58,27.95,29.1,28.05,32.57,31.54,28.81,29.8,27.39,28.82,29.48
30.2,30.22,29.23,26.86,26.96,30.96,29.91,33.46,30.6,31.92,27.64,31.54,28.54,29.12,27.29,28.78,29.58
30.44,31.89,28.2,28.59,32.04,26.61,32.51,27.15,28.82,30.57,30.07,30.98,26.38,27.11,30.15,28.46,29.37
27.96,28.2,31.42,27.9,27.91,26.6,34.25,30.04,28.8,32.34,29.36,30.44,28.58,28.33,34.28,29.12,29.72
32.24,27.18,29.13,29.83,31.65,28.9,28.12,28.99,28.56,26.98,29.71,30.79,29.07,26.68,30.4,31.52,29.36
29.88,32.03,29.69,33.17,29.41,30.23,30.4,31.36,30.63,34.66,28.5,28.67,32.38,33.27,29.54,29.03,30.8
28.2,29.51,32.76,32.3,30.17,30.68,32.78,32.3,28.43,29.02,31.32,29.04,30.81,30.42,29.15,26.68,30.22
31.56,29.98,32.31,30.21,28.22,28.08,25.54,27.17,30.22,27.33,28.14,34.77,29.06,30.95,31.76,28.29,29.6
30.32,33.83,34.49,28.26,27.56,30.04,29.07,28.81,29.78,27.14,28.39,29.04,28.32,33.79,31.34,30.03,30.01
34.4,26.84,26.57,30.9,29.92,31.49,31.07,30.18,30.1,29.82,28.43,30.69,28.92,32.88,30.33,31.98,30.28
30.8,25.78,31.25,32.84,31.82,31.18,28.24,29.68,30.89,29.35,30.79,32.44,27.2,30.5,28.28,31.61,30.17
29.4,29.93,32.31,30.39,30.49,30.74,27.05,29.4,30.38,27.39,29.79,31.21,29.78,30.45,31.21,31.41,30.08
26.92,29.12,32.15,28.48,28.08,33.42,32.97,27.69,29.02,31.25,27.86,28.77,27.18,31.46,25.25,30.71,29.4
29.26,31.08,29.68,31.49,31.17,29.01,31.82,28.26,29.61,32.35,33.68,29.88,26.53,28.54,28.74,31.51,30.16
24.46,31.19,27.85,30.55,31.75,28.4,28.52,30.85,30.12,26.03,29.04,25.02,28.11,31.67,32.59,28.14,29.02
29.82,33.89,26.9,29.36,32.42,34.77,32.48,32.21,28.87,30.05,30.11,31.79,32.62,29.82,28.95,29.65,30.86
32.56,25.94,29.1,28.79,33.77,30.39,27.89,32.17,27.67,30.53,24.57,30.35,26.38,31.55,31.19,31.71,29.66
34.38,26.91,28.93,29.35,29.75,26.74,28.35,28.06,32.88,31.3,29,26.69,30.02,25.25,31.44,28.66,29.23
28.66,26.97,31.93,34.36,30.25,31.62,34.68,29.85,31.27,32.7,33.39,30.19,31.32,31.39,30.46,33.43,31.4
31.56,30.81,31.9,31.96,28.5,32.19,30.58,34.19,26.62,28.67,27.43,29.15,33.6,30.07,30.99,29.58,30.49
25.9,28.8,29.7,29.02,28.28,32.54,26.83,31.39,29.12,32.3,30,30.35,30.55,32.63,28.84,28.23,29.66
32.74,32.1,28.85,32.77,33.5,27.48,33.36,28.13,29.05,28.71,29.04,31.75,28.66,30.15,29.51,29.37,30.32
28.38,29.78,32.39,33.35,28.34,33.7,31.01,31.02,31.2,28.46,30.32,31.35,31.5,31.4,28.77,32.2,30.82
32.64,26.48,32.62,32.28,27.73,29.42,31.33,29.74,28.85,30.1,29.07,28.5,30.87,32.19,31.75,29.09,30.17
29.1,26.93,31.24,31.14,32.12,26.57,30.97,32.12,33.71,30.03,26.61,28.35,27.44,26.64,30.84,33.15,29.81
26.96,28.72,29.42,30.17,31.4,27.36,29,26.52,31.38,29.28,31.25,31.54,29.72,31.3,30.68,25.17,29.37
31.68,28.86,30.15,28.57,30.05,30.25,31.06,27.29,32.38,33.72,28.18,25.65,28.69,31.05,30.63,30.82,29.94
27.5,27.9,32.65,28.6,31.87,30.08,32.82,32.08,30.05,28.72,29.82,26.5,29.62,27.89,29.46,29.83,29.71
31.5,35.31,30.25,33.96,31.45,30.32,27.72,29.63,28.47,31.96,28.18,26.31,30.66,31.65,30.29,28.42,30.38
31.84,33.1,26.1,31.94,30.8,29.88,29.08,32.32,29.37,29.11,25.71,32.27,28.59,26.7,30.62,27.16,29.66
30.58,29.89,30.64,32.33,32.04,26.61,25.55,26.39,28.42,30.94,30.18,29.06,24.75,25.81,25.98,27.82,28.56
33.16,28.49,30.32,32.26,27.29,32.21,31.32,32.56,35.4,25.59,27.36,29.25,26.86,27.12,27.54,31.91,29.92
29.84,27.27,30.67,31.71,34.03,32.69,25.33,30.07,28.88,28.57,31.54,32.02,29.07,28.57,29.21,30.39,29.99
27.12,28.8,33.85,30.14,29.57,27.5,28.01,30.33,32.32,34.46,31.93,30.42,33.94,29.71,24.24,29.29,30.1
32.74,34.02,25.92,30.84,33.73,32.7,30.04,32.51,31.07,26,28.14,30.73,32.6,30.63,28.06,34.49,30.89
29.6,31.5,28.44,24.55,29.1,28.06,29.4,30.57,26.11,29.75,28.89,28.17,28.94,29.04,34.03,28.87,29.06
34.02,28.72,29.63,31.86,28.4,30.15,30.16,31.3,31.27,31.32,30.54,30.48,31.32,32.02,33.47,32.05,31.04
35.24,28.57,26.44,27.52,31.67,26.19,29.91,28.08,25.71,31.5,31,30.56,31.32,30.07,31.97,28.97,29.67
29.64,34.02,28.76,30.89,33.17,31.08,29.1,31.46,30.59,23.91,31.68,30.71,28.68,30.63,31.29,29.55,30.32
26.72,30.4,30.01,30.91,30.81,26.73,32.18,29.95,29.36,28.51,29.46,29.38,29.46,32.17,25.99,28.72,29.42
30,32.2,29.95,29.62,27.8,25.32,30.65,31.35,30.37,31.06,25.36,27.19,26.67,29.85,25.32,30.74,28.96
26.48,25.74,30.48,24.84,33.98,28.69,32.33,29.01,25.62,29.28,29.68,34.25,29.68,27.96,28.6,25.78,28.9
29.62,26.88,32.33,29.42,26.69,31.08,28.94,30,27.42,28,28.86,27.1,33.48,34.61,33.5,30.1,29.88
31.94,33.49,31.45,31.48,29.19,29.32,32.07,30.73,31,31.69,30.89,30.48,29.42,29.11,33.06,24.46,30.61
26,26.49,31.21,32.26,26.43,28.74,28.22,33.06,30.16,32.44,30.36,29.62,29.77,25.69,30.18,30.53,29.45
28.36,28.96,26.17,32.17,31,27.26,32.32,29.62,30.04,31.01,29.43,33.12,29.83,29.36,28.89,31.03,29.91
28.82,30.77,29.21,31.98,29.88,31.42,30.25,31.98,30.62,32.54,33.68,31.6,29.48,27.74,33.75,30.52,30.89
27.34,32.71,34.86,29.93,23.94,30.48,30.22,27.52,25.72,33.57,31.89,26.5,24.14,31.12,31.09,32.19,29.58
28.36,32.96,28.35,32.21,27.12,28.3,24.22,32.71,33.83,27.19,29.82,29.92,30.95,31.35,30.05,30.41,29.86
28.64,30.59,25.76,31.02,32.95,29.35,32.1,28.23,28.55,25.17,25.54,25.85,30.01,28.04,33.55,32.68,29.25
25.66,26.84,30.73,30.81,31.46,29.99,32.8,35.14,30.82,31.7,26.43,31.04,31.47,31.05,27.64,30.34,30.25
25.06,24.76,33.18,29.84,27.56,30.46,26.59,30.58,30.38,27.08,29.54,32.98,27.92,30.9,31.82,28.64,29.21
29.7,30.82,31.4,31.49,27.15,31.54,34.04,31.63,25.38,30.02,26.36,28.31,33.72,26.7,31.52,28.91,29.92
28.86,33.16,30.45,30.76,27.8,28.44,30,31.76,32.8,32.61,32.89,30,31.62,22.45,31.26,28.26,30.19
26.42,26.32,28.77,28.25,32.85,30.4,31.94,27.02,30.83,26.71,33.36,27,25.59,29.17,34.6,28.93,29.26
29.5,32.92,26.17,32.75,30.86,31.04,30.86,28.18,27.55,27.84,29.46,31.06,25.55,30.13,31.41,28.47,29.61
25.2,31.06,30.5,29.54,30.45,27.43,30,27.77,31.24,29.73,29.39,30.29,30.24,29.51,29.65,28.39,29.4
27.04,29.69,27.63,28.91,33.86,33.63,32.06,37.68,33.43,29.28,31.71,31.81,30.69,36.4,25.94,28.19,31.12
30.76,31.6,31.83,35.14,28.36,29.02,28.09,33.54,27.95,31.14,29.57,34.31,28.59,29.62,26.61,29.49,30.35
28.22,27.79,29.8,26.89,29.82,31.06,32.84,32.14,27.92,32.73,29.86,28.06,29.05,30.92,29.44,29.27,29.74
26.08,26.72,28.96,28.29,30.96,29.63,31.75,28.48,26.44,24.47,29.57,30.12,31.53,26.95,29.71,30.13,28.74
32.52,29.74,30.51,29.58,26.92,27.3,27.11,27.32,29.86,30.51,28.5,26.21,31.56,25.32,28.82,32.58,29.02
31,28.39,29.95,31.18,29.1,29.36,29.24,27.35,29.89,31.76,35.14,33.48,27.35,27.45,32.29,32.83,30.36
33.32,29.57,30.5,32.94,25.39,30.76,29.9,29.93,26.72,31.31,31.54,28.98,26.36,30.67,29.23,31.14,29.89
29.28,34.81,26.13,30.28,33.71,33.37,27.12,30.12,29.62,28.16,30.5,33.06,31.5,28.32,34.17,32.99,30.82
33.16,24.31,30.46,27.39,30.2,30.93,32.79,31.4,25.02,31.3,28.82,26.52,32.34,29.2,32.56,32.32,29.92
29.74,26.8,32.25,29.14,28.38,28.36,34.47,30.17,29.86,28.48,27.32,33.81,29.24,31.45,29.91,26.19,29.72
30.32,26.1,30.5,27.91,30.48,29.52,32.44,29.63,30.28,30.08,30.29,27.83,34.58,23.95,28.11,28.23,29.39
31.54,27.88,28.58,27.8,28.83,31.04,30.63,27.52,29.45,32.05,31.79,33.23,29.45,33.08,27.32,28.78,29.94
30.06,31.24,30.46,31.2,32.27,33.38,34.21,30.87,31.83,27.08,32.04,27.62,28.02,30.35,30.98,29.79,30.71
25.56,30.83,29.85,24.86,33.69,31.31,28.25,27.94,30.01,28.76,26.79,29.79,29.2,28.69,28.4,31.14,29.07
33.7,30.86,27.48,33.12,32.61,32.44,31.21,29.75,30.42,32.68,28,27.42,28.43,30.98,35.49,27.92,30.78
30.18,27.2,27.87,29.2,28.44,33.15,27,27.56,28.25,31.49,28.5,30.44,29.59,30.23,30.97,30.43,29.41
30.56,31.98,29.61,28.44,31.4,27.15,26.97,27.26,33.84,28.44,30.07,28.19,28.47,32.79,30.27,33.09,29.91
28.08,24.59,31.79,29.15,28.51,30.45,27.32,30.14,28.43,28.41,27,32.75,28.87,30.39,28.54,33.72,29.26
30.6,25.68,30.51,29.94,28.71,32.87,25.38,33.33,33.82,29.72,33.82,31.17,29.89,31.67,27.24,25.52,29.99
28.5,33.6,30.62,33.37,35.35,29.89,29.92,30.57,32.05,31.24,27.14,29.88,32.25,30.08,29.14,30.13,30.86
29.84,33.01,33.3,28.8,23.96,25.25,24.19,28.63,29.85,25.32,27.43,36.5,29.67,29.37,31.19,32.42,29.3
33.24,24.46,31.6,31.58,29.91,31.49,31.89,31.76,29.23,31.12,24.21,28.94,27.28,25.69,30.88,24.37,29.23
31.58,29.37,33.85,29.03,29.51,32.15,27.08,33.42,25.08,29.36,31.43,30.9,30.88,31.45,29.36,33.54,30.5
32.36,27.12,29.18,27.22,30.1,30.93,33.8,29.17,25.73,28.45,30,27.42,28.28,31.05,30.86,32.22,29.62
30.68,30.63,31.3,31.27,27.44,29.6,30.12,34.83,31.81,28.38,30.64,34.42,31.13,28.98,29.15,35.03,30.96
26.28,30.78,30.93,30.6,27.22,29.18,29.58,25.98,28.48,28.71,34.57,29.04,30.76,28.33,29.01,30.37,29.36
31.52,29.63,28.93,31.54,29.18,29.1,30.54,28.71,26.07,31.51,30,30.17,32.52,27.99,31.16,31.17,29.98
32.3,29.68,29.39,28.81,29.06,31.71,30.96,29,31.82,32.38,31.61,32.08,27.55,29.98,30.84,28.47,30.35
30,30.6,30.32,31.35,26.57,30.77,27.32,33.5,31.01,29.05,29,24.52,32.34,34.21,27.59,29.04,29.83
31.48,31.37,28.45,33.29,30.44,30.71,30.46,29.17,32.87,29.68,29.64,31.19,27.9,28.49,29.96,26.28,30.09
27.4,28.28,33.29,29.83,29.3,28.27,28.35,29.44,28.62,30.23,33.11,27.17,26.53,29.37,28.41,27.94,29.1
30.12,30.91,27.99,29.09,27.23,27.37,29.65,30.85,28.97,28.61,30.71,29.19,32.83,31.98,34.84,32.03,30.15
28.84,29.93,28.3,30.93,30.09,30.08,32.73,28.95,31.25,29.79,30.86,30.69,30.04,29.81,34.01,29.91,30.39
28.34,28.51,32.64,27.68,26.33,28.35,28.75,30.95,28.71,27.9,28.29,32.15,29.33,28.81,33.31,29.68,29.36
32.22,27.01,28.55,27.92,31.64,32.36,30.04,24.3,29.22,28.51,29.68,31.75,30.91,32.96,30.97,35.28,30.21
31.22,25.2,30.07,30.65,31.74,28.3,32,30.69,31.05,30.98,31.82,31.02,31.61,29.56,26.04,28.74,30.04
28.34,32.68,29.06,30.97,30,31.31,34.95,29.7,29.27,28.61,31.57,30.54,30.7,30.74,32.96,32.11,30.84
32.38,29.63,33.94,28.9,29.17,30.77,30.81,30.76,31.47,27.32,29.07,31.54,31.03,31.13,29.35,31.52,30.55
30.32,30.82,29.29,32.15,27.03,27.56,27.11,32.68,29.18,31,31.57,27.96,27.08,34.79,31.12,31.13,30.05
30.46,32.5,31.63,29.89,29.86,30.37,27.84,30.25,27.98,29.57,30.89,30.52,32.06,27.67,28.36,32.95,30.18
33.82,29.3,30.68,29.39,32.43,26.87,30.26,31.2,30.24,26.96,30.25,30.67,32.77,31.3,32.94,29.65,30.55
31.96,30.03,26.89,28.62,31.73,28.67,31.92,30.15,28.21,28.95,31.39,27.71,27.87,30.6,28.96,33.39,29.82
30.42,30.77,31.32,25.59,30.18,29.52,29.39,29.63,28.43,31.58,32.89,30.06,32.29,30.58,25.63,31.68,30
28.36,25.81,33.65,30.81,26.44,27.14,30.55,30.11,28.07,28.61,32.96,28.21,29.46,28.75,34.1,31.42,29.65
28.62,30.88,25.69,32.96,29.75,25.71,30.97,32.64,27.18,31.33,30.39,28.02,30.05,34.18,30.3,28.39,29.82
29.74,27.79,29.76,30.82,27.67,29.13,33.87,29.48,32.18,30.05,33.57,35.08,24.84,31.14,27,31.79,30.24
27.56,27.86,25.99,31.26,32.94,29.14,30.02,28.17,29.52,28.96,29.32,27.77,22.52,29.49,29.63,30.03,28.76
28.26,30.81,27.71,29.74,29.7,28.32,30.56,33.02,30.91,27.96,30.11,27.38,28.58,31.2,30.85,29.04,29.63
28.12,28.36,29.07,29.18,28.96,34.87,29.62,29.08,25.58,29.7,26.89,29.1,29.05,30.29,26.46,29.75,29.01
25.48,30.34,33.88,27.46,27.61,27.74,26.02,28.94,29.36,28.27,30.43,29.75,27.82,33.24,28.16,30.48,29.06
29.58,27.62,30.81,28.53,31.79,29.49,29.21,29.76,30.28,31.17,30.18,33.52,30.32,29.87,28.29,30.25,30.04
31.24,32.56,29.71,28.71,30.46,31.95,29.79,29.61,31.57,28.87,28.64,30,27.62,30.13,29.21,29.21,29.96
28.06,34.58,28.56,29.98,34.39,34.95,31.65,26.04,30.57,30.88,29.86,29.92,29.72,27.74,30.03,33.22,30.63
33.28,29.98,30.5,31.48,29.38,31.31,27.69,32.15,30.57,29.66,30.43,28.08,28.41,29.76,29.19,31.13,30.19
30.38,29.69,32.04,29.98,26.31,29,31.11,29.62,28.92,29.33,33.61,31.5,32.54,30.38,27.41,29.04,30.05
34.98,26.49,26.14,27.96,27.02,29.3,31.29,33.55,30.48,28.84,29.14,33.54,27.06,26.68,33.38,26.89,29.55
33.02,24.82,27.46,29.02,31.18,31.17,25.69,31.11,30.98,30.58,31.39,28.54,31.53,30.77,30.75,30.74,29.92
29.94,28.14,30.18,28.18,32.35,27.26,28.84,27.82,32.1,31.6,28.64,27.12,31.71,32.85,27.13,31.41,29.71
27.78,29.41,30.08,29.32,29.97,29.58,26.83,31.8,28.99,30.77,26.68,28.52,29.28,30.44,30.12,29.27,29.3
28.58,33.99,31.45,31.37,27.43,26.58,33.8,31.24,30.42,31.22,32.5,28.94,32.42,32.79,29.01,28.53,30.64
27.76,30.1,27.76,29.27,28.24,28,30.49,26.12,31.13,30.02,29.57,28.46,29.07,32.23,31.58,30.5,29.39
27.76,29.89,29.61,32.22,36.52,28.8,31.09,31.69,32.11,27.67,32.32,27.75,31.45,27.5,31.96,28.7,30.44
31.26,33.6,30.93,27.74,34.38,30.69,30.75,31.8,29.39,30.41,29.04,33.38,34.2,31.17,26.3,31.31,31.02
31.78,30.04,28.77,31.41,34.67,29.26,28.14,31.32,28.59,28.93,27.68,28.85,27.28,34.37,29.37,28.78,29.95
32.38,31.79,32.83,29.56,31.97,31.29,26.58,29.61,30.39,28.94,27.61,28.25,27.03,32.21,27.11,27.88,29.71
30.04,30.04,28.56,29.29,28.58,30.89,31.54,30.92,30.07,30.72,30.39,33.15,32.67,29.29,30.15,34.18,30.66
29.34,31.06,28.75,28.57,34.69,30.8,35.89,28.9,29.25,27.24,27.57,28.94,29.2,26.64,27.38,33.35,29.85
28.04,27.84,32.85,28.78,29.76,28.17,29.81,33.4,29.98,31.25,31.82,25.77,33.56,28.13,30.22,32.85,30.14
28.76,32.41,29.1,30.16,31.04,34.23,34.24,32.42,29.3,30.64,29.43,33.35,27.27,29.83,27.79,28.58,30.53
27.88,33.29,31.69,30.55,28.49,28.57,28.05,28.27,28.24,30.24,30.79,33.83,32.1,30.32,31.99,30.3,30.29
30.12,32.99,31.37,27.08,31.52,28.25,28.96,29.18,31.82,30.7,28.64,29.35,29.05,31.4,34.86,27.12,30.15
28.96,26.19,31.25,31.96,30.68,34.1,32.09,28.95,28.57,28.8,31.29,26.71,26.5,33.8,31.21,30.27,30.08
29.7,32.07,29.63,30.9,27.55,26.79,28.91,27.83,28.72,29.54,32.11,32.04,31.49,35.26,27.13,30.97,30.04
30.86,28.57,30,30.26,26.44,27.64,30.66,29.99,28.98,31.85,33.18,28.52,31.8,30.4,31.51,29.21,29.99
33.32,33.59,29.42,31.94,30.56,33.13,31.46,30.17,26.93,31.37,30.25,31.42,33.54,32.29,29.68,28.64,31.11
27.76,31.32,35.12,31.94,28.65,30.61,32.34,29.63,29.03,32.03,25.79,29.52,30.65,30.24,30.71,32.93,30.52
30.1,32.9,30.45,30.35,29.36,29.74,26.72,35.07,28.96,29.72,30.43,27.6,31.68,34.82,32.65,30.31,30.68
28.2,33.74,29.3,30.32,29.36,29.64,23.14,30.2,30.84,27.86,25.04,31.65,25.32,28.08,32.89,33.23,29.3
31.12,34.3,30,28.26,28.24,27,26.82,31.32,27.54,30.94,31,33.21,28.71,30.48,32.19,29.97,30.07
29.9,28.68,28.68,32.06,29.5,31.24,29.37,29.75,30.74,33.16,26.39,29.77,29.67,31.15,31.17,28.19,29.96
34.98,31.96,32.48,32,30.39,32.69,27.6,29.79,27.47,34.19,28.46,33.17,29.44,27.37,29.87,35.47,31.08
32.72,31.62,29.3,29.61,27.42,33.21,28.9,33.33,33.62,29.24,30.04,31.33,30.11,27.56,27.88,34.07,30.62
28.08,29.69,27.68,26.81,29.74,27.42,27.71,30.98,29.51,31.19,32,30.21,28.9,33.85,30.58,27.5,29.49
31.3,29.19,29.44,33.01,26.7,28.99,30.36,28.82,27.32,33.37,30.07,33,29.54,30.11,29.67,30.71,30.1
28.46,27.84,29.13,29.36,32.93,26.24,33.12,31.68,27.44,29.2,30.04,29.46,28.11,31.65,27.01,27.04,29.29
32.6,29.42,31.12,30.13,30.85,29.12,29.87,26.6,26.34,29.43,29.75,32.29,29.86,30.65,29.92,29.72,29.85
32.64,29.07,29.95,29.36,28.25,28.61,29.54,34.31,28.93,30.02,31.43,26.6,32.71,30.88,26.78,31.23,30.02
31.18,26.4,32.93,29.13,29.18,27.23,31.26,33.38,29.52,29.08,28.79,34.46,31.57,30.5,33.09,30.64,30.52
30.64,29.41,29.98,31.75,28.79,28.69,26.73,27.12,29.67,31.25,28.5,28.25,27.24,29.62,28.02,27.32,28.94
28.88,32.07,30.73,30.28,30.54,32.8,30.01,28.25,32.55,29.12,27.04,27.35,32.09,29.07,30.08,34.07,30.31
33.94,30.24,30.17,28.94,27.03,30.69,23.64,32.27,29.88,26.02,29.29,29.96,28.97,27.81,28.9,28.03,29.11
33.96,30.87,28.95,32.36,31.04,31.15,26.15,29.18,33.11,28.89,33.82,29.83,29.87,30.87,29.52,31.87,30.71
30.26,29.83,30.4,32.14,30.85,31.24,30.08,29.33,26.83,32.26,31.61,29.65,31.63,30.94,35.94,28.13,30.7
29.42,29.68,25.49,32.9,30.72,31.73,27.16,30.68,30.11,28.56,27.25,32.31,28.56,28.92,35.46,30.17,29.94
31.94,30.17,32.2,31.05,32.32,30.89,29.61,30.39,26.34,28.34,28.04,30.48,31.44,30.07,28.7,29.67,30.1
31.44,29.5,34.36,27.78,31.74,32.33,32.52,29.81,27.58,26.82,32.75,27.94,30.6,33.81,35.08,27.91,30.75
28.94,26.41,31.57,30.81,29.54,30.99,29.06,28.19,27.36,29.49,29.57,24.96,30.1,31.37,31.65,26.94,29.18
28.3,30.73,31.82,29.44,33.05,28.88,28.55,32.82,29.11,30.5,32.11,30.4,29.77,29.31,28.31,26.96,30
32.66,29.97,27.71,28.19,31.06,31.48,31.81,31.42,32.62,30.06,32.36,31.54,31.78,29.38,28.5,31.26,30.74
29.08,29.29,27.36,30.56,26.94,31.7,32.63,28.42,28.1,28.77,33.11,28.12,29.45,30.13,32.03,32.42,29.88
30.58,32.13,29.77,26.29,31.42,29.42,30.23,33.02,30.04,30.88,29.18,28.23,34.15,26.92,30.32,33.36,30.37
28.28,31.5,30.63,28.81,27.56,30.2,32.07,31.07,26.7,31.45,27.57,32.29,32.41,27.05,35.75,29.64,30.19
28.5,34.43,27.39,28.59,29.48,31.58,30.32,31.23,31.83,29.31,32.11,32.21,30.6,32.18,31.1,29.42,30.64
29.24,27.69,31.8,30.5,33.15,30.85,29.83,26.86,31.44,31.48,33.61,28.71,30.66,27.2,32.71,33.49,30.58
28.62,28.76,30.32,28.87,33.01,28.98,32.09,31.93,26.76,27.43,32.21,29.9,28.18,28.29,29.44,32.51,29.83
31.08,27.42,28.69,31.59,30.2,30.13,30.75,29.19,25.4,27.7,29.14,30.83,28.15,28.2,28.52,29.11,29.13
28.76,30.57,32.94,30.66,27.87,27.14,27.6,26.95,26.74,28.39,31.79,32.44,30.7,29.56,28.19,31,29.46
29.54,32.38,31.43,29.95,29.82,31.67,29.22,31.73,31.03,26,35.14,28.29,29.91,31.2,28.08,33.08,30.53
33.2,33.94,26.19,28.85,27.14,30.5,30.19,31.96,26.72,30.14,26.86,29,32.33,33.21,32.99,31,30.26
28.06,33.43,32.12,30.26,29.25,29.56,29.09,24.42,29.25,29.85,28.14,30.23,28.82,28.4,27.37,28.04,29.14
30.58,29.28,28.6,30.4,33.03,30.14,31.19,32.73,31.38,27.5,31.32,29.5,27.56,27.26,30.39,28.46,29.96
29.74,30.53,30.68,30.39,33.19,29.7,31.12,30.43,33.52,28.93,26.64,25.73,26.21,28.95,30.34,28.14,29.64
32.94,28.73,31.76,28.42,31.92,31.43,28.71,30.58,27.46,27.73,26.25,28.83,32.02,30.29,30.88,30.82,29.92
29,33.72,29.88,26.55,28.81,30.88,30.33,31.98,26.22,31.04,29.5,26.88,32.59,27.67,28.73,33.77,29.85
29.46,29.53,27.79,29.35,34.94,30.37,27.27,35.58,26.09,31.39,28.93,27.98,30.03,30.98,27.9,29.08,29.79
30.48,28.89,27.58,27.61,30.38,30.39,34.65,28.62,34.63,28.8,28.18,29.48,31.53,30.12,29.62,29.16,30.01
30.02,30.49,32.67,29.35,26.08,32.51,32.74,31.12,33.93,31.27,26.5,28.08,30.88,29.1,28.68,30.67,30.26
24.24,30.42,26.86,28.24,29.38,30.99,30.58,30.12,28.77,28.44,32.57,27.5,31.5,27.7,30.28,30.51,29.26
29.3,34.81,27.7,31.89,30.29,33.32,31.13,27.64,30.19,33.36,33.18,24.83,30.34,28.2,30.88,26.31,30.21
24.56,30.19,32.39,26.54,26.79,34.21,32.25,28.68,30.78,32.9,30.86,29.81,32.97,31.08,34.45,28.61,30.44
28.66,27.98,28.92,32.13,28.32,31.44,28.99,28.58,28.85,32.8,29.04,32.08,29.19,27.3,36.62,35.21,30.38
32.86,27.98,31.04,30.05,30.19,26.69,31.23,29.94,33.34,29.89,32.57,28.48,29.19,29.96,28.34,31.28,30.19
28.68,26.57,26.81,28.15,29.34,29.69,33.85,30.88,30.32,26.93,28.07,27.85,28.48,33.18,33.97,28.32,29.44
31.6,26.29,27.43,25.88,26.31,27.88,27.24,31.68,30.19,28.05,32.04,29.73,29.52,25.04,31.33,32.6,28.92
34.32,31.1,27.96,32.74,28,27,26.93,30.62,27.17,31.83,27.14,31.75,32.35,31.77,32.08,28.21,30.06
29.7,31.24,28.58,28.99,25.86,26.3,25.88,30.87,30.09,26.92,30.39,29.06,31.38,33.58,31.79,30.63,29.46
28.94,34.5,27.55,31.11,33.22,32.9,26.29,29.83,31,31.37,29.07,31.46,31.35,31.43,30.16,28.45,30.54
29.66,30.22,31.64,32.09,28.08,25.86,31.73,32.71,29.38,26.4,28.61,31.58,30.14,33.65,26.18,30.16,29.88
29.34,31.22,25.99,30.51,31.1,32.64,30.13,30.61,34.41,28.72,24.82,29.31,29.97,32.95,30.43,33.8,30.37
30.9,35.24,26.98,30.38,32.31,29.74,29.36,28.92,29.18,30.02,33.25,29.02,31.45,34.33,28.01,28.88,30.5
32.74,26.87,31.81,32.72,32.9,34.32,35.05,29.07,30.27,26.56,29.89,26.92,32.74,31.68,31.47,28.81,30.86
36.92,29.56,27.93,28.75,31.59,28.36,27.17,27.26,30.49,30.65,33.82,25.75,29.66,29.58,24.88,30.94,29.58
30.02,32.36,29.39,31.89,26.06,33.38,29.86,29.87,30.88,32.7,30.93,28.04,32.25,31.1,30.68,28.54,30.5
29.4,30.16,33.36,30.84,33.4,33.83,30.14,29.1,31.27,30.06,31.29,30.98,33.11,29.77,30.16,30.99,31.12
29.98,27.53,33.79,28.88,30.69,28.45,28.77,31.56,27.81,30.66,30.54,31.6,28.96,31.56,34.94,30.21,30.37
24.92,31.48,31.79,30.12,29.7,26.74,30.46,28.98,34.48,31.14,29.14,29.1,29.46,27.9,34.44,27.06,29.81
29.42,30.51,32.29,28.86,30.47,26.04,29.43,29.83,30.08,31.47,33.18,28.46,27.8,28.19,30.39,31.04,29.84
28.76,31.47,27.74,32.64,31.35,28.67,27.09,32.77,30.55,28.87,28.82,29.79,28.62,30.83,31.6,26.92,29.78
32.52,34.87,31.94,32.82,32.19,28.57,32.29,25.62,28.26,28.95,28.14,33.65,30.71,25.31,27.78,28.34,30.12
32.14,30.63,31.31,33.38,30.32,34.07,29.56,33.74,27.38,26.99,29.96,30.69,29.87,31.5,28.29,26.58,30.4
31.62,28.38,26.92,28.21,29.66,28.87,31.99,34.7,30.19,31.4,31.32,31.48,32.98,30.92,26.96,28.53,30.26
28.86,31.03,26.58,29.7,30.19,27.58,32.59,32.24,34.02,30.58,32.25,29.4,32.4,28.76,28.74,29.73,30.29
26.68,26.59,30.65,30.76,31.67,27.93,31.81,31.73,28.43,28.82,31.07,26.21,31.2,30.93,32.52,30.56,29.85
30.08,29.89,33.44,28.21,30.76,29.82,29.87,33.42,31.91,25.9,28.75,26.15,29.17,32.07,30.97,25.58,29.75
29.8,27.03,28.58,33.53,30.86,29.83,30.51,29.99,32.52,31.11,28.68,28.69,30.1,29.4,30.49,31,30.13
27.7,32.08,28.39,32.13,28.6,28.06,35.94,26.64,28.68,31.44,32.46,34.29,29.83,30.62,29.82,27.77,30.28
28.14,28.96,30.82,31.25,30.35,31.01,32.34,28.94,33.39,31.04,28.61,29.88,26.12,28.92,32.13,29.17,30.07
26.22,29.43,33.49,31.56,30.54,29.99,30.28,27.26,30.66,30.38,29.96,27.08,29.49,31.55,32.1,28.21,29.89
29.7,31.43,30.71,30.04,27.94,30.8,29.32,31.08,30.21,30.49,29.75,30.5,27.44,31.48,30.12,31.64,30.16
28.3,34.79,33.18,30.43,30,28.46,29.2,26.12,28.53,31.97,28.89,25.88,28.79,29.75,30,28.22,29.53
31.6,25.37,28.75,31.51,29.45,29.89,32,31.94,31.21,27.56,26.89,29.15,24.46,26.62,30.52,26.62,28.97
28.66,29.22,32.42,31.04,32.06,30.23,27.43,34.07,25.22,25.1,31.96,29.33,29.8,32.52,30.78,30.83,30.04
27.92,27.63,30.52,26.84,27.66,29.21,26.97,30.87,30.98,32.29,29.79,28.23,27.6,29.12,30.65,28.46,29.05
29.42,29.14,30.01,28.17,30.39,26.43,28.84,34.19,26.02,29.47,26.75,32.19,32.49,31.95,32.17,31.15,29.92
29.92,25.88,32.57,33.06,24.87,28.56,28.74,29.2,30.07,28.37,32.79,29.27,27.48,32.98,26.37,30.31,29.4
31.28,28.7,30.71,27.44,27.57,30.6,30.15,32.54,28.93,30.77,25.32,29.42,30.57,32.39,29.14,30.29,29.74
32.68,32,32.31,29.28,27.19,30.1,30.24,29.06,29.17,28.86,30.46,29.5,30.82,26.87,29.87,29.38,29.86
28.04,31.07,29.64,26.71,31.68,31.85,25.96,32.75,31.18,27.59,31.71,33.58,30,29.83,27.84,26.39,29.74
26.78,30.9,28.46,30.42,29.96,31.85,28.47,24.81,34.38,31.26,32.54,27.17,33.28,32.19,28.3,29.02,29.99
30.08,28.5,32.76,27.47,28.25,24.77,31.43,28.39,28.33,30,29.93,25.42,29.85,28.13,27.71,29.09,28.76
29.22,31.86,30.06,26.15,32.38,29.54,23.99,29.2,26.06,33.03,28.93,32.21,28.18,28.82,33.25,29.72,29.54
33.48,28.06,29.58,30.5,27.79,31.14,30.92,29.88,32.31,26.48,29.36,27.96,27.31,33.98,30.05,30.31,29.94
30.02,32.9,29.62,31.32,27.23,26.74,31.47,31.68,31.98,30.32,28.54,27.42,28.1,28.27,24.16,28.8,29.28
30.54,31.38,27.74,29.03,33.5,31.6,34.26,31.07,30.85,30.45,31.46,28.65,30.21,31.44,31.06,31.42,30.92
28.96,30.11,26.01,30.48,31.67,31.38,29.94,30.77,27.8,30.46,32.25,28.17,28.7,28.95,33.82,26.14,29.73
27.66,31.14,32.42,28.55,34.66,31.9,31.08,31.81,29.12,30.19,28.86,30.6,27.45,30,32.05,30.12,30.48
27.72,32.34,30.86,28.7,26.98,30.8,27.41,29.82,25.23,27.34,27.57,32.96,30.76,26.98,30.32,29.43,29.08
31.06,31.52,33.12,27.83,30.89,26.57,27.94,29.19,30.62,26.76,27.25,29.94,28.15,29.98,30.51,31.24,29.54
27.82,31.2,33.17,30.19,28.37,29.37,28.46,31.01,32.52,22.55,30.68,29.23,29.78,30.8,27.36,26.26,29.3
30.28,27.3,25.08,30.15,31.76,31.85,29.82,28.07,28.67,29.52,27.36,27.42,30.84,26.4,28.79,30.29,28.97
26.74,33.44,27.54,30.44,27.18,31.5,28.63,28.27,27.41,28.55,30.14,30.67,30.46,25.87,27.51,31.86,29.14
25.36,31.46,28.86,30.36,27.84,28.55,31.16,29.75,29.18,28.33,27.64,29.83,30.28,31.51,29.13,26.58,29.11
31.96,27.64,33.33,26.87,30.03,28.76,30.04,31.39,31.66,29.54,32.46,29.9,27.96,29.77,26.79,27.8,29.74
29.86,28.87,30.5,28.49,34.05,28.52,31.92,31.36,27.22,28,30.5,29.77,28.78,28.27,30.58,32.16,29.93
32.4,32.23,31.1,27.78,29.43,27.96,26.98,28.46,26.38,34.35,31.14,30.71,32.51,26.26,30.49,29.09,29.83
31.56,28.12,27.57,29.44,29.55,28.33,25.71,32.55,28.51,29.19,30.54,29.94,28.12,30.94,27.31,30.36,29.23
31.98,27.82,33.83,31.95,27.61,31.76,32.21,32.31,29.24,27.25,27.71,29.23,31.86,32.02,28.3,31.83,30.43
30.34,27.62,30.4,26.04,31.07,34.11,34.01,32.58,28.64,28.9,31.79,29.71,31.67,32.74,28.59,29.99,30.51
31.4,31.88,27.79,29.83,32.76,27.96,27.71,33.62,29.31,29.66,28.75,27.48,27.94,32.18,30.98,32.73,30.12
31.64,27.41,32.3,29.88,30.99,29.93,29.98,28.11,30.63,29.38,29.25,33.71,30.13,30.71,26.35,29.15,29.97
31.12,25.7,28.36,32.53,31.45,32.7,24.51,31.46,32.93,32.9,26.29,27.58,31.53,31.5,25.72,32.44,29.92
29.88,26.34,31.1,32.5,31.51,30,29.08,25.99,28.7,29.4,31.14,26.42,35.39,29.46,27.29,31.63,29.74
33.34,33.44,30.6,28.32,25.94,29.49,31.17,32.5,29.38,30.71,31.14,28.54,32.56,28.86,28.89,30.21,30.32
28.04,32.17,34.62,28.78,28.04,28.63,29.48,27.95,32.52,32.82,31.07,31.29,26.52,31.15,30.32,29.17,30.16
30.2,29.8,34.65,33.83,29.13,27.61,26.05,32.35,27.08,28.96,32.18,30.69,31.39,31.39,30.18,28.92,30.27
26.64,26.67,32.01,31.12,32.22,31.37,34.12,29.13,32.92,30.42,30.43,32.06,34.54,31.07,31.16,33.78,31.23
27.3,28.98,31.43,29.18,29.66,35.68,30.3,35.07,29.18,30.25,35.04,33,28.04,31.67,35.14,30.22,31.26
28.34,28.36,29.65,30.78,30.78,30.24,30.29,29.87,27.84,30.34,26.82,29.12,32.49,32.64,30.65,30.54,29.92
25.86,27.88,31.81,25.62,32.22,31.42,26.69,32.63,28.22,31.24,28.71,27.35,34.43,31.43,30.75,30.96,29.83
29.34,31.8,31.08,29.55,26.53,32.14,32.88,26.67,30.87,31.09,29.36,29.58,33.83,32.17,30.91,32.87,30.67
26.32,29.92,27.49,29.42,28.69,36.4,24.96,34.92,30.17,31.6,29.93,31.77,29.51,28.85,32.78,28.07,30.05
31.82,29.39,32.07,31.91,28.69,29.2,31.28,29.93,28.01,31.44,30.79,27.79,29.31,28.56,28.75,27.87,29.8
32.84,28.91,28.75,30.26,28.27,33.7,31.27,30.7,29.07,30,29.57,30.02,33.29,30.89,28.18,26.49,30.14
26.4,30.2,29.44,27.85,26.76,29.44,28.53,29.08,30.39,26.83,30.79,29.54,31.1,27.21,32.51,27.74,28.99
29.52,28.32,28.45,30.01,30.66,30.27,26.65,28.81,31.08,30.02,33.93,27.96,31.74,30.75,26.37,30.68,29.7
31.66,27.94,35,28.48,29.1,27.64,29.1,30.77,29.91,27.37,28.75,29.58,29.66,26.14,28.34,30.36,29.36
31.94,28.29,32.67,31.76,31.93,27.51,31,30.76,32.5,28.49,32.96,30.48,28.09,27.46,30.74,30.36,30.43
24.7,29.83,30.06,32.63,29.31,26.61,28.04,31.76,29.02,30.36,29.36,32.77,34.38,30.76,28.6,30.22,29.9
30.16,33.04,33.99,26.46,30.09,32.76,29.19,32.02,29.64,28.52,24.29,26.38,31.46,31.5,30.68,33.11,30.21
30.14,31.26,29.81,31.59,32.92,29.63,27.94,31.74,27.28,31.02,30.54,27.58,28.06,27.29,29.02,28.21,29.63
27.68,31.37,30.14,31.43,31,30.75,31.57,27.38,30.03,28.26,31.43,29.85,33.19,31.92,27.8,31.17,30.31
24.24,26.42,27.35,30.28,33.09,32.39,29.89,31.85,25.54,31.82,32.39,34,32.27,33.23,33.53,30.86,30.57
29.44,33.61,29.92,27.48,28.42,32.77,33.61,30.25,31.27,33.02,30.54,30.04,27.9,27.87,33.46,30.66,30.64
30.08,29.82,32.76,31.78,28.29,29.14,28.21,28.36,28.73,26.63,29.29,26.69,34.15,28.73,32.72,32.86,29.89
26.5,30.61,27.79,29.66,29.34,29.21,28.58,32.44,32.55,28.69,31.5,29.62,30.2,31.18,28.35,31.88,29.88
29.06,27.38,30.85,28.49,32.03,33.86,33.54,29.26,29.53,32.96,30.11,27.35,30.7,29.77,30.94,31.72,30.47
31.22,27.56,27.89,27.99,29.75,31.89,28.15,30.52,28.44,27.2,28.68,28.46,28.49,32.6,29.2,29.74,29.24
27.14,28.32,30.39,28.04,29.88,30.99,28.1,33.21,31.96,31.1,33.07,29.6,33.36,32.01,33.43,27.41,30.5
29.52,32.32,34.14,32.05,32.2,33.94,25.66,27.61,33.02,31.57,29.5,31.96,30.7,29.25,26.4,28.99,30.55
30.84,31.34,28.9,28.69,30.02,33.3,26.23,28.43,29.22,29.3,31.43,32.67,28.09,26.48,24.8,32.41,29.51
28.92,25.14,31.06,29.25,30.05,35.55,30.19,27.98,28.32,29.34,30.25,30.65,28,27.86,34.14,27.8,29.66
33.38,28.38,29.11,30.1,26.51,31.48,33.6,30.1,26.89,30.47,28.61,28.71,35.28,26.38,29.54,27.69,29.76
28.16,33.42,31.27,31.56,30.79,33.8,34.5,28.1,31.93,29.4,30.36,29.23,29.64,29.67,28.59,27.88,30.52
32.28,32.29,27.87,30.06,31.57,32.9,32.91,30.89,29.98,30.58,30.43,29.81,32.53,31.42,29.44,31.62,31.04
30.74,28.82,33.12,30.74,23.66,31.19,28.94,26.94,30.18,30.13,27.75,27.96,32.81,33.54,31.09,29.5,29.82
28.18,30.04,27.64,29.58,28.34,37.25,25.84,33.38,26.84,30.43,30.25,28.21,30.91,26.96,31.7,30.61,29.76
30.48,30.17,32.75,31.17,27.59,30.62,30.15,30.04,29.97,32.25,31.89,30.04,29.38,26.96,32.66,30.42,30.41
31.72,31.34,30.5,31.83,30.74,29.89,29.83,27.45,32.07,27.97,31.04,32.23,29.64,31.48,32.74,33.28,30.86
28.5,27.67,30.12,32.01,29.06,30.58,31.26,31.04,32.36,31.98,28.21,28.21,26.37,29.45,24.75,29.57,29.45
31.46,29.72,28.57,32.94,34.72,31.67,33.32,32.65,33.37,29.35,34.11,27.9,32.87,25.57,29.91,30.86,31.19
27.84,30.84,30.43,29.94,30.46,33.06,30.78,29.13,32.4,28.27,31.14,28.54,30.18,29.5,34.02,29.12,30.35
28.76,28.8,34.05,32.16,28.62,27.52,30.42,28.21,28.02,29.52,29.96,29.9,26.85,29.54,27.08,30.13,29.35
30.16,30.03,30.75,29.21,28.39,30.08,32.16,29.18,31.49,29.88,25.96,29.46,30.48,26.87,31.46,29.11,29.67
32.84,33.7,26.94,29.69,31.39,31.43,31.39,32.89,31.22,28.54,28.68,31.44,29.72,28.86,26.42,30.92,30.38
30.7,28.9,27.73,28.29,29.38,27.85,27.97,25.24,27.75,29.52,31.32,31.56,28.81,30.26,31.86,32.14,29.33
29.9,25.31,27.12,30.22,28.63,35.46,27.06,29.68,31.94,27.12,31.86,32.15,30.65,32.27,22.06,32.75,29.64
23.5,30.3,33.42,31.01,29.56,27.36,30.6,31.43,27.46,30.8,28.89,34.83,32.51,31.17,28,31.78,30.16
29.1,30.69,32.85,29,30.9,31.1,31.43,32.35,32.62,29.2,30.57,31.44,29.44,30.71,34.33,31.66,31.09
32.64,32.37,31.93,29.29,31.93,34.17,29.08,31.06,29.69,31.05,31.79,26.94,30.22,33.06,26.76,28.83,30.67
28.34,23.84,31,31.51,31.1,32.43,28.65,31.8,28.8,31.27,35.32,31.77,28.12,32.74,30.72,28.67,30.38
28.98,28.48,30.8,27.41,32.31,30.54,28.34,31,27.42,30.96,30.68,28.19,29.5,27.42,28.81,29.54,29.4
25.88,32.77,28.08,27.47,28.49,28.98,28.51,27.68,35.1,28.66,31.86,27.33,30.32,29.39,27.48,28.32,29.15
34.16,32.29,30.4,25.52,29.79,26.51,30.05,26.99,31.57,32.74,25.14,28.19,28.63,31.67,30.37,32.72,29.8
30,28.62,28.33,34.67,29.06,27.58,27.41,30.83,30.48,26.78,27.89,29.98,33.1,29.48,28.98,31.42,29.66
28.86,31.44,28.67,30.1,32.03,34.02,29.8,27.99,31.26,28.58,31.71,29.92,28.99,30.18,28.78,32.72,30.32
28.08,30.23,29.23,34.41,29.76,28.79,31.02,32.57,29.2,27.53,27.43,26.6,35.32,30.86,26.75,31.43,29.95
27.52,29.16,28.14,29.35,28.25,28.68,31.38,29.36,30.82,25.71,26.39,30.08,29.28,28.62,28.83,28.47,28.75
28.12,27.94,31.14,29.7,30.43,29.71,30.17,30.43,30.39,30.11,27.36,30.75,31.63,28.32,28.81,28.43,29.59
34.02,34.09,31.49,30.79,34.24,29.08,27.14,30.95,27.68,28.85,32.96,27.96,29.27,31.05,33.12,28.53,30.7
27.74,25.82,28.77,28.29,33.36,30.13,27.02,25.58,23.63,27.61,31.36,31.1,27.4,31.5,29.63,31.29,28.77
28.26,30.39,30.63,27.19,33.46,28.32,32.17,29.15,33.41,31.66,28.5,33.54,31.39,29.71,25.37,32.91,30.38
29.08,31.51,30.33,29.34,28.8,31.5,32.09,32.46,27.92,29.09,30.11,28.67,30.12,30.24,30.19,26.34,29.86
33.58,32.82,35.07,29.89,30.93,28.76,26.3,29.58,28.51,30.95,31.54,28.58,31.72,29,29.13,31.23,30.47
28.38,30.74,31,31.96,29.97,31.86,29.31,28.99,29.87,27.32,26.93,32.12,31.57,30.85,30.51,27.07,29.9
28.32,29.58,29.82,34.64,30.54,28.76,32.14,27.21,30.47,32.97,28.04,29.88,32.49,28.4,31.14,25.82,30.01
30.34,32.87,33.07,31.78,31.31,31.27,32.41,28.12,31.05,28.72,32.29,27.75,27.8,28,27.69,28.95,30.21
29.84,29.24,32.62,29.4,32.34,31.4,29.42,30.85,33.43,30.15,29.07,26.83,29.16,28.94,29.52,29.68,30.12
28.92,29.76,30.95,31.6,30.68,29.23,25.91,28.2,31.82,31.33,31.11,31,29.14,28.65,31.02,33.52,30.18
29.02,33.54,33.29,28.12,26.74,27.24,33.03,34.73,28.78,27.19,28.79,25.52,37.53,32.24,32.02,32.32,30.63
30.16,27.81,29.63,30.85,26.94,28.55,29.08,30.08,28.01,30.82,32.29,28.06,32.52,29.25,32.92,30.79,29.86
33.48,36.94,30.99,29.63,26.37,32.65,32.77,31.3,32.91,31.5,29.07,28.94,30.07,29.95,24.8,31.53,30.81
28.24,26.93,26.25,29.87,28.46,31.14,33.14,28.19,27.08,25.6,31,30.19,27.95,27.8,29.72,31.08,28.91
28.72,32.78,32.68,30.09,28.56,30,34.01,34.77,30.78,30.32,29,31.92,29.75,30.79,28.18,30.39,30.8
33.3,29.16,28.76,27.64,29.54,30.19,31.03,28.82,31.07,33.45,26.46,33.4,34.42,29.13,30.83,29.52,30.42
32.42,32.94,34.01,31.78,29.81,30.29,31.79,26.08,28.91,29.55,29.75,33.1,29.24,25.83,26.93,30.91,30.21
31.38,32.54,34.82,26.68,29.46,30.68,25.48,31.65,29.97,26.76,32.04,37.35,29.2,31.19,26.28,29.53,30.31
28.2,28.54,32,28.75,33.78,28.38,31.44,30.49,31.08,31.67,29.68,29.94,29.46,28.46,30.64,30.63,30.2
28.94,30.54,33.17,33.11,30.84,32.29,29.89,28.51,31.68,29.58,30.36,30,30.36,29.95,27.42,30.82,30.47
30.48,34.6,29.11,28.62,32.19,29.3,28.42,30.04,28.19,32.14,32.93,30.75,29.3,28.02,26,30.67,30.05
26.16,31.46,26.88,34.22,30.51,27.08,32.1,30.63,28.03,35.17,32.21,29.33,32.51,27.07,27.44,33.68,30.28
30.18,31.41,29.82,31.28,34.99,30.32,30.32,35.86,30.25,29.34,29.39,28.71,26.92,26.26,29.56,30.36,30.31
26.26,31.38,29.6,28.85,30.78,30.21,29.58,30.39,24.83,29.58,32.29,28.65,27.27,30.77,32.45,34.34,29.83
29.78,31.18,33.17,30.26,30.05,30.82,29.21,26.18,28.92,33.43,30.93,31.12,30.5,32.12,26.83,30.38,30.3
32.24,30.38,31.61,28.97,31.6,32.45,27.58,24.38,25.29,32.48,29.21,33.12,30.15,31.38,33.32,25.76,30
28.74,25.8,27.71,30.33,27.66,31.31,31.56,30.35,27.73,26.98,29.89,29.06,27.52,31.02,33.28,32.58,29.47
30.38,34.24,28.93,31.83,31.19,29.17,28.77,24.99,31.21,29.13,29.21,30.85,29.5,29.88,33.72,33.56,30.41
32.82,29.61,34.25,35.15,31.93,30.93,33.24,32.37,26.28,32.9,29.07,29.44,28.5,32.86,33.14,30.87,31.46
28.22,29.37,29.81,26.88,29.56,31.35,30.63,29.69,30.23,31.74,33.86,30.08,31.55,28.42,32.29,25.78,29.96
28.58,34.92,27.73,31.43,34.72,31.26,30.54,29.58,27.99,31.09,30.71,30.81,28.25,33.95,27.34,29.54,30.53
32.1,32.08,33.15,28.89,27.48,31.89,25.07,29.8,31.4,32.46,34.14,33.71,26.46,21.98,33.21,27.28,30.07
31.22,29.46,30.9,30.54,30.91,30.2,28.41,35.1,28.21,34.95,29.5,32.21,31.21,28.96,27.36,30.23,30.59
33.08,27.63,30.69,29.78,33.31,30.52,33.05,30.2,28.54,32.37,27,31.04,32.12,31.68,31.24,30.07,30.77
30.4,30.26,31.58,28.28,30.8,35.04,32.6,27.26,28,31.9,28.36,30.75,28.49,31.33,33.77,29.42,30.51
28.92,28.5,29.61,28.45,30.16,29.15,28.99,30.95,31.91,31.64,35.54,27.58,34.15,33,29.26,30.87,30.54
30.7,33.9,35.05,29.46,30.67,28.39,30.58,29.39,31.09,31.31,32.82,31.23,31.71,31.44,35.6,32.29,31.6
29.56,25.92,29.08,29.43,30.19,28.57,33.82,28.55,27.73,29.79,29.39,28.62,30.09,32.79,33.46,29.24,29.76
32.28,29.11,31.68,33.24,32.4,31.01,31.09,33.35,29.39,32.4,27.89,32.19,28.79,30.05,29.55,28.92,30.83
28.78,28.82,28.51,30.77,29.45,29.68,28.64,27.86,28.75,28.5,34.39,28.02,28.55,34.52,28.74,34.32,29.89
30.54,29.73,28.32,27.71,25.49,34.3,28.09,33.4,27.82,29.44,31.89,29.4,30.65,31.24,33.99,31.64,30.23
29.08,32.63,28.98,30.24,30,31.26,27.71,29.85,27.28,28.55,28.39,29.9,33.24,34.05,28.36,27.12,29.79
32.08,29.9,34.18,28.51,28.98,36.73,32.04,28.88,28.42,28.96,32.07,30.62,28.33,26.05,31.81,33.81,30.71
27.22,32.54,27.46,29.49,34.41,29.68,30.75,32.11,31.56,29.06,30.75,26.79,27.91,28.62,31.82,28.8,29.94
30.1,31.46,28,26.73,28.33,31.3,30.89,34.57,32.18,31.66,32.89,29.46,32.68,27.83,28.5,28.71,30.33
34.08,28.67,30.44,32.43,29.64,33.98,33.33,30.65,27.95,27.84,28.96,28.25,30.85,28.48,31.01,25.53,30.13
34.34,28.86,29.76,27.76,27.22,31.19,31.4,31.71,26.04,27.89,28.68,30.17,31.11,26.24,27.78,30.05,29.39
32.06,26.77,27.5,31.78,34.44,27.67,29.8,31.83,32.15,30,28.68,31.56,31.21,28.57,27.29,30.28,30.1
33.1,33.02,26.63,27.81,32.16,31.13,27.37,31.23,28.18,31.06,26.04,28.33,33.32,29.49,27.02,29.56,29.72
29.12,31.76,31.86,31.21,28.65,25.21,26.1,33.46,29.32,31.73,33.54,30.1,33.4,30.62,27.6,28.92,30.16
26.54,30.42,32.2,33.09,28.81,27.61,32.48,31.57,30.19,36.26,30.29,33.02,32.35,32.46,30.71,26.69,30.92
28.02,31.44,28.85,30.07,32.49,25.11,29.04,28.94,29.68,31.85,27.11,31.23,29.61,31.46,31.74,26.08,29.55
31.92,26.44,32.8,29.86,29.06,34.49,28.09,30.61,34.68,30.56,30.82,37.83,28.41,31.25,28.53,31.4,31.05
28.24,30.24,30.69,30.71,34.56,32.1,30.96,34.69,34.02,29.86,32.29,32.02,29.12,28.5,28.09,28.17,30.89
27.7,30.9,29.24,30.91,31.97,27.32,25.42,26.81,30.67,28.26,32.11,29.77,32.14,33.94,27.16,27.62,29.5
34.1,32.26,27.05,30.11,28.72,36.14,29.22,30.18,33.13,30,31.18,33,31.34,31.52,30.85,28.36,31.07
28.14,31.94,34.82,30.28,28.19,31.23,30.96,33.65,30.34,29.45,31.21,25.88,31.78,26.7,32.83,31.02,30.53
28.8,27.47,30.25,31.54,29.48,29.45,32.88,31.85,29.69,30.61,33.93,31.71,27.84,32.68,29.64,27.87,30.36
30.98,29.2,29.04,29.55,29.07,28.06,28.35,29.85,29.26,30.3,31.43,30.02,30.12,31.26,26.18,30.19,29.55
30.26,31.78,33.24,29.72,28.55,29.44,27.7,31.38,31.05,30.29,31.82,28.67,26.98,29.62,30.5,29.06,30
26.34,28.82,26.85,32.04,26.8,29.04,31.6,30.42,25.86,27.32,28.07,30.58,33.58,26.69,33.4,28.82,29.14
30.94,27,31.48,33.94,27.94,26.74,34.33,29.61,29.32,27.95,30.04,31.12,30.23,29.2,31.36,32.58,30.24
29.74,32.08,30.77,28.55,29.84,30.71,30.58,32.19,31.33,30.33,27.07,28.88,27.26,29.19,28.26,27.06,29.61
32.84,31.41,28.96,30.69,31.88,31.44,32.18,29.4,33.45,30.33,31.32,28.25,31.34,28.32,28.16,27.02,30.44
35.28,30.8,29.29,25.04,30,26.55,26.95,29.26,31.99,30.18,29.32,27.04,23.64,27.29,26.87,32.05,28.85
32.04,31.94,28.35,30.94,34.15,32.39,30.76,30.67,30.3,27.96,28.25,27.58,30.53,28.54,33.97,27.84,30.39
25.74,31.98,35.29,33.8,30.77,31.26,30.61,35.62,33.34,30.32,31.36,28.96,26.59,33.5,33.54,31.46,31.51
28.6,29.78,29.4,31.48,30.88,32.92,34.13,31.06,31.18,31.71,31.32,30.92,28.21,30.39,35.62,32.88,31.28
27.1,27.91,28.71,31.37,27.98,28.93,27.07,29.95,30.46,31.79,32.71,31.25,31.2,28.14,31.25,32.22,29.88
29.98,30.92,30.81,27.42,32.1,28.35,30.73,36.13,30.2,30.04,29.11,30.71,30.4,30.79,28.54,26.94,30.2
28.04,28.86,29.31,26,28.51,29.94,28.54,26.79,31.22,28.74,33.04,30.44,27.98,30.32,30.6,29.82,29.26
27.9,28.73,30.64,27.06,31.19,30.01,33.38,33.01,25.45,29.18,33.29,29.94,31.45,29.13,28,30.04,29.9
30.82,30.17,26.1,28.54,28.21,28.79,31.86,28.9,32.28,28.32,26.18,33.42,30.5,29.31,29.15,28.04,29.41
34.2,32.82,31.79,29.46,36.09,28.82,28.18,31.88,26.19,32.76,32.25,29.85,34.49,30.7,25.62,28.51,30.85
30.3,30.37,29.99,31.08,26.86,35.14,27.98,28.8,30.08,28.04,31.54,28.69,30.86,31.01,30.65,30.49,30.12
25.5,28.43,29.56,31.02,32.33,28.9,31.52,27.85,28.67,27.96,28.25,31.29,29.57,28.39,30.12,27.7,29.19
31.8,29.62,30.17,33.82,32.47,29.6,25.81,31.57,27.81,30.8,29.21,28.67,31.98,25.75,31.71,30.31,30.07
28.22,29.43,30.48,29.14,27.69,30.42,27.66,30.1,28.68,32.6,24.79,32.69,26.08,31.21,26.42,33.12,29.29
31.02,32.88,28.69,28.75,26.12,30.57,30.54,27.99,28.84,32.03,31.32,30.12,30.76,28.58,26.83,30.09,29.7
30.18,28.68,30.39,28.63,29.83,33.93,29.4,32.4,30.04,28.42,24.82,32.44,27.07,28.29,30.96,32.81,29.89
26.62,30.5,28.44,29.17,29.29,33.45,27.53,25.05,29.13,27.21,26.32,27.6,26.6,28.2,33.33,30.59,28.69
31.52,27.67,31.55,31.96,31.78,28.35,24.13,35.49,23.98,29.48,28.43,32.81,30.15,28.02,31.68,31.41,29.9
33.82,33.09,31.55,26.91,32.59,30.55,25.57,31.55,26.46,32.09,31.46,30.62,31.39,29.44,32.51,29.24,30.55
29.42,27.76,27.7,30.27,28.64,28.49,29.03,31.86,26.57,31.02,28.64,31.17,29.59,31.17,31.95,31.37,29.67
34,27.94,30.79,32.19,32.3,26.89,30.92,32.76,25.96,30.62,32.04,28.21,26.93,31.11,32.25,31.83,30.42
26.8,29.73,31.23,30.2,30.39,33.7,28.24,28.62,30.12,28.32,33.14,31.06,28.04,27.11,28.3,34.86,29.99
31.88,28.78,30.68,28.65,28.56,30.68,32.4,28.88,32.33,26.81,30.14,28.4,32.07,29.5,29.77,32.27,30.11
28.42,29.14,25.87,30.2,32,31.1,31.12,33.61,31.14,31.46,33.46,24.73,30.84,28.04,30.48,26.44,29.88
31.2,28.63,32.67,29.31,30.44,32,32.18,31.65,30.14,29.71,32.32,27.77,31.21,33.23,32.6,27.42,30.78
34.36,28.42,27.99,31.02,27.36,32.83,33.14,29.67,27.71,29.7,27.54,29.56,27.12,26.63,30.89,28.97,29.56
27.82,30.18,28.45,28.31,29.51,30.99,27.7,27.68,31.06,32.57,24.75,28.25,30.1,30.58,30.43,27.99,29.15
30.94,30.29,30.45,30.7,29.03,31.94,32.23,31.94,29.99,29.24,29.57,27.52,31.69,29.98,28.39,27.59,30.09
30.98,30.47,27.4,31.03,27.5,31.14,27.65,27.65,36.05,31.3,35.89,28.58,28.69,28.43,28.31,30.55,30.1
29.14,27.98,24.95,30.57,27.07,30.13,28.45,29.99,29.61,30.79,32.32,30.06,29.21,28.2,29.76,29.25,29.22
31.8,34.6,31,30.17,33.06,31.35,30.64,33.08,28.71,29.88,32,28.9,32.65,28.23,25.48,31.4,30.81
29.52,31.36,31.98,29.92,35.31,33.01,26.24,26.89,31.28,29.41,29.25,30.56,32.17,24.45,27.21,31.03,29.97
31.8,28.06,32.38,28.48,30.23,31.21,30.7,30.31,30.49,32.44,30.07,31.79,27.94,29.5,31.3,24.93,30.1
34.16,28.1,32.95,32.66,29.76,28.92,30.86,32.79,33.15,28.91,29.71,34.08,31.43,32.49,29.47,28.08,31.1
32.62,30.97,30.61,30.87,30.65,26.26,27.92,30.21,29.88,29.45,32.29,29.04,30.95,29.11,28.23,30.12,29.95
28.3,30.17,30.62,30.83,30.4,30.29,29.77,28.61,34.68,28.35,30.75,29.44,29.7,30.42,28.54,29.96,30.05
34.44,32.87,26.08,30.92,30.1,27.94,25.44,30.98,29.67,26.04,29.64,29.62,30.41,29.55,30.28,30.95,29.68
32.84,32.94,31.61,28.48,31.46,29.55,31.41,28.48,30.75,28.11,29.39,27.65,30.49,31.37,32.54,26.57,30.23
31.04,34.06,27.62,29.49,31.49,31.12,31.23,28.08,31.02,29.14,26.71,29.65,33.6,31.2,29.08,28.12,30.17
29.88,33.77,32.99,29.56,30.77,27.77,30.95,33.7,34.97,28.82,32.82,34.79,31.03,30.7,27.62,30.97,31.32
29.88,31.28,28.36,29.73,30.78,28.88,30.07,27.32,30.78,30.77,28.11,26.58,28.92,28.19,29.6,30.34,29.35
30.26,29.83,26.64,28.87,32.43,31.11,29.43,31.15,28.31,31.22,31,31.5,28.17,31.68,29.25,27.31,29.88
31.02,32.74,30.42,27.1,26.39,32.71,32.39,29.27,29.47,28.92,28.71,33.4,31.97,30.05,26.04,29.31,29.99
31.6,26.21,32.68,29.41,28.46,32.54,32.98,29.83,30.03,33.49,28.39,26.52,29.73,27.98,28.72,29.81,29.9
28.6,29.67,31.17,29.69,33.4,28.57,30.37,30.24,32.53,35.75,31.93,27.27,28.84,28.93,28.35,27.98,30.21
28.88,30.86,27.25,30.44,28.38,27.77,27.64,27.18,29.29,30.49,28.54,31.58,31.42,32.1,29.84,29.49,29.45
32.12,28.6,31.27,27.95,27.57,32.93,32.12,34.95,32.88,29.8,30.07,28.98,31,30.62,31.86,26.24,30.56
33.52,31.08,29.57,28.48,29.96,31.81,30.85,30.45,30.88,28.32,32.54,30.73,25.05,28.64,30.01,32.15,30.25
26.72,29.54,28.42,31.6,29.32,27.37,34.1,28.08,29.73,32.35,31.36,26.62,28.85,24.61,25.33,29.78,28.99
28.4,26.2,30.96,31.76,28.17,30.44,27.98,30.13,30.63,29.95,32.21,26.98,30.63,29.99,26.66,32.67,29.61
31.52,26.28,35.82,27.2,28.03,30.14,28.81,24.77,32.95,32.41,29.79,30.54,26.47,30.76,27.15,31.62,29.64
28.54,26.78,31.61,31.84,32.05,30.43,25.88,32.99,26.98,26.67,25.86,29.58,27.93,33.69,30.72,31.97,29.6
26.54,31.76,30.48,30.5,30.3,33.06,30.17,27.01,26.71,28.3,31.54,27.35,30.01,31.11,25.94,27.32,29.25
34.16,24.91,29.99,30.35,32.13,31.2,31.78,27.7,29.02,29.23,30.25,28.44,31.85,29.4,30.42,26.64,29.84
29.62,33.11,31.38,26.7,33.44,31.02,29.12,30.01,28.05,30.38,30.43,30.33,31.24,31.13,32.2,27.99,30.39
27.56,29.46,32.29,29.03,27.18,31.45,31.74,29.13,29.83,29.05,28.96,29.98,30.29,29.74,31.67,27.23,29.66
32.74,25.62,31.87,29.94,26.57,28.64,31.32,33.57,31.98,26.19,32.57,30.48,33.22,30.13,30.57,30.16,30.35
30.04,25.91,28.42,30.59,32.47,33.14,28.58,31.08,30.83,28.7,31.54,33.79,28.57,30.24,27.65,28.98,30.03
29.18,28.63,32.77,30.28,28.19,31.37,30.98,31.18,30.48,27.6,30.64,28.48,34.24,30.85,26.71,29.96,30.1
29.82,33.98,33.71,27.24,28.36,27.9,31.08,25.27,30,28.24,31.57,28.23,25.88,26.88,28.88,30.85,29.24
30.54,29.61,33.12,35.31,34.06,32.98,30.35,30.56,30.91,30.27,31.36,30.96,29.6,35.95,28.68,30.73,31.56
27.78,31.57,31.76,28.36,30.48,31.49,29.41,30.11,31.07,28.79,29.82,27.73,28.28,29.88,30.6,31.24,29.9
30.28,30.22,25.9,26.94,28.92,23.87,28.67,29.38,32.02,28.66,28.93,31.81,30.06,32.21,27.55,29.41,29.05
27.82,31.97,33.15,30.33,30.37,32.33,30.17,28.67,32.32,27.6,31.14,27.31,31.45,29.76,30.6,29.18,30.26
29.54,29.62,28.05,29.96,28.46,31.73,32.69,28.86,30.61,29.03,30.75,28,31.85,27.67,32.16,27.9,29.8
30.18,30.32,26.3,28.98,31.42,29.88,31.28,32,32.07,28.56,32.32,28.6,29.89,30.86,27.32,27.17,29.82
32.34,26.12,29.61,30.72,29.94,29.26,30.76,30.54,26.66,33.21,29.82,28.21,32.05,35.31,32.39,31.98,30.56
29.76,28.92,29.76,30.48,29.46,30.89,32.82,32.24,33.53,29.79,31.96,32.73,27.64,30.39,27.28,30.89,30.53
30.28,28.26,31.95,28.19,29.08,29.9,27.06,28.21,27.72,30.69,26.29,29.38,29.49,28.51,29.38,29.68,29
32.1,30.23,30.61,30.15,31.13,34.75,28.87,31.74,30.78,27.12,29.71,30.1,26.68,32.04,31.37,29.73,30.44
32.62,33.8,29.52,30.03,31.54,32.63,27.52,27.58,30.26,30.45,31.64,26.85,30.56,27.71,28.34,31.09,30.14
26.32,33.53,30.27,26.3,27.07,26.29,29.29,23.57,30.33,33.47,27.21,30.23,32.47,30.48,30.48,31.53,29.3
31.88,29.21,30.94,32.16,28.79,30.35,28.17,27.5,31.47,30.54,28,29.73,36.35,29.33,31.17,31.63,30.45
35.8,30.81,28.11,31,32.69,30.6,33.79,24.14,30.21,28.65,31.96,32.62,32.08,30.23,33.15,25.64,30.72
29.18,30.48,26.21,29.94,30.68,31.05,30.81,32.05,31.68,30.06,29.11,29.21,33.93,26.77,28.07,31.22,30.03
26.22,33.82,27.89,31.2,29.06,30.15,29.03,29.92,29.75,31.31,29.79,30.96,33.89,27.23,28.75,26.34,29.71
29.1,29.36,31.04,31.35,26.56,28.19,28.72,29.68,26.01,31.67,27.14,28.98,27.22,28.13,26.61,28.16,28.62
31.18,32.69,28.55,29.48,26.66,25.19,28.55,28.6,28.56,28.14,26.32,31.44,31.02,25.81,31.25,30.04,28.97
27.44,28.73,32.51,31.39,28.68,30.5,24.55,28.3,28.98,26.98,30.04,31.73,34.91,33,29.14,26.44,29.58
31.5,31.54,30.39,30.8,29.18,31,28.41,28.85,28.21,30.69,29.96,30.98,29.55,32.43,31.37,29.41,30.27
30.08,30.31,29.06,29.77,28.51,26.69,28.96,30.98,29.87,31.05,33.57,31.9,29.63,28.81,30.56,32.12,30.12
29.16,31.94,28.77,32.36,34.07,32.08,30.04,29.73,30.65,27.27,31,26.44,36.27,31.62,27.79,30.31,30.59
27.38,28.42,30.8,32.73,29.06,31.08,34.33,28.79,28.39,31.39,34,30.17,30.2,28.35,28.56,27.59,30.08
25.94,29.23,31.13,31.32,29.13,30.04,31.64,27.32,30.72,32.89,30.39,28.31,28.3,28.88,32.85,32,30.01
30.42,28.56,27.79,30.76,27.93,28.7,27.87,30.23,34.43,28.54,28.86,31.15,29.7,32.48,31.43,28.15,29.81
31.38,27.53,29.07,27.51,33.85,30.14,30.35,31.3,28.72,33.71,34.25,31.02,29.91,27.46,30.65,29.73,30.41
27.8,31.03,30.25,30.04,28.4,27.7,29.88,26.54,29.18,31.76,33.18,27.94,33.39,26.13,30.21,30.98,29.65
32.28,29.4,28.88,29.01,34.46,28.26,32.56,24.99,27.56,31.87,26.07,31.21,26.65,29.49,31.74,31.09,29.72
29.5,29.77,25.13,29.39,30.19,29.95,28.85,31.75,32.22,28.81,29.04,29.83,31.27,31.07,24.19,34.92,29.74
29.26,31.03,27.39,30.06,32.4,30.5,28.35,29.92,31.81,32.1,32.11,34.42,27.98,27.65,30.84,25.87,30.11
33.5,29.16,33.45,30.06,29.46,29.93,27.86,30.17,28.95,30.09,33.14,23.25,32.2,27.85,27.81,30.4,29.83
30.44,33.07,29.55,31.19,31.12,29.12,31.24,27.29,30.62,27.93,35,35.25,25.14,31.4,28.39,30.94,30.48
27.94,30.33,34.36,31.68,24.77,28.25,27.56,30.23,29.92,26.07,31.82,29.02,24.9,28.71,30.02,33.44,29.31
27.46,26.71,27.52,27.42,28.43,27.92,34.91,32.39,35.51,33.58,29.86,29.27,29.48,29.75,35.86,31.93,30.5
30.12,29.28,27.73,31.02,27.91,29.11,27.75,30.7,29.58,27.16,31.11,25.69,28.26,32.43,29.01,29.01,29.12
25.36,32.37,29.89,30.23,29.64,33.1,32.74,31.44,31.42,28.12,33.04,29.65,28.74,32.31,31.74,27.03,30.43
27.78,29.71,30.77,30.75,29.17,33.89,28.31,32.82,30.22,26.84,30.61,34.25,29.3,31.33,33.18,32.67,30.72
28.5,28.98,27.39,29.7,31.99,31.77,32.11,29.21,27.54,30.27,31.82,32.85,29.99,27.85,35.1,29.33,30.28
32.84,29,34.18,30.18,30.92,31.77,35.56,28.3,24.86,34.66,32.18,31.9,31.2,30.74,28.08,31.84,31.14
28.24,30.69,29.96,30.12,29.49,35.15,34.61,28.55,27.74,26.59,30.21,31.31,27.45,30.15,32.25,24.21,29.8
30.68,31.7,30.83,28.26,27.97,30.04,30.98,27.57,31.3,29.12,31.64,32.83,29.8,32.52,30.69,31.69,30.48
31.3,26.43,28.63,32.82,25.96,27.73,29.24,26.81,30.11,27.92,28.57,28.52,33.73,26.25,35.54,27.15,29.17
30.62,28.52,32.87,32.58,30.81,28.94,26.74,28.81,29.13,32.21,29.96,30.9,27.48,30.1,32.32,27.58,29.97
27.06,29.9,26.37,32.26,31.72,31.73,30.75,28.67,27.98,28.73,33.75,32.65,32.82,30.1,28.35,31.68,30.28
29.18,28.31,28.27,28.13,27.87,25.99,28.48,27.4,29.36,30.84,30.5,25.88,29.68,32.67,30.15,30.36,28.94
29.5,27.18,30.83,26.66,27.16,30.38,30.42,30.86,26.82,30.65,28.14,31.4,31.43,30.83,30.52,27.41,29.39
29.9,31.84,29,32.08,26.09,27.48,34.88,26.83,31.06,30.42,29,29.46,30.84,28.54,30.03,32.16,29.98
31.38,32.84,27.56,33.32,32.25,30.77,28.8,28.69,30.78,31.33,34.25,32.54,27.88,28.87,32.56,28.08,30.74
27.28,32.56,31.27,27.61,27.75,28.52,31.09,27.04,32.84,28.59,31.57,28.52,28.16,30.2,28.36,31.36,29.55
31.9,30.58,32.13,31.97,30.66,32.67,28.23,33.2,31.4,32.21,28.36,29.92,31.58,33.73,28.27,34.86,31.35
34.42,31.3,31.17,30.17,29.52,31.06,25.52,33.26,31.19,29.95,30.89,31.44,25.2,28.39,27.19,33.31,30.25
30.02,31.73,27.23,28.94,32.22,30.46,30.67,30.73,29.74,27.79,28.04,29.69,29.76,31.9,32.28,29.85,30.07
31.22,29.78,30.08,31.05,28.34,26.24,31.73,26.33,28.61,29.36,30.89,26.6,30.17,31.6,32.16,22.49,29.17
30.72,26.91,31.38,31.28,26.2,25.87,30.8,27.35,29.65,29.73,32.68,29.08,30.41,31.43,27.52,29.82,29.43
28.9,34.39,27.04,31.61,27.57,29.62,36.3,30.02,29,30.31,32.86,30.15,30.74,26.11,30.51,32.1,30.45
31.54,26.27,28.73,27.7,31.76,30.19,29.31,32.15,28.8,31.79,33.25,29.08,30.8,29.95,28.22,29.17,29.92
26.28,28.93,28.14,32.76,29.84,31.06,28.13,25.21,32.81,30.63,32.68,29.4,32.6,27.32,32.76,32.66,30.08
33.52,28.72,28.63,28.59,28.7,31.71,31.28,29.42,24.98,29.66,28.93,26.17,30.51,29.89,27.86,29.16,29.23
28.44,28.18,25.43,31.59,33.02,28.9,32.61,27.62,30.08,33.53,31.36,32.17,29.58,32.57,24.46,28.61,29.88
31.02,30.67,30.35,30.84,28.69,28.02,28.28,27.75,29.03,30.93,27.29,26.21,30.02,28.69,27.83,31.27,29.18
33.8,30.63,30.61,28.43,27.07,31.24,30.13,29.64,29.03,32.29,31.96,29.15,25.68,28.54,29.18,30.14,29.85
29.98,28,31.75,27.78,30.52,26.98,28.14,31.2,34.43,30.87,28.39,31.46,28.72,28.43,26.81,31.61,29.69
29.58,29.87,34.74,31.49,30.08,31.13,27.3,28.45,31.47,27.32,32,28.48,31.49,26.08,31.4,28.98,29.99
29.24,34.8,32.88,30.63,29.78,30.2,32.32,25.69,28.34,25.88,31.89,29.67,29.22,31.33,28.51,31.96,30.15
29.26,29.01,27.6,27,25.74,31.17,35.53,27.76,31.26,33.4,29.46,29.67,32.03,28.27,31.09,30.01,29.89
26.72,31.78,29.69,30.03,29.19,29.2,29.59,27.67,32.98,31.23,31.04,31.69,28.14,29.87,28.67,33.89,30.09
27.86,33.12,27.62,27.19,28.97,31.94,26.55,28.65,30.43,28.66,26,31.44,31.88,27.99,29.94,28.64,29.18
29.76,27.27,27.87,29.72,27.97,31.02,25.64,31.63,29.99,28.25,30.46,31.38,28.12,31.62,31.15,29.53,29.46
32.38,27.89,31.01,28.92,29.54,30.67,25.59,26.46,32.55,30.67,29.07,34.79,29.65,29.44,26.83,28.1,29.6
29.86,32.86,29.99,33.82,28.51,27.77,27.83,30.38,32.11,31.27,28.5,33.38,30.62,24.95,31.71,33.04,30.41
28.78,28.51,28.08,29.27,27.69,28.5,31.68,26.82,28.03,31.38,28.61,32.65,33.23,29.36,29.57,28.66,29.43
26.84,33.17,28.69,30.43,33.61,33.01,30.93,28.1,28.83,31.08,31.14,28.65,31.28,29.7,32.22,32.17,30.62
30.82,30.72,29.67,29.73,29.4,26.74,32.35,28.11,30.77,33.1,29.29,29.12,29.85,28.82,25.68,32.62,29.8
29.34,29.41,30.69,32.91,32.8,28.96,28.88,31.55,27.34,26.74,25.57,29.21,30.51,28.95,30.18,27.89,29.43
31,30.12,29.58,27.15,26.82,28.35,30.57,23.38,27.08,27,26.14,25,29.13,30.14,29.26,28.71,28.09
29.36,31.11,29.07,29.61,33.97,28.99,30.74,32.02,32.9,30.54,32.89,25.48,34.61,29.64,28.2,30.77,30.62
31.94,30.16,27.25,28.64,28.43,31.63,31.55,34.19,25.23,31.73,28.82,31.1,30.2,34.06,31.02,31.39,30.46
32.08,31.34,31.29,27.71,29.33,29.08,33.95,30.94,25.54,26.17,32.54,30.02,32.57,33.36,29.01,30.3,30.33
26.78,32.67,27.77,24.67,30.01,28.94,29.05,31.5,31.48,30.29,33.18,26.75,28.92,28.83,33.94,28.58,29.58
28.74,29.33,25.73,29.25,29.29,28.19,31.37,26.99,28.3,31.15,27.29,32.5,30.15,32.83,25.54,28.82,29.09
27.44,25.31,30.69,28.94,28.41,33.29,32.33,30.54,26.01,33.8,30.29,32.25,29.48,28.11,27.68,27.22,29.49
30.98,28.04,28.71,28.66,28.9,26.69,32.09,26.52,32.96,32.14,31.04,27.65,32.9,31.06,31.3,28.84,29.91
26.82,28.22,32.89,30.56,28.82,27.31,29.62,30.39,30.42,33.01,26.57,27.69,30.99,29.86,31.3,28.62,29.57
30.08,27.78,29.31,29.03,30.03,31.98,25.61,33.45,30.82,28.4,30.64,30.67,29.6,29.33,28.88,27.04,29.54
30.58,27.64,32.25,29.82,28.41,28.99,27.26,26.52,28.88,28.56,25.29,32.08,29.8,30.69,29.6,29.96,29.15
30.1,25.46,30.44,29.61,29.88,28.33,29.48,23.55,30.12,29.42,31.86,32.65,33.84,33.42,30.74,31.11,30
30.72,30.33,25.98,28.78,32.32,28,29.43,30.46,29.81,30.16,30.89,31.31,31.42,24.67,28.39,27.02,29.36
28.76,33.61,32.39,28.78,30.06,31.14,31.03,30.37,27.5,30.96,29.39,30.04,29.8,34,27.59,34.38,30.61
29.14,33.58,34.33,31.35,27.93,28.68,28.62,29.71,30.86,32.41,27.46,27.77,29.75,32.69,28.47,30.28,30.19
33.32,31.77,34.52,30.72,32.37,31.79,25.73,30.86,34.52,28.96,28.89,30.4,25.73,28.87,31.96,31.61,30.75
29.6,32.9,28.52,30.4,27.16,30.77,31.86,28.57,32.58,30.47,33.89,31.29,31.95,28.35,26.26,28.86,30.22
30.22,28.57,32.44,31.96,29.54,29.7,32.17,32.73,29.88,26.79,29.36,31.75,28.84,28.88,32.06,29.42,30.27
30.8,26.46,27.99,28.83,34.25,30.5,28.74,33.76,31.55,30.61,29.54,31.85,32.7,30.35,27.11,28.91,30.25
26.6,28.63,32.07,29.03,29.84,30.39,27.16,30.32,29.67,33.31,29.93,33.46,27.52,26.52,30.01,34.64,29.94
31.72,32.64,30.42,28.09,26.81,30.71,29.34,33.3,33.19,28.93,29.75,33.94,31.35,31.21,26.29,28.62,30.39
32.46,33.82,30.82,29.06,29.87,29.81,32.16,30.88,28.07,32.86,30.82,29.62,28.7,26.17,27.14,29.91,30.14
29.36,33.86,26.14,31.16,28.48,29.79,26.72,31.73,27.75,31.74,32.04,29.54,31.97,29.42,29.34,31.02,30
32.86,32.14,29.99,32.76,32.04,30.51,29.6,30.24,26.8,28.46,30.04,31.02,28.11,28.1,32.93,29.24,30.3
28.9,28.47,30.39,31.57,29.19,26.63,33.62,31.71,29.22,29.82,31.43,30.81,26.68,29.7,30.27,30.84,29.95
30.32,26.63,27.71,30.81,31.93,27.27,30.64,31.33,31.59,34.81,29.75,30.73,31.75,27.79,29.4,29.22,30.1
27.68,32.46,29.49,30.8,29.53,30.05,27.77,36.11,30.82,31.51,31.39,29.15,32.99,28.2,29.79,35.98,30.86
31.32,30.67,27.75,29.31,28.56,30.67,26.96,28.48,31.6,26.17,30.86,29.15,30.17,24.51,29.76,31.69,29.23
29.8,29.72,29.89,26.41,30.5,31.27,26.77,31.02,33.27,30.48,29.18,29.4,28.17,32.31,29.86,27.14,29.7
29.14,30.53,29.11,32.05,29.6,29.6,31.98,30.99,28.47,31.53,28.29,30.48,26.36,31.01,34.31,33.64,30.44
29.14,30.71,29.35,25.49,32.06,29.42,35.74,28.48,29.73,29.12,31.46,27.56,24.88,26.96,31.84,30.31,29.52
31.18,30.46,29.55,29.93,29.98,26.85,29.01,30.14,28.62,31.64,25.86,29.69,27.83,29.46,32.87,30.36,29.59
33.06,29.66,25.57,32.61,32.6,29.74,29.83,28.3,26.9,27.85,32.11,32.1,31.93,30.3,30.89,27.23,30.04
28.32,29.83,29.87,31.97,28.96,30.58,30.81,29.73,29.36,31.47,33.18,30.12,32.44,30.82,30.28,30.87,30.54
29.92,29.84,27.55,30.92,24.7,28.6,25.08,30.74,34.08,31.5,28.07,30.31,33.56,32.67,30.66,28.52,29.8
27.96,30.28,32.11,32.47,32.7,35.02,28.74,31.05,30.68,29.52,32.04,31.23,29.91,28.85,28.3,28.53,30.59
29.54,30.3,29.64,29.99,30.43,30.08,28.3,28.55,29.78,32.77,33.75,32.23,29.57,31.89,24.68,30.18,30.11
30.04,28.23,29.05,28.17,26,31.9,30.49,22.98,28.62,32.83,29.36,33.27,29.01,29.99,30.09,31.97,29.5
32.02,28.81,32.76,23.84,28.68,30.05,29.27,32.57,29.27,29.74,27.86,30.17,32.03,32.85,29.1,35.24,30.27
29.56,28.38,27.77,28.66,31.43,30.96,30.8,30.79,29.35,30.24,26.36,31.27,33.68,33.8,31.32,28.71,30.19
32.18,28.79,33.12,32.72,29.4,32.3,30.64,30.12,34.38,28.28,29.18,27.77,29.45,31.69,29.59,25.89,30.34
31.88,34.47,30.36,24.32,30.63,28.75,29.36,32.89,30.99,26.52,26.71,28.08,29.24,30.94,29.52,28.12,29.55
31,32.5,27.85,30.85,25.67,30.62,27.97,27.27,29.42,29.61,31.96,35.65,27.81,29.14,25.4,30.16,29.56
32.94,30.03,26.94,31.14,28.78,29.37,29.02,29.85,33.11,30.17,32.25,30.79,32.69,28.75,29.94,31.43,30.45
28.16,31.03,30.05,30.32,30.03,30.32,27.86,26.67,28.72,30.7,30.11,34.54,29.42,32.04,28,27.83,29.74
31.2,29.71,31.04,27.91,32.71,33.06,32.57,30.56,31.11,28.64,30.43,29.29,31.34,32.44,27.19,28.97,30.51
28.56,32.77,31.68,29.54,27.48,30.88,27.78,32.08,30.91,29.59,27.32,29.79,29.12,29.19,30.22,30.07,29.81
27.7,32.13,30.92,28.76,32.76,29.75,27.86,30.85,28.62,29.65,31.71,32.67,28.97,29.18,26.11,29.9,29.85
30.88,29.59,32.1,28.59,30.69,32.98,31.01,26.43,28.72,30.76,28.68,30.46,31.45,31.55,28.06,28.33,30.02
32.8,32.84,32.18,28.21,28.82,32.32,27.91,31.73,32.45,27.23,32.61,30.69,29.4,35.08,27.21,29.74,30.7
35.58,30.17,30.49,32.01,32.83,33.55,27.44,28.87,29.09,26.58,30.86,28.1,29.55,32.29,32.21,27.9,30.47
30.62,27.97,28.8,30.48,30.15,32.33,32.69,30.07,32.68,29.6,30.36,31.33,28.53,30.4,30.54,29.78,30.4
31.98,29.57,30.73,28.78,25.84,29.21,28.93,28.14,29.55,27.78,30.43,31.17,31.37,32.74,30.19,29.58,29.75
31.18,29.93,32.3,28.72,26.99,32.98,29.22,29.71,26.96,29.72,29.82,28.75,34,29,29.62,27.07,29.75
33.5,30.3,27.69,28.29,29.47,32.36,26.13,27.02,30.08,33.16,32.39,32.19,30.88,30.29,28.78,29.65,30.14
27.7,27.26,28.67,33.02,30.68,28,25.75,28.11,28,30.04,30.36,28.25,30.54,30.04,34.87,31.31,29.54
29.48,29.92,30.49,29.39,26.6,29.64,29.29,30.4,25.61,31.29,28.68,32.02,30.34,31.99,28.7,29.18,29.56
27.66,35.43,29.9,31.03,29.95,28.9,34.32,28.77,32.11,30.43,33.07,29.54,27.54,29.52,28.48,31.12,30.49
30.1,34.5,26.88,30.73,28.11,30.48,29.7,28.79,28.87,32.62,32.21,31.25,26.7,26.24,28.54,29.21,29.68
28.22,30.18,31.95,29.92,33.66,29.08,29.08,34.54,29.76,27.72,28.11,27.83,28.22,30.57,27.71,28.07,29.66
31.26,28.28,29.89,28.72,26.72,33.74,33.52,31.7,27.93,27.95,26.75,23.62,28.08,28.1,29.69,29.29,29.08
28.6,31.11,30.83,30.38,27.71,33.2,29.83,30.95,30.02,37.3,28.14,31.15,26.2,34.3,30.18,29.58,30.59
32.16,25.82,27.54,29.13,29.27,29.62,32.42,29.3,27.01,28.24,31,30.58,33.86,31.39,28.92,27.91,29.64
29.86,27.91,28.57,31.92,30.99,33.48,31.7,30.24,28.23,30.03,29.43,29.75,30.36,29.83,27.31,29.17,29.92
31.74,33.08,29.83,32.54,31.8,30.68,26.51,31.69,30.18,28.04,31.79,31.71,33.45,29.39,30.52,33.09,31
31.82,32.73,30.12,29.74,28.62,29.54,27.17,29.12,29.94,28.73,29.04,28.67,33.28,30.21,31.09,28.68,29.91
30.08,29.93,31.99,33.38,27.72,32.87,29.08,27.54,28.42,29.1,29.11,31.31,33.32,29.14,30.48,27.38,30.05
30.48,30.59,27.92,30.12,25.9,33.01,32.04,31.01,30.4,27.75,28.86,31.23,27.38,29.81,28.04,29.53,29.63
33.32,30.97,33.98,30.45,32.36,26.75,33.36,31.31,29.28,28.29,29.68,28.04,30.03,29.93,27.78,33.24,30.55
30.68,35.48,29.71,28.76,30.64,29.96,32.32,31.01,31.83,29,28.57,31.21,32.65,30.67,26.99,27.65,30.45
28.16,27.97,30.32,26.6,29.69,26.12,27.8,32.94,32.69,29.88,32.07,30.48,33.35,28.87,29.94,30.13,29.81
29.74,31.58,28.54,30.58,31.36,31.82,30.35,27.1,32.23,27.03,28.79,28.15,26.68,29.93,31.43,30.74,29.75
36.02,29.74,30.75,31.75,29.92,26.11,32.52,27.7,29.19,29.13,33.25,33.23,30.18,31.85,30.5,27.97,30.61
28.34,33.13,27.74,31.24,32.49,30.49,30.29,28.57,34.36,30.84,30.46,31.77,27.61,31.61,25.17,32.53,30.41
29.74,27.21,28.82,33.31,27.67,29.26,27.81,32.8,28.12,31.1,32.57,30.31,29.03,29.06,31.77,31.27,29.99
29.1,26.97,27.74,32.49,30.06,30.99,25.72,30.36,27.14,31.59,30.18,29.54,28.78,30.44,31.01,30.51,29.54
29.12,30.08,31.2,32.68,30,29.37,33.72,32.68,29.28,31.21,32,34.19,32.94,32.44,33.46,32.38,31.67
31.32,29.37,31.62,29.3,31.22,30.36,30.87,31.69,28.95,30.76,27.04,30.23,27,32.18,35,33.99,30.68
27.56,32.19,26.08,30.63,29.79,26.49,27.28,31.29,29.8,26.63,33.14,28.98,30.33,28.75,32.49,27.08,29.28
28.5,31.28,34.93,33.36,28.91,28.14,30.15,32.07,30.41,31.38,31.04,29.44,28.93,28.35,33.88,29.75,30.66
31.96,24.36,33.43,31.69,32.43,29.44,30.85,28.85,29.84,30.36,32.32,31.17,32.55,29.04,26.08,32.17,30.41
28.74,28.13,28.04,31.48,29.49,32.61,33.47,29.68,26.46,28.54,27,32.85,32.33,30.63,31.54,32.9,30.24
31.74,27.83,27.36,27.02,30.71,31.06,33.71,29.96,31.05,32.04,28.79,29.88,29.85,28.07,31.1,31.19,30.09
27.84,32.38,27.63,28.76,32.21,29.96,33.06,30.5,30.57,27.67,28.75,32.98,30.69,26.27,34.54,27.97,30.11
34.14,29.17,28.94,29.52,31.51,30,30.56,31.14,30.82,30.7,30.96,27.71,32.52,32.62,30.49,31.1,30.74
29.76,31.08,28.06,28.26,26.61,26.77,28.19,24.58,29.59,29.08,31.36,28.79,26,25.82,28.93,32.31,28.45
33.22,30.34,32.46,30.39,31.06,33.99,30.73,29.93,33.56,31.06,27.54,29.65,28.65,31.46,35.05,30.11,31.2
28.52,32.82,33.38,32.08,28.12,30.93,34.52,26.65,31.32,30.43,27.43,31.35,27.84,30.31,30.02,32.61,30.52
28.14,30.38,31.39,31.2,30.43,30,32.74,27.93,30.03,30.94,34.96,33.29,29.78,26.8,32.88,26.63,30.47
29.98,32.44,28.76,30.18,26.74,29.31,25.44,27.49,31.78,26.09,29.86,32.73,32.15,27.95,31.22,34.17,29.77
28.96,32.13,30.27,30.07,28.66,29.1,27.92,32.19,30.6,26.3,31.89,32.6,29.89,26.49,30.56,26.17,29.61
28.96,28.28,26.82,29.9,31.14,32.12,30.41,27.99,29.89,28.87,30.32,31.06,29.83,27.6,31.95,33.45,29.91
31.58,29.86,33.92,27.72,29.66,29.19,28.91,29.95,31.21,30.51,25.21,29.31,28.51,25.76,26.08,32.01,29.34
31.82,30.01,27.92,29.01,29.7,30.13,28.11,32.87,30.71,26.62,26.68,25.77,29.07,26.19,31.16,31.89,29.23
32.2,33.04,29.38,30.37,30.4,24.71,26.73,27.3,31.42,30,31.04,28.06,32.8,26.89,32.97,28.72,29.75
24.26,32.48,30.86,33.27,31.33,32.68,30.36,31,28.85,30.18,25.79,27.65,31.91,32.14,28.56,29.17,30.03
30.24,28.12,30.38,29.16,31.51,31.61,27.08,32.42,28.18,29.79,31.68,32.02,28.73,25.94,31.5,28.07,29.78
28.74,31.09,30.76,30.17,28,28.52,31.51,31.88,29.2,32.33,33.07,30.96,27.8,28.04,28.33,32.5,30.18
27.6,33.61,35.17,31.83,28.99,33.01,34.25,29.94,32.58,30.44,26.71,30.35,29.75,31.95,30.89,27.06,30.88
30.5,27.48,27.79,26.32,29.39,28.35,26.24,28.92,31.52,31.37,30.54,30.46,27.55,31.61,35.13,28.3,29.47
30.7,31.67,30.71,29.46,28.11,26.88,29.18,31.31,28.48,29.99,26.82,30.04,30.8,31.12,30.21,30.49,29.75
31.44,27.77,29.51,27.58,27.56,34.68,30.93,28.5,32.57,30.57,27.64,30.75,28.83,28.88,30.97,28.72,29.81
30.82,25.7,35.25,27.86,33.06,30.95,24.74,30.14,28.8,30.11,29.32,31.92,29.52,26.65,29.22,32.59,29.79
29.86,30.03,30.67,35.99,29.87,29.54,27.11,31.86,27.82,27.8,30.93,28.02,29.68,28.36,32.92,30.42,30.05
28.34,31.67,34.04,29.49,27.53,32.14,34.18,33.9,32.9,27.42,28.29,31.67,27.56,23.7,29.51,32.93,30.33
27.78,30.6,25.26,25.35,29.25,34.18,28.31,27.24,29.65,31.93,30.14,30.06,30.36,30.7,25,33.16,29.31
30.52,30.97,26.99,30.08,26.47,29.77,29.71,33.14,31.13,33.5,27.64,29.88,28.36,32.13,28.35,32.37,30.06
25.46,33.12,29.33,28.53,32.95,30.33,28.24,34.32,26.16,26.22,30.71,30.44,29.92,33.82,29.46,28.87,29.87
31.12,26.98,32.74,30.76,30.19,32.19,29.08,31.14,31.59,28.86,30.32,28.5,28.45,28.35,30.37,32.28,30.18
31.82,33.7,27.93,32.72,28.07,32.29,30.4,32.62,27.52,27.57,29.46,30.48,25.03,27.93,29.53,35.11,30.14
31.46,25.36,27.75,32.38,26.83,30.51,28.21,32.5,30.1,27.77,31.96,27.04,29.28,33.05,24.84,31.3,29.4
29.88,25.18,29.18,33.36,33.56,31.95,26.34,25.67,33.55,28.56,27.11,32.54,35.73,29.29,30.16,32.37,30.28
26.86,31.8,32.56,33.12,32.39,29.08,30.04,31.44,29.34,30.56,24.36,31.31,32.17,29.93,28.63,27.59,30.07
28.9,29.02,30.67,28.52,28.74,27.6,32.3,28.94,29.02,34.05,27.75,30.04,29.68,29.74,31.44,32.19,29.91
26.8,30.59,28.52,26.28,28.33,30.14,32.57,32.67,28.46,30.71,30.18,31.77,25.68,27.07,28.01,30.08,29.24
28.94,25.21,29.27,30.87,27.8,30.42,30.64,26.82,28.44,29.23,28.43,28,28.72,29.87,29.29,33.33,29.08
27.38,29.84,30.65,28.91,28.83,27.01,30.31,29.82,29.18,30.33,28.11,31.25,32.72,29.33,29.26,28.95,29.49
27.14,30.58,32.6,28.05,32.76,29.21,27.57,29.88,32.62,31.08,33.54,31.29,28.19,30.24,27.87,33.14,30.36
28.52,32.93,29.85,30.82,29.17,31.05,30.92,32.15,25.18,27.27,30.86,32.08,31.93,28.55,32.19,27.97,30.09
26.34,33.62,27.6,28.01,27.53,26.48,29.05,32.75,29.64,27.23,32.93,31.23,32.37,31.45,32.84,30.72,29.99
29.3,29.26,28.86,28.47,29.03,30.86,29.79,30.37,28.98,30.56,32.64,32.17,30.05,32.24,32.43,26.3,30.08
31.34,32.11,29.24,28.15,28.46,30.21,26.09,31.69,30.78,31.11,32.61,31.52,32.25,31.04,30.53,28.19,30.33
30.44,28.52,28.99,29.31,30.05,27.08,25.67,30.55,32.73,29.1,28.89,28.38,30.42,30.56,26.44,27.65,29.05
30.7,31.44,31.8,30.4,29.77,27.75,26.07,26.81,29.22,30.92,31.29,31.5,30.18,32.06,28.99,28.83,29.86
34.7,33.72,33.24,29.16,28.62,25.55,32.26,31.45,29.7,30.74,31.07,31.12,32.1,28.5,29.34,32.52,30.86
28.56,25.77,29.65,32.49,28.06,32.12,30.83,27.11,24.97,33,30.61,31.81,30.65,29.36,28.93,27.55,29.47
33.04,27.11,34.49,29.29,25.92,31.38,26.26,24.89,27.71,30.54,29.89,33.08,31.75,29.37,26.41,29.14,29.39
31.74,32.09,26.86,29.67,30.8,31.71,30.62,27.96,30.37,23.88,29.36,29.44,32.09,29.65,25.31,32.13,29.6
29.94,33.91,34.19,32,26.76,31.1,31.98,27.08,29.52,29.42,28.5,32.94,31.53,25.21,23.93,32.97,30.06
33.64,29.02,33.36,27.96,31.38,29.56,30.46,31.12,26.92,29.75,29.18,27.52,32.85,30.35,33.75,29.68,30.41
33.7,29.29,26.67,28.83,30.8,33.17,31.36,29.14,29.22,30.16,29,27.5,29.15,32.54,26.09,27.74,29.65
27.36,31.63,26.31,30.13,28.36,30.38,31.54,25.57,30.08,29.03,28.93,31.6,30.96,33.49,29.47,27.99,29.55
27.86,33.06,26.8,28.52,34.01,24.95,28.46,28.89,30.92,29.78,31.21,31.42,30.04,30.51,30.07,28.97,29.72
28.96,32.56,33.75,31.21,31.32,28.63,27.89,30.11,28.74,30.81,33.64,29.75,30.11,26.25,29.63,33.03,30.4
31.86,31.58,29.18,33.92,28.49,30.54,32.44,25.38,29.44,29.91,30.93,29.02,30.08,26.08,31.46,29.13,29.97
30.06,30.77,28.69,29.53,26.81,26.43,29.7,27.51,30.46,31.95,27.11,32.42,31.36,25.87,27.48,29.6,29.11
30.8,31.04,33.11,27.82,32.05,30.58,31.64,31.19,30.68,32.15,33.5,33.67,34.07,30.55,33.35,28.28,31.53
26.48,29.09,28.43,31.59,27.24,26.51,25.58,30.95,30.01,29.3,30.07,32.25,31.33,26.73,28.27,30.63,29.03
29.5,30.32,28.15,31.85,28.18,31.9,26.76,28.35,32.23,29.46,34.04,27.71,32.38,27.33,27.13,30.82,29.76
29.7,31.48,30.96,27.71,30.65,32.46,27.69,29.9,29.81,29.15,31.79,35.69,28.33,30.37,31.12,34.13,30.68
24.5,29.33,31.89,29.6,31.07,30.24,26.18,28.4,31.01,30.84,30.21,32.12,33.11,35.31,29.93,29.4,30.2
26.92,28.16,30.69,29.5,28.72,34.18,28.02,32.1,30.88,31.61,30.68,28.94,30.85,30.52,32.07,31.16,30.31
31.54,29.97,30.15,33.22,28.81,32.42,29.33,30.4,30.38,26.01,26.04,33.04,30.52,29.37,29.22,29.92,30.02
27.16,35.17,29.58,32.99,29.19,29.13,27.76,25.87,31.15,25.25,28.79,31.58,27.82,28.49,31.28,28.62,29.36
29.6,29.74,30.25,30.86,26.57,29.25,33.77,30.54,32.93,33.19,31.54,26.56,31.59,28.06,32.38,32.19,30.56
29.06,33.04,32.4,30.16,33.18,27.75,30.57,32.44,28.95,29.94,31.68,30.27,28.25,30.8,30.61,29.3,30.53
24.5,31.48,31.02,29.99,25.38,31.15,31.09,30.79,28.78,28.56,31.11,32.67,34.13,29.33,31.54,30.31,30.11
25.24,27.72,27.98,28.1,27.28,31.44,28.35,24.31,28,30.5,28.79,32.19,25.95,24.8,29.42,27.32,27.96
32.26,32.63,29.5,31.27,30.27,29.65,32.79,33.18,29.84,26.79,31.29,28.6,25.59,30.77,31.56,28.14,30.26
31.52,31.96,29.43,28.67,31.39,27.54,33.04,30.68,29.79,30.81,26.61,27.48,29.69,28.14,24.7,27.86,29.33
31.54,31.98,30.26,30.17,29.06,30.37,32.56,29.46,30.64,30.4,26.43,30.52,28.02,31.52,35.79,27.6,30.4
29.38,32.87,26.56,31.08,29.53,27.06,29.47,34.25,28.53,28.88,29.21,33.62,29.18,31.26,29.82,32.33,30.19
31.06,34.33,24.88,29.31,28.67,31.38,28.57,31.64,28.5,29.53,27.21,31.29,25.24,29.37,28.47,32.2,29.48
29.46,25.3,26.88,30.21,28.15,28.81,30.2,24.37,33.07,31.4,31.32,32.12,33.41,28.18,30.02,33.03,29.75
29.44,28.49,29.18,28.63,32.48,29.29,32.43,30.73,31.13,27.57,28.68,25.38,28.32,29.19,27.6,31.04,29.35
30.3,29.03,31.75,27.07,25.74,26.35,30.98,28.64,30.51,30.45,28.82,33.92,25.07,28,27.8,29.82,29.02
27.42,29.43,30.85,31.56,32.11,30,27.69,26.14,28.8,29.56,29.82,27.35,34.4,31.79,31.39,30.22,29.91
32.58,27.84,31.45,25.88,30.85,33.2,27.3,28.06,29.68,28.66,32.86,29.06,31.84,28.83,31.19,32.41,30.11
29.3,30.68,31.86,27.94,33.47,32,29.71,33.49,28.34,26.63,30.5,33.83,30.87,26.57,30.27,32.13,30.47
29.12,29.72,33.48,32.74,31.49,29.65,31.63,31.74,31.05,31.06,26.32,30.96,28.75,25.8,26.53,37.04,30.44
26.12,30.79,29.8,30.14,30.09,30.71,29.29,29.94,31.07,25.76,34.57,31.15,27.48,28.94,30.24,29.34,29.71
30.6,28.62,25.9,34.74,29.25,29.95,30.53,31.79,28.35,32.4,32.04,30.15,27.71,34.06,31.89,29.02,30.44
31.92,29.68,32.18,29.33,31.29,29,30.66,29.43,31.62,27.38,26.93,27.27,27.6,30.82,30.01,28.92,29.63
30.08,29.18,31.82,30.34,30.36,30.38,25.27,30.02,27.41,28.01,29.75,31.02,29.12,31.68,26.71,33.94,29.69
33.78,31.4,31.2,29.71,29.34,27.5,30.27,31.86,29.81,28.15,31.5,27.1,32.56,28.63,30.92,30.54,30.27
32.54,30.47,29.98,33.74,29.61,31.27,31.61,28.36,33.19,29.87,28.71,30.56,30.94,30.18,37.32,30.16,31.16
28.86,27.49,29.83,30.47,30.69,29.02,27.39,31.79,25.25,33.36,33.39,29.83,29.73,31.48,33.57,31.79,30.25
31.04,25.13,31.85,29.69,30.44,27.31,30.79,31.93,27.98,27.14,31.57,24.88,30.25,29.6,32.32,32.92,29.68
28.4,29.42,30.07,29.72,30.4,29.94,29.73,30.02,24.92,31,28.71,31.75,32.25,28.51,26.95,29.91,29.48
30.4,32.82,32.21,27.94,32.16,32.4,29.54,31.63,30.62,30.72,29.36,30.85,29.69,28.24,32.94,27.33,30.55
28.16,33.56,30.63,28.81,29.49,26.37,31.88,24.94,29.32,34.01,34,26.9,25.94,31.57,29.3,29.28,29.63
29.68,29.62,27.18,26.19,29.04,29.6,30.3,32.02,31.62,30.29,34,29.83,30.76,35.25,29.86,30.85,30.38
27.24,28.44,29.02,28.09,26.28,33.3,31.61,28.13,28.34,33.12,24.64,30.65,30.35,28.33,32.38,31.08,29.44
28.38,26.53,25.71,29.37,28.36,29.1,27.63,33.01,27.79,27.51,31.39,34.31,30.38,32.1,27.36,27.69,29.16
31.86,27.91,31.69,28.71,31.64,26.83,31.59,28.51,30.31,29.83,28.25,27.94,34.11,28.96,35.2,27.64,30.06
27.92,26.09,24.74,26.39,28.53,28.25,28.46,29.21,28.12,29.91,30.93,29.25,28.23,31.82,31.11,28.93,28.62
31.78,33.21,30.88,33.84,29.29,29.87,31.24,31.73,29.28,30.89,32.21,28.94,32.22,31.07,30.62,29.38,31.03
28.36,31.38,30.62,29.69,31.81,29.08,32.59,27.8,31.01,30.61,29.43,31.15,27.49,30.3,30.82,26.45,29.91
33.9,26.08,31.13,31.18,30.26,31.1,31.41,31.89,28.44,29.83,28.71,27.71,28.07,25.62,31.3,28.88,29.72
30.22,30.72,25.61,30.56,28.69,26.98,28.02,29.23,28.97,31.6,26.71,25.81,30.28,30.74,33.27,30.78,29.26
32.42,34.53,29.65,33.81,29.54,29.82,28.01,27.81,27.16,32.42,27.79,32.54,31.92,28.65,27.58,32.01,30.35
30.84,32.82,26.88,29.3,31.1,29.32,26.58,32.3,30.58,31.38,28.39,33.02,31.44,27.68,31.22,34.35,30.45
29.96,27.52,25.74,29.62,30.13,30.43,28.12,27.68,30.62,31.88,32.86,30.21,26.2,30.39,30.97,32.22,29.66
32.58,28.83,31.46,30.47,34.88,31.8,26.28,30.96,28.39,30.72,31.75,26.88,30.14,30.6,28.93,30.05,30.29
26.78,30.82,27.44,29.61,28.81,26.54,34.56,36.21,24.92,28.06,29.46,29.31,27.78,29.92,28.39,25.44,29
29.04,32.94,29.79,31.9,28.1,28.67,29.65,26.1,29.84,28.4,32.29,32.4,26.97,33.56,28.59,28.64,29.8
28.44,31.86,29.26,31.79,31.76,28.19,32,28.25,30.62,29.13,31.93,29.23,26.52,31.52,25.63,32.67,29.92
32.18,30.18,30.68,28.6,29.98,26.68,27.35,28.86,27,31.98,30.96,31.48,25.85,29.42,27.34,31.39,29.37
32.92,33.14,26.75,30.27,31.3,30.86,31.32,27.29,29.66,31.63,30.79,29.81,23.6,34.69,33.43,30.47,30.49
29.28,31.46,30.45,27.29,29.2,29.1,28.47,34,32.52,31.29,26.11,30.69,27.93,28.88,32.74,28.63,29.88
27.9,29.87,32,32.54,31.03,28.93,31.7,25.46,32.28,27.36,31.11,30.77,27.69,29.33,30.93,28.77,29.85
29.08,27.64,28.24,29.74,31.2,34.87,28.21,30.44,28.57,25.12,32.54,29,32.24,33.57,32.29,29.91,30.17
28.18,29.18,32.55,28.14,32.36,28.2,30.19,30.7,28.44,29.45,28.75,30.48,29.28,31.36,30.31,31.96,29.97
33.96,28.94,31.79,30.94,27.63,29.71,29.24,29.88,29.62,33.08,31.29,28.87,29.28,31.36,33.81,29.92,30.58
29.16,31.74,30.2,29.68,30.9,29.9,32.29,27.73,35.43,27.83,24.54,31.98,29.45,31.01,28.89,32.37,30.19
31.14,30.9,28.8,29.71,33.01,26.38,29.69,31.73,26.28,30.12,32,26.88,33.42,28.98,26.16,28.51,29.61
27.12,27.37,25.98,28.16,31.9,30.18,30.02,32.39,26.88,33.69,27.79,30.27,30.56,28.3,30.87,29.22,29.42
30.7,32.68,25.04,30.95,27.2,29.68,26.52,31.38,32.09,35.41,27.86,28.98,28.43,31.04,31.36,29.18,29.91
30.42,33.22,34.06,29.56,30.2,30.19,28.62,31.85,27.46,28.92,36.25,28.46,29.06,32.52,33.69,31.92,31.03
30.26,36.14,30.19,30.83,29.57,27.58,28.43,32.94,30.27,26.79,30.64,31.85,32.6,28.81,34.04,25.4,30.4
29.48,34.6,28.44,28.38,25.34,29.94,34.04,29.39,30.96,34.44,29.96,29.81,29.87,26.77,30.8,30.91,30.2
32.6,35.38,27.7,31.91,31.07,29.94,33.96,29.18,29.75,32.62,34.04,29.06,28.92,30.27,30.11,28.98,30.97
32.9,26.08,32.9,31.6,29.48,31.55,29.74,27.7,32.47,30.95,26.64,29.48,34.04,32.55,30.7,29.87,30.54
28.08,32.37,32.24,29.28,28.79,26.86,31.75,32.01,31.12,29.93,29.21,31.9,32.44,28.29,25.42,29.59,29.95
28.26,27.32,28.12,30.76,27.92,30.67,28.39,30.92,29.46,29.51,27.04,27.79,31.22,30.11,25.92,32.16,29.1
27.92,30.66,31.73,30.64,28.15,27.36,29.51,29.77,31.7,26.71,26.68,31.73,30.34,27.7,29.93,32.63,29.57
29.8,27.76,28.7,30.36,29.8,31.24,27.58,31.61,29.66,30.73,29.71,22.54,35.61,27.17,27.34,29.5,29.32
30.46,28.49,25.06,30.83,30.35,26.37,30.75,31.23,31.68,30.06,30.79,28.12,31.59,29.2,32.06,33.08,30.01
33.94,30.21,34.38,31.27,31.06,31.51,28.34,26.24,31.65,31.92,27.68,29.56,34.19,25.76,33.95,30.52,30.76
30.6,26.3,29.95,33.62,31.47,31.26,34.67,27.65,30.54,28.1,28.93,30.96,29.04,31.5,25.27,32.14,30.13
30.06,31.01,30.49,28.6,29.49,32.61,28.84,28.67,24.01,29.46,28.46,28.69,29.36,29.71,31.11,26.09,29.17
26.38,28.94,29.25,27.75,26.43,26.64,29.32,29.06,29.82,27.32,31.32,32.25,28.99,26.64,29.15,32.99,28.89
28.94,23.93,30.54,31.3,30.63,31.12,29,34.93,25.64,31,26.46,27.81,30.05,29.13,32.48,29.87,29.55
29.48,32.02,27.4,29.61,29.34,30.49,32.57,32.37,30.23,28.33,30.96,31.46,29.28,32.37,25.51,31.44,30.18
31.46,30.26,32.14,27.59,30.18,29.26,25.76,30.67,30.65,33.14,27.14,30.62,27.58,33.29,30.28,34.68,30.29
26.32,30.99,28.12,27.55,29.05,31.17,31.78,27.54,30.36,30.6,27.75,29.04,29.93,30.2,29.66,25.51,29.1
29.06,28.81,31.75,28.73,31.1,33.55,30.16,33.71,27.44,25.71,27.96,33.02,30.43,30.58,30.69,33.37,30.38
27.36,31.27,30.89,32.38,30.3,30.88,25.72,28.26,27.92,27.65,31.82,30.15,29.36,28.38,32.88,29.53,29.67
29.86,28.61,31.12,31.93,31.9,32.01,33.05,29.81,32.1,29.26,36.25,29.85,31.21,27.57,30.73,30.61,30.99
31.16,29.16,28.89,28.96,29,31.29,30.43,27.61,30.51,29.61,27.39,30.69,32.22,29.12,29.83,29.94,29.74
29.26,29.86,30.05,29.3,28.99,29.54,29.1,28.68,30.06,30.46,29.04,31.25,30.94,33.9,35.75,27.77,30.25
31.58,27.5,33.5,32.81,27.48,28.04,27.64,26.64,28.36,28.51,24.25,32.27,26.27,32.92,28.23,28.41,29.03
31.78,30.86,27.76,30.44,27.12,32.38,34.68,29.27,28.75,29.26,32.57,29.88,28.78,30.75,33.51,28.28,30.38
30.64,29.98,27.13,28.31,27.97,29.23,30.26,28.02,28.59,31.47,28.89,31.4,28.96,26.86,28.37,32.4,29.28
22.26,32.28,32.01,27.55,33.29,31.79,28.76,30.02,27.44,29.56,30.39,28.83,29.7,31.61,31.21,27.91,29.66
26.04,33.82,30.17,29.77,28.71,28.26,33.2,30.62,28.21,30.55,28.04,31.94,27.58,32.51,25.84,28.46,29.61
27.76,26.29,29.87,31.69,25.2,31.01,25.88,29.93,30.22,31.63,30.89,25.67,30.78,29.96,31.48,34.29,29.53
29.94,30.27,31.73,31.28,28.84,33.46,28.12,27.19,30.38,30.24,26.79,28.29,31.32,32.92,30.11,31.95,30.18
30.32,31.29,30.33,29.38,28.57,30.06,29.56,28.92,29.22,27.81,30.07,28.54,29.65,30.94,30.97,28.97,29.66
25.8,30.46,28.7,27.85,30.26,29.56,27.86,33.08,30.44,33.49,25.79,28.06,28.81,29.6,27.51,27.98,29.08
32.16,30.72,30.92,30.28,31.59,27.36,29.87,31.52,27.48,29.08,27.64,31.54,32.02,29.27,30.87,33.07,30.34
31.88,27.69,32.23,31.21,30.4,28.44,28.9,29.24,30.41,28.94,29.89,28.33,27.33,25.05,32.52,29.6,29.5
29.18,32.18,31.75,26.61,30.8,26.48,29.13,31.85,34.33,30.35,27.64,30.12,28.75,30.19,25.69,33.46,29.91
31.38,31.77,33.82,35.49,30.26,27.75,31.78,24.05,28.63,30,28.46,27.98,28.2,30.74,30.09,28,29.9
32.36,31.11,33.43,30.26,27.15,27.61,29.11,31.73,33.92,30.09,26.86,30.65,30.5,29.96,31.58,32.73,30.56
31.46,29.51,33.06,29.98,33.3,27.02,33.43,28.24,33.12,30.09,29.54,28.17,27.87,27.23,29.28,33.3,30.29
31.7,29.84,28.69,31.35,30.21,30.52,32.97,33.11,30.94,28.95,30.39,31.06,31.33,27.63,26.78,30.71,30.39
26.74,30.84,31.64,30.62,24.35,31.4,33.49,27.83,28.73,28.18,29.86,28.58,30.75,33.75,33.43,30.83,30.06
30.02,30.12,31.31,31.21,31.55,33.12,30.43,33.38,30.82,31.03,26.93,30.58,31.64,29.64,29.16,36.36,31.08
33.24,31.72,33.21,29.32,32.95,29.17,29.24,30.9,29.63,30.21,27.21,31.58,34.14,29.76,29.3,29.5,30.69
28.22,33.77,29.18,29.18,27.72,25.29,27.74,31.31,32.19,29.48,30.93,30.21,29.46,30.45,27.36,27.7,29.39
34.32,31.02,27.43,28.31,30.04,32.21,32.15,32.63,26.67,27.88,31.36,28.06,25.94,28.89,29.1,25.61,29.48
30.52,29.32,29.76,31.5,29.61,29.46,28.75,29.86,29.15,30.82,30.96,30.67,32.9,30.87,26.71,35.48,30.4
27.92,29.87,28.89,31.48,29.96,30.57,27.54,25.63,31.56,32.89,31.57,25.9,32.28,30.93,30.67,29.91,29.85
29.12,33.61,27.26,31.62,30.45,27.04,28.86,27.35,32.68,30.31,30.64,30.38,29.18,28.23,29.95,26.92,29.6
34.02,31.63,27.49,34.51,30.52,29.26,32.5,30.74,29.68,31.16,32.32,26.35,29.74,30.85,34.11,28.31,30.82
32.32,29.66,28.5,31.55,32.35,30.12,28.43,33.11,28.23,27.26,28.68,28.79,30.44,28.58,28.79,30.23,29.81
30.36,31.4,33.83,30.56,32.47,29.69,31.22,31,31.5,30.42,29.89,28.73,29.28,29.87,30.7,29.86,30.67
26.62,27.64,30.71,30.76,30.44,29.89,29.27,27.8,30.22,33.21,31.82,29.71,30.03,29.85,31.05,31.77,30.05
29.92,31.94,32.85,30.34,28.82,28.17,27.43,33.67,24.62,27.63,26.57,31.85,30.44,27.11,29.12,33.82,29.64
31.24,25.37,35.14,29.54,28.78,29.35,33.92,26.25,31.02,31.32,30.46,27.65,27.32,25.3,29.76,32.58,29.69
32.58,30.71,27.99,28.54,30.68,31.23,34.2,28.04,31.28,26.09,28.86,29.17,28.4,30.33,30.92,31.69,30.04
27.94,30.68,28.11,28.09,27.24,29.12,33.9,29.81,29.45,31,28.64,33.5,30.46,28.12,28.24,28.02,29.52
26.9,31.38,29.51,30.93,29.19,28.4,33.98,34.85,28.38,26.16,29.79,31.98,31,29.19,32.54,31.67,30.37
31.22,30.31,30.76,28.22,30.87,28.54,27.43,30.74,34.3,28.93,32.57,27.5,28.91,30.23,27.91,24.94,29.59
27.22,31.31,27.48,30.09,29.25,32.42,27.12,29.05,27.01,29.19,29,29.83,29.45,30.92,26.69,29.53,29.1
30.64,27.92,29.58,28.34,27.26,28.06,32.3,26.7,30.57,30.75,27.71,32.79,30.74,28.79,27.89,28.32,29.27
31.26,28.73,27.71,32.39,25.19,28.6,26.24,28.46,31.03,32.46,32.64,28.19,33.89,25.38,33.6,32.11,29.87
30.12,27.93,34.32,28.36,33.77,33.33,33.49,29.06,29.57,27.95,30.86,27.56,26.41,31.86,32.24,30.12,30.43
27.86,27.02,29.93,31.4,31.16,30.51,31.61,30.43,27.02,29.64,34.43,32.46,30.5,30.24,33.41,29.17,30.42
25.14,29.53,31.57,30.52,29.44,33.75,31.28,31.1,33.25,29.71,27.18,30.29,25.37,29.71,32.82,32.24,30.18
32.72,31.78,32.43,31.39,30.79,31.82,25.83,27.31,30.72,29.96,29.36,34.33,32.86,30.68,26.48,28.78,30.45
32.36,29.86,31.82,34.01,31.31,31.36,29.76,27.58,32.17,31.1,29.89,33.04,33,26.39,33.38,33.02,31.25
31.46,27.84,35.35,27.09,29.77,29.52,26.65,26.93,28.88,28.41,31.25,28.33,28.15,26.33,28.01,30.42,29.02
32.38,32.59,31.18,29.15,26.04,31.17,26.23,33.54,31.9,28.97,32.36,27.15,28.11,26.86,33.56,28.71,29.99
31.14,28,28.87,35.5,30.41,34.17,27.29,28.9,31.73,29.65,29.86,26.9,27.6,32.58,29.99,33.1,30.36
27.78,31.1,31.8,28.45,30.12,28.71,32.38,30,30.55,29.26,31.36,30.38,30.14,33.24,33.34,29.58,30.51
31.06,35.78,31.26,28.58,27.42,29.02,34.5,30.65,33.23,29.64,27.46,28.52,31.58,31.6,25.86,31.63,30.49
29.1,30.78,30.61,28.65,31.24,29.58,31.04,32.83,31.17,29.09,29.25,28.17,29.9,34.81,32.49,29.38,30.51
29.36,28.84,29.62,30.54,30.8,26.04,30.84,29.54,30.29,28.96,28.79,34.81,27.52,28.73,27.74,31.79,29.64
30.9,34,27.65,28.02,30.13,26.27,32.59,28.93,33.88,31.28,30.43,27.54,26.04,31.87,27.03,27.72,29.64
29.28,30.46,30.81,29.83,30.26,30.07,27.57,31.23,30.2,31.93,28.68,26.35,26.1,28.35,30.2,28.59,29.37
28.44,35.62,28.48,27.2,26.8,28.82,27.87,32.02,34.81,27.82,28,29.23,29.31,30.9,31.69,29.69,29.79
26.76,28.07,29.51,29.78,30.74,35.68,28.92,34.57,29.68,32.29,33.21,26.83,29.98,31.89,30.66,32.83,30.71
26.36,30.64,28.32,23.73,27.55,27.27,29.13,25.45,25.69,30.57,29.32,27.88,29.54,28.31,28.29,33.13,28.2
29.9,33.11,31.65,28.34,31.27,30.58,31.95,30.21,33.12,30.42,26.29,33.88,32.04,33.13,27.8,27.11,30.68
32.1,30.18,31.94,28.81,27.03,28.4,25.93,33.67,29.6,29.81,29.5,30.98,30.37,32.35,31.89,29.69,30.14
29.22,34.32,30.56,29.35,28.31,29.3,31.3,32.08,30.83,27.71,27.25,30.6,32.31,31.96,28.36,29.68,30.2
28.12,29.89,31.82,31.36,28.15,30.39,29.48,30.77,29.42,31.71,31.07,30.56,29.8,31.61,33.6,31.48,30.58
31.4,29.64,28.67,30.46,23.55,27.02,27.79,29.77,31.21,29.95,30.43,30.5,32.44,29.05,28.98,27.32,29.26
30.6,29.19,25.56,32.61,30,30.35,31.64,30.4,33.46,30.36,30.68,29.67,29.47,31.44,29.29,30.97,30.35
32.92,29.97,31.71,30.11,31.93,30.21,27.69,23.89,28.25,25.54,27.71,26.21,26.14,34.07,26.98,33.55,29.18
30.2,32.27,31.19,31.33,29.48,31.44,29.73,28.01,27.5,27.84,30.25,27.73,26.49,28.57,29.22,30.15,29.46
28.36,28.88,32.15,30.57,29.71,27.88,29.39,32.61,28.5,31.47,28.46,31.75,30.28,32.89,26.39,30.16,29.97
29.86,29.59,28.64,32.58,30.14,29.98,30.78,30.1,29.01,28.74,32.25,31.69,27.89,30.77,30.18,32.89,30.32
32.42,24.29,26.51,27.95,29.73,27.33,29.56,29.71,30.22,26.74,29.54,28.6,27.62,26.15,29.81,30.71,28.56
27.6,28.83,28.75,30.52,31,31.12,34.07,32.27,33.45,28.51,29.61,27.69,28.53,27.51,29.35,25.31,29.63
30.7,27.84,32.12,32.76,29.65,28.63,28.18,27.5,30.05,28.68,29.39,31.17,27.84,31.94,32.91,26.82,29.76
29.68,29.91,29.92,28.19,27.44,24.55,29.99,28.37,29.06,29.86,29.36,26.92,29.89,31.45,33.66,25.94,29.01
27.02,31.8,28.05,30.96,29.81,30.65,33.08,29.55,30.76,29.62,29.39,32.48,29.9,28.87,27.46,30.12,29.97
32.12,29.47,32.55,31.68,23.35,32.52,33.27,26.73,32.65,31.89,33.14,29.02,31.58,26.81,30.37,26.02,30.2
28.7,30.83,31.54,31.63,29.64,31.92,32.88,29.79,30.36,27.04,34.29,28.85,31.46,31.2,28.28,31.82,30.64
32.54,31.92,29.12,27.67,29.78,28.05,27.29,25.76,31.17,30.65,29.18,29,31.21,26.61,28.68,28.71,29.21
30.4,35.36,30.32,28.21,28.03,29.69,27.19,33.7,32.71,32.8,30.29,26.44,31.19,30.27,29.81,29.27,30.35
31.7,31.7,29.26,30.61,30.16,29.18,29.77,29.37,28.43,30.57,30.39,27.6,31.9,32.77,31.09,28.56,30.19
27.18,32.28,28.95,26.74,28.2,27.61,27.61,30.3,30.56,28.52,24.71,30.88,33.75,32.71,35.66,30.02,29.73
27.82,31.13,31,24.88,31.83,30.77,28.89,30.89,32.43,29.16,26.75,29.96,28.07,27.36,27.59,28.59,29.2
30.32,28.81,30.71,29.6,29.66,30.73,27.61,31.64,31.66,28.94,33.61,28.44,28.98,32.77,31.21,30.03,30.3
31.14,29.96,29.04,27.31,30.24,31.43,30.16,30.5,32.02,29.7,27.04,28.48,29.18,29.33,28.15,28.22,29.49
30.68,36.72,27.44,28.78,29.2,29.62,31.76,29.5,30.86,29.64,24.75,31.12,31.23,31.88,33.61,31.82,30.54
33.74,28.7,31.06,29.46,29.43,26.4,29.58,35.37,28.17,28.26,30.64,30.98,27.73,32.58,28.78,29.1,30
30.2,33.97,31.36,28.6,28.8,28.6,28.35,33.04,34.23,29.28,31.79,32.69,28.6,26,31.41,30.14,30.44
31.48,30.98,31.85,28.02,31.07,32.95,34.26,29.7,27.86,26.29,30.07,29.62,26.88,33.77,28.99,28.03,30.12
27.18,31.47,32.63,28.47,29.62,32.11,28.02,29.23,31.76,31.09,30.39,30.67,32.16,31.96,29.97,30.93,30.48
26.06,29.73,29.14,28.74,30.27,31.07,28.23,34.49,30.1,31.34,27.29,32.12,27.78,27.56,28.46,30.24,29.54
29.52,29.22,30.94,27.69,29.25,29.87,25.33,32.73,34.62,32.65,29.96,30.42,29.52,27.77,29.69,27.67,29.8
33.06,24.21,32.15,27.85,29.31,27.71,31.65,28.27,31.06,28.15,31.54,32.4,31.32,27.48,30.01,29.07,29.7
28.94,29.21,31.9,30.67,27.96,31.98,29.91,35.68,31.29,27.89,33.75,26.79,29.68,33.99,29.86,29.46,30.56
36.42,27.33,29.67,26.61,30.58,30.13,26.79,31.86,26.78,29.64,28.43,28,30.67,29.93,33.39,33.51,29.98
32.78,28.99,29.68,31.6,33.53,31.42,30.42,30.79,28.7,31.42,29,27.83,27.7,32.12,29.92,31.21,30.44
27.36,30.97,28.86,32.09,31.86,33.4,31.6,31.58,32.37,29.91,29.64,34.4,33.68,30.82,29.48,27.68,30.98
27.4,32.67,31.48,28.17,26.23,30.39,32.83,29,28.58,30.48,29.36,25.6,31.21,31.2,30.47,28.36,29.59
31.78,29.88,31.04,29.58,26.98,31.2,33.21,31.9,26.47,29.86,35.14,29.56,28.35,32.38,28.77,27.32,30.21
27.74,30.82,33.46,29.9,28.39,29.52,29.9,32.06,29.23,28.19,32.39,29.69,28.83,30.85,26.98,31.18,29.95
30.62,33.46,29.32,29.6,30.11,28.45,31.69,26.8,27.11,28.39,28.96,28.73,33.12,28.19,29.45,32.71,29.79
27.54,28.51,29.73,26.56,32.89,28.96,29.62,28.87,28.58,26.98,29.64,30.1,28.19,30.07,28.07,27.98,28.89
32.7,34.12,30.73,28.1,29.28,33,24.6,30.6,28.99,32.02,25.96,31.67,27.53,31.39,29.22,30.4,30.02
30.18,31.56,30.92,31.16,32.17,27.04,31.76,29.49,33.72,32.17,30.79,31.71,30.23,30.82,31.97,31.78,31.09
29.16,33.41,30.01,30.61,28.3,28.04,31.62,28.55,34.09,30.56,34.39,26.65,31.04,32.4,29.97,28.73,30.47
30.52,27.51,26.73,27.82,30.65,31.11,30.73,30.76,30.23,31.32,31.57,31.69,28.27,27.07,30.25,30.07,29.77
29.9,29.88,27.82,30.85,26.25,32.99,26.61,28.73,34.45,31.07,31.68,29.98,28.46,27.9,31.79,31.13,29.97
27.22,31.61,27.98,30.81,28.83,29.52,32.56,27.7,26.96,28.85,30.89,30.81,30.58,29.44,29.13,29.35,29.52
27.94,29.59,29.76,31.7,25.95,32.36,26.98,32.82,27.19,29.62,29.57,29.08,29.85,31.46,29.32,35.61,29.93
34.1,29.88,28.1,26.32,30.07,29.51,32.14,29.38,30.32,29.58,26.07,27.04,28.6,31.7,30.77,29.13,29.54
28.38,29.71,28.7,31.28,28,28.13,30.58,25.77,32.88,28.01,33.89,29.27,29.85,28.39,33.8,30.07,29.79
28.36,34.37,32.11,29.91,31.71,28.62,31.45,31.23,28.22,28.66,26.75,29.96,27.27,32.87,30.51,28.09,30
29.1,26.24,31.69,26.81,33.09,31.64,28.87,29.21,34.66,29.22,29.86,32.04,31.16,30.67,25.76,29.42,29.97
33.3,30.02,29.69,29.39,31.76,28.71,34.39,28.98,30.16,28.95,29.86,31.17,30.45,26.31,27.41,30.19,30.05
26.82,33.18,29.07,29.95,32.46,32,29.01,31.49,31.09,31.68,29.36,30.73,33.45,28.54,30.26,28.47,30.47
30.46,34.18,30.83,30,29.37,31.68,30.44,31.96,31.79,30.69,32.93,29.56,30.3,32.79,28.85,29.37,30.95
26.8,30.76,27.07,26.76,31.08,32.13,28.4,28.58,26.52,32.07,33.57,30.5,31.01,32.71,29.87,30.39,29.89
29.24,30.97,32.27,30.36,28.7,32.62,30.56,26.17,28.02,29.56,29.64,28.38,29.98,31.56,33.99,30.51,30.16
30.26,32.17,30.54,31.28,29.55,26.96,31.05,27.93,34.27,31.5,28.43,27.98,29.55,28.25,30.68,30.55,30.06
33.72,32.2,32.37,26.59,27.8,31.75,30.08,29.88,31.1,30.42,30.14,33.71,29.14,27.6,30.24,32.28,30.56
31.78,31.67,29.5,31.07,26.97,25.33,29.18,33.05,27.26,31.5,25.39,32.75,32.27,32.05,33.36,30.22,30.21
32,29.08,28.89,34.01,30.73,29.48,28.59,35.99,28.22,26.27,35.39,31.35,30.17,30.93,27.57,26.46,30.32
31,29.41,25.99,29.67,29.36,30.24,31.76,25.39,28.3,31.77,25.96,32.52,34.63,28.89,29.88,30.69,29.72
31.48,32.06,26.49,30.06,30.98,33.1,27.68,29.83,29.28,29.88,30.82,29.33,32.41,29.29,32.33,27.92,30.18
30.68,29.49,28.25,31.24,33.72,28.51,24.94,29.45,29.67,32.83,26.89,30.54,30.58,29.3,29.45,27.54,29.57
30.7,28.13,25.94,31.51,31.69,27.73,30.22,32.02,29.86,34.77,28.54,33.6,29.25,27.4,26.92,31.78,30
32.02,28.72,32.35,32.14,28.62,28,25.76,26.73,30.74,26.71,30.75,26.4,30.49,28.11,26.96,34.96,29.34
29.06,33.13,30.37,29.8,28.88,28.04,27.68,32.17,27.68,30.5,31,33.17,32.21,28.9,32.81,34.84,30.64
28.86,29.56,34.11,27.59,33.13,25.43,34.49,29.62,27.81,31.53,25.64,27.92,29.1,34.49,31.87,29.15,30.02
25.64,27.98,27.33,29,30.96,25.82,30.02,29.95,28.98,28.27,33.5,30.69,28.84,31.33,27.4,31.27,29.19
28.18,28.43,29.73,29.07,29.41,29.55,28.75,27.44,32.38,29.24,29.75,27.42,31.04,30.82,25.41,28.65,29.08
31.58,24.06,28.33,31.39,32.63,34.9,32.46,30.27,34.21,31.42,22.96,31.71,26.55,29.24,34.48,30.88,30.44
32.08,31.77,30.07,31.71,29.37,31.14,27.68,27.21,27.74,29.78,31.71,26.58,31.43,31.32,32,32.62,30.26
29.34,27.27,28.44,34.29,28.34,29.92,30.3,25.31,28.26,28.78,26.18,30.94,29.1,33.17,30.14,27.07,29.18
28.16,28.27,27.93,26.98,27.58,29.77,31.53,29.32,30.34,26.42,34,27.06,30.04,29.31,30.06,31.84,29.29
32.42,28.5,28.24,31.35,28.01,28.81,27.36,32.63,29.12,30.23,30.89,34.44,29.32,33.27,32.55,30.08,30.45
32.8,31.61,34.18,29.05,30.33,30.3,26.85,24.29,31.77,32.23,31.46,31.48,28.52,31.01,29.44,29.48,30.3
26.44,33.09,33.83,25.63,33.28,31.52,28.49,32.14,27.02,30.57,31.82,29.21,28.43,29.31,32.07,30.77,30.23
30.48,31.47,31.88,27.59,29.06,27.18,25.07,30.23,29.94,29.33,30.75,30.4,29.46,32.19,30.28,25.24,29.41
28.1,32,31.05,29.88,36.49,32.07,27.84,26.87,32.12,34.54,31.75,27.31,27.55,27.7,33.11,28.71,30.44
33.9,31,33.83,31.59,28.61,30.7,29.5,33.1,30.44,28.7,28.71,29.83,27.69,31.02,30.55,32.97,30.76
33.4,25.84,29.68,31.59,29.76,29.85,33.79,29.76,29.63,31.45,25.96,25.35,28.83,30.11,29.91,31.02,29.75
28.7,29.2,32.52,31.45,35.19,31.21,29.14,27.87,31.65,28.19,32.89,30.9,32.63,32.83,30.21,31.88,31.03
28.2,28.62,25.81,30,24.7,28.35,34.83,30.56,31.82,27.38,28.07,29.9,29.69,28.43,27.7,31.01,29.07
29.76,31.68,30.8,28.89,32.97,29.98,30.68,32.27,23.98,33.24,32.89,30.04,27.53,28.68,29.79,28.97,30.13
34.02,31.94,32.37,29.35,31.22,29.55,27.83,30.55,30.1,30.17,31.96,28.48,30.97,31.06,31.74,30.22,30.72
34.4,28.53,29.99,28.69,28.67,29.9,28.5,27.25,28.78,30,35.82,32.15,30.81,28.48,32.66,25.59,30.01
25.64,31.07,27.31,31.69,32.16,29.45,27.78,31.49,29.22,29.68,31.43,27.33,28.04,31.19,33.05,29.24,29.74
30.96,27.11,27.63,31.85,28.57,29.96,27.02,27.23,27.7,30.03,32.04,25.52,28.41,27.96,26.04,29.81,28.62
29.06,33.82,29.52,27.94,29.2,30.65,28.26,32.92,34.48,32.2,26.57,32.79,29.68,30.51,29.54,32.22,30.59
27.4,33.08,30.13,25.96,28.68,30.61,25.48,30.62,32.83,31.1,27.79,28.12,32.58,30.94,34.08,30.85,30.02
30.92,28.82,29.2,29.77,29.78,31.08,28.56,30.31,27.83,32.16,27.71,30.52,31.79,29.95,24.77,30.68,29.62
31.78,32.18,31.52,33.28,28.44,26.43,31.94,25.27,30.67,27.02,29.79,30.65,32.02,32.9,27.01,28.44,29.96
28.14,33.58,31.13,28.29,24.55,28.29,30.05,29.57,28.64,24.08,30.43,31.46,30.28,27.7,30.89,27.78,29.05
29.26,26.28,28.88,32.19,31.61,29.96,24.08,28.89,27.11,29.68,30,27.4,32.87,32.9,31.96,28.03,29.44
25.54,28.54,32.29,32.57,33.08,31.12,32.92,30.92,29.65,31.87,30.89,28.83,29.1,31.92,29.64,28.98,30.49
30.98,29.91,31.08,29.96,31.88,32.2,32.76,28.11,33,31.17,28.68,27.27,26.23,31.43,28.81,33.93,30.46
30.26,27.89,31.49,30.06,26.63,30.57,32.9,29.07,29.56,28.83,32.18,30.9,29.91,28.99,27.33,30.91,29.84
30.56,32.73,31.52,27.57,32.63,27.08,31.18,37.31,28.12,32.85,28.96,28.67,30.9,33.69,34.09,32.66,31.28
30,26.12,34.81,29.92,29.59,31.73,34.44,31.08,29.99,32.57,28.25,30.81,30.33,33.49,31.06,32.58,31.05
32.78,30.71,26.33,34.03,31.07,33.76,27.84,28.26,31.79,30.66,30.54,28.77,29.7,31.19,31.02,27.82,30.39
31.16,29.4,31.68,28.44,32.44,29.32,30,30.64,28.29,28.56,29.86,32.85,32.36,29.93,25.06,32.83,30.18
32,27.74,32.65,32.5,31.03,27.89,33.61,24.46,32.24,29.58,32.18,31.85,29.06,28.9,25.27,30.65,30.1
26.72,28.84,28.37,29.87,31.69,34.61,31.36,30.01,28.58,31.25,26.14,29.48,33.47,27.85,29.81,31.37,29.96
30.46,30.44,30.31,28.44,28.11,32.01,31.87,26.5,27.78,33.74,30.39,31.9,32.38,28.4,33.66,29.63,30.38
31.92,30.5,31.21,32.74,28.98,30.25,30.55,31.9,26.08,31.55,29.18,27.29,30.73,27.13,30.69,27.68,29.9
31.94,32.16,30.5,30.49,31.19,30,33.02,32.4,27.74,28.87,31.71,28.27,30.11,29.75,30.31,26.31,30.3
33.76,34.78,33.15,31.78,32.12,29.83,27.18,30.21,29.72,32.28,31.5,31.37,30.68,29.02,33.27,28.16,31.18
31.06,28.61,28.27,28.29,29.26,25.81,29.78,23.63,32.53,30.24,27.36,29.52,29.32,32.33,29.26,31.45,29.17
29.92,31.16,33.13,29.6,31.81,33.42,36.63,29.99,30.97,26.53,29.18,29.48,30.47,28.96,36.45,29.81,31.09
33.3,33.43,31.52,31.59,28.27,28.76,31.03,26.65,28.3,29.58,31.93,29.96,30.83,27.98,28.18,31.98,30.21
28.94,31.09,26.71,30.19,30.7,27.04,28.15,27.44,28.28,31.35,26.96,29.6,30.8,29.25,34.04,30.12,29.42
27.62,35.47,27.48,29.58,30.5,29.21,26.08,29.83,31.63,32.19,28.46,28.9,31.64,29.24,25.5,31.58,29.68
31.06,31.74,27.79,33.26,30.45,30,26.2,31.8,32.06,33.56,27.46,25.98,31.1,27.71,30.81,25.84,29.8
30.22,32.07,27.75,28.5,27.71,31.45,32.86,31.24,26.37,31.57,31,30.44,30.54,32.3,25.46,27.81,29.83
30.44,27.79,27.3,28.94,28.35,31.25,32.16,27.85,31.36,31.12,29.93,28.67,28.89,30,31.11,38.49,30.23
29.3,30.77,30.7,29.35,32.2,29.01,31.12,27.26,32.18,28.94,30.36,29.1,29.36,34.3,28.76,32.01,30.3
26.9,31.06,28.33,31.65,25.26,34.12,30.09,32.56,28.21,29.14,33.71,33.5,30.1,29.44,29.25,29.31,30.17
27.34,31.79,31.42,32.66,28.29,27.12,34,28.05,32.8,33.8,28.96,28.02,31.56,27.73,27.43,26.6,29.85
26.8,34.84,28.76,31.25,25.72,27.96,31.23,27.52,33.12,29.46,30.5,28,30.83,24.17,28.2,33.13,29.47
31.98,28.1,31.62,28.08,29.69,29.88,31.16,25,28.76,31.5,28.86,32.54,32.75,28.27,35.35,29.69,30.2
32.08,31.56,32.44,27.3,27.01,29.57,29.69,27.42,31.84,29.07,30.25,28.33,29.74,31.62,32.9,33.48,30.27
32.12,29.79,25.77,30.76,31.58,30.14,33.16,29.7,31.62,29.04,32.54,27.94,30.78,33.42,30.52,34.76,30.85
26.74,29.4,29.23,31.69,32.56,30.3,33.37,32.11,32.67,33.22,30.68,29.31,32.2,29.96,28.08,31.18,30.79
28.82,31.12,28.17,28.67,30.79,29.44,30.43,26.05,25.48,31.38,28.96,27.4,31.96,32.19,27.48,30.11,29.28
32.4,28.43,29.49,27.01,32.69,27.31,27.21,30.3,29.57,25.69,26.89,28.48,31.86,32,28.92,29.61,29.24
25.8,29.53,27.43,31.66,29.92,29.89,30.21,28.62,32.15,29.8,28.5,28.96,32.84,30.46,28.39,32.61,29.8
28.98,29.96,29.56,28.57,33.63,29.43,27.18,28.55,28.31,30.15,32.32,31.9,29.05,31.76,32.6,29.06,30.06
30.2,32.66,29.9,28.65,24.78,28.32,28.28,26.81,31.12,27.48,34.64,27.79,25.3,33.54,28.01,31.22,29.29
29.58,28.99,32.46,29.01,32.66,31.74,28.12,31.29,29.87,26.99,30.25,31.65,26.98,26.99,30.46,35.64,30.17
31.38,28.63,28.1,31.46,29.81,27.92,30.19,30.54,32.89,33.26,32.46,28.73,29.11,28.99,28.15,29.41,30.06
28.06,28.04,32.08,32.53,28.01,33.1,27.32,29.07,29,25.72,30.25,27.79,29.25,29.89,29.41,29.3,29.3
31.28,31.52,27.19,29.52,32.55,30.36,30.53,29.86,29.33,27.81,31.18,27.92,25.33,30.52,30.26,26.77,29.5
26.24,31.21,29.83,31.52,28.37,32,28.27,30.3,32.18,32.12,29.07,31.9,27.02,28.38,28.16,28.36,29.68
29.94,34.59,27.11,30.33,29.44,31.62,29.81,30.35,31.16,27.46,29.11,34.08,33.53,27.24,27.71,29.72,30.2
33.84,26.49,28.93,27.76,31.15,29.88,31.84,28.57,35.75,29.22,30.46,29.69,28.57,31,33.35,29.57,30.38
27.38,28.92,28.6,29.33,28.23,27.81,27.94,27.21,31.37,31.53,29.96,31.46,29.45,31.25,31.8,28.16,29.4
29.1,24.32,30.73,27.46,30.84,30.64,28.28,25.83,27.47,33.23,30.36,32.06,29.14,29.9,25.7,30.37,29.09
31.7,28.26,28.44,30.89,29.54,30.17,33.64,31.14,34.01,28.14,27.46,28.33,31.41,31.27,26.01,30.07,30.03
30.7,30.42,25.38,27.97,27.27,27.55,29.98,30.89,31.79,29.3,32.14,27.15,28.7,29.75,29.59,32.08,29.42
26.82,32.73,28.01,32.15,28.67,29.04,31.88,32.44,28.08,29.1,30.21,28.15,31.02,32.69,31.1,30.42,30.16
31.52,31.54,29.13,32.05,27.65,29.5,30.96,24.65,30.15,26.12,33.07,29.81,28.59,30.46,32.25,31.55,29.94
26.68,30.16,30.86,30.5,31.03,30.55,26.22,28.96,32.04,29.89,29.54,28.94,32.21,30.37,30.78,33.7,30.15
28.72,33.06,27.79,28.49,32.31,32.39,29.88,32.36,33.47,28.72,28.36,29.58,30.6,30.83,30.62,25.83,30.19
29.62,28.01,28,28.51,31.07,30.55,27.73,28.13,27.53,29.82,34.25,31.77,26.56,30.46,27.66,26.71,29.15
26.88,33.59,30.29,28.61,31.88,32.63,25.32,26.24,28.26,31.74,29.43,32.44,32.14,30.44,29.86,24.75,29.66
35.58,31,32.39,29.15,29.79,29.57,32.01,30.7,28,30.75,25.64,30.73,30.48,29.94,31.48,27.58,30.3
30.66,27.99,28.23,31.34,30.4,28.77,29.66,30.36,32,28.25,30.46,27.94,34.65,26.29,28.08,25.96,29.44
31.3,30.59,28.74,31.13,30.6,29.15,33.63,30.63,29.82,27.93,28.25,26.44,34.1,28.77,32.26,31.39,30.3
28.06,30.83,29.92,29.6,31.69,25.73,32.55,27.42,32.93,27.78,31.79,31.21,30.22,26.08,32.66,31.26,29.98
31.72,29.81,27.92,32.09,31.17,28.29,28.96,31.14,32.48,31.48,27.54,30.29,32.45,29.46,29.97,31.59,30.4
28.04,27.77,33.11,29.83,34.97,29.4,24.27,26.55,31.1,31.23,27.68,32.23,31.5,30.31,31.93,29.11,29.94
28.4,28.41,35.05,28.11,26.79,31.11,33.66,26.57,33.3,32.89,30.21,30.83,30.02,35.39,30.55,28.74,30.63
27.64,29.34,27.94,29.44,29.21,34.3,29.76,32.02,31.52,30.44,34.36,31,30.75,28.58,29.71,33.73,30.61
28.7,29.77,33.32,28.38,27.29,29.9,27.89,31.62,27.52,31.74,31.75,33.35,28.48,29.63,28.71,26.96,29.69
26.68,29.23,29.82,31.76,31.48,32.1,25.9,31.89,33.05,31.74,24.14,28.4,32.98,29.05,32.12,29.71,30
33.16,27.8,33.29,27.59,33.82,30.75,31.8,32.67,30.35,32.75,29.18,34.27,30.6,34.35,25.48,33.49,31.33
31.92,30.01,27.01,30.91,28.98,30.17,30.74,30.19,27.43,29.8,32.89,26.88,31.74,26.54,27.28,28.18,29.42
31.7,34.22,29.33,30.14,27.73,32.54,30.44,28.71,31.08,33.24,31.68,29.58,29.62,31.7,28.88,29.72,30.65
30.48,31.86,31.05,30.4,30.52,29.01,28.19,27.35,31.71,30.57,31.39,29.02,31.25,26.79,34.94,28.58,30.19
23.64,30.86,29.95,27.52,31.71,32.1,29.84,29.64,31.29,31.28,29.07,30.23,29.08,32.62,29.63,26.83,29.71
36.66,30.32,31.82,28.92,30.49,30.18,35.87,28.48,29.87,28.58,34.96,29.4,32.52,29.69,27.73,30.68,31.01
30.86,36.3,26.38,27.31,28.43,28.88,34.41,25.36,32.22,28.23,30.68,29.73,33.62,29.39,31.37,29.74,30.18
30.52,26.5,32.63,32.13,33.94,30.74,28.32,27.2,28.74,27.41,31.21,28.92,32.66,29.27,29.22,30.49,30
30.46,31.11,32.26,29.92,29.55,28.83,26.96,32.88,30.08,32.32,30.36,28.19,31.67,30.42,26.77,32.47,30.27
32.5,30.24,32.8,27.22,32.64,30.82,27.97,31.19,27.68,26.9,29,29.56,31.85,31.25,31.1,30.29,30.19
31.14,30.49,29.64,31.09,32.49,32.85,23.88,31.17,32.39,31.12,26.32,28.54,29.93,30.32,26.85,33.65,30.12
31.74,28.64,26.88,29.78,29.36,28.36,26.97,33.25,30.88,29.05,28.64,29.65,28.52,31.55,30.38,26.74,29.4
29.38,32.76,30.18,29.44,27.7,29.5,29.93,32.21,30.91,32.1,32.64,30.17,30.79,31.1,32.81,29.21,30.68
28.7,29.03,32.15,27.25,30.52,30.26,28.27,31.76,29.65,28.28,33.68,27.06,31.84,28.55,30.64,32.55,30.01
35.2,29.26,33.87,27.69,27.63,33.18,29.93,32.02,28.13,28.23,33.29,27.6,30.34,28.56,30.09,31.18,30.39
29.78,30.06,31.3,34.47,32.2,31.3,29.81,28.36,30.82,29.82,29.39,28.67,33,26.79,30.9,29.78,30.4
29.66,33.28,30.15,30.81,29.48,29.43,30.09,27.75,27.83,29.16,26.5,27.48,32.56,29.51,28.04,29.31,29.44
31.42,27.84,28.6,27.55,26.42,34.86,29.14,26.92,33.38,26.91,30.39,27.73,31.58,29.69,35.09,27.43,29.68
29.64,28.11,32.4,29.19,33.46,29.92,30.54,36.46,30.81,31.47,27.86,30.19,30.59,30.77,30.88,30.26,30.78
28.56,26.42,30.18,29.79,28.1,33.32,31.11,28.11,29.62,29.94,31.25,27.04,31.29,30.04,31.47,30.01,29.77
32.84,28.62,30.64,31.61,32.89,32.27,30.8,25.69,28.95,28.53,30.93,31.31,29.82,30.99,32.5,32.4,30.67
30.12,25.67,28.7,31.68,30.44,35.19,33.6,27.31,28.1,29.54,27.79,31.65,27.53,28.56,31.53,30.49,29.87
27.6,30.77,25.14,25.34,30,27.07,27.36,26,26.58,30.55,29.96,30.33,27.11,31.55,30.96,27.84,28.39
27.66,28.44,32.42,27.97,31.38,28.99,30.49,32.6,30.29,31.78,26.5,29.42,27.4,30.45,30.99,31.21,29.87
32.14,33.57,28.37,28.12,30.88,32.15,31.7,27.45,27.96,31.56,25.36,34.56,35.03,28.37,34.42,27.45,30.57
31.18,33.91,30.6,31.05,32.73,27.99,28.46,28.92,30.02,32.89,28.89,30.19,30.31,28.82,33.48,29.58,30.56
28.04,31.44,31.49,29.02,26.39,31.14,29.4,33.33,28.92,30.11,32.25,29.71,28.02,31.46,26.96,31.51,29.95
30.58,32.72,29.27,30.66,31.11,27.79,27.91,31.68,32.68,31,33.29,27.29,30.42,34.93,30.34,27.76,30.59
30.94,28.73,30.69,32.82,29.47,29.87,25.59,31.29,30.06,29.53,28.79,30.17,27.53,26.62,30.09,26.22,29.27
28.86,27.3,29.31,25.47,30.52,25.7,30.88,34.55,30.55,27.46,29,29.65,27.46,34.04,31.61,29.45,29.49
30.5,30.69,26.02,29.69,28.97,29.5,26.91,31.23,34.51,31.09,29.71,28.56,33.1,27.19,33.41,31.1,30.14
32.42,34.07,28.17,29.3,26.82,28.14,33.38,31.42,28.83,29.9,25.68,29.48,31.03,30.87,26.5,32.97,29.94
33.4,24.97,29.71,29.64,26.49,27.52,31.19,26.94,26.26,32.34,27.46,27.9,25.13,26.29,28.64,30.54,28.4
28.58,31.81,29.37,30.38,29.4,29.99,28.94,31.08,27.83,31.19,30.75,30.88,30.53,31.65,27.21,27.23,29.8
31.98,26.04,29.86,29.96,30.81,33.5,28.19,34.39,28.79,31.14,31.14,24.46,35.28,30.86,28.13,32.49,30.44
32.16,31.53,30.94,30.89,28.18,29.19,27.63,27.96,31.08,32.75,32.89,27.81,32.68,32.61,26.59,30.94,30.37
30.42,28.48,35.67,27.44,31.6,30.17,29.62,32.54,29.67,28.99,31.96,31.38,32.21,30.75,24.8,31.82,30.47
27.64,30.43,30.24,32.85,30.06,27.21,30.57,28.17,25.25,30.09,30.36,30.27,27.42,33.23,27.19,25.92,29.18
27.42,31.93,31.13,27.97,27.77,29.98,34.24,31.13,29.77,27.65,28.57,31.25,30.83,25.06,27.16,30.47,29.52
29.38,32.2,28.6,28.61,26.29,27.87,28.17,28.61,28.27,31.65,31.07,33.69,28.41,27.6,29.61,32.11,29.51
29.2,27.1,24.98,32.63,30.53,29.19,31.18,26.57,31.62,27.94,26.86,32,27.52,30.4,31.63,33.78,29.57
29.92,31.29,30.64,29.96,30.24,29.92,30.71,28.15,28.98,30.61,30,26.33,29.52,30.42,33.96,27.67,29.9
28.26,30.54,29.13,27.12,27.16,32.79,27.63,32.26,29.71,29.41,31.89,30.27,30.77,27,32.62,28.99,29.72
31.72,29.72,29.11,28.96,31.55,31.38,29.84,30.68,30.31,28.79,33.5,31.19,29.72,30.76,29.13,27.87,30.26
35.78,29.16,31.17,28.42,29.27,26.48,27.97,30.99,26.75,30.5,30.68,31.27,28.8,31.12,27.98,26.77,29.57
29.36,27.2,29.75,26.58,26.54,32.45,29.22,28.95,28.04,26.61,29.21,31.29,28.67,23.7,33.19,27.34,28.63
30.3,30.4,32.27,26.55,31.94,29.48,32.69,31.62,32.29,32.83,31.25,27.58,28.59,30.14,26.09,33.07,30.44
29.32,29.2,31.56,27.99,32.59,29.3,24.98,27.74,28.6,31.54,29.18,32.33,27.82,29.07,30.29,31.94,29.59
29.44,28.74,29.37,30.24,24.16,29.88,27.36,31.61,27.92,30.11,28.04,31.65,29.69,30.54,27.08,32.61,29.28
29.86,33.03,28.75,29.56,30.93,29.33,31.96,30.25,30.52,29.77,31.54,29.94,28.43,32.3,33.25,30.88,30.64
34.88,27.82,25.95,31.91,27.9,29.85,35.78,28.32,27.72,28.31,30.18,30.1,29.79,25.6,32.04,28.38,29.66
29.68,24.46,28.57,32.56,27.95,30.63,30.55,27.21,26.19,30.44,30.11,30.48,31.79,29.68,32.28,31.32,29.62
28.58,31.93,30.24,30.99,26.76,30.57,29.41,28.49,30.11,28.47,31.14,27.02,30.22,27.42,28.81,27.9,29.25
32.32,30.49,30.26,31.75,29.43,32.23,26.08,28.08,28.79,31.45,29.57,29.46,29.32,29.96,29.26,32.06,30.03
33.28,26.04,30.51,28.88,31.46,26.83,32.01,31.05,32.16,32.21,31.96,28.75,29.44,31.76,31.62,30.44,30.53
27.68,27.44,30.71,28.94,30.28,24.2,29.79,27.55,30.71,27.57,30.75,30.35,29.42,30.23,27.2,32.66,29.09
28.2,34.13,30.79,30.3,26.31,29.99,30.56,27.76,34.69,31.33,27.39,28.81,31.93,26.32,32.48,27.38,29.9
36.34,32.92,28.62,29.23,30.74,31.58,30.53,25.74,26.04,30.37,29.46,33.5,34.06,29.58,31.05,32.36,30.76
28.56,31.53,25.86,30.73,27.94,32.31,29.01,30.8,30.48,29.21,32.29,27.5,29.95,29.11,26.22,33.99,29.72
30.44,33.66,27.99,30.31,28.77,33.57,29.76,28.82,30.75,30.75,27.32,28.04,25.03,35.81,31.26,33.71,30.37
28.32,27.14,33.13,27.73,30.8,32.36,33.2,24.43,27.38,26.95,30.75,34.83,30.77,31.74,32.43,32.23,30.26
30.28,27.34,27.86,30.56,29.34,28.98,32.39,28.6,27.16,29.41,28.04,29.25,25.02,30.55,31.69,30.06,29.16
29,24.06,26.24,28.4,28.13,28.07,28.37,35.19,31.86,28.83,28.25,30.42,30.77,27.93,32.38,31.49,29.34
28.34,29.56,32.1,30.7,31.99,30.08,30.37,29.27,28.08,30.99,28.61,29.31,33.88,32.58,31.29,30.58,30.48
31.9,27.12,33.62,28.86,28.49,31.29,27.81,30.3,29.49,31.09,29.11,25.27,28.5,32.64,27.77,25.5,29.3
27.6,30.01,30.67,29.55,29.53,32.42,30.62,28.52,32.31,28.63,32.71,30.75,28.79,29.12,31.9,27.57,30.04
32.04,31.11,34.49,26.7,29.75,28.6,30.03,28.67,31.25,25.25,31.29,30.27,28.51,28.61,33.77,27.38,29.86
24.2,32.63,31.46,29.14,33.81,24.65,28.57,26.93,29.86,30.73,24.79,32.46,28.65,28.51,30.86,30.38,29.23
33,29.12,28.43,28.01,35,28.37,25.38,29.94,27.31,29.13,32.07,27.29,34.55,30.25,30.62,31.21,29.98
27.1,30.06,30.98,28.64,29.86,29.26,31.37,30.94,29.45,29.5,28.71,28.6,31.46,30.7,27.42,25.52,29.35
34.08,30.72,28.65,30.16,31.35,27.46,32.54,26.31,28.68,29.13,26.96,27.19,32.21,28.96,32.27,32.53,29.95
30.84,31.8,26.14,29.78,31.5,26.75,33.22,29.68,31.88,27.48,29.86,30.4,27.96,29.08,31.18,29.11,29.79
31.16,33.99,30.5,29.1,30.44,27,33.76,29.35,33.19,27.83,27.11,27.04,28.6,31.77,28.98,29.06,29.93
37.5,28.37,30.27,33.43,30.07,31.93,30.26,29.21,30.55,30.24,30.82,26.23,30.09,30.51,32.96,25.79,30.52
25.62,29.4,30.21,32.81,28.31,32.43,32.69,28.57,35.79,30.33,28.18,28.35,29.97,31.55,28.92,29.34,30.15
30.24,30.37,27.31,26.69,27.9,31.86,32.51,29.81,30.28,29.1,28.39,31.15,30.87,32.27,33.73,31.28,30.23
31.98,28.67,29.8,33.82,30.1,29.9,33.66,31.69,34.41,29.56,26.39,29.23,29.13,27.96,33.7,34,30.88
32.22,29.4,26.25,30.09,31.63,31.39,28.89,29.99,32.72,32.47,28.71,28.65,30.49,29.77,27.1,33.96,30.23
32.58,27.72,28.71,32.38,29.89,28.15,31.48,27.08,32.38,28.84,26.93,30.54,31.18,30.15,32.45,27.69,29.89
29.64,28.57,30.45,30.34,30.77,28.52,27.98,31.7,33.17,27.95,31.04,31.71,31.54,31.07,30.63,30.38,30.34
27.22,27.71,32.3,31.47,30.99,26,30.34,29.04,25.12,32.83,33.57,27.5,35.76,34.36,28.04,31.82,30.25
28.6,32.53,29.9,30.62,29.37,28.95,32.51,33.98,29.9,31.14,29.04,29.17,28.78,29.49,29.59,33.7,30.45
28.4,26.06,29.43,32.41,30.46,26.37,27.84,29.42,27.86,30.46,28.43,34.75,31.84,32.48,28.42,27.71,29.52
32.28,31.19,29.98,32.29,30.07,31.4,30.01,27.93,31.27,32.05,31.07,30.08,34.72,28.48,33.42,31.17,31.09
31.88,32.44,31.7,29.42,29.69,30.96,29.22,30.27,28,30.04,31.29,31.85,30.37,27.74,27.79,31.8,30.28
32.56,27.29,31.36,28.42,24.72,32.23,29.52,30.18,31.63,31.2,26.5,25.77,29,29.37,29.61,30.39,29.36
28.6,31.68,28.52,28.72,28.28,32.12,31.58,29.88,27.64,28.78,27.71,28.02,31.17,31.06,32.97,28.27,29.69
25.58,31.88,28.48,28.85,33.38,30.58,28.98,31.87,28.13,29.01,35.29,30.48,30.82,30.58,30.31,30.74,30.31
31.32,25.98,31.39,33.05,26.88,33.42,34.48,32.01,31.79,28.25,28.93,24,29.5,28.1,31.42,27.53,29.88
31.2,29.63,28.39,30.46,32.82,27.86,30.04,26.89,27.41,28.9,28.93,30.83,26.81,28.45,31.2,26.56,29.15
30.24,26.87,29.37,34.61,26.06,30.9,28.61,32.26,34.32,31.87,30.32,24.38,29.09,29.62,30.71,34.79,30.25
32.88,33.27,29.38,27.64,29.03,31.26,27.27,31.79,29.53,32.43,25.54,29.44,27.67,32.75,29.97,30.37,30.01
29.74,29.06,31.36,30.1,32.01,27.26,27.37,26.86,31.53,32.31,29.86,31.9,28.97,32.26,33.93,30.52,30.31
26,27.98,25.15,29.98,26.5,29.81,29.66,30.14,29.63,30.35,26.07,27.92,28.13,30.57,33.71,27.35,28.68
30.88,35.96,28.58,28.08,29.96,26,30.22,29.82,31.69,33.02,29.96,30.75,27.38,27.92,29.06,29.09,29.9
32.26,28.33,26.74,31.07,29.58,26.98,29.81,25.31,28.68,28.36,31,28.92,30.75,27.74,31.04,28.21,29.05
28.76,29.77,33.69,31.43,28.2,28.55,29.82,29.23,29.28,28.22,29.46,30.31,29.6,27.31,31.24,30.7,29.72
33.74,30.01,31.55,30.83,29.88,29.43,31.52,28.48,29.58,31.46,29.86,28.69,29.84,30.99,28.91,33.22,30.5
30.12,28.66,27.4,26.58,29.8,28.43,29.92,30.61,28.67,30.18,28.39,32.71,31.8,31.17,29.98,26.11,29.41
29.34,32.67,26.2,32.33,28.85,32.02,29.02,29.92,33.78,31.21,31.04,30.67,29.9,30.39,27.78,30.02,30.32
33.54,32.79,31.04,33.9,31.86,29.86,30.08,30.85,34,25.92,32,28.42,29.78,32.2,32.49,28.22,31.06
31.86,29.42,29.32,33.66,27.81,30.56,30.79,28.62,32,29.17,31.29,31.15,31.14,31.36,32.41,29.93,30.65
33.16,29.04,28.86,31.36,31.27,29.7,25.86,33,32.43,30.54,29.75,30.96,29.11,31.61,32.85,30.01,30.59
26.2,30,27.88,28.69,31.07,32.42,32.31,28.94,30.08,29.76,29.36,26.31,31.99,28.81,28.44,30.16,29.53
30.82,32.54,30.13,29.34,28.18,27.56,32.95,26.5,25.46,28.68,28.86,33.19,29.61,31.55,27.01,31.05,29.59
31.8,29.2,31.24,31.74,31.72,34.76,29.27,34.63,30.6,31.72,29.18,27.15,33.69,29.94,28.93,29.86,30.96
31.44,34.57,31.26,32.89,32.84,27.18,30.52,35.58,31.02,29.18,29.5,29.69,32.73,33.56,27.79,31.18,31.31
31.68,30.77,27.25,28.17,32.42,31.81,28.09,28.13,34.39,27.26,29.79,32.75,26.55,30.67,27.52,26.74,29.62
29.48,24.61,31.05,30.18,28.43,30.25,29.56,30.46,30.13,28.96,26.96,27.52,29.41,29.94,28.06,30.72,29.11
30.22,32.82,29.42,30.74,30.31,28.85,28.75,32.76,31.12,28.25,28.93,34,27.15,28.83,26.77,32.79,30.11
27.82,27.97,30.76,32.46,28.16,31.99,26.42,33.24,32.18,32.08,29.64,29.62,28.21,31.75,25.65,29.79,29.86
27.5,31.99,32.02,32.84,30.58,30.74,24.31,29.88,29.57,28.66,31.32,30.15,27.65,28.01,29.32,29.74,29.64
29.84,27.58,28.71,30.84,29.72,31.58,30.59,30.77,32.43,32.11,27.79,32.19,31.36,34.27,28.45,28.67,30.43
31.74,28.64,32.65,31.32,33.3,32.86,25.54,30.13,31.07,29.86,32.21,28.94,33.32,32.48,27.27,29.97,30.71
31.86,34.13,32.51,27.51,30.26,30.23,29.74,31.55,29.22,32.23,26.86,30.58,27.25,29.7,31.73,28.48,30.24
29.78,35.86,28.36,30.02,31.67,31.73,29.75,31.32,27.08,34.05,35.39,30.4,32.39,25.77,34.6,32.51,31.29
27.9,28.47,31.2,31.12,28.9,30.21,27.67,28.52,27.22,29.22,28.54,30.35,31.75,31.4,28.2,31.85,29.53
26.92,31.01,32.15,31.11,32.09,29.65,30.39,29.51,28.34,32.72,32.68,28,27.74,29.42,27.71,30.88,30.02
27.76,30.8,27.08,28.87,32.52,32.74,31.31,25.79,30.93,29.73,27.71,28.4,29.62,35.39,33.75,31.6,30.25
33.58,29.94,29.52,30.45,30.18,30.9,29.54,27.25,29.28,29.5,27.89,31.54,30.94,30.54,29.49,28.63,29.95
27.78,32.87,30.36,31.89,30.07,26.3,28.44,29.11,28.76,30.28,33.29,27,27.2,29.8,32.11,27.56,29.55
32.62,27.29,29.95,32.88,31.3,27.87,33.64,26.81,27.46,30.4,29.25,29.04,28.52,27.65,29.93,26.45,29.44
28.12,28.94,27.26,32.37,26.03,27.45,33.72,33.17,31.02,33.79,28.11,27.94,31.2,28.04,32.54,28.03,29.86
28.96,29.32,30.52,31.17,27.5,27.12,29.65,31.61,27.72,28.31,33.43,31.67,29.62,30.54,34.66,29.65,30.09
28.1,31.69,32.36,29.36,28.41,31.89,28.76,27.06,27.79,27.33,28.57,31.17,26.76,33.26,31.51,30.46,29.65
29.04,23.98,26.73,26.87,28.6,30.05,27.64,26.17,31.88,27.19,34.5,30.69,26.93,31.88,34.33,26.28,28.92
33.08,26.59,29.42,29.81,31.43,30.42,29.92,31.44,32.92,31.89,27.5,29.9,27.77,27.73,33.19,27.3,30.02
29.78,31.91,30.26,30.22,30.77,27.42,32.02,31.18,28.22,28.17,28.18,32.21,26.74,28.32,32.03,29.16,29.79
32.24,28.23,31.82,33.44,28.86,31.61,31.82,30.42,31.74,28.57,30.11,31.21,31.85,28.87,31.37,30.76,30.81
29.14,31.99,28.04,26.73,34.41,32.14,30.35,31.6,29.14,28.03,30.5,30.5,29.21,34.24,30.18,31.87,30.5
27.74,29.79,29.33,30.3,27.56,31.73,29.08,31.48,27.5,29,32.96,26.08,32.25,29.6,30.44,32.42,29.83
31.68,26.93,29.04,30.45,30.26,28.31,29.51,28.7,28.18,34.57,31.5,29.12,31.8,27.29,31.25,31.34,30
31.04,29.97,30.35,30.87,30.07,30.67,28.27,31.76,29.92,30.5,27.04,27.35,32.05,32.99,29.39,31.56,30.24
30.92,29.41,27.35,26.89,27.21,32.62,29.08,33.73,29.76,29.55,28.04,26.4,28.67,30.65,28.76,31.65,29.42
30.18,30.46,31.98,31.91,30.15,30.86,27.48,31.33,32.88,28.21,31.82,27.98,29.24,29.73,29.86,31.91,30.37
29.52,32.1,29.19,27.69,27.68,27.96,34.08,28.63,26.25,30.16,28.32,32.71,31.97,32,30.01,26.93,29.7
31.06,33.03,29.12,33.92,31.52,27.64,30.71,31.21,30.17,29,32.64,35.62,28.31,32.08,34.34,27.51,31.12
30.42,28.38,29.7,30.61,30.73,29.82,28.34,26.48,31.3,30.82,30.21,30.19,34.79,26.81,34.88,27.35,30.05
30.18,30.39,30.8,34.42,30.53,31.17,27.81,29.05,23.58,29.73,29.04,32.46,29.97,28.04,27.06,33.01,29.83
29.94,29.77,29.9,29.4,30.95,28.63,30.17,31.08,29.52,28.62,31.11,29.23,31.7,32.8,26.58,31.69,30.07
29.22,32.42,27.38,32.47,30.09,32.26,27.39,25.75,32.42,28.11,31.64,31.21,30.5,30.51,29.75,31.23,30.15
26.76,29.5,28.24,31.75,35.42,31.21,32.68,31.02,33.09,27.13,30.36,31.6,29.06,30.42,31.97,30.42,30.66
31.48,33.38,27.06,31.44,27.2,30.6,30.83,33.85,31.04,27.82,29.96,31.29,30.36,33.18,30.49,33.07,30.82
33.14,24.64,26.58,28.22,29.36,35.48,28.19,28.4,26.56,29.48,28.11,32.31,27.74,30.75,29.84,31.74,29.41
29.42,25.39,31.1,28,29.18,32.87,30.68,32.3,26.42,31.31,30.86,31.15,24.7,26.76,33.86,27.67,29.48
29.54,29.2,29.25,31.17,29.99,27.51,23.85,26.62,27.86,32.08,27.61,34.54,30.44,34.07,30.65,30.4,29.67
26.8,27.13,29.87,27.59,30.09,29.48,28.29,28.73,26.61,28.58,29.79,28.88,31.34,28.24,29.08,30.65,28.82
27.98,29.09,31.58,25.68,29.07,33.94,29.26,29.7,30.78,29.82,28.11,26,34.01,32.8,29.24,30.75,29.86
26.48,34.88,27.45,30.85,27.68,32.26,31.14,31.75,34.61,30.35,26.11,29.69,25.33,30.25,30.26,28,29.82
29.5,24.78,28.31,32.06,26.57,28.99,30.03,29.63,28.55,30.92,33.21,30.17,28.24,31.92,30.26,32.97,29.76
28.04,23.72,29.55,32.87,28.19,30.54,28.79,29.14,35.6,28.97,25.5,26.9,29,33.35,25.54,26.49,28.89
28.06,32.01,29.76,30.68,32.17,32.49,25.79,28.23,34.05,28.7,31.86,28.65,32.07,27.2,26.53,31.33,29.97
30,32.64,29.55,26.61,32.09,30.07,26.51,30.08,32.98,29.14,31.86,29.98,27.91,26.67,29.62,29.84,29.72
29.42,30.99,33.15,28.62,32.14,27.67,30.39,28.58,31.98,32.73,25.29,26.25,32.22,30.2,30.02,35.37,30.31
27.56,29.77,29.69,30.75,27.77,35.39,30.11,32.95,27.1,32.55,29.32,28.71,28.7,32.95,26.88,28.02,29.89
29.16,30.5,24.79,31.28,33.81,24.71,33.6,26.23,29.92,30.21,29.93,31.77,29,30.77,30.54,31.12,29.83
30.1,31.78,32.06,33.62,26.96,28.87,27.11,28.56,29.63,27.66,26.61,30.21,30.48,31.71,34.72,32.19,30.14
27.56,31.7,28.69,30.76,29.5,26.79,36.23,30.64,30.1,29.56,32.57,27.73,33.03,29.43,29.74,29.09,30.2
27.42,30.48,28.63,27.93,27.66,31,29.69,31.93,25.72,31.71,31.89,27.79,32.62,27.58,24.03,33.29,29.34
28.86,31.6,30.12,34.12,30.96,31.63,28.74,29.85,28.09,29.64,27.82,31.54,26.52,27.8,28.89,27.27,29.59
26.24,28.9,25.81,29.77,28.6,28.73,33.94,33.73,28.2,32.02,31.25,30.27,29.78,35.63,30.01,28.84,30.11
29.12,30.51,24.27,29.04,31.52,26.6,31.13,27.46,26.73,28.48,28.43,31.98,29.09,28.9,30.68,30.16,29.01
29.48,27.58,31.76,29.2,30.17,28.42,32.16,32.43,27.69,27.9,29.96,34.06,33.92,29.85,32.55,30.21,30.46
34.46,31.73,31.14,27.11,31.48,30.56,27.73,29.07,30.19,25.1,29.32,28.73,29.95,31.82,28.92,30.97,29.89
29.42,36.2,30.94,30.97,29.46,33.13,28.81,30.43,35.17,31.58,30.18,30.77,25.92,26.63,28.74,28.39,30.42
31.16,27.79,30.15,31.13,29.71,30.52,27.03,28.08,27.53,33.77,28.75,28.98,33.3,32.21,27.6,31.47,29.95
28.48,29.08,27.87,29.7,30.91,24.71,29.87,28.2,28.95,28.33,33.43,28.35,24.87,30.02,32.24,30.68,29.11
28.34,30.12,26.79,29.34,31.8,27.3,34.54,27.81,26.54,30.71,31.04,29.79,28.84,32.71,30.94,31.87,29.9
28.42,27.39,30.02,31.23,29.17,29.52,35.22,33.19,29.38,32.15,31.71,30.92,31.44,28.6,30.62,31.61,30.66
29.6,30.67,29.33,27.16,31.27,29.61,29.69,27.49,30.88,31.28,28.79,30.98,29.82,29.7,27.75,29.18,29.57
32.04,28.19,25.67,31.63,31.01,26.57,30.09,25.83,31.48,29.48,26.18,31.4,35,28.89,28.71,30.44,29.54
29.62,32.99,30.15,27.93,29.52,29.3,35.61,30.32,30.13,32.23,30.25,31.12,27.13,27.01,28.25,28.87,30.03
33.64,29.4,33.24,30.69,30.8,34.92,30.81,29.01,32.78,30.85,30.64,28.08,28,27.39,28.88,32.2,30.71
31.16,29.94,29.07,26.12,28.89,28.49,28.58,28.51,27.72,30.99,29.18,27,27.45,31.52,28.31,28.57,28.84
31.66,27.16,27.64,28.34,33.96,31.88,29.45,26.77,30.98,26.7,27.82,31.25,28.46,28.19,27,25.23,28.91
28.62,29.34,29.36,29.73,29.22,30.62,31.72,30.19,28.78,29.79,32.07,30.77,29.73,28.94,30.22,28.97,29.88
33.16,28.8,31.74,32.88,29.52,32.15,31.62,32.38,33.96,31.29,28.86,33.56,27.05,30.42,27.44,29.77,30.91
33.04,31.51,34.71,29.4,33.06,32.23,34.52,32.39,30.78,29.01,31.79,28.33,28.62,29.2,29.99,31.08,31.23
29.2,27.58,29.55,30.85,28.34,27.26,28.05,32.77,29.04,29.53,34.29,30.83,28.84,31.8,28.48,29,29.71
28.2,31.19,28.55,30.6,28.95,34.51,30.64,26.62,29.69,31.37,31.71,27.69,31.29,31.7,25.8,29.51,29.88
31.68,28.57,30.95,31.51,27.5,26.68,32.36,32.8,26.65,31.57,30.68,27.4,32.45,31.25,31.49,24.07,29.85
29.92,29.4,28.19,28.22,30.73,29.01,26.52,31.89,32.48,26.56,29.86,29.85,29.46,30.61,32.5,29.73,29.68
31.98,29.68,33.79,31.3,32.88,33.85,28.76,25.12,29.63,25.76,29.39,33.38,31.78,31.24,32.85,31.08,30.78
28.4,29.28,32.31,27.48,33.78,32.06,32.91,29.36,31.78,32.78,30.04,28.9,28.48,32.93,29.59,28.18,30.52
29.5,29.12,32.44,31.02,29.35,26.85,31.31,33.27,26.44,29.73,27.54,32.08,25,31.88,30.7,30.79,29.81
28.36,30.41,25.65,29.79,27.51,30.95,31.34,31.63,31.16,27.3,27.57,28.9,31.2,30.98,32.39,30.85,29.75
30.76,28.92,27.76,30.52,29.16,32.48,28.77,32.13,31.18,28.97,32,27.79,26.31,30.29,33.15,32.13,30.14
26.5,29.78,29.31,33.61,27.21,33.31,29.4,28.27,28.97,30.65,28.82,25.44,29.5,32.67,28.84,31.9,29.64
32.1,26.88,27.58,26.25,25.91,31.42,28.77,33.33,31.14,28.16,37.54,26.94,33.22,29.55,28.07,31.1,29.87
29.3,27.7,28.98,30.2,31.29,30.76,29,26.9,29.44,31.37,32.46,31.62,29.93,26.81,32.44,33.74,30.12
29.62,30.52,32.54,29.77,30.16,30.82,33.63,23.43,31.01,31.65,26.5,30.81,29.6,30.89,33.18,26.75,30.05
31.2,23.89,32.61,30.86,27.45,30.14,30.95,28.38,32.32,29.89,26.18,32.71,28.77,27.06,27.88,30.7,29.44
29.46,27.08,29.33,31.25,29.44,29.62,30.84,32.79,28.02,31.03,25.36,29.52,33.35,28.51,32.35,25.04,29.56
31.86,32.51,27.4,32.37,28.62,28.7,31.51,34.6,29.76,33.02,30,28.75,29.13,28.79,31.3,34.04,30.77
30.82,29.17,27.62,26.95,34.69,27.98,30.26,27.18,26.3,32.77,26.07,30.5,31.02,28.39,31.88,30.69,29.52
25.46,30.6,28.33,33.1,29.59,31.3,27.49,32.83,30.57,31.88,31.75,29.42,31.48,29.52,26.49,29.54,29.96
28.9,31.78,30.63,31.1,34.47,27.85,27.88,31.27,33.72,28.82,29.32,31.4,26.82,33.82,32.21,29.29,30.58
30.1,29.68,33.43,28.26,29.78,32.14,30.7,31.5,31.55,30.9,30.75,28.06,29.86,28.69,28.22,29.06,30.17
31.2,35.22,27.48,31.24,28.93,27.63,28.93,32.3,29.98,30.62,28.46,26.48,32.88,27.57,32.67,34.23,30.36
26.5,30.12,29.69,33.2,33.56,30.4,34.79,32.88,29.98,32.75,29.86,26.52,29.89,33.26,35.59,29.44,31.15
30.78,29.19,30.17,26.44,30.71,30.33,30.34,29.74,31.43,29.83,33.18,26.6,31.1,29.96,26.22,30.84,29.81
28.58,28.83,29.37,26.95,27.05,30.92,29.25,27.81,28.66,34.95,29.86,24.52,31.02,25.94,30.66,28.46,28.93
29.64,31.36,34.57,34.13,28.5,31.6,29.19,29.31,28.35,32.63,28.39,32,29.49,25.05,30.9,29.14,30.26
27.94,35.73,29.21,26.68,28.27,29.1,30.74,28.4,31.06,28.72,29.86,30.96,32.3,29.08,28.89,29.92,29.8
27.3,31.8,30.05,28.47,27.88,29.95,27.83,26.32,27.99,28.66,32.64,29.83,30.32,30.85,37.54,30.24,29.85
33.82,31.5,32.56,28.32,27.66,31.44,32.38,31.82,32.85,29.29,31.18,29.17,29.92,28.92,32.88,27.45,30.7
30.28,33.7,30.64,29.64,32.66,26.83,29.68,32.08,27.48,27.55,34.07,27.65,30.25,30.26,29.98,28.13,30.05
34.68,27.79,24.96,27.99,32.72,30.82,29.14,28.36,29.62,30.37,27.07,27.4,31.12,28.43,26.42,25.86,28.92
31.52,28.1,33.7,27.52,33,34.52,27.64,28.42,31.25,33.55,26.5,31.35,29.75,29.42,26.18,30.74,30.2
29.22,30.48,30.12,29.39,26.17,32.05,30.45,29.75,30.92,27.14,33.75,31.58,28.78,27.3,32.41,28.42,29.87
28.62,31.74,34.43,29.85,35.11,33.25,29.88,31.37,34.13,32.57,27.04,32.94,31.21,31.02,33.36,26.63,31.45
31.88,27.1,31.71,33.57,31.62,29.55,30.02,25.81,26.75,32.78,30.32,30.46,28.15,29.63,28.75,30.44,29.91
28.86,26.01,30.58,29.72,30.99,28.74,32.17,29.83,29.94,29.6,28.93,31.65,30.37,30.01,31.44,26.73,29.72
31.68,28.64,30.58,29.63,30.88,25.99,29.09,33.17,29.18,30.96,28.5,29.54,31.68,29.8,28.14,27.87,29.71
27.18,26.86,27.82,29.56,30.62,33.15,29.3,27.46,28.72,31.38,33.89,29.33,31.26,27.61,32.06,29.12,29.71
28.56,26.9,29.42,28.16,28.98,32.88,31.89,28.42,30.43,29.34,29.68,31.08,30.79,33.11,29.63,30.51,29.99
30.14,33.61,32.26,27.6,33.47,30.96,29.66,28.88,25.97,29.26,30.89,26.96,28.44,32.18,30.62,27.11,29.88
31.32,31.97,28.2,28.06,29.57,30.31,29.98,28.14,25.35,30.97,32.39,31.48,28.7,29.79,30.6,30.07,29.81
32.66,34.7,27.63,29.95,31.77,28.37,30.35,30.3,31.39,32.24,32.64,27.4,32.28,31.38,26.98,32.39,30.78
27.76,33.39,28.27,29.75,29.79,28.58,28.06,26.58,28.53,28.18,29.64,26.23,32.88,29.08,34.38,29.79,29.43
29.74,32.41,31.19,28.71,28.23,28.25,33.63,27.65,23.92,29.9,24.36,25.5,23.78,28.68,33.7,28.63,28.64
31.8,32.92,34.29,30.03,27.31,28.68,30.07,30.9,31.03,31.13,30.43,27.42,27.07,31.54,36.19,31.84,30.79
31.52,26.79,33.55,31.95,29.44,32.29,27.29,30.4,30.8,29.3,30.82,29.19,29.7,28.15,31.49,31.86,30.28
28.9,30.14,28.85,26.64,31.74,28.29,28.67,35.5,32.49,30.99,27.43,32.6,29.29,30.77,34.22,30.1,30.41
32.64,29.69,28.61,31.43,29.97,29.5,29.42,31.24,27.93,30.79,25.93,33.33,27.58,31.73,29.18,34.96,30.25
28.98,32.38,30.79,31.6,34.32,29.71,29.21,28.89,34.23,30.38,30.43,28.81,26.32,27.04,34.67,27.07,30.3
32.44,29.93,28.35,29.78,31.25,29.46,32.86,27.15,28.56,28.46,31.11,26.08,30.65,28.27,30.87,26.71,29.5
28.58,28.14,29.92,31.16,31.82,28.57,31.79,28.83,24.42,31.84,29.61,28.46,24.28,34.74,30.74,30.13,29.56
28.52,27.39,30.12,29.01,27.3,25.4,26.7,33.67,28.14,29.84,26.32,30.98,30,33.2,34.91,29.76,29.45
28.78,25.74,28.36,28.81,29.86,29.38,29.2,28.83,30.37,32.17,28.43,32,26.63,29.01,31.05,31.42,29.38
33.7,28.21,32.45,28.71,29.78,32.25,27.32,32.92,32.58,27.42,32.54,29.83,31.78,32.19,31.68,27.83,30.7
27.16,29.63,29.21,33.84,31.68,32.61,29.18,28.6,32.65,28.04,30.96,30.52,27.84,30.4,27.24,25.07,29.66
30.48,29.64,27.29,27.42,25.24,29.92,31.22,30.67,30.82,28.31,27.68,30.98,29.53,32.12,28.24,30.23,29.36
28.2,31.97,31.24,30.16,29.06,26.19,30.31,30.54,30.12,29.71,29.14,29.75,28.53,29.86,30.23,30.03,29.69
30.86,30.36,27.77,30.17,26.65,29.45,26.86,29.73,31.26,30.71,27.71,30.88,29.33,34.18,30.99,30.13,29.81
27.5,29.83,33.67,28.31,30.84,32.14,34.75,28.6,26.38,29.74,30.04,25.15,27.81,30.14,31.5,32.66,29.94
27.9,28.78,28.54,28.42,31.26,27.83,30.42,29.35,29.62,26.64,30.14,29.38,27.64,26.79,30.86,28.75,28.89
31.58,32.11,31.8,32.65,29.86,26.44,26.62,27.99,28.12,30.39,27.89,30.83,30.93,30.4,35.16,28.53,30.08
30.62,29.31,28.83,30.34,28.85,30.29,26.53,28.98,26.22,30.2,29.14,30.75,28.19,28.14,30.36,33.08,29.37
33.02,34.1,28.77,31.77,32.56,30.77,30.81,26.9,29.72,27.39,29.46,29.73,28.02,30.51,29.33,34.24,30.45
27.9,27.28,26,31.92,30.46,31.86,28.62,27.04,31.92,32.89,28.39,31.58,29.58,29.71,30.04,29.63,29.68
32.1,30.36,31.36,31.77,32.68,26.49,31.46,29.83,27.7,32.52,27.75,33.12,29.26,31.56,30.58,32.51,30.69
28.92,29.43,33.65,29.53,28.06,28.67,31.55,28.92,30.64,32.47,30.57,32.21,29.57,28.69,29.57,30.18,30.16
29.3,30.71,26.69,30.91,27.67,29.85,28.86,29.67,29.21,27.56,31.07,29.04,28.93,31.2,29.92,32.87,29.59
30.68,28.76,27.46,28.22,28.85,34.33,28.11,31.42,30.41,31,28.82,29.27,25.24,26.58,32.31,30.48,29.5
26.62,30.49,29.3,31.04,29.92,30.58,30.1,27.5,30.12,27.52,33.54,30.31,31.54,30.64,32.77,29.2,30.07
27.1,30.23,28.81,28.92,31.29,28.71,27.29,30.18,28.43,29.74,29.14,29.5,29.54,30.33,32,29.95,29.45
30.54,29.06,30.57,29.75,31.07,32.1,30.14,32.6,31.93,30.74,30.79,29.08,29.02,25.07,28.23,30.69,30.09
28.58,28.73,31.61,26.27,32.62,29.02,33.71,29.96,28.7,29.59,31.36,28.52,28.18,25.39,28.06,30.36,29.42
33.08,32.13,31,28.88,29,26.4,31.43,30.63,30.52,30.29,30.89,25.62,32.87,26.82,30.18,29.42,29.95
30.18,26.33,29.12,27.52,27.3,31.31,28.1,29.33,31.44,33.29,32.39,29.27,29.02,34.14,25.58,32.61,29.81
29.8,32.01,30.39,31.9,29.09,31.4,28.74,29.76,27.36,32.62,28.36,30.46,28.5,32.77,27.74,32.43,30.21
29.8,26.56,30.06,28.97,29.96,31.86,27.62,30.17,31.43,28.51,27.11,28.46,29.07,28.19,27.62,31.27,29.17
30.02,27.91,34.45,31.31,33.31,30.49,25.53,30.87,34.28,27.51,27.21,30.65,32.23,26.67,30.11,31.53,30.25
25.8,34.28,29.5,27.19,28.12,30.12,30.02,27.42,32.02,29.18,27.93,26.44,26.33,27.86,32.72,27.59,28.91
31.32,32.29,29.95,27.08,30.94,35.18,27.21,31.58,29.09,25.46,32.32,31.6,30.85,27.56,31.61,30.68,30.3
32.32,31.19,32.82,31.32,32.84,30.79,30.34,29.21,30.35,29.75,27.93,30.56,28.68,28.81,29.21,29.18,30.33
30.36,29.57,32.3,29.02,30.88,30.51,29.07,31.63,30.43,27.81,30.25,31.33,29.52,27.9,28.46,28.08,29.82
28.02,28.17,29.2,28.71,29.53,29.95,29.68,29.57,33.51,30.67,26.64,28.17,30.87,28.7,30.41,32.02,29.61
31.16,28.22,28.13,26.38,30.48,30.95,30.27,32.74,27.42,33.19,29.43,33.58,28.27,32.32,32.59,30.91,30.38
29.46,30.57,27.19,28.52,29.35,28.86,29.09,29.5,33.34,28.52,27.21,27.92,30.65,32.68,29.87,33.79,29.78
27.74,30.86,23.04,28.51,29.3,28.49,32.66,26.93,28.08,29.41,31.89,30.88,34.42,31.62,25.82,30.09,29.36
29.32,30.31,33.07,31.05,29.96,32.5,28.38,28.52,32.5,29.66,34.71,30.69,30.57,29.9,34.48,30.91,31.03
30.54,30.83,33.48,27.61,30.25,26.81,30.61,31.52,34.14,32.72,27.57,28.67,28.37,30.85,30.32,31.42,30.36
27.56,25.91,29.31,30.98,28.52,27.08,30.54,28.79,30,33.52,31.82,27.69,30.22,28.33,30.39,31.83,29.53
25.34,30.1,29.62,29.85,30.91,31.96,33.1,27.83,31.48,30.36,29.93,31.92,27.99,27.69,28.04,33.66,29.99
32.04,30.52,28.75,32.96,27.56,30.8,28.81,29.79,29.53,31.31,30.25,31.42,30.88,30.4,31.86,26.67,30.22
27.18,30.6,28.55,31.15,27.76,28,30.53,25.15,28.84,27.95,33.71,24.08,27.74,27.94,28.46,30.09,28.61
31.92,27.9,32.07,27.59,26.27,28.58,33.85,35.32,31.49,31.09,31.64,33.08,32.15,27.79,30.85,29.89,30.72
32.66,34.09,29.31,33.32,27.98,33.71,30.39,28.15,30.46,32.14,28.86,27.15,32.65,31.43,28.42,31.56,30.77
30.72,30.28,29.27,30.58,29.69,30.92,30.81,25.98,31.38,27.87,29.07,31.06,29.25,28.26,30.17,30.43,29.74
28.96,32.62,32.19,30.59,29.09,29.43,33.94,33.93,30.58,28.82,31.11,28.46,29.58,31.48,31.03,26.29,30.51
30.84,25.16,31.42,32.19,29.89,29.57,31.24,29,28.92,29.01,33.04,32.62,31.67,30.32,30.38,31.08,30.4
30.36,29.6,31.25,29.8,30.11,29.99,28.31,31.68,34.55,30.47,30.39,27.5,29.6,31.49,28.05,31.77,30.31
30.3,34.57,27.73,30.76,31.52,28.73,24.05,32.39,29.93,29.14,30.32,30,29.59,28.13,26.96,32.66,29.8
30.1,26.6,30.94,32.15,35.93,31.57,31.29,32.32,31.91,29.97,28.54,29.1,32.38,28.9,26.74,33.06,30.72
31.58,29.11,31.17,32.59,29.28,33.33,34.59,32.27,31.1,30.85,24.68,29.08,29.16,32.83,28.34,28.71,30.54
32.1,27.18,31.75,26.79,32.62,29.13,32.79,33.15,27.18,30.13,31.21,29.12,33.2,34.02,27.95,28.63,30.44
29.8,30.28,25.15,30.77,32.98,28.42,27.28,34.06,28.48,28.27,30,30.31,29.9,33.15,31.31,30.57,30.05
34.76,27.79,34.35,31.47,31.09,30.61,32.06,27.31,27.74,33.23,27.14,29.92,31.51,29.1,24.84,26.48,29.96
30.88,31,29.63,28.11,27.84,29.08,25.31,32.52,29.73,32.09,31.82,26.73,30.94,29.57,30.41,31.38,29.82
30.5,28.31,29.48,32.84,30.16,30.99,32.15,32.85,29.12,29.63,31.57,31.06,30.38,29.85,33.09,28.86,30.68
30.68,27.27,28.65,30.33,27.86,32.73,29.3,29.45,29.52,26.3,29.86,27.17,27.98,28.23,25.45,29.63,28.78
25,29.87,28.01,27.91,33.53,28.25,30.84,24.73,29.08,29.8,30.71,33.23,30.65,27.37,28.05,33.33,29.4
32.4,29.57,32.76,30.01,30.57,29.65,26.81,27.98,27.68,26.82,33.64,30.21,27.96,28.23,31.34,30.79,29.78
28.2,29.69,27.6,32.92,33.36,29.49,32.73,24.77,31.49,33.81,26.82,31.56,31.52,29.68,28.86,28.07,30.04
30.1,30.36,30.63,27.53,28.47,30.48,30.88,31.37,26.56,27.74,27.04,31.71,27.82,28.86,29.6,31.66,29.42
28.86,28.42,29.37,30.28,33.46,31.24,30.38,27.82,26.18,29.46,28.18,29.98,31.58,32.93,32.31,34.07,30.28
33.26,31.92,28.98,27.36,30.64,32.79,27.52,30.93,31.78,31.47,30.54,29.58,29.95,31.24,34.37,24.94,30.45
31.28,26.14,35.13,29.46,31.33,31.61,35.47,31.02,32.35,31.14,33.93,30.92,29.98,28.63,26.7,28.79,30.87
30.86,30.48,32.14,27.35,29.67,33.24,32.91,28.49,29.8,31.48,31.57,27.58,29.92,29.56,29.48,29.07,30.22
27.12,28.97,30.24,24.49,27.95,31.64,28.16,32.04,27.81,33.31,27.32,28.69,29.52,28.63,30.01,31.83,29.23
27.1,28.27,33.27,32.22,25.47,31.85,28.71,33.14,29.76,30.6,27.25,30.48,31.28,31.07,31.86,31.1,30.21
30.22,30.04,30.68,32.11,28.35,29.05,30.36,30.12,30.75,33.27,30.68,30.1,31.7,30.3,27.71,29.47,30.31
27.9,29.98,28.92,29.48,30.37,28.89,30.98,29.61,30.92,29.05,27,28,30.01,27.57,27.68,29.41,29.11
29.92,32.77,30.62,30.22,29.73,28.81,33.07,26.57,29.95,29.52,29.04,34.23,30.31,31.29,31.38,32.04,30.59
26.7,28.76,29.81,31.54,27.57,31.01,31.94,30.55,32.4,26.3,34.11,30.67,28.13,26.42,25.43,30.94,29.52
32.22,31.29,31.71,30.25,32.37,30.44,29.75,31.93,33.29,32.92,32.64,29.21,26.84,30.81,27.82,27.29,30.67
26.24,32.14,30.64,28.63,28.69,27.8,29.4,30.55,30.75,31.07,32.89,31.98,30.2,33.18,32.86,25.61,30.16
33.56,30.03,31.05,28.31,31.56,29.75,32.17,29.38,26.99,28.36,27.57,30.9,28.81,30.48,29.53,29.36,29.86
33.76,26.24,29.56,29.04,30.25,33.25,29.62,31.45,34.02,28.47,31.68,30.42,33.38,30.99,29.67,28.67,30.65
26.04,26.43,28.36,27.76,26.31,31.52,28.91,30.82,30.38,25.31,29.25,31.27,31.65,31.04,27.37,30.44,28.93
27.14,34.7,29.7,28.33,30.83,26.35,28.53,33.7,29.38,34.47,30.71,27.1,29.56,33.74,30.54,26.88,30.1
31.64,26.87,29.23,29.5,31.63,31.87,30.34,27.71,28.68,34.04,29.89,32.38,29,28.31,29.49,25.17,29.73
32.74,31.8,27.83,33.34,27.44,29.31,32.38,35.04,31.05,29.94,26.5,29.98,28.15,29.94,33.31,32.37,30.7
29.64,30.54,30.31,27.37,31.66,30.81,28.86,27.33,29.58,32.71,33.29,30.85,30.26,33.42,28.93,33.67,30.58
30.3,33.89,32.18,27.3,28.86,29.18,29.02,31.07,30.16,36.58,31.89,29.94,31.62,27.57,30.93,27.13,30.48
28.76,26.94,30.67,33.21,31.8,31.37,32.03,31.68,29.49,27.77,30.29,29.75,31.29,28.86,31.97,29.56,30.34
31.16,29.23,28.7,32.66,31.92,27.13,33.46,29.89,27.93,28.09,28.29,30.17,31.39,30.86,28.46,29.48,29.93
28.32,31.82,30.3,28.65,26.69,30.25,30.5,35.75,30.13,28.96,32.79,28.44,27.74,29.02,30.02,32.3,30.11
28.24,29.23,29.79,31.8,27.51,30.36,31.02,37.54,28.77,32.38,28.93,32.79,32.84,27.05,27.89,34.07,30.64
29.08,28.07,29.05,31.29,30.96,30.54,33.68,32.73,31.78,30.82,29.93,28.94,30.92,26.18,27.92,29.72,30.1
28.82,35.13,31.55,31.38,30.07,27.68,30.61,30.48,30.18,30.89,30.36,29.75,31.15,30.19,33.64,29.52,30.71
27.92,29.57,31.82,29.12,29.06,31.83,30.59,30.9,27.95,32.32,27.79,29.77,28.96,30.42,31.91,29.5,29.96
30.5,30.88,27.27,28.74,33.32,27.89,24.87,27.93,28.91,30.84,26.71,28.12,30.32,32.93,30.36,30.41,29.38
28.32,32.47,28.3,32.09,30.24,30.85,30.48,32.42,31.41,31.17,32.21,29.58,30.39,30.25,31.14,25.23,30.41
28.08,30.17,26.77,30.28,29.28,30.87,31.94,24.67,33.73,31.62,32.57,29,31.18,29.43,29.68,28.93,29.89
27.98,32.19,32.37,28.33,30.03,31.35,28.53,29.68,24.51,30.73,29.75,31.65,29.55,30.71,26.54,34.02,29.87
25.48,32.26,33.56,31.21,26.43,27.96,31.36,28.63,30.97,28.33,29.57,33.73,30.16,28.96,31.94,29.52,30
25.58,32.42,30.32,28.64,30,26.92,33.79,29.82,31.46,29.16,26.61,32.79,23.66,32.24,32.26,33.98,29.98
29.72,29.73,30.05,29.12,30.18,33.52,27.79,31.3,34.82,30.28,28.14,26.15,31.44,31.3,32.66,29.19,30.34
32.68,29.47,30.68,30.37,27.32,31.61,27.02,31.58,31.11,32.71,27.25,29.52,29.51,28.33,30.24,27.4,29.8
29.24,31.68,32.24,29.04,30.73,30.93,26.47,27.42,31.32,28.57,32.18,29.48,33.48,28.75,30.18,30.54,30.14
25.66,29.74,29.9,29.99,29.46,28.04,31.02,31.86,30.05,29.71,25.64,31.48,29.79,30.2,28.77,29.24,29.41
31.28,27.32,27.88,29.15,31.42,33.11,33.42,30.18,28.31,29.75,29.93,26.85,30.86,30.29,30.8,27.28,29.86
34.44,26.87,29.54,31.86,27.62,29.44,32,32.46,29.06,31.63,31.43,28.1,33.88,31.06,31.27,28.42,30.57
26.06,34.27,28.95,28.38,32.19,30.43,29.04,29.01,30.49,30.89,33.89,30.77,32.25,31.75,32.6,28.03,30.56
31.7,29.81,29.38,28.62,23.74,32.9,30.02,26.08,28.17,25.71,34.57,31.04,32.86,30.87,29.02,25.99,29.41
33.14,33.08,29.07,25.54,28.72,30.5,27.18,31.48,29.05,27.14,27.18,28.02,31.43,26.25,31.65,32.11,29.47
27.44,33.48,31.02,32.93,30.85,31.01,33.94,36.2,31.44,29.86,32.86,29.58,28.7,28.68,29.05,30.02,31.07
31.22,31.28,32.06,35.37,28.5,29.49,28.3,27.44,32.51,31.34,29.29,26.81,29.63,27.48,29.4,32.53,30.16
29.22,28.51,34.07,28,29.94,28.2,33.89,28.04,33.12,27.25,32.18,29.4,29.29,32,29.02,26.92,29.94
31.2,34.26,30.2,31.37,33.19,30.9,29.09,31.1,33.49,31.2,26.54,29.31,29.15,31.36,27.87,30.08,30.64
30.56,32.02,28.55,29.44,28.7,31,31.82,31.94,33.91,33.74,29.21,29.6,32.8,28.71,29.85,29.11,30.69
27.54,31.44,28.77,33.18,31.23,27.31,29.97,32.17,29.49,29.57,27.25,28.79,30.16,31.26,33.01,29.66,30.05
27.74,30.69,30.82,30.17,30.59,30.74,27.02,29.15,34.43,31.92,30.39,32.08,33.89,30.83,31.41,26.86,30.55
28.98,26.11,32.6,32.78,31.84,28.54,30.67,30.65,31.64,30.6,27.39,33.06,32.81,28.42,29.99,34.23,30.65
31.76,27.48,31.83,30.9,31.44,32.94,27.78,25.02,30.62,30.13,29.21,28.23,31.19,29.32,30.31,30.86,29.94
28.36,27.8,28.61,29.18,29.86,31.15,24.88,24.76,26.62,29.93,31.89,27.12,32.06,30.26,29.56,31.91,29
27.4,28.17,30.38,30.11,34.81,32.56,31.49,29.9,27.42,29.92,30.36,31.5,28.27,26.1,27.51,30.87,29.8
31.42,24.87,27.44,30.7,31.56,30.89,31.11,32.76,28.63,31.72,32.79,30.77,28.81,33.54,30.43,27.48,30.31
30.82,30.63,28.13,26.43,33.19,29.25,29.27,34.04,31.72,30.9,31.79,28.73,26.3,28.68,30.73,32.68,30.21
30.2,32.76,29.63,30.06,29,31.98,25.51,29.11,31.6,28.95,31.46,32.48,28.07,29.57,29.29,31.13,30.05
30.12,27.13,28.94,28.38,34.31,31.75,29.15,35.08,27.97,31.05,29.36,27.29,29.01,31.43,28.64,29.82,29.96
29.98,33.47,26.77,32.12,31.53,25.83,31.67,26.58,25.31,30.25,27.5,27.4,29.2,28.15,26.41,24.62,28.55
31.72,29.27,26.79,27.32,27.58,28.01,31.71,33.71,32.43,28.56,28.25,29.96,31.48,26.61,30.98,29.53,29.62
36.02,27.24,29.52,32.9,26.37,29.57,29.37,30.37,27.78,28.14,30.54,31.98,26.95,28.27,27.68,35.31,29.88
31.18,31.2,31.93,32.04,31.92,28.23,27.76,28.98,28.52,30.3,29.64,31.1,33.51,27.46,26.97,31.58,30.14
32.84,30.34,27.63,28.08,32.31,30.46,30.98,30.85,30.2,28.84,32.46,32.71,30.21,29.21,28.33,30.32,30.36
29.48,26.9,32.38,29.27,29.2,28.67,31.91,30.67,27.76,30.16,27.18,28.17,28.78,29.61,31.66,30.89,29.54
31.32,30.93,27.87,26.06,31.14,29.87,30.31,29.68,34.02,29.37,31.93,28.12,27.72,28.99,27.94,29.16,29.65
32.64,36.41,28.1,28.11,29.88,28.99,26.11,29.3,27.33,30.55,31.36,33.17,29.62,29.98,27.83,31.37,30.05
28.82,26.41,29.15,27.14,28.9,28.38,28.69,26.31,28.52,32.17,27.29,30.58,30.8,28.65,33.44,30.45,29.11
28.64,31.11,29.4,31.97,28.66,31.07,28.09,28.23,29.05,30.85,32.5,30.27,31.54,33.24,30.48,29.97,30.32
25.42,33.23,28.42,28.36,30.55,30.82,30.92,27.56,27.78,33.61,27.86,34.5,28.02,31.1,28.72,31.14,29.88
29.78,27.44,23.2,32.26,31.58,32.65,25.04,31.32,31.86,31.33,32.43,33.58,29.19,31.9,31.13,32.66,30.46
30.98,29.1,30.55,30.88,30.56,34.5,32.69,27.71,31.05,31.44,27.5,33.15,31.74,28.81,31.22,32.66,30.91
27.36,34.22,30.37,30.71,31.56,32.46,34.78,30.93,29.11,29.19,33.32,31.54,32.48,32.6,30.85,31.45,31.43
32.96,34.73,30.13,33.93,33.2,28.4,30.71,31.49,34.04,32.84,24.04,29.08,26.7,27.43,31.61,28.76,30.63
28.04,34.63,28.12,31.12,30.73,32.07,31.05,28.71,31.55,28.23,32.21,28.88,29.72,30.27,29.59,27.76,30.17
29.32,30.12,29.32,28.92,29.99,29.43,31.55,31.42,29.84,30.01,26.5,31.27,32.7,31.11,32.28,32.21,30.37
27.46,28.09,27.62,30.78,31.14,31.07,29.38,34.71,28.89,28.19,30.89,33,31.03,30.14,31.22,28.58,30.14
30.42,33,29.7,28.56,31.22,33.08,28.8,27.99,29.48,30.11,32.79,29.38,26.76,28.64,28.97,27.5,29.77
34.16,28.51,27.64,28.58,29.79,25.99,29.02,26.19,31.22,28.41,31.39,35.79,29,28.77,32.98,30.68,29.88
27.98,26.63,29.21,32.42,27.57,29.43,29.58,30.17,25.33,32.67,34.57,34.98,30.95,28.96,34.32,30.06,30.3
34.8,28.63,31.68,34.01,33.69,31.25,29.82,29.18,31.32,29.4,30.68,28.54,32.88,27.68,29.26,33.91,31.05
27.88,27.5,31.1,29.22,31.69,29.43,25.7,29.98,27.19,26.27,30.75,30.04,30.65,30.9,28.05,27.86,29.01
27.68,27.48,31.74,28.89,29.81,27.57,33.51,28.65,28.17,30.55,28.32,30.79,25.57,28,28.22,32.65,29.22
25.36,23.61,28.48,31.84,31.67,28.37,28.05,28.98,30.23,28.84,34,33.69,34.63,34.37,29.74,23.29,29.7
28.36,29.28,26.67,28.8,25.44,32.12,32.47,26.64,27.78,31.05,29,28.25,28.72,28.33,28.82,28.23,28.75
29.46,28.28,32.86,31.58,29.34,24.83,25.66,27.24,32.68,27.16,30.04,30.67,31.56,33.69,31.8,29.19,29.75
29.22,27.04,27.5,30.63,29.12,31.81,27.72,24.48,29.25,31.96,32.61,29.02,29.38,31.79,30.35,35.17,29.82
28.88,32.78,26.88,28.64,25.2,26.74,32.99,28.01,29.2,28.29,28.68,29.98,30.36,28.99,26.01,29.84,28.84
31.02,30.06,31.13,32.01,30.44,30.62,31,28.9,28.36,28.65,27.36,31.19,32.26,30.46,31.46,32.63,30.47
34.86,30.64,29.25,27.17,26.44,34.57,26.65,33.73,30.32,28.24,27.46,28.52,29.65,29.79,31.24,29.91,29.9
30.46,31.48,30.37,31.14,30.98,29.01,29.26,30.33,30.54,30.34,30.75,29.35,29.86,29.76,34.36,30.31,30.52
29.8,31.37,30.76,32.07,28.45,29.43,30.19,30.67,31.29,31.03,29.82,29.44,31.03,29.86,30.41,27.74,30.21
32.32,32.19,31.3,30.12,34.49,36.73,28.36,28.21,27.38,31.51,28.61,33.5,28,29.69,31.19,29.99,30.85
26.62,31.04,28.01,30.28,29.78,32.46,31.47,29.99,30.56,32.5,30.96,30.17,29.21,28.39,26.53,32.62,30.04
34.92,30.5,29.13,29.45,28.87,28.83,28.96,33,29.9,31.09,33.07,30.1,34.82,32.69,32.13,32.89,31.27
31.26,31.42,31,32.49,31.27,31.35,30.72,29.27,29.85,33.75,29.57,27.81,26.83,31.04,31.98,27.5,30.44
32.88,32.8,28.12,30.55,30,32.27,29.51,24.95,32.25,29.36,28.71,30.88,33,28.48,29.11,34.18,30.44
26.38,33.4,32.4,28.85,32.74,32.69,32.47,26.99,27.88,30.35,31.96,31.48,29.7,28.27,29.67,30.22,30.34
30.9,28.67,28.76,30.13,27.7,34.05,24.85,25.99,28.23,34.22,30.43,28.88,31.68,28.49,32.26,26.13,29.46
29.7,32.77,29.15,31.8,25.78,31.93,31.89,32.77,30.3,28.2,29.93,27.67,31.39,31.3,24.17,29.12,29.87
33.22,29.81,27.94,31.03,31.81,29.88,33.82,30.77,28.68,32.79,29.04,30.94,31.27,26.76,30.47,29.25,30.47
29.12,26.97,27.69,29.01,29.65,32.58,30.54,29.49,29.38,32.62,28.36,28.98,34.08,32.15,28.3,29.34,29.89
27.62,29.96,29.31,27.71,29.88,25.92,33.12,31.21,28.95,31.71,30.04,27.62,32.1,29.8,30.14,28.75,29.62
25.88,30,32.96,30.9,29.94,33.37,28.58,33.35,31,31.83,30.54,28.96,30.01,29.63,29.56,27.39,30.24
29.18,28.27,32,28.72,32.37,29.08,34.04,29.17,31.02,26.45,32.57,32.52,27.15,26.2,33.01,29.46,30.08
27.96,32.09,26.93,31.39,33.5,35.52,28.84,31.48,29.22,32.24,29.71,29.33,24.83,33.96,32.96,24.57,30.28
27.94,31.2,25.88,29.05,29.2,31.33,27.12,29.7,30.87,32.07,32.75,28.77,29.65,30.3,31.39,34.24,30.09
26.56,30.32,28.6,31.58,32.85,28.83,26.58,33.3,32.16,31.29,28.29,33.02,27.82,28.76,31.61,29.46,30.06
26.52,36.01,31.21,27.98,32.38,25.7,32.23,28.17,29.7,33.01,28.39,33.19,27.71,33.26,30.18,31.92,30.47
30.78,27.81,30.24,31.42,34,30.49,32.25,31.74,27.62,28.07,28.21,29.38,32.81,29.98,30.82,33.37,30.56
29.4,31.37,29.63,29.97,32.88,26.69,32.81,30.44,25.12,27.67,32.79,30.04,29.1,27.06,30.44,33.06,29.9
25.68,30.36,31.46,29.33,28.35,31.13,33.18,35.8,29.29,29.64,30.54,26.35,30.92,32.87,28.7,30.51,30.26
34.2,31.98,27.54,27.69,31.23,30.38,28.04,27.89,31.32,31.3,30.39,32.52,34,33.11,32.78,29.72,30.88
26.86,28.12,32.21,29.97,30.66,33.24,30.76,31.95,33.59,28.87,28.36,28.33,29.3,31.56,30.96,30.56,30.33
25.46,30.27,29.61,32.73,29.56,30.68,31.14,30.68,35.2,29.69,32.14,34.6,28.1,27.86,31.66,31.86,30.7
31.14,29.71,31.9,30.36,32.52,35.24,27.71,29.63,30.54,28.76,33.39,28.94,31.43,29.77,31.89,30.95,30.87
28.7,31.36,31.65,27.03,29.94,27.5,29.04,33.7,28.88,31.29,30.93,31.98,27.49,26.4,28.92,28.12,29.56
29.3,29.61,31.71,29.36,31.61,28.85,27.88,30.5,27.27,26.61,26.07,30.67,28.22,29.37,29.68,30.21,29.18
27.1,33.92,26.76,31.67,32.06,29.06,31.42,26.14,30,26.78,28.46,30.77,28.66,28,29.68,29.97,29.4
32.24,29.87,30.32,32.14,27.94,31.55,31.04,31.1,26.37,29.74,27.61,30.67,29.94,29.36,34.36,32.12,30.4
24.14,27.76,29.38,30.97,27.13,28.9,28.49,27.83,29.05,30.02,25.71,28.56,30.57,31.44,31.13,29,28.76
29.08,29.68,29.93,30.09,32.03,30.21,29.08,33.01,30.17,27.7,26.43,32.75,24.31,28.58,27.01,31.16,29.45
28.78,33.2,29.71,30.54,29,29.11,27.48,27.99,27.39,33.02,27.14,32.06,28.47,32.77,28.63,29.54,29.68
32.12,26.51,29.75,28.88,28.42,26.88,30.95,29.18,29.05,29.02,29.21,30.9,30.25,30.04,31.03,29.01,29.45
30.96,33.79,26.83,28.03,27.76,25.06,25.67,29.73,27.98,31.5,31.14,33.83,29.37,33.7,30.7,33.18,29.95
29.88,33.3,28.25,31.01,31.87,27.67,29.84,26.74,30.48,30.37,29.64,30.85,34.18,26.99,30.08,30.47,30.1
30.76,30.08,29.93,29.81,30.44,33.73,28.8,31.07,28.73,29.95,30.29,27.23,31.52,28.77,29.04,30.89,30.06
31.22,26.82,31.19,29.74,34.83,30.57,33.14,35.32,28.45,30.65,31.93,31.04,30.76,27.87,33.54,33.14,31.26
29.26,31.26,31.27,31.51,26.27,32.07,32.23,29.82,32.71,32.48,30.11,29.96,31.45,31.75,31.55,26.91,30.66
27.56,29.9,30.5,33.92,29,28.68,30.84,34.95,29.92,30.49,32.21,29.94,30.01,29.62,28.99,28.12,30.29
24.2,29.46,30.15,30.22,31.41,31.88,26.79,28.33,36.95,29.14,26.21,31.98,26.43,31.1,28.23,27.81,29.39
32.56,31.23,29.31,31.11,34.23,34.44,29.33,27.75,29.24,33.3,31.5,26.19,25.19,27.57,29.62,33.49,30.38
31.3,25.44,30.17,31,31.28,31.44,30.6,31.38,30.01,30.12,31.79,29.42,30.15,28.13,29.33,30.71,30.14
27.6,28.32,27.6,26.86,33.4,28.21,26.66,32.64,30.78,30.6,30.75,29.35,30.5,33.27,31.86,30.13,29.91
27.66,34.82,27.48,30.49,34.08,32.43,30.82,33.19,26.38,30.4,27.54,29.42,29.27,34.24,31.46,31.44,30.69
28.34,29.84,26.71,30.52,29.81,30.58,30.97,30.88,32.19,28.95,31.57,30.88,30.25,28.49,31.85,24.35,29.76
30.44,30.32,30.06,26.76,27.05,32.73,29.05,27.24,28.4,31.56,26.29,30.12,28.66,28.76,24.84,24.88,28.57
33.16,30.26,31.8,32.26,30.96,32.38,28.3,28.23,30.51,26.85,28.96,30.44,29.72,34.38,28.81,34.33,30.71
27.82,30.23,31.74,28.37,34.68,32.86,28.36,26.98,27.88,29.45,30.36,30.23,31.36,33.52,31.1,29.52,30.28
27.88,30.58,30.56,28.44,29.82,33.4,30.62,31.86,30.8,31.19,31.04,27.42,31.45,30.54,33.01,32.26,30.68
28.42,28.66,27.83,27.59,32.03,33.73,28.31,23.95,27.85,33.18,32.14,35.52,29.1,30.57,35,31.81,30.36
27.98,27.93,33.04,31.33,23.69,29.71,30.43,26.56,30.45,31.32,28.82,28.04,27.73,29.77,25.47,33.73,29.13
29.18,31.81,32.15,30.45,30.33,29.75,26.49,27.19,30.5,33.44,30.54,32.58,32.75,29.52,32.39,30.68,30.61
26.08,28.59,33.06,28.76,29.63,32.15,27.24,30.24,27.24,28.93,29.61,31.31,35.22,32.1,28.93,30.32,29.96
29.38,31.31,28.7,28.61,26.78,29.57,30.26,25.65,27.08,29.91,30.75,29.62,27.99,30.75,27.56,28.64,28.91
26.54,30.8,32.37,29.37,33.21,30.38,29.18,31.11,31.74,32.12,27.54,29.67,29.99,30.89,32.46,28.28,30.35
33.22,27.69,34.43,32.01,28.27,32.44,28.48,24.56,33.76,27.48,32.82,30.58,26.28,31.99,33.05,33.68,30.67
29.46,30.9,27.3,30.12,31.93,30.63,30.92,30.81,30.22,27.81,31.46,31.1,29.69,30.14,29.35,30.68,30.16
32.44,28.18,34.29,30.35,33.97,25.95,30.12,32.52,31.24,27.99,31.61,33.65,30.76,28.36,25.22,30.71,30.46
25.78,28.41,28.3,29.39,29.73,30.02,27.9,28.44,31.12,30.52,26.32,25.27,29.17,29.7,30.41,29.2,28.73
29.02,34.21,28.31,28.77,29.8,34.11,32.2,30.92,26.78,29.25,32.11,26.06,28.63,28.13,31.38,30.63,30.02
29.24,31.34,33.14,30.78,28.33,27.48,28.4,30.63,34.18,28.31,29.39,29.73,25.82,28.38,27.18,30.83,29.57
31.44,32.53,35.62,33.11,29.29,29.98,33.21,31.42,29.81,29.23,32.64,30.19,32.76,29.82,28.47,32.06,31.35
29.88,28.56,28.3,29.44,31.22,29.45,25.71,28.14,32.01,26.64,32.25,28.81,30.26,28.61,25.9,31.96,29.2
29.1,26.41,25.71,30.43,35.35,33.5,23.81,29.11,32.12,31.14,29,30.12,29.17,32.82,32.24,30.99,30.07
31.46,26.49,30.83,29.8,29.32,32.23,29.06,26.71,28.62,28.54,31.54,29.5,31.22,32.77,30.04,32.18,30.02
31.1,27.43,31.44,27.48,33.23,29.82,34.47,28.62,31.92,28.67,32.36,31.67,27.6,29.9,30.22,30.02,30.37
28.78,30.84,30.99,29.47,29.84,31.12,29.13,28.93,30.19,32.72,34.18,32.52,31.28,31.27,29.79,25.95,30.44
29.3,26.87,29.98,27.41,29.94,31.5,28.82,29.24,29.98,28.71,30.75,34.98,26.9,27.01,28.72,32.78,29.55
26.54,28.06,25.77,33.08,24.61,30.89,28.42,32.14,27.31,32.34,35.43,28.81,28.75,28.08,26.07,27.61,28.99
30.26,30.59,30.58,30.31,30.93,30.65,30.49,26.68,29.69,24.75,30.71,28.94,31.35,31.81,34.39,30.57,30.17
29.54,25.6,28.4,29.39,27.29,30.43,30.91,28.94,32.06,32.99,31.79,32.27,27.29,27.1,26.97,26.46,29.21
33.22,32.19,31.13,29.32,28.59,27.46,26.11,26.76,32.57,31.58,29.07,31.04,27.64,29.29,27.17,31.84,29.69
27.74,27.77,32.04,28.76,34.18,32.08,24.92,27.55,29.05,30.52,27.43,31.15,26.79,28.45,35.81,30.62,29.68
34,32.66,30.4,32.38,30.86,29.69,29.5,26.75,29.32,27.59,28.71,29.17,27.52,29.96,33.34,30.33,30.14
27.04,30.08,31.12,30.41,32.68,30.33,30.11,28.88,30.48,26.25,28.82,28.21,29.27,32.5,30.43,29.24,29.74
30.88,31.67,33.56,31.07,29.52,30.01,30.16,27.21,31.32,31.3,26.75,30.46,26.53,31.4,26.58,36.07,30.28
33.32,34.12,32.29,31.31,30.09,29.24,26.38,30,27.83,30.63,28.43,29.54,31.65,34.52,30.99,27.07,30.46
26.44,28.37,31.49,33.24,31.99,33.68,30.48,30.8,26.52,30.39,26.89,30.33,34.87,29.67,29.08,29.18,30.21
32.06,30.56,34.21,29.94,31,27.3,32.04,28.5,28.6,32.75,30.21,30.83,26.95,29.31,33.02,30.89,30.51
32.68,26.03,29.8,31.75,29.38,34.37,28.87,27.24,32.29,27.64,30.32,29.12,29.12,29.56,28.82,30.83,29.86
27.52,28.96,30.23,28.14,29.67,31.46,29.93,32.38,31.12,32.48,29.04,29.02,32.13,32.06,33.15,33.91,30.7
29.9,26.2,28.39,31.71,32.94,26.94,28.38,26.6,31.91,33.37,27.21,24.15,33.47,28.55,27.59,31.64,29.31
31.92,29.66,28.58,30.28,32.62,26.56,27.79,29.04,30.11,29.01,32.11,29.73,29.25,29.5,28.99,32.67,29.86
31.28,33.34,33.45,28.65,31.21,29.38,35.25,32.92,31.78,28.93,26.04,28.5,32.23,27.24,30.53,32.77,30.84
32.86,29.97,32.23,30,33.56,29.45,29.58,27.13,27.42,31.57,30.04,26.88,28.04,29.71,31.82,32.29,30.16
25.48,32.47,31.07,30.88,33.18,29.4,30.17,32.46,26.83,30.51,29.68,29.58,29.56,30.77,32.49,31.54,30.38
31,30.83,27.77,31.33,30.3,33.74,30.24,30.43,30.31,27.64,29.29,30.79,29.64,30.81,29.4,31.52,30.31
32.08,28.73,28.77,29.78,31.13,28.04,28.03,34.82,32.65,31.15,29.86,26.58,30.22,29.65,30.17,27.91,29.97
32.76,25.08,30.07,30.03,32.74,33.06,28.27,28.52,34.21,29.02,32.64,28.04,30.7,30.02,32.98,29.61,30.48
28.22,27.43,24.23,28.09,30.82,31.79,32.99,31.02,29.38,30.76,29.46,30.77,31.92,28.9,31.14,27.44,29.65
27.32,29.79,28.92,31.91,30.66,31.39,31.04,27.43,33.64,32.79,34.61,27.77,29.16,34.92,27.67,31.88,30.68
32,32.56,28.9,27.41,30.35,29.45,33.57,31.68,32.26,30.62,31.93,34.19,29.8,30.1,29.18,30.26,30.89
33.38,31.31,31.24,29.31,32.24,29.83,28.41,30.1,27.45,28.45,28.36,29.65,30.92,30.23,29.76,29.58,30.01
30.86,27.61,30.2,28.86,33.56,32.06,31.2,32,29.85,29.4,33.57,26.75,28.89,30.29,29.32,26.97,30.09
26.12,31.82,28.67,32.41,27.42,28.86,28.21,26.57,29.95,30.59,28.14,25.5,30.02,26.37,25.93,29.91,28.53
31.7,29.96,30.15,25.66,26,28.25,29.28,31.95,22.82,30.21,28.07,26.71,30.79,26.12,33.81,28.16,28.73
27.72,29.32,26.56,29.51,32.76,31.08,30.24,33.32,27.94,33.98,30.39,34.1,33.15,28.05,29.17,28.96,30.39
27.76,24.52,27.46,26.8,33.44,28.61,29.23,26.21,29.44,33.57,30.39,30.73,33.1,29.52,30.61,28.5,29.37
26.26,33.43,28.3,34.71,30.5,32.49,32.69,30.81,28.65,28.65,29.71,32.38,26.67,27.67,27.83,35.23,30.37
29.6,31.7,31.29,30.27,24.72,28.36,29.03,26.82,30.02,28.3,30.04,30.35,29.54,32.52,27.61,29.17,29.33
29.1,26.36,32.14,29.23,26.17,30.73,28.14,25.89,28.58,30.05,29.54,32.17,27.59,26.65,30.52,33.02,29.12
29.56,26.63,30,30.38,25.39,27.85,34.98,28.49,28.03,29.49,27.57,30.25,31.89,29.37,33.43,30.14,29.59
29.2,27.99,34.31,28.43,29.53,25.27,34.72,30.37,31.2,29.52,34.25,30.1,30.63,29.52,30.91,29.87,30.36
28.82,30.84,31.81,28.16,27.64,26.62,32.85,33.25,25.78,28.74,31.14,31.31,32.19,27.11,33.34,31.23,30.05
26.5,28.12,31.9,31.25,32.22,30,31.98,28.63,30.01,31.18,30.71,29.42,31.12,29.19,29.92,29.56,30.11
26.96,26.92,29.96,29.98,24.53,28.29,29.52,28.5,32.2,30.22,32.71,32.71,31.03,33.52,32.16,26.85,29.75
32.68,33.94,30.46,30.75,32.96,30.56,26.81,29.45,30.6,25.46,29,28.02,29.66,31.93,29.35,31.03,30.17
31.54,27.48,30.69,31.33,30.56,29.57,28.88,26.26,34.27,31.02,32.39,29.1,26.88,32.31,32.57,28.66,30.22
32.24,31.74,28.17,29.17,29.65,32.15,29.11,29.33,34.38,27.18,27.46,32.79,36.51,29.12,28.86,30.76,30.54
24.6,31.96,28.81,32.56,29.39,34.27,32.11,30.99,29.58,30.25,32.82,28.08,31.54,28.08,32.74,28.51,30.39
27.96,31.13,31.52,30.19,30.53,31.65,30.3,34.35,27.06,30.55,31.25,31.46,33.28,25.48,29.66,33.54,30.62
29.78,30.36,27.57,32.68,27.63,32.64,30.01,29.7,31.77,29.76,30.82,30.9,30.53,32.08,28.12,30.57,30.31
28.72,27.78,30.8,25.7,28.83,27.06,34.07,31.64,30.32,33.03,31.04,31.92,29.71,33.24,27.99,29.13,30.06
33.4,29.19,34.52,31.33,31.56,27.52,31.83,32.08,32.84,30.98,29.71,31.19,31.87,33.1,32.49,30.06,31.48
33.76,31.79,26.95,27.57,32.93,28.75,27.63,30.11,28.63,26.62,28.68,34.1,30.73,29.27,33.54,28.39,29.97
27.36,28.84,29.02,29.45,28.92,31.57,32.06,33.15,31.12,30.76,26.32,31.83,28.41,30.1,26.39,29.47,29.67
31.2,32.74,27.6,26.3,31.13,27.37,26.9,30.51,31.67,31.82,29,28.75,31.25,29.32,28.76,32.72,29.81
30.8,30.94,31.81,26.69,31.39,29.57,27,29.31,29.43,28.31,31.75,29.19,28.95,29.48,28.31,30.48,29.59
29.58,26.52,30.24,31.17,31.36,32.98,33.63,31.56,31.05,31.22,30.43,27.73,32.2,29.85,27.83,28.99,30.4
26.96,31.59,30.94,30.96,30.21,27.61,26.6,28.94,29.93,32.68,30.32,31.96,29.58,33.02,30.38,30.77,30.15
27.06,33.23,28.46,29.47,30.76,32,29.64,35.37,31.81,26.79,27.89,31.35,30.07,29.5,33.24,29.63,30.39
28.54,30.92,32.33,29.14,29.99,28.54,26.03,34.49,32.9,26.67,28.25,29.69,28.7,31.35,30.54,27.22,29.71
31.12,29.3,31.6,32.55,26.09,27.21,28.14,31.4,30.21,31.03,31.64,30.15,31.92,30.98,27.69,33.36,30.27
27.64,31.86,28.25,32.17,28.88,30.98,32.16,24.39,33.54,28.78,30.79,30.21,29.98,27.43,29.59,27.19,29.61
30.5,28.7,30.57,29.61,30.47,29.87,32.78,26.45,27.44,31.59,29.71,29.75,28.56,29.2,29.82,30.07,29.69
33.8,29.36,28.43,29.9,31.76,30.49,26.27,31.56,30.18,27.74,32.21,28.62,27.54,33.73,30.15,31.16,30.18
30.98,29.28,29.37,33.51,31.9,29.61,27.83,32.89,28.7,27.26,27.25,29.69,31.26,30.32,30.79,28.74,29.96
32.4,32.29,27.89,27.12,32.66,32.11,26.17,27.55,32.13,32.39,30.57,31.73,28.46,30.33,30.46,31.58,30.36
33.7,29.52,28.04,33.59,25.6,32.06,31.18,33.18,27.74,30.2,27.79,33,31.17,26.73,31.28,28.54,30.21
31.1,30.08,29.24,27.78,31.66,27.24,26.36,33.95,28.12,26.36,31.39,31.06,32.87,28.37,31.55,30.69,29.86
32.04,31.71,32.49,29.05,30.15,30.2,32.06,29.27,30.08,27.54,27.89,32.06,32.77,31.4,30.83,28.73,30.52
26.82,29.41,28.36,32.59,28.69,30.31,32.56,29.05,31.34,32.59,28.5,29.9,29.82,28.38,29.46,28.13,29.74
30.08,31.02,30.05,27.48,31.69,29.95,30.99,27.79,27.68,31.03,29.93,31.83,31.22,33.51,27.68,34.26,30.39
29.66,32.64,29.42,31.39,33.57,33.98,30.24,28.24,30.62,32.71,25.25,26.85,29.08,28.79,33.55,29.78,30.36
30.98,31.21,28.8,26.2,27.81,28.93,32.09,27.19,30.58,30.83,32.71,31.98,26.23,29.44,28.32,28.01,29.46
33.84,29.5,35.23,28.58,30.34,30.49,31.18,30.77,31.25,29.88,30.36,29.83,23.53,29,31.21,31.37,30.4
30.86,28.71,26.7,29.14,32.12,32.31,29.78,27.4,31.82,27.7,30.5,34.83,28.34,33.71,32.89,31.27,30.51
29.44,32.13,33.15,35.04,31.76,28.02,26.54,27.83,28.62,28.03,31.5,32.92,28.33,29.57,30.91,29.65,30.22
34.22,26.57,27.55,28.49,28.57,31.13,28.69,30.12,31.27,30.68,30.71,26.38,26.52,28.62,33.14,32.58,29.7
26.46,30.6,31.52,28.55,30.99,30.79,27.14,26.87,30.27,27.88,30.21,30.67,32.16,33.42,26.19,29.74,29.59
30.34,29.92,29.69,35.29,31.43,31.44,28.28,26.43,30.51,28.96,29.64,27.29,29.31,28.46,31.48,27.62,29.76
31.12,29.91,30.85,29.71,29.55,31.4,28.19,28.89,28.48,31.79,30.32,26.6,33.53,26.86,27.82,25.71,29.42
29.1,28.96,27.18,27.73,29.13,31.19,26.9,29.23,30.91,29.99,29.64,30.79,35.36,32.44,31.49,30.91,30.06
30.84,28.76,31.89,29.61,28.42,28.57,28.65,24.77,27.24,28.61,30.29,30.04,26.97,30.93,28.29,29.36,28.95
32,28.38,29.24,30.38,29.92,33.06,34.11,28.92,29.98,31.56,30.61,32.44,27,32.04,26.36,26.21,30.14
29.28,30.44,29.21,26.19,27.47,32.76,30.83,25.57,29.99,31.54,33.29,31.31,33.08,32.99,24.11,28.94,29.81
33.86,28.22,29.11,26.95,29.81,33.61,30.19,33.15,28.9,26.21,27.32,24.17,33.6,30.51,29.47,27.73,29.55
25.62,22.74,29.5,31.94,30.94,30.63,26.99,28.93,31.28,29.29,30.71,32.19,29.47,36.07,29.29,29.49,29.69
29.36,25.18,26.46,28.91,30.52,27.77,34.05,31.32,31.25,30.34,28.46,31.54,30.22,31.82,28.4,26.98,29.54
28.46,26.78,29.6,29.74,30.15,32.85,31.35,26.21,29.65,29.8,27.32,31.81,26.83,28.89,31.86,33.76,29.69
27.08,31.89,32.31,31.05,31.76,27.55,30.74,27.27,29.58,27.68,28.75,30.6,31.47,29.07,32.6,24.09,29.59
31.36,29.92,32.13,25.86,31.38,29.85,27.21,26.06,26.32,29.37,31.93,30.67,26.02,30.93,27.46,27.89,29.02
26.66,33.23,31.68,32.15,26.91,29.83,31.2,28.56,31.03,29.23,30.32,30.1,30.92,25.01,32.66,30.16,29.98
29.18,33.2,30.57,33.48,26.55,28.9,29.19,30.32,30.08,25.29,33.46,31.29,33.5,32,31.89,31.24,30.63
27.24,32.82,28.5,29.45,33.31,28.06,28.12,30.6,31.15,30.01,30.21,31.83,28.63,31.68,31.33,33.69,30.42
33.82,30.07,31.19,29.12,27.04,31.38,30.56,26.61,31.48,29.02,31.64,32.69,32.65,29.63,26.49,29.36,30.17
33,27.11,26.9,30.41,31.81,24.04,31.25,26.98,28.62,30.82,29.61,26.23,32.23,31.81,32.18,31.39,29.65
26.24,28.23,31.58,26.82,26.82,24.67,26.94,27.88,29.02,32.2,27.68,29.04,32.47,27.67,27.29,26.68,28.2
30.36,29.33,33,30.34,30.95,27.99,32.41,27.32,26.62,30.7,30.18,29.04,28.98,29.25,29.82,27.08,29.59
32.14,29.4,29.76,29.41,33.33,30.04,32.45,31.04,31.34,30.28,32.11,29.27,26.47,30.01,31.23,27.67,30.37
29.04,25.97,30.14,28.46,34.33,32.88,28.48,26.46,28.52,32.32,31.25,29.27,30.34,28.55,31.33,30.69,29.88
29.2,32.66,28.63,30.44,29.15,32.04,26.02,37.35,25.95,29.18,31.68,29.44,30.61,29.56,28.45,30.36,30.04
26.92,27.76,28.71,28.74,31.34,28.65,29.02,29.98,28.87,28.54,26.21,28.94,30.89,34.5,32.44,29.26,29.42
31.08,28.06,28.06,32.99,29.44,30.98,31.94,30.92,25.86,28.5,33.39,33.19,29.78,30.3,31.38,27.72,30.22
35.26,31.56,32.48,28.52,24.15,29.83,31.03,27.13,27.8,30.61,30.75,24.67,31.05,25.86,31.6,32.11,29.65
34.64,29.76,31.31,31.8,28.43,28.54,28.79,26.95,30.03,29.01,25.61,32.19,28.08,32.77,27.96,29.36,29.7
27.4,27.76,29.31,30.17,26.5,32.79,27.47,30.64,31.6,30.58,30.36,31.62,31.69,28.69,28.49,25.03,29.38
27.58,32.44,29.45,29.6,29.19,33.39,29.67,32.57,29.56,27.1,29,32.96,25.82,30.51,29.47,26.58,29.68
28.9,31.76,31.32,30.84,28.38,27.92,33.37,29.64,28.83,30.2,29.11,29.77,32.56,30.27,29.65,31.76,30.27
32.94,27.94,31.65,30.34,29.9,32.17,28.86,29.68,32.53,25.89,31.18,30.73,25.79,32.71,29.06,28.41,29.99
31.36,29.83,27.32,30.84,31.08,26.67,30.61,29.67,28.23,34.66,30.57,26.77,32.41,27.33,24.61,30.69,29.54
27.1,34.97,30.95,31.99,32.92,29.02,29.82,30.04,27.3,30.75,32.79,32.54,30.67,30.3,26.44,31.15,30.55
25.88,26.44,30.05,27.82,29.82,29.32,28.28,32.63,28.63,32.76,26.86,30.1,28.93,28.99,28.18,30.82,29.1
25.88,32.76,27.95,32.63,30.12,29.23,34.09,29.45,29.72,28.13,28.86,30.38,30.03,26.27,31.68,28.83,29.75
27.54,25.84,32.95,27.36,32.27,32.93,26.06,24.79,29.65,32.65,30.54,28.83,26.23,29.38,30.22,33.54,29.42
26.96,32.36,32.35,29.43,31.92,30.26,30.1,33.55,27.01,26.91,28.64,27.77,29.78,30.39,30.63,30.03,29.88
32.04,29.53,28.43,30.84,29.17,31.58,27.95,30.21,30.69,34.38,29.57,29.94,32.17,31.82,29.19,35.53,30.82
30.58,30.93,27.93,29.25,27.9,29.08,30.85,27.12,31.71,32.24,32.86,26.15,30.59,29.12,26.97,27.92,29.45
26.56,29.16,32.74,26.42,31.31,28.74,29.47,28.36,33.24,32.64,27,31.44,28.64,33.04,30.16,27.68,29.79
27.22,32.39,25.24,29.81,22.86,27.33,31.28,30.4,32.35,31.38,29.79,29.88,26.63,33.68,27.09,31.36,29.29
30.6,29.32,30.12,33.74,28.52,30.77,32.18,29.61,29.91,28.18,32.11,29.88,29.22,30.33,24.77,33.76,30.19
35.14,30.66,32,30.72,29.31,28.29,28.18,29.04,33.38,30.88,31.14,31.48,28.52,30.9,28.89,32.23,30.67
28.2,30.03,33.31,30.12,32.4,27.39,29.64,31.45,32.37,29.78,30.18,29.08,29.5,31.27,30.69,28.12,30.22
26.68,27.06,32.3,30.9,30.67,28.37,31.42,27.54,28.25,30.32,28.96,37.06,28.62,30.7,26.62,31.76,29.83
31.54,29.89,33.23,30.54,30.76,26.49,33.59,31.65,28.39,27.98,31.18,24.85,31.19,29.75,27.7,28.91,29.85
30.56,33.72,34.76,27.1,26.99,31.58,28.02,30.32,27.82,26.21,27.11,26.67,30.18,31.36,31.92,36.02,30.02
30.76,29.11,30.13,30.34,29.96,32.3,26.18,31.63,29.11,33.14,31.11,30.4,29.96,26.87,32.52,29.54,30.19
29.92,29.32,25.31,32.68,29.95,31.58,32.19,30.83,27.61,28.95,28.14,28.48,31.03,26.58,28.53,25.34,29.15
33.76,31.64,26.39,30.33,32.47,28.94,29.79,33.25,28.23,34.4,31.54,29.38,30.91,28.61,28.14,30.63,30.53
29.7,33.23,27.92,28.36,29.26,28.86,29.51,32.17,26.29,33.06,32.93,28.77,26.33,29.2,27.82,27.93,29.46
29.84,25.91,29.49,29.05,28.14,30.55,34.22,28.77,29.41,29.93,30.5,30.17,30.92,29.88,25.96,31.82,29.66
33.1,27.04,33,32.89,29.44,28.77,32.63,29.4,30.15,28.79,29.64,31.79,29.4,36.58,31.68,33.19,31.09
28.56,30.01,30.52,27.15,29.84,31.39,29.03,31.21,31.59,31.28,29,35.06,28.33,28.24,29.54,31.41,30.14
32.12,31.78,30.77,30.79,29.91,30.4,32.87,27.1,30.73,28.26,28.43,32.46,28.58,30.46,31.88,27.46,30.25
30.2,28.08,30.23,28.48,26.65,29.99,31.75,33.51,29.91,32.18,29.96,30.85,25.36,26.46,29.58,30.08,29.58
29.78,32.37,27.18,28.67,31.19,27.29,31.46,34.29,30.44,31.09,29.71,28.42,28.5,31.45,34.69,31.18,30.48
30.34,31.4,29.92,31.76,27.68,30.99,30.39,28.9,29.97,29.98,28,27.77,30.45,32.38,27.68,29.16,29.8
34.1,33.78,31.44,32.91,28.27,26.71,27.25,31.67,29.24,25.78,31.93,28.9,26.92,25.42,26.37,28.7,29.34
33.06,30.92,31.55,27.19,27.42,28.19,30.06,28.26,29.11,31.99,27.79,32.02,28.72,30.98,28.5,33.44,29.95
33.38,31.86,30.79,30.99,28.1,34.49,30.02,27.88,32.71,31.53,30.04,29.79,34.72,31.67,31.14,30.57,31.23
