EST10000,ERK10000,EFI10000,EKW10000,EHU10000,EBA10000,ESC10000,ESE10000,EAS10000,EPR10000,EGV10000,ERS10000,ELR10000,ETR10000,EAU10000,EPV10000,ECF10000,EIF10000,ETPR_001
45.61,46.38,47.04,42.9,42.83,40.29,46.19,50.76,42.71,44.08,48.61,38.19,46.48,45.0,45.11,45.39,49.24,46.21,45.17
44.28,42.67,45.71,49.52,43.33,52.1,43.95,46.38,42.0,42.5,41.89,42.81,44.67,38.71,45.28,41.5,41.48,47.95,44.26
42.56,39.5,37.75,44.71,35.0,38.71,35.86,41.52,46.52,46.67,46.61,40.71,39.38,38.71,51.06,41.94,33.43,53.53,41.9
37.61,47.19,46.96,45.14,40.62,48.19,37.43,42.81,35.0,40.58,45.39,36.24,43.1,40.0,53.78,45.33,39.86,48.16,42.97
46.61,39.31,40.42,40.33,37.83,42.05,41.14,38.62,45.19,39.75,42.72,42.19,44.71,47.62,44.0,44.06,43.38,47.47,42.63
38.17,45.17,43.5,39.05,45.46,44.05,41.67,40.33,38.57,46.0,46.44,41.81,49.71,37.19,38.61,40.72,40.52,41.74,42.15
38.22,38.24,45.75,47.29,42.79,44.29,42.86,42.95,43.52,44.46,44.44,42.48,45.29,41.14,47.78,49.89,47.14,44.0,44.03
44.0,42.43,44.75,41.29,44.29,46.71,43.43,36.05,42.57,42.25,39.22,38.29,41.62,39.9,42.78,43.94,44.43,44.68,42.37
44.72,38.12,42.0,37.57,39.62,47.1,33.38,43.52,43.67,39.75,44.89,40.38,44.24,48.48,40.44,40.56,43.05,43.42,41.94
43.89,44.67,42.46,36.81,36.75,41.95,45.24,44.19,40.0,40.5,34.06,42.86,42.29,45.29,38.44,43.67,41.76,48.79,41.87
40.89,36.36,41.08,40.05,39.75,41.19,49.38,47.29,36.19,42.08,44.78,46.05,46.19,41.95,43.5,39.56,52.52,44.05,42.94
46.28,44.67,39.58,34.95,48.17,45.38,45.52,40.57,46.33,42.58,39.22,35.0,41.14,36.81,44.56,41.89,45.9,41.0,42.2
39.89,38.1,39.38,44.33,42.42,40.1,39.29,48.76,40.05,43.92,42.67,47.95,43.24,32.81,46.72,42.61,37.71,42.47,41.8
40.06,47.17,43.42,42.95,43.96,45.62,43.24,44.95,44.38,41.21,41.78,46.1,45.71,39.05,47.22,41.5,45.43,48.79,44.03
44.11,48.57,38.08,36.43,39.42,41.48,38.33,47.62,45.62,42.92,40.33,37.86,42.62,41.33,46.11,54.28,51.9,42.74,43.32
44.06,39.48,40.37,41.1,40.25,44.14,42.19,42.76,43.05,42.08,42.17,47.52,45.57,40.0,44.28,38.06,46.29,41.32,42.48
43.5,42.79,42.71,37.14,40.58,47.95,46.14,44.29,35.81,43.75,40.44,42.38,42.62,40.57,39.67,50.5,40.52,47.58,42.72
47.78,47.88,40.5,39.9,36.25,39.19,41.29,41.76,44.48,44.29,46.83,42.86,38.19,46.67,44.06,44.67,42.71,49.74,43.28
42.5,36.86,47.25,39.43,44.92,43.48,30.38,43.19,41.24,44.54,40.72,40.43,38.57,46.29,48.06,47.83,44.62,38.63,42.16
48.89,42.88,40.17,42.86,41.88,43.62,43.71,44.0,41.48,36.92,41.06,42.76,38.29,46.43,43.94,46.44,43.81,42.47,42.87
48.89,37.26,42.12,39.95,42.96,42.0,41.52,46.95,43.05,38.25,43.33,38.86,41.19,40.67,48.39,53.89,42.9,44.84,43.17
41.11,40.0,42.04,39.24,44.25,40.0,40.9,40.05,43.76,41.67,43.06,39.76,42.1,45.38,45.33,46.0,44.48,42.89,42.33
39.67,46.05,41.71,45.57,40.21,46.43,40.62,42.86,41.57,46.0,42.28,49.14,43.81,44.62,44.78,42.33,45.76,43.42,43.71
46.83,38.26,39.71,40.71,43.13,46.05,41.81,42.14,39.62,46.58,45.11,39.33,46.14,42.67,48.72,43.56,46.43,50.42,43.73
43.61,44.17,42.58,44.71,43.92,37.1,34.29,39.76,37.71,42.67,50.44,40.95,39.1,50.43,49.17,47.56,43.95,43.05,43.06
42.94,45.36,42.79,45.95,42.58,41.1,43.14,47.52,40.62,39.92,42.89,39.81,46.9,41.19,43.11,45.56,43.33,48.42,43.51
45.78,45.62,36.87,41.1,48.25,42.48,48.29,43.62,43.33,42.25,44.22,42.0,41.24,40.9,44.0,49.5,42.86,45.37,43.76
44.0,46.76,43.88,35.48,41.88,48.24,47.76,50.33,39.52,46.71,39.17,38.9,43.05,47.48,41.44,43.89,42.24,46.95,43.76
46.89,40.74,37.46,44.76,45.21,47.29,44.52,45.24,44.1,49.29,42.89,46.14,44.71,46.24,55.33,51.0,44.67,48.26,45.82
46.5,41.38,53.92,36.86,42.46,39.81,47.71,38.57,35.67,36.71,40.89,41.67,41.43,39.95,45.56,51.06,49.19,46.21,43.09
38.28,44.31,48.25,43.19,49.83,42.48,40.86,40.95,43.33,42.29,49.72,40.9,37.52,46.33,41.11,45.67,41.0,51.37,43.74
49.67,42.98,44.54,45.1,39.92,51.76,44.29,40.1,40.62,48.79,42.94,46.24,44.67,39.24,49.56,47.83,45.43,45.47,44.95
42.33,37.81,41.83,42.81,39.83,44.1,39.57,49.29,39.52,45.83,40.28,45.67,50.1,47.95,49.06,50.61,46.38,37.84,43.93
46.5,37.9,41.54,46.62,35.75,47.19,40.38,38.19,44.62,34.96,42.83,44.33,46.0,44.52,42.39,47.56,39.05,44.37,42.48
43.89,41.02,43.67,42.67,36.38,41.57,37.71,44.1,38.33,44.75,36.72,39.43,35.24,48.14,46.94,43.61,44.81,45.95,41.94
42.28,36.62,45.79,47.14,45.5,46.67,41.62,43.05,43.95,45.21,42.28,43.38,43.76,47.86,42.28,49.67,44.24,47.58,44.38
44.61,39.12,43.21,38.71,38.75,47.71,43.52,38.0,42.86,40.17,41.06,43.38,40.19,43.05,47.44,52.44,47.9,42.16,43.02
37.67,41.69,39.0,47.24,44.12,37.0,44.24,44.1,46.62,45.79,41.78,40.9,42.33,38.95,44.17,42.94,46.43,42.68,42.65
41.67,45.21,45.33,38.29,37.75,44.76,47.52,38.95,43.0,41.83,41.89,43.62,44.67,43.52,40.39,47.11,51.05,48.84,43.63
43.56,42.67,42.5,37.95,36.25,45.95,41.29,46.33,41.1,43.58,41.11,47.67,39.43,44.14,43.56,47.17,37.43,39.95,42.31
47.28,43.24,47.5,40.19,41.92,40.9,48.81,38.29,48.67,36.54,42.06,40.24,43.52,40.05,38.17,41.56,36.33,42.21,42.08
36.44,41.9,39.62,47.29,42.25,45.29,41.76,51.9,42.57,32.83,46.72,42.33,48.24,48.71,39.44,43.44,48.76,45.21,43.6
42.61,46.52,44.38,37.38,43.88,39.0,42.33,48.29,37.81,42.83,36.39,45.0,37.95,41.24,45.39,51.5,43.38,40.53,42.58
43.17,51.36,44.21,42.9,38.5,36.33,42.52,39.71,43.48,37.88,35.22,39.33,44.29,46.71,44.5,38.67,37.95,46.05,41.82
39.67,42.12,42.58,41.33,35.12,38.29,44.81,41.38,43.19,40.5,35.33,45.95,43.52,44.33,40.0,46.61,47.43,54.21,42.58
38.56,43.6,43.96,38.43,40.71,41.1,43.0,37.95,45.38,39.54,46.22,40.48,46.1,41.48,41.89,46.61,45.86,48.95,42.77
40.78,42.21,38.04,41.24,43.08,39.81,42.29,37.95,48.33,38.75,41.44,42.1,42.43,43.57,39.78,49.11,46.71,44.37,42.33
39.78,42.05,40.33,46.71,44.33,46.43,42.24,42.29,43.33,42.46,35.39,43.81,42.38,43.57,45.72,49.94,45.86,51.42,43.78
49.72,43.05,41.62,45.38,43.58,40.05,44.81,43.62,45.67,45.5,46.78,43.81,46.0,46.67,39.39,52.06,44.81,43.26,44.77
33.61,46.55,41.75,42.38,38.54,46.0,39.62,42.71,45.14,41.04,50.06,42.19,42.81,45.81,43.5,43.94,38.71,42.74,42.62
41.39,44.1,46.21,47.38,35.75,43.24,47.81,38.9,38.0,42.04,42.22,43.33,48.57,46.62,37.17,47.44,48.43,48.84,43.75
34.17,43.76,38.62,44.05,32.08,42.0,42.57,39.19,46.19,40.71,42.94,38.33,44.9,42.52,46.39,47.39,49.29,43.68,42.16
44.44,38.05,37.62,43.76,37.12,37.95,43.38,52.62,43.29,46.21,38.17,40.81,46.05,38.33,40.94,42.83,44.43,49.0,42.5
48.22,45.33,40.62,45.71,41.88,43.57,42.1,42.43,38.86,47.42,41.28,37.14,45.48,37.86,47.78,49.11,43.86,49.63,43.79
52.0,32.81,43.46,39.76,43.75,37.76,43.67,41.05,38.9,43.83,43.94,39.14,46.0,42.9,43.94,44.28,52.0,36.84,42.56
42.0,38.83,47.96,34.57,45.04,35.52,41.24,40.0,45.76,37.75,41.5,45.43,44.24,45.1,44.56,41.28,43.71,45.84,42.24
45.22,44.29,37.38,45.81,40.38,44.57,44.29,41.24,47.86,42.08,44.72,44.95,42.62,42.76,46.89,50.61,41.81,44.42,43.99
38.56,37.95,40.46,49.0,36.29,45.29,42.62,35.19,47.19,40.54,40.61,34.95,43.9,37.29,45.67,48.44,47.05,46.79,42.1
38.56,38.83,37.63,46.05,43.96,42.71,37.81,49.71,42.24,41.54,41.39,52.29,40.52,41.43,40.56,40.0,46.57,43.84,42.54
32.61,46.48,41.29,39.52,39.54,48.57,38.0,43.24,48.38,40.92,46.83,40.05,39.95,41.86,46.72,42.39,44.43,39.42,42.23
45.33,49.1,40.62,43.19,41.92,38.24,41.0,42.14,36.52,38.04,49.72,41.48,40.33,45.81,37.94,38.39,40.33,44.68,41.93
51.56,41.24,38.79,50.0,43.62,39.24,41.48,45.9,45.29,42.67,41.5,41.24,35.43,48.19,44.72,43.0,43.43,46.63,43.55
42.39,44.52,38.04,41.76,40.71,46.48,42.0,42.9,40.19,41.04,43.94,43.29,45.43,42.52,49.17,47.17,49.43,43.68,43.59
34.22,43.17,48.0,43.38,45.12,43.81,45.38,41.24,48.05,37.25,36.5,39.14,42.95,38.0,44.33,43.89,44.43,47.95,42.6
44.5,43.26,43.88,47.9,37.62,40.43,41.95,43.52,45.38,41.08,38.22,39.52,46.0,42.38,47.06,39.33,47.76,41.26,42.84
49.22,42.79,48.17,35.57,46.88,52.29,40.76,47.95,47.43,40.08,39.11,41.33,39.67,38.38,47.78,46.22,45.86,37.68,43.73
37.28,41.5,37.62,48.0,41.38,40.76,38.0,43.48,43.1,47.08,47.22,41.95,37.19,37.0,50.89,45.06,45.71,43.47,42.59
42.22,46.95,42.25,36.81,42.79,46.43,41.29,45.9,40.43,39.58,45.0,42.86,39.43,46.43,45.06,45.61,49.19,48.63,43.71
45.94,41.67,41.79,45.9,41.46,39.1,37.29,37.38,46.1,41.75,45.17,44.1,42.48,38.33,47.89,47.44,51.1,42.79,43.2
40.83,42.83,42.46,39.19,39.96,43.86,44.95,39.43,39.19,37.67,41.67,43.38,45.24,47.81,45.5,51.72,46.48,46.37,43.25
37.17,42.07,39.58,45.43,44.42,43.0,44.0,41.0,41.19,39.71,37.67,42.19,44.9,43.0,41.94,43.39,53.48,43.63,42.65
45.39,45.36,40.33,42.62,42.87,43.57,46.1,47.1,41.67,37.54,45.44,43.33,41.05,45.76,45.94,41.06,41.71,47.58,43.58
35.28,44.31,41.5,37.1,48.67,42.19,41.62,44.1,38.29,48.46,44.0,41.14,43.0,39.24,50.44,44.89,54.62,48.74,43.75
37.89,48.12,40.92,43.1,42.29,42.24,39.19,42.9,42.81,43.83,47.06,44.38,39.76,42.76,51.22,50.28,50.95,37.79,43.75
49.72,39.1,39.42,46.81,41.21,40.24,42.24,44.05,43.52,44.67,38.67,41.71,39.62,41.57,43.44,47.28,47.0,46.47,43.15
43.61,46.83,49.83,38.67,45.67,36.67,41.48,41.43,42.76,44.67,39.72,39.67,40.67,46.95,42.94,42.17,48.33,40.79,42.94
42.67,39.57,46.21,39.76,42.67,47.0,37.76,45.14,41.86,40.79,46.44,39.57,47.33,48.48,41.56,51.0,44.67,46.42,43.83
45.56,38.45,40.38,43.57,44.46,40.81,43.05,41.52,36.9,42.83,43.67,47.0,44.38,42.48,46.61,52.67,47.57,40.32,43.46
45.72,42.24,40.42,39.33,42.33,43.29,39.43,47.19,37.48,44.79,32.67,43.71,34.05,43.1,47.72,42.11,45.1,41.32,41.78
37.44,44.4,46.04,38.43,44.71,42.29,36.48,47.62,41.57,43.54,41.0,44.48,40.52,47.05,42.83,37.33,43.05,48.95,42.65
35.5,40.83,43.04,36.62,43.42,44.29,38.81,43.71,42.33,39.79,48.17,40.76,44.24,45.43,42.11,48.72,49.9,43.79,42.86
35.17,37.93,47.54,44.67,46.0,36.86,45.62,43.76,39.9,45.21,40.72,44.38,38.95,42.57,42.56,47.44,49.95,40.68,42.77
42.33,39.55,39.29,41.67,40.04,52.9,38.29,40.81,44.86,40.29,44.56,42.0,41.1,36.95,42.5,45.56,44.19,52.74,42.76
41.61,40.81,40.0,47.52,43.08,41.05,44.29,44.52,45.52,39.83,38.67,41.29,41.14,43.29,42.56,40.83,38.62,48.68,42.41
44.28,39.02,42.08,42.81,42.13,35.14,38.76,44.0,45.33,42.5,44.56,46.0,43.0,38.52,46.06,44.72,41.57,43.68,42.45
40.61,44.45,42.92,46.48,35.29,42.9,42.95,39.43,45.81,46.5,40.22,41.38,42.57,49.52,45.56,38.0,48.24,39.32,42.9
42.94,44.88,42.17,43.19,39.12,46.19,43.67,41.52,47.48,37.79,41.39,36.81,32.71,46.9,47.33,47.61,47.52,41.26,42.81
49.0,41.02,34.46,41.62,44.46,47.52,45.19,46.86,37.76,42.75,52.5,37.33,41.76,45.29,45.33,49.33,48.76,44.37,44.18
46.22,48.43,45.12,39.71,39.75,40.33,42.52,42.57,40.86,41.54,36.67,43.38,44.29,37.86,45.33,44.22,44.0,44.32,42.62
41.78,44.64,46.62,34.29,44.67,40.76,40.14,42.1,40.29,40.25,41.67,37.29,46.71,43.57,48.56,45.33,42.62,49.58,42.83
43.0,38.38,38.12,37.86,43.96,40.0,38.81,48.95,38.9,44.38,42.83,38.05,45.19,43.76,53.39,51.17,46.48,35.79,42.72
47.06,44.17,43.5,39.9,42.38,39.95,41.33,41.19,41.57,43.0,43.39,40.29,46.76,42.1,50.22,40.61,52.81,44.0,43.57
40.61,38.14,41.67,43.9,42.54,42.67,39.52,46.62,44.62,41.75,46.0,41.86,38.86,46.33,45.67,45.56,43.1,41.79,42.84
36.83,43.26,46.21,38.19,40.46,51.1,43.62,38.81,45.05,44.96,37.11,41.71,43.67,42.29,46.89,49.28,43.86,43.16,43.14
44.17,40.9,42.54,45.29,47.29,40.57,41.9,43.29,37.05,44.92,48.5,39.57,41.33,46.57,45.94,44.39,48.05,47.47,43.87
48.11,39.74,41.96,43.19,38.42,37.86,42.38,36.76,37.05,43.42,40.94,39.95,39.38,41.43,49.72,39.33,46.29,53.26,42.18
42.22,40.07,38.21,46.1,45.92,42.38,42.29,43.19,48.76,44.67,40.67,37.9,50.38,37.14,46.56,52.56,45.48,53.05,44.31
42.33,43.48,42.13,34.19,41.58,40.1,42.33,37.43,41.43,46.0,35.56,43.52,41.24,42.1,47.06,43.61,45.81,45.79,41.98
41.44,40.29,42.29,41.05,40.12,40.9,42.9,44.33,42.71,45.0,43.28,47.76,46.86,50.0,45.89,45.39,48.0,46.53,44.15
43.56,40.48,42.08,42.62,42.67,40.52,43.9,40.57,41.0,41.92,46.0,40.86,39.33,43.0,43.61,47.83,46.19,51.21,43.19
44.39,44.12,44.17,37.29,46.42,46.57,39.95,45.29,42.29,41.92,37.72,42.57,44.52,35.81,47.17,39.72,50.24,42.79,42.94
41.72,37.79,39.88,43.38,45.29,42.48,39.95,45.95,47.76,44.29,43.72,45.14,39.95,37.33,39.72,42.78,46.52,39.58,42.4
40.33,32.24,36.58,40.38,39.88,37.1,43.86,42.14,40.05,47.33,46.44,44.67,40.57,38.9,51.83,49.28,41.95,52.79,42.57
44.83,39.9,50.62,41.67,40.46,37.67,35.57,38.48,33.24,36.96,36.0,40.24,40.86,50.76,46.56,35.61,42.1,45.95,40.97
46.94,45.24,41.58,35.38,39.58,36.95,47.48,42.9,43.48,40.88,45.5,42.24,43.1,35.43,47.61,42.11,43.9,45.05,42.52
46.61,39.36,44.71,39.24,40.29,40.67,45.24,41.38,38.76,42.08,38.72,42.43,44.81,40.81,46.67,44.0,50.1,42.21,42.67
42.61,40.98,41.29,41.48,42.67,42.71,38.95,41.43,46.14,43.67,42.94,44.0,46.86,37.43,47.39,37.56,33.71,47.53,42.19
45.0,45.95,41.63,50.9,44.92,42.48,36.9,36.29,44.52,48.0,40.0,44.24,43.57,46.43,47.5,48.33,51.76,49.95,44.91
35.22,44.0,49.46,38.81,45.42,38.67,44.52,43.0,43.14,47.21,37.11,38.38,42.67,44.14,44.06,47.94,44.05,51.37,43.29
37.83,36.62,44.58,39.9,42.38,43.0,34.19,44.24,43.0,47.71,43.28,41.0,46.57,36.05,38.67,44.72,36.71,45.53,41.44
36.83,47.57,40.42,35.1,46.88,45.57,45.62,43.1,34.33,38.21,38.5,41.24,40.57,43.81,38.78,44.17,48.9,38.58,41.56
50.61,40.74,38.92,47.14,44.21,41.86,42.29,41.48,44.29,41.88,42.11,41.38,45.33,36.1,47.39,44.11,47.14,43.68,43.37
35.78,44.93,44.58,39.05,43.79,39.57,36.48,41.95,44.38,40.04,48.61,44.48,44.81,43.1,49.0,42.67,37.33,48.16,42.71
39.28,47.0,45.42,36.62,44.96,45.81,41.76,45.81,45.29,43.33,48.72,39.24,50.19,39.67,34.22,42.89,44.95,46.32,43.41
46.83,38.71,43.54,48.05,37.88,39.81,46.48,44.33,48.33,39.54,45.5,44.81,47.24,40.1,47.72,48.0,39.81,45.26,44.0
41.11,35.19,48.79,41.19,46.88,43.05,43.43,43.52,41.48,38.12,36.5,45.05,41.14,35.81,40.56,45.17,45.48,43.63,42.0
37.94,41.69,45.62,44.29,43.71,37.71,43.24,50.62,44.38,43.13,37.11,45.81,40.0,43.19,40.0,48.5,49.9,41.89,43.26
44.61,36.81,44.58,40.29,45.54,38.29,43.62,54.57,44.9,42.75,49.11,40.9,38.24,47.81,46.33,50.39,42.57,46.68,44.33
42.89,42.29,41.38,45.95,45.29,43.14,44.86,37.71,42.05,43.25,38.83,41.05,44.29,44.05,47.83,41.22,48.43,40.89,43.08
38.22,44.64,42.08,46.19,47.92,37.9,39.48,48.86,49.24,45.46,45.0,42.29,39.19,41.29,46.89,43.72,46.71,50.11,44.18
35.33,42.43,40.21,43.38,42.96,37.9,42.62,46.14,48.71,41.54,43.72,38.33,43.0,39.14,46.44,42.83,42.43,39.68,42.05
43.94,44.57,48.63,44.43,41.17,39.14,45.29,44.67,43.52,44.12,47.78,41.71,41.48,36.67,43.44,45.33,49.62,43.05,43.81
42.17,46.21,46.75,44.9,40.92,51.14,41.57,40.33,48.14,48.88,42.28,41.48,41.67,44.9,42.5,45.5,40.24,45.63,44.18
41.28,36.43,39.17,42.05,42.04,42.0,46.29,35.81,43.33,42.54,40.72,38.71,44.76,39.71,46.06,41.56,48.0,43.84,41.91
44.83,50.14,43.62,34.76,42.79,46.24,46.62,43.81,48.29,46.71,35.5,45.43,43.38,40.0,41.17,43.39,44.57,55.79,44.28
41.61,47.62,44.17,37.76,42.04,46.81,44.14,42.95,41.86,39.83,45.0,43.52,44.33,45.9,42.5,49.39,52.81,44.26,44.25
41.17,42.98,45.0,42.71,43.58,38.81,42.43,43.71,36.05,40.0,52.22,45.33,41.81,36.14,49.67,50.44,43.0,48.53,43.53
42.44,41.74,35.62,39.86,43.29,41.43,37.19,43.0,39.19,38.67,42.5,37.62,46.9,46.05,38.56,44.83,41.86,45.37,41.45
42.72,48.69,42.96,51.67,42.62,46.9,35.43,36.9,48.14,33.62,48.0,46.95,43.0,40.33,40.67,40.44,47.0,43.53,43.31
42.06,42.21,45.83,42.29,44.46,43.67,44.71,40.29,41.0,45.04,41.39,41.52,46.19,44.67,47.56,41.44,52.0,48.11,44.14
35.22,47.98,50.38,43.1,38.17,43.71,40.29,42.43,38.1,39.08,48.89,39.48,42.67,43.24,45.67,52.0,38.05,41.58,42.78
43.61,49.6,42.5,43.24,43.0,44.71,42.48,35.81,39.38,45.46,49.67,45.48,44.81,43.81,42.67,46.61,52.38,40.63,44.21
43.44,42.55,38.71,39.19,42.88,37.29,43.0,44.71,46.33,38.92,44.44,46.24,42.86,46.57,34.78,47.06,49.14,48.95,43.17
42.0,49.0,37.29,37.67,40.75,40.76,38.52,42.24,40.76,47.33,39.39,42.19,39.43,38.1,37.17,42.11,49.95,45.21,41.66
42.39,38.69,41.75,46.0,43.54,47.05,41.14,45.67,41.24,43.67,44.83,40.9,39.95,38.67,39.0,43.78,41.86,37.74,42.1
42.89,39.6,48.0,39.9,46.67,40.62,39.1,43.29,44.57,38.29,47.17,42.95,42.67,37.33,40.11,51.06,46.62,51.21,43.45
44.11,41.98,44.83,39.38,39.71,42.24,50.43,41.24,43.05,45.42,37.61,42.19,40.62,45.14,40.06,40.56,39.52,46.42,42.47
46.83,40.26,40.38,43.24,44.83,45.05,41.43,43.38,45.71,44.67,50.44,44.95,45.05,39.24,45.39,48.28,45.76,40.32,44.18
47.11,42.76,40.12,43.57,38.83,47.48,38.71,35.33,43.81,42.38,40.94,44.52,44.1,38.9,42.94,47.89,45.43,42.05,42.61
43.94,39.55,47.17,45.1,43.12,40.57,44.1,43.19,39.52,38.12,39.11,43.76,42.1,43.52,49.17,45.56,43.43,41.11,42.9
45.06,44.07,41.88,44.19,42.08,41.67,37.24,41.19,39.52,39.0,51.17,37.81,38.57,33.67,47.0,33.89,40.57,41.16,41.1
43.94,39.19,41.12,44.0,44.46,41.67,41.48,37.14,45.24,42.5,40.17,37.62,41.05,44.95,48.67,50.44,42.0,49.53,43.06
46.0,32.12,39.83,37.52,44.12,42.67,42.81,40.57,42.71,39.21,37.11,41.1,36.24,45.86,46.44,50.11,42.76,49.68,42.05
47.83,46.55,43.0,39.9,44.17,44.76,42.67,48.48,45.52,36.58,40.89,43.29,45.14,40.52,48.78,46.33,45.48,46.42,44.24
36.61,41.98,44.75,42.86,43.83,41.48,35.1,41.86,42.24,43.0,49.39,47.48,44.29,42.24,42.56,42.56,51.52,43.21,43.16
42.44,37.24,40.12,43.57,51.46,36.57,44.95,41.57,41.52,39.83,46.5,37.52,38.62,36.05,46.83,43.72,38.14,56.0,42.37
44.5,37.9,45.96,37.62,44.21,40.86,42.43,37.43,45.62,44.29,49.0,35.62,40.38,35.71,38.22,54.5,38.05,41.74,41.89
42.28,40.38,42.0,44.86,42.83,38.05,50.1,44.67,42.9,38.5,42.28,37.57,40.33,38.67,43.0,39.39,49.14,46.63,42.42
41.78,47.71,43.29,44.33,48.08,37.9,40.81,37.52,40.0,39.79,46.11,40.57,43.52,43.43,38.11,45.06,52.71,50.26,43.39
43.0,42.19,39.62,42.48,37.67,45.86,42.67,40.48,43.9,45.54,47.22,44.0,43.38,43.52,46.0,43.83,46.71,51.21,43.85
42.44,47.74,40.21,49.05,36.62,41.29,38.76,36.67,48.38,44.04,46.56,45.76,38.14,45.33,41.72,49.72,47.29,48.79,43.81
40.67,42.4,41.79,42.38,47.33,44.95,44.05,35.62,47.24,38.33,41.44,45.71,45.29,46.52,45.78,45.83,47.62,40.26,43.51
41.39,40.86,38.79,48.29,42.62,39.81,37.81,45.71,45.14,39.83,38.94,45.1,42.24,39.95,42.33,35.89,44.1,50.58,42.19
40.0,34.52,47.79,48.38,48.08,45.9,43.52,37.57,44.95,44.38,36.67,43.52,43.38,43.52,49.06,49.28,52.33,47.26,44.45
35.72,37.6,39.29,38.1,40.71,46.95,39.67,35.38,44.67,38.67,43.17,36.14,45.33,45.62,46.0,43.39,41.29,46.84,41.36
39.0,39.43,43.75,42.67,47.0,38.33,44.33,40.05,39.76,41.96,41.89,38.14,39.57,40.48,45.0,41.0,39.95,40.16,41.25
46.44,39.45,40.58,40.29,43.17,38.14,43.14,41.38,46.24,42.88,43.06,49.1,44.9,47.76,46.78,44.22,54.81,48.0,44.46
46.44,42.02,40.75,41.71,42.67,42.52,42.19,44.76,39.14,41.71,39.83,45.52,43.43,40.14,40.17,50.11,43.24,43.53,42.77
46.89,40.05,40.29,44.1,35.67,42.76,38.95,37.86,41.33,49.08,42.83,36.0,45.43,46.24,47.67,55.11,41.67,42.47,43.02
48.39,33.12,41.37,46.0,40.0,37.71,43.71,48.57,44.0,40.38,40.0,47.43,39.86,41.48,44.78,37.22,45.86,43.58,42.41
44.83,48.24,38.58,40.81,43.42,43.48,46.38,45.14,43.14,48.58,41.89,40.38,41.24,35.43,40.83,47.28,42.52,47.79,43.33
41.83,46.14,44.0,46.05,48.62,38.38,45.14,42.52,33.57,39.62,45.0,42.1,43.86,44.57,43.94,51.06,50.29,47.95,44.15
36.78,36.4,43.29,48.86,45.71,42.76,47.05,39.71,49.43,45.83,40.5,41.43,40.0,42.0,47.83,45.44,40.19,42.37,43.09
44.28,37.24,41.54,41.95,41.17,45.19,35.62,45.76,29.81,40.5,38.78,43.71,41.9,48.05,46.83,41.39,49.24,48.0,42.28
41.33,40.12,41.13,45.43,40.96,38.57,40.48,44.1,41.1,40.04,36.33,46.38,48.67,44.24,43.44,38.5,45.43,54.11,42.8
37.83,44.83,44.29,37.29,48.33,42.14,45.38,46.71,46.95,40.75,37.67,44.67,43.24,42.14,46.61,42.06,42.14,45.11,43.23
40.5,40.6,43.62,38.62,39.83,46.0,38.52,42.19,41.29,48.08,46.67,40.57,35.19,49.19,47.56,49.78,40.52,44.68,42.97
41.78,45.79,37.62,38.0,37.21,42.05,46.14,39.33,44.48,45.46,42.83,44.38,37.86,52.0,48.11,43.44,47.19,44.58,43.24
37.06,43.95,44.08,40.19,42.46,40.29,47.62,52.62,42.52,46.37,37.06,47.76,49.05,44.19,47.28,48.83,42.0,48.0,44.52
41.33,42.17,46.29,42.33,40.54,43.95,48.52,49.43,47.43,39.83,47.56,43.43,39.52,39.9,49.28,37.28,52.62,44.16,44.2
32.17,46.62,41.92,39.19,40.33,46.0,48.38,40.86,42.38,50.08,42.67,39.05,49.38,39.9,44.33,46.0,53.57,50.32,44.06
39.0,44.95,39.38,40.38,33.58,45.52,52.29,47.76,42.95,39.67,43.0,40.95,40.67,40.67,46.11,40.11,41.1,45.63,42.43
33.39,47.4,45.92,46.05,44.38,42.67,38.86,42.57,34.52,45.54,43.5,44.76,39.86,38.29,52.83,48.56,42.24,50.11,43.41
45.67,41.71,46.46,46.0,37.71,42.48,38.9,40.14,37.76,41.5,46.06,44.67,41.14,42.57,43.28,44.17,40.43,41.21,42.33
46.22,41.98,43.33,45.67,44.21,41.24,43.67,42.38,36.9,48.83,43.44,46.62,44.48,35.71,42.5,42.56,44.14,43.47,43.19
48.0,46.26,45.33,42.95,40.67,45.0,41.95,39.33,43.05,44.58,37.33,38.52,45.38,41.71,45.11,44.67,40.9,49.26,43.33
38.28,43.31,43.12,43.48,48.38,39.86,36.57,43.52,45.19,42.92,36.67,38.95,43.76,42.24,45.83,40.67,51.19,48.53,42.91
42.5,40.24,43.58,38.1,46.58,40.19,40.86,37.05,43.43,41.29,41.22,41.95,39.14,47.1,47.67,46.89,47.86,48.74,43.02
36.72,39.9,37.96,46.95,40.46,38.05,39.71,44.33,42.57,48.38,43.44,46.86,34.38,42.9,45.61,34.72,43.38,40.95,41.52
38.22,39.38,44.12,39.57,42.79,37.67,46.14,46.05,40.57,40.71,49.44,38.1,40.19,48.52,51.61,43.33,45.33,49.47,43.4
40.83,39.52,39.83,45.19,36.12,42.81,37.76,37.05,34.48,41.5,47.94,43.43,33.57,33.9,41.67,42.67,46.38,38.74,40.19
46.67,39.48,45.83,40.62,41.67,46.05,44.24,43.67,42.38,41.71,43.5,41.76,46.86,39.33,44.72,44.11,42.81,50.68,43.67
45.83,46.07,38.17,43.1,44.17,45.81,42.14,41.67,36.0,43.58,43.39,46.38,41.86,43.67,41.11,43.72,48.9,52.84,43.8
40.5,49.05,45.29,38.86,36.92,43.62,38.81,45.86,45.71,39.5,46.17,38.86,41.48,44.67,48.78,47.5,47.19,38.68,43.19
40.22,40.24,45.38,43.67,39.08,46.71,39.67,44.19,46.29,42.25,42.89,45.0,44.1,47.29,41.5,42.94,40.14,48.11,43.31
41.89,39.62,41.54,40.67,44.21,42.71,42.76,49.81,39.19,45.54,43.06,39.24,39.0,44.57,45.89,41.0,41.43,47.05,42.73
38.17,46.12,38.17,40.48,46.71,40.86,40.14,41.9,42.57,41.25,41.39,36.9,49.57,42.38,42.5,40.67,47.29,46.32,42.41
39.89,41.95,43.25,43.95,44.0,43.9,40.38,41.1,44.71,41.13,46.94,41.67,46.71,42.38,57.39,45.28,43.19,44.16,44.0
40.06,40.31,42.33,40.52,47.88,43.86,45.24,41.38,44.71,42.33,36.17,39.0,41.1,45.81,43.72,44.06,49.29,36.63,42.47
41.44,46.07,42.62,41.67,37.96,47.24,40.24,44.71,44.0,42.62,44.44,40.71,45.19,45.48,34.61,46.06,39.1,39.21,42.41
39.78,37.95,41.46,37.33,42.21,46.38,45.86,37.38,45.29,43.46,45.33,44.86,45.95,40.81,49.44,46.17,42.33,43.53,43.08
34.28,44.19,40.25,47.67,44.42,41.62,40.86,45.29,39.43,45.75,40.83,43.95,42.62,38.81,46.78,43.22,46.52,43.0,42.75
45.11,39.98,43.46,44.1,43.88,36.67,46.38,43.14,33.62,49.58,43.56,37.62,41.33,46.05,49.33,39.06,42.81,50.11,43.1
34.22,39.0,42.42,45.14,46.04,42.05,41.52,47.29,43.71,39.5,41.56,44.1,39.29,40.95,38.78,43.39,39.76,44.79,41.86
45.17,37.95,43.79,40.33,44.33,44.76,41.52,44.24,42.67,45.5,47.06,45.24,40.52,38.24,44.5,38.22,44.81,42.58,42.86
39.61,34.24,35.38,44.71,46.96,37.67,40.57,42.71,38.14,38.17,41.06,49.76,51.05,35.62,43.67,42.11,47.71,42.37,41.75
44.83,49.19,41.79,36.71,37.17,40.71,42.33,43.81,43.24,40.0,39.39,42.33,42.29,48.33,44.67,49.94,46.1,42.89,43.1
38.89,45.83,40.71,39.24,34.58,40.95,39.05,49.0,41.9,42.96,44.11,40.38,39.24,45.43,42.94,46.78,46.52,48.11,42.59
43.39,40.38,41.0,38.43,45.67,44.19,41.95,43.38,40.29,43.96,43.22,43.71,42.24,45.05,51.83,48.89,43.71,46.16,43.75
45.5,38.76,41.08,45.1,41.04,37.86,41.86,46.38,41.29,38.12,45.94,43.0,44.95,35.67,53.89,47.78,44.33,43.84,43.13
51.11,37.86,43.62,48.43,44.96,47.38,38.14,46.33,43.71,43.08,38.39,40.14,40.29,36.29,37.78,39.11,47.1,45.95,42.76
41.5,41.79,43.42,44.14,43.79,40.38,43.43,43.76,41.14,47.25,51.78,42.62,46.38,42.19,47.83,43.33,39.86,49.11,44.09
39.33,40.79,43.5,41.19,46.62,44.81,35.43,41.05,42.71,47.92,43.89,46.9,42.38,48.52,44.78,43.94,43.05,43.42,43.35
42.89,46.55,48.0,48.62,44.04,45.0,43.71,40.14,43.48,40.29,40.56,38.62,36.67,40.48,43.5,37.5,53.71,45.89,43.31
43.56,46.52,41.25,40.0,40.25,40.19,40.05,40.71,42.24,43.17,40.83,38.86,43.67,42.95,42.11,46.61,49.33,42.32,42.48
42.67,47.76,41.0,43.95,45.12,41.43,36.1,40.67,46.33,47.04,47.44,41.76,42.52,39.95,44.94,41.5,47.43,47.21,43.6
41.39,41.14,46.54,47.38,39.04,43.29,38.29,40.95,40.95,47.21,36.17,46.19,39.52,42.33,47.06,40.61,41.76,46.47,42.57
43.78,44.79,33.29,31.71,40.83,39.86,43.29,44.95,45.76,39.04,37.28,41.52,42.33,39.05,41.83,39.06,51.05,41.53,41.16
46.5,47.12,46.67,42.05,42.58,41.19,46.48,45.52,43.1,45.92,45.28,35.76,35.76,42.1,38.28,53.72,45.05,44.0,43.73
42.89,42.48,42.04,46.05,40.17,39.67,43.05,45.29,48.29,45.21,47.72,37.0,50.1,46.1,46.11,51.28,37.9,44.74,44.23
37.11,38.14,37.67,43.14,40.5,37.33,41.76,49.38,42.48,42.29,39.11,44.48,44.05,44.9,41.56,40.11,43.24,43.0,41.68
37.5,46.4,47.25,43.29,37.71,49.0,42.33,42.0,49.9,44.83,36.94,45.81,45.62,44.43,48.28,40.22,39.38,47.0,43.77
35.44,43.12,46.04,35.33,38.04,40.9,43.67,42.29,41.43,42.38,38.94,41.19,45.38,49.9,42.39,37.39,43.57,51.84,42.18
43.89,46.74,45.88,42.62,44.62,41.95,36.19,45.38,46.14,41.21,42.17,37.95,45.86,40.14,53.11,47.5,41.1,41.32,43.54
43.83,48.05,42.71,52.48,40.33,46.57,46.71,44.19,42.19,42.58,47.06,43.43,49.38,39.38,50.39,38.33,43.43,40.37,44.52
49.67,42.55,40.17,40.9,43.04,41.81,40.38,40.67,47.43,43.62,45.67,46.67,42.95,44.05,47.61,48.22,48.19,47.53,44.51
38.22,34.93,44.04,45.62,46.79,39.67,34.29,35.81,35.81,42.08,41.67,39.52,41.9,41.57,40.78,52.5,49.29,39.58,41.34
37.89,42.38,39.42,53.62,42.96,39.1,38.14,42.57,47.81,39.38,46.5,35.67,40.05,42.76,44.33,45.83,50.1,37.26,42.54
39.72,38.55,41.17,41.38,42.79,42.24,41.19,38.0,42.05,39.42,40.56,47.14,44.43,47.43,40.89,37.22,41.24,40.95,41.46
43.06,36.74,42.88,42.33,43.0,42.76,44.67,37.81,44.95,38.92,32.28,43.05,44.0,41.1,40.22,41.89,40.57,41.84,41.23
44.22,42.12,38.0,39.38,43.54,40.19,38.19,39.05,41.57,35.88,49.94,44.76,38.05,45.86,45.89,40.17,47.33,43.05,42.07
45.67,46.31,41.83,51.1,47.12,46.57,41.81,41.95,38.0,41.83,44.44,41.71,44.0,45.52,34.94,42.22,50.62,49.11,44.15
46.61,44.57,46.33,43.05,43.62,41.43,41.81,43.52,41.19,43.25,42.28,45.81,38.71,43.81,40.5,41.56,34.48,46.21,42.71
38.67,43.0,41.46,45.9,43.83,45.33,43.48,43.33,45.14,38.29,44.39,36.71,44.38,45.57,39.89,45.83,41.67,42.74,42.76
43.78,44.88,45.17,42.52,43.92,41.05,41.1,43.48,38.86,47.38,39.61,39.48,36.14,41.67,43.33,49.94,43.29,48.68,43.01
46.61,44.52,40.29,40.43,47.17,37.05,44.29,45.81,43.67,42.83,36.67,46.38,41.0,44.0,45.06,50.67,44.1,43.63,43.56
42.28,41.55,43.62,36.24,46.33,40.14,34.48,42.43,51.14,39.0,41.44,36.43,43.71,48.95,48.89,46.72,40.76,45.74,42.77
37.0,47.07,40.04,39.24,41.33,40.52,45.48,38.19,43.67,42.37,41.72,46.38,41.71,42.05,40.22,42.94,49.29,44.63,42.44
43.78,43.95,40.5,52.76,47.04,47.33,40.95,41.0,36.76,33.42,42.11,44.95,45.19,38.67,52.67,54.11,46.95,45.42,44.31
44.33,40.71,47.12,45.05,37.58,41.71,54.05,42.71,45.81,41.42,39.39,39.62,38.67,46.43,37.22,42.89,45.95,41.26,42.89
45.33,45.67,44.08,43.05,40.79,40.14,38.1,40.86,38.81,48.5,46.56,44.19,50.71,46.48,36.33,43.06,43.0,43.53,43.29
46.06,39.07,40.38,44.0,41.0,47.1,37.0,41.76,45.52,39.21,44.22,41.86,43.29,46.67,49.39,38.56,48.62,40.42,43.01
49.44,39.98,36.58,47.62,43.83,42.81,45.24,44.95,44.33,38.83,46.22,47.52,43.0,39.52,45.06,46.22,47.9,38.42,43.75
46.0,47.29,42.88,43.9,42.04,42.24,48.48,38.52,45.05,41.25,43.72,43.62,47.95,37.76,49.33,41.5,44.48,47.47,44.08
41.78,47.36,46.58,42.0,41.04,42.14,34.1,43.05,41.76,37.08,46.61,44.14,45.9,44.19,47.28,44.28,47.05,43.79,43.34
42.94,36.95,43.5,40.0,42.17,49.29,37.1,40.95,37.52,42.0,36.72,42.71,39.81,50.62,53.0,44.06,44.48,48.21,42.89
41.06,41.81,40.21,42.1,40.71,38.57,46.1,38.1,48.81,45.21,49.89,42.9,40.95,41.43,39.0,47.39,43.14,49.05,43.13
48.44,42.83,36.79,42.67,41.42,41.29,45.43,44.71,47.24,41.21,38.17,42.81,40.9,39.95,48.61,39.78,41.95,42.0,42.57
44.06,40.26,43.75,42.14,40.46,39.52,35.0,35.05,50.9,46.04,39.0,42.1,35.43,47.29,41.06,46.44,43.19,46.21,42.11
45.17,38.14,37.62,40.0,45.08,41.86,35.81,38.71,43.57,42.17,43.78,44.24,48.29,36.71,37.56,40.39,46.24,43.42,41.6
48.67,43.5,39.42,41.38,42.25,37.9,41.24,38.29,47.14,45.5,48.67,49.05,42.05,41.05,36.83,42.22,45.86,47.89,43.27
45.11,43.0,45.46,40.95,43.46,42.43,40.76,41.71,42.24,40.71,49.17,42.24,37.24,41.1,47.06,44.0,49.57,41.11,43.18
46.17,40.74,39.42,45.52,41.83,43.48,42.52,41.76,43.57,46.83,46.83,40.19,41.9,46.76,48.28,44.06,42.86,38.37,43.39
47.94,44.79,45.25,40.1,36.04,42.52,40.86,43.81,40.67,42.0,45.44,44.14,46.81,45.81,52.5,41.61,47.9,43.21,43.97
50.33,39.19,43.0,42.76,44.88,41.0,45.0,36.71,44.1,45.04,41.11,42.81,42.62,43.57,43.17,50.33,52.1,39.16,43.72
38.72,39.45,45.21,44.14,40.21,44.0,44.52,44.43,35.76,42.67,40.83,47.24,41.48,44.57,41.78,48.5,39.48,37.37,42.24
43.67,49.33,42.17,42.67,40.58,40.38,35.24,42.19,41.95,47.58,36.94,39.67,41.48,40.43,57.44,47.94,44.1,42.84,43.14
40.72,41.83,42.46,41.57,45.96,38.48,38.1,46.14,47.9,43.17,40.56,44.71,47.76,39.76,40.22,38.83,49.86,43.11,42.84
44.72,48.55,50.33,43.24,41.62,48.05,45.62,39.29,43.52,44.0,40.56,48.1,43.95,38.76,42.83,40.78,45.71,37.37,43.72
40.28,43.48,42.88,42.43,44.92,37.62,44.76,38.38,42.9,48.46,39.0,48.0,39.57,39.24,50.44,46.0,44.62,43.74,43.15
44.56,42.45,40.92,47.48,41.25,41.29,46.52,38.19,40.95,44.38,45.72,37.67,43.48,36.57,44.22,41.28,48.71,47.37,42.94
39.78,36.19,42.46,46.05,42.04,44.19,40.86,41.86,45.62,46.54,45.56,43.81,42.24,40.67,47.56,51.56,50.76,47.63,44.19
42.11,46.1,34.88,40.19,42.71,33.14,43.57,42.1,43.29,45.25,44.61,44.95,41.14,37.57,39.67,51.0,50.62,45.16,42.67
45.56,38.36,41.38,42.38,47.0,39.33,45.14,42.14,46.0,39.75,44.56,38.76,47.05,46.76,52.44,43.06,46.95,49.26,44.22
43.78,47.19,40.5,47.33,43.92,45.1,41.05,41.19,46.24,42.12,47.94,47.38,44.95,46.43,42.94,39.89,45.43,44.58,44.33
41.11,43.21,41.38,36.86,41.38,44.71,49.67,45.24,39.24,38.75,48.17,40.71,39.43,48.43,43.44,45.11,45.62,43.63,43.12
41.67,44.12,45.38,41.19,42.25,39.38,43.33,50.9,40.05,45.12,44.78,43.76,40.29,45.52,39.89,46.39,43.29,48.21,43.64
47.0,43.26,44.83,39.76,48.46,41.19,42.95,38.52,39.48,41.42,39.89,48.29,47.05,45.05,45.33,50.0,47.76,42.11,44.02
39.17,39.79,40.96,40.38,44.5,41.86,38.14,45.24,45.71,46.25,47.11,43.81,43.62,41.33,50.44,49.22,44.38,43.05,43.61
49.33,38.31,38.92,45.33,45.71,41.52,44.86,39.29,40.48,32.0,38.61,43.14,43.43,41.43,43.06,43.17,46.81,39.37,41.93
47.83,38.69,44.54,39.33,39.04,42.67,40.33,43.62,43.29,37.29,45.39,43.62,43.0,49.0,41.67,44.89,49.29,40.74,43.01
46.56,44.98,40.75,41.86,45.92,36.19,42.57,39.19,40.05,31.25,47.06,44.43,49.57,34.57,44.28,36.94,45.14,44.05,41.96
36.28,41.55,39.0,38.48,41.96,37.48,41.52,41.57,44.05,44.0,45.11,45.43,38.62,46.71,46.33,47.5,41.71,41.05,42.13
49.61,44.38,42.5,45.38,42.25,43.33,40.52,45.38,45.81,46.75,38.22,38.86,41.62,43.38,35.22,46.94,44.29,43.42,43.22
43.83,43.55,45.33,38.24,40.37,37.52,40.29,38.62,39.95,45.42,44.06,38.67,46.52,44.0,45.72,37.61,40.9,46.37,42.05
35.78,48.07,47.17,41.33,41.37,44.1,45.71,42.29,43.71,38.29,42.61,42.48,39.9,37.43,43.67,46.56,48.0,42.21,42.82
44.89,41.17,43.54,43.67,41.04,43.81,37.38,43.52,43.43,41.25,39.06,45.86,39.86,42.52,48.72,50.44,56.29,42.42,43.83
42.33,41.4,44.0,44.86,38.88,40.86,47.14,38.57,42.67,45.46,43.61,44.0,51.38,43.48,48.5,46.11,45.0,42.11,43.91
39.61,41.14,39.67,42.95,38.75,46.1,33.67,41.62,36.95,43.0,42.56,44.48,37.52,41.95,39.89,47.39,47.05,45.84,41.67
36.56,44.26,39.96,34.0,44.17,48.62,39.24,37.0,45.67,45.08,37.44,41.62,44.76,43.86,44.61,43.17,46.9,43.42,42.24
43.44,45.86,43.75,43.67,41.21,46.48,43.24,41.29,42.57,45.46,42.89,45.43,47.05,45.43,43.17,46.33,40.19,42.26,43.87
44.17,41.79,44.33,40.86,41.21,41.67,41.14,40.38,45.71,46.25,41.67,36.33,39.86,43.0,50.94,47.28,47.71,37.16,42.86
40.72,43.86,47.5,45.05,40.62,42.67,51.71,40.76,36.29,44.83,44.56,37.76,43.71,46.33,41.06,41.67,43.95,48.89,43.44
48.89,40.76,37.12,38.86,42.71,47.19,35.81,43.52,38.0,41.75,47.5,42.43,45.05,43.9,45.44,47.67,39.76,42.21,42.7
42.44,46.02,33.17,45.43,49.37,33.95,44.43,38.14,42.14,46.25,46.61,41.9,42.05,47.48,51.33,50.56,46.57,38.58,43.69
41.0,45.05,43.25,42.62,46.42,48.43,43.1,35.0,43.24,43.46,39.94,45.38,38.71,45.0,44.0,42.22,38.76,45.32,42.83
44.06,44.86,43.46,45.71,37.0,40.9,47.38,40.76,39.38,42.08,41.89,37.29,34.52,43.86,36.83,44.56,46.9,45.05,42.03
44.06,41.33,45.25,38.57,43.58,47.62,42.48,39.86,37.67,47.33,44.22,41.05,44.62,47.33,43.28,47.67,39.38,45.42,43.37
33.72,50.6,39.58,41.52,46.5,43.57,37.52,40.76,47.43,43.08,34.33,40.76,46.86,41.95,55.11,42.72,40.48,41.68,42.68
33.94,43.71,44.21,49.67,46.58,40.24,41.0,45.81,38.67,40.38,45.44,47.24,46.33,42.43,43.83,44.5,48.33,44.32,43.7
45.83,41.83,44.0,44.24,45.54,42.67,41.1,35.52,46.19,43.58,43.56,43.33,47.9,40.52,41.61,38.72,47.71,46.74,43.37
38.11,36.76,44.42,42.81,42.04,51.48,41.57,47.71,46.24,44.92,44.33,43.33,41.57,45.67,40.89,42.56,54.0,44.0,44.02
47.0,38.4,45.58,42.0,41.71,37.19,40.24,42.71,42.81,45.54,48.22,44.86,43.19,41.24,38.0,40.39,44.38,46.16,42.76
40.33,45.45,41.54,44.1,46.54,44.38,45.9,51.81,42.24,42.21,40.89,46.24,41.0,39.43,42.39,37.39,49.43,43.11,43.58
49.06,47.29,47.33,43.48,48.42,41.29,38.05,38.9,40.95,46.0,38.33,45.62,51.24,40.57,38.17,50.17,44.95,39.0,43.82
39.11,38.62,44.21,40.95,48.25,50.9,42.62,42.1,45.24,44.71,44.72,41.62,39.76,43.0,53.94,47.39,36.67,44.37,43.79
41.78,45.86,37.71,44.14,45.12,44.14,46.14,38.9,40.33,42.5,43.89,47.29,46.05,44.81,41.39,45.78,52.95,45.26,44.11
44.89,40.4,41.58,42.14,44.33,39.95,40.43,43.33,37.71,44.54,41.06,39.24,43.14,43.43,40.89,45.33,48.24,46.37,42.61
40.44,41.74,39.96,42.14,31.42,44.95,42.0,41.0,41.62,45.58,47.0,39.71,47.57,40.38,42.22,44.72,43.95,44.89,42.3
41.39,43.48,42.21,45.71,48.04,46.81,47.43,38.29,42.76,43.54,39.33,39.24,45.57,35.52,47.22,44.94,49.0,45.53,43.67
47.5,42.14,46.17,46.1,44.46,45.81,41.43,47.38,38.1,41.21,43.44,40.71,43.0,43.19,51.72,47.06,37.67,44.26,43.96
46.94,50.67,41.25,39.81,30.79,42.05,46.9,43.33,40.67,42.46,40.17,44.48,50.05,39.95,49.94,46.72,43.38,48.58,43.79
37.78,45.38,40.46,42.19,40.96,42.62,44.48,39.29,40.0,44.75,44.17,45.38,42.62,38.81,51.83,43.83,44.0,43.84,42.91
49.61,38.79,41.92,45.05,45.58,37.57,43.62,38.95,47.67,41.29,46.06,46.48,41.67,50.29,51.44,44.28,43.1,38.42,43.99
44.0,47.83,43.38,44.1,46.42,42.67,34.24,40.1,39.9,42.63,44.44,51.86,41.0,45.9,37.72,46.89,47.48,42.32,43.49
45.39,38.6,48.46,41.29,39.58,42.43,43.14,39.9,38.81,40.25,48.22,41.9,38.62,47.14,45.0,47.17,46.62,49.47,43.44
41.44,50.12,40.71,43.48,42.83,47.0,48.1,37.19,42.1,39.42,39.0,39.9,42.81,46.48,47.33,41.44,39.33,42.74,42.86
44.83,40.93,47.0,44.9,44.92,37.14,46.81,47.71,40.38,41.71,49.67,44.48,50.81,43.67,40.72,40.44,42.33,43.63,44.0
47.5,44.57,41.17,47.86,42.46,46.14,43.57,41.71,36.38,39.29,35.11,45.86,39.0,39.57,47.17,46.89,40.38,45.05,42.76
44.89,43.24,40.67,45.95,44.17,44.81,48.76,46.67,36.1,41.21,42.0,47.76,39.24,41.24,42.78,41.11,45.52,53.79,43.88
39.06,36.12,49.79,46.19,41.29,39.33,38.9,44.67,42.14,45.0,46.94,44.43,42.95,48.76,45.33,39.39,43.29,47.58,43.4
39.22,42.62,49.42,42.43,45.42,49.43,43.67,49.14,42.81,39.25,44.11,45.1,41.43,39.95,44.94,42.78,45.48,51.53,44.37
44.67,48.43,41.04,41.81,46.21,35.9,39.48,40.52,46.38,40.25,43.61,43.0,40.86,40.48,38.94,40.72,37.67,43.37,41.85
50.0,46.86,38.46,47.81,46.71,43.95,42.19,38.48,37.38,41.96,43.78,38.14,44.33,39.9,47.67,47.17,41.33,47.89,43.56
44.0,40.81,43.92,38.1,42.29,43.14,38.1,42.62,47.38,46.42,43.94,39.71,39.48,44.0,44.44,49.61,48.71,40.0,43.15
46.22,40.05,45.38,44.57,43.88,42.67,43.24,44.38,40.24,44.38,42.61,44.57,37.19,38.33,43.61,42.5,41.95,44.37,42.78
43.0,40.33,42.71,40.62,45.38,37.67,38.86,42.05,43.33,45.08,38.06,44.48,46.76,45.86,46.67,48.78,43.19,38.37,42.84
41.28,42.93,47.96,41.81,38.88,42.62,41.76,39.14,40.14,46.38,47.33,43.95,40.29,45.19,48.33,46.61,44.33,49.37,43.79
44.06,39.05,42.92,39.9,38.67,41.57,42.14,44.67,45.43,47.29,42.11,45.0,45.71,44.29,46.67,48.89,38.19,44.37,43.38
40.89,45.79,40.38,38.62,48.62,42.1,40.62,41.52,42.9,38.79,42.28,41.76,45.62,40.57,44.78,44.11,45.9,44.37,42.76
43.11,38.19,45.75,36.05,40.54,41.33,34.9,40.62,37.33,41.17,44.22,41.48,46.05,43.81,53.72,49.28,47.95,39.58,42.5
44.33,38.1,44.21,48.14,45.08,42.86,45.1,39.24,37.43,36.54,45.39,37.9,38.62,40.38,36.39,43.44,42.48,43.0,41.59
42.89,44.29,43.96,46.43,37.88,43.48,38.71,38.62,37.81,45.29,48.94,38.71,37.43,40.9,39.5,47.89,45.1,52.79,42.81
34.78,46.48,43.58,41.43,40.17,44.38,42.33,44.9,36.81,44.38,43.22,39.95,45.48,41.81,41.67,45.78,42.33,46.05,42.53
45.11,43.17,35.92,43.76,36.46,39.19,41.48,44.9,48.57,40.67,40.22,48.38,42.05,43.0,46.78,47.61,42.14,45.47,43.05
42.5,45.19,42.62,39.86,44.21,36.52,43.05,52.62,41.9,50.29,41.78,41.81,37.76,47.62,48.72,40.39,44.29,40.74,43.44
40.67,42.5,46.92,39.29,42.33,42.62,44.05,38.52,40.05,40.04,42.78,43.38,41.33,37.0,41.83,50.44,45.9,46.26,42.55
39.94,45.05,42.5,46.76,44.33,45.24,45.48,42.1,45.71,43.58,45.61,45.24,46.33,43.57,40.72,49.78,46.43,38.89,44.29
40.33,43.29,40.17,36.14,46.25,39.67,43.86,42.67,42.67,37.79,39.56,40.81,42.05,37.33,42.28,42.0,47.95,41.95,41.49
42.11,45.19,50.88,40.24,43.04,48.1,39.71,45.48,42.67,46.5,41.5,44.14,38.57,39.43,42.22,41.72,42.48,42.05,43.11
35.11,40.19,43.71,49.76,47.17,49.71,45.33,40.67,43.38,43.08,42.44,38.76,41.57,48.48,44.94,45.06,54.43,45.58,44.41
38.28,48.33,48.17,41.24,43.25,45.86,43.67,43.29,44.29,44.21,46.5,51.76,46.48,36.9,45.67,48.78,37.57,43.11,44.3
40.39,42.29,40.29,41.29,44.96,44.0,41.33,42.71,43.76,44.92,44.33,36.81,47.95,46.19,46.11,44.83,46.52,47.21,43.66
38.06,43.38,47.71,42.29,40.42,42.33,41.48,35.48,49.0,38.88,45.33,35.9,44.62,38.76,49.67,45.72,44.67,43.95,42.65
47.11,39.05,43.75,40.67,44.83,38.1,43.14,42.05,46.33,40.17,43.56,48.24,47.29,43.71,41.06,46.67,40.95,41.84,43.25
39.56,47.26,39.0,40.71,42.62,40.67,51.29,45.48,38.62,41.5,45.33,41.76,46.9,38.57,49.0,42.83,45.9,46.11,43.51
46.61,31.69,41.46,35.52,39.46,43.19,38.24,45.71,41.0,39.08,44.11,47.0,42.05,42.1,38.33,41.83,48.76,34.63,41.15
42.83,41.33,45.08,44.14,45.38,44.0,44.05,46.38,34.9,41.54,40.06,36.14,43.76,43.0,50.56,47.44,39.1,39.37,42.73
43.89,44.29,39.38,47.57,42.5,49.81,44.24,48.57,39.95,40.79,40.39,41.86,42.24,43.62,53.0,43.67,50.24,43.32,44.41
37.39,43.43,42.0,43.71,45.54,44.0,47.86,41.43,46.95,44.75,41.17,42.05,40.95,38.1,40.17,46.83,46.67,43.42,43.13
44.94,45.29,50.33,41.38,40.79,40.48,42.38,40.9,43.19,41.92,40.78,43.0,46.86,43.9,44.22,54.0,42.19,43.63,43.9
33.17,41.0,43.21,39.9,38.79,42.81,43.57,47.0,45.0,37.71,45.61,45.76,44.19,42.19,41.44,40.28,44.9,40.16,42.04
43.28,42.71,43.12,41.67,46.33,45.71,43.95,43.62,43.1,38.46,36.28,39.33,41.81,37.76,44.33,40.22,44.38,53.74,42.77
40.5,40.5,44.92,42.71,44.67,40.9,46.9,42.14,42.81,41.62,44.39,41.86,46.76,41.38,45.94,42.5,45.43,46.0,43.44
42.72,42.29,41.17,36.43,48.25,39.81,49.52,48.19,36.48,39.17,44.44,36.48,40.67,41.81,43.89,48.44,46.14,46.84,42.93
45.72,43.38,37.25,41.76,43.58,46.52,41.76,41.05,37.95,43.29,38.67,44.29,44.43,39.9,46.06,40.61,43.19,47.42,42.6
35.28,39.83,39.71,38.38,41.29,38.95,47.1,44.19,43.0,37.71,35.67,42.76,36.57,45.24,47.94,42.94,46.86,41.0,41.36
43.56,44.02,41.79,32.9,43.96,53.0,48.0,40.29,43.81,39.5,43.33,41.05,38.62,39.38,45.39,43.83,44.05,43.05,42.75
40.33,43.43,39.71,43.76,42.17,44.14,43.24,41.0,43.62,40.38,47.89,48.57,37.62,42.86,41.44,50.67,49.29,45.32,43.63
44.28,45.76,38.83,46.67,43.21,48.86,42.1,43.43,45.14,45.08,46.33,46.62,38.86,42.9,49.11,46.67,44.29,47.21,44.74
48.06,50.19,42.63,45.1,40.38,48.38,40.14,50.38,39.95,44.17,37.94,44.33,49.57,46.24,41.0,43.89,44.81,47.21,44.69
40.89,41.98,42.54,40.43,41.29,38.71,44.62,42.0,42.62,43.71,40.78,38.95,44.29,48.76,42.94,42.56,50.57,46.26,42.99
34.89,42.14,48.5,42.33,39.62,38.57,40.9,38.95,40.71,45.08,39.28,45.29,42.38,46.1,44.72,42.78,45.62,41.68,42.2
47.56,39.5,37.0,52.43,45.75,41.81,38.81,36.71,44.38,42.21,45.5,41.95,44.29,44.29,38.78,43.06,49.67,44.53,43.23
40.67,41.71,44.12,45.48,46.88,39.1,46.52,46.29,39.76,44.67,46.11,47.1,43.76,43.0,40.89,46.67,46.0,46.53,44.18
42.78,45.74,44.63,42.81,41.29,41.1,40.38,43.81,41.05,44.75,37.5,46.33,47.05,38.57,42.11,43.72,47.38,41.05,42.89
46.06,42.38,44.33,42.9,42.29,43.05,44.9,44.48,39.76,43.5,39.83,44.0,42.14,42.24,39.33,39.22,42.71,42.11,42.51
42.06,37.88,45.04,46.05,43.12,41.05,43.62,41.24,33.14,35.12,41.78,36.62,43.1,46.57,42.5,39.72,41.9,53.42,41.89
46.61,46.17,40.38,42.81,44.25,42.57,37.05,40.67,49.24,41.92,43.5,41.57,45.81,46.14,43.33,50.94,43.76,46.68,44.08
46.72,43.45,41.54,37.81,43.0,42.14,44.81,38.67,38.52,43.42,43.17,43.86,39.48,43.95,53.17,47.22,52.43,38.0,43.41
40.28,44.98,45.33,39.1,43.58,43.62,42.48,41.57,44.19,40.33,40.72,42.38,44.29,51.9,49.33,38.28,40.0,40.26,42.92
39.78,39.21,44.58,48.71,48.88,41.0,44.0,41.62,44.14,41.42,44.44,44.57,47.62,46.9,48.11,53.33,47.1,43.0,44.91
38.28,45.76,43.25,37.24,32.71,36.95,38.67,44.19,45.71,39.12,48.0,35.71,47.14,41.24,48.17,47.39,50.1,38.37,42.11
43.67,46.86,42.12,50.33,47.75,40.29,46.48,43.57,45.24,45.83,46.33,41.67,43.24,41.9,45.0,40.28,44.19,41.32,44.23
43.61,38.79,44.37,45.62,48.42,43.1,41.1,43.57,45.24,45.67,39.17,40.86,34.71,35.86,48.67,38.11,49.76,41.42,42.67
42.06,37.93,47.46,47.24,43.71,41.67,37.62,41.76,36.62,41.58,41.0,43.76,44.95,42.33,45.0,44.11,40.76,50.11,42.76
45.56,44.45,41.08,44.14,41.71,39.57,49.52,39.33,40.1,47.12,45.33,45.14,36.86,44.38,50.28,46.78,44.24,48.79,44.13
49.44,35.95,43.88,48.81,43.08,39.05,41.43,43.43,42.52,44.62,42.44,43.19,42.43,46.33,47.22,50.0,45.95,49.05,44.38
40.44,39.12,40.79,42.14,44.5,39.48,41.33,42.1,40.38,42.75,49.39,40.9,42.19,39.95,51.33,47.28,42.48,43.74,42.79
37.44,38.1,40.54,44.1,43.0,39.38,41.43,39.52,47.76,40.04,38.06,40.43,44.86,50.95,46.94,45.67,44.38,48.47,42.84
45.61,45.4,39.62,42.76,41.25,44.67,41.0,41.14,45.57,36.21,40.06,39.43,43.05,39.38,41.0,46.5,44.62,50.16,42.64
47.33,43.02,40.5,45.19,40.46,37.29,45.1,45.52,37.86,39.83,37.17,43.86,40.52,46.14,43.94,46.89,47.86,39.79,42.68
50.89,46.24,42.17,46.81,40.17,41.33,41.29,43.38,43.76,39.79,38.67,44.19,49.62,41.38,43.61,48.67,44.14,47.89,44.11
46.06,36.55,43.75,37.29,42.29,42.43,38.9,40.0,45.9,42.96,43.89,39.67,37.48,40.86,39.28,45.28,48.0,46.05,42.03
43.0,41.95,45.33,42.14,44.08,42.48,39.57,42.24,44.67,40.58,34.11,48.29,43.43,45.05,48.28,48.5,44.95,44.84,43.53
40.72,47.26,42.54,43.33,39.79,48.48,41.95,48.24,36.24,42.37,45.39,35.43,39.95,42.05,40.33,34.39,38.76,40.63,41.55
43.78,39.64,47.0,45.48,39.25,38.33,41.62,41.29,45.19,35.62,42.06,44.43,44.0,46.19,41.17,44.5,44.95,39.95,42.47
40.67,41.93,44.37,48.43,46.71,41.33,40.19,42.52,36.38,40.88,45.83,41.62,41.52,40.1,48.11,43.28,37.9,42.32,42.45
41.83,41.36,43.88,45.57,41.92,45.38,40.14,41.95,41.95,38.83,37.78,44.76,40.81,45.38,44.11,51.78,49.24,42.68,43.3
40.83,40.07,41.71,46.67,44.5,33.86,46.95,35.05,40.67,46.75,39.39,45.67,47.9,40.52,38.94,48.0,42.0,41.95,42.3
40.22,44.48,42.38,52.0,36.62,48.71,45.71,36.9,39.33,36.0,43.83,38.9,42.62,46.57,45.17,38.78,46.95,46.32,42.86
48.0,45.79,41.54,43.52,44.88,44.19,45.24,42.67,43.95,37.67,50.17,46.48,38.29,46.81,46.11,44.56,39.29,53.05,44.57
44.06,43.98,43.42,40.33,38.96,43.86,41.43,46.19,37.62,36.88,47.28,44.71,37.95,49.71,44.5,48.61,41.19,39.63,42.79
42.5,43.98,41.08,37.67,41.33,43.05,40.19,46.05,41.05,41.17,46.5,43.24,42.14,36.43,45.72,50.39,42.81,42.42,42.65
43.61,51.86,46.92,46.95,45.54,42.71,38.9,49.05,42.86,46.29,45.5,44.67,41.76,41.57,42.89,42.22,46.1,38.37,44.32
39.17,42.19,41.67,44.76,48.92,37.48,39.14,40.95,40.76,39.04,45.11,42.1,38.14,39.19,50.39,44.22,46.19,44.05,42.42
46.56,41.88,45.75,45.95,49.17,43.14,38.43,44.14,39.86,34.96,43.89,45.05,40.05,36.95,46.67,50.56,39.67,45.05,43.21
40.72,43.07,41.42,38.52,36.42,39.76,42.76,44.71,42.29,38.42,47.67,43.52,47.43,53.29,43.22,45.06,40.62,51.16,43.34
36.22,36.45,47.25,43.76,47.46,47.38,43.62,44.71,41.81,43.96,40.56,44.1,40.81,43.24,40.06,46.72,43.29,43.84,43.07
48.28,40.5,39.88,39.52,34.88,42.62,38.48,35.52,42.57,43.04,37.72,48.43,47.76,40.81,43.72,49.67,41.71,48.84,42.44
41.28,45.36,44.17,48.43,44.54,45.76,35.57,43.86,43.24,39.83,47.33,40.71,47.19,44.05,51.39,40.22,47.71,46.26,44.27
42.22,43.76,38.58,44.19,37.29,40.0,46.95,38.9,46.71,40.75,42.89,43.1,41.95,37.43,44.83,37.78,43.76,49.37,42.25
47.0,39.76,39.54,48.52,39.21,44.95,46.81,41.48,47.33,42.33,50.5,40.52,45.29,45.33,40.33,42.0,43.76,42.53,43.73
43.11,44.21,43.25,46.1,42.79,47.71,43.29,44.52,43.81,42.79,38.5,42.95,41.19,36.43,47.22,49.67,46.38,44.37,43.79
42.94,39.38,40.38,41.67,40.58,41.48,48.33,45.0,40.57,38.46,36.44,40.33,40.1,43.52,51.17,43.06,38.29,43.68,41.97
42.83,39.76,39.04,45.67,46.96,39.57,42.9,43.24,43.29,39.54,35.83,38.76,47.86,40.67,48.0,42.56,40.95,40.95,42.13
37.39,39.83,44.58,41.29,43.71,42.29,45.76,45.52,42.76,42.25,40.83,40.52,43.38,42.0,36.5,43.33,44.71,39.42,42.0
51.33,50.14,47.13,49.38,52.04,40.95,41.67,44.67,40.19,44.08,45.94,45.67,43.05,45.48,46.28,44.56,39.62,40.37,45.14
42.0,37.12,46.42,42.86,40.04,40.71,38.52,46.76,41.29,45.79,44.17,48.76,40.9,46.67,38.94,44.72,44.57,45.21,43.08
35.72,36.43,35.92,41.57,35.42,39.86,40.48,40.24,39.81,37.88,42.72,43.33,45.43,43.14,34.61,50.94,46.81,44.47,40.82
35.5,48.21,39.5,39.81,43.88,47.57,37.86,41.05,43.0,45.12,39.06,41.67,47.43,38.71,41.61,51.5,51.62,46.11,43.29
37.72,40.86,44.62,41.57,39.88,50.76,46.67,47.24,40.48,42.67,39.83,38.67,42.24,40.52,47.78,35.06,41.62,43.47,42.31
36.17,45.69,39.04,42.0,37.38,41.76,39.76,41.57,35.33,38.0,40.72,41.1,38.52,35.14,45.94,42.44,39.05,41.79,40.08
40.94,44.43,42.38,47.81,43.96,41.48,52.43,49.0,44.76,43.29,46.06,33.29,38.95,41.81,46.44,38.44,52.62,45.37,44.08
39.0,42.98,45.58,42.05,45.79,42.0,43.62,43.05,42.38,47.12,48.83,46.43,44.95,41.86,39.17,41.67,47.76,42.68,43.72
42.33,43.57,44.17,42.95,46.04,37.24,40.05,47.62,43.29,44.08,40.44,49.67,41.33,42.14,43.72,42.33,50.38,40.42,43.43
39.11,49.71,42.42,40.9,44.38,44.52,43.81,40.9,46.9,40.0,40.11,41.9,44.9,44.71,37.94,46.61,41.52,43.05,42.97
36.5,40.45,48.46,41.67,38.92,40.14,45.95,39.14,39.43,39.67,40.78,44.48,36.19,40.62,45.22,43.61,42.48,45.37,41.61
47.28,37.26,42.25,47.43,39.62,46.86,41.0,44.19,38.1,40.46,36.22,40.76,42.29,40.95,49.0,39.33,48.48,41.84,42.41
42.72,36.83,43.96,45.76,42.88,44.43,44.1,45.1,44.43,47.88,43.83,42.81,45.76,41.24,47.78,45.72,49.9,45.0,44.45
49.06,41.4,45.75,48.05,37.42,45.24,40.67,43.0,45.19,35.17,42.89,44.19,46.62,44.38,41.11,45.22,45.62,41.16,43.45
47.28,37.45,45.71,41.1,44.04,35.52,39.95,37.57,43.86,44.12,44.67,47.57,42.76,45.52,43.06,53.89,44.86,40.32,43.29
40.61,37.21,41.71,40.05,42.79,42.1,43.19,50.48,40.38,42.33,48.17,44.29,33.38,35.76,47.78,51.67,44.1,46.47,42.91
41.33,44.57,38.5,42.05,43.75,46.95,45.19,44.48,41.14,45.08,41.83,46.19,36.95,44.57,47.22,51.44,40.81,43.53,43.64
34.17,39.5,40.38,40.24,43.04,42.52,38.48,39.81,38.48,41.83,39.33,42.1,45.48,42.67,45.17,38.39,46.1,39.53,40.95
42.06,40.6,46.08,42.81,44.21,41.81,37.33,39.81,40.57,42.83,43.33,42.0,40.29,36.86,46.67,44.0,42.76,46.11,42.23
41.11,46.07,41.79,40.1,40.33,44.9,44.48,42.14,33.81,39.33,37.33,42.57,45.0,44.43,42.06,44.17,47.24,36.53,41.85
38.22,42.62,38.17,41.86,42.0,44.19,41.52,38.38,44.95,35.71,47.56,38.81,41.19,40.95,41.56,47.17,47.05,39.53,41.75
40.83,45.19,40.17,37.9,39.17,40.43,38.24,39.62,45.86,43.62,45.67,47.1,42.76,44.57,39.94,52.72,43.33,45.79,42.94
39.22,38.0,44.79,44.95,42.79,35.43,43.43,39.57,37.9,44.08,47.22,44.67,44.67,38.29,46.5,47.67,44.14,41.89,42.51
43.67,45.38,32.29,43.71,43.08,42.86,42.71,48.48,37.43,40.75,35.56,46.0,40.71,41.71,40.17,45.33,37.43,43.79,41.73
43.78,45.31,46.25,39.33,41.62,35.86,38.81,39.29,44.86,43.71,39.94,40.57,45.95,44.9,49.56,48.0,46.14,43.37,43.18
37.5,47.38,45.79,39.9,44.75,41.86,43.1,40.62,44.0,45.17,40.61,41.67,39.57,46.86,43.22,53.0,41.9,43.53,43.36
42.89,43.12,44.42,37.95,47.0,46.71,38.33,45.86,46.81,43.88,36.78,43.0,46.0,44.14,45.44,48.94,45.24,43.68,43.9
47.06,45.05,42.04,44.29,44.04,45.57,48.14,36.95,41.57,41.46,42.5,47.38,40.19,41.57,42.72,48.33,45.24,36.32,43.36
39.61,38.62,40.92,41.33,42.54,40.95,41.67,42.86,42.86,37.5,36.61,51.0,43.62,34.38,36.83,48.06,44.33,48.74,41.8
42.44,42.74,38.21,41.05,44.62,44.95,40.86,42.24,46.05,42.58,37.72,43.71,44.52,47.24,38.22,51.06,46.1,49.68,43.56
45.61,40.69,39.54,41.62,47.21,43.48,43.86,37.71,41.05,41.96,47.11,42.48,37.1,41.1,41.72,43.11,40.24,42.0,42.09
43.67,37.71,42.08,39.52,41.88,41.19,42.57,38.76,39.9,39.0,47.56,40.48,45.95,41.67,45.06,52.33,42.05,47.05,42.69
40.94,42.81,50.17,41.81,40.46,43.57,42.38,38.76,36.29,41.17,41.78,45.0,37.05,44.71,39.5,44.83,53.67,46.21,42.84
43.33,41.88,37.33,45.95,46.58,36.57,40.43,42.33,50.29,45.88,39.28,46.71,38.0,38.52,46.72,42.33,42.76,38.63,42.42
46.72,38.45,43.92,41.86,41.58,45.1,42.71,37.48,49.62,40.42,38.06,38.19,44.52,37.76,53.83,44.33,50.52,44.58,43.31
43.17,42.67,45.58,37.33,44.75,46.24,37.57,44.81,33.52,43.25,44.06,46.33,36.57,43.57,40.44,44.94,48.29,40.0,42.39
35.94,46.4,44.21,40.86,40.17,46.9,44.52,40.9,45.67,46.67,51.78,42.9,39.81,44.95,42.22,45.5,49.14,48.74,44.29
38.56,44.29,40.96,43.95,45.21,41.33,43.76,45.38,48.29,45.25,33.06,42.05,36.1,41.52,46.17,46.11,48.29,46.79,43.17
39.22,45.57,43.08,41.29,39.96,45.52,34.43,38.57,42.76,43.75,51.28,39.14,41.24,50.62,40.94,36.61,50.38,44.05,42.69
42.17,42.71,42.12,33.38,48.46,32.05,46.43,36.48,41.62,40.0,39.5,42.43,40.48,44.05,48.61,43.06,41.05,47.53,41.78
47.17,43.31,39.92,44.1,41.92,43.24,45.95,38.86,40.0,39.12,42.22,43.33,41.48,38.57,40.61,44.83,50.38,49.42,43.02
45.5,46.79,42.58,38.19,38.21,38.95,40.57,42.05,37.71,42.17,43.83,40.0,38.05,42.48,42.22,53.28,38.33,48.32,42.18
39.39,43.43,43.08,39.19,43.25,43.05,49.19,35.76,39.86,44.46,43.17,39.24,38.05,44.62,47.39,49.17,41.95,44.79,42.72
39.78,39.67,45.08,36.62,43.42,44.14,43.38,43.57,42.1,44.17,43.06,43.95,46.48,43.71,48.39,44.67,38.1,44.26,43.03
47.44,47.74,39.29,38.52,42.5,46.95,46.29,46.67,41.24,41.54,42.39,40.67,47.9,45.29,36.67,45.11,48.1,44.47,43.82
38.61,42.05,36.54,48.95,44.21,43.81,44.71,37.81,37.05,40.17,44.0,45.95,38.38,40.33,47.56,42.33,49.62,44.0,42.56
48.33,43.43,44.67,40.9,45.0,44.0,46.86,38.81,37.48,41.25,43.06,45.29,49.48,47.43,42.33,51.0,45.19,46.84,44.52
40.39,43.48,43.83,42.38,40.67,45.67,43.62,45.48,48.95,46.5,41.67,45.48,43.71,44.29,42.33,47.78,46.9,43.11,44.23
40.67,46.0,42.12,41.52,39.0,41.81,43.43,33.43,37.52,40.71,42.28,42.1,41.71,45.33,45.94,45.39,42.95,50.63,42.36
46.78,47.17,48.5,39.52,42.46,39.05,43.62,43.62,43.81,45.21,39.0,37.19,48.33,47.0,44.33,52.33,48.57,39.84,44.24
39.39,34.64,41.46,44.29,40.62,39.52,44.67,48.48,44.48,47.0,42.11,49.67,46.38,38.43,47.0,51.33,47.24,45.21,44.0
45.5,43.81,37.5,40.43,40.29,38.52,38.1,42.14,40.33,42.08,39.06,43.71,43.19,46.1,43.56,42.94,51.62,49.79,42.7
40.28,44.12,38.79,45.05,41.54,46.67,39.62,40.05,37.81,42.46,38.22,44.43,41.76,35.0,49.11,45.22,41.33,48.79,42.24
48.33,40.31,38.96,39.05,41.46,46.29,44.76,38.86,44.48,44.58,40.56,43.71,51.1,44.1,38.72,50.33,52.19,54.26,44.56
45.22,37.98,41.58,42.43,44.29,43.05,45.19,38.43,45.81,44.87,40.11,41.52,45.52,47.52,43.06,50.56,41.81,48.95,43.77
46.78,44.98,36.0,50.43,42.12,44.95,42.05,41.71,36.76,45.12,40.83,47.1,46.57,44.38,50.89,48.06,48.48,42.32,44.42
43.28,36.31,44.46,43.76,42.75,44.24,38.48,47.29,41.24,40.0,39.06,43.81,41.95,48.0,49.28,41.56,43.43,49.21,43.23
40.06,40.98,41.12,44.95,47.67,40.38,45.29,37.29,39.9,43.96,36.06,37.67,46.67,40.9,44.78,48.78,47.05,38.53,42.33
50.78,41.55,44.04,44.57,41.87,48.81,45.05,47.33,39.1,40.42,38.22,39.38,39.19,34.71,42.28,48.33,43.14,46.74,43.08
47.61,46.14,41.62,42.05,39.08,41.33,39.67,38.67,42.43,50.67,44.28,41.62,46.38,39.9,44.61,37.0,43.1,40.79,42.61
42.28,43.45,44.54,36.57,39.92,40.71,43.24,38.19,42.71,40.21,47.67,43.9,42.43,44.0,43.44,45.89,39.19,42.11,42.25
38.11,44.17,46.67,39.33,41.04,44.24,45.86,40.48,37.14,35.46,45.11,40.62,44.14,40.19,42.61,55.0,47.05,49.26,43.14
45.44,38.48,41.33,41.71,46.29,39.33,39.57,41.43,42.71,44.21,37.56,46.71,45.81,47.24,52.89,42.89,41.62,42.37,43.2
42.94,38.0,49.62,42.1,41.04,39.0,38.48,48.62,41.81,41.46,44.78,49.0,42.1,48.29,49.0,43.0,49.57,42.74,43.97
42.56,39.83,44.42,38.52,38.79,38.71,37.81,42.14,44.1,48.67,45.0,48.86,38.05,40.76,45.39,52.5,43.57,55.95,43.65
41.83,40.17,38.75,43.81,42.33,40.62,46.86,38.76,40.9,43.37,39.94,46.33,41.67,33.24,49.11,51.44,40.95,41.21,42.3
40.11,39.19,39.08,42.71,44.5,43.1,44.29,48.05,43.67,45.29,42.5,40.57,44.57,41.29,40.72,38.94,37.9,44.0,42.25
37.94,45.26,45.67,45.86,40.42,41.29,35.48,40.57,44.05,41.75,46.67,45.19,46.71,44.81,46.28,33.39,44.52,43.95,42.77
42.39,46.62,38.79,42.57,41.67,44.43,51.95,41.0,44.38,42.67,40.67,42.67,43.48,38.67,43.5,43.72,43.86,44.26,43.18
48.22,37.55,39.46,40.62,42.33,41.52,43.67,39.62,42.57,38.46,45.06,41.9,39.1,41.1,42.83,43.83,38.0,42.05,41.55
36.39,40.0,42.54,42.1,44.21,38.71,39.52,46.62,46.95,45.38,39.5,44.86,42.43,37.9,45.89,39.94,51.38,38.89,42.4
39.22,41.17,39.42,46.62,45.79,35.57,40.33,43.81,43.14,42.88,42.33,43.86,40.67,36.05,50.56,44.39,47.19,52.37,43.08
43.72,39.31,43.04,43.76,38.75,42.9,42.38,44.1,35.9,45.62,36.17,39.62,39.9,45.62,42.94,50.61,40.57,45.26,42.23
44.11,49.74,45.33,52.24,36.96,46.86,40.52,44.52,44.43,42.0,40.28,44.95,37.76,39.71,43.83,44.61,40.81,40.89,43.31
39.06,41.07,42.12,41.81,46.42,42.19,45.24,41.19,39.43,37.79,39.17,41.76,44.24,43.71,44.5,39.67,44.29,49.63,42.4
39.22,38.43,42.12,45.81,43.33,41.1,42.14,49.52,42.62,42.63,34.72,37.9,32.9,42.95,38.67,42.0,48.81,43.26,41.56
44.39,38.21,39.92,37.9,42.62,42.05,41.1,43.43,45.76,44.67,47.06,42.57,40.67,42.1,47.5,43.78,48.86,38.32,42.83
38.28,41.29,37.21,48.0,38.62,42.86,38.14,38.24,41.67,48.46,45.67,45.71,37.86,44.05,45.28,47.0,42.52,42.05,42.38
43.06,39.88,42.0,40.24,37.08,42.86,46.71,39.86,40.43,43.67,46.5,43.05,37.0,39.19,46.11,51.83,47.33,47.05,42.99
36.89,39.62,47.0,45.24,42.08,39.57,44.43,43.95,41.38,40.12,40.67,44.86,44.67,43.19,44.72,49.06,46.76,46.0,43.34
38.72,37.21,43.54,37.62,45.46,43.33,38.71,44.95,44.24,39.88,44.17,45.95,50.71,48.1,38.22,49.11,37.86,46.21,43.0
41.11,48.19,40.25,44.86,39.12,42.14,42.29,43.9,42.9,46.62,42.39,35.24,48.48,44.0,43.89,34.83,48.76,46.47,43.08
46.94,39.9,43.25,41.29,43.92,44.33,43.05,51.57,42.38,42.04,42.78,39.19,41.24,38.52,41.06,46.56,43.52,36.79,42.69
40.5,39.67,45.54,39.71,44.29,36.76,47.95,39.81,46.14,38.29,41.39,45.1,42.14,43.81,44.0,50.22,47.05,48.32,43.37
46.72,38.45,38.54,43.52,50.08,41.67,39.19,35.0,36.71,41.0,42.22,45.33,38.71,44.62,46.06,50.67,38.76,46.42,42.43
44.06,39.07,44.46,44.86,43.79,37.62,42.05,41.57,36.86,43.75,36.78,44.67,36.86,45.24,56.06,46.06,47.38,44.68,43.1
36.17,41.43,43.54,44.71,40.0,44.24,40.52,44.86,45.95,42.21,42.28,44.0,38.76,37.33,48.39,46.72,48.81,47.42,43.19
39.17,53.48,46.37,35.86,40.25,41.0,44.62,39.05,39.62,39.62,41.94,41.95,43.71,45.81,54.33,38.72,49.71,46.58,43.43
38.89,34.24,45.5,45.81,41.58,46.1,42.9,41.1,37.33,45.67,44.33,40.48,44.05,38.38,44.22,44.67,50.48,42.95,42.7
46.06,49.6,41.63,49.71,51.08,41.9,44.38,41.38,43.29,44.62,42.5,46.05,42.67,45.86,37.5,43.78,42.33,52.84,44.84
38.89,43.29,38.21,42.29,44.33,43.1,38.19,43.76,45.24,44.75,42.56,45.14,39.81,41.48,40.56,40.94,41.24,42.21,42.0
47.72,35.31,42.71,48.67,41.17,42.62,44.86,53.14,41.9,41.08,38.94,39.81,54.14,48.0,47.11,43.67,43.95,54.05,44.94
43.0,40.98,50.5,45.43,39.5,43.1,47.14,45.62,45.43,42.33,45.44,44.14,43.43,45.52,35.67,46.67,45.0,47.11,44.22
51.17,46.38,39.75,50.29,36.42,40.95,41.0,46.95,44.43,46.71,43.72,45.81,45.0,45.24,38.11,45.33,38.0,48.21,44.08
44.78,47.45,44.75,35.57,42.0,41.67,44.71,43.81,40.62,42.62,44.06,43.24,45.86,43.33,42.61,39.83,45.71,41.0,42.98
48.06,41.62,43.25,45.71,40.12,43.95,43.95,47.67,45.86,48.25,44.61,41.29,38.19,45.62,53.0,52.61,53.52,45.95,45.74
41.17,44.07,45.42,43.57,48.08,36.9,44.81,42.14,45.81,45.25,44.61,41.48,44.52,40.57,43.11,47.06,44.14,41.05,43.54
41.22,49.38,37.46,37.33,45.17,44.19,38.33,43.57,50.0,42.25,42.44,46.95,46.38,45.38,48.0,42.44,43.62,41.42,43.64
42.33,45.57,42.42,45.67,38.87,38.57,41.81,44.05,39.9,42.83,39.17,43.33,40.86,46.95,42.22,47.17,47.62,49.37,43.26
44.39,45.74,44.5,40.62,45.62,48.05,41.38,46.62,42.86,37.54,43.78,45.33,43.81,42.1,43.11,49.28,42.9,45.32,44.05
35.89,39.52,38.04,37.57,37.29,44.71,36.38,43.48,46.33,40.12,43.06,38.62,36.43,41.1,46.61,49.56,42.0,42.63,41.07
40.33,39.9,38.17,36.71,37.5,41.9,51.05,39.67,42.48,43.25,45.22,40.52,42.62,40.95,51.83,52.5,39.0,41.16,42.49
39.28,40.12,41.33,46.48,45.46,38.38,42.71,49.1,44.14,41.04,41.61,43.48,35.05,42.29,44.89,44.33,36.86,41.0,42.09
39.28,37.86,46.21,42.0,44.54,44.76,33.38,40.1,52.0,45.42,44.61,37.52,39.29,40.9,40.06,51.11,43.43,45.26,42.65
48.44,53.21,45.5,45.57,44.88,39.24,44.71,37.33,48.9,40.67,42.28,44.81,47.19,44.0,49.78,53.78,52.62,51.0,46.33
42.0,36.0,42.21,41.14,41.96,42.24,42.81,43.86,45.1,42.46,39.78,36.71,45.52,42.86,41.83,50.72,39.81,48.16,42.51
39.67,39.71,40.21,42.52,42.92,43.76,47.24,42.0,44.52,42.29,40.39,43.71,42.43,38.62,47.56,43.78,46.9,45.37,42.98
43.06,41.79,45.38,43.81,43.33,52.38,36.76,50.0,44.67,46.75,42.67,38.81,43.71,44.71,46.39,49.39,50.29,44.21,44.89
45.17,41.07,36.67,40.0,40.33,37.48,43.81,43.29,42.76,43.58,35.0,40.52,39.95,49.0,46.94,47.61,44.71,47.84,42.54
44.17,43.55,45.75,41.38,43.25,38.57,42.38,43.29,40.95,43.12,49.61,36.71,42.29,39.95,44.83,38.61,45.62,43.32,42.63
44.39,50.33,43.08,43.0,37.46,46.29,39.0,35.05,43.1,41.83,37.5,41.67,42.1,36.9,51.56,49.22,40.14,46.0,42.7
46.0,36.93,47.33,37.43,48.96,42.52,36.1,38.19,40.52,41.83,37.0,41.43,46.67,40.1,40.67,47.22,45.0,53.47,42.63
44.11,39.83,47.46,36.05,43.71,43.71,43.19,38.1,42.19,43.25,42.83,44.1,48.62,38.29,39.17,45.61,42.67,39.42,42.35
42.89,47.24,48.75,47.76,38.04,40.95,44.95,34.52,44.19,47.38,48.44,48.81,43.43,39.81,41.5,46.67,45.81,36.11,43.74
42.78,39.38,48.33,48.86,42.62,39.86,43.52,46.29,48.14,47.08,40.61,39.24,42.71,42.95,46.72,42.78,50.57,45.11,44.31
42.94,39.02,37.08,36.9,41.25,35.67,44.67,36.52,36.33,48.71,48.72,46.52,43.1,38.48,50.78,42.94,42.48,40.37,41.8
44.56,43.5,43.79,43.67,39.75,42.62,44.19,41.95,34.52,46.12,43.67,43.9,42.14,38.67,42.06,48.61,51.29,40.74,43.1
45.39,41.86,46.33,42.95,40.04,39.71,47.19,38.0,41.52,39.46,38.83,39.9,37.33,42.86,47.44,45.33,43.57,36.37,41.89
50.06,44.38,46.62,43.9,43.54,35.0,42.81,42.52,42.9,44.83,42.89,41.76,43.38,43.43,45.61,48.0,40.0,40.47,43.45
41.67,41.29,44.29,37.52,37.92,38.1,41.86,45.67,46.76,41.04,46.39,46.0,39.57,38.48,49.28,35.72,45.33,41.26,42.12
44.72,45.45,41.79,39.38,40.25,40.14,38.33,41.81,39.81,46.67,44.28,36.95,40.76,44.1,39.83,53.11,43.95,39.95,42.29
40.33,40.95,38.79,36.57,40.38,41.9,43.43,41.48,44.14,44.46,48.44,40.14,37.95,40.29,54.83,43.67,40.38,49.95,42.67
40.94,37.67,38.88,47.52,46.5,48.43,44.76,40.86,43.9,44.92,46.56,37.05,46.05,37.24,42.06,46.22,43.57,44.42,43.2
43.67,45.05,47.33,46.81,41.83,48.38,41.86,46.71,43.76,42.0,36.44,36.1,40.14,41.9,39.83,43.0,39.52,38.21,42.36
46.06,37.93,41.83,46.38,40.88,43.86,36.71,39.1,44.33,45.62,42.83,44.29,38.29,41.05,42.22,48.22,43.05,45.79,42.69
46.94,49.12,41.71,44.43,46.71,46.57,42.24,49.76,43.24,41.46,41.72,42.29,38.57,41.48,42.28,41.22,41.81,43.89,43.64
53.39,42.19,40.62,39.9,46.04,44.62,44.29,47.71,37.81,40.88,43.22,39.33,40.9,42.9,41.22,44.78,41.05,42.21,42.95
45.11,44.95,47.25,41.1,44.12,41.19,36.38,42.86,36.38,40.25,42.83,38.62,35.57,34.33,46.89,53.06,38.57,54.0,42.41
39.78,48.43,37.88,39.29,45.38,47.57,42.24,42.57,39.86,42.58,41.06,36.67,39.1,40.05,49.83,49.89,44.0,48.42,43.03
43.89,40.69,43.46,42.19,40.71,44.0,39.14,38.48,45.43,44.0,36.61,39.38,44.05,41.29,46.78,42.89,47.14,49.95,42.78
44.67,41.55,39.12,43.9,42.54,41.9,43.38,43.76,40.43,46.96,41.94,40.81,39.05,40.43,42.39,43.67,54.67,42.16,42.96
34.78,36.19,48.12,43.76,35.79,42.0,38.86,36.57,43.81,44.79,47.94,39.38,37.52,42.71,45.61,46.83,44.76,45.79,41.96
51.78,42.93,42.17,35.86,36.92,45.33,36.71,39.95,43.1,45.46,37.39,43.81,42.76,45.38,47.67,48.44,42.0,45.63,42.96
46.72,45.81,44.62,40.95,46.83,38.14,43.1,45.67,39.14,41.08,39.11,39.48,43.43,45.57,44.56,45.5,34.67,33.32,42.09
40.61,42.26,40.75,42.43,38.42,44.57,44.43,36.1,38.29,44.12,43.11,49.86,46.1,38.81,47.39,47.28,47.38,42.16,43.0
41.94,36.14,41.42,37.62,41.54,39.52,44.19,44.86,41.62,49.54,36.94,45.57,43.95,45.48,44.78,44.72,49.24,43.53,42.92
44.67,45.4,31.67,39.43,41.75,43.81,40.38,44.67,41.67,44.96,44.22,42.43,47.52,42.76,38.06,43.67,44.48,42.11,42.42
48.0,51.38,44.25,44.62,46.5,43.67,44.57,47.19,39.76,40.46,39.78,39.76,44.1,45.1,55.17,36.56,49.86,43.32,44.67
39.0,34.29,41.5,39.38,50.79,38.67,42.1,46.62,44.43,44.71,44.11,42.71,47.62,39.57,42.89,46.17,41.33,45.79,42.87
39.94,39.67,44.46,46.62,43.04,37.38,37.57,43.52,38.86,42.42,43.06,45.62,40.62,40.67,42.22,40.67,48.1,41.53,42.0
43.56,37.48,45.04,46.38,36.29,39.95,45.33,41.52,41.67,42.88,42.78,39.14,45.33,45.33,47.39,41.0,45.57,44.79,42.86
37.83,43.6,43.87,43.81,38.88,45.14,39.52,42.86,43.1,41.08,41.83,41.81,40.81,45.0,45.44,45.72,43.19,44.05,42.64
40.28,40.36,40.83,45.95,42.42,37.81,35.57,41.86,42.81,45.21,45.06,42.0,41.67,38.33,46.33,39.5,43.0,43.11,41.78
40.06,43.48,43.46,40.81,40.25,40.29,46.48,42.57,42.81,41.12,41.06,40.33,46.62,45.81,51.5,48.39,45.05,43.79,43.55
35.94,45.31,40.5,47.14,46.04,45.38,38.57,34.43,41.52,46.33,48.11,45.81,41.29,40.19,49.28,45.0,46.38,39.74,43.16
43.78,39.07,38.75,38.57,43.54,40.9,36.9,34.71,46.57,45.17,41.56,42.95,42.19,45.29,43.28,51.83,43.24,42.47,42.27
38.28,43.4,44.71,41.14,43.37,42.86,35.76,43.76,41.52,40.5,47.5,42.95,37.0,40.52,43.28,53.06,36.05,48.84,42.47
38.72,42.93,45.04,36.86,40.29,45.57,39.67,42.43,45.57,45.04,39.89,38.43,46.05,39.62,45.83,43.78,42.62,44.37,42.37
39.28,44.4,45.62,43.24,37.25,36.57,43.81,40.81,41.43,41.5,41.33,42.9,46.33,49.76,41.78,38.06,48.0,44.95,42.61
40.94,39.83,44.42,45.24,47.08,45.62,48.1,39.86,42.14,37.88,37.83,39.95,43.24,47.76,43.83,41.72,47.67,41.84,43.05
46.44,43.4,43.58,47.86,39.17,40.48,44.62,47.62,45.19,48.33,46.5,46.52,44.24,41.76,40.94,46.94,49.05,47.53,45.01
45.0,45.88,39.04,38.1,46.42,39.9,48.1,40.86,42.95,44.21,44.78,46.81,45.95,39.62,43.0,47.44,46.62,46.95,43.98
38.94,44.67,48.83,43.24,40.92,44.48,46.24,49.24,43.1,44.42,45.5,44.81,40.71,42.52,36.89,43.17,44.0,46.42,43.78
40.22,38.93,40.46,46.38,43.21,43.24,46.29,39.81,41.05,42.25,42.89,40.95,43.1,40.24,49.11,38.83,47.29,48.79,42.95
46.28,36.93,40.21,45.52,42.21,40.62,45.9,39.71,40.71,43.25,50.11,43.24,46.1,40.14,41.22,45.06,45.52,41.74,43.03
40.22,44.26,40.92,45.86,44.62,43.19,42.19,45.43,44.62,43.75,50.78,45.05,46.1,40.57,43.78,49.11,42.24,49.05,44.54
42.5,39.31,42.08,45.43,38.04,40.76,44.0,40.62,46.52,42.54,46.0,42.9,41.95,44.1,38.22,49.44,47.19,45.16,43.15
43.83,38.95,39.71,42.38,42.08,42.81,49.1,38.95,41.71,40.58,34.89,45.48,35.57,43.05,42.39,42.22,46.38,42.21,41.79
35.72,41.38,43.25,36.43,44.58,41.57,41.05,42.0,45.14,42.29,37.28,40.95,41.57,37.33,37.39,49.28,43.52,39.63,41.13
48.28,40.24,43.92,42.71,46.46,42.86,43.14,43.52,38.24,46.12,44.44,49.05,47.57,48.0,42.78,43.06,47.33,45.84,44.64
42.11,42.33,44.75,42.48,42.21,42.43,38.71,47.95,45.1,45.29,30.33,48.33,38.52,42.19,52.22,37.67,49.71,43.58,43.11
31.22,47.0,42.0,41.86,46.96,41.95,44.95,41.81,45.1,41.71,47.0,48.38,46.9,40.67,37.89,41.83,47.9,42.89,43.22
42.17,44.62,48.54,40.29,43.12,42.05,48.43,38.57,42.24,38.58,46.28,48.86,43.86,47.43,41.28,40.94,44.86,41.68,43.54
38.83,38.83,44.96,46.33,39.5,44.43,36.24,37.95,46.14,44.62,43.44,42.14,39.67,46.0,47.39,38.61,43.38,52.32,42.82
41.72,42.79,38.83,42.95,44.54,42.43,43.48,44.14,46.57,43.12,49.56,49.76,49.33,47.71,44.89,43.78,45.24,45.58,44.8
38.17,38.57,45.58,44.38,43.92,37.71,42.14,44.33,42.67,48.92,42.39,40.19,36.38,40.71,50.61,39.28,43.1,54.63,42.98
48.72,38.9,40.75,43.62,40.67,43.9,44.86,47.86,46.14,43.29,37.61,37.9,38.19,42.9,41.89,44.44,44.86,52.84,43.3
46.94,42.31,44.58,43.57,38.46,32.86,45.05,43.19,39.9,42.67,35.61,44.57,38.52,37.48,45.28,48.0,45.71,50.32,42.5
40.0,44.52,39.42,45.33,44.0,43.43,45.24,38.76,49.29,44.08,34.78,47.14,39.86,46.9,38.06,44.44,54.43,38.47,43.23
48.83,41.21,44.38,44.38,41.46,40.62,42.14,43.48,41.9,43.12,41.89,37.67,39.86,42.05,45.11,46.06,43.71,42.63,42.81
40.72,47.83,38.62,40.24,42.04,46.29,39.9,36.19,38.86,42.79,43.67,39.62,40.14,44.57,48.83,45.72,39.05,46.58,42.32
43.94,44.83,37.33,48.62,44.29,40.38,41.67,44.14,45.33,46.17,47.67,36.95,42.38,48.33,39.61,42.89,37.67,42.79,43.06
48.44,44.67,34.42,46.0,41.92,42.9,38.86,47.57,39.24,38.42,36.5,37.33,44.95,42.52,49.78,45.94,48.62,42.21,42.79
40.5,46.36,47.71,40.14,45.08,48.33,42.81,37.71,41.9,49.58,42.39,47.14,48.19,43.14,49.06,41.67,44.29,41.11,44.28
40.0,47.38,51.38,42.52,35.67,41.52,50.19,40.24,41.05,41.0,50.61,43.86,36.48,42.05,45.94,42.39,43.38,50.37,43.67
42.28,47.1,47.83,39.19,48.17,40.24,46.57,45.0,46.48,41.96,39.67,46.0,47.57,42.57,43.06,41.44,48.1,39.53,44.04
41.94,45.74,45.54,42.86,42.62,39.1,40.48,46.76,38.81,47.08,43.06,47.86,42.29,43.14,45.0,51.67,44.1,47.42,44.19
44.22,40.36,42.79,42.0,40.21,42.48,41.52,43.76,44.57,43.08,43.11,52.19,43.62,42.76,42.44,48.28,41.29,47.58,43.68
46.22,40.69,42.67,36.76,44.67,43.9,39.86,41.52,39.24,41.88,45.44,51.67,41.67,43.57,34.78,43.17,40.81,42.42,42.27
41.17,42.95,35.71,42.1,40.62,38.86,51.71,44.38,43.81,42.83,37.61,44.71,42.86,40.43,50.67,43.78,45.76,42.21,42.9
38.56,44.12,40.04,42.29,41.42,43.1,47.52,43.81,40.95,43.67,42.83,45.57,42.33,43.33,46.83,49.78,42.57,47.53,43.68
50.22,41.14,45.75,43.9,43.5,47.57,44.95,40.81,43.9,46.58,44.94,43.14,43.86,42.95,47.44,48.72,41.14,42.05,44.59
46.28,46.24,41.17,46.67,48.96,38.76,45.43,37.14,41.95,47.87,44.39,43.43,34.05,39.38,52.28,48.11,43.76,54.53,44.47
47.0,35.4,48.0,38.52,46.88,43.67,37.76,44.14,44.33,36.54,46.44,44.86,37.0,37.1,46.33,40.94,38.14,46.63,42.21
40.89,43.5,43.21,49.14,49.71,42.95,39.19,41.33,44.76,44.83,42.78,50.76,39.71,38.1,48.39,43.89,35.95,41.84,43.39
36.67,45.38,38.17,44.05,40.92,41.9,48.14,48.14,42.05,37.62,46.11,47.1,44.9,48.38,43.56,45.67,49.33,45.05,44.06
38.78,45.12,46.33,44.33,37.92,45.38,37.67,43.05,40.62,40.33,44.28,44.43,43.38,39.52,39.39,47.67,50.86,47.89,43.16
44.72,39.62,43.21,43.38,37.0,39.52,44.33,47.1,41.24,41.0,40.94,39.57,43.05,46.52,38.0,46.17,43.38,42.63,42.3
45.0,43.4,41.17,45.81,39.33,41.62,43.0,43.86,43.57,42.08,44.56,40.14,44.1,39.33,50.11,41.72,47.24,48.11,43.56
39.78,45.43,44.13,42.9,40.08,38.67,43.33,43.86,43.9,38.46,45.94,36.81,39.14,40.38,51.17,48.56,47.14,41.26,42.83
32.56,44.57,40.83,37.38,42.71,51.95,39.95,43.86,47.52,44.17,42.17,41.95,43.24,46.86,47.72,44.0,43.67,39.84,43.05
43.11,40.9,39.75,45.33,42.92,45.62,46.62,41.33,45.24,44.92,44.06,40.67,42.62,39.38,46.22,39.61,42.33,45.32,43.11
41.56,43.24,45.75,37.86,36.75,42.52,39.76,40.29,41.19,45.96,34.5,38.86,48.62,42.19,45.22,49.56,40.81,47.84,42.36
41.72,42.98,44.38,41.81,44.88,49.62,40.33,42.29,45.48,43.83,43.11,50.81,46.81,46.43,44.94,46.61,42.71,43.26,44.56
41.22,43.6,45.88,42.43,44.12,47.52,50.71,40.24,42.62,42.87,45.0,44.52,42.9,43.62,42.83,40.28,36.9,41.63,43.27
41.06,37.43,41.12,38.81,34.92,43.24,42.33,40.57,45.43,48.75,46.89,42.71,35.29,42.86,45.0,48.0,50.05,41.16,42.53
41.5,42.88,43.88,43.57,48.38,43.38,44.48,41.1,37.86,39.54,40.0,40.29,36.62,37.71,42.89,46.78,38.19,42.58,41.76
47.11,48.4,45.96,41.71,43.25,42.19,44.43,46.19,44.33,43.96,45.72,33.81,41.52,41.05,45.33,45.94,46.48,36.95,43.57
41.39,43.52,43.12,42.33,48.12,42.29,41.19,42.48,46.81,38.58,41.22,40.57,39.24,38.48,47.94,44.17,45.29,44.37,42.84
41.11,38.12,39.58,41.81,37.5,46.33,43.24,42.86,43.95,40.71,37.72,43.05,41.38,37.48,40.61,43.94,44.81,43.89,41.56
42.44,41.05,45.67,34.62,45.96,45.76,40.0,37.52,45.05,41.42,33.33,42.05,42.62,42.71,53.0,39.56,46.71,40.95,42.25
39.33,47.17,40.17,46.81,38.04,45.9,38.14,36.95,40.95,43.67,40.94,45.57,47.43,32.38,46.06,42.44,44.19,40.79,42.05
44.17,38.12,39.08,41.33,40.58,41.86,42.33,47.43,44.52,40.46,47.33,43.67,48.62,42.43,47.33,49.11,38.14,52.0,43.81
46.5,43.76,42.71,33.67,37.67,37.43,47.86,42.14,39.86,43.79,47.33,44.95,45.1,45.71,45.67,45.44,41.81,41.74,42.95
38.17,45.52,43.37,48.38,42.63,43.95,45.1,42.1,43.52,37.71,44.28,31.14,37.71,43.38,44.78,38.22,41.57,45.42,42.05
39.61,42.05,39.58,43.24,45.96,41.14,44.29,36.38,50.0,45.67,47.28,47.76,39.81,48.9,48.0,43.67,40.05,51.84,44.18
44.39,42.88,45.38,46.52,40.71,43.14,42.14,45.95,45.19,41.96,43.56,46.76,42.1,44.0,52.17,48.56,45.43,47.84,44.93
48.94,44.0,37.83,41.43,44.58,40.05,39.95,43.86,42.48,41.46,36.56,41.57,46.33,39.52,48.39,49.72,43.67,46.26,43.14
52.33,43.1,43.79,43.0,42.54,44.86,46.43,37.95,36.81,42.08,42.11,41.62,38.14,42.05,48.56,47.44,43.95,39.42,43.12
41.94,46.86,40.46,44.29,41.5,41.9,41.33,42.81,38.52,49.38,37.39,39.48,44.81,43.76,46.72,45.67,49.9,49.26,43.67
41.28,37.43,38.0,43.1,45.71,40.1,45.29,40.9,45.1,38.38,45.06,38.14,41.95,50.29,44.56,51.44,44.57,44.47,43.1
43.83,36.6,37.83,45.57,40.79,35.29,44.1,42.33,45.14,40.04,42.5,40.05,41.86,48.38,43.72,50.67,47.67,39.79,42.56
40.61,38.55,49.62,42.05,45.5,45.14,44.81,41.67,46.52,43.71,40.22,36.81,43.1,41.9,50.89,39.06,47.95,53.0,43.95
44.78,44.26,39.5,43.33,41.0,41.19,41.19,41.71,46.57,40.08,39.67,42.52,38.76,36.86,43.06,52.67,47.0,39.63,42.43
46.28,40.43,46.08,35.05,44.0,36.76,41.62,34.62,44.57,41.04,50.0,43.67,40.29,41.95,44.72,49.89,47.76,39.05,42.65
38.67,42.43,44.87,43.24,39.79,43.57,44.38,44.71,39.1,36.83,44.39,43.43,35.29,40.71,43.72,47.72,42.48,54.68,42.78
40.89,36.48,37.46,43.71,38.88,44.86,44.95,39.43,43.95,43.92,43.22,45.95,43.62,43.14,47.06,42.5,45.48,43.68,42.73
41.5,44.93,38.33,46.0,42.42,44.24,42.19,43.14,42.05,40.88,46.0,40.29,41.24,42.67,41.17,44.22,44.48,45.95,42.87
45.44,32.5,40.71,50.76,38.12,38.05,40.71,37.57,41.19,42.38,48.33,40.38,48.57,45.05,36.5,39.06,44.95,44.74,41.95
47.44,47.83,45.37,40.05,43.75,42.1,40.19,40.57,43.67,38.58,39.28,39.0,38.95,47.29,39.72,37.89,51.0,49.37,42.89
38.39,51.14,40.92,38.48,35.54,43.62,44.52,40.48,37.67,47.29,36.0,46.0,41.19,40.57,45.78,47.22,44.38,42.79,42.33
39.0,41.93,44.62,39.57,41.58,36.86,46.38,39.62,39.9,44.08,46.94,35.57,43.76,46.71,46.67,43.06,43.67,52.53,42.91
41.89,47.0,41.04,36.67,42.42,44.19,45.38,43.1,46.86,37.83,41.0,37.19,40.76,37.9,42.33,46.0,45.48,42.11,42.17
43.89,46.71,38.46,36.14,39.12,45.05,44.48,43.05,44.81,44.62,39.44,41.24,38.76,44.86,38.39,48.5,51.76,42.74,42.89
41.78,44.5,47.38,42.81,43.38,41.67,39.38,46.24,42.48,48.79,49.61,36.71,43.71,44.29,40.72,45.17,44.24,44.84,43.76
53.33,50.69,38.83,37.62,42.83,37.9,46.86,37.0,51.48,38.96,46.83,39.52,39.71,47.76,42.28,42.83,51.86,50.47,44.27
42.61,40.12,34.46,43.14,43.92,41.76,46.86,42.29,40.52,40.96,35.94,41.05,45.1,39.14,47.83,53.39,48.1,43.63,42.82
43.72,34.71,44.46,43.14,43.54,46.05,44.67,48.38,39.43,41.29,43.78,39.05,44.38,41.1,36.17,42.39,43.57,43.16,42.39
32.44,48.1,42.5,43.14,48.38,40.14,49.19,40.95,39.81,43.12,41.56,44.81,37.24,39.43,50.0,46.11,42.0,45.84,43.04
41.39,40.9,48.54,47.48,43.37,40.14,43.86,43.05,40.57,38.0,41.0,40.05,46.86,47.52,46.61,37.89,42.57,43.05,42.94
47.39,38.9,44.42,43.33,40.0,39.81,43.19,45.48,51.29,43.58,41.72,31.76,39.48,44.71,48.44,41.94,44.33,44.84,43.03
43.22,45.29,38.33,42.19,48.83,40.52,46.14,43.52,42.0,47.12,48.72,47.57,44.71,46.9,50.17,46.94,45.62,49.58,45.41
41.61,46.9,40.5,35.62,41.42,39.19,41.1,42.14,40.86,46.96,39.5,33.95,42.1,46.67,40.0,42.83,50.1,47.11,42.14
40.56,41.83,45.62,39.38,38.58,36.33,42.62,41.19,41.19,42.13,44.72,42.76,42.57,40.67,42.5,36.5,36.86,48.63,41.37
38.33,46.07,47.12,45.71,38.96,46.43,42.86,44.24,43.38,41.46,40.89,42.33,35.29,38.1,41.33,43.72,44.14,47.21,42.64
44.94,34.9,46.67,40.76,45.96,40.05,38.62,43.43,41.1,31.96,38.33,44.52,39.57,41.14,43.33,46.0,45.29,46.32,41.83
40.89,40.43,42.25,44.57,40.46,45.62,42.14,44.57,39.05,40.46,44.89,38.57,39.57,41.95,50.61,41.72,46.9,43.42,42.67
43.83,41.95,41.38,46.29,37.33,49.0,43.43,39.57,40.57,38.25,37.28,45.33,40.38,41.29,44.94,38.5,44.05,39.42,41.82
38.72,48.26,46.33,41.86,44.12,43.52,45.52,43.38,44.95,42.04,46.0,41.52,45.86,43.86,42.22,44.67,45.19,47.32,44.19
47.61,46.5,47.83,45.9,43.0,41.71,38.33,45.71,43.86,38.12,40.17,45.95,41.24,42.0,42.67,50.89,41.05,42.79,43.63
48.11,39.05,39.71,43.57,36.29,47.43,35.1,38.33,42.81,43.33,39.06,40.33,42.1,43.67,48.17,40.78,46.1,44.26,42.12
49.28,39.4,47.83,38.43,51.0,38.14,41.14,44.19,41.19,39.79,41.67,42.67,42.62,43.67,41.28,54.06,44.24,41.26,43.44
42.11,47.86,47.79,39.71,47.08,42.71,39.57,40.57,48.86,42.38,33.56,42.33,39.33,42.24,50.78,51.39,41.62,52.42,44.02
47.0,41.21,42.17,38.05,43.62,48.67,45.0,41.0,46.14,39.25,39.28,44.38,38.0,37.71,53.83,46.89,44.71,42.11,43.28
37.56,33.29,45.79,40.81,39.21,45.52,39.86,42.81,40.33,41.83,46.11,43.57,43.62,42.29,46.06,51.17,41.24,46.53,42.64
48.22,45.67,39.83,44.71,40.75,42.1,37.67,36.43,38.57,40.67,42.78,47.86,41.33,39.76,43.06,50.28,53.67,45.79,43.29
45.0,39.05,46.33,34.86,43.46,48.29,39.71,45.38,41.67,37.08,39.28,43.95,37.29,42.48,48.83,38.06,47.95,42.79,42.3
45.67,32.45,40.79,42.1,42.67,36.0,41.29,43.43,52.1,47.12,40.61,46.86,40.48,39.57,44.94,47.39,43.48,45.26,42.9
37.89,40.98,38.25,44.05,40.42,42.57,42.33,42.14,48.86,39.38,41.22,41.14,39.95,42.57,41.78,48.06,44.38,35.89,41.77
40.0,42.17,42.5,46.62,37.29,46.95,36.1,42.33,35.62,37.54,39.67,44.86,44.29,46.43,43.17,44.61,54.95,44.11,42.73
42.39,45.12,41.0,39.95,45.12,41.19,38.86,40.38,43.71,43.42,42.56,45.29,38.67,40.43,45.28,41.5,51.57,50.63,43.17
42.06,38.64,43.08,43.14,36.71,36.81,41.24,42.76,46.0,44.96,45.89,40.43,45.38,46.1,44.78,49.5,43.29,42.63,42.97
39.44,50.95,41.08,41.52,47.46,40.76,48.9,47.86,43.71,35.71,41.17,39.52,39.19,44.19,39.28,39.67,46.86,47.53,43.04
44.39,42.19,41.46,45.24,45.13,39.67,37.76,46.14,43.0,42.75,37.61,36.9,43.48,43.71,48.0,50.17,48.05,50.53,43.68
44.17,45.76,43.88,44.9,40.62,49.67,43.95,44.71,50.57,42.0,35.06,39.76,48.9,40.33,45.89,48.06,40.38,50.16,44.38
41.5,45.05,39.88,42.52,30.58,40.95,44.29,46.9,42.24,43.67,40.11,44.0,39.67,41.43,46.33,37.78,43.24,44.42,41.92
41.06,43.6,45.0,49.24,36.92,43.52,40.1,48.81,48.48,42.62,41.17,41.0,43.05,34.52,43.67,40.78,49.1,47.58,43.34
45.94,49.26,49.79,44.52,44.87,43.43,45.0,43.24,47.62,47.42,41.44,47.86,37.29,42.9,39.78,44.17,44.81,54.79,45.23
40.94,44.76,36.54,45.81,41.58,35.0,36.76,42.62,37.57,45.29,39.44,43.33,43.95,35.57,47.83,46.5,43.71,46.37,41.87
40.06,38.74,32.08,38.43,42.38,39.67,50.0,47.24,42.43,45.21,39.61,40.81,42.29,46.1,43.39,38.56,45.86,46.47,42.18
41.67,47.6,46.42,45.38,43.08,43.05,46.62,40.29,43.95,44.75,38.28,47.19,48.48,45.57,50.39,43.0,43.29,40.74,44.43
41.33,42.29,42.17,47.05,47.42,38.43,46.05,39.9,50.0,46.42,43.78,44.67,47.1,41.33,51.39,42.78,50.0,51.47,45.2
38.0,42.98,42.46,41.52,47.08,42.05,37.76,43.76,42.38,46.21,46.22,38.57,41.71,35.43,45.67,43.22,47.67,45.89,42.7
45.72,37.6,45.83,39.62,38.29,52.9,46.29,40.86,41.62,41.46,46.67,48.57,40.19,40.14,48.28,46.78,39.48,43.11,43.52
43.0,46.19,46.17,40.95,35.33,42.33,42.14,48.43,49.48,45.08,35.89,44.43,32.33,49.86,44.28,43.33,46.67,43.21,43.28
33.17,40.55,44.08,43.81,46.62,46.24,42.38,37.81,44.52,41.79,41.94,42.48,41.81,50.24,41.78,35.06,43.19,44.42,42.33
38.72,47.55,44.0,46.33,47.54,38.1,36.05,45.0,40.38,40.13,45.11,39.67,40.81,44.76,45.5,46.11,47.62,45.74,43.28
43.39,41.45,44.58,43.0,42.08,37.19,45.81,35.05,43.86,45.58,45.17,45.86,41.14,46.71,39.94,47.56,44.62,40.89,42.99
41.67,40.26,41.0,44.62,40.46,44.29,41.67,42.71,44.29,46.71,47.61,48.19,42.33,48.52,51.33,42.56,51.52,48.47,44.9
40.61,44.4,43.17,45.24,46.21,40.57,40.67,41.19,46.0,43.29,41.67,45.05,40.76,38.19,49.94,41.17,39.76,45.21,42.95
41.39,40.95,42.29,42.29,43.04,39.86,33.67,45.19,43.38,43.25,40.17,47.86,41.62,39.38,43.44,50.0,44.48,51.26,42.97
43.83,42.43,44.17,38.52,43.12,41.33,39.1,41.76,43.48,39.42,42.33,44.0,43.14,47.1,42.44,49.33,43.86,39.16,42.7
41.17,48.5,41.54,46.62,36.71,48.48,48.71,41.43,37.19,43.67,43.28,42.57,46.76,42.48,46.61,44.33,40.24,38.68,43.28
45.89,48.36,49.38,41.38,47.62,42.48,43.71,44.24,42.62,40.25,39.67,43.14,43.81,47.29,45.89,41.94,43.43,48.89,44.44
37.28,42.12,42.83,47.81,44.38,41.05,42.38,42.52,38.14,43.21,34.78,38.67,39.67,41.67,47.39,43.89,45.19,49.26,42.35
45.94,44.38,47.96,40.43,39.5,34.24,43.57,37.67,40.05,38.37,35.89,45.14,46.1,44.0,47.33,49.0,48.33,43.58,42.86
41.44,38.64,44.12,35.9,47.92,40.52,45.9,40.57,44.05,45.54,43.0,44.48,47.0,49.19,49.11,44.94,38.19,44.42,43.61
44.72,42.88,41.54,38.67,41.96,45.52,40.71,44.62,38.76,45.83,39.61,43.48,45.86,44.1,37.06,46.89,50.0,42.0,43.01
43.78,35.26,45.12,36.9,41.04,41.62,38.67,38.81,42.38,48.46,41.22,42.14,42.9,44.76,47.78,45.56,40.76,42.42,42.2
36.44,40.29,43.87,35.38,45.88,33.1,39.81,36.76,46.81,41.29,38.17,44.95,42.24,45.62,47.67,49.17,44.95,47.42,42.21
44.56,36.24,45.75,41.95,40.21,39.81,38.95,51.43,41.33,46.25,38.44,41.33,38.33,37.0,48.94,34.44,36.57,50.68,41.79
37.17,45.71,40.38,41.86,39.0,47.62,35.0,42.43,38.9,47.21,47.17,43.95,42.19,39.19,48.11,47.06,47.86,44.95,43.1
42.17,38.6,41.25,45.71,46.38,37.43,45.62,45.0,44.86,44.88,39.67,45.29,41.76,45.0,47.67,52.0,45.05,42.05,43.91
51.78,41.43,42.38,39.95,41.04,46.71,39.9,43.29,45.67,45.62,45.89,41.0,45.14,39.19,42.78,41.72,41.24,44.53,43.29
44.78,36.98,45.5,42.95,38.88,45.48,48.71,45.81,39.38,42.46,42.39,38.19,41.76,43.86,40.39,49.72,44.29,44.21,43.1
42.11,44.86,41.5,47.52,45.12,42.52,45.48,37.95,42.05,44.71,39.94,38.86,36.29,47.43,43.94,40.72,47.29,54.89,43.51
41.39,42.6,41.58,44.19,42.21,41.48,37.24,35.76,46.86,41.96,47.78,39.1,42.57,39.86,43.5,44.78,42.86,42.05,42.1
39.06,39.38,42.88,38.29,45.04,43.43,46.86,41.71,39.62,39.29,41.94,44.67,44.71,35.24,44.78,59.78,43.81,43.21,42.98
41.33,46.05,35.21,42.48,38.46,39.76,46.24,46.29,47.43,42.58,41.33,39.9,48.48,45.1,42.61,40.28,43.05,41.53,42.67
42.44,48.88,43.13,43.57,48.04,39.43,42.43,41.9,43.38,40.17,47.94,44.52,37.57,44.86,41.89,46.67,46.62,41.84,43.63
41.89,46.98,42.25,44.67,40.71,45.38,35.0,45.76,45.62,45.46,47.83,42.48,37.86,48.95,50.56,42.17,50.0,49.68,44.62
45.89,42.02,48.29,36.05,42.42,42.62,37.62,41.81,41.76,44.25,45.28,39.95,42.95,36.62,51.22,49.28,43.14,48.53,43.32
41.44,41.5,44.58,37.14,41.21,37.43,47.14,41.71,37.9,39.5,45.0,42.0,48.52,45.29,47.0,44.83,42.62,48.89,42.98
39.72,45.81,42.5,43.38,43.67,44.57,43.57,49.9,40.86,40.0,44.11,44.05,40.33,47.43,44.33,44.94,48.14,47.74,44.17
43.67,42.26,45.62,40.81,43.33,38.24,45.81,36.52,45.24,42.54,40.78,45.19,46.9,40.43,48.89,45.67,44.33,44.68,43.38
44.72,46.29,39.58,35.43,43.46,34.76,45.05,40.81,45.67,42.25,44.61,38.38,39.38,43.86,40.06,40.83,43.48,41.21,41.66
40.67,47.17,48.25,42.62,47.04,46.86,46.9,42.0,47.71,42.62,35.44,47.24,42.1,36.1,39.0,43.39,41.14,53.21,43.86
36.89,50.48,42.67,45.38,42.38,45.05,39.38,35.33,45.05,44.08,41.11,39.24,46.1,41.05,46.33,42.89,42.24,53.95,43.31
46.22,45.48,41.75,45.0,40.83,42.76,50.52,41.19,46.86,42.58,43.72,40.43,43.67,40.48,50.67,46.11,44.43,47.79,44.47
42.94,41.31,39.25,44.24,40.58,45.14,46.29,41.0,43.33,39.25,47.56,39.33,44.38,38.62,46.78,44.5,46.48,45.05,43.11
44.61,44.4,47.54,35.81,42.79,39.29,41.81,45.38,41.48,39.21,45.89,39.95,44.1,42.9,43.44,42.78,42.81,41.68,42.55
46.94,40.05,40.33,40.14,41.96,48.71,37.05,48.38,41.76,44.67,41.56,45.29,42.1,37.71,51.17,35.67,52.43,49.68,43.64
45.94,39.79,41.33,40.05,41.08,47.86,39.1,42.05,38.05,38.33,47.0,39.9,41.67,42.86,45.78,47.22,44.62,36.37,42.17
43.78,39.62,35.88,49.14,42.33,45.62,40.57,46.0,42.57,45.33,49.0,39.67,41.62,37.24,44.39,43.61,42.81,41.79,42.83
43.0,39.1,39.67,42.43,45.58,40.48,44.19,45.81,43.9,37.96,46.28,34.19,46.33,45.67,45.0,49.78,54.95,45.53,43.88
41.94,42.79,43.5,42.19,38.25,40.19,36.71,44.05,44.48,39.38,40.94,46.24,42.43,37.43,38.5,43.28,41.38,41.05,41.37
40.83,39.95,43.71,44.0,40.71,47.14,40.67,42.76,40.48,42.0,40.44,43.71,49.24,46.62,43.61,46.44,40.9,44.68,43.22
39.44,46.9,42.71,42.24,48.67,36.19,43.14,36.81,42.81,43.25,39.78,39.29,43.29,43.67,43.5,52.28,47.76,46.63,43.24
45.61,38.95,44.0,49.19,42.0,40.67,41.33,38.62,42.76,47.46,45.78,35.95,42.62,39.95,37.72,41.44,45.62,43.26,42.39
46.11,35.6,43.62,40.52,45.75,45.95,47.19,40.52,46.57,45.67,40.61,45.86,42.19,42.14,45.0,46.22,43.0,45.53,43.78
35.5,41.5,47.12,48.95,54.0,47.86,44.43,43.95,46.67,36.88,42.94,41.48,39.62,44.1,41.33,45.78,42.29,49.42,44.1
39.94,34.4,40.88,43.95,50.12,39.67,47.1,37.57,40.19,46.12,42.11,40.33,41.29,45.86,43.72,51.72,47.29,44.47,43.15
42.83,44.57,41.46,46.76,43.83,43.71,47.05,38.81,46.38,46.54,41.5,45.57,45.1,37.9,44.72,42.94,39.9,47.21,43.71
40.0,45.26,38.88,35.48,44.96,44.43,41.71,47.9,35.43,43.21,40.94,40.48,41.57,47.19,39.78,46.94,41.24,48.16,42.42
42.67,41.76,43.75,38.19,38.25,43.05,43.71,37.57,44.1,42.79,39.28,40.81,41.9,38.1,42.5,39.33,41.48,51.74,41.72
42.0,49.21,40.62,43.62,38.67,37.62,40.52,40.57,45.9,41.62,42.06,44.19,43.67,41.0,40.0,43.17,49.95,44.11,42.69
38.06,43.9,37.21,43.33,42.87,40.1,40.9,42.29,43.48,43.5,37.83,44.24,50.9,39.14,42.83,46.22,48.33,43.53,42.7
40.94,44.19,39.58,38.52,41.67,40.57,39.0,40.43,44.33,43.42,41.67,42.86,40.0,35.38,49.17,39.83,51.62,44.11,42.07
42.67,43.24,40.71,45.24,42.87,41.0,47.57,42.48,41.05,44.0,37.5,46.67,49.1,38.9,42.94,55.06,46.33,47.58,44.16
46.5,40.36,44.62,43.29,40.04,37.71,43.1,49.14,48.05,37.29,43.17,43.57,40.52,43.33,46.72,47.94,42.81,50.53,43.82
47.0,47.9,42.42,44.43,45.58,46.43,36.14,49.52,47.33,39.21,49.67,42.57,38.1,40.33,43.83,49.44,41.71,42.58,44.12
39.44,40.81,35.42,41.43,36.08,45.95,37.62,43.71,43.81,44.71,41.67,41.81,36.62,40.38,50.22,47.94,45.9,44.68,42.12
39.72,42.0,48.33,42.1,43.38,46.57,44.9,39.1,44.57,38.54,49.94,47.24,41.76,44.33,42.11,42.56,51.1,39.16,43.74
42.83,40.45,45.38,46.19,44.04,36.86,40.76,42.9,44.43,41.67,42.17,47.86,47.43,42.9,46.11,48.44,40.81,47.05,43.79
38.33,40.74,47.83,43.24,42.96,38.38,45.57,44.05,41.86,42.38,46.33,47.9,38.48,39.81,41.61,43.56,44.38,48.53,43.11
44.0,44.81,46.83,41.33,44.38,38.33,39.52,49.33,38.38,43.62,40.56,47.05,38.62,45.43,42.33,43.33,42.48,47.42,43.21
42.89,43.1,43.58,39.9,43.42,44.33,45.67,38.48,42.33,40.0,43.39,49.24,41.05,45.0,43.78,50.17,47.19,43.79,43.74
42.06,38.57,38.79,45.24,45.17,35.52,42.71,41.48,39.48,48.17,40.33,43.95,42.71,41.95,45.78,45.89,50.05,44.26,42.9
38.28,46.33,47.21,42.9,45.46,35.86,45.71,40.76,41.62,43.5,43.22,42.71,42.71,45.9,41.61,52.17,44.71,46.58,43.74
42.83,45.21,44.46,43.81,42.71,39.57,44.43,44.43,41.95,41.5,41.44,40.57,39.24,47.86,42.83,54.33,49.33,47.74,44.13
47.28,43.4,36.83,40.76,43.46,36.76,43.71,41.76,33.29,41.71,45.72,41.76,47.81,42.81,47.39,53.28,43.33,44.26,43.07
36.56,46.5,46.58,49.38,40.75,37.67,45.67,41.1,38.29,41.67,40.56,47.1,49.24,41.86,40.78,42.94,43.9,39.53,42.78
40.44,40.48,40.04,36.57,41.0,43.62,43.05,47.14,38.14,43.96,43.0,45.9,44.48,33.71,47.0,36.28,43.33,46.32,41.91
42.39,38.64,41.42,43.86,39.92,44.62,40.05,38.0,43.52,44.79,41.83,41.81,49.81,41.38,47.44,40.83,44.52,47.42,42.9
40.89,39.5,48.17,38.57,43.33,44.05,36.43,40.62,38.57,46.58,36.72,41.38,42.0,40.95,45.67,44.22,46.43,46.84,42.27
38.39,36.74,47.17,38.86,42.25,39.29,44.29,41.14,49.33,46.83,47.28,40.62,44.1,38.19,45.0,44.72,40.52,44.63,42.74
44.11,43.33,40.13,45.48,43.79,45.33,38.33,43.14,41.67,48.42,49.0,38.76,48.33,50.52,42.11,39.22,45.1,50.37,44.29
38.83,38.95,43.12,40.86,35.58,43.48,45.76,41.95,47.0,36.08,45.06,46.29,38.43,48.67,39.5,48.78,42.05,41.0,42.3
47.28,41.95,43.46,35.62,46.04,36.33,36.81,37.57,39.24,42.71,48.0,42.19,40.52,43.71,37.78,47.22,44.67,42.89,41.89
41.5,42.71,39.5,48.71,39.17,39.95,39.14,43.71,47.48,48.25,43.5,44.95,44.48,45.62,45.67,41.28,41.38,41.47,43.25
44.83,47.45,41.42,41.71,42.71,38.19,43.57,50.0,39.24,36.54,49.72,45.57,45.71,45.19,47.11,48.67,44.71,41.16,44.08
42.17,40.74,41.21,35.43,39.67,47.76,48.38,39.29,43.29,43.21,44.11,45.95,45.57,48.57,43.28,42.94,44.29,45.26,43.39
44.06,32.64,42.75,45.86,44.58,41.9,40.86,44.62,38.71,35.25,46.11,43.9,48.1,48.1,41.83,39.78,39.86,47.26,42.57
43.83,45.76,40.38,39.71,42.13,43.14,47.71,45.62,38.43,45.54,33.78,41.0,41.71,49.33,42.11,53.56,45.0,45.68,43.58
46.5,41.19,40.42,46.0,42.71,38.33,44.86,43.33,44.29,47.42,46.67,45.29,43.71,44.62,46.39,43.17,43.9,45.53,44.13
44.28,36.02,35.96,43.05,44.92,39.19,41.67,41.24,37.43,38.63,40.11,43.71,42.0,38.57,41.39,54.44,46.57,43.53,41.82
42.72,48.55,43.38,41.57,43.25,40.05,40.24,39.71,46.48,36.58,41.67,42.62,40.76,42.19,42.39,50.39,44.33,39.58,42.58
46.06,37.48,39.38,39.29,43.29,43.05,46.57,39.43,48.67,47.62,43.22,49.29,45.24,41.76,50.67,41.61,42.52,44.63,43.88
44.33,40.43,39.83,42.71,43.96,38.29,44.05,39.14,40.95,45.0,44.11,42.38,47.81,49.52,49.5,48.33,42.62,47.58,43.92
36.39,37.48,41.0,37.86,43.33,47.38,40.71,40.9,43.76,39.62,51.56,45.76,38.29,44.67,44.17,45.06,47.38,48.32,42.98
34.11,42.05,40.83,42.67,36.33,43.57,44.05,42.19,43.71,42.08,43.06,37.0,39.52,44.81,48.67,47.22,49.95,48.68,42.81
48.39,41.76,39.67,41.14,42.46,41.52,40.48,42.9,38.67,39.12,48.0,45.57,43.86,39.71,45.0,38.61,36.76,48.05,42.32
40.78,36.57,41.92,48.81,43.62,38.24,40.71,42.05,46.57,44.83,38.28,37.67,41.71,43.62,49.11,45.39,48.05,35.32,42.4
44.17,39.71,41.04,45.48,47.83,47.43,42.24,42.52,43.71,42.12,35.56,39.71,40.24,46.76,52.17,49.06,48.62,49.26,44.31
42.22,44.43,48.92,42.1,37.46,43.48,44.57,48.05,47.1,42.33,42.5,44.62,42.95,37.24,44.33,47.78,46.81,44.05,43.94
41.28,43.55,39.29,39.57,46.17,44.14,39.38,35.33,47.0,41.62,37.11,36.43,48.76,36.62,49.83,44.72,45.57,53.32,42.76
48.06,47.95,36.46,43.43,44.54,47.05,41.29,40.38,37.43,42.75,42.17,41.57,48.52,44.62,48.17,49.33,39.48,49.11,44.02
42.5,40.55,43.71,38.9,42.42,47.43,35.52,44.38,42.19,38.17,47.83,45.95,43.95,41.62,52.67,40.94,41.1,52.32,43.45
35.89,38.24,38.96,49.86,47.92,48.67,44.05,40.19,43.24,40.21,47.06,42.24,44.86,44.57,47.11,40.83,47.57,49.95,43.97
45.22,45.07,47.08,45.24,42.33,45.24,41.76,44.76,39.81,40.04,39.5,33.43,42.14,42.62,48.56,44.11,41.0,46.47,43.02
45.44,38.36,47.04,41.14,42.21,42.57,39.95,39.24,41.57,43.33,41.44,45.52,39.19,48.38,41.72,46.61,47.71,47.47,43.27
40.06,44.33,43.13,49.0,40.54,40.76,41.14,44.67,41.9,38.5,30.89,43.48,43.19,44.24,48.11,47.78,45.38,43.26,42.8
45.61,46.52,41.62,47.62,43.25,48.33,36.48,45.38,48.14,47.62,40.44,40.52,42.24,37.57,44.78,49.5,52.29,47.95,44.77
45.22,45.45,39.38,36.33,41.25,39.57,43.67,39.81,44.62,39.71,40.22,42.24,47.43,44.52,41.72,40.06,43.19,47.95,42.35
50.94,46.76,44.92,46.62,41.83,42.14,41.43,40.9,42.19,40.46,45.33,44.24,40.0,41.48,44.61,45.06,48.62,47.47,44.17
41.72,42.31,41.0,36.86,39.33,43.1,45.71,44.62,40.81,42.38,42.11,44.57,44.86,36.81,49.0,45.44,40.81,42.89,42.46
47.11,45.81,38.5,38.38,39.67,42.76,44.52,42.71,43.1,43.46,40.33,44.86,37.71,43.19,51.22,44.5,44.76,58.84,43.97
41.72,39.36,39.04,42.81,47.12,42.05,46.19,45.33,45.19,36.88,41.72,44.38,38.95,39.9,45.17,46.56,45.95,41.84,42.79
45.0,47.4,42.25,44.81,43.42,42.0,45.62,39.14,39.57,42.71,48.72,40.76,39.38,41.52,50.72,42.61,39.48,47.42,43.47
44.33,44.24,41.62,45.57,43.62,44.57,43.14,44.9,45.9,41.42,41.11,40.05,39.9,46.76,48.89,41.28,41.95,45.05,43.57
52.89,48.14,42.54,43.86,45.71,46.29,42.71,48.38,37.86,43.67,45.39,44.19,47.67,42.81,53.11,46.0,42.76,41.16,45.29
40.33,43.4,42.0,41.81,38.25,41.1,45.76,46.52,45.14,44.92,45.22,36.1,39.24,40.43,44.67,36.67,37.95,54.89,42.47
39.67,42.14,44.0,41.1,47.42,42.1,44.43,43.76,39.05,47.67,43.44,45.0,41.76,46.33,52.28,46.61,43.38,41.84,44.0
38.06,44.69,44.42,37.62,43.62,38.05,45.81,46.43,39.81,41.08,43.33,44.05,43.52,41.81,44.67,44.0,48.9,46.42,43.13
45.33,41.95,40.5,40.43,46.04,39.05,38.24,45.95,42.29,38.5,50.5,42.81,36.76,41.33,46.56,49.83,50.76,38.47,43.07
45.11,48.31,43.67,40.52,39.62,38.24,41.57,40.0,37.14,41.42,44.22,44.1,41.81,42.43,37.83,41.22,36.1,46.16,41.64
39.17,42.95,43.62,39.86,40.0,45.48,39.71,43.1,44.29,42.54,45.28,45.95,37.81,44.67,40.72,41.17,46.1,46.37,42.71
44.39,34.4,43.25,42.71,42.92,37.43,38.67,45.14,48.19,41.62,41.39,46.29,35.67,48.71,43.06,41.56,46.57,38.05,42.22
44.28,42.98,41.25,42.9,41.63,49.67,42.24,41.76,40.05,41.62,41.89,43.52,42.71,40.86,35.44,44.39,42.1,39.58,42.16
43.11,40.36,45.5,38.38,41.0,37.67,42.67,42.33,48.95,40.88,39.61,41.0,44.05,40.33,44.89,47.22,44.67,40.74,42.41
46.28,42.4,40.83,42.48,43.54,41.19,36.24,44.48,38.57,46.12,48.0,34.29,40.33,46.0,41.11,49.61,41.0,43.74,42.57
43.94,48.79,40.25,38.33,45.79,43.14,33.29,42.71,44.29,43.08,51.0,38.52,43.48,42.57,43.22,50.5,41.57,47.16,43.42
40.06,38.74,43.88,44.71,42.42,49.29,45.48,47.57,37.9,43.71,39.39,46.29,48.43,47.52,42.39,46.17,54.24,39.79,44.33
40.11,41.52,45.17,46.86,43.54,42.67,49.86,36.71,42.9,43.04,43.72,47.67,42.43,35.9,37.78,46.39,48.9,42.89,43.23
39.44,40.31,43.79,46.57,44.25,44.86,44.76,47.57,42.05,45.0,36.83,41.38,44.86,45.29,45.17,40.61,49.81,38.89,43.41
41.89,43.88,41.17,41.67,39.12,44.24,48.05,39.05,41.19,44.12,36.5,40.14,42.29,39.0,37.89,38.22,47.76,40.79,41.5
45.33,42.48,35.87,42.71,43.08,42.43,41.57,43.57,44.29,33.83,39.17,46.33,44.24,41.57,47.61,47.67,41.38,49.53,42.93
37.72,39.14,38.87,47.38,43.17,39.38,51.67,41.95,36.81,39.38,45.78,45.1,42.1,32.71,40.22,45.17,41.86,42.32,41.71
35.5,43.0,36.33,40.62,41.38,41.38,40.95,44.19,47.38,43.62,44.0,43.38,44.76,40.24,41.61,45.06,44.14,47.58,42.51
43.44,46.98,44.42,45.0,45.62,44.86,43.67,46.76,33.38,44.92,34.22,38.38,37.71,43.29,41.44,38.56,48.24,41.84,42.37
43.61,43.55,49.12,46.14,44.5,46.0,39.52,43.86,45.1,43.58,46.5,48.57,48.52,48.81,51.5,44.78,47.76,38.58,45.56
41.72,42.17,39.46,41.9,39.96,45.86,47.1,33.62,41.0,43.12,33.72,41.67,41.24,42.1,42.56,42.0,41.05,39.63,41.1
45.83,39.07,43.71,46.38,44.83,38.43,42.29,41.62,44.9,44.08,42.67,44.76,44.19,41.81,50.44,45.33,44.81,42.53,43.76
44.61,35.17,45.83,47.0,40.79,39.81,42.95,39.71,40.95,35.63,43.17,41.71,43.67,37.43,46.61,47.11,46.57,46.32,42.5
38.72,47.69,45.12,42.38,38.38,40.86,33.9,34.29,45.05,42.54,41.5,37.29,43.38,42.52,42.5,43.33,36.33,42.47,41.01
46.33,37.88,47.25,52.0,40.12,40.1,41.43,45.71,44.76,44.83,45.5,48.0,45.62,41.76,42.72,38.83,48.14,44.05,44.17
40.22,39.79,46.75,38.1,45.17,38.95,44.52,38.95,43.67,46.17,44.11,50.57,38.1,38.9,47.78,53.78,45.24,42.84,43.53
45.56,45.29,42.92,37.81,48.71,42.24,43.29,43.14,48.33,39.13,34.61,42.1,38.86,40.57,49.39,48.22,44.43,42.95,43.2
38.11,36.0,39.5,42.52,44.08,39.71,37.52,43.62,42.67,39.25,46.44,37.67,43.57,44.86,43.67,43.39,44.29,43.89,41.71
34.11,43.81,41.42,45.95,48.04,42.95,43.48,46.33,48.19,41.21,45.28,43.0,42.86,43.1,47.94,41.39,44.43,38.58,43.45
36.06,39.24,45.46,39.29,38.04,39.48,43.76,47.71,41.48,37.46,39.61,38.76,48.48,40.0,39.56,50.22,43.52,45.63,41.87
44.94,47.48,40.25,42.76,43.25,41.81,43.19,46.81,48.1,38.58,44.17,42.24,40.43,42.62,50.61,43.56,50.33,49.74,44.49
43.06,38.76,48.92,39.62,44.46,43.95,38.33,38.0,44.38,44.42,43.28,43.62,36.52,42.76,38.44,42.56,47.38,51.84,42.79
51.33,43.17,41.25,45.81,41.62,42.81,37.0,40.24,48.9,40.75,46.33,48.24,37.76,41.9,42.17,44.94,45.57,50.42,43.9
44.44,50.26,44.75,38.52,43.83,43.24,46.52,44.81,46.52,38.54,37.67,42.95,47.52,38.81,46.78,37.94,39.33,45.0,43.19
42.44,42.21,44.42,40.24,50.25,42.57,46.29,43.29,39.71,45.04,37.72,52.0,35.0,46.19,45.0,48.67,48.71,41.32,43.95
39.94,42.26,45.04,36.14,36.96,41.38,45.38,38.24,43.05,44.42,46.72,38.24,43.14,39.48,46.78,41.39,46.81,49.53,42.49
41.56,43.26,45.17,40.81,40.21,46.1,41.71,44.1,40.9,42.25,37.28,43.05,39.1,41.86,45.94,37.06,49.52,41.0,42.27
37.39,45.98,45.29,43.48,40.04,37.67,39.43,39.81,36.57,38.75,41.72,38.19,41.86,41.05,48.28,41.89,48.62,47.21,41.85
38.22,39.21,46.0,42.95,43.71,48.38,49.76,42.48,41.71,37.62,40.22,45.48,41.52,43.57,51.83,49.78,46.29,41.47,43.9
48.33,45.76,36.33,49.67,41.92,40.62,42.33,40.33,39.86,34.29,44.28,40.81,43.1,38.95,36.89,41.22,39.14,46.05,41.66
38.33,37.64,47.29,43.76,41.29,42.71,39.43,42.86,47.29,44.37,46.22,46.62,46.29,41.05,47.72,48.61,46.29,38.79,43.7
35.5,43.43,40.96,42.71,40.67,38.1,47.95,52.05,46.38,48.71,47.28,43.24,36.95,42.38,47.94,50.5,38.1,44.74,43.75
39.06,34.21,40.67,46.57,43.42,42.86,43.19,34.9,46.76,47.12,41.39,39.38,44.76,51.57,37.39,52.06,47.81,45.47,43.26
38.5,48.33,42.25,44.33,42.75,36.62,44.43,43.24,37.62,39.83,40.11,41.14,43.33,39.52,37.28,48.33,44.9,46.53,42.17
42.17,41.21,39.38,39.1,34.33,41.14,41.67,37.71,41.43,43.29,38.33,45.05,45.19,45.19,42.0,42.44,41.05,46.11,41.49
36.72,43.98,46.58,38.71,35.38,42.71,42.81,46.67,45.52,47.29,36.78,42.1,51.67,42.29,41.61,42.67,44.19,48.42,43.12
47.0,45.43,45.0,41.33,41.83,43.76,41.24,40.43,43.95,44.0,43.67,44.19,40.9,40.62,47.5,47.61,41.71,47.26,43.75
46.22,37.95,42.46,46.67,37.25,48.9,37.33,34.57,39.0,32.17,43.28,37.67,45.9,46.81,52.72,42.61,44.95,41.89,42.13
39.83,43.0,42.75,44.71,49.62,42.9,42.19,43.95,37.67,43.17,48.83,49.95,42.38,43.52,56.5,40.89,44.81,50.89,44.87
41.83,41.52,41.33,41.67,44.0,43.38,42.24,42.81,47.86,40.38,38.0,50.76,35.1,48.86,47.0,45.28,48.1,41.21,43.41
34.22,40.02,40.83,42.57,47.54,39.81,43.48,44.71,40.81,39.25,46.22,40.29,35.1,44.48,40.06,48.72,48.95,41.21,42.13
46.39,41.31,39.42,47.57,44.17,36.57,45.52,39.1,46.24,47.42,42.61,50.29,41.81,45.0,45.72,39.72,39.48,41.0,43.3
46.44,42.6,39.17,38.33,40.62,46.1,42.05,46.52,42.38,41.58,45.78,39.95,33.71,38.24,44.89,46.94,44.71,47.89,42.66
45.61,43.98,41.0,39.43,42.33,35.62,39.48,48.24,48.1,45.04,41.44,44.67,44.71,37.67,44.11,42.56,46.81,43.68,43.03
39.61,43.4,41.46,40.9,47.96,42.0,42.14,48.05,45.57,42.42,41.17,42.0,39.19,37.33,45.0,44.78,45.05,44.0,42.89
43.44,45.79,40.21,42.81,41.46,30.86,36.05,48.52,49.14,38.29,40.67,41.33,36.9,37.9,44.67,42.11,40.57,36.21,40.94
38.56,43.93,46.0,42.52,45.46,39.43,43.05,47.76,39.71,41.46,37.17,33.05,39.38,49.71,51.78,52.33,45.29,47.05,43.54
40.33,40.14,37.5,46.29,43.04,43.76,43.71,44.14,37.33,42.29,46.72,41.43,51.19,45.38,43.33,49.06,43.48,49.89,43.83
44.44,41.0,43.83,37.81,39.54,37.62,40.62,46.95,42.62,45.54,42.17,43.24,46.71,42.86,49.78,45.22,49.62,38.74,43.24
45.33,45.48,41.58,51.14,40.42,45.48,44.33,46.62,41.9,37.46,40.06,39.19,40.29,44.14,37.06,49.0,37.19,46.89,42.98
39.61,42.69,40.46,42.29,42.04,42.57,42.48,43.67,44.33,43.79,40.67,43.81,48.52,40.1,40.33,45.28,49.76,44.47,43.16
40.67,40.07,41.12,40.71,45.42,42.67,39.0,43.24,41.48,42.0,45.39,39.62,43.71,44.0,47.5,47.06,46.76,51.11,43.42
40.0,41.74,52.0,39.57,40.42,44.14,41.24,41.62,41.9,36.79,46.28,46.19,46.14,42.81,44.72,36.11,42.24,47.26,42.84
47.39,35.9,44.08,46.05,40.96,39.67,37.81,36.71,45.1,42.46,39.89,44.52,43.33,43.38,37.11,45.5,39.05,47.16,42.0
39.83,40.12,45.13,38.81,43.58,44.9,43.62,43.95,38.19,38.75,42.28,38.48,43.38,43.33,36.39,37.44,41.05,49.05,41.57
36.39,43.31,33.62,42.48,39.71,48.29,45.24,39.86,42.1,49.25,50.11,40.52,45.86,38.95,39.89,45.61,45.43,41.42,42.67
39.28,36.6,46.29,47.19,38.04,46.86,37.05,45.43,44.43,43.71,40.5,41.38,42.05,45.24,43.89,49.39,48.81,38.89,43.06
38.39,42.55,43.96,39.86,48.42,45.29,51.95,39.52,45.86,36.17,42.28,42.52,39.29,35.38,45.67,43.33,50.0,47.84,43.24
40.11,37.33,44.54,46.52,42.21,47.43,50.38,38.24,39.48,43.96,48.44,38.57,39.05,37.1,45.06,51.72,51.1,41.05,43.46
42.94,44.0,43.33,40.95,44.17,44.19,39.05,38.57,41.33,44.08,37.83,44.95,37.81,42.29,43.33,37.72,46.14,41.95,41.92
40.06,35.81,45.33,41.0,43.12,42.81,48.81,39.81,41.19,40.71,42.22,35.76,42.0,44.67,43.17,45.28,41.1,45.63,42.14
45.78,44.57,46.83,46.0,39.12,43.81,47.33,43.43,40.52,43.46,47.67,47.19,42.14,35.62,37.67,41.0,37.33,44.26,42.99
41.78,40.29,42.46,44.0,48.42,42.9,42.57,39.05,41.14,41.75,41.83,43.38,45.67,44.86,40.5,44.28,54.43,51.32,43.92
43.61,35.67,43.29,44.24,43.46,37.9,32.9,44.81,43.05,39.67,37.67,36.57,45.29,43.9,44.72,42.11,44.81,43.79,41.53
40.33,37.48,49.92,42.19,44.54,37.43,42.24,41.62,40.05,45.96,37.39,40.86,40.14,43.0,44.06,50.5,46.19,48.63,42.92
41.78,41.69,43.12,44.95,44.0,48.43,41.19,40.29,48.29,43.33,43.67,44.9,43.81,49.76,47.89,42.0,58.43,42.42,45.0
43.39,46.17,43.96,38.76,37.75,36.29,44.1,47.05,42.9,48.25,42.22,37.29,41.67,42.0,41.06,40.5,48.14,49.74,42.85
41.17,45.52,43.83,43.76,41.67,37.43,47.29,41.05,46.57,40.0,49.33,44.19,39.19,47.62,36.67,47.17,45.62,43.26,43.41
37.06,42.81,42.92,40.29,43.29,42.81,41.57,36.29,37.38,36.54,38.72,44.81,42.24,37.71,46.28,50.5,45.24,43.74,41.68
40.06,46.05,40.79,45.48,42.25,48.1,36.57,49.14,41.43,41.67,40.06,46.29,39.48,42.24,43.5,41.5,44.9,46.42,43.11
34.94,45.19,42.62,42.62,45.67,40.43,41.81,44.19,42.33,49.67,33.39,42.81,46.24,40.24,52.67,52.22,47.76,50.95,44.21
40.0,40.17,41.83,46.57,43.62,44.48,46.9,41.48,39.38,44.42,43.28,41.9,39.1,37.62,37.17,45.39,43.52,51.0,42.66
40.39,44.74,40.92,44.05,43.58,36.95,43.43,34.19,42.48,44.04,44.28,38.1,39.29,46.19,46.06,39.17,41.1,45.0,41.89
43.33,40.07,42.54,45.57,45.83,44.24,49.29,37.95,39.76,42.37,41.78,40.71,42.95,40.0,38.94,36.61,51.05,46.37,42.74
38.61,45.38,40.46,43.14,48.33,45.52,42.76,37.48,43.14,46.92,40.33,43.33,45.9,43.14,50.17,41.06,41.0,41.74,43.25
44.0,38.21,41.88,42.81,42.21,40.48,36.71,46.62,43.29,39.92,44.44,48.48,46.48,49.95,42.83,52.0,42.48,40.37,43.51
38.06,39.21,47.96,41.0,36.0,42.05,50.52,37.71,42.43,42.87,47.72,48.57,45.0,41.86,42.67,40.61,41.29,50.0,43.09
42.94,48.4,43.88,42.19,41.58,50.62,43.1,44.38,41.38,49.0,43.78,41.76,43.1,47.0,45.0,47.06,35.86,44.11,44.17
49.22,45.38,42.67,33.05,40.88,41.95,40.52,41.19,46.57,39.29,41.39,43.29,36.81,39.29,43.11,42.61,50.05,43.0,42.24
40.22,47.26,40.67,40.52,39.54,43.62,40.29,43.24,41.76,40.92,37.33,36.9,43.86,40.95,42.28,48.28,41.38,39.16,41.57
43.11,43.07,45.96,40.86,42.33,48.52,41.33,44.48,37.52,41.21,42.67,43.1,45.19,37.14,40.83,53.28,34.9,50.95,43.14
39.78,41.29,41.38,42.38,44.29,44.29,40.05,37.9,35.38,41.42,41.67,39.0,40.81,44.14,38.33,42.61,42.95,45.11,41.26
44.0,37.21,39.08,40.71,41.96,42.76,40.71,42.95,42.43,44.21,45.22,34.1,30.67,44.29,47.83,48.06,44.19,41.53,41.77
45.5,41.21,45.71,46.38,36.38,35.43,42.57,38.52,41.76,40.71,41.0,46.0,42.48,49.38,37.17,41.11,46.43,44.53,42.35
33.11,45.12,40.33,41.81,38.42,40.67,39.52,42.19,49.62,42.17,39.5,40.05,42.19,38.62,45.56,46.28,49.38,53.0,42.64
35.11,40.98,40.46,43.38,45.33,45.95,44.05,43.52,41.43,42.33,36.06,41.9,38.95,42.81,45.83,41.83,53.43,48.26,42.87
49.28,46.9,41.71,41.9,48.75,41.86,43.9,45.43,45.9,41.58,44.78,43.29,49.86,39.43,48.72,45.83,53.33,37.84,45.02
42.67,38.26,48.5,43.19,39.0,42.76,44.33,45.24,45.86,41.42,36.06,41.05,36.1,40.86,47.17,44.44,45.76,43.53,42.57
41.89,41.02,41.58,43.86,49.5,41.86,30.9,43.48,45.1,45.5,37.33,37.24,47.19,39.86,37.17,42.72,45.86,45.58,42.09
35.56,41.74,37.62,39.1,42.92,45.33,44.81,42.52,42.33,48.62,38.44,45.1,41.0,35.95,42.0,51.56,47.71,54.26,43.14
46.44,41.45,36.71,45.95,40.58,38.24,38.38,48.71,41.62,39.79,48.0,47.24,36.52,41.48,51.83,42.11,47.86,45.32,43.24
45.67,45.69,47.0,44.14,47.58,39.52,38.57,41.14,45.43,40.54,40.39,39.05,48.33,45.0,42.83,39.5,47.9,45.32,43.53
46.5,34.95,38.08,37.43,47.0,42.52,43.76,44.43,47.19,40.0,46.06,44.71,41.33,40.52,44.06,42.28,40.95,48.21,42.78
44.72,42.19,45.12,40.0,44.42,39.24,46.71,41.05,42.14,44.62,36.39,45.0,45.48,44.81,44.56,47.78,36.81,51.42,43.47
41.44,41.83,46.0,41.1,39.04,46.43,44.05,46.38,41.24,41.08,37.67,37.71,44.24,44.67,42.0,38.61,39.76,44.0,42.07
46.56,44.26,42.54,39.24,33.71,36.95,46.0,39.76,40.05,38.71,47.44,42.9,41.76,40.76,49.56,48.11,42.67,40.79,42.32
41.11,42.69,38.29,38.19,42.33,44.57,48.43,49.0,42.81,45.92,46.61,44.33,39.1,46.76,50.5,45.39,43.33,47.74,44.28
40.39,50.17,41.0,44.38,44.29,46.52,46.1,40.71,41.95,38.33,44.94,39.24,38.1,38.0,45.0,40.17,43.14,43.16,42.53
44.44,40.74,45.12,42.38,40.67,44.9,48.9,43.48,47.76,43.83,50.11,41.43,39.14,48.81,43.39,40.56,43.43,41.74,43.94
46.22,38.74,38.0,44.0,45.71,41.57,41.05,37.29,43.33,37.54,36.17,45.0,41.81,41.62,40.78,38.06,43.24,37.26,40.97
43.44,41.07,48.17,45.24,35.62,39.24,45.67,39.86,41.57,37.38,38.44,44.52,43.52,42.76,46.61,51.17,43.48,43.16,42.83
44.5,37.83,39.08,49.76,42.58,41.05,48.76,49.71,43.1,46.88,43.06,41.14,44.95,47.14,49.39,48.67,43.62,42.16,44.63
41.17,41.26,47.42,42.71,41.25,39.0,38.52,42.95,33.71,44.5,40.61,40.14,40.38,47.29,42.11,43.11,45.19,43.74,41.95
37.89,43.95,46.33,35.43,43.29,44.33,42.67,37.9,45.95,42.12,38.94,45.62,42.48,36.71,40.06,43.67,37.24,47.74,41.8
43.94,46.48,47.5,44.05,48.21,42.24,49.1,44.29,37.9,40.92,42.61,38.81,40.86,45.9,42.28,45.44,46.1,46.53,44.06
42.67,40.26,41.42,37.57,40.04,40.43,45.86,37.38,34.33,44.42,42.78,48.0,44.57,46.33,47.5,43.72,44.43,49.68,42.86
42.94,41.86,45.5,41.86,45.67,41.14,36.81,42.48,46.43,44.29,45.28,44.43,40.52,45.76,45.67,36.33,38.62,45.32,42.83
49.17,40.31,39.04,43.1,42.54,44.19,44.1,47.1,45.19,42.79,43.39,39.71,40.24,46.38,41.61,43.83,45.48,44.74,43.49
35.33,46.67,48.0,45.38,38.38,42.62,45.86,46.29,37.9,41.46,37.56,49.19,38.29,48.38,49.06,43.83,43.1,46.26,43.53
42.89,40.48,44.46,41.52,38.58,41.52,50.57,39.76,34.9,40.92,41.39,50.0,42.52,35.62,42.56,43.56,40.05,45.84,42.06
38.94,39.1,34.33,49.05,38.96,49.95,38.57,36.52,39.9,41.29,36.0,50.57,34.14,36.95,39.83,41.28,41.29,42.74,40.52
36.83,42.88,48.37,41.38,43.33,45.9,45.14,42.71,41.81,42.5,46.22,47.48,43.1,42.48,51.28,48.17,44.67,43.79,44.34
44.83,37.26,42.25,42.0,40.75,42.52,41.43,40.19,42.29,41.17,36.06,40.33,39.19,41.48,42.67,40.06,53.52,47.47,41.97
41.39,39.33,41.38,40.95,38.0,42.67,40.86,39.76,39.67,38.0,37.06,44.29,42.71,42.29,42.44,39.0,53.86,47.53,41.73
37.39,44.1,42.75,42.9,42.58,45.86,39.95,44.1,43.67,35.33,40.89,36.9,40.1,41.67,41.72,39.0,46.29,45.79,41.72
44.11,37.48,45.71,41.48,44.29,44.62,36.24,40.29,43.62,37.92,44.17,43.29,51.19,40.0,43.89,42.67,44.48,47.95,42.96
43.17,41.4,41.58,44.24,39.08,40.05,38.62,43.67,42.38,41.42,37.61,40.52,42.76,42.05,53.17,42.94,45.14,45.47,42.52
41.22,46.5,48.0,42.81,47.83,38.62,41.95,35.67,47.81,40.17,41.22,40.19,45.67,41.86,46.83,39.44,42.33,48.21,43.13
44.78,42.55,41.54,42.0,47.04,36.95,41.48,44.9,39.05,40.88,45.06,49.33,42.95,54.0,42.89,50.11,41.38,52.32,44.4
46.61,38.64,40.5,41.24,41.54,39.67,44.24,42.43,36.0,41.96,42.78,44.14,41.05,41.05,46.17,43.72,42.05,46.11,42.22
40.67,37.4,39.58,46.43,46.96,38.1,40.05,41.05,39.95,46.63,44.94,41.05,38.9,42.38,40.44,45.94,43.1,44.58,42.12
43.11,39.38,41.33,45.67,41.5,47.43,44.29,40.62,43.95,42.75,41.56,38.14,40.76,41.14,46.5,42.22,44.81,48.68,42.99
38.28,37.24,44.88,40.14,41.46,43.81,48.48,41.29,39.81,43.0,46.33,42.95,45.38,37.52,49.78,36.39,40.1,47.26,42.45
42.33,47.83,41.96,40.9,41.25,47.95,43.24,45.52,43.71,43.5,46.39,41.48,38.67,36.81,44.61,45.78,48.62,50.53,43.95
39.94,46.02,47.5,39.52,41.37,43.33,45.43,36.71,46.52,48.25,44.61,44.19,42.57,39.62,41.28,41.5,46.33,39.58,43.02
43.0,46.62,43.12,40.29,38.0,41.48,41.62,38.71,37.24,47.08,42.17,41.62,47.19,44.48,41.83,36.5,39.95,51.89,42.38
38.56,37.1,38.88,41.9,44.08,42.67,34.57,42.57,43.71,41.17,44.44,42.43,41.19,41.71,46.44,49.39,38.14,48.58,42.09
45.78,44.62,42.83,43.95,37.88,47.81,36.24,46.86,40.0,47.62,43.5,41.52,44.86,43.43,48.06,47.28,51.86,45.32,44.41
40.56,41.02,37.67,44.38,44.0,42.14,43.86,39.52,41.81,39.04,38.39,39.1,42.0,42.33,41.33,41.5,43.95,49.42,41.78
41.89,41.76,42.33,43.38,45.79,40.57,39.57,43.19,40.81,45.12,36.67,43.76,41.14,41.57,48.78,39.61,45.29,43.05,42.46
44.0,41.98,41.79,41.38,40.46,37.57,47.81,40.52,50.38,48.08,40.11,39.71,46.33,47.24,42.44,39.61,42.9,40.89,42.96
51.5,35.33,41.54,41.1,40.92,44.52,44.29,48.24,47.95,44.08,38.94,38.95,42.14,40.05,35.0,51.28,50.52,35.63,42.89
44.06,39.9,42.75,36.81,44.12,44.0,34.57,39.67,41.05,41.75,43.83,38.1,45.71,46.86,44.33,53.56,39.71,35.89,42.04
45.94,46.86,39.33,42.24,40.54,42.95,42.43,36.76,38.29,41.21,36.94,41.0,44.81,39.43,37.61,48.33,51.62,43.47,42.21
40.0,47.79,44.17,39.1,40.62,36.43,45.9,45.86,40.38,46.46,49.39,40.95,38.67,36.38,44.67,47.89,47.9,42.11,43.04
36.0,46.69,41.92,43.0,37.54,38.43,39.86,52.33,45.24,40.5,48.11,45.33,39.95,43.48,42.67,40.22,47.71,49.11,43.23
35.94,43.4,43.25,42.05,44.17,42.95,43.9,44.0,40.48,41.79,36.61,41.67,44.9,45.43,47.94,53.06,43.38,50.26,43.62
51.11,39.93,46.29,43.43,41.38,41.57,41.71,46.1,45.62,48.08,36.72,40.81,38.71,39.9,43.72,46.94,42.38,38.58,42.94
45.06,47.36,38.75,44.95,39.46,49.14,42.81,40.48,49.19,41.88,33.67,43.19,45.1,50.19,45.33,42.78,43.48,44.74,43.75
45.06,38.24,43.04,44.48,48.04,39.9,47.24,48.05,46.33,38.79,48.83,45.0,44.24,40.1,39.72,46.33,41.71,46.0,43.95
40.5,44.4,40.42,41.81,39.29,44.33,41.14,46.76,46.38,44.83,35.11,41.86,40.14,47.43,41.39,48.06,44.29,48.26,43.13
39.72,48.88,46.12,40.81,45.67,39.52,33.43,39.38,44.14,50.88,47.39,38.81,44.76,45.57,44.17,45.56,43.43,48.05,43.68
42.0,40.88,39.92,38.76,38.71,41.05,43.29,36.05,48.14,34.92,37.0,42.14,38.14,46.52,46.44,47.89,40.76,40.74,41.3
41.17,41.45,46.67,45.52,40.29,45.1,41.67,37.86,47.0,41.12,42.5,48.0,41.14,39.67,50.33,52.56,49.14,39.63,43.93
40.61,40.05,45.92,48.19,38.5,40.1,46.86,43.62,47.43,38.67,43.17,50.19,42.9,37.86,51.72,43.83,42.0,44.05,43.65
41.94,47.5,46.21,43.86,47.21,48.52,38.71,37.81,44.24,42.46,44.5,42.29,49.14,42.57,46.83,51.06,51.67,40.74,44.85
37.94,43.86,45.88,47.1,41.83,50.38,42.38,40.86,45.19,39.75,41.33,45.76,40.86,39.38,46.5,44.33,43.9,52.58,43.88
43.83,45.95,40.04,35.95,44.29,41.95,41.95,42.81,39.0,45.46,42.67,42.62,46.86,44.67,39.17,47.89,41.33,47.74,43.01
38.44,41.4,41.13,45.19,40.08,35.71,46.62,44.48,44.52,47.08,40.44,41.71,37.33,47.43,45.33,36.89,43.67,49.0,42.58
44.39,46.14,44.71,46.14,47.96,43.05,36.52,46.57,41.14,41.92,49.78,40.67,42.05,33.52,46.0,41.11,46.1,40.79,43.25
39.11,42.31,43.12,43.29,41.29,37.86,41.81,38.05,41.76,40.92,48.39,49.0,48.29,36.76,37.17,45.0,49.29,43.79,42.62
36.67,43.12,48.04,39.71,37.46,44.38,34.1,42.38,41.05,44.0,42.61,33.38,42.81,45.1,48.61,44.78,39.76,47.32,41.96
42.22,42.05,41.92,42.1,46.67,40.33,36.05,42.0,39.86,44.88,41.83,49.0,40.24,44.71,49.28,50.72,44.48,48.63,43.72
40.39,39.64,47.62,40.19,42.46,39.0,42.29,39.29,42.43,50.17,53.61,44.81,41.14,45.43,38.72,43.83,46.29,42.21,43.31
43.78,43.86,45.92,46.71,42.17,41.43,42.43,43.95,45.0,47.5,38.28,43.33,41.76,45.95,41.17,41.5,48.24,49.68,44.04
39.44,39.88,39.63,38.14,40.38,43.14,40.33,47.0,43.48,43.75,40.17,43.9,37.9,44.95,45.22,46.5,48.1,56.0,43.22
40.39,43.29,40.25,44.62,43.08,40.62,37.86,45.05,45.1,43.54,46.61,46.86,44.52,42.1,46.89,48.39,43.81,36.63,43.31
41.28,38.36,46.04,35.81,45.0,42.19,41.62,41.05,46.52,43.38,47.89,44.76,42.76,41.19,48.06,42.78,49.48,51.68,43.88
46.5,43.98,43.83,46.24,38.92,35.1,44.29,40.9,42.9,44.58,46.0,41.43,37.33,47.57,38.72,38.94,43.9,41.42,42.36
46.83,40.5,44.25,41.76,39.38,41.33,42.95,41.38,39.1,44.67,41.06,39.57,46.95,46.43,41.17,42.0,45.24,46.68,42.85
49.94,38.55,42.21,41.0,45.75,41.67,44.9,43.95,37.1,42.38,38.94,44.24,40.76,42.57,46.28,46.28,47.05,41.89,43.08
40.89,40.12,42.12,40.76,44.21,42.52,40.0,45.95,42.33,48.67,44.5,41.48,38.1,36.67,37.72,43.72,50.38,46.63,42.6
50.39,43.0,46.83,43.62,36.58,40.38,44.57,35.57,40.24,38.25,30.33,45.86,39.95,38.76,44.5,48.67,53.57,42.68,42.43
41.22,37.1,43.67,45.1,38.67,41.0,34.57,36.76,40.86,39.67,35.5,44.62,39.57,46.14,50.06,45.83,56.38,46.84,42.42
48.5,42.19,42.25,42.48,43.83,47.76,36.81,34.52,40.71,47.12,43.89,40.86,42.0,42.52,35.22,44.11,50.0,38.47,42.4
33.56,37.19,38.38,43.62,41.25,46.71,46.67,47.33,43.0,42.75,39.67,42.76,38.14,45.57,43.39,40.89,49.95,50.21,42.84
43.83,40.55,41.54,44.43,42.92,42.14,50.24,40.76,41.14,43.42,49.17,44.86,43.43,42.33,46.11,44.89,42.43,42.42,43.7
43.5,40.6,39.88,48.71,44.12,44.1,44.43,35.48,37.76,43.33,48.61,37.43,42.71,45.05,44.94,49.06,48.48,47.63,43.66
44.22,44.64,38.25,48.48,51.87,43.1,37.29,40.38,43.05,41.0,47.17,42.38,40.71,39.9,43.0,40.78,43.76,51.16,43.4
44.94,36.45,44.25,42.67,40.5,41.86,37.9,42.76,43.48,45.92,47.94,41.52,45.81,34.95,45.17,46.44,45.9,45.47,43.0
48.22,47.62,46.38,39.76,51.67,45.43,42.57,35.38,39.05,47.29,38.61,46.24,40.57,42.67,38.5,44.28,46.67,42.42,43.52
46.11,40.86,40.67,46.43,43.88,40.62,42.76,49.9,43.38,41.17,48.28,42.86,40.81,40.38,45.0,43.06,47.29,54.05,44.31
37.67,42.38,39.0,40.05,42.88,41.0,35.62,41.52,42.24,44.29,42.56,44.52,42.9,41.0,50.06,38.28,44.1,42.21,41.79
40.11,43.86,38.83,39.67,41.21,47.48,39.81,38.52,44.29,38.33,42.17,47.81,50.14,47.48,37.78,40.17,47.76,49.47,43.05
43.56,37.62,43.38,41.81,40.62,47.24,43.33,39.24,37.71,47.04,43.61,44.43,35.43,46.05,42.72,46.72,43.81,46.26,42.81
49.33,41.24,46.12,46.71,41.63,45.1,41.86,38.1,48.48,37.04,45.56,40.05,44.0,35.71,45.5,46.11,51.0,38.16,43.43
46.44,47.95,42.79,44.19,42.63,37.9,42.14,45.1,38.29,41.67,44.28,44.33,40.86,38.38,52.5,45.83,42.67,53.53,43.97
44.0,42.81,43.62,41.67,42.33,43.38,43.95,47.33,42.95,46.08,43.61,40.9,40.76,34.29,43.78,44.89,48.9,37.32,42.92
37.5,47.19,48.08,50.86,43.67,53.29,41.57,38.71,40.1,41.0,39.44,40.38,46.62,44.14,39.39,43.61,48.14,44.47,43.79
44.83,39.24,39.58,38.9,43.38,46.24,45.38,42.52,47.9,47.21,43.06,40.33,39.19,46.33,46.89,41.72,49.14,47.63,43.86
42.78,47.45,43.0,48.14,41.17,41.0,36.9,41.33,38.1,35.79,41.11,41.76,44.24,43.24,44.39,47.89,44.52,45.84,42.7
34.39,38.19,46.46,45.38,48.0,45.67,40.0,40.71,43.14,42.08,44.22,36.86,42.24,45.29,41.33,41.67,44.48,45.11,42.51
39.61,43.62,41.46,42.19,43.62,47.86,43.9,39.76,45.29,39.92,42.67,44.1,44.62,36.38,41.72,43.28,47.33,51.26,43.25
47.06,43.69,40.17,44.9,35.46,43.19,44.19,46.19,44.1,39.33,39.17,43.19,42.71,39.71,45.17,45.89,44.71,46.95,43.1
41.5,43.14,44.42,43.57,41.79,40.48,47.57,44.33,36.62,42.67,38.61,43.52,41.52,39.67,40.11,52.44,44.1,45.53,42.87
44.0,40.95,40.46,39.14,41.62,47.05,49.71,41.76,45.24,38.67,45.94,49.05,42.38,42.95,49.61,47.83,37.57,47.37,43.96
43.94,42.1,45.63,42.43,47.46,45.71,45.52,45.33,46.43,42.17,44.67,41.76,47.43,41.19,39.39,49.22,41.52,43.89,44.21
38.67,40.07,39.0,39.76,41.08,40.1,39.86,41.29,41.48,43.21,37.89,41.0,41.1,43.14,43.06,52.0,44.24,47.0,41.88
45.61,43.1,43.0,36.19,43.21,43.05,46.71,48.38,45.43,46.0,42.83,45.19,38.67,39.14,39.22,44.17,46.1,44.37,43.35
41.61,48.69,43.75,49.1,39.21,36.86,39.43,42.76,45.14,43.38,40.83,45.24,37.67,43.57,40.56,39.56,44.43,44.68,42.58
45.89,42.36,45.92,39.48,45.92,38.24,34.52,51.19,40.43,44.0,43.17,47.71,41.71,48.43,44.33,37.61,43.48,41.63,43.11
39.56,41.12,42.54,41.19,42.62,43.48,38.38,39.62,42.76,39.12,40.0,45.43,41.19,43.19,38.06,48.61,47.43,41.53,41.99
46.56,44.74,46.21,39.52,39.67,37.67,40.48,43.38,43.57,42.75,43.83,43.48,46.86,39.14,42.06,43.72,47.38,49.0,43.33
50.0,42.45,40.62,46.76,46.83,42.86,38.05,35.67,44.62,44.29,44.28,39.0,41.05,44.76,52.28,39.78,46.52,46.47,43.68
41.5,42.64,48.62,44.19,39.88,42.05,34.9,44.0,43.95,38.88,37.33,43.33,46.67,43.14,39.22,47.22,47.71,40.26,42.53
39.83,43.6,42.38,42.57,41.5,44.24,48.33,38.62,45.81,43.5,46.22,47.71,41.1,41.05,42.56,45.72,50.86,42.37,43.78
41.56,37.9,41.42,41.1,45.79,44.48,47.14,41.86,39.67,43.25,36.78,42.76,39.76,45.95,42.94,48.67,45.1,37.89,42.45
41.67,38.71,45.08,42.71,42.08,40.52,43.81,45.33,40.95,40.83,40.94,47.24,46.05,45.48,33.78,45.39,49.71,46.21,43.14
42.17,47.64,35.96,42.67,42.17,44.05,40.48,41.67,36.67,41.37,52.0,43.48,40.71,40.62,44.89,44.78,51.62,48.11,43.39
42.0,49.31,38.54,45.71,44.83,44.24,38.38,43.05,42.38,38.38,48.22,39.67,44.76,49.62,44.33,46.94,43.0,43.37,43.71
45.22,43.81,45.71,40.0,40.17,46.33,39.29,36.95,45.38,42.21,44.78,40.24,44.86,39.95,45.61,47.22,41.14,43.53,42.91
44.83,40.79,40.38,44.62,45.88,41.43,38.43,38.9,48.81,36.62,44.67,51.38,40.71,42.19,47.5,40.17,45.62,43.74,43.15
36.5,40.64,42.08,42.1,47.42,42.19,34.76,41.43,46.86,47.17,38.83,36.48,41.95,43.43,43.78,54.72,42.67,41.26,42.46
41.39,36.83,45.08,43.33,42.12,42.67,45.19,39.52,38.14,38.04,40.56,40.9,42.9,39.9,39.72,47.5,44.86,42.84,41.75
45.33,39.02,46.83,42.1,37.88,45.05,46.57,42.48,39.24,43.92,40.17,35.48,35.29,41.05,46.33,34.17,47.19,49.68,42.1
48.33,44.43,42.33,37.52,39.75,41.95,45.9,40.9,43.57,39.17,39.17,47.1,44.33,40.86,42.61,46.94,46.71,43.05,43.04
37.39,47.33,40.71,47.43,41.25,43.71,35.57,40.95,36.62,46.08,36.67,37.62,40.38,36.9,40.94,45.33,48.62,47.32,41.71
37.17,37.55,44.79,37.24,43.62,44.24,40.14,39.95,40.1,42.62,45.56,43.19,43.14,41.71,41.39,48.0,43.71,47.16,42.29
46.56,36.45,40.96,37.29,45.75,47.76,43.29,40.95,41.67,41.54,41.0,43.1,41.1,40.76,43.94,42.56,42.9,42.63,42.23
44.72,41.21,41.29,43.43,43.33,46.95,47.76,37.76,39.43,40.21,38.94,46.52,45.0,34.1,46.94,45.22,37.0,40.26,42.23
42.39,37.98,39.79,44.57,43.71,44.05,39.86,37.24,43.33,44.96,40.78,46.95,41.95,39.9,50.89,40.94,44.52,44.89,42.71
46.11,41.12,38.0,38.67,35.92,40.76,43.29,47.57,47.9,42.58,49.61,49.38,37.05,42.38,44.17,49.94,46.19,41.95,43.48
42.22,40.02,39.5,45.76,48.42,39.0,42.95,41.86,46.19,45.33,47.67,30.9,39.86,42.86,47.56,44.72,48.48,50.74,43.56
41.0,43.64,41.46,42.81,41.67,43.67,40.1,40.1,45.14,45.17,44.67,40.9,46.43,37.1,43.39,36.67,49.38,41.0,42.46
49.67,39.88,36.04,40.9,44.25,44.19,41.0,42.76,43.33,44.38,40.94,44.52,48.52,46.38,39.89,44.78,39.1,41.11,42.87
42.17,37.88,43.96,47.62,41.25,45.0,38.95,42.86,38.95,46.42,42.72,46.29,38.48,42.24,39.0,47.22,47.81,47.37,43.12
47.67,41.05,46.62,44.14,39.79,38.57,42.48,39.52,43.81,41.79,33.0,46.57,41.86,39.71,52.78,48.17,40.71,40.21,42.69
42.33,47.9,42.21,36.67,44.67,38.62,50.9,52.38,43.0,44.46,47.44,47.57,44.86,38.95,41.11,42.56,47.38,44.89,44.33
43.89,46.17,42.17,40.33,37.46,42.19,40.0,45.24,49.1,39.88,36.67,44.76,41.9,41.29,47.67,35.44,45.86,53.26,42.96
40.06,39.55,39.42,40.67,42.63,53.9,42.1,45.1,45.62,43.83,47.83,43.43,42.05,37.29,45.06,49.72,44.9,47.79,43.94
38.83,46.31,41.88,50.38,44.13,45.9,47.38,41.43,44.76,37.21,47.11,42.57,42.24,40.48,40.61,41.5,40.76,44.74,43.23
43.33,44.0,45.42,42.33,43.92,46.43,45.57,40.24,41.67,41.0,45.67,31.05,40.19,39.57,47.11,49.22,45.14,45.68,43.2
41.83,38.98,43.21,44.1,40.67,42.38,48.19,39.52,42.14,44.08,39.61,46.19,41.76,47.48,47.56,41.94,44.24,50.21,43.56
48.17,41.24,40.0,40.19,38.67,39.81,37.57,40.71,32.76,46.0,44.17,45.05,48.81,44.0,41.11,50.0,51.05,46.63,43.11
40.33,41.07,32.88,44.86,41.25,39.29,44.14,43.05,45.9,41.58,38.0,45.71,44.62,45.29,45.5,41.72,39.81,41.95,42.05
48.67,44.57,42.62,40.9,35.21,46.38,46.1,40.43,41.19,42.79,48.17,38.33,41.33,46.19,44.17,54.17,44.57,42.53,43.8
53.33,49.93,43.37,41.62,48.17,43.62,44.76,43.9,46.95,41.79,42.61,44.29,42.33,46.33,42.78,45.17,42.0,49.42,45.13
38.0,43.79,45.5,40.81,34.67,39.62,38.71,44.67,42.48,44.54,37.67,43.1,42.43,40.76,43.22,41.39,50.1,45.0,42.02
38.56,42.14,41.37,39.14,37.75,43.71,39.48,41.05,40.86,49.21,42.56,37.38,41.95,47.52,55.0,46.61,40.76,44.05,42.73
44.94,42.62,42.33,42.76,45.62,42.62,40.1,46.52,37.24,40.88,39.33,45.43,46.05,38.52,41.78,37.5,41.95,47.05,42.4
39.56,38.79,39.62,46.0,40.29,42.9,42.19,42.9,41.1,39.0,40.72,43.33,44.57,44.29,48.72,47.17,45.9,41.21,42.68
36.89,46.79,45.25,46.86,46.08,45.0,42.0,44.76,45.71,46.62,46.89,43.24,42.52,46.19,45.83,44.17,44.71,47.21,44.82
35.5,40.76,46.67,48.19,42.46,46.0,39.29,42.76,43.48,42.25,36.33,46.62,46.33,42.86,45.28,43.17,41.48,44.89,43.02
38.0,46.38,46.42,36.38,47.54,44.48,45.33,43.14,44.43,41.54,42.06,34.33,35.29,46.24,40.44,43.72,54.86,43.32,42.99
40.22,49.31,46.33,46.57,40.83,41.52,46.24,43.67,43.57,40.62,35.44,37.43,45.19,41.43,45.67,44.11,46.33,51.0,43.64
49.06,48.31,40.25,50.86,46.96,43.14,40.81,44.29,38.67,38.25,45.33,36.1,47.29,45.67,42.44,39.39,45.0,49.11,43.94
41.67,42.64,40.12,42.9,39.96,45.19,46.43,41.81,35.1,46.79,48.94,40.76,41.19,46.57,41.17,47.72,48.76,46.63,43.58
46.56,39.48,43.88,38.52,41.08,39.14,44.14,42.95,36.43,44.46,38.94,40.48,41.86,41.9,45.0,41.83,41.33,45.26,41.85
49.83,39.12,40.88,42.62,44.04,36.1,47.67,46.9,43.9,43.38,41.17,42.43,42.86,45.71,39.0,45.56,45.52,44.11,43.38
44.83,37.9,45.83,38.81,44.83,40.9,46.14,45.19,38.1,41.42,47.89,35.52,37.62,37.1,41.06,42.39,47.95,43.26,42.04
40.5,37.48,45.79,43.48,40.38,41.05,39.0,38.86,40.19,43.29,42.33,45.81,45.95,46.95,45.33,41.11,48.67,36.89,42.39
44.39,40.83,41.5,42.67,45.62,50.67,38.86,43.48,47.1,37.38,42.33,42.33,39.05,38.05,47.0,47.28,41.48,46.58,43.14
46.94,41.31,39.46,44.43,43.79,37.05,48.86,38.9,39.71,44.04,42.72,46.19,44.33,39.86,41.39,43.33,38.43,45.21,42.55
38.5,41.43,36.88,47.05,39.63,45.95,43.62,46.67,36.71,36.33,48.83,41.57,41.38,41.9,44.17,39.17,47.67,50.11,42.64
44.89,43.33,40.75,51.52,42.96,44.14,34.71,39.0,48.33,43.46,47.11,36.1,46.67,35.81,54.56,42.0,48.33,45.0,43.82
41.17,48.4,40.17,43.86,50.04,50.57,41.0,45.86,40.14,42.58,47.33,41.43,38.67,44.05,43.83,50.06,41.81,48.89,44.44
42.61,42.81,41.0,41.57,37.08,42.24,45.52,46.52,42.57,47.58,39.67,42.48,41.62,45.71,41.89,44.61,48.52,41.26,43.07
41.22,39.4,38.0,43.43,44.29,43.81,42.05,44.24,40.29,45.17,40.39,41.86,44.33,47.57,45.06,46.33,46.9,45.0,43.3
35.33,47.33,49.62,42.67,42.5,45.67,42.76,44.76,47.71,47.08,37.83,39.29,41.19,37.05,43.39,49.06,51.62,47.79,44.04
44.78,41.5,43.42,38.67,38.17,44.1,49.24,45.62,46.05,45.75,43.56,43.86,45.43,44.19,47.17,40.5,47.67,41.47,43.95
43.83,38.19,43.17,41.76,39.54,44.48,41.67,44.24,44.71,42.46,39.28,42.29,41.19,46.1,40.94,47.78,43.19,41.11,42.55
41.89,40.02,48.58,40.86,40.71,43.86,38.9,45.81,41.52,40.0,44.28,49.95,41.52,32.29,47.72,45.33,46.14,41.47,42.83
37.83,40.31,45.96,43.67,45.96,42.76,43.19,47.24,42.57,40.75,41.67,46.19,41.9,38.29,41.44,50.72,43.0,46.68,43.34
43.44,48.48,48.67,44.24,39.67,43.71,49.86,48.76,44.05,42.92,37.44,38.29,40.52,40.14,48.17,49.72,46.71,45.63,44.47
40.0,40.55,46.67,42.38,42.33,44.38,42.33,40.76,41.05,42.79,44.17,46.33,38.38,43.1,43.72,43.22,36.48,46.68,42.52
47.44,40.29,39.88,45.86,35.54,43.0,42.19,39.71,41.86,37.96,37.56,41.24,44.67,43.24,48.78,49.67,43.57,44.89,42.63
42.44,44.31,42.0,45.19,40.58,37.52,43.33,46.76,49.76,41.92,47.0,38.71,46.05,39.52,47.44,47.44,41.05,49.32,43.91
48.94,47.93,40.96,34.14,50.63,44.24,39.24,48.0,44.29,45.12,48.89,42.19,47.52,39.9,38.33,46.5,45.67,47.89,44.47
43.72,40.4,40.71,44.52,37.92,41.38,33.86,37.48,37.14,43.62,43.39,39.71,46.19,37.38,42.17,45.17,50.38,53.0,42.12
40.89,42.93,48.46,40.9,38.58,43.76,40.9,40.9,38.33,44.08,45.72,41.95,43.48,43.0,45.56,52.06,37.57,43.21,42.91
46.06,48.02,44.83,42.81,45.0,43.29,44.81,41.0,36.95,33.46,47.11,40.76,43.48,48.76,48.11,43.61,40.43,44.37,43.49
45.67,46.07,43.13,40.14,44.46,38.67,41.1,48.19,46.86,46.0,47.44,45.43,42.38,42.29,45.61,47.33,43.62,46.32,44.48
43.0,46.88,42.75,42.24,40.42,43.38,38.71,41.43,34.48,43.83,45.33,41.57,40.19,47.57,47.78,46.5,44.38,41.74,42.9
46.22,39.69,38.12,43.0,40.17,37.9,43.24,48.19,38.52,38.04,36.61,41.62,40.33,45.29,38.5,43.89,44.9,45.79,41.67
46.72,43.55,42.29,30.9,45.04,31.95,44.1,41.62,40.14,42.08,39.5,47.1,49.57,46.1,46.83,42.56,47.76,45.53,42.96
36.89,40.5,44.29,40.24,40.92,39.33,38.05,44.43,37.33,38.83,43.11,39.86,46.0,44.62,51.56,53.56,43.24,42.26,42.5
43.72,35.38,38.12,44.1,43.33,42.86,42.52,43.14,48.76,38.83,47.0,38.38,40.0,44.95,48.17,45.28,35.76,47.84,42.68
44.0,42.86,43.75,43.76,45.96,40.57,42.86,48.0,40.1,47.92,42.56,43.95,45.33,48.71,41.94,43.39,40.67,50.89,44.29
40.33,39.24,39.21,39.71,39.42,42.43,48.24,42.24,42.43,48.62,44.44,42.67,45.86,36.67,48.61,41.06,41.29,49.74,42.9
36.72,40.17,42.21,47.1,40.08,40.33,43.19,45.81,39.62,47.83,37.39,42.86,46.95,43.48,47.39,43.22,46.86,49.21,43.36
45.61,50.62,39.33,40.52,42.08,40.57,37.05,36.24,45.19,46.96,38.94,39.9,47.38,40.05,40.28,43.06,41.19,43.79,42.15
40.61,46.31,44.33,43.29,39.83,36.24,44.24,37.57,41.71,40.08,42.78,46.62,41.71,44.05,45.83,41.06,39.14,40.68,42.01
43.83,42.98,40.83,41.52,44.29,39.19,41.0,43.52,43.38,39.75,42.61,41.38,44.43,37.52,38.61,47.0,48.67,40.32,42.27
41.5,43.29,50.92,46.52,44.38,42.9,44.0,34.33,34.62,38.88,44.06,43.67,36.62,46.14,44.83,42.83,43.43,47.58,42.81
43.56,42.9,44.96,45.19,44.75,40.29,43.05,46.33,35.38,42.96,41.5,39.43,38.05,41.38,41.44,45.28,47.57,38.89,42.38
46.83,39.5,42.21,44.24,40.92,35.9,37.33,45.86,44.57,38.0,37.0,40.57,42.38,43.52,48.78,42.33,41.76,55.21,42.61
46.11,39.29,36.96,36.19,44.5,41.52,45.76,37.0,47.81,45.21,43.61,44.29,41.0,38.29,41.78,45.0,41.95,41.84,42.12
46.39,44.71,36.42,41.62,40.08,44.19,43.24,45.81,43.05,42.75,44.11,46.0,42.38,44.19,49.33,56.06,42.1,33.16,43.64
44.44,43.55,42.54,36.81,43.58,39.95,42.95,43.05,47.0,42.88,41.78,41.9,44.81,46.19,45.94,42.39,47.38,41.68,43.27
45.33,42.67,38.71,36.62,38.54,40.29,48.1,41.95,43.9,48.42,41.39,34.81,41.19,46.24,43.89,48.94,40.19,49.84,42.83
41.11,42.93,45.96,34.33,43.79,41.24,41.67,37.52,47.29,39.25,43.56,44.29,44.1,41.33,44.94,45.56,44.86,51.37,43.06
45.44,43.79,41.12,39.62,37.54,44.19,50.76,37.05,44.14,47.58,43.67,45.38,46.43,47.71,52.17,35.17,42.0,49.16,44.05
48.89,42.76,43.75,45.9,45.29,46.71,42.48,46.24,40.0,46.5,45.78,46.14,44.33,44.43,46.78,48.22,45.86,41.63,45.09
35.28,40.98,45.83,43.1,39.92,37.76,42.81,45.9,42.19,40.92,37.72,44.38,45.14,40.52,46.5,47.44,46.14,48.47,42.83
38.44,44.33,44.88,39.33,37.79,36.14,41.1,40.43,48.52,43.38,44.0,36.62,42.1,42.57,46.06,49.5,43.0,43.53,42.32
46.44,46.17,41.29,42.67,41.04,37.67,40.62,46.0,45.57,45.25,40.17,43.48,41.19,41.14,42.0,46.06,43.0,39.16,42.72
43.67,39.36,41.25,39.62,39.08,36.0,45.43,43.67,37.48,43.58,49.17,39.05,39.81,47.81,39.78,51.17,42.62,50.63,42.73
39.67,40.43,40.92,37.14,44.75,46.43,38.33,46.05,41.48,41.08,41.17,43.52,43.48,46.0,42.94,42.78,44.38,46.37,42.61
46.67,43.86,44.83,37.52,51.96,41.1,45.38,40.57,35.9,42.92,37.56,40.24,46.95,44.14,48.56,46.94,42.29,54.68,44.0
48.06,39.57,46.12,39.1,44.29,41.86,42.19,38.43,43.1,39.88,47.67,47.48,44.57,40.38,45.0,48.61,53.24,46.95,44.25
39.44,47.26,41.12,44.81,42.33,40.62,40.33,38.9,49.33,42.17,47.06,39.14,41.38,38.76,49.28,47.28,42.95,47.0,43.29
49.83,43.64,40.25,45.52,33.5,48.71,45.9,35.81,51.43,42.83,42.78,39.0,42.81,48.19,52.5,44.67,43.71,44.0,44.17
46.72,43.83,48.54,44.9,39.04,43.14,42.19,40.33,41.48,43.54,47.06,48.48,41.33,39.9,44.11,45.5,43.43,44.95,43.8
44.17,49.21,46.0,44.43,37.29,38.0,48.76,44.1,42.29,43.29,37.17,42.76,41.38,39.57,46.72,44.61,47.57,41.42,43.26
40.33,43.69,42.67,44.48,44.92,35.81,44.81,47.9,39.19,41.83,42.72,45.86,43.38,40.29,42.39,54.17,45.43,41.89,43.43
45.17,43.12,40.33,41.81,44.12,45.9,45.57,40.24,38.52,44.33,39.94,38.52,41.76,43.14,46.5,48.22,46.24,44.37,43.21
41.61,37.14,42.12,44.05,47.42,39.52,38.81,42.62,43.86,46.46,41.22,37.1,42.29,34.9,43.0,47.17,44.76,50.74,42.49
41.61,44.86,37.67,47.62,40.08,41.24,40.57,39.29,39.67,45.79,46.61,39.1,50.33,41.71,41.61,43.89,45.95,40.0,42.64
41.72,44.36,40.08,44.33,37.08,39.76,44.62,41.71,43.62,46.33,40.33,46.14,44.48,42.86,45.17,46.28,46.52,44.89,43.35
40.5,41.43,44.5,47.52,43.62,38.29,42.86,48.86,41.48,36.75,46.83,41.38,45.14,41.14,44.78,44.61,48.62,45.84,43.56
42.94,40.07,38.08,39.1,47.5,48.71,46.48,41.33,39.62,40.04,40.11,42.52,39.76,40.71,41.44,42.5,41.05,43.68,41.98
46.44,50.64,39.5,35.19,38.88,46.81,41.29,45.71,37.38,41.29,43.06,42.81,36.38,45.0,47.56,46.28,50.52,42.53,43.18
48.83,31.0,40.29,43.9,42.83,43.81,36.52,36.48,39.9,44.29,38.39,44.24,40.14,41.43,49.5,51.0,44.24,40.68,42.08
45.61,41.67,45.62,35.24,46.08,32.67,36.52,43.29,37.05,41.88,43.89,43.24,40.95,41.29,54.94,41.33,47.48,44.84,42.42
46.28,37.88,50.58,41.29,38.71,43.33,39.9,38.67,45.14,39.58,43.44,40.05,43.81,36.14,39.44,46.67,45.1,45.47,42.31
40.72,39.86,41.25,38.86,46.42,39.57,44.95,44.81,45.48,48.62,42.89,41.29,40.1,44.62,43.94,39.22,47.71,48.89,43.29
41.78,42.29,41.75,48.86,38.96,40.24,44.33,40.14,45.33,47.46,46.94,40.62,37.81,45.81,53.56,45.28,44.86,45.05,43.95
34.94,35.62,43.25,40.76,42.46,41.24,49.38,42.43,39.33,40.54,40.72,46.9,40.29,39.86,50.61,49.56,44.05,41.42,42.41
43.5,44.93,41.58,35.67,37.67,45.86,35.52,42.14,41.81,40.29,41.11,40.0,47.38,45.0,36.0,42.22,50.71,40.79,41.79
43.89,42.19,38.67,45.67,42.46,36.67,43.76,44.48,38.95,40.79,36.06,41.52,38.14,40.81,43.44,50.78,43.67,44.37,42.02
41.33,41.24,43.5,44.1,39.58,41.57,38.52,41.24,36.33,43.17,39.33,41.76,41.1,39.62,44.83,41.89,38.71,42.32,41.12
36.44,42.76,44.79,44.1,42.71,46.05,45.76,43.1,41.29,43.62,36.06,45.29,45.0,39.19,47.83,49.22,47.29,39.84,43.35
47.11,39.62,46.08,38.14,39.75,40.76,37.57,43.43,38.0,38.33,42.11,51.67,42.19,39.76,46.22,50.78,46.43,49.53,43.19
39.22,39.86,47.79,42.95,44.63,37.0,43.86,43.0,49.9,42.38,49.61,42.29,44.81,42.48,46.78,42.78,46.38,44.84,43.92
41.94,45.21,41.71,41.38,35.79,42.9,43.38,41.71,39.24,47.92,38.22,43.38,41.67,45.81,48.33,49.33,47.76,52.37,43.78
41.44,43.81,44.46,40.86,44.67,44.33,42.62,38.29,43.86,43.42,45.56,41.62,50.95,39.19,39.39,47.11,45.0,51.37,43.77
45.11,35.17,45.38,44.29,45.08,49.1,40.86,37.71,40.19,40.04,46.61,41.52,41.0,51.05,38.94,49.17,41.38,49.11,43.43
40.06,37.62,47.42,45.9,37.54,48.48,45.86,38.24,42.57,45.04,42.22,42.95,35.81,42.62,43.56,50.5,44.38,44.74,43.08
42.11,47.38,48.0,45.24,44.08,44.76,43.24,46.29,36.62,43.13,42.33,43.1,41.48,46.1,48.61,45.28,45.19,42.58,44.19
45.06,37.12,44.04,40.29,38.38,40.57,44.52,42.33,39.71,43.42,46.72,45.19,40.62,42.43,47.44,40.39,47.19,42.79,42.68
41.61,44.62,40.37,46.33,43.71,41.71,40.71,42.76,40.95,40.75,39.67,42.9,46.24,35.38,45.5,48.61,46.1,41.0,42.72
44.11,44.93,40.04,42.29,42.08,44.38,43.05,42.86,37.76,34.04,45.67,41.62,39.05,42.29,52.39,47.89,52.86,47.58,43.6
38.06,38.9,42.5,43.71,39.88,40.38,38.0,40.86,42.95,39.46,45.89,42.19,40.43,47.62,41.28,48.89,51.43,39.58,42.33
37.5,40.4,41.67,45.05,36.38,39.29,45.14,39.52,45.76,38.62,47.56,43.24,41.76,40.43,42.72,49.11,42.24,44.68,42.28
47.22,42.05,40.96,45.0,43.83,37.67,47.1,38.48,36.86,40.5,38.28,38.57,46.57,37.0,50.22,52.61,43.38,45.95,42.9
42.28,41.48,41.79,45.19,42.54,42.24,44.52,39.71,44.29,37.96,51.83,48.0,38.48,35.95,41.56,45.5,44.71,46.63,43.04
34.78,38.76,40.75,40.81,45.38,42.38,42.19,44.48,41.67,38.37,42.22,43.33,40.9,38.48,42.5,42.56,44.95,40.53,41.39
36.5,41.79,36.5,44.38,43.75,46.43,41.86,45.9,41.48,39.58,44.17,44.14,41.1,45.43,46.72,38.06,49.71,48.11,43.09
49.17,43.07,43.29,38.76,46.75,42.48,37.81,41.0,46.81,51.17,44.61,45.0,42.71,42.29,45.78,53.33,40.67,47.11,44.54
40.22,41.86,40.12,44.9,46.42,39.67,43.67,39.9,42.67,40.92,47.22,46.1,36.43,36.38,50.28,51.61,39.9,44.63,42.94
44.83,45.1,41.96,44.57,41.38,48.48,42.1,47.29,39.19,35.79,47.89,42.33,40.38,41.0,36.0,49.28,47.95,39.58,43.06
42.78,38.14,42.58,41.24,43.79,44.9,40.33,40.14,46.48,39.33,43.83,44.33,48.62,42.86,48.06,46.56,49.48,38.32,43.43
36.56,39.33,41.21,37.33,43.08,45.48,41.19,36.33,45.1,48.25,36.67,40.05,45.95,41.1,50.06,46.22,46.0,45.95,42.55
46.0,48.52,45.17,39.14,37.21,51.38,37.9,43.0,43.48,47.17,47.11,50.81,44.57,36.76,41.78,50.56,44.76,50.37,44.76
45.72,47.29,37.04,44.1,43.79,49.19,44.1,41.62,35.57,42.21,39.0,42.38,38.62,41.43,43.83,36.44,48.1,49.95,42.8
43.17,37.0,40.38,46.05,44.71,46.67,40.9,41.0,36.0,43.92,39.67,46.86,42.43,44.62,45.0,43.83,46.38,43.63,42.9
43.22,46.64,41.75,33.24,42.54,41.24,42.86,40.86,39.33,39.08,40.28,34.62,40.0,39.24,34.56,50.0,45.95,46.79,41.23
37.28,46.17,44.21,38.24,45.83,41.33,39.71,45.05,35.29,42.79,44.22,41.0,43.1,40.43,46.06,39.28,33.76,54.32,42.11
43.28,47.38,41.71,42.38,37.96,36.1,43.95,37.57,46.95,43.96,49.78,44.14,46.43,43.0,48.67,50.06,45.38,33.89,43.48
47.28,54.45,37.17,48.24,43.13,42.52,40.62,42.81,34.81,37.42,46.5,44.38,43.86,35.24,47.11,45.17,44.62,46.74,43.45
50.94,45.5,40.17,44.76,43.08,36.19,39.48,45.05,42.43,47.13,48.78,49.05,41.76,38.9,48.39,50.11,52.48,48.37,45.14
36.67,40.6,42.5,45.71,41.04,49.33,40.52,37.48,38.76,43.12,39.33,46.1,40.62,38.14,47.89,48.28,48.95,42.53,42.64
49.44,42.74,43.0,42.43,38.21,43.33,42.95,40.86,44.67,45.96,43.89,47.81,54.24,42.29,42.0,44.56,44.9,37.84,43.95
50.72,42.95,47.88,36.52,37.04,44.19,49.14,42.57,47.1,41.42,41.56,44.95,37.62,46.33,37.83,53.28,43.29,48.21,44.03
40.22,38.07,45.54,45.76,43.0,37.9,48.14,43.71,42.62,42.29,43.39,45.0,42.33,44.52,45.67,45.22,39.38,46.42,43.29
42.33,41.95,47.12,48.0,45.83,43.57,46.14,44.33,42.24,46.92,38.67,35.67,44.38,41.86,42.22,41.22,44.0,43.68,43.34
42.28,45.07,43.0,42.86,41.54,46.29,42.81,44.9,40.86,41.37,41.5,39.29,48.38,45.86,47.33,40.78,44.0,46.11,43.57
43.22,45.1,45.79,44.9,43.17,43.62,40.14,41.1,36.52,39.12,45.39,42.52,42.33,42.9,44.83,41.89,40.9,38.26,42.32
36.67,48.83,39.38,39.48,45.38,40.38,40.71,45.95,38.67,40.17,42.67,44.24,40.52,40.9,43.44,48.28,52.43,43.63,42.87
44.11,37.57,45.25,41.1,41.46,39.38,42.33,41.33,36.71,45.42,44.89,44.14,48.71,43.57,48.17,54.44,41.81,47.95,43.8
49.33,41.52,41.54,44.52,39.0,38.24,44.33,42.1,37.95,40.75,37.17,43.76,38.95,42.86,49.11,44.33,46.14,41.74,42.41
42.0,38.33,45.04,49.81,44.96,44.76,42.81,41.24,43.43,43.83,39.11,42.14,50.76,37.95,43.89,43.28,42.19,39.84,43.08
45.22,42.62,36.71,42.9,40.54,51.76,38.71,42.67,37.81,43.83,39.61,37.52,46.19,40.19,44.39,50.11,50.52,45.63,43.16
46.78,46.81,39.12,47.0,48.21,47.0,38.43,42.95,46.71,38.04,45.61,47.86,41.29,40.29,50.67,41.06,44.81,46.68,44.41
40.72,44.86,44.46,41.1,45.67,45.57,38.24,40.76,38.71,41.0,40.72,42.71,45.9,40.1,40.83,44.06,48.33,39.37,42.4
38.22,41.55,39.92,45.71,42.17,42.38,44.19,39.14,45.76,42.25,46.28,38.71,47.67,42.71,41.06,48.39,42.71,43.26,42.89
37.83,39.24,41.0,48.33,42.46,46.67,39.48,37.38,40.0,43.21,46.39,37.71,43.52,44.38,49.83,43.28,42.52,45.47,42.71
39.33,41.17,38.04,42.57,39.5,41.38,39.1,41.19,42.52,48.17,41.89,47.0,40.19,36.95,36.83,53.83,40.95,47.74,42.13
41.67,40.17,40.0,41.38,40.58,41.14,43.48,44.19,44.05,44.58,43.06,42.0,38.24,48.76,45.72,50.39,45.19,43.79,43.24
49.06,43.21,36.25,36.14,44.62,35.0,41.71,45.76,48.38,41.29,47.0,46.29,46.48,42.52,50.44,42.33,44.19,41.63,43.46
40.0,42.95,42.5,43.38,41.17,47.86,43.9,45.14,46.33,42.71,46.56,42.19,43.43,40.38,49.0,43.0,43.14,49.95,44.09
38.94,38.62,42.88,34.76,42.0,42.33,42.52,43.43,48.57,42.62,41.39,43.14,38.62,39.62,48.61,42.56,40.95,42.68,41.9
40.33,42.93,44.38,50.43,51.04,40.86,43.9,33.43,44.48,37.25,50.17,43.14,44.14,48.9,41.28,54.61,47.57,42.74,44.53
45.89,42.67,46.33,47.71,46.5,50.81,41.95,38.76,41.76,42.29,43.56,42.9,41.86,41.67,47.22,40.78,47.95,52.0,44.59
43.56,45.57,40.96,43.1,38.71,39.81,47.48,45.33,45.9,43.42,37.78,41.05,46.0,38.1,47.28,47.06,45.38,42.68,43.29
35.89,41.1,45.54,46.1,35.33,49.62,45.19,49.48,42.71,42.29,43.11,45.29,46.81,45.29,43.0,45.33,49.14,46.68,44.33
39.33,49.38,41.54,50.9,38.83,42.1,44.71,42.76,45.62,43.5,50.39,46.24,49.52,36.19,46.44,46.44,48.86,47.37,45.01
49.39,42.17,43.33,37.19,36.83,37.86,48.81,48.05,38.52,42.29,42.5,45.38,51.0,39.86,47.28,48.17,45.62,48.0,44.01
42.61,51.31,46.71,38.24,40.25,43.81,45.67,40.33,42.43,39.12,38.44,41.86,43.76,44.14,37.5,50.39,44.81,45.21,43.14
33.94,45.48,45.21,46.38,39.29,47.1,42.81,41.33,44.9,44.58,45.11,39.1,46.19,38.33,43.5,39.78,44.86,44.47,42.91
34.89,49.83,43.04,43.57,46.71,50.57,36.71,40.33,38.9,39.67,38.28,43.14,43.81,40.95,51.78,50.22,47.05,40.89,43.35
40.83,41.93,46.12,40.1,41.08,49.43,46.52,40.57,50.52,39.96,47.11,40.33,45.71,39.38,48.61,44.28,39.95,47.79,43.9
39.5,43.12,47.58,39.29,49.87,44.95,38.71,43.95,41.38,41.83,41.83,41.14,47.62,42.1,45.72,41.22,44.29,44.26,43.24
38.22,39.21,39.17,44.19,45.04,44.1,43.57,36.0,41.14,37.58,43.61,41.33,48.1,38.19,38.67,44.28,43.38,48.05,41.88
46.56,40.4,50.79,41.9,40.92,38.05,43.52,45.76,36.52,40.29,44.33,40.14,38.52,39.29,38.33,57.17,40.67,46.32,42.75
45.67,49.43,43.92,38.0,42.67,44.95,43.29,33.52,40.52,40.42,42.72,45.33,43.0,41.76,45.72,44.06,46.71,43.0,43.04
36.06,36.48,42.71,37.57,40.71,43.48,44.24,38.14,44.05,43.37,45.44,44.67,48.76,40.19,40.94,49.33,43.76,45.32,42.51
41.83,42.83,43.71,43.52,45.38,49.71,45.57,43.1,47.29,45.71,34.61,43.05,41.24,42.48,37.72,39.11,41.43,41.53,42.77
45.0,43.81,41.88,37.86,41.96,42.24,41.95,45.62,35.67,46.75,37.72,38.57,43.95,39.43,50.06,43.78,47.86,45.37,42.75
43.33,40.6,42.17,42.24,41.96,44.81,51.71,39.67,43.05,44.75,44.94,41.24,39.9,40.48,45.0,39.39,43.86,45.79,43.05
44.61,40.57,41.17,39.19,42.54,41.1,45.81,42.14,43.52,39.0,45.28,41.71,45.38,45.9,50.28,47.67,41.43,47.21,43.58
42.67,39.69,44.42,39.48,38.5,48.62,42.33,41.05,43.43,42.75,36.39,46.62,38.43,48.1,40.28,42.61,45.43,41.37,42.34
44.17,47.57,38.25,48.05,47.67,40.24,41.57,40.29,51.33,42.12,43.28,46.57,42.48,41.86,47.28,45.33,48.81,43.0,44.44
45.61,41.74,33.21,45.19,44.5,48.52,44.52,45.57,46.71,47.08,38.94,42.71,41.1,42.62,40.56,48.83,42.0,46.05,43.64
39.22,40.64,45.5,38.62,35.83,37.9,41.43,47.0,44.24,41.62,42.44,44.43,41.1,52.86,47.33,47.56,42.1,48.42,43.24
46.72,45.43,46.71,43.95,42.33,44.57,40.57,37.19,39.86,38.04,37.83,42.81,48.48,44.24,40.72,39.39,50.62,47.16,43.15
45.28,41.93,44.0,41.57,45.17,40.9,45.57,44.81,44.05,39.17,52.89,45.0,41.76,38.19,45.5,38.83,51.19,39.21,43.61
39.94,39.74,39.46,43.33,43.5,47.43,43.0,47.33,45.1,46.92,50.56,34.81,42.43,50.43,43.33,45.39,43.24,44.53,43.91
41.94,40.12,41.08,50.05,41.29,46.29,44.1,42.48,40.95,39.5,36.11,40.52,40.52,45.71,40.33,40.83,45.24,41.47,42.14
43.39,46.52,42.92,47.19,40.54,36.95,43.67,39.81,43.29,38.21,41.33,42.33,42.1,40.0,48.67,46.22,39.86,45.68,42.7
44.44,46.17,47.21,42.14,40.92,46.48,37.14,38.71,39.05,40.79,35.78,42.14,45.62,39.38,47.22,45.67,40.76,44.84,42.47
41.33,42.64,42.54,41.38,38.42,40.71,47.76,43.57,44.71,40.42,47.28,44.14,37.19,35.43,48.56,45.72,38.33,42.0,42.34
36.56,46.12,48.92,43.38,44.08,44.38,37.86,40.95,42.67,42.67,33.11,43.52,43.86,37.24,27.89,49.39,43.57,43.05,41.62
40.89,35.55,44.67,37.86,40.29,42.43,37.43,36.9,43.9,38.42,43.89,41.57,37.24,44.33,45.39,49.89,50.38,43.68,41.93
42.11,42.74,37.54,43.81,45.96,44.1,46.43,42.38,41.43,42.04,51.22,42.14,38.9,48.43,51.28,47.44,44.33,53.53,44.77
44.61,37.26,37.42,39.14,42.0,44.76,48.76,46.48,44.76,43.13,44.0,48.57,45.0,41.43,50.61,44.22,38.29,44.21,43.59
43.67,44.95,44.38,43.57,37.75,45.62,41.52,40.43,41.86,41.92,38.89,39.33,44.19,41.38,46.83,49.28,45.71,48.79,43.34
42.0,46.9,39.12,40.1,40.29,45.1,45.19,46.1,42.52,40.62,41.61,42.67,41.86,43.33,43.61,53.44,52.19,53.0,44.43
46.06,42.95,35.42,43.24,45.5,39.33,44.14,40.19,36.24,38.62,42.0,41.24,33.1,44.95,42.11,42.06,44.14,52.0,41.85
40.89,46.02,43.46,42.48,45.17,41.81,38.71,36.9,42.9,41.08,41.72,46.71,43.29,44.14,44.0,41.56,43.76,41.74,42.57
33.61,47.95,36.75,43.57,44.25,44.14,45.19,43.76,43.9,42.96,44.56,44.29,42.05,36.43,40.72,49.22,39.48,40.42,42.4
42.61,41.29,36.75,41.43,39.83,43.52,43.86,42.86,42.48,44.21,47.78,41.76,40.48,40.43,42.39,38.94,46.62,46.26,42.42
46.44,46.52,46.0,42.1,47.04,46.24,41.76,38.05,46.43,43.0,44.78,40.1,43.57,38.81,38.11,49.56,50.67,44.26,44.08
42.17,41.5,41.71,40.24,44.67,45.9,44.05,43.43,41.14,47.0,38.33,41.05,45.29,45.48,45.33,47.67,46.24,51.42,44.03
44.89,39.83,43.29,40.76,41.42,40.24,37.0,44.62,38.71,44.83,42.06,39.86,42.52,45.33,47.11,52.39,46.57,46.47,43.22
38.28,43.43,45.96,41.14,38.0,42.1,37.52,44.62,42.86,45.04,46.06,38.57,39.95,41.14,38.06,47.67,43.52,43.05,42.05
38.17,38.4,42.92,42.62,40.79,43.52,41.71,51.38,35.43,44.25,41.94,39.57,35.95,46.43,49.11,49.61,38.67,50.05,42.81
37.56,43.52,43.54,40.95,38.71,40.71,36.52,40.43,43.86,39.92,37.39,47.62,47.95,36.86,42.61,49.94,46.33,43.89,42.13
44.56,46.95,40.67,43.9,39.25,41.05,44.33,49.43,43.48,39.5,37.61,42.52,44.24,42.0,34.06,49.39,48.19,43.26,43.02
48.72,49.31,43.08,45.05,43.0,39.48,38.24,44.62,43.95,49.21,42.78,38.14,38.19,40.62,46.22,49.06,46.38,43.32,43.85
44.44,40.88,41.79,41.38,40.83,47.33,45.67,43.67,42.1,36.88,41.22,38.38,42.19,39.67,42.89,50.89,46.1,44.58,42.83
41.61,45.52,40.83,48.57,44.46,40.43,44.76,41.81,37.81,48.46,41.94,44.38,38.67,38.86,44.44,52.06,40.9,50.74,43.68
45.44,40.88,42.96,45.43,36.75,45.71,38.9,44.52,39.52,40.58,39.11,31.05,47.76,40.14,46.83,38.67,48.9,43.37,42.03
37.11,36.45,40.17,37.86,43.29,47.9,37.76,39.1,40.14,40.5,43.11,49.0,44.9,45.24,44.0,45.94,38.05,38.26,41.6
40.67,49.31,43.96,44.0,45.21,38.29,41.52,45.81,46.81,49.58,40.28,39.43,42.33,38.67,47.06,49.0,46.43,49.0,44.3
42.44,42.79,41.83,45.05,45.46,41.48,42.48,43.14,38.86,39.21,44.17,39.05,42.05,40.9,38.28,49.72,42.24,48.84,42.67
37.06,45.83,44.33,42.76,41.79,42.57,45.81,49.29,44.1,40.21,40.11,43.05,42.86,47.43,40.06,40.61,43.9,39.32,42.84
46.0,40.07,37.17,46.33,42.62,43.43,41.29,47.57,39.9,36.96,39.44,42.52,41.95,41.29,40.89,41.78,45.9,43.68,42.16
46.22,40.48,41.79,43.24,49.42,41.19,42.0,48.05,37.1,37.29,47.5,42.52,37.0,41.57,44.44,49.94,45.19,51.89,43.71
42.94,39.02,39.88,39.38,44.96,47.33,45.19,38.38,43.62,40.17,46.22,38.86,41.1,44.48,48.67,40.83,45.24,50.42,43.15
42.28,42.36,48.08,44.62,47.88,36.33,41.52,46.0,38.71,45.58,38.0,46.57,47.14,39.1,43.17,43.22,47.33,52.0,43.88
42.61,41.81,50.71,35.0,38.21,45.71,47.62,42.38,42.95,37.63,36.5,44.95,40.05,42.24,47.5,43.78,40.05,36.68,42.02
46.17,41.0,47.79,40.57,45.29,41.19,45.33,46.52,45.67,38.88,38.72,42.0,44.57,42.05,45.11,39.56,43.71,40.63,43.04
44.39,43.6,38.37,38.19,42.54,42.43,44.14,43.1,47.33,39.71,45.83,43.19,39.38,39.24,51.5,47.22,47.24,49.47,43.72
48.89,41.86,43.21,47.38,46.5,45.0,44.71,49.05,43.52,39.71,41.83,40.0,42.76,38.95,41.39,44.11,48.81,37.11,43.6
38.44,45.02,42.75,48.48,32.71,38.9,43.67,41.62,37.71,43.88,43.83,41.1,37.95,42.9,38.06,40.67,46.71,39.58,41.33
39.22,38.14,42.62,37.05,45.54,43.14,40.19,41.0,42.05,37.83,39.06,37.29,41.57,45.52,45.33,39.39,44.48,48.11,41.53
44.22,39.05,48.75,35.52,42.04,44.71,41.57,47.24,44.38,45.12,44.06,41.76,42.86,38.0,53.28,40.17,48.86,38.21,43.32
42.94,40.45,39.12,44.38,42.83,44.52,42.29,43.95,40.86,44.17,38.78,46.81,42.0,47.0,49.39,41.67,46.1,43.0,43.35
40.5,46.86,46.0,40.81,38.33,44.0,43.19,41.52,43.81,42.42,43.11,40.57,38.33,45.48,36.56,41.11,51.05,46.05,42.76
43.17,45.76,47.58,50.14,44.12,42.29,41.9,42.19,46.19,41.67,42.5,49.57,41.43,44.48,42.72,40.33,43.95,48.47,44.36
43.61,41.74,44.38,38.62,42.83,44.38,40.67,43.0,41.86,37.83,42.33,42.52,41.19,41.33,48.17,54.28,50.29,41.05,43.34
39.67,48.07,45.62,40.76,44.08,41.52,46.62,46.29,41.86,39.46,47.33,44.81,37.33,39.19,47.44,40.83,47.0,42.47,43.35
40.72,39.48,39.08,41.9,41.0,42.86,40.19,43.62,41.76,38.21,44.83,43.33,44.38,42.14,48.44,51.78,42.57,42.42,42.71
44.94,45.26,45.46,43.81,43.21,47.24,42.52,44.57,46.1,47.21,42.22,47.19,42.67,39.9,51.17,44.56,43.95,41.47,44.64
48.06,34.76,34.46,37.62,39.83,37.95,46.48,38.76,45.86,43.88,44.22,37.38,36.95,34.29,44.0,39.89,46.05,49.32,41.1
42.17,44.17,47.92,40.43,40.63,44.9,42.95,40.33,42.1,48.42,37.17,44.95,44.14,44.33,39.56,55.94,45.29,47.68,44.06
42.11,41.76,39.79,45.67,36.96,47.24,44.52,44.9,41.29,40.37,40.56,47.0,45.0,39.29,41.83,36.33,46.81,46.68,42.67
43.56,45.83,40.92,42.76,37.21,40.05,41.29,42.0,38.62,45.29,38.06,45.19,39.52,40.38,40.67,51.61,45.24,42.63,42.27
30.78,46.21,39.96,32.14,41.62,38.95,47.29,47.1,45.81,38.67,38.06,42.81,40.14,37.86,40.72,45.94,46.81,41.95,41.27
41.94,40.24,47.71,39.62,45.71,41.33,42.48,36.95,46.19,46.83,46.83,40.86,39.86,45.67,50.5,43.89,48.0,44.89,43.86
47.5,39.9,43.92,45.38,41.46,42.81,42.33,45.57,39.38,45.13,36.5,41.48,46.67,42.38,43.33,45.89,39.95,46.84,43.13
37.5,46.07,42.67,48.29,46.92,45.05,40.9,40.05,43.52,42.5,45.89,36.48,40.57,41.24,38.56,43.0,48.71,48.11,43.11
42.67,48.24,37.46,41.05,41.62,38.76,46.0,40.38,39.38,43.63,34.56,42.24,40.9,41.9,45.39,39.89,46.9,46.53,42.08
42.11,42.95,36.21,41.71,40.79,38.52,50.71,45.76,48.43,44.0,40.83,47.67,44.05,46.48,45.5,47.22,48.38,40.79,44.01
44.06,41.36,42.88,39.29,41.38,47.33,45.1,50.33,39.24,39.79,43.78,39.0,38.62,39.24,42.5,48.72,46.52,38.42,42.64
39.11,42.5,44.83,46.67,41.5,47.0,37.86,52.24,45.86,40.67,37.5,43.24,42.86,45.81,37.06,49.22,47.76,42.16,43.55
48.22,39.62,45.25,44.19,40.04,39.14,40.1,45.14,38.95,41.21,33.44,39.24,35.29,44.57,46.78,39.5,47.52,42.63,41.71
40.78,37.83,42.96,44.05,41.71,36.81,44.81,45.57,41.43,44.17,38.72,39.29,44.9,39.95,41.72,48.89,47.86,44.79,42.57
45.39,50.31,47.58,41.95,43.96,40.29,42.81,41.19,36.33,41.25,43.61,39.29,38.71,41.19,39.56,43.11,45.33,49.0,42.83
40.28,38.26,43.21,45.86,42.38,46.05,40.19,41.9,42.38,45.62,41.72,39.86,41.29,43.29,53.22,46.28,46.43,45.16,43.52
44.11,44.45,41.08,41.43,41.62,46.62,45.05,41.29,39.1,40.62,40.61,43.29,41.62,44.38,44.28,41.78,53.05,45.05,43.3
42.0,48.76,37.5,38.48,43.79,39.52,44.71,45.29,41.14,46.08,45.06,38.1,42.0,42.43,49.94,50.06,41.0,43.53,43.3
47.17,37.74,42.0,45.57,41.88,46.52,40.24,42.52,42.62,48.75,41.72,47.86,42.67,43.57,42.17,41.44,45.0,48.58,43.78
39.56,42.81,37.79,39.19,41.29,43.24,37.62,48.19,36.38,45.29,40.89,37.38,39.48,44.0,37.22,40.61,48.43,46.11,41.42
45.22,41.31,39.42,39.57,43.62,44.9,38.67,38.14,41.76,44.79,45.61,43.38,43.14,40.29,41.28,39.33,41.19,43.26,41.94
42.11,40.36,43.25,48.48,42.54,37.43,46.0,44.86,46.05,43.21,41.33,38.19,45.43,43.81,46.94,45.89,49.38,50.47,44.21
34.61,37.02,41.92,39.43,48.04,46.57,46.62,42.52,38.52,44.92,40.44,42.62,44.05,48.71,50.17,33.33,41.29,45.47,42.57
40.72,36.26,43.42,42.19,42.21,40.43,40.29,45.57,46.1,49.25,45.39,37.81,47.62,44.14,40.83,43.06,46.0,52.16,43.52
45.11,39.14,44.08,43.71,46.58,40.86,40.0,44.33,44.81,37.92,41.89,45.14,41.9,43.29,43.89,44.89,43.86,43.74,43.06
46.28,39.36,41.17,44.81,47.25,42.76,47.0,40.14,38.05,48.08,39.44,41.33,48.62,43.29,46.61,43.94,47.76,53.53,44.41
38.83,39.29,46.83,43.29,40.38,40.1,45.76,47.24,40.05,40.54,42.61,44.86,44.52,40.76,46.06,42.61,48.48,46.47,43.26
46.33,41.81,34.88,47.76,41.29,47.81,49.14,41.29,43.05,44.0,47.89,38.29,36.48,46.29,45.28,44.39,40.29,38.68,43.05
44.56,43.02,37.08,43.9,35.75,35.95,41.95,36.1,39.43,40.17,45.5,45.71,39.57,41.86,45.56,45.72,43.43,45.16,41.69
44.28,43.48,39.25,37.9,43.71,41.43,42.57,42.52,44.14,42.42,43.39,42.52,41.86,46.05,50.33,45.11,42.1,49.32,43.47
41.5,36.38,43.5,36.05,45.29,40.57,41.14,43.14,49.48,46.42,36.22,44.1,42.52,43.67,50.78,43.56,46.76,40.84,42.88
38.83,43.0,40.58,44.57,42.21,46.48,45.76,46.24,45.14,39.29,41.89,43.95,42.48,45.62,51.83,46.89,49.86,43.63,44.35
48.72,41.17,41.92,45.38,46.58,40.67,50.76,42.24,36.62,39.79,47.39,41.05,44.24,46.1,43.94,45.5,48.62,39.11,43.88
42.39,42.45,37.75,44.86,38.71,43.9,34.9,40.38,45.43,47.0,45.78,48.81,43.48,43.67,47.72,38.78,45.76,50.0,43.43
48.28,40.98,50.0,42.76,45.62,45.29,42.38,44.24,49.05,38.08,39.22,45.19,44.76,41.38,40.61,54.0,42.9,46.05,44.49
37.33,47.02,42.42,43.71,44.04,36.95,45.71,41.38,45.1,38.42,40.44,40.0,44.52,40.33,46.89,52.0,53.24,46.42,43.66
42.22,37.43,44.17,47.38,38.25,49.24,41.62,46.14,42.33,45.88,47.11,43.33,43.33,43.05,51.83,48.67,41.14,42.74,44.21
44.72,44.17,41.0,47.05,47.04,44.29,42.05,38.57,41.9,51.67,47.72,41.81,40.38,42.9,42.94,46.0,40.57,46.58,43.96
45.22,44.52,41.04,39.29,42.5,48.29,39.14,35.38,43.38,42.54,38.44,35.33,45.76,45.9,45.22,45.39,49.1,39.74,42.57
41.83,46.67,42.92,44.62,43.0,40.33,39.48,46.52,42.33,46.08,44.17,40.14,43.86,45.95,47.11,45.61,47.48,47.47,44.2
34.67,43.9,41.92,42.67,45.54,48.67,48.19,47.76,37.48,46.17,43.94,48.33,41.43,48.71,39.61,47.06,44.52,53.53,44.67
43.94,41.19,43.21,37.71,39.54,35.95,35.67,42.57,43.38,44.63,39.28,41.52,39.57,40.29,53.94,48.0,40.9,47.63,42.16
40.56,42.55,39.58,41.76,48.67,44.76,40.81,45.76,44.38,47.67,34.11,39.71,43.57,41.86,51.56,44.83,44.1,48.21,43.58
35.44,42.36,40.12,46.62,41.62,48.57,41.57,40.19,43.86,45.12,39.67,40.71,37.86,46.14,42.72,43.94,54.43,48.21,43.29
43.22,41.69,51.12,44.1,40.5,43.52,37.76,40.38,42.29,37.71,50.56,47.33,44.52,43.24,41.94,40.94,52.14,44.74,43.76
40.17,47.62,46.29,41.9,45.0,48.81,43.9,41.33,39.71,40.33,36.39,44.19,43.38,38.81,43.78,40.39,40.86,48.26,42.84
44.61,41.79,37.12,45.52,41.79,43.52,42.71,40.76,40.05,42.42,42.94,39.95,41.9,36.29,45.33,49.0,41.57,41.74,42.17
39.78,45.14,43.33,43.05,49.54,42.1,34.76,43.95,43.86,44.46,46.11,41.62,35.57,45.0,49.28,42.72,56.24,42.95,43.86
43.61,45.26,37.96,52.05,47.62,46.71,46.29,42.0,49.62,40.46,48.22,42.57,42.29,37.62,43.5,46.11,43.86,50.63,44.8
43.61,45.12,37.46,45.95,44.29,41.05,51.19,49.67,35.76,41.67,45.72,43.71,39.62,49.52,44.94,42.06,41.76,47.05,43.9
40.72,45.9,40.83,40.95,39.54,42.48,47.29,44.29,46.1,43.96,33.89,42.76,44.95,36.0,43.22,45.0,47.1,46.0,42.83
40.5,46.29,44.79,41.67,44.17,38.52,41.05,38.52,41.19,41.75,44.94,41.05,40.67,52.05,52.61,47.17,47.1,44.89,43.83
42.28,35.95,41.0,41.9,46.04,40.52,37.57,45.43,44.86,44.17,45.89,39.29,38.76,42.95,52.11,46.39,43.14,44.05,42.91
34.94,38.36,50.5,39.95,47.38,44.0,40.57,33.05,51.67,47.5,44.78,36.38,50.52,42.9,47.28,42.0,41.81,48.58,43.45
38.83,40.17,39.33,39.29,39.58,39.43,40.62,36.71,43.9,41.71,40.06,48.95,34.71,40.81,41.06,42.94,44.57,54.47,41.51
41.83,37.1,46.83,38.71,41.12,45.0,41.86,44.71,40.29,39.87,48.56,48.14,44.76,37.52,47.0,50.61,43.57,51.95,43.86
39.61,41.74,43.96,42.86,46.17,41.24,46.0,47.1,42.19,39.21,38.89,49.67,45.52,42.76,47.67,44.61,45.05,45.79,43.89
40.33,43.19,39.38,43.62,46.38,42.24,43.0,41.71,40.24,40.21,37.0,39.33,37.52,39.14,33.61,43.72,47.76,50.53,41.61
41.61,41.24,38.92,43.24,43.17,38.86,45.52,39.71,44.0,41.54,50.22,43.14,44.24,42.9,40.67,37.72,48.57,51.37,43.15
40.11,48.1,43.17,48.43,43.75,40.24,37.52,47.86,43.57,41.71,46.33,47.38,38.0,42.9,39.89,42.44,38.14,51.21,43.38
32.89,38.86,42.29,41.0,40.75,48.48,44.24,43.95,43.24,39.79,36.78,40.81,41.76,42.38,46.72,42.28,50.62,49.21,42.56
48.06,49.4,43.38,37.76,39.96,45.81,43.62,40.95,44.52,45.17,42.39,40.57,43.86,40.33,36.5,44.0,49.71,47.53,43.53
39.72,43.57,43.96,42.57,42.62,39.95,38.24,43.57,48.05,42.17,42.94,42.81,46.52,52.62,39.61,42.61,51.67,43.21,43.69
48.28,40.5,40.96,47.71,46.33,45.38,38.14,41.86,42.57,43.08,41.0,42.24,37.62,41.48,42.5,50.44,48.29,44.68,43.5
40.44,41.26,41.88,47.43,39.42,36.57,38.05,37.14,43.1,39.0,51.39,44.52,33.67,41.76,37.89,49.89,41.29,46.58,41.74
40.61,47.1,44.58,45.1,37.87,41.33,43.43,42.14,38.33,46.62,48.67,44.0,42.38,40.1,42.06,45.94,55.33,47.05,44.04
39.5,38.6,39.83,41.38,42.5,48.57,43.19,44.95,45.48,37.08,47.67,43.86,38.71,40.76,37.22,39.94,40.76,53.05,42.39
39.72,40.29,44.29,41.62,44.54,48.57,40.57,46.76,44.76,44.75,43.89,35.81,43.76,41.33,45.0,42.06,43.76,50.63,43.45
44.94,37.98,44.58,49.14,44.29,39.86,36.95,37.81,37.52,44.67,49.72,38.14,44.19,38.67,51.72,48.39,46.9,43.58,43.28
40.39,40.29,47.71,45.19,38.33,46.29,42.9,41.19,44.19,46.33,44.67,41.67,43.33,43.67,47.89,43.89,43.76,42.89,43.59
44.11,37.88,46.5,41.62,43.04,38.67,44.81,43.57,43.62,44.42,38.0,37.95,41.0,39.71,44.33,43.5,36.9,48.05,42.09
41.83,43.33,41.38,41.38,41.75,43.57,46.86,37.67,42.86,43.38,41.83,48.57,47.19,48.57,43.44,43.22,49.48,49.89,44.23
47.28,41.88,39.08,40.43,37.79,50.24,43.33,44.29,41.33,36.79,35.78,42.86,41.62,44.33,51.67,42.06,46.9,51.26,43.27
37.94,42.62,37.75,34.19,41.33,38.81,37.71,41.14,42.71,43.33,46.17,36.81,41.95,35.14,47.78,48.0,52.0,46.84,41.79
43.83,42.26,46.83,43.81,40.75,44.62,45.19,46.1,43.48,40.62,42.22,43.48,45.81,43.48,50.89,43.17,44.67,46.68,44.33
42.67,40.48,45.29,43.05,42.88,41.29,38.29,38.38,45.48,45.87,40.33,42.05,46.38,39.0,44.61,48.56,43.05,50.21,43.21
45.94,40.07,40.92,44.9,46.29,46.81,44.38,43.14,40.48,50.54,35.17,42.81,43.52,36.24,45.78,42.61,43.0,47.0,43.31
46.94,43.86,41.96,44.95,40.92,42.05,42.0,43.1,41.67,45.29,44.72,42.95,33.43,43.9,42.61,49.22,42.48,46.53,43.25
40.44,49.52,40.71,36.67,46.21,44.52,41.05,44.05,41.52,44.17,47.67,42.71,50.81,41.57,49.11,48.67,47.71,45.26,44.58
47.72,49.74,37.71,44.48,37.29,40.43,42.38,48.9,47.19,38.33,43.33,45.33,36.14,39.33,49.39,47.44,40.76,46.79,43.48
42.44,46.12,45.71,38.14,42.08,42.86,41.9,43.52,45.57,42.83,47.72,39.14,45.86,47.81,42.78,48.56,49.33,37.32,43.87
40.89,39.43,37.38,39.1,37.42,41.57,50.14,40.67,43.38,39.21,42.39,45.9,39.62,42.95,39.89,48.39,42.76,45.95,42.06
35.06,38.95,39.71,43.86,39.75,40.33,37.76,40.33,42.71,43.17,44.11,46.48,41.0,39.0,41.72,45.89,44.81,45.74,41.69
40.28,35.48,43.79,39.67,42.25,40.71,39.38,46.0,41.76,41.5,38.5,41.05,46.86,38.43,34.83,43.44,44.05,51.11,41.62
44.61,50.4,45.79,35.29,41.42,47.43,51.14,43.14,38.19,45.71,41.28,44.33,42.05,40.33,46.5,46.0,42.05,47.0,44.04
40.28,40.93,39.96,42.62,41.17,36.33,49.14,37.0,39.43,41.0,41.56,34.95,38.81,37.71,43.39,41.22,42.0,53.79,41.18
46.78,40.76,46.96,39.19,44.08,41.48,48.76,42.62,41.19,41.71,43.78,37.67,45.52,40.43,46.78,49.67,45.05,48.53,43.94
38.11,45.29,37.5,48.71,37.83,39.33,43.29,45.95,40.81,42.5,43.39,37.19,42.86,43.1,44.0,50.61,48.24,43.42,42.9
39.5,43.43,39.17,44.33,41.62,47.67,40.76,41.29,38.62,44.54,40.89,48.62,37.43,39.62,48.61,46.83,43.62,44.79,42.85
46.44,45.19,43.46,42.76,42.83,44.71,44.62,45.0,40.9,37.5,45.89,41.1,35.05,47.86,44.5,46.56,41.81,43.95,43.34
39.78,44.52,43.83,45.9,45.71,37.38,40.71,51.48,41.67,41.29,42.56,43.71,40.29,46.81,46.44,44.89,43.52,46.53,43.72
46.56,32.98,45.46,40.86,43.25,36.57,42.24,41.86,36.0,40.75,35.78,38.48,42.9,36.14,47.61,41.28,40.52,43.11,40.69
43.83,43.0,42.0,40.48,42.21,43.1,37.14,38.38,41.24,42.33,41.0,40.38,47.05,44.86,34.89,41.61,49.38,39.42,41.79
39.06,47.1,44.04,41.24,40.71,46.9,39.62,44.29,38.29,37.88,41.89,45.52,46.29,42.24,41.0,46.5,48.76,44.21,43.08
39.56,45.14,46.12,44.57,47.33,37.57,46.33,48.71,45.67,43.54,45.28,45.14,39.38,43.19,46.28,48.5,38.24,43.0,44.09
43.72,41.71,36.67,44.05,49.54,41.76,42.24,41.1,38.33,42.46,44.0,46.71,50.95,42.0,55.0,45.22,46.05,48.42,44.44
49.94,42.79,41.54,41.9,42.87,45.43,34.67,39.1,44.9,44.08,43.39,45.0,41.24,40.48,46.5,49.72,41.48,43.11,43.23
39.17,42.48,40.0,45.29,44.67,46.67,41.19,39.19,45.62,43.04,43.22,44.57,45.19,45.38,38.06,39.89,45.43,42.11,42.84
48.78,45.45,42.58,37.52,39.62,42.14,44.29,44.24,39.29,37.12,43.17,38.0,40.76,44.62,46.89,46.89,40.38,44.37,42.56
47.56,35.55,35.96,39.33,41.88,47.43,39.38,47.48,39.81,41.42,41.0,43.1,43.19,46.9,48.61,48.67,44.52,44.42,43.12
43.67,39.1,49.5,43.62,36.13,43.43,39.48,35.9,41.33,39.63,47.83,43.57,38.71,41.81,58.0,39.28,46.38,45.26,42.92
44.39,41.5,43.58,46.38,46.0,46.48,36.1,46.76,40.1,44.08,48.72,38.29,46.05,38.81,44.22,49.72,47.95,37.58,43.71
44.89,39.81,40.0,45.14,42.29,42.57,41.71,43.19,46.48,43.33,31.44,40.71,43.52,40.71,39.33,52.06,49.05,45.0,42.85
39.33,46.19,37.58,43.48,41.67,44.24,39.95,40.05,44.62,45.71,44.22,43.24,37.52,43.05,39.94,51.83,47.76,44.21,43.03
44.56,45.88,43.17,39.43,43.37,42.05,41.1,41.48,40.19,42.75,41.0,44.14,38.86,42.0,34.33,40.94,47.86,46.05,42.18
40.61,43.19,46.46,40.33,42.88,45.14,45.1,36.62,47.29,40.21,41.72,43.0,43.33,46.67,42.61,36.39,43.24,46.53,42.85
44.56,37.21,44.21,32.9,40.79,43.57,46.52,44.52,38.71,39.08,44.72,41.9,42.05,48.71,49.28,40.17,41.38,47.42,42.65
43.17,39.24,42.17,40.1,34.79,35.29,42.57,42.0,44.52,41.12,38.78,43.05,47.67,41.52,38.83,41.44,39.38,46.47,41.23
44.56,46.71,42.92,40.0,43.29,40.81,42.62,36.43,51.81,36.46,40.72,36.52,34.14,38.95,38.5,45.0,43.1,49.37,41.77
40.67,37.24,40.29,40.29,42.88,45.71,42.19,44.95,47.48,46.75,37.28,42.1,39.14,39.19,40.5,45.33,46.14,47.74,42.55
50.67,46.76,39.67,44.05,39.38,42.38,41.0,48.76,38.38,42.04,42.11,42.29,43.43,39.33,36.72,36.72,40.33,42.95,42.05
40.28,36.31,42.54,40.57,40.83,43.62,37.67,45.38,42.0,45.21,39.39,43.33,42.76,48.33,43.94,35.28,46.62,43.32,42.08
39.39,44.52,44.17,45.71,37.88,41.14,48.52,46.05,43.1,41.54,36.44,45.62,46.95,39.86,49.61,43.06,42.76,42.79,43.28
40.06,42.19,43.67,41.14,43.17,50.05,44.71,41.0,45.38,47.38,49.44,44.86,44.43,47.57,40.17,42.61,42.9,36.11,43.71
44.67,37.74,43.58,39.29,43.96,38.05,38.38,42.33,43.1,36.08,45.33,47.33,44.1,39.24,43.44,47.06,41.67,49.89,42.51
48.0,45.19,42.0,39.14,42.0,41.81,45.43,41.67,41.52,37.92,44.67,46.38,38.67,44.43,42.61,52.11,43.57,43.05,43.34
38.61,38.07,38.0,36.38,35.29,41.48,48.62,46.52,42.05,41.83,44.33,40.9,40.9,41.1,46.89,46.33,43.76,39.58,41.7
43.33,42.24,49.96,38.81,46.37,44.0,38.48,42.52,41.48,43.38,44.5,43.9,47.52,40.57,45.78,45.72,43.57,37.11,43.29
37.78,45.31,45.29,48.14,39.08,44.43,35.9,37.1,38.71,43.67,41.06,42.05,35.9,41.24,52.11,45.39,37.48,41.26,41.77
41.5,45.4,40.25,39.19,47.33,44.33,38.19,41.19,43.86,44.5,43.56,35.43,42.71,38.95,48.56,42.17,36.81,44.26,42.12
44.17,44.81,44.75,42.62,43.38,43.0,40.86,44.14,42.57,42.25,47.44,45.24,46.38,39.81,44.44,44.17,50.76,48.79,44.42
35.89,46.0,43.92,49.9,38.96,44.95,39.71,41.86,42.81,39.17,44.61,35.9,43.71,42.71,37.33,43.28,47.52,39.89,42.12
45.56,37.6,47.33,40.24,45.96,48.1,41.1,35.14,36.24,39.21,42.33,43.05,42.81,41.81,42.06,38.17,45.57,44.74,42.06
38.39,45.69,43.0,39.33,44.96,35.52,34.19,46.95,38.57,39.08,40.78,44.43,41.52,47.19,47.0,54.67,48.05,43.26,42.92
41.61,44.4,37.0,40.38,43.96,44.9,43.14,46.76,36.38,41.5,43.0,45.1,45.76,45.67,43.61,41.06,49.67,49.37,43.52
42.44,38.64,41.83,42.14,44.5,47.38,44.14,42.19,32.1,39.92,43.06,44.95,42.19,35.19,41.44,45.94,51.1,45.21,42.47
40.28,44.05,40.46,46.62,42.67,40.71,43.19,41.43,45.05,40.54,44.61,45.95,39.29,48.29,48.11,49.72,42.43,43.95,43.74
41.11,44.71,46.0,44.86,44.79,43.0,44.86,44.38,42.1,43.37,37.5,39.81,38.71,42.48,46.94,49.94,39.9,41.0,43.08
42.61,42.36,41.67,44.1,44.29,41.19,45.62,40.48,37.19,45.29,44.44,49.67,42.29,48.95,40.61,42.0,46.67,44.58,43.56
41.06,45.95,48.83,47.05,45.75,45.76,43.43,40.38,41.9,41.96,41.44,41.48,47.76,37.86,46.56,40.22,45.33,50.42,44.06
40.61,41.19,42.38,40.57,48.04,40.38,40.76,41.9,43.1,40.25,46.78,44.57,44.38,43.0,42.94,41.72,44.57,43.58,42.82
42.72,40.86,40.04,47.05,39.88,44.38,43.29,34.48,42.24,44.58,42.83,40.62,40.33,43.95,45.28,46.22,49.19,47.37,43.07
42.72,39.81,37.42,44.19,46.42,47.0,43.1,36.67,45.05,47.75,45.39,42.9,42.71,35.14,41.61,47.78,38.05,41.0,42.48
38.22,39.26,46.67,44.95,42.96,49.81,41.43,39.62,43.52,35.04,38.56,42.52,42.67,41.05,40.83,44.83,46.57,40.79,42.18
45.33,44.83,37.33,46.29,40.96,44.24,42.57,40.52,45.52,38.08,48.33,43.14,39.9,44.0,44.72,46.33,45.0,48.84,43.66
38.0,37.05,41.42,47.24,45.13,46.76,45.33,45.43,37.67,35.79,39.17,42.24,39.81,40.38,37.78,43.78,42.48,46.89,41.8
42.56,42.24,46.54,44.33,46.92,38.0,43.95,42.33,42.57,40.0,44.89,43.67,49.95,39.33,40.28,39.94,44.29,41.11,42.94
42.83,40.55,39.46,41.76,34.33,43.14,39.43,46.76,38.29,41.62,40.17,43.0,44.14,48.71,42.17,47.94,46.43,41.26,42.33
39.33,40.71,36.38,41.33,44.04,44.1,41.14,44.57,55.81,35.42,43.17,40.24,43.86,43.48,49.39,36.17,36.57,44.84,42.25
43.06,39.1,39.08,38.48,38.0,48.62,43.0,38.57,44.62,43.92,44.22,41.19,39.43,44.43,44.56,38.89,49.19,35.42,41.88
43.11,43.31,43.29,37.9,38.25,44.29,37.43,45.24,42.67,47.0,43.94,47.38,46.24,37.86,51.72,45.22,43.52,45.74,43.56
47.67,49.38,39.08,43.33,42.83,41.1,40.81,38.24,43.33,41.54,40.22,40.29,39.38,45.95,48.11,44.17,35.38,43.95,42.49
44.56,41.62,42.79,42.95,50.54,38.62,42.14,44.33,39.52,40.25,49.39,42.9,39.0,40.95,36.83,50.0,41.67,47.53,43.09
43.11,41.36,41.88,43.95,44.96,48.62,41.48,41.05,38.33,44.46,46.22,39.24,44.52,37.52,51.67,44.67,48.33,44.68,43.67
40.67,39.5,41.83,45.24,46.54,44.19,41.24,45.24,37.29,38.71,37.89,45.86,42.67,45.19,43.5,49.28,47.52,41.37,42.98
45.17,41.17,43.12,43.9,41.71,40.19,40.38,44.38,44.71,44.71,37.89,46.05,45.38,40.24,45.89,42.61,39.48,48.95,43.11
41.72,34.38,40.58,38.57,39.75,43.48,43.62,46.48,40.71,44.38,43.83,42.0,50.29,39.95,38.78,47.06,42.19,51.37,42.73
38.44,49.43,46.42,41.81,37.79,38.48,41.9,37.43,38.0,43.79,40.89,40.95,41.19,40.29,47.33,47.06,51.1,47.11,42.74
45.39,40.6,45.58,40.9,42.88,45.43,44.24,51.38,44.38,44.5,39.89,43.57,46.95,40.81,42.0,38.39,47.14,43.0,43.72
39.56,46.02,42.67,43.24,41.62,44.43,40.19,44.19,42.81,40.17,40.56,43.86,39.19,38.38,43.28,43.72,46.52,49.26,42.76
41.67,44.0,41.88,39.76,43.58,45.62,47.1,39.0,45.19,42.13,44.06,43.67,44.52,48.71,43.28,36.78,46.1,38.53,43.09
44.44,44.29,41.42,40.71,43.92,47.48,39.38,42.67,48.95,42.17,49.72,40.48,41.52,42.57,36.61,48.56,43.57,39.0,43.19
46.06,41.14,33.71,43.29,39.42,42.38,44.48,42.33,40.33,47.96,36.56,42.81,43.95,41.33,53.06,46.44,38.9,46.74,42.83
47.72,38.69,44.13,45.52,48.21,47.14,36.62,43.29,37.19,46.29,37.06,46.62,42.62,41.1,51.17,49.89,40.05,47.11,43.91
46.94,41.9,42.5,46.62,40.71,49.0,46.24,42.71,47.33,42.17,48.94,46.81,44.48,43.24,50.39,45.0,47.1,44.11,45.34
50.28,42.1,43.21,44.48,49.13,47.1,45.57,40.33,43.62,38.83,40.28,42.81,34.9,41.38,43.0,49.61,38.95,41.47,43.17
42.39,39.02,37.58,44.1,40.29,42.9,39.67,45.71,43.43,41.17,41.22,39.86,40.9,45.29,43.11,47.11,39.1,44.32,42.06
44.39,43.86,38.58,40.86,42.58,45.62,40.19,46.19,46.81,43.04,48.67,47.05,41.52,40.62,48.0,39.44,49.62,48.63,44.2
40.33,45.31,45.79,40.71,38.21,35.62,45.0,38.0,45.62,40.0,41.06,42.1,40.57,41.1,42.61,52.33,41.43,40.32,42.01
43.06,46.26,44.33,45.81,38.96,45.86,42.0,38.95,43.24,45.04,38.17,45.29,42.95,43.62,46.83,43.61,41.29,37.05,42.91
43.89,40.69,47.17,37.52,44.08,39.95,43.81,44.57,47.33,43.25,37.28,42.95,45.14,41.67,41.0,45.89,45.19,41.63,42.95
38.61,41.12,43.38,38.76,43.21,42.38,40.1,43.67,45.05,40.62,43.89,38.62,43.05,42.52,52.11,42.5,45.43,44.16,42.73
38.67,48.31,41.13,43.52,42.33,36.52,46.38,36.95,42.9,38.08,38.06,39.14,46.0,40.19,46.89,42.06,41.76,52.05,42.28
43.5,51.48,40.71,48.9,40.88,47.62,41.62,39.71,40.38,41.5,43.39,42.9,45.48,37.71,43.72,35.72,45.38,41.53,42.9
41.39,40.95,44.04,47.76,39.5,44.71,34.43,39.9,45.95,41.33,41.44,39.19,39.48,44.76,42.94,42.28,49.57,40.89,42.25
32.83,48.24,42.42,37.81,40.96,48.43,42.19,41.43,34.24,39.38,46.0,38.76,48.67,44.52,49.28,47.89,41.71,47.53,42.9
41.5,46.71,35.5,39.29,38.04,45.81,44.62,42.14,39.19,41.67,42.11,46.05,45.05,44.48,40.78,49.61,43.52,42.95,42.72
38.22,50.93,43.25,39.0,42.42,45.1,42.95,41.43,44.0,40.37,40.11,40.48,48.19,40.62,41.5,42.44,45.9,45.84,42.93
33.72,44.05,40.42,40.81,47.12,41.9,45.33,44.9,43.86,45.62,45.22,45.14,44.57,47.14,49.39,51.06,41.76,39.32,43.96
47.5,41.1,43.62,44.05,44.79,46.1,45.62,47.24,38.62,42.37,39.72,40.9,41.29,45.62,47.39,52.17,42.71,47.0,44.32
38.61,39.76,31.21,46.0,40.33,36.62,36.71,38.67,45.38,36.42,41.78,38.86,39.43,37.05,43.67,43.33,44.62,42.42,40.05
41.89,44.5,38.5,38.62,50.96,38.48,46.48,36.14,45.0,42.79,45.33,36.9,41.33,41.76,44.67,42.94,49.9,48.68,43.05
41.67,38.6,40.79,46.14,49.5,45.71,41.9,42.81,42.29,41.42,40.06,44.81,39.62,38.86,48.0,51.94,53.81,49.63,44.31
46.83,49.6,43.42,42.24,44.42,42.52,45.43,39.76,42.19,43.87,43.44,45.76,40.48,46.14,46.5,48.67,45.71,40.16,44.29
39.5,37.64,37.92,37.95,37.38,44.0,41.14,41.95,37.9,46.96,41.39,39.38,48.24,50.1,47.61,37.39,41.81,42.21,41.69
42.17,41.74,41.08,35.0,40.04,42.19,43.14,41.33,44.81,43.79,40.61,44.43,42.67,43.9,40.89,50.56,47.14,44.0,42.75
39.22,40.79,44.75,41.14,41.54,43.1,45.14,40.38,39.19,44.83,45.78,43.71,43.1,42.95,41.5,50.06,40.43,50.53,43.23
43.0,41.36,42.29,39.95,37.25,39.05,46.38,45.76,44.67,43.62,41.33,42.95,45.33,44.1,43.67,46.22,44.38,44.21,43.08
48.06,38.45,39.92,42.86,49.37,38.57,45.43,38.33,46.1,47.33,43.0,46.24,38.86,42.62,42.78,40.5,37.62,48.68,43.04
43.0,44.83,42.62,47.81,44.96,46.86,40.19,40.52,41.1,41.79,37.72,38.24,37.43,46.86,36.61,48.83,39.81,51.26,42.8
37.67,42.05,41.5,43.81,41.42,51.19,42.24,44.48,43.43,43.17,42.17,42.48,41.1,47.71,45.56,47.89,41.29,49.37,43.81
42.61,39.45,41.46,50.67,42.21,42.76,43.95,36.76,39.0,45.5,45.5,46.9,44.14,44.19,42.78,47.44,47.14,39.68,43.45
42.94,43.67,38.62,42.24,40.62,45.71,44.33,42.95,41.67,39.0,43.17,40.1,44.29,46.33,48.72,41.22,43.76,53.16,43.47
51.78,42.5,48.17,40.81,40.92,43.1,41.71,46.81,39.57,40.5,42.56,40.38,42.38,44.19,48.28,44.5,47.76,41.68,43.76
42.33,45.07,48.75,47.52,42.21,41.1,45.0,43.19,48.48,42.38,42.72,48.95,44.33,44.52,50.89,39.61,32.81,46.05,44.22
40.17,45.79,44.83,39.52,42.38,46.71,44.05,41.81,39.05,45.96,44.83,47.43,41.14,46.81,49.67,45.33,42.38,43.11,43.94
44.33,40.36,42.88,39.48,45.08,33.86,49.57,44.33,47.76,38.67,42.56,38.86,43.95,36.14,44.83,41.5,45.62,43.37,42.4
46.0,37.79,43.42,40.67,47.33,35.0,43.14,38.52,44.95,45.42,41.33,42.33,41.52,37.86,46.0,49.44,49.19,42.53,42.91
42.78,39.33,40.92,40.95,36.58,47.33,36.67,37.71,38.24,43.58,40.22,44.9,43.67,44.14,45.28,40.22,44.29,39.89,41.48
43.39,47.05,42.38,44.95,44.08,42.67,41.95,43.76,43.67,44.67,42.78,44.43,41.95,38.62,42.39,50.22,45.29,53.53,44.32
45.06,38.45,43.25,53.19,38.04,41.1,38.33,40.76,37.43,42.67,45.33,42.43,47.43,36.76,47.44,44.89,43.05,42.47,42.67
43.5,45.57,40.75,39.43,42.17,37.95,38.14,51.1,45.43,43.54,44.72,42.1,37.62,40.86,42.44,49.33,38.81,55.16,43.26
43.89,42.95,36.54,39.95,41.67,44.57,42.95,42.71,46.24,40.96,41.56,40.0,45.95,49.14,35.83,47.61,43.95,49.05,43.09
42.56,41.93,40.29,44.33,46.67,46.1,39.71,41.1,43.38,46.33,42.78,45.05,43.86,41.29,50.78,50.5,46.24,48.84,44.54
47.94,43.4,40.0,38.9,44.67,42.33,41.62,39.14,43.1,49.0,41.67,45.19,43.43,41.81,46.5,53.33,50.95,47.05,44.45
45.78,38.62,38.25,37.52,39.71,47.52,42.95,41.81,41.57,45.04,36.72,41.71,44.86,42.19,49.28,48.11,48.1,41.21,42.83
47.72,42.55,41.0,43.1,41.33,42.9,46.05,42.71,45.1,43.79,37.61,45.81,41.57,44.86,41.33,48.44,44.48,42.58,43.5
40.11,41.1,45.96,46.05,40.62,47.95,42.76,41.62,42.86,40.79,36.44,42.71,36.81,40.62,42.11,42.5,38.62,53.0,42.37
39.22,42.48,46.5,43.1,36.83,39.14,43.1,39.33,50.24,40.75,42.11,36.9,41.33,45.62,42.11,40.44,46.71,45.95,42.33
45.89,39.05,43.37,46.33,46.54,36.1,46.05,48.71,47.71,46.12,37.06,42.29,40.19,43.48,46.83,48.44,46.62,49.37,44.45
42.0,44.71,43.58,43.38,44.63,40.19,44.67,43.43,33.52,41.25,41.06,43.9,37.52,36.81,43.67,40.78,40.95,49.11,41.95
42.22,40.76,40.92,40.38,42.83,44.57,38.43,41.57,41.1,46.33,44.83,45.0,44.05,46.86,46.72,50.83,48.38,43.05,43.82
41.94,44.02,43.71,38.05,43.88,41.76,41.14,46.14,44.43,45.79,39.06,48.1,47.0,42.71,49.56,43.5,45.0,45.0,43.93
51.0,46.93,43.33,43.48,44.96,46.38,40.1,37.9,46.38,40.75,42.06,39.33,43.05,37.81,49.67,47.22,42.48,40.32,43.51
42.72,42.38,39.17,43.9,42.83,38.81,49.52,44.86,34.62,41.33,48.61,41.43,39.62,38.57,46.11,43.56,49.95,35.89,42.44
41.83,40.02,43.58,46.43,45.79,46.1,42.62,47.19,45.0,39.33,44.83,43.95,40.43,43.05,39.89,39.17,43.52,45.53,43.24
43.17,34.64,44.38,34.57,43.42,45.86,43.76,43.86,42.24,44.92,41.78,44.24,42.1,45.81,47.61,42.06,42.67,47.11,43.01
48.33,44.62,33.46,45.81,41.92,42.24,39.24,42.48,38.19,41.62,44.22,46.05,43.1,35.14,38.0,49.5,48.62,43.89,42.58
40.5,40.74,42.58,42.9,42.21,43.9,40.19,45.19,41.48,43.08,39.44,45.95,36.43,47.1,40.56,42.94,47.1,49.42,42.87
47.22,39.86,43.58,46.62,42.33,41.48,42.43,46.05,45.71,42.29,40.17,46.71,46.0,43.9,43.39,50.39,47.57,45.47,44.51
39.94,46.71,42.12,39.52,42.71,46.29,41.67,35.95,45.67,45.79,48.17,45.57,40.38,43.14,45.44,45.06,43.62,46.0,43.54
41.67,40.31,39.83,45.62,47.33,44.62,43.52,48.1,36.1,45.54,40.28,39.1,45.05,44.86,45.89,43.06,45.43,39.58,43.1
50.39,38.14,40.58,45.24,44.96,44.76,39.29,45.48,42.33,45.04,43.17,41.14,38.14,41.95,45.67,44.89,44.52,42.21,43.22
42.28,36.74,42.17,41.71,41.04,48.0,43.48,49.71,41.57,38.75,43.56,49.9,48.24,44.48,45.33,43.17,42.95,48.21,43.96
43.67,36.57,43.17,45.1,39.42,38.1,42.95,41.19,47.14,41.96,44.78,45.1,42.48,48.24,48.89,42.89,52.81,39.68,43.56
36.72,46.9,38.33,44.29,44.79,40.1,40.05,44.9,41.71,45.38,50.67,46.0,42.05,42.29,41.67,49.39,44.38,43.32,43.5
42.06,38.52,40.92,42.67,41.33,41.29,49.43,38.62,38.19,44.21,40.28,47.52,42.14,45.81,47.5,46.72,43.9,46.89,43.22
41.78,43.0,47.88,43.0,48.29,43.76,39.48,39.57,40.57,46.04,44.06,41.86,37.14,41.62,38.06,42.17,46.0,50.84,43.06
44.0,43.33,41.42,39.19,41.42,37.14,39.76,40.38,41.48,46.29,43.39,39.71,39.71,45.76,46.67,46.61,46.38,41.32,42.44
49.89,42.4,43.46,41.71,44.5,42.43,34.67,40.0,47.76,44.25,36.28,42.1,46.0,44.52,53.78,43.5,45.05,45.47,43.76
40.72,43.81,43.88,36.81,43.46,39.48,46.1,40.86,45.86,47.92,43.67,43.29,39.71,41.33,45.89,42.78,42.76,33.53,42.32
45.11,42.55,42.17,39.62,44.67,49.1,47.67,46.24,44.1,41.46,45.0,40.38,45.1,47.76,41.72,38.89,49.86,40.32,43.98
46.83,35.29,41.17,50.43,45.0,42.24,40.24,43.19,40.05,39.67,44.06,39.81,44.29,44.86,44.89,39.0,43.29,48.84,42.95
39.72,44.24,43.25,43.76,49.21,39.24,35.9,52.24,40.38,35.83,46.94,35.9,39.29,47.33,42.22,46.17,40.62,49.16,42.86
38.06,43.31,43.75,41.29,39.5,45.43,43.86,33.05,45.19,42.83,44.28,38.05,45.24,39.95,42.22,42.44,45.38,42.79,42.03
45.72,43.26,48.08,42.33,39.25,40.19,35.67,43.67,37.33,41.13,43.44,41.1,37.24,40.33,43.06,47.83,49.14,47.95,42.6
39.11,42.36,43.33,44.76,45.04,40.86,39.14,43.86,41.52,38.71,40.17,46.86,42.76,42.38,51.67,46.89,35.76,47.95,42.95
36.5,36.43,39.96,38.81,43.62,49.86,36.95,41.81,45.0,33.29,42.0,36.29,39.1,45.33,45.39,41.11,44.0,43.84,41.07
44.11,42.12,41.54,42.48,44.67,43.43,45.81,38.95,38.67,40.17,42.89,38.0,43.14,44.81,43.33,49.72,47.71,47.47,43.28
41.83,46.6,42.54,43.1,45.04,35.81,45.48,44.24,41.81,45.08,38.33,46.67,44.1,43.86,41.28,53.28,39.29,47.84,43.68
37.44,37.81,43.62,42.24,43.58,40.67,40.67,40.38,39.71,45.75,39.89,42.14,39.19,42.05,53.61,50.0,47.76,47.89,43.02
41.5,41.93,43.0,43.33,42.92,39.81,42.19,44.0,35.95,41.96,40.56,37.38,44.48,41.1,43.78,41.83,47.43,54.37,42.64
39.17,45.79,44.33,42.67,51.29,38.67,44.43,35.81,44.1,39.12,44.33,46.14,47.29,43.52,47.78,40.11,43.52,51.0,43.84
45.22,37.9,46.0,41.81,46.75,44.62,36.0,41.29,35.24,43.54,39.78,40.67,42.57,39.71,39.39,42.94,49.14,43.84,42.02
46.11,44.67,42.46,42.81,41.29,43.86,44.67,39.14,42.33,44.75,37.72,36.81,39.38,44.62,54.11,40.28,40.33,42.32,42.65
47.56,43.81,41.17,48.62,40.88,41.19,41.67,39.86,43.05,36.17,44.33,40.33,36.52,40.81,43.94,53.06,45.62,43.95,42.92
43.67,42.05,43.25,41.62,41.42,41.76,40.48,46.86,42.67,43.0,44.67,43.0,35.9,41.1,45.17,40.11,44.24,42.0,42.39
42.44,45.02,42.71,44.52,44.46,38.62,43.71,42.67,40.19,39.5,31.56,38.24,41.48,41.76,51.61,55.28,47.05,37.26,42.67
38.22,46.38,43.33,42.86,46.79,40.71,43.05,42.38,39.86,41.0,47.33,45.81,42.95,41.43,44.83,48.44,35.76,48.32,43.3
41.28,41.14,48.08,43.67,42.29,46.43,45.43,41.43,39.71,47.21,38.72,49.29,50.62,38.43,45.28,46.39,48.29,54.16,44.88
34.78,43.36,46.67,46.52,43.29,35.24,47.29,46.38,40.24,42.67,44.44,38.14,42.95,41.19,48.72,51.17,46.81,38.16,43.22
47.78,38.19,36.71,43.9,42.0,48.1,42.1,36.81,44.57,50.17,37.11,39.38,40.1,46.95,37.44,43.33,48.48,41.26,42.47
47.44,37.67,41.38,46.62,47.67,47.38,36.71,47.76,46.33,44.75,39.22,49.0,41.57,43.71,42.28,47.0,50.71,44.63,44.55
41.83,49.67,44.0,42.38,43.92,40.05,37.19,39.33,42.71,42.62,42.5,44.57,49.33,40.19,42.44,40.83,50.0,45.16,43.26
42.83,40.14,47.67,38.76,39.96,39.43,41.52,43.05,41.43,47.04,43.61,49.71,40.95,31.57,44.22,43.39,45.95,37.89,42.17
43.0,40.52,40.25,43.05,46.88,41.9,41.71,40.52,36.43,38.96,35.61,43.24,43.19,36.52,49.83,48.0,46.24,52.42,42.68
46.28,41.81,43.0,46.81,45.58,43.52,43.33,43.29,46.14,41.25,44.17,41.62,44.1,44.62,45.0,44.17,40.71,47.05,44.02
42.78,47.24,44.13,42.81,39.96,45.57,41.29,48.76,42.95,43.17,41.94,45.38,45.24,41.95,45.72,50.28,49.48,44.79,44.63
43.89,44.64,39.88,41.95,43.58,36.67,46.14,46.38,44.71,43.5,37.89,37.19,44.71,40.52,45.33,50.44,44.33,45.16,43.16
44.0,41.64,46.33,36.05,44.42,40.38,38.86,42.57,42.62,42.67,39.89,37.14,47.81,45.0,42.33,45.28,43.52,46.0,42.58
44.0,43.76,37.33,44.86,42.25,39.1,44.0,38.05,41.81,45.58,47.94,41.9,42.43,42.86,41.5,47.06,47.0,45.63,43.17
35.78,41.29,46.33,38.81,46.42,43.52,46.71,42.95,47.48,43.71,48.44,42.95,47.81,40.57,38.39,48.67,41.14,49.11,43.89
45.22,44.26,43.21,35.71,39.46,42.38,45.1,44.52,42.14,37.42,48.89,41.24,44.95,44.81,36.33,43.89,50.05,49.84,43.3
43.83,38.83,39.75,36.52,45.58,41.14,44.43,48.1,42.19,44.67,42.39,48.9,45.62,38.57,52.22,40.06,46.1,46.11,43.61
44.33,41.26,41.54,42.05,43.12,40.29,43.19,40.62,41.43,47.5,31.61,48.0,40.86,38.52,39.28,45.78,45.43,45.42,42.24
52.56,48.86,40.79,46.52,47.71,37.95,45.76,42.43,43.14,41.46,47.33,41.52,47.24,40.67,44.89,50.17,46.24,45.16,45.02
40.72,36.55,37.79,37.57,36.83,39.43,42.95,43.0,41.0,46.42,50.5,42.67,48.38,45.48,49.89,49.72,46.43,40.68,43.11
44.33,42.05,39.96,41.81,41.63,50.38,46.48,46.19,41.48,40.25,40.89,44.9,40.43,43.05,44.83,52.39,42.67,55.16,44.38
40.33,46.29,41.08,49.43,44.5,43.62,42.05,38.86,45.52,40.62,43.39,50.1,42.29,37.76,43.11,42.5,45.57,50.74,43.76
40.56,38.79,41.58,43.19,46.38,41.05,45.24,42.52,41.05,38.96,42.72,39.1,44.33,44.62,45.67,44.83,49.57,36.68,42.6
43.94,45.02,42.25,38.19,44.96,42.9,42.9,37.71,44.43,41.12,46.67,43.86,45.29,42.86,48.11,48.67,45.24,42.26,43.69
45.11,44.55,40.71,44.1,44.88,46.05,43.14,38.67,38.71,44.71,43.33,44.57,46.0,44.24,43.67,49.0,38.86,45.95,43.68
44.72,40.64,42.83,43.38,46.33,39.1,41.76,43.67,39.38,39.5,42.28,44.71,47.19,42.33,46.89,41.11,46.43,47.84,43.34
40.94,38.6,36.96,49.48,44.04,41.24,46.33,46.33,39.38,47.17,45.83,39.19,39.19,39.33,46.22,35.11,36.95,46.58,42.16
44.89,39.05,36.17,40.33,42.29,44.29,42.0,36.19,47.52,46.67,44.72,43.38,49.76,40.86,46.44,46.72,47.67,44.74,43.54
39.78,41.33,45.21,43.57,40.75,43.1,41.62,38.52,41.38,44.71,33.22,38.1,45.05,46.05,36.06,42.33,47.81,45.47,41.89
49.28,40.67,42.17,39.43,42.92,42.81,37.86,39.81,47.24,41.75,37.22,35.71,44.76,38.19,41.28,42.72,50.62,43.37,42.1
42.11,40.95,45.04,44.71,42.33,43.29,42.48,41.57,40.05,38.12,42.94,41.67,46.57,45.57,49.06,45.44,36.57,50.53,43.28
46.06,39.48,40.17,39.57,35.62,44.19,40.81,45.95,41.1,39.21,42.94,43.57,43.62,42.33,50.0,40.89,43.52,46.05,42.5
50.94,34.38,41.29,41.95,39.75,38.33,47.29,43.81,43.67,44.12,38.89,43.9,41.14,44.67,41.11,38.89,49.86,46.89,42.83
44.72,39.67,47.21,41.67,40.46,47.9,42.14,44.1,37.71,45.25,41.89,40.52,41.9,43.38,38.17,46.67,44.71,44.63,42.93
49.11,47.05,45.67,40.57,39.42,39.38,46.0,40.52,41.57,44.04,46.11,48.57,43.71,43.43,43.72,41.5,43.57,48.53,44.03
43.94,37.62,41.13,45.24,46.54,40.57,44.14,44.1,41.71,45.88,45.72,39.95,40.95,41.05,44.22,41.72,47.48,41.79,42.99
46.67,43.57,40.67,44.43,44.17,47.95,40.57,38.81,46.86,44.29,39.17,38.95,37.86,45.9,52.0,46.5,49.52,40.32,43.79
37.33,42.24,44.58,45.9,42.04,38.43,46.62,40.57,43.67,43.67,41.22,43.95,34.62,40.52,37.67,43.83,40.19,41.21,41.57
40.89,43.69,36.33,36.19,47.29,39.9,30.71,42.76,52.1,50.0,38.44,38.52,37.05,40.81,43.44,44.61,39.14,44.89,41.49
47.0,42.69,42.0,45.19,37.25,51.1,46.62,44.52,44.76,42.08,39.06,44.71,40.24,41.52,46.22,48.56,46.86,40.37,43.93
47.5,40.93,48.88,46.1,41.83,49.33,40.19,47.05,46.43,43.54,40.83,41.62,44.52,37.57,45.5,40.94,49.1,41.63,44.08
46.5,45.1,43.5,40.19,41.12,41.29,42.24,46.24,40.1,37.42,39.56,39.19,43.76,43.48,48.17,44.0,45.67,46.21,42.98
39.33,39.1,39.17,45.33,44.83,48.71,46.33,41.9,44.48,39.08,45.61,46.29,44.81,45.57,40.56,45.56,43.14,47.74,43.75
38.72,34.81,42.83,43.14,46.88,37.76,37.48,40.19,42.62,40.67,42.06,41.0,40.71,49.0,41.78,42.06,38.71,47.0,41.52
39.33,41.74,46.33,40.24,38.17,39.86,47.05,47.62,40.81,45.88,41.67,36.71,37.86,43.0,47.56,40.06,44.81,38.63,42.07
36.78,43.9,44.21,37.62,38.58,46.33,39.81,40.95,40.76,43.04,45.78,40.43,41.29,46.14,44.5,45.33,44.81,38.0,42.13
45.67,37.88,41.79,44.43,38.62,47.95,44.14,43.24,42.14,36.58,40.5,40.71,43.86,35.43,34.89,44.56,52.67,42.11,42.06
49.33,31.31,39.62,43.0,43.08,47.9,42.33,39.71,45.67,40.75,40.17,46.86,37.67,47.38,44.72,53.33,47.9,43.68,43.58
36.44,35.6,43.08,43.52,40.79,42.62,36.67,40.57,44.52,39.58,44.06,46.38,43.43,42.95,42.22,37.0,43.33,44.11,41.49
43.33,42.88,41.96,40.81,35.0,43.62,43.62,44.43,43.1,41.42,43.61,46.71,49.71,40.48,39.61,42.67,45.05,50.0,43.22
44.56,41.69,43.88,39.95,45.46,43.57,35.67,40.52,46.48,43.12,39.72,43.38,40.67,46.14,38.61,35.94,38.67,40.89,41.61
37.61,44.55,43.25,45.76,48.71,41.81,44.43,39.24,41.43,49.25,35.83,44.76,38.29,42.0,50.44,40.11,48.48,43.26,43.29
46.39,39.86,40.33,37.0,46.25,45.48,38.33,43.9,43.38,43.79,45.5,42.71,44.52,45.24,44.28,47.44,43.33,44.95,43.48
48.17,43.98,37.58,39.71,43.46,40.52,42.19,39.43,37.71,42.08,43.44,36.05,39.71,39.29,39.78,54.28,40.52,45.42,41.85
44.33,43.45,37.92,44.52,44.62,43.1,36.62,47.9,48.9,40.25,43.11,36.86,46.05,38.33,50.72,46.22,46.24,47.58,43.71
42.06,41.48,34.42,36.1,49.71,44.57,43.81,46.76,37.95,40.38,49.11,44.52,45.29,35.76,48.56,45.94,46.05,46.11,43.25
43.33,42.76,43.38,44.52,45.21,36.1,45.05,50.1,43.0,42.63,39.17,42.38,46.14,37.14,42.5,49.06,49.57,45.21,43.74
43.61,43.26,41.63,46.57,42.42,40.0,45.29,39.71,46.43,44.71,44.44,40.86,45.52,41.76,42.56,53.33,45.62,52.21,44.44
46.22,41.95,41.17,44.38,41.42,40.52,41.1,40.95,42.0,39.88,41.83,38.1,41.0,44.05,45.39,47.56,50.52,51.05,43.28
38.11,38.43,35.79,45.38,45.71,40.62,44.24,46.24,40.71,49.21,43.22,40.43,44.0,43.33,49.39,49.11,44.1,42.0,43.33
41.44,45.05,45.46,45.67,44.71,37.24,43.38,45.86,41.86,44.96,43.56,37.05,39.86,43.76,42.39,42.89,41.9,46.21,42.96
44.61,45.76,45.71,43.14,41.75,39.33,46.43,43.14,40.95,40.88,43.0,48.33,44.0,45.48,45.5,41.72,41.52,44.79,43.67
49.44,43.02,43.21,43.14,49.21,44.19,42.86,43.57,46.62,47.58,47.83,40.29,40.71,49.0,42.28,51.39,42.29,42.42,44.95
41.44,38.48,42.5,42.67,45.21,43.52,40.86,45.29,41.1,41.38,44.11,45.38,42.95,37.9,45.78,43.17,45.52,36.74,42.44
34.17,41.0,44.83,47.71,42.08,43.33,45.57,43.9,40.95,41.62,46.06,36.76,42.9,41.38,38.28,44.56,42.67,50.68,42.69
37.67,42.67,41.46,42.0,39.29,45.9,43.62,34.24,44.62,46.62,42.5,40.86,40.1,41.9,46.94,42.5,38.9,41.11,41.83
39.94,47.9,45.21,45.43,43.58,37.76,45.33,38.95,43.43,43.25,43.78,44.57,41.1,39.86,34.72,44.83,38.52,36.68,41.94
35.94,43.71,42.42,40.57,40.63,47.14,41.38,38.95,39.1,38.54,45.44,41.71,36.0,43.71,39.0,44.72,49.76,52.79,42.31
42.28,44.76,39.75,51.33,40.38,45.95,42.43,41.24,47.67,45.33,40.11,37.57,40.62,44.48,46.72,44.89,42.1,47.26,43.6
42.89,46.5,45.5,40.71,43.67,45.43,49.76,44.1,46.86,41.37,46.0,45.48,46.86,45.1,42.39,44.33,42.33,44.32,44.64
45.72,45.81,49.38,42.33,51.04,44.86,45.0,48.05,47.62,44.29,44.89,40.29,42.62,43.86,43.0,41.06,41.43,37.53,44.38
49.11,43.02,43.5,44.38,40.21,46.38,36.29,40.57,39.14,42.5,47.5,42.24,44.19,36.19,54.61,44.33,50.0,47.16,43.96
39.56,44.95,44.37,37.29,47.92,34.95,43.38,43.71,49.57,41.42,40.28,49.24,49.38,46.67,46.06,38.22,47.9,49.47,44.13
44.83,39.07,44.96,45.1,38.71,48.38,42.0,45.67,37.95,46.46,42.0,44.48,41.0,43.38,42.06,40.83,45.76,45.79,43.25
49.22,37.69,43.75,41.71,42.33,47.48,44.86,38.33,45.95,40.37,36.06,45.62,51.19,43.43,47.22,45.11,49.33,41.37,43.95
42.83,39.62,40.88,42.43,38.12,36.62,39.0,39.67,48.71,42.62,42.72,46.57,42.14,38.81,49.39,35.17,49.48,43.63,42.13
40.67,37.74,43.96,46.9,36.92,39.57,47.0,44.19,37.76,38.46,38.94,41.24,46.29,38.71,45.0,45.5,40.1,48.74,42.09
40.56,43.55,36.5,43.95,42.92,38.71,40.67,38.0,43.38,40.83,46.67,43.33,45.52,43.86,44.22,45.06,46.43,44.32,42.69
44.06,43.43,44.79,42.1,39.46,33.71,39.67,38.1,43.71,44.25,44.61,48.0,41.48,39.95,44.11,44.44,45.81,48.63,42.79
38.11,41.9,37.0,49.38,41.62,43.95,44.57,41.81,45.05,45.75,37.72,41.29,42.9,44.0,43.39,44.94,42.43,45.74,42.86
42.94,46.95,42.79,42.67,42.96,41.57,41.24,43.38,42.86,44.92,50.44,38.62,46.67,43.0,51.28,44.22,42.33,44.95,44.1
44.06,36.05,38.54,45.33,38.54,43.62,47.33,43.71,39.48,41.75,42.67,36.76,36.33,43.48,42.17,45.61,39.86,46.74,41.78
41.22,49.6,41.67,43.19,40.96,48.81,44.95,46.52,40.52,49.54,38.56,41.81,44.67,49.14,40.94,55.5,38.29,44.84,44.49
47.17,48.67,37.92,39.24,43.33,45.71,46.67,49.43,45.76,40.71,40.39,37.62,42.76,40.9,47.89,41.67,48.38,49.16,44.08
51.28,44.07,40.54,34.9,40.5,46.19,38.81,39.9,42.81,48.25,40.33,42.1,46.62,44.0,42.67,47.67,45.67,44.11,43.36
42.22,39.9,42.5,46.52,45.96,47.71,39.52,38.24,38.1,39.04,49.28,38.67,49.38,46.05,42.78,37.78,41.24,46.0,42.83
42.67,46.6,37.79,38.57,41.54,41.38,44.1,38.43,40.24,38.08,36.94,44.81,44.33,37.48,44.17,49.83,48.14,37.47,41.81
46.22,42.33,41.54,41.57,43.96,39.95,45.29,43.57,36.1,47.0,38.11,36.29,40.81,42.14,40.67,44.78,47.43,45.84,42.42
48.28,39.95,40.29,39.9,42.12,38.95,44.86,43.43,46.57,40.62,48.78,39.33,38.14,39.52,42.17,45.78,39.33,40.53,42.14
41.78,40.02,45.0,40.95,42.25,45.1,35.81,40.52,42.67,38.54,39.83,43.48,37.67,40.71,39.0,46.56,42.76,48.05,41.71
45.94,43.86,42.42,42.95,48.42,42.86,37.62,38.43,38.52,41.71,48.72,46.05,41.24,42.76,42.94,42.83,42.48,39.79,42.75
35.44,47.57,46.17,44.43,42.25,45.9,39.0,39.71,41.43,43.25,39.06,44.0,43.0,36.67,42.78,41.22,46.81,46.63,42.52
41.56,43.1,45.79,40.38,45.5,47.62,45.33,40.14,43.33,39.83,46.11,48.38,46.76,38.95,46.28,45.61,44.62,49.11,44.36
43.94,39.19,52.08,43.43,40.5,49.19,43.67,39.29,39.81,38.04,41.39,44.86,36.71,36.19,44.22,52.56,44.29,45.95,43.07
47.06,37.62,35.5,41.1,44.96,44.48,40.86,43.95,38.67,46.08,37.72,44.86,38.62,38.14,42.72,38.67,44.0,48.74,41.87
36.94,41.64,45.88,37.48,40.96,38.29,39.67,38.33,39.62,40.67,37.22,42.14,47.19,41.52,46.0,44.67,45.71,41.47,41.41
44.39,41.31,46.29,39.67,40.08,38.33,38.67,39.24,45.43,45.42,43.72,42.71,40.67,41.95,41.17,47.89,45.43,43.53,42.55
35.22,47.74,44.96,44.76,45.21,41.19,39.95,39.57,46.33,45.46,43.83,45.38,43.95,43.14,50.44,41.72,50.0,51.89,44.49
46.39,43.43,44.96,43.38,46.79,38.14,42.9,34.67,37.0,43.17,39.44,40.48,42.43,42.95,43.89,44.28,47.71,51.0,42.95
47.06,42.93,42.62,44.76,45.88,38.95,46.29,43.52,48.86,43.62,45.39,47.57,46.62,39.57,39.39,49.44,42.52,43.05,44.34
43.72,45.26,40.5,44.0,41.21,40.1,47.33,41.24,43.86,42.29,42.22,40.9,41.05,43.38,50.67,42.17,48.76,40.89,43.31
40.56,44.26,40.33,41.05,37.75,42.62,40.81,43.05,47.19,45.29,39.06,42.0,46.86,43.43,47.83,43.28,39.52,42.79,42.65
36.72,40.83,44.29,45.57,50.54,42.43,43.0,46.62,47.76,41.54,46.28,46.0,39.62,41.19,48.0,48.67,47.86,45.47,44.58
36.0,48.19,40.42,40.95,47.46,39.29,39.19,53.57,37.81,42.79,44.67,46.95,43.62,45.19,41.33,51.44,51.33,48.47,44.37
42.28,43.81,46.67,46.81,43.5,40.38,41.52,38.05,43.33,42.29,41.06,37.0,40.05,37.86,44.94,42.11,45.38,39.21,42.01
39.39,47.52,41.04,38.86,45.71,40.19,41.33,45.19,36.29,42.42,46.89,50.24,43.81,42.48,42.39,42.83,42.71,43.84,42.95
38.56,39.45,41.79,42.81,45.42,42.9,35.05,42.67,40.81,41.88,36.44,39.1,38.95,40.05,46.78,41.83,39.52,47.89,41.22
41.39,47.02,45.08,38.0,48.0,36.71,47.19,36.71,41.95,43.62,41.39,42.0,45.29,48.52,42.94,54.61,39.95,36.0,43.13
38.94,43.24,34.96,44.62,48.42,42.86,42.57,41.95,48.33,45.08,40.39,38.9,41.67,46.67,42.78,44.11,48.62,43.47,43.2
43.06,46.12,43.38,42.43,39.12,40.33,41.14,47.29,49.14,43.75,46.94,40.95,42.19,39.29,42.17,46.94,47.81,51.58,44.09
35.67,44.17,42.96,47.19,42.38,39.62,38.05,43.24,44.1,40.96,42.22,42.76,38.24,44.52,38.78,45.33,46.86,41.53,42.14
47.44,35.98,45.42,39.9,42.29,48.48,41.43,40.76,36.29,39.92,46.67,47.19,41.14,39.71,45.33,42.06,49.57,44.68,43.01
45.0,39.33,41.96,38.62,46.5,43.57,42.86,41.71,40.67,39.58,43.5,41.29,42.29,50.9,40.28,41.89,46.52,38.89,42.52
47.39,43.07,38.33,41.33,45.54,42.62,42.29,37.57,40.19,40.62,45.22,41.05,42.38,42.95,41.89,49.33,44.76,41.42,42.66
44.89,37.55,39.17,44.14,41.04,45.19,43.67,44.52,44.1,42.08,38.33,44.05,42.1,40.67,39.28,42.22,46.43,43.84,42.4
29.44,49.76,49.0,41.67,40.17,38.67,45.48,44.52,41.57,43.12,42.5,34.57,46.19,40.33,50.22,49.39,52.38,43.47,43.47
49.44,40.9,44.79,44.57,41.75,44.52,33.33,41.9,45.24,46.71,37.83,46.57,44.0,42.05,43.5,43.33,44.62,53.37,43.8
47.39,39.67,40.46,42.95,44.17,44.76,35.71,39.0,42.24,40.46,42.11,38.67,41.81,44.24,38.67,49.0,50.14,44.58,42.56
41.67,51.02,38.17,43.71,47.88,46.9,45.33,48.43,43.62,35.54,41.39,41.48,45.95,39.76,44.94,47.28,48.57,52.21,44.66
47.33,42.1,42.08,39.76,37.12,40.76,41.0,42.86,42.81,42.75,49.28,41.52,42.38,40.29,44.94,45.56,39.57,42.16,42.46
36.89,49.21,37.54,40.14,39.96,43.0,45.48,34.67,41.52,44.0,42.11,42.71,46.52,41.52,36.28,46.22,52.48,45.21,42.53
39.61,42.1,38.38,42.43,38.58,38.95,47.14,52.33,45.57,43.62,40.67,44.95,46.57,42.9,46.5,39.56,49.19,42.79,43.44
46.94,42.9,43.0,42.86,46.67,39.67,35.62,42.67,39.52,48.75,38.83,39.81,45.95,35.67,40.33,41.78,43.48,49.89,42.46
44.72,43.07,45.0,37.48,52.17,41.71,41.71,40.9,52.57,40.83,46.67,43.33,44.52,49.57,44.22,37.94,43.48,45.84,44.21
42.17,43.24,49.0,40.29,37.29,39.57,44.24,43.43,36.67,48.0,46.39,39.76,40.52,45.52,49.44,45.44,48.71,47.0,43.7
36.28,38.1,41.17,38.57,42.75,44.52,49.48,38.48,40.57,44.75,39.67,41.24,40.9,39.48,46.22,39.94,52.67,35.79,41.7
43.22,45.38,42.88,44.9,42.46,46.76,46.29,39.71,42.52,46.71,41.22,38.14,42.57,45.05,44.89,43.72,44.33,44.26,43.61
42.61,45.12,41.46,38.86,37.67,45.43,43.76,41.67,47.48,47.17,48.33,43.33,45.86,39.62,46.89,45.94,45.14,46.53,44.05
41.17,41.38,42.29,37.52,42.25,38.38,41.95,45.95,36.38,42.42,36.61,43.86,38.33,40.14,41.11,45.56,43.9,38.79,41.0
42.33,41.31,38.75,38.19,45.33,39.29,39.52,38.71,51.76,42.04,46.33,45.62,39.71,44.14,47.5,45.67,45.76,48.53,43.36
34.78,46.69,40.04,43.19,44.62,45.71,41.52,39.95,44.95,46.46,44.67,45.1,36.67,40.48,47.22,45.33,47.29,47.11,43.43
39.61,41.14,50.54,46.33,41.42,40.95,49.86,46.86,46.62,41.46,37.89,36.76,45.52,50.86,50.56,40.83,40.76,44.05,44.0
42.56,40.64,42.42,33.9,44.04,38.48,39.52,45.29,40.05,38.96,43.33,38.14,45.14,45.43,38.39,53.61,45.1,40.63,41.98
42.11,43.98,43.42,47.38,45.17,37.52,43.52,43.9,43.67,44.96,42.22,43.62,48.0,41.29,47.11,44.61,40.43,46.11,43.83
38.94,51.0,46.5,42.33,40.92,46.57,38.95,41.76,39.9,42.42,41.5,38.52,38.05,44.71,48.78,47.22,45.33,47.26,43.37
43.28,45.43,41.67,44.43,43.08,45.57,43.29,41.76,37.14,44.04,43.11,43.0,36.9,43.52,47.28,41.89,39.52,34.05,42.17
42.72,41.83,45.5,44.05,36.88,39.95,54.14,40.57,42.52,37.67,45.06,42.38,46.81,36.81,43.67,43.28,41.43,47.37,42.92
40.61,46.9,42.79,48.14,36.21,41.57,46.9,41.38,40.1,43.5,45.56,40.29,46.1,42.52,50.17,43.28,44.9,38.32,43.29
42.44,37.64,41.33,42.95,39.67,41.33,43.62,40.81,37.71,33.46,44.89,36.9,42.71,36.71,47.22,41.83,40.19,47.74,41.07
41.06,47.67,44.79,41.71,40.71,44.62,40.24,47.52,41.24,40.5,39.72,43.71,38.29,43.43,49.44,43.94,39.38,44.63,42.92
46.11,46.57,45.04,45.43,40.58,38.48,47.62,42.24,40.71,45.5,48.33,42.43,42.05,39.67,53.72,42.17,45.48,45.89,44.33
44.0,39.95,39.29,46.0,43.62,44.24,40.33,43.29,38.81,43.42,41.39,45.62,36.14,43.19,47.17,43.17,41.1,39.16,42.22
43.22,42.88,39.75,40.19,41.42,43.67,44.05,36.62,39.24,42.42,48.39,40.38,44.95,48.0,48.17,52.5,47.57,43.63,43.72
39.44,48.98,41.88,42.19,38.08,44.76,44.71,44.62,44.1,44.12,46.22,48.62,38.14,42.76,46.94,43.11,45.52,47.58,43.99
41.22,43.0,41.92,33.33,52.29,44.71,40.19,39.57,45.19,44.12,39.83,37.05,44.9,48.1,43.17,41.22,41.9,44.84,42.59
44.33,45.69,44.42,44.14,42.0,43.0,45.1,35.1,46.62,36.67,35.78,39.19,43.62,49.81,42.06,45.67,46.95,44.58,43.04
39.0,40.62,44.21,41.9,45.83,38.33,42.14,45.19,44.43,40.33,41.78,41.19,43.95,40.62,40.0,45.28,41.62,47.11,42.42
47.17,41.33,41.21,44.1,38.04,42.05,42.67,32.43,39.62,42.08,40.44,41.38,43.33,41.9,41.61,43.78,44.1,43.68,41.72
45.83,39.24,42.46,45.62,34.12,44.29,41.52,44.9,39.71,45.33,42.28,37.81,47.38,39.29,47.0,42.56,44.9,46.89,42.84
34.44,49.29,40.67,38.14,38.79,42.48,45.19,37.19,41.14,45.04,45.89,37.76,42.86,46.81,41.22,46.11,45.24,43.11,42.3
38.56,44.88,44.04,38.29,36.12,43.48,41.24,47.67,42.48,39.29,39.0,35.33,45.1,44.76,50.0,53.67,51.62,42.16,43.2
37.83,47.38,46.75,44.33,47.75,44.52,40.48,40.24,40.05,45.0,51.39,42.86,37.57,44.14,47.0,48.11,45.29,43.68,44.13
37.72,39.29,42.54,38.38,44.12,44.76,36.95,42.86,40.0,40.54,42.83,44.24,41.76,45.14,40.94,50.33,47.95,40.42,42.27
45.89,41.64,43.71,38.86,42.58,39.33,41.0,48.0,41.71,46.54,43.94,44.05,46.1,44.05,53.17,49.83,43.57,40.63,44.14
41.56,41.48,43.13,39.57,47.54,41.1,40.29,45.0,39.62,39.38,46.56,39.52,42.24,44.29,49.33,43.94,55.62,44.05,43.57
45.33,42.31,45.21,41.81,38.79,41.95,39.86,39.52,38.05,39.75,43.78,35.48,41.1,40.33,52.28,47.78,46.86,51.68,42.88
46.67,43.02,45.83,43.24,46.46,45.1,43.19,39.43,38.24,42.75,43.94,43.76,48.52,47.95,42.56,49.5,48.48,44.89,44.64
41.39,41.83,49.54,44.71,45.04,47.1,40.1,37.52,45.05,42.25,40.72,41.24,38.86,42.52,52.89,53.89,38.86,45.21,43.82
46.67,41.05,38.54,41.19,41.25,47.0,40.43,37.43,43.52,43.79,39.11,34.43,44.76,42.43,46.83,46.06,42.0,35.37,41.77
45.44,39.0,41.5,38.95,43.88,39.76,46.76,42.76,42.05,43.83,41.44,42.71,48.0,43.24,45.39,51.39,43.38,38.74,43.24
33.72,42.05,38.92,43.67,46.67,47.05,47.52,39.38,41.1,43.04,43.28,43.57,46.81,46.81,48.17,42.28,41.05,38.0,42.95
33.17,37.86,42.83,41.29,42.83,40.05,44.14,46.48,40.24,46.12,43.44,42.19,42.33,42.76,49.72,43.33,44.9,41.63,42.52
37.72,41.6,44.04,42.1,46.96,46.48,45.0,45.43,42.05,40.67,42.83,40.38,41.71,42.24,40.89,46.28,44.76,38.95,42.78
39.67,41.57,47.0,39.62,44.5,42.33,44.19,36.43,39.9,43.71,42.28,47.81,42.19,40.95,40.44,46.44,46.9,46.16,42.89
46.94,48.02,37.88,46.95,38.62,44.33,46.0,38.76,43.95,45.42,40.56,40.86,40.19,34.29,45.83,43.17,52.67,43.53,43.22
34.11,46.62,37.12,44.76,41.58,44.81,40.38,41.38,39.24,45.12,44.83,37.24,40.29,42.1,47.17,51.22,41.0,43.53,42.36
37.94,38.71,37.25,42.33,48.75,38.62,36.81,32.71,41.71,38.62,51.83,44.38,36.0,43.05,41.67,47.67,50.48,41.58,41.67
41.94,43.57,41.17,42.48,40.42,44.14,42.52,43.62,42.29,42.96,44.94,39.52,43.95,42.62,44.94,43.67,45.05,44.0,42.99
37.22,40.43,39.33,40.0,45.54,48.14,42.19,32.52,45.19,43.13,46.89,46.33,41.29,43.24,43.22,46.44,48.19,45.05,43.02
42.22,48.19,44.5,45.24,42.5,38.29,43.86,49.71,44.1,41.58,47.39,38.57,42.05,42.62,43.72,50.89,42.19,42.47,43.89
36.06,40.74,42.38,37.62,42.08,43.67,43.57,38.0,33.67,43.29,46.06,42.14,48.1,34.95,43.17,43.06,47.38,49.84,41.99
38.89,44.62,42.0,43.48,37.71,43.67,39.62,35.86,43.19,43.08,41.39,47.43,45.95,52.14,42.78,42.72,46.43,44.11,43.06
43.83,46.36,41.0,39.95,39.33,38.71,39.43,42.81,46.14,44.38,43.56,44.71,42.33,40.95,47.78,45.94,40.0,39.42,42.59
48.67,45.88,45.71,41.52,43.58,39.05,44.86,43.1,38.71,40.29,44.44,41.38,39.71,40.86,45.61,42.83,40.14,43.11,42.75
35.39,43.38,42.17,40.38,39.12,36.76,44.24,49.1,44.29,44.54,44.78,40.19,45.14,45.38,39.78,44.72,46.95,43.95,42.79
40.89,38.43,40.79,42.9,43.75,41.43,41.24,44.29,44.1,39.75,41.56,42.9,43.52,47.14,41.06,46.94,38.81,51.63,42.84
37.67,45.31,42.37,46.29,42.12,41.67,45.0,45.33,37.71,44.58,44.11,38.19,37.33,40.95,39.28,48.89,44.19,35.89,42.05
37.78,34.81,38.75,38.57,46.29,39.48,45.57,39.14,44.52,38.62,43.39,45.0,40.57,43.48,44.78,51.33,42.67,47.11,42.33
38.06,40.38,44.46,46.1,43.21,39.33,43.86,42.24,42.62,40.79,39.89,35.14,40.05,45.67,45.44,45.78,36.24,53.74,42.39
38.44,46.57,40.46,44.33,44.58,46.9,44.48,42.86,40.71,38.17,43.28,45.57,40.86,44.86,52.33,41.0,46.0,44.32,43.65
37.61,38.43,45.21,37.43,40.58,41.19,43.1,37.62,47.71,43.42,41.72,40.1,39.81,43.33,46.06,48.67,38.1,45.53,41.98
44.67,45.86,43.88,40.71,44.67,42.05,38.71,41.33,43.67,47.17,38.67,39.81,35.19,41.05,44.44,50.83,39.24,46.0,42.66
46.06,48.24,41.21,40.67,38.12,43.86,40.52,40.14,44.76,44.08,45.83,43.86,43.14,37.05,33.72,48.39,45.14,49.68,43.03
39.94,38.88,45.38,42.67,42.83,44.48,38.67,42.05,42.81,41.33,41.33,44.0,47.05,37.81,48.89,42.89,45.48,46.21,42.93
46.61,35.64,37.71,36.1,43.29,37.43,42.52,42.29,39.9,40.96,44.06,43.1,41.29,40.62,44.61,44.72,46.1,39.95,41.49
40.0,39.64,36.58,48.0,43.12,35.19,45.86,47.71,37.76,40.37,49.89,39.33,40.38,38.48,43.0,40.33,40.29,42.05,41.56
40.94,46.45,42.04,45.14,40.0,39.9,40.57,41.57,44.67,43.71,45.94,39.9,39.57,44.38,46.0,43.44,44.9,35.95,42.51
45.83,41.1,41.17,43.52,34.67,37.48,42.67,38.95,44.48,47.46,42.22,39.48,41.48,43.29,52.94,41.89,41.29,38.42,42.13
40.39,42.55,45.21,44.9,41.46,41.71,45.67,47.43,43.95,44.21,46.33,39.62,41.76,41.71,43.44,40.39,40.05,49.58,43.35
41.11,34.43,39.71,43.0,44.33,39.71,42.52,36.52,43.71,45.75,40.83,44.57,47.29,37.0,40.28,47.61,43.71,42.16,41.9
41.0,43.1,46.88,44.33,38.38,41.86,42.43,41.62,45.14,46.75,44.72,40.81,39.57,37.76,44.44,53.06,43.1,50.84,43.65
37.06,34.88,46.21,32.62,44.5,40.14,36.38,47.71,40.19,42.04,41.67,40.48,47.48,46.19,43.72,44.5,41.24,37.32,41.35
40.5,38.19,44.79,43.71,39.67,49.24,43.24,40.38,42.05,42.67,32.28,42.1,46.1,41.9,49.28,42.22,46.76,50.37,43.08
38.56,44.12,44.29,40.76,40.62,39.1,37.38,43.9,36.33,33.67,43.17,45.9,41.29,44.9,52.44,37.22,34.9,44.84,41.3
42.61,40.24,42.0,44.62,43.29,40.24,42.67,41.38,44.81,44.25,42.39,46.0,43.71,43.9,41.83,32.94,43.38,35.84,42.01
45.78,44.67,48.5,47.33,39.83,42.95,41.19,43.67,43.19,38.71,39.06,44.86,37.86,43.62,47.89,51.61,51.29,44.58,44.25
34.5,45.64,45.17,37.43,46.88,46.76,42.14,48.05,44.0,44.87,42.33,40.1,40.38,47.0,36.61,42.5,39.81,38.47,42.37
43.5,44.76,48.58,38.29,46.67,45.52,44.67,34.9,47.1,41.79,45.22,47.95,42.81,37.9,43.94,42.56,44.62,42.79,43.53
44.22,43.12,43.96,51.33,45.21,43.86,38.33,37.52,46.81,36.92,40.78,41.14,45.43,42.33,43.22,51.39,47.71,48.58,43.99
40.39,48.55,42.5,47.33,42.21,40.19,47.38,36.14,38.24,42.83,38.06,43.9,40.14,42.9,46.06,40.0,42.14,42.05,42.28
34.94,38.52,39.08,49.19,45.62,44.52,43.33,50.05,44.0,46.25,38.5,42.24,35.86,39.67,43.56,45.39,43.62,53.32,43.2
44.56,46.52,35.29,42.86,43.96,42.81,44.52,40.33,42.1,45.92,43.61,39.38,40.81,45.19,39.89,44.06,40.76,39.0,42.31
45.67,36.36,46.29,40.71,42.62,41.29,41.05,40.81,45.24,39.5,43.22,41.86,44.52,40.43,46.94,43.89,46.48,51.26,43.23
48.5,43.17,41.62,38.0,40.79,37.81,37.52,39.14,38.67,44.29,39.06,43.0,38.29,40.38,48.28,43.56,47.9,44.05,41.89
40.78,43.4,40.79,38.86,45.5,44.48,45.62,37.48,39.62,48.88,38.67,42.33,44.52,43.0,40.61,44.22,45.67,44.95,42.74
39.17,39.57,39.08,32.71,41.29,40.9,42.52,43.81,44.05,49.17,39.61,43.19,44.57,40.57,43.56,44.78,49.67,42.37,42.26
38.67,38.79,36.58,44.95,46.0,40.14,45.9,37.33,46.52,45.42,52.33,42.76,51.52,40.67,42.78,45.28,45.95,43.95,43.64
46.44,48.79,41.83,42.14,36.96,37.81,44.1,43.48,44.33,35.92,43.61,37.86,48.19,34.57,47.28,51.33,51.29,44.42,43.35
42.56,39.93,47.54,40.29,43.62,41.71,37.62,39.95,45.24,44.25,41.17,38.81,38.43,40.86,41.44,48.17,46.43,45.05,42.39
45.22,48.0,45.37,44.24,42.33,47.57,40.1,40.67,43.14,41.92,43.06,42.0,44.05,41.9,42.44,41.39,50.71,36.79,43.38
38.61,48.88,40.42,44.19,42.75,40.43,40.48,45.86,40.52,41.12,44.33,44.62,43.48,45.71,47.22,48.0,45.0,49.68,43.96
40.94,45.45,37.79,43.0,47.71,43.67,45.1,42.81,43.14,46.63,47.61,39.48,44.52,36.71,42.17,45.83,45.81,44.68,43.5
44.72,41.45,43.33,39.67,44.42,45.95,40.43,40.67,41.43,46.71,44.11,41.86,37.67,49.0,44.5,46.0,47.86,45.47,43.62
42.0,42.12,40.67,41.43,40.38,40.57,43.62,33.71,44.71,43.0,44.56,39.52,38.0,40.57,43.0,45.56,44.1,40.47,41.55
35.22,36.0,41.04,40.62,40.29,42.0,43.57,44.9,44.0,45.83,45.94,43.43,39.19,44.48,44.56,40.72,47.62,45.63,42.5
45.11,41.69,41.92,46.14,44.25,43.48,44.0,46.43,43.9,43.17,44.33,42.52,46.95,40.1,46.17,44.89,45.05,43.79,44.1
39.56,42.07,41.71,42.14,46.42,41.14,44.14,38.14,40.57,45.42,44.17,41.33,43.38,40.52,44.11,40.28,49.52,44.11,42.71
38.06,43.83,47.21,43.95,43.38,36.33,44.14,43.24,48.33,38.67,40.72,44.52,43.52,43.81,40.61,43.06,45.71,43.84,42.94
41.56,36.14,34.71,41.81,45.38,49.29,37.52,40.33,45.76,41.29,38.44,37.57,44.52,35.81,41.33,38.06,35.05,45.42,40.56
41.06,41.0,43.17,40.19,35.54,40.62,40.52,45.9,44.0,44.17,34.39,43.48,46.86,40.24,43.83,39.89,45.57,37.47,41.55
43.06,44.48,39.12,40.0,39.96,38.29,41.33,40.76,43.29,43.25,47.28,39.71,46.52,44.76,47.17,48.89,42.52,46.84,43.18
47.0,38.26,46.54,42.95,42.33,47.24,38.29,45.76,45.62,37.42,43.83,41.05,40.0,33.81,41.56,45.44,45.76,43.32,42.57
36.56,43.48,42.83,42.29,45.83,42.33,39.48,38.38,42.76,39.83,38.83,46.86,38.95,46.71,41.89,45.0,44.24,43.05,42.18
37.17,44.6,42.62,45.19,46.17,42.33,45.14,40.24,46.9,42.58,39.28,48.43,36.48,45.38,41.56,41.06,39.52,51.42,43.11
48.61,47.12,41.88,45.76,48.21,40.14,41.29,46.14,40.81,46.29,38.28,45.9,44.48,40.48,48.28,41.94,48.24,50.37,44.68
40.44,41.43,43.92,44.62,47.62,44.33,37.67,39.81,39.52,44.42,44.72,36.05,46.52,38.33,39.0,40.5,36.38,37.26,41.25
42.72,38.98,39.88,38.0,48.08,41.14,37.57,41.67,39.14,48.29,40.0,43.05,42.43,49.76,41.61,50.72,42.14,49.53,43.04
44.72,43.98,36.88,42.76,36.5,43.0,38.19,44.57,46.81,43.17,41.83,40.81,43.05,34.38,40.11,46.39,43.9,46.58,42.09
42.78,42.02,44.75,44.38,39.79,41.0,48.71,45.57,41.24,48.29,47.39,42.48,46.48,39.33,39.39,50.78,46.95,46.32,44.31
39.17,41.64,45.21,41.76,42.08,43.0,44.76,46.05,42.38,40.54,38.89,43.38,41.62,45.14,40.78,40.0,47.76,48.95,42.95
41.89,45.29,45.17,42.0,43.92,43.29,38.95,41.33,38.1,39.5,46.22,50.38,41.95,37.38,42.89,38.56,45.38,45.68,42.66
44.72,47.02,42.54,44.71,39.96,43.05,40.67,45.33,45.38,43.0,38.17,45.67,38.43,40.62,40.78,45.06,46.52,41.16,42.93
47.5,47.9,43.88,39.24,39.58,50.71,45.1,45.76,38.81,45.21,41.11,39.0,45.67,43.71,44.89,40.17,49.52,49.11,44.27
42.44,39.69,38.67,37.67,44.71,49.52,47.0,39.14,42.95,46.25,37.94,39.76,46.33,43.24,42.67,49.44,39.33,38.84,42.53
37.67,44.86,36.25,43.14,50.75,41.95,46.14,45.38,35.48,47.25,40.78,45.95,37.86,44.29,40.0,42.72,48.19,43.79,42.91
49.56,44.07,41.42,47.57,37.71,43.14,49.24,43.05,44.38,42.12,38.44,40.76,38.9,47.1,42.83,42.44,49.24,46.37,43.8
43.33,47.14,41.46,42.76,44.92,44.86,48.57,40.24,43.19,43.67,44.89,36.43,45.0,41.43,49.22,43.72,45.05,47.0,44.05
43.0,45.21,43.12,45.67,43.58,40.57,43.19,41.0,33.9,40.75,48.0,37.71,41.62,36.05,44.78,44.33,46.38,45.53,42.47
38.5,40.12,44.04,47.67,44.21,39.1,43.43,45.29,39.38,47.54,44.5,44.57,31.19,45.62,45.61,47.94,41.62,46.05,43.13
38.61,45.74,43.88,45.62,46.71,43.57,43.76,39.0,45.0,49.17,45.06,46.71,43.57,46.43,41.39,46.56,48.29,47.16,44.79
45.94,39.74,41.42,43.24,41.83,41.38,42.38,42.38,41.71,36.0,45.72,43.38,45.33,41.0,45.22,42.39,43.33,43.79,42.57
41.5,42.9,45.38,46.43,42.42,38.48,46.81,35.67,42.81,42.5,44.78,41.0,45.33,45.67,43.22,43.17,49.38,49.11,43.7
40.5,40.24,43.42,40.05,43.58,36.86,41.05,37.52,37.57,50.17,35.72,44.76,47.9,45.24,44.39,43.28,47.71,38.79,42.15
50.22,41.76,43.67,46.67,42.54,47.43,42.62,37.67,46.19,41.04,40.11,42.05,44.05,49.24,51.06,33.72,39.62,49.47,43.84
40.39,39.69,39.5,43.48,39.58,45.67,44.9,47.38,41.19,43.67,39.89,43.29,42.19,43.76,42.11,41.28,47.67,46.32,42.89
45.56,37.48,43.38,44.62,39.88,36.43,46.38,39.76,43.14,40.29,36.28,38.24,46.0,50.48,43.67,37.61,49.1,44.16,42.36
41.11,41.05,42.75,37.14,38.04,37.81,36.48,43.52,44.52,36.83,43.44,35.52,44.14,44.33,38.5,41.78,37.1,46.79,40.6
45.28,47.14,43.12,43.14,44.0,38.14,42.14,36.57,41.1,46.83,41.11,40.9,44.38,39.38,42.94,43.78,45.29,48.11,42.96
36.0,44.31,40.33,40.29,36.96,40.95,45.38,36.95,41.24,48.75,46.06,45.95,39.9,45.14,46.94,45.83,48.67,47.11,43.15
46.89,40.48,43.33,44.67,42.29,42.19,42.81,39.48,43.29,38.92,45.39,41.1,45.9,43.14,47.11,48.56,41.43,47.53,43.58
39.0,45.6,46.04,40.52,45.33,44.05,42.86,46.43,41.33,42.25,40.72,38.81,38.48,39.57,41.83,41.56,49.29,38.11,42.32
46.17,39.0,41.13,48.9,43.29,43.48,40.57,35.9,45.43,41.0,46.39,36.38,36.19,32.71,45.28,38.0,48.86,45.58,41.9
39.11,47.1,42.75,45.05,44.62,33.43,41.95,44.19,38.81,44.58,44.0,36.1,44.14,43.62,46.89,41.94,38.1,45.0,42.3
45.78,40.21,47.0,37.05,43.25,47.24,42.19,35.71,39.9,44.37,38.11,45.1,45.19,47.19,52.83,47.33,49.86,46.68,44.17
41.78,49.64,40.42,40.48,38.92,46.1,41.62,43.95,44.05,41.96,41.83,49.29,48.48,35.71,40.44,43.5,42.67,47.0,43.21
44.83,43.33,38.88,37.05,43.54,42.9,51.24,39.95,45.71,48.83,42.17,36.1,39.71,43.52,49.0,44.67,51.95,44.42,43.77
47.5,42.6,45.38,45.43,35.5,52.57,46.71,46.9,36.05,44.79,46.56,42.48,38.19,33.67,38.17,52.56,42.14,46.47,43.54
38.83,38.1,44.0,43.19,46.46,38.76,41.33,45.0,37.81,41.08,45.22,43.19,46.48,38.95,39.33,46.89,48.1,42.26,42.5
39.56,45.0,43.58,44.1,40.54,42.52,40.81,43.9,39.14,41.88,45.11,45.67,42.43,43.19,45.33,48.22,50.05,46.95,43.78
40.28,45.57,36.21,38.29,41.71,41.57,37.33,44.57,41.24,44.58,43.94,41.9,40.67,37.71,47.0,39.33,50.0,42.0,41.88
48.5,37.45,35.79,44.62,35.58,44.38,50.52,45.19,43.14,42.62,42.39,39.86,43.19,51.24,49.61,39.11,43.29,43.53,43.33
44.61,38.88,47.83,41.62,41.08,49.1,38.52,43.62,41.24,45.62,46.11,36.48,40.81,43.1,41.72,43.61,44.52,39.05,42.64
43.67,50.76,42.75,52.14,34.96,39.48,39.33,46.57,42.43,44.42,44.78,44.24,43.38,48.81,47.5,44.39,39.14,50.32,44.39
32.0,46.67,41.0,41.86,43.5,40.67,37.29,44.14,40.48,43.62,44.61,44.0,45.24,47.71,44.22,51.44,38.33,44.68,42.86
40.39,43.55,39.83,39.29,39.29,39.14,39.57,48.81,40.43,41.0,45.67,40.29,42.9,38.67,47.61,39.44,45.29,45.53,42.04
42.39,44.55,40.83,40.86,44.58,41.1,45.57,41.76,40.71,46.12,35.39,43.1,40.9,41.38,47.61,49.56,46.14,49.16,43.43
41.78,42.95,41.62,47.95,46.21,34.67,41.05,46.95,44.43,38.12,40.5,42.57,44.71,45.29,44.39,43.5,38.29,42.84,42.66
45.67,29.6,40.96,51.14,45.58,38.52,40.81,41.52,38.67,46.92,38.78,42.29,41.81,41.81,42.5,50.44,47.81,44.79,42.76
42.5,36.71,48.79,43.62,45.21,40.05,48.67,47.19,37.48,44.46,45.22,35.05,42.67,44.19,46.67,43.28,42.19,39.37,42.96
42.61,39.74,41.42,44.52,41.12,41.43,45.86,46.67,39.57,45.17,36.28,37.67,40.48,45.71,43.39,41.28,48.1,43.84,42.49
41.22,46.17,45.54,46.95,47.67,41.76,37.76,39.57,42.71,44.04,40.22,34.29,46.0,45.0,40.5,42.78,44.86,45.16,42.9
50.83,40.52,40.71,36.81,40.92,47.86,40.71,42.29,48.05,42.29,43.67,49.52,34.67,49.71,49.44,40.0,47.0,50.11,44.17
48.72,37.02,38.08,47.48,43.71,47.24,43.48,46.1,42.86,39.12,37.56,50.38,40.57,48.33,51.94,41.67,35.62,46.79,43.7
44.78,43.31,44.38,46.95,44.96,45.14,42.67,38.38,46.95,41.38,41.44,35.33,36.14,41.05,36.61,41.11,48.1,46.26,42.5
42.06,43.19,36.83,38.62,43.0,46.71,43.52,44.71,44.29,44.62,47.11,40.95,40.24,49.38,50.5,46.61,45.62,39.32,43.74
36.33,38.21,41.38,41.33,43.08,43.19,43.43,37.9,45.0,40.75,44.61,46.52,42.86,42.05,40.28,38.5,45.14,49.37,42.22
46.72,36.07,37.08,46.76,39.88,42.9,34.76,52.0,43.05,40.71,44.61,36.81,43.48,33.14,46.22,47.89,43.1,45.26,42.25
37.83,40.21,38.96,40.86,46.21,43.19,42.33,42.24,43.14,44.71,45.17,45.29,46.52,45.24,46.11,50.22,44.95,44.11,43.74
47.39,39.95,42.25,41.52,41.42,44.33,42.57,39.57,42.48,45.33,47.11,43.86,48.0,39.95,32.67,49.5,50.33,38.16,43.13
39.78,41.31,42.0,46.19,47.08,48.57,46.48,42.38,40.48,44.46,36.5,45.71,44.67,46.62,47.78,44.94,41.14,42.26,43.8
40.61,41.14,41.21,48.38,38.0,41.14,48.76,42.1,45.05,43.42,37.33,40.43,41.67,46.95,44.78,48.67,43.43,46.63,43.32
41.11,32.12,43.67,38.33,48.62,37.95,40.71,47.48,43.76,39.08,42.5,43.52,40.57,44.81,50.44,44.06,51.24,42.32,42.91
33.39,46.86,45.62,40.29,46.83,43.14,42.38,44.19,45.1,35.08,48.0,45.71,39.14,43.76,47.67,46.67,47.52,48.16,43.86
38.72,45.36,41.58,41.33,44.42,46.9,41.24,46.71,37.81,46.54,42.61,48.24,49.24,47.76,43.67,42.83,47.57,47.37,44.44
43.33,43.64,40.62,34.33,43.79,39.1,40.76,41.9,38.14,45.13,41.56,45.48,42.76,46.33,51.5,46.11,45.81,45.95,43.13
38.39,44.79,39.58,40.38,36.38,45.05,43.33,35.81,36.9,46.54,39.72,42.52,48.52,41.62,47.78,42.94,45.48,46.16,42.33
45.11,46.64,43.75,45.14,39.33,47.24,41.33,38.38,43.33,46.83,42.5,44.52,38.29,38.38,41.94,31.22,44.43,44.89,42.4
45.83,47.57,40.33,45.71,40.08,42.05,46.95,49.0,38.0,43.04,41.61,49.1,48.57,42.67,39.78,44.72,35.14,50.0,43.9
44.78,44.62,41.46,41.71,47.08,44.71,42.67,44.24,40.48,42.46,39.72,44.0,40.19,43.33,46.61,41.22,41.71,43.95,43.05
44.94,42.55,41.46,39.95,45.5,43.57,41.86,45.0,44.86,39.46,42.44,43.29,42.86,36.05,41.5,33.33,43.0,44.47,42.0
39.44,45.07,48.04,40.43,42.54,43.81,44.33,46.1,36.57,38.29,41.28,42.1,40.43,36.67,45.22,47.5,43.81,46.42,42.67
41.28,41.24,40.38,44.67,38.79,40.86,36.38,46.33,45.19,48.79,42.5,40.9,49.9,43.57,41.06,47.11,46.76,40.68,43.13
41.22,41.5,39.0,41.33,40.42,43.14,44.33,45.67,40.38,42.17,41.17,41.95,44.71,42.67,41.22,39.06,45.76,44.63,42.24
47.61,37.83,40.0,44.67,43.79,47.86,42.62,42.29,35.38,41.83,40.06,40.95,37.81,42.81,45.44,56.72,48.52,39.68,43.1
45.39,38.74,44.38,42.52,36.54,40.9,43.62,47.81,45.62,34.58,35.89,47.76,43.76,44.38,48.11,32.67,47.05,44.79,42.47
43.28,35.9,43.83,38.95,40.67,44.62,43.57,40.62,44.52,38.04,39.11,36.1,49.86,47.52,48.33,43.11,49.52,50.0,43.2
49.61,46.36,41.54,46.95,45.67,42.48,45.62,35.71,40.38,40.75,42.17,36.24,40.57,43.95,43.72,46.5,40.05,42.42,42.82
40.72,40.64,49.88,40.14,46.25,38.05,40.76,49.81,44.71,44.79,43.83,38.57,37.38,41.81,53.28,42.56,45.48,41.32,43.33
48.17,36.57,38.62,44.86,37.58,46.48,38.9,34.43,38.05,45.71,43.11,40.95,36.43,36.1,38.0,45.61,45.76,49.16,41.36
39.78,40.93,44.62,34.86,44.0,47.0,41.67,44.81,45.29,38.96,42.06,44.43,40.19,42.24,40.22,49.83,44.14,46.63,42.87
44.5,43.62,46.96,40.57,33.04,46.19,51.81,42.57,42.86,42.33,39.06,43.9,39.43,44.76,41.06,44.39,44.86,48.89,43.38
41.78,39.14,42.63,46.19,45.08,44.14,38.67,41.52,39.81,39.5,45.94,43.67,32.43,39.19,39.67,47.78,40.62,43.26,41.72
44.72,44.81,37.83,36.05,36.5,48.9,38.48,41.86,40.81,44.17,35.94,42.81,35.9,45.1,43.06,43.61,46.24,35.74,41.25
43.83,42.14,43.58,43.29,40.67,44.1,39.43,42.57,49.29,37.96,42.67,45.48,45.95,45.43,42.44,50.22,46.1,46.26,43.97
35.78,47.64,45.5,41.86,39.92,40.33,44.67,42.33,43.95,44.04,39.06,46.9,44.52,37.52,46.56,44.61,46.05,46.53,43.21
50.17,42.71,44.17,44.81,39.92,41.86,40.76,42.24,43.71,39.12,50.11,44.48,38.9,46.9,42.94,46.56,43.48,49.47,44.02
43.11,44.67,41.96,35.67,42.83,47.05,47.62,46.05,40.14,45.04,40.06,43.14,40.76,43.19,38.89,51.61,43.43,40.79,43.11
50.22,44.21,43.25,41.81,41.62,49.62,36.38,42.14,44.14,42.96,42.28,44.29,40.38,44.43,41.44,48.17,46.52,39.79,43.54
48.44,43.17,44.58,35.43,43.79,44.52,45.76,41.29,48.62,45.13,46.39,39.19,36.62,43.71,52.39,47.94,45.52,41.47,44.11
42.94,40.83,41.62,45.14,36.96,36.76,42.33,41.71,42.24,39.29,43.0,48.19,38.86,38.52,40.78,53.39,46.52,38.32,42.08
41.72,44.19,44.33,42.19,36.29,43.86,37.67,37.76,38.57,42.46,49.28,43.52,43.95,47.76,47.61,47.94,50.05,46.16,43.63
39.94,42.43,44.33,46.14,41.46,40.1,35.57,42.19,41.9,49.29,44.89,40.95,44.24,33.48,34.11,54.06,38.14,42.95,42.01
44.5,43.02,42.17,36.48,39.83,39.71,46.05,43.48,43.67,42.54,43.17,42.95,40.9,43.38,50.44,49.06,43.86,49.58,43.6
42.28,42.79,37.46,41.29,43.08,43.05,39.81,46.38,42.71,43.17,39.33,42.95,41.67,46.43,40.39,39.17,48.71,38.68,42.19
44.94,40.67,43.17,37.38,41.71,38.62,40.1,43.9,43.48,43.17,46.72,40.24,41.71,43.57,41.28,52.67,40.38,45.68,42.74
44.89,40.38,45.75,41.19,44.5,41.95,39.48,43.43,36.57,43.79,45.78,46.33,41.14,39.14,45.94,40.5,49.1,48.0,43.21
40.78,48.29,44.33,38.0,37.0,44.62,43.9,40.24,37.57,42.42,41.83,44.05,47.76,43.95,37.22,46.5,44.33,52.05,43.05
46.89,43.64,36.42,46.67,35.62,36.05,47.14,40.52,46.19,42.5,46.28,46.95,42.19,44.71,45.67,45.0,41.62,40.68,43.04
47.17,47.83,46.92,46.0,44.17,41.86,38.48,47.33,40.86,44.42,43.5,40.71,44.86,41.38,45.33,40.56,47.0,50.63,44.39
44.11,42.21,41.46,42.71,43.5,39.05,35.76,36.43,42.43,42.21,47.11,37.33,45.14,42.86,40.17,40.0,44.48,46.32,41.85
47.72,34.88,42.37,42.14,43.96,41.9,48.52,42.19,41.67,46.25,49.17,35.62,45.67,43.81,49.33,44.94,41.95,39.32,43.41
38.44,40.36,40.67,48.1,39.71,45.38,44.48,43.29,45.33,42.87,49.06,46.1,42.24,51.43,42.11,44.5,49.9,47.63,44.53
49.56,40.24,42.75,40.76,41.79,41.67,43.43,38.57,44.05,45.04,48.06,41.67,37.52,47.86,42.78,41.11,48.57,52.84,43.79
45.5,41.6,41.25,44.95,37.92,41.86,41.67,45.62,35.14,44.75,45.56,45.76,42.86,41.57,43.67,50.06,41.57,46.0,43.18
42.44,43.43,44.29,45.62,42.88,43.86,31.71,47.0,39.57,46.12,38.89,45.9,39.9,40.29,43.06,44.89,48.05,46.79,43.04
44.67,47.38,43.92,47.33,46.87,41.67,47.62,43.95,35.43,41.75,44.78,45.62,43.0,50.95,44.83,46.5,42.1,52.05,45.02
33.44,46.07,38.04,42.71,38.33,40.95,44.76,42.19,38.43,42.92,37.28,43.67,48.19,34.86,50.56,35.56,42.57,43.16,41.32
43.0,44.33,41.5,42.95,40.29,44.33,42.48,41.19,37.24,40.83,41.0,42.76,42.9,48.9,49.11,45.89,44.52,38.26,42.86
49.0,46.52,40.17,40.9,49.29,39.95,47.57,44.67,46.33,46.58,43.28,35.9,38.76,42.14,51.22,49.39,44.38,52.47,44.92
43.17,43.71,40.54,35.14,47.54,51.43,47.9,41.62,47.33,38.62,43.5,43.24,49.43,45.57,50.17,47.0,42.67,40.63,44.4
40.67,41.62,45.29,36.05,36.5,44.38,41.43,39.14,43.38,44.62,42.56,39.33,37.81,49.62,45.44,43.78,44.38,49.63,42.54
40.61,39.93,39.54,45.67,41.04,50.81,38.86,48.19,43.57,42.29,38.11,46.81,45.33,40.14,38.22,42.5,48.71,40.84,42.84
42.56,35.52,41.29,43.0,44.12,40.33,42.24,37.67,43.71,43.29,39.44,47.71,44.52,45.9,46.78,52.28,41.67,52.89,43.61
42.44,42.71,47.37,44.81,41.87,50.19,42.76,37.67,43.29,42.75,45.67,46.0,42.48,38.43,50.94,48.28,54.71,42.11,44.69
43.89,45.26,42.62,41.1,44.29,47.9,37.19,41.29,46.81,39.54,41.28,46.29,42.62,48.38,41.5,41.11,42.33,42.0,43.08
37.44,43.29,41.83,39.33,44.75,38.86,50.38,46.1,42.33,42.04,40.22,39.95,39.38,49.05,50.39,39.0,39.67,52.11,43.12
39.78,45.48,39.46,44.62,44.79,41.57,48.43,41.29,47.0,39.37,43.17,44.43,42.29,43.86,44.5,42.83,47.67,43.95,43.58
37.72,43.07,42.46,48.38,42.92,41.43,51.67,38.9,42.71,45.83,42.72,44.05,44.52,49.57,44.61,44.72,47.0,46.68,44.39
45.39,41.86,37.83,48.81,39.83,42.67,37.24,39.0,44.9,40.71,38.28,37.52,46.19,42.24,46.22,48.28,41.71,52.58,42.85
42.67,38.71,43.83,42.62,32.17,39.19,40.43,44.71,39.81,47.79,46.61,45.14,37.81,40.38,44.44,45.5,47.9,46.16,42.55
43.33,39.81,36.33,42.38,43.79,37.52,47.71,50.1,43.33,42.29,44.33,43.62,44.1,42.38,41.83,40.22,50.67,46.0,43.32
32.33,39.95,42.04,42.29,44.29,45.9,44.1,42.48,39.57,40.79,39.44,41.1,37.57,40.1,40.5,49.33,50.1,49.68,42.31
43.83,48.12,42.54,44.33,41.5,40.38,43.29,44.0,47.1,42.5,33.44,48.67,41.76,41.67,40.22,43.17,37.86,42.95,42.63
43.39,40.55,46.04,45.67,35.83,46.48,40.0,38.24,34.76,42.12,38.17,43.38,39.76,41.76,42.5,42.06,47.95,38.16,41.49
37.5,41.05,44.08,43.29,42.21,43.29,41.14,42.29,48.1,37.04,43.39,39.43,37.71,42.38,39.11,45.11,43.71,43.32,41.9
39.89,42.62,45.25,46.71,37.33,44.43,40.48,38.81,43.71,50.12,41.89,43.1,51.33,39.62,41.94,50.72,45.24,45.42,43.81
42.22,39.29,46.5,37.67,46.21,41.48,43.86,35.62,49.38,47.67,36.33,43.9,36.0,49.9,39.5,46.83,42.86,48.05,42.96
37.89,37.12,39.04,38.57,40.0,39.33,40.71,42.62,46.52,41.25,41.56,38.71,42.1,45.48,54.0,44.56,45.86,49.11,42.47
39.5,47.17,41.83,40.62,43.38,44.52,40.9,38.33,44.76,44.96,43.94,42.29,44.38,43.43,50.33,43.06,40.33,38.74,42.92
46.94,41.86,40.88,35.43,41.17,43.86,42.9,39.76,41.24,47.42,43.33,44.67,37.52,42.76,52.72,37.06,44.9,51.05,43.08
39.78,41.64,41.58,42.1,43.5,45.0,43.33,49.76,44.62,46.79,44.78,38.19,39.71,41.43,48.44,42.67,47.14,40.68,43.4
39.83,38.95,45.46,37.52,41.21,36.71,41.05,47.24,43.24,40.04,41.83,43.9,39.33,43.14,40.39,43.44,45.43,52.21,42.27
46.11,46.71,41.88,42.52,43.96,40.14,43.0,44.71,41.52,41.54,40.83,39.57,36.9,38.9,49.67,45.28,46.57,44.21,43.0
43.06,41.33,41.29,41.38,42.79,43.33,45.19,39.19,42.33,44.42,41.0,42.71,48.19,38.9,49.11,49.78,37.05,44.16,43.07
41.11,35.19,43.62,41.38,40.88,42.76,42.52,39.38,44.29,41.5,41.17,36.1,45.86,44.67,41.0,38.67,45.9,37.37,41.3
37.0,46.76,40.62,44.81,42.46,43.33,39.38,42.86,42.9,40.83,43.28,45.33,45.67,47.43,49.67,49.28,43.86,44.68,43.9
43.22,40.02,43.71,43.1,35.54,41.14,39.62,40.05,39.0,37.33,47.83,46.71,42.33,44.9,48.0,45.78,42.29,37.95,42.14
39.67,42.02,39.33,40.33,39.96,38.52,47.29,41.86,39.0,38.96,37.67,37.81,47.57,44.71,41.61,49.56,41.05,40.32,41.51
46.67,43.86,37.54,44.86,46.17,43.9,53.0,38.19,44.24,45.46,53.0,47.0,38.52,43.29,43.72,41.78,48.33,48.63,44.9
44.11,44.45,40.87,41.81,38.38,39.57,39.9,43.29,43.48,41.25,51.11,41.48,35.86,40.81,38.89,44.44,39.0,49.53,42.12
48.22,46.12,51.17,41.38,48.5,40.05,46.67,38.29,41.24,43.42,48.44,44.57,43.14,45.38,39.72,42.5,44.57,41.42,44.16
40.94,44.05,41.42,47.9,40.17,44.24,40.29,45.24,48.0,44.83,40.89,53.19,39.67,50.0,42.56,45.28,48.19,42.95,44.43
39.22,47.24,45.46,44.57,40.21,41.52,36.0,42.0,44.0,46.33,46.06,42.05,35.95,39.1,48.44,45.94,46.9,46.32,43.18
44.11,42.93,47.13,38.19,44.54,47.81,44.62,46.38,45.29,44.62,42.06,46.14,37.95,45.67,38.11,42.61,46.48,40.84,43.64
41.39,39.76,46.67,46.52,41.75,42.38,43.14,44.43,48.81,44.29,39.33,44.05,44.86,41.71,43.5,43.5,46.33,43.58,43.67
43.06,45.36,38.83,42.48,42.75,45.95,41.1,43.0,44.05,40.0,45.94,35.86,48.0,42.1,39.67,43.94,47.38,45.21,43.04
43.17,39.64,37.71,48.33,47.08,44.67,44.38,43.0,45.81,42.67,44.56,45.19,44.95,45.0,47.06,44.72,50.95,52.16,45.06
35.89,42.52,38.79,41.0,45.29,43.95,40.24,43.95,46.9,45.12,44.22,43.33,47.48,38.38,41.44,44.11,40.05,49.42,42.89
43.72,37.71,37.79,44.86,43.13,44.1,36.52,42.71,37.71,36.25,41.72,43.76,45.1,43.95,44.0,44.61,50.52,43.68,42.33
48.67,41.86,44.17,38.29,44.12,41.62,45.38,34.67,39.52,35.04,42.89,42.81,48.52,38.95,51.39,44.78,42.9,42.16,42.65
41.0,49.17,46.12,42.29,37.71,46.43,40.38,40.57,45.14,39.92,50.0,43.19,39.29,40.57,45.67,46.39,45.05,44.42,43.52
43.61,38.76,42.25,44.67,43.17,37.57,40.38,35.86,42.52,44.58,39.11,43.62,42.1,35.48,46.72,41.72,45.52,46.11,41.87
46.89,38.38,46.71,48.52,45.46,43.24,43.62,49.19,47.52,43.0,38.0,42.19,39.33,47.29,47.06,42.0,48.0,48.95,44.74
46.0,43.26,47.33,40.38,34.88,38.05,44.52,37.9,43.67,44.08,40.67,43.71,39.76,43.9,48.72,40.67,42.86,41.05,42.3
40.33,45.29,43.38,48.43,44.0,39.1,43.1,48.38,42.19,39.42,41.61,43.76,45.1,44.05,44.56,42.44,46.48,45.16,43.71
49.5,40.62,43.46,36.52,39.5,47.67,38.05,40.81,46.48,39.67,45.06,45.19,42.14,37.38,42.89,49.67,47.71,51.42,43.54
44.89,36.64,42.25,41.1,42.92,45.43,40.33,42.43,45.57,41.67,44.17,40.29,40.33,41.76,47.5,44.11,48.9,44.89,43.07
44.67,46.43,43.62,36.76,34.54,45.52,40.19,40.52,40.81,40.0,44.0,46.9,36.9,44.86,44.28,41.17,44.76,52.05,42.67
40.56,46.76,41.79,44.76,37.04,46.0,42.57,38.24,40.67,42.29,43.67,37.1,46.71,43.05,53.83,47.61,49.71,49.42,43.99
46.67,49.5,49.08,37.95,38.21,46.43,44.48,45.0,42.05,43.83,44.78,51.29,46.48,44.29,45.06,48.22,46.14,50.42,45.55
42.28,44.26,43.17,44.1,44.54,45.38,41.81,40.0,44.1,43.96,38.44,46.19,45.95,39.62,41.06,49.83,45.24,49.42,43.85
46.61,39.17,44.75,48.1,49.08,38.48,45.52,46.43,48.43,43.88,37.89,46.43,45.76,41.95,47.78,46.33,38.62,38.47,44.09
44.44,46.76,44.88,40.76,37.75,42.81,46.0,39.05,43.05,42.92,42.22,38.43,45.76,40.14,48.06,42.67,44.86,46.58,43.17
42.39,42.12,38.96,50.0,42.08,42.33,47.33,43.14,41.14,38.38,45.0,38.81,45.71,42.0,41.83,43.78,42.14,38.89,42.56
38.78,38.93,43.5,43.52,42.54,41.05,35.71,43.67,45.38,45.83,42.06,41.52,39.19,44.14,46.72,47.78,40.52,37.58,42.14
45.06,43.88,48.17,44.43,45.21,41.24,39.62,46.19,35.19,40.79,41.11,37.81,40.43,39.67,43.22,42.06,38.9,43.68,42.04
46.56,40.14,41.88,33.29,45.0,46.71,47.19,43.95,39.29,41.96,41.39,42.33,36.48,48.71,43.28,44.11,43.19,47.32,42.93
46.28,43.74,44.0,39.19,43.83,45.48,43.1,35.19,43.71,42.12,42.89,41.29,44.29,41.14,42.39,45.56,46.48,45.68,43.13
41.61,42.33,41.71,42.71,44.08,39.67,46.24,39.29,40.9,40.75,40.11,38.38,46.71,40.38,53.83,56.44,41.76,40.32,43.18
44.33,46.71,42.79,47.43,45.0,37.71,38.71,45.38,38.19,46.29,40.67,39.48,49.48,43.67,44.06,45.28,42.52,44.16,43.44
42.94,46.24,44.29,38.57,36.58,38.52,42.1,43.67,41.29,49.75,43.61,46.62,44.19,40.62,45.94,39.94,44.1,40.42,42.74
37.83,39.02,41.25,44.0,37.58,45.67,43.76,45.48,43.29,40.83,39.94,48.76,35.38,43.0,44.0,43.22,48.19,46.11,42.63
40.5,43.57,42.46,48.62,44.96,39.48,45.1,34.43,45.86,42.04,36.5,41.76,41.81,43.86,48.0,42.56,46.81,41.63,42.77
44.11,41.5,40.79,40.33,42.79,40.14,39.9,42.48,46.14,40.29,43.28,41.52,42.0,31.9,39.44,48.56,42.81,53.63,42.31
46.33,45.71,44.0,38.43,46.37,46.33,47.24,39.76,42.05,38.96,42.5,49.1,48.38,44.71,44.06,49.0,44.9,49.05,44.83
40.44,45.12,50.46,35.9,39.79,37.33,49.05,45.29,48.29,42.38,44.72,41.24,39.81,41.38,38.17,49.5,42.95,50.11,43.44
44.06,43.45,36.42,40.81,43.83,40.24,48.1,38.19,40.9,47.12,42.61,46.67,40.76,42.67,41.0,46.5,40.95,46.11,42.8
45.33,41.5,41.79,38.71,42.71,41.67,42.9,52.38,45.24,45.08,35.83,43.14,44.52,42.1,48.61,49.44,52.67,46.47,44.45
41.67,40.69,44.0,48.81,44.88,37.76,39.19,46.43,39.71,44.12,43.17,44.05,38.38,43.05,44.28,39.33,38.38,46.11,42.44
42.56,48.95,36.62,43.71,41.08,47.29,42.95,42.43,43.38,40.17,34.17,34.86,39.81,43.62,49.61,50.94,43.43,46.26,42.88
34.0,48.62,40.42,35.81,42.0,43.48,46.48,40.48,38.9,47.25,39.94,37.52,41.76,39.57,47.89,44.61,42.9,36.84,41.58
39.89,43.05,50.54,43.38,46.58,40.76,41.0,44.57,40.14,45.46,42.61,37.29,41.86,42.52,45.33,37.83,40.57,46.58,42.78
40.94,34.88,45.08,43.38,41.46,38.81,37.38,45.0,35.71,40.33,45.72,44.24,38.43,40.24,44.78,47.94,50.14,41.58,42.0
38.56,38.62,41.29,49.05,45.29,41.14,39.76,38.76,44.48,42.62,38.11,42.05,42.1,42.76,46.44,43.11,48.86,47.42,42.8
43.33,38.31,43.04,37.76,40.67,40.9,37.38,47.48,40.33,36.04,40.28,46.38,44.05,44.57,44.17,40.67,45.9,45.63,42.05
52.44,40.88,39.75,35.0,41.04,46.24,46.24,40.48,45.1,37.71,48.67,43.24,45.43,37.95,43.83,41.22,52.81,40.68,43.26
40.89,47.12,39.67,43.0,46.46,43.05,42.62,40.52,41.43,36.21,36.39,39.43,40.0,46.14,41.94,48.94,43.24,47.47,42.47
43.17,47.98,45.08,44.33,40.58,39.29,40.38,45.62,47.19,47.62,42.67,40.38,43.19,44.0,44.61,46.67,39.86,46.11,43.82
52.0,42.9,38.92,46.81,48.08,40.1,44.71,40.95,47.57,42.54,42.11,44.86,41.81,37.81,43.94,42.39,47.0,53.11,44.31
43.28,45.14,40.38,38.95,43.12,41.62,40.62,40.86,40.71,39.92,44.28,44.76,40.1,49.0,48.83,39.5,42.81,47.89,42.88
42.22,43.36,35.08,35.9,43.62,41.52,41.9,40.48,39.57,41.88,42.17,41.43,40.81,43.48,42.83,39.67,42.52,45.58,41.33
39.56,45.02,35.58,37.0,45.17,45.0,46.1,39.33,38.29,49.5,42.28,46.24,40.24,47.9,48.11,56.33,47.1,50.53,44.4
37.39,45.79,48.42,43.67,48.21,42.05,45.38,35.0,32.43,42.96,37.94,42.0,42.38,53.57,51.0,40.56,49.1,47.58,43.63
43.44,43.71,45.62,40.19,41.71,37.33,38.48,44.57,36.14,43.67,44.17,45.29,42.0,48.67,42.56,42.5,40.76,43.89,42.48
39.56,37.93,35.92,39.9,47.46,37.71,36.33,41.57,40.14,46.17,48.0,37.62,43.14,49.81,42.94,46.28,44.95,42.42,42.1
46.22,37.31,43.5,48.14,38.5,48.43,45.67,43.76,38.19,44.92,41.39,36.95,39.62,33.48,41.72,45.22,39.38,38.89,41.74
36.67,43.69,43.83,42.14,48.08,36.52,39.0,40.29,35.52,41.87,40.89,42.19,39.48,48.24,49.78,40.56,43.95,45.74,42.14
48.72,46.36,42.33,39.76,43.21,44.95,39.95,37.71,41.14,43.96,45.5,38.71,40.43,44.52,40.72,40.5,42.38,44.79,42.54
39.28,48.29,43.38,40.76,39.62,43.14,45.29,39.0,35.14,39.83,45.11,42.14,40.05,40.0,40.56,45.39,47.86,43.05,42.1
44.67,39.5,42.29,44.0,44.33,48.43,41.1,40.81,48.57,44.67,41.22,43.43,42.9,47.33,48.28,48.89,46.52,48.68,44.76
45.39,44.12,46.96,43.24,41.21,47.76,43.0,38.86,43.38,35.75,42.5,45.62,47.05,45.19,37.39,40.67,49.67,44.32,43.45
42.5,34.79,38.33,41.71,46.79,47.9,43.95,37.71,43.43,43.63,45.0,41.62,46.9,46.14,42.17,39.0,45.52,42.26,42.74
47.44,46.81,40.25,42.57,38.54,40.9,41.76,38.33,41.95,46.67,36.61,42.57,47.81,41.33,47.78,43.5,34.62,43.26,42.37
38.61,44.55,47.17,44.0,42.67,39.29,42.52,43.33,41.05,37.17,36.0,42.71,41.62,47.95,43.33,48.94,43.19,43.26,42.63
38.28,40.64,40.5,37.71,40.71,36.57,48.33,39.71,43.52,37.58,46.44,41.33,50.48,49.86,40.5,44.39,42.33,48.68,42.64
37.94,46.21,39.12,39.86,46.75,34.57,40.0,35.95,38.19,41.58,47.33,44.29,41.9,41.19,42.83,44.33,45.71,37.95,41.43
39.5,46.71,42.25,41.52,41.46,51.05,46.19,47.14,41.38,36.63,38.39,46.95,44.71,43.1,43.67,42.11,45.24,50.0,43.78
41.5,40.26,40.62,39.57,48.46,40.38,37.9,40.71,46.14,41.0,35.11,42.24,43.0,44.24,43.5,44.11,48.86,55.68,42.96
38.5,45.88,41.33,36.81,41.46,42.81,44.0,39.81,41.38,42.04,42.33,42.95,44.62,45.43,45.28,47.61,42.29,34.16,42.15
42.72,47.71,39.83,44.0,44.62,33.52,35.95,47.05,45.33,38.92,47.94,46.14,50.1,38.24,45.0,46.94,43.62,44.26,43.44
42.72,41.57,46.87,46.1,45.29,43.67,44.9,44.0,40.48,46.21,42.06,43.81,43.24,40.43,54.0,38.78,50.43,40.42,44.17
38.28,45.21,44.54,39.33,39.21,41.81,44.52,40.67,42.29,43.12,37.28,40.14,46.24,41.57,47.0,52.94,45.38,41.53,42.84
39.67,40.64,42.29,39.1,41.0,41.67,48.33,46.48,35.9,47.71,39.0,40.62,45.76,47.48,46.56,37.89,39.86,45.16,42.51
49.78,42.57,40.75,36.95,47.5,46.52,42.86,43.19,45.0,39.42,45.61,39.76,39.24,48.24,44.61,36.56,39.95,49.21,43.21
41.56,46.1,39.08,39.0,45.0,40.95,39.95,39.62,41.67,42.58,36.61,38.86,39.19,46.24,38.44,40.83,45.05,47.21,41.55
44.94,44.1,38.29,44.05,47.42,44.33,38.67,42.0,41.48,38.46,37.78,39.86,43.62,33.95,51.39,48.89,38.19,44.11,42.31
46.11,45.48,42.96,40.05,45.83,43.29,43.1,39.43,40.95,48.12,36.33,49.33,49.48,51.29,43.17,37.78,41.71,48.42,44.05
39.06,40.88,38.46,42.19,46.46,42.52,38.71,41.86,43.95,44.67,39.33,41.19,40.1,38.52,44.56,47.44,45.05,45.58,42.25
39.94,45.93,46.08,41.14,41.33,44.86,43.0,52.38,43.24,44.21,46.17,44.9,41.76,41.95,44.83,50.44,50.05,46.0,44.9
41.67,43.17,44.25,46.24,42.25,40.67,40.9,35.57,45.57,45.46,35.0,51.29,46.19,42.29,50.72,50.11,43.71,46.16,43.96
46.11,46.38,38.17,41.9,40.63,51.1,43.38,41.62,51.1,44.96,42.61,38.9,44.57,43.95,46.22,41.67,46.1,41.47,43.94
47.72,41.95,43.25,40.67,38.33,43.57,40.86,46.71,42.57,42.54,44.28,39.76,44.24,40.95,46.39,49.56,37.95,44.21,43.08
42.94,43.43,36.71,44.52,39.17,39.05,48.14,37.62,38.33,40.5,38.56,45.14,40.19,44.57,42.61,46.83,46.86,45.95,42.28
43.94,37.69,41.29,41.24,42.21,39.52,47.19,41.43,43.33,42.58,42.11,42.81,40.0,42.62,44.56,53.11,49.71,41.42,43.15
48.94,41.93,43.21,44.81,47.67,42.19,44.48,40.71,40.33,49.42,43.33,41.67,42.86,46.0,45.5,45.11,45.19,36.32,43.87
43.44,44.17,40.0,43.9,39.38,46.57,36.29,41.76,43.38,38.75,46.72,40.48,36.33,40.57,45.28,47.28,41.62,48.21,42.45
40.22,40.1,41.96,40.9,44.79,42.9,33.62,41.1,41.48,39.46,45.22,42.62,44.95,41.29,46.11,47.33,53.33,44.16,42.86
42.44,42.57,44.21,41.43,38.08,40.48,40.14,43.0,40.14,33.58,40.17,39.71,45.71,39.0,43.11,38.89,44.0,40.26,40.94
38.5,42.98,44.96,41.9,38.58,42.0,40.76,41.43,45.71,43.5,42.89,41.67,45.57,36.81,37.72,45.39,42.95,43.21,42.03
44.33,40.1,39.12,45.71,49.54,44.9,44.33,42.24,46.43,50.75,28.28,47.14,37.86,44.33,44.89,41.5,47.48,52.42,43.96
48.72,38.36,48.71,44.43,34.75,36.24,36.29,38.05,48.24,36.83,40.33,42.14,42.95,42.9,39.22,40.0,45.76,49.53,41.86
51.22,44.6,44.88,40.52,41.12,47.9,36.62,48.52,42.0,40.71,36.67,45.0,43.24,43.19,42.11,45.83,45.86,44.11,43.56
43.94,45.76,39.62,44.62,41.75,46.24,40.76,42.38,44.76,42.96,39.06,37.19,35.86,44.95,41.44,45.94,39.95,37.89,41.95
43.56,47.24,40.5,38.48,36.62,39.81,39.24,42.62,44.48,41.08,44.39,50.52,45.57,47.62,48.06,48.0,39.81,47.47,43.61
49.56,44.45,42.71,43.76,44.04,39.95,45.67,37.1,33.52,34.17,40.17,46.0,45.38,38.67,45.78,42.5,46.76,41.26,42.3
41.44,39.17,49.71,44.0,49.0,47.29,42.57,41.24,47.0,38.58,39.67,36.57,44.9,38.1,48.67,41.0,48.57,44.21,43.43
44.56,42.0,41.75,45.81,44.33,43.19,42.52,45.05,40.14,40.0,43.33,40.67,43.38,41.05,50.56,44.0,37.76,49.68,43.32
42.33,41.4,40.71,38.14,39.92,42.38,47.43,45.62,39.95,42.71,43.44,44.0,40.62,35.67,46.22,43.11,49.05,38.95,42.31
43.0,40.86,37.71,41.29,41.42,45.71,41.33,45.33,41.95,46.21,44.72,45.86,35.48,43.76,40.17,51.0,46.9,49.26,43.44
38.0,41.02,45.04,45.76,46.75,40.52,41.05,47.05,45.24,45.42,41.17,41.9,41.43,46.43,42.33,46.33,44.33,44.0,43.54
38.17,43.14,40.46,38.86,47.62,45.71,39.43,46.86,40.1,45.79,38.11,47.48,43.95,37.0,41.89,49.28,43.52,40.26,42.65
41.5,42.71,41.79,38.19,39.25,50.67,41.05,46.71,37.57,42.58,48.17,47.71,38.86,42.24,39.0,48.22,51.0,41.79,43.28
42.11,38.0,39.54,43.43,45.75,44.43,47.62,42.67,46.24,43.5,46.33,37.43,42.1,37.14,49.5,41.22,48.43,33.95,42.74
47.78,43.38,43.0,45.14,38.33,44.0,44.24,44.81,43.14,48.58,43.61,41.48,37.76,44.1,39.39,49.83,47.1,43.95,43.87
38.0,48.5,39.79,39.67,38.08,37.95,40.14,44.62,37.67,39.04,44.33,40.0,47.9,36.33,45.5,49.61,50.0,31.05,41.57
45.17,43.48,40.42,45.33,44.83,43.29,40.43,40.76,45.48,43.25,40.94,38.1,39.76,42.1,42.28,42.28,49.71,44.05,42.87
45.5,45.45,40.21,40.43,41.37,46.1,39.57,45.52,43.62,42.71,46.67,37.43,48.9,42.86,45.44,46.78,44.81,41.68,43.61
38.67,41.1,40.96,40.81,45.29,44.67,40.19,39.29,43.1,41.25,40.78,40.1,40.52,43.9,45.89,45.33,35.57,40.58,41.55
44.72,42.55,45.46,43.9,45.62,41.62,37.33,40.71,45.57,36.38,41.67,40.33,45.19,43.43,47.44,51.89,46.76,43.89,43.58
45.0,46.81,39.79,35.67,44.04,37.19,43.1,44.38,45.14,40.13,39.83,44.52,43.67,48.86,45.22,42.78,51.33,45.42,43.49
41.61,45.33,47.96,40.38,41.13,46.9,47.9,39.19,38.95,37.92,39.06,38.62,42.76,44.48,40.67,48.06,40.48,53.37,43.04
41.17,38.69,41.08,50.0,42.38,40.05,42.95,37.14,44.52,41.04,40.89,43.81,41.9,41.24,45.56,51.89,41.52,40.37,42.57
42.44,43.79,38.88,45.57,43.62,41.81,40.1,36.71,43.9,39.88,39.0,38.43,40.76,43.9,42.61,50.5,48.71,43.0,42.42
41.72,37.88,40.92,41.67,39.62,40.14,37.33,40.05,41.81,40.67,39.11,39.81,42.9,43.43,45.28,46.28,48.43,53.47,42.25
41.78,43.9,40.67,43.05,46.33,44.95,41.1,45.1,46.81,47.29,37.17,38.0,39.81,39.14,43.78,50.5,39.14,47.16,43.09
42.44,36.4,42.96,35.95,40.79,44.29,39.14,39.95,41.14,37.33,35.06,51.05,42.29,37.67,37.72,43.89,42.24,48.26,41.03
47.33,37.62,40.12,43.95,41.0,43.14,46.9,38.81,46.71,39.58,47.11,41.24,44.48,37.52,47.22,43.67,45.71,47.58,43.32
42.39,45.0,38.04,41.62,42.54,42.24,41.33,48.52,36.9,45.46,40.22,40.67,46.0,39.48,37.0,46.56,49.67,47.16,42.82
46.89,39.57,41.83,43.43,37.92,44.43,47.1,46.81,49.38,47.54,41.0,45.38,43.33,43.67,44.89,43.22,47.38,44.84,44.37
45.67,41.24,44.5,45.52,37.21,40.81,44.57,41.1,44.0,38.67,42.0,38.9,40.95,43.57,40.56,43.39,41.86,48.58,42.39
46.78,36.12,45.42,47.05,40.17,40.95,38.86,36.71,43.52,44.0,41.78,43.67,44.86,44.81,43.44,44.44,46.71,44.05,42.96
44.33,43.55,40.71,40.48,40.62,41.95,36.19,37.43,43.95,43.5,44.11,39.67,43.48,39.95,42.22,50.67,46.0,52.32,42.84
46.39,44.69,47.0,46.48,47.38,40.9,42.0,45.14,42.9,44.12,49.22,44.1,40.29,44.9,45.83,48.22,46.52,48.58,45.26
47.0,40.93,42.71,46.67,41.62,46.0,39.48,41.14,44.71,40.25,41.22,42.0,47.24,34.0,43.22,43.89,49.38,43.89,43.08
43.78,40.48,40.0,44.52,46.71,39.9,43.38,48.14,42.38,41.92,40.67,41.81,40.48,44.52,42.94,47.78,43.9,45.84,43.29
37.44,47.79,47.21,44.62,45.42,44.38,38.95,49.9,47.62,44.79,46.44,36.14,41.43,43.33,50.28,51.28,47.43,42.21,44.81
47.06,39.93,45.42,41.14,42.79,45.38,36.67,39.14,48.24,51.0,42.5,44.76,49.0,48.52,42.89,44.0,50.24,37.58,44.24
41.0,41.55,41.42,42.29,44.46,39.38,38.52,38.57,39.0,44.21,41.44,38.9,41.62,44.62,48.0,41.28,50.57,39.0,41.99
47.56,43.76,40.25,46.38,40.75,37.19,38.71,39.81,47.43,41.67,41.83,40.81,44.0,42.0,45.89,43.06,48.1,49.89,43.28
45.11,50.24,39.38,43.1,37.92,43.14,39.0,43.86,39.86,43.79,40.72,47.14,43.0,42.48,42.56,42.61,39.14,46.79,42.77
45.5,36.07,46.13,44.81,42.33,47.67,42.76,43.24,41.81,45.5,43.67,37.38,45.24,38.52,50.17,39.5,46.62,47.16,43.56
43.67,35.93,37.04,37.81,44.21,42.9,40.05,42.62,42.76,40.25,45.28,38.71,40.19,44.57,38.0,49.83,44.67,48.53,42.06
42.17,40.31,40.54,41.86,41.12,45.48,41.1,44.95,37.05,44.58,40.89,37.86,43.43,38.67,49.5,45.33,47.05,41.89,42.43
49.72,41.12,41.12,49.67,41.5,42.05,43.9,38.52,40.57,43.12,40.0,46.71,39.76,42.48,42.17,41.83,44.33,53.74,43.46
44.06,34.76,36.42,41.9,42.67,44.52,40.9,46.67,47.24,46.37,41.39,40.0,46.33,43.76,45.94,39.78,51.62,47.95,43.46
47.17,40.5,41.5,42.86,44.04,41.05,38.29,37.24,42.29,43.33,40.11,41.95,36.38,46.14,42.94,45.94,42.86,46.63,42.29
41.44,42.81,36.67,39.05,42.21,39.19,37.38,48.33,42.81,41.71,41.39,39.62,39.62,36.05,43.11,37.67,40.86,43.47,40.74
44.22,42.24,38.88,37.81,47.79,41.86,44.29,42.71,48.48,39.5,37.11,41.14,44.24,49.0,42.28,43.22,43.81,45.53,43.01
38.61,36.79,44.83,42.62,40.21,43.33,39.57,38.52,38.95,38.29,44.28,46.48,39.86,41.52,49.44,45.06,39.62,46.37,41.91
43.67,40.12,44.79,43.52,34.21,51.71,40.14,41.33,43.48,43.75,48.22,43.81,37.0,47.48,42.56,43.67,44.81,49.53,43.54
48.94,42.98,41.54,47.9,37.88,38.86,41.62,41.9,40.76,49.96,45.56,38.14,44.0,39.67,50.22,40.17,48.67,54.68,44.08
34.89,43.48,38.17,42.29,39.96,45.95,42.57,41.0,44.29,34.33,44.06,47.81,46.43,38.62,43.06,40.72,44.52,37.21,41.63
40.11,38.48,42.29,40.86,45.54,37.52,44.57,38.33,38.24,47.0,44.33,43.86,44.57,42.86,44.56,44.5,43.1,46.95,42.65
41.0,43.33,42.0,45.95,39.42,38.57,44.14,41.52,36.9,45.25,39.61,42.05,37.29,40.9,42.11,43.5,47.95,39.21,41.71
40.78,41.74,47.38,47.62,41.29,42.1,41.52,42.95,45.1,40.0,37.5,44.67,41.95,43.05,47.5,44.5,42.29,45.84,43.21
45.06,45.48,44.58,39.38,46.54,41.71,43.86,39.38,39.9,44.71,54.5,39.24,44.38,39.9,37.33,42.56,41.76,47.32,43.2
39.22,47.95,39.83,41.9,40.46,47.0,40.9,40.14,43.14,38.5,42.0,47.71,46.43,46.62,43.06,46.06,45.24,51.11,43.74
37.0,41.95,37.46,39.1,41.38,36.67,37.81,39.62,39.57,40.92,34.89,45.33,45.48,37.48,40.56,49.11,46.14,47.53,41.0
38.39,40.48,43.54,45.81,46.83,38.19,42.05,41.95,44.95,42.5,41.22,46.14,40.57,43.38,37.61,37.28,42.62,38.0,41.75
42.06,43.95,42.25,41.71,39.71,40.19,41.95,42.76,40.9,42.0,44.83,42.0,39.19,41.1,42.11,46.28,46.62,50.42,42.78
38.28,50.67,42.29,40.9,42.13,41.71,45.95,38.81,45.0,43.33,36.5,41.43,45.1,36.0,39.5,46.56,44.1,37.95,42.01
36.78,39.19,49.0,40.43,41.79,45.71,44.86,45.33,36.14,44.0,36.89,38.62,49.67,39.95,44.06,48.06,46.52,47.21,43.01
38.61,42.48,42.79,41.19,43.17,36.81,40.62,40.67,40.57,42.75,34.17,42.1,44.48,43.14,45.83,50.61,48.0,36.0,41.89
43.67,40.71,39.63,34.14,41.92,44.67,40.52,43.05,44.0,42.83,41.28,41.71,41.33,45.48,44.06,45.56,51.14,57.0,43.48
39.11,43.74,44.13,44.76,43.46,41.86,40.19,41.14,40.05,45.62,42.0,43.9,46.71,43.19,44.94,43.28,45.95,45.32,43.3
37.39,39.93,45.46,39.62,45.71,40.14,41.33,39.33,49.14,46.88,38.06,50.33,41.33,45.52,50.06,43.61,39.05,42.0,43.05
42.39,39.81,42.75,42.57,41.46,38.86,36.29,38.67,45.48,46.79,42.06,37.62,38.52,42.48,40.22,42.78,45.76,43.89,41.58
40.11,38.79,32.46,38.86,42.92,38.0,44.86,47.0,37.95,43.25,44.94,41.43,42.1,40.76,39.28,47.72,44.38,47.68,41.8
42.17,43.48,42.08,41.86,40.67,38.9,41.05,44.95,38.29,38.75,40.11,46.0,38.95,46.52,44.28,45.78,43.19,46.74,42.43
39.17,45.29,37.21,43.67,37.92,43.33,42.24,41.9,40.33,42.62,39.17,41.19,39.1,50.19,47.28,46.5,37.62,43.11,42.1
40.33,39.07,35.92,44.38,44.38,44.14,39.29,36.1,45.38,47.5,44.28,44.76,42.86,43.81,42.78,48.44,45.86,41.58,42.82
46.61,45.83,38.92,48.38,40.79,39.14,43.29,41.9,36.81,47.04,44.78,38.95,39.86,48.81,44.72,47.94,46.81,37.42,43.22
41.17,39.5,44.0,43.52,41.25,43.52,41.38,47.1,43.43,42.71,41.28,38.43,45.76,42.33,39.11,45.17,50.29,47.26,43.18
46.56,40.0,38.5,42.62,42.67,42.0,43.57,44.81,42.52,39.25,48.11,35.9,39.52,47.48,47.06,46.33,47.76,46.84,43.42
42.0,46.95,46.58,44.71,42.17,47.76,41.57,42.19,40.62,41.38,39.44,46.29,36.62,41.43,44.17,48.72,43.67,37.79,43.0
44.0,42.48,43.54,38.38,36.88,40.95,45.43,42.52,41.05,42.62,42.72,38.9,43.29,45.38,45.22,39.67,45.1,44.05,42.34
42.5,49.9,42.5,47.33,43.17,36.9,44.24,43.14,43.19,40.62,43.72,31.9,42.0,39.38,52.39,47.94,38.14,42.0,42.83
49.06,40.31,47.42,41.14,39.75,41.67,44.24,41.9,47.76,46.54,45.72,44.71,41.71,42.38,43.33,52.17,45.24,50.84,44.77
41.78,42.69,43.12,37.57,40.33,41.86,41.38,43.24,39.71,44.54,36.61,35.48,45.62,40.76,45.89,46.0,47.19,36.95,41.71
42.22,38.1,45.25,45.0,41.75,39.0,50.0,40.67,42.29,37.5,37.83,43.48,47.43,41.48,36.61,51.11,50.24,47.74,43.2
42.22,42.19,44.38,44.86,42.38,45.05,44.19,39.0,39.14,39.96,39.56,35.62,41.67,46.24,42.06,48.17,42.05,47.84,42.59
46.89,41.5,39.29,35.62,38.25,43.0,47.57,39.9,42.14,39.21,41.94,41.33,40.9,34.33,45.78,46.17,48.9,52.89,42.54
40.11,43.33,44.58,39.48,45.71,46.19,43.43,39.52,45.81,47.04,38.94,49.67,47.1,44.9,43.17,41.33,42.05,39.42,43.43
40.28,41.0,44.54,43.38,46.5,36.52,47.48,32.33,40.86,49.25,39.33,40.76,40.52,47.9,50.61,51.5,43.43,44.63,43.38
51.0,43.05,40.17,48.67,48.25,46.29,42.81,39.9,46.52,45.46,38.28,44.29,45.67,47.76,47.06,40.56,52.86,38.95,44.86
41.94,42.45,38.0,36.52,45.04,32.86,40.76,39.52,43.9,45.96,40.0,41.24,33.95,46.95,36.89,45.61,41.71,49.16,41.25
43.22,40.38,43.21,43.57,40.83,37.29,37.05,36.76,38.14,40.87,46.5,39.62,36.62,43.9,48.94,48.5,49.33,43.74,42.14
43.72,36.74,42.92,40.52,47.58,44.52,42.43,47.05,39.48,37.04,38.0,42.9,37.76,44.0,47.0,44.33,44.71,47.63,42.69
49.5,48.0,42.12,37.38,40.33,47.57,43.57,46.43,41.81,43.37,36.67,45.05,44.76,39.24,44.72,47.5,46.29,43.89,43.79
43.67,39.79,38.58,45.19,45.04,39.19,40.0,39.0,36.0,37.71,39.78,44.62,43.57,44.14,42.89,44.06,46.33,45.95,41.97
41.0,44.57,42.71,45.38,44.58,40.19,42.71,47.24,44.05,48.12,43.67,42.57,41.38,40.57,45.28,40.28,47.52,49.79,43.98
40.56,51.43,43.62,43.9,37.96,42.81,35.38,40.95,38.43,43.83,39.61,44.33,41.05,43.81,43.17,53.06,44.0,42.58,42.8
42.33,45.64,47.96,46.19,45.29,47.14,42.24,40.33,43.38,44.29,48.0,44.1,37.67,43.81,43.06,43.39,45.62,45.05,44.19
46.78,41.81,42.62,40.86,44.25,44.48,44.14,42.67,41.0,35.67,40.78,44.1,37.1,44.95,48.56,43.5,49.71,34.84,42.66
40.0,38.31,38.08,49.14,45.42,45.71,43.86,38.71,39.76,38.0,37.61,36.76,48.14,40.86,43.61,36.89,49.29,40.32,41.69
42.0,41.38,42.58,43.43,45.62,41.14,42.19,46.1,38.14,46.42,49.44,43.14,37.29,47.24,46.22,46.17,48.9,42.95,43.91
37.0,46.0,45.83,39.43,41.96,41.9,42.86,37.05,39.48,45.58,45.5,41.38,43.52,42.0,44.72,45.17,48.0,42.37,42.76
38.33,44.95,43.17,49.14,44.17,44.24,39.29,38.76,45.71,41.96,50.17,39.1,40.86,40.76,44.0,47.33,42.57,47.47,43.44
42.67,47.45,36.83,43.9,43.21,43.29,40.62,44.95,39.48,41.67,45.22,43.95,38.81,45.24,50.28,42.44,46.71,47.63,43.58
45.33,41.19,39.04,46.81,37.58,45.1,43.33,48.57,47.52,37.54,42.06,37.24,42.38,37.24,52.61,46.56,51.62,41.37,43.51
36.61,42.0,42.96,48.14,42.04,46.81,44.19,43.76,47.24,45.5,44.17,41.33,46.0,41.48,40.61,44.67,50.19,46.58,44.13
41.11,42.52,43.12,37.76,43.54,42.57,42.57,45.43,42.33,40.79,43.33,40.67,44.24,40.29,46.39,44.72,49.29,54.26,43.61
45.56,35.5,40.0,41.1,39.63,44.86,51.67,43.86,42.81,48.5,43.67,44.43,43.52,41.24,48.56,46.89,47.62,47.42,44.27
44.39,40.31,37.12,47.38,39.83,39.9,39.33,43.38,49.24,38.75,42.67,39.29,47.48,47.1,47.72,44.94,44.76,49.42,43.5
44.83,45.31,46.29,39.57,41.04,45.95,45.43,44.43,44.52,40.33,40.89,41.52,43.67,45.71,42.83,44.78,49.9,50.63,44.31
44.72,45.52,45.83,40.33,41.79,42.57,43.67,43.05,47.43,36.0,47.39,44.24,45.48,41.29,45.94,44.17,40.38,44.74,43.59
42.39,39.9,48.5,41.86,38.04,39.9,42.57,46.67,34.48,40.71,38.33,35.9,47.33,40.0,43.17,41.39,48.14,38.63,41.55
45.0,36.05,48.58,44.71,40.88,43.24,39.14,38.9,37.67,34.92,41.94,38.05,37.9,47.62,46.22,50.44,48.19,46.58,42.56
41.5,44.0,38.75,37.67,46.5,38.0,42.95,49.38,35.0,46.29,36.11,46.67,42.71,38.71,43.61,43.72,44.43,47.26,42.4
45.5,40.12,41.88,46.05,39.71,42.33,45.05,41.76,46.86,38.04,42.61,48.0,43.14,42.24,44.28,43.83,44.71,50.37,43.69
39.67,41.88,48.12,45.05,37.33,38.52,46.19,46.29,39.71,44.79,43.83,40.95,36.1,42.76,50.72,48.44,42.86,42.95,43.12
44.61,40.52,40.25,42.86,39.67,48.52,40.1,40.24,44.29,42.38,43.78,39.38,48.38,39.38,43.17,39.56,47.81,46.89,42.88
33.5,48.43,41.75,43.38,38.42,37.43,43.52,43.57,48.0,42.75,38.0,42.9,46.71,41.81,43.67,49.83,43.86,39.05,42.59
39.33,41.19,42.96,38.95,42.04,39.81,44.81,42.19,37.43,42.21,49.94,42.86,43.19,42.43,52.28,49.11,47.9,45.05,43.54
44.89,44.31,44.42,42.43,34.29,46.0,42.19,40.43,42.57,41.21,39.83,46.81,48.43,41.38,36.89,40.17,43.52,43.0,42.38
46.61,39.71,48.46,44.38,46.42,41.67,44.29,42.14,48.67,48.29,45.78,40.48,44.62,40.95,39.89,47.83,43.05,46.16,44.41
41.5,47.71,37.79,41.86,38.88,39.57,49.33,44.19,44.71,41.29,40.89,39.9,44.67,47.67,51.44,45.33,46.48,48.16,43.97
44.17,39.4,41.71,47.05,42.42,47.52,38.0,39.57,40.1,43.71,44.11,43.24,44.43,40.71,43.44,41.33,43.29,42.0,42.57
39.94,41.76,45.87,38.67,44.46,43.76,41.29,33.9,40.14,42.42,41.5,43.86,43.57,43.29,41.72,46.39,46.62,43.95,42.4
42.28,47.05,39.71,38.86,40.04,40.1,43.33,41.1,44.76,46.46,43.11,44.24,45.95,35.67,47.89,46.72,46.71,47.11,43.39
39.0,39.26,39.75,38.43,41.0,39.43,36.38,48.38,42.1,46.08,34.72,43.43,42.05,40.76,45.5,46.28,45.67,44.53,41.82
34.0,40.48,37.08,39.0,47.92,37.52,47.52,44.29,43.71,40.67,39.11,43.67,38.71,41.9,44.39,48.94,40.43,40.84,41.68
39.28,43.31,44.21,40.67,43.54,42.76,46.52,40.57,47.48,40.21,42.39,41.33,40.81,44.14,43.61,51.39,44.29,44.37,43.38
44.94,45.93,42.58,43.1,46.96,40.14,40.48,48.24,43.1,36.25,43.06,41.9,42.86,41.24,46.11,53.39,41.71,47.89,43.88
47.39,41.93,43.04,45.24,43.33,49.38,38.62,34.86,41.1,42.04,38.94,47.33,36.14,41.86,45.56,47.06,42.52,49.32,43.09
47.0,39.67,42.92,48.95,45.04,41.29,36.62,36.57,42.14,42.42,46.78,43.95,39.05,45.43,47.39,47.33,47.62,40.0,43.34
47.17,42.83,41.54,45.71,47.08,49.62,47.19,46.19,36.48,36.25,32.39,39.67,47.9,39.1,47.28,39.33,45.48,46.84,43.23
43.28,46.52,42.79,45.1,42.33,43.9,44.81,44.95,39.05,38.67,40.67,49.57,44.43,45.76,45.78,47.56,45.86,44.42,44.19
43.89,40.93,44.58,40.76,39.08,39.38,41.05,37.57,41.05,43.58,41.22,36.05,38.33,38.81,43.0,51.94,45.19,43.74,41.68
47.94,44.98,41.42,46.86,39.79,44.52,44.14,45.9,38.9,44.38,41.11,44.24,43.24,42.05,48.22,55.83,41.14,44.05,44.37
47.22,44.74,42.58,44.71,40.33,44.43,40.76,48.05,38.48,42.96,39.22,46.86,43.24,40.62,41.61,40.28,44.95,44.21,43.07
40.78,50.36,35.38,43.0,43.5,42.29,37.52,42.19,41.57,45.67,37.72,37.9,41.71,38.71,46.56,42.44,48.86,43.26,42.19
37.5,40.74,44.25,38.86,46.83,41.0,39.62,39.71,38.52,46.92,38.78,37.33,42.9,44.38,45.33,46.06,37.05,42.16,41.55
43.28,37.4,42.88,46.05,41.42,46.19,48.71,46.0,41.33,44.71,40.39,41.24,42.29,42.24,40.89,43.67,49.0,46.84,43.58
41.22,43.33,44.88,46.43,42.29,42.33,44.48,42.33,42.62,42.21,42.78,39.05,41.29,39.05,45.06,38.22,42.67,37.05,42.07
40.28,44.36,42.42,36.57,41.88,47.29,42.81,39.86,39.1,48.29,45.72,43.33,40.57,45.81,40.33,45.39,39.52,51.47,43.06
42.89,38.83,46.96,42.0,44.67,42.71,35.1,42.05,41.71,40.25,36.0,41.29,39.38,44.19,45.72,38.17,37.86,39.47,41.07
41.22,45.07,44.33,38.81,43.42,40.86,43.71,46.38,43.43,45.0,38.89,47.86,44.24,45.0,48.5,46.44,46.05,45.42,44.15
46.06,39.79,39.79,37.81,38.87,45.48,48.62,47.95,42.05,39.88,51.5,42.14,40.05,40.62,37.0,44.56,45.76,39.79,42.65
32.44,39.6,42.67,47.0,37.12,36.33,46.48,36.57,45.95,43.96,45.11,40.71,35.29,48.71,45.89,41.39,40.0,52.42,42.09
43.33,43.45,44.04,42.71,41.29,45.43,40.81,41.9,42.9,39.88,40.83,39.71,43.14,45.29,41.78,48.5,54.95,48.58,43.81
41.72,41.29,43.67,40.43,42.83,43.95,46.57,44.48,43.29,42.25,42.78,38.33,37.62,39.52,38.94,48.17,43.38,47.21,42.58
41.28,38.05,43.54,45.57,44.54,38.38,43.48,43.1,42.9,43.29,42.72,44.86,43.62,46.43,39.61,43.94,42.48,45.16,42.94
46.78,40.48,36.08,48.14,47.12,45.95,42.76,51.24,47.62,40.71,41.61,49.67,43.81,46.57,47.06,36.56,35.76,40.16,43.78
48.89,48.26,41.42,46.95,43.25,42.38,45.9,45.19,46.05,45.04,40.5,46.29,45.1,41.62,43.39,50.72,48.0,45.84,45.27
42.89,36.31,45.33,36.76,36.46,40.81,37.95,37.52,39.38,42.92,40.5,46.52,42.14,44.14,44.89,43.39,47.9,53.47,42.18
42.67,45.9,38.71,36.57,40.46,40.38,43.76,47.71,45.67,43.21,49.44,38.33,36.81,43.43,44.28,41.56,37.14,39.58,41.98
44.0,44.05,39.71,45.19,38.42,38.24,48.52,43.24,36.19,37.54,40.33,51.19,36.62,44.86,43.67,41.83,49.0,46.26,42.71
39.83,40.64,43.5,44.05,45.0,45.71,49.14,42.24,39.14,43.92,43.33,33.05,41.05,41.29,40.61,37.39,42.43,42.16,41.92
45.28,41.5,44.33,45.86,39.83,44.9,42.24,39.62,42.38,47.04,40.33,39.0,42.52,46.24,47.0,49.44,45.86,42.16,43.64
46.06,45.55,43.46,40.43,42.04,45.71,39.62,40.67,49.14,39.12,40.67,44.14,44.14,42.38,39.44,42.11,44.76,49.05,43.25
41.17,45.62,41.12,39.19,41.12,39.48,42.19,46.9,42.14,41.83,47.72,43.62,42.33,41.57,39.94,42.56,41.62,43.79,42.44
36.17,43.05,41.96,43.52,39.88,39.29,43.71,45.48,38.86,42.0,44.33,45.48,39.19,41.67,42.5,44.67,46.62,42.42,42.27
38.11,40.83,41.62,41.05,46.04,44.81,41.1,43.43,45.19,46.17,43.78,43.29,45.48,46.05,38.61,48.11,40.14,47.68,43.42
40.94,47.6,41.5,40.95,43.08,41.86,40.81,44.43,47.52,41.5,39.33,42.29,41.29,44.29,37.72,41.0,43.38,49.47,42.72
46.72,41.81,40.42,39.1,44.12,49.43,43.52,40.29,43.0,47.46,32.83,41.71,43.38,42.0,43.44,42.94,43.71,37.63,42.42
41.67,48.67,45.04,42.86,48.12,50.81,45.76,39.57,39.95,45.46,44.06,41.86,43.71,52.33,53.94,42.39,45.43,49.42,45.61
47.28,40.76,45.08,45.71,40.92,41.71,44.57,37.24,38.05,41.17,35.28,44.1,40.19,41.29,44.33,48.94,43.1,46.89,42.59
41.17,45.02,45.12,41.0,42.33,38.62,45.71,38.62,43.57,42.21,35.5,42.52,42.19,41.05,47.0,45.39,48.29,45.79,42.84
39.17,41.0,43.5,45.57,48.63,45.24,40.81,45.62,47.05,40.37,46.06,43.81,39.67,45.57,46.61,41.83,39.38,46.21,43.67
41.11,36.45,45.42,43.0,46.17,42.48,44.33,39.33,40.0,35.5,43.06,44.67,38.38,48.0,42.89,42.22,40.9,41.0,41.94
45.78,48.02,43.29,41.67,37.96,46.43,49.67,41.05,43.52,38.75,44.28,39.52,47.24,38.67,43.11,52.56,52.71,47.0,44.51
41.78,47.02,43.62,36.95,37.92,39.62,40.62,43.1,47.29,43.62,41.61,45.43,46.48,43.81,41.17,38.89,47.14,46.21,42.9
46.39,39.69,37.21,39.62,43.71,43.1,38.9,42.29,39.05,39.79,38.83,47.9,40.62,39.86,47.89,50.83,45.95,46.84,42.69
41.94,38.29,38.83,38.81,45.88,40.81,40.86,44.86,45.19,38.71,44.83,50.52,40.57,43.19,37.44,55.39,46.81,40.21,42.95
43.22,46.67,46.25,45.0,42.21,39.0,39.81,43.9,35.67,39.42,41.17,43.62,48.1,47.48,46.11,44.83,44.24,48.0,43.59
44.89,46.88,40.33,39.38,42.38,48.43,42.33,50.05,46.0,43.87,37.0,39.71,44.29,42.24,45.5,51.0,48.62,48.42,44.52
42.33,39.98,44.54,42.38,43.75,42.48,46.0,41.76,44.81,46.12,38.89,40.19,45.9,41.14,50.06,47.78,40.81,48.89,43.77
39.22,41.83,44.79,47.81,39.08,39.33,44.76,40.33,45.05,36.0,37.33,55.67,41.0,42.43,50.78,33.06,45.52,53.11,43.17
35.83,37.45,39.08,42.0,42.13,47.48,46.38,49.1,38.95,42.46,42.39,44.38,43.1,39.62,45.17,40.72,40.52,50.05,42.6
48.06,44.07,46.33,39.14,44.17,42.0,40.67,43.76,41.1,38.67,42.83,40.0,44.43,38.33,46.39,46.33,37.29,52.26,43.1
35.72,39.02,38.54,46.24,45.5,40.0,48.86,46.52,44.24,44.96,35.22,44.1,40.38,40.43,35.17,51.89,51.81,43.32,42.88
43.0,38.6,40.12,40.86,41.75,42.1,41.29,45.57,45.38,39.12,37.61,37.76,47.1,41.48,48.28,48.94,39.38,48.26,42.59
42.78,41.57,45.25,46.67,41.62,40.86,46.76,47.05,43.71,49.08,48.44,41.29,39.57,40.86,43.06,44.39,37.05,37.11,43.17
46.28,41.95,40.38,40.9,39.83,40.81,40.38,46.62,39.9,43.33,39.61,36.38,42.76,39.48,49.78,38.56,45.05,43.0,41.94
42.33,44.45,41.25,40.76,37.92,47.14,39.14,41.57,39.81,40.17,39.67,40.76,36.29,35.43,38.5,52.56,38.14,45.32,41.18
45.56,44.07,45.58,47.43,45.0,45.33,46.05,44.48,47.1,44.46,37.39,43.0,38.81,37.57,52.5,41.89,43.95,43.32,44.08
40.5,41.0,42.17,41.14,40.58,44.9,38.52,36.57,44.14,38.17,40.94,42.29,43.33,40.81,48.5,53.67,40.33,49.32,42.61
41.78,43.9,40.5,50.86,43.92,40.95,42.33,34.05,42.24,42.42,40.67,44.57,46.9,43.81,41.67,47.33,50.48,52.11,43.92
40.83,51.19,47.5,46.14,46.75,42.67,44.0,50.19,44.1,43.08,38.83,43.9,40.38,41.14,43.44,46.44,49.57,38.37,44.36
44.44,43.86,43.92,49.57,42.71,45.29,41.29,42.57,40.38,42.71,40.28,44.05,43.71,42.48,45.44,44.78,42.14,49.74,43.85
44.11,35.57,42.17,39.14,39.42,42.29,43.67,38.76,38.95,31.67,43.56,43.57,41.1,46.24,39.67,38.67,45.19,43.26,40.94
37.44,44.86,43.04,40.33,43.67,46.9,44.05,39.05,48.86,47.04,36.06,42.38,43.81,39.48,49.67,52.11,49.62,45.95,44.13
42.61,38.57,38.96,43.48,39.58,43.57,50.19,35.86,41.38,39.13,45.56,42.29,42.57,37.05,49.61,45.06,40.67,49.95,42.56
39.83,41.02,39.83,37.1,41.08,47.52,39.67,40.9,42.86,37.54,42.61,48.76,40.95,38.29,44.22,50.78,36.05,51.58,42.26
50.06,42.36,48.12,42.71,34.75,44.81,36.76,36.71,44.86,31.71,42.39,37.48,44.14,40.71,48.44,44.83,42.14,41.89,41.94
40.78,38.31,45.21,45.1,39.96,51.95,40.52,43.19,42.86,43.96,49.56,49.19,44.05,48.24,47.44,47.5,48.19,45.74,45.1
36.72,42.88,41.67,46.81,38.67,42.43,43.1,42.0,42.14,38.12,37.89,44.1,45.52,42.52,37.83,44.94,47.67,46.0,42.28
46.33,41.76,34.79,46.48,43.29,41.71,46.0,42.14,36.0,44.75,37.94,41.14,39.52,42.14,39.0,45.5,45.67,46.74,42.27
44.0,38.79,34.71,37.29,42.63,45.24,45.67,44.48,40.62,43.67,45.11,45.71,45.24,47.43,42.44,41.44,45.71,38.68,42.71
39.61,40.9,37.79,42.19,39.25,35.19,41.1,43.86,40.86,40.17,40.5,44.62,41.33,41.33,48.22,48.28,51.81,46.42,42.41
40.39,38.83,43.79,42.48,47.42,43.76,45.29,35.95,40.14,40.83,45.44,48.43,45.62,47.24,47.83,42.28,44.76,44.05,43.59
48.22,46.33,42.58,41.95,42.21,43.95,42.9,40.33,43.29,34.96,38.06,43.86,41.05,41.14,41.39,41.78,45.9,49.21,42.73
42.56,43.14,43.42,39.33,42.38,40.24,48.57,45.19,40.67,39.29,42.11,42.29,44.48,43.9,45.78,52.06,49.71,44.63,43.87
38.22,38.24,41.08,35.62,42.71,44.57,47.1,42.29,39.33,43.46,39.72,38.9,39.48,41.71,48.94,41.06,45.38,46.47,41.9
38.17,40.17,45.42,45.29,42.54,44.62,39.52,43.38,48.14,42.58,45.11,46.71,40.14,41.76,47.17,46.28,44.9,39.68,43.42
46.89,33.36,39.29,39.1,38.21,41.0,44.19,47.24,42.71,35.08,42.22,39.86,44.43,46.0,48.67,46.5,44.19,43.68,42.37
44.94,44.14,45.54,39.33,42.21,41.57,39.57,39.38,41.33,40.25,40.61,47.52,49.9,46.05,48.44,50.83,45.38,45.37,44.02
42.61,52.24,41.96,36.76,39.38,41.67,43.67,37.1,38.76,40.08,30.28,41.71,42.9,44.57,39.5,40.22,40.1,41.68,40.84
43.61,44.12,43.58,46.24,43.21,45.57,47.48,40.62,39.05,42.5,41.44,40.57,41.52,39.19,40.83,43.33,42.86,38.47,42.46
47.28,39.0,45.29,44.33,37.5,44.29,36.43,48.95,40.62,45.62,44.11,38.62,39.9,43.76,41.28,48.0,43.24,41.74,42.78
44.11,37.57,45.25,43.86,43.67,45.19,44.52,43.95,38.67,44.08,39.78,43.33,43.52,38.67,36.61,47.94,44.43,45.32,42.8
40.22,38.76,41.12,38.0,37.83,43.95,40.67,43.05,37.71,41.04,47.39,45.1,39.86,44.43,41.56,40.78,43.67,46.05,41.73
39.61,39.12,45.96,40.14,41.04,39.43,42.33,46.57,38.29,41.08,38.33,35.81,47.9,45.05,43.61,49.22,48.19,37.16,42.16
41.61,39.5,51.25,47.95,46.54,40.14,43.38,43.14,44.71,40.33,41.78,39.95,38.76,50.9,47.17,45.33,41.1,45.42,43.83
48.83,36.6,46.12,43.0,44.67,35.48,50.0,40.76,42.19,45.17,39.28,39.95,39.38,45.33,53.22,42.5,44.0,47.16,43.54
39.11,40.76,46.58,42.19,43.46,39.33,45.71,46.67,42.19,44.83,35.06,41.76,47.48,38.67,48.28,46.67,53.76,42.21,43.6
40.17,44.52,40.21,46.48,42.29,37.1,40.24,42.0,48.67,43.96,39.17,44.33,47.43,41.71,49.56,54.56,44.19,47.74,44.13
38.44,42.02,39.0,45.52,40.08,48.0,40.05,42.14,41.43,40.5,43.33,48.67,35.24,42.62,46.78,49.11,48.62,40.58,42.9
46.33,44.83,44.46,41.0,45.25,41.38,45.29,44.62,38.48,44.92,46.56,47.38,38.67,41.1,55.72,41.33,37.57,48.37,44.07
32.89,43.55,36.33,47.38,38.83,41.62,39.67,44.57,37.95,42.42,38.72,42.71,38.43,41.14,38.33,47.06,44.57,39.21,40.85
42.44,32.33,48.79,42.43,47.96,37.57,47.29,43.38,36.57,44.25,35.5,37.57,50.14,38.0,51.22,51.44,57.48,46.95,43.96
37.89,44.21,43.92,42.9,43.83,32.86,39.43,41.71,41.48,37.0,40.89,39.62,43.67,37.71,41.78,40.11,45.9,41.37,40.9
44.0,41.36,36.5,40.38,34.21,36.76,46.29,41.71,32.19,45.88,51.94,41.29,36.95,41.81,49.5,49.5,46.48,45.89,42.37
41.06,41.52,40.75,39.52,45.5,46.29,43.1,38.19,42.14,45.46,36.61,37.43,42.67,49.0,45.61,47.94,43.57,46.26,42.92
42.72,43.81,35.58,46.05,42.42,47.9,48.67,46.52,43.52,40.25,42.67,48.19,42.95,41.24,42.17,50.44,39.33,46.11,43.92
38.89,48.21,39.79,45.43,46.38,40.52,41.05,47.29,38.19,41.83,42.83,41.71,45.14,42.52,46.67,47.44,45.67,47.79,43.74
44.89,43.64,45.71,37.67,47.5,40.52,41.71,41.71,41.48,47.17,39.56,41.14,35.81,43.38,50.44,55.56,44.1,47.16,43.84
43.89,45.79,40.33,36.95,41.54,47.57,43.76,47.29,41.33,36.71,44.72,40.38,44.67,41.24,38.33,53.72,41.71,45.68,43.09
48.06,48.57,43.62,41.24,40.0,37.05,42.29,43.05,38.0,38.21,36.22,44.33,44.52,46.33,40.67,38.39,50.24,43.58,42.46
51.0,48.57,33.54,44.86,43.71,40.14,42.33,45.9,39.62,44.62,42.44,40.76,46.62,52.43,36.94,47.11,47.1,51.32,44.39
43.94,44.6,46.04,41.19,45.92,44.71,42.9,40.76,42.52,38.63,44.28,44.52,44.76,46.52,48.67,45.11,49.29,42.58,44.27
34.44,42.71,42.46,46.81,43.5,43.57,42.62,44.62,43.71,39.38,49.56,38.67,43.86,45.67,40.61,43.78,41.05,49.16,43.12
43.39,42.05,40.25,38.14,42.5,46.57,38.52,48.67,48.19,40.58,42.22,34.86,45.62,44.38,51.0,45.0,43.86,42.63,43.25
43.89,45.95,43.96,53.33,46.0,45.86,45.95,39.62,46.57,36.46,43.39,43.62,37.48,43.0,32.28,49.11,48.9,51.05,44.25
41.94,44.5,39.21,44.57,40.33,45.38,46.71,42.19,41.48,50.12,43.78,41.43,40.81,41.14,46.5,45.94,47.9,51.79,44.21
45.44,45.74,41.62,44.43,43.0,40.19,46.48,39.1,46.48,40.67,37.61,45.1,47.05,44.24,51.11,50.61,47.52,44.26,44.48
48.0,40.02,43.54,52.14,44.04,40.9,39.57,39.29,45.86,41.29,40.11,51.62,38.19,40.48,50.39,38.22,40.48,44.53,43.26
37.72,46.76,35.04,42.19,39.79,40.05,40.86,42.52,39.95,41.25,41.33,43.33,40.76,49.48,50.33,44.83,45.71,36.68,42.14
37.61,42.4,47.58,40.29,47.87,46.05,43.1,45.19,44.24,40.46,41.0,36.33,42.52,40.48,49.17,45.56,44.24,44.47,43.25
38.39,42.71,39.79,48.81,43.42,45.57,39.57,41.95,44.33,38.29,47.06,39.05,42.29,35.86,43.22,42.0,45.29,47.58,42.51
40.44,36.81,43.67,43.38,41.92,40.43,48.19,46.43,38.19,39.83,41.72,43.0,46.57,47.29,49.72,41.67,45.76,40.95,43.11
42.78,48.93,46.46,44.43,50.04,38.67,46.33,36.29,41.81,42.0,36.33,40.43,38.52,40.33,38.67,47.61,49.05,44.05,42.93
43.33,43.0,44.21,37.81,49.17,45.86,45.05,44.43,40.14,41.96,43.17,46.38,40.43,44.95,44.39,45.06,52.43,46.84,44.37
33.06,43.45,43.17,46.14,44.92,41.33,42.43,43.86,42.48,41.33,39.94,38.29,42.48,42.86,38.89,47.17,50.67,56.74,43.29
40.11,37.79,42.42,43.81,38.29,44.19,41.52,41.38,44.67,42.71,44.78,40.95,43.29,44.0,45.83,39.06,39.48,46.95,42.29
38.78,44.1,43.08,41.24,43.42,42.24,36.62,40.81,44.24,48.0,39.06,37.62,43.43,44.05,47.5,43.22,42.33,47.74,42.64
38.5,38.4,46.08,41.9,42.17,42.24,42.1,44.52,42.24,39.88,40.44,41.52,38.48,48.43,48.56,44.44,47.19,40.53,42.65
41.56,46.83,45.5,43.48,42.71,43.33,37.43,43.1,42.71,41.21,43.56,50.9,44.48,48.48,44.11,45.94,41.52,49.47,44.24
39.67,47.95,38.17,42.76,43.0,38.57,43.62,45.48,44.05,49.21,39.61,42.19,39.24,33.24,43.61,49.56,43.43,47.84,42.84
39.78,45.31,39.58,42.9,44.92,44.0,44.52,44.62,39.48,41.21,41.78,51.71,46.67,44.29,43.72,52.06,47.14,47.84,44.53
37.06,42.1,40.42,47.86,44.33,54.38,47.52,43.76,47.1,39.79,38.0,43.24,43.19,36.48,42.39,45.06,41.76,47.89,43.46
41.22,41.38,45.62,45.62,40.29,35.81,40.81,42.48,39.76,43.71,39.83,42.29,40.19,46.52,37.44,41.11,55.19,48.95,42.68
42.94,39.83,46.12,37.24,40.29,41.81,42.76,39.71,51.19,39.62,42.78,42.9,33.95,40.14,48.5,46.83,41.76,45.53,42.44
39.22,46.02,42.04,34.67,41.79,43.76,46.71,46.76,39.24,35.5,43.5,40.33,38.52,37.43,47.44,48.17,45.14,47.47,42.43
46.22,38.05,44.17,50.81,47.42,39.57,46.62,38.86,41.81,41.71,43.78,42.19,37.43,46.43,41.94,49.78,42.43,40.84,43.34
41.61,46.69,42.13,46.67,45.79,44.29,40.43,41.48,41.14,44.25,36.83,44.29,46.38,44.33,46.5,46.06,38.71,49.16,43.71
38.94,47.02,43.21,48.33,43.46,40.57,39.19,46.81,40.9,47.25,45.67,39.43,40.9,49.0,45.0,36.78,38.76,45.68,43.16
37.67,41.4,40.54,40.76,45.29,43.95,45.9,38.24,44.19,45.79,44.61,41.62,44.57,41.05,40.89,40.06,48.43,48.63,42.98
43.11,46.45,37.79,38.19,39.96,43.62,47.0,46.81,40.9,42.29,42.61,44.48,40.48,36.9,48.61,48.06,42.62,47.47,43.19
37.72,35.52,49.04,40.52,37.62,44.05,42.86,48.05,39.38,44.08,38.67,46.1,41.1,44.43,44.28,42.56,49.43,40.37,42.54
44.61,43.19,49.38,40.62,36.33,42.81,39.9,48.57,40.76,38.33,44.33,39.19,40.9,41.57,49.72,51.06,41.62,39.05,42.89
41.67,41.36,37.83,33.0,43.29,35.71,40.0,42.67,44.05,39.67,42.28,40.81,38.33,44.52,42.67,48.83,45.19,42.42,41.35
47.94,42.67,45.13,37.52,41.0,42.29,37.76,44.0,41.1,37.83,46.78,42.76,41.05,41.67,45.72,41.17,43.33,41.79,42.31
43.72,44.4,43.58,45.19,42.25,38.62,45.9,40.38,41.57,45.13,37.83,45.05,35.19,39.14,45.5,43.89,44.57,43.63,42.53
43.39,35.07,40.92,39.67,35.71,44.86,36.24,46.62,42.29,42.17,43.78,46.0,43.71,42.24,47.67,48.67,39.29,48.26,42.59
42.83,37.26,44.38,46.19,42.08,40.1,38.33,41.9,32.24,47.17,43.89,38.29,41.52,38.19,38.44,39.33,43.62,37.95,40.76
46.39,39.26,41.83,36.1,45.96,48.76,42.71,42.9,46.52,45.04,38.22,37.19,39.19,45.9,47.11,36.72,44.86,40.16,42.49
40.39,45.9,43.33,47.9,38.67,45.33,45.71,46.43,41.48,49.04,39.83,43.29,39.9,42.9,52.06,40.56,46.67,52.53,44.55
49.33,39.9,45.54,41.81,45.5,42.48,48.62,44.76,41.05,37.5,43.83,43.05,40.19,43.1,46.89,38.78,50.9,45.26,43.81
37.44,42.98,42.25,41.76,41.38,48.76,41.1,46.95,43.81,44.17,38.61,44.71,45.95,41.9,38.78,47.44,40.81,52.47,43.4
44.33,44.26,47.33,44.14,48.42,43.1,47.67,41.9,42.0,50.0,43.44,45.57,43.38,44.24,31.78,41.44,41.24,39.58,43.55
35.06,45.98,39.67,45.48,41.5,37.05,40.67,46.24,42.29,43.37,41.17,38.48,50.71,43.52,51.33,41.94,43.86,48.32,43.15
45.72,43.71,42.29,40.71,41.62,44.33,37.86,40.0,45.05,38.13,44.28,42.71,45.67,49.48,45.83,51.72,42.95,41.26,43.52
35.61,44.4,42.08,40.48,42.21,45.1,46.67,45.86,47.24,34.83,43.39,42.1,40.33,41.95,42.89,49.94,44.05,50.63,43.32
47.39,39.5,38.54,40.0,43.0,48.9,39.57,40.29,39.86,45.0,47.61,44.24,40.38,36.48,48.94,45.83,41.86,42.53,42.77
40.61,41.26,44.88,38.71,43.88,39.67,40.81,42.57,44.29,43.0,43.83,40.38,40.86,42.29,38.11,45.78,41.81,48.84,42.31
42.78,41.98,44.54,41.86,38.04,38.05,45.86,46.19,45.86,43.17,39.11,43.43,42.86,40.0,41.83,50.28,48.52,50.63,43.61
42.06,40.6,38.54,45.29,42.5,41.95,35.86,47.05,38.1,40.62,44.0,44.14,39.81,45.71,46.67,40.28,47.76,45.11,42.56
37.28,44.74,40.5,38.81,38.67,41.14,41.0,52.62,39.0,43.92,46.83,39.95,34.52,43.24,51.28,48.89,47.67,45.79,43.1
35.39,41.95,39.04,39.86,39.33,43.67,33.76,40.24,39.29,39.63,42.94,43.14,42.57,46.05,42.72,46.5,51.1,46.79,41.89
44.0,46.95,44.92,46.29,42.0,39.1,40.86,39.43,41.38,42.08,42.0,39.14,37.33,43.86,43.67,47.17,45.0,51.79,43.16
39.39,40.21,37.71,40.76,39.17,41.1,38.9,43.57,45.57,41.0,40.89,45.67,44.43,40.14,44.17,39.44,43.19,42.42,41.54
45.06,45.26,38.42,47.19,43.17,37.33,44.43,46.33,38.43,37.58,42.56,44.48,38.1,43.43,42.11,50.5,46.33,40.0,42.82
45.22,46.93,44.54,43.29,42.67,41.29,39.62,41.81,43.19,42.04,43.44,39.24,48.62,38.95,43.22,37.11,52.19,42.0,43.08
43.17,40.86,44.46,44.95,38.88,42.67,41.71,39.0,37.86,42.0,46.39,44.14,44.62,47.14,45.78,48.0,43.24,41.63,43.14
39.28,38.29,45.75,42.43,40.33,41.14,41.1,42.62,48.71,45.58,37.0,45.81,43.52,41.52,56.17,41.94,44.33,43.16,43.26
39.17,41.12,48.38,41.38,44.96,42.29,42.62,35.38,38.81,40.08,41.28,42.81,46.05,46.52,51.44,44.67,44.76,47.37,43.28
41.39,44.05,41.38,40.9,45.29,41.14,43.9,46.43,41.05,41.08,40.0,45.19,45.0,43.38,40.5,45.0,43.48,39.84,42.72
44.39,36.24,43.0,35.62,42.96,38.67,40.71,48.52,38.86,42.88,41.94,41.86,48.24,40.43,41.56,38.44,47.29,42.21,41.88
51.83,40.29,40.17,44.9,42.04,44.57,38.14,41.95,44.29,36.25,44.56,44.86,45.33,49.0,43.56,39.78,46.19,42.05,43.32
35.56,41.76,40.75,44.95,40.62,38.95,38.52,38.19,38.24,44.08,41.39,40.29,41.05,39.05,41.28,43.06,45.57,38.11,40.63
43.56,41.74,40.79,42.48,45.96,46.48,37.62,42.19,38.24,43.33,47.44,40.52,39.0,45.0,47.06,44.44,46.0,47.58,43.3
44.39,42.43,46.83,43.52,47.08,43.43,43.62,38.62,45.86,39.42,41.33,41.9,41.05,39.95,44.72,38.94,47.62,44.37,43.06
43.89,40.05,42.71,39.48,41.92,36.81,44.48,42.67,42.0,40.5,42.39,40.29,48.24,38.52,45.72,49.5,41.38,45.68,42.57
48.0,38.79,40.04,44.1,40.29,38.38,42.43,34.38,37.52,43.46,40.83,41.33,41.14,41.1,46.67,42.67,44.76,50.47,42.02
41.28,46.62,40.88,41.1,48.25,49.81,44.33,43.81,41.14,40.46,45.39,44.76,36.05,38.05,44.06,44.28,41.05,49.79,43.39
39.06,42.5,39.25,40.71,38.29,35.52,40.95,47.57,36.24,35.0,36.94,50.81,42.24,41.48,44.39,39.83,40.1,48.37,41.07
35.44,41.98,34.38,46.0,43.92,39.38,40.71,44.0,41.67,40.92,38.61,37.57,45.14,43.33,40.83,41.28,48.05,39.68,41.27
45.0,41.52,41.75,45.29,47.38,40.76,36.67,43.95,37.62,43.08,44.06,43.9,41.67,43.14,42.78,46.5,44.67,48.0,43.21
41.94,39.86,40.0,46.81,40.12,43.52,46.48,37.62,49.38,41.33,34.5,42.57,46.86,36.67,45.17,44.83,45.81,54.74,43.23
38.44,43.31,36.71,39.05,37.83,42.95,42.29,48.48,47.76,46.83,33.0,40.95,50.24,38.19,42.11,43.83,46.76,43.68,42.36
41.17,37.24,43.46,39.0,42.42,40.86,41.67,40.0,41.05,41.58,41.17,40.67,37.95,44.95,47.22,43.56,45.48,45.63,41.95
41.0,38.33,40.67,48.38,42.46,41.33,46.1,39.24,44.29,40.29,45.22,38.48,43.19,40.76,53.67,41.22,48.0,50.47,43.51
40.72,45.29,45.12,40.9,44.12,39.24,43.57,41.24,40.76,39.17,41.22,49.14,43.05,42.1,43.39,39.5,53.76,42.95,43.07
40.33,39.98,41.08,37.1,42.5,42.62,43.19,44.67,42.95,40.08,40.39,41.38,38.05,40.76,45.44,44.78,49.05,39.58,41.88
49.94,44.45,36.08,38.67,41.12,44.0,44.9,45.67,36.86,43.62,43.72,42.86,43.38,41.19,53.22,46.44,42.81,39.84,43.27
49.22,46.17,41.75,37.33,44.58,38.48,41.71,42.0,38.86,51.71,44.78,35.62,37.86,42.43,45.72,42.0,54.05,41.32,43.09
47.28,43.79,42.83,43.81,43.42,43.81,47.0,42.24,41.19,38.38,40.83,40.86,40.43,43.57,44.94,49.0,43.24,50.16,43.71
37.83,47.48,50.75,41.81,39.17,39.95,38.19,44.05,46.76,41.33,42.72,41.24,42.05,43.05,47.28,35.06,43.29,44.11,42.56
43.0,46.71,43.04,38.76,36.58,49.0,41.0,39.33,40.48,44.33,41.0,42.43,41.62,42.19,41.56,43.72,45.52,42.63,42.38
38.89,40.98,43.0,48.71,39.54,45.62,41.95,38.0,45.57,44.96,42.72,44.81,35.57,41.05,39.78,46.17,50.52,47.32,43.06
49.94,41.31,46.12,51.71,42.96,38.05,38.9,39.05,40.19,43.71,42.22,34.05,42.67,41.24,50.39,46.06,46.29,51.68,43.7
40.61,42.6,43.21,40.95,43.42,50.14,35.76,49.43,40.48,40.71,41.83,52.05,40.05,42.86,42.89,43.94,49.05,45.95,43.66
40.94,44.45,40.62,42.95,42.38,43.05,43.86,43.1,50.9,37.13,40.06,43.19,39.9,36.57,46.44,47.11,51.24,37.42,42.85
43.28,39.55,37.92,42.33,41.71,42.14,33.05,42.9,39.95,38.58,41.61,45.33,41.71,41.52,47.11,42.56,40.38,41.26,41.27
45.83,39.45,45.21,41.48,47.21,43.57,41.57,44.48,42.24,44.25,47.67,43.05,46.95,46.81,43.39,45.56,48.19,47.37,44.68
49.44,42.05,43.17,48.9,35.21,36.95,41.81,40.33,39.76,38.67,34.94,39.0,45.43,46.48,44.06,35.06,36.81,43.89,41.22
41.17,49.4,45.0,44.05,44.67,40.71,40.67,43.05,42.05,47.62,43.22,47.0,40.24,42.67,39.56,42.67,46.81,50.58,43.95
47.06,45.71,40.96,42.9,46.46,44.05,37.67,41.76,42.71,41.33,41.5,46.05,42.48,44.48,47.5,44.61,43.33,48.16,43.82
44.39,37.76,39.71,39.86,40.21,37.19,39.76,35.29,39.67,42.87,35.61,41.0,46.95,46.38,47.61,50.17,48.24,42.89,41.98
36.67,34.95,45.5,36.86,42.37,43.48,44.38,43.33,44.95,46.25,38.94,41.62,46.38,41.0,42.56,41.17,43.19,37.74,41.74
41.5,45.67,41.54,45.81,41.17,38.05,39.19,40.62,43.24,40.33,47.44,43.0,40.95,38.24,46.06,41.06,44.0,40.63,42.14
42.56,38.24,41.42,42.67,40.58,37.71,42.95,43.95,44.0,43.29,41.0,39.95,40.9,40.33,35.39,40.17,46.52,46.16,41.54
41.39,32.64,41.58,44.67,49.79,45.0,48.48,39.05,43.29,40.38,42.22,46.57,37.95,46.29,40.44,46.94,46.95,48.11,43.43
40.78,42.93,40.92,47.14,43.62,43.81,47.0,44.71,45.81,37.96,42.72,36.52,37.0,37.57,45.44,44.5,44.9,48.58,42.88
41.78,38.9,46.37,39.33,43.96,37.76,37.95,45.9,46.57,42.12,43.94,40.29,41.14,45.9,49.78,48.39,37.81,47.05,43.05
40.56,42.86,41.79,45.05,39.92,38.1,40.24,41.67,36.14,44.71,42.06,41.62,39.62,43.0,41.72,51.44,43.29,38.79,41.81
37.78,45.6,38.37,40.48,39.21,39.0,40.05,41.29,43.71,38.92,34.83,42.71,42.52,43.81,41.33,43.11,45.14,43.47,41.19
42.33,35.24,43.21,47.43,39.75,41.76,42.43,42.67,35.86,44.92,40.44,44.62,41.24,48.14,45.67,50.67,42.38,51.37,43.34
42.0,41.36,41.21,44.24,39.71,46.81,43.67,44.43,45.33,46.83,44.0,43.86,46.95,45.57,43.44,48.89,42.1,47.58,44.33
40.28,45.88,44.38,40.33,43.08,41.9,44.19,43.29,40.33,42.67,43.11,41.29,42.67,44.86,45.78,53.78,45.0,44.21,43.72
32.44,45.86,40.88,43.43,47.21,41.9,44.57,44.71,36.0,41.21,39.67,42.19,44.05,38.62,47.06,46.44,39.71,42.84,42.16
38.39,36.38,42.79,44.14,43.62,39.33,48.62,48.19,46.29,39.12,39.11,43.14,38.67,43.48,51.56,47.72,45.52,46.05,43.45
43.39,36.07,40.88,42.71,44.42,39.95,39.1,46.71,44.29,46.21,48.11,41.43,50.81,43.67,36.39,41.67,49.48,43.58,43.27
39.78,40.05,40.12,51.29,47.25,47.57,41.05,37.76,44.33,34.17,52.39,45.67,43.86,41.71,47.72,44.5,48.0,45.0,44.01
46.22,41.9,42.92,38.76,37.5,46.1,37.38,45.76,38.67,44.75,43.22,36.05,42.57,43.86,47.5,45.61,46.33,45.79,42.83
44.61,43.31,42.29,45.38,36.46,45.33,46.81,41.81,45.86,41.0,39.11,32.52,47.1,40.86,46.94,52.44,45.14,45.0,43.44
46.67,40.24,48.42,42.33,42.38,31.71,40.86,43.14,44.76,43.75,50.72,38.9,41.0,44.14,41.78,48.78,40.14,43.32,42.95
38.56,48.9,44.08,39.43,41.33,42.62,43.24,42.29,41.19,45.71,44.33,38.52,41.24,47.9,41.72,45.44,44.14,44.74,43.08
37.94,41.86,45.17,43.33,44.17,41.19,40.43,40.9,42.38,38.92,37.94,39.48,43.0,46.0,42.67,48.89,42.43,55.47,42.9
39.78,38.26,48.5,41.1,50.13,43.57,39.86,36.43,45.14,45.5,46.89,38.33,37.29,43.33,42.44,47.17,50.43,43.37,43.19
38.11,40.48,42.25,44.9,43.29,39.1,39.14,42.14,41.43,40.79,46.11,41.9,44.9,45.62,42.67,51.39,46.52,53.74,43.58
45.39,41.12,41.21,41.48,44.58,45.14,41.67,41.05,44.19,43.46,41.72,50.81,45.33,44.81,45.0,40.0,43.76,44.11,43.6
43.22,42.26,42.29,44.43,45.42,39.95,42.86,43.62,39.57,47.5,37.56,45.71,37.86,37.76,43.61,44.33,49.52,40.63,42.67
38.67,42.86,50.25,46.33,38.83,41.86,35.29,40.57,44.0,41.04,45.44,44.95,49.19,44.33,47.89,42.78,43.57,39.47,43.18
41.89,38.0,42.33,40.62,40.42,38.1,42.57,41.95,39.19,45.62,43.72,38.05,44.67,39.62,47.17,45.11,44.38,45.74,42.17
43.44,40.4,38.92,47.19,45.67,44.43,42.52,45.95,44.76,41.62,45.72,40.62,47.29,42.81,43.56,47.67,45.19,54.42,44.57
50.89,41.67,43.88,40.29,46.58,43.19,40.67,41.19,46.62,39.17,42.67,41.95,48.19,47.67,43.22,44.61,46.33,42.84,43.98
44.06,39.36,40.38,39.43,43.92,34.57,41.67,46.05,37.62,41.25,35.22,44.67,43.81,44.76,51.61,45.06,45.67,36.0,41.95
41.89,44.19,41.42,42.1,42.42,37.48,45.38,46.19,44.19,47.25,48.83,40.05,43.52,38.24,42.44,52.22,45.57,54.0,44.3
44.0,39.88,42.58,39.48,42.71,39.9,46.76,39.0,41.86,39.75,48.83,42.67,43.9,36.9,35.5,42.22,50.81,41.63,42.13
49.39,44.57,42.12,42.14,35.54,36.1,46.19,39.9,42.19,42.75,40.67,40.9,43.1,41.33,48.33,40.17,42.19,45.26,42.38
32.94,41.6,39.12,40.14,47.21,45.95,42.48,49.33,41.71,49.33,43.22,48.67,38.33,36.52,34.61,46.22,50.48,52.05,43.33
41.5,43.48,45.79,41.05,43.25,39.29,45.14,40.9,42.81,44.54,38.28,42.1,39.57,39.95,43.28,42.5,43.67,42.53,42.2
43.44,52.48,38.25,45.24,41.42,44.38,46.9,40.86,37.9,39.38,38.17,46.95,42.76,38.67,40.78,50.22,40.81,39.84,42.69
42.61,47.57,39.96,45.19,39.33,46.14,39.1,41.57,45.76,47.79,47.67,47.38,40.48,42.43,42.83,49.06,49.95,49.74,44.7
43.94,43.1,43.62,37.24,39.42,40.33,41.76,36.81,32.9,41.25,46.83,39.76,44.05,38.29,41.94,46.39,46.29,43.0,41.5
42.28,40.57,44.83,39.62,44.42,39.76,41.19,43.67,44.0,40.38,50.11,41.14,43.0,46.57,46.94,52.22,45.38,43.68,43.88
37.44,50.17,39.83,43.05,43.54,47.76,44.86,39.95,45.95,37.04,38.72,40.1,39.24,39.95,36.89,41.44,43.62,44.11,41.87
42.61,40.0,37.71,42.67,45.21,45.43,35.9,48.0,37.9,41.17,38.06,46.0,42.67,41.38,42.39,48.0,45.62,49.05,42.76
39.44,40.9,38.54,42.24,40.0,45.57,44.43,34.29,47.81,39.33,46.5,37.57,41.9,48.05,52.39,45.72,43.48,48.05,43.12
39.94,45.21,47.58,45.14,45.04,37.57,41.0,42.43,42.81,44.37,43.61,40.52,38.9,38.9,42.28,48.28,46.81,43.42,42.99
45.44,41.29,45.29,40.0,41.17,37.19,41.9,45.24,38.57,42.17,35.17,42.57,46.33,32.9,46.33,50.22,45.1,44.16,42.28
42.78,44.1,45.75,42.19,40.88,39.67,44.38,41.9,44.19,37.54,39.11,43.33,47.57,40.81,42.89,43.17,38.57,50.47,42.74
43.28,48.55,43.17,44.33,37.54,42.43,42.62,40.48,51.71,39.96,37.94,45.05,47.1,43.38,45.0,49.67,45.57,45.0,44.04
39.56,46.81,46.17,42.62,40.0,48.62,38.95,44.48,41.62,45.25,47.5,40.71,45.38,46.57,43.61,44.44,41.19,42.05,43.64
35.83,41.24,38.92,44.52,45.62,45.33,40.67,44.1,38.43,44.62,41.78,37.38,42.14,40.9,44.67,45.11,44.9,50.11,42.57
45.78,38.86,36.92,41.9,45.04,46.57,41.0,44.0,41.0,47.79,48.61,40.0,42.71,39.52,40.0,42.17,39.24,49.63,42.82
43.61,43.95,43.25,37.48,43.5,43.67,47.57,35.9,39.81,40.42,35.94,39.0,42.33,41.29,39.83,48.72,51.33,39.26,42.05
46.17,47.57,39.71,41.95,43.25,39.62,51.95,38.52,39.86,42.21,38.28,42.81,49.19,42.76,42.11,39.67,45.0,43.0,42.98
45.56,42.21,46.62,42.71,41.75,36.38,48.9,40.48,41.67,45.17,38.56,34.48,47.48,43.1,44.5,47.94,48.43,37.63,42.98
37.22,40.02,42.67,40.33,38.0,50.52,44.52,43.71,44.24,40.46,42.17,51.19,39.14,43.48,43.61,43.28,46.81,42.95,43.02
40.78,41.88,42.46,45.19,40.88,39.62,37.48,41.76,42.19,41.08,44.0,48.62,40.43,48.0,47.28,46.33,48.67,48.84,43.64
49.33,36.36,43.04,41.0,46.75,43.0,49.05,47.24,47.62,38.21,45.94,41.71,41.05,39.0,50.89,43.78,45.1,37.95,43.72
51.33,43.6,43.58,38.24,41.17,42.05,44.71,47.14,44.38,43.46,42.0,42.76,45.57,45.19,44.94,42.17,47.33,48.74,44.35
36.83,38.83,45.38,39.95,42.79,48.57,36.62,44.14,38.67,40.88,47.94,44.67,43.19,40.67,46.22,41.61,50.71,47.95,43.09
41.89,40.6,37.21,42.71,46.92,42.76,45.95,41.62,48.29,48.5,42.61,41.1,42.62,38.33,39.72,40.39,50.57,47.37,43.29
37.0,39.71,41.12,42.57,43.75,40.0,47.52,44.76,44.95,40.75,34.78,43.9,46.95,42.67,46.56,35.11,46.71,44.26,42.39
42.17,45.45,42.25,40.52,40.46,46.67,41.9,47.52,43.76,39.33,46.56,37.81,39.33,41.57,41.89,38.5,49.33,42.16,42.62
45.17,46.62,40.67,42.24,41.54,37.62,45.29,39.24,46.0,40.46,41.56,39.52,37.43,38.95,47.11,51.94,44.81,33.11,42.18
42.67,44.31,40.96,45.9,41.33,41.33,40.24,39.95,40.62,47.0,38.78,45.67,44.71,48.1,57.11,42.28,42.14,42.53,43.65
42.94,41.64,44.04,47.1,47.0,48.48,46.95,41.19,41.29,40.92,34.61,45.95,48.29,45.19,42.72,51.39,48.38,44.53,44.59
42.28,41.05,43.08,44.71,40.17,45.14,43.43,44.57,41.86,44.58,39.5,40.86,39.05,34.38,46.78,44.17,42.05,42.11,42.21
38.28,45.64,39.54,38.71,43.62,42.38,45.0,43.76,46.14,41.12,49.72,43.38,34.38,49.24,49.44,41.17,36.62,45.42,42.98
38.17,43.74,43.54,39.95,39.96,40.1,40.57,39.38,39.38,43.71,37.06,37.05,44.52,43.24,49.56,41.89,50.19,45.26,42.07
49.44,43.45,48.42,41.95,36.67,41.24,45.0,39.43,41.67,42.0,41.94,49.86,42.95,38.38,47.78,46.17,45.52,38.26,43.34
40.89,40.31,42.67,40.0,41.79,38.38,46.57,41.29,41.05,38.62,44.78,38.14,49.67,42.76,46.83,49.56,42.81,39.37,42.53
41.89,46.26,40.25,41.14,40.25,42.9,47.0,43.19,46.76,36.54,37.0,39.19,45.71,43.24,42.44,42.61,47.29,42.53,42.57
42.33,38.14,41.92,44.29,48.5,42.33,35.62,41.76,37.43,44.08,45.78,40.43,41.86,41.43,47.06,39.72,43.19,46.79,42.37
37.89,40.17,40.71,37.43,43.04,44.14,44.52,41.95,42.48,40.5,38.72,43.29,42.48,43.05,48.33,46.89,45.9,38.79,42.24
44.72,45.64,44.96,40.38,43.38,42.95,37.38,41.62,37.9,40.12,48.94,44.62,40.29,39.57,49.33,42.06,48.48,46.95,43.29
41.89,44.33,41.5,39.71,37.5,38.33,46.95,43.86,37.67,41.62,43.72,40.76,46.48,36.86,54.89,45.33,46.43,44.21,42.89
45.17,40.29,45.62,42.38,45.75,45.57,38.48,51.76,41.81,44.96,40.78,40.24,43.52,48.43,45.06,40.17,47.24,46.11,44.07
45.28,40.45,39.54,46.71,41.88,42.57,42.14,46.38,46.9,44.29,44.0,41.52,52.0,47.19,41.28,42.94,40.81,42.21,43.78
35.94,45.21,46.88,45.71,39.75,44.29,46.62,42.19,42.95,35.71,42.5,43.9,41.0,38.71,44.78,41.0,40.57,46.11,42.43
46.61,40.55,35.0,42.76,36.71,48.62,43.48,45.19,40.9,50.0,42.06,46.71,43.24,43.05,42.22,47.78,39.71,43.58,43.23
38.11,40.62,45.42,43.9,41.21,41.14,41.76,37.95,39.0,39.5,42.11,43.52,43.62,39.52,44.33,45.83,45.19,39.95,41.82
48.94,49.14,47.04,41.33,44.42,40.33,37.9,42.9,41.48,40.96,40.06,39.24,45.0,42.0,45.94,48.5,47.57,46.68,43.86
42.5,37.12,41.83,47.19,48.96,40.14,42.1,42.1,38.1,38.46,38.06,44.9,39.86,48.95,45.39,46.94,39.24,44.16,42.55
38.44,36.79,37.46,41.71,39.54,43.95,40.38,47.43,45.86,44.29,36.11,39.33,46.81,46.81,44.72,33.28,40.48,41.74,41.4
38.22,39.05,34.96,47.38,47.75,43.29,45.0,45.05,43.1,38.29,36.83,42.48,37.81,38.95,39.89,51.0,51.76,43.58,42.47
41.06,38.6,40.92,49.9,46.54,38.86,41.1,39.0,43.38,36.33,37.67,49.33,47.95,44.19,49.56,53.22,50.62,53.74,44.55
41.89,42.62,38.08,40.43,46.58,41.81,43.1,44.29,45.52,41.46,41.56,41.81,45.19,41.33,46.39,41.61,48.33,42.79,43.04
45.5,40.74,47.25,46.43,43.83,37.24,41.43,46.0,46.33,45.88,40.17,45.86,43.76,44.67,46.56,36.22,41.48,44.37,43.54
41.89,41.02,42.96,36.38,41.38,44.95,36.33,49.38,46.24,44.08,40.83,46.48,41.05,41.71,40.17,49.61,42.43,47.89,43.04
36.83,39.4,43.21,42.9,44.88,38.95,44.81,47.14,42.48,41.33,45.78,45.48,42.62,37.33,44.5,47.83,42.05,43.74,42.85
38.94,45.6,46.0,40.95,45.83,39.29,38.43,33.05,43.14,42.83,40.94,42.24,38.62,41.19,43.0,41.11,45.86,45.74,41.82
43.72,39.29,43.29,43.48,42.67,34.29,40.29,47.52,40.29,41.46,37.39,43.71,40.81,46.19,43.72,52.39,46.86,46.63,43.0
41.56,41.5,43.75,45.62,38.96,41.62,46.9,43.67,41.9,35.54,44.67,40.86,44.71,40.81,50.22,53.56,46.1,44.95,43.72
40.94,47.52,44.25,45.19,40.58,42.1,41.81,44.33,36.76,45.83,42.67,39.62,38.43,42.29,42.56,48.28,39.86,44.95,42.66
42.94,40.24,44.12,44.14,42.96,44.43,43.1,44.52,44.1,48.17,48.0,34.43,47.67,44.52,37.72,42.72,44.43,44.16,43.46
46.06,39.88,40.5,39.67,40.04,42.57,46.81,38.57,41.38,41.25,38.33,38.52,37.0,43.67,33.11,44.61,51.9,46.58,41.69
36.61,39.31,44.88,40.95,41.38,44.0,39.52,44.24,40.1,41.54,40.72,39.48,47.1,47.33,47.0,44.17,51.62,39.11,42.72
43.39,46.57,38.62,41.1,38.96,45.29,43.05,44.24,35.95,44.67,42.72,45.81,45.33,37.95,49.06,41.06,40.0,45.74,42.75
45.11,40.64,47.58,47.19,40.21,47.0,37.52,39.43,42.67,43.83,40.72,46.9,44.24,48.24,46.72,47.94,46.05,48.53,44.47
47.0,40.45,46.08,39.14,47.46,45.05,43.52,45.1,43.33,43.5,38.67,36.48,41.81,42.9,41.5,46.11,34.43,47.47,42.78
40.94,39.4,43.38,41.76,42.88,43.71,44.33,43.1,42.19,44.25,39.67,41.29,42.67,41.33,51.11,44.5,43.05,47.16,43.15
41.33,41.29,38.46,43.71,41.79,40.76,38.19,41.19,33.62,41.71,45.17,41.95,47.81,45.62,45.94,38.78,46.38,38.95,41.81
39.33,40.45,44.21,43.1,43.37,40.05,38.19,39.33,43.62,40.5,45.72,43.57,42.57,40.43,47.5,45.11,44.57,42.79,42.47
47.94,37.1,44.21,43.05,38.88,44.14,43.29,43.95,42.1,39.12,44.83,38.62,40.95,41.29,40.83,44.06,50.38,45.32,42.78
37.61,44.64,42.04,43.86,46.25,42.81,40.76,47.76,48.19,47.92,39.94,41.57,39.71,48.57,47.83,49.61,41.9,51.32,44.57
40.22,40.95,36.96,47.0,42.58,48.81,41.43,46.57,44.19,48.92,34.0,39.43,38.86,50.86,40.94,50.5,49.71,45.0,43.72
45.89,38.21,43.79,42.62,41.29,40.71,39.0,34.62,47.19,41.67,36.83,47.1,43.29,40.9,44.33,45.72,41.52,43.32,42.11
46.94,44.62,43.83,42.0,46.79,38.38,46.67,42.62,41.14,44.58,44.17,42.57,47.05,36.67,43.22,48.5,37.38,46.11,43.51
41.83,40.62,40.5,42.76,42.75,35.57,39.33,42.29,41.71,41.54,42.28,36.71,42.86,44.38,44.5,36.11,47.1,43.74,41.48
48.5,39.62,40.67,40.05,44.42,34.05,42.71,45.24,47.1,39.0,37.06,42.57,40.9,44.19,43.0,48.11,43.33,51.53,42.89
38.44,37.88,43.88,42.52,37.67,42.57,44.1,45.62,43.33,46.71,40.44,44.0,43.81,40.86,40.72,42.5,39.57,46.63,42.29
41.28,45.1,39.79,49.24,34.54,45.76,44.62,43.71,35.67,44.25,42.44,48.71,50.24,46.0,41.83,44.72,41.0,47.68,43.7
43.61,45.4,44.58,48.1,44.29,44.19,35.43,41.33,39.38,47.04,48.78,40.38,45.0,46.19,48.78,41.0,45.57,44.0,44.06
42.39,45.64,51.0,36.71,41.29,44.24,44.71,41.57,45.43,40.54,36.56,46.05,43.9,47.67,40.61,40.11,50.1,46.11,43.59
39.44,43.31,43.42,37.33,47.42,40.1,46.43,46.71,46.9,40.29,41.78,42.76,38.43,45.9,43.72,44.28,51.86,49.95,43.89
50.11,43.48,45.25,38.62,43.96,46.95,42.43,44.57,38.52,41.29,44.22,42.29,44.86,44.24,41.67,41.61,44.57,50.63,43.85
43.0,41.43,44.38,39.76,42.29,44.33,43.52,40.1,37.57,46.0,44.33,40.05,36.29,35.1,44.17,43.28,41.57,39.32,41.47
42.5,45.69,45.17,43.19,42.67,40.95,44.14,41.52,41.81,42.92,46.06,42.71,46.29,40.38,49.89,50.83,45.05,43.68,44.19
41.61,39.43,44.92,42.14,39.67,42.43,38.52,43.48,41.29,39.46,37.67,47.14,47.48,40.57,47.28,41.33,42.9,46.68,42.44
33.5,40.57,46.29,46.62,37.21,35.48,36.9,40.52,40.05,41.04,44.22,43.71,43.33,38.57,45.11,46.94,41.19,38.58,41.1
45.28,44.55,37.17,39.0,39.38,38.62,45.52,31.62,45.81,42.25,45.83,40.81,33.1,46.24,47.39,40.83,40.52,45.0,41.61
45.94,38.4,43.25,45.9,41.42,36.95,43.05,40.48,39.62,43.88,41.5,41.9,43.62,45.33,41.78,42.17,45.43,45.74,42.58
39.89,40.38,43.96,46.52,36.0,41.24,36.81,44.86,43.1,43.12,45.61,38.81,41.19,48.43,41.11,51.56,44.52,42.11,42.73
47.28,43.76,44.42,37.67,37.83,43.05,48.33,46.62,43.48,38.88,46.72,42.81,49.1,42.86,45.17,45.44,41.33,39.53,43.57
44.28,35.12,37.5,41.1,46.46,36.62,46.1,43.0,40.71,44.29,45.28,35.95,41.24,45.76,46.22,41.06,40.52,45.47,42.04
39.67,44.95,43.25,45.14,38.83,49.48,38.71,39.9,40.76,42.25,45.72,43.29,40.48,41.05,45.22,49.22,46.62,45.74,43.35
39.28,44.6,39.75,40.76,42.71,47.33,44.71,42.81,39.14,45.83,40.61,40.67,45.05,42.48,45.5,42.67,48.19,38.05,42.79
48.39,43.07,40.17,40.76,49.17,41.62,37.43,41.48,45.57,41.0,47.44,45.71,40.57,40.95,45.06,49.5,43.67,46.21,43.76
46.83,45.67,43.92,34.86,46.12,44.43,45.67,37.52,37.81,43.46,39.78,39.76,39.95,40.95,39.78,45.72,46.43,47.68,42.57
36.72,35.95,44.75,42.05,45.33,38.9,40.29,42.86,46.33,47.33,36.44,44.86,44.38,45.9,38.17,49.44,42.43,41.11,42.4
43.78,44.83,43.5,47.0,43.62,37.81,41.33,45.57,40.19,49.46,43.94,37.0,41.71,39.0,48.94,44.28,45.14,52.0,43.84
43.22,42.9,42.67,45.43,42.75,41.24,39.76,40.57,42.48,40.04,43.33,37.48,42.81,48.24,43.44,45.06,46.48,45.11,42.94
41.33,42.1,41.04,39.71,35.62,42.48,43.95,43.48,47.38,42.92,40.33,38.33,38.38,32.33,45.22,53.44,40.62,44.11,41.82
47.61,39.05,45.04,44.43,42.0,38.86,44.52,40.9,43.19,41.46,45.39,40.86,44.29,45.86,52.17,41.17,55.62,45.16,44.31
34.0,47.69,41.25,39.1,42.21,40.19,37.05,49.1,39.76,36.83,37.78,44.67,44.0,42.43,46.33,50.78,44.67,48.63,42.58
46.61,31.1,39.38,40.05,43.96,40.33,43.0,40.43,35.05,39.5,46.11,39.29,42.29,46.71,43.72,45.44,43.57,48.26,41.93
41.28,41.31,47.17,49.24,43.75,46.57,44.29,41.1,46.76,41.12,47.11,42.48,44.1,35.86,48.44,46.56,46.33,37.89,43.96
45.28,42.86,43.83,38.9,38.92,43.9,45.86,40.43,43.86,39.83,48.67,39.1,40.29,41.38,50.83,36.56,38.81,46.84,42.56
37.22,43.71,46.42,44.9,43.25,42.43,40.14,44.0,36.81,39.46,43.0,43.57,40.29,44.86,44.67,45.28,47.48,48.32,43.1
50.22,42.69,41.79,45.14,45.79,45.9,39.24,41.62,43.48,41.96,44.61,37.1,37.29,39.9,51.89,44.0,46.29,39.37,43.24
40.72,43.19,41.0,48.67,47.33,41.48,40.48,41.9,35.76,47.21,36.17,41.86,48.9,48.71,49.33,53.72,43.57,45.37,44.19
42.22,47.83,40.5,46.86,42.71,38.71,46.71,37.29,41.9,45.58,41.67,37.95,49.95,38.38,42.33,40.28,40.86,48.58,42.8
38.33,45.17,44.67,42.29,36.83,40.29,37.52,36.81,48.14,44.58,46.61,47.29,46.1,37.62,46.17,40.06,49.0,43.74,42.84
45.72,41.33,44.12,48.62,44.38,45.9,43.29,43.86,41.14,40.88,44.11,43.76,41.52,42.33,48.28,48.28,47.33,45.16,44.45
44.22,45.69,41.63,47.52,37.92,40.76,45.48,47.76,40.19,45.62,47.67,44.86,39.0,42.52,42.0,41.83,49.43,44.21,43.8
42.83,41.02,41.5,33.95,49.54,43.29,39.9,42.33,36.19,45.0,40.94,44.33,40.38,39.62,45.22,44.33,45.33,42.32,42.11
41.94,39.93,42.62,36.76,46.96,40.95,38.24,42.14,45.24,52.25,38.44,45.57,46.29,43.52,46.33,43.28,44.86,48.58,43.55
43.61,44.9,38.33,40.86,41.46,40.76,41.67,49.0,43.38,42.67,38.72,42.19,42.1,42.43,47.44,43.22,45.19,45.68,42.98
39.94,35.71,37.04,42.05,45.54,48.19,44.19,40.29,40.52,42.63,45.28,41.81,47.86,47.14,43.28,45.83,46.76,46.53,43.37
45.5,41.76,41.46,43.33,44.08,39.67,42.86,44.19,47.14,41.04,44.0,40.24,41.29,38.43,44.56,47.67,39.33,48.26,43.04
45.0,45.81,47.96,43.67,44.79,43.52,41.86,49.29,43.52,43.17,37.28,39.05,44.14,40.62,41.5,48.06,46.71,46.47,44.02
43.06,43.38,45.08,42.9,42.5,44.1,41.24,43.76,44.52,42.75,45.78,39.24,45.71,39.14,44.44,35.44,47.81,38.68,42.75
45.5,48.29,48.12,37.0,44.92,44.24,44.62,40.43,37.24,40.58,43.33,40.62,48.43,42.62,37.28,41.33,50.29,44.74,43.31
43.67,43.4,45.38,43.9,41.92,44.33,43.43,41.62,41.24,38.54,39.67,44.33,42.1,45.52,40.28,45.72,47.38,46.68,43.28
42.61,42.36,37.62,45.9,43.08,40.76,47.05,41.62,41.48,37.5,49.72,43.29,43.81,43.52,40.06,52.56,45.29,45.53,43.54
37.11,45.98,48.0,47.24,40.12,38.81,44.48,41.67,34.38,44.54,35.83,49.05,47.57,44.52,49.72,47.61,43.52,44.58,43.6
40.67,49.21,37.29,43.71,40.79,48.86,48.24,40.29,43.57,41.54,45.28,47.57,44.05,40.14,44.22,48.0,43.67,39.37,43.69
45.17,38.64,44.71,41.62,40.62,42.38,43.24,42.95,42.95,39.62,38.39,41.43,45.62,42.48,43.67,42.94,43.43,50.0,42.77
38.17,38.12,47.29,44.57,47.62,38.33,45.0,44.38,42.48,43.25,38.11,37.52,47.71,42.95,44.44,37.22,47.95,42.89,42.67
42.56,45.86,43.38,39.95,47.42,44.76,39.24,38.24,42.9,43.71,39.72,48.86,42.48,44.1,42.61,47.06,45.38,46.95,43.62
46.5,44.52,44.13,39.52,43.62,40.14,45.76,45.62,41.0,45.5,37.56,38.05,45.76,49.48,43.94,41.17,43.81,42.32,43.24
37.89,39.4,35.58,46.05,39.46,44.29,46.76,38.33,40.29,41.75,40.89,46.57,36.62,39.14,47.39,48.72,48.1,37.26,41.92
39.28,41.21,42.96,36.86,34.42,39.57,45.52,43.29,46.33,39.63,46.39,46.71,47.29,41.86,46.22,39.89,43.81,44.47,42.54
39.72,44.95,42.21,34.67,46.5,42.95,42.76,37.86,41.43,42.62,43.56,40.71,40.19,37.81,46.0,48.28,50.52,42.47,42.51
45.78,45.67,38.75,47.38,41.04,45.62,46.67,42.33,48.81,46.25,45.39,39.38,50.14,36.48,42.61,50.83,38.57,39.0,43.93
45.89,44.71,43.38,41.48,48.25,49.48,47.29,40.43,43.38,45.96,40.22,42.24,33.86,40.81,53.94,48.28,40.52,50.11,44.46
39.33,44.64,44.83,38.95,43.83,41.95,43.9,44.05,45.43,40.17,41.89,41.05,41.0,43.86,37.89,43.11,46.9,50.74,42.97
42.72,37.52,42.62,43.76,39.83,38.71,38.14,41.38,42.24,39.17,34.78,37.57,37.05,43.19,41.61,49.06,47.95,44.63,41.22
44.17,45.71,39.08,41.76,41.58,45.14,40.43,39.19,38.76,41.96,43.83,39.57,42.48,42.76,41.89,47.06,51.33,44.0,42.82
42.22,42.31,48.38,39.81,38.71,45.43,42.76,44.67,39.48,41.42,42.67,44.19,44.05,46.67,37.33,50.44,41.0,47.42,43.27
43.33,43.1,39.54,47.05,43.0,40.62,45.24,45.9,40.57,42.42,41.61,45.62,42.57,42.48,47.67,41.61,43.71,38.47,43.03
48.83,36.43,40.54,39.33,47.42,40.67,46.52,42.57,41.19,38.63,49.83,36.71,45.14,44.05,39.11,48.06,47.43,40.37,42.94
41.33,43.5,44.21,44.86,37.75,38.14,40.95,48.48,34.86,41.58,49.28,42.38,47.0,40.71,41.44,43.61,44.76,37.11,42.33
39.39,51.67,41.13,39.48,44.38,40.43,42.52,36.38,39.0,39.79,39.5,43.29,44.29,42.52,39.33,45.33,37.48,45.63,41.75
36.72,36.43,36.75,40.86,43.21,40.05,43.14,37.43,41.1,47.54,42.22,44.0,36.81,38.57,41.94,44.5,40.9,45.21,40.97
47.56,38.69,47.38,37.52,44.5,44.1,35.62,43.29,43.43,34.67,41.89,42.52,41.67,45.81,40.83,46.67,46.76,46.37,42.74
45.17,46.6,48.79,37.38,42.33,41.24,48.52,42.48,38.1,44.29,37.22,48.24,43.43,42.38,54.33,45.67,42.38,37.42,43.66
38.06,44.93,45.38,37.86,39.58,38.29,39.19,42.48,40.62,42.21,41.28,50.9,39.05,45.86,34.83,46.61,43.86,45.79,42.04
40.17,38.9,42.71,37.67,46.33,44.29,40.14,42.24,40.19,42.88,43.72,43.0,45.62,41.0,45.22,40.33,40.95,39.26,41.92
38.28,46.4,43.71,46.0,42.46,37.86,44.43,44.38,35.86,42.08,30.61,40.67,44.24,41.33,42.56,52.0,53.71,49.16,43.1
38.0,43.0,46.37,37.0,43.08,39.43,48.48,46.48,45.1,44.75,38.39,37.9,41.19,46.33,35.06,53.22,48.81,42.63,43.07
41.33,40.93,45.0,43.86,39.83,48.33,44.38,44.19,40.52,43.83,41.83,41.9,42.95,42.48,53.56,49.06,46.71,47.79,44.36
40.56,41.79,44.58,40.48,48.21,43.81,44.48,42.86,39.81,38.92,43.39,41.0,45.14,38.19,44.33,39.39,43.38,48.84,42.73
40.78,47.79,38.67,41.19,44.04,43.19,42.57,40.52,42.76,44.04,39.33,40.43,47.38,44.05,48.06,42.44,40.81,44.58,42.92
43.67,38.9,42.08,40.29,44.79,39.1,38.76,41.95,40.57,45.21,42.78,37.14,50.0,40.81,40.06,49.72,45.62,46.05,42.64
40.44,40.48,43.54,41.24,41.96,46.43,43.43,41.95,44.33,43.21,39.28,45.95,42.05,39.05,42.0,50.39,43.52,43.84,42.95
50.83,39.62,37.92,45.67,47.33,34.29,38.76,35.0,44.71,41.04,45.67,38.43,40.52,41.71,40.0,44.89,48.62,40.0,41.95
43.83,48.74,44.79,37.67,37.42,43.71,44.9,47.38,45.43,44.46,36.94,38.05,40.71,46.76,46.5,44.94,45.33,35.11,42.93
37.67,43.24,39.88,38.57,40.04,40.62,40.76,45.0,37.62,41.75,44.0,43.52,38.67,42.57,47.94,39.61,48.19,42.21,41.77
41.56,36.57,42.5,42.19,43.21,44.05,39.38,44.67,42.52,36.33,35.28,45.1,41.52,38.81,41.89,40.5,47.48,42.21,41.43
42.78,39.6,40.29,42.14,38.71,44.43,41.81,45.14,38.24,39.33,38.72,40.76,45.67,43.14,42.72,47.5,55.05,37.21,42.4
49.28,47.33,44.58,43.71,41.21,46.81,40.19,44.9,41.14,42.83,41.33,39.52,44.62,43.62,45.5,44.28,41.86,49.11,43.99
43.11,35.71,38.29,37.71,39.71,47.52,42.95,42.0,39.29,39.54,44.83,41.67,36.95,44.43,47.33,44.94,40.05,45.21,41.74
45.56,45.69,45.67,42.57,45.46,45.48,38.67,42.24,45.29,46.21,41.28,39.76,45.38,40.33,45.11,59.06,40.43,38.21,44.02
49.83,42.07,40.71,47.81,41.38,46.52,42.48,42.33,41.19,37.63,44.28,45.76,48.86,44.48,50.0,38.67,52.1,42.79,44.38
39.83,43.21,46.88,37.95,42.42,42.48,47.95,41.19,41.43,44.08,46.28,39.1,38.81,47.62,47.17,40.94,43.71,41.79,42.94
51.33,37.19,39.25,41.81,40.46,35.1,42.57,41.1,41.71,46.46,35.39,35.95,47.48,44.48,44.5,48.89,43.43,48.42,42.53
43.56,41.0,49.08,42.71,42.58,47.57,42.19,39.81,41.62,43.04,39.0,41.05,39.1,42.76,42.67,38.11,47.67,52.05,43.09
47.67,45.31,40.75,39.14,40.75,42.38,35.29,45.05,45.9,44.04,42.33,37.38,40.62,46.76,42.89,48.94,42.52,37.89,42.53
44.06,43.36,45.33,42.86,34.88,42.9,49.19,38.86,40.76,38.71,44.17,39.33,41.24,42.43,42.11,36.06,43.57,43.16,41.83
42.78,41.95,40.25,43.52,49.13,37.9,45.62,48.81,41.81,42.42,40.22,48.0,49.43,37.95,47.11,43.61,45.05,44.26,43.88
45.22,42.57,42.29,44.76,45.71,42.76,52.33,41.24,45.57,40.0,47.33,45.76,43.48,42.24,43.5,46.78,40.57,46.47,44.37
36.28,38.21,44.17,40.86,43.25,39.67,40.19,44.48,44.24,45.0,40.61,40.9,40.48,42.76,49.28,44.11,42.67,40.53,42.09
41.78,43.93,47.21,41.1,37.5,36.19,38.95,39.95,39.0,39.17,43.06,42.38,44.76,42.33,44.72,43.22,53.24,48.84,42.63
41.67,42.6,40.5,42.1,47.58,42.29,38.71,43.48,45.48,40.54,38.89,47.71,39.76,42.0,39.06,36.17,45.29,49.63,42.41
41.61,42.48,44.12,46.33,38.83,39.14,47.38,44.86,35.24,44.29,32.33,36.29,45.19,42.57,44.94,47.33,35.52,43.47,41.77
46.44,48.0,43.25,45.33,40.38,43.19,38.52,47.19,43.57,47.5,44.72,49.38,40.24,46.33,41.89,35.94,53.76,53.95,44.98
45.39,45.14,42.38,44.38,39.75,38.14,43.48,42.9,37.24,43.58,41.5,49.43,44.86,47.81,48.28,46.0,46.05,46.37,44.04
41.61,47.67,50.33,45.1,45.96,48.14,42.24,38.9,43.1,38.63,42.17,46.29,45.14,42.48,49.78,35.56,49.24,46.63,44.39
37.56,45.76,44.21,45.67,40.04,48.71,48.24,42.19,38.95,42.5,40.06,50.81,35.19,41.95,43.72,41.0,50.76,40.68,43.22
42.83,42.21,43.25,41.62,45.38,49.81,38.95,39.62,40.19,39.58,32.83,39.86,41.38,42.95,40.0,45.28,47.29,45.32,42.13
44.72,40.0,42.25,39.0,38.33,38.9,40.95,44.14,45.62,43.63,47.44,43.76,43.1,42.38,37.28,48.44,44.86,43.47,42.68
41.06,41.71,41.96,48.0,43.17,44.33,41.29,40.57,44.57,43.29,39.28,40.29,43.57,42.0,39.67,40.94,48.0,45.21,42.72
40.94,46.86,45.62,47.86,45.21,44.24,39.76,43.43,44.43,38.08,42.94,41.43,42.29,42.48,50.06,44.67,44.81,41.16,43.68
43.5,38.93,50.04,43.52,45.04,43.67,46.05,41.95,41.9,43.88,40.44,46.95,43.24,43.67,50.22,45.28,38.81,39.05,43.67
34.67,41.33,45.83,45.43,40.21,37.1,43.29,40.57,39.67,41.88,42.17,43.81,42.29,42.9,41.22,53.11,54.0,50.21,43.32
40.28,36.98,45.83,45.48,39.29,41.95,42.81,38.76,43.43,45.75,49.94,38.14,41.81,47.71,41.94,34.22,47.05,46.05,42.64
45.22,47.38,42.25,40.38,39.67,42.86,41.9,43.81,39.71,40.33,45.17,41.95,39.29,45.76,46.22,44.39,47.48,43.42,43.18
39.33,41.81,49.21,49.43,39.38,43.67,44.14,42.19,42.29,40.5,46.44,36.76,37.33,45.1,48.94,47.28,47.19,50.68,43.98
39.39,45.48,44.63,49.38,43.5,39.67,38.67,37.67,32.57,44.25,49.67,42.52,45.38,41.38,42.83,38.22,47.1,49.53,42.88
43.11,41.19,41.62,41.38,35.08,45.19,48.14,46.33,43.14,39.42,35.33,41.43,39.38,43.86,44.67,46.22,42.48,48.53,42.58
48.83,46.83,43.46,36.48,37.88,36.1,47.38,46.48,41.57,43.75,40.72,40.43,37.81,41.24,47.44,51.94,40.0,47.11,43.08
38.39,46.43,43.5,43.43,41.67,41.24,46.19,41.48,39.81,46.29,41.67,48.62,44.86,43.1,39.56,45.0,48.0,43.68,43.49
42.89,49.67,45.17,44.9,42.96,44.95,40.52,50.19,44.33,40.42,43.89,49.33,54.0,36.76,44.11,46.22,34.71,39.32,44.13
41.11,38.4,41.25,41.1,42.25,44.57,41.71,41.33,42.9,44.5,39.67,44.95,38.38,43.19,42.22,47.56,44.62,52.42,42.9
36.17,39.74,45.58,48.71,42.25,39.38,44.0,40.0,44.14,44.12,47.67,42.57,42.38,44.0,47.94,41.83,41.38,51.32,43.51
49.06,40.02,41.04,46.0,45.21,43.29,49.1,43.43,38.81,40.5,42.17,41.05,39.67,45.1,39.44,47.72,49.67,43.11,43.58
37.61,38.14,46.33,46.14,42.33,36.57,37.29,36.71,39.43,43.29,46.33,40.76,42.76,39.71,47.11,51.11,45.24,47.37,42.46
42.83,41.9,39.04,46.33,47.08,38.19,41.43,39.52,43.52,44.5,41.0,45.9,45.0,41.62,38.33,46.44,48.43,42.68,42.99
35.78,40.57,43.75,44.38,41.58,36.57,36.95,38.86,36.38,41.21,37.89,44.67,44.67,43.86,42.56,44.5,45.57,40.63,41.13
43.17,45.64,41.88,40.86,43.88,40.9,50.81,50.1,46.62,40.92,45.39,46.9,45.52,44.71,39.94,44.67,39.38,45.26,44.25
39.56,42.67,46.33,44.38,46.04,45.43,44.43,39.19,49.38,40.58,41.94,42.9,45.57,45.19,50.39,48.72,55.33,43.26,45.07
35.94,40.31,43.71,39.52,44.42,36.67,40.9,41.05,39.29,34.17,37.5,44.19,36.71,44.05,47.44,48.89,48.1,42.0,41.38
47.89,46.9,45.79,45.19,46.5,45.67,43.71,40.52,47.19,41.08,36.83,45.52,48.1,40.05,43.11,38.61,48.71,48.42,44.43
40.11,42.79,45.58,49.1,48.75,44.43,42.33,39.95,41.86,41.5,41.39,48.71,42.14,41.14,46.11,41.78,39.95,50.32,43.77
39.28,46.14,41.33,41.05,38.96,46.43,48.0,36.95,42.62,43.54,40.83,43.1,41.19,46.0,48.0,51.89,45.43,45.89,43.7
40.28,49.36,40.92,43.38,41.54,41.86,44.1,42.95,36.33,37.54,38.61,38.76,40.05,44.95,43.0,42.83,45.62,49.11,42.29
45.22,41.93,39.42,44.1,47.33,48.05,41.76,44.95,43.67,45.04,44.11,39.29,47.48,48.52,41.17,46.17,39.43,48.16,44.21
44.39,49.1,46.67,39.76,38.67,37.76,45.43,40.29,37.38,45.25,39.0,38.57,47.0,39.57,48.33,40.11,46.38,39.84,42.42
36.22,43.95,45.12,47.81,43.29,36.57,39.43,46.95,42.0,42.75,44.56,42.95,43.71,38.76,39.89,40.5,44.86,45.16,42.47
41.67,41.02,42.38,44.43,41.83,40.52,40.38,40.43,39.86,44.83,35.94,45.33,42.76,47.38,41.67,45.17,44.67,41.89,42.34
39.89,42.67,44.79,40.43,38.17,37.76,43.76,42.29,42.86,47.08,40.28,49.81,41.48,42.33,45.89,43.0,48.33,38.37,42.73
43.89,42.71,41.33,44.29,41.5,44.24,43.57,42.24,31.95,38.0,44.67,40.14,48.19,39.1,38.56,48.72,43.9,49.68,42.59
41.94,48.74,42.54,40.48,42.88,40.33,34.29,39.67,39.9,42.38,37.39,40.43,40.48,42.19,46.89,46.83,37.33,51.26,42.0
40.83,40.52,41.58,35.76,41.42,38.33,44.57,44.29,43.9,38.92,46.06,35.19,39.48,40.95,41.94,46.78,53.71,45.0,42.18
45.33,39.33,43.33,40.71,39.92,35.62,42.1,41.95,48.62,38.38,43.44,40.33,36.05,47.1,50.94,44.28,44.33,48.47,42.79
44.11,39.33,43.29,36.19,40.42,47.05,43.38,44.67,38.95,40.83,42.06,45.48,43.29,44.0,48.22,47.78,44.24,42.68,43.11
40.0,45.31,35.88,38.67,42.96,40.67,40.38,39.86,37.29,42.92,39.83,38.43,39.43,43.71,52.28,43.17,44.48,42.11,41.52
42.72,37.52,40.88,38.76,46.92,42.57,45.86,47.33,45.81,40.92,43.78,40.71,42.24,40.71,45.11,56.0,45.05,38.47,43.41
39.94,39.07,41.67,34.9,50.21,46.38,41.67,41.67,44.05,41.29,36.11,42.05,39.95,39.19,39.44,47.39,47.43,46.16,42.14
40.5,44.4,40.08,40.57,41.46,42.1,36.48,35.9,34.24,36.96,42.17,45.33,41.38,47.62,42.61,41.78,36.0,45.0,40.81
42.0,39.93,46.88,42.19,41.96,43.19,35.19,47.62,41.86,48.08,46.22,41.14,42.52,42.19,39.72,52.17,48.19,45.37,43.69
35.56,45.64,43.0,39.24,44.83,43.24,41.57,41.05,38.48,37.58,42.33,41.24,36.76,39.86,40.28,43.61,48.86,40.21,41.3
39.83,36.36,43.79,43.29,40.0,43.81,39.33,47.05,43.24,38.42,40.83,41.95,41.9,48.1,46.61,47.17,53.67,47.37,43.48
46.33,40.31,40.67,38.81,36.67,44.52,40.71,42.0,43.67,42.67,43.89,40.24,42.19,47.95,43.44,50.06,36.9,52.53,42.98
44.94,38.81,43.25,46.0,42.29,39.1,42.19,48.14,43.0,42.0,40.33,44.24,41.81,43.19,40.61,49.11,43.19,46.42,43.26
32.0,47.07,43.17,37.81,37.75,40.33,39.43,42.29,36.0,34.54,41.44,38.24,38.48,44.24,39.89,42.22,46.19,44.84,40.33
51.94,40.24,40.33,38.71,40.5,37.57,43.1,40.52,39.24,45.04,40.39,42.9,38.81,48.9,45.0,40.94,42.57,39.26,42.0
43.33,44.5,39.88,37.62,42.04,42.43,39.14,45.1,44.76,40.04,48.56,37.19,39.57,36.67,38.78,42.94,46.33,43.16,41.78
43.39,41.55,43.5,41.62,43.21,44.52,42.38,42.05,40.95,41.04,40.72,41.76,46.19,47.95,36.56,39.44,46.86,46.37,42.78
38.44,40.19,46.67,42.33,41.75,37.67,45.95,46.29,40.19,48.33,40.22,43.1,41.71,36.24,46.0,49.89,46.19,45.0,43.12
41.44,44.93,41.08,41.86,39.54,44.14,43.1,39.33,45.52,42.08,35.22,41.62,47.48,43.62,45.72,53.83,48.24,43.32,43.45
41.33,44.0,42.58,50.38,44.29,42.67,42.86,45.9,39.71,34.71,41.11,42.1,46.52,41.9,43.33,45.78,44.81,44.32,43.24
38.5,39.52,43.17,43.48,45.96,47.67,37.86,40.1,40.71,41.67,45.06,38.52,36.38,36.52,50.56,53.44,45.38,49.74,43.01
38.78,44.29,40.58,46.67,41.21,45.24,45.19,40.57,44.43,39.54,39.67,42.19,39.05,46.9,39.72,40.56,45.86,47.0,42.64
37.22,43.0,40.25,39.71,43.21,38.76,39.24,41.05,43.81,39.5,43.72,41.24,35.81,42.67,47.78,39.11,41.43,41.0,41.03
43.61,37.31,42.17,48.43,42.0,39.71,36.19,38.43,39.62,44.62,44.39,42.38,40.62,38.0,42.06,43.89,39.76,47.74,41.72
45.83,41.5,41.83,44.33,39.17,43.95,42.9,46.38,47.19,44.75,50.67,46.57,37.71,43.48,46.67,40.0,44.95,37.74,43.65
46.83,41.83,47.58,46.38,38.25,35.86,39.24,41.38,47.9,39.08,40.83,38.38,41.48,46.19,35.33,51.56,44.05,45.58,42.65
38.33,42.71,42.83,42.38,45.71,45.38,42.29,37.81,37.71,40.54,42.33,40.57,42.86,40.33,44.17,48.33,47.76,42.68,42.49
45.22,44.9,39.25,40.9,42.21,40.14,39.81,39.14,36.81,39.75,43.28,38.62,45.29,34.0,37.11,42.11,44.81,48.21,41.2
39.33,40.9,33.88,43.05,35.83,40.67,37.62,48.05,40.57,41.25,44.39,45.67,45.57,45.62,54.17,45.11,50.67,46.37,43.26
48.11,44.43,43.46,45.43,40.83,38.67,43.76,45.9,44.9,39.42,39.78,36.14,45.24,34.1,45.22,43.5,46.86,43.05,42.71
39.5,36.81,40.96,42.24,37.38,39.57,40.57,39.81,47.67,41.46,37.44,38.52,43.1,44.29,46.83,46.83,44.05,37.11,41.34
41.78,45.95,44.46,44.0,44.96,35.24,38.86,42.29,37.71,41.87,46.0,41.67,43.05,40.29,40.28,45.89,46.14,47.63,42.67
47.44,44.07,35.17,48.48,45.21,45.81,37.76,46.19,37.86,46.29,41.17,37.1,44.33,43.05,43.61,40.06,41.48,43.95,42.72
39.61,47.1,35.71,43.71,40.83,42.81,41.71,43.76,38.05,45.17,37.11,42.95,39.52,37.52,44.61,44.89,45.48,48.74,42.18
41.78,46.86,42.5,41.76,45.62,46.86,37.86,42.1,48.81,45.04,40.78,46.57,42.76,39.71,45.78,45.44,44.95,48.11,44.07
40.0,49.69,46.62,43.43,43.21,48.0,42.57,44.95,36.33,44.96,42.39,47.38,42.95,46.1,46.22,34.11,46.9,48.79,44.15
36.78,46.57,40.17,36.57,45.75,40.38,42.81,42.33,38.19,45.08,39.22,40.62,46.29,45.14,49.56,48.83,46.52,34.53,42.52
44.06,44.31,38.62,44.57,45.04,43.67,47.81,39.43,40.05,43.25,36.94,41.76,41.43,39.14,43.22,42.06,50.71,41.79,42.66
35.33,41.1,43.71,48.0,44.58,45.67,44.43,36.24,39.57,44.12,44.89,43.0,43.43,44.52,52.5,48.17,41.14,49.26,43.87
36.78,41.21,36.42,44.33,38.88,42.05,39.29,49.19,41.52,46.92,39.72,43.0,37.57,47.24,38.72,49.83,39.71,49.05,42.3
45.39,47.31,38.33,43.81,41.46,42.24,42.67,38.14,34.86,37.88,44.39,38.67,41.62,40.67,43.78,52.11,43.24,46.11,42.37
40.11,46.43,41.33,42.24,40.75,45.81,44.71,46.0,33.76,40.83,40.28,46.29,41.1,45.71,43.06,41.67,46.86,48.53,43.08
42.83,41.05,42.96,43.14,38.12,44.52,48.95,48.1,41.57,44.67,39.0,46.19,44.38,44.71,39.06,44.94,33.71,43.89,42.88
55.39,37.19,43.29,44.9,46.08,36.9,39.95,42.0,38.81,42.96,44.33,36.19,41.29,43.67,47.39,40.22,42.57,44.42,42.64
42.94,47.05,47.38,43.76,43.79,43.43,41.67,42.62,41.0,36.0,46.06,50.24,36.43,47.0,51.17,45.33,47.24,38.11,43.96
46.89,43.43,45.12,50.76,48.42,44.62,39.67,41.43,33.71,34.0,48.61,40.19,41.48,45.76,45.39,46.56,48.81,45.05,43.88
40.44,40.45,44.12,43.29,48.62,42.14,45.67,43.14,42.76,44.0,46.39,43.38,48.1,41.14,43.72,47.17,44.19,38.79,43.75
45.22,42.31,43.46,41.14,43.29,43.05,45.43,41.43,43.05,41.96,42.83,43.14,40.33,43.05,43.83,48.94,47.95,44.95,43.63
46.33,40.45,44.62,42.24,39.75,38.43,42.86,46.05,44.71,44.21,39.17,38.76,41.1,40.48,40.06,48.67,40.57,43.95,42.36
45.0,42.21,42.0,46.9,40.79,41.24,44.67,45.81,51.67,41.83,42.5,42.81,39.62,41.0,50.22,43.61,47.9,46.42,44.23
45.5,41.12,42.25,40.57,43.58,37.38,37.33,42.43,37.33,37.17,51.94,37.9,45.29,44.0,45.78,48.5,41.24,51.53,42.82
41.06,42.17,44.04,45.43,44.54,44.62,40.71,35.86,38.05,40.46,48.0,40.57,37.76,36.9,39.0,42.17,42.24,45.53,41.62
40.0,42.02,41.46,45.62,44.21,39.24,49.38,45.19,44.1,40.0,41.78,39.76,41.19,45.76,39.5,40.44,49.9,41.63,42.84
37.33,41.14,50.0,38.52,45.08,46.38,41.67,39.9,41.38,42.62,46.22,35.57,34.9,44.33,42.94,40.17,53.05,38.53,42.21
40.28,42.83,40.92,42.48,46.5,44.62,42.52,45.95,36.48,44.96,36.61,41.86,49.48,43.1,45.22,52.83,44.1,43.37,43.56
41.06,47.45,44.67,45.67,45.33,40.24,40.86,48.95,42.0,44.83,43.0,42.43,44.76,41.71,39.44,45.44,48.29,48.42,44.14
40.78,43.0,47.42,40.57,39.71,40.14,47.67,49.43,44.24,42.12,39.56,42.14,41.81,48.29,45.11,45.22,52.24,51.89,44.52
47.56,46.4,39.62,46.38,41.42,38.71,42.76,36.71,43.33,43.83,41.78,41.76,39.76,47.67,44.17,41.33,38.95,46.95,42.73
49.56,48.64,40.67,39.86,41.33,42.67,42.05,45.71,47.57,46.08,50.72,35.33,41.24,41.14,49.06,49.61,43.24,44.79,44.4
48.11,42.62,37.79,33.33,43.33,39.57,46.76,41.38,44.1,43.0,34.89,45.62,48.0,46.1,46.5,52.5,46.76,46.68,43.72
42.5,36.17,47.62,45.05,41.12,39.05,39.86,44.57,48.0,45.29,48.11,39.0,40.33,38.95,39.94,40.5,45.57,44.63,42.57
38.17,44.5,45.42,47.33,38.88,36.14,45.05,36.05,43.43,46.42,44.44,44.9,40.29,48.43,41.67,42.0,47.81,40.89,42.88
43.28,44.43,39.12,37.95,36.54,41.38,47.1,43.9,40.95,42.62,41.0,46.05,39.71,37.48,51.89,52.28,53.0,48.26,43.72
40.83,45.02,39.12,41.48,49.25,48.29,45.19,45.14,45.86,51.75,41.11,42.71,40.29,47.0,48.33,44.17,45.05,47.74,44.91
44.78,42.86,46.83,43.86,41.54,45.57,38.86,45.24,38.38,39.62,41.06,47.29,41.0,44.29,44.22,41.28,45.71,45.84,43.23
37.17,37.21,41.58,48.0,43.21,40.52,35.71,43.86,44.9,42.83,44.17,40.43,42.76,42.67,42.83,41.94,40.71,48.74,42.18
42.06,43.43,40.62,43.95,41.92,46.38,40.38,45.52,40.33,38.33,48.0,41.95,44.52,43.19,41.0,42.22,43.43,45.84,42.95
49.33,41.95,45.67,47.43,39.79,43.71,39.57,44.52,39.38,42.75,40.06,39.57,38.29,41.24,41.44,46.06,46.43,50.32,43.19
37.0,35.36,46.29,40.76,40.88,36.05,37.81,43.19,42.76,45.25,46.78,41.19,34.1,42.33,48.56,46.78,45.81,47.53,42.13
37.5,41.29,45.92,42.05,38.92,45.62,37.62,44.0,36.38,40.25,45.0,39.67,37.29,42.48,48.39,39.39,39.9,53.79,41.97
35.78,41.14,47.33,42.76,45.88,44.48,40.29,39.43,42.76,44.5,39.61,46.19,52.86,44.1,41.56,35.78,42.14,52.68,43.29
46.83,42.05,39.54,47.67,51.46,41.0,42.33,44.48,46.62,44.0,47.11,43.71,46.38,45.43,42.0,47.89,50.19,42.11,45.04
44.44,43.67,43.25,37.71,37.54,43.71,41.33,40.81,44.76,40.29,45.28,45.19,41.86,35.76,39.56,35.67,41.05,43.53,41.41
45.83,41.98,43.46,40.19,37.62,36.38,42.71,39.62,44.29,40.88,41.72,46.43,48.1,38.67,49.56,43.11,43.71,38.37,42.37
38.0,40.88,35.75,39.29,40.25,35.48,40.14,44.57,48.43,44.58,39.0,39.24,43.33,41.57,50.0,40.61,41.9,40.74,41.32
41.61,39.79,41.96,44.05,48.17,39.81,45.24,42.86,40.43,44.13,42.78,38.1,40.1,42.33,38.44,45.11,38.1,36.79,41.65
42.72,47.62,48.04,37.24,43.0,45.14,44.24,47.52,35.19,43.25,44.33,42.33,42.14,44.33,48.17,46.72,51.1,42.11,44.18
42.72,43.98,45.5,43.81,40.71,38.33,38.9,49.9,40.86,34.71,43.78,35.19,47.86,50.67,45.17,48.61,41.71,46.21,43.26
47.44,40.57,43.33,44.19,37.83,45.14,38.43,43.24,39.95,40.08,38.5,43.1,37.19,41.05,49.67,41.61,47.43,46.68,42.52
40.89,45.69,42.67,43.71,43.42,39.57,39.9,40.33,39.67,39.54,42.83,42.1,38.67,38.9,47.72,42.89,41.05,43.26,41.82
49.39,42.6,42.67,43.14,38.79,41.38,41.48,39.0,47.1,42.96,36.89,39.62,36.86,44.38,48.33,43.5,48.48,48.79,43.07
41.06,46.29,46.25,42.95,42.79,36.95,43.29,46.38,43.57,46.12,42.94,43.81,45.9,42.48,48.06,48.72,43.95,49.47,44.5
42.22,35.71,48.92,45.52,40.38,38.0,50.14,44.19,43.29,44.42,44.11,43.29,39.9,45.1,52.5,45.17,42.33,47.21,44.02
43.06,43.95,43.42,41.43,45.46,46.86,50.0,34.62,44.95,43.71,41.83,41.76,44.76,44.1,41.22,45.39,43.67,48.79,43.83
41.72,43.12,35.88,41.0,45.58,42.48,47.43,41.24,42.14,50.42,40.22,49.48,42.24,38.67,41.5,46.22,50.81,45.0,43.62
36.28,39.6,42.83,39.71,47.0,39.86,39.29,39.0,43.71,41.54,45.28,45.86,42.29,39.81,44.5,40.22,46.86,43.68,42.07
45.94,33.62,44.25,40.9,43.96,46.1,40.48,40.52,34.9,46.12,40.78,34.81,49.48,43.9,42.33,48.5,39.95,49.53,42.56
45.17,43.48,44.62,46.1,42.75,45.19,38.29,41.1,36.9,46.04,44.5,37.0,43.14,43.43,42.39,37.56,40.33,44.89,42.38
37.22,40.14,42.38,41.71,43.63,39.48,42.29,39.57,46.48,49.29,43.67,40.71,45.67,36.19,44.17,47.5,47.86,46.32,43.01
39.17,41.98,36.33,35.86,45.88,41.38,41.57,39.33,43.1,40.0,42.06,39.62,41.81,37.62,47.94,50.44,46.48,37.58,41.56
42.67,36.5,44.38,40.9,42.42,40.19,42.14,45.67,34.9,39.88,41.22,42.9,43.57,45.81,38.67,49.61,51.52,48.32,42.85
40.06,33.76,45.29,45.0,41.75,45.14,45.19,46.48,45.0,43.21,45.39,40.86,45.9,41.76,44.17,44.06,38.62,41.95,42.98
42.39,37.0,44.75,36.33,39.17,34.9,42.9,32.43,45.05,44.83,47.83,42.62,40.9,44.62,45.33,45.39,46.33,44.63,42.08
41.33,42.71,47.71,43.0,40.96,41.81,45.43,43.95,46.57,39.38,47.5,43.48,48.76,42.38,45.28,41.0,45.76,41.47,43.8
41.06,40.6,41.21,42.57,44.33,39.62,44.76,42.38,42.95,44.29,39.94,46.48,38.29,35.48,54.39,41.06,45.95,41.0,42.57
41.06,41.79,41.08,44.48,37.79,36.95,46.86,37.19,45.81,43.25,37.0,35.57,42.67,45.71,45.78,51.17,51.95,47.42,42.97
39.0,35.67,44.0,51.14,48.13,44.67,43.62,33.05,44.38,42.12,44.44,49.9,39.95,45.86,43.06,47.11,51.1,39.95,43.73
38.28,43.57,46.21,44.43,38.71,37.86,50.71,39.95,43.57,41.62,43.06,41.71,36.24,37.48,42.28,45.06,43.57,48.79,42.39
47.61,48.21,42.58,44.24,40.42,42.24,38.05,45.71,48.76,41.08,43.5,39.29,42.52,47.76,45.72,47.0,42.9,38.58,43.68
48.56,41.45,42.58,44.29,41.67,37.33,48.57,45.62,39.76,45.62,33.17,44.0,45.05,41.14,40.67,46.78,50.24,43.05,43.31
52.94,50.19,36.33,44.81,38.92,43.95,40.67,40.86,42.95,39.5,43.39,38.43,44.14,36.9,45.06,45.89,47.38,47.16,43.3
40.22,42.67,42.29,45.71,47.62,43.14,45.38,42.43,33.1,38.92,45.72,47.95,44.52,40.62,42.89,46.72,44.19,35.37,42.75
39.72,39.05,41.0,47.43,44.83,40.05,45.38,50.14,39.0,39.33,42.44,46.05,46.86,39.29,46.06,48.5,44.76,43.84,43.54
54.06,43.88,44.46,45.43,42.04,45.29,39.52,47.29,49.05,37.5,38.33,42.19,44.29,40.33,37.89,39.0,46.67,45.37,43.48
44.61,40.38,40.38,41.24,36.21,45.0,44.1,43.0,41.57,46.37,46.33,41.0,49.52,49.81,42.17,44.17,47.19,43.26,43.68
47.28,40.0,40.25,43.86,42.75,41.24,44.1,43.43,38.62,40.29,42.61,41.81,38.05,37.71,41.33,49.22,53.9,45.21,42.87
45.61,46.29,47.92,42.67,45.79,45.71,41.05,40.19,46.76,47.38,36.56,41.43,39.05,40.1,52.33,46.61,43.52,54.47,44.64
38.72,43.81,46.5,43.62,41.33,39.76,41.29,40.05,41.71,41.17,47.28,40.19,43.29,44.86,44.22,47.33,45.43,38.95,42.75
51.44,44.26,44.08,45.43,43.04,44.67,41.95,42.67,40.62,46.92,46.67,45.57,43.9,48.05,49.0,42.11,49.05,44.53,45.22
43.11,46.81,39.75,46.29,42.29,41.33,44.1,43.38,42.14,40.58,38.78,46.0,43.48,40.48,51.28,41.61,45.29,49.63,43.68
39.89,39.5,41.96,50.05,38.25,42.38,41.9,44.24,39.67,39.42,40.67,42.76,36.57,42.52,52.0,45.06,38.43,45.11,42.24
50.17,44.67,46.38,42.52,43.21,41.14,42.19,47.38,43.29,40.04,42.39,42.29,48.24,37.05,51.28,51.0,38.95,45.63,44.32
42.28,36.93,44.13,37.48,44.54,37.9,43.0,50.14,42.95,46.88,34.39,40.29,35.57,40.57,42.17,40.17,45.86,46.16,41.74
41.56,42.5,41.17,45.57,41.71,38.1,43.48,38.57,47.24,41.58,48.0,42.67,38.33,39.86,49.5,49.39,49.52,44.68,43.52
42.83,42.57,44.79,44.38,44.25,47.71,43.1,39.14,41.05,36.96,38.44,38.57,45.81,44.71,53.44,49.33,38.33,47.37,43.49
45.0,41.67,42.62,39.24,46.21,40.0,42.9,38.71,42.76,39.92,41.94,40.33,44.29,41.1,45.44,44.0,47.52,45.79,42.75
43.11,46.0,48.17,41.95,44.04,44.43,42.62,41.29,48.14,47.75,41.67,39.24,45.0,40.67,37.72,44.67,53.33,39.21,43.83
38.5,41.93,45.12,43.57,46.79,47.33,41.52,43.29,44.0,41.58,35.56,42.43,42.86,47.76,53.39,47.78,44.81,47.95,44.23
42.39,41.05,36.71,46.57,40.67,43.1,43.48,41.14,45.62,43.04,44.94,48.38,43.29,42.29,44.72,46.94,47.29,45.11,43.71
41.44,44.4,46.25,41.95,41.88,40.19,43.29,43.48,45.1,35.42,47.5,44.81,48.52,43.24,45.61,52.11,47.19,57.58,45.0
37.17,41.62,39.08,42.1,42.21,41.05,35.19,39.29,38.62,39.38,49.61,41.9,35.81,42.43,38.72,43.33,47.52,42.0,40.95
50.89,43.17,44.54,41.81,38.25,42.71,40.86,43.43,42.0,48.92,37.22,44.1,37.14,53.62,43.89,44.17,40.38,42.84,43.33
42.06,48.24,44.42,42.38,41.42,36.1,36.67,42.9,44.81,43.21,36.67,40.24,40.76,41.1,46.78,45.5,40.86,43.32,42.08
47.5,41.38,44.79,43.33,40.38,44.14,40.95,50.14,44.38,44.04,49.44,42.19,44.52,41.14,40.5,43.22,39.81,50.47,44.02
40.44,40.0,41.83,38.86,42.58,48.24,37.0,37.9,48.24,43.46,38.06,47.81,45.48,41.95,45.72,53.06,47.1,46.79,43.58
39.67,42.4,47.83,43.33,45.13,40.48,44.57,41.0,43.62,43.96,40.28,33.62,35.9,41.14,45.33,49.56,51.81,44.0,42.98
44.72,35.86,45.42,42.9,36.54,41.95,43.05,47.9,45.14,33.62,39.33,35.62,39.1,44.38,43.61,48.11,49.38,47.95,42.48
43.72,39.74,43.83,43.29,40.75,42.52,42.43,39.9,37.62,40.62,33.56,50.05,45.81,37.71,46.33,51.11,38.33,47.05,42.47
41.28,44.48,45.83,43.62,50.88,48.52,47.0,45.71,48.24,37.46,47.28,38.71,39.33,41.57,43.56,43.67,50.33,43.58,44.5
37.89,37.43,43.54,42.9,47.12,46.52,45.38,40.52,48.19,45.04,47.39,40.67,44.1,43.52,50.22,42.61,50.48,48.68,44.57
43.33,38.95,45.88,41.33,36.75,37.67,47.86,41.86,35.9,42.62,47.22,42.19,45.05,40.62,47.33,46.11,43.95,54.47,43.28
35.61,40.36,39.54,40.67,36.79,37.14,43.76,40.1,43.14,39.0,36.22,43.76,45.24,36.95,37.89,49.56,44.52,44.89,40.84
43.22,43.31,37.29,41.33,40.08,41.81,49.43,42.9,43.95,45.83,42.22,40.9,46.67,50.0,42.0,47.44,47.1,41.63,43.73
37.5,37.52,41.75,31.29,44.04,43.9,41.1,45.38,45.19,37.08,44.44,43.29,42.38,44.1,42.56,47.94,43.9,46.95,42.24
39.72,37.02,47.58,44.43,45.54,39.95,41.52,43.62,36.95,43.62,38.11,36.14,36.38,48.67,46.89,42.67,45.76,43.53,42.12
54.44,41.64,44.83,49.29,42.67,40.29,46.76,42.9,45.19,54.46,47.11,38.05,44.57,39.19,38.5,45.33,42.33,47.26,44.71
37.56,44.6,41.83,42.33,45.62,47.9,36.86,39.33,40.0,39.29,42.22,41.33,38.33,37.43,52.78,40.56,41.43,46.63,42.0
38.22,38.55,40.42,45.71,43.88,43.71,42.43,42.05,45.29,39.46,40.33,36.9,54.48,42.81,43.06,48.22,48.24,55.89,43.87
42.5,48.67,40.79,44.43,40.21,42.71,41.19,39.81,42.48,39.0,33.67,42.19,41.0,38.9,38.67,48.44,41.9,42.32,41.6
35.83,41.93,38.67,48.19,47.71,43.43,39.0,37.81,46.76,45.96,42.28,43.9,38.14,45.19,45.78,44.83,45.81,36.58,42.66
41.44,44.98,46.75,44.62,44.75,44.38,45.9,38.76,42.48,41.71,32.39,42.1,44.48,41.0,45.11,44.28,48.9,48.68,43.48
44.11,43.4,45.75,39.33,41.92,46.76,43.33,36.9,35.95,41.42,39.61,42.38,43.0,40.81,50.28,47.67,49.14,49.0,43.38
40.22,42.31,45.54,41.0,35.75,37.38,41.57,43.95,45.57,42.96,44.11,47.67,39.86,40.52,49.28,38.78,52.19,48.21,43.16
43.11,46.69,44.58,46.05,44.12,47.86,43.48,41.95,41.48,43.92,50.17,42.9,38.67,42.9,47.5,53.17,41.86,42.58,44.61
47.67,45.81,39.79,43.9,42.12,39.76,42.9,40.14,43.76,40.71,40.83,41.0,46.33,45.24,39.06,45.33,46.57,38.79,42.76
42.89,46.98,39.42,41.0,48.0,41.9,42.38,43.43,34.76,45.96,46.72,50.9,37.33,40.24,43.67,43.67,48.67,44.74,43.48
44.28,46.74,42.79,41.33,39.04,46.62,40.1,43.14,43.57,47.38,45.83,39.29,45.0,46.33,45.89,48.0,45.71,42.16,44.07
36.28,50.21,38.71,42.24,42.71,47.0,40.38,40.14,41.14,46.54,41.44,41.43,49.86,47.43,45.11,46.0,45.1,46.47,43.79
40.78,39.26,43.33,48.57,39.46,39.05,42.76,44.57,42.33,39.83,37.72,44.62,43.33,44.81,52.67,41.11,46.14,43.79,43.01
45.28,40.02,40.83,41.29,44.92,40.62,50.1,47.38,44.48,40.04,39.78,44.86,41.86,42.1,39.11,52.89,50.9,46.05,44.03
44.78,41.19,43.0,41.0,43.33,40.48,44.43,41.24,40.9,45.12,41.33,44.52,45.95,41.62,52.33,44.94,45.57,48.53,43.9
42.11,40.69,39.33,43.05,44.17,36.86,41.19,49.14,44.14,38.67,45.83,41.71,41.05,44.38,45.39,43.94,47.43,48.21,43.18
43.67,37.74,38.71,43.14,45.13,41.24,38.71,45.05,40.9,46.04,54.56,39.9,37.48,34.33,45.61,46.83,42.71,47.58,42.74
39.78,40.62,44.0,42.48,44.21,43.62,45.05,39.57,41.67,44.29,49.72,46.48,40.86,38.62,46.72,40.17,42.14,42.26,42.9
44.78,37.95,40.38,42.05,44.92,44.0,43.24,45.62,37.86,41.67,39.78,33.33,42.62,46.71,47.83,41.67,51.48,43.63,42.75
43.33,42.95,44.29,40.52,41.75,38.95,44.95,41.86,46.33,41.46,45.06,43.24,50.9,51.62,43.67,42.11,43.86,49.16,44.22
47.78,45.64,39.62,40.62,39.08,41.95,45.52,42.62,42.19,44.46,40.89,38.81,44.57,35.76,43.44,40.0,44.57,39.74,42.07
42.89,45.93,40.04,42.19,44.75,46.14,45.05,43.14,43.1,46.5,43.61,45.1,44.05,34.38,47.67,44.56,48.38,41.74,43.84
44.56,44.5,38.08,43.33,43.25,42.71,50.57,47.76,43.76,42.67,44.89,40.1,41.24,48.24,46.89,42.56,44.29,46.58,44.22
34.78,40.45,42.96,46.62,42.08,44.29,41.48,43.62,36.9,44.0,49.17,45.57,33.33,42.14,45.17,42.72,43.86,39.95,42.17
42.17,46.19,43.75,42.95,40.38,40.38,43.76,43.52,39.76,36.04,39.06,40.14,47.0,43.86,43.61,49.17,42.38,47.47,42.87
38.89,36.81,43.62,43.95,46.04,45.76,41.52,45.48,46.67,37.71,45.33,41.81,38.14,48.86,45.83,45.22,50.62,45.11,43.74
41.39,43.36,38.62,36.43,42.79,36.71,39.9,43.1,48.14,46.75,42.39,39.9,41.29,37.33,43.17,43.44,36.1,46.95,41.54
38.39,46.14,45.96,40.48,41.46,35.05,46.14,45.1,41.86,37.62,39.83,40.05,45.81,42.48,45.5,47.78,45.33,43.11,42.67
38.44,44.38,47.21,42.57,45.62,43.33,42.1,43.1,37.43,44.21,41.72,45.76,45.33,43.57,45.11,44.22,52.62,46.32,44.06
47.0,46.19,42.75,40.81,39.71,40.43,43.95,39.1,40.05,41.88,43.11,45.52,39.33,42.14,42.89,44.89,48.0,49.21,43.16
35.89,47.48,42.0,45.48,38.0,38.52,41.43,43.81,43.33,42.08,39.67,36.62,41.76,42.33,47.33,35.56,40.9,43.26,41.41
43.67,42.81,39.62,43.43,43.88,42.05,43.9,45.1,38.57,42.83,45.56,42.43,42.19,43.71,39.17,37.06,40.62,41.21,42.1
49.89,39.6,44.25,39.0,39.25,37.29,41.86,43.67,40.43,40.0,41.94,46.86,37.9,37.62,48.0,45.11,49.0,41.53,42.4
41.33,48.93,44.75,41.43,43.79,45.1,38.33,40.19,40.52,48.04,40.28,45.48,42.05,39.62,45.61,45.11,45.14,48.26,43.55
47.56,38.45,42.96,43.14,43.33,38.71,46.71,42.1,42.33,47.67,36.39,45.29,41.19,44.19,42.28,48.61,54.76,49.95,44.2
44.17,43.12,47.96,43.1,41.29,40.76,45.14,47.24,44.62,41.29,40.72,45.1,42.71,38.1,45.89,41.39,45.9,37.74,43.12
39.78,40.95,45.54,46.52,39.83,39.0,47.57,41.81,40.33,43.25,43.5,52.67,44.19,39.0,37.89,42.94,43.43,49.16,43.19
37.72,37.45,42.33,44.62,38.33,48.1,47.1,44.38,42.43,46.87,33.94,44.43,41.9,35.48,43.56,47.67,52.19,46.0,43.03
46.83,36.05,43.38,42.05,44.54,36.19,35.95,46.05,35.48,43.54,36.22,43.86,49.33,45.52,38.67,43.11,49.19,42.37,42.13
44.28,40.71,39.25,45.05,48.67,42.67,38.48,41.05,45.14,38.0,43.0,44.67,43.14,48.29,39.72,47.17,43.67,44.0,43.16
40.83,42.86,46.42,44.76,40.04,44.81,42.76,41.62,43.24,40.75,41.67,41.0,49.76,45.48,46.56,42.72,46.76,48.11,43.9
40.17,40.05,42.38,46.33,39.38,42.76,49.29,37.52,43.57,41.79,46.56,39.57,49.81,46.1,46.06,42.17,42.52,55.37,43.97
37.61,40.19,41.92,38.67,39.33,39.24,42.14,43.52,50.24,38.58,46.39,44.86,35.05,38.14,53.39,43.06,46.43,42.53,42.29
49.83,46.95,38.88,42.76,39.29,43.24,42.33,41.14,37.81,41.17,46.06,45.0,43.62,46.1,47.89,52.56,47.38,42.42,44.13
40.17,42.48,40.62,46.48,44.17,38.24,40.81,44.71,41.19,43.08,46.67,40.29,45.0,43.57,44.67,45.61,46.33,44.37,43.25
46.83,47.57,43.87,45.0,40.04,35.67,45.43,40.95,41.57,37.67,38.72,40.38,36.0,38.05,45.11,44.67,47.33,49.32,42.45
47.56,39.02,40.58,44.67,46.63,49.0,43.57,49.67,38.24,43.42,41.83,47.0,42.38,42.67,43.22,49.39,49.76,42.37,44.5
46.28,45.67,44.83,37.86,41.42,46.29,37.9,45.67,37.05,44.17,43.89,40.67,37.81,42.48,47.28,45.78,40.48,44.11,42.76
44.11,48.6,40.79,43.81,47.12,42.95,43.33,39.76,44.38,47.96,40.0,35.71,46.33,40.95,44.22,41.83,44.67,43.63,43.34
39.78,38.95,40.71,42.33,40.29,48.38,36.43,50.76,38.38,43.21,47.5,44.62,40.05,38.14,42.78,42.78,47.19,42.05,42.46
46.83,39.12,45.25,39.52,40.42,43.86,46.81,48.81,43.9,44.21,37.39,44.81,40.14,45.43,41.61,52.61,41.76,45.05,43.75
42.0,42.02,39.42,42.86,40.67,45.48,40.76,46.76,34.52,43.21,39.0,45.43,41.48,38.05,40.39,53.72,41.86,43.68,42.29
41.89,42.14,39.62,42.19,43.58,47.48,48.81,35.71,42.0,48.08,41.11,42.05,35.38,40.38,40.72,51.0,48.33,39.16,42.76
38.33,43.57,40.83,42.71,40.75,39.33,42.1,48.9,39.67,47.58,45.28,39.38,44.86,42.05,45.06,53.44,42.48,54.05,43.91
44.61,44.29,43.92,47.24,41.25,46.67,49.1,38.1,46.86,39.83,49.89,38.24,46.57,44.43,42.0,42.0,48.67,46.21,44.44
37.61,47.36,42.96,42.29,43.0,36.38,46.57,45.62,49.0,47.46,41.72,46.24,49.67,50.43,49.11,40.89,40.95,41.89,44.4
35.11,48.05,40.04,39.33,43.33,39.71,44.38,40.43,46.52,41.54,39.0,43.86,39.52,43.52,43.33,46.56,44.76,46.89,42.55
36.06,41.29,43.08,39.1,37.08,45.48,44.0,43.62,46.1,40.83,39.44,43.86,39.29,48.86,48.94,47.39,50.1,50.21,43.6
46.44,38.24,41.71,40.62,42.96,40.71,45.48,42.05,44.43,40.83,38.72,41.38,42.24,41.14,43.22,42.28,45.9,51.42,42.77
48.39,43.4,44.21,40.95,44.46,40.33,37.48,36.29,40.9,45.62,31.89,44.95,41.0,36.52,43.72,43.06,52.14,46.26,42.31
44.44,40.74,44.92,41.71,40.79,42.24,46.71,45.0,43.86,45.83,42.61,46.67,40.24,41.14,42.11,45.11,51.52,44.42,43.89
36.78,41.69,38.37,41.9,41.67,40.0,47.19,37.81,41.81,43.21,38.5,39.05,41.48,39.71,46.44,43.56,44.9,38.79,41.27
50.17,42.88,46.12,45.1,36.12,41.52,51.33,44.43,43.57,42.75,40.61,41.05,41.19,43.0,49.61,44.56,42.86,44.68,43.98
41.5,43.45,38.33,41.05,43.25,44.1,39.43,41.24,37.67,42.83,37.39,43.43,44.71,43.71,51.0,42.78,44.48,49.53,42.77
37.56,39.9,45.37,38.24,40.29,45.43,39.71,43.05,42.76,39.67,45.5,40.81,38.62,48.62,49.39,45.0,48.71,45.0,42.98
48.06,46.71,45.04,47.71,38.29,37.33,42.24,48.67,46.29,35.92,35.67,41.38,44.38,41.57,46.11,44.33,48.19,40.58,43.25
45.33,40.45,37.21,37.86,42.29,48.0,44.19,40.67,40.05,45.71,43.61,40.0,42.95,37.33,47.72,51.56,42.86,42.58,42.8
46.83,43.1,40.29,48.71,45.71,47.24,44.95,45.71,42.9,43.75,40.94,42.95,44.05,45.48,42.61,49.89,44.62,49.84,44.98
41.22,37.38,42.17,49.14,45.08,44.38,44.86,39.62,41.0,41.5,45.39,35.52,43.14,49.38,35.33,46.61,45.38,43.74,42.83
36.17,40.33,40.08,45.95,46.25,35.48,35.62,38.86,41.33,46.12,46.28,44.43,42.24,44.43,46.94,43.0,51.14,45.74,42.8
39.67,43.62,41.75,44.76,43.29,45.86,40.0,43.76,49.9,40.88,45.17,39.62,40.38,40.05,49.22,43.22,44.95,41.74,43.21
43.5,39.79,48.21,35.19,44.71,49.76,37.71,49.38,41.57,44.08,43.56,45.14,37.43,41.76,40.72,49.61,44.0,43.95,43.34
41.94,47.55,39.96,45.67,41.08,50.67,45.48,50.9,45.1,42.87,42.33,44.29,43.29,42.81,48.44,41.94,36.43,43.16,44.11
37.33,38.57,46.67,47.33,39.58,36.29,37.81,42.76,42.05,41.25,41.61,42.86,44.62,41.67,50.56,44.89,48.38,36.16,42.24
44.94,38.0,42.12,38.29,46.33,44.81,40.43,47.05,38.24,44.04,44.44,46.57,47.19,45.48,44.89,45.56,41.71,38.68,43.27
41.67,38.07,39.88,44.86,43.96,44.71,44.33,43.05,41.95,42.21,40.67,49.33,44.24,45.86,43.89,47.17,45.29,44.05,43.62
43.33,43.1,40.67,43.1,45.79,41.38,33.14,44.38,42.76,39.92,42.22,38.57,47.67,39.9,49.44,51.83,42.24,46.89,43.13
40.0,38.33,48.25,43.05,43.54,39.71,41.0,48.71,49.1,44.62,42.83,37.76,41.9,46.38,46.78,51.94,47.81,46.16,44.33
44.39,40.74,45.29,41.0,44.83,44.76,45.57,45.14,42.9,44.33,48.5,37.9,48.29,46.19,51.83,39.33,41.57,36.05,43.81
49.94,42.81,37.58,44.67,47.12,42.57,43.9,40.71,41.19,41.0,38.83,47.0,47.67,44.76,45.78,49.0,43.0,45.47,44.06
39.0,43.26,40.96,41.48,40.83,43.71,44.48,46.71,42.67,46.75,45.33,48.81,40.19,40.67,42.44,47.06,42.38,42.32,43.28
37.78,40.48,42.92,46.29,41.0,43.71,41.38,39.76,35.71,40.25,40.67,41.29,43.67,43.9,45.06,46.83,43.29,45.37,42.19
43.17,43.17,40.92,44.29,46.46,43.9,40.24,47.14,45.33,39.79,52.39,42.86,44.1,44.81,46.89,52.89,44.24,41.05,44.65
40.06,41.05,44.71,34.57,41.12,40.29,45.43,43.81,47.1,38.0,47.5,43.38,43.81,41.86,53.67,44.06,49.33,44.79,43.58
42.78,46.33,35.96,49.38,40.17,48.81,41.24,42.14,46.38,48.5,47.89,37.95,47.05,37.29,40.33,41.56,37.19,50.16,43.39
41.17,47.02,48.58,42.62,42.5,46.33,49.76,42.62,41.71,43.67,51.5,41.14,38.86,41.67,37.72,50.33,42.14,46.58,44.22
48.94,49.79,40.75,41.43,39.33,39.19,45.38,42.95,47.29,46.0,42.67,40.29,44.29,42.19,38.94,45.28,39.0,43.16,43.16
50.28,44.6,42.83,44.05,41.54,38.62,43.0,45.1,37.67,40.54,46.83,40.62,43.48,47.57,44.22,47.56,48.76,44.37,43.98
44.28,40.9,46.21,44.29,44.29,38.1,41.38,35.67,41.9,47.04,44.22,38.19,47.76,45.76,45.06,43.56,40.43,40.37,42.74
41.0,46.45,40.46,46.95,34.38,40.52,39.52,48.38,48.14,43.5,40.28,43.24,37.71,39.1,43.67,49.94,51.71,44.63,43.31
40.33,38.93,44.21,43.76,37.92,43.33,33.81,42.43,36.62,44.63,43.11,41.43,40.33,38.29,40.83,42.17,47.24,48.79,41.56
42.83,45.14,41.21,46.1,39.88,41.29,49.14,47.9,43.81,44.58,41.0,42.0,41.67,44.86,45.61,42.72,40.33,49.26,43.85
38.61,44.57,40.21,31.05,46.71,48.0,49.95,47.33,42.38,47.5,47.89,39.52,43.1,39.95,47.89,48.44,46.0,43.0,44.01
44.94,43.05,39.58,41.38,43.29,42.67,48.9,41.81,46.24,39.88,34.11,47.33,38.86,43.52,38.17,43.61,47.19,42.11,42.59
42.5,44.83,38.13,43.81,42.33,44.81,36.86,34.95,42.57,42.5,52.89,45.19,47.0,44.48,44.67,42.67,45.52,52.16,43.77
35.61,38.14,39.38,45.71,45.71,48.29,36.0,39.48,47.76,39.75,50.94,44.62,44.48,43.71,43.5,40.22,41.14,44.05,42.69
42.89,35.14,39.62,43.0,42.0,42.19,46.76,38.0,44.48,45.92,40.28,41.67,43.33,42.9,47.22,43.56,42.19,48.42,42.75
42.56,43.33,43.46,46.05,49.38,40.48,43.52,44.76,41.05,37.92,34.89,38.1,42.62,40.33,39.78,49.44,39.33,53.84,42.82
44.67,43.0,40.04,48.38,41.71,37.43,41.81,37.05,42.9,45.54,42.83,40.33,37.29,41.14,40.94,50.67,45.81,49.74,42.85
42.33,44.93,49.33,43.62,42.13,44.0,35.29,43.67,48.29,41.5,39.56,36.67,39.86,42.52,39.5,54.61,44.57,38.74,42.84
39.61,37.62,40.38,44.14,39.17,42.48,40.19,41.0,42.14,38.37,46.28,35.1,41.52,45.05,40.61,42.06,42.05,49.79,41.53
41.5,40.62,44.17,41.38,40.58,43.81,43.0,45.95,45.67,43.71,45.39,43.24,42.19,41.95,49.94,37.17,45.52,39.16,43.05
41.94,41.29,42.04,47.0,38.04,39.33,39.62,47.86,34.19,43.0,45.83,43.67,38.71,42.71,44.61,49.94,41.67,40.16,42.31
38.06,42.43,38.62,42.33,40.04,42.81,43.81,39.14,46.52,40.92,46.33,37.57,42.62,42.9,42.89,40.67,45.9,44.68,42.13
34.11,45.74,38.17,37.24,42.79,42.67,41.29,43.62,43.1,44.46,46.94,44.71,43.1,46.24,47.28,40.33,51.62,46.63,43.33
38.28,45.62,49.54,46.0,39.46,42.48,44.43,38.86,42.86,41.5,49.22,36.43,41.19,37.29,42.72,39.33,51.48,37.21,42.44
40.0,39.62,44.21,44.29,42.96,46.1,41.24,42.1,37.9,45.25,45.11,40.62,46.43,36.29,35.83,45.67,46.67,47.0,42.63
40.22,39.64,47.54,44.9,44.54,48.71,42.05,44.19,42.1,49.92,43.89,42.9,39.67,41.0,46.72,50.11,42.1,39.89,43.89
40.17,44.93,43.92,38.67,44.96,41.76,43.43,48.62,40.43,38.79,40.0,48.19,39.52,41.81,47.72,52.06,46.24,46.26,43.75
46.83,43.5,38.88,46.52,37.0,42.29,43.71,40.33,38.33,44.5,43.94,37.95,46.9,41.67,41.89,39.67,47.33,50.32,42.87
39.67,47.93,43.08,43.19,46.88,42.71,40.14,43.57,52.43,41.67,44.06,39.52,35.86,44.67,42.67,53.06,50.86,48.63,44.48
47.89,44.05,38.04,42.43,41.96,39.24,38.86,44.1,46.57,47.29,45.33,40.86,45.86,38.62,32.72,50.67,40.9,39.42,42.49
44.72,42.45,40.83,40.14,42.42,45.95,47.67,43.48,40.86,46.21,50.33,36.48,43.19,47.62,51.28,49.22,42.43,44.63,44.44
45.56,46.29,40.42,45.62,44.38,39.9,44.67,34.62,37.05,34.46,43.72,38.14,47.52,43.33,47.33,44.61,46.9,42.53,42.61
40.56,40.14,40.04,48.43,43.83,41.57,45.95,51.1,46.81,45.12,41.94,40.81,45.24,42.76,42.72,43.67,45.57,37.47,43.54
41.89,44.12,40.08,41.95,46.42,44.38,42.48,45.43,38.19,47.12,47.67,44.62,45.29,42.95,43.61,51.5,41.71,48.84,44.35
39.56,36.62,42.46,33.9,45.08,37.62,46.24,48.14,42.67,48.17,47.28,42.81,45.38,35.57,39.94,41.44,45.0,36.74,41.92
44.0,38.31,38.58,38.81,42.83,45.1,43.19,48.0,46.19,42.79,39.83,48.67,45.81,46.29,44.28,43.83,43.19,50.68,43.91
43.17,46.57,45.13,43.05,39.17,50.19,42.76,40.76,33.33,40.29,42.39,43.24,45.86,42.1,37.44,46.89,54.52,39.32,43.12
44.17,40.24,44.29,40.33,46.79,44.14,39.43,38.43,44.62,40.58,39.39,39.14,41.9,40.14,47.78,45.28,40.24,42.63,42.2
39.78,38.93,35.71,45.48,43.5,40.86,39.71,39.48,39.38,48.33,36.22,43.1,38.57,45.1,49.28,49.78,48.0,48.79,42.78
44.67,41.62,44.46,36.1,40.12,40.52,47.29,42.81,40.71,44.83,40.94,44.1,46.9,38.19,39.17,41.56,42.95,41.16,42.12
50.89,36.69,42.42,38.1,44.29,38.95,45.33,44.05,44.29,47.88,43.39,42.81,42.67,44.29,48.39,42.11,44.81,48.63,43.89
42.06,42.6,47.75,42.9,43.71,43.62,41.24,39.67,44.43,45.88,41.33,44.81,43.52,41.86,45.17,53.56,37.67,46.53,43.79
38.17,50.19,35.29,38.71,46.75,48.19,42.9,51.19,39.62,36.58,40.94,46.0,39.95,41.76,45.72,53.28,36.95,45.95,43.23
42.89,45.62,45.79,39.0,43.75,39.0,43.05,43.86,40.57,41.21,38.89,41.43,44.14,39.48,46.39,39.17,37.05,46.47,42.1
37.67,44.02,44.08,39.9,47.54,42.9,43.05,41.38,46.76,34.92,41.28,39.57,45.1,45.57,43.72,47.22,39.52,49.84,43.0
41.44,37.57,48.33,43.71,39.42,36.1,37.19,40.0,42.9,44.67,42.72,44.19,40.62,48.9,41.83,38.33,44.62,44.74,42.07
45.28,39.21,42.75,45.38,44.29,41.9,38.67,40.33,41.81,41.71,38.28,52.0,36.9,38.62,45.17,49.67,48.43,43.63,43.0
38.06,45.45,43.67,39.76,43.12,47.33,46.76,42.0,46.43,39.04,41.94,42.57,39.67,37.95,35.78,51.61,43.86,53.21,43.23
44.17,38.43,46.79,45.24,41.67,42.48,47.62,41.33,39.67,44.46,34.11,39.48,39.0,40.95,46.56,46.89,43.67,42.11,42.48
39.67,46.55,47.12,40.81,38.5,41.9,43.14,45.38,36.86,42.58,47.5,42.9,49.67,40.95,43.39,51.0,44.14,50.68,44.04
39.17,43.55,42.54,41.57,43.5,46.24,46.48,45.86,40.43,42.75,40.39,41.67,43.76,36.81,41.11,47.44,42.71,46.0,42.89
46.5,43.38,42.5,46.52,43.83,41.86,47.33,51.0,44.52,41.67,43.44,41.95,43.62,41.1,45.06,51.28,41.86,47.21,44.7
43.72,35.88,39.21,45.38,44.92,46.48,49.57,39.95,41.24,36.71,42.11,43.38,40.57,34.9,43.89,55.22,47.29,47.68,43.23
37.22,46.0,43.17,47.24,42.92,42.71,44.52,43.95,42.14,42.21,37.61,42.95,41.19,37.9,48.83,47.17,44.43,40.16,42.91
50.11,36.5,43.12,39.29,39.87,40.81,40.52,35.48,41.86,41.5,42.94,44.43,39.19,43.38,41.94,41.67,49.1,55.16,42.6
36.0,49.33,46.33,45.76,41.08,40.29,47.19,40.33,45.05,47.71,47.17,49.0,38.24,44.62,49.44,44.39,41.48,43.53,44.27
42.78,39.45,46.12,45.24,40.96,39.1,44.24,41.24,41.9,46.92,42.44,49.48,36.76,50.43,43.44,46.72,49.95,45.84,44.06
40.56,42.14,41.33,38.71,35.96,37.48,47.52,44.95,41.81,45.46,35.5,36.57,43.52,45.9,36.17,42.0,38.52,47.47,41.2
45.22,41.07,41.04,45.33,44.17,42.1,42.52,41.9,43.71,43.58,38.0,40.0,40.48,40.1,42.06,45.28,51.43,43.74,42.87
36.5,42.17,45.17,41.76,46.17,43.48,41.14,42.05,44.86,38.38,44.33,42.71,47.38,41.33,37.22,50.94,48.62,52.74,43.72
43.33,43.17,40.04,44.71,49.21,45.48,42.81,44.1,40.29,43.29,43.11,38.57,44.57,50.1,44.5,43.89,44.29,46.11,43.98
35.61,39.29,38.88,44.62,46.62,43.57,43.62,44.29,45.0,37.71,40.61,43.29,35.52,39.38,42.56,47.89,48.43,41.0,42.1
44.11,40.76,40.21,45.14,42.54,45.1,42.76,42.19,46.86,44.75,39.44,44.05,41.05,44.38,42.17,45.06,45.86,39.42,43.1
45.61,43.98,45.92,45.33,37.25,43.14,50.43,41.43,40.38,45.83,39.61,45.57,43.19,34.57,43.94,46.67,42.62,40.84,43.13
41.06,46.86,41.12,44.38,43.83,43.95,44.43,37.1,40.19,45.71,35.78,42.95,46.38,39.29,48.06,43.44,51.62,44.26,43.36
46.44,40.83,40.38,49.1,45.54,41.71,39.29,44.48,38.38,46.0,42.33,44.57,41.0,42.38,42.5,38.39,48.1,43.79,43.07
40.39,42.29,43.29,41.14,42.21,36.95,47.19,40.95,46.86,40.75,37.67,46.67,44.9,44.71,37.67,47.5,45.0,45.79,42.88
39.83,46.64,46.62,41.52,39.83,44.67,51.0,39.86,44.29,40.83,43.78,45.33,37.95,46.57,47.17,40.56,42.33,44.79,43.53
37.72,46.5,42.63,47.57,42.04,39.81,40.19,42.86,40.48,41.75,46.06,46.19,39.95,44.24,43.0,42.5,44.29,44.37,42.9
42.72,44.17,40.33,41.9,38.58,42.76,43.48,40.52,43.62,44.38,46.06,43.71,49.71,46.48,48.83,45.28,41.9,48.68,44.06
37.22,51.4,42.58,44.52,36.79,41.76,41.86,39.0,44.71,41.0,41.17,48.05,40.95,42.95,41.61,39.06,45.62,52.74,42.94
42.5,41.88,43.29,41.9,39.5,46.95,46.05,36.48,44.38,42.0,37.72,38.81,41.29,52.9,45.83,42.89,44.33,46.26,43.05
38.94,42.19,44.58,40.71,45.13,42.33,40.81,40.1,40.95,42.62,36.22,49.05,39.33,46.33,51.39,45.61,45.33,45.53,43.18
45.11,45.0,38.79,40.38,44.04,40.0,44.71,41.62,44.86,39.79,40.39,41.05,37.19,45.24,45.72,45.5,48.14,42.42,42.78
36.28,50.43,43.29,50.24,50.08,43.48,47.0,46.24,49.24,44.17,42.5,38.81,48.24,44.43,35.78,48.06,35.52,44.32,44.34
31.06,41.86,46.96,44.71,42.42,41.19,39.81,39.81,40.48,39.92,41.44,36.48,41.24,45.57,42.28,37.56,45.1,50.42,41.57
43.33,44.93,42.46,47.57,44.46,44.38,44.76,33.14,44.81,43.25,49.94,43.29,39.24,43.76,48.39,45.33,48.52,51.05,44.59
42.44,41.86,41.75,47.05,41.25,41.33,41.71,48.33,42.24,43.54,41.22,41.1,53.1,48.05,41.33,43.06,43.1,39.47,43.44
40.94,41.5,43.54,42.05,36.0,42.0,38.14,46.86,42.86,39.12,47.44,47.33,42.43,43.48,47.5,40.5,42.81,45.16,42.76
42.39,34.33,41.71,45.24,38.71,46.67,42.86,42.62,46.24,46.38,40.22,42.43,41.71,35.0,39.89,43.28,43.24,48.58,42.3
41.22,48.45,44.08,36.62,37.08,44.86,46.43,45.48,37.81,45.0,42.72,38.81,48.29,41.05,49.78,47.44,44.67,38.05,43.21
41.22,41.74,38.83,41.81,39.25,44.29,38.1,44.43,45.86,43.83,39.67,43.48,42.14,46.38,38.61,40.83,52.14,44.58,42.62
38.28,41.48,45.08,41.19,45.92,40.43,37.38,39.19,43.52,40.83,43.33,44.81,42.62,47.76,42.39,41.0,49.86,40.58,42.54
44.5,45.81,40.46,42.52,39.54,38.62,52.38,39.9,36.1,40.38,46.0,44.9,45.24,43.05,44.17,45.0,45.19,46.63,43.35
40.67,44.55,40.71,40.05,45.71,38.29,42.0,41.76,45.48,45.92,39.61,41.33,42.57,41.43,40.56,43.22,47.52,43.42,42.49
39.56,45.38,40.04,44.43,44.88,38.81,38.95,40.57,37.76,44.12,43.94,38.33,41.1,44.48,45.67,48.39,47.29,42.26,42.55
43.72,40.74,38.58,45.76,49.5,46.19,39.71,48.29,37.38,40.42,40.17,49.43,43.43,39.52,47.11,39.33,46.71,42.21,43.23
40.06,34.0,42.38,41.05,45.42,42.52,39.24,48.05,45.67,46.79,40.22,37.1,37.38,40.86,47.67,40.0,43.43,51.47,42.4
44.78,37.62,40.92,47.62,36.88,41.76,39.33,37.76,43.38,40.83,43.39,42.67,45.24,40.1,46.67,48.83,45.05,39.79,42.37
39.83,41.1,45.0,41.52,43.12,44.19,48.52,44.57,41.62,45.25,40.17,47.19,41.48,34.62,44.28,44.5,52.52,51.53,43.95
42.11,42.05,38.96,48.19,42.0,36.43,36.86,41.9,48.14,40.42,42.67,47.57,46.1,38.86,38.11,54.28,45.0,42.89,42.92
44.5,49.71,44.5,41.95,43.62,44.05,48.43,47.14,44.76,38.5,43.06,41.62,36.14,39.52,48.94,47.28,46.71,41.37,43.99
36.33,37.93,41.79,36.81,45.54,36.43,36.81,45.81,42.19,44.46,42.94,47.76,41.33,41.76,39.89,35.78,49.95,47.37,41.72
37.72,38.98,41.71,43.24,41.25,48.38,41.24,44.14,42.1,39.42,35.11,40.81,40.19,41.52,52.06,44.11,45.9,44.58,42.36
42.28,44.52,42.12,42.76,40.75,43.33,35.52,50.48,42.0,38.5,40.17,44.81,43.62,41.24,43.61,43.0,46.48,45.42,42.81
39.67,40.24,43.25,47.57,41.71,39.95,40.14,38.62,38.76,43.08,45.72,44.24,37.0,47.67,43.33,47.06,41.19,42.53,42.32
42.56,46.67,41.62,42.43,49.71,45.62,43.14,39.62,48.9,39.75,47.78,46.76,46.86,46.67,44.44,49.72,44.62,46.95,45.21
45.06,43.69,42.67,34.29,38.0,43.62,37.0,47.29,42.05,43.88,43.67,45.24,39.76,39.81,50.06,38.17,48.43,51.37,43.0
42.72,43.52,43.04,46.38,41.17,42.57,41.48,49.86,45.29,42.62,41.72,43.71,47.29,46.76,46.0,43.67,46.14,40.74,44.15
44.22,34.0,36.58,41.29,46.17,40.52,43.29,40.14,41.29,39.75,44.06,40.29,44.9,41.9,38.78,40.78,46.1,40.47,41.36
40.06,44.4,43.46,40.48,42.46,41.71,41.48,39.29,36.48,46.04,41.44,41.86,46.38,47.9,40.0,46.06,42.67,48.79,42.83
44.28,43.83,44.62,45.38,41.79,42.76,44.62,45.43,43.9,46.17,49.61,42.0,36.9,37.62,44.56,44.0,41.14,46.63,43.63
44.0,44.0,45.5,37.0,42.71,41.0,39.0,38.19,44.0,45.62,41.61,49.29,49.86,38.05,37.61,40.06,52.71,47.58,43.21
44.17,49.83,37.42,44.67,40.33,38.29,42.29,41.48,42.24,36.96,45.06,38.48,41.81,36.43,40.33,46.11,42.1,45.89,41.88
38.28,41.29,38.38,39.05,40.62,42.24,35.95,39.9,44.67,45.17,43.5,41.48,37.1,36.05,48.0,48.11,40.57,38.84,41.07
49.5,37.88,41.79,38.67,44.58,43.76,41.14,45.0,39.0,41.83,46.72,43.1,48.52,39.43,43.89,42.83,48.81,51.58,43.78
50.0,43.76,37.12,44.71,46.62,46.43,44.29,38.86,44.86,40.5,40.11,42.38,41.38,39.29,45.11,42.0,41.48,38.42,42.63
48.61,46.88,36.04,40.81,39.5,36.38,38.86,41.05,46.1,38.5,43.39,39.24,45.24,39.62,43.83,45.5,45.86,50.47,42.55
44.78,40.52,47.37,41.43,35.0,42.52,44.62,45.95,43.9,36.08,39.89,46.24,43.1,43.52,42.06,44.89,48.33,42.26,42.92
37.0,43.62,47.12,42.0,41.88,37.57,42.43,38.43,43.57,41.58,35.5,37.0,43.05,47.57,40.89,45.83,45.19,46.89,42.06
40.06,44.36,50.38,35.52,42.46,48.9,43.1,41.76,37.24,36.42,38.83,36.29,41.38,42.05,48.11,46.5,35.43,43.0,41.77
39.28,39.33,39.21,45.38,44.67,41.48,38.52,40.19,43.76,45.5,46.28,45.24,42.29,43.67,40.56,53.06,43.95,45.21,43.2
34.56,40.76,43.67,41.76,40.42,39.62,40.19,46.0,43.67,42.29,42.56,44.86,41.67,43.71,44.56,41.33,43.9,36.53,41.78
43.44,47.81,36.42,37.57,45.08,41.62,42.0,39.05,44.33,43.46,35.33,40.29,45.48,45.43,44.78,46.28,44.52,42.42,42.52
42.28,41.5,39.79,45.52,39.92,39.95,43.05,41.05,39.1,45.25,42.83,41.33,45.14,37.29,41.56,43.78,42.38,43.53,41.96
37.83,38.07,36.96,48.38,40.58,40.71,42.05,44.24,40.86,45.92,43.06,43.52,37.67,37.0,49.06,43.67,49.33,48.05,42.61
40.89,40.29,48.29,48.95,44.58,36.71,43.57,45.57,45.0,42.25,39.61,37.81,40.24,38.67,42.83,42.67,48.52,47.84,43.02
46.17,35.64,39.58,37.76,44.58,42.62,44.48,40.71,43.71,39.71,44.61,44.38,38.67,48.71,39.89,42.83,45.9,53.11,42.95
40.78,44.6,41.29,38.52,43.46,43.14,44.29,37.14,40.9,37.04,41.61,46.71,50.43,41.0,38.17,47.17,50.57,41.42,42.68
43.0,45.67,38.21,41.33,45.75,45.0,44.14,38.52,38.57,46.08,41.17,42.43,41.29,47.19,50.22,41.89,44.71,49.63,43.6
36.67,36.26,42.5,49.05,40.54,44.1,42.62,41.14,39.86,44.17,40.78,42.57,45.14,45.76,45.56,49.33,39.38,45.95,42.85
38.22,42.14,42.21,41.43,38.92,47.52,41.86,42.67,44.86,40.08,38.72,47.0,36.48,35.38,49.78,42.78,37.71,38.37,41.45
51.06,40.24,39.54,43.67,39.96,44.48,41.14,47.1,51.0,44.58,43.28,46.62,44.48,46.1,45.06,43.89,49.19,46.21,44.87
37.28,40.69,46.46,48.29,48.08,38.76,43.14,40.9,43.14,42.29,41.06,43.19,43.19,42.67,40.39,37.78,42.43,47.37,42.62
38.67,44.74,39.96,38.67,39.42,41.0,43.71,46.24,43.95,43.5,46.11,49.57,42.81,42.86,50.5,43.33,48.05,45.26,43.8
44.22,37.93,45.42,40.9,52.46,47.14,41.05,42.38,47.05,45.04,44.72,40.29,41.0,47.81,40.61,47.44,47.62,51.89,44.72
45.67,39.71,39.54,42.86,37.92,42.67,41.24,47.48,39.38,44.75,43.22,40.1,39.76,43.1,36.89,38.28,43.57,49.84,42.0
37.28,43.31,39.67,42.14,42.92,42.0,41.57,34.05,40.38,40.75,45.17,41.95,38.67,38.43,43.33,47.28,40.43,44.79,41.34
43.61,43.95,44.29,44.76,44.17,37.76,40.9,46.33,46.0,38.92,42.44,39.24,40.62,40.62,44.06,44.83,45.52,38.58,42.59
45.0,42.88,46.29,44.29,43.96,40.76,43.38,35.67,38.76,38.46,43.83,38.76,43.24,45.29,44.39,46.56,46.62,42.84,42.83
35.22,38.88,42.79,40.57,44.46,38.0,44.57,44.62,44.9,43.88,44.78,42.9,46.48,41.19,38.39,45.17,47.48,49.42,42.98
33.78,35.69,48.67,47.0,41.62,42.9,40.71,40.29,36.14,41.75,47.0,35.48,43.52,39.19,41.83,41.94,46.52,43.05,41.51
42.33,40.76,42.29,41.71,42.71,41.0,43.57,37.62,47.05,39.0,47.56,44.43,48.81,43.9,51.22,44.61,38.9,45.79,43.52
41.89,47.76,39.17,40.9,42.42,42.14,40.81,37.9,40.71,38.04,40.22,42.14,46.76,40.05,41.33,41.94,45.57,44.63,41.91
38.94,41.17,41.62,44.24,40.21,41.24,40.67,38.62,39.81,40.96,41.78,44.67,38.76,46.48,37.44,45.44,45.95,44.79,41.82
43.67,41.4,44.79,46.43,41.04,43.24,45.57,45.24,34.86,45.25,47.06,35.62,39.76,41.14,45.72,39.83,45.86,47.11,42.98
34.39,45.33,46.29,38.24,42.5,44.9,41.43,42.29,40.43,43.5,44.33,43.33,40.38,46.71,44.33,47.44,41.76,40.16,42.65
42.67,41.26,45.58,42.95,41.5,36.0,42.33,49.29,47.24,35.33,47.39,45.52,45.1,40.29,44.28,45.28,45.57,44.11,43.43
46.06,38.12,41.71,37.05,42.38,41.76,42.9,41.14,40.38,37.25,39.17,42.48,41.14,38.76,44.22,40.0,38.19,43.11,40.88
43.28,35.1,40.88,46.81,44.33,42.33,40.52,44.19,48.81,40.92,39.17,40.33,38.48,44.33,42.78,39.11,38.1,43.21,41.81
34.39,44.98,41.75,48.24,37.17,40.67,41.95,40.52,40.33,45.46,46.33,40.86,38.24,47.57,42.94,50.83,50.38,38.58,42.84
41.83,42.81,41.67,40.24,45.88,44.43,41.43,40.14,44.0,45.62,40.28,42.86,44.67,43.43,38.78,44.17,43.05,48.0,42.96
39.72,42.52,39.38,49.0,34.54,39.95,40.62,42.29,46.24,45.54,45.0,46.14,50.1,37.81,46.44,49.06,43.1,45.21,43.48
43.33,43.43,42.04,39.76,43.0,47.43,46.29,44.62,43.62,41.62,48.94,43.86,36.33,37.33,42.0,42.28,43.67,40.26,42.77
42.5,46.0,45.08,35.9,43.71,43.9,39.33,43.19,45.9,45.58,43.67,40.81,41.95,40.71,53.11,38.33,46.48,44.32,43.36
41.72,37.6,42.0,46.57,43.38,48.81,39.57,39.76,38.19,40.62,42.67,42.19,40.81,39.1,35.78,41.83,50.52,43.95,41.95
41.33,41.76,39.12,38.33,41.92,39.33,43.48,40.52,48.38,43.12,43.5,43.48,48.95,39.33,46.78,46.39,46.9,48.16,43.38
39.33,42.17,39.42,38.57,40.42,40.57,41.86,42.1,44.19,39.29,40.11,36.86,42.48,46.38,41.44,53.61,55.52,42.58,42.61
43.17,46.57,43.67,37.43,41.42,45.62,40.05,40.9,41.29,40.92,33.89,43.95,41.14,39.62,44.83,44.0,44.48,43.32,42.01
42.39,49.05,38.38,44.43,47.42,39.76,43.43,40.24,44.05,46.92,35.0,40.76,37.57,46.33,41.28,47.44,42.19,40.11,42.6
39.11,47.76,44.04,37.95,43.42,40.9,41.43,41.95,40.1,45.67,43.67,42.43,39.71,41.43,31.94,46.22,48.52,42.74,42.17
38.06,40.69,37.75,42.81,42.92,43.48,46.38,37.9,50.57,41.67,43.94,44.1,44.95,41.67,36.11,40.11,46.57,47.37,42.61
40.06,44.45,43.71,42.0,41.5,42.33,40.38,44.76,41.62,44.0,39.94,43.1,45.81,47.43,48.22,41.89,52.0,38.58,43.43
41.78,40.81,46.38,36.33,44.12,38.62,39.29,42.71,44.9,42.04,46.5,44.38,44.1,41.19,45.83,52.11,45.9,42.95,43.33
36.67,30.67,39.54,42.0,49.67,44.33,44.43,43.76,44.57,36.62,39.67,42.38,40.43,43.19,39.61,35.39,47.62,41.53,41.23
42.94,45.31,35.29,43.43,45.5,38.52,44.57,40.1,48.62,44.08,41.89,45.86,49.38,47.33,46.78,46.61,42.05,47.79,44.23
43.56,44.5,41.96,36.19,38.33,37.38,38.57,48.62,36.95,39.54,45.5,42.57,38.81,45.62,47.72,44.56,48.29,45.47,42.45
45.22,38.31,48.29,47.33,37.62,44.95,41.81,39.95,42.57,44.17,37.5,45.29,38.33,41.81,38.94,43.0,50.19,37.16,42.36
48.0,45.17,39.54,40.33,43.62,35.1,44.62,48.95,42.71,41.88,41.11,39.71,46.14,47.1,46.56,44.94,45.9,46.74,43.78
40.28,39.24,42.79,44.38,43.42,46.14,52.29,42.24,39.0,43.46,43.72,41.19,43.57,47.0,39.44,41.72,47.9,47.95,43.65
37.61,40.6,40.96,45.0,45.25,37.81,40.14,44.71,42.81,38.46,43.33,36.52,44.52,47.05,42.61,43.94,45.52,40.05,42.05
41.56,50.19,42.12,42.43,42.38,41.1,41.52,41.33,41.67,42.29,39.44,40.48,32.95,41.0,49.33,51.56,48.76,37.11,42.62
41.22,40.33,37.29,37.95,47.46,37.95,38.95,47.24,38.19,43.17,31.83,47.0,42.48,47.0,46.72,46.94,54.19,55.84,43.43
41.11,43.17,37.46,46.1,41.42,41.62,49.86,43.29,39.48,39.08,36.11,43.95,39.43,47.52,42.44,45.0,44.19,47.74,42.72
44.11,43.74,36.33,40.52,35.12,40.19,45.86,41.14,40.1,41.12,43.67,40.9,43.67,40.1,44.06,46.17,42.48,49.26,42.14
41.72,37.55,42.75,42.95,40.42,35.1,46.1,45.9,47.29,38.71,35.0,37.14,47.43,42.67,46.89,43.39,49.86,46.11,42.61
45.33,39.5,40.71,43.33,42.37,47.67,43.57,40.52,42.52,43.25,38.5,45.86,45.24,42.62,43.78,48.89,44.52,46.68,43.6
49.78,43.52,46.75,39.52,42.5,41.14,43.38,46.71,44.67,43.17,38.89,43.19,46.33,37.81,48.33,45.33,48.52,48.63,44.34
39.22,47.5,43.46,45.67,41.79,43.67,39.62,46.29,39.43,41.04,47.0,47.14,39.38,42.14,37.89,45.56,39.33,45.0,42.84
41.56,35.55,48.0,41.48,51.25,46.24,41.95,44.67,44.05,42.96,40.44,39.14,40.1,45.1,45.06,46.17,37.62,43.47,43.04
42.39,40.76,42.08,40.05,49.17,44.19,46.62,44.57,41.86,40.62,45.44,44.48,44.0,41.95,47.72,49.89,41.81,41.11,43.82
44.89,46.02,44.5,40.86,39.46,43.95,42.05,46.67,43.48,40.46,35.33,45.38,47.81,41.9,43.78,40.22,50.1,38.84,43.09
41.22,46.31,44.33,36.76,46.71,41.95,45.52,40.05,41.19,37.42,41.72,42.95,40.43,41.19,44.11,50.22,50.71,42.11,43.05
47.39,46.33,43.37,48.24,45.0,41.86,40.81,43.71,40.1,40.29,43.83,41.05,37.71,44.76,40.06,43.61,43.81,42.95,43.05
44.5,42.76,40.92,40.1,46.54,47.38,43.76,38.19,38.62,44.71,40.89,46.0,42.24,42.0,44.17,40.17,48.14,44.26,43.07
50.33,42.38,42.83,38.24,44.25,45.71,41.95,37.43,39.67,46.46,40.0,44.14,34.43,40.62,43.22,46.67,43.48,40.63,42.36
43.89,45.14,48.21,44.38,43.38,37.71,46.29,43.81,47.19,44.54,44.06,46.33,41.9,45.1,44.0,36.44,39.76,47.63,43.88
45.0,46.45,45.83,39.1,38.96,42.9,42.0,42.05,41.0,41.29,42.33,43.9,38.81,40.57,38.83,46.72,44.1,46.42,42.57
39.61,38.43,43.33,43.33,41.71,39.76,43.57,35.62,42.05,39.0,47.28,39.1,49.29,45.52,47.11,47.17,43.14,36.53,42.31
44.67,39.6,38.46,49.19,42.04,42.24,49.52,43.14,40.76,45.54,37.22,36.1,42.76,39.71,52.61,48.17,42.38,44.63,43.26
38.11,41.95,40.71,48.76,44.29,42.0,40.57,39.0,35.19,41.04,42.28,41.48,42.24,40.81,40.56,43.89,47.24,47.58,42.09
43.5,38.24,41.46,37.71,42.96,45.14,43.62,52.9,43.81,39.67,48.22,40.71,41.81,41.71,43.61,54.83,36.38,40.89,43.18
49.67,44.12,38.62,37.71,43.71,38.1,37.48,49.38,41.19,38.04,41.89,43.24,38.9,47.86,38.11,36.17,51.1,41.37,42.04
41.67,40.4,42.29,44.33,47.17,42.24,39.05,41.76,34.43,38.71,52.5,41.52,45.62,42.76,44.17,47.61,45.0,44.89,43.12
42.22,46.31,40.33,44.52,41.38,39.67,39.62,45.29,46.0,40.21,42.56,41.0,41.86,45.48,45.17,49.44,51.86,51.32,44.12
43.61,42.74,38.79,44.86,37.08,38.52,39.43,37.81,41.86,45.38,48.44,33.48,43.14,41.48,43.22,47.94,45.1,43.84,42.04
44.72,40.31,37.67,48.81,42.46,42.19,41.67,43.9,40.81,46.38,42.06,42.67,42.29,44.81,38.44,48.11,45.24,45.95,43.25
39.06,41.83,43.29,42.38,37.87,41.48,40.52,41.33,42.52,46.83,43.94,45.57,44.62,44.14,47.94,48.17,53.95,38.26,43.54
36.28,42.64,43.96,39.9,40.92,39.19,41.29,43.38,42.24,41.92,41.44,44.86,37.71,46.05,41.94,40.5,51.38,52.32,42.66
45.61,42.45,39.17,41.29,43.25,44.05,41.43,38.43,43.1,47.87,46.94,36.43,43.19,43.95,44.89,44.67,44.9,41.79,42.97
43.94,46.45,39.37,41.48,44.54,40.86,42.0,33.67,43.71,37.96,33.61,39.67,45.19,39.1,48.06,46.39,42.76,42.63,41.74
37.56,38.83,43.5,40.52,40.46,43.1,40.48,46.52,41.81,42.83,45.06,46.67,46.43,43.95,46.39,41.67,44.33,53.0,43.51
40.56,46.6,49.42,46.71,48.33,39.05,39.33,42.62,41.0,41.62,42.83,43.48,43.05,45.57,39.78,47.83,47.71,47.0,44.03
41.17,41.21,45.42,35.38,45.5,44.57,42.33,42.05,37.38,38.08,46.94,42.05,37.05,44.24,48.33,34.78,45.81,44.68,42.05
39.72,45.45,38.67,40.48,38.96,41.29,38.81,43.43,40.29,45.46,39.89,39.19,44.14,44.57,46.22,40.5,40.67,42.53,41.68
44.78,41.43,39.42,38.95,41.71,45.29,46.67,51.67,38.9,40.46,40.39,36.52,38.43,44.81,45.78,47.17,47.48,47.37,43.18
44.56,40.14,44.08,40.38,46.25,39.95,45.62,40.48,43.1,38.92,42.06,43.43,44.67,43.67,37.22,47.44,49.86,43.84,43.09
37.78,42.55,39.67,39.95,40.71,44.0,39.52,39.81,42.38,44.88,40.39,44.76,43.29,46.33,41.61,38.06,44.57,44.32,41.92
51.83,42.62,48.83,42.57,39.12,39.29,37.14,43.81,41.57,40.25,46.39,38.14,38.29,44.14,41.17,48.72,43.52,41.63,42.72
43.0,46.69,43.04,46.81,48.96,43.29,38.62,45.29,41.86,42.04,46.61,47.05,44.67,44.86,47.39,37.94,49.05,47.32,44.69
41.17,48.1,45.33,43.33,41.75,34.0,40.52,40.19,43.57,43.79,44.11,45.76,40.19,45.52,40.56,52.33,48.95,48.42,43.76
40.44,42.17,43.33,39.24,44.54,41.29,39.19,42.86,42.62,50.71,40.28,41.29,42.19,41.05,48.11,34.0,42.43,45.63,42.3
34.67,40.55,42.67,53.67,47.58,44.48,45.67,47.14,42.71,43.33,50.44,42.57,49.33,39.86,43.0,44.44,38.76,48.26,44.4
45.0,39.05,43.08,44.33,45.25,43.9,36.86,35.76,38.19,46.54,33.83,41.0,47.05,41.62,42.39,53.61,44.43,44.89,42.6
45.44,46.02,45.21,50.29,42.58,42.95,48.0,43.57,40.43,38.79,41.44,46.95,37.76,44.33,40.5,45.5,45.76,45.26,43.93
41.61,43.55,44.17,36.9,41.58,39.57,37.33,44.67,41.24,52.5,42.5,35.71,35.48,38.38,41.89,36.83,49.19,43.89,41.5
44.44,47.12,40.75,44.29,44.67,44.52,39.19,39.67,40.81,34.83,42.33,38.57,44.86,39.38,45.06,40.39,44.38,47.11,42.35
37.5,41.62,48.0,47.52,40.38,47.86,41.33,43.9,45.14,43.96,40.67,46.9,43.29,43.0,46.44,51.28,49.48,45.11,44.63
44.06,46.07,39.79,48.67,39.25,42.05,47.57,42.52,46.57,44.92,44.94,44.52,43.67,45.33,45.67,43.61,39.95,38.63,43.77
48.56,40.67,41.5,37.33,38.58,45.33,43.38,46.14,39.33,43.83,47.0,45.19,48.29,38.9,48.83,42.89,47.19,49.21,44.01
46.5,42.1,38.38,46.38,44.46,39.71,36.95,40.38,39.86,42.29,42.0,44.86,38.38,43.24,45.56,39.44,43.38,42.95,42.05
36.44,44.76,38.88,42.48,38.0,43.71,48.76,50.38,46.81,45.46,37.17,44.81,44.67,40.24,44.22,43.17,47.52,47.26,43.6
43.17,44.79,39.71,45.9,45.12,43.67,39.38,43.95,35.29,45.21,52.44,43.86,44.86,36.9,51.17,38.78,49.95,47.32,43.97
40.44,45.05,43.71,46.95,43.67,39.0,35.9,37.62,45.67,45.13,42.94,40.38,38.86,46.14,53.06,42.28,40.05,42.16,42.72
41.39,42.4,43.96,40.33,47.54,45.52,42.33,45.14,46.71,40.92,41.06,42.43,39.29,47.1,46.72,46.44,44.38,48.68,44.02
34.22,41.83,43.38,44.29,36.83,40.62,40.38,39.57,50.43,39.46,45.0,38.05,41.52,41.52,39.89,39.33,40.76,40.26,40.96
43.39,39.88,49.13,35.95,45.92,41.19,48.38,45.14,43.33,43.67,43.22,41.52,39.48,41.67,42.0,49.61,52.0,44.68,43.9
51.06,38.48,38.29,43.76,41.29,41.62,44.57,47.43,49.43,43.46,39.39,43.52,47.19,45.52,44.28,48.89,41.05,48.32,44.31
37.5,42.57,44.71,47.1,48.21,33.52,41.24,42.43,45.57,48.12,47.83,41.86,38.1,43.05,40.22,38.06,40.1,47.95,42.67
42.11,44.21,42.58,41.33,45.04,38.95,42.14,39.9,43.95,45.42,43.39,43.95,46.0,45.1,47.33,42.56,44.67,35.74,43.02
41.28,38.88,45.13,49.14,36.83,41.19,38.62,39.05,41.71,46.67,43.67,38.76,38.05,44.95,44.94,45.94,42.57,46.63,42.45
36.5,42.83,42.38,39.38,39.71,42.52,42.48,36.05,47.95,40.75,46.28,45.76,46.81,45.76,48.61,38.0,49.76,46.05,43.2
41.89,39.12,37.29,37.86,42.58,51.1,45.38,39.76,43.38,39.62,44.44,50.52,44.24,36.48,47.83,47.61,40.71,52.0,43.43
41.22,43.83,40.5,40.67,43.5,44.1,41.76,44.52,37.57,46.5,47.06,36.48,42.1,39.67,33.0,47.5,47.14,42.05,42.18
42.61,39.05,39.58,42.76,36.92,44.43,46.71,45.29,44.43,41.5,48.61,41.29,47.0,36.24,44.72,45.72,42.81,43.53,42.96
42.06,43.93,50.54,44.29,40.75,42.14,41.1,47.19,39.95,42.62,45.17,45.52,40.57,40.24,49.22,42.56,43.29,45.42,43.7
39.78,47.1,42.88,42.95,34.67,44.62,39.29,47.05,38.71,36.0,34.61,48.57,37.57,43.14,45.28,47.89,50.95,46.05,42.62
34.78,45.9,32.96,44.52,41.75,41.29,50.52,38.57,43.1,37.29,46.33,43.05,42.52,39.86,34.83,46.28,43.24,48.32,41.95
47.78,39.36,46.04,35.19,48.83,46.81,46.95,43.0,36.43,43.37,48.06,36.62,51.43,44.57,48.56,45.72,47.38,39.68,44.21
45.28,42.21,38.25,36.48,34.04,41.14,44.52,40.71,47.48,39.12,44.28,42.05,35.62,37.52,39.78,47.72,46.0,44.84,41.5
40.06,44.86,47.5,42.38,38.42,45.9,42.33,46.1,43.76,44.83,49.0,41.57,46.86,45.9,42.72,50.39,51.71,42.47,44.82
37.33,40.14,36.29,47.38,40.04,41.86,44.52,39.9,43.38,40.5,37.56,44.05,39.48,41.19,41.06,49.56,51.24,40.63,42.01
49.56,41.81,38.83,36.57,43.38,43.29,45.38,42.24,41.62,39.5,39.0,40.33,41.24,47.86,46.67,44.67,36.52,42.63,42.28
40.44,43.0,41.29,40.29,45.92,47.29,36.62,42.48,41.9,42.0,41.94,34.1,39.81,43.33,45.44,44.17,39.1,45.84,41.94
50.06,38.29,42.0,42.24,38.33,40.9,39.33,38.76,43.05,46.92,43.22,44.52,44.33,44.76,41.28,42.0,48.67,43.68,42.91
42.94,46.98,40.33,39.67,43.79,38.0,44.38,39.38,42.1,43.33,45.67,43.95,42.14,42.86,43.11,36.44,41.43,44.68,42.29
46.94,43.17,45.46,44.67,45.21,39.29,51.62,50.1,47.0,43.79,40.5,44.19,42.1,44.38,42.28,49.17,44.24,37.47,44.53
49.67,42.64,40.83,45.9,39.29,41.48,46.24,38.52,42.9,41.38,45.06,44.0,44.76,40.48,41.61,37.5,45.33,44.95,42.92
35.11,44.83,40.87,35.48,43.46,39.71,41.71,43.33,46.62,45.25,39.78,41.86,41.43,39.52,46.06,41.06,44.43,45.32,41.99
34.89,36.71,42.92,44.38,44.04,44.86,42.05,39.9,45.81,47.0,37.67,40.57,39.38,48.57,47.83,45.0,45.76,43.11,42.8
47.61,46.17,41.25,47.0,44.83,45.24,48.24,41.43,41.24,39.75,40.78,44.57,41.19,46.14,40.39,37.17,51.0,42.47,43.69
35.17,43.9,42.54,39.62,41.62,47.29,44.05,46.86,40.81,41.62,43.22,47.38,43.9,46.0,44.89,49.89,43.48,46.42,43.81
47.5,42.55,44.25,44.0,47.62,44.9,46.81,40.05,48.1,39.88,47.22,39.33,41.95,42.86,50.22,49.56,47.29,47.89,45.11
38.83,35.71,39.08,39.62,39.54,38.38,44.29,44.33,41.43,40.58,41.78,45.52,43.62,44.19,38.56,46.5,48.24,44.84,41.95
34.89,38.05,37.62,36.19,45.25,43.1,42.95,46.71,43.0,35.33,44.78,47.0,47.19,35.62,41.0,49.06,50.14,44.84,42.37
38.72,39.57,42.96,40.9,43.88,44.19,42.48,41.05,40.9,39.29,39.78,41.52,43.24,37.71,41.78,49.61,44.38,44.53,42.03
40.28,42.36,36.83,42.43,43.25,45.1,42.38,45.43,45.71,41.71,45.0,40.81,41.38,41.29,44.83,46.0,45.38,41.21,42.85
40.22,45.07,39.0,40.0,42.46,44.33,41.76,43.52,42.76,41.46,41.39,42.1,43.05,39.71,38.61,43.44,50.0,45.47,42.46
40.39,45.64,44.0,35.33,46.04,43.57,37.9,41.24,42.48,41.17,40.28,39.71,43.05,43.9,43.0,47.61,41.33,37.42,41.89
45.0,44.55,48.13,46.57,40.04,39.62,37.57,45.19,42.43,42.12,37.5,47.71,42.52,36.71,37.78,40.67,44.33,46.32,42.49
43.06,45.86,45.25,44.57,41.92,48.95,47.95,42.38,44.48,44.33,43.11,42.0,44.24,46.1,48.44,52.0,48.24,43.63,45.36
35.28,48.88,43.46,36.43,48.83,48.86,40.29,38.1,39.33,35.29,45.83,42.29,43.38,43.62,44.56,47.11,40.14,39.16,42.27
35.67,45.93,45.38,39.19,41.67,41.33,39.52,43.76,44.67,40.58,53.11,46.67,39.33,45.1,40.39,50.11,41.86,43.63,43.22
40.06,42.26,37.5,39.9,36.5,45.52,45.05,46.38,41.19,40.33,40.17,45.52,48.19,40.71,46.83,47.78,38.43,50.89,42.96
45.06,38.4,44.71,43.86,47.71,37.19,39.62,41.1,50.48,37.75,40.22,42.9,50.24,47.0,50.78,45.39,47.14,41.74,43.96
41.94,41.24,40.42,44.29,38.08,39.57,37.33,46.76,36.9,47.83,45.0,42.95,40.14,37.33,38.83,43.22,46.52,46.32,41.93
42.39,38.69,43.0,45.0,41.92,41.48,37.33,43.52,43.05,44.0,39.56,40.57,51.29,42.62,43.72,45.17,41.71,40.42,42.52
46.22,40.71,33.42,37.67,38.71,42.43,45.1,40.81,44.14,41.0,46.17,46.95,36.67,46.95,45.44,35.5,46.1,48.95,42.38
46.28,44.55,40.5,42.95,46.83,46.14,46.57,40.05,38.81,40.08,40.11,41.62,41.14,35.14,41.06,49.17,49.33,43.0,42.96
41.39,42.76,44.83,44.14,45.75,41.95,42.76,45.76,41.95,40.88,39.5,46.0,41.43,41.95,48.78,51.56,44.43,40.0,43.66
45.39,42.19,37.08,43.24,39.58,45.19,44.57,41.33,38.62,45.46,42.17,45.19,41.24,42.0,42.61,41.06,38.52,47.74,42.4
41.83,36.5,39.58,40.76,41.63,39.81,42.43,44.0,48.0,39.08,45.28,47.24,46.24,37.0,46.33,47.61,43.71,47.84,43.05
41.5,39.55,37.58,41.29,43.92,44.62,37.62,35.76,43.71,47.17,43.61,41.1,41.0,45.19,45.61,43.17,49.0,44.26,42.54
40.44,49.07,39.75,37.48,39.75,45.48,43.71,45.0,43.05,42.38,38.67,38.33,38.38,46.62,38.83,39.72,54.0,47.26,42.66
38.5,44.71,44.46,45.52,38.46,46.62,43.0,41.71,40.1,41.12,50.22,35.38,40.57,38.14,49.33,53.22,47.62,46.58,43.63
44.28,43.95,51.83,34.52,38.29,43.76,39.38,45.52,44.1,45.63,37.22,38.05,38.38,45.71,41.0,48.28,41.95,45.0,42.6
42.44,39.74,43.42,44.86,40.67,38.71,43.33,40.05,45.1,45.54,42.0,43.43,41.48,43.52,52.22,50.89,45.38,44.37,43.73
48.72,45.02,44.04,39.52,43.75,45.0,42.86,40.48,39.62,37.42,44.94,39.86,44.1,39.14,40.78,42.56,52.38,51.95,43.45
41.67,35.74,47.33,41.71,46.04,41.81,42.1,45.95,51.86,42.25,43.72,42.52,38.76,35.19,47.94,46.78,43.19,47.53,43.45
42.0,45.57,41.25,44.57,36.12,39.81,49.33,39.1,43.52,44.04,37.94,39.19,41.1,42.86,41.5,51.94,45.71,51.11,43.15
43.11,41.05,35.62,41.71,44.12,35.14,42.1,45.9,41.71,43.62,44.67,46.71,43.67,45.48,50.17,41.39,42.24,45.68,43.01
43.0,43.93,43.96,50.67,42.25,43.38,44.57,40.19,43.86,46.12,43.17,46.9,39.76,45.24,43.67,48.0,40.62,41.95,43.96
39.94,48.33,41.71,40.57,47.21,39.14,41.19,48.38,43.29,46.46,43.11,36.29,38.1,45.67,46.56,44.33,43.48,46.32,43.34
42.28,47.38,38.75,39.86,46.29,35.81,38.81,46.86,45.19,42.58,53.33,41.19,43.81,38.29,40.61,48.61,42.33,46.37,43.24
44.44,44.81,47.54,38.1,37.33,42.57,38.81,41.71,38.81,42.42,49.5,42.29,39.0,42.67,52.5,37.89,40.29,44.37,42.5
38.83,39.57,41.25,44.19,46.54,36.29,41.48,48.52,43.52,50.54,40.83,40.14,37.19,43.24,46.39,47.67,48.76,46.0,43.39
40.44,41.1,48.54,43.0,44.17,43.48,43.43,46.48,43.9,37.33,46.94,45.52,42.29,39.29,43.56,45.5,44.29,47.47,43.71
43.78,42.9,42.08,41.1,44.92,45.24,46.9,38.1,39.9,40.88,45.39,46.86,45.57,46.62,50.06,42.78,48.14,49.26,44.47
40.56,40.36,41.5,42.52,44.92,41.81,47.86,44.62,41.76,45.25,38.0,53.52,44.43,43.33,41.0,47.39,44.71,43.32,43.71
39.5,44.79,37.17,44.38,43.17,41.57,45.67,36.81,44.67,41.08,43.11,44.14,39.1,40.76,43.89,50.94,49.24,41.26,42.85
44.39,41.62,40.83,40.19,42.79,40.81,50.43,39.67,42.43,40.42,45.89,39.62,38.48,42.86,37.67,46.67,44.24,47.63,42.59
41.56,42.62,45.38,37.48,43.12,44.29,41.95,35.0,41.1,45.42,45.28,44.57,40.86,39.29,45.11,40.17,50.33,44.68,42.68
35.67,44.86,39.21,35.81,43.54,40.48,48.9,39.95,44.43,43.79,40.67,36.67,47.76,41.86,44.72,54.39,43.62,43.37,42.76
42.11,38.69,37.62,44.48,42.67,45.9,47.9,39.76,41.29,39.5,42.83,45.57,43.62,43.1,48.33,41.22,43.38,44.74,42.93
41.72,44.48,41.21,38.95,39.54,39.76,42.05,38.33,43.14,36.75,47.06,41.1,43.71,44.67,47.39,47.22,47.38,37.95,42.36
44.28,40.24,37.83,48.14,42.92,40.81,42.14,45.76,49.81,45.96,46.83,43.14,40.62,46.62,49.44,43.0,47.71,48.53,44.66
45.22,46.43,49.04,37.29,38.37,43.95,42.38,34.62,39.19,39.83,40.0,39.86,38.9,45.57,47.61,41.61,35.05,46.74,41.76
49.17,45.6,42.25,44.81,37.42,39.05,38.86,39.52,46.62,42.67,47.28,41.48,43.81,42.05,47.83,45.89,40.81,41.58,43.15
41.28,46.93,41.92,43.43,43.29,45.0,48.0,41.67,47.14,42.04,41.5,44.33,45.57,38.33,38.89,50.83,46.43,44.0,43.92
42.06,44.07,40.25,45.71,39.88,45.9,46.1,41.62,43.76,37.08,46.11,42.14,39.29,39.62,45.67,42.94,40.38,48.84,42.86
48.94,44.5,43.88,39.1,43.92,42.62,36.29,42.76,51.24,39.21,40.67,35.05,46.33,49.48,42.83,44.83,47.62,53.63,44.05
36.83,47.05,37.75,45.33,40.12,42.29,43.86,42.05,47.19,37.71,44.44,32.43,43.71,43.86,35.06,38.67,47.76,44.16,41.68
51.28,36.57,33.54,36.76,45.67,38.67,38.1,42.86,47.1,44.83,47.22,39.0,43.62,48.19,55.67,39.72,37.38,43.42,42.75
39.28,44.02,50.21,44.0,49.5,42.1,42.24,46.48,44.76,46.33,41.5,37.48,43.76,39.62,43.11,44.44,47.48,50.47,44.27
43.67,40.21,41.29,40.71,46.13,47.9,41.57,42.24,42.67,44.21,36.94,45.76,45.95,43.86,47.06,40.61,50.19,44.95,43.66
43.39,42.88,45.21,50.62,44.38,45.67,40.1,41.57,40.81,50.0,48.61,42.76,40.14,40.1,42.89,47.11,43.71,55.37,44.74
36.5,36.31,44.54,46.05,43.71,45.19,42.05,41.0,43.48,45.12,47.89,40.67,46.62,36.43,47.33,45.72,49.29,46.89,43.6
44.06,47.17,45.54,40.19,36.54,38.67,36.67,45.19,41.81,45.62,42.78,41.38,41.48,40.29,45.89,40.22,41.52,43.79,42.16
43.56,46.19,42.04,45.9,47.25,44.14,38.67,46.1,45.05,40.88,41.61,41.76,42.81,49.1,42.5,43.78,46.52,43.42,43.96
45.44,39.05,46.29,37.19,36.88,38.33,43.43,34.81,41.76,41.62,43.06,41.57,44.24,42.95,55.33,44.78,50.48,47.89,43.06
42.11,43.9,41.67,40.67,30.79,44.43,41.76,45.57,40.52,43.92,42.28,38.38,39.38,45.76,44.28,46.39,44.62,38.47,41.94
47.44,43.88,42.96,45.48,44.5,39.0,42.38,50.48,40.38,43.92,45.33,39.19,41.05,36.76,44.94,48.44,52.29,46.74,44.18
41.17,48.98,45.25,35.62,36.83,41.9,40.43,36.71,40.86,38.79,40.11,42.19,45.52,43.0,43.5,46.67,39.43,45.47,41.8
41.83,46.21,39.17,44.57,44.83,42.71,44.48,46.86,42.38,45.0,48.78,41.14,42.14,45.52,51.44,42.39,50.05,38.63,44.34
44.56,39.98,40.67,42.48,45.88,45.05,42.62,42.24,41.86,41.92,45.0,36.95,42.9,43.71,43.0,42.67,41.76,42.16,42.52
36.89,42.5,47.96,33.95,40.71,46.86,45.33,41.52,42.81,44.96,39.39,39.33,44.57,40.62,49.83,43.83,48.05,46.79,43.11
39.28,41.9,44.42,44.86,44.58,47.81,37.52,42.14,44.95,37.96,44.83,40.24,36.48,42.95,39.83,35.0,50.0,43.32,42.12
39.39,47.55,41.58,40.48,45.17,40.9,42.29,38.86,42.29,36.75,39.0,46.52,42.0,38.14,56.11,39.44,50.57,41.42,42.69
36.06,45.26,43.25,44.52,40.79,39.38,46.19,43.33,37.76,47.42,42.5,41.14,49.62,36.24,39.61,51.0,42.29,44.05,42.8
45.44,38.57,38.29,44.0,44.58,38.14,47.29,47.48,41.81,39.17,38.33,44.48,50.0,43.14,38.5,42.94,37.1,44.37,42.42
47.67,46.19,43.17,34.33,40.75,39.81,44.57,41.14,40.1,41.75,38.67,45.57,42.95,41.81,39.72,44.06,45.38,43.79,42.3
47.22,46.21,43.29,43.0,47.92,43.48,42.29,37.57,51.14,41.38,44.5,45.57,46.19,46.52,38.83,43.56,46.14,36.37,43.95
38.0,37.81,39.21,37.76,42.62,39.95,43.05,44.67,40.19,43.46,39.94,41.38,40.05,38.57,45.5,54.94,47.43,44.16,42.15
42.83,43.6,43.0,35.19,37.46,40.81,38.9,49.86,40.05,39.29,42.94,43.19,48.0,39.52,51.22,46.06,46.05,50.37,43.24
37.28,39.17,43.25,43.62,48.62,41.48,41.43,43.48,41.9,42.79,39.56,41.9,46.62,37.29,42.06,49.11,46.95,48.16,43.04
50.11,46.57,43.42,38.76,43.54,37.86,42.1,46.71,40.33,47.42,45.94,39.24,46.57,39.81,45.11,43.61,52.38,46.21,44.21
44.44,46.17,36.71,45.38,42.54,44.95,51.24,43.38,40.9,44.79,44.33,44.1,38.62,42.05,46.22,44.89,51.29,49.95,44.55
32.67,45.55,43.46,40.05,45.88,47.62,42.43,43.52,47.38,41.58,37.11,47.81,40.14,38.9,43.0,42.56,44.52,47.84,42.89
40.83,43.95,44.96,41.9,40.38,36.38,45.81,48.1,37.43,47.25,42.28,38.71,48.52,38.67,41.83,42.67,47.14,42.74,42.75
47.61,39.14,38.25,44.48,43.88,39.52,46.62,43.05,45.38,38.5,41.83,43.43,41.48,44.29,45.78,48.28,43.29,49.11,43.55
45.94,37.45,37.71,42.14,45.92,39.38,42.86,42.19,44.19,37.67,33.44,38.43,48.38,38.86,48.5,38.11,40.29,36.05,40.97
42.72,43.31,43.0,49.52,39.67,45.71,41.95,42.48,41.52,44.54,47.39,42.81,41.38,43.81,48.06,43.61,51.9,45.68,44.39
40.44,45.81,45.67,45.19,44.83,38.05,43.62,45.05,41.52,49.58,34.33,41.48,42.24,40.67,44.67,48.28,48.43,47.68,43.75
43.83,43.17,44.71,42.48,37.5,39.57,39.52,47.76,43.67,43.58,43.06,42.43,45.1,44.05,48.78,47.83,42.76,46.84,43.7
44.67,42.17,43.96,39.81,42.46,40.43,44.38,41.81,41.86,39.96,42.83,40.48,45.43,41.38,39.44,46.78,42.14,53.21,42.95
40.17,43.55,43.29,43.0,36.42,40.05,40.19,40.71,40.29,37.12,41.28,44.24,46.38,44.05,48.78,47.28,48.52,47.79,42.95
36.83,42.36,41.21,37.76,41.79,48.0,34.71,43.9,39.48,44.42,45.17,42.29,39.9,47.38,47.94,44.89,47.57,39.53,42.51
45.22,41.21,48.67,41.95,39.67,39.71,36.9,44.9,46.52,42.21,46.72,43.19,47.95,43.62,47.67,39.33,47.71,45.47,43.81
41.44,38.26,43.92,43.38,46.83,42.14,45.14,42.62,43.38,38.92,47.83,45.1,42.52,41.14,49.39,44.61,53.52,48.74,44.38
36.89,46.29,45.71,42.9,41.54,40.95,48.05,47.19,42.9,38.79,41.5,48.19,40.14,49.29,44.17,56.22,40.29,51.68,44.59
45.44,45.05,45.0,46.86,37.75,43.1,41.95,41.62,45.71,38.04,40.94,45.24,43.95,41.86,39.94,50.33,44.1,42.16,43.28
42.06,42.33,44.46,45.0,44.0,43.14,41.14,44.57,38.05,39.96,39.89,46.24,47.52,41.19,43.56,47.94,45.48,41.05,43.2
36.89,36.93,38.21,36.9,42.79,43.05,37.9,38.67,45.57,42.71,42.28,43.33,40.81,43.67,39.61,49.89,43.67,49.42,41.79
38.5,45.43,39.38,38.52,41.21,36.0,40.33,35.24,44.67,49.33,38.11,46.05,44.71,41.76,43.61,42.28,44.38,43.74,41.85
44.5,42.45,41.0,42.0,47.79,38.67,36.19,50.38,40.14,42.83,40.5,41.38,43.38,44.1,38.28,46.56,40.9,44.53,42.53
45.11,39.83,44.46,41.86,44.38,42.48,38.19,40.67,47.43,38.54,44.44,41.62,43.86,38.0,43.11,42.72,45.1,44.53,42.57
39.89,44.05,44.42,40.48,40.25,44.62,42.86,44.38,45.76,39.83,47.17,40.81,45.33,46.9,47.11,46.61,45.48,43.11,43.84
40.78,42.29,44.08,44.48,39.12,42.24,40.52,39.71,42.43,47.5,39.39,44.1,43.19,45.43,48.39,42.33,48.48,48.05,43.47
47.39,45.67,39.71,38.67,39.58,42.86,48.14,44.33,41.0,47.33,37.72,43.9,39.9,40.33,49.0,45.39,46.43,47.11,43.58
45.22,41.69,44.88,41.76,43.12,41.81,45.67,43.43,42.67,41.83,40.72,37.43,35.9,39.1,40.28,43.33,49.33,44.05,42.35
36.44,40.62,43.38,47.86,45.17,46.43,47.67,37.57,45.29,41.5,40.83,45.48,46.9,38.33,40.39,47.5,43.71,50.74,43.66
47.5,51.14,49.92,44.76,47.58,50.86,47.0,51.0,47.95,45.38,49.5,45.33,37.9,43.86,42.72,46.44,50.57,47.26,47.04
