LIN10102,LIN10103,LIN10104,LIN10106,LIN10107,LIN10108,LIN10110,LIN10111,API10102,API10103,API10104,API10106,API10107,API10108,API10110,API10111,API10112,API10114,API10115,API10116,API10118,API10119,API10120,API10122,API10123,API10124,API10126,API10127,API10128,BRP10102,BRP10103,BRP10104,BRP10106,BRP10107,BRP10108,BRP10110,BRP10111,BRP10112,BRP10114,FUL10102,FUL10103,FUL10104,FUL10105,FUL10107,FUL10108,FUL10110,FUL10111,FUL10112,FUL10113,ASI10102,ASI10103,ASI10104,ASI10106,ASI10107,ASI10108,ASI10109,ASI10110,ASI10112,ASI10113,APM10102,APM10103,APM10104,APM10105,APM10107,APM10108,APM10110,APM10111,APM10112,APM10114,AII10102,AII10103,AII10104,AII10106,AII10107,AII10108,AII10110,AII10111,AII10112,AII10114,AII10115,AII10116,AII10118,AII10119,AII10120,AII10122,AII10123,AII10124,AII10126,AII10127,AII10128
76,32,82,60,77,33,80,80,93,84,30,41,63,87,40,46,98,59,69,60,51,75,42,84,50,52,43,67,91,69,41,51,93,97,63,70,35,53,58,96,32,64,38,79,96,80,85,33,55,81,76,43,98,44,34,40,96,88,56,61,84,67,75,88,51,32,63,61,92,44,41,50,82,66,34,50,77,95,83,36,52,78,35,85,46,84,97,98,59,98
75,61,50,75,51,53,91,33,56,32,71,60,46,73,62,80,71,79,79,53,50,48,54,40,67,85,91,41,30,42,38,73,46,95,57,53,94,56,67,33,86,93,43,65,52,30,51,94,85,31,39,46,42,96,50,48,53,35,35,44,47,68,85,63,67,79,36,55,49,87,69,73,35,34,56,87,57,91,65,98,62,69,93,42,38,74,49,95,91,83
42,76,59,96,49,98,31,90,43,66,86,60,68,51,69,56,32,87,81,78,55,80,75,38,48,83,82,88,41,77,87,62,84,49,37,37,47,59,59,52,83,58,42,55,47,76,70,83,34,95,83,84,56,31,73,65,50,81,81,48,35,53,44,40,66,85,67,70,53,60,48,42,73,46,63,42,86,89,97,60,77,39,68,72,38,96,60,66,51,77
90,91,49,98,41,51,39,32,50,70,36,96,74,45,58,98,70,44,31,95,31,86,84,77,61,94,46,84,40,84,97,82,78,67,91,54,47,36,76,94,98,57,41,69,94,46,87,66,68,84,63,47,90,90,31,32,48,46,77,47,75,44,40,93,40,61,91,89,38,36,35,73,72,47,75,49,50,87,80,91,62,30,42,47,40,58,53,82,55,59
33,40,88,95,75,94,95,40,90,39,98,36,41,90,56,70,74,39,67,49,73,79,90,48,92,70,81,59,77,53,92,45,82,33,55,77,30,76,92,44,96,46,43,70,60,66,82,74,44,47,31,64,98,84,93,76,87,73,41,67,78,82,87,87,87,80,41,85,75,89,62,75,64,42,47,39,34,47,60,74,35,35,57,73,59,67,82,50,91,41
53,77,62,69,52,39,75,53,37,31,59,84,64,90,35,40,70,76,49,30,91,94,58,68,34,67,77,75,97,82,83,39,61,54,54,93,84,77,78,70,77,92,81,81,42,62,90,55,79,61,55,85,40,36,51,56,97,70,77,97,37,91,95,70,84,37,53,58,83,80,62,38,50,53,70,73,36,70,61,43,67,65,30,66,56,90,42,30,51,53
87,36,85,89,95,61,31,88,96,32,84,79,42,55,46,98,42,40,35,62,59,55,94,76,79,86,67,31,47,47,45,61,76,42,44,98,54,78,44,73,85,74,39,33,68,45,83,39,93,59,87,49,72,34,94,95,54,31,75,92,76,54,53,73,79,49,62,34,47,43,40,95,30,85,68,77,63,44,59,86,86,70,60,64,49,88,72,86,46,31
70,36,48,55,41,90,69,81,96,89,51,38,79,57,70,91,89,78,48,85,92,55,63,49,86,38,78,49,45,34,34,83,90,62,92,85,97,45,74,98,46,73,41,64,42,32,49,82,49,81,94,52,81,94,69,32,39,48,78,98,46,58,80,82,81,91,90,98,33,70,44,58,64,77,77,54,79,81,76,34,81,53,32,88,38,42,81,45,78,50
40,44,92,56,65,36,80,40,87,96,89,58,62,35,67,50,46,59,84,86,96,56,63,39,72,40,53,83,95,59,55,44,56,97,36,98,38,88,60,43,93,78,75,45,86,96,49,91,81,91,35,56,97,82,86,38,70,48,64,34,89,75,54,71,81,67,91,76,93,51,96,80,73,89,76,48,77,36,59,94,95,86,39,76,80,76,30,69,50,47
75,89,77,40,82,85,83,68,77,86,80,93,62,46,59,33,81,70,93,72,88,35,53,39,31,90,72,37,56,70,46,30,48,33,62,84,95,37,82,85,59,38,67,79,70,93,68,82,81,62,53,69,64,45,31,57,75,95,77,42,38,64,83,47,48,93,39,56,87,84,98,44,71,83,40,57,37,45,89,87,79,65,42,54,53,87,91,48,92,87
92,38,94,50,70,61,64,42,83,86,91,43,44,74,87,94,88,62,86,57,64,58,85,34,95,98,80,96,76,75,89,35,49,89,61,98,98,44,78,90,77,91,75,95,33,36,71,33,61,75,31,62,53,31,80,57,61,94,33,74,55,76,57,68,33,46,31,35,41,41,50,76,75,49,39,38,44,42,96,47,76,37,48,54,39,64,35,65,30,77
79,89,91,37,81,91,57,32,42,57,30,94,88,97,44,40,84,71,41,40,38,37,55,62,54,42,70,70,49,57,85,98,95,38,65,76,49,85,63,72,42,93,55,33,82,82,33,94,81,35,72,67,96,35,56,65,61,59,76,94,85,32,71,51,81,82,76,84,43,38,31,74,57,33,62,60,34,54,56,44,95,73,79,49,58,70,76,78,53,70
98,36,72,92,57,82,58,32,42,72,69,79,50,30,75,84,48,75,37,73,59,48,55,38,89,71,55,73,44,56,96,84,96,58,38,85,80,47,79,97,67,54,67,91,85,35,97,48,92,41,49,30,36,36,86,51,34,68,55,30,64,88,66,91,79,56,50,33,39,48,31,69,56,39,37,47,53,70,97,34,92,64,41,84,78,78,98,57,74,90
88,46,43,41,92,61,62,57,71,47,64,63,57,80,60,46,79,36,79,77,40,49,77,79,81,46,35,82,89,65,98,51,47,96,75,68,55,74,88,47,67,80,84,51,44,60,31,33,71,80,61,65,64,89,37,40,49,69,72,91,75,40,89,52,76,64,86,45,48,62,72,39,69,61,69,40,92,38,53,36,84,53,86,49,43,61,64,63,61,63
46,80,57,68,31,45,30,41,71,56,52,97,38,70,36,71,62,65,53,79,57,40,79,58,88,69,84,74,31,84,44,68,93,94,88,31,96,38,86,68,70,53,58,37,84,37,98,42,55,50,83,87,50,63,62,35,81,91,57,30,63,96,93,84,72,66,85,51,34,45,88,35,34,36,85,64,68,52,94,58,40,56,53,39,82,30,41,61,55,85
67,73,71,46,69,77,40,53,81,81,42,90,73,47,40,39,61,98,36,76,48,98,57,50,70,71,53,68,82,73,53,88,49,91,65,86,50,85,40,84,82,76,73,41,84,68,38,59,68,82,78,61,82,34,32,76,64,63,35,96,39,61,92,86,56,36,68,48,32,61,85,55,92,73,96,87,94,49,94,35,98,75,45,63,31,72,45,37,48,53
53,70,73,55,50,45,94,76,32,65,36,78,48,38,73,90,54,64,79,49,89,98,41,41,88,32,84,34,91,59,86,84,41,56,80,84,94,93,54,37,60,64,63,65,63,48,69,32,54,56,77,97,76,32,95,57,88,45,37,62,82,78,30,45,92,88,87,84,48,40,36,69,79,86,81,42,66,82,79,64,63,38,60,32,55,59,81,39,43,34
30,66,89,31,42,76,62,34,38,74,86,76,75,87,83,59,81,38,37,32,89,72,98,90,57,97,84,82,71,56,94,86,89,64,76,33,38,87,52,79,31,95,52,97,69,30,74,85,33,42,76,36,63,52,59,89,46,87,58,73,93,96,96,32,75,58,58,92,92,77,91,62,76,93,52,57,30,59,77,46,70,43,81,87,53,35,78,78,48,54
32,46,69,54,33,54,37,70,60,63,67,74,86,76,90,75,66,35,92,98,80,69,85,80,34,63,42,77,42,68,66,34,71,79,76,62,31,48,60,90,44,82,82,88,85,72,69,97,67,44,70,88,57,58,62,51,71,56,66,44,53,92,71,50,53,34,55,69,36,71,58,36,46,66,93,68,30,65,86,49,43,78,93,72,66,33,85,41,40,33
62,51,74,94,84,97,42,87,76,85,46,51,46,70,76,65,50,52,98,62,95,75,44,36,65,66,68,92,97,96,53,34,70,84,57,74,95,76,63,41,88,73,35,80,31,93,47,68,48,35,85,36,59,33,47,58,81,59,76,31,36,35,73,82,88,86,83,78,52,51,79,46,81,63,85,57,69,42,92,50,55,81,83,84,87,30,85,42,50,85
88,55,62,47,80,55,31,51,96,67,51,86,36,80,81,39,90,70,33,96,76,52,72,85,93,47,98,34,60,54,41,40,31,77,65,53,75,41,80,67,64,64,80,94,78,95,33,60,50,88,30,61,62,84,62,62,95,87,34,30,91,42,98,54,95,80,46,92,44,52,30,59,80,69,77,67,44,42,62,84,70,56,33,46,86,51,70,68,39,30
70,82,96,55,74,52,87,31,41,85,55,53,46,36,58,49,70,64,44,85,87,97,82,89,72,66,67,52,55,88,36,74,84,67,66,97,72,82,59,33,35,30,44,56,43,46,84,73,67,54,45,63,85,69,89,40,81,55,66,57,91,55,55,91,37,32,75,93,84,32,40,31,86,41,93,46,56,46,71,94,92,47,40,82,89,43,34,44,31,42
80,79,30,75,73,45,63,39,61,33,69,47,68,39,51,89,59,30,78,37,82,53,77,78,65,89,87,67,57,66,60,43,33,91,76,83,51,66,82,80,43,48,57,73,60,58,98,67,69,48,68,49,79,70,46,58,84,35,46,64,30,88,45,51,42,64,52,76,98,52,59,95,60,35,59,65,73,66,62,65,96,40,33,59,71,57,31,47,75,43
53,83,65,57,51,45,92,92,54,52,38,48,48,87,37,44,33,80,45,89,38,67,85,58,30,93,92,85,82,95,37,84,57,41,84,65,45,39,96,74,57,78,57,96,44,72,89,83,94,82,53,69,78,79,94,56,58,75,64,75,34,42,52,85,54,98,96,81,78,69,51,90,55,65,94,84,41,34,67,90,54,85,55,62,64,57,45,91,60,56
78,73,56,82,62,57,36,77,86,65,93,37,39,86,66,67,61,37,42,82,85,52,47,40,45,94,44,93,44,48,83,55,41,66,50,60,94,88,39,65,80,66,30,79,31,59,40,36,69,88,88,38,50,62,79,75,69,94,55,46,71,31,56,47,75,32,92,78,51,49,39,81,58,51,93,67,72,91,92,70,77,30,93,67,63,93,93,96,95,87
47,56,44,43,57,86,89,57,74,47,30,37,32,35,67,79,72,46,94,43,53,82,94,73,66,59,56,58,73,69,43,82,49,78,85,45,97,89,56,66,39,55,40,30,35,68,83,63,98,45,38,67,79,76,53,40,85,91,59,46,51,73,98,65,73,55,80,87,69,57,67,34,52,37,50,59,62,30,66,93,47,69,42,58,50,35,32,89,87,52
37,91,94,47,86,69,58,53,58,47,43,62,72,63,64,50,92,89,57,45,78,61,75,50,57,42,65,71,41,38,90,59,61,92,70,91,67,95,68,71,96,38,70,31,71,57,49,46,87,69,96,45,63,91,79,80,86,60,72,95,79,60,53,33,37,47,49,94,64,66,58,70,48,65,76,97,86,50,97,73,97,42,85,88,59,54,56,83,65,75
65,95,57,47,54,73,90,50,82,63,36,84,88,38,56,47,42,81,64,56,63,38,95,82,72,38,70,79,68,53,97,33,53,75,35,96,44,47,63,62,55,42,49,91,60,60,72,35,54,75,93,62,64,88,86,78,53,63,32,44,52,56,78,59,32,69,36,42,47,63,30,46,30,70,49,43,88,60,86,86,83,67,74,72,90,96,68,92,69,43
69,45,44,95,86,87,86,62,48,34,56,71,67,88,69,81,38,89,92,64,66,57,95,84,76,76,73,36,78,98,89,39,62,60,84,88,33,36,67,36,89,37,74,63,56,32,47,45,68,60,37,73,55,65,74,38,53,32,90,57,52,83,65,82,73,71,57,32,31,58,47,70,33,82,59,36,66,45,33,97,31,98,87,97,38,73,36,59,65,59
32,85,92,83,84,53,97,88,56,87,55,55,40,96,58,72,43,75,86,82,70,72,94,60,59,58,56,77,87,65,41,68,60,84,30,94,35,32,97,49,69,85,32,78,87,61,46,55,40,53,76,43,66,84,73,95,39,69,46,33,60,76,67,70,92,31,41,46,82,87,93,54,49,53,74,89,58,73,61,38,41,92,96,53,72,91,57,47,85,30
45,77,75,60,57,47,58,83,96,46,50,60,82,93,30,41,89,45,77,97,53,53,60,33,92,56,40,36,64,84,33,93,97,70,83,79,46,40,40,59,76,67,53,43,74,49,48,39,98,84,63,64,35,52,61,54,96,86,44,69,61,90,73,56,88,80,73,91,69,95,98,54,77,89,91,71,49,33,35,33,70,80,36,49,69,53,93,74,78,80
51,95,61,63,93,33,50,45,95,51,34,64,32,69,86,95,48,51,71,82,87,52,54,55,35,42,69,30,80,74,70,59,64,76,85,36,68,54,60,61,39,71,58,38,78,36,78,46,94,65,75,47,44,37,59,81,83,64,63,87,37,68,56,68,72,35,85,52,72,50,53,55,90,54,92,70,79,82,50,89,93,48,71,94,49,49,80,72,85,37
94,89,63,48,40,60,78,52,89,72,68,62,33,87,97,85,30,82,32,55,95,65,53,55,89,41,82,59,37,91,78,84,80,53,89,41,83,57,45,65,63,82,87,35,96,38,65,78,70,96,66,72,40,31,75,67,35,30,95,77,79,63,64,94,84,95,83,57,85,49,49,76,88,72,31,72,89,31,84,85,51,33,77,38,52,71,81,75,46,36
37,56,64,82,32,32,67,96,80,34,56,86,72,80,80,61,88,76,30,73,43,68,30,41,33,86,51,91,96,92,44,41,86,49,48,35,96,65,40,40,50,44,74,36,57,79,56,44,36,38,72,41,33,79,39,49,73,43,67,43,61,79,38,84,97,67,53,53,66,60,96,49,31,88,78,71,93,33,94,79,48,48,51,64,41,89,70,42,83,82
42,77,65,34,75,92,98,67,71,82,78,84,35,80,88,63,56,97,34,37,98,72,61,83,63,86,35,90,32,79,43,30,65,78,45,57,98,57,77,92,54,62,49,31,85,55,78,97,69,75,43,61,77,88,38,53,73,76,37,75,31,46,72,52,40,89,94,51,81,36,30,53,76,86,70,44,87,71,79,34,41,97,49,68,73,49,50,91,56,80
57,55,94,43,76,70,56,89,32,49,67,90,90,55,45,57,91,74,31,89,62,39,94,53,64,33,73,61,74,94,38,84,32,79,47,34,95,37,39,75,30,73,35,62,41,60,35,67,49,71,35,86,40,87,46,77,33,45,48,36,55,49,96,56,94,67,97,31,75,71,59,70,87,49,51,85,85,73,84,63,49,79,66,86,37,94,47,49,47,71
90,90,39,97,80,84,85,32,50,98,97,50,39,55,58,78,87,95,85,72,71,69,36,44,88,59,81,40,72,89,92,91,53,44,95,54,70,85,97,66,57,59,54,40,39,74,39,69,63,70,46,42,59,73,48,71,58,56,73,64,97,36,45,59,85,88,68,77,59,39,98,37,34,43,43,73,70,63,54,76,59,53,83,54,58,46,69,31,35,72
32,73,81,56,73,51,91,43,42,80,41,43,72,54,98,71,56,96,83,56,44,34,57,65,88,93,94,61,74,93,59,64,45,47,59,52,88,77,72,54,59,50,81,59,55,87,98,47,54,43,35,92,96,54,96,49,94,43,55,69,57,45,91,97,60,63,95,75,70,95,71,89,41,83,43,61,86,54,90,69,96,60,83,55,42,82,67,48,37,49
88,48,30,50,35,65,97,55,85,54,57,93,87,70,32,70,69,81,61,94,47,39,52,51,31,45,80,30,96,92,45,63,38,94,87,52,90,38,36,80,72,91,73,43,54,60,64,38,52,65,59,30,75,73,91,66,61,40,95,82,64,87,50,86,88,64,77,50,86,89,50,98,86,50,38,32,34,64,96,33,92,51,37,89,58,68,97,67,86,53
37,35,46,87,36,58,63,83,81,46,61,63,41,95,54,32,86,62,30,63,80,70,50,94,89,37,37,71,38,30,50,50,57,68,70,94,79,72,42,60,96,46,87,80,65,52,59,64,71,83,32,37,30,87,37,82,52,32,85,59,93,76,77,73,86,42,40,84,89,44,63,93,79,52,59,71,37,84,58,95,50,68,75,39,76,86,61,90,47,59
98,37,91,51,59,48,85,52,48,96,67,62,91,55,90,38,92,96,49,77,35,60,86,54,74,41,77,67,35,50,59,32,67,53,80,87,42,92,34,75,87,63,57,92,63,83,75,40,69,78,69,70,84,46,86,74,92,33,86,84,63,52,81,92,91,70,53,56,45,82,51,91,84,55,31,44,35,73,75,93,48,76,31,37,41,81,72,93,58,87
44,71,85,40,36,37,56,75,80,87,90,32,44,32,74,52,56,51,61,78,66,87,52,66,30,59,61,37,35,38,30,53,60,85,94,30,75,33,37,98,44,74,76,50,79,37,74,83,53,80,70,98,52,89,59,82,79,97,66,36,67,82,96,68,81,88,50,96,65,89,98,94,45,57,44,77,89,67,54,98,82,47,51,60,98,56,88,95,47,78
80,31,61,71,72,91,49,97,62,47,43,38,81,32,59,30,56,81,95,75,82,30,89,32,33,86,64,56,47,91,57,92,90,49,53,84,43,76,55,87,82,46,53,55,40,68,72,56,77,88,43,94,44,96,72,56,54,81,63,48,76,84,73,70,71,50,39,52,93,33,98,59,50,52,45,92,47,91,88,39,37,48,46,81,77,65,60,53,76,97
61,32,78,47,55,90,72,54,84,59,37,43,74,79,89,79,43,50,46,97,56,53,77,69,93,73,79,96,82,66,34,46,63,85,61,30,32,70,78,57,72,82,78,51,43,72,92,69,37,81,71,39,95,45,41,44,65,64,70,34,64,86,69,70,74,45,42,34,94,62,63,61,73,68,41,31,90,33,56,76,80,87,91,83,49,61,77,58,71,76
98,33,40,81,62,34,36,65,50,50,98,38,74,38,71,66,96,96,52,30,93,44,60,81,57,52,40,50,34,80,86,87,49,62,57,45,41,31,72,38,80,93,33,32,65,97,37,68,92,60,68,37,54,74,64,69,60,69,96,98,65,83,92,85,78,91,90,30,72,91,72,30,31,44,68,93,77,82,95,97,45,64,33,67,92,50,82,53,52,45
40,44,63,37,36,54,60,44,53,51,51,54,45,77,87,88,30,76,35,68,77,58,87,43,51,69,84,39,97,52,88,52,87,56,32,47,59,70,82,41,69,98,50,33,90,98,83,55,58,50,37,73,76,32,92,61,85,74,51,74,46,74,98,83,96,50,72,71,57,76,98,71,66,51,44,83,53,82,84,78,33,38,73,95,36,86,75,89,83,98
59,89,97,79,30,39,34,54,47,34,95,87,95,78,68,73,95,70,80,64,47,87,72,74,32,75,97,40,38,73,50,91,65,92,37,39,41,43,51,83,30,78,38,77,89,70,68,57,93,92,39,96,57,81,88,73,38,45,53,58,59,88,89,35,42,91,62,36,65,46,97,62,65,81,70,53,96,69,36,51,46,62,83,92,96,92,76,46,64,44
85,87,41,62,50,39,68,34,65,96,87,34,37,90,60,54,77,38,91,68,81,94,87,39,30,58,66,91,73,72,64,98,77,51,73,50,59,46,46,78,87,48,43,38,83,69,76,81,42,71,33,94,91,31,49,35,71,81,89,35,46,60,78,84,69,97,64,53,86,49,44,85,48,59,87,58,67,58,87,55,82,72,66,69,86,45,42,61,54,85
95,92,94,76,75,54,82,96,78,98,96,36,95,63,86,45,83,52,43,49,41,89,67,74,44,46,48,37,40,93,54,73,70,59,56,81,65,96,56,85,69,74,59,66,60,98,66,75,50,66,62,53,84,34,96,38,79,33,38,40,82,42,39,34,56,69,59,97,96,87,98,73,82,85,46,51,32,85,86,96,78,96,98,80,58,50,55,90,70,71
76,93,56,78,44,33,43,30,86,88,49,45,73,54,88,36,83,79,75,55,74,78,90,54,35,79,74,50,77,32,76,34,71,60,84,92,69,70,71,69,79,31,81,83,72,30,90,62,75,35,80,80,79,78,61,82,69,46,91,83,48,79,68,56,84,57,30,46,33,95,58,33,84,77,98,64,55,86,81,93,43,96,33,52,39,38,60,56,89,55
97,56,41,31,40,54,50,86,51,80,38,61,31,88,61,43,67,52,30,59,88,69,82,49,76,85,38,32,45,76,34,67,77,93,36,77,91,69,77,88,72,36,87,68,76,87,33,75,49,33,53,70,32,46,41,74,56,65,59,49,58,89,93,52,41,32,95,91,77,74,78,76,79,83,44,40,38,49,46,69,86,43,53,63,95,49,63,57,55,65
36,81,64,68,36,92,38,39,89,65,86,44,64,74,80,40,52,97,46,35,71,54,42,61,84,43,41,51,64,45,39,59,50,83,98,47,98,59,96,85,66,63,47,53,49,70,40,40,46,70,87,94,78,59,37,53,72,77,55,82,66,78,85,94,49,46,52,62,75,92,70,57,63,46,62,76,68,50,97,48,37,68,75,96,71,30,78,54,65,98
44,43,93,37,33,96,57,44,52,42,52,46,42,95,32,51,87,83,95,79,97,87,59,36,90,74,73,76,43,94,47,43,72,34,95,43,82,98,56,92,36,72,83,82,42,47,96,79,91,76,68,82,79,72,57,35,89,88,86,84,61,51,95,33,50,90,89,74,37,49,80,86,91,88,73,92,98,79,92,47,58,79,81,39,38,75,56,97,40,61
52,94,84,93,96,46,79,57,97,42,45,68,41,98,54,36,88,50,80,71,84,86,76,81,77,58,30,41,38,74,46,72,95,51,94,38,91,47,77,94,51,39,88,77,90,79,89,70,61,48,80,63,86,86,35,76,58,96,61,50,61,74,87,60,63,45,49,71,85,72,30,70,85,50,68,36,46,78,34,59,36,66,98,71,73,95,78,63,96,79
81,41,43,43,82,58,67,78,59,65,63,92,61,84,54,44,80,83,39,36,59,65,80,37,84,81,89,73,48,65,90,46,77,72,71,96,91,37,62,62,43,64,56,39,69,80,33,91,85,94,97,81,90,70,54,80,46,31,38,70,70,52,71,69,58,73,35,79,86,87,71,59,40,46,90,84,36,73,95,34,98,54,52,34,35,41,34,96,43,69
45,47,84,60,93,79,88,30,77,55,56,50,41,48,87,95,47,47,38,76,82,42,82,31,48,42,55,47,48,90,39,80,36,62,64,55,54,83,65,73,33,52,93,50,48,63,58,49,40,60,61,38,97,98,31,55,73,92,65,44,45,96,75,85,68,58,86,72,64,61,48,43,77,37,60,62,82,30,98,81,85,59,33,64,54,74,55,93,39,95
74,60,35,47,47,95,71,80,40,51,54,53,97,95,85,85,61,80,51,67,68,48,97,97,34,70,43,64,75,50,77,40,97,93,88,40,80,40,76,30,65,56,59,36,65,87,34,86,83,62,81,34,70,74,94,94,98,70,57,62,86,46,78,63,83,60,74,40,43,35,84,74,53,84,56,53,31,54,84,35,94,53,95,54,70,64,40,46,78,68
36,60,39,58,51,73,85,44,95,35,41,87,54,57,81,64,43,61,59,83,40,72,53,63,34,59,97,36,30,93,35,33,87,43,80,87,44,65,68,80,37,96,82,30,96,74,66,30,74,31,62,71,33,35,38,71,45,43,84,38,86,66,77,33,37,57,35,89,94,98,91,80,61,64,32,85,49,69,34,48,31,81,59,81,53,42,56,36,55,50
97,75,94,65,71,85,69,78,43,95,46,45,57,85,33,47,70,64,37,66,38,48,59,69,39,47,83,84,33,97,64,87,35,54,63,70,62,50,84,87,78,76,87,43,56,71,56,52,39,76,86,33,82,57,32,55,37,60,51,75,56,79,80,98,50,60,78,57,39,31,35,34,44,72,31,73,76,48,42,74,68,84,78,51,40,70,31,38,31,45
74,33,88,43,85,51,49,73,83,50,59,96,93,96,75,65,63,34,61,60,91,38,45,54,97,80,41,47,32,96,50,54,67,59,90,86,76,71,57,50,32,82,55,59,50,30,64,54,74,64,47,47,43,79,44,63,32,79,70,87,60,62,65,36,62,87,67,45,43,36,95,91,61,71,87,64,88,36,50,79,87,61,43,86,68,93,59,93,63,54
36,81,42,38,91,96,87,87,43,87,55,37,44,46,50,51,82,59,67,42,63,86,49,64,70,34,43,81,71,40,41,86,73,62,90,44,41,64,90,94,68,47,31,63,52,82,91,91,74,41,52,32,55,75,76,36,72,50,61,80,71,68,36,72,38,46,82,62,33,79,70,52,46,63,85,73,47,40,53,80,42,82,58,64,32,45,36,76,73,92
47,79,63,45,61,73,92,72,52,39,31,53,74,46,82,66,47,77,94,90,68,35,82,76,71,45,70,32,40,49,46,60,75,36,73,88,39,45,82,30,81,48,83,89,50,88,39,75,76,98,74,74,68,45,65,31,91,44,59,86,77,33,30,97,85,38,39,65,82,89,45,90,47,91,47,83,45,52,96,44,41,59,54,32,62,32,69,96,36,95
55,69,81,37,91,92,84,64,98,67,70,83,39,85,96,59,79,35,76,76,65,90,45,89,89,66,94,63,96,93,42,34,50,64,76,79,93,52,80,84,45,58,66,39,51,33,34,40,85,94,57,60,64,77,63,77,59,32,47,76,71,77,50,39,68,76,64,33,93,65,88,60,79,32,37,77,54,51,79,42,59,65,61,70,58,87,66,90,57,53
51,64,96,54,93,46,32,61,85,55,87,77,65,57,66,60,98,74,91,63,55,53,98,57,64,52,74,39,96,77,75,47,92,67,47,60,90,83,86,83,62,66,59,78,66,54,50,41,44,51,70,78,73,53,68,53,43,76,94,47,61,85,83,98,46,72,76,53,34,41,34,78,88,45,62,80,92,85,37,70,40,43,81,93,64,31,42,75,82,42
85,87,86,33,40,87,58,59,96,72,53,53,52,96,71,39,66,33,47,71,93,42,43,87,73,76,87,79,71,40,55,38,89,55,76,77,77,98,53,55,59,64,69,60,95,88,44,31,33,30,72,55,54,67,76,79,68,73,57,60,91,35,40,94,56,35,55,73,39,36,59,65,72,76,51,44,67,36,56,31,81,38,56,77,93,73,44,95,98,30
57,56,64,39,65,57,53,57,59,69,35,64,68,71,47,57,36,61,52,42,84,79,63,88,64,88,98,31,42,44,64,46,56,76,81,83,84,87,48,34,38,88,38,53,67,33,63,97,57,62,90,31,91,64,45,41,76,36,70,46,64,81,44,62,72,62,34,59,89,32,70,52,78,61,93,68,50,89,67,72,64,40,89,76,62,31,31,43,72,51
87,32,75,71,84,56,84,73,30,91,32,41,76,95,34,84,61,31,67,88,92,35,65,77,72,87,89,38,46,31,92,43,85,75,69,94,44,81,94,52,72,36,57,71,33,98,54,82,40,47,54,46,66,48,42,98,83,80,39,54,67,74,50,84,53,57,59,88,83,94,95,90,47,82,72,49,64,86,65,46,61,37,52,36,32,91,95,63,62,82
43,39,85,76,97,77,37,55,93,97,79,55,32,97,95,37,84,37,80,94,36,79,85,36,49,92,57,86,57,61,46,32,54,34,78,53,93,64,63,80,69,80,93,88,76,59,55,58,54,71,66,36,77,70,62,81,32,69,38,97,91,76,37,37,87,60,60,73,76,36,54,37,57,89,35,53,67,90,93,46,71,86,47,94,73,50,43,86,46,88
63,44,30,74,38,85,89,96,82,89,90,85,78,77,73,52,76,30,42,76,30,63,39,35,61,59,69,52,78,93,41,42,35,61,36,37,37,38,59,45,61,50,31,76,74,40,38,71,87,48,30,30,68,93,66,62,34,52,61,84,82,39,66,62,51,38,98,47,64,80,96,95,64,61,37,63,30,30,36,31,93,34,79,38,69,66,39,67,92,33
30,53,37,37,61,98,72,90,71,81,91,91,88,69,31,70,91,41,78,88,91,76,60,68,98,50,78,61,47,36,87,35,73,49,84,46,56,79,61,47,87,69,57,92,45,46,73,59,33,45,78,33,83,90,75,36,55,86,36,72,32,51,66,75,88,60,77,58,93,34,97,33,47,70,59,81,35,30,87,76,83,44,51,35,32,80,84,39,86,70
73,38,78,64,79,93,85,87,91,70,57,32,82,80,76,86,34,32,53,76,78,93,81,91,32,68,42,57,47,48,85,50,66,61,32,87,92,96,72,55,78,36,76,61,37,49,90,97,59,71,80,98,93,31,85,62,56,93,92,65,37,30,68,58,69,85,98,83,47,92,98,59,49,55,39,64,30,68,38,52,83,67,66,38,50,31,82,53,93,40
98,33,97,89,96,61,69,55,61,54,93,46,50,75,56,83,52,41,89,77,36,84,75,33,62,58,60,53,49,32,31,64,30,78,73,89,62,62,73,85,55,51,79,88,82,46,82,72,44,85,91,81,96,43,36,76,79,57,82,79,88,62,46,91,93,72,73,63,62,79,63,69,31,88,74,93,41,71,48,80,79,86,53,57,97,41,32,49,97,60
63,49,74,36,96,50,80,37,78,69,71,36,97,55,56,50,57,67,79,86,85,96,35,37,49,71,36,47,61,71,58,98,93,83,86,47,59,37,79,48,96,72,55,51,67,98,55,32,84,85,90,96,49,78,90,75,87,33,40,68,72,38,98,92,68,64,61,30,51,54,33,40,51,63,37,87,33,38,84,43,97,78,81,39,41,54,68,83,77,34
73,46,87,73,54,50,32,61,88,43,50,77,86,46,81,45,49,30,39,82,40,97,67,70,68,92,52,90,93,75,97,69,45,91,93,81,96,53,40,96,74,76,36,68,40,81,88,63,65,75,47,55,55,32,46,77,87,51,59,33,96,65,33,78,45,66,63,88,55,90,48,71,97,68,72,33,85,64,77,94,93,69,58,98,78,84,89,35,94,85
52,33,37,90,50,33,33,76,90,74,49,54,82,98,97,56,77,42,64,77,73,96,56,91,44,92,78,42,97,63,43,81,36,66,42,76,55,33,80,71,55,81,46,42,63,36,54,65,30,56,81,33,41,65,91,82,44,69,52,90,59,64,65,68,56,65,32,62,49,95,48,30,76,72,63,31,66,36,42,31,55,65,68,62,90,46,37,41,45,77
68,78,90,86,97,48,97,44,68,91,69,88,44,97,82,88,67,63,44,32,44,64,90,47,30,97,72,82,65,70,31,57,91,33,93,92,63,65,45,82,61,46,74,33,92,50,92,96,72,72,63,69,92,81,44,48,35,74,51,37,79,69,94,72,86,42,32,77,98,43,89,88,38,69,57,97,39,44,68,57,92,83,40,53,32,36,39,40,51,30
73,56,44,95,83,46,86,32,55,76,42,97,35,65,74,55,92,50,35,45,79,41,63,57,49,73,77,93,65,55,62,77,52,43,73,59,76,39,32,52,61,95,88,36,33,53,55,32,41,81,55,69,94,91,73,81,96,46,44,42,54,98,45,78,38,96,37,53,64,78,38,77,95,54,31,97,78,63,66,40,96,56,70,84,43,92,38,98,66,35
77,56,79,43,32,98,58,65,98,75,33,83,47,75,52,36,40,30,93,63,70,80,82,92,53,89,59,50,39,93,55,85,94,68,92,74,69,41,76,86,91,35,38,71,42,31,43,43,38,86,87,45,77,35,56,67,56,31,87,54,57,58,36,56,91,89,77,52,80,92,76,61,38,95,90,92,91,40,44,33,41,63,63,88,87,78,75,93,67,70
65,56,89,88,89,78,69,68,68,68,68,96,59,97,52,46,74,87,49,48,42,53,68,39,35,35,73,62,85,77,74,42,32,88,50,55,76,63,91,45,88,98,72,75,87,37,64,46,72,70,50,38,58,60,83,41,50,95,76,48,94,53,83,62,60,66,77,60,61,49,47,88,40,46,93,86,91,89,85,82,45,76,44,54,68,84,93,93,79,66
78,80,34,33,49,76,55,61,80,77,98,72,65,87,51,93,55,32,30,78,86,83,80,74,61,49,35,32,66,59,40,98,75,90,45,91,83,47,30,50,67,64,90,44,79,68,88,95,63,70,96,50,32,71,60,31,67,42,72,68,73,37,40,53,34,90,94,86,49,42,30,79,76,97,93,61,86,38,86,40,40,94,58,44,91,68,64,93,47,93
49,92,57,50,57,49,98,37,30,78,86,76,98,78,97,56,33,71,90,48,71,62,39,94,45,82,76,82,41,88,59,45,63,69,94,42,59,65,33,38,36,74,39,36,76,98,64,70,71,33,33,33,79,90,58,57,40,98,80,54,44,64,77,35,74,55,68,58,82,95,86,37,62,83,43,91,66,74,31,36,54,61,95,77,93,38,44,89,55,61
94,90,88,79,49,43,35,83,97,41,95,72,76,64,64,96,85,71,52,90,77,40,39,58,58,54,59,92,51,54,76,40,70,83,49,57,65,54,65,81,67,48,91,84,91,98,83,56,42,79,32,56,64,31,55,87,51,55,62,80,73,46,64,70,53,68,81,59,85,47,31,97,79,86,94,86,71,76,50,58,78,59,40,41,84,83,55,41,95,41
33,31,79,44,85,56,90,74,70,78,56,48,31,80,85,41,97,44,59,50,72,74,48,82,64,45,31,38,82,49,86,74,73,59,66,41,72,62,89,51,86,30,50,48,85,34,30,80,31,30,48,91,52,34,59,85,36,57,80,53,86,93,56,71,54,78,86,54,62,77,46,89,40,30,60,54,30,78,48,98,59,87,77,65,57,53,84,76,93,61
40,59,44,63,41,76,33,33,60,64,66,42,65,87,65,93,52,81,86,40,37,80,87,38,51,72,54,36,72,77,46,62,40,86,73,36,40,90,93,69,82,65,46,46,47,42,61,44,36,38,83,60,38,31,45,34,60,65,63,60,87,80,30,45,38,94,36,39,76,71,98,73,31,59,33,98,94,66,73,47,36,52,61,50,87,60,56,49,52,35
73,43,82,43,94,68,82,39,72,48,98,30,88,97,49,60,97,56,50,37,32,95,67,40,60,39,67,95,65,55,54,66,30,66,77,55,94,38,44,77,91,60,71,40,98,76,93,66,72,40,52,64,64,76,66,63,45,82,90,77,91,47,64,31,83,34,58,94,78,43,88,96,81,48,52,34,45,46,40,52,83,68,53,68,56,47,61,96,95,64
35,71,68,30,46,83,87,60,73,35,62,96,38,36,77,78,81,78,85,52,31,62,90,55,84,98,45,36,93,51,63,81,35,36,74,92,42,97,83,36,32,96,41,54,67,61,43,73,89,53,96,62,67,47,61,51,43,81,96,53,52,47,68,39,68,96,34,78,61,62,58,82,57,79,91,57,41,51,36,86,69,71,56,91,31,47,61,95,72,89
35,41,44,90,36,42,57,73,60,89,85,52,33,82,38,69,76,37,82,84,95,59,39,91,33,68,34,31,47,48,42,49,79,34,76,50,31,98,84,31,82,30,50,85,87,74,80,69,87,91,90,95,83,84,74,79,97,56,53,86,74,97,96,90,39,51,71,49,54,91,95,49,55,66,62,55,38,78,74,33,45,40,81,35,68,73,39,95,51,77
85,90,32,93,57,52,61,93,59,38,83,39,32,80,98,62,61,46,93,42,81,54,85,83,83,64,60,36,59,78,68,36,64,88,64,45,87,69,94,75,70,43,47,33,65,51,81,67,85,82,30,39,88,56,36,64,97,66,37,50,81,43,62,53,60,63,45,57,55,90,75,32,85,59,80,36,46,74,64,76,84,95,55,51,83,39,59,59,78,53
43,77,55,86,77,55,67,84,72,72,41,80,90,52,34,82,33,56,35,59,66,86,94,55,80,98,79,68,74,64,50,30,38,86,42,91,69,94,47,75,90,93,98,56,71,57,30,78,44,79,69,57,35,66,53,75,48,88,72,56,70,43,80,95,86,31,56,59,98,67,59,46,82,95,70,42,72,98,30,63,73,51,80,74,36,51,81,95,65,39
50,58,63,85,30,42,68,69,64,61,39,78,90,91,73,88,81,58,46,40,58,68,51,95,72,86,83,68,74,86,95,95,88,76,58,59,91,41,64,93,88,81,59,58,98,36,60,83,48,59,77,49,71,46,38,36,83,52,73,94,87,96,91,51,84,64,49,36,62,50,77,92,95,45,35,77,98,88,57,46,48,76,93,33,92,70,83,89,39,36
75,90,82,30,38,34,35,83,66,49,60,58,31,93,74,73,85,77,44,79,73,59,96,58,42,33,71,59,94,31,96,43,59,83,44,85,54,89,46,46,84,42,32,46,37,87,92,77,43,49,86,85,55,38,96,36,79,69,30,56,61,88,54,48,72,43,74,32,94,97,68,88,96,34,82,31,67,60,40,89,88,96,31,59,72,73,32,49,65,45
38,84,39,50,77,48,31,34,92,68,52,32,89,40,90,43,87,54,87,65,38,38,31,61,93,76,31,54,55,52,79,65,57,72,38,69,30,53,95,57,90,85,37,41,96,66,86,50,38,81,65,53,89,96,98,72,67,42,88,92,90,36,98,93,82,31,38,49,97,44,42,44,68,85,37,73,74,64,92,77,77,60,63,63,84,87,73,35,38,31
85,58,90,32,45,77,45,60,36,68,45,32,79,60,31,85,85,41,92,83,31,35,87,37,46,32,64,55,97,87,69,48,50,77,30,42,42,42,30,87,34,87,31,37,97,41,46,53,90,78,58,78,76,35,83,93,96,53,93,65,85,40,71,81,56,32,85,76,86,51,74,56,37,96,88,70,62,38,60,49,38,64,35,54,40,35,39,72,51,75
40,60,38,85,98,66,55,51,30,78,38,86,60,95,31,98,35,45,91,57,66,93,90,77,85,65,37,43,45,38,42,37,56,39,94,62,40,38,55,60,40,57,36,42,37,94,92,88,83,52,93,83,39,32,77,79,97,85,92,60,66,38,66,86,94,79,85,45,48,98,46,49,58,82,33,75,46,98,58,65,45,75,40,65,71,45,72,76,54,43
53,50,88,72,42,53,38,42,32,80,69,93,55,77,69,82,80,94,77,33,93,94,91,94,64,87,31,73,95,75,49,47,36,43,76,46,52,42,67,88,31,76,32,61,83,40,50,33,79,40,83,95,68,75,42,92,43,42,83,94,66,69,70,37,83,63,76,43,77,62,62,36,32,89,39,49,54,84,71,90,87,31,34,79,44,94,41,59,49,63
98,39,93,31,68,35,54,32,94,78,45,67,47,46,38,34,35,68,94,84,77,72,58,68,54,31,33,57,98,57,91,90,88,54,37,36,42,64,30,88,55,45,54,95,92,71,36,35,31,71,65,55,94,85,45,72,51,47,76,88,65,53,79,95,69,47,48,53,66,82,74,37,75,50,67,42,95,95,95,77,58,56,57,64,98,72,60,45,88,47
57,76,67,73,82,50,61,47,73,38,95,59,81,67,67,74,35,68,44,68,89,90,44,98,63,98,70,33,50,77,37,32,78,70,84,68,82,81,73,60,78,58,60,74,38,59,84,60,42,85,41,96,58,53,40,79,43,48,42,80,75,90,35,92,68,87,34,32,64,75,50,38,87,91,73,52,91,52,66,71,93,89,95,90,39,76,97,49,46,44
44,63,65,31,37,51,51,68,53,43,50,69,59,40,63,77,89,72,95,35,35,79,74,91,32,33,97,47,35,54,64,82,88,93,95,42,79,54,37,92,57,87,71,38,63,98,37,59,69,39,82,78,87,83,97,37,82,40,32,58,78,96,51,51,68,37,39,86,32,35,82,60,37,72,80,78,70,86,95,87,53,69,82,93,44,71,64,84,47,68
78,30,83,43,76,61,62,78,96,86,75,50,83,70,60,80,59,64,63,90,94,67,35,31,34,81,31,50,67,31,77,63,66,90,52,91,66,87,36,48,45,39,53,69,66,55,97,47,64,47,58,68,55,96,51,74,60,34,67,41,97,38,42,37,34,63,46,55,43,77,57,85,52,71,48,80,65,98,84,82,50,35,31,56,35,46,46,62,31,51
34,90,31,76,41,52,98,89,50,67,74,63,39,58,56,92,86,43,84,51,59,81,40,84,56,75,88,76,54,39,79,35,45,98,58,91,96,55,60,66,35,76,57,80,89,70,46,75,43,48,59,39,89,54,50,64,69,35,67,46,56,75,77,44,74,60,65,33,84,34,98,77,65,75,98,47,96,50,80,51,54,85,80,71,41,40,63,72,33,59
44,98,42,55,76,92,63,55,93,66,41,73,93,66,63,38,85,56,75,96,71,42,67,79,35,67,76,93,68,55,51,50,42,85,32,81,59,65,48,67,98,74,98,36,59,31,74,41,64,86,61,61,31,30,38,31,47,33,40,49,98,51,49,80,58,92,60,57,62,30,78,47,44,46,61,33,56,67,42,79,66,94,80,71,49,40,73,95,79,90
46,71,53,83,88,73,87,95,66,54,47,75,90,71,75,61,61,85,54,54,58,88,61,94,37,38,73,71,73,75,61,37,66,91,98,95,79,64,75,49,95,79,49,68,63,70,32,63,58,64,44,72,89,93,90,43,57,86,80,95,90,57,97,66,45,92,60,32,84,87,92,43,76,94,35,89,58,90,60,57,56,79,46,36,93,61,53,32,88,69
77,47,81,43,85,39,30,50,41,42,56,84,68,76,31,53,82,66,33,30,67,68,33,65,69,69,91,47,58,76,56,95,61,65,32,95,46,77,66,41,74,37,85,50,81,52,67,62,67,47,87,46,64,91,94,82,76,37,75,94,50,89,72,94,35,64,76,81,95,72,30,64,30,66,49,83,89,67,92,96,82,56,80,36,37,37,42,97,43,32
84,54,72,55,61,67,46,30,92,42,93,64,70,54,89,80,72,77,34,86,55,54,73,73,75,43,65,95,56,43,39,80,66,75,63,57,95,49,76,32,44,62,61,56,92,44,48,47,50,85,45,38,77,78,35,80,93,42,53,58,57,73,36,31,47,72,33,44,70,69,56,37,90,71,77,34,64,58,76,48,78,67,90,70,50,86,68,69,87,63
86,53,63,50,81,89,74,31,58,60,49,61,72,87,81,61,36,38,47,30,93,32,61,40,71,54,71,80,35,48,56,36,48,43,66,33,47,97,94,51,34,59,50,94,35,90,65,30,81,36,86,86,89,63,71,62,98,68,57,60,91,77,57,63,61,30,95,69,36,73,90,78,30,40,82,44,69,30,38,84,40,64,54,92,30,97,51,47,56,81
71,55,93,67,31,62,52,90,43,43,77,63,50,36,98,39,91,34,56,77,47,75,90,97,93,63,93,38,43,53,76,38,63,96,72,70,85,97,74,80,58,45,67,70,78,44,58,92,63,97,53,72,97,72,97,53,32,40,32,53,60,98,97,32,44,31,67,58,47,51,62,98,49,66,35,63,33,97,76,89,78,43,46,58,88,52,57,90,77,46
54,56,63,72,69,96,77,51,81,83,75,58,98,83,86,64,83,78,80,60,91,72,64,72,69,70,42,88,52,78,50,72,92,64,76,62,90,91,87,72,87,59,84,86,74,35,41,48,39,64,50,42,81,32,87,71,89,44,42,81,49,30,80,96,32,39,38,69,83,74,34,38,59,93,91,81,39,44,67,59,56,78,57,72,56,48,97,57,80,70
31,67,92,45,86,69,38,47,40,61,49,39,39,48,93,93,57,74,67,84,44,78,78,52,58,51,50,76,44,73,91,98,48,94,58,66,69,79,43,48,70,56,55,50,52,33,53,92,62,37,36,50,33,41,91,86,41,31,65,82,95,68,78,70,50,42,91,74,66,35,40,94,66,90,48,65,89,49,66,86,82,54,37,45,58,73,34,95,66,48
61,74,74,71,58,45,51,75,65,66,69,32,69,66,76,54,34,47,60,90,72,36,81,70,93,53,86,39,56,34,69,47,33,94,62,66,77,77,87,93,89,38,92,83,59,46,72,66,81,97,98,64,88,34,51,74,97,48,50,44,42,73,79,40,35,30,41,36,72,95,46,98,74,32,39,96,86,94,36,53,73,65,67,48,32,75,65,56,81,77
63,65,85,38,88,80,32,46,53,75,74,77,78,86,48,31,58,88,39,84,56,43,53,56,74,44,94,33,94,42,97,58,41,45,45,58,49,75,98,53,31,31,40,90,90,82,40,53,71,39,65,70,72,50,38,86,33,80,79,65,30,38,33,72,37,89,52,47,30,76,96,56,38,76,46,82,98,79,73,72,33,84,93,40,50,71,54,90,61,90
89,46,98,73,65,46,59,86,67,95,34,79,39,69,82,79,71,77,64,39,56,49,44,38,69,75,45,62,54,95,40,73,50,54,59,43,49,91,37,69,65,85,96,41,71,75,86,86,93,49,63,89,92,87,78,91,67,83,40,67,61,64,71,96,82,48,80,75,51,85,56,62,46,98,62,90,52,34,67,85,67,38,53,41,96,96,82,33,63,77
48,80,32,76,92,81,62,72,95,41,40,42,42,69,80,36,68,41,38,32,37,81,85,62,32,70,98,63,80,48,38,33,65,65,72,57,46,55,50,71,78,75,76,45,44,85,64,66,74,65,49,49,70,34,47,85,50,57,39,82,84,87,93,68,80,45,74,37,84,90,49,31,60,45,55,73,51,90,98,33,51,59,78,95,78,44,83,88,59,64
77,35,66,44,96,76,96,60,76,42,64,37,98,50,50,82,60,64,66,38,76,93,38,56,71,92,96,78,30,56,46,36,74,75,69,97,31,61,42,52,86,86,88,42,59,34,65,94,49,65,66,42,40,86,45,32,50,88,96,97,94,95,53,87,44,46,33,63,79,52,91,79,98,37,44,52,91,74,95,63,94,80,48,39,59,76,46,82,93,40
65,43,64,67,94,55,47,88,59,49,31,49,75,55,56,66,57,64,85,50,92,71,82,90,94,39,88,45,85,67,68,61,64,57,44,70,41,35,30,50,88,53,81,77,61,40,32,51,70,53,76,59,66,98,56,48,64,47,92,30,55,91,74,36,41,63,31,41,33,88,95,89,74,57,98,94,31,82,98,86,77,31,97,45,45,78,37,47,30,39
44,93,53,36,81,60,83,83,92,53,90,73,90,66,74,85,81,35,35,31,37,87,91,56,94,84,56,42,66,64,80,75,87,95,97,71,90,30,84,92,88,94,96,55,59,95,44,86,93,44,68,31,30,36,80,30,74,31,72,92,39,42,50,80,34,61,37,89,74,31,85,53,90,43,69,67,52,70,58,79,84,66,31,67,56,31,72,71,38,95
83,98,59,73,95,36,56,62,79,36,81,73,61,66,62,80,43,55,54,76,54,61,34,83,77,84,30,39,69,84,53,77,79,68,87,37,61,74,92,54,56,47,74,59,52,34,68,57,40,52,75,40,98,80,41,52,34,92,54,52,94,90,47,51,32,74,83,52,63,37,34,46,66,90,56,57,69,80,68,58,45,52,73,47,44,32,98,31,47,70
90,65,47,43,76,30,48,40,95,66,62,96,39,34,81,56,67,49,77,30,72,33,78,68,97,43,84,31,30,43,73,67,68,63,54,85,80,68,97,93,34,51,33,35,35,62,71,50,52,94,58,90,93,36,57,64,81,40,86,60,36,80,38,72,87,51,46,64,89,33,94,88,63,67,58,85,45,74,96,58,52,63,69,86,53,45,85,68,45,51
62,81,62,87,57,68,33,33,44,69,78,48,57,77,30,80,62,42,81,58,49,60,34,72,44,42,79,55,58,61,58,80,79,93,70,31,40,88,70,35,77,55,38,38,87,65,75,70,48,78,37,63,97,90,56,88,95,57,80,54,81,50,94,85,66,71,97,40,65,93,60,33,63,91,64,65,46,47,68,34,89,61,39,78,59,50,67,36,93,65
69,37,62,74,90,52,90,43,40,76,70,61,84,36,75,74,44,96,38,49,63,41,35,40,63,91,34,46,91,57,52,37,37,90,43,36,55,82,93,40,53,56,43,74,95,63,47,60,62,86,83,35,71,70,45,52,54,58,79,42,65,75,41,92,83,96,32,91,92,56,65,46,88,73,65,39,49,58,55,67,84,34,49,55,78,76,58,79,52,79
49,58,74,60,65,77,82,32,78,64,32,52,32,75,73,93,98,65,53,47,78,88,98,72,97,87,32,87,78,30,79,56,40,76,68,68,58,79,93,81,85,68,34,78,57,31,97,30,32,56,51,97,33,97,92,58,98,47,67,83,77,86,45,84,54,34,44,96,36,97,84,41,62,86,50,44,85,32,37,91,80,88,70,91,62,77,34,96,32,66
93,52,58,72,80,63,46,40,34,95,97,37,73,91,81,56,36,96,59,33,79,97,98,55,59,80,45,60,74,89,70,78,36,83,78,81,46,71,95,69,36,95,81,42,80,59,88,76,68,50,83,66,75,92,30,69,86,83,31,92,54,62,96,44,45,76,57,77,84,76,80,33,77,96,40,81,46,43,66,39,36,92,59,75,75,97,73,34,39,77
68,87,30,63,42,48,52,40,58,85,41,85,81,92,50,71,63,72,47,49,90,50,49,97,65,73,34,53,37,44,54,42,91,81,57,37,64,57,44,45,53,96,96,48,30,77,94,39,67,82,47,92,62,75,45,72,66,63,88,82,86,42,32,32,59,30,91,69,67,95,59,93,50,98,32,78,79,64,66,79,36,70,77,34,47,30,84,39,80,39
78,96,95,68,33,54,54,57,47,95,59,61,76,53,39,71,93,40,98,98,93,50,47,47,39,40,68,52,83,33,37,47,74,64,59,35,91,35,41,46,33,52,52,92,69,35,55,93,40,85,36,37,93,57,59,75,81,48,42,62,48,37,46,97,96,76,51,71,90,76,82,97,98,75,57,35,67,98,95,49,92,42,41,30,50,66,96,45,39,31
95,76,46,32,77,30,83,58,82,90,31,88,88,84,56,90,33,71,93,54,69,57,83,55,86,67,31,43,55,56,63,42,91,34,94,91,45,37,87,60,39,48,78,46,67,68,51,70,32,68,76,32,97,40,72,86,66,53,73,33,71,70,49,62,46,97,48,91,48,55,38,48,81,68,61,43,56,85,45,80,96,41,50,37,67,97,43,50,61,34
92,33,69,76,33,35,94,34,67,78,64,80,84,55,34,38,73,78,58,38,81,66,63,69,37,39,33,91,60,81,89,34,66,38,89,77,83,97,34,75,36,82,82,92,50,96,89,79,60,44,33,78,86,81,78,95,31,60,44,31,53,50,32,82,65,59,60,88,86,74,92,88,60,98,92,36,46,50,42,41,41,67,33,67,62,38,63,52,69,74
41,73,31,55,67,86,82,70,43,60,66,53,62,49,47,88,57,42,58,39,61,42,33,76,86,43,42,47,31,92,76,66,95,97,75,81,87,32,90,79,51,86,66,54,45,48,65,78,70,64,32,93,43,37,73,68,46,58,93,70,47,45,36,90,60,47,89,95,53,42,95,75,87,89,65,42,64,68,41,92,39,53,55,80,70,60,63,84,69,92
34,58,95,91,41,90,66,61,95,53,74,43,63,60,49,81,51,42,96,45,49,84,64,34,33,34,59,72,62,58,56,56,37,71,38,63,73,55,44,77,33,53,45,36,31,69,94,65,64,51,73,85,45,98,69,59,52,67,55,32,37,45,47,47,40,91,40,44,35,78,94,95,34,51,63,83,82,54,78,72,45,91,45,96,44,78,62,61,47,59
72,87,45,76,54,70,69,76,47,70,78,68,89,47,57,43,35,50,97,48,54,65,33,79,63,97,41,41,78,75,92,75,64,45,62,75,45,44,71,71,63,95,92,74,47,52,47,67,97,90,69,82,34,44,96,52,36,76,85,50,82,91,96,47,97,37,53,91,43,95,51,81,58,74,83,77,41,31,78,32,72,93,46,36,42,46,92,50,92,52
55,93,49,65,80,88,81,86,73,58,30,57,84,38,39,42,34,79,32,31,31,33,44,41,46,96,87,31,95,32,73,50,56,41,81,36,67,38,41,90,37,84,66,57,72,59,83,81,81,74,78,56,30,89,57,98,95,81,66,54,43,31,85,96,46,87,36,79,78,90,86,65,50,98,56,34,77,30,89,90,68,82,70,53,30,89,55,87,44,87
68,69,92,81,33,40,87,68,87,88,97,81,73,53,78,36,78,39,68,81,49,65,64,61,45,39,55,96,96,47,60,95,85,95,44,93,98,82,52,91,57,45,61,97,76,78,59,75,39,79,76,88,63,49,40,32,48,34,48,30,42,68,53,43,49,73,38,73,36,65,31,42,61,95,50,63,79,85,63,60,82,51,68,43,53,48,38,58,59,69
82,72,84,36,38,95,87,87,89,72,46,40,93,44,76,97,32,72,80,84,61,37,53,46,60,52,69,44,68,95,73,35,60,45,58,55,58,67,56,38,49,31,74,88,67,68,89,93,95,76,94,80,52,81,56,95,57,66,80,87,31,94,55,41,60,53,73,58,80,36,39,86,66,31,61,87,50,75,95,79,66,52,69,96,64,38,59,78,58,80
65,58,47,77,60,85,79,43,52,48,45,87,33,86,98,90,51,84,34,44,86,45,92,33,97,38,48,31,52,30,80,82,92,62,97,41,44,71,37,84,62,41,39,89,38,91,89,41,61,75,60,62,73,38,69,58,54,80,38,51,90,32,64,60,72,38,71,57,98,70,43,56,34,87,70,34,63,38,48,64,61,76,50,68,51,96,35,32,63,66
88,90,93,82,95,65,80,56,71,63,83,82,79,55,44,96,49,44,56,60,50,47,53,67,60,85,38,48,49,53,94,52,83,79,83,33,50,74,78,32,85,91,84,86,56,72,33,79,30,53,59,91,61,95,62,40,30,33,55,43,74,88,48,52,36,35,83,35,54,66,38,31,88,62,97,53,95,47,45,45,45,43,34,53,91,54,72,63,39,89
59,59,80,95,87,51,92,85,40,90,71,50,34,42,81,89,33,49,41,43,30,35,81,94,45,54,67,58,31,94,68,77,82,65,35,82,53,63,57,35,76,60,84,69,80,60,40,87,40,79,69,75,52,88,62,67,36,31,43,31,69,93,90,63,93,48,93,75,59,35,84,44,68,42,73,38,60,33,75,46,48,30,70,77,85,78,30,97,63,88
30,52,52,33,83,63,34,73,52,74,71,88,86,70,61,81,62,88,76,41,53,74,45,83,51,76,47,66,94,92,64,38,31,65,73,40,39,70,88,33,47,74,41,45,53,98,54,71,42,66,90,53,97,50,85,48,63,35,41,69,82,62,85,65,47,49,97,50,88,30,82,94,47,32,79,30,88,36,62,80,85,56,30,71,68,30,51,85,74,86
32,55,63,73,45,58,32,67,64,74,44,64,70,65,90,95,85,89,41,38,50,50,50,50,75,67,93,41,92,77,85,87,36,54,38,36,46,59,59,76,30,40,57,68,93,51,90,36,44,72,38,70,91,44,65,42,70,35,65,91,97,64,85,40,60,96,88,81,33,53,84,88,70,85,88,69,85,51,45,36,77,46,59,39,90,69,45,98,94,78
56,57,65,66,82,64,67,50,97,95,39,48,93,35,35,72,44,67,63,73,96,65,31,33,48,42,33,60,30,45,45,96,69,96,40,54,65,67,86,88,97,67,36,48,86,81,94,66,39,66,33,95,45,90,57,91,87,64,85,72,64,36,55,43,91,32,59,65,78,64,47,33,90,68,95,39,80,54,86,82,55,52,56,52,55,84,87,90,98,76
44,66,84,61,81,73,80,81,48,47,43,49,46,96,89,43,69,30,76,72,52,67,60,88,91,88,41,44,84,49,50,51,58,35,35,60,30,96,32,91,68,65,93,55,91,52,34,97,90,50,97,71,33,86,56,94,80,74,62,74,40,88,44,89,49,34,33,86,75,33,41,35,92,85,44,48,30,88,35,86,55,68,85,61,90,48,38,82,73,49
52,57,93,47,54,79,96,96,49,74,33,78,31,58,71,45,59,98,62,93,76,66,78,93,75,47,56,54,98,85,91,81,78,63,95,31,77,54,74,65,73,96,60,79,80,52,34,72,64,57,55,56,43,79,50,52,48,58,53,49,72,90,73,48,39,67,38,82,40,78,87,95,94,47,74,98,37,53,88,82,85,65,70,77,94,80,92,44,62,86
53,40,71,77,88,49,71,35,87,33,89,69,53,42,62,82,47,98,94,46,44,57,62,40,52,89,66,41,97,77,31,87,87,86,68,82,68,84,42,54,34,55,96,42,89,56,51,39,89,42,67,74,74,87,98,31,97,40,40,52,50,72,49,54,52,57,76,34,38,61,40,61,82,65,75,80,79,82,77,44,44,73,73,90,65,75,75,79,68,68
62,46,55,69,90,70,71,63,47,58,75,37,66,46,86,69,75,89,53,40,80,36,84,45,43,43,47,52,62,85,81,94,39,30,40,72,60,52,51,86,64,67,95,39,39,86,95,54,42,61,57,55,62,34,33,92,82,85,70,46,80,54,43,37,84,39,81,67,84,45,76,60,39,42,53,77,33,46,94,60,47,30,48,52,36,91,76,93,81,44
91,93,59,77,69,32,95,52,42,75,35,55,95,54,88,58,84,91,35,45,80,81,80,63,64,56,67,94,51,78,94,32,81,94,64,48,86,62,91,61,62,82,93,47,60,40,89,62,49,31,92,46,38,85,94,61,86,52,63,42,39,95,81,84,77,90,58,65,57,31,56,65,83,90,38,91,67,84,96,92,58,63,74,61,37,94,78,68,44,36
59,49,63,40,37,80,55,61,56,91,87,56,88,86,48,83,51,32,40,97,83,72,30,67,44,62,79,93,43,90,86,52,32,81,76,59,32,65,51,65,59,45,44,93,51,32,32,71,32,70,35,97,40,92,38,55,70,72,90,78,52,52,87,53,83,91,52,51,94,75,33,43,58,88,92,61,49,74,68,49,70,86,53,97,45,89,32,36,79,94
58,31,82,37,39,63,59,35,83,91,85,60,90,38,67,75,77,90,64,48,95,66,64,89,58,32,86,37,46,64,41,54,72,91,64,93,75,94,81,75,82,89,47,66,74,95,48,35,95,68,81,38,45,45,91,65,48,94,33,31,63,50,42,96,48,94,48,42,38,82,88,92,51,70,94,92,44,48,32,75,64,58,31,51,72,63,87,94,69,82
52,92,74,62,30,39,31,55,39,33,39,83,47,59,70,81,83,52,62,67,49,82,51,81,50,51,88,83,33,41,66,72,66,77,89,31,56,37,42,56,75,79,89,75,90,38,41,62,92,52,56,54,39,71,86,33,93,37,32,55,96,66,30,50,66,55,62,48,82,77,61,88,66,71,48,68,43,88,71,96,89,50,37,46,59,32,87,61,83,94
30,53,68,45,58,91,68,85,93,55,48,34,48,71,64,65,45,67,77,97,63,74,69,42,63,34,74,81,35,69,36,86,54,52,82,90,72,80,90,77,37,57,72,36,90,89,35,78,90,80,58,87,33,64,30,94,35,93,80,94,73,40,92,34,98,80,64,62,41,82,49,30,59,52,88,91,96,87,89,87,65,83,48,61,58,38,81,45,94,84
41,54,83,58,56,85,44,88,51,80,47,75,91,97,72,75,49,97,63,44,54,32,35,98,36,48,56,42,79,78,52,63,82,83,41,44,82,49,57,59,48,79,73,34,60,96,46,84,47,58,70,45,42,65,79,94,56,80,52,48,62,32,93,84,58,70,87,84,88,97,89,71,83,53,54,54,63,80,39,80,82,50,83,50,44,92,67,92,62,33
85,70,33,36,42,94,62,81,47,33,48,68,49,56,89,65,62,49,74,54,58,91,54,98,46,59,70,82,97,77,75,54,81,73,90,65,62,40,92,81,84,85,82,63,90,87,71,37,55,49,88,96,73,65,93,68,88,90,40,40,35,37,80,64,72,76,94,36,77,94,40,94,60,34,38,82,56,44,38,46,42,66,43,68,71,76,49,97,44,86
86,45,35,70,65,35,42,58,85,77,90,95,63,80,98,34,49,55,38,39,46,47,60,67,97,49,67,33,86,38,73,60,93,36,46,53,78,90,54,60,95,80,36,80,77,63,94,51,77,30,48,78,39,95,63,50,54,77,94,44,39,70,34,46,36,50,78,37,91,74,54,45,78,77,93,51,32,93,35,51,74,31,79,81,50,86,73,72,75,60
39,47,67,52,49,58,58,94,77,31,71,58,56,95,74,86,83,43,78,80,84,67,55,69,57,90,42,72,81,43,48,70,65,86,94,58,60,79,86,33,61,84,66,74,46,45,86,84,48,58,47,62,94,38,65,80,86,97,83,94,62,96,70,93,70,38,48,90,87,69,84,47,80,88,51,74,63,93,98,42,81,98,95,64,62,82,89,66,80,38
78,34,74,52,53,82,94,41,87,63,66,83,95,51,83,31,31,36,36,94,30,73,51,97,79,92,36,39,92,62,63,64,92,40,57,34,32,78,68,65,97,73,31,57,84,33,95,71,38,96,59,69,44,58,78,92,52,96,51,66,45,73,84,85,30,84,66,94,92,77,42,40,88,55,96,94,86,84,82,87,63,67,84,50,68,57,59,80,62,71
60,75,90,74,89,68,60,93,64,86,77,42,45,96,34,96,75,74,72,41,40,66,68,77,45,34,58,30,70,84,33,30,95,76,77,88,96,47,87,44,70,37,77,91,97,31,46,88,49,39,85,57,95,78,78,77,92,57,92,40,57,88,91,83,34,78,90,89,48,50,36,35,85,94,97,55,62,90,98,66,95,54,96,66,85,33,98,80,38,78
57,32,32,65,87,46,96,90,36,68,48,78,78,93,91,30,91,70,67,76,84,84,94,83,86,78,73,60,60,33,31,70,72,77,58,52,80,46,67,96,60,98,77,36,44,63,31,98,34,94,95,43,93,89,87,65,80,77,65,33,37,69,72,44,88,96,35,98,58,82,98,94,75,34,33,40,41,72,42,39,75,60,91,64,46,78,70,97,47,57
41,64,92,93,70,66,78,85,90,70,35,87,61,64,39,64,65,80,72,93,52,78,43,93,55,52,41,79,34,40,88,50,81,75,69,82,66,88,66,78,70,77,45,37,73,65,32,66,46,83,69,45,96,65,43,32,94,89,64,48,36,67,73,66,54,59,70,33,93,83,78,59,41,36,47,71,70,81,67,68,93,54,79,90,81,63,91,77,45,80
45,33,63,72,70,64,74,82,39,91,39,81,96,91,64,77,84,83,33,77,91,37,97,50,65,66,55,71,89,76,98,84,44,43,86,31,70,92,84,49,43,89,86,72,89,30,47,32,43,45,98,30,81,36,38,57,75,64,67,72,54,45,71,95,72,34,51,37,82,74,63,80,69,79,94,64,52,78,80,68,66,34,62,41,93,65,71,68,79,39
44,85,45,33,98,88,63,63,53,62,58,75,95,42,75,70,89,54,96,66,92,86,69,70,95,37,51,32,39,76,89,68,73,38,50,69,86,84,32,98,67,49,73,64,92,78,92,94,85,75,71,80,44,58,45,80,44,58,38,82,40,96,92,65,71,73,46,60,57,32,98,81,38,88,77,30,57,52,84,40,41,53,90,94,67,64,74,95,75,91
57,37,45,93,56,66,45,87,84,95,41,83,38,77,97,52,94,41,89,48,72,54,89,63,98,74,32,52,71,78,85,93,59,31,39,87,75,75,69,85,41,60,62,45,88,42,59,80,51,66,83,33,77,73,95,48,79,64,95,94,49,65,35,85,75,59,62,43,62,50,95,80,33,57,70,87,98,97,65,72,36,77,61,55,31,98,72,69,65,92
68,50,30,95,73,73,96,98,66,32,60,78,90,92,87,40,88,78,77,64,76,48,83,59,34,82,92,53,30,81,38,33,44,63,91,93,94,36,45,72,59,56,41,61,37,30,92,49,46,60,44,94,96,79,38,87,54,96,95,33,44,39,49,59,44,72,58,86,52,92,54,66,94,58,87,36,63,69,37,57,85,76,84,77,37,96,37,61,65,43
48,80,73,38,91,93,45,41,75,65,56,32,40,45,67,96,89,81,54,54,63,60,34,86,62,71,52,90,91,39,52,54,56,40,61,89,52,97,76,68,51,61,53,41,67,59,69,30,53,90,34,35,43,66,94,46,75,37,87,88,45,39,47,94,98,83,84,69,77,72,86,86,70,91,97,78,47,91,75,98,33,61,70,51,89,60,58,82,64,40
95,67,90,42,43,84,68,62,74,65,30,37,80,65,82,57,31,64,31,91,56,33,76,64,43,69,59,50,38,72,68,77,91,85,96,66,96,81,96,48,88,34,40,71,62,51,94,97,64,34,98,73,51,73,68,82,85,72,59,85,45,55,58,42,82,70,64,83,37,51,64,86,96,78,34,95,72,84,75,41,80,38,91,94,65,52,81,65,89,81
52,62,66,79,80,74,50,51,51,77,42,96,62,83,32,78,60,97,93,80,98,91,39,46,55,50,72,89,88,85,65,73,47,97,74,82,64,41,35,77,88,44,77,97,47,90,81,82,31,64,71,79,85,69,47,93,41,85,96,88,46,40,97,46,68,37,38,65,37,62,43,48,66,97,69,47,71,69,85,96,65,74,76,48,80,45,95,78,86,35
70,72,65,66,38,46,42,51,69,69,55,90,54,66,97,34,69,47,30,93,65,42,39,94,71,69,31,97,54,97,33,76,34,39,56,70,94,47,66,78,30,96,82,67,65,89,72,43,97,37,88,87,34,63,87,64,96,67,38,91,31,77,81,42,38,53,97,46,82,59,94,91,30,54,40,50,69,63,86,30,75,59,42,85,31,96,85,96,75,53
58,59,59,37,94,76,43,84,52,37,46,34,36,66,77,94,46,50,47,90,86,92,35,41,86,69,89,42,80,61,81,88,38,33,86,61,32,78,80,68,45,93,86,97,52,93,88,35,92,32,34,54,72,47,69,43,88,94,53,40,81,81,55,86,76,39,33,97,66,65,32,80,47,86,68,65,52,44,91,63,98,83,37,82,93,59,52,67,88,46
30,69,62,74,61,61,37,66,85,73,38,53,59,64,45,31,59,74,75,80,84,94,40,87,82,32,74,48,33,90,31,66,94,43,92,45,77,44,44,38,61,45,98,37,53,98,74,71,71,30,60,77,42,71,79,78,56,61,40,42,57,65,69,72,65,62,64,74,93,65,38,38,93,89,40,63,93,69,77,98,70,67,97,68,52,88,50,47,51,75
76,51,77,73,70,89,62,38,43,56,91,95,74,86,37,33,75,75,64,86,37,86,95,60,71,78,91,52,31,46,76,69,93,43,43,51,67,70,93,48,55,91,35,70,64,32,71,82,47,33,32,65,65,39,70,80,96,96,67,62,46,54,61,48,73,63,94,37,95,57,30,63,47,55,30,35,75,56,49,98,35,97,83,40,78,49,58,50,90,53
54,83,32,40,84,86,40,46,97,78,89,61,95,44,72,30,54,55,31,49,87,39,82,33,30,86,56,68,66,33,83,84,38,97,73,58,74,52,46,73,88,61,95,67,86,44,45,53,71,83,73,91,64,95,79,48,50,56,65,58,56,94,64,91,36,80,59,67,81,50,91,94,37,85,45,48,97,35,44,61,90,62,92,53,32,41,71,65,73,40
33,43,89,40,44,62,78,35,82,67,90,87,36,76,43,71,90,55,65,78,91,39,74,54,47,75,47,98,76,48,88,50,83,41,78,62,34,70,66,57,80,41,42,40,88,63,43,61,78,39,39,79,78,42,43,93,50,60,79,50,50,74,84,41,31,40,58,64,57,67,52,97,43,77,61,54,65,88,35,65,66,90,51,32,86,38,64,74,69,72
31,53,49,91,98,50,92,46,36,74,97,48,51,63,46,90,59,32,35,43,47,53,76,56,31,31,74,73,66,35,66,31,56,45,31,53,44,60,55,43,62,84,73,59,92,48,95,48,94,45,38,94,91,87,36,62,55,69,63,66,62,66,63,65,60,75,91,70,71,87,85,80,56,92,91,37,85,58,96,77,43,71,58,93,58,69,66,88,44,30
31,81,42,77,71,42,40,80,47,96,35,47,56,68,43,67,72,42,88,75,57,78,36,57,51,86,85,33,78,89,55,33,66,98,51,81,90,35,31,96,37,49,76,96,73,80,31,40,77,77,70,52,82,88,70,53,93,48,45,64,83,92,91,40,72,82,45,33,55,90,55,34,65,70,91,49,96,69,62,58,90,68,97,58,49,33,66,83,56,60
47,38,38,91,65,90,46,71,79,47,67,93,40,82,98,31,63,63,79,53,42,43,56,96,94,67,48,38,37,34,96,63,49,67,90,96,72,71,91,43,86,92,65,36,66,54,57,51,78,71,72,44,85,94,64,45,61,85,88,70,88,74,33,84,90,47,80,36,82,76,87,89,86,55,85,56,43,56,52,97,57,56,72,71,70,88,76,47,55,76
74,89,49,41,85,60,87,95,30,54,87,81,70,47,52,36,43,62,48,32,92,44,48,83,50,70,37,86,30,37,69,82,91,89,31,82,63,42,55,42,90,31,61,58,81,58,36,42,59,98,71,85,34,32,86,33,70,59,82,30,64,79,90,88,72,30,96,34,44,92,48,56,71,40,43,94,92,97,40,39,79,48,94,37,52,80,59,98,75,65
89,41,83,35,79,62,55,33,83,90,69,64,95,58,89,30,45,51,83,52,83,88,91,77,58,60,43,31,71,35,33,64,62,89,66,67,86,62,60,36,48,31,82,44,90,65,60,48,79,90,40,68,88,98,53,53,52,47,37,62,76,38,59,65,94,52,39,59,44,71,55,49,53,97,81,74,30,49,68,38,67,89,32,88,50,93,39,42,63,96
53,95,83,54,72,58,94,40,68,38,92,94,51,63,98,59,88,81,70,69,97,31,60,41,37,93,54,59,53,35,61,67,70,76,39,49,81,51,81,91,91,57,85,56,30,55,61,78,80,55,96,98,33,80,47,39,33,36,35,55,98,44,61,97,44,66,86,41,92,66,56,35,81,77,59,80,31,63,80,46,51,42,34,92,42,79,91,98,37,59
97,76,63,52,89,79,72,60,81,75,66,44,38,94,85,41,54,35,56,57,86,30,48,44,60,79,41,55,47,65,89,53,96,62,67,89,84,89,40,66,59,45,33,64,55,39,51,92,56,95,40,33,67,32,48,55,54,62,40,90,34,33,39,47,88,58,31,31,34,70,82,44,53,31,64,96,67,92,68,32,34,54,53,79,95,32,96,50,63,49
34,94,54,64,61,75,91,85,42,70,73,31,47,37,45,98,78,58,76,44,89,41,41,91,96,66,94,73,67,81,84,45,43,87,43,91,30,81,32,88,77,94,77,67,34,52,73,91,30,59,97,46,78,68,32,88,80,49,37,76,81,66,72,94,35,75,59,36,85,77,57,95,75,91,35,31,58,92,43,94,32,46,57,35,78,89,57,63,43,54
97,37,90,79,46,79,58,86,52,32,95,47,98,76,56,61,48,36,49,54,77,76,86,72,33,84,58,59,52,82,88,56,57,55,71,58,85,47,96,66,69,75,74,79,47,76,35,31,81,88,43,67,54,66,76,68,83,89,85,36,79,32,85,31,51,62,77,59,58,82,52,58,57,54,59,50,89,54,67,55,71,63,85,77,63,66,41,60,52,74
74,71,75,32,70,98,34,85,62,98,68,41,36,47,47,36,64,31,36,84,53,66,53,49,79,33,44,91,42,47,64,36,69,89,58,60,67,88,80,92,51,71,82,40,67,82,92,65,61,98,44,66,42,85,78,57,33,57,91,80,74,88,81,85,87,54,39,43,72,86,80,36,71,97,70,70,33,70,80,39,78,33,32,68,82,91,63,78,67,48
92,78,36,42,71,60,49,56,36,37,61,45,84,76,81,79,43,63,80,63,36,62,56,83,85,84,40,69,91,74,93,98,34,52,64,89,63,35,80,90,48,54,34,95,88,66,91,69,31,52,81,60,39,80,75,80,47,58,52,91,33,53,73,37,62,37,69,87,44,64,58,86,85,96,74,87,52,50,89,85,45,55,62,62,54,32,32,49,93,40
31,37,98,68,87,52,31,62,64,55,41,49,67,80,96,43,61,33,56,87,37,33,54,52,54,87,74,97,84,84,40,39,38,46,67,41,40,36,65,66,80,62,96,96,54,84,74,89,58,94,48,51,73,61,59,78,80,48,86,32,66,30,39,94,84,41,52,34,86,50,53,59,92,74,86,50,81,52,98,83,73,78,63,43,89,50,58,93,64,30
75,50,59,32,35,69,73,98,34,68,47,61,90,86,37,48,45,48,90,96,55,70,34,46,38,47,51,54,56,69,46,64,93,59,74,77,72,92,71,45,48,54,88,92,55,80,88,36,67,93,51,75,63,45,36,54,84,97,61,96,47,71,68,95,33,71,77,83,30,48,45,68,81,67,69,51,36,61,52,73,87,59,68,35,53,49,66,88,90,94
72,53,83,48,35,90,34,96,64,94,73,86,74,90,54,88,42,31,76,74,35,66,60,93,40,49,48,78,98,47,82,98,42,70,35,85,70,30,46,98,87,66,55,67,48,32,91,82,31,58,32,47,67,75,94,93,95,73,33,35,38,33,50,66,79,34,96,61,62,48,66,76,33,79,43,32,84,43,60,42,42,79,93,49,77,62,50,43,34,93
77,81,76,44,34,35,50,59,98,46,66,50,87,31,95,66,31,69,37,98,92,49,95,67,87,56,37,95,39,79,47,65,58,90,88,88,85,54,77,58,67,86,96,33,84,94,51,89,48,64,88,49,73,63,72,95,34,89,85,42,75,82,31,71,91,56,57,30,61,66,57,89,56,47,34,77,61,44,62,75,98,76,85,93,64,96,54,33,44,66
72,97,55,60,48,95,35,78,91,76,35,77,56,79,88,42,62,80,66,68,87,97,63,34,34,43,98,37,86,90,96,74,56,49,66,62,62,74,56,70,78,77,37,31,97,36,88,84,40,38,81,41,55,93,72,44,35,43,46,52,64,40,95,69,64,51,88,64,97,63,88,76,33,59,80,54,81,80,39,54,33,60,75,32,55,44,89,39,78,94
76,81,31,56,59,45,76,39,60,55,64,50,75,61,53,44,92,49,95,97,59,31,43,95,91,41,79,68,60,30,50,78,66,62,57,93,62,53,95,56,82,48,70,87,72,34,75,61,57,39,74,38,67,46,81,54,52,94,78,98,67,91,67,88,55,62,94,76,84,64,88,66,65,43,31,96,90,98,43,43,37,74,89,60,98,34,68,83,49,84
76,73,36,87,94,30,33,89,56,67,35,70,92,92,78,42,55,58,39,71,67,36,86,43,74,82,36,60,44,40,56,84,38,61,76,70,66,41,94,76,54,61,55,91,83,48,45,44,75,63,90,48,77,53,79,62,67,36,62,34,41,35,76,39,50,58,94,86,51,42,32,91,92,52,49,61,91,78,73,45,94,60,97,95,86,51,73,51,98,58
84,53,81,63,72,63,87,44,43,38,38,85,97,89,97,74,60,84,70,62,92,94,52,35,41,36,85,98,36,86,54,66,60,91,52,63,61,60,60,48,79,66,78,47,75,53,81,45,94,89,36,86,85,72,51,96,77,46,86,33,94,71,50,78,74,78,44,46,48,82,64,62,79,47,47,83,60,54,30,66,38,38,62,55,45,38,58,50,46,72
95,76,38,35,60,69,60,30,66,66,64,64,46,51,59,41,93,39,40,41,96,68,72,71,83,39,91,36,81,87,57,87,31,96,35,65,78,70,89,30,86,82,69,60,65,63,71,61,98,39,96,63,90,35,46,73,87,78,52,62,76,74,43,33,71,55,65,75,74,85,66,33,59,48,79,75,67,80,60,49,56,63,54,98,86,41,69,53,84,51
81,32,37,37,30,64,94,83,67,89,88,92,96,30,30,79,53,90,32,80,81,31,63,77,97,84,56,35,38,30,95,41,79,71,86,31,72,54,78,68,62,49,46,78,93,85,53,69,78,51,61,62,83,35,33,43,57,30,98,51,32,64,64,91,65,91,70,66,92,55,58,39,35,89,91,72,84,74,97,89,65,50,93,84,90,39,92,41,64,44
34,96,35,34,66,36,83,30,48,93,47,56,39,74,39,79,97,49,53,34,53,79,61,93,94,48,98,44,63,48,73,53,56,31,34,86,30,91,47,47,85,69,75,75,50,85,86,35,33,51,57,92,48,42,37,49,93,95,31,73,87,95,98,63,87,83,92,77,81,36,57,59,64,37,32,49,36,93,89,65,35,81,32,59,60,80,53,98,51,82
38,56,39,71,97,37,86,39,67,67,54,68,30,46,49,87,48,48,53,83,85,83,51,71,95,30,32,96,59,96,43,51,49,56,49,88,63,58,45,30,48,74,68,89,79,43,89,39,39,69,72,61,75,57,66,66,96,76,75,35,31,49,75,73,34,95,80,68,30,81,44,59,32,41,75,63,60,75,32,52,34,92,65,61,96,57,33,93,52,53
54,30,68,46,32,41,44,70,71,41,69,37,39,34,96,44,78,94,76,83,45,32,42,95,45,39,77,62,86,71,38,61,57,30,69,40,86,87,60,97,71,52,40,89,32,75,73,54,96,33,45,92,67,34,58,86,64,67,62,90,76,66,66,85,62,48,68,55,42,65,96,39,33,62,41,75,60,95,79,35,42,48,77,92,39,50,65,69,92,55
59,31,43,54,57,32,84,74,49,45,85,33,61,32,31,74,30,57,50,68,59,54,39,74,96,43,80,86,41,72,51,73,76,54,30,44,52,60,48,60,31,39,52,72,50,91,65,78,31,89,41,42,60,37,70,62,70,67,94,34,80,80,89,68,63,86,84,38,37,55,84,64,68,60,54,73,91,55,46,67,88,73,38,33,39,36,80,44,45,32
79,34,72,68,62,47,75,92,74,92,79,84,75,42,59,57,79,32,44,79,33,84,39,60,49,84,52,53,86,65,40,59,39,88,46,63,83,80,73,55,55,48,72,50,61,70,90,33,54,30,37,89,62,95,53,98,36,73,93,95,59,64,83,89,63,95,75,78,93,41,45,37,82,74,61,42,39,66,85,97,51,78,46,43,41,52,66,78,67,91
71,95,50,64,57,71,37,45,98,87,46,48,73,55,65,87,98,40,90,94,30,39,45,42,35,77,54,60,50,46,64,44,75,50,69,65,92,35,52,40,45,68,82,79,87,68,34,53,43,84,63,59,57,89,97,34,40,40,69,56,79,94,37,54,81,33,77,81,72,42,77,56,72,74,79,40,40,80,33,97,73,63,44,86,42,90,45,87,98,46
43,72,45,63,48,63,69,50,92,46,77,66,87,59,56,93,89,68,62,57,88,80,30,91,80,70,88,95,31,65,46,98,97,32,75,87,42,40,62,92,52,52,84,33,70,36,78,96,42,81,51,84,36,75,66,47,98,50,52,85,58,51,40,76,83,71,77,30,57,83,61,53,62,52,52,41,85,35,85,77,80,68,53,47,30,80,61,74,59,90
60,59,46,67,97,79,56,31,43,45,60,57,71,75,84,94,65,72,92,91,97,36,45,58,46,94,56,51,75,91,81,33,81,54,52,95,88,42,40,44,75,33,68,86,66,49,39,79,64,86,90,94,46,62,41,64,45,42,54,58,89,81,47,83,79,94,31,90,40,85,90,83,53,92,91,42,94,72,67,49,86,60,91,34,83,68,40,62,80,80
48,36,45,36,97,56,72,33,54,75,43,34,70,37,70,97,87,56,89,69,90,48,97,68,79,52,36,78,39,87,42,54,38,61,40,47,83,36,68,32,36,87,33,94,97,48,66,75,48,38,98,82,65,42,80,79,31,71,90,93,39,62,57,57,90,69,48,71,68,70,51,92,70,50,43,45,37,58,43,47,81,44,91,94,84,45,60,95,72,72
65,53,76,39,57,78,69,39,35,89,32,55,56,72,55,52,65,48,91,33,92,61,60,31,97,38,70,34,63,41,48,94,88,60,78,97,85,45,95,50,66,85,57,41,95,35,54,92,41,34,97,55,40,82,93,65,63,72,63,97,51,68,36,98,69,36,55,54,48,49,32,42,83,76,32,74,66,67,78,55,84,54,75,91,62,76,56,89,68,87
73,92,44,60,56,33,94,33,97,65,62,90,35,41,44,85,63,95,35,52,94,31,46,63,32,64,74,71,62,74,97,78,92,78,54,45,75,64,65,57,32,42,58,96,76,91,83,68,78,86,50,45,35,56,44,91,38,74,58,70,35,56,94,53,48,32,31,48,58,72,59,44,56,80,93,35,80,32,79,80,80,73,55,76,83,57,95,32,70,98
48,33,30,87,52,84,83,90,31,78,44,73,39,98,95,70,72,70,95,37,70,52,43,45,55,98,32,88,63,45,72,64,81,38,54,88,76,60,47,44,32,38,61,39,47,93,54,81,66,78,34,59,53,97,66,49,80,47,75,75,75,86,98,54,75,49,48,81,87,36,74,31,47,46,69,52,94,33,73,30,66,36,44,57,65,78,72,66,95,64
60,62,31,83,36,85,64,37,77,92,89,62,30,79,54,58,53,83,42,39,58,73,74,65,39,94,56,73,70,42,42,72,90,83,70,47,32,93,68,89,67,71,56,82,56,62,36,70,43,36,49,64,88,82,58,58,60,88,67,52,37,51,35,81,71,35,75,44,80,70,42,54,86,89,30,51,57,50,53,42,51,78,49,62,69,57,65,62,39,90
76,34,41,33,48,35,47,76,38,67,49,53,63,40,87,62,68,98,45,80,52,44,79,42,43,56,93,86,38,53,61,86,73,98,73,77,81,41,52,74,83,40,34,51,94,34,68,92,36,40,68,42,81,58,85,84,49,46,87,77,94,71,69,77,95,31,65,45,58,87,53,90,89,87,65,68,73,47,78,66,51,88,80,42,39,30,36,86,55,67
31,36,45,67,74,95,70,98,71,78,59,76,89,33,86,96,39,66,94,96,92,45,64,65,30,51,31,61,55,97,96,50,67,34,43,92,36,85,74,77,43,77,43,40,64,94,78,48,88,98,91,63,88,39,81,40,52,93,37,55,44,47,74,75,97,95,51,97,54,32,40,47,50,98,67,92,50,71,71,31,91,93,53,38,56,84,35,52,88,75
66,75,85,72,76,31,51,43,43,71,80,37,75,54,78,89,87,59,35,85,32,92,89,38,88,95,96,62,70,64,80,68,33,77,50,84,40,95,78,41,51,82,44,58,80,39,56,97,71,64,57,69,92,80,51,53,79,93,81,74,98,32,85,75,60,73,47,74,85,87,43,50,93,84,51,82,91,53,86,90,70,74,80,59,92,98,66,65,44,70
68,73,73,92,86,37,74,60,80,54,38,50,60,64,90,48,70,38,72,81,84,35,43,72,97,63,50,73,66,93,85,61,88,70,88,60,58,32,73,67,43,75,89,56,40,84,53,93,77,62,67,49,52,69,97,86,66,59,35,42,73,87,67,70,51,61,55,68,73,94,98,85,88,82,70,39,42,36,31,51,39,51,76,76,92,62,87,95,90,70
44,56,34,35,51,80,68,64,48,67,72,45,42,59,96,75,32,51,63,30,98,70,76,79,85,43,37,91,70,32,75,32,68,86,79,98,84,86,63,44,37,96,89,52,35,47,62,43,48,88,94,41,82,92,38,63,33,43,44,51,51,37,32,88,55,44,39,34,44,52,96,81,82,96,41,35,87,60,42,34,68,30,35,48,64,81,78,56,65,69
37,37,88,96,93,92,36,76,77,64,52,71,47,78,41,87,43,89,41,91,73,67,98,51,33,38,54,89,94,50,89,54,53,62,92,91,72,95,44,84,70,37,64,83,36,89,47,98,97,36,69,45,93,93,40,69,87,90,60,68,97,98,58,72,40,82,92,83,51,65,98,78,71,70,30,82,78,91,44,94,96,30,32,45,93,66,82,94,38,68
42,61,64,48,38,76,91,60,56,72,66,67,54,94,34,77,33,38,72,98,71,89,69,83,74,38,69,64,67,95,35,60,41,84,72,90,43,45,75,71,38,98,50,86,48,45,55,58,56,87,82,56,40,47,80,54,69,97,69,57,74,51,97,68,59,68,74,51,82,93,73,61,86,66,90,81,45,55,32,44,66,83,31,38,52,86,33,41,65,90
34,58,72,85,31,55,47,41,49,35,47,82,55,67,96,67,43,70,30,94,46,78,92,65,80,48,77,61,77,43,97,64,58,43,89,93,55,87,72,70,69,63,38,89,86,50,40,43,84,36,63,60,70,55,38,85,82,75,45,92,56,85,32,41,35,94,55,96,39,98,86,47,89,48,90,32,40,77,30,85,31,89,95,50,57,42,83,78,56,81
79,89,44,89,33,87,95,95,71,77,93,47,44,65,31,41,96,81,90,35,49,93,83,74,58,56,43,33,36,78,43,77,66,40,56,71,68,36,38,86,58,49,32,39,72,69,73,34,84,68,38,62,88,82,79,61,83,92,52,41,65,32,32,72,43,57,56,85,80,74,38,33,88,31,64,64,37,36,64,58,49,61,88,93,37,61,69,63,38,48
63,45,55,36,98,35,34,33,65,35,54,33,35,56,51,35,64,67,49,92,96,83,88,97,55,55,92,91,85,40,61,67,47,94,88,77,36,84,44,35,84,65,34,44,43,59,54,32,85,42,91,88,62,41,86,53,38,63,86,75,82,52,93,82,45,45,92,44,61,40,61,31,38,61,58,31,55,58,66,70,38,97,31,74,51,79,87,71,49,76
76,79,40,58,48,43,76,66,62,76,49,72,57,54,84,76,93,85,69,59,48,62,88,64,88,91,49,69,43,93,95,84,51,48,45,39,80,38,69,86,86,72,40,45,67,44,77,75,91,73,52,76,51,55,50,54,43,83,55,82,67,34,46,65,86,61,45,46,93,57,94,37,35,52,37,41,53,69,82,86,78,37,33,83,32,51,70,69,42,73
84,48,48,50,63,61,86,43,30,63,41,63,69,62,33,42,91,72,81,31,84,93,63,58,49,79,97,66,47,31,80,67,48,45,58,61,52,59,37,39,30,79,94,82,41,33,76,32,49,93,65,31,95,57,67,55,98,79,37,54,93,44,42,94,61,30,91,52,82,46,71,56,76,42,61,94,82,90,60,45,43,32,78,37,77,41,98,57,73,38
75,86,87,91,41,39,61,77,73,48,57,37,68,62,60,43,69,86,56,39,51,54,55,43,60,87,51,69,49,77,56,53,41,84,91,98,88,60,38,35,59,46,89,76,87,36,97,71,98,49,34,46,95,64,52,52,39,44,67,56,44,44,46,66,68,69,75,81,41,71,31,92,42,93,77,67,39,75,60,83,89,89,42,37,82,96,92,66,32,76
79,37,82,91,82,68,78,55,52,31,54,30,30,75,91,97,78,72,86,92,43,62,95,59,57,90,73,75,37,43,72,31,36,81,76,72,85,83,32,55,45,73,46,43,42,36,97,37,82,69,53,54,82,37,30,33,87,68,92,96,87,75,92,41,85,82,37,85,49,76,73,65,48,70,44,70,91,75,59,89,58,48,88,78,66,37,46,67,51,88
32,72,62,80,57,38,68,83,98,70,81,40,63,83,44,78,32,45,60,72,57,34,75,56,52,72,51,73,32,72,66,66,71,64,98,68,39,68,51,71,67,47,79,92,90,75,77,58,54,48,33,96,69,60,36,38,33,56,78,78,52,86,45,65,94,44,43,58,68,44,79,92,97,51,77,39,80,69,53,65,87,63,84,83,91,85,40,75,37,55
55,30,33,39,48,74,64,55,75,63,62,42,33,35,40,69,75,73,84,32,80,66,52,54,80,73,34,61,32,36,74,67,79,45,87,63,44,51,77,35,55,35,78,61,88,97,89,41,75,63,47,77,45,79,64,40,76,44,65,41,37,31,56,39,42,44,64,31,80,65,67,71,63,76,55,53,80,74,37,75,92,95,93,82,98,86,60,83,36,46
79,67,63,63,51,87,66,38,64,95,49,51,90,33,76,34,92,45,50,75,31,64,38,36,86,90,85,50,34,73,94,63,65,31,45,54,69,90,74,66,53,51,42,92,81,60,87,80,39,44,74,83,83,73,65,60,40,51,87,63,78,81,85,70,82,32,38,38,45,55,80,44,81,83,41,96,94,55,62,61,62,76,55,44,88,84,68,61,85,74
32,69,93,68,80,57,94,70,58,81,67,79,50,39,42,77,87,75,97,87,89,45,66,52,81,59,93,37,93,42,97,84,87,56,43,65,69,73,77,94,63,76,52,94,64,73,65,66,43,50,52,71,30,44,50,98,98,69,40,38,85,73,42,60,77,30,97,53,86,66,89,85,32,77,66,62,98,61,77,67,32,84,42,40,71,74,34,58,55,40
86,95,40,80,43,39,61,94,71,38,57,86,84,92,63,62,63,91,42,77,73,94,81,91,84,48,73,51,35,90,45,89,71,75,85,89,50,43,53,30,58,80,53,88,94,70,94,67,53,57,89,96,47,68,75,40,38,76,76,58,74,69,37,70,43,40,78,95,90,37,54,83,72,41,39,90,97,43,48,79,86,51,85,40,34,92,34,84,54,38
67,32,42,38,89,79,38,54,96,77,87,90,61,71,96,80,95,85,42,51,47,82,71,97,49,93,90,39,88,70,37,96,51,97,33,39,60,35,58,45,83,45,62,59,85,71,71,97,93,53,50,81,81,40,64,62,88,97,30,84,68,85,53,90,77,83,35,94,51,39,66,85,62,58,69,75,96,36,76,31,57,50,77,45,65,66,55,48,96,35
78,75,59,34,91,43,30,65,46,84,51,49,59,61,87,97,92,86,36,32,53,36,90,88,93,86,80,98,76,38,95,79,54,34,70,98,76,92,63,64,59,70,94,55,62,34,56,98,79,92,37,87,61,80,66,59,85,48,61,76,56,53,42,77,54,62,62,78,45,34,84,40,47,65,90,43,52,84,59,98,40,90,40,35,77,91,32,69,72,42
58,97,36,60,50,98,82,51,36,94,89,32,95,75,64,60,67,73,95,33,50,96,86,97,69,87,86,46,35,36,94,45,84,64,87,67,61,57,56,59,51,68,30,76,57,89,48,89,58,83,37,52,42,36,82,69,37,47,85,67,35,46,98,77,75,64,85,71,71,68,52,39,84,42,41,42,32,58,58,77,59,49,64,68,81,83,68,63,61,41
93,43,85,57,54,95,87,70,54,38,97,41,60,53,34,47,42,55,55,42,94,74,74,73,98,91,57,70,88,51,38,37,80,70,88,72,65,57,88,82,59,53,95,73,84,43,75,96,86,37,65,30,78,37,49,56,78,37,52,52,62,36,56,75,79,91,82,50,81,70,49,32,93,84,72,79,97,94,45,64,87,71,42,33,67,44,35,86,68,98
30,55,54,38,49,74,79,45,57,77,52,85,92,98,48,46,41,42,43,91,46,44,54,59,38,40,82,52,90,52,61,71,71,70,66,71,97,74,65,58,63,56,42,93,66,47,51,83,35,91,81,86,61,77,45,62,50,41,35,92,56,81,39,92,69,74,63,60,61,62,57,34,52,59,96,90,81,83,42,95,85,80,36,72,94,33,86,43,84,52
52,43,69,91,81,94,70,83,65,42,54,69,86,39,92,87,90,36,87,70,88,49,67,71,57,94,34,53,45,91,95,55,80,80,48,40,97,38,65,70,50,70,80,83,81,32,48,40,86,87,81,39,72,75,91,76,89,72,77,46,74,34,62,39,39,53,66,78,56,43,41,96,51,85,75,39,44,81,78,31,56,92,32,72,81,93,41,72,49,80
34,35,57,45,84,83,32,75,69,56,30,52,68,30,47,40,43,54,98,53,94,92,65,33,87,73,74,45,93,76,69,68,59,69,57,89,41,88,84,50,86,85,96,89,84,43,43,91,61,90,80,35,63,78,98,50,56,47,90,38,90,49,38,46,86,90,95,39,52,65,37,52,55,86,92,94,98,49,91,42,34,67,58,32,30,73,38,36,47,39
38,54,37,92,68,39,42,84,49,87,53,91,44,91,83,72,81,81,54,64,84,57,77,87,89,52,46,38,44,36,53,68,97,31,66,45,98,52,68,81,66,40,74,80,60,48,84,76,57,64,34,61,51,35,73,33,30,58,48,88,74,33,47,51,46,46,64,45,73,47,52,70,71,37,59,78,35,52,89,52,64,35,63,85,81,71,56,55,51,58
37,35,56,97,70,39,74,84,33,76,92,52,55,31,93,70,78,82,98,63,43,67,49,80,89,53,61,63,59,83,83,40,31,39,50,54,68,77,75,33,49,37,77,74,39,31,31,68,91,48,73,66,49,50,80,77,96,44,58,51,63,93,42,52,78,55,89,33,54,33,44,84,51,45,93,66,91,94,70,30,47,74,48,64,44,34,56,46,96,81
55,58,45,37,40,61,38,59,39,60,59,64,54,65,59,74,78,38,61,32,92,31,61,80,91,37,39,53,39,53,41,95,37,88,96,85,32,69,35,69,40,90,84,54,87,73,75,59,68,98,96,77,72,40,84,42,58,59,89,32,74,57,92,39,88,39,86,94,62,77,87,87,95,45,86,47,77,94,92,31,78,71,88,35,98,56,72,48,49,70
72,66,86,88,77,87,43,43,38,33,88,44,66,62,54,85,81,33,32,69,48,73,50,53,30,86,53,68,59,98,33,85,87,46,68,65,91,95,54,78,82,38,40,98,85,55,76,81,98,96,43,48,38,57,58,78,35,76,94,84,98,62,91,79,79,59,93,49,31,65,39,59,63,61,60,90,98,36,67,92,79,85,97,35,81,63,67,38,50,49
64,35,30,79,68,34,77,81,69,85,63,37,32,53,61,81,53,85,86,37,35,98,48,41,77,73,34,41,37,67,67,34,94,73,54,30,88,78,76,74,85,56,32,47,81,86,82,85,74,69,36,75,94,47,38,76,50,71,51,67,84,38,44,85,59,77,36,44,58,97,49,74,75,40,49,33,32,57,69,35,64,96,45,61,46,86,82,52,54,73
98,49,86,42,81,64,63,85,67,63,59,40,41,36,46,97,61,90,84,92,86,84,58,93,40,72,84,80,56,42,76,44,41,84,43,61,70,64,82,53,31,69,32,69,94,96,85,37,32,72,30,33,98,47,37,95,60,53,50,46,43,54,67,87,62,52,86,67,60,72,69,96,75,42,63,73,77,62,70,52,65,88,47,61,97,47,94,39,51,97
86,44,73,35,85,97,82,40,44,87,64,41,49,74,76,76,69,55,88,77,74,88,71,70,62,67,67,73,91,85,94,80,85,53,42,51,89,46,45,36,83,81,41,94,37,41,39,68,84,49,44,77,69,31,56,57,50,38,88,37,65,87,78,62,57,82,95,51,87,84,37,68,65,79,90,69,37,85,75,67,31,44,47,44,44,70,87,85,98,67
48,88,70,82,54,80,77,31,90,66,66,47,39,62,98,34,48,49,59,61,70,82,53,97,66,41,89,53,40,84,61,76,46,44,56,89,39,70,70,43,43,38,31,53,68,45,91,45,73,59,73,36,93,89,71,84,65,41,72,63,77,90,36,95,60,42,39,50,35,74,59,52,61,56,53,72,59,37,78,79,91,32,57,35,45,36,64,85,43,52
69,67,36,57,64,37,94,89,89,43,47,71,44,33,69,73,46,95,80,90,68,52,31,61,44,32,58,70,47,30,44,62,68,33,87,93,94,90,34,52,92,73,53,43,98,70,86,81,89,88,70,86,84,57,55,74,45,37,82,60,76,88,67,87,98,71,98,55,72,48,40,95,93,67,67,59,56,56,48,95,59,66,71,59,75,87,37,65,84,66
53,58,51,40,42,48,66,38,76,73,77,76,93,33,60,76,44,74,73,78,56,70,66,97,63,93,93,40,45,49,72,51,54,64,73,68,58,65,75,70,97,65,59,45,39,32,56,42,57,52,77,31,79,43,98,30,94,43,41,39,69,74,32,30,51,54,30,68,47,38,88,44,88,95,84,90,38,41,43,90,48,65,75,30,68,93,76,58,65,48
46,92,45,97,77,52,50,97,88,85,68,42,73,36,47,62,40,91,51,41,70,85,96,34,32,73,45,53,41,97,61,80,43,70,91,75,72,64,87,98,47,63,48,57,77,62,68,61,62,59,97,72,94,42,66,60,33,59,75,47,61,30,87,72,46,55,72,72,31,83,61,75,51,69,82,91,80,35,70,45,45,32,64,80,85,34,81,87,48,75
71,71,50,89,83,58,53,69,66,61,32,34,76,72,71,74,90,45,76,30,79,60,50,31,81,50,45,88,45,74,70,88,54,74,35,62,97,39,67,69,80,61,77,86,62,66,48,62,39,40,78,69,54,96,52,47,63,54,72,81,60,94,51,49,79,84,92,82,92,95,81,70,81,56,49,52,48,75,56,40,48,98,59,77,56,92,93,58,59,50
41,71,72,37,39,43,51,75,58,55,78,51,30,64,32,93,57,37,85,86,51,53,67,31,84,76,38,78,76,36,68,52,56,69,38,83,75,49,30,36,51,76,39,43,53,51,41,76,54,54,70,56,73,72,37,52,42,83,53,89,96,36,37,56,59,70,66,50,85,58,91,97,39,55,92,93,43,97,31,80,40,68,73,77,96,67,54,45,35,33
41,60,30,49,86,55,89,80,83,76,68,56,30,77,66,60,65,54,52,97,30,62,32,60,69,34,65,68,36,93,50,70,81,81,92,93,94,65,88,41,68,64,43,72,62,69,96,38,33,62,30,36,31,98,40,35,32,77,81,77,43,72,51,60,93,97,56,64,52,79,49,79,77,51,93,63,76,43,92,73,66,64,57,85,90,67,42,48,58,38
51,59,89,38,94,63,39,40,65,31,69,78,59,89,58,74,79,66,42,36,53,66,32,41,54,46,80,77,92,35,49,49,58,66,52,78,81,50,83,45,55,38,73,33,41,48,76,67,49,62,93,46,48,83,74,72,93,80,76,77,48,43,39,52,39,86,59,91,68,57,80,82,97,30,32,49,74,34,36,95,49,83,30,45,31,57,75,56,78,41
83,57,88,79,58,85,89,69,56,85,88,75,59,89,90,71,85,61,87,87,87,44,88,83,45,37,51,60,63,42,87,74,67,45,35,91,50,46,45,69,68,40,30,69,46,74,94,57,55,65,66,75,86,49,83,49,62,31,74,74,84,52,37,79,51,64,79,82,71,50,58,58,38,49,80,60,40,87,46,85,64,82,65,79,66,36,81,78,79,67
46,70,33,80,65,80,55,71,58,97,88,56,39,31,39,35,51,68,72,39,85,79,49,71,50,98,82,82,52,58,63,93,35,56,48,90,32,91,73,73,39,59,93,61,72,35,64,84,70,80,47,75,84,31,42,62,43,76,96,42,44,51,44,86,72,89,98,67,30,64,92,35,82,60,89,93,83,42,43,90,71,98,46,78,34,85,70,85,94,33
95,40,45,97,66,89,71,47,37,49,86,72,86,40,70,69,40,38,43,40,94,86,80,95,73,34,59,48,69,90,85,88,79,38,63,38,46,64,37,43,49,67,64,86,76,51,77,56,71,48,81,55,33,73,66,76,63,61,76,92,95,98,39,91,41,90,74,81,92,69,45,44,58,91,38,85,72,36,72,31,79,57,58,68,45,42,97,52,41,90
42,84,66,60,50,46,79,97,40,72,31,42,57,91,73,38,62,37,84,79,85,41,56,79,45,74,81,36,35,45,45,84,62,36,97,39,79,97,82,78,94,69,71,86,64,93,83,33,35,58,31,67,78,94,56,51,98,38,96,93,94,93,87,94,53,67,85,34,39,92,33,75,46,82,49,73,76,59,95,78,62,44,71,78,82,77,54,65,43,53
71,89,87,37,71,90,81,32,70,88,68,58,90,92,37,96,73,97,53,44,62,37,97,42,73,78,68,65,44,95,86,61,59,45,83,67,90,58,45,55,49,73,85,82,61,79,53,73,49,61,55,78,72,65,79,55,84,47,46,39,30,88,67,92,64,71,61,66,36,40,50,86,89,45,45,73,34,77,50,38,75,52,67,69,37,94,85,93,32,86
45,39,56,38,76,72,80,78,31,49,82,51,42,71,87,40,76,96,38,30,78,63,87,96,49,70,42,43,76,52,41,52,62,86,44,39,66,76,43,65,44,75,97,43,96,87,60,58,96,52,62,77,54,32,40,93,33,84,90,79,33,30,62,85,90,92,83,35,47,88,44,57,61,98,80,48,96,96,45,65,98,98,81,66,68,68,49,55,32,94
36,50,54,31,64,93,51,58,90,63,70,92,50,76,52,66,35,58,66,50,61,37,98,42,58,70,59,84,52,42,61,95,30,88,35,58,47,44,41,40,66,57,71,78,32,90,43,71,88,85,80,44,82,93,55,43,32,47,55,82,93,34,42,87,32,44,94,39,90,43,32,78,54,78,45,31,43,37,79,48,66,84,74,31,71,31,62,66,70,94
85,87,90,73,40,87,38,69,55,92,67,79,31,63,35,54,92,68,58,44,91,68,94,92,91,73,89,90,91,82,41,64,58,80,64,41,93,71,77,69,58,57,33,44,56,64,45,78,93,32,91,79,72,57,98,40,37,85,82,46,33,54,89,95,80,34,84,46,39,44,34,45,84,36,86,58,47,50,33,50,54,45,68,67,35,36,74,60,71,48
82,94,65,61,39,47,57,80,84,57,37,86,62,55,85,78,89,43,62,75,30,77,67,94,37,69,51,84,86,55,56,38,66,62,54,83,31,70,34,93,54,30,88,97,51,69,51,60,64,59,78,42,91,61,94,97,79,86,49,97,42,81,84,35,36,71,62,33,97,65,80,50,55,81,94,90,97,53,90,60,61,61,97,83,35,35,40,45,36,95
92,73,47,44,30,92,90,58,53,46,35,49,37,30,90,68,93,44,66,92,92,76,71,73,51,53,92,68,72,40,45,66,96,82,89,87,70,61,50,53,79,66,71,61,35,41,92,97,46,40,34,74,64,98,58,94,30,67,54,66,90,50,37,84,57,84,62,95,59,56,96,65,90,65,90,39,69,72,49,68,49,73,35,78,55,40,50,78,50,48
38,81,71,67,92,65,56,71,30,80,48,97,67,44,60,31,82,33,89,97,32,50,30,51,67,56,40,72,81,86,89,93,93,38,59,93,48,83,92,68,63,76,82,83,94,66,37,88,74,68,86,70,92,95,34,61,33,60,70,97,38,97,63,98,56,89,58,81,56,98,61,90,34,34,61,51,97,79,58,38,69,78,64,54,51,60,37,94,32,91
76,51,97,33,63,66,49,42,97,89,36,66,56,83,92,54,67,66,70,70,82,72,72,97,62,65,98,43,92,83,46,62,45,50,84,95,72,57,76,42,77,96,33,54,32,54,66,79,45,98,64,91,35,51,73,76,31,74,89,30,56,44,70,42,33,64,71,81,75,71,86,91,45,55,73,55,58,60,69,38,61,80,94,66,69,58,32,85,91,71
78,34,90,81,51,34,54,75,85,98,47,58,51,75,70,84,32,38,77,80,49,72,70,44,95,57,94,39,42,93,48,60,79,68,72,30,92,39,30,40,81,57,56,73,87,52,93,48,82,74,78,31,78,58,59,91,77,72,64,65,86,30,64,79,83,86,87,75,62,61,56,64,93,62,47,58,48,35,39,45,30,40,85,67,62,71,45,39,78,58
60,88,65,78,93,69,59,80,57,84,45,61,65,33,60,42,40,30,40,55,97,77,94,98,47,33,60,32,90,75,93,95,95,82,37,54,64,32,65,78,88,38,41,94,49,39,48,45,58,74,42,67,38,76,36,48,84,72,61,78,67,69,52,68,78,55,37,63,47,58,34,93,83,44,85,54,92,39,98,77,98,80,38,84,60,49,70,41,91,39
69,79,64,72,32,36,39,32,34,37,92,71,80,74,56,46,32,88,30,51,96,93,71,61,59,45,44,96,60,48,93,41,97,89,68,90,83,94,43,65,94,63,63,66,94,71,68,68,54,82,64,67,91,50,83,52,43,68,78,95,44,42,37,77,46,63,63,32,85,84,81,65,67,40,82,59,51,55,54,30,53,41,69,57,39,40,31,70,33,57
85,45,86,74,46,39,60,90,37,98,90,40,66,48,98,96,71,64,34,53,97,89,56,32,98,70,67,54,57,52,70,48,70,76,65,86,88,74,44,82,45,32,93,97,46,91,73,75,53,72,95,52,43,57,69,42,60,50,47,66,60,84,73,51,68,54,38,94,79,48,94,55,43,31,72,59,88,75,78,70,90,36,43,86,35,98,70,49,77,32
34,75,70,65,41,79,90,70,68,95,98,49,85,88,87,53,57,31,90,34,85,89,53,75,33,78,73,92,32,43,40,95,52,51,97,36,32,91,65,47,32,55,65,96,65,71,43,45,63,82,30,65,77,98,49,53,53,90,96,39,62,82,90,53,75,91,60,79,35,90,57,84,50,52,93,65,30,92,33,80,60,41,83,31,54,32,73,83,60,33
56,46,89,75,94,84,82,30,50,89,74,40,52,56,87,53,43,60,73,71,50,41,69,85,49,53,69,31,78,47,65,34,79,37,96,71,73,89,83,61,74,68,74,85,31,69,30,86,62,62,54,60,89,41,59,79,66,78,65,31,44,45,45,89,77,59,48,68,81,64,74,74,89,30,91,53,54,49,36,97,63,64,35,97,87,58,72,78,50,64
37,86,73,81,74,68,49,87,42,79,56,46,63,77,48,73,36,42,49,32,87,54,35,46,39,91,48,39,82,79,73,82,81,75,69,90,40,93,62,50,81,57,77,37,62,76,83,33,54,77,72,79,76,32,52,46,84,50,55,86,65,36,89,41,72,45,34,83,75,81,76,93,94,78,71,59,70,70,31,35,33,55,92,51,35,39,65,66,55,70
84,71,64,50,53,86,97,54,88,38,74,68,80,76,91,97,89,67,66,52,76,76,64,63,67,95,81,91,51,37,75,86,66,87,37,94,37,30,61,64,44,39,42,89,72,82,77,74,45,76,78,52,77,69,39,83,93,92,95,31,56,43,65,34,52,55,94,63,71,64,95,31,84,57,35,94,30,87,77,92,76,42,93,71,41,67,47,39,77,90
42,84,95,59,52,57,39,96,39,37,57,37,63,59,91,67,38,96,74,98,30,75,42,54,54,38,76,57,36,82,75,59,38,37,40,85,36,60,98,94,74,77,94,68,82,83,64,30,63,78,80,97,38,76,55,93,41,30,51,37,41,62,35,86,36,42,41,69,46,66,53,71,83,58,53,39,91,40,80,87,77,71,61,78,80,78,44,94,95,69
32,61,96,38,93,96,60,48,49,81,57,76,32,88,59,38,38,70,79,58,45,41,59,66,58,42,65,83,78,96,73,60,65,78,32,34,52,58,48,60,96,42,95,70,37,64,67,45,40,63,41,56,39,96,63,77,83,78,75,58,96,68,39,36,85,52,98,39,69,34,94,40,72,53,55,97,49,30,42,37,73,39,40,74,83,61,63,62,52,49
31,81,87,32,55,82,86,71,43,72,73,87,59,59,96,32,49,78,49,61,68,34,40,97,45,68,68,56,74,45,77,43,91,39,80,43,42,33,44,80,80,49,58,57,71,86,45,30,35,32,38,46,50,53,33,88,94,80,42,41,59,93,31,93,34,80,77,46,68,63,78,64,56,32,82,92,31,47,66,91,36,86,33,31,92,33,51,45,37,67
86,44,74,31,74,72,63,42,56,43,98,98,61,57,78,37,35,33,97,65,76,92,88,92,81,73,73,31,64,33,73,41,46,48,37,91,84,71,30,78,44,86,70,50,96,68,50,97,47,68,31,52,49,95,35,41,34,77,72,34,81,57,39,33,31,91,73,33,36,77,38,65,55,72,56,51,61,56,44,46,51,42,49,69,46,81,60,76,30,38
38,42,48,66,75,72,81,44,77,81,34,47,56,86,70,55,98,45,71,54,82,82,51,85,39,83,40,48,39,62,53,68,57,54,49,30,98,42,60,53,57,41,61,58,75,55,53,65,91,87,82,51,70,40,65,89,55,33,33,67,98,79,71,48,42,54,92,64,53,49,55,56,87,53,89,66,57,98,66,84,77,31,46,34,73,47,85,33,64,65
46,80,89,77,76,42,36,34,73,60,69,47,33,68,76,78,79,72,76,39,88,34,60,50,82,81,67,57,55,30,42,65,82,35,46,60,62,57,55,35,63,49,72,36,94,94,54,33,84,35,71,50,84,64,35,91,49,36,79,87,76,60,43,83,30,58,93,65,44,64,60,30,80,86,67,44,95,44,33,36,43,36,90,83,84,80,44,80,84,49
40,78,67,37,33,47,79,61,63,36,93,74,37,47,91,59,88,64,43,37,69,90,48,58,59,65,42,72,60,33,39,58,61,53,35,44,95,49,89,85,62,97,40,71,33,91,75,35,86,71,75,56,82,48,30,97,53,46,33,61,30,68,77,31,68,44,34,36,53,50,71,83,64,36,44,60,51,81,64,92,82,49,59,66,95,84,32,49,59,40
60,76,80,96,95,60,50,67,95,90,73,63,91,59,97,51,82,38,82,61,42,69,33,75,45,30,92,84,85,91,67,95,38,96,88,38,48,64,81,43,71,98,76,35,48,43,42,95,95,30,90,80,74,61,54,95,72,75,31,94,93,90,77,57,76,53,44,62,65,68,68,95,71,72,96,82,79,42,87,91,81,76,57,61,72,54,56,78,36,31
33,89,73,32,83,41,87,92,58,32,35,32,80,58,59,62,35,49,83,49,40,89,51,55,67,83,54,65,82,79,52,33,67,55,96,76,69,92,51,90,82,68,43,58,79,43,97,90,97,33,61,48,61,76,57,68,48,74,55,64,59,71,64,37,52,43,93,79,31,38,55,53,30,50,97,57,59,46,94,95,61,89,33,53,34,47,32,56,65,50
93,77,94,36,44,57,42,88,37,88,34,32,59,49,63,39,63,32,94,55,94,51,33,70,84,57,64,35,91,45,89,65,64,72,90,87,51,87,58,92,57,87,46,75,47,70,54,84,54,90,53,36,46,58,40,45,81,38,93,43,94,60,72,74,53,37,32,73,56,79,31,49,52,62,47,78,59,66,76,72,40,45,79,63,69,73,62,49,67,67
96,54,85,52,83,91,97,73,70,74,81,59,33,64,47,49,88,31,52,59,87,92,40,53,47,55,78,91,93,71,38,96,73,83,41,44,37,43,66,46,84,46,73,62,77,30,63,51,58,46,30,42,60,87,51,83,69,54,61,63,88,59,69,77,68,86,48,34,74,36,65,75,41,62,92,98,97,91,36,85,98,35,89,81,44,80,63,64,60,93
83,92,80,43,36,65,54,46,54,48,57,49,41,42,90,59,62,53,86,97,52,78,80,53,63,96,81,49,96,54,71,78,60,89,48,51,49,47,31,36,44,32,43,71,53,67,81,37,49,71,34,33,84,72,91,97,74,38,64,34,30,32,78,84,97,58,85,43,33,59,57,63,56,58,30,85,71,64,95,57,98,89,68,47,38,67,58,64,89,87
33,34,36,88,89,48,75,53,47,74,65,61,51,76,83,33,77,90,70,42,47,43,88,81,33,90,61,52,35,78,72,86,45,75,81,33,39,66,83,43,69,59,64,69,68,31,96,93,70,50,65,59,87,73,76,60,80,72,52,54,87,66,46,56,64,69,60,36,30,38,33,46,40,82,52,30,47,64,84,75,64,67,96,86,65,82,79,81,69,30
67,51,81,40,77,61,46,30,95,48,96,45,47,73,72,77,92,74,93,94,75,64,60,52,34,47,98,39,68,48,54,79,83,81,58,66,53,76,83,81,54,47,93,43,42,54,36,44,72,50,61,74,49,62,60,68,93,69,48,32,76,59,63,39,57,67,81,45,85,33,79,66,33,83,55,52,97,49,66,63,70,80,58,36,95,35,88,98,68,77
66,64,58,45,38,74,87,67,81,97,36,39,61,75,47,92,67,39,51,77,57,64,97,72,50,66,72,45,70,85,40,45,95,36,76,44,56,69,41,39,48,64,46,61,85,37,52,77,88,44,80,86,97,64,75,31,58,88,64,72,50,57,79,30,50,69,33,79,42,79,53,98,92,59,64,69,39,82,86,59,57,89,57,49,59,68,79,60,31,51
50,63,39,34,61,64,91,90,53,81,50,52,49,73,36,67,94,34,62,53,81,30,43,81,81,62,39,95,48,82,92,84,49,58,85,98,76,87,93,57,30,83,74,31,68,97,37,57,66,55,30,74,97,44,63,59,98,66,89,34,31,52,60,54,93,47,98,53,48,80,55,42,37,65,47,79,80,42,56,92,62,34,88,72,70,67,77,33,46,57
93,72,69,32,74,50,45,31,90,93,84,76,77,76,52,37,34,70,64,78,65,81,84,39,61,77,53,98,92,85,84,86,52,97,75,57,54,97,65,62,88,46,34,59,37,44,56,91,35,59,86,42,64,64,89,50,40,78,88,60,96,89,67,49,67,98,68,38,65,45,64,86,62,91,56,97,75,41,98,58,60,32,94,53,55,42,75,34,79,35
38,44,79,40,89,82,34,48,84,53,31,31,68,85,74,71,68,31,91,98,36,54,97,95,73,30,62,40,37,55,80,98,89,82,71,63,81,41,73,53,64,59,52,53,84,46,47,90,31,48,45,60,91,80,49,64,53,84,47,45,89,34,43,72,96,57,76,46,80,32,93,60,79,38,35,42,53,90,40,49,78,48,72,74,37,57,35,76,77,53
40,84,54,65,74,73,69,39,96,39,82,58,81,30,43,82,44,74,61,75,92,83,60,63,88,85,80,71,40,46,81,77,67,90,58,57,85,74,54,73,65,38,56,56,74,31,89,39,32,92,95,79,67,98,78,66,41,39,45,30,36,53,47,45,93,68,73,42,75,36,66,77,62,82,30,97,62,94,96,32,62,62,93,69,95,65,49,53,65,35
93,49,72,69,73,85,51,82,54,38,32,60,31,85,98,74,52,85,43,37,81,34,31,37,88,83,94,74,55,70,41,53,93,87,52,70,50,75,39,30,60,91,73,40,72,52,49,31,79,91,78,73,98,36,81,48,33,87,40,61,30,39,68,76,32,49,52,35,33,88,93,58,72,54,65,75,30,65,58,82,89,91,74,51,98,41,57,97,79,73
47,74,31,82,45,98,89,90,61,98,62,94,84,93,85,47,48,83,71,86,65,83,69,70,87,96,37,35,52,57,57,79,47,45,56,48,89,83,82,58,80,97,37,39,76,74,41,45,49,34,45,30,69,39,95,87,36,64,33,71,98,75,31,88,79,86,61,41,72,52,45,90,86,48,80,84,65,41,95,76,58,60,96,31,73,88,38,55,31,80
54,48,45,38,51,59,70,51,37,83,43,85,96,86,93,95,75,75,67,48,44,80,58,81,75,36,70,82,80,60,52,68,31,44,69,72,52,34,90,67,34,84,51,72,78,88,94,44,46,31,42,69,53,85,78,32,77,52,77,84,51,33,63,86,78,91,98,90,47,53,63,44,73,93,40,97,72,60,57,49,84,39,90,45,60,81,91,81,44,81
57,36,42,50,90,49,42,73,80,84,95,44,40,62,65,77,95,63,60,38,31,59,70,59,84,55,55,48,36,61,98,76,55,41,36,55,69,50,53,65,76,37,40,87,79,79,81,35,70,59,88,78,31,52,86,73,43,60,69,57,69,76,97,42,71,69,90,89,42,51,89,62,47,52,52,43,41,94,96,48,53,53,71,97,31,31,39,95,97,70
49,35,60,51,88,58,67,87,37,92,65,50,30,64,75,85,32,80,80,59,71,34,60,82,90,65,30,52,90,70,30,74,41,34,79,95,79,74,57,63,71,73,47,64,45,38,41,78,78,70,49,31,77,55,88,86,97,36,48,33,66,86,58,40,73,73,37,96,62,71,33,61,90,96,85,50,46,68,64,49,80,51,52,58,67,34,37,98,55,77
30,71,33,33,44,76,93,76,34,47,33,79,89,47,88,72,78,68,38,65,98,69,61,86,78,94,39,97,93,48,87,64,35,57,48,90,51,90,97,33,77,50,70,48,36,46,94,95,36,82,39,93,36,67,40,45,87,95,74,78,32,89,73,41,62,35,39,42,36,40,93,50,78,74,48,89,85,89,51,76,40,67,65,38,31,41,35,58,76,56
68,92,73,44,45,93,54,84,74,58,54,98,61,59,61,67,63,92,50,97,57,66,34,84,77,76,76,94,59,32,98,43,40,75,97,52,40,83,81,45,58,95,61,84,88,73,37,50,31,98,91,98,88,37,95,97,85,41,63,76,73,60,34,70,98,57,40,77,50,64,92,53,51,69,69,45,53,43,57,69,58,95,51,50,45,44,81,89,96,81
41,47,32,54,96,81,71,31,38,46,32,49,84,98,51,70,87,83,46,47,85,38,65,37,97,79,60,83,84,54,63,98,49,36,42,60,61,82,62,96,88,89,86,98,85,82,52,40,58,56,62,32,64,95,56,41,82,56,42,85,82,93,51,33,57,45,37,64,77,38,50,62,81,50,98,69,40,67,33,36,96,48,52,59,84,74,96,36,60,77
47,93,33,78,60,80,88,74,38,65,37,63,70,92,52,40,67,59,37,48,72,44,56,49,35,34,96,69,34,57,64,55,38,67,31,97,59,50,44,89,50,94,56,48,56,66,42,85,60,86,91,57,37,53,70,74,49,55,68,66,64,53,43,39,67,77,57,63,43,79,97,48,42,76,58,44,43,57,46,79,70,33,52,59,41,43,36,46,76,34
63,51,52,85,44,84,68,98,37,64,34,75,78,60,36,67,71,94,77,75,98,37,33,75,34,44,89,49,80,81,46,68,84,73,54,45,91,86,82,64,77,50,80,38,89,63,51,35,64,68,73,55,91,43,74,51,46,63,97,48,70,68,39,75,33,92,59,55,57,81,66,43,58,54,88,55,53,79,44,89,50,78,38,92,48,49,73,89,35,49
74,45,71,49,92,94,30,54,95,82,70,33,62,97,36,96,69,45,75,62,54,34,39,51,67,93,45,41,97,51,59,38,35,55,38,64,82,33,34,47,84,96,81,63,51,60,53,76,73,31,65,98,69,97,53,84,54,64,68,47,46,47,82,65,95,88,61,51,68,58,40,68,96,44,95,71,72,52,79,77,65,80,56,38,43,47,33,78,65,58
56,90,45,70,52,31,48,66,48,40,76,50,92,64,98,33,77,92,82,56,38,44,66,89,72,89,91,51,89,55,71,57,98,40,48,64,77,75,98,48,57,92,69,56,50,92,46,70,93,48,95,67,65,54,62,93,95,40,74,68,34,87,95,52,78,37,39,67,45,44,90,32,64,45,68,96,64,37,95,44,49,81,52,59,74,91,32,48,92,84
40,72,87,78,65,82,55,66,58,72,89,32,59,67,61,86,60,38,58,83,91,75,87,42,39,45,65,49,42,46,62,65,46,54,91,88,57,97,34,50,38,35,40,78,93,85,48,89,38,98,60,70,98,30,30,37,48,78,40,42,73,61,59,35,87,53,72,89,34,82,31,37,35,88,68,45,97,71,64,73,60,50,91,50,67,72,81,50,62,98
95,83,62,54,83,96,97,53,88,77,65,59,51,40,91,88,53,86,98,77,81,80,95,95,38,70,62,94,54,59,37,65,82,40,69,53,35,49,38,34,31,49,64,76,54,63,60,60,95,61,30,98,56,49,32,60,57,33,69,94,90,83,60,71,96,91,90,50,81,76,37,54,80,67,94,61,60,32,93,36,90,84,87,83,65,30,94,88,78,69
59,92,84,90,34,70,91,83,62,96,36,82,92,73,59,30,49,34,45,43,44,98,37,81,93,57,38,48,54,52,79,41,35,69,91,49,96,67,69,54,53,33,58,92,62,95,91,45,95,75,58,83,96,67,70,59,39,98,95,59,96,36,54,43,62,91,56,66,30,73,88,58,48,71,76,82,60,73,54,91,38,50,82,42,48,72,54,58,92,30
50,80,47,70,85,85,91,76,39,51,69,30,42,74,30,52,32,40,91,44,82,57,94,36,77,45,84,87,41,43,57,57,88,46,97,70,92,52,89,53,32,45,33,58,88,73,44,69,37,78,40,53,93,80,35,44,77,85,43,41,98,62,96,76,69,88,52,65,87,60,47,45,91,56,48,65,87,97,72,55,72,31,65,64,72,45,60,32,97,35
63,76,96,61,34,76,31,38,50,49,42,80,71,98,30,76,57,54,82,74,38,37,32,56,83,61,52,70,79,73,33,75,68,35,83,87,82,33,35,41,97,43,49,37,48,98,54,66,40,93,97,71,45,37,89,38,69,89,42,30,43,41,90,64,30,42,91,72,71,46,76,89,45,33,31,44,67,61,84,84,82,74,37,56,66,37,82,48,36,61
74,65,83,78,56,55,58,42,70,98,79,84,56,36,30,63,61,30,85,41,40,42,96,87,74,58,37,58,79,92,93,42,79,80,52,86,52,33,90,98,31,97,42,94,48,60,92,58,50,59,85,35,48,96,72,37,35,92,63,89,76,33,72,63,64,83,70,38,30,30,91,97,82,78,96,43,40,91,61,93,38,45,95,48,33,83,74,58,45,64
80,39,54,89,94,92,86,98,37,50,30,89,75,71,65,50,84,43,69,79,55,36,95,79,62,81,85,30,42,68,44,34,38,61,35,40,35,87,60,87,39,47,31,73,66,45,39,43,40,94,91,91,33,86,44,96,59,38,42,58,95,58,60,39,37,92,89,95,36,75,70,63,59,61,92,97,62,45,80,43,40,55,39,92,88,86,48,40,47,88
52,80,56,67,36,41,94,48,83,68,81,78,46,91,74,90,67,49,40,77,60,89,83,93,88,67,88,91,92,31,67,52,50,89,30,43,89,98,82,66,40,57,98,92,46,79,33,40,79,90,50,37,97,85,50,92,47,71,72,31,71,51,52,49,40,51,94,67,34,67,88,60,93,41,84,47,97,37,53,55,63,47,92,35,63,72,64,39,75,78
88,72,82,54,84,55,35,83,60,63,47,48,70,52,38,65,48,39,30,98,60,39,33,39,41,49,52,82,68,82,74,63,90,51,54,77,97,40,85,76,34,97,53,62,46,76,80,53,49,76,64,43,33,86,85,44,58,84,73,41,96,90,59,36,32,78,48,91,30,40,35,53,92,85,80,53,56,92,36,40,55,77,52,48,38,80,98,32,75,38
77,56,31,94,96,68,95,89,46,93,75,31,32,49,91,93,52,82,48,84,59,38,52,79,79,51,48,93,61,36,86,35,64,47,41,51,59,86,76,79,78,83,63,40,45,79,42,71,59,92,83,82,76,56,85,39,91,42,77,47,87,36,81,72,97,45,53,49,66,50,66,35,43,56,31,69,86,57,58,60,71,75,89,49,49,66,63,57,84,96
36,57,91,92,64,62,30,33,90,86,90,54,94,76,66,32,86,80,40,69,44,92,65,31,34,67,82,68,67,43,32,42,55,80,40,81,68,40,66,56,88,60,35,73,94,58,57,87,43,92,71,68,45,77,51,78,39,97,82,64,47,30,54,57,67,69,93,63,93,76,71,80,51,81,57,70,30,44,63,60,76,75,73,67,60,90,78,39,84,70
76,80,38,81,58,98,81,72,61,72,81,77,35,34,82,35,66,93,74,98,61,50,87,90,57,84,91,70,31,53,95,39,90,35,73,57,85,74,91,34,75,61,86,50,74,58,93,98,38,70,67,49,71,37,42,32,91,95,51,67,31,35,42,45,42,55,44,86,69,49,47,85,73,97,76,59,55,34,41,69,94,76,42,60,85,55,91,35,55,32
75,34,66,57,68,41,47,63,44,66,85,47,44,35,57,65,35,67,84,66,79,85,85,61,82,87,38,38,93,76,66,85,52,32,53,70,60,63,58,84,42,42,76,93,95,64,44,83,94,50,72,65,46,95,64,65,42,47,80,70,69,52,75,42,92,50,31,30,75,67,69,41,44,63,90,84,35,46,87,37,75,92,32,47,79,45,66,64,44,88
96,94,59,98,73,91,32,68,43,64,76,44,52,63,39,36,63,77,39,71,95,81,78,84,69,55,31,79,54,86,94,55,86,32,95,75,32,45,30,60,47,93,72,94,45,86,54,62,36,40,97,71,90,74,55,65,30,82,84,44,51,75,38,49,93,67,50,74,75,72,76,96,30,96,63,73,33,39,95,96,82,40,58,70,77,30,44,96,73,80
82,82,86,76,90,58,64,62,72,46,72,32,35,89,80,71,45,40,51,40,56,52,64,62,51,38,46,53,51,56,98,56,60,50,76,41,35,75,77,94,76,50,59,56,34,42,51,40,97,36,53,44,58,66,52,34,33,60,50,88,71,72,37,40,30,97,31,77,73,87,39,89,92,71,97,67,34,69,60,32,86,75,91,48,33,91,59,54,76,44
65,57,97,37,65,75,90,60,30,79,73,80,73,43,48,82,69,42,34,85,91,30,85,74,90,94,91,34,77,34,31,80,76,40,74,40,46,68,83,80,61,76,85,79,43,37,32,85,50,42,66,32,61,74,32,97,98,93,45,48,42,77,79,64,31,36,53,31,32,76,45,31,36,52,57,68,98,59,98,36,91,76,45,77,43,64,53,72,71,36
56,88,47,71,90,34,38,60,83,60,77,74,51,32,79,35,85,81,69,88,49,56,45,31,80,86,80,34,39,71,58,37,63,48,55,58,56,44,63,48,61,97,36,58,37,89,52,51,61,68,64,97,75,32,92,52,32,50,79,69,55,82,38,97,93,44,45,94,39,61,92,66,90,44,87,41,55,95,85,60,78,80,52,41,47,64,78,92,32,92
86,50,62,93,38,35,71,74,88,97,78,36,47,61,89,44,97,82,46,31,32,76,63,96,77,65,95,81,97,77,92,56,45,64,83,36,37,39,59,97,67,69,78,64,78,79,67,76,32,47,58,41,30,75,48,38,91,98,98,35,33,81,65,55,43,82,66,30,77,41,61,77,47,97,54,80,86,30,61,74,60,82,36,41,76,32,40,90,96,70
73,47,32,43,57,33,97,70,78,97,39,39,48,91,71,88,52,85,87,89,92,46,40,81,67,62,80,53,38,87,47,87,50,89,73,77,36,75,36,94,94,32,35,47,49,67,69,81,54,73,57,95,47,39,91,84,95,78,62,69,64,80,97,88,58,39,62,63,83,45,75,47,42,51,40,83,70,61,71,64,72,72,44,60,34,33,72,45,84,47
49,79,47,47,73,98,36,74,31,35,42,96,62,92,77,64,35,98,84,37,40,55,95,48,38,56,41,73,89,33,82,72,71,77,69,63,34,52,66,88,36,98,47,88,55,92,64,71,53,38,40,70,57,87,87,35,91,97,92,64,80,84,31,97,73,43,34,68,88,92,36,88,55,86,70,97,89,69,67,57,76,37,58,56,61,93,55,79,52,39
48,55,30,62,32,66,36,48,46,35,35,34,40,52,72,89,44,39,74,45,82,84,68,70,70,36,43,59,82,34,94,31,48,73,90,40,53,80,82,78,74,90,68,63,43,57,41,92,50,51,82,37,54,64,49,68,75,39,76,79,53,96,47,58,82,88,36,46,50,74,54,84,83,68,84,78,82,37,49,86,30,45,36,57,53,44,72,47,69,56
63,88,56,59,82,56,95,72,91,42,88,89,77,58,40,54,66,78,96,98,74,39,83,89,87,66,63,39,98,54,55,49,52,40,86,82,50,75,50,97,32,94,63,66,31,31,80,80,98,34,53,65,95,62,41,83,56,94,46,75,81,52,95,92,86,88,36,30,77,69,34,78,67,84,82,45,61,82,67,70,51,39,83,56,69,71,65,48,88,95
56,71,86,71,31,74,35,80,61,70,60,94,30,91,69,89,65,53,94,66,80,94,98,98,68,89,52,32,38,72,37,60,60,82,72,81,65,54,50,42,87,89,52,31,64,59,85,33,42,32,71,97,74,45,66,37,77,62,30,62,31,85,33,72,38,41,49,63,83,72,42,32,98,70,48,93,90,72,42,91,62,80,42,37,50,62,83,42,75,71
72,83,63,90,73,89,56,51,54,87,31,43,76,49,45,70,68,64,89,60,88,31,69,74,79,43,52,42,48,86,70,89,61,35,63,82,69,39,62,33,46,42,97,50,91,38,30,61,83,34,37,45,65,89,68,48,66,58,66,30,30,61,56,43,70,53,41,59,42,94,92,59,41,33,78,48,34,61,95,60,50,76,89,83,39,76,84,94,65,83
82,87,47,96,47,36,71,66,34,40,73,63,72,31,49,58,97,85,73,69,92,56,63,45,39,63,91,75,34,73,31,64,35,93,70,69,62,63,93,95,47,69,38,84,45,46,43,43,33,54,66,83,78,64,48,41,84,45,58,91,92,52,77,80,56,94,61,35,91,33,34,92,90,37,85,85,59,97,35,74,51,50,87,53,52,59,97,50,98,89
72,56,86,57,60,82,78,79,56,55,94,96,45,51,49,66,34,95,60,38,36,89,74,58,33,55,82,59,34,93,96,32,70,44,31,69,90,42,30,71,35,93,54,70,71,72,92,50,33,48,68,77,82,43,57,46,61,45,70,50,44,73,52,84,62,36,41,30,35,57,68,44,63,77,94,56,43,69,87,55,83,87,43,53,37,70,65,96,81,85
96,75,45,39,37,50,86,73,52,35,48,59,95,60,70,48,42,60,68,31,73,96,61,53,36,85,84,67,42,76,75,37,73,87,63,59,94,48,36,89,73,69,37,51,52,64,35,38,31,32,74,72,94,31,36,39,67,85,73,35,58,76,37,31,41,49,48,46,66,56,74,46,57,48,35,43,79,60,63,62,61,81,94,89,78,80,43,79,49,41
60,35,90,82,39,79,32,72,97,44,79,33,88,75,50,87,94,42,56,71,75,69,58,39,51,53,85,78,33,68,72,66,71,57,58,69,67,71,77,57,53,98,83,38,57,72,55,63,98,50,98,75,30,68,95,96,73,90,72,89,83,53,70,92,39,94,34,90,94,31,31,72,48,65,67,96,85,83,81,46,50,36,35,69,85,72,60,46,37,95
68,68,43,53,95,85,83,79,66,41,81,50,63,66,56,77,74,72,89,86,83,60,52,72,58,88,88,47,60,79,69,49,67,74,55,47,81,33,31,34,46,50,73,37,43,46,40,51,36,34,63,94,71,64,51,79,31,97,64,55,33,46,89,82,45,47,61,90,30,37,71,42,45,79,39,92,73,65,50,68,66,63,81,31,74,54,68,41,98,34
75,46,97,63,51,87,38,33,62,87,40,97,59,58,70,51,36,82,87,51,39,60,94,80,78,57,75,34,79,43,64,98,82,56,33,70,30,69,31,40,75,74,59,54,90,82,35,70,30,32,45,83,80,81,96,74,68,33,72,39,63,87,47,75,50,44,66,90,85,43,92,87,78,35,87,46,44,55,34,78,94,36,70,66,74,41,79,94,89,38
98,84,85,92,85,86,32,67,34,41,46,65,39,35,39,56,30,93,30,78,69,46,66,53,75,64,35,91,66,54,98,51,45,73,60,46,86,45,49,58,57,54,80,83,30,59,63,55,75,66,52,86,44,92,94,80,50,43,54,73,31,88,94,41,55,37,69,77,83,86,66,73,51,38,38,41,93,84,57,76,70,85,91,54,77,87,98,40,43,87
97,87,67,47,30,51,68,76,62,42,49,81,51,34,45,91,88,82,65,85,60,76,47,79,91,31,68,53,54,36,74,53,39,96,97,97,87,79,48,37,56,83,52,81,86,92,50,79,89,83,57,56,84,50,40,86,90,54,48,63,32,67,79,68,54,79,94,46,37,56,59,81,80,93,95,83,31,90,36,76,74,85,42,31,75,52,33,63,74,82
48,93,49,87,67,64,82,73,34,42,90,71,46,66,74,50,53,93,94,52,31,44,55,82,87,40,54,59,43,57,80,76,74,40,77,93,40,49,72,56,90,39,44,97,43,83,84,68,66,90,96,52,63,83,66,71,86,48,82,78,79,51,46,97,74,33,44,97,67,38,95,95,97,36,94,35,76,46,92,85,31,45,71,58,70,59,53,32,74,52
67,30,42,46,61,93,33,31,44,43,92,55,89,61,66,86,56,30,77,93,87,75,66,41,98,59,46,60,82,92,33,74,64,66,38,70,89,56,65,59,88,45,68,44,64,95,37,35,62,42,98,77,38,95,68,91,54,85,30,93,98,81,84,92,44,46,51,65,55,76,64,75,40,64,86,79,50,92,55,81,70,81,47,75,32,90,42,74,80,90
38,81,88,87,93,74,81,43,53,75,62,88,30,72,33,81,45,65,72,93,45,65,32,79,91,58,62,48,96,70,35,40,51,30,90,71,82,53,33,89,47,31,84,30,34,33,89,98,98,41,81,40,53,54,71,98,66,95,32,31,42,84,53,50,37,92,88,51,92,82,67,48,97,89,54,97,30,49,90,80,89,88,42,54,81,47,88,46,97,32
64,51,66,32,73,95,75,62,88,78,37,87,86,52,35,41,68,57,94,45,79,72,98,40,95,79,79,50,98,48,87,78,77,75,89,92,92,68,44,50,35,47,67,65,30,69,95,47,55,31,54,34,82,57,52,69,50,82,61,58,95,78,40,85,67,83,69,38,63,61,44,37,90,47,38,90,96,77,75,49,83,75,69,59,37,75,95,79,46,51
60,70,84,89,70,50,91,93,81,84,92,32,94,97,48,56,67,40,90,67,70,52,84,82,39,37,90,56,94,47,40,60,80,84,52,31,39,43,57,92,62,35,50,69,52,83,55,70,48,39,40,83,80,58,74,82,94,52,76,68,39,33,44,37,53,55,69,79,73,82,59,87,45,89,90,59,71,95,79,95,83,37,77,79,65,81,84,59,37,69
39,57,94,53,87,63,84,93,42,38,72,37,71,41,73,43,92,80,85,60,42,82,93,51,41,37,48,56,36,91,98,37,94,92,98,53,90,51,51,50,52,61,52,95,45,93,38,42,38,63,58,30,72,44,67,61,82,52,53,90,93,33,79,79,82,91,53,69,51,42,48,50,91,83,60,36,70,77,77,78,41,79,79,61,37,72,38,33,38,74
57,35,86,60,66,91,51,43,70,77,37,77,86,94,73,83,45,88,91,84,92,80,38,47,72,84,70,94,93,50,41,66,83,80,73,45,33,59,80,30,78,55,86,75,71,63,94,86,54,71,57,73,46,50,85,85,57,31,56,56,86,96,55,68,85,98,69,60,45,95,62,80,72,51,76,61,33,56,48,89,67,49,32,96,84,30,93,56,77,92
84,91,68,41,86,84,75,48,95,62,65,32,67,37,57,96,40,69,61,38,60,39,84,63,41,80,36,53,88,77,77,32,64,45,35,37,64,47,89,53,51,74,70,42,39,64,79,90,94,53,50,32,73,71,75,78,52,54,98,66,38,78,93,93,80,45,53,91,78,71,89,88,51,85,33,74,82,79,84,81,78,59,48,92,68,44,85,74,45,97
45,39,46,73,86,61,83,83,76,55,44,67,50,60,85,34,49,97,76,97,75,80,68,62,38,48,32,55,56,79,49,88,54,42,95,77,63,40,65,65,43,32,64,85,54,74,46,82,83,78,69,96,92,97,47,31,69,49,62,70,77,55,71,40,43,69,70,39,68,80,40,94,80,70,46,66,48,88,68,33,57,59,39,44,67,42,31,38,96,90
47,84,83,85,98,85,49,54,96,30,46,64,74,91,64,54,93,42,58,61,92,32,61,88,70,64,94,54,48,38,59,85,81,80,37,98,92,33,83,70,56,71,35,42,49,36,89,32,55,55,54,78,31,51,59,84,73,64,73,84,65,81,91,73,67,55,58,33,56,60,68,44,30,42,88,76,67,94,40,63,46,84,68,77,72,80,82,37,96,63
37,51,69,66,30,52,90,67,69,46,81,66,54,37,95,74,72,79,80,83,44,92,51,83,45,72,88,78,51,97,65,90,82,34,36,76,51,66,75,49,31,86,66,56,65,90,46,39,50,64,34,34,94,84,89,57,57,83,73,63,73,42,82,87,92,53,63,89,47,70,48,73,63,41,33,69,57,89,68,66,75,79,49,70,70,46,96,59,93,38
86,77,69,48,41,63,64,97,82,78,36,94,39,75,98,46,85,91,56,52,50,87,78,59,98,71,75,45,95,77,32,75,91,46,32,31,48,75,67,97,88,51,80,36,43,36,86,53,55,54,92,30,75,38,55,87,63,52,31,34,83,38,59,85,61,49,50,37,92,55,66,39,91,84,92,56,51,58,78,47,76,58,91,89,74,51,67,57,97,68
35,94,60,78,64,33,33,86,32,33,57,47,74,58,70,79,40,91,36,54,94,33,36,92,89,66,76,97,35,65,73,64,55,56,30,41,90,43,61,36,73,50,82,80,96,47,40,58,93,58,57,54,52,68,59,62,67,91,50,85,88,34,49,90,34,97,98,32,38,51,50,92,97,48,36,68,31,94,51,75,53,91,45,37,37,37,83,30,83,95
73,95,45,42,75,48,86,77,42,98,65,55,68,70,78,81,97,93,97,94,70,59,42,85,85,36,72,43,34,33,83,71,63,37,54,53,65,80,98,72,83,88,75,82,63,44,61,95,70,39,88,55,97,42,30,40,88,57,59,33,86,59,51,34,53,98,48,96,95,91,77,82,34,58,93,50,55,67,82,55,87,95,61,41,63,75,58,32,82,81
60,72,73,85,59,85,46,77,62,98,88,59,89,44,36,49,45,48,50,43,54,46,71,89,83,90,80,58,34,67,57,66,85,96,46,67,50,53,50,38,78,36,63,58,72,53,88,87,81,94,52,69,37,55,95,76,98,88,85,52,74,43,92,71,83,36,45,42,50,62,91,73,50,96,84,37,65,49,34,35,98,85,74,85,71,83,54,64,74,35
50,91,41,49,78,63,71,86,79,31,45,90,66,31,83,95,34,84,84,69,64,69,46,81,50,72,51,43,78,62,48,83,30,69,82,78,81,90,83,62,81,79,44,68,97,77,54,75,90,44,78,86,90,93,52,44,51,91,46,95,52,34,62,90,62,36,97,66,85,40,92,37,73,34,78,67,81,46,97,89,93,58,32,86,72,74,31,97,89,65
37,93,72,90,32,34,63,84,56,82,53,32,44,44,83,50,44,37,39,98,45,36,52,31,84,39,76,70,50,58,37,72,37,92,69,44,75,79,77,89,97,80,31,92,51,37,89,47,56,52,38,35,98,56,41,54,85,95,40,70,81,68,90,30,39,71,68,91,89,87,95,73,31,90,32,86,43,38,44,35,63,70,45,84,45,57,45,47,55,49
30,84,58,83,86,49,91,62,98,90,63,32,85,85,96,35,89,53,32,44,59,80,30,35,95,82,59,86,80,52,66,69,50,40,66,75,33,77,33,70,96,94,97,49,56,45,68,97,59,98,73,39,92,49,96,69,94,35,81,46,39,60,37,52,66,95,67,34,37,92,80,76,32,34,96,87,31,94,43,71,57,73,70,40,63,93,37,70,72,73
62,88,62,34,74,58,70,42,77,56,56,68,41,35,82,60,87,39,98,68,56,62,44,95,90,87,48,35,65,60,57,39,83,78,52,36,44,39,30,37,59,81,98,57,95,30,41,86,33,70,73,87,76,95,84,79,81,56,41,85,44,77,91,44,70,65,98,96,75,89,97,62,60,58,44,83,74,97,83,66,52,31,75,69,43,61,92,55,30,70
43,50,72,92,65,35,62,72,98,96,79,33,36,35,40,96,54,74,36,91,85,78,68,76,45,48,84,59,52,55,89,83,60,58,37,67,36,33,50,49,87,82,60,90,76,81,87,48,36,60,76,82,88,43,73,56,94,66,85,30,74,87,36,62,73,93,65,48,35,78,74,95,37,36,90,83,67,38,74,54,74,66,56,74,93,36,64,76,43,41
51,42,65,87,52,72,52,36,86,91,62,46,33,46,94,82,70,96,51,71,63,74,54,54,54,73,57,82,87,64,77,96,42,63,56,35,80,98,56,50,31,72,61,80,70,93,63,93,92,80,53,58,72,35,86,93,57,50,96,43,71,41,45,80,61,79,93,61,82,64,33,40,31,62,85,30,65,58,58,69,61,48,75,66,88,48,49,57,43,71
78,81,82,45,83,43,57,50,39,76,96,80,79,78,94,73,46,53,97,65,47,44,88,65,60,86,45,91,80,71,86,67,71,56,80,82,36,35,36,30,73,54,54,65,85,62,42,89,46,62,93,75,86,52,40,32,34,74,55,41,44,52,46,59,74,98,96,59,71,69,38,90,98,67,90,73,55,87,47,95,44,82,92,30,35,96,81,97,44,87
85,31,98,35,69,47,44,72,79,48,78,57,56,68,51,65,86,49,45,38,64,53,56,36,81,85,47,36,44,43,88,59,81,30,51,88,38,93,61,56,56,70,66,33,39,50,34,81,91,36,98,61,59,95,31,33,73,91,97,60,66,44,46,60,52,61,32,38,78,88,85,97,98,37,62,33,73,33,36,91,67,32,40,81,62,89,38,50,55,73
91,50,32,82,42,42,86,39,57,66,42,38,34,48,76,86,95,66,68,79,56,50,56,65,62,81,74,63,54,69,37,83,86,70,80,42,88,64,64,63,65,34,59,35,71,71,43,44,63,68,47,72,85,42,55,73,42,39,87,86,32,37,76,30,58,60,58,37,89,90,60,57,37,78,59,75,44,51,48,44,92,89,49,41,32,54,66,39,43,96
65,35,97,64,60,66,94,81,57,72,46,55,61,79,85,85,54,88,73,52,33,47,71,30,87,61,82,51,61,95,43,70,49,50,65,44,51,51,61,75,72,62,85,34,87,44,69,53,96,86,80,41,40,55,70,43,98,84,96,55,37,49,85,80,84,42,81,40,74,81,44,98,85,80,55,36,31,81,97,39,57,56,92,45,83,46,95,69,75,83
82,72,74,33,61,69,62,56,85,38,55,97,32,70,36,71,90,63,35,48,42,75,97,86,39,87,98,81,57,36,43,56,93,52,66,40,34,47,98,84,95,55,42,96,73,77,88,54,31,59,78,45,65,77,80,33,46,70,85,97,87,72,83,37,72,87,91,96,60,92,52,81,86,68,57,92,68,42,89,58,45,48,72,30,83,75,84,93,62,38
95,59,92,46,52,51,83,47,83,48,37,87,48,54,69,43,77,67,31,47,93,46,72,95,33,53,93,88,84,43,96,70,59,96,92,87,85,75,83,79,61,55,98,77,75,97,30,87,65,53,31,91,57,50,80,42,62,93,84,87,66,97,46,95,69,53,57,33,90,85,45,90,51,95,32,79,96,45,96,95,82,39,97,59,86,64,35,85,90,55
46,84,81,77,51,65,75,66,67,62,85,59,39,71,42,73,74,80,77,32,86,75,50,49,30,40,50,61,82,38,91,98,41,93,82,53,35,60,85,59,31,46,57,79,91,80,62,63,86,85,46,89,57,38,51,93,70,91,72,54,73,84,58,50,58,54,54,66,51,85,33,44,73,63,93,42,33,67,93,56,57,76,74,73,63,62,76,41,67,66
89,63,69,93,83,38,39,40,60,73,33,31,69,58,58,78,74,44,54,40,79,50,65,93,56,85,77,77,49,30,56,37,39,59,82,41,92,61,74,44,94,91,61,51,95,54,71,91,60,32,90,48,60,65,65,80,35,82,69,54,61,66,43,82,82,94,52,71,91,61,81,52,94,64,44,35,30,60,59,55,35,44,45,78,50,30,69,67,44,66
70,87,89,64,79,73,78,75,90,88,75,72,44,90,55,66,98,96,86,76,81,51,77,32,84,50,34,38,43,34,96,96,75,69,80,95,78,78,52,38,86,76,49,77,65,41,62,94,97,40,73,35,54,48,44,33,41,50,43,49,49,53,50,97,49,42,95,33,88,63,33,74,43,81,61,46,43,51,45,87,36,70,66,34,83,65,86,79,75,91
80,67,74,52,86,32,66,70,35,47,34,88,39,96,51,62,77,74,49,66,81,84,51,92,64,44,76,53,85,86,58,87,38,53,43,82,98,79,45,68,41,52,80,44,38,68,43,62,68,78,45,55,87,88,51,96,98,60,67,90,38,40,77,89,49,81,95,72,97,95,91,30,42,89,40,50,44,70,79,77,38,55,59,37,73,93,46,72,86,60
86,79,68,88,56,91,88,55,68,96,55,37,51,93,34,32,97,30,86,76,61,55,35,42,53,97,68,80,49,38,76,81,54,68,44,92,47,87,37,70,44,64,89,30,32,52,33,43,83,70,45,65,61,72,94,82,70,57,96,69,63,88,37,46,48,44,33,77,63,40,33,97,92,80,96,42,95,80,66,61,66,83,67,94,85,32,34,85,65,52
78,41,57,77,53,40,53,80,63,49,41,98,50,46,61,33,68,70,73,75,67,56,67,55,72,68,67,91,84,69,90,48,31,72,57,81,55,78,37,97,83,32,90,57,79,42,51,36,67,76,81,85,36,55,91,58,66,80,53,60,70,68,36,54,48,48,30,73,97,81,77,54,31,56,74,69,89,75,75,69,74,88,56,59,70,34,95,47,80,31
49,40,57,74,57,95,51,90,45,50,95,89,61,79,82,49,47,60,88,79,65,82,91,37,58,56,60,39,31,53,97,68,67,64,46,63,61,39,57,52,51,91,33,42,70,46,90,47,75,40,59,47,36,96,90,54,75,44,91,88,50,80,59,88,92,43,71,66,65,75,32,90,43,65,41,54,32,69,44,53,54,32,67,68,76,86,59,81,83,98
51,70,83,39,69,45,47,40,40,87,92,50,32,55,87,71,62,78,74,93,75,40,83,63,57,89,45,49,83,32,70,56,30,42,88,89,79,37,52,46,85,33,95,50,67,65,49,70,69,47,91,30,70,60,93,30,55,71,96,56,76,57,45,61,86,31,66,40,90,90,57,71,47,42,82,55,72,72,75,80,55,93,55,35,74,31,84,57,87,58
37,74,57,46,90,48,49,81,75,54,78,41,45,87,67,47,35,42,57,75,76,47,70,75,80,75,81,98,74,52,91,54,37,61,39,61,31,79,48,67,51,59,65,97,86,54,39,89,64,31,65,37,30,72,92,94,98,39,96,74,40,41,65,32,56,55,79,97,38,37,68,32,43,67,47,68,83,53,43,87,89,63,45,71,53,30,87,52,96,89
72,34,93,98,40,37,46,93,46,53,34,84,92,47,51,35,89,64,94,55,72,44,51,88,98,65,70,48,34,69,86,41,80,62,66,62,58,39,74,48,79,43,88,42,31,44,93,95,86,79,90,33,41,46,46,98,94,33,88,61,62,95,37,31,52,90,98,98,95,39,66,41,73,94,94,70,98,91,87,85,30,82,59,80,47,70,35,68,87,34
80,86,69,36,54,97,89,62,84,81,67,36,46,77,33,65,44,58,33,33,52,51,61,60,83,51,64,86,47,55,60,71,67,61,56,87,35,45,39,58,91,58,45,45,57,61,66,56,49,61,42,83,35,39,80,81,75,35,68,43,68,39,59,90,90,34,60,66,97,98,70,50,80,73,74,48,36,73,77,57,76,73,55,30,38,76,51,65,48,95
44,32,85,51,56,42,40,40,72,75,95,48,66,84,70,44,98,74,69,53,45,37,45,40,89,94,62,63,31,78,76,45,78,91,35,72,81,40,65,91,72,30,67,92,72,59,91,82,46,97,67,76,36,45,42,35,78,71,95,54,91,56,72,45,91,75,83,48,50,96,34,65,58,64,61,75,40,79,44,83,86,59,42,45,38,37,69,91,67,88
75,86,73,95,67,72,64,81,67,48,46,80,64,97,96,57,68,37,54,56,30,51,90,88,67,44,57,43,52,70,73,94,67,91,92,79,87,54,39,57,88,36,55,66,61,44,37,43,57,67,77,85,76,69,46,66,51,46,68,59,96,44,80,83,82,47,58,64,80,43,43,61,91,69,40,53,62,82,38,45,52,52,86,83,45,53,49,81,77,92
84,60,94,95,53,46,93,58,32,97,79,86,79,46,70,77,78,93,79,48,46,55,72,35,68,86,64,90,94,69,70,35,45,70,37,40,35,66,90,68,38,96,78,91,61,32,30,52,77,55,72,68,50,40,30,30,47,30,64,74,63,51,36,44,82,79,68,83,76,80,90,84,76,86,58,71,71,55,61,73,42,59,67,75,44,88,89,65,74,83
89,45,75,83,48,93,73,61,51,70,84,79,79,57,61,36,65,38,79,98,84,81,51,89,45,61,38,89,84,63,30,75,92,78,52,72,35,97,72,78,48,80,69,71,70,45,61,51,88,67,66,31,54,84,83,90,60,63,91,71,60,66,46,34,76,30,58,36,58,58,43,84,61,55,49,97,85,81,89,52,89,87,48,72,58,93,64,43,39,97
52,41,71,86,47,78,91,79,94,78,93,55,48,45,73,88,45,93,39,56,59,69,82,72,35,71,72,77,95,40,47,82,55,71,69,79,49,68,60,33,82,96,78,89,32,97,84,56,88,57,58,31,34,30,81,31,95,36,95,42,93,30,73,72,52,58,43,73,98,57,79,51,57,92,55,68,38,53,95,53,58,67,93,59,78,64,59,54,93,75
94,46,89,44,69,36,83,44,79,95,59,84,91,66,94,35,35,66,95,67,49,42,70,97,69,35,92,68,74,74,96,39,51,52,61,58,50,67,98,70,59,70,68,84,85,94,82,51,38,65,67,71,79,59,86,89,96,93,55,77,33,75,62,72,31,37,31,35,98,48,37,67,46,58,60,33,90,78,31,50,71,94,32,85,40,64,95,54,97,56
76,50,63,94,62,89,52,40,91,83,68,85,85,65,93,57,87,48,41,69,47,47,32,35,89,33,92,49,88,50,80,30,44,78,44,32,72,65,63,94,92,30,47,57,78,37,55,47,61,54,92,76,32,98,45,39,40,34,95,87,41,74,97,79,86,54,58,89,45,91,86,54,68,36,40,77,74,36,82,64,43,66,81,76,31,39,40,93,37,95
90,89,33,64,71,39,66,98,42,73,84,42,33,38,54,54,76,80,73,46,91,71,92,39,98,39,81,52,53,40,54,33,83,94,52,72,32,56,60,50,47,39,78,53,74,98,85,62,30,79,40,57,94,93,81,40,80,30,53,90,78,30,61,31,40,31,51,77,63,66,40,63,88,44,85,63,50,90,56,36,74,79,97,58,72,93,37,48,81,65
45,58,88,70,39,95,83,64,42,46,75,81,61,52,66,68,72,68,45,67,40,92,65,84,33,57,80,56,86,97,52,83,40,49,34,38,78,98,86,96,41,60,72,92,80,37,32,84,36,62,89,47,61,90,43,91,42,85,67,52,62,39,75,64,52,73,43,91,89,74,85,93,74,91,70,49,47,94,43,82,38,73,82,96,92,68,91,82,95,98
77,32,75,70,81,90,98,86,91,57,70,78,34,43,80,62,82,42,69,65,74,49,53,67,40,94,79,67,66,62,57,35,75,62,66,86,75,55,62,31,83,95,81,73,45,55,55,42,70,90,78,80,94,88,42,68,84,49,35,47,66,45,68,76,73,36,98,69,58,79,61,55,89,61,65,64,34,85,44,40,95,52,44,46,53,49,97,67,66,87
46,47,31,39,97,74,89,51,35,81,33,35,45,31,56,43,59,75,61,46,59,90,65,41,98,42,45,70,62,84,59,80,44,49,54,63,97,79,55,81,95,84,63,53,97,94,83,57,30,49,33,42,51,69,45,69,83,61,59,91,72,39,33,46,47,50,49,72,56,47,92,93,59,71,85,54,30,86,52,76,34,77,55,59,82,32,81,80,50,92
79,45,73,85,39,51,33,56,42,40,32,84,40,36,65,81,72,33,96,45,72,31,40,61,55,68,97,81,30,45,74,62,41,50,33,94,83,47,43,47,79,36,39,70,74,42,50,65,61,88,41,47,62,56,46,86,88,79,87,71,96,66,62,66,45,73,72,69,31,37,47,36,66,69,87,82,38,30,80,84,46,48,63,50,96,78,81,94,84,43
43,82,62,91,62,38,85,69,85,78,87,63,53,46,53,68,47,33,64,82,75,73,90,89,85,56,42,78,62,63,94,93,45,96,32,39,71,53,55,79,43,55,96,66,52,45,67,86,80,83,37,38,31,78,76,95,79,32,52,38,43,90,85,38,60,90,32,42,63,66,58,44,35,79,91,88,61,75,80,93,67,78,83,30,90,82,68,51,95,84
89,87,86,51,33,83,66,70,61,53,62,31,58,54,32,39,91,87,71,62,48,80,91,68,34,41,84,43,36,41,58,74,48,45,43,61,86,50,53,54,38,47,56,65,59,62,53,59,72,89,92,50,68,50,62,64,68,65,91,97,32,86,79,78,59,89,49,85,50,44,74,30,89,44,92,97,56,36,59,57,71,57,60,53,72,85,60,77,92,90
55,43,34,88,77,90,80,40,57,86,34,84,34,47,67,83,59,49,51,62,84,66,98,96,83,68,71,42,44,58,77,45,76,37,36,59,88,67,72,50,52,54,63,71,96,53,98,71,83,30,61,55,37,89,97,52,83,73,96,93,47,44,64,74,86,65,68,85,67,90,65,96,30,72,39,34,92,50,78,42,73,86,75,68,38,80,66,37,42,42
89,51,65,90,52,62,83,46,67,53,72,50,98,66,69,35,34,53,88,34,84,31,51,66,51,61,67,54,65,84,69,75,52,96,78,48,92,52,61,87,90,36,32,51,31,93,95,34,97,32,80,36,94,74,54,65,90,86,52,97,32,90,42,44,67,55,89,43,90,83,88,42,90,90,78,34,37,61,56,31,33,81,36,52,37,59,85,31,44,30
47,86,42,38,77,30,59,46,53,55,66,89,68,55,37,78,32,75,98,87,93,71,76,47,74,42,56,31,86,49,93,58,87,46,37,94,30,80,81,57,81,45,48,69,41,58,40,71,65,38,50,76,53,32,52,67,50,37,58,41,75,52,92,30,96,33,54,33,33,36,56,93,48,53,92,89,57,34,65,63,96,35,89,47,33,94,49,75,56,94
49,97,63,83,54,88,65,36,89,90,58,87,97,38,66,60,66,39,87,73,77,82,37,30,38,97,95,48,56,60,66,80,76,68,53,82,49,37,45,67,50,80,93,35,54,87,53,77,54,56,66,49,97,84,59,56,42,80,93,74,53,83,54,75,38,80,80,65,72,39,74,96,55,36,98,69,65,70,77,41,84,36,34,30,35,32,32,41,66,87
91,98,84,55,54,80,62,31,42,37,85,51,85,41,34,68,62,42,86,85,73,81,92,44,49,78,42,67,74,48,65,63,33,56,41,84,40,72,92,74,41,49,81,87,89,88,39,67,72,64,39,65,97,35,56,77,32,79,98,61,78,75,88,77,76,79,96,82,33,87,52,49,37,69,63,37,69,48,75,68,41,84,36,49,43,48,80,84,98,36
37,64,85,84,96,82,76,72,48,95,52,77,46,81,38,85,92,59,45,47,96,53,77,43,51,58,36,93,74,36,67,88,56,39,53,59,39,66,76,43,94,66,90,90,35,57,86,45,91,79,51,43,60,51,54,40,37,52,76,78,70,62,35,70,31,82,47,46,65,39,44,96,69,57,45,44,42,64,39,50,33,86,94,80,75,33,51,86,94,82
42,65,69,41,37,55,90,95,59,34,85,78,63,73,52,70,30,85,92,40,33,30,70,76,48,34,55,41,68,75,51,80,54,88,44,86,76,42,63,52,91,73,62,43,56,88,64,98,30,54,54,61,35,72,36,91,93,55,74,92,72,85,72,86,32,91,95,92,76,93,55,54,56,64,76,86,58,61,47,73,81,36,63,31,44,50,46,84,90,88
34,87,88,78,30,38,38,72,66,98,57,43,49,79,70,65,78,71,81,92,87,80,57,80,50,50,50,35,85,77,94,65,31,42,62,63,65,55,35,87,34,55,69,53,76,81,65,64,71,32,86,39,98,67,33,39,37,61,40,43,42,55,77,49,70,40,78,92,53,59,65,40,70,46,94,64,33,62,72,90,82,59,40,87,32,47,98,38,80,53
75,55,93,63,56,49,39,48,67,82,72,34,61,52,31,74,38,97,62,68,32,68,39,66,76,89,88,46,42,39,59,76,50,88,57,52,89,98,40,62,61,72,91,57,61,69,97,37,35,34,83,61,76,44,52,80,85,92,50,41,79,51,76,77,30,46,77,78,98,64,87,98,43,61,48,55,87,90,54,43,70,83,49,95,54,37,61,49,72,65
45,74,76,48,64,44,83,85,77,87,31,55,34,84,40,30,62,40,33,63,74,41,82,70,70,53,82,38,96,58,68,88,90,60,89,94,57,61,81,31,35,83,98,57,85,74,66,75,36,62,62,76,42,69,91,36,76,75,39,74,97,36,75,31,84,72,55,92,79,86,62,32,81,43,57,50,90,53,56,41,31,82,44,78,42,98,46,46,34,46
88,85,82,42,94,78,46,64,62,70,56,37,78,30,55,48,90,48,42,37,54,58,48,81,36,37,76,46,85,45,53,35,60,86,64,86,56,81,98,38,67,47,97,59,54,67,41,93,65,30,65,62,91,56,36,39,59,82,78,83,72,43,88,81,67,90,35,79,81,40,41,63,86,34,44,39,66,88,75,44,52,98,65,70,80,72,58,46,77,83
85,43,84,80,38,40,92,54,81,48,81,81,30,98,66,61,62,38,33,72,95,92,56,60,46,74,66,81,70,84,52,74,95,45,86,67,64,71,37,71,90,89,83,33,37,70,80,83,50,81,56,87,77,90,45,41,71,43,35,95,32,89,34,63,69,42,65,53,82,89,68,73,56,90,70,52,69,89,43,68,70,46,44,82,65,89,33,83,98,92
69,98,95,76,46,38,78,98,87,50,54,92,43,76,84,58,40,46,41,47,83,31,94,73,78,79,72,73,81,41,94,43,73,75,30,82,81,78,38,72,68,68,49,46,48,35,70,74,45,73,73,40,31,81,98,46,83,45,40,61,84,86,36,66,30,64,57,46,52,68,57,63,44,72,38,96,98,93,95,85,68,87,41,88,74,43,96,45,49,87
86,98,62,98,78,38,80,34,90,76,81,65,78,49,94,98,88,87,62,51,81,69,40,73,66,47,35,91,37,38,37,61,30,58,61,53,30,72,94,62,41,56,89,39,66,62,95,91,53,82,55,82,92,91,41,88,92,41,61,75,84,75,81,69,43,35,82,96,41,69,73,48,80,97,65,95,83,36,39,95,80,57,86,80,96,45,77,82,58,98
42,85,53,35,45,56,49,70,32,92,74,39,37,38,68,83,53,40,88,83,78,56,73,40,91,91,66,53,66,42,40,98,58,70,96,74,57,88,94,72,88,93,61,73,83,77,38,66,65,58,88,62,53,94,61,39,52,70,62,46,55,66,94,75,71,43,64,95,87,74,63,64,81,80,86,68,77,34,88,65,81,79,35,81,67,41,60,72,51,79
59,71,44,63,68,63,66,82,91,51,74,89,66,86,41,43,79,44,70,38,61,39,73,58,86,50,72,98,38,60,50,95,55,85,66,78,76,90,60,71,94,40,33,52,75,73,41,71,35,65,81,40,97,73,61,58,36,42,75,58,33,95,87,63,30,90,94,31,85,80,35,56,43,94,65,38,53,66,69,51,97,38,95,92,49,80,32,35,83,74
65,31,32,53,95,45,81,59,57,78,77,95,79,84,51,36,86,75,54,84,75,67,45,83,44,69,45,51,83,35,78,59,78,32,91,95,45,33,95,49,33,75,73,53,86,93,30,59,38,38,83,43,57,52,90,54,57,61,46,30,68,57,46,54,38,95,38,34,37,66,47,82,72,32,43,36,43,65,74,75,75,64,98,30,96,32,79,42,91,86
59,49,96,98,63,75,55,83,64,32,84,95,74,79,38,79,83,49,42,89,77,88,60,65,30,68,34,33,54,55,84,88,43,95,62,98,48,59,50,59,47,30,68,82,81,74,81,89,80,56,72,64,34,40,66,41,33,49,35,90,71,59,62,33,51,42,34,77,81,60,48,42,96,49,35,73,87,50,42,51,87,79,46,64,58,38,45,41,46,65
31,75,33,77,85,91,80,86,62,57,42,78,65,60,48,34,84,67,32,78,67,51,91,66,81,67,30,98,95,94,69,46,42,58,72,43,86,59,58,63,72,67,88,34,38,81,46,58,54,36,51,30,76,48,76,60,55,59,38,63,91,48,62,86,59,31,37,80,42,40,51,66,46,79,73,58,48,30,93,59,40,35,59,71,60,92,40,78,76,92
48,48,94,92,35,77,53,45,74,83,35,56,80,63,50,58,42,92,87,97,44,75,35,66,92,39,83,91,35,79,79,89,58,75,50,31,79,71,83,97,78,77,47,91,35,63,80,46,60,51,64,52,39,77,91,48,58,91,39,95,54,65,78,37,38,82,82,77,54,74,43,43,79,90,71,89,91,54,72,41,65,77,61,92,97,90,71,65,89,46
45,90,71,53,51,90,30,88,47,70,75,36,58,47,77,73,78,40,72,61,86,88,78,45,42,30,69,42,54,30,60,82,98,51,97,97,62,58,62,66,82,41,72,64,84,56,96,53,47,94,51,32,98,39,54,56,42,64,47,45,83,45,34,68,77,30,67,63,52,56,50,34,79,53,64,50,71,74,66,80,38,54,48,36,66,44,70,78,47,83
95,80,87,47,46,72,40,98,30,82,48,49,75,36,35,47,44,84,83,84,69,75,82,54,77,45,82,50,61,69,96,39,89,61,58,51,64,36,97,46,91,97,64,38,73,98,83,60,53,64,93,52,68,70,55,97,43,77,67,35,60,60,39,31,32,91,52,42,77,74,90,79,35,34,97,72,54,66,95,89,72,94,67,57,85,53,53,78,44,75
70,41,58,54,69,66,86,82,63,89,72,94,55,71,88,82,89,45,60,76,74,83,57,66,36,65,78,38,77,76,67,36,36,96,71,56,84,76,59,88,87,60,78,30,52,65,91,39,54,60,55,34,68,73,54,65,73,30,93,86,90,56,98,42,84,46,53,98,47,53,75,70,78,65,89,38,66,83,46,35,50,30,78,30,66,78,45,66,90,56
60,79,45,69,76,44,32,69,97,46,49,55,94,34,30,59,81,66,78,33,71,44,98,44,79,37,44,34,36,38,33,57,59,30,81,94,56,73,42,80,78,43,49,30,32,94,51,92,64,57,92,42,45,64,84,47,86,42,97,98,46,41,79,89,77,77,95,58,98,46,64,54,51,83,63,53,51,67,44,39,73,79,61,89,66,64,61,59,72,60
79,54,70,55,31,50,68,40,39,52,33,69,46,89,86,84,91,97,82,71,92,94,55,71,85,59,61,37,43,81,36,77,89,65,85,98,88,86,65,56,61,72,79,64,66,30,30,42,79,80,52,79,93,70,67,30,42,47,32,92,71,79,49,30,56,96,95,94,35,34,79,96,90,59,74,49,82,76,93,43,41,79,34,30,90,95,88,53,79,42
61,34,43,61,94,80,96,58,53,44,87,97,56,93,56,98,69,92,42,46,80,91,55,56,35,52,85,52,47,33,88,47,71,47,72,89,34,97,61,36,83,75,77,97,33,91,96,54,56,85,55,31,98,40,55,94,42,45,72,96,52,71,78,64,37,71,82,33,45,78,58,91,56,41,75,76,77,70,85,95,55,87,31,33,33,56,48,72,64,92
80,44,87,61,67,95,44,56,51,51,78,54,43,81,79,50,67,43,73,49,36,61,47,65,57,82,33,82,40,78,54,86,51,84,62,48,86,82,79,31,96,82,35,57,61,48,70,34,52,45,59,84,80,83,91,94,91,67,39,41,96,44,88,65,86,93,63,77,50,95,49,47,52,53,68,61,63,42,59,50,57,89,51,46,97,59,75,30,50,43
55,44,64,39,65,91,40,93,81,46,89,33,53,65,80,64,56,72,56,60,35,44,97,86,86,85,33,42,94,55,52,94,73,41,53,83,85,95,45,32,34,63,83,90,45,98,32,38,34,70,58,72,66,94,55,36,49,44,45,32,83,81,49,88,48,58,42,83,83,45,58,31,68,34,98,72,91,45,70,44,55,53,88,92,65,65,59,49,67,81
90,96,39,80,50,66,44,81,71,96,34,47,88,79,79,84,96,35,43,68,92,54,72,52,65,81,56,48,41,97,65,54,91,97,77,40,59,77,98,39,70,61,74,82,69,81,72,54,33,66,54,71,65,87,60,41,55,38,40,61,37,62,38,58,96,37,88,90,45,80,68,66,73,81,35,47,33,38,81,78,96,59,69,79,57,45,48,45,64,32
63,64,78,91,43,93,80,65,77,68,43,45,70,79,50,68,32,94,97,84,76,34,60,61,45,92,65,97,48,51,83,85,93,31,79,62,57,78,44,52,89,67,43,55,54,59,92,51,81,81,30,78,49,41,73,63,94,57,48,88,56,97,86,73,86,78,78,90,79,66,40,93,53,38,63,55,39,49,79,91,65,84,75,39,73,87,98,73,73,84
45,84,97,39,31,77,93,33,44,32,66,61,43,42,61,61,66,62,93,77,36,75,70,46,44,37,52,85,71,57,76,33,89,92,48,74,86,57,43,91,33,33,30,73,65,82,93,83,83,70,68,38,32,60,68,77,74,62,39,49,60,82,67,89,63,60,33,77,56,76,71,48,68,41,46,90,82,44,36,80,78,56,64,72,41,65,97,35,41,43
43,96,36,40,93,77,39,57,84,88,92,62,98,59,73,30,74,34,68,32,82,41,74,43,65,39,39,48,72,86,65,86,63,58,46,35,82,55,31,42,87,71,41,75,75,39,36,81,85,56,37,80,94,64,33,83,74,53,36,35,57,90,48,48,82,50,66,72,77,32,93,98,83,65,49,72,43,59,67,87,42,88,52,43,81,88,67,70,34,41
45,73,37,89,40,39,91,61,82,74,55,36,30,53,36,51,46,47,78,67,42,58,66,76,45,74,31,60,58,35,79,96,64,90,34,69,44,83,98,50,98,47,56,82,60,94,96,59,68,33,40,67,51,53,97,93,44,96,56,51,79,42,89,80,58,92,43,43,62,49,79,73,74,55,77,66,79,86,77,95,64,68,71,36,49,78,73,46,97,53
92,73,43,63,87,46,37,63,70,59,31,90,90,84,63,65,30,93,59,58,82,57,43,84,57,59,73,78,77,97,75,39,51,53,73,57,49,49,70,81,55,39,77,70,94,58,31,75,57,94,67,35,52,77,32,58,44,43,43,49,82,61,41,67,30,84,83,46,52,50,40,70,55,92,83,40,69,87,40,54,30,32,35,32,55,46,97,36,58,88
81,97,48,72,90,64,92,59,45,77,56,62,30,98,83,96,46,51,47,37,96,94,41,70,95,69,82,30,35,50,87,90,57,73,45,94,78,93,81,92,78,92,84,48,62,59,98,71,52,33,80,46,34,55,76,40,51,61,62,95,43,88,65,79,41,62,70,98,43,59,30,60,49,95,35,53,68,72,35,94,67,52,96,91,57,38,74,44,55,37
71,35,68,55,97,67,92,71,87,66,43,60,88,97,35,31,53,50,60,46,76,52,75,72,38,41,76,61,78,89,93,88,90,90,90,94,80,50,68,50,40,51,69,63,68,96,44,88,93,37,95,31,36,46,95,91,62,41,42,42,34,62,61,96,34,36,48,47,30,90,50,85,51,65,41,48,69,40,76,63,87,91,47,69,82,95,46,95,35,37
75,67,37,59,42,83,72,85,62,96,57,62,78,30,90,90,80,67,88,81,60,44,82,45,30,38,74,57,88,54,94,34,42,80,74,35,86,91,57,78,89,47,57,94,33,96,45,89,96,53,77,72,37,86,91,42,83,86,49,40,30,35,61,81,67,80,72,81,90,80,47,92,61,36,53,77,33,86,61,38,98,80,46,71,82,52,72,66,73,93
59,53,62,42,49,90,52,67,71,31,69,30,47,73,83,31,59,72,78,40,84,51,85,52,79,35,40,77,75,33,72,48,81,38,63,71,32,33,78,33,55,89,43,98,97,55,81,78,74,74,83,59,50,87,92,56,82,62,72,49,55,66,77,34,48,46,31,82,59,38,48,43,84,50,31,72,31,90,62,71,89,58,42,51,40,58,81,75,47,90
33,36,31,59,61,68,64,73,69,80,90,70,34,86,48,46,38,87,89,38,63,64,39,86,68,54,67,35,49,87,37,38,87,63,67,35,55,90,30,89,83,65,81,46,55,87,95,43,71,45,54,80,58,45,63,45,52,88,88,70,81,32,76,92,40,86,52,46,48,44,53,71,33,76,88,60,88,75,52,33,54,97,31,82,67,51,74,50,78,81
66,44,88,34,83,92,93,52,31,45,39,35,32,49,88,50,32,91,78,58,33,51,54,49,40,34,60,51,46,87,60,71,78,89,66,45,35,63,46,67,84,70,43,82,82,38,66,75,84,64,74,41,85,60,46,88,50,34,61,41,34,47,76,60,74,73,60,85,63,62,54,62,86,73,80,79,61,74,37,61,76,41,66,40,88,42,48,72,71,83
55,42,56,98,46,89,58,39,57,44,53,33,60,90,68,56,40,47,44,32,42,65,51,52,77,93,75,54,64,59,97,82,66,80,63,71,46,31,94,73,53,85,52,59,74,41,66,58,85,82,41,75,39,84,57,80,71,42,96,51,57,32,34,34,55,47,91,62,91,80,72,79,44,37,49,85,81,44,65,30,35,84,71,71,42,30,65,57,38,41
54,32,38,36,84,59,95,72,65,48,50,75,51,43,36,79,91,73,96,45,37,69,82,45,53,36,94,51,52,65,30,83,92,85,77,46,44,85,82,37,96,78,86,44,57,40,93,73,88,72,38,51,53,53,60,45,73,38,76,83,58,46,89,66,51,75,56,83,85,55,36,38,32,61,44,74,74,49,96,63,49,50,47,39,51,84,57,30,76,69
31,48,31,66,87,69,59,79,90,50,55,81,83,67,72,39,76,85,40,83,65,40,47,77,33,80,83,93,98,42,84,43,68,38,82,57,33,66,73,60,31,92,79,68,68,72,68,69,72,91,79,68,69,71,76,43,59,97,37,46,51,34,43,90,44,38,39,56,87,69,48,51,45,46,77,93,97,35,84,52,72,79,56,97,82,51,43,98,81,32
64,79,79,48,58,43,91,84,79,73,46,67,40,66,69,33,92,39,32,90,91,59,61,78,90,88,35,49,54,98,86,37,67,36,66,79,68,56,37,45,83,70,66,86,93,46,95,37,89,41,33,84,56,68,62,65,41,78,63,87,89,74,55,56,97,75,93,31,66,33,36,86,43,62,59,61,43,81,82,98,88,60,65,53,80,86,95,53,46,81
45,68,84,60,47,47,85,93,75,43,95,78,75,65,92,57,70,34,91,56,66,93,84,46,31,43,35,53,88,78,65,87,74,41,41,91,46,44,68,86,45,70,30,79,70,35,49,73,94,37,83,68,57,44,65,45,32,80,45,83,82,71,97,82,94,40,42,93,51,92,95,61,68,83,86,90,84,40,98,30,92,74,57,85,69,58,69,83,44,84
40,82,81,74,78,68,65,67,82,31,95,83,90,69,93,74,70,86,86,61,85,42,86,55,80,79,88,84,80,55,78,82,92,44,65,91,50,37,80,65,77,86,60,40,92,98,50,38,83,97,78,39,55,96,76,71,46,45,97,55,31,34,81,32,68,43,65,87,61,47,36,41,46,86,38,87,63,77,65,55,89,91,74,40,58,96,98,92,53,31
80,35,86,79,34,76,77,50,82,80,74,44,87,50,55,44,56,63,90,32,49,68,50,79,79,53,57,90,96,47,87,76,86,94,60,49,71,82,38,42,86,95,55,43,95,61,94,46,71,96,49,74,56,63,93,72,72,82,82,77,92,71,55,82,79,50,80,63,49,76,41,73,43,57,76,45,38,50,35,51,49,93,65,98,59,98,87,72,54,48
43,45,60,74,69,56,32,56,89,93,70,89,67,58,94,96,39,71,74,75,59,50,42,68,53,32,77,49,66,90,90,71,48,87,89,52,70,74,30,56,41,54,37,94,59,51,94,94,66,45,48,85,96,47,86,67,71,97,82,46,37,97,67,44,38,72,83,38,94,73,66,58,48,55,31,67,37,42,66,41,55,59,70,44,92,79,81,66,73,86
65,75,34,73,58,62,63,51,66,80,82,66,80,52,93,74,54,63,72,78,54,47,86,68,91,66,94,96,84,85,43,86,52,87,61,68,32,41,58,89,48,49,59,40,93,57,71,48,49,43,36,59,43,55,94,78,96,49,34,60,41,49,57,50,51,97,47,96,97,46,54,85,68,92,63,33,57,71,52,62,86,88,40,37,30,31,64,34,64,55
58,55,90,91,92,62,98,52,74,41,86,95,93,87,52,84,41,94,67,62,56,54,55,72,90,85,83,73,69,55,87,77,85,74,72,37,84,81,66,97,75,80,96,39,80,35,67,93,66,30,34,53,35,64,55,92,83,85,39,83,86,53,82,72,46,30,75,71,68,95,33,71,68,82,38,57,43,83,95,68,89,59,38,39,98,58,62,75,35,61
98,61,79,48,71,76,47,62,58,57,81,98,57,65,40,75,70,69,89,92,34,54,44,92,37,92,33,42,85,58,44,69,92,95,49,38,75,71,30,72,45,87,92,49,74,91,45,31,92,51,48,50,83,35,47,92,30,51,86,78,53,61,48,83,46,55,55,51,92,86,37,55,75,80,42,63,98,93,90,40,67,73,32,94,59,59,91,78,53,77
46,87,42,80,33,56,68,91,87,55,72,96,73,43,86,81,79,33,73,95,54,66,62,93,72,45,88,52,66,69,75,89,64,36,47,86,49,32,91,92,30,75,56,41,89,74,71,47,31,39,48,36,76,74,48,50,63,35,84,82,53,30,91,58,41,70,50,74,84,37,49,69,68,87,55,77,52,90,32,72,55,38,66,37,42,73,33,48,38,32
41,59,70,89,95,36,65,60,76,49,64,54,96,68,72,47,95,46,47,74,70,93,71,57,50,72,72,88,57,62,98,49,45,62,44,56,31,74,73,81,30,59,52,37,45,75,55,68,55,61,54,43,93,69,53,97,94,38,55,58,93,31,52,62,51,42,55,41,49,96,72,86,83,54,64,44,32,61,49,42,89,89,87,71,37,94,58,64,45,92
38,49,46,44,94,93,95,72,39,70,61,59,71,41,65,58,83,77,84,50,59,75,53,88,75,92,33,58,47,52,44,44,82,30,48,73,92,57,55,38,77,42,57,82,80,75,52,30,84,73,49,42,64,93,69,43,77,52,31,67,92,88,38,37,86,60,60,74,88,55,87,74,45,62,89,86,68,96,53,30,43,93,37,62,57,69,30,90,77,95
76,72,53,97,67,97,70,59,46,98,39,83,57,48,41,68,78,85,71,91,35,50,59,31,82,44,77,92,67,90,65,56,66,45,67,49,58,89,55,67,33,67,77,40,45,36,38,63,54,77,92,35,50,97,78,71,45,52,62,56,36,75,72,43,45,32,74,80,58,78,75,71,80,58,34,84,85,37,34,91,72,40,50,62,47,44,76,62,35,67
92,80,38,55,74,91,46,44,70,81,73,30,52,89,30,35,73,69,62,88,85,56,72,95,82,52,49,79,80,30,33,55,54,63,79,53,82,79,34,86,68,73,95,36,80,32,47,46,34,67,38,77,89,33,46,48,92,75,85,77,53,30,57,46,63,95,45,55,64,33,30,93,49,58,82,34,79,47,75,53,60,88,56,39,74,90,87,56,44,36
34,54,94,68,88,54,43,46,75,82,53,97,92,49,63,75,39,71,94,77,94,85,80,71,30,73,62,74,66,74,92,43,67,55,66,43,30,81,53,39,34,72,85,76,46,70,57,39,70,57,81,94,69,84,68,57,70,60,71,68,63,97,58,67,30,60,52,67,98,39,59,71,79,60,34,38,78,83,97,97,97,53,68,54,56,81,84,80,51,78
86,35,69,62,73,90,74,42,44,94,83,75,67,40,91,73,53,47,58,86,69,30,51,61,55,71,47,90,34,58,62,40,75,97,93,77,87,41,96,75,45,98,61,50,47,84,81,72,73,42,84,63,96,34,78,48,48,72,77,64,36,96,76,60,78,50,76,50,79,40,50,89,86,62,36,68,37,65,64,74,85,97,82,64,53,51,51,70,90,82
77,62,59,74,33,44,68,84,90,87,71,39,39,35,88,44,76,68,98,48,42,43,62,93,43,90,41,94,48,60,85,95,83,79,41,60,58,30,70,47,75,30,91,98,68,80,41,43,49,31,86,91,39,66,42,65,84,87,85,55,85,30,97,75,67,93,83,67,93,51,45,57,51,70,64,83,65,98,32,87,96,38,50,49,94,70,74,50,47,59
97,65,95,69,53,54,95,93,79,37,91,36,71,40,92,45,42,62,98,38,79,30,48,69,40,87,60,30,73,60,72,46,74,73,56,81,96,76,96,88,50,75,61,86,54,42,33,64,56,95,78,79,84,66,30,56,70,44,93,51,89,77,41,34,42,89,69,96,72,75,55,70,72,67,35,89,98,85,62,88,72,83,66,91,59,57,74,58,34,40
52,36,91,89,31,98,71,48,70,61,69,85,43,88,49,51,58,95,72,54,42,86,34,89,64,56,68,89,31,43,68,45,35,51,41,35,40,65,76,34,55,74,85,71,53,39,93,85,85,49,70,95,58,87,65,74,74,41,79,81,60,41,36,88,43,55,50,88,60,30,72,82,34,35,37,70,94,89,91,41,55,58,77,70,46,90,53,87,48,34
43,54,72,60,30,81,96,94,85,44,43,53,35,44,47,75,98,79,88,52,79,75,48,41,74,94,52,92,77,88,53,79,67,80,43,76,53,55,52,58,85,58,61,34,73,68,71,53,97,67,56,76,73,44,82,93,53,58,72,61,37,76,49,73,94,64,78,55,83,36,95,97,81,70,41,39,40,35,49,91,76,92,91,53,30,87,46,62,58,51
79,49,71,90,31,56,63,45,94,56,81,61,42,57,90,74,74,87,44,47,71,43,92,45,34,52,87,94,30,31,70,59,88,62,89,51,36,77,81,94,36,55,89,98,36,44,48,63,46,69,44,39,52,52,79,51,94,41,36,62,33,64,49,83,46,72,85,56,98,41,59,94,39,95,90,47,44,34,40,88,64,86,41,74,44,75,59,39,36,87
64,33,65,94,90,75,82,80,86,55,55,57,95,57,94,94,81,37,54,70,36,35,47,90,74,45,35,91,76,44,32,47,40,88,51,66,77,82,68,98,80,37,74,63,66,74,49,95,53,73,77,90,73,58,81,59,78,69,59,98,38,85,44,66,87,74,53,54,84,31,42,93,95,74,36,75,64,69,43,66,72,69,96,57,61,43,89,53,64,86
92,74,59,32,40,33,57,39,70,51,90,87,68,90,89,72,62,34,59,34,61,93,81,61,31,70,71,93,40,89,95,35,75,89,66,93,74,35,44,44,87,95,30,98,35,74,69,75,53,31,44,73,79,83,93,97,64,43,33,82,32,32,92,93,79,43,74,52,33,42,69,74,83,68,45,36,75,61,50,98,86,46,40,68,70,68,43,57,52,65
96,88,56,91,49,87,36,58,57,62,54,63,76,85,66,70,83,66,57,46,46,56,94,34,45,51,70,89,80,80,39,52,66,67,73,35,96,41,70,78,56,49,93,88,88,62,83,60,44,86,73,51,57,62,73,94,68,78,51,80,42,92,46,85,42,41,83,69,80,36,94,40,92,85,45,74,69,30,57,34,40,85,41,55,84,50,72,78,48,84
30,79,85,84,63,35,98,90,96,79,41,87,88,42,55,63,50,48,83,85,95,96,35,83,61,88,31,84,77,85,51,95,50,93,42,77,50,56,49,66,45,57,63,79,89,34,76,92,37,70,68,39,93,88,91,46,92,34,40,98,41,81,94,72,71,83,75,92,60,75,96,45,78,75,78,45,90,83,36,60,90,32,43,61,52,93,61,89,56,77
91,44,38,52,67,85,76,46,38,64,48,43,50,74,44,96,36,30,57,60,35,70,35,69,83,33,79,47,44,72,62,97,55,76,55,62,97,69,42,39,66,32,68,83,79,85,69,49,30,93,52,71,40,86,56,42,46,37,98,58,63,62,52,38,71,53,49,79,52,51,93,53,55,86,71,62,79,75,77,65,44,31,37,83,53,53,90,95,60,82
86,78,51,43,58,80,80,54,96,94,37,67,79,85,81,65,66,45,86,68,49,57,91,75,38,89,65,32,59,61,95,72,88,54,90,59,75,86,87,76,56,92,97,41,30,70,33,77,62,53,78,67,95,52,78,73,40,43,93,68,75,54,38,84,73,48,42,55,88,42,90,66,50,36,50,72,65,43,80,73,38,34,73,88,75,67,75,50,70,42
32,86,32,75,72,59,61,76,53,41,30,97,48,63,94,61,71,45,57,78,95,78,44,90,90,76,35,53,70,43,50,83,64,92,39,64,90,66,45,46,37,70,87,65,72,89,95,65,32,42,87,80,88,61,64,93,55,42,91,81,48,44,44,34,36,76,52,60,34,76,45,37,91,70,36,45,75,88,41,51,63,86,38,81,70,46,84,81,41,37
84,34,96,97,84,91,45,97,92,51,38,87,35,79,53,92,62,68,44,34,36,51,47,94,41,41,79,45,41,85,40,43,30,84,76,63,92,52,78,42,47,65,35,67,97,65,97,94,54,75,72,49,83,59,66,66,30,71,83,42,92,50,53,79,55,92,66,44,44,36,44,53,68,33,33,68,31,46,77,66,88,80,60,86,83,83,35,83,69,42
48,95,63,98,86,30,58,87,86,69,75,88,54,51,81,78,42,30,72,79,87,78,62,79,87,74,38,52,41,43,53,70,73,86,77,43,66,60,58,53,93,60,87,69,60,80,84,43,36,57,87,68,51,50,59,63,78,46,49,66,57,59,93,64,81,68,64,51,80,59,84,44,30,93,37,77,31,96,40,90,38,50,87,32,80,62,78,44,93,38
51,79,43,50,84,53,95,97,94,48,94,44,68,92,65,50,75,49,67,90,90,58,59,44,49,93,46,45,43,76,42,54,54,42,69,73,35,44,98,67,41,80,36,70,88,80,43,58,64,34,76,57,77,43,37,76,79,35,83,50,32,43,62,60,79,73,98,78,92,90,72,86,81,82,31,96,73,72,71,98,57,72,75,30,53,80,97,90,30,44
73,42,63,57,98,57,83,61,50,57,70,56,94,50,79,45,32,87,38,46,51,89,48,32,32,39,49,67,55,95,39,54,95,89,45,45,32,95,64,54,89,36,42,54,31,61,98,86,74,44,53,30,53,80,88,68,32,80,53,53,83,42,80,82,51,72,32,73,30,30,67,62,85,72,76,56,82,55,93,85,86,94,73,69,66,72,31,46,88,33
86,86,41,41,81,35,68,34,77,31,63,32,52,52,41,87,73,66,56,85,89,89,54,78,53,48,80,50,33,44,92,90,31,76,70,83,37,36,37,53,67,36,74,83,57,33,51,30,73,63,91,69,36,48,98,52,43,64,37,41,71,67,96,84,73,75,94,92,61,36,98,70,76,61,60,71,84,95,97,95,51,67,38,89,79,94,75,50,41,57
36,73,95,43,55,83,83,90,65,35,31,32,66,73,89,62,46,48,36,94,71,38,67,56,57,80,58,48,34,66,60,53,96,49,70,81,40,94,31,93,83,36,57,35,44,65,53,51,85,38,49,92,48,43,44,85,30,48,51,47,80,72,69,41,72,33,39,97,70,61,91,34,77,48,91,50,60,82,38,97,39,63,98,85,76,37,51,65,94,32
90,50,84,75,61,81,37,68,56,53,68,57,46,59,53,52,76,86,35,31,51,52,41,39,37,50,91,61,45,63,87,88,77,91,78,53,41,39,53,79,64,83,90,82,75,71,76,56,94,40,82,62,34,78,37,50,85,58,36,77,57,45,32,78,96,90,48,40,40,74,30,35,83,34,48,30,78,84,49,45,41,48,86,98,31,78,76,30,89,74
78,74,94,76,65,68,38,89,35,37,60,35,91,30,46,33,98,78,98,33,32,86,46,59,38,88,92,53,72,93,54,31,92,69,75,74,37,74,40,36,56,96,66,77,82,59,84,60,72,88,66,55,96,89,32,62,35,57,77,42,36,95,94,98,64,72,44,76,49,77,83,91,71,86,50,45,48,76,87,89,69,38,39,72,32,75,54,75,93,38
82,79,51,66,72,57,34,34,49,97,42,53,96,34,57,75,87,65,55,61,60,80,63,51,61,82,65,68,88,47,48,37,80,97,89,46,80,66,49,81,64,54,51,76,83,32,71,38,69,35,63,82,73,64,76,59,52,80,85,95,67,69,78,36,67,65,53,45,41,80,53,64,63,68,33,84,51,70,98,71,32,83,53,30,33,51,69,46,94,55
74,56,54,73,72,50,92,65,76,96,61,62,40,33,73,38,64,83,96,43,56,30,89,52,41,87,86,86,44,47,87,43,38,80,95,95,54,69,44,63,50,98,35,48,86,38,97,93,83,42,35,93,64,44,41,64,43,51,32,91,58,37,66,89,98,88,77,90,60,83,86,69,89,45,73,94,53,40,73,86,81,30,97,87,82,69,74,59,46,35
58,43,72,33,49,64,42,64,80,81,37,76,70,37,74,96,93,89,34,61,44,57,79,41,84,85,37,53,70,97,69,36,87,77,39,55,35,44,77,87,71,81,68,55,76,48,75,32,73,32,89,70,81,96,62,56,60,43,82,85,31,62,52,83,91,43,49,64,44,59,45,38,94,68,96,83,41,90,55,46,49,62,68,35,34,84,80,34,57,30
45,43,86,40,76,78,39,61,31,51,30,49,57,96,77,46,66,89,69,85,95,81,57,38,76,38,60,67,72,42,50,76,43,56,84,77,60,38,69,54,37,52,68,95,95,55,91,63,97,93,42,53,76,70,42,34,34,43,90,41,92,67,75,76,47,78,67,31,75,32,36,80,97,97,68,45,94,46,30,86,39,84,72,87,83,42,65,55,40,90
86,45,66,54,33,49,72,54,52,61,65,76,50,72,33,41,84,55,74,94,37,31,73,78,90,91,96,58,85,36,85,48,49,54,65,95,42,52,50,31,80,83,31,69,86,54,90,77,70,90,46,74,62,36,40,52,31,90,44,46,41,93,39,89,73,51,55,82,95,31,85,36,30,39,52,47,98,40,76,98,54,71,71,68,56,81,46,90,66,88
88,52,92,87,53,78,55,67,46,68,52,83,38,47,85,58,66,71,39,48,37,75,80,47,94,83,77,34,39,61,37,69,30,60,95,68,67,41,72,93,58,43,34,40,87,61,80,57,45,67,96,82,67,87,64,64,57,30,70,86,75,79,68,73,72,61,67,45,35,59,89,89,96,72,89,61,71,54,33,37,46,50,51,80,46,49,86,93,30,74
94,61,79,93,91,60,65,97,33,40,44,59,58,79,51,71,74,91,52,92,69,67,62,40,86,95,30,56,30,95,41,72,89,74,35,54,32,34,34,95,63,94,38,42,65,74,52,84,96,62,32,71,62,62,59,63,73,83,68,65,78,50,35,63,90,48,59,80,49,82,44,80,75,74,84,64,41,51,37,39,60,58,75,41,35,89,79,75,90,64
96,76,44,89,58,33,44,51,72,42,88,81,45,86,81,50,72,78,53,36,55,75,47,71,87,40,69,33,90,92,85,72,91,64,43,61,78,92,32,39,75,39,48,38,63,66,37,79,81,33,44,33,83,73,86,59,66,97,61,64,37,90,59,88,36,45,42,83,46,85,58,67,58,67,57,43,57,54,50,48,38,96,47,57,40,73,45,57,44,38
41,46,63,93,38,64,94,43,79,53,64,66,89,42,79,77,44,84,89,51,44,67,87,50,39,88,41,80,87,31,50,41,50,41,46,42,31,47,72,88,74,72,78,94,70,53,84,98,60,93,30,52,67,36,62,96,30,76,69,41,44,87,77,72,52,50,64,75,32,36,83,58,79,70,48,56,38,81,67,56,41,93,35,84,36,92,32,32,63,37
95,39,48,75,49,60,50,69,67,42,82,94,46,37,83,90,40,31,45,52,56,72,40,32,82,30,50,67,78,61,91,68,70,86,82,90,34,87,30,95,34,41,43,98,86,78,77,45,94,69,35,98,52,57,30,71,69,80,66,68,83,47,53,47,33,83,71,51,30,60,71,80,48,33,47,46,39,48,34,30,40,58,33,65,98,92,89,55,94,85
37,75,35,38,43,48,67,94,73,72,40,91,47,75,83,80,53,72,46,59,30,33,67,39,45,48,68,59,57,39,74,35,59,88,30,50,39,71,83,79,43,65,48,36,81,93,52,82,94,47,82,45,72,61,47,87,58,41,73,66,72,50,85,96,93,77,81,62,96,64,77,56,64,98,67,90,43,51,83,65,50,33,38,64,81,96,76,76,65,87
98,31,78,86,86,44,43,81,30,60,30,50,44,57,96,91,70,41,50,59,79,81,54,83,31,69,73,65,84,92,49,40,66,63,67,85,58,76,97,45,89,42,88,80,96,49,87,66,61,83,63,41,93,56,90,92,96,66,83,69,75,31,71,73,47,39,36,67,88,39,56,42,63,86,44,35,68,72,39,32,93,89,98,86,89,86,36,56,94,35
41,73,60,78,73,97,60,63,92,44,36,97,44,57,36,70,34,54,89,43,42,87,35,40,60,89,72,79,59,67,74,98,82,96,59,85,63,54,32,91,92,35,81,79,68,49,95,58,50,96,98,45,89,58,81,70,72,89,62,83,80,72,70,98,41,49,87,91,57,55,78,96,70,31,52,43,56,62,58,84,80,86,76,87,41,59,72,61,50,87
96,55,45,64,40,36,90,32,84,61,58,42,35,68,37,51,38,78,71,98,71,68,53,36,34,88,76,78,69,36,76,63,43,39,70,41,60,43,44,40,46,37,51,51,88,33,82,58,42,82,68,65,56,39,85,31,50,39,70,44,45,32,55,69,83,56,60,51,49,56,68,65,33,59,68,89,55,33,71,92,84,68,71,64,95,68,37,45,68,40
73,57,56,69,59,41,55,66,72,33,62,57,52,53,59,91,85,46,95,68,94,54,89,49,94,56,67,71,97,98,62,88,62,31,71,53,74,94,48,54,66,72,67,88,86,91,70,30,92,36,32,39,41,78,72,35,55,64,55,94,36,55,33,49,87,58,69,36,54,48,68,67,53,97,31,58,94,75,64,77,57,88,98,30,62,50,66,30,45,68
53,85,57,46,35,64,94,83,40,43,96,64,73,35,30,32,37,58,33,86,80,83,71,79,86,66,78,33,47,96,75,62,68,70,57,51,73,45,76,77,43,76,64,53,62,82,70,49,50,35,60,60,50,38,33,34,40,49,42,64,39,66,44,33,38,62,32,63,67,71,33,74,59,79,85,91,45,82,48,74,88,86,57,94,86,55,52,53,43,61
97,94,46,53,51,74,70,68,38,33,80,50,93,82,81,87,41,49,67,55,73,76,98,94,79,62,91,57,63,45,53,40,40,83,36,94,31,57,49,65,70,69,75,49,64,70,75,37,67,40,35,72,38,30,42,44,84,40,32,47,32,41,66,77,42,98,65,65,65,79,80,37,88,34,73,48,97,89,74,70,50,38,41,96,64,58,94,44,65,45
91,40,32,51,59,90,54,77,46,81,85,36,49,58,73,37,78,49,35,50,65,95,74,92,67,82,51,82,62,53,47,81,41,47,93,67,75,69,66,42,41,51,59,34,83,32,78,39,59,87,94,75,81,47,64,94,31,53,87,48,38,40,90,51,60,50,50,86,59,71,63,98,53,98,79,61,83,51,88,36,88,45,76,88,37,61,94,79,71,86
89,81,43,35,43,75,32,43,70,86,61,42,51,80,77,70,91,95,68,77,88,33,34,38,58,86,58,60,90,81,80,51,87,52,69,35,67,55,72,84,76,60,57,82,55,59,59,60,93,72,89,68,50,94,62,82,62,66,45,65,48,93,60,83,79,65,85,97,37,39,39,75,54,33,49,73,62,68,94,70,50,84,72,60,46,77,82,79,75,30
95,31,30,58,88,30,68,84,72,50,67,55,62,83,56,82,47,67,61,55,86,52,30,55,31,35,43,82,72,56,43,86,96,76,69,97,51,77,32,90,59,86,70,81,43,75,74,96,92,65,30,58,92,42,51,48,50,69,92,97,62,59,57,67,76,34,58,79,40,87,76,56,76,57,37,93,91,30,82,66,63,62,52,55,88,57,42,48,74,98
51,51,36,58,85,53,86,46,89,47,70,95,40,69,35,44,92,54,70,45,94,96,90,32,51,84,70,33,76,44,87,88,84,94,47,33,35,33,49,41,41,40,77,38,73,39,69,39,56,77,46,65,57,52,89,74,48,49,37,45,45,79,69,34,61,50,34,69,79,54,53,51,64,94,36,90,72,73,89,72,36,58,82,94,75,92,66,73,46,36
51,37,82,49,52,33,94,63,74,80,47,96,51,50,66,46,92,88,69,65,87,74,77,97,70,97,41,84,87,79,31,47,71,36,32,33,83,70,49,92,79,47,59,58,57,31,68,59,33,64,36,97,39,75,67,95,43,60,93,40,59,82,39,96,43,37,88,80,50,76,41,37,93,30,53,54,88,85,72,37,54,88,50,54,57,78,93,92,77,37
96,55,41,61,73,81,68,59,70,93,53,82,95,36,92,52,52,95,34,41,83,58,54,40,96,87,50,72,45,65,31,66,78,86,95,85,50,67,88,31,58,96,47,54,79,60,45,51,30,59,95,64,68,59,92,90,90,46,81,42,64,44,52,92,86,77,47,55,54,49,36,32,88,31,46,84,80,59,33,87,57,35,85,49,69,82,43,83,69,85
60,46,37,90,84,46,91,60,44,53,83,97,30,57,76,62,33,82,77,82,88,93,78,93,54,93,33,74,95,75,32,67,87,61,37,71,44,57,49,74,82,83,53,39,56,95,79,71,51,66,96,69,44,71,86,69,88,72,73,40,71,77,41,70,86,63,76,60,58,44,88,73,35,56,67,92,35,53,63,39,76,47,77,77,46,77,47,38,79,95
35,98,63,97,44,75,53,42,33,48,51,42,71,57,61,43,65,56,78,36,52,86,69,80,65,50,73,59,73,34,39,63,34,96,42,36,76,74,64,89,50,61,47,56,54,79,62,40,44,42,37,32,31,97,53,63,54,59,58,89,84,58,47,94,90,92,63,92,91,39,77,33,66,90,59,81,93,46,76,72,37,53,88,75,77,87,38,58,97,37
36,97,64,90,35,54,30,39,41,47,82,95,70,45,49,48,64,44,88,74,68,49,71,76,69,47,43,34,70,60,51,49,62,44,83,65,81,94,60,82,41,51,86,47,57,74,33,95,87,45,30,92,74,72,51,30,49,84,75,44,71,62,57,39,78,55,93,54,65,40,39,42,65,62,48,43,39,46,76,71,91,85,46,34,92,34,31,30,74,34
80,58,52,60,42,82,45,65,74,66,64,68,74,79,75,70,92,86,91,40,36,38,82,82,44,94,72,45,64,86,98,31,88,34,89,35,79,90,82,65,88,49,83,66,37,98,43,31,30,76,88,81,64,50,62,74,70,91,85,63,69,30,56,88,50,86,50,54,70,89,92,56,70,86,57,64,42,87,98,40,76,50,30,57,67,37,78,50,95,33
93,60,40,92,97,84,36,86,92,68,75,71,56,42,89,92,59,82,31,51,43,96,67,39,95,67,95,67,34,68,78,62,50,97,56,46,84,36,77,76,98,65,94,34,54,41,72,76,95,64,76,55,95,30,31,59,43,65,57,95,96,63,53,50,73,39,33,30,95,94,68,78,44,64,79,64,42,84,32,84,50,71,71,78,93,55,96,32,60,62
49,72,55,59,53,77,44,96,30,94,38,44,64,65,87,97,81,64,31,42,66,48,92,83,37,98,48,67,97,49,38,86,55,65,45,79,82,77,39,98,31,49,73,47,69,87,38,58,47,34,35,42,49,57,88,63,56,98,34,71,57,76,52,42,98,64,81,60,86,83,46,84,38,65,75,69,58,59,85,33,81,40,80,46,51,74,76,89,60,50
41,93,95,65,31,98,52,95,32,49,77,70,60,98,55,67,46,60,52,94,45,87,45,97,93,81,86,84,84,38,66,84,46,61,39,64,46,66,57,82,81,77,39,31,58,76,64,76,40,45,39,68,37,67,50,36,72,73,92,44,30,59,91,77,57,84,80,50,44,51,63,93,89,80,57,61,33,40,87,63,56,78,87,31,66,96,40,75,46,97
30,65,52,49,31,32,86,76,53,44,90,43,35,37,50,56,46,63,83,58,79,50,65,77,62,44,41,98,67,46,60,93,89,40,49,39,31,76,80,95,58,60,54,40,59,41,60,35,42,52,58,98,50,75,57,59,68,92,35,92,79,61,79,47,48,30,86,35,62,95,92,44,75,46,58,64,92,47,86,43,87,47,30,55,54,43,81,37,74,66
92,80,88,32,71,69,75,36,72,73,59,90,74,84,86,92,45,83,87,41,95,74,80,94,59,77,94,45,43,57,53,52,51,67,57,58,78,64,41,44,96,42,42,82,67,67,62,85,89,89,54,43,39,57,82,37,63,77,95,65,89,85,55,31,36,73,82,90,97,51,60,70,64,37,64,97,88,84,50,93,93,41,78,98,95,53,43,58,34,38
81,66,88,37,64,75,82,68,97,72,75,93,85,68,86,95,41,64,91,57,41,69,62,47,90,82,36,70,47,50,42,60,87,88,53,50,92,77,84,80,89,62,67,63,49,54,70,42,94,52,39,77,98,42,82,67,95,90,84,62,38,53,57,36,86,54,45,31,54,84,69,93,56,91,62,32,45,74,77,63,66,73,78,31,77,79,31,57,95,57
67,37,93,64,83,36,66,39,56,97,85,98,31,50,37,50,41,85,50,75,54,36,47,62,87,47,94,55,42,69,91,32,65,72,79,65,34,43,83,36,54,34,66,85,45,42,48,87,93,96,84,50,31,68,75,39,41,42,60,79,42,57,63,87,79,93,83,59,55,46,56,38,69,63,77,63,33,47,79,80,72,34,31,64,36,57,54,95,61,90
88,37,84,91,34,33,72,98,79,81,55,55,33,31,31,54,82,49,61,38,41,79,60,71,87,92,75,66,65,82,48,67,51,57,75,52,74,50,53,48,35,84,79,65,72,95,84,54,81,41,30,74,98,97,41,81,83,52,61,30,82,76,68,60,47,89,52,30,39,98,87,36,82,60,69,41,51,56,41,61,68,37,56,80,97,93,39,93,32,39
79,85,52,96,70,79,63,48,77,89,59,69,85,41,32,89,77,30,84,82,85,65,44,36,42,54,60,92,64,78,85,58,46,77,48,53,85,96,49,53,57,45,76,63,37,86,96,60,51,74,68,64,34,81,46,32,86,47,82,64,36,62,37,49,65,63,32,95,30,70,59,85,38,48,73,37,89,67,32,39,93,91,37,30,45,89,70,86,84,38
93,72,45,31,78,45,57,84,38,58,86,81,91,72,58,70,63,75,72,49,92,53,37,36,80,60,75,97,32,96,87,94,68,74,96,48,72,59,37,72,30,32,46,64,59,58,59,69,77,81,85,51,75,53,94,36,35,48,35,54,62,60,87,96,66,91,96,93,37,52,55,64,62,71,95,67,48,58,88,34,32,59,64,46,35,37,53,34,74,97
53,78,95,71,71,82,89,37,41,55,42,66,72,39,41,63,45,41,52,53,52,95,89,50,41,57,63,65,37,84,91,38,53,90,84,41,89,57,92,36,51,55,89,75,85,41,85,66,75,81,95,91,98,46,69,80,76,45,43,97,73,61,80,74,98,65,61,61,48,57,66,91,45,68,54,98,51,77,32,86,96,49,60,77,96,61,31,64,69,40
35,98,84,65,65,40,43,95,74,73,49,66,50,83,85,87,52,54,46,60,80,41,51,91,83,44,30,31,33,68,39,35,87,87,64,30,47,67,72,97,89,63,61,72,34,88,61,65,83,35,67,65,89,79,63,89,36,65,54,73,53,91,60,79,39,87,75,82,39,85,43,62,32,35,70,72,85,62,39,58,52,48,31,55,44,74,39,36,50,71
94,98,68,71,76,86,30,31,47,94,44,97,85,54,97,60,45,62,72,56,64,46,77,60,88,67,58,77,48,38,83,60,44,64,47,65,65,45,81,82,56,85,82,52,51,52,67,94,79,30,70,45,41,95,54,64,46,44,46,87,42,95,51,96,57,62,71,34,69,68,84,38,42,80,94,39,40,92,58,65,91,88,43,50,54,51,86,75,34,38
66,45,98,36,89,38,82,69,52,77,55,39,77,61,75,77,71,64,90,73,39,92,92,91,30,49,31,91,38,85,39,55,43,80,40,35,95,38,61,34,32,76,61,65,34,62,71,82,86,98,54,64,58,55,33,97,49,36,83,49,49,86,68,72,82,32,32,52,64,65,60,81,84,45,49,53,47,56,77,75,67,88,35,95,54,91,73,47,37,78
81,93,48,86,49,76,47,47,45,96,77,39,92,66,69,39,42,97,70,56,89,52,89,68,58,96,62,51,95,71,47,42,41,30,35,86,31,87,90,69,71,65,47,78,54,76,40,31,62,82,83,58,96,32,35,51,98,45,31,53,94,38,73,57,98,51,52,46,67,56,65,85,97,65,42,91,76,41,36,30,67,77,92,32,42,46,60,72,42,35
50,64,91,65,93,73,75,82,51,83,36,70,70,60,37,80,45,58,33,97,73,76,70,35,60,38,46,71,49,31,68,93,86,90,54,78,46,56,79,32,59,49,31,37,36,59,66,67,61,61,83,92,51,51,80,82,56,74,89,78,67,67,40,80,40,95,35,43,77,79,40,86,84,94,42,96,68,98,59,78,76,38,65,48,34,71,84,57,54,90
72,30,74,56,52,42,40,73,92,42,53,93,32,63,65,44,75,56,51,87,85,30,44,89,43,59,62,64,82,75,70,70,84,34,91,38,71,50,48,49,69,45,46,84,79,44,71,81,37,54,93,49,33,48,63,70,65,67,77,57,87,75,73,50,67,62,41,74,73,86,67,93,84,49,87,96,37,94,86,87,72,55,92,49,79,82,44,41,79,91
64,94,72,40,95,93,75,76,51,84,37,93,38,86,96,89,57,89,48,42,36,61,89,72,44,42,75,77,37,87,54,95,93,35,89,51,64,78,83,91,75,89,90,57,48,36,56,37,46,80,92,31,67,94,62,43,81,77,70,72,85,46,64,82,75,30,66,65,82,82,83,43,94,69,53,65,41,89,71,97,73,36,83,83,30,40,37,93,87,56
58,46,42,38,71,66,90,80,42,94,37,84,92,89,34,96,43,39,34,50,95,89,65,39,76,93,75,57,31,39,80,40,38,86,37,75,84,68,40,88,84,84,86,97,46,37,73,46,86,38,72,60,32,53,59,60,82,83,56,68,52,83,35,53,46,67,34,70,38,44,34,83,39,72,82,58,89,62,57,87,37,83,76,44,51,93,36,88,52,80
36,65,42,41,78,43,30,97,57,96,94,76,90,67,94,30,74,61,61,76,82,81,35,68,70,91,52,36,52,61,62,47,68,74,40,60,38,93,40,84,75,38,46,83,65,43,30,78,33,91,93,42,92,45,52,79,88,81,45,40,53,82,83,51,39,52,66,64,50,72,77,54,65,73,32,90,90,32,86,31,40,59,39,59,48,58,84,51,73,96
66,73,57,40,81,87,67,96,54,67,39,85,86,66,96,37,63,53,78,92,55,95,91,46,45,39,39,69,49,87,50,92,45,80,40,66,96,44,73,52,73,31,58,96,52,98,36,53,72,98,58,35,87,48,87,31,31,60,36,95,67,43,32,39,34,89,36,59,98,42,48,93,93,97,54,40,90,81,79,73,77,42,49,84,70,54,80,80,74,72
48,97,58,77,53,31,85,93,76,50,76,35,92,59,47,64,66,30,75,96,82,39,75,96,41,67,96,47,43,87,94,41,58,94,84,79,87,65,32,65,58,42,30,79,67,63,72,93,91,63,37,41,41,73,30,60,90,62,65,56,87,54,58,74,34,83,31,40,95,32,40,51,38,33,48,79,89,40,84,80,61,96,64,94,92,77,60,87,37,32
52,32,72,47,33,51,72,92,66,42,83,59,44,43,70,59,91,64,90,54,53,44,42,41,53,60,53,96,76,79,83,75,87,33,66,66,42,96,62,61,43,44,37,62,65,59,61,73,82,56,97,44,72,80,41,69,72,45,65,89,97,30,70,82,39,58,42,96,63,62,92,32,87,64,90,82,47,45,63,45,42,64,90,92,40,67,96,85,83,33
65,65,62,77,72,58,43,88,82,53,94,40,95,86,84,51,95,47,42,32,33,58,60,39,59,96,79,39,74,96,36,94,43,78,41,32,52,68,71,47,51,47,42,85,66,63,81,67,62,55,85,96,35,37,39,35,77,79,51,43,53,44,37,91,65,97,72,46,49,78,35,32,62,44,89,36,65,61,73,53,64,69,55,75,77,95,91,87,68,98
42,56,53,80,34,55,42,70,70,35,45,66,94,68,55,95,40,61,86,67,85,31,73,69,50,94,60,85,91,94,57,91,86,56,76,57,94,89,50,92,51,86,63,42,60,56,49,62,30,54,82,81,78,89,73,84,68,91,46,91,49,92,50,78,78,44,89,80,81,69,98,92,44,68,75,54,30,45,48,67,80,92,90,58,76,76,96,71,91,72
94,44,43,49,55,77,92,38,37,88,93,37,73,92,52,43,43,77,77,46,63,63,52,62,72,65,87,69,51,34,44,52,38,81,58,82,69,41,93,36,96,79,93,39,39,37,37,67,65,40,69,68,77,45,50,84,33,50,64,82,68,88,34,42,44,46,40,90,95,91,96,74,82,49,38,53,31,90,80,56,45,93,45,96,55,70,44,67,38,49
33,55,30,71,83,84,86,82,69,75,37,54,41,45,80,79,79,93,86,78,49,96,38,68,54,56,49,31,93,74,78,36,98,69,61,85,30,48,97,84,94,66,58,39,86,43,68,69,78,69,54,94,61,67,66,96,39,30,51,73,57,75,56,96,79,49,68,73,30,46,65,55,37,78,86,52,86,35,56,36,53,97,70,58,48,96,83,56,84,32
98,56,48,95,60,70,80,47,86,76,90,49,83,91,63,71,71,77,67,78,82,46,87,55,90,55,95,79,90,98,88,86,66,79,50,38,37,90,41,54,60,76,49,46,52,73,35,54,44,76,64,46,56,78,69,90,65,70,75,44,75,93,83,32,67,48,89,60,56,50,73,31,54,43,70,74,97,84,76,69,38,95,91,74,71,90,74,38,31,74
60,69,57,74,54,64,65,79,79,67,57,95,64,45,75,61,57,91,55,83,55,94,40,33,61,73,80,83,47,42,64,52,43,47,97,85,80,52,74,35,33,48,64,50,70,51,61,74,54,34,68,81,44,65,58,53,77,53,84,84,47,89,38,68,86,66,38,98,90,90,32,72,96,59,40,90,34,39,95,71,79,44,61,59,88,73,62,33,92,48
55,50,56,65,93,42,68,50,30,43,33,43,59,44,49,59,67,92,38,47,88,38,35,82,36,45,64,97,30,59,70,90,52,39,91,30,31,72,94,82,97,62,80,30,98,76,77,66,74,96,82,94,88,71,47,68,87,84,73,88,61,41,88,59,66,96,50,61,58,33,63,32,94,34,37,81,54,54,82,32,71,60,95,50,62,71,68,93,63,32
84,43,33,83,57,34,70,95,55,49,90,57,71,97,84,32,37,93,74,69,74,89,37,54,89,32,89,50,45,78,61,77,53,52,39,53,52,55,82,40,44,59,64,64,65,66,98,36,58,44,64,51,57,32,77,49,61,68,90,62,63,62,31,35,51,75,76,42,40,34,67,52,79,68,76,35,92,80,64,61,57,42,65,51,92,34,97,66,43,56
89,32,63,65,51,90,43,69,89,87,76,95,66,45,98,83,36,46,47,30,46,45,57,38,88,70,43,89,66,93,76,36,44,79,35,35,31,75,41,60,98,77,78,68,34,30,77,83,86,69,75,88,93,71,56,42,86,86,87,56,84,70,62,90,48,55,45,77,86,95,64,30,69,64,85,46,63,92,81,97,85,46,67,97,79,84,81,43,60,71
52,92,65,85,49,34,95,90,33,59,61,56,44,61,90,40,86,72,71,65,32,32,50,36,86,81,89,83,58,86,84,79,33,74,94,73,98,45,78,37,39,58,87,89,82,74,55,93,90,75,43,81,58,81,68,88,34,74,55,36,86,60,35,95,32,36,31,37,97,51,94,79,70,75,72,54,31,43,41,39,53,79,67,31,58,71,74,36,59,94
48,62,48,68,75,39,63,95,68,87,95,49,74,54,40,62,90,64,71,61,69,36,78,60,56,44,73,71,35,50,37,61,56,76,58,84,66,32,37,30,84,54,61,35,57,86,39,72,95,87,44,42,73,47,87,47,49,57,82,77,31,85,76,85,41,35,40,40,53,41,98,85,66,88,74,32,72,40,62,39,32,46,42,47,92,38,87,97,45,56
91,53,93,45,43,61,87,92,76,88,79,76,56,73,72,57,44,58,42,84,74,76,54,91,56,89,81,51,52,92,91,79,36,77,57,86,97,70,65,36,53,80,35,34,55,61,50,93,49,58,40,46,55,86,52,67,35,75,47,81,38,93,78,37,77,61,71,42,92,87,67,91,42,76,48,67,58,75,52,70,53,55,57,77,38,84,41,50,88,57
95,70,71,72,55,56,92,92,58,80,84,50,57,80,59,73,43,86,53,39,48,52,36,31,33,84,73,73,50,41,85,80,46,49,46,57,33,97,50,84,45,74,42,35,62,57,65,32,88,65,72,95,84,48,80,95,98,55,88,80,88,46,54,98,63,77,68,86,81,82,43,84,67,91,50,67,50,54,55,62,54,38,81,49,85,73,59,36,80,94
66,45,70,61,68,32,49,71,52,64,44,52,68,42,40,30,96,87,82,52,67,74,59,88,62,75,95,74,41,96,42,45,66,70,73,37,59,79,70,39,47,67,42,37,78,91,50,67,95,90,60,43,38,64,57,72,84,46,74,51,48,78,63,68,48,64,41,92,79,44,43,90,58,86,49,43,56,93,37,88,78,47,80,74,60,97,90,95,68,90
42,32,89,90,59,34,30,80,89,67,60,48,73,67,63,45,54,86,55,96,32,38,41,49,76,43,58,51,95,55,51,72,36,69,58,69,90,74,83,45,82,84,68,96,59,87,82,97,37,47,85,36,77,94,90,72,59,42,37,87,85,81,96,97,48,72,62,59,91,68,43,80,73,82,70,36,85,70,66,33,55,92,88,85,33,77,41,31,37,39
42,40,74,53,75,48,68,88,77,77,37,74,60,86,55,85,70,33,47,90,73,42,76,50,70,59,69,50,93,86,36,43,33,54,97,56,58,78,76,63,40,98,75,57,98,52,70,41,79,68,68,64,55,36,58,57,63,44,48,58,98,81,77,61,55,69,74,94,68,34,57,59,59,64,45,82,43,91,60,98,90,49,53,87,44,97,91,40,86,65
62,85,74,67,48,47,64,41,98,37,46,68,82,68,39,82,90,44,54,35,30,73,55,79,96,61,77,56,35,93,57,38,80,58,65,72,54,48,42,49,74,56,91,36,47,32,35,39,64,93,98,30,85,90,49,78,33,79,75,81,30,38,34,66,57,45,63,35,92,80,36,42,80,37,69,60,54,43,83,72,33,76,39,35,96,75,32,71,60,66
79,70,35,58,45,75,90,42,94,74,57,47,48,86,46,32,53,47,41,68,76,52,80,68,89,66,47,91,57,38,57,40,33,52,72,55,48,58,94,66,72,79,94,81,70,42,54,84,90,87,69,83,30,91,40,51,30,46,77,92,78,46,31,72,71,89,59,42,40,65,67,55,71,58,66,94,52,87,43,60,61,78,93,61,31,66,94,52,82,84
63,95,98,37,58,73,75,89,90,97,86,58,56,79,78,38,48,86,67,42,83,66,30,64,72,56,61,43,72,87,90,44,42,36,60,45,97,50,98,87,89,39,97,37,61,48,43,41,91,78,57,65,47,58,48,38,39,81,45,37,97,41,95,69,83,40,49,93,70,96,95,35,61,40,63,65,48,89,43,48,79,34,54,50,42,71,30,89,95,86
88,43,93,33,41,62,54,73,57,97,56,50,39,31,51,52,72,80,62,87,67,59,78,39,61,75,85,49,47,41,64,86,60,66,72,94,98,85,76,63,50,30,30,42,96,53,42,69,57,76,94,44,79,93,68,35,85,96,72,56,71,53,66,38,97,85,35,54,70,54,58,78,66,79,74,95,42,48,66,35,40,55,70,94,32,58,59,66,40,84
49,44,73,92,67,69,98,80,59,84,80,82,62,69,55,58,77,66,82,62,84,86,74,85,84,63,86,64,64,46,36,51,56,82,94,74,49,83,87,64,32,60,82,41,49,85,70,91,60,89,73,96,48,70,39,51,63,64,82,78,82,58,49,54,68,96,40,95,71,60,42,44,92,57,37,65,36,51,93,87,80,90,84,98,73,85,47,46,79,76
56,95,56,35,85,57,86,91,62,79,75,42,52,59,31,84,67,91,75,57,43,40,30,97,38,46,96,57,63,33,94,93,34,65,77,97,51,39,62,30,90,34,53,85,79,76,78,50,45,98,93,60,65,36,71,81,64,65,95,92,42,60,61,34,74,47,41,84,46,98,31,66,76,89,44,32,55,83,75,51,79,89,41,61,34,47,42,92,34,48
35,66,80,31,55,44,33,85,77,76,83,94,45,58,84,51,60,58,57,49,41,80,82,91,75,31,78,72,96,58,33,64,63,71,90,64,97,45,60,56,76,80,70,40,84,65,33,91,48,35,74,82,41,60,41,76,77,90,69,83,72,86,69,52,95,35,91,93,45,33,86,98,82,67,50,54,79,57,32,78,30,76,63,55,91,69,38,59,92,79
93,94,54,35,31,35,38,61,32,98,48,55,74,34,66,78,81,54,40,95,61,54,89,51,94,49,64,84,85,33,65,89,52,64,92,89,93,85,60,84,80,59,46,73,91,73,79,67,95,32,74,64,40,58,37,93,30,80,75,37,90,52,57,47,63,79,90,44,67,45,80,72,57,60,47,67,76,40,37,45,80,37,92,74,52,44,34,50,46,58
43,70,35,38,64,66,80,70,57,61,55,66,85,82,80,43,71,67,35,74,93,54,71,37,53,49,32,55,65,91,39,90,50,77,67,67,36,62,46,58,63,91,71,55,82,72,62,51,70,60,44,70,94,52,68,46,45,97,34,31,31,56,67,89,95,96,57,63,38,38,34,49,88,87,86,31,63,69,57,79,35,86,44,70,80,34,50,55,81,55
30,64,80,58,67,64,49,53,84,69,56,59,49,48,56,52,56,80,96,66,73,87,43,83,42,74,68,54,80,33,32,93,54,88,69,52,68,45,44,48,95,58,71,92,80,73,85,40,80,30,66,85,37,56,33,61,34,35,85,54,66,79,49,80,57,57,64,77,85,67,40,48,87,73,95,88,46,34,57,77,96,71,78,49,91,52,87,60,80,76
58,93,60,52,41,92,38,45,43,50,31,44,58,56,41,75,62,71,40,85,86,78,73,60,67,96,43,95,30,86,59,90,61,38,83,59,95,90,75,74,44,45,84,96,64,51,74,76,38,46,44,87,34,72,62,96,50,37,59,38,73,67,70,36,42,96,86,97,42,72,72,32,81,79,82,66,79,38,35,62,95,66,62,82,35,38,50,49,82,38
72,58,97,64,41,67,57,51,87,45,57,49,93,64,98,86,72,95,82,43,42,33,43,92,85,93,58,84,67,53,81,34,80,56,81,34,32,31,56,36,79,81,90,30,91,76,56,37,73,84,31,94,93,78,58,54,83,32,71,79,65,60,93,54,75,62,34,54,94,78,92,67,72,39,87,35,34,65,84,85,72,98,89,36,43,75,82,61,75,73
55,90,97,47,46,78,68,41,86,64,46,78,85,50,71,35,85,30,91,73,72,38,49,92,34,91,42,63,72,82,86,41,68,47,36,81,94,67,82,52,72,33,90,96,43,67,40,31,35,51,97,47,68,90,43,70,71,65,31,48,59,57,57,52,94,57,82,73,97,92,68,34,46,83,77,73,86,70,80,46,97,96,57,74,30,36,81,62,48,38
32,31,71,41,47,37,32,57,47,39,86,64,35,90,51,69,69,31,96,52,63,63,31,65,31,96,60,67,31,68,84,97,96,71,33,70,68,87,82,75,95,47,69,76,97,40,95,91,98,52,39,56,75,72,39,88,89,57,48,51,33,79,81,87,84,47,68,45,86,41,98,32,58,73,96,68,81,46,66,41,50,98,65,32,39,91,81,46,75,72
61,56,72,46,78,74,95,32,77,74,74,66,87,59,75,39,62,54,64,77,30,47,31,68,98,96,39,56,95,69,92,86,51,58,79,62,72,32,47,30,40,69,71,40,66,93,88,32,82,83,90,73,38,31,59,39,87,81,92,42,75,88,53,93,40,76,65,69,54,94,44,83,59,86,81,71,41,53,63,87,97,93,50,51,81,88,62,58,66,54
77,63,56,81,31,73,95,95,95,43,78,79,50,96,45,39,88,83,30,52,33,64,64,41,33,92,63,57,49,44,80,89,36,74,79,90,83,38,83,85,39,56,64,76,68,75,95,39,42,76,78,63,50,93,79,70,80,53,51,49,63,68,55,53,73,93,39,53,38,42,77,36,92,69,78,35,61,69,86,73,37,82,80,92,44,88,30,39,80,70
61,96,72,38,75,75,70,89,44,30,33,46,60,70,60,32,92,88,59,58,86,49,85,78,95,32,57,95,31,76,71,55,38,32,78,63,35,51,31,69,52,39,74,48,53,69,70,70,69,63,70,96,53,38,43,93,82,63,39,62,58,53,38,71,71,56,60,54,90,79,74,75,70,72,40,79,62,76,71,79,34,86,64,73,56,43,54,40,93,31
39,47,38,61,51,34,95,30,60,52,31,97,94,58,39,60,71,61,57,79,47,85,63,83,75,36,54,79,76,43,93,48,57,59,98,48,87,34,86,78,56,50,87,95,63,75,79,91,58,98,73,43,60,86,96,53,51,73,67,95,39,30,91,68,61,39,43,81,83,87,35,32,70,63,64,67,66,79,41,74,96,62,52,38,89,39,87,42,87,32
56,81,73,95,57,98,67,88,76,86,65,41,62,85,68,38,77,61,92,68,75,34,79,30,52,47,52,85,73,67,56,45,83,82,42,86,88,33,97,48,56,52,61,48,86,45,62,40,95,73,76,83,82,74,55,56,44,53,98,63,69,42,82,81,35,87,69,59,64,47,48,42,77,87,35,59,84,36,80,32,94,34,60,43,69,75,34,52,74,97
54,40,98,81,64,90,34,74,33,71,76,56,74,93,63,33,92,65,65,82,72,57,60,96,62,96,60,31,66,50,54,31,94,76,65,30,39,33,84,31,82,84,44,91,60,77,61,30,80,53,42,59,79,79,48,41,56,30,68,67,43,48,98,89,51,93,78,51,73,34,87,34,47,45,79,50,44,40,87,32,70,36,91,89,50,40,37,58,56,32
98,75,35,84,98,58,48,36,58,33,69,86,31,81,39,58,62,80,65,86,44,74,91,44,97,41,93,85,68,97,53,78,91,67,88,60,93,36,38,65,93,53,81,45,93,49,67,55,48,60,71,98,58,95,80,50,98,76,35,52,37,57,32,92,42,75,42,60,71,32,47,38,49,80,59,51,96,96,77,53,79,74,64,86,85,65,93,58,84,73
95,63,47,47,95,96,47,66,81,89,76,90,71,60,76,85,72,46,86,56,54,52,39,57,59,53,91,86,39,73,78,56,53,66,96,55,60,58,66,77,69,97,58,61,52,44,76,38,90,34,75,51,78,56,69,61,70,56,41,59,60,36,70,55,65,64,37,45,32,77,86,84,79,78,89,51,96,71,63,56,63,77,63,98,55,91,42,97,45,58
64,38,71,86,90,73,46,38,39,86,67,64,91,59,98,90,68,95,92,44,74,81,82,57,89,40,50,58,55,46,62,56,42,48,80,53,48,80,74,71,34,78,48,65,64,64,70,86,73,96,78,87,93,59,39,53,64,90,46,94,39,32,42,53,33,43,31,64,31,63,66,68,52,70,90,67,44,40,62,73,90,51,94,81,97,75,63,71,36,57
57,44,98,44,39,66,68,63,45,93,84,84,81,86,46,90,40,69,33,38,41,61,53,65,34,71,89,34,31,91,68,78,33,84,75,97,45,92,67,98,62,64,37,45,39,85,32,83,62,82,81,57,81,61,57,47,84,98,66,32,48,72,83,35,47,97,52,31,95,59,79,63,58,59,39,90,80,98,53,63,58,42,83,47,68,48,79,33,63,70
30,70,76,30,38,60,77,36,72,70,48,86,45,78,66,57,65,65,46,63,73,33,80,64,31,75,47,64,62,50,78,98,72,46,79,96,44,84,73,92,34,77,91,33,61,32,48,76,88,96,78,82,59,49,81,47,92,69,38,43,97,76,95,53,60,32,39,76,75,88,84,40,92,51,30,46,65,57,73,67,87,85,57,79,53,50,47,71,74,47
93,34,72,68,35,66,43,67,36,91,55,79,39,87,64,32,33,61,95,72,54,36,38,87,92,66,38,73,95,67,44,75,57,66,37,31,63,57,74,66,63,90,48,71,52,37,62,64,94,76,62,70,53,84,56,33,63,59,63,81,37,67,80,71,60,38,90,64,79,49,45,86,68,68,67,71,78,32,93,78,82,41,51,34,58,77,70,30,32,63
83,36,55,92,42,71,83,81,34,35,85,64,75,42,80,81,50,40,37,77,56,41,31,38,79,87,61,44,88,40,82,82,65,47,48,61,68,90,78,86,97,82,81,66,97,96,93,59,72,61,72,37,78,98,85,73,81,95,97,84,71,74,43,59,46,65,93,96,47,40,76,72,85,72,92,81,55,42,73,45,87,58,68,45,71,65,95,30,93,57
55,73,88,52,37,30,56,83,41,87,40,57,44,69,51,76,73,41,85,65,31,62,82,31,91,67,81,53,42,37,31,59,68,46,40,96,66,95,98,82,52,89,90,47,69,86,97,95,40,48,85,98,73,39,55,41,73,30,43,91,88,96,39,86,92,92,79,83,46,89,72,53,52,91,34,53,89,48,63,46,51,91,75,98,49,83,30,97,96,42
32,45,86,89,71,40,96,95,85,49,70,56,92,31,51,40,87,78,61,67,88,52,74,68,71,50,68,32,59,34,82,84,83,42,93,68,52,34,56,85,32,35,37,85,71,86,91,53,44,89,80,62,81,37,44,70,62,80,51,40,54,58,83,63,41,84,93,46,78,72,55,78,63,93,65,46,96,34,37,84,39,73,93,96,53,83,95,70,55,81
80,38,73,49,34,93,46,87,39,68,37,82,96,79,41,92,73,51,78,81,76,90,35,46,76,94,98,39,75,80,30,76,37,72,43,62,40,98,93,62,50,63,35,86,89,98,42,88,66,38,34,49,47,67,49,88,60,64,74,43,31,47,73,66,59,79,40,45,97,91,65,72,54,42,41,72,42,60,76,82,35,38,31,61,44,54,85,76,58,31
98,95,32,72,86,74,75,44,95,60,73,51,31,82,67,94,30,54,89,70,32,34,30,38,32,97,91,72,47,53,92,39,78,89,84,70,35,38,95,43,96,49,76,63,71,41,60,64,49,72,35,40,65,52,34,51,69,57,83,42,84,55,40,47,91,40,48,94,95,59,80,62,43,63,83,56,39,97,42,56,36,76,63,31,64,88,80,75,82,57
84,30,88,97,42,97,89,53,40,81,97,68,38,94,46,42,48,89,82,88,73,91,43,67,95,47,86,85,98,44,37,91,88,50,33,81,48,67,75,43,63,34,62,44,65,32,80,89,85,82,82,82,92,85,94,50,77,86,41,42,96,38,50,37,86,64,33,77,32,43,86,75,94,85,71,64,53,41,46,34,67,44,84,94,84,44,95,76,62,90
58,73,86,53,70,91,58,42,59,38,88,32,80,81,92,82,92,62,49,67,77,98,78,33,62,81,70,84,97,53,39,43,77,32,93,61,43,33,47,50,33,71,78,78,82,77,43,42,38,51,54,68,47,92,49,74,97,34,63,92,41,70,36,86,76,33,32,94,60,60,38,66,51,54,43,89,47,36,59,83,65,57,63,32,34,53,64,35,97,83
39,98,58,80,47,30,80,72,48,88,73,74,58,30,63,78,83,78,46,54,34,86,88,61,82,52,61,56,89,45,51,71,59,92,38,60,80,77,89,37,96,40,95,44,45,41,71,91,97,51,44,51,69,88,78,61,55,74,47,68,48,43,62,45,46,75,69,86,53,63,48,63,64,81,48,42,93,31,34,45,49,65,42,38,35,78,65,87,34,30
54,61,69,86,76,62,85,36,51,51,87,79,55,48,74,46,84,31,31,32,31,55,94,60,49,83,97,94,75,86,39,32,43,54,42,86,61,49,45,38,97,92,87,88,42,94,37,30,88,89,62,33,75,71,38,95,63,41,51,39,72,35,89,68,69,57,96,35,46,68,84,69,41,42,43,81,98,47,41,88,97,64,52,81,47,75,46,86,76,30
35,48,98,69,66,66,97,82,84,90,37,72,72,86,69,67,38,38,62,42,89,94,66,72,33,37,47,79,46,94,47,71,44,44,39,92,98,57,68,61,33,98,60,61,44,90,64,84,88,82,89,92,56,94,74,49,49,47,95,87,61,51,30,48,95,95,36,66,78,51,88,84,61,61,47,58,97,66,30,42,91,68,91,37,96,31,97,58,93,87
93,48,48,83,88,61,40,64,96,57,38,50,92,74,53,38,86,49,75,73,33,86,93,56,74,58,67,94,87,44,87,86,69,54,56,67,94,36,88,31,66,58,57,62,89,64,72,35,55,31,58,90,97,59,55,44,88,92,84,87,34,79,77,82,38,61,32,68,47,43,89,83,86,85,41,96,67,97,44,81,96,64,83,61,91,36,93,38,95,39
33,73,48,97,46,45,60,76,58,89,38,52,71,74,37,60,53,60,45,67,54,38,62,74,70,32,97,73,97,50,46,31,62,73,68,83,81,74,69,95,65,90,64,43,33,36,38,88,69,70,76,73,82,38,90,58,36,68,61,94,35,60,52,66,94,70,85,88,46,44,73,48,38,72,45,46,35,60,67,66,67,33,44,42,97,35,36,57,59,61
89,67,31,32,48,59,93,90,96,44,65,53,71,73,68,96,54,31,81,55,74,71,72,66,61,76,76,45,73,83,42,57,57,79,96,35,45,77,96,79,38,38,38,89,60,71,35,56,49,38,91,35,92,59,59,89,71,88,89,72,96,54,81,31,44,30,83,64,72,58,35,45,86,91,64,42,72,37,33,50,97,33,31,67,51,64,59,70,47,62
60,64,41,98,59,72,93,57,31,40,30,30,61,88,54,67,32,33,49,87,78,95,70,60,50,94,84,30,66,56,67,67,46,81,91,66,56,53,45,69,95,74,70,70,81,91,34,58,54,94,34,93,94,82,52,90,44,44,91,52,51,30,53,78,43,44,40,30,82,74,82,91,61,96,92,84,54,80,57,71,93,60,81,66,66,80,60,88,50,39
52,93,84,72,97,94,56,47,79,51,98,84,69,52,80,90,72,86,75,30,45,63,65,51,69,94,97,93,95,59,60,86,32,69,77,61,61,83,71,89,69,55,98,61,76,60,74,35,48,83,32,91,58,91,57,98,54,70,44,94,96,35,66,74,48,81,56,34,38,57,41,83,35,40,54,60,98,47,80,49,51,59,42,97,30,42,70,57,87,60
98,94,82,35,65,81,83,98,36,37,53,31,90,91,68,70,88,41,89,90,40,85,48,83,39,86,74,55,55,33,98,44,81,67,80,38,34,54,94,71,38,30,32,79,75,48,56,62,91,96,30,62,54,91,66,38,68,96,42,87,98,64,74,64,80,30,97,67,79,35,52,49,33,48,56,33,76,58,62,63,76,72,90,84,62,75,38,93,64,93
48,89,86,44,69,53,44,93,80,89,44,37,50,62,60,66,75,96,30,45,98,95,86,38,89,45,53,55,39,74,69,87,56,85,50,31,79,39,30,76,56,48,44,60,86,40,98,31,43,77,87,42,37,67,54,52,48,86,46,51,84,64,64,82,61,82,78,85,59,53,84,91,49,93,80,31,76,30,48,75,57,53,92,54,66,80,53,73,54,57
63,85,37,62,61,43,40,94,73,32,91,59,76,59,59,89,64,92,73,96,38,80,37,56,62,50,87,54,43,59,32,36,79,74,35,43,78,83,44,89,76,61,51,70,97,78,45,40,77,92,89,44,54,40,71,91,98,49,38,92,83,75,71,83,69,58,32,77,88,40,63,97,96,33,60,60,60,83,62,44,96,59,33,41,62,45,38,61,31,36
71,67,71,72,76,75,89,66,38,40,45,60,78,70,85,43,36,69,37,31,75,96,38,92,55,55,33,61,90,98,30,65,42,71,40,49,56,49,59,97,59,44,92,82,37,69,33,39,94,47,88,53,44,73,50,48,37,42,91,71,35,65,65,77,48,33,86,33,80,76,92,42,94,88,45,95,39,40,98,71,68,98,87,41,71,71,54,34,47,90
91,66,87,66,54,70,35,66,34,33,78,97,45,72,97,54,52,52,72,73,89,40,35,52,91,34,73,43,82,78,47,85,72,71,48,71,93,40,92,44,93,63,78,81,74,42,55,88,47,77,98,96,78,93,51,78,78,73,63,44,35,82,38,62,40,59,49,49,63,44,94,77,74,56,46,38,50,34,31,64,36,50,78,35,84,75,40,56,96,67
85,43,33,84,86,85,81,49,37,36,32,44,63,40,56,82,96,34,79,50,96,70,52,40,59,64,64,38,37,45,98,66,30,96,47,31,74,91,89,46,91,62,90,56,98,54,92,76,37,32,49,60,59,50,67,46,53,49,44,84,34,50,93,67,59,51,31,80,30,71,80,40,70,68,66,54,86,85,43,38,46,91,51,53,64,41,34,62,89,32
86,48,89,81,54,33,63,70,37,59,60,82,66,49,81,53,62,44,60,89,78,37,56,65,42,50,83,89,37,83,89,92,86,56,49,58,70,76,81,33,68,74,38,39,41,50,31,90,58,79,39,30,80,82,34,96,92,35,91,93,31,45,50,45,45,63,95,98,39,71,98,38,81,67,51,86,59,31,76,60,34,98,81,31,45,36,44,92,37,80
74,72,78,57,59,83,68,38,44,50,46,91,75,48,74,97,50,59,38,71,59,94,87,90,72,76,71,36,64,63,65,39,61,40,45,83,51,79,51,75,31,63,96,82,54,97,66,52,72,56,50,76,77,97,71,40,65,54,41,55,50,95,78,58,70,43,48,39,35,32,44,97,75,97,45,77,83,61,92,37,76,86,88,98,32,57,41,73,67,51
75,92,83,30,58,36,71,75,61,85,32,38,35,54,43,34,32,47,75,41,68,77,63,98,34,56,44,51,79,66,56,35,60,89,96,30,44,66,36,59,67,49,64,89,49,74,45,31,71,85,31,97,51,63,88,41,79,59,75,68,70,41,35,91,30,95,48,95,75,53,67,96,90,38,55,30,32,85,65,56,75,37,66,42,48,89,87,73,55,81
72,48,45,78,73,43,33,63,87,56,80,85,98,56,54,47,71,97,84,31,46,45,66,90,46,79,72,89,50,45,71,40,42,62,89,86,98,36,59,69,78,44,44,62,57,61,49,70,79,95,36,96,35,66,77,72,89,94,42,70,30,48,87,31,76,41,73,77,59,85,65,32,91,43,98,34,42,50,91,94,67,45,86,92,31,58,68,82,69,98
41,71,96,91,48,64,70,40,97,59,85,90,76,51,65,69,95,97,98,81,43,47,76,43,95,38,55,47,57,83,30,93,32,78,41,33,75,56,54,74,48,68,44,32,47,55,78,62,47,39,69,59,80,32,82,51,45,89,64,76,51,48,45,98,90,49,68,30,63,98,57,41,87,41,59,70,40,81,45,68,91,97,61,83,66,71,65,36,80,57
50,63,45,67,73,36,39,69,54,38,55,52,81,48,73,95,96,83,34,56,88,90,81,52,40,33,72,96,87,31,37,58,64,92,90,45,49,45,81,64,53,55,42,78,77,43,46,56,77,66,53,42,35,95,51,95,85,95,66,81,84,85,54,37,89,89,46,88,60,46,68,76,72,86,34,97,85,72,57,80,75,32,69,92,79,87,79,51,35,80
58,51,44,75,65,58,79,71,43,87,72,31,91,93,46,85,58,44,83,66,73,62,89,40,39,91,58,81,47,56,34,46,41,49,48,65,90,37,91,60,72,55,54,93,30,91,78,74,33,58,43,92,84,32,98,43,96,66,62,73,37,45,77,48,90,48,57,56,50,51,58,61,93,55,50,57,43,49,52,52,78,79,42,30,84,91,74,46,87,53
95,87,95,32,82,62,97,35,88,83,52,62,71,42,40,41,94,87,72,87,77,96,70,47,75,84,74,56,64,35,58,98,48,43,30,51,31,67,91,90,84,67,44,68,40,90,57,62,56,93,32,91,92,81,31,49,57,73,93,87,73,94,68,82,37,83,60,57,70,33,48,83,73,85,71,95,35,92,51,49,58,46,88,43,40,88,90,50,53,79
73,62,65,40,64,79,98,37,76,54,47,60,96,65,94,81,58,94,83,63,90,94,98,95,59,34,34,84,48,68,83,98,51,74,85,85,92,57,57,95,64,57,74,68,41,66,90,37,94,58,37,85,73,49,86,48,68,96,89,54,32,93,50,42,54,39,57,35,44,68,36,40,39,98,83,89,35,40,55,38,54,54,73,80,77,77,35,44,68,50
46,45,66,30,65,52,72,69,90,61,74,44,79,36,39,83,98,65,88,48,73,97,52,98,80,40,64,32,89,42,57,87,70,30,95,82,83,67,59,79,31,70,40,81,90,68,88,90,79,73,60,97,65,98,88,81,33,80,38,39,51,52,64,65,92,86,64,48,87,77,92,49,82,56,33,52,89,64,65,41,32,61,95,68,71,53,87,63,51,68
87,65,54,44,32,54,78,69,60,44,69,69,60,94,70,78,56,91,97,51,93,64,71,78,65,87,32,73,37,43,77,40,42,48,67,63,92,89,68,44,44,82,93,59,40,98,69,56,65,58,50,98,38,61,87,62,45,52,51,54,72,81,55,63,59,45,40,72,78,98,77,53,46,84,64,47,39,80,48,32,65,43,43,60,92,50,38,55,78,58
33,52,39,65,87,77,71,60,69,47,98,89,48,51,86,71,51,55,84,46,56,40,91,97,69,50,30,81,68,59,92,33,79,30,33,66,45,95,38,46,79,86,43,93,93,43,85,74,40,76,94,87,81,52,95,73,57,94,47,54,96,90,70,42,74,66,41,74,55,79,66,57,96,60,59,72,77,62,82,53,50,73,72,74,37,56,47,98,82,82
51,63,49,63,34,78,65,63,34,67,52,31,45,65,59,37,80,73,65,91,65,84,87,45,67,34,73,37,42,32,77,70,36,92,88,69,49,77,56,40,79,80,48,59,62,88,53,93,95,64,73,87,93,96,31,60,64,82,63,92,59,72,94,42,76,59,93,73,45,69,40,62,37,64,64,95,36,95,84,51,58,51,65,82,78,55,51,53,63,74
37,58,30,35,56,52,56,89,34,76,84,66,54,58,81,73,82,63,88,44,63,98,37,89,46,91,48,86,77,89,93,58,63,36,93,62,69,77,77,58,71,80,39,65,74,34,53,54,49,83,98,84,67,83,81,37,40,51,72,34,65,88,70,37,88,83,74,80,79,70,33,81,83,73,76,66,81,96,77,63,80,84,75,71,34,93,58,47,62,83
38,94,68,32,68,57,63,37,33,31,91,88,40,42,46,38,43,68,39,39,66,81,72,74,91,48,33,60,60,37,60,35,74,51,97,39,98,57,77,44,41,75,60,42,93,97,40,83,37,48,88,85,58,84,64,83,58,78,75,35,41,81,46,84,46,53,50,62,64,59,58,84,71,32,92,53,87,42,86,82,41,86,53,91,84,50,44,38,72,91
98,52,89,67,53,50,52,52,91,55,53,75,38,53,44,42,33,56,43,32,84,95,68,36,96,65,72,34,63,66,39,72,43,53,62,73,61,80,46,84,58,97,51,60,55,35,81,92,95,53,54,37,71,65,63,56,80,47,88,72,69,37,83,51,48,41,61,44,93,64,57,31,80,60,42,47,72,61,75,36,55,48,31,96,89,96,87,93,75,83
50,61,72,75,69,40,79,47,31,84,53,86,51,50,76,80,55,64,69,97,72,59,45,68,90,42,60,35,50,44,96,87,40,66,64,91,55,62,41,42,80,31,65,31,80,91,91,86,52,57,67,44,55,84,63,75,82,51,64,52,31,86,51,32,34,70,75,85,32,70,86,61,57,55,70,43,35,67,88,32,94,86,88,95,68,86,42,72,62,63
43,64,77,69,93,91,90,74,90,34,72,41,83,39,35,96,55,64,32,88,63,32,88,92,57,43,65,86,80,89,70,82,37,36,40,46,53,88,64,52,37,43,92,42,52,34,90,93,43,55,73,43,84,89,47,54,58,48,85,37,96,83,54,72,62,86,35,31,93,66,90,30,42,91,96,75,90,60,85,49,37,37,71,37,56,36,89,48,38,53
64,91,82,33,54,70,78,38,96,32,69,57,83,52,79,31,46,66,31,87,30,37,55,45,71,56,66,85,70,95,86,75,32,40,67,67,49,36,66,69,88,49,50,44,97,78,77,66,75,45,93,79,64,89,92,51,87,95,38,30,66,91,85,30,93,52,82,47,47,94,48,55,97,67,57,36,36,94,80,96,60,74,37,64,89,92,37,45,57,83
57,90,88,45,49,61,67,91,82,46,39,84,83,95,41,83,64,84,86,61,61,51,51,87,80,32,35,70,88,43,50,93,61,76,58,45,62,82,89,78,60,39,57,43,51,63,72,48,58,56,40,95,76,32,73,76,32,79,75,60,38,74,32,87,79,89,42,60,72,94,95,81,46,40,90,66,69,55,33,59,72,61,77,86,71,34,79,84,60,85
37,53,49,56,37,60,93,38,30,55,82,87,81,64,98,49,66,46,89,53,58,38,35,66,80,82,54,87,73,84,97,60,36,58,98,85,40,71,95,61,31,34,92,77,40,55,50,61,43,41,64,55,63,53,79,90,74,74,33,42,69,38,76,30,33,48,47,94,70,95,78,63,75,42,94,55,47,64,32,69,51,43,43,60,66,44,35,60,85,34
31,85,78,54,77,47,82,39,75,37,73,76,38,46,87,68,62,97,68,62,86,51,68,93,74,96,66,76,60,55,38,70,49,53,75,85,84,70,40,56,37,55,83,91,53,53,83,51,46,56,80,63,44,75,52,68,92,56,45,46,36,56,68,34,78,88,44,76,36,59,57,81,41,81,82,74,35,90,83,75,53,75,65,62,80,93,92,75,95,54
83,89,44,75,50,59,64,58,54,42,79,35,90,86,51,56,80,41,30,55,44,36,93,80,90,71,86,36,64,75,86,77,44,76,78,63,63,33,38,45,49,89,89,53,68,93,48,66,65,92,49,31,65,60,81,58,41,55,74,31,67,59,33,43,33,76,72,31,58,66,90,91,77,42,79,30,73,79,92,72,52,45,75,91,62,62,74,64,43,53
43,54,90,69,94,43,51,33,63,84,44,95,79,70,79,47,91,52,98,39,40,31,48,75,49,54,98,98,61,67,67,40,34,33,56,58,32,44,68,70,49,88,41,70,55,73,49,83,90,65,48,90,32,56,62,54,69,80,57,97,36,67,77,38,44,44,66,32,74,64,35,90,84,85,38,53,66,41,85,91,64,93,94,37,49,37,91,97,68,44
34,86,74,70,57,93,77,30,45,74,87,66,39,76,41,71,47,65,51,34,33,46,67,64,39,97,69,97,30,64,39,49,86,60,51,40,54,89,33,90,34,93,56,67,62,95,90,71,89,34,36,54,67,31,91,87,86,46,85,69,33,33,42,52,56,56,78,75,41,80,30,84,95,83,71,48,93,95,55,71,76,74,88,42,92,82,56,71,46,55
96,64,46,47,33,40,45,65,74,77,82,92,71,88,49,54,65,44,38,71,79,82,73,59,36,57,88,36,93,76,77,95,32,31,98,78,84,45,59,89,66,88,76,96,45,43,83,33,57,55,39,56,56,73,73,81,43,45,43,61,91,96,68,70,51,85,31,89,59,88,54,84,54,53,33,41,62,38,97,96,51,94,35,72,94,33,93,46,57,80
46,85,36,63,87,91,43,96,30,96,73,71,56,77,68,42,49,31,79,58,48,57,32,66,42,46,93,92,32,32,90,49,55,46,92,67,82,54,93,77,65,60,87,39,62,65,96,53,45,61,94,69,44,46,44,95,44,33,70,31,83,72,74,78,61,41,93,47,37,90,62,36,92,90,80,68,41,64,51,31,50,71,69,96,50,40,90,65,78,36
70,64,53,65,38,30,40,78,96,77,34,34,72,58,31,74,94,83,69,54,53,85,69,90,34,72,52,44,82,59,67,81,62,98,49,43,63,55,52,92,76,96,42,37,66,36,88,50,74,58,46,36,95,81,92,46,40,48,85,51,56,63,80,55,56,97,97,55,70,63,38,59,86,77,47,49,45,93,92,45,88,62,76,73,80,38,48,77,40,63
67,30,77,44,62,84,66,68,58,67,33,98,65,85,46,83,54,89,52,95,40,60,94,38,34,34,87,64,85,52,91,31,34,90,66,80,72,62,97,78,90,40,54,60,58,62,60,94,79,95,81,73,81,73,65,80,81,40,93,89,33,76,66,30,65,76,59,57,31,92,65,58,59,78,94,68,75,93,91,87,90,53,94,61,34,37,57,39,50,47
63,34,41,46,37,34,62,95,57,68,30,70,34,43,52,53,71,95,78,57,74,93,38,77,70,94,68,98,80,63,76,38,96,53,40,83,55,69,93,68,80,39,83,98,92,80,64,96,41,82,82,61,53,56,77,57,60,61,93,53,33,88,37,88,49,72,56,76,53,75,54,46,36,77,66,94,43,93,57,68,95,32,40,98,74,70,31,96,74,96
72,74,76,84,74,96,76,46,90,79,72,65,35,36,33,93,39,30,62,72,74,84,43,37,73,62,65,35,50,81,32,55,70,93,72,47,91,42,53,73,92,58,31,87,83,36,31,74,49,66,44,52,56,88,66,95,48,41,85,98,45,85,49,62,74,48,95,54,89,43,85,38,82,85,66,93,56,98,48,79,31,34,34,55,82,46,97,93,90,62
33,60,30,76,62,49,47,82,39,76,72,90,36,94,86,45,33,71,84,92,64,89,43,70,43,41,76,67,69,38,67,45,48,94,68,98,80,81,67,74,56,94,84,56,64,47,59,59,55,86,30,33,79,46,96,74,81,34,96,73,86,47,85,78,87,77,86,78,93,75,82,72,86,67,91,49,90,36,48,32,81,64,90,57,35,63,78,95,90,43
61,60,50,31,30,63,65,41,72,55,88,92,33,90,57,92,41,84,40,32,50,59,59,67,90,80,81,92,74,56,45,43,76,79,62,68,66,73,63,69,78,40,54,62,58,49,60,67,79,54,50,90,81,70,52,41,61,89,84,85,70,64,89,69,97,68,80,91,56,92,95,65,76,69,73,75,54,56,78,92,47,95,36,43,83,30,48,78,57,98
90,96,76,57,92,58,54,90,92,38,40,32,84,90,84,84,49,83,48,95,72,45,48,96,95,79,54,96,37,52,48,75,42,37,41,61,78,33,94,98,88,54,89,97,58,40,33,71,79,86,81,87,32,49,96,73,33,98,46,93,98,79,88,69,36,82,34,60,38,38,35,53,49,94,38,54,96,71,63,30,58,42,90,32,68,75,36,82,63,39
76,43,48,62,87,88,74,71,90,33,88,39,94,50,64,49,52,33,79,74,96,52,84,69,53,38,87,84,93,54,67,34,79,55,39,63,73,36,90,53,67,97,67,38,59,65,91,63,45,84,65,88,97,36,92,94,97,58,94,97,56,41,80,58,82,79,70,82,91,48,58,75,47,76,70,48,40,98,86,67,48,47,94,86,58,87,50,80,98,36
48,59,41,32,70,36,33,72,63,41,32,54,80,54,64,88,96,75,60,62,58,78,77,54,69,56,30,48,94,73,70,49,61,63,87,70,48,88,63,72,89,30,88,61,35,69,59,74,79,58,85,89,80,52,43,47,33,47,97,66,59,67,92,65,81,35,70,31,46,66,53,82,98,89,30,52,77,81,65,33,74,63,56,89,70,44,57,93,42,70
32,60,40,87,38,82,88,68,84,94,75,35,57,74,94,33,50,80,55,81,78,81,44,69,49,96,76,98,81,48,77,85,91,56,60,83,55,93,43,82,61,90,67,85,54,50,98,61,57,94,90,65,92,64,35,41,55,72,44,56,50,81,31,47,76,42,34,48,51,63,98,39,39,58,50,69,79,72,42,38,39,61,90,35,85,39,75,33,40,56
63,97,98,97,47,49,60,83,32,46,93,58,59,56,65,30,74,95,69,64,39,88,35,31,49,38,56,71,57,42,39,76,90,79,46,59,71,48,77,30,90,66,30,91,65,40,91,95,97,53,32,40,44,79,95,76,82,89,81,36,89,34,33,52,79,38,45,56,92,32,79,56,47,97,31,49,81,93,89,90,44,96,54,37,38,56,36,66,50,35
38,85,56,94,88,64,55,82,31,90,72,70,52,50,30,72,45,37,38,39,80,98,34,46,37,61,61,60,75,95,50,77,88,32,67,53,62,67,80,54,63,30,57,35,87,34,81,39,47,96,36,45,95,61,90,37,77,55,63,90,44,65,95,39,44,34,98,80,50,32,38,30,80,79,93,85,37,97,91,79,31,95,54,60,53,80,61,68,95,66
67,72,86,51,41,40,30,37,37,86,30,72,33,70,94,65,38,39,65,43,71,39,33,87,41,72,47,78,92,66,59,84,93,31,52,66,70,80,96,41,72,95,74,39,47,34,82,92,61,46,70,53,64,50,37,96,66,75,96,61,30,64,34,75,65,60,83,45,51,36,72,59,73,49,83,36,72,42,34,81,60,74,46,80,56,41,49,78,71,35
84,32,70,72,50,69,84,91,58,92,70,78,34,52,89,77,76,93,51,88,45,53,53,53,33,52,37,79,38,38,88,98,85,42,57,71,91,95,59,81,92,85,78,52,96,86,32,87,48,58,52,92,59,62,56,76,61,70,93,49,31,30,81,95,56,76,40,97,84,93,52,66,68,67,63,81,61,38,92,64,98,89,39,79,87,71,41,39,86,89
31,56,41,70,75,61,48,30,31,75,65,48,90,37,85,66,32,58,75,58,45,53,59,59,43,36,41,46,51,36,55,31,48,32,60,98,80,57,76,70,71,86,43,31,34,92,85,66,43,30,30,48,56,88,39,68,71,33,50,58,35,81,96,41,91,67,46,48,78,94,44,85,63,91,93,91,37,62,73,56,71,38,91,30,34,85,58,98,35,54
35,86,63,46,44,88,73,89,94,33,40,83,60,90,80,36,59,90,82,45,53,50,57,66,60,65,62,87,59,35,71,75,71,92,74,55,51,85,67,48,96,85,93,75,62,73,35,63,53,86,50,42,34,60,68,35,67,61,96,80,86,95,45,72,65,62,49,98,80,33,78,53,84,72,66,73,44,86,65,84,58,63,74,85,84,81,49,92,71,60
94,81,77,70,52,48,53,87,87,80,45,38,79,49,86,52,30,68,44,61,43,37,58,57,46,95,86,80,44,98,54,36,32,48,80,60,42,91,94,97,95,37,71,82,65,55,64,57,96,68,85,86,89,90,48,93,74,42,59,83,31,88,45,54,82,48,40,56,82,55,71,68,75,60,39,70,67,64,56,81,58,95,88,92,56,34,76,37,62,93
56,88,42,61,90,46,69,84,83,69,96,90,60,54,95,62,42,31,40,52,89,67,60,41,54,48,42,72,56,38,79,58,65,85,38,92,76,80,58,32,92,43,69,59,63,63,92,32,40,48,71,40,34,72,68,36,33,79,65,69,54,53,96,82,82,93,76,65,59,62,85,93,37,59,60,50,62,45,92,54,98,76,82,78,30,62,63,56,35,46
60,51,46,35,88,72,94,83,45,56,74,53,59,77,48,33,65,54,63,49,39,33,89,49,52,95,46,74,71,54,78,78,51,31,79,67,51,92,70,66,79,38,32,71,78,57,43,64,88,70,60,54,55,76,71,73,77,72,62,57,92,39,37,50,69,48,75,63,65,33,51,57,65,42,73,87,30,35,90,84,94,91,47,56,88,65,85,35,40,57
50,97,30,93,32,74,86,38,42,54,54,49,63,73,93,57,98,60,66,88,35,90,53,77,51,67,42,80,86,38,95,88,89,42,56,50,93,94,75,49,55,51,47,38,41,67,32,92,40,42,85,34,68,93,65,67,69,63,60,42,51,50,68,40,75,30,38,77,36,83,91,64,52,55,92,59,56,96,49,75,49,71,44,34,31,40,80,90,49,84
64,62,98,33,85,39,36,76,45,74,65,70,96,43,92,50,60,68,88,56,40,56,72,48,98,32,76,88,92,43,30,66,81,42,37,90,79,59,35,73,71,42,50,77,95,35,59,73,33,96,80,78,68,55,92,61,65,79,68,98,59,90,53,84,79,61,42,38,40,45,76,36,89,87,45,97,51,45,82,37,56,80,72,67,64,75,77,48,66,30
52,85,86,65,83,68,78,83,46,55,91,97,60,33,68,56,89,93,55,74,31,68,65,95,46,71,96,87,61,49,87,77,45,65,59,54,53,90,42,63,77,47,77,60,65,42,67,67,33,67,92,37,81,88,35,79,64,54,50,35,68,91,53,37,81,54,66,94,51,54,84,30,96,92,62,38,66,64,68,92,76,31,32,78,71,98,67,95,74,42
91,64,55,67,37,34,61,67,49,30,37,97,49,70,36,40,45,53,89,56,87,45,88,43,87,77,52,93,59,41,98,73,95,76,52,41,56,45,55,61,52,82,61,57,82,59,61,66,64,87,63,33,63,39,92,46,67,49,98,66,71,58,47,91,32,86,56,84,65,69,39,59,67,44,55,60,46,72,74,52,41,50,98,54,32,96,41,68,40,51
97,90,70,49,84,45,81,42,31,43,36,95,68,81,92,49,77,93,87,75,44,88,68,97,38,77,39,54,86,52,88,41,49,94,42,73,44,60,64,74,55,81,32,36,97,75,79,90,71,64,53,78,39,37,43,63,30,55,68,32,72,39,63,60,82,52,80,90,95,72,34,30,74,64,51,56,34,69,77,60,53,39,95,79,42,56,77,46,83,35
74,33,80,48,45,58,85,60,65,63,53,43,78,38,97,73,89,75,50,90,66,98,48,54,82,53,60,47,54,78,92,87,36,42,60,41,94,69,86,65,76,39,72,75,44,62,88,77,62,94,98,73,96,31,57,64,65,39,40,35,68,75,63,43,89,54,52,57,78,89,32,78,47,92,73,65,84,49,79,36,96,53,83,98,71,57,34,36,37,96
45,56,96,73,36,58,98,62,84,51,72,42,98,44,42,76,87,42,86,91,62,36,87,72,32,40,89,63,39,84,70,96,59,64,91,90,91,88,82,58,96,57,53,39,36,54,74,52,35,61,49,36,68,36,34,53,69,50,39,64,87,41,39,91,34,76,80,74,49,57,57,59,56,48,98,40,33,83,60,84,56,53,75,64,91,72,91,34,71,58
56,51,49,48,34,72,32,58,73,65,93,65,69,56,56,85,81,67,54,98,86,63,50,87,55,84,53,75,74,82,69,59,46,33,96,74,87,88,49,87,43,86,78,87,68,92,91,72,64,84,64,53,80,76,66,52,89,36,56,97,50,87,58,74,42,46,66,62,70,58,94,84,42,83,50,97,32,72,46,72,57,46,92,84,78,39,54,59,38,44
36,78,32,73,75,34,69,35,57,86,83,42,78,92,44,61,81,43,44,52,98,48,55,52,45,36,69,50,30,87,98,81,79,63,80,61,74,75,36,65,86,69,82,47,36,34,84,84,70,89,63,37,59,51,59,44,43,47,77,77,31,44,30,57,65,52,46,66,67,74,90,72,44,77,83,88,84,70,87,39,91,83,67,52,39,92,63,32,90,80
80,49,40,82,65,56,82,92,49,43,42,90,74,60,88,46,86,31,49,71,77,53,91,48,88,71,45,44,93,86,45,41,50,97,85,47,78,85,56,61,57,35,59,61,69,40,74,86,97,98,48,53,73,74,31,82,66,42,66,52,47,66,92,89,33,86,69,52,76,88,67,52,55,60,59,70,75,62,47,69,74,40,64,86,68,94,77,79,68,79
62,60,60,77,59,80,43,80,90,66,30,92,75,58,48,43,36,45,44,88,71,51,70,66,45,44,87,38,59,52,32,67,75,93,35,80,96,96,58,82,59,61,58,56,76,70,74,61,42,76,51,54,88,62,86,35,61,50,51,67,52,95,59,92,68,57,41,52,46,54,72,56,96,62,47,38,41,67,58,58,30,46,84,72,78,76,82,63,86,76
68,93,52,39,35,71,47,37,37,37,51,82,46,62,50,98,78,59,39,95,69,81,92,55,51,83,43,92,49,84,78,37,39,97,78,74,42,57,98,62,36,59,65,54,55,36,92,77,71,97,94,69,86,66,69,50,72,59,44,30,90,33,79,74,89,95,66,76,47,42,41,52,31,80,58,56,43,51,36,49,62,34,58,82,98,34,89,65,64,51
77,64,93,39,41,60,34,33,88,98,69,77,74,96,55,30,54,62,65,68,62,73,84,74,97,85,78,84,94,88,91,87,93,49,84,82,34,86,93,47,59,83,55,32,97,35,71,48,92,92,35,56,80,88,81,42,95,53,32,51,65,65,58,69,57,67,89,32,91,70,55,96,37,59,40,73,72,71,69,84,60,90,44,67,81,86,35,72,73,96
73,88,83,85,64,90,88,50,56,63,98,64,95,98,77,79,98,58,49,43,59,94,44,70,85,68,48,42,57,70,42,30,57,79,81,37,37,67,70,61,38,94,40,44,53,43,86,67,91,51,61,93,57,47,68,77,35,80,98,51,31,87,87,65,39,59,36,96,72,51,83,88,59,64,73,71,95,70,32,79,51,84,85,62,43,53,73,80,75,73
83,32,52,48,97,68,31,84,75,60,60,52,59,60,80,64,36,81,48,30,89,93,68,41,51,40,38,47,79,85,97,89,80,33,34,80,33,59,30,52,60,63,52,87,80,63,33,79,79,79,66,44,92,60,56,72,76,40,58,41,83,47,48,86,65,64,73,67,54,91,90,34,94,75,91,82,47,65,73,94,57,66,41,39,78,58,94,41,86,88
48,49,73,35,54,76,61,66,97,46,77,32,91,33,64,31,38,63,85,62,73,93,82,50,75,70,80,74,95,67,39,87,63,43,45,67,85,71,98,58,89,44,50,55,58,42,89,86,33,36,70,54,67,37,87,92,72,40,36,40,88,31,57,41,69,90,39,54,69,52,59,88,78,60,40,93,94,30,46,55,88,43,95,39,57,67,59,75,75,97
64,63,85,34,38,86,65,88,65,40,30,65,87,36,77,46,87,83,45,85,64,93,91,55,38,35,50,89,60,50,48,84,42,85,98,69,70,53,85,33,40,77,41,59,54,52,76,30,62,51,81,35,47,32,52,96,52,64,43,30,52,93,57,50,94,51,71,44,51,84,36,98,72,35,32,53,30,80,59,38,63,47,82,37,48,35,35,56,75,77
59,97,35,89,97,49,82,67,72,87,63,31,87,60,76,36,84,37,44,76,44,35,62,63,34,67,40,86,61,35,93,68,98,35,63,53,75,66,64,32,63,78,54,32,96,70,66,94,60,91,43,35,32,83,35,90,63,91,78,65,89,94,31,71,58,97,77,62,50,71,98,95,45,47,83,85,55,34,96,66,55,74,45,42,58,68,55,32,82,96
77,40,98,86,68,91,85,38,64,92,91,75,41,73,40,63,57,80,87,79,76,81,89,33,53,62,98,49,58,74,90,44,40,65,42,68,42,44,69,66,82,85,49,34,34,87,33,42,36,39,52,38,92,34,45,54,93,37,96,48,66,45,77,59,89,78,35,52,72,69,91,97,31,51,86,56,76,41,95,83,73,73,39,71,56,91,83,90,32,55
63,35,31,62,85,32,43,68,42,63,87,48,56,37,41,61,90,80,86,87,92,54,33,43,92,81,67,84,51,43,55,30,61,47,58,62,47,49,94,30,70,88,39,97,35,75,58,90,89,43,69,47,38,31,59,71,52,83,94,38,49,87,44,94,39,69,60,36,48,70,47,36,37,84,63,32,97,96,82,81,75,89,48,87,65,75,48,39,32,94
95,36,81,41,88,93,50,87,75,32,32,52,34,31,76,59,48,93,65,69,34,64,50,96,67,39,60,44,92,75,66,54,81,43,30,33,78,44,41,95,43,44,58,65,90,80,68,54,91,71,37,52,63,36,97,73,71,44,40,50,33,96,45,56,70,31,37,48,52,58,37,71,36,78,38,75,89,65,80,70,86,96,97,72,44,58,96,88,41,77
56,79,73,75,94,93,70,75,42,84,68,82,34,78,36,46,69,89,72,49,42,55,56,57,76,87,72,60,55,59,95,65,81,49,32,59,84,82,92,92,67,84,41,46,94,64,35,53,93,49,33,76,43,91,38,90,32,69,47,73,86,98,46,51,60,80,59,67,67,43,58,76,77,43,43,60,70,30,48,64,82,45,75,41,77,98,88,59,55,69
46,34,83,70,46,43,50,52,62,87,78,71,40,63,53,39,95,54,94,66,95,85,54,54,69,84,66,89,85,33,55,50,81,68,64,78,52,31,45,87,33,54,67,88,57,90,36,88,45,42,96,84,89,51,35,74,39,65,90,83,74,86,87,74,48,72,61,71,67,53,55,50,57,67,33,44,89,74,92,98,75,43,80,36,62,66,33,56,66,49
93,61,64,50,95,44,52,65,33,46,94,79,41,42,49,52,52,45,77,56,61,41,45,55,70,53,79,66,58,98,90,79,56,48,36,62,44,77,62,30,86,43,34,60,41,30,72,87,96,33,40,87,36,51,35,41,66,80,51,69,60,78,54,37,68,85,89,98,44,74,74,37,44,42,57,40,49,54,83,57,72,98,39,63,68,61,63,85,86,52
86,92,49,45,47,97,30,74,82,93,97,38,97,31,79,40,92,68,60,83,75,76,36,53,32,37,62,93,56,58,80,58,63,54,41,90,37,71,51,50,56,59,69,63,32,79,33,86,71,34,50,83,47,66,80,31,90,87,56,93,45,96,45,81,78,80,40,80,78,38,57,80,98,66,44,52,83,80,61,42,40,58,39,74,68,42,81,58,59,74
59,41,37,90,58,69,52,86,34,92,74,61,61,80,62,42,91,58,30,69,46,97,68,31,32,68,68,50,57,62,97,61,73,82,56,81,70,38,30,98,51,48,87,88,69,67,90,95,90,52,34,68,40,49,35,63,74,73,56,56,67,74,55,50,52,53,79,49,68,64,81,62,40,67,80,56,67,89,50,94,42,51,42,36,80,47,62,83,66,36
67,31,57,62,56,62,94,95,61,35,63,67,85,42,84,87,67,77,39,63,32,79,34,69,32,33,67,89,45,87,58,81,87,59,82,67,95,32,51,33,94,96,82,51,90,39,58,84,91,97,83,95,95,59,44,68,77,69,68,60,83,56,40,75,36,37,61,69,39,82,59,96,83,88,44,69,86,84,52,32,86,43,57,70,78,61,44,85,77,73
86,53,70,31,97,93,61,82,83,68,74,50,52,59,32,95,86,86,30,70,79,77,51,82,80,81,61,65,57,35,49,78,51,52,43,96,48,92,69,46,31,84,67,69,59,72,32,74,32,44,72,76,50,76,55,42,90,53,63,46,76,32,53,53,50,66,80,92,70,69,97,54,34,72,48,39,48,76,90,84,36,83,56,46,57,62,44,62,86,32
53,42,81,91,97,97,75,63,49,83,45,95,95,70,59,83,32,97,78,44,63,31,42,40,91,37,31,73,64,62,47,77,91,38,80,98,66,50,86,59,40,50,42,31,73,81,59,32,60,54,37,87,86,34,30,88,57,69,43,73,60,64,97,57,44,92,63,43,32,36,67,50,60,72,82,38,89,76,53,48,62,57,40,87,96,42,53,60,32,84
46,76,32,78,76,49,41,63,90,51,81,56,45,36,95,51,70,81,77,49,68,58,77,72,50,59,41,97,45,55,86,59,34,60,96,52,60,48,39,84,59,72,92,46,78,39,44,97,33,47,49,76,44,95,97,68,40,66,49,79,97,31,96,88,55,89,32,43,32,83,64,47,59,64,90,86,53,80,71,36,80,83,72,81,72,78,71,62,76,74
31,93,41,91,56,62,89,63,81,61,40,52,44,62,87,91,52,68,69,40,42,41,63,96,77,73,91,42,63,39,77,67,86,92,61,79,97,62,63,60,57,31,94,64,47,40,32,55,58,35,86,70,31,45,67,88,49,68,98,78,77,66,44,65,73,46,45,92,30,52,44,77,54,47,62,48,81,45,74,50,35,43,49,40,64,64,52,36,59,51
91,77,45,81,93,53,82,44,81,75,68,66,94,68,67,83,34,82,75,53,36,69,80,98,60,86,68,56,32,60,63,76,86,55,89,40,72,50,81,76,61,45,35,58,50,65,82,33,31,57,94,90,77,80,51,35,31,78,42,94,78,46,49,56,73,53,67,97,87,54,42,31,89,79,43,62,92,57,66,95,90,60,43,35,79,41,72,43,86,40
31,98,45,57,95,64,38,68,63,91,46,30,47,76,43,56,68,47,30,55,92,41,49,49,53,97,86,50,97,33,49,96,40,96,83,95,77,45,89,54,79,68,76,67,62,31,92,41,93,30,56,58,94,58,44,75,89,69,31,66,97,45,56,31,82,86,69,76,93,46,60,93,98,88,66,56,74,53,46,53,46,34,38,60,51,74,56,65,31,97
30,38,78,35,68,57,76,73,79,69,44,75,41,57,52,84,92,70,82,95,36,49,53,92,72,64,78,43,65,33,39,98,98,79,74,89,67,80,60,62,30,68,30,54,49,35,41,84,85,45,50,38,73,92,39,77,69,31,66,49,56,48,53,46,83,42,71,41,46,84,56,79,37,31,65,46,89,76,34,87,83,34,71,48,92,61,83,83,68,58
38,41,89,71,89,89,79,89,60,35,56,56,81,93,45,70,42,44,38,98,94,44,30,60,63,43,69,47,64,55,35,33,87,32,53,44,51,68,54,73,32,76,32,53,93,46,34,80,84,69,43,90,46,81,40,85,73,41,87,30,65,69,80,86,31,52,37,66,92,84,91,39,73,41,32,96,96,58,85,56,80,88,61,94,71,47,91,37,59,79
77,43,88,86,90,67,83,76,75,74,73,72,53,42,48,91,52,46,82,96,84,50,85,32,80,78,67,96,60,85,97,44,32,33,32,47,38,69,76,44,89,40,34,75,71,70,85,37,81,32,96,65,81,88,82,65,90,81,87,63,93,65,65,81,48,56,83,45,66,64,43,94,74,49,44,87,81,44,62,91,77,98,63,30,97,40,39,50,87,53
95,65,48,41,61,97,82,51,47,54,61,75,61,84,59,66,49,74,93,39,34,69,45,38,31,75,82,71,89,60,70,90,39,49,79,70,94,32,63,77,46,45,57,41,94,40,91,67,71,78,92,61,96,50,51,91,59,76,34,35,52,82,41,67,30,89,53,85,76,32,87,34,84,74,71,67,62,66,40,38,46,35,58,36,35,41,52,54,92,30
93,73,75,90,48,73,73,91,98,37,88,59,90,67,86,59,88,86,43,48,58,88,96,51,44,76,34,52,68,94,39,76,38,83,83,66,40,54,61,69,36,81,42,49,96,86,65,51,69,75,90,33,63,61,96,47,35,54,30,88,77,68,36,60,35,87,69,31,31,44,96,93,91,65,72,78,45,58,92,54,71,30,33,37,41,58,45,71,58,84
95,76,85,59,97,91,53,42,78,38,38,52,89,94,41,44,73,44,77,47,54,93,84,98,43,93,93,91,64,79,59,88,50,78,77,68,79,69,93,81,88,39,66,51,50,63,46,47,76,46,86,75,80,69,30,61,30,59,91,70,39,75,36,91,60,31,48,74,88,62,95,37,87,96,97,57,39,65,67,81,82,57,53,72,67,91,46,44,64,51
54,38,89,41,44,48,91,88,71,50,94,76,49,34,51,78,85,41,37,34,71,84,86,86,89,65,56,80,96,54,48,80,45,53,39,36,43,75,79,42,63,83,61,69,94,75,44,89,37,80,32,80,41,34,73,52,54,42,96,73,69,32,78,72,81,81,96,71,60,96,46,98,80,44,37,63,72,60,98,44,74,76,53,47,42,95,60,85,98,37
64,74,95,40,46,36,54,59,45,72,48,66,56,81,78,55,30,76,59,97,52,50,95,92,64,67,38,71,93,64,63,88,55,65,77,75,45,75,50,46,69,53,56,53,81,80,96,66,72,45,55,52,86,83,86,61,65,83,31,97,31,76,68,66,44,95,93,42,37,94,33,73,44,86,91,54,72,56,36,48,55,97,34,59,86,43,81,82,66,32
86,88,65,66,30,60,71,41,95,92,63,56,70,85,93,74,46,86,45,57,81,95,51,84,63,46,52,75,71,39,79,54,92,97,43,93,57,41,80,40,76,70,46,55,89,69,89,52,80,51,82,36,68,43,47,96,53,70,49,82,35,68,83,51,40,41,40,76,63,84,52,59,89,67,70,42,63,98,83,49,70,76,60,43,37,48,65,38,77,63
70,47,69,62,39,56,73,86,93,65,31,79,86,73,77,39,78,34,44,53,63,30,71,70,64,75,66,83,51,55,31,72,60,35,85,54,61,59,40,98,83,90,40,81,73,58,49,44,68,67,83,94,86,53,30,58,42,48,95,50,76,33,37,32,90,58,83,81,45,70,36,38,36,81,76,85,50,37,44,89,30,67,68,79,92,91,87,94,31,63
97,51,62,44,65,65,60,73,58,56,47,50,75,55,55,72,52,73,38,49,88,52,38,86,66,48,72,41,72,70,95,41,39,72,82,57,96,81,94,88,92,49,36,68,75,55,72,59,58,31,30,69,56,70,51,87,77,50,34,35,45,85,62,70,31,78,47,60,84,83,45,52,58,77,94,39,44,55,88,90,40,92,34,77,81,37,45,98,30,91
97,82,88,90,83,62,47,42,88,46,62,57,60,56,61,66,70,76,73,41,83,37,60,51,54,77,61,48,66,97,83,60,62,77,88,57,67,75,87,51,82,84,58,77,89,36,75,31,49,65,79,52,41,90,85,95,34,36,33,45,74,92,75,57,52,33,84,30,88,72,42,57,64,55,87,46,77,64,57,40,70,83,83,55,97,77,39,65,84,47
83,56,95,53,37,85,70,60,78,72,62,92,69,84,50,94,59,38,70,70,76,97,72,34,56,95,92,41,40,59,45,55,31,35,68,34,39,48,98,82,47,79,94,82,88,69,87,89,83,81,90,88,43,32,34,42,59,90,65,63,46,76,43,94,40,58,40,94,68,77,81,39,66,71,51,86,42,86,65,93,55,54,74,45,92,93,91,64,90,57
92,83,30,76,73,45,32,58,66,86,55,53,98,85,36,44,81,34,84,31,66,93,68,51,39,47,61,55,38,34,56,60,85,80,42,39,73,56,77,76,77,58,37,38,34,33,34,88,48,54,64,40,58,91,49,48,68,47,68,57,87,66,50,92,92,32,87,67,64,85,41,41,52,63,95,61,38,69,40,38,63,98,78,51,35,34,91,86,42,60
45,34,79,69,49,76,71,31,38,47,78,73,90,31,48,71,94,75,76,46,62,80,63,58,49,34,51,35,69,33,89,37,60,30,89,98,54,39,83,38,58,64,96,75,96,46,76,48,82,96,80,41,98,76,39,68,91,44,37,71,63,51,70,66,72,92,85,57,48,55,33,86,32,89,46,60,66,89,41,91,50,56,55,31,95,65,77,33,39,50
86,94,67,39,50,40,51,63,93,80,54,64,81,74,91,83,50,66,59,97,73,87,55,70,81,86,76,85,37,48,49,74,30,94,67,57,52,98,71,62,59,91,43,44,66,46,50,82,50,55,93,77,88,52,66,59,82,54,90,80,66,92,97,60,82,32,72,41,88,42,71,80,40,80,42,90,68,41,74,30,41,66,64,67,59,81,39,77,55,61
42,86,53,58,91,78,89,41,94,30,70,34,76,80,48,94,45,44,84,46,39,92,91,94,88,49,31,34,75,50,88,30,89,55,68,65,40,42,43,98,36,81,57,98,69,64,63,42,90,50,69,34,94,67,50,74,98,97,68,69,54,73,95,83,77,75,78,98,35,73,87,47,37,57,52,36,86,91,56,81,92,52,51,63,31,96,98,91,95,89
45,46,95,60,82,44,31,71,90,71,44,41,96,75,89,83,38,89,63,61,76,91,52,70,96,41,38,65,44,76,85,69,93,79,77,68,47,30,59,66,35,56,49,68,31,87,90,77,46,95,61,47,32,41,41,71,46,60,79,77,36,85,67,40,79,92,90,46,66,40,78,40,89,80,59,43,93,49,52,41,96,96,68,92,97,35,35,41,82,54
69,60,45,82,80,43,64,51,69,39,36,59,42,61,63,58,46,97,41,42,92,59,47,53,78,40,86,97,54,55,90,41,78,84,53,43,98,73,63,77,82,76,58,80,59,32,94,75,40,95,98,49,48,42,80,72,73,39,85,34,57,39,65,60,72,56,47,49,72,69,38,42,57,59,71,44,30,88,81,70,96,74,53,51,44,90,81,60,84,90
39,37,34,77,72,69,88,83,38,39,59,91,96,85,76,79,52,92,69,82,66,60,70,79,92,44,35,68,32,73,86,65,41,38,80,55,96,67,98,60,89,43,60,83,93,70,81,41,80,85,88,81,68,63,78,35,71,65,42,85,57,92,80,93,34,80,32,68,93,61,47,82,82,44,62,85,71,83,43,73,78,40,96,77,36,70,94,62,34,75
34,91,53,76,41,85,62,56,37,89,66,32,60,96,53,83,94,86,66,53,73,48,57,77,65,87,63,80,61,42,76,98,82,98,59,66,64,93,91,42,65,68,59,37,87,50,50,76,45,35,89,61,65,98,61,60,81,64,39,96,65,77,72,85,91,30,87,69,37,45,70,42,72,33,68,89,42,83,77,40,53,35,36,49,95,68,57,89,52,92
97,74,50,74,79,49,31,86,98,79,58,43,67,91,42,76,47,75,79,59,56,86,68,82,82,45,93,37,51,65,37,34,48,54,97,77,48,38,48,55,86,88,66,46,30,32,86,66,89,69,71,42,66,62,79,46,38,49,55,52,48,33,80,51,58,57,59,73,92,72,47,95,83,79,69,86,71,43,53,80,57,62,40,97,64,94,84,95,57,89
66,53,90,92,44,89,54,81,50,61,38,54,70,30,65,63,42,80,83,54,76,66,39,52,33,77,56,60,96,94,83,59,61,40,61,65,45,83,56,70,34,49,53,90,56,70,82,67,78,32,35,38,76,79,96,98,95,90,47,59,57,68,92,85,77,52,63,45,30,66,64,93,53,83,71,43,74,32,41,39,69,32,93,44,90,76,96,80,97,38
63,95,80,32,66,73,54,58,68,38,34,89,56,78,65,69,30,83,79,87,86,51,79,91,92,86,62,86,83,90,80,73,76,78,32,56,67,94,87,50,74,98,38,60,43,57,84,83,86,66,93,77,37,92,81,35,82,94,36,48,86,33,68,59,54,84,51,58,40,47,85,54,59,86,47,43,86,45,95,90,33,68,85,61,57,69,72,68,31,91
59,93,98,84,55,92,43,45,63,37,97,39,61,83,73,46,34,68,70,40,54,49,55,71,87,85,58,62,51,89,88,38,36,77,55,57,32,31,86,61,88,89,81,39,69,44,33,44,53,47,49,55,46,91,86,75,92,50,37,66,42,81,54,91,31,97,41,76,61,45,94,81,53,64,70,89,46,81,91,52,44,48,79,92,48,79,39,75,90,96
37,30,36,77,36,88,37,57,71,69,30,95,71,74,96,56,68,32,63,55,38,98,47,46,76,40,61,43,50,53,67,74,90,96,84,72,53,69,83,83,63,35,63,44,62,54,66,60,32,62,38,37,40,57,45,32,76,85,48,86,75,57,45,96,41,38,93,86,92,41,80,60,55,92,70,91,61,40,86,84,44,49,70,45,75,44,50,88,35,76
95,46,60,98,43,86,69,77,67,32,60,96,75,61,43,59,91,96,82,92,85,33,55,45,38,84,82,37,53,82,62,95,78,48,44,54,97,36,93,70,77,41,91,48,55,44,52,44,68,30,43,76,75,49,86,60,75,31,97,84,38,46,42,49,78,49,64,80,81,56,97,53,36,64,71,52,45,57,87,84,49,42,57,96,94,39,73,32,38,48
72,79,65,98,52,42,78,86,64,62,43,33,64,94,90,50,50,63,73,66,64,51,61,47,57,33,59,90,43,77,60,57,87,89,39,49,75,79,56,72,37,53,66,46,49,95,33,65,39,93,75,52,34,55,50,76,69,96,50,49,68,33,37,74,36,39,81,78,96,66,96,46,84,89,75,54,42,86,44,42,63,83,32,77,93,62,39,30,69,45
64,37,36,42,58,92,49,44,89,34,78,50,45,44,64,63,77,82,72,60,44,87,87,76,44,62,40,31,74,52,45,54,34,35,60,93,47,93,95,85,73,38,91,53,31,62,80,80,37,60,66,76,36,94,50,81,81,70,94,33,36,86,92,37,90,32,86,65,68,48,32,34,83,83,66,58,58,82,77,53,67,40,98,64,69,69,43,54,72,85
83,32,59,59,51,55,83,68,73,72,69,65,59,96,44,81,85,33,60,52,61,35,86,64,46,65,32,89,86,39,61,30,40,94,64,43,67,97,57,91,66,66,88,64,61,52,64,83,79,81,54,39,46,98,89,95,78,62,37,73,93,45,71,44,45,85,56,64,75,90,82,95,40,80,41,43,75,82,80,50,35,58,41,82,95,87,67,48,91,59
64,75,37,65,61,43,85,52,48,35,48,38,92,82,98,79,65,50,39,49,57,62,48,52,44,69,62,57,70,67,95,65,72,30,89,44,58,50,71,48,38,65,40,34,38,63,31,49,40,70,60,43,91,60,45,32,36,48,37,81,94,73,57,94,75,81,60,36,80,73,87,79,43,56,54,37,59,41,92,33,83,41,49,61,31,39,93,50,40,86
32,97,87,65,51,95,69,90,38,58,62,79,71,44,85,67,65,46,38,47,46,70,90,32,73,90,63,53,42,52,82,71,82,37,31,55,92,61,98,65,55,31,69,50,92,94,60,79,49,49,53,96,43,64,35,68,30,65,73,91,72,54,57,60,44,93,86,96,97,45,50,77,81,71,82,78,59,41,46,76,31,42,83,70,73,89,73,91,63,74
97,67,81,57,40,73,82,88,88,70,60,57,92,65,89,83,54,60,56,50,76,95,60,62,97,53,96,64,36,55,58,34,45,47,85,64,49,65,52,52,82,91,63,33,60,48,84,82,38,38,69,72,95,84,66,60,83,36,91,66,62,64,77,38,67,77,70,79,90,91,48,64,61,69,32,42,30,33,87,66,76,93,42,91,83,91,95,49,86,68
88,38,96,59,49,60,96,61,37,58,91,33,68,57,94,71,42,42,46,30,82,34,81,46,46,85,58,94,49,92,38,72,77,89,36,50,50,47,72,81,40,87,44,41,58,41,66,68,81,58,79,91,44,31,49,46,49,86,98,52,33,66,81,48,35,58,91,86,85,97,39,30,41,93,84,31,83,53,69,33,92,72,33,74,46,76,43,43,50,38
60,80,69,61,92,92,71,91,67,51,98,32,48,64,37,47,78,55,68,48,72,80,37,92,79,96,65,59,81,87,52,94,67,79,66,59,34,47,49,87,59,41,67,64,47,98,68,64,52,60,52,90,34,31,60,42,51,63,67,60,38,88,73,55,86,73,98,61,48,89,56,50,62,97,56,78,32,78,52,30,33,81,59,80,94,90,50,91,61,54
39,86,93,41,65,57,32,93,81,69,67,58,86,35,90,85,74,92,66,92,94,87,97,78,94,38,85,81,81,89,39,43,95,66,92,69,98,94,53,76,68,63,90,73,34,40,52,36,35,48,39,36,49,45,73,40,48,74,39,84,77,57,56,92,59,81,82,88,49,68,50,73,96,76,75,96,88,75,72,34,82,76,83,37,59,98,68,92,65,72
61,76,64,63,95,32,80,30,45,52,41,61,54,30,64,93,51,78,41,70,51,80,98,37,65,61,79,79,91,55,95,41,92,90,43,80,51,91,38,51,59,50,77,74,50,90,86,57,78,67,86,80,78,42,90,47,98,38,83,80,65,62,46,41,42,86,52,72,64,85,66,48,46,78,55,63,40,36,86,34,84,42,79,51,56,85,89,74,92,48
42,66,76,61,76,48,72,55,60,47,34,88,63,68,58,45,69,72,41,93,95,56,59,76,34,61,90,53,35,77,44,77,33,89,96,70,78,83,70,57,78,56,66,61,63,49,82,84,50,68,32,49,96,79,76,61,62,55,73,88,70,47,89,43,97,86,52,63,41,55,53,72,46,86,88,56,98,79,79,83,67,73,64,67,69,72,75,70,32,57
86,91,94,61,71,78,88,55,46,76,58,57,63,35,94,91,68,88,36,90,46,56,47,37,48,31,61,68,90,47,58,92,67,98,65,91,97,69,49,91,65,73,46,40,60,32,57,88,40,58,54,69,89,36,59,40,44,97,33,96,86,72,58,42,71,47,54,73,38,52,49,90,59,64,57,44,66,62,87,89,94,47,91,62,37,62,67,54,95,52
64,72,96,58,86,66,52,98,68,66,82,44,92,71,54,73,47,92,59,46,54,64,56,35,32,36,93,76,76,43,33,79,33,35,71,90,34,72,91,63,89,98,76,45,83,94,66,43,79,63,51,93,39,94,31,80,59,44,69,31,43,52,53,85,61,64,39,81,85,52,46,37,41,47,95,88,34,90,47,85,86,49,63,74,47,58,53,70,83,53
40,62,75,72,33,88,70,59,45,46,45,33,92,75,69,60,85,35,64,59,49,36,95,33,56,89,47,64,60,43,92,94,38,55,69,40,46,71,33,51,30,52,63,84,71,67,70,64,33,65,85,58,71,37,45,32,66,90,89,54,75,47,97,94,49,81,89,43,83,76,88,52,98,36,85,50,53,82,83,35,69,91,66,49,54,43,53,85,75,70
45,80,83,70,46,91,74,86,92,58,59,60,57,81,70,90,67,91,82,41,67,64,94,78,86,46,85,90,71,73,97,64,45,36,88,57,53,96,40,43,43,39,80,38,73,90,82,39,80,30,92,41,55,38,73,62,42,54,59,93,80,37,56,94,71,49,77,56,89,51,97,85,31,52,74,31,36,63,73,73,49,95,98,77,90,65,50,65,57,79
69,70,38,58,48,89,35,56,44,61,94,65,71,90,89,53,94,40,37,53,71,67,80,84,90,56,41,33,81,74,54,78,67,31,55,45,77,83,81,93,76,69,35,74,61,87,56,76,74,98,94,32,55,31,57,90,51,89,85,94,52,67,86,54,41,73,44,52,46,31,89,58,82,84,40,90,49,48,60,68,66,55,59,47,47,78,58,41,56,61
96,39,73,77,44,83,58,84,79,61,47,96,55,43,64,88,47,74,67,97,83,93,47,35,83,66,66,75,97,94,67,87,64,67,52,84,41,77,77,80,60,77,42,62,74,79,47,95,59,97,30,79,38,37,82,51,51,74,44,51,70,83,46,35,70,40,68,40,42,37,94,62,41,73,34,91,92,62,81,72,63,62,49,32,53,50,65,49,95,34
51,70,86,31,46,88,79,71,35,82,45,41,70,62,34,46,42,72,93,98,88,54,91,54,72,89,92,64,57,80,97,36,53,94,91,94,77,73,50,64,37,59,65,96,46,38,86,93,30,81,83,78,55,37,47,94,91,65,92,82,93,91,74,82,80,32,88,35,60,91,64,76,83,88,52,78,50,96,50,74,65,51,89,71,94,89,96,84,93,93
54,47,51,62,92,68,71,59,60,59,93,66,33,46,89,75,87,66,67,42,97,65,37,33,48,76,39,98,69,48,63,61,39,55,31,70,54,58,45,74,41,62,86,96,44,34,60,60,68,68,32,45,54,42,70,96,79,76,91,88,38,81,95,46,40,91,34,36,71,72,86,39,78,57,74,85,81,33,89,58,76,43,46,66,97,72,77,56,81,49
55,60,55,90,47,90,43,94,57,66,45,67,30,98,83,63,85,72,30,65,46,81,37,30,54,30,43,60,68,45,55,78,69,77,91,75,87,37,94,70,57,60,37,51,41,68,38,63,74,41,77,73,50,48,37,30,80,65,48,69,94,47,42,97,90,85,95,67,87,73,87,85,33,64,79,42,36,56,53,97,70,70,67,45,73,71,74,62,63,97
84,62,41,51,37,35,89,81,81,30,81,94,38,71,54,82,30,58,50,92,78,41,84,51,46,92,68,83,90,89,84,76,74,58,80,36,95,33,98,53,62,63,69,31,54,83,58,54,49,37,47,97,86,60,71,73,71,62,64,38,53,48,32,91,44,69,42,34,72,74,94,65,67,68,98,31,65,67,35,80,56,91,66,89,95,88,78,55,74,64
66,79,56,60,77,31,59,97,89,67,48,32,89,92,35,75,88,87,65,98,82,90,67,46,77,41,56,86,32,71,84,59,55,54,81,97,77,32,31,49,43,88,92,50,96,50,83,55,42,33,80,73,36,30,65,42,95,74,72,54,68,39,87,78,79,78,68,32,60,45,76,54,47,78,38,76,54,77,55,41,41,37,68,97,76,34,82,85,91,58
84,61,44,45,54,75,53,65,34,93,60,91,49,36,33,58,75,36,42,91,53,73,71,98,66,41,30,48,93,96,84,46,51,57,78,96,34,94,50,36,92,94,51,97,60,90,30,73,49,32,43,31,55,85,76,82,58,35,86,97,75,72,75,88,86,87,34,97,46,48,39,55,59,79,34,57,93,44,46,82,42,68,85,40,83,80,75,53,60,33
79,60,73,91,48,47,80,49,45,93,53,58,32,91,71,59,49,91,62,70,71,84,78,36,88,54,60,47,87,62,73,49,39,82,48,76,66,49,87,87,83,56,44,95,84,78,58,54,77,86,70,66,48,71,87,46,79,76,63,59,56,68,65,40,76,89,94,77,30,39,51,68,86,76,72,96,38,38,51,33,76,66,47,69,51,86,62,50,70,79
56,76,72,43,58,79,79,54,63,30,34,42,38,38,98,32,47,44,48,89,71,42,84,48,35,87,60,57,50,60,43,39,65,86,60,88,54,81,52,75,74,57,48,33,75,86,86,53,73,63,68,45,36,93,31,41,84,68,33,70,69,95,81,74,49,84,30,73,38,87,51,37,56,71,63,95,30,82,57,38,40,45,52,65,82,52,38,62,59,86
81,84,49,63,42,35,94,44,38,64,95,81,88,85,50,34,57,44,83,52,63,91,73,38,77,93,92,37,80,77,75,46,41,52,71,45,34,66,66,41,89,74,56,68,43,88,54,38,42,58,93,86,36,78,96,69,76,47,76,73,42,96,63,72,98,46,71,50,32,30,83,70,87,49,30,71,80,89,68,79,40,66,84,75,70,41,48,78,82,34
60,48,51,68,48,76,40,86,81,57,46,48,52,62,80,63,78,44,89,88,53,61,54,60,80,68,72,41,58,87,47,34,35,87,81,43,30,93,98,97,44,89,53,37,46,46,86,52,66,60,91,71,61,65,80,98,53,38,71,53,95,54,84,41,59,65,96,84,67,82,63,37,35,30,38,54,54,94,96,57,69,40,53,71,38,75,86,59,40,80
66,90,70,66,47,88,56,37,95,89,63,69,82,75,68,49,85,53,69,95,30,94,68,48,34,98,56,33,86,47,38,85,51,57,37,80,79,64,84,66,49,84,30,44,75,71,77,79,89,63,35,87,95,80,58,88,94,69,69,32,85,42,94,43,94,35,69,90,41,80,37,52,56,58,35,87,78,37,37,85,75,61,53,75,51,46,31,32,59,76
79,34,44,70,75,46,65,43,73,52,49,88,79,67,97,73,64,96,46,66,82,57,50,97,76,53,82,44,78,55,54,84,34,79,92,83,95,75,63,55,95,39,97,67,95,49,64,92,70,52,41,97,51,64,66,95,37,96,35,92,36,42,92,31,94,69,57,89,50,42,52,89,45,56,76,60,72,93,89,30,36,79,87,66,80,84,57,39,44,71
63,97,88,76,42,52,36,32,40,95,78,38,44,32,75,67,69,90,40,47,87,39,92,34,66,48,40,62,79,88,50,82,47,42,58,61,84,63,81,77,68,95,84,33,75,79,81,45,69,77,97,78,33,42,97,34,65,57,45,58,63,46,56,86,45,43,34,88,66,88,38,43,50,42,75,59,70,31,32,74,44,61,53,57,89,31,77,70,59,71
55,48,32,78,88,64,49,79,67,78,83,91,59,89,98,45,62,93,37,35,81,39,90,39,41,67,56,61,68,45,32,83,70,57,93,48,46,80,60,52,32,40,72,64,35,85,33,48,56,71,62,75,98,89,83,54,93,45,45,36,32,66,78,88,67,38,41,52,57,67,37,79,31,72,83,68,72,90,46,79,81,54,75,33,59,74,60,43,66,88
38,91,37,41,55,34,59,36,48,54,61,90,96,38,52,75,78,90,72,77,33,92,30,79,61,76,87,74,60,69,44,94,68,34,88,98,57,51,93,95,74,53,38,34,92,45,48,64,30,84,96,30,73,96,56,81,87,80,75,76,50,79,57,72,89,33,36,34,57,61,43,78,39,36,82,52,85,31,67,89,95,64,83,56,79,78,68,71,48,98
63,55,51,52,97,52,37,81,82,55,62,45,45,92,82,95,47,65,50,79,48,39,63,74,65,56,76,65,84,67,78,78,55,95,97,54,50,55,90,98,70,61,39,41,71,92,94,55,45,54,84,33,37,37,35,69,67,76,37,52,63,69,96,66,55,97,89,98,86,31,50,32,55,87,51,51,34,97,48,33,72,41,39,32,63,81,72,97,30,55
50,47,54,37,38,82,41,72,95,77,36,32,93,44,61,57,36,45,79,70,69,35,89,81,40,82,76,41,61,60,79,96,65,46,33,35,46,89,55,86,94,68,51,40,77,85,37,31,93,68,41,52,94,97,86,97,39,88,67,48,33,63,79,71,38,33,73,47,45,72,94,90,87,62,98,39,53,76,69,71,48,40,42,75,93,81,64,63,40,92
70,57,52,68,39,47,30,51,52,68,90,75,36,93,53,96,36,60,50,39,63,75,31,93,30,41,91,45,65,96,73,33,88,56,66,59,60,72,93,40,77,75,91,43,32,88,56,95,64,53,95,37,70,45,83,63,57,60,80,33,80,59,60,79,33,38,88,39,73,91,84,56,84,31,65,43,53,69,60,46,69,67,59,32,70,53,80,74,92,37
82,41,55,52,97,84,79,44,48,37,97,49,74,76,69,30,91,76,70,84,39,45,63,86,67,57,81,62,66,41,38,68,96,49,51,89,85,57,31,48,73,44,36,95,97,98,94,76,77,77,49,61,31,86,97,30,92,53,54,78,48,98,33,45,33,51,31,63,56,46,42,43,88,63,88,38,61,47,95,52,84,45,32,79,66,97,81,46,68,64
79,85,57,84,71,89,53,70,40,42,91,60,69,54,82,79,70,37,75,62,42,46,33,77,43,67,93,66,77,76,47,83,61,81,58,69,57,80,62,78,67,34,61,88,62,76,56,93,56,71,60,37,81,53,92,57,82,57,32,63,53,39,94,97,38,34,57,53,93,88,74,95,60,98,50,91,30,59,37,33,92,31,96,88,58,46,67,92,53,42
93,91,69,68,31,65,73,77,74,95,75,90,89,64,51,55,39,35,96,57,34,96,90,52,78,80,80,91,77,92,45,93,80,65,35,65,90,74,35,39,69,52,63,39,39,32,32,66,53,37,52,80,70,92,96,54,35,95,91,63,65,45,44,65,52,59,44,32,83,57,89,72,53,63,95,89,45,61,54,60,52,36,71,41,69,66,34,57,47,91
57,50,82,49,32,72,57,57,47,91,66,60,82,97,31,44,60,44,93,69,36,90,32,32,88,49,96,61,68,46,30,78,92,36,67,64,87,38,49,53,90,72,94,34,63,41,45,55,76,30,50,61,69,42,70,94,41,38,82,51,36,58,55,88,61,50,85,78,60,36,75,33,69,76,96,72,70,72,76,76,45,83,48,84,73,82,45,79,75,43
75,40,43,75,95,85,44,88,46,87,74,62,30,83,81,53,34,36,43,34,49,53,97,78,64,52,49,32,77,65,87,47,61,98,46,49,85,80,63,74,65,93,86,57,90,43,45,70,81,89,52,38,82,90,85,45,48,90,52,66,50,30,32,36,83,54,90,68,75,41,64,58,65,31,80,93,73,87,36,97,46,88,54,95,44,62,66,58,53,55
86,76,66,90,58,35,45,44,35,74,31,58,96,44,42,76,59,98,57,70,49,77,92,80,70,31,61,52,46,96,75,32,57,64,80,36,95,39,78,82,38,51,84,50,98,34,85,44,91,53,84,63,59,94,80,46,82,35,83,57,82,37,48,46,58,45,50,67,46,41,61,98,83,55,89,64,48,83,64,86,92,33,30,57,83,73,74,63,42,73
57,87,83,94,66,85,75,32,83,68,51,84,42,55,82,65,40,75,66,69,60,48,55,75,80,34,58,75,53,66,52,96,48,53,74,60,62,36,87,30,98,90,47,74,42,52,39,59,41,82,68,52,92,80,98,64,55,63,48,54,49,71,33,88,62,80,98,92,60,65,56,71,96,92,30,49,33,74,78,80,44,45,30,80,40,76,80,53,63,87
63,51,60,79,77,98,59,44,30,89,97,43,61,40,32,71,86,52,97,39,97,79,34,84,63,36,60,90,72,60,92,90,58,42,48,77,56,77,68,31,35,48,40,73,70,46,57,44,36,72,44,84,73,79,85,33,87,41,65,66,61,68,48,96,52,41,64,94,36,56,91,41,58,81,49,91,95,92,88,51,31,93,86,76,90,92,95,88,79,64
91,60,93,44,32,36,49,44,36,70,87,61,34,91,76,75,71,45,76,62,71,42,39,32,65,31,58,33,53,94,67,75,80,52,30,71,81,60,54,76,83,95,59,94,74,72,32,42,46,66,56,45,53,34,67,52,61,88,62,89,67,90,38,31,69,31,52,35,65,83,98,98,46,65,95,60,40,34,96,69,38,74,31,59,46,33,84,52,37,72
94,86,50,61,92,49,93,38,85,32,42,63,31,40,97,95,88,57,56,85,35,74,46,55,71,84,58,89,45,82,82,91,59,89,84,75,84,39,40,72,82,34,32,53,75,35,97,48,75,66,89,77,62,91,53,70,85,31,33,90,58,53,33,42,83,66,64,56,91,46,64,48,77,94,30,76,64,65,89,51,62,47,68,84,53,80,85,64,70,89
87,38,69,79,59,91,69,90,36,58,50,41,96,93,91,76,76,45,63,51,66,39,97,61,50,91,37,76,45,91,54,68,60,31,69,46,83,37,45,36,93,88,77,62,36,50,47,35,98,48,56,73,49,57,82,31,93,92,55,76,84,94,37,43,48,88,93,93,91,30,43,37,56,95,90,62,52,90,82,64,79,34,44,51,72,42,63,49,33,54
30,62,58,54,43,97,97,92,57,88,42,59,38,96,83,35,34,65,69,81,41,42,54,46,39,38,71,82,64,87,31,49,87,83,70,40,57,86,58,31,79,61,85,61,66,32,38,72,76,34,93,79,57,62,95,75,55,60,60,85,91,69,49,91,61,40,52,64,34,75,42,91,84,94,46,39,63,53,70,32,59,44,57,37,54,49,81,31,88,34
33,88,62,44,48,67,47,90,71,45,62,39,31,87,61,83,42,72,45,96,53,55,83,34,49,95,43,56,89,96,56,95,45,79,91,73,44,91,91,37,77,46,32,50,67,94,69,44,30,91,93,40,30,44,94,48,64,39,57,56,68,64,85,65,47,67,55,78,88,50,52,78,80,41,40,75,34,68,98,52,41,57,37,88,65,82,87,77,91,60
42,92,31,66,79,98,50,85,40,87,44,76,75,30,60,81,44,46,60,38,55,64,39,40,88,37,91,66,63,56,52,95,76,53,51,89,59,33,34,53,71,90,54,33,39,54,59,56,41,31,79,67,39,52,57,46,65,35,71,68,71,43,57,83,39,52,72,84,60,70,41,71,78,37,85,68,39,35,45,98,37,93,89,92,87,33,82,64,72,43
98,36,63,51,59,79,62,85,57,40,94,79,43,34,39,92,57,38,54,60,56,92,41,48,52,49,36,78,32,75,78,87,74,50,68,95,30,66,47,74,91,98,55,43,49,84,91,79,38,53,61,54,71,98,32,84,70,76,89,55,64,60,51,40,47,63,92,38,55,51,90,59,53,37,95,42,69,40,70,48,58,65,63,37,36,89,39,78,86,82
96,44,82,52,55,66,84,75,97,66,30,61,94,80,45,52,39,45,65,32,35,49,87,65,53,87,65,71,85,54,71,90,66,42,36,60,84,64,68,57,65,66,37,69,73,52,56,85,45,95,44,91,35,88,56,36,40,66,55,70,89,42,96,65,60,36,37,50,53,56,81,41,98,64,46,47,93,82,85,91,73,39,89,80,95,57,56,36,80,36
51,90,43,35,89,93,63,43,70,84,59,38,92,37,55,38,42,52,56,58,88,61,56,94,97,51,72,45,79,86,48,43,58,97,90,39,44,65,57,87,49,68,64,71,37,79,41,84,42,40,34,50,94,83,88,44,86,51,52,52,48,45,86,55,68,46,31,73,76,36,47,98,69,62,45,76,97,77,56,67,64,53,36,94,32,61,40,56,38,58
78,42,79,38,67,38,96,78,40,67,33,59,97,53,87,90,94,30,68,90,37,51,84,69,50,47,51,80,81,34,97,97,74,68,81,36,92,80,61,39,67,80,63,83,40,70,69,66,55,71,40,60,84,49,45,54,51,98,84,42,40,38,73,90,64,68,95,64,91,55,54,56,94,54,79,97,60,98,64,97,44,32,57,84,33,39,51,69,88,81
42,84,74,73,79,85,32,45,68,80,74,77,55,36,36,78,84,46,34,59,77,70,74,81,39,72,82,61,38,56,86,51,54,68,59,70,48,98,41,74,71,85,79,60,60,46,75,65,59,92,62,92,69,43,53,41,70,91,60,32,43,42,79,33,82,88,38,73,66,84,48,47,93,85,63,45,93,94,57,32,84,64,34,98,40,92,54,33,87,71
96,65,32,75,71,73,86,33,45,48,71,37,67,47,77,97,94,75,44,89,45,96,68,30,81,40,88,68,32,42,50,58,45,49,95,94,40,52,82,54,74,81,86,45,61,79,93,81,41,41,77,45,34,51,70,93,45,61,83,73,56,40,71,52,84,81,39,92,67,87,31,65,48,33,34,85,66,56,32,59,75,85,97,84,44,37,77,46,90,65
43,97,44,93,80,42,59,30,87,61,86,97,84,54,86,39,51,78,58,94,72,60,74,89,66,44,56,36,58,93,75,92,95,49,45,66,40,96,54,46,70,76,36,31,37,84,40,98,36,45,67,41,82,38,55,85,85,92,57,82,84,48,57,40,72,89,69,57,67,86,58,47,92,41,96,33,75,30,64,50,60,97,46,77,36,46,96,40,66,51
39,45,62,80,43,58,50,42,78,92,53,54,31,42,55,43,89,83,43,61,83,46,57,43,43,79,77,54,88,43,71,64,69,87,87,31,50,53,68,39,30,37,81,88,47,37,98,59,92,76,82,97,65,49,78,68,83,56,79,33,39,55,45,47,80,38,71,90,57,55,51,76,88,89,78,81,65,47,44,78,62,35,45,73,50,71,32,92,92,51
32,51,66,95,41,93,89,87,95,81,53,54,69,61,84,62,73,35,91,52,82,48,30,76,70,56,69,76,42,49,62,71,30,68,72,88,39,33,92,39,82,60,50,38,50,63,50,86,47,40,39,37,89,85,64,48,98,67,33,50,48,31,82,85,91,93,63,53,31,61,46,45,49,84,62,63,60,69,52,79,88,35,57,66,78,44,68,68,71,58
75,85,82,55,73,40,79,43,84,90,70,80,96,71,54,76,97,81,64,33,76,43,86,75,97,72,36,46,50,73,47,93,43,93,70,93,72,58,80,88,83,85,93,50,78,63,94,81,77,87,86,62,85,90,89,46,58,87,48,34,42,48,63,88,57,54,32,40,66,69,67,46,88,84,32,60,50,61,33,30,82,31,91,34,46,56,78,57,50,73
48,90,80,69,48,68,90,95,80,90,95,82,31,65,44,48,39,54,60,57,76,49,93,61,48,62,66,42,49,85,43,38,39,77,87,43,45,75,67,62,62,67,92,84,79,38,34,59,59,63,67,61,98,82,50,61,41,54,74,78,53,63,60,65,44,70,71,58,62,93,78,67,90,31,61,71,70,33,64,65,94,84,82,50,55,76,66,85,45,50
47,91,30,91,72,76,50,64,90,74,96,85,66,71,75,46,31,68,97,51,52,91,94,33,76,58,90,90,78,98,30,81,52,69,79,73,57,91,92,76,40,44,58,76,34,70,60,98,88,66,59,39,65,55,44,42,70,47,36,98,33,76,81,78,88,30,89,37,50,50,89,44,58,37,70,34,65,50,80,31,87,74,89,87,98,36,45,65,95,32
83,76,41,86,69,90,38,62,33,35,91,98,48,70,84,92,53,60,49,33,96,45,56,45,88,44,83,65,78,55,93,50,80,96,90,83,64,75,83,93,60,62,63,39,64,39,45,57,89,55,56,88,32,72,75,76,70,31,89,35,43,61,64,39,66,71,44,48,39,93,73,31,58,68,89,82,62,63,73,39,93,35,85,40,75,71,88,88,70,63
94,45,57,30,80,58,95,86,48,30,75,53,95,79,96,86,51,62,76,70,56,49,81,62,78,87,88,69,49,48,76,39,56,84,98,46,83,49,66,67,40,85,77,55,93,38,80,40,86,34,47,53,47,76,31,30,80,33,55,55,55,70,40,82,88,50,76,43,71,63,96,79,60,67,71,76,44,85,49,34,78,57,84,74,67,87,76,65,89,42
83,72,74,71,83,92,54,82,93,42,96,53,55,46,36,35,52,56,97,72,66,71,97,97,62,51,89,73,38,59,43,83,58,48,42,64,95,37,87,41,74,76,71,93,42,38,63,70,34,94,55,77,30,56,38,55,53,52,94,96,75,57,76,70,54,70,87,66,45,80,84,49,55,32,54,95,38,34,78,97,53,65,37,92,58,56,31,55,61,52
81,72,93,36,74,42,59,65,82,81,52,86,41,86,85,92,52,62,35,96,78,30,80,53,66,88,34,48,44,38,94,91,44,78,68,66,63,46,89,58,43,46,86,50,39,84,70,35,92,84,48,59,57,64,56,51,78,53,54,57,98,89,51,80,61,37,39,36,91,65,35,96,94,87,97,97,43,71,52,44,71,98,56,89,62,72,73,78,75,72
98,38,70,64,83,84,80,65,79,67,83,65,31,45,46,89,55,86,82,62,70,78,90,32,41,97,49,98,76,44,34,66,93,67,89,54,90,55,92,37,30,95,50,95,88,94,74,78,91,42,48,56,60,71,51,93,70,52,33,90,77,87,63,67,36,75,81,55,87,50,79,31,78,61,35,95,45,81,97,41,33,84,58,41,96,65,91,60,38,86
58,37,58,49,86,92,54,59,96,66,71,47,71,32,81,55,41,62,67,43,68,75,53,51,35,36,57,32,53,31,76,66,92,88,42,65,34,53,81,86,47,89,33,34,67,38,41,91,66,52,84,57,73,90,79,92,72,77,76,89,64,90,89,49,46,47,63,61,31,50,95,51,70,47,56,40,82,57,86,83,98,42,41,58,30,39,68,51,97,34
73,62,98,67,87,97,41,48,65,73,84,45,38,91,45,77,43,81,67,94,97,80,80,85,98,52,57,53,31,64,60,54,73,58,37,98,54,51,53,60,83,30,62,96,96,98,50,89,30,31,57,74,31,75,53,38,49,37,93,49,30,55,43,55,57,85,80,34,66,38,63,53,68,68,65,62,49,87,37,34,67,86,73,41,66,62,57,80,53,44
74,86,42,39,96,47,55,46,66,36,52,68,91,66,53,63,73,59,34,82,31,71,69,98,88,72,55,59,43,78,69,50,44,52,78,69,73,49,88,97,74,59,75,56,46,32,81,51,87,87,31,37,37,47,57,43,72,34,77,52,80,93,96,55,47,64,36,96,36,74,69,82,34,40,66,93,64,45,66,83,64,45,78,69,54,30,73,44,60,44
75,72,81,74,83,58,67,30,31,75,58,52,68,54,37,39,30,64,80,42,33,50,32,81,51,64,33,71,66,40,59,65,83,69,41,41,63,86,41,83,86,60,42,50,39,65,70,56,66,96,34,68,56,67,76,64,63,45,33,58,90,94,32,75,55,82,66,64,72,52,47,79,90,48,65,40,43,55,36,88,85,68,72,47,84,89,81,48,65,78
75,93,62,32,54,49,74,49,44,37,43,79,67,46,67,32,70,53,70,34,90,90,79,86,35,61,90,67,73,96,67,66,60,91,95,35,79,62,51,76,83,83,97,74,33,90,88,66,66,77,90,78,51,65,62,68,72,62,89,94,79,67,37,89,94,51,59,72,73,55,54,92,70,93,42,83,48,64,34,66,53,38,53,64,60,61,55,37,62,96
72,94,76,46,98,33,57,38,61,85,95,94,84,79,81,84,80,38,62,32,77,57,93,75,84,54,55,30,94,49,45,64,79,40,62,47,87,71,96,86,40,86,56,37,87,73,87,76,46,93,40,37,85,46,45,53,93,92,49,59,82,98,82,97,85,40,53,57,45,50,95,44,80,71,63,60,38,92,31,59,49,88,91,70,66,30,68,83,66,52
43,34,97,40,97,30,39,32,66,45,70,46,85,92,97,36,79,79,36,52,85,43,81,60,85,69,35,38,72,46,41,33,84,66,74,87,45,76,43,87,46,95,86,46,70,80,36,52,74,43,97,32,43,44,46,68,31,54,86,78,96,97,46,55,65,85,73,70,39,97,79,57,42,77,36,90,31,70,68,93,50,36,52,69,55,70,77,40,56,57
75,56,85,35,43,91,69,56,45,52,98,56,56,95,51,72,53,50,45,67,70,53,91,57,50,39,60,92,71,44,67,44,30,85,44,47,45,56,49,92,32,65,67,47,81,55,35,65,50,49,32,57,52,33,58,38,88,52,77,65,62,96,82,95,87,87,45,35,38,82,34,62,83,88,93,40,34,59,38,66,44,89,56,91,39,65,44,51,50,91
51,45,38,66,53,47,46,75,47,89,63,71,56,81,69,63,93,84,76,71,84,70,97,94,96,71,40,72,65,54,74,38,93,82,31,46,83,70,77,39,65,90,93,48,86,34,61,79,84,61,61,58,35,95,30,47,32,57,63,75,63,63,69,30,61,64,90,53,48,66,44,68,81,45,44,90,95,31,58,94,89,51,58,34,62,47,45,44,76,47
59,96,40,43,91,80,97,78,34,49,32,41,53,63,40,38,89,61,52,70,52,65,73,41,78,84,71,37,37,93,73,84,73,86,65,79,87,34,55,41,70,67,65,62,41,73,61,79,63,94,55,88,60,88,48,72,35,80,80,53,88,30,72,81,80,95,86,89,55,87,66,52,62,52,39,31,63,95,75,60,39,70,54,63,53,37,82,91,83,81
90,98,41,90,45,94,65,79,59,48,44,53,35,38,50,78,34,31,48,76,39,42,88,67,47,98,96,74,43,53,31,96,89,86,31,43,39,68,63,60,93,68,86,37,69,84,39,73,95,38,38,34,38,96,91,67,88,43,38,81,84,49,67,94,52,44,62,39,36,49,76,38,88,93,76,38,90,67,83,75,65,81,77,32,93,88,83,77,45,59
48,88,48,87,42,93,56,55,42,64,73,67,66,43,33,68,88,46,62,40,60,53,48,89,85,67,39,87,37,43,70,33,68,67,42,52,40,51,90,68,64,81,74,87,67,92,75,51,97,94,41,75,40,40,64,45,58,42,35,58,80,62,96,93,57,73,94,52,34,35,67,64,34,79,56,93,69,91,42,97,87,61,51,74,97,91,84,54,58,44
92,78,67,81,59,69,47,38,64,82,49,57,79,56,78,32,40,49,36,80,91,94,39,74,70,72,92,33,84,78,39,92,47,92,96,57,86,85,79,58,66,66,60,32,35,98,31,80,38,64,44,64,46,45,74,60,73,48,76,40,80,75,61,33,77,61,75,89,86,96,33,86,76,88,97,35,44,61,34,32,60,71,30,41,70,46,66,52,55,74
34,96,52,76,58,43,92,81,42,39,85,54,92,57,56,64,65,75,35,70,71,55,52,62,58,39,65,84,87,81,55,83,71,67,86,97,50,48,56,78,61,80,93,40,91,46,93,59,49,44,78,34,45,46,36,68,75,97,70,68,65,32,45,34,94,43,92,49,64,45,34,68,55,68,63,34,84,86,54,88,66,87,73,35,41,36,69,32,50,48
59,79,61,96,34,42,90,45,77,74,58,34,56,62,81,30,53,82,89,93,73,79,91,52,32,86,52,89,82,68,70,41,63,40,30,53,82,86,81,66,47,37,44,98,49,92,65,41,49,38,35,79,71,97,46,49,51,42,72,65,98,66,76,58,91,94,84,74,71,34,76,89,86,67,87,77,61,91,67,52,76,88,94,92,73,33,51,34,31,38
51,61,87,45,96,38,83,42,58,78,41,79,30,65,33,85,83,35,70,58,43,88,73,33,79,87,64,45,32,67,73,97,65,40,90,80,94,75,81,40,51,83,49,74,96,75,87,37,74,51,30,55,44,52,97,50,64,65,61,74,41,75,41,60,51,52,47,90,68,37,70,89,58,87,90,34,53,48,55,59,74,74,46,65,67,49,33,35,81,69
47,52,34,53,45,95,74,54,68,96,92,79,76,96,68,41,48,45,53,33,45,60,37,51,91,63,54,67,73,82,43,63,32,69,44,91,43,95,46,82,73,57,30,55,89,73,91,63,64,52,33,74,92,97,76,54,86,35,57,89,98,34,46,58,78,62,77,83,91,81,82,44,97,36,49,38,82,70,44,78,33,37,71,88,51,96,44,91,44,34
93,59,42,46,35,39,39,85,33,90,81,32,72,73,45,92,36,71,43,33,46,84,52,82,44,39,47,58,89,50,89,95,54,50,89,96,33,63,35,81,81,83,32,75,69,53,95,60,86,58,80,45,79,56,53,80,80,65,82,69,55,63,35,97,62,77,48,46,75,51,49,63,39,63,58,52,95,90,70,44,94,69,48,73,50,73,94,85,49,61
56,30,73,82,67,73,47,89,71,54,87,94,92,37,74,82,79,36,49,32,69,71,95,56,65,80,61,65,91,31,35,95,83,80,64,39,97,31,87,70,77,98,62,90,93,33,58,83,37,85,89,46,96,63,33,63,41,48,95,58,71,90,48,66,76,32,63,62,44,34,48,63,98,40,69,75,97,74,42,40,53,47,94,86,32,35,48,40,89,85
50,31,62,84,37,90,83,85,43,55,87,60,60,75,92,60,66,35,83,60,50,58,98,30,67,38,58,32,93,53,64,56,38,48,37,98,67,57,53,94,47,98,37,33,73,97,56,75,61,53,85,57,31,43,51,87,32,49,72,57,95,44,65,51,69,92,37,67,45,42,73,56,97,79,89,71,88,60,68,35,97,58,60,31,44,90,96,77,85,54
50,87,32,68,82,59,48,96,95,78,78,50,88,46,65,32,37,56,77,70,97,97,76,98,80,55,30,49,97,53,39,83,79,61,73,44,85,89,44,53,83,41,46,38,85,69,60,52,91,96,56,70,88,68,98,79,75,60,36,88,76,92,94,42,39,38,65,58,43,91,46,43,88,41,39,46,66,52,80,44,50,71,97,85,51,48,35,68,53,35
30,72,96,54,94,41,61,78,33,68,47,65,86,96,68,47,59,39,72,89,47,55,55,59,45,95,71,90,52,95,65,62,68,74,89,33,85,84,65,92,65,87,44,42,79,77,61,61,92,48,49,81,39,40,97,64,58,34,33,62,48,60,49,37,32,98,67,47,37,91,83,52,76,39,95,83,41,54,52,63,79,87,50,67,85,38,79,94,95,54
43,33,57,33,76,35,43,50,74,96,68,43,36,40,84,83,64,96,68,61,42,57,44,81,87,82,62,76,95,35,48,81,94,92,61,98,78,53,87,65,39,72,70,98,51,73,90,78,72,83,83,85,42,55,69,38,48,96,68,45,87,36,64,77,55,31,33,54,69,39,79,32,97,32,68,83,65,77,83,76,75,62,98,68,32,78,97,87,85,58
64,45,72,53,43,91,67,71,46,47,48,46,78,75,66,91,34,35,45,94,85,70,52,55,65,79,82,59,96,95,91,71,62,40,94,44,94,78,45,77,40,91,62,38,54,72,38,55,62,44,90,35,68,40,35,66,68,63,59,82,31,87,86,95,54,31,44,86,70,76,40,32,73,91,92,47,60,49,65,66,96,67,90,91,47,57,53,43,86,57
82,96,38,82,70,59,30,93,61,79,93,74,45,80,58,72,46,78,89,97,49,80,56,87,98,67,93,40,72,89,50,54,40,64,86,72,35,91,63,84,59,31,78,76,83,90,36,42,67,30,47,90,68,70,59,84,39,58,51,92,90,75,40,77,75,36,54,56,98,37,36,95,73,94,50,70,78,67,60,89,84,41,32,68,79,68,76,76,97,46
48,66,81,38,30,92,83,38,85,66,37,98,60,83,91,71,97,70,81,83,40,38,47,63,44,94,43,77,90,39,95,89,91,65,74,90,34,53,60,67,86,66,67,38,60,93,33,57,96,80,86,50,38,31,91,51,81,51,89,95,49,45,60,70,37,43,91,87,92,49,57,84,54,46,68,47,82,62,81,77,44,70,51,94,85,47,76,81,64,34
79,89,46,88,76,48,31,80,47,61,68,69,44,77,63,32,52,61,32,55,58,53,83,83,69,97,48,63,61,88,33,86,77,64,42,87,85,68,85,66,98,44,79,97,70,76,49,35,84,65,64,97,57,37,36,96,54,90,87,87,43,35,40,48,65,52,42,76,59,88,72,79,46,54,67,72,30,53,93,61,70,78,92,77,88,87,57,78,35,36
37,84,92,50,31,33,89,36,59,92,49,72,59,83,44,57,76,60,83,85,92,83,85,54,43,44,30,93,62,58,66,33,90,36,66,84,72,97,55,72,47,39,34,95,45,86,41,69,35,40,55,69,59,64,58,74,37,74,60,77,78,76,98,40,89,61,50,59,51,59,79,44,48,41,92,64,78,49,53,47,57,60,73,42,92,90,79,60,59,58
40,83,41,96,31,37,89,59,64,38,91,79,54,47,35,32,59,37,46,95,88,64,78,41,80,37,51,81,44,95,80,83,40,90,75,31,63,38,32,92,83,38,90,94,31,73,68,93,72,48,35,95,65,45,34,80,64,51,63,83,39,72,85,49,43,92,39,63,81,57,67,66,44,30,53,70,94,35,97,71,93,56,54,71,86,49,66,76,94,85
78,44,93,95,78,93,44,79,88,40,87,46,46,71,69,54,88,55,72,74,96,31,97,39,34,58,53,88,55,76,57,40,40,87,98,78,92,48,70,98,92,81,75,58,57,52,65,72,51,52,32,47,31,68,87,50,90,58,92,74,42,37,80,79,56,58,71,59,91,58,31,38,55,62,31,97,39,49,37,67,89,91,48,60,81,71,42,31,61,36
88,73,48,30,40,47,85,82,38,33,79,58,77,46,86,77,68,91,96,89,47,68,66,85,55,36,61,80,45,35,31,72,61,32,55,98,47,34,66,45,30,65,56,82,87,41,88,44,32,46,94,55,80,69,82,98,32,87,54,35,73,93,63,34,69,89,66,63,39,89,95,73,50,41,55,50,42,63,64,63,51,96,74,91,43,36,42,86,73,43
31,50,58,56,64,85,90,44,40,93,45,81,82,87,49,37,44,97,38,83,88,98,32,89,80,43,43,39,30,45,45,84,42,31,56,77,63,32,40,67,67,53,62,38,59,37,85,51,44,94,64,63,35,97,45,62,92,48,39,64,77,58,85,55,57,40,63,93,54,36,36,65,50,86,49,39,81,40,42,72,38,37,89,77,68,60,73,41,88,75
81,77,69,57,77,33,39,68,71,79,44,65,60,97,54,57,42,50,46,93,30,96,35,80,86,52,45,56,42,60,48,53,86,60,30,73,44,51,68,70,83,62,67,50,72,72,30,53,91,69,98,40,32,50,80,80,82,38,55,32,53,92,59,98,49,70,48,32,46,38,66,91,47,69,95,46,75,65,70,98,76,61,58,72,48,35,74,49,34,98
58,45,76,52,74,70,92,34,55,93,78,39,46,76,55,61,63,71,59,57,72,85,94,31,37,69,63,62,77,60,44,88,95,81,42,41,30,96,70,88,41,62,60,83,55,69,50,31,87,91,87,97,53,94,90,89,34,90,53,84,35,65,30,62,77,96,37,32,47,37,41,64,48,34,93,63,33,94,47,63,54,83,86,68,44,74,33,38,56,57
66,80,90,94,42,96,90,92,49,50,59,95,96,56,52,43,81,74,50,55,60,36,45,54,82,89,67,79,97,84,48,38,38,94,58,56,90,37,71,72,83,53,32,44,39,63,60,73,40,85,64,67,79,46,60,86,35,80,43,72,95,61,78,77,63,69,97,83,84,59,35,76,57,98,61,83,85,60,60,65,53,97,33,35,30,32,98,48,62,71
69,69,51,90,89,90,36,71,97,87,52,37,96,43,95,34,61,97,60,85,88,46,73,81,50,84,94,41,91,92,51,82,59,87,69,38,66,86,33,52,71,78,54,63,58,48,31,32,71,93,83,93,97,47,95,96,68,31,59,38,89,61,36,50,81,34,58,63,47,68,79,40,84,34,55,56,47,82,67,52,31,44,83,74,40,37,63,76,45,96
64,97,84,38,73,76,53,96,49,93,53,94,88,92,36,45,71,30,53,77,41,35,87,74,62,61,79,88,88,98,41,42,72,31,46,90,64,57,76,79,57,77,90,55,53,78,33,92,41,83,93,62,95,50,45,30,86,67,95,90,91,38,90,65,50,59,92,35,33,47,70,70,89,44,70,54,54,38,89,62,53,59,94,95,46,37,53,93,67,43
91,77,64,38,60,46,97,82,68,64,91,33,51,86,35,40,96,76,41,36,66,77,56,42,55,87,72,61,60,61,79,59,42,41,64,96,87,97,64,42,63,98,96,69,91,68,57,85,87,47,43,31,33,36,30,89,84,39,90,64,45,44,42,48,41,34,40,60,63,43,67,62,43,57,81,89,59,98,48,45,36,98,95,57,86,97,36,61,85,39
69,98,48,38,93,63,75,61,88,35,66,54,49,42,93,90,60,42,94,73,52,36,53,59,61,74,95,93,97,54,30,84,88,71,78,66,85,97,90,56,83,49,34,39,30,81,41,52,55,45,78,97,30,50,53,84,82,60,75,80,35,76,90,41,57,34,56,49,86,60,35,44,31,41,38,77,43,43,56,50,40,67,69,50,56,30,51,45,60,55
42,36,77,45,61,37,97,95,74,48,63,43,91,71,46,44,43,52,75,46,85,77,49,83,81,34,55,74,87,87,96,33,56,68,30,84,48,31,33,66,57,39,86,40,89,72,80,85,30,53,55,36,66,76,41,91,53,89,60,74,98,55,80,77,37,36,81,75,35,91,85,89,89,54,56,31,82,96,36,33,89,39,98,68,91,40,89,92,80,47
70,33,47,82,45,51,56,51,92,38,45,69,61,77,85,42,59,43,41,51,46,50,37,65,65,51,93,38,76,36,86,35,89,46,80,76,70,41,41,42,30,53,31,94,91,94,97,48,98,52,78,54,81,55,65,91,87,82,58,95,76,41,79,62,84,67,69,31,62,91,48,56,60,60,84,52,96,49,89,48,39,31,48,91,35,82,33,92,74,39
62,59,47,64,69,97,86,40,39,39,43,84,84,45,73,98,71,90,93,67,50,86,76,51,70,91,54,47,77,65,31,48,70,89,46,81,44,34,42,95,72,83,81,80,59,59,82,40,32,92,40,86,56,91,50,85,71,33,75,66,71,44,62,85,71,31,39,83,48,76,89,67,35,67,70,82,89,62,53,34,55,42,35,79,80,35,83,98,76,34
70,63,84,95,61,50,41,38,70,69,69,69,52,82,81,80,62,38,82,76,33,71,68,67,36,51,54,33,33,97,50,97,59,39,38,66,64,85,40,72,42,93,54,67,59,58,35,51,97,44,71,40,60,30,80,59,39,81,47,55,62,65,40,73,87,75,33,92,34,67,59,98,38,90,72,39,62,91,90,79,75,41,79,38,36,95,76,78,50,41
95,96,50,73,82,64,68,89,65,74,75,58,42,63,30,51,93,48,87,35,62,81,63,52,63,38,66,46,32,38,41,62,47,33,50,34,89,63,35,41,49,78,51,80,51,59,91,61,37,56,46,62,66,40,78,91,95,77,77,47,52,63,54,55,70,79,58,79,97,53,53,58,95,84,37,37,59,66,80,31,36,47,93,70,60,32,46,59,70,87
52,85,80,85,48,95,80,35,42,91,81,85,61,81,39,74,55,49,49,77,52,46,37,62,52,74,50,94,56,52,71,95,35,37,95,53,70,91,64,72,93,37,60,98,69,37,60,44,65,70,90,63,96,81,68,87,68,33,48,96,80,72,54,70,55,51,52,59,33,59,89,43,82,33,96,57,44,98,70,44,44,39,39,53,80,46,97,39,98,96
57,88,44,75,65,84,84,83,74,42,62,33,57,88,68,36,85,85,79,65,37,58,70,81,81,89,96,46,86,76,56,58,70,51,71,58,51,73,60,62,52,77,96,90,86,50,30,37,62,83,89,65,39,51,33,37,70,84,90,92,42,64,66,70,46,48,98,66,62,35,86,90,50,90,91,57,86,95,90,40,39,31,49,48,85,80,48,87,78,41
98,69,79,67,60,93,84,88,41,66,92,30,64,30,98,74,97,60,49,79,94,96,34,51,66,36,44,59,61,83,69,68,50,56,72,66,48,73,76,80,70,96,67,87,37,54,73,30,58,48,67,94,86,87,35,97,70,41,59,51,93,64,87,78,75,42,58,40,33,92,96,86,73,40,49,50,48,90,40,56,33,82,97,78,61,97,81,45,49,31
78,90,57,61,91,40,49,97,77,61,38,45,44,52,55,65,64,83,88,68,85,95,91,67,81,92,79,87,79,88,48,39,84,44,46,43,97,72,58,67,45,50,66,54,68,78,72,59,59,36,65,90,81,58,60,83,92,81,88,48,50,30,95,50,76,65,54,57,52,95,66,48,53,68,84,83,90,92,55,60,42,93,76,39,94,31,89,77,81,48
65,52,42,83,34,96,58,70,54,98,81,78,82,87,53,95,57,87,61,59,61,81,50,58,90,86,45,81,85,46,30,97,31,91,59,51,94,77,77,64,74,95,42,44,74,86,49,91,33,75,42,84,92,83,49,96,88,70,65,88,76,64,57,42,45,82,93,74,81,59,59,50,74,85,70,90,52,43,87,75,66,41,92,95,33,76,81,68,66,65
69,87,32,40,56,40,92,85,82,41,60,89,31,88,63,48,48,87,79,35,57,48,35,44,51,74,50,91,85,45,35,77,47,64,35,54,68,98,69,42,34,43,72,55,95,53,98,50,77,95,30,60,46,72,55,63,91,75,40,41,45,95,70,40,80,43,80,33,45,60,97,47,34,40,48,58,82,88,36,84,44,59,38,77,88,68,66,47,97,71
49,84,72,33,53,98,80,75,57,81,54,69,40,64,73,64,69,51,79,57,41,67,43,48,75,84,37,64,76,89,60,51,83,57,95,62,89,66,78,55,87,30,60,60,69,43,74,92,80,52,39,74,47,72,30,66,63,75,53,88,51,39,98,43,42,66,54,90,93,82,72,95,39,93,57,73,48,68,51,35,39,89,31,57,94,54,76,35,55,90
71,43,63,80,86,67,40,85,48,80,97,49,52,87,86,89,95,64,55,48,47,34,66,49,67,69,64,94,39,74,62,63,33,38,84,78,62,87,76,63,86,54,33,97,76,68,47,58,46,36,81,98,51,93,44,53,45,83,42,62,36,74,60,35,90,33,46,57,43,84,69,36,51,56,85,41,50,49,76,98,82,69,63,37,84,45,56,37,58,78
59,49,58,58,67,66,58,89,95,97,41,55,76,34,32,91,79,95,79,52,45,52,77,56,92,50,48,98,55,87,68,40,96,35,73,92,53,56,80,60,33,40,85,77,92,85,88,43,48,45,58,77,97,84,67,56,57,47,47,84,30,63,81,58,79,97,86,36,83,45,42,63,32,82,80,71,47,62,50,82,61,51,77,53,57,87,39,42,33,98
69,88,55,34,42,71,84,87,38,87,86,65,71,32,45,79,63,69,37,54,75,85,86,55,57,45,91,37,79,51,82,85,62,52,37,35,68,53,75,71,56,42,69,91,71,60,79,50,57,41,41,36,49,81,72,76,67,89,37,86,79,33,48,97,95,53,51,64,95,65,36,40,66,86,63,42,45,60,85,33,76,53,82,46,49,89,57,31,89,78
65,77,60,31,49,97,63,32,58,79,69,74,59,37,98,47,63,33,43,93,89,72,53,49,70,70,55,40,40,38,65,83,47,44,44,37,76,73,59,57,50,60,46,80,73,74,90,46,37,57,93,81,37,59,31,65,60,31,30,32,66,53,51,92,39,75,74,68,31,36,87,59,49,97,71,54,54,84,33,84,47,54,56,77,45,48,81,49,74,95
31,30,81,55,89,86,47,88,59,82,53,44,61,43,97,69,71,61,42,63,36,87,88,34,94,92,48,63,80,69,54,33,71,57,67,34,42,84,63,77,56,86,63,89,35,72,94,83,40,86,41,42,53,94,94,85,37,71,46,70,63,64,73,92,62,78,74,79,70,43,91,91,33,90,96,47,81,35,85,43,73,83,83,56,90,37,54,78,94,63
33,31,45,37,69,34,80,61,70,45,88,51,92,49,44,68,55,48,32,33,74,77,62,87,41,52,71,57,50,82,66,43,70,67,87,64,80,71,41,46,39,93,37,64,63,98,64,86,89,40,94,69,90,57,44,42,36,45,84,94,41,83,73,52,41,57,34,82,68,69,95,51,82,36,45,76,74,35,77,85,39,59,33,37,31,78,46,89,56,46
97,95,49,75,49,59,82,45,88,79,89,61,70,55,52,82,67,78,83,75,90,34,40,80,40,56,42,42,51,53,74,77,54,77,55,97,49,75,98,75,97,65,52,93,75,30,31,95,66,60,54,96,89,47,47,72,90,89,86,57,77,67,35,64,87,71,48,44,47,55,84,52,85,88,85,34,95,67,60,95,52,96,78,94,70,80,46,91,53,36
88,64,86,38,66,37,49,63,60,84,77,48,58,81,60,75,30,39,66,54,48,43,81,36,72,74,44,98,73,34,56,50,92,34,55,66,86,46,96,88,62,36,44,66,67,52,45,34,51,85,37,43,84,65,43,87,38,49,72,67,93,97,62,85,46,86,39,53,39,31,65,33,95,56,93,89,79,82,92,39,46,51,89,53,51,57,57,79,76,77
42,90,63,89,60,83,75,97,69,52,34,88,51,96,47,47,97,93,70,72,84,42,89,56,50,71,67,73,40,61,43,94,43,62,59,66,72,63,77,43,60,84,95,45,85,75,83,47,85,82,82,68,72,50,30,96,66,46,58,44,52,81,65,34,68,84,82,52,86,65,35,42,77,49,94,86,47,51,81,91,68,46,56,81,90,57,49,68,81,33
42,70,83,64,80,50,54,67,63,41,32,39,73,31,46,87,89,30,95,66,38,43,39,65,54,39,94,59,75,32,92,98,59,45,49,35,56,72,45,85,44,95,51,77,75,85,93,44,30,59,43,34,51,64,64,96,79,62,70,92,81,48,55,93,98,38,80,49,41,52,38,67,96,96,33,76,97,82,41,94,56,41,82,42,89,61,42,57,42,34
68,42,37,53,30,30,72,34,80,94,32,66,51,43,78,65,92,76,73,44,74,74,88,78,35,80,56,42,44,32,82,79,94,71,54,41,73,97,94,45,75,42,89,56,50,71,83,76,60,58,30,66,66,53,48,57,98,66,74,83,94,67,39,57,93,43,59,76,43,64,77,96,62,30,56,61,63,35,51,59,80,57,82,32,65,80,52,80,38,44
94,51,41,91,76,73,48,84,73,78,32,66,96,84,47,58,73,89,65,53,76,44,58,36,82,55,70,88,87,90,40,69,63,36,97,95,78,44,41,65,31,70,78,41,72,66,51,97,58,39,88,43,36,63,40,77,33,89,31,42,54,71,45,30,37,43,54,40,48,46,70,49,98,74,80,77,70,38,69,40,50,78,83,91,42,38,46,93,93,40
50,64,81,85,64,43,73,88,57,98,67,41,97,74,32,83,78,39,77,52,97,30,89,74,55,47,39,43,47,37,47,51,90,50,54,55,45,34,38,45,50,94,88,63,62,31,59,39,90,36,80,90,89,46,31,62,50,64,40,62,41,63,64,82,52,83,72,85,65,74,81,83,46,52,61,90,78,51,34,45,91,96,86,91,96,32,94,94,72,85
35,97,37,38,48,62,65,53,49,92,76,49,46,89,42,40,79,88,45,94,80,44,57,61,95,30,86,83,95,52,36,82,97,84,60,55,75,66,47,94,41,54,92,60,31,45,58,70,53,53,41,30,64,82,35,65,69,69,35,75,85,34,58,65,43,62,62,73,64,39,40,57,59,43,97,89,92,90,69,73,89,80,55,66,33,55,40,76,30,97
71,52,92,73,62,62,81,71,32,68,63,70,55,97,80,37,83,46,31,96,95,73,72,75,59,88,81,67,94,47,44,85,34,79,50,48,66,97,66,51,55,32,95,67,65,95,93,48,50,56,70,73,90,85,49,53,50,38,75,96,90,31,37,90,78,94,70,96,38,88,54,71,79,41,74,65,81,36,87,58,58,30,56,61,70,84,33,94,86,94
77,66,45,96,81,79,76,64,81,83,69,75,51,32,74,89,83,71,32,86,42,49,43,91,76,39,31,95,70,76,70,48,53,40,84,34,55,65,74,57,48,56,67,40,47,64,69,75,41,64,86,72,79,32,46,90,35,34,80,71,38,70,44,96,30,34,64,70,88,63,94,98,91,30,88,34,36,82,68,52,79,40,88,51,67,35,95,41,35,38
70,64,30,44,98,84,89,85,90,68,50,79,47,94,44,72,94,83,79,76,36,85,88,55,79,38,82,49,86,52,37,75,36,36,56,31,66,73,32,86,38,38,74,31,42,72,49,60,57,63,36,33,61,56,52,68,43,75,91,59,30,88,90,32,82,87,80,72,58,48,62,58,89,82,91,73,98,80,72,54,63,32,62,94,37,48,62,40,49,58
76,51,66,92,42,73,64,31,31,30,79,31,43,71,44,66,70,39,77,44,49,55,72,34,52,90,37,34,73,45,66,82,92,93,41,61,70,30,88,51,84,96,90,33,98,96,72,64,41,63,59,47,76,63,67,67,65,84,69,74,45,32,33,89,56,32,93,73,37,66,64,86,72,60,61,63,50,86,85,41,93,80,40,52,93,44,34,60,31,59
70,96,58,84,60,64,92,30,51,50,73,52,91,51,94,51,74,86,81,78,94,93,59,71,33,61,71,38,92,48,73,98,63,92,41,57,42,80,77,92,57,37,54,85,33,55,80,67,33,95,42,98,77,70,85,92,98,83,79,41,42,50,49,87,76,45,53,39,48,90,67,93,43,52,90,50,75,69,76,78,37,73,35,36,82,71,62,91,88,49
39,93,95,59,48,76,65,32,55,44,71,77,51,82,48,59,92,62,54,40,44,93,87,88,87,40,78,74,66,36,67,82,71,37,67,66,63,36,38,80,69,75,76,46,37,87,90,73,98,59,70,49,66,98,34,30,71,49,79,62,91,38,45,83,73,70,98,54,39,59,40,40,53,59,30,54,74,51,98,45,77,32,55,97,98,41,57,66,60,94
97,66,89,78,50,81,88,38,37,56,65,57,60,85,74,31,95,80,60,58,45,49,64,31,88,51,92,56,79,38,91,64,78,49,77,93,74,94,94,69,36,53,48,60,44,64,78,83,78,66,49,36,84,48,96,34,50,96,43,32,33,73,74,80,51,69,79,90,79,72,58,96,30,95,61,91,60,85,74,36,94,92,40,64,38,76,87,55,80,44
96,64,32,91,37,67,68,35,37,79,89,75,44,36,91,50,37,59,46,87,70,40,91,94,96,88,42,65,58,65,36,76,91,60,93,87,92,52,69,87,93,48,61,69,83,65,86,89,79,37,40,56,52,30,58,92,68,52,42,39,39,40,68,93,70,92,48,58,65,55,82,53,65,41,45,85,59,56,63,51,50,97,67,64,39,93,38,84,70,44
30,50,83,37,50,47,53,44,77,54,83,75,30,70,59,79,68,34,94,58,34,43,78,45,80,91,70,70,32,74,36,31,44,60,34,77,38,55,74,69,97,60,58,58,81,78,76,93,38,74,66,34,37,84,75,33,68,35,54,50,47,48,70,97,72,95,35,91,52,70,92,98,35,46,47,54,54,64,43,32,34,47,90,85,31,60,39,91,63,94
70,93,50,60,39,73,74,76,53,95,47,86,75,79,87,83,72,90,33,79,37,63,98,87,62,48,54,82,64,48,95,78,95,38,94,48,88,57,97,97,34,63,57,41,83,68,62,68,65,80,69,97,92,51,33,65,93,98,53,90,38,41,70,73,91,68,30,44,54,47,83,40,76,55,40,98,70,48,35,93,68,39,46,69,62,36,62,81,46,86
91,90,97,41,91,80,58,69,84,73,62,72,51,60,63,30,84,34,81,96,80,92,33,38,63,71,81,97,39,92,49,41,70,89,90,92,66,68,92,74,36,79,44,77,47,31,77,45,33,59,64,64,98,93,51,55,56,89,42,55,60,77,76,54,30,75,88,48,70,42,67,94,91,83,36,87,77,84,94,65,84,77,38,52,97,53,30,64,87,74
56,92,68,32,41,67,70,90,45,95,83,33,93,71,69,30,44,59,96,89,57,88,60,38,36,59,78,82,47,53,86,94,84,96,75,45,72,40,74,46,85,98,38,47,71,37,82,63,81,90,69,64,78,54,97,44,85,78,97,71,57,57,80,85,94,37,63,55,46,32,61,38,90,48,62,52,38,97,56,75,34,73,39,44,42,65,79,89,34,94
67,49,38,57,74,35,98,64,56,87,86,85,69,81,52,67,93,88,87,64,62,97,49,91,96,57,85,75,77,40,62,39,40,42,70,56,66,97,95,30,61,87,82,66,79,49,73,35,40,88,97,78,35,61,68,91,82,70,84,63,51,37,78,60,38,38,53,72,82,66,90,48,66,71,81,43,97,77,64,79,84,38,87,48,56,63,52,85,87,82
65,32,65,90,49,53,98,90,59,82,41,33,60,86,54,35,86,74,97,93,49,91,46,97,47,42,84,78,73,64,87,87,67,56,91,91,44,94,84,62,38,81,38,60,32,43,77,51,30,93,81,46,89,84,54,96,65,93,74,48,62,42,35,47,80,45,73,41,42,77,65,84,93,46,45,74,56,86,77,58,30,69,35,69,73,49,36,76,44,68
37,39,98,90,64,36,92,40,80,58,47,62,69,35,30,34,41,36,90,35,51,56,97,60,30,31,44,85,84,87,67,70,32,88,73,97,53,55,34,97,33,55,75,76,37,87,61,68,35,97,37,53,62,47,96,36,88,86,33,55,46,68,41,41,75,80,65,66,32,62,86,49,41,95,65,96,47,83,44,83,60,39,42,96,58,57,50,32,51,33
85,57,57,62,45,60,34,77,89,70,96,36,36,69,79,86,34,89,32,79,57,52,47,37,47,73,54,40,69,75,56,82,54,66,87,55,70,84,41,41,83,40,68,49,93,46,42,67,47,76,85,70,45,57,48,33,62,47,89,82,73,58,92,96,73,67,69,74,34,79,65,83,84,48,33,96,60,45,88,86,80,42,90,68,67,91,50,66,67,88
75,88,57,37,67,65,75,32,91,54,95,88,40,54,95,84,77,70,42,85,35,97,80,54,57,79,60,69,54,42,76,46,62,51,96,40,42,57,31,97,67,85,98,78,93,88,37,42,57,72,57,87,81,90,31,70,45,32,51,82,89,40,35,91,77,97,47,54,56,89,31,53,34,73,83,39,81,79,50,74,96,69,91,44,91,35,56,67,48,62
44,39,52,41,69,51,85,74,87,52,55,65,89,92,79,83,38,61,75,52,87,70,32,82,33,49,71,85,41,45,30,60,90,44,93,55,93,62,93,95,71,88,47,79,72,58,52,74,81,40,63,79,90,70,40,61,39,75,88,92,35,58,51,86,58,34,75,92,96,59,96,98,45,96,51,72,70,55,51,71,98,46,61,68,54,35,48,55,50,82
54,72,61,85,53,67,93,79,32,74,73,86,71,95,39,86,50,95,98,37,57,67,98,77,73,45,97,51,34,84,94,41,67,47,34,55,71,73,94,30,34,44,73,73,36,60,47,49,38,72,37,50,94,96,57,48,43,92,41,42,35,84,38,68,67,81,89,70,40,39,37,31,72,61,38,77,44,58,61,37,38,77,72,65,69,93,82,39,69,47
89,85,66,86,93,45,57,59,31,34,55,94,93,62,59,98,33,97,38,66,33,31,65,52,40,66,72,89,53,69,63,42,66,78,95,75,73,52,64,74,61,87,59,89,67,65,73,61,77,43,62,58,41,45,83,51,92,58,56,59,37,37,85,64,30,42,34,86,55,97,61,87,67,42,57,88,86,74,75,63,43,94,35,33,78,53,71,64,86,57
30,65,48,38,39,54,97,66,48,59,73,58,53,48,42,71,71,43,32,47,74,84,57,42,98,72,67,75,58,56,66,35,32,69,84,53,98,89,45,74,52,35,68,36,49,47,70,71,40,59,33,39,88,61,69,34,78,36,55,49,46,68,40,59,79,31,84,59,80,55,84,51,50,35,38,57,47,74,69,52,94,78,75,48,34,93,32,64,34,98
88,37,44,37,79,82,33,58,34,53,83,89,44,72,57,77,63,55,84,97,90,37,91,37,92,34,52,98,96,74,36,56,73,90,75,97,47,31,79,33,93,33,31,39,33,31,96,97,89,30,43,89,32,37,93,31,74,47,50,87,70,79,54,47,82,63,48,90,40,97,80,57,42,97,97,68,89,32,65,62,87,38,94,51,43,39,46,90,47,48
75,55,71,51,48,52,37,84,72,58,43,64,94,67,46,85,93,77,90,61,47,58,95,46,64,30,73,70,36,88,91,97,51,87,92,71,35,44,35,85,60,65,77,56,67,81,48,59,70,68,37,91,89,83,92,73,63,72,69,82,46,84,38,75,60,80,92,74,94,57,62,51,58,96,97,89,79,46,98,32,76,31,91,68,55,61,64,57,58,56
69,96,49,68,66,41,83,55,61,84,81,79,57,93,89,34,51,56,40,63,77,34,33,52,74,35,46,55,75,57,40,62,95,74,77,76,88,87,63,74,94,42,86,86,91,68,88,68,65,46,41,36,43,77,75,85,86,30,68,77,35,70,49,96,92,95,98,98,61,95,73,86,40,89,70,73,49,43,75,72,60,64,83,53,53,90,73,45,30,66
37,56,41,55,35,52,44,77,73,88,71,92,48,58,32,68,78,36,34,61,45,47,61,65,74,84,93,78,50,47,59,47,74,48,44,84,61,43,95,96,49,38,42,75,34,80,45,64,79,88,53,60,35,87,72,90,54,31,47,31,90,49,69,81,67,82,80,72,40,34,41,97,65,53,56,44,37,53,69,36,71,47,65,98,78,96,38,64,38,49
42,54,88,68,67,70,90,45,90,93,58,35,52,76,76,51,92,35,73,79,79,53,35,53,58,75,60,82,69,67,72,55,62,52,69,52,73,74,74,72,54,94,81,46,50,65,98,51,89,36,59,73,39,45,74,83,85,89,47,35,82,51,70,31,74,31,76,42,81,81,67,46,48,65,71,47,81,51,36,72,50,56,62,69,85,44,77,98,44,38
95,46,56,93,87,54,73,56,87,97,86,95,91,47,79,92,47,80,75,40,43,97,31,35,59,34,31,74,79,68,48,83,95,98,97,75,74,45,97,63,82,67,67,83,49,88,38,88,34,88,56,76,89,38,97,80,78,30,38,57,91,53,85,68,59,62,84,35,97,52,31,85,76,70,70,51,36,94,85,83,70,57,31,68,54,74,46,53,37,31
79,98,36,42,33,41,70,85,81,67,66,34,84,55,52,65,85,63,82,80,50,54,45,57,32,88,51,45,66,93,36,53,78,54,92,46,72,90,75,84,49,55,71,94,77,31,59,53,36,72,97,52,96,78,75,36,63,50,44,50,32,83,55,66,51,72,31,69,55,50,48,93,84,95,47,62,84,86,86,81,76,83,92,92,77,77,44,35,57,44
61,65,84,70,91,78,37,45,71,86,31,63,64,56,34,94,90,90,31,38,49,47,80,94,96,53,36,58,53,41,43,55,63,93,72,90,45,56,34,58,49,52,91,87,52,90,90,35,98,51,91,65,63,95,52,94,40,84,33,58,38,77,98,31,66,59,98,86,64,39,76,30,67,42,71,36,94,89,80,41,56,51,37,81,65,54,72,68,38,82
67,76,55,65,68,45,92,70,34,49,81,80,74,52,79,34,52,81,56,91,55,54,77,48,49,80,85,97,79,34,90,89,37,32,48,95,63,65,43,63,34,66,56,60,89,77,61,86,70,87,58,51,72,62,32,97,48,72,68,79,80,63,86,83,56,35,87,79,64,94,57,90,74,68,55,95,87,51,46,59,95,63,81,60,74,52,85,63,54,64
60,57,56,95,42,31,54,53,96,56,62,80,73,43,90,65,69,30,91,38,42,39,98,90,40,84,40,54,79,70,89,74,68,82,38,58,65,89,68,47,48,54,45,87,72,38,81,30,33,44,87,62,31,40,41,39,51,47,71,90,33,93,41,47,61,54,93,41,68,78,61,66,32,39,44,81,80,32,83,44,79,40,75,94,75,83,48,47,33,48
67,50,42,57,60,50,98,50,34,86,63,84,35,44,84,85,78,46,61,54,51,54,95,81,70,66,93,82,58,80,73,83,30,64,34,33,65,31,34,96,92,77,41,45,80,60,59,66,37,98,70,84,80,76,53,78,57,40,80,59,84,52,40,85,65,97,75,66,71,89,32,53,43,31,98,50,48,64,60,94,38,47,49,54,51,62,93,63,62,94
47,85,98,61,36,54,40,33,35,60,61,48,67,46,65,94,49,52,96,54,78,47,62,63,50,57,33,32,83,71,85,74,87,87,38,57,88,68,37,74,70,70,94,36,93,78,87,92,38,96,76,72,93,44,72,56,71,42,40,82,32,90,86,61,43,77,50,62,92,52,68,85,64,50,81,37,83,56,56,87,64,63,45,67,63,88,43,40,34,85
40,95,78,56,63,52,88,58,72,70,58,66,92,34,80,47,67,76,44,88,79,55,42,31,66,92,66,95,53,90,80,88,64,82,73,89,46,43,55,78,47,94,46,66,31,49,79,77,93,94,67,35,86,72,33,89,80,32,94,49,67,35,71,46,47,53,39,49,89,36,88,45,73,59,69,70,82,39,80,48,32,66,44,54,42,41,48,93,76,68
36,46,72,65,78,49,36,52,47,97,39,88,81,67,38,39,64,85,34,81,86,91,40,57,53,76,34,49,85,43,65,31,62,50,39,49,77,36,74,56,88,90,54,76,78,68,63,69,48,46,37,82,90,82,47,78,81,80,40,89,66,43,60,80,48,82,84,60,95,85,92,72,72,34,78,80,40,38,63,93,51,50,71,33,52,48,45,64,32,66
37,35,36,37,39,35,45,66,39,64,50,98,62,95,59,58,70,52,43,63,76,87,67,87,63,59,40,59,61,97,45,90,72,48,96,68,90,80,70,47,32,45,67,98,74,55,49,77,38,42,91,64,77,66,74,32,68,37,46,95,78,94,94,30,75,94,87,75,37,36,82,48,69,95,96,42,66,50,34,42,57,93,50,42,93,84,68,32,87,57
86,90,47,43,44,81,31,80,39,97,81,30,32,79,45,60,92,71,69,62,71,54,38,80,80,38,50,31,69,37,78,84,93,65,80,69,51,47,68,83,98,94,70,44,47,97,81,80,30,46,68,48,65,92,85,37,63,75,96,47,76,98,41,62,56,75,70,44,38,56,50,97,96,39,52,50,65,65,55,53,39,93,48,47,44,30,88,85,97,83
81,32,34,78,31,52,78,41,63,58,83,75,59,36,93,64,85,41,91,94,83,47,72,35,76,35,80,85,76,95,36,48,69,81,49,90,62,47,95,54,40,30,30,95,45,46,72,66,80,70,69,30,33,85,30,71,72,73,37,58,78,62,85,88,98,43,57,35,60,37,32,68,48,39,50,97,68,45,75,66,62,69,83,46,73,96,98,34,71,72
58,38,79,33,60,55,41,64,88,76,42,58,87,85,49,75,60,51,94,93,83,59,75,30,80,44,67,93,33,53,43,39,82,35,52,57,34,53,59,31,71,94,70,50,50,37,72,43,38,86,83,50,66,38,58,84,67,98,66,84,63,86,75,84,40,81,57,92,45,55,81,50,84,60,86,65,43,38,91,94,98,55,76,70,89,72,38,72,37,45
62,65,58,87,39,67,81,70,78,51,56,77,38,83,74,94,86,83,49,40,68,47,38,92,40,82,85,87,80,84,31,68,68,86,34,46,83,93,62,98,60,35,81,68,69,55,86,61,48,59,32,79,85,32,48,83,48,38,39,51,82,42,40,31,43,50,90,40,77,36,85,69,83,32,88,43,53,52,56,93,48,92,73,93,77,77,66,44,91,39
40,47,48,98,96,64,64,71,48,57,32,83,32,85,66,41,87,54,32,37,94,93,72,98,31,54,85,86,37,77,91,37,81,57,95,43,85,89,60,33,31,79,67,59,68,52,86,44,45,37,82,52,81,46,93,60,53,98,82,56,33,89,30,75,79,63,35,80,57,86,76,69,57,52,82,77,62,98,82,78,54,47,49,32,68,97,59,39,59,33
59,98,79,96,65,70,82,50,76,83,68,60,34,43,59,64,92,54,66,75,59,41,54,85,93,80,84,75,44,98,33,85,30,44,46,75,91,66,62,90,38,56,31,43,86,39,64,55,75,38,80,49,41,59,64,89,36,40,76,50,33,57,69,45,71,80,33,82,55,89,73,56,41,89,51,53,50,32,63,74,91,77,50,73,47,74,52,67,87,66
55,89,82,98,77,59,49,90,40,77,88,95,75,60,67,83,40,68,36,50,33,96,98,60,30,89,70,84,71,47,45,34,59,93,86,57,84,51,39,45,71,35,68,89,82,73,85,79,97,40,81,87,69,87,30,86,61,74,98,52,72,89,84,83,74,86,64,65,30,92,59,87,66,46,54,82,37,87,65,87,38,70,58,96,47,48,79,63,80,51
34,41,67,47,70,66,82,68,33,64,34,42,32,35,66,34,66,57,86,50,46,71,36,49,44,64,59,46,47,72,46,53,70,37,30,90,72,59,66,82,60,36,66,40,91,72,60,63,97,62,82,32,57,75,53,52,52,84,68,54,59,38,87,67,55,58,84,46,85,57,85,74,46,77,98,50,93,69,45,64,97,84,95,87,85,93,45,58,74,53
58,66,70,77,33,93,97,88,48,61,79,41,52,66,58,77,44,34,48,60,95,87,57,91,67,67,77,85,44,57,61,84,93,54,86,74,61,60,75,36,39,44,37,50,92,51,78,81,50,67,74,31,36,34,94,61,79,31,56,97,95,65,53,41,49,56,37,31,92,45,35,78,56,50,43,98,57,36,72,74,75,31,38,54,83,56,55,34,62,52
51,82,45,78,51,31,72,57,97,43,90,70,41,64,32,58,64,95,95,41,74,70,35,48,94,36,80,43,86,70,83,52,40,61,66,87,84,53,92,98,80,53,56,40,32,55,56,44,71,36,90,79,60,44,63,74,81,69,85,90,71,33,69,94,86,43,89,89,74,38,78,94,81,65,64,85,68,62,56,95,84,48,33,46,79,52,56,95,61,31
48,75,71,78,62,54,58,64,32,46,48,51,89,47,98,43,65,76,45,38,50,32,46,89,33,53,40,42,60,87,66,39,93,40,65,69,89,56,49,93,59,46,40,86,35,45,98,48,64,96,48,38,79,66,72,70,82,95,44,92,32,63,34,63,68,54,81,38,76,75,92,69,78,83,90,35,82,96,81,44,80,91,66,47,96,47,84,89,42,40
72,59,66,89,56,72,83,85,94,98,56,54,66,33,97,89,62,42,87,82,92,97,35,92,52,73,37,36,65,50,73,31,77,48,48,98,53,55,63,75,54,31,97,50,51,87,57,88,48,60,36,31,59,49,70,96,74,95,55,96,49,83,49,55,62,71,92,53,50,45,78,66,62,56,96,35,96,41,91,45,33,81,32,40,65,68,36,70,87,38
48,95,41,97,75,72,37,73,95,72,58,33,96,51,67,86,93,63,52,84,55,69,70,85,56,40,64,69,75,79,81,69,37,54,85,34,70,54,87,68,75,74,76,97,92,86,31,48,58,95,68,54,98,50,67,66,56,48,30,89,67,42,83,95,94,49,70,72,56,73,82,47,91,78,57,46,65,66,95,30,77,77,42,69,89,87,70,48,83,86
62,68,61,77,93,90,97,64,47,52,93,83,96,59,65,44,60,98,70,49,88,75,78,33,39,50,51,50,33,31,43,52,37,53,38,79,53,42,81,97,91,75,38,55,62,31,94,48,89,54,74,39,94,44,59,41,65,88,60,60,82,46,71,57,85,41,32,87,61,67,55,62,50,82,42,93,71,38,83,61,34,41,79,71,92,57,59,95,42,40
40,90,86,30,88,72,76,62,35,93,56,76,38,92,75,96,37,61,52,40,60,86,69,58,56,37,30,68,45,59,83,57,45,61,36,96,83,34,42,65,69,43,66,36,97,79,69,62,66,77,39,91,71,61,33,42,54,41,64,77,80,49,32,41,81,87,82,36,77,60,83,36,55,40,43,46,37,42,66,58,84,67,52,50,97,44,30,61,61,58
47,85,48,75,86,52,96,61,83,74,98,51,59,73,43,46,95,52,91,72,96,98,67,35,40,72,85,48,59,80,40,33,81,93,77,51,85,85,83,66,81,55,93,85,43,39,39,44,57,53,83,83,75,36,66,41,88,72,87,38,89,51,48,97,84,78,70,43,57,61,52,89,87,77,82,96,84,36,58,50,73,47,33,54,54,85,89,82,60,48
37,65,88,89,64,42,83,31,85,44,46,38,43,46,46,62,69,51,57,40,82,98,93,55,96,41,31,33,69,79,97,80,55,31,91,86,43,91,97,90,32,94,67,30,60,84,96,77,83,85,81,98,72,68,83,81,95,44,89,74,75,80,33,46,92,89,94,42,85,93,42,44,32,36,39,60,34,69,46,72,97,48,91,71,40,61,44,91,88,31
88,41,58,82,33,38,32,66,77,81,54,34,54,53,51,94,61,30,45,40,37,80,66,60,41,75,32,62,90,83,84,58,55,40,32,48,71,81,68,63,63,83,56,54,61,36,50,43,86,51,63,61,91,65,87,46,34,43,72,77,85,91,51,41,84,88,51,59,56,91,41,84,81,79,38,83,51,92,86,81,60,40,90,50,56,98,35,81,75,70
98,76,81,55,54,89,50,64,47,67,35,35,54,98,84,92,37,33,50,42,39,75,74,56,36,46,87,64,71,86,70,78,88,34,52,65,36,41,70,81,58,91,40,72,62,52,80,47,34,40,58,86,37,62,81,47,93,80,70,45,53,67,42,95,41,32,61,80,47,77,74,72,69,45,98,78,72,88,85,64,54,54,89,83,91,65,66,33,34,75
61,65,51,58,34,67,84,38,39,34,58,85,37,68,93,96,52,90,80,57,55,38,82,74,64,42,86,89,70,55,32,82,90,75,81,73,41,41,34,70,91,53,44,87,79,61,68,82,55,88,93,82,44,72,62,43,97,87,56,59,47,87,43,57,52,59,51,52,59,31,58,75,95,74,45,65,46,31,61,36,98,36,72,82,78,86,43,49,90,79
32,97,98,91,68,56,50,87,83,85,90,41,35,48,96,88,72,75,30,88,70,72,62,84,61,67,74,70,80,33,52,55,63,88,51,85,37,68,86,98,93,85,90,96,48,65,83,45,70,70,55,40,41,55,55,88,54,65,40,39,60,51,73,74,30,52,74,56,30,40,92,80,54,70,77,88,64,75,33,38,56,70,91,98,74,78,33,38,57,76
56,96,95,60,81,78,83,32,51,62,70,53,95,52,61,85,84,81,76,65,67,79,40,38,54,65,91,98,86,87,57,94,68,30,34,59,61,88,49,91,56,35,93,53,84,92,73,31,64,81,31,65,44,62,86,91,72,93,77,55,74,91,74,78,35,49,44,36,39,95,44,80,92,65,76,81,92,52,49,31,97,39,84,69,97,92,46,67,47,63
67,93,84,61,61,40,79,62,45,57,47,86,69,40,58,48,98,31,70,75,40,63,71,87,59,91,59,51,92,78,54,56,32,52,35,68,63,83,36,55,41,44,85,66,54,50,94,92,66,63,56,42,73,50,93,85,54,65,34,59,65,75,91,43,56,44,91,78,64,33,87,42,37,77,47,56,39,65,63,87,63,59,91,81,46,62,87,81,81,58
92,75,69,92,94,95,91,40,69,97,88,53,53,37,54,33,60,83,75,61,50,32,59,91,82,37,72,36,49,51,93,78,78,96,31,50,98,33,53,39,70,91,47,92,72,50,78,86,89,41,66,53,73,59,50,70,79,78,75,40,36,73,75,73,60,48,87,30,71,85,71,94,67,97,82,48,40,34,91,90,40,40,95,55,36,40,57,77,66,47
41,35,83,43,87,56,74,33,86,81,98,93,78,98,78,39,83,93,98,68,33,34,80,65,96,79,98,30,37,81,66,65,92,64,89,63,76,60,73,57,30,51,87,92,90,59,56,31,95,59,79,67,67,96,61,73,77,71,95,55,69,91,76,74,63,82,66,69,67,31,51,70,78,51,74,55,67,44,93,98,38,37,34,71,49,33,88,67,47,65
78,34,67,47,62,80,61,87,63,34,58,56,98,54,36,33,64,31,73,83,74,48,38,49,62,94,92,62,88,43,52,80,35,60,33,64,86,55,62,98,37,98,90,46,86,49,33,46,97,56,39,85,61,51,39,71,48,75,79,75,54,84,37,79,85,90,92,86,87,90,85,57,78,64,46,62,97,96,55,86,69,54,59,93,55,71,39,97,37,56
78,76,66,86,67,74,66,59,70,62,65,51,71,50,83,81,69,40,81,92,74,39,37,35,64,58,59,34,62,33,86,30,61,64,67,46,73,53,86,32,54,30,93,36,63,91,93,70,91,74,59,71,71,92,37,75,49,35,43,88,39,64,45,73,51,50,63,74,77,88,51,84,35,58,50,56,47,78,45,45,92,54,35,45,83,53,53,83,72,30
75,45,37,35,60,39,61,89,89,57,42,62,51,71,91,58,37,61,72,65,60,65,97,34,58,58,46,32,52,32,32,45,57,56,32,65,36,72,57,61,78,65,35,34,89,62,97,75,89,36,97,88,52,46,45,97,98,60,45,71,33,67,87,73,82,73,89,70,80,65,96,70,92,31,70,72,47,83,65,66,65,61,91,87,79,38,85,36,89,74
51,30,41,94,33,55,69,73,44,97,36,64,39,40,66,35,76,60,68,62,85,80,98,51,41,76,79,53,81,52,71,36,90,40,87,38,89,47,55,82,69,30,56,58,45,39,51,73,67,84,39,92,88,83,70,62,32,36,32,44,93,53,76,44,70,34,33,54,91,98,75,69,86,41,61,94,64,50,74,34,82,57,82,33,62,95,61,58,69,91
55,78,93,31,60,95,44,73,80,51,41,62,45,59,48,52,90,94,84,74,81,60,40,36,62,69,73,47,73,33,62,50,63,65,70,31,62,52,85,49,65,56,30,30,90,82,82,78,52,42,89,57,87,38,74,30,58,85,31,48,47,39,56,73,60,49,36,92,78,51,95,54,67,95,63,77,52,45,49,83,79,85,78,60,85,86,85,95,33,84
64,89,35,42,38,77,95,60,88,55,55,53,73,32,76,72,58,72,80,60,56,89,87,40,67,86,90,79,42,76,94,51,87,62,39,60,64,94,85,47,73,33,33,56,90,82,95,83,59,64,79,88,44,49,35,60,70,45,89,97,94,46,63,30,59,66,67,63,87,49,81,49,94,90,76,72,49,50,42,71,55,49,66,44,30,35,59,72,93,80
80,97,58,67,38,82,58,90,61,76,43,89,50,71,63,71,33,49,54,50,91,72,89,66,40,52,82,72,36,70,95,35,54,31,57,62,44,53,42,42,49,52,31,38,92,75,78,70,31,95,43,75,41,51,35,55,90,55,33,44,52,89,79,73,85,41,76,40,51,53,70,33,70,55,34,79,80,71,46,72,41,85,44,54,43,61,57,74,96,41
56,93,43,58,75,77,62,37,86,88,34,44,59,88,31,31,64,84,77,76,88,69,68,63,71,61,79,31,90,54,98,91,76,42,69,87,61,56,68,76,82,82,88,32,81,73,86,61,46,47,92,98,59,92,86,32,89,65,95,46,98,31,43,74,64,88,34,75,76,93,77,65,95,82,41,79,40,53,78,40,31,56,30,72,50,64,59,88,48,40
55,41,95,62,30,42,58,53,33,81,52,46,67,90,52,62,73,94,41,54,98,84,35,91,70,46,94,87,54,34,44,52,86,81,98,50,90,86,67,86,84,43,74,52,60,60,43,41,48,68,91,56,51,80,61,97,79,42,88,71,53,93,90,32,51,55,47,31,66,74,89,60,66,87,69,48,75,68,74,74,45,38,56,30,82,93,91,34,91,95
51,55,81,45,30,56,50,61,82,64,44,75,33,91,35,39,67,72,32,92,98,92,45,35,48,53,70,57,84,52,59,59,95,42,44,54,83,73,61,44,68,97,37,96,85,87,37,42,33,47,96,90,70,72,45,60,61,76,94,53,78,59,55,64,58,60,80,53,93,37,51,90,43,59,84,89,95,83,52,89,45,66,46,68,84,44,72,41,49,80
30,92,71,94,76,92,82,59,91,56,96,51,30,34,63,94,34,41,66,96,85,80,46,39,38,41,38,96,87,86,55,86,41,84,85,48,57,88,42,42,36,83,91,81,35,49,53,62,71,59,88,91,61,82,66,62,79,77,74,94,90,50,67,44,95,81,30,33,38,82,44,52,48,83,54,74,71,78,41,46,61,76,46,38,58,35,90,88,57,56
70,82,32,68,96,91,89,37,50,89,70,93,60,97,83,83,78,89,65,55,87,74,90,72,44,74,56,71,69,41,40,33,96,31,41,51,88,69,60,52,45,68,68,97,60,71,74,83,76,69,42,62,64,65,57,46,47,43,80,75,92,68,57,47,35,79,44,83,85,50,78,79,69,43,46,41,61,61,67,71,85,65,68,87,88,37,89,69,48,82
74,89,31,56,80,76,34,64,90,72,79,94,94,91,36,36,45,78,75,49,85,77,52,67,46,52,54,72,41,57,41,67,84,36,93,36,49,53,55,91,53,96,60,36,96,95,97,93,70,96,47,59,91,96,42,79,36,58,72,71,52,80,66,89,75,49,79,60,58,34,53,68,34,79,56,83,77,67,66,94,76,34,66,98,63,53,42,31,75,81
90,44,69,76,93,79,44,67,58,92,54,89,67,62,79,97,33,82,47,42,77,35,42,75,97,66,54,83,71,91,58,95,80,33,86,67,92,45,48,87,77,81,60,34,46,85,34,46,97,36,58,37,72,95,98,68,65,94,87,75,38,96,42,93,37,38,30,65,73,92,35,63,35,60,31,48,44,79,91,98,66,97,89,40,59,70,45,37,58,39
80,54,56,35,88,33,93,64,95,37,87,51,49,58,70,94,97,58,60,54,73,81,96,34,93,74,96,67,95,44,52,81,60,42,83,60,44,45,69,88,31,51,79,62,98,60,33,86,82,82,58,87,88,48,75,88,61,66,37,83,81,83,46,52,37,39,43,93,36,43,46,50,41,48,35,34,77,91,88,77,91,76,52,31,67,34,49,77,79,71
88,71,76,59,57,69,94,81,70,70,74,46,45,43,87,85,71,89,88,84,80,94,97,73,79,86,89,56,31,64,53,68,56,34,71,30,70,50,94,59,71,86,81,88,97,30,58,73,41,50,39,59,50,51,69,65,39,67,39,37,91,68,85,83,62,97,39,87,97,66,86,60,82,69,56,82,81,42,97,70,48,68,37,72,96,57,76,54,34,78
75,66,71,98,59,32,74,77,67,53,58,63,66,44,86,96,51,33,95,91,87,37,63,94,66,92,92,42,44,37,64,45,33,39,79,33,38,53,82,34,61,77,56,54,69,57,32,98,96,81,89,96,65,68,32,40,64,78,52,75,46,76,35,33,64,58,85,88,92,66,94,94,42,86,55,48,48,34,77,72,69,30,72,93,80,31,63,42,50,30
47,89,31,37,57,91,35,47,35,88,42,90,57,71,41,75,40,44,85,57,36,62,54,43,90,30,47,58,75,94,55,85,77,69,92,41,90,69,38,33,44,88,30,73,70,68,83,90,97,77,34,52,43,60,40,86,44,30,39,56,69,91,88,93,67,52,80,36,80,95,44,41,35,83,55,38,40,30,68,40,30,36,74,56,40,84,53,95,65,89
70,96,67,32,49,83,52,72,61,87,79,41,87,43,62,63,48,38,66,33,66,53,89,77,90,71,75,43,44,51,98,96,52,76,46,73,68,84,60,70,91,94,52,82,89,48,66,55,37,91,83,60,83,37,37,61,43,83,45,86,72,55,30,60,33,54,31,46,97,70,68,96,74,93,50,33,50,52,33,37,64,91,85,53,96,82,96,38,64,60
78,72,42,93,88,49,39,55,72,88,73,45,98,67,93,54,41,73,98,63,95,75,92,49,47,96,71,80,72,79,67,95,67,83,60,34,65,57,97,72,52,77,78,97,54,71,76,81,67,82,92,63,88,43,80,68,69,96,49,91,71,85,52,58,59,62,94,40,86,33,46,37,71,51,55,92,75,32,94,79,35,61,93,52,69,45,30,80,69,57
52,35,58,55,88,31,32,95,54,42,75,68,49,75,71,80,60,94,87,32,96,60,36,80,87,87,69,88,37,69,32,84,63,77,39,86,78,71,75,52,48,74,57,52,68,58,42,46,74,90,51,48,89,81,62,61,86,93,95,34,41,60,59,86,92,59,94,66,47,68,45,76,82,88,73,56,51,75,31,97,88,72,56,31,91,41,68,68,59,98
87,55,84,80,81,64,30,88,47,53,95,92,41,54,83,84,63,97,77,55,86,87,42,60,54,89,47,48,52,34,44,55,43,31,97,70,79,49,44,72,36,41,53,43,97,77,98,64,57,58,51,81,71,55,77,86,35,65,90,81,51,69,33,62,43,98,45,84,30,50,82,87,80,89,76,44,52,65,65,33,35,82,39,88,69,87,77,66,81,58
82,49,93,34,30,41,84,89,83,70,50,37,83,35,55,79,94,71,78,58,91,37,49,56,87,83,74,42,40,89,77,71,92,89,57,39,86,65,53,67,92,39,66,73,61,39,54,84,89,58,47,39,54,45,94,46,50,93,34,30,93,83,60,47,70,35,45,87,42,80,37,97,33,66,53,81,53,68,37,73,55,67,93,86,38,80,39,56,50,32
96,82,82,51,59,49,35,33,30,85,57,77,89,31,77,48,31,38,57,95,44,80,70,69,71,90,96,75,53,70,82,36,63,65,40,62,95,90,37,58,79,73,90,95,71,72,33,78,56,63,61,65,37,50,97,62,73,57,31,40,70,73,78,49,61,61,39,70,50,70,47,83,63,60,86,76,52,89,94,45,70,58,93,30,44,85,89,51,68,81
40,51,54,51,61,88,32,63,78,64,65,85,96,35,73,58,45,96,82,57,35,65,68,44,69,78,87,77,38,74,91,92,88,40,97,34,38,55,87,40,55,86,65,66,73,64,57,31,91,35,58,57,32,61,60,64,84,65,85,39,91,37,67,55,56,88,50,71,31,49,91,90,73,66,55,51,93,38,55,42,91,46,31,84,95,34,31,31,54,40
92,37,95,53,36,55,82,95,85,98,91,72,40,41,31,47,76,73,94,97,41,65,71,35,50,86,81,41,86,78,71,67,74,53,86,65,43,30,50,39,94,95,31,46,61,89,75,90,51,81,55,90,78,89,95,37,87,52,80,57,90,97,92,48,37,90,32,95,83,72,85,85,34,90,87,43,72,74,34,93,93,95,71,62,56,87,46,97,57,36
69,55,72,92,70,53,31,79,95,76,32,31,84,79,74,73,79,61,68,33,87,71,98,38,62,31,44,30,38,70,94,39,71,86,32,77,43,69,33,89,46,72,59,63,57,65,69,40,69,51,98,37,78,55,34,54,88,51,46,67,33,66,75,67,34,74,35,59,33,56,31,90,65,30,97,82,34,34,58,87,95,53,45,30,91,89,93,64,94,92
55,71,36,91,77,56,58,97,78,50,54,88,90,50,30,91,33,54,78,81,94,30,66,72,58,50,52,48,32,80,88,57,98,95,56,38,68,54,35,70,49,50,89,49,38,73,88,59,94,91,31,40,51,83,32,85,48,47,69,49,43,72,70,56,71,64,73,86,55,89,91,45,82,39,57,71,50,94,88,58,98,78,64,74,43,83,58,77,63,81
54,61,53,78,31,52,43,57,90,30,79,89,92,90,33,34,69,76,37,69,49,68,94,86,42,64,46,78,49,54,46,33,54,94,36,69,77,60,71,51,89,51,59,38,75,71,32,62,65,78,35,45,37,88,60,98,54,53,77,53,32,30,57,49,67,56,70,64,87,34,72,68,89,52,92,57,49,91,70,88,57,33,58,41,52,86,86,82,74,52
50,41,45,61,41,74,71,80,49,36,89,63,38,66,71,93,31,92,61,76,51,79,53,39,40,61,38,45,96,49,76,97,57,33,38,71,39,50,74,94,54,37,54,49,72,45,72,41,86,53,65,45,52,39,95,67,68,91,96,55,76,52,74,84,96,62,67,31,95,85,57,68,48,45,68,94,45,79,62,64,92,72,69,61,73,89,43,69,72,92
96,84,87,63,46,93,82,71,66,36,61,97,34,76,55,31,40,68,41,31,95,40,39,41,71,82,35,50,57,35,89,59,62,95,58,45,97,90,36,61,92,46,63,76,79,90,67,32,56,36,41,65,64,67,80,96,45,38,36,90,88,59,34,79,73,95,42,45,31,78,62,90,50,50,35,31,47,35,60,74,66,52,48,75,67,56,42,37,56,69
33,76,83,33,57,30,79,54,42,47,79,86,71,36,74,74,68,65,43,40,43,46,30,83,80,86,65,74,91,85,53,70,90,95,83,52,61,36,92,91,98,95,54,85,58,80,98,96,69,62,36,71,73,70,60,80,85,70,88,58,67,54,61,61,87,90,72,77,85,67,32,81,59,39,98,85,83,62,46,65,54,47,44,50,76,81,95,81,75,70
50,80,70,62,82,71,49,97,97,92,84,92,77,38,82,43,36,93,91,92,60,93,47,59,46,45,82,64,60,49,88,55,66,45,67,68,44,54,94,80,57,64,41,54,50,73,60,97,66,86,58,69,62,32,72,43,44,60,31,56,71,48,91,80,97,45,92,59,85,73,37,55,97,33,41,72,50,42,74,51,36,92,30,31,93,86,37,76,39,49
48,79,77,92,89,83,52,94,83,52,82,33,88,67,79,84,75,47,36,49,68,35,69,91,41,33,40,44,67,76,71,78,78,60,89,57,51,89,75,95,37,68,62,70,41,72,59,46,46,51,34,52,38,96,85,90,71,35,48,67,42,32,49,72,97,93,94,34,45,48,90,44,62,85,48,52,58,95,50,56,38,63,67,70,63,76,47,53,56,50
40,71,34,95,31,87,60,40,51,92,76,79,80,90,76,94,57,50,65,61,92,31,54,82,45,58,73,35,98,63,49,96,45,39,40,95,35,73,83,68,48,75,50,46,83,95,63,53,75,89,72,60,43,88,51,70,58,31,46,39,62,64,74,85,43,36,55,87,84,39,39,37,46,95,79,88,69,49,78,74,71,72,60,40,49,48,67,70,93,88
53,85,88,60,71,49,85,63,37,89,49,62,43,39,49,53,37,61,73,48,87,32,45,98,57,88,66,69,64,57,78,39,38,30,61,92,89,82,65,70,69,38,71,67,91,77,64,67,72,73,74,53,77,58,98,71,68,68,76,97,37,55,54,40,54,76,64,61,83,47,72,98,48,44,80,34,79,63,91,53,60,83,80,79,49,74,47,59,38,53
45,62,66,98,56,69,61,66,38,96,73,58,96,69,39,95,78,98,98,66,45,77,37,56,81,31,97,89,74,44,43,59,30,55,76,37,98,55,71,68,84,62,60,38,30,47,85,64,85,95,50,72,56,39,50,50,68,36,35,91,33,67,37,36,30,79,48,43,42,85,74,31,80,48,97,44,57,79,50,73,86,35,50,33,60,98,68,54,30,58
61,72,42,87,85,77,87,82,76,37,89,50,64,51,78,57,62,61,69,83,72,57,63,37,34,74,59,81,57,56,53,32,40,85,42,33,59,50,39,63,33,58,34,96,51,87,88,52,94,94,88,83,63,33,31,53,52,40,93,38,37,89,54,63,85,47,69,58,44,55,98,67,59,81,35,52,85,32,39,33,54,36,89,37,80,91,75,75,84,30
69,42,74,32,79,60,70,83,65,79,72,57,72,79,57,70,83,36,89,88,69,60,84,88,48,80,50,80,90,78,46,52,51,51,62,53,37,92,66,88,97,54,36,72,37,37,94,85,45,45,39,64,88,34,94,87,30,98,66,72,32,32,33,35,49,97,89,34,86,73,64,54,55,67,40,58,47,45,65,67,98,67,67,43,89,40,75,78,53,90
93,92,71,92,84,51,48,62,85,77,63,77,89,87,77,78,94,43,73,58,50,86,80,50,58,61,84,40,92,72,44,86,70,91,98,71,42,59,94,53,57,46,90,84,91,30,75,72,64,92,49,89,40,30,57,81,86,91,58,51,36,54,32,46,42,55,46,93,45,74,95,54,34,50,39,94,36,52,41,46,88,53,81,95,46,68,57,53,44,47
69,50,58,54,35,93,67,71,58,34,69,71,72,59,46,66,33,66,64,49,70,46,87,97,65,96,91,39,93,90,83,83,55,94,90,43,68,38,52,59,97,35,65,44,41,68,81,54,72,43,93,63,59,63,75,60,39,79,97,34,56,71,40,92,65,81,40,43,62,87,98,32,79,79,47,57,89,49,46,55,36,89,90,63,77,96,70,75,75,74
40,80,60,95,87,54,89,45,84,80,77,98,31,45,43,69,62,81,77,85,55,59,41,56,63,32,31,96,49,30,62,82,65,97,80,49,87,52,51,82,94,51,84,77,85,32,51,31,65,82,69,93,64,66,60,68,90,64,37,46,43,60,59,74,85,46,31,70,30,93,78,42,71,76,60,93,85,97,53,62,80,89,77,83,34,45,90,39,78,98
71,55,84,87,90,50,68,81,97,60,67,93,94,87,48,38,96,52,41,73,93,66,74,46,32,79,48,92,78,78,80,40,87,81,40,58,74,49,51,42,43,96,87,88,96,73,64,87,86,90,66,70,63,90,45,32,48,96,50,70,87,60,96,64,72,76,69,71,42,77,44,78,63,40,56,50,88,75,81,31,72,51,56,72,31,91,84,77,78,95
70,44,42,86,40,46,33,58,83,57,97,73,46,33,78,68,65,94,61,77,88,73,32,39,36,35,48,83,49,79,96,51,82,55,52,67,94,45,80,73,75,58,98,94,35,68,53,78,43,35,75,49,82,52,55,79,76,93,85,80,54,92,44,38,67,50,61,64,34,68,74,87,73,93,88,43,82,54,94,40,39,89,98,60,68,82,40,32,44,53
78,43,46,44,44,60,32,71,81,54,31,56,87,80,42,62,95,89,52,79,83,58,56,50,37,57,56,37,52,75,84,82,86,60,38,50,41,46,57,94,32,64,47,49,56,79,97,67,82,65,32,97,94,48,30,93,49,86,34,78,81,51,98,34,97,84,56,63,47,86,80,38,90,40,62,30,73,65,50,57,80,43,35,68,68,76,94,44,62,71
92,82,82,54,89,53,62,92,93,67,78,79,48,98,84,89,52,66,41,94,67,42,60,43,51,51,53,97,45,57,68,37,45,79,48,84,64,64,49,96,67,98,82,92,43,78,93,41,73,36,43,51,50,55,95,66,34,85,32,89,55,80,37,48,44,93,94,59,44,84,96,52,91,56,71,95,40,81,90,93,81,57,89,65,58,46,44,39,60,58
33,65,78,42,97,96,67,43,49,93,62,56,74,93,74,83,92,58,31,80,77,54,97,68,43,66,77,73,32,40,78,65,34,69,79,87,75,39,30,45,46,59,58,84,62,78,78,94,96,47,83,38,75,43,69,90,62,66,38,84,45,89,81,41,62,68,33,84,45,75,54,36,96,89,37,40,70,83,71,93,67,56,76,50,85,63,96,64,65,73
93,75,78,84,31,32,67,74,98,78,76,39,34,52,30,78,50,74,95,33,54,91,80,67,56,96,67,38,47,74,89,88,49,30,93,91,87,94,51,48,68,47,38,90,89,73,98,70,41,53,54,88,46,55,65,79,92,58,90,72,44,62,58,83,32,52,89,50,48,42,36,82,88,78,81,30,44,62,36,93,97,37,73,89,60,68,36,50,64,42
63,48,39,95,93,66,76,49,80,45,58,97,82,33,57,39,84,59,95,98,38,50,34,46,95,97,98,94,70,84,73,91,41,56,59,60,65,86,67,63,81,70,71,33,98,75,30,89,87,94,33,37,53,89,35,96,58,52,97,36,83,96,58,93,37,60,94,37,30,76,35,42,92,73,65,66,40,70,83,94,63,46,98,80,87,52,84,39,60,63
85,62,70,80,93,81,84,92,44,85,87,66,33,57,72,51,37,97,87,73,48,39,57,50,71,71,63,81,74,61,38,53,47,45,67,56,90,58,84,53,89,62,36,64,34,74,50,90,40,81,90,94,51,63,63,48,30,49,42,77,98,64,46,68,42,59,60,50,71,76,47,80,70,59,45,73,89,64,48,72,62,31,58,38,83,56,90,77,33,67
32,91,79,54,95,36,57,66,35,77,60,30,78,55,53,33,48,78,52,31,87,97,60,95,59,30,58,73,71,41,75,79,71,47,71,96,31,31,36,91,41,98,71,39,86,75,51,58,30,33,73,55,41,80,57,36,85,88,34,67,58,64,40,71,39,52,78,74,76,83,62,63,75,59,77,74,48,63,41,39,49,45,94,34,55,98,87,35,75,85
55,56,92,46,62,35,42,58,95,89,44,57,73,36,76,92,62,37,34,55,31,34,47,34,63,94,95,66,49,77,33,33,87,48,31,49,72,83,64,51,56,59,78,42,79,38,53,67,84,39,31,94,74,41,40,44,68,67,58,42,69,96,57,59,55,42,68,59,65,33,87,55,73,68,71,78,74,74,67,58,56,50,93,33,45,70,40,51,48,90
52,49,58,32,72,39,68,88,61,56,44,96,47,79,49,67,83,69,53,44,32,92,81,69,88,53,91,63,55,45,41,85,58,74,54,83,45,38,85,93,47,75,47,83,56,57,47,67,58,60,30,81,87,38,91,71,75,31,91,80,85,71,78,64,93,34,64,85,43,84,46,86,91,72,74,70,56,56,57,96,76,34,78,97,74,43,35,63,67,70
35,95,50,82,32,62,90,51,72,53,92,31,61,98,47,87,70,85,87,83,69,90,62,68,77,56,32,35,45,34,86,50,35,83,96,43,90,78,80,67,70,48,46,51,44,80,70,40,94,42,48,50,89,54,81,30,61,39,95,48,49,65,82,77,61,97,95,35,88,37,51,68,58,46,77,79,59,59,60,75,35,56,41,59,37,77,54,66,58,50
82,77,95,74,36,65,32,86,47,71,68,34,40,91,89,30,78,93,44,86,79,30,87,53,37,65,42,61,38,76,86,60,45,94,49,48,62,59,91,75,67,31,77,67,89,71,41,92,96,35,67,61,73,37,32,61,30,83,46,50,31,59,53,54,80,56,73,84,76,47,77,79,76,60,52,66,73,84,49,36,34,31,54,74,51,48,57,93,84,87
69,47,35,94,34,32,92,49,44,56,87,78,46,68,94,79,96,47,87,36,56,51,91,76,67,33,82,70,30,71,91,66,83,80,62,55,98,97,60,54,62,62,46,54,98,83,96,90,91,98,74,92,39,35,34,69,97,84,75,64,82,37,81,97,65,78,63,45,86,61,82,92,85,44,87,57,80,59,87,71,37,90,44,45,69,33,81,82,57,93
95,82,81,59,35,89,55,36,53,33,61,59,84,58,44,39,55,55,81,97,97,80,41,89,47,47,91,79,51,82,36,69,38,41,89,69,96,70,31,63,65,92,71,62,98,89,89,33,60,57,33,89,47,72,90,89,60,68,74,86,62,92,92,85,78,64,32,60,72,79,74,33,94,45,87,79,65,97,52,68,66,49,67,90,37,40,74,36,61,78
95,45,65,42,57,97,98,93,95,72,85,62,73,95,47,72,32,76,84,92,97,84,62,33,87,84,35,55,94,85,59,43,61,60,88,76,72,42,35,90,36,84,61,69,57,44,36,52,35,97,30,84,91,71,77,42,97,65,78,51,41,37,83,91,84,55,59,91,96,52,35,42,31,50,58,89,80,33,61,47,77,70,91,88,40,30,96,85,76,49
60,91,96,51,34,35,36,77,87,76,44,49,75,69,59,92,46,80,98,97,79,90,37,47,41,61,90,58,54,86,62,55,96,31,77,69,61,86,54,69,40,68,95,95,68,61,37,50,91,81,50,67,63,34,35,80,75,32,50,96,95,81,85,61,56,88,92,96,81,93,30,77,87,79,33,50,35,55,90,47,50,49,41,60,97,75,39,68,59,95
87,77,54,57,53,37,63,41,44,51,81,51,92,38,96,90,52,50,50,66,71,60,37,84,98,70,76,54,70,77,86,86,54,90,47,88,33,42,84,96,56,63,40,66,69,87,74,96,86,50,68,70,62,88,63,61,64,39,82,38,38,54,81,80,52,72,88,54,94,89,80,86,73,32,49,39,80,48,53,66,36,37,45,94,62,36,47,38,62,71
87,56,55,51,53,69,60,37,71,90,66,60,75,78,91,50,82,31,43,98,40,47,45,79,77,85,62,82,94,51,62,57,49,45,64,96,57,97,77,49,81,79,54,68,32,38,84,34,70,73,88,73,31,53,71,45,69,68,93,92,45,79,55,39,65,38,70,62,92,97,82,75,94,79,81,33,56,34,93,98,31,84,59,65,59,56,56,87,72,92
82,53,48,38,62,93,77,94,70,90,31,68,84,53,93,98,81,30,66,96,46,70,78,45,74,35,89,82,47,38,59,67,59,39,93,71,91,90,64,32,82,79,53,89,65,90,72,70,66,87,75,57,67,77,67,96,65,73,94,93,30,75,46,68,86,59,94,33,63,53,76,60,52,64,82,63,90,69,95,30,71,65,75,86,59,70,92,44,76,75
95,33,32,41,97,45,74,80,49,86,90,70,76,67,78,78,89,35,81,85,73,79,75,62,69,53,95,49,49,75,39,38,80,42,74,90,70,72,65,40,37,93,74,50,74,64,38,49,93,43,98,65,98,31,77,49,34,30,80,75,73,85,37,91,84,77,52,93,64,90,36,46,43,82,30,82,71,80,70,66,97,46,87,77,96,75,33,34,96,91
51,71,62,86,51,30,44,75,31,58,32,31,83,80,92,75,53,53,35,48,53,39,83,34,43,63,63,51,46,89,83,31,97,74,66,38,81,70,36,91,69,63,78,62,83,52,41,53,89,62,96,80,80,78,32,87,84,33,79,43,87,58,97,63,90,47,72,75,71,95,96,36,33,77,31,65,60,92,31,89,97,61,43,67,32,63,66,34,43,50
97,76,78,83,77,47,50,93,60,56,48,47,56,95,42,62,68,77,76,44,73,73,62,74,78,94,88,93,97,48,52,56,65,98,61,92,33,80,44,75,52,48,85,61,85,83,78,90,85,88,61,43,88,36,94,73,94,53,61,83,63,74,71,50,37,54,53,88,92,83,84,42,72,34,49,61,48,52,74,49,45,72,67,47,56,43,94,40,52,91
62,81,83,86,56,85,77,71,80,30,87,80,68,92,72,62,89,30,47,80,77,46,90,62,68,41,46,32,54,34,55,86,89,84,57,37,74,44,60,32,87,85,61,32,43,68,73,32,39,58,97,79,82,93,94,59,32,90,79,39,91,87,84,55,73,61,30,58,98,72,41,31,45,95,34,91,51,31,35,58,78,94,93,96,42,43,70,59,86,86
72,33,42,87,30,95,73,77,87,68,31,92,66,30,56,98,41,92,78,96,86,86,44,66,59,51,53,63,68,41,93,80,55,58,49,40,80,93,59,60,47,40,89,37,34,77,52,97,86,74,67,91,80,33,50,58,80,70,71,72,63,73,74,37,72,77,88,90,45,84,56,96,34,83,47,44,87,92,49,41,46,98,77,91,37,77,57,87,73,90
91,60,70,40,37,98,61,90,97,34,74,91,80,54,61,45,40,44,41,93,30,87,86,34,43,38,89,49,37,71,97,66,91,98,87,70,97,84,59,62,31,78,63,91,66,35,98,62,57,74,68,89,31,54,65,76,59,73,59,50,92,90,65,90,70,61,63,86,80,44,74,75,77,69,68,50,52,81,97,57,76,49,92,70,97,57,32,69,38,75
82,56,35,78,59,40,60,76,44,37,62,59,42,56,53,92,32,56,36,50,64,50,97,95,45,54,75,79,77,58,75,39,94,40,46,30,59,86,86,79,61,33,44,57,32,32,48,57,85,46,78,53,69,88,65,38,69,87,45,80,61,86,73,46,47,31,91,56,63,38,61,48,78,72,67,88,36,58,36,89,60,92,95,54,48,71,73,30,42,30
41,98,87,41,94,84,53,67,84,94,31,40,80,96,48,77,31,59,57,54,75,64,58,73,53,88,68,44,34,83,38,40,87,49,93,76,82,66,43,41,55,79,65,98,66,95,37,44,97,65,54,72,35,42,96,77,44,50,61,47,67,65,57,97,41,33,83,94,55,61,98,42,85,72,74,70,39,68,86,85,36,45,67,35,52,80,63,91,55,57
85,98,74,91,65,86,77,89,55,94,33,63,36,90,72,95,31,42,42,72,82,44,56,43,58,69,71,75,84,34,59,35,88,52,33,74,80,36,58,49,53,36,43,64,84,53,41,88,59,85,40,76,31,86,33,77,50,55,51,57,95,32,69,90,53,76,32,59,36,87,71,52,54,72,41,63,82,53,87,32,90,45,63,73,79,59,81,60,76,81
95,69,60,78,38,36,30,46,98,58,63,79,36,88,35,95,91,50,72,61,51,35,71,66,62,95,84,59,31,85,38,91,91,77,60,39,81,65,68,39,80,30,87,47,90,60,53,57,81,60,80,40,54,82,79,86,63,71,83,85,66,43,68,46,48,41,55,30,96,96,83,98,97,96,42,49,70,69,66,70,98,38,67,48,88,95,62,35,31,66
65,38,78,38,60,46,80,74,83,81,67,76,47,43,90,46,98,42,96,97,86,41,58,58,32,56,51,69,88,74,59,49,46,75,41,36,48,78,46,62,62,69,70,82,62,40,67,39,59,90,48,35,42,74,58,31,77,78,38,60,33,49,73,95,60,81,39,86,36,36,41,81,69,41,68,77,82,58,48,69,42,78,96,87,70,74,51,40,53,90
66,86,71,79,86,79,85,60,40,86,42,49,76,33,62,69,79,48,93,53,68,66,47,58,33,86,93,60,55,53,85,49,78,86,67,85,49,77,58,92,92,78,85,54,76,75,41,86,82,38,81,82,92,94,47,90,54,61,61,95,63,45,73,65,55,55,45,88,75,86,81,34,90,72,72,93,73,30,85,42,61,60,86,35,80,58,90,80,96,78
80,36,70,67,80,81,67,84,52,63,84,39,48,35,66,80,48,66,71,59,74,40,43,40,46,73,71,95,91,31,93,92,72,92,97,59,61,60,35,30,54,86,34,37,31,78,37,76,36,72,53,49,76,88,49,73,34,89,79,65,88,33,98,35,71,98,59,36,30,67,73,81,71,81,70,77,95,53,85,76,50,49,62,79,84,49,78,70,72,87
52,49,69,74,58,47,76,80,93,88,95,90,31,48,67,60,34,35,32,63,96,31,71,60,66,74,64,83,35,54,92,59,31,49,47,89,63,46,51,84,63,84,54,85,83,50,96,49,77,95,60,35,42,55,43,73,51,43,52,87,36,65,84,96,48,72,46,81,56,68,34,47,73,41,83,72,89,82,47,62,81,72,37,42,88,58,32,60,61,53
92,78,87,74,77,54,74,83,44,31,41,98,52,65,94,85,95,93,45,73,62,67,70,50,98,94,53,51,50,76,44,54,59,82,50,38,60,48,46,93,56,64,70,87,83,96,61,92,94,67,89,41,89,58,96,56,46,69,92,34,63,57,54,76,46,97,75,93,51,35,76,77,30,84,56,86,98,48,59,94,91,96,35,51,70,31,80,75,53,97
50,54,88,89,94,94,93,81,50,48,85,52,66,89,91,82,35,39,42,38,34,67,88,39,31,89,34,87,47,98,36,64,36,97,46,64,64,55,58,38,44,54,39,32,61,90,46,44,65,85,40,68,78,51,37,86,90,54,74,55,30,43,71,42,80,78,40,32,39,84,61,48,75,67,71,31,43,38,64,56,88,63,96,30,36,97,89,30,60,91
65,48,72,82,75,39,97,59,42,70,34,43,57,34,59,34,53,33,71,31,70,40,66,57,90,43,66,50,95,50,38,98,82,59,59,90,66,44,74,70,71,45,62,75,92,68,83,52,48,89,32,73,86,80,75,89,33,70,60,42,36,66,57,46,90,71,88,73,30,53,68,78,74,62,74,34,46,97,46,34,50,88,53,62,91,33,61,41,95,52
70,79,72,63,35,90,42,44,55,84,40,33,53,83,41,70,46,90,42,96,88,53,62,96,46,39,80,31,73,44,65,32,70,56,85,84,30,86,89,61,30,92,83,38,62,34,87,38,44,54,54,55,82,56,61,57,73,85,76,88,92,70,67,61,50,97,40,37,49,43,72,90,31,58,54,54,90,70,39,43,36,82,58,85,48,51,67,77,46,64
37,57,47,51,46,73,67,43,87,62,48,88,88,98,81,66,97,44,55,92,33,62,41,55,78,79,56,72,98,63,94,74,35,70,56,36,96,96,59,92,89,98,96,34,71,34,34,32,42,30,38,52,53,64,62,90,39,66,75,81,94,31,86,47,60,37,98,38,70,63,54,80,54,50,74,67,70,91,93,36,82,49,80,73,59,83,83,94,79,74
54,40,91,98,94,43,84,74,38,61,91,35,41,82,95,82,31,89,65,87,48,63,81,54,38,65,32,86,34,44,61,63,59,55,37,84,65,53,98,48,53,77,37,98,52,44,87,47,62,35,32,53,39,31,75,59,71,96,35,42,35,77,83,72,72,65,73,93,69,54,75,54,55,90,40,66,45,77,85,98,70,78,51,34,58,68,41,48,85,65
42,91,97,80,70,98,67,40,57,47,52,78,44,94,61,78,62,65,93,97,92,96,31,39,52,57,62,44,47,33,61,53,80,79,47,64,81,75,66,71,30,41,55,39,79,68,61,78,57,36,45,83,32,59,66,40,75,68,76,36,61,30,45,80,37,87,79,66,97,44,57,72,80,56,37,53,87,55,48,54,71,37,56,64,86,53,30,47,46,48
50,72,38,98,53,53,49,73,92,30,55,41,40,53,71,92,40,80,39,37,42,65,38,62,39,88,96,61,58,75,41,35,77,80,37,40,77,43,69,61,39,91,34,64,78,43,31,41,37,39,72,62,73,65,34,40,82,49,69,41,81,41,34,64,96,44,93,69,91,67,38,37,43,60,33,67,71,81,75,65,76,55,50,42,35,42,95,71,65,89
69,36,53,44,74,40,81,57,33,96,74,63,38,94,97,68,62,83,55,44,37,98,52,37,77,54,56,34,46,76,58,77,40,34,67,34,57,30,52,86,54,88,72,65,75,75,61,57,98,91,55,46,71,37,36,54,77,75,66,77,90,86,91,83,46,80,90,52,61,45,67,67,76,95,58,59,35,49,41,33,77,93,77,50,53,65,46,35,34,56
53,91,81,86,38,38,81,43,63,66,61,45,41,60,70,69,87,90,66,91,48,96,89,59,93,38,75,42,73,30,60,65,64,59,81,73,78,33,57,35,98,97,73,44,65,72,95,83,55,60,85,59,44,54,48,81,55,85,43,90,81,81,97,83,42,58,39,74,60,94,62,79,98,98,50,48,51,76,57,39,42,76,61,52,56,54,74,68,40,61
82,47,96,74,34,67,54,61,57,66,78,61,38,75,74,56,81,40,47,75,58,96,35,40,64,69,55,97,95,96,92,85,70,53,77,84,95,90,82,93,47,40,60,45,35,98,51,91,51,95,49,69,58,64,56,49,37,72,57,66,37,35,52,36,76,84,78,66,62,97,92,59,54,56,37,94,66,97,61,96,91,53,68,73,84,50,96,79,82,57
38,44,66,70,79,71,63,65,94,59,77,67,66,48,83,86,50,50,33,75,59,61,96,78,97,38,85,53,86,72,86,39,65,62,74,61,66,92,50,92,48,66,62,44,92,93,53,84,44,46,61,92,75,88,67,84,70,75,69,78,63,38,42,54,68,62,43,93,55,70,79,35,98,63,65,42,75,69,40,48,89,55,91,97,65,70,64,53,56,48
58,62,68,74,51,57,39,44,96,77,61,69,54,35,56,81,35,41,77,93,73,70,36,57,85,72,75,60,89,33,44,65,52,33,52,60,66,53,80,56,97,34,38,57,39,40,47,79,42,44,44,43,49,56,85,80,94,74,78,97,51,88,39,74,40,66,81,89,93,34,35,81,66,52,56,32,51,95,35,59,89,91,91,70,88,69,32,71,95,71
76,82,71,32,48,93,90,45,54,75,94,66,90,78,35,91,64,48,91,96,48,39,34,86,71,39,46,43,96,62,35,87,75,89,37,79,92,32,78,45,74,44,64,67,67,69,91,76,30,34,84,89,95,68,64,70,77,38,43,38,93,30,70,69,77,60,59,59,61,82,56,71,71,98,73,73,89,80,88,67,39,52,95,94,63,74,63,98,70,86
80,74,72,53,48,63,88,85,63,35,31,89,73,97,32,71,86,81,82,50,54,62,66,85,76,49,55,87,75,57,57,97,89,72,85,53,47,46,82,77,49,41,61,46,59,56,30,64,67,46,59,78,84,79,40,50,42,54,92,44,30,36,32,61,76,82,56,96,33,48,96,58,46,80,87,88,74,72,96,50,66,58,75,58,76,83,65,52,50,71
92,77,83,81,59,71,72,56,67,39,88,60,75,68,70,38,79,75,92,42,92,43,81,89,34,49,76,94,96,88,94,37,86,45,89,65,45,89,35,33,71,38,48,83,89,42,64,69,69,49,65,94,81,86,49,84,38,59,71,69,62,76,76,44,48,46,47,82,72,38,87,61,49,74,65,96,34,45,37,73,98,83,31,70,94,83,88,68,89,55
87,51,31,44,53,61,40,37,89,75,95,77,37,98,46,88,43,30,89,89,34,42,50,48,78,76,48,80,51,39,77,66,78,93,55,75,90,47,37,48,80,59,56,74,59,73,65,36,90,93,69,91,35,78,97,78,47,45,34,59,50,66,97,72,41,75,70,74,68,77,67,97,39,35,96,86,66,91,79,64,87,73,68,30,89,93,68,98,68,95
56,53,70,62,31,81,46,94,95,90,34,75,64,94,49,87,51,59,65,61,52,35,88,94,30,58,91,35,48,79,49,92,66,46,50,39,97,65,76,68,54,39,97,83,32,42,85,37,48,91,97,55,40,50,94,97,32,51,34,35,78,41,87,52,48,85,73,58,52,67,63,92,81,61,34,31,49,31,60,58,88,65,52,86,40,70,91,58,85,33
61,71,91,66,74,57,42,52,74,90,74,32,92,68,35,35,53,77,42,38,66,37,38,69,71,53,67,58,78,58,84,97,73,72,68,33,65,80,79,62,60,36,84,82,93,39,89,76,69,76,32,73,67,46,93,41,46,81,85,73,72,75,90,84,32,58,77,98,46,30,57,79,90,50,43,64,40,50,55,51,62,79,40,85,53,45,67,57,35,85
51,92,88,32,92,36,69,48,88,66,46,67,72,39,72,56,65,64,86,71,83,75,33,57,46,51,90,42,45,91,42,44,47,51,69,50,38,92,78,92,79,83,40,94,86,96,55,43,59,39,79,59,47,93,58,63,76,77,78,81,87,86,51,88,81,31,33,49,75,41,82,88,60,85,43,60,79,32,52,62,96,48,50,44,35,70,82,34,37,49
98,62,96,82,87,93,80,85,83,41,97,35,74,69,77,46,85,92,52,37,92,54,61,41,93,38,51,86,39,74,82,57,81,82,68,76,32,70,36,59,40,39,63,47,40,41,78,70,72,97,68,59,88,71,76,33,30,44,42,96,86,40,62,92,44,61,65,54,55,82,78,96,47,53,49,62,92,47,33,50,48,64,33,73,44,88,93,90,63,39
49,62,89,82,60,41,90,54,88,34,91,34,77,39,43,97,52,62,68,56,43,30,74,92,30,67,35,47,98,42,95,72,93,69,65,89,79,92,56,72,87,76,92,31,57,87,35,78,77,50,82,89,97,69,34,70,85,71,69,96,56,45,61,70,85,76,96,80,53,95,43,65,77,90,85,56,30,36,42,93,74,98,93,81,49,42,66,72,67,53
81,84,58,95,61,54,47,69,83,62,52,57,67,83,66,65,31,73,50,41,43,54,98,96,51,68,79,42,63,60,80,35,89,51,50,78,41,95,68,34,83,33,30,51,97,90,79,54,37,97,53,84,58,52,41,85,43,30,43,37,97,33,50,58,81,46,62,52,62,90,85,79,87,63,69,39,58,96,66,83,74,50,83,82,61,86,87,35,83,34
65,31,40,79,90,53,46,72,78,61,92,87,97,49,48,37,73,86,30,33,42,92,76,74,79,48,92,91,68,52,84,47,80,35,89,46,90,80,86,31,34,97,52,64,88,32,71,57,66,32,53,47,46,62,94,38,64,81,70,32,67,36,69,39,40,45,72,69,63,42,61,98,87,40,32,59,74,32,40,48,69,41,46,94,68,32,43,64,82,39
94,96,41,77,32,85,32,40,92,84,83,92,40,85,67,56,96,86,80,86,78,61,86,32,89,72,64,85,91,38,32,77,30,60,95,77,35,50,47,42,69,86,93,79,57,87,92,37,83,72,78,65,66,82,80,32,59,78,70,40,34,82,44,82,37,53,66,71,85,44,92,39,36,37,75,94,36,62,85,42,70,75,78,56,31,46,85,87,60,91
48,44,36,97,67,98,80,89,32,98,57,61,55,86,66,69,35,33,77,82,68,94,96,78,48,38,57,37,75,43,93,62,80,94,83,72,85,88,69,42,32,73,88,39,30,41,36,77,34,31,50,96,32,77,33,94,80,57,39,53,69,76,61,56,98,40,59,75,66,88,70,36,90,30,46,73,90,40,51,69,90,45,80,85,56,54,90,61,76,55
45,52,53,45,44,88,54,67,56,33,35,75,30,39,91,36,75,62,59,96,50,63,58,81,91,48,61,57,32,31,65,69,91,91,49,65,48,52,67,69,96,40,85,49,43,68,47,66,75,36,72,73,42,75,32,74,74,64,48,75,49,57,74,39,94,43,67,92,40,31,57,90,70,64,68,38,69,32,38,95,87,41,95,51,36,62,51,86,38,72
49,47,57,33,70,60,37,68,88,48,48,93,73,45,73,68,72,97,41,65,76,47,77,56,69,58,65,93,78,57,44,89,30,35,45,77,31,83,74,76,90,47,76,80,81,66,84,35,98,58,93,96,72,33,75,40,78,89,86,66,74,42,54,78,36,49,49,39,32,91,35,67,48,71,77,52,80,31,30,41,48,84,43,68,92,83,42,41,93,89
55,77,89,61,75,87,39,42,83,43,96,97,57,87,54,67,92,76,74,94,43,75,55,64,52,81,95,67,64,94,45,51,81,90,57,50,79,89,43,50,47,78,69,62,95,30,63,77,85,70,61,50,89,86,52,53,78,43,48,34,74,67,94,52,36,84,87,79,56,85,32,51,64,66,41,58,81,94,30,55,49,70,85,68,92,41,53,82,95,91
83,76,87,42,34,85,60,49,43,89,64,82,93,86,82,58,38,78,81,43,64,73,97,42,84,72,42,91,43,73,98,49,82,77,88,52,57,87,80,53,93,63,49,60,47,92,96,83,64,69,51,68,86,76,53,76,91,63,85,69,54,83,75,53,81,34,53,62,82,64,49,78,48,44,95,47,35,52,65,65,49,57,64,91,39,40,93,61,70,98
65,36,87,94,51,80,76,30,46,70,98,88,97,33,49,31,95,83,37,65,63,58,94,68,34,30,48,55,67,53,71,94,94,50,32,98,97,48,44,44,79,42,49,71,68,58,52,60,71,40,77,48,78,68,35,33,31,57,79,48,67,72,81,33,61,67,53,54,96,45,30,84,85,82,88,38,84,54,41,85,66,39,43,85,70,36,87,59,69,78
37,82,85,88,74,59,94,93,77,44,64,35,96,36,66,94,79,49,70,96,40,33,95,96,35,39,70,41,75,45,42,89,86,88,41,94,67,35,45,81,48,75,37,83,75,44,48,57,92,36,86,84,37,49,45,39,78,98,57,71,57,35,63,49,60,30,32,93,67,60,53,82,66,74,57,86,42,58,41,32,36,33,53,45,59,65,75,66,36,52
66,95,67,63,49,42,58,76,58,39,37,94,85,95,39,54,84,57,62,75,66,46,56,49,36,64,55,34,52,38,32,76,38,37,92,78,77,94,33,49,94,42,83,40,34,44,76,96,48,44,82,59,67,49,33,79,69,47,73,76,32,96,76,88,97,97,51,46,39,52,62,75,45,81,83,76,74,59,93,93,70,97,60,63,38,59,75,32,42,39
87,76,82,57,73,80,75,70,82,79,93,33,76,80,89,74,62,85,55,60,67,55,52,35,46,60,36,85,74,67,43,92,51,83,79,46,48,71,78,69,73,35,47,63,79,64,53,81,61,38,69,43,82,88,78,96,32,41,64,83,70,71,87,53,95,49,35,39,58,68,57,31,34,55,71,50,56,67,50,65,56,38,70,43,91,92,51,73,52,49
94,86,93,35,43,70,68,79,63,79,90,97,47,32,66,79,89,96,32,74,33,38,81,95,39,64,83,96,78,72,48,41,98,86,62,52,62,76,41,76,39,35,37,84,72,30,44,43,96,80,54,94,35,97,67,68,82,63,86,40,76,50,87,54,77,45,85,94,32,78,58,53,71,44,59,38,59,48,64,83,45,40,84,50,86,94,51,80,45,93
65,32,35,84,82,77,51,84,95,98,58,55,45,38,42,34,62,42,30,59,87,50,35,63,45,47,95,59,45,82,61,61,87,36,43,42,33,43,39,49,75,93,64,46,95,41,69,93,42,73,78,61,67,93,75,85,70,39,84,57,51,56,94,35,55,54,61,47,38,63,65,85,39,79,79,55,82,91,85,59,50,76,80,91,76,66,72,47,54,72
89,93,79,94,69,36,42,93,48,56,79,78,79,35,58,48,40,33,74,89,30,52,67,93,32,42,90,56,38,81,41,87,52,43,37,59,70,79,80,59,76,80,53,66,97,71,74,70,72,38,54,81,31,65,32,44,96,90,51,83,59,49,77,48,66,46,44,91,59,40,74,88,86,71,78,35,98,39,75,77,68,87,90,97,76,94,63,75,34,96
92,87,62,32,47,71,67,88,65,73,64,51,60,31,74,33,57,77,55,78,64,84,96,47,35,39,51,90,71,43,33,34,85,86,36,32,70,69,59,33,42,73,43,96,87,50,62,57,47,56,94,51,57,91,81,46,64,57,41,41,37,95,55,77,35,89,73,83,35,75,75,71,30,96,97,61,78,30,92,66,46,79,64,58,84,96,73,41,55,32
56,51,62,96,63,80,47,98,65,71,59,78,65,88,43,38,35,40,59,90,42,34,91,70,78,77,43,56,86,34,91,50,45,47,88,50,65,83,84,54,81,87,65,94,83,77,38,58,32,61,35,90,72,38,57,35,73,55,85,55,72,49,48,48,78,86,32,40,95,72,45,51,53,87,49,75,33,80,57,45,45,49,48,58,37,78,92,69,30,44
92,52,88,48,61,37,59,85,70,85,63,84,87,66,87,73,69,43,60,32,57,76,64,34,39,44,36,70,43,72,45,52,48,36,56,96,90,73,46,81,75,67,80,68,57,60,45,33,57,92,70,33,95,35,72,51,41,90,74,92,70,58,30,33,56,89,56,77,31,32,69,38,70,43,37,90,50,92,33,97,30,35,37,98,94,67,83,52,90,86
47,31,38,36,56,75,41,57,50,55,74,66,48,69,52,81,79,87,75,82,88,98,50,33,81,53,82,32,46,75,55,50,37,56,53,36,94,59,59,95,64,92,44,75,88,48,94,66,96,64,61,38,67,36,71,79,49,79,37,58,30,48,31,77,90,84,56,93,46,59,85,91,69,81,31,63,71,65,47,41,45,98,96,65,69,65,38,43,60,64
59,70,52,62,69,73,49,39,76,93,91,76,67,47,59,35,90,80,93,72,71,90,59,95,61,37,91,92,92,77,81,93,46,60,81,40,96,56,81,71,70,75,45,60,65,42,55,64,46,96,53,60,69,95,74,62,34,89,69,59,60,56,42,30,51,58,32,84,33,70,60,68,66,62,51,42,80,54,60,97,47,92,60,35,95,37,80,76,56,41
93,34,91,94,32,64,82,64,37,40,66,39,77,31,65,44,42,50,57,71,53,95,59,63,87,69,81,53,54,67,69,39,40,52,85,51,53,75,90,95,84,58,48,67,31,54,90,49,97,44,37,37,77,78,60,89,30,69,85,71,80,74,38,76,58,57,66,42,96,37,97,57,59,78,96,58,60,48,49,70,72,88,32,36,82,76,55,83,84,79
89,41,94,73,54,49,67,83,53,49,38,97,91,85,96,54,96,77,47,76,30,73,39,88,56,35,37,81,74,71,35,46,97,44,36,58,62,40,34,33,34,52,89,43,46,41,98,31,41,74,37,33,43,60,98,47,87,86,82,97,30,73,69,64,31,80,48,96,36,59,53,82,36,64,46,85,76,90,95,91,59,56,79,54,30,76,51,79,39,46
62,66,56,47,75,97,62,74,51,49,33,89,45,92,64,61,81,43,55,71,68,93,36,88,47,83,61,41,55,74,48,35,67,72,96,37,53,93,72,38,72,41,93,87,95,85,71,36,80,81,61,96,96,47,98,54,91,50,53,93,67,75,33,57,66,32,71,36,87,69,95,49,35,62,63,40,67,63,60,96,52,75,68,32,78,81,40,79,92,89
64,92,58,79,42,85,50,34,70,32,70,85,87,34,37,77,88,57,57,71,38,30,63,73,63,47,33,90,44,35,84,98,63,49,33,57,49,55,62,34,74,39,58,93,50,82,96,30,73,97,84,97,53,97,35,37,88,47,65,39,40,90,39,70,73,93,39,97,65,75,60,53,48,83,67,70,67,64,48,48,83,81,74,36,56,94,35,78,50,93
68,35,32,43,56,33,33,50,80,91,84,49,91,59,91,92,77,95,33,74,38,97,66,82,94,30,57,82,70,51,92,71,62,61,59,69,70,54,38,56,32,41,69,33,43,37,97,42,61,58,74,90,54,38,50,88,32,77,70,72,37,90,47,83,45,64,90,73,32,41,36,74,55,80,34,41,90,64,56,96,47,52,97,81,56,42,58,66,54,37
82,48,83,94,54,53,87,51,88,42,31,86,76,81,45,44,64,72,51,40,69,67,98,97,90,34,71,86,72,97,92,92,70,65,36,94,75,83,65,31,94,87,87,45,94,36,57,82,75,34,50,39,96,51,78,89,58,88,80,56,58,60,68,33,32,31,43,73,76,33,39,67,74,61,96,31,95,64,79,37,42,35,87,65,94,51,61,65,59,70
42,36,72,66,44,58,30,77,39,82,33,88,76,67,71,95,57,34,82,48,31,30,48,39,30,70,38,85,80,78,68,45,59,89,93,67,52,92,83,60,92,46,32,80,43,52,75,77,89,51,35,91,81,88,84,66,57,93,72,96,46,31,84,85,69,52,53,86,43,96,88,87,90,73,79,79,38,61,75,98,43,35,69,34,64,76,65,32,98,39
86,81,65,42,51,72,48,46,64,33,71,66,30,80,51,33,87,55,47,37,87,55,84,78,80,89,30,46,90,40,77,70,43,74,94,94,47,41,71,80,45,73,98,62,77,40,36,55,63,76,94,33,93,84,76,68,64,43,52,45,95,84,63,97,66,93,48,88,58,51,36,69,33,47,50,39,38,55,54,73,50,95,48,85,96,64,39,72,85,43
79,46,61,75,75,58,62,83,60,64,94,75,62,34,82,88,82,84,30,53,70,76,34,69,50,63,46,86,95,80,74,59,59,39,73,56,51,54,68,98,43,50,81,69,92,45,77,59,43,92,70,55,85,47,55,32,36,78,32,66,45,65,32,35,90,46,84,46,91,67,72,48,78,49,84,93,74,45,46,53,38,86,83,30,41,96,59,75,87,37
34,52,49,55,90,70,37,64,74,69,95,64,95,47,53,53,47,68,44,35,93,39,85,81,95,60,93,48,40,60,74,80,98,78,38,69,73,46,52,65,51,60,76,65,85,98,69,31,35,53,34,31,83,79,51,35,89,90,57,40,75,91,35,40,61,74,47,47,62,71,54,64,78,39,32,98,87,90,55,98,51,51,97,71,39,32,76,48,89,34
88,58,39,71,56,72,89,97,85,95,60,42,35,51,88,84,51,77,36,59,69,59,38,55,45,44,31,64,63,95,39,73,31,92,32,93,88,46,33,52,74,64,75,59,47,31,91,47,53,39,43,95,96,52,40,35,35,75,97,57,40,95,88,63,50,98,83,64,79,37,58,51,42,66,34,47,57,70,60,86,76,82,50,66,76,40,62,37,59,59
57,95,56,84,57,70,60,81,86,85,51,39,91,85,59,96,87,83,95,35,92,57,79,31,32,66,69,66,76,79,68,95,89,48,88,79,79,84,68,60,89,85,38,86,84,42,44,68,94,93,61,73,97,98,77,75,64,53,64,64,47,41,33,71,35,42,49,73,76,42,81,34,72,35,53,60,49,32,90,81,86,32,56,96,96,83,61,52,67,31
77,91,82,97,43,76,47,32,55,78,59,61,44,52,48,36,79,63,63,83,33,36,67,59,32,33,73,84,52,98,58,51,90,96,80,66,63,80,65,40,65,90,33,58,66,37,80,92,44,52,86,84,59,68,56,66,72,98,63,85,95,78,74,54,67,45,64,59,59,42,72,79,90,75,93,33,31,48,65,63,58,75,89,65,30,68,38,33,31,36
59,43,36,61,61,75,73,59,66,60,54,42,90,51,61,59,81,47,71,96,54,92,65,98,51,35,83,93,46,50,82,82,57,96,70,64,95,98,61,36,89,50,42,47,44,40,52,49,90,85,63,53,79,71,57,97,96,35,84,49,61,45,32,35,71,40,81,58,77,81,40,67,66,64,71,35,86,35,35,63,35,56,31,67,33,41,33,41,68,83
46,38,67,67,77,33,40,40,78,41,64,36,40,62,31,30,41,60,45,74,62,74,43,55,35,50,67,49,89,48,95,93,89,81,78,60,92,72,32,57,40,50,39,62,42,44,91,71,87,97,44,69,57,96,57,66,65,63,66,68,66,33,74,30,84,98,96,55,35,66,45,41,84,33,50,63,40,40,48,60,46,66,96,79,85,40,73,47,82,92
87,48,62,80,74,98,80,55,72,76,62,33,89,65,67,76,65,85,93,32,73,42,64,72,68,60,73,84,55,47,82,46,92,47,80,97,42,57,79,87,72,70,45,80,65,61,68,76,93,58,31,42,35,33,59,93,36,31,84,92,78,76,62,69,35,85,98,82,85,80,64,75,91,47,47,86,38,57,84,47,51,31,88,87,33,76,97,77,91,95
91,76,38,33,65,70,65,87,75,67,84,61,36,32,70,92,74,53,87,91,48,31,75,74,98,38,61,80,87,76,88,74,41,67,41,59,40,33,87,48,48,36,46,71,96,63,73,63,86,73,46,73,79,33,35,89,82,88,73,73,44,66,37,71,66,30,40,59,91,63,43,74,46,45,48,87,94,87,95,71,61,79,47,77,34,93,41,45,45,87
71,72,72,36,84,47,77,55,33,51,61,76,48,95,82,42,75,50,96,93,85,81,37,61,95,88,71,42,47,60,49,32,98,58,48,80,59,52,39,51,96,97,55,65,33,44,80,84,61,81,92,95,32,65,50,95,50,35,54,73,32,60,86,67,58,78,42,59,57,77,95,62,44,42,56,44,31,64,97,98,77,81,83,67,87,58,59,91,75,91
90,65,55,47,90,67,70,75,44,87,42,74,69,69,65,53,68,53,47,55,97,90,54,86,76,83,56,68,87,32,56,60,86,59,47,57,66,43,60,33,85,57,48,81,62,93,49,39,49,83,35,33,84,89,61,72,86,47,70,33,68,56,70,52,44,32,39,79,38,53,32,81,71,40,63,34,43,52,57,78,74,91,36,35,45,87,42,77,73,73
49,33,70,71,97,55,54,73,72,40,95,74,59,71,61,69,65,30,96,77,80,58,45,62,72,34,78,75,90,88,47,36,34,68,85,75,95,93,78,60,74,67,44,66,34,32,81,80,34,74,52,92,43,97,79,88,46,65,89,64,40,39,81,38,56,58,87,84,33,44,40,44,66,59,56,53,41,93,82,58,37,65,33,52,72,47,88,69,46,68
71,52,63,35,63,43,57,89,40,51,96,56,79,44,33,88,37,38,74,92,38,54,52,71,54,98,43,94,68,93,87,97,58,78,57,79,79,91,43,37,83,42,71,40,40,30,49,94,96,31,55,75,94,90,52,60,31,70,30,35,48,40,65,65,42,38,80,38,70,58,71,81,51,76,81,80,80,56,49,53,85,70,35,35,77,72,67,48,84,98
90,66,98,90,95,93,81,37,67,87,64,60,79,32,74,35,35,56,44,81,38,62,60,76,52,56,84,98,34,96,39,51,56,65,96,47,54,62,36,73,80,42,53,49,88,50,69,86,96,95,35,40,91,48,86,49,73,83,50,49,69,44,49,82,83,82,77,71,75,90,56,50,49,98,48,88,76,68,31,59,64,52,82,69,44,42,63,63,52,83
93,78,34,56,64,60,45,68,44,80,93,86,68,59,36,86,62,43,97,59,57,90,40,63,83,55,72,91,40,92,48,90,98,84,62,63,64,72,35,91,63,69,85,93,89,92,74,79,63,77,64,54,71,50,33,40,84,39,41,66,94,79,71,59,61,96,85,78,49,79,46,85,74,42,74,60,54,76,38,31,65,37,32,71,32,36,86,59,30,74
87,41,35,81,70,72,76,36,95,39,49,58,84,44,79,90,53,90,50,75,94,62,35,80,96,31,84,41,53,61,71,98,90,32,42,63,42,39,54,92,34,79,42,64,46,69,55,31,89,97,80,94,51,78,41,90,90,91,92,79,75,56,86,88,64,41,57,38,49,95,88,50,54,63,75,81,86,84,83,40,94,87,62,79,68,46,96,80,42,79
78,37,46,34,41,32,66,45,74,36,84,62,41,86,68,63,41,81,73,80,98,69,46,56,59,59,36,30,58,67,75,41,98,30,58,84,59,70,40,48,61,45,91,61,44,50,36,93,40,90,96,38,93,92,93,64,34,53,46,64,49,56,88,59,95,60,87,73,46,54,97,81,64,72,61,74,56,61,64,57,66,62,48,54,84,31,85,70,56,40
93,62,34,77,73,30,85,35,51,94,65,48,79,66,96,52,73,56,83,80,67,77,67,93,90,67,86,98,83,43,38,71,37,49,88,63,94,44,57,92,88,93,58,64,42,89,79,33,69,36,34,32,38,45,44,90,83,88,96,97,33,44,98,49,41,74,74,77,47,94,51,70,96,78,78,95,45,80,83,85,95,40,46,57,41,36,94,59,50,77
82,67,33,48,77,77,67,67,35,52,58,51,65,81,60,81,48,32,44,32,59,53,66,59,84,88,58,90,90,92,65,95,69,73,39,70,66,87,35,69,69,53,94,57,91,92,30,39,51,65,78,71,43,58,71,31,63,43,72,54,93,71,54,42,36,34,30,82,65,85,65,55,35,54,79,88,81,94,83,90,31,95,66,78,57,42,49,55,82,48
98,62,80,36,61,91,95,46,71,71,43,35,63,38,48,93,41,48,96,78,81,76,48,71,91,62,86,86,52,68,77,97,60,41,47,74,59,38,82,87,69,51,57,37,37,86,72,72,63,88,85,50,88,68,78,89,34,91,50,30,46,61,85,62,37,92,98,42,80,97,90,58,75,97,80,89,66,31,58,78,47,93,32,56,73,32,33,49,42,47
42,80,83,94,35,42,73,63,31,86,98,45,82,63,73,98,88,50,64,72,60,87,74,40,58,33,90,49,46,53,44,79,40,83,53,38,77,52,33,66,69,77,91,59,77,82,64,38,41,38,81,80,70,52,38,74,61,75,91,80,69,56,38,81,77,94,34,59,78,30,98,93,47,91,59,75,31,43,46,88,32,76,63,72,44,73,47,41,75,39
70,51,68,94,95,92,42,30,48,60,58,92,30,82,74,69,43,61,88,63,53,50,61,62,43,63,34,86,37,66,93,94,67,72,31,38,71,35,80,76,63,96,66,33,90,41,57,31,93,98,81,87,60,93,68,65,68,47,83,52,35,91,55,56,33,47,37,46,97,56,79,73,63,66,74,84,57,53,57,56,45,94,44,96,51,32,80,81,59,31
84,41,46,63,68,93,95,82,84,58,95,81,74,58,77,73,67,91,57,94,53,83,73,48,52,55,86,38,81,72,62,70,57,78,93,54,51,31,66,62,68,39,39,75,59,87,81,97,34,49,48,83,66,45,46,80,66,59,50,41,64,39,79,78,73,55,97,90,72,52,63,51,75,48,75,67,98,74,38,34,69,50,89,32,48,43,46,39,74,65
64,45,85,60,34,51,79,46,87,53,64,86,58,81,59,43,44,40,92,57,56,66,86,43,40,62,46,94,53,35,41,38,73,83,91,97,43,63,95,82,83,32,51,39,90,95,57,65,68,74,47,79,63,59,65,45,36,64,33,39,30,51,58,69,49,37,75,58,66,85,75,55,30,85,47,43,68,77,67,94,30,95,43,91,94,93,70,55,95,30
37,69,97,54,96,47,55,42,54,58,87,96,60,66,83,82,65,90,62,46,55,61,97,42,41,44,55,32,41,94,31,77,60,84,38,71,78,36,71,75,57,89,63,85,79,65,65,90,55,98,35,45,96,39,71,58,36,44,76,42,44,65,42,73,46,86,39,77,41,51,93,98,67,45,53,67,46,43,77,41,44,59,84,60,91,81,77,75,94,76
71,64,84,90,34,74,78,56,88,85,47,71,34,84,61,46,80,36,70,39,33,55,82,77,34,69,52,52,82,92,36,95,96,56,32,62,54,76,81,58,57,95,57,48,75,45,87,97,42,88,43,89,70,46,45,38,30,90,66,84,35,75,47,53,67,83,49,46,59,82,52,46,62,70,83,75,31,90,98,83,43,43,46,69,94,62,65,40,72,30
30,46,31,49,91,34,95,80,78,49,98,76,41,43,31,89,59,31,88,36,54,98,49,44,62,66,95,40,49,55,63,88,58,64,42,64,55,83,63,57,76,85,57,82,53,54,74,70,49,56,66,50,96,49,84,61,33,92,40,87,55,46,57,41,98,86,71,76,33,31,57,78,61,72,43,33,31,46,52,65,31,73,69,31,87,41,91,41,43,91
37,40,65,75,61,55,55,65,72,92,57,66,44,42,43,50,37,72,32,45,51,42,57,98,48,36,51,47,91,76,74,77,65,83,66,94,89,86,93,44,32,55,55,48,40,63,36,52,64,32,31,54,33,54,36,54,31,71,52,88,90,70,71,52,39,45,68,45,88,53,51,80,91,82,44,97,94,64,37,85,31,49,64,92,62,46,92,39,94,88
44,48,83,72,92,30,70,44,49,96,55,36,91,35,36,47,61,53,47,38,50,56,68,92,74,73,79,48,66,79,42,79,72,57,62,60,46,89,56,80,67,44,68,42,62,54,47,86,98,94,86,32,64,32,85,48,58,37,76,44,40,80,62,59,65,48,51,70,58,71,85,96,90,72,38,30,86,87,38,35,36,98,70,35,65,42,97,54,39,78
48,62,68,30,85,84,71,47,93,33,70,63,62,85,68,62,89,96,56,84,92,61,41,48,53,62,33,72,69,44,94,43,80,58,33,86,98,97,98,95,42,37,78,85,32,65,33,52,98,45,55,60,76,31,89,54,64,42,64,43,74,56,35,40,94,57,35,83,89,43,95,88,79,87,77,59,40,66,76,47,42,39,98,64,43,56,97,41,91,33
44,76,93,38,82,40,90,58,42,72,31,85,57,48,78,55,83,80,68,71,46,84,84,83,63,56,32,93,76,88,91,60,42,84,75,84,83,66,48,73,35,71,66,73,31,72,38,61,57,53,35,72,92,98,34,60,58,50,91,35,46,41,43,71,68,89,45,90,60,97,39,93,47,67,40,80,47,49,78,90,35,30,76,72,85,50,83,30,37,47
98,83,45,44,53,89,46,88,77,84,95,75,87,83,31,34,82,82,87,94,50,81,43,77,34,70,44,57,94,31,36,62,40,82,52,94,62,61,77,56,61,55,53,71,47,55,87,58,74,84,68,69,61,43,69,31,51,97,56,94,89,84,31,38,31,58,51,92,51,53,56,32,40,37,80,39,52,63,82,72,93,86,48,88,36,54,71,46,91,51
31,49,48,90,44,70,87,90,91,98,67,37,53,46,47,48,74,76,85,45,77,85,92,32,98,98,88,61,40,86,76,95,59,54,34,96,95,62,42,56,93,34,82,76,69,74,89,88,43,55,33,66,34,87,75,97,74,80,91,82,57,52,81,84,63,59,83,80,64,55,32,63,30,42,92,51,76,39,68,38,74,54,70,63,92,31,96,79,91,70
67,89,85,63,78,40,78,81,60,68,35,30,31,98,63,72,60,46,90,94,98,71,67,53,77,49,98,57,35,98,69,96,79,54,74,73,96,30,37,83,87,77,96,51,35,51,59,82,93,66,36,77,82,96,97,81,96,98,74,32,45,78,75,91,52,59,46,62,53,91,74,34,94,82,69,30,63,49,89,47,35,92,80,76,30,97,73,37,31,49
90,73,33,92,72,55,77,76,74,62,84,56,40,39,77,46,49,69,61,70,65,36,89,73,55,50,73,96,51,60,38,90,85,94,76,88,72,97,36,43,39,65,45,40,94,60,81,41,94,73,40,72,64,73,96,46,73,37,86,86,90,76,98,56,58,94,44,94,39,47,92,55,83,67,54,93,97,72,90,54,64,44,61,85,87,69,76,76,44,94
32,53,63,70,49,67,68,68,46,81,92,57,73,53,80,92,52,89,77,36,87,34,82,60,58,61,95,83,70,73,55,49,64,58,93,92,77,56,63,65,88,76,45,55,43,92,71,80,34,61,90,75,33,84,37,87,85,53,93,34,54,57,30,94,79,51,44,91,84,52,35,57,77,87,91,77,74,66,95,89,72,87,42,89,36,81,78,98,93,52
98,81,66,34,44,92,88,94,90,67,60,56,30,41,98,48,76,87,74,78,92,72,77,33,82,95,57,61,65,54,64,73,44,89,51,90,53,73,30,66,64,70,40,30,79,66,38,38,34,70,87,47,93,43,65,89,49,45,60,68,58,34,91,91,30,78,64,43,64,82,72,61,87,53,81,58,80,67,81,57,36,47,77,78,35,81,32,94,78,84
50,61,32,36,40,50,96,87,82,36,37,83,52,79,49,50,92,82,56,86,35,74,96,90,40,36,50,51,54,89,48,73,85,42,82,60,91,35,84,46,45,57,62,75,90,39,47,84,84,75,70,82,88,59,66,90,71,36,80,71,97,97,77,32,83,57,40,43,90,65,61,49,38,98,47,50,89,30,69,39,79,39,37,78,90,78,37,58,91,44
54,81,35,92,62,72,73,77,35,62,83,95,62,69,79,59,56,40,84,57,85,47,44,78,78,86,45,44,67,66,61,44,74,73,52,71,34,72,34,86,51,95,85,46,94,72,35,55,93,36,83,59,38,70,49,54,97,51,57,96,76,40,93,97,75,66,68,59,50,84,84,78,42,33,43,40,69,35,51,44,58,95,44,58,63,78,45,83,32,87
83,86,31,37,55,70,34,78,35,70,49,67,91,81,74,92,34,31,42,63,73,81,80,46,74,58,95,53,43,50,97,89,54,61,32,49,49,71,90,48,60,82,32,88,43,59,43,95,74,36,91,63,98,90,83,70,67,62,59,59,87,95,60,85,62,32,69,31,55,42,40,61,90,77,41,33,62,65,55,98,33,63,79,87,82,93,66,78,45,84
34,67,57,98,98,88,92,64,76,43,87,58,39,91,93,37,62,51,58,87,91,87,84,41,92,85,43,63,69,77,86,61,85,42,71,71,92,63,78,40,85,42,67,82,90,74,36,70,33,42,54,34,85,68,42,72,58,34,52,95,51,63,45,78,38,66,42,30,81,83,30,75,85,79,96,66,52,47,57,62,43,89,45,49,73,60,60,81,77,79
64,97,61,92,87,77,77,32,40,75,62,81,53,36,55,52,67,81,36,85,95,83,53,88,61,66,51,96,89,49,57,73,52,43,84,77,53,93,77,95,97,57,41,91,73,62,40,89,95,43,47,87,76,49,57,42,69,31,40,44,67,95,40,50,95,32,34,47,93,71,41,39,86,44,90,97,77,53,81,75,89,92,36,34,32,43,80,39,48,51
56,88,52,87,40,92,91,84,38,34,51,91,77,69,91,54,39,56,52,89,57,82,98,53,66,70,65,49,41,98,62,94,73,72,37,63,70,73,58,69,78,35,80,51,38,77,97,81,52,46,88,95,30,58,37,51,87,38,72,71,36,96,39,65,92,67,46,33,37,91,55,72,52,84,33,30,97,89,30,67,34,75,33,81,78,30,50,66,91,51
81,87,55,82,83,68,61,64,75,44,39,39,49,81,67,69,98,94,63,55,44,57,38,93,76,94,32,43,85,47,83,55,55,71,52,91,40,74,41,52,59,57,58,94,48,51,48,80,69,78,35,54,69,93,52,74,86,92,81,84,84,98,66,75,50,43,56,75,57,34,37,79,74,48,58,90,33,85,85,59,59,68,68,48,89,96,97,37,51,42
84,53,36,70,31,34,85,83,32,77,48,49,82,49,89,71,75,73,36,88,52,55,63,54,37,77,97,94,80,60,60,83,75,39,91,74,67,83,31,64,49,88,90,56,38,85,54,60,74,90,72,73,86,62,50,57,63,49,42,78,37,68,77,38,40,96,89,44,60,95,47,62,46,90,85,75,79,33,86,65,66,39,62,92,94,79,49,38,54,71
52,71,68,88,64,89,40,95,66,68,54,43,95,41,55,66,91,87,84,37,71,71,84,44,39,33,84,91,54,35,34,74,73,60,72,97,60,31,86,83,36,84,81,81,86,91,35,61,60,61,88,34,34,81,89,38,62,85,97,36,33,81,54,32,95,62,31,84,89,73,41,48,98,77,33,67,43,55,93,88,30,63,38,72,97,53,92,81,52,72
47,91,32,34,30,50,40,80,69,85,42,63,76,83,32,91,94,35,30,53,43,48,36,94,88,94,85,38,36,58,96,65,75,63,90,44,44,53,87,49,75,39,93,74,34,85,77,50,80,94,75,32,57,44,52,30,40,57,70,53,33,30,52,87,73,60,93,68,86,55,44,74,94,36,92,65,97,51,47,63,88,63,66,37,53,87,45,96,37,95
87,34,64,72,56,57,73,69,63,82,35,33,96,58,92,51,68,96,76,75,85,36,92,82,60,30,48,84,61,70,31,57,49,31,85,62,47,30,84,97,70,48,60,93,76,98,43,34,64,81,89,30,54,41,88,46,98,55,64,41,64,72,60,97,60,38,95,71,32,57,65,53,56,55,71,43,41,40,37,96,85,47,59,58,71,54,67,77,45,46
68,78,92,55,50,88,41,66,65,44,84,79,79,65,54,35,73,38,47,76,32,56,83,93,37,67,94,76,74,50,36,65,36,93,50,98,68,80,60,46,78,67,38,78,81,51,45,58,76,34,68,70,92,87,70,30,43,31,83,54,34,51,75,56,67,78,39,67,39,35,34,30,95,55,54,40,81,51,89,49,75,58,54,98,50,57,91,90,87,66
53,98,36,74,74,55,71,61,84,98,65,92,49,97,42,42,45,33,76,32,81,75,34,90,88,71,87,52,64,86,55,59,36,44,58,93,82,69,80,67,51,34,59,61,49,48,90,83,40,79,79,44,54,89,44,89,75,71,90,43,61,85,40,91,36,40,95,39,86,93,42,34,84,38,56,95,74,95,33,37,86,53,44,90,87,71,42,87,70,93
84,40,47,63,33,67,54,57,47,67,79,84,67,80,97,34,62,84,79,84,48,85,72,72,54,57,44,56,42,80,50,55,63,95,32,59,42,64,84,48,66,34,41,40,69,47,92,95,30,62,32,74,77,43,58,79,81,59,45,58,75,38,31,51,35,31,91,48,35,61,76,85,69,36,55,52,36,88,72,41,70,50,69,68,91,91,51,66,54,93
34,98,77,97,72,75,74,96,92,77,52,93,45,86,90,35,72,64,79,68,41,31,64,41,80,49,82,92,31,94,74,36,68,97,70,85,87,69,82,91,45,89,38,45,42,74,58,45,93,61,46,86,40,77,92,45,65,76,30,90,68,94,50,73,59,48,62,67,39,70,47,59,59,50,59,83,39,94,91,49,37,87,85,83,49,96,46,96,74,41
81,33,69,67,86,72,31,67,36,77,45,38,40,83,81,82,94,40,61,91,83,95,34,63,46,69,85,44,62,43,54,85,72,97,42,65,60,68,67,54,45,85,35,47,60,55,40,39,58,38,30,86,71,31,98,33,82,92,34,56,60,40,66,45,88,32,81,34,60,59,54,76,86,87,31,88,53,61,72,75,57,36,58,74,62,87,40,60,73,73
84,36,86,48,47,71,71,87,78,62,66,92,88,40,68,86,31,59,39,51,95,73,57,45,51,58,56,72,53,55,93,39,58,42,71,86,39,49,39,35,78,80,88,58,41,45,89,43,47,93,97,56,56,85,66,61,64,88,69,52,82,49,90,69,38,97,65,38,47,94,83,79,30,45,41,69,89,67,46,56,88,80,93,50,85,42,74,92,35,58
48,41,96,62,30,86,35,55,81,31,48,74,67,92,91,39,49,96,39,50,96,93,46,56,96,74,42,86,91,97,80,31,71,46,40,43,38,60,43,87,89,95,31,51,73,85,62,43,35,72,30,77,55,52,66,91,30,65,95,83,71,68,40,62,82,82,31,97,48,53,65,74,43,79,92,39,65,92,55,32,41,64,63,64,31,86,44,97,45,87
95,98,97,52,88,40,52,94,79,35,39,39,60,54,47,75,36,55,34,64,39,54,51,88,70,43,94,72,43,46,93,64,90,51,69,33,56,91,97,32,74,45,68,48,54,74,67,97,41,31,83,85,38,84,66,75,56,61,81,50,33,70,33,43,90,77,56,64,87,66,87,71,59,82,48,82,65,68,37,52,44,93,36,53,49,91,31,64,68,51
92,87,35,60,41,83,42,58,54,32,63,57,46,74,43,70,97,35,91,95,48,46,33,92,51,73,37,40,90,40,32,76,74,87,30,62,36,82,32,52,81,51,46,46,38,67,41,80,67,78,62,85,50,86,82,78,85,62,70,80,55,52,93,36,61,43,32,80,66,74,77,60,96,32,64,77,65,50,43,80,62,92,51,58,35,92,86,35,96,37
74,55,91,44,51,65,67,91,37,79,92,47,30,97,59,40,30,63,55,31,88,44,36,79,87,67,44,55,76,55,44,72,33,32,68,33,44,42,49,80,44,86,72,50,95,88,57,74,85,52,79,49,38,60,58,69,61,63,92,35,32,92,43,76,63,31,61,53,40,88,59,67,92,84,73,76,71,82,75,85,65,53,85,38,65,49,81,92,77,30
45,44,79,38,73,76,86,84,71,85,87,81,77,35,97,43,30,96,60,47,46,65,52,95,52,38,56,55,80,70,96,71,75,93,31,68,74,64,42,86,90,81,56,31,66,64,40,42,77,77,72,59,85,91,45,43,66,71,54,62,88,81,65,44,66,86,47,32,37,62,65,71,30,60,37,71,98,75,71,68,82,35,72,42,65,52,35,87,96,92
86,74,37,90,59,35,90,74,56,91,81,73,48,74,94,86,90,49,71,52,70,97,47,66,73,87,35,61,84,34,63,69,38,66,68,52,34,37,53,71,82,49,56,78,93,59,42,80,84,87,72,32,35,67,50,45,86,75,93,65,56,47,36,73,65,69,84,57,73,38,65,64,65,90,54,68,54,58,43,73,88,65,63,67,63,81,59,48,36,62
55,53,88,47,64,56,44,42,84,38,76,68,70,76,67,47,38,89,91,72,84,47,41,60,97,63,86,97,32,63,98,55,55,48,30,65,76,61,88,57,88,62,42,87,43,39,85,57,60,63,91,66,82,84,31,43,54,48,90,89,47,77,96,43,86,36,88,61,52,82,31,89,80,57,35,51,37,31,68,62,83,91,65,40,82,72,64,79,40,83
32,54,51,36,79,45,54,37,61,38,37,93,40,36,33,48,66,87,41,80,44,43,57,96,96,72,70,98,74,86,67,91,77,45,56,38,73,58,53,40,31,54,76,91,69,90,67,65,80,39,38,49,61,73,71,63,63,45,46,48,98,75,96,88,39,73,59,39,42,55,79,40,91,54,65,53,83,79,42,75,53,48,77,49,91,78,44,67,82,41
70,57,47,66,87,49,67,65,42,52,90,31,33,47,78,92,73,38,77,94,52,33,59,47,92,34,87,37,77,69,69,57,98,38,98,67,42,83,32,53,36,37,78,66,31,85,40,83,42,69,45,91,69,96,53,52,44,56,39,93,75,31,53,86,89,90,75,31,84,50,73,36,48,35,83,81,39,57,64,81,84,33,86,36,88,44,90,97,66,82
82,96,57,65,39,41,36,62,70,77,51,92,38,63,82,69,33,97,86,72,86,76,81,85,74,73,38,93,37,92,70,51,37,52,43,93,48,85,63,35,61,86,69,96,53,97,41,48,85,34,55,58,54,96,84,39,91,95,67,55,89,60,77,44,81,43,38,60,63,78,47,65,81,76,64,51,69,88,88,67,83,44,94,91,37,91,85,54,64,43
55,54,50,33,85,82,52,73,89,66,89,71,78,54,81,47,78,85,39,92,56,51,60,58,44,94,59,77,90,57,56,70,38,78,60,34,34,73,58,75,41,61,64,58,55,88,77,84,32,95,72,57,67,56,67,82,57,32,97,52,74,41,52,93,67,30,81,58,42,96,33,58,77,88,77,88,62,50,31,56,38,66,78,47,74,34,30,76,98,37
47,38,83,59,69,64,71,50,62,30,66,63,62,87,61,59,52,60,91,31,72,68,53,41,89,85,89,40,75,39,35,63,78,63,37,69,36,78,38,93,88,62,49,92,46,46,74,67,41,56,96,35,64,69,81,38,37,60,39,69,78,65,41,32,35,51,50,41,96,60,45,81,77,33,97,66,43,92,48,43,55,97,70,86,74,90,38,46,65,55
76,97,84,59,95,36,30,55,30,93,65,75,39,80,94,71,52,38,36,45,44,31,70,47,74,90,47,42,93,45,80,55,73,64,33,62,80,48,79,55,44,89,41,80,86,86,54,32,89,35,93,78,64,84,63,80,78,34,63,95,88,91,61,41,94,95,77,75,60,49,30,38,72,88,88,66,85,78,98,39,45,69,42,51,74,31,42,78,43,54
63,94,57,97,44,90,97,64,95,56,87,63,49,93,74,84,31,64,97,96,51,94,50,45,38,82,94,51,52,76,54,62,46,66,34,46,63,75,33,92,34,58,38,36,49,58,33,69,92,54,87,46,41,64,93,47,38,32,92,94,95,62,79,85,92,96,54,90,41,91,85,78,58,72,96,48,71,36,37,96,33,51,81,34,97,76,98,82,98,77
54,40,65,37,98,93,75,63,90,49,66,79,48,42,37,78,48,42,85,56,56,66,62,95,95,53,57,38,52,78,64,36,61,51,51,81,85,58,45,55,57,98,74,65,42,49,90,66,71,55,70,49,51,81,48,67,52,32,39,45,37,64,43,93,53,82,95,44,54,37,60,40,40,79,43,91,42,82,92,59,58,63,88,70,35,98,64,98,41,84
73,71,81,33,70,55,88,81,48,56,97,39,32,33,87,44,88,98,75,81,72,91,71,54,57,79,85,40,91,51,48,96,80,47,64,64,82,40,92,93,72,58,74,79,41,97,77,90,77,76,77,44,50,31,56,87,73,77,82,48,43,73,93,47,51,34,69,45,84,94,81,60,97,94,86,48,49,41,53,36,68,61,39,68,79,40,42,89,62,92
61,53,67,97,69,32,41,49,53,63,43,36,77,47,85,56,51,33,82,78,95,52,34,51,30,60,96,69,48,48,68,71,78,85,75,88,53,83,56,51,48,59,78,48,83,90,73,31,40,94,56,85,41,64,32,72,94,87,87,84,55,41,39,30,96,86,51,76,98,65,69,69,92,39,45,89,58,66,97,39,79,85,57,95,50,90,80,45,32,93
74,97,95,53,33,75,63,81,89,50,40,33,89,75,73,36,34,58,32,82,75,69,89,31,41,79,97,38,67,81,55,48,85,71,94,60,72,49,66,45,54,40,40,41,93,78,34,49,89,63,33,63,70,65,87,40,64,66,68,57,98,41,75,40,35,80,48,57,47,65,30,58,58,36,63,96,96,52,46,42,32,86,67,47,96,53,41,61,98,63
61,59,30,44,54,30,54,51,57,41,76,91,33,38,32,46,89,33,85,81,50,62,62,87,52,81,84,59,67,64,38,70,78,83,62,71,66,49,46,44,54,43,32,69,81,55,49,45,52,89,89,65,59,74,88,49,67,46,82,52,68,50,49,78,47,68,97,85,80,48,95,47,54,54,94,96,50,54,97,78,37,34,69,53,83,81,41,70,88,35
63,30,75,90,96,98,38,42,94,96,70,49,31,78,72,44,56,52,95,57,87,47,33,63,57,96,79,60,91,48,85,74,38,96,95,48,37,72,76,45,71,73,81,38,92,58,68,59,65,65,30,42,53,38,86,59,47,40,80,89,33,86,61,33,40,66,87,95,58,51,73,32,32,80,60,60,60,90,42,56,38,32,75,92,84,48,56,67,60,65
91,53,37,42,95,57,67,72,84,36,57,74,34,98,40,44,70,94,83,58,62,57,54,73,55,32,80,73,89,50,75,47,62,84,79,77,32,81,78,65,92,81,92,43,48,92,92,34,42,84,33,86,85,50,68,88,74,77,52,69,48,38,32,57,98,73,88,94,67,42,54,62,80,49,36,96,52,92,38,68,60,57,65,65,83,78,37,53,80,96
31,87,85,74,63,73,74,49,31,97,76,44,81,69,58,63,31,86,51,75,52,72,85,96,41,63,34,82,34,64,95,84,57,78,72,38,65,77,96,96,94,43,82,77,56,35,86,84,45,50,61,93,84,41,80,95,76,65,42,81,83,42,78,51,96,41,71,50,82,68,89,34,58,36,72,78,49,38,41,45,35,95,69,84,56,66,74,69,57,62
75,67,40,89,52,38,46,74,74,87,39,60,40,92,42,36,32,82,49,55,41,76,51,92,79,98,85,68,67,69,45,48,31,81,76,82,91,57,64,58,78,51,33,75,58,95,52,96,95,76,48,36,57,64,36,75,84,56,60,31,56,94,66,57,44,71,91,56,46,74,86,89,86,38,80,96,96,56,48,49,68,87,30,72,68,63,70,76,64,31
83,74,36,58,94,82,73,85,39,42,73,72,41,66,83,85,89,72,88,96,34,72,64,40,61,34,60,60,35,31,94,50,84,74,81,57,45,68,95,81,33,98,33,74,73,58,92,48,81,70,47,38,35,98,39,82,73,86,96,96,50,65,90,87,58,66,97,66,82,33,62,94,80,91,36,58,84,44,51,54,64,68,89,48,42,96,77,67,41,64
53,54,38,44,71,84,92,68,54,81,78,65,98,59,79,75,43,30,79,55,77,88,63,33,81,58,68,82,88,87,31,37,74,66,35,62,36,98,78,50,59,36,59,54,60,35,65,58,97,93,80,53,41,74,73,35,97,77,44,60,75,55,36,56,81,80,33,49,62,89,56,92,91,53,83,43,72,31,36,30,59,30,45,39,68,36,41,83,91,84
51,35,41,52,34,45,61,68,54,51,58,76,94,33,47,89,79,84,68,40,56,32,94,92,59,53,78,44,40,75,41,67,62,60,81,85,50,94,30,85,70,62,92,62,58,68,81,74,32,44,80,48,95,65,53,47,68,76,40,76,85,89,72,86,44,64,76,74,56,90,47,96,69,31,52,68,62,85,53,39,31,69,78,32,88,42,98,35,35,49
30,51,77,89,94,30,62,71,31,31,47,95,53,94,66,76,70,71,37,80,30,37,60,56,74,34,37,80,90,35,57,83,48,90,74,59,81,76,69,86,49,82,73,61,39,49,69,97,40,74,48,90,77,62,44,62,94,56,68,76,48,87,86,85,96,97,57,73,91,36,80,65,75,96,66,62,50,60,62,83,49,48,63,50,85,80,70,58,30,36
42,53,90,67,92,45,93,36,46,79,69,38,71,96,58,45,59,96,50,93,38,89,31,33,85,71,44,83,92,52,61,72,65,58,70,84,69,63,60,78,81,70,31,88,71,47,82,65,63,36,50,65,41,97,47,31,72,38,77,80,50,76,54,70,71,41,42,70,56,40,91,97,40,84,83,64,51,76,73,34,32,97,37,88,51,91,96,49,60,68
61,59,38,96,40,38,66,50,81,42,33,73,43,52,47,63,82,41,36,46,32,62,80,98,58,71,90,70,78,70,37,93,70,65,42,77,60,49,98,38,62,76,92,80,30,79,62,31,74,56,73,42,76,60,33,77,61,85,41,55,94,95,64,33,81,67,56,35,49,94,97,65,68,95,66,56,90,30,37,59,43,92,37,44,36,61,98,54,69,55
83,30,52,91,60,58,52,94,47,45,82,66,79,63,85,30,96,38,95,32,86,76,86,67,63,30,54,52,84,41,55,95,53,98,73,70,84,79,35,77,57,47,77,76,39,97,92,89,73,72,48,75,30,36,67,60,67,91,66,35,89,48,48,81,94,64,74,42,86,49,86,33,96,71,54,76,71,98,35,81,87,93,31,49,68,56,92,68,71,67
65,91,97,70,56,47,92,74,97,58,30,31,56,91,32,38,94,45,81,63,37,60,74,70,63,91,68,66,69,95,80,86,74,39,95,36,97,98,94,32,79,76,84,49,91,33,39,40,95,43,52,72,46,97,85,50,72,35,39,83,83,30,61,31,45,82,30,74,52,81,34,55,48,46,91,62,80,67,39,66,63,74,83,45,56,84,81,51,65,48
78,58,96,47,49,49,89,72,31,98,95,90,60,47,30,56,97,78,66,78,67,66,66,68,54,79,62,49,74,91,59,76,54,96,87,91,93,39,31,52,95,51,73,71,75,42,64,53,61,83,86,79,63,78,95,95,96,38,82,33,89,40,44,44,46,49,86,93,69,56,34,84,41,74,84,68,69,96,81,77,45,30,53,55,65,44,38,43,79,86
52,35,60,57,79,65,98,78,33,40,87,44,79,68,64,45,87,63,70,95,94,51,37,78,31,74,77,93,97,71,96,68,67,91,89,78,93,74,67,36,31,47,62,52,81,48,41,41,95,68,57,44,98,40,37,33,32,53,43,60,76,85,33,48,35,47,42,97,61,83,37,86,62,67,83,61,49,52,83,44,63,64,86,42,68,59,54,82,74,79
54,69,45,60,94,37,88,98,55,77,60,93,69,56,60,47,82,78,60,31,78,68,61,53,51,37,36,34,44,63,64,65,72,33,58,98,53,47,97,75,49,77,78,31,66,41,58,96,30,75,59,60,35,98,96,72,74,41,36,44,97,97,96,84,77,37,86,33,32,78,83,43,61,95,93,76,69,53,57,43,89,97,45,81,49,88,96,31,77,77
73,47,58,31,69,38,94,33,44,45,79,46,31,53,88,34,45,44,44,66,89,74,65,92,96,36,92,98,33,67,85,47,30,35,41,35,43,42,54,35,32,48,51,48,39,45,36,50,58,76,90,51,63,58,70,46,66,55,93,75,54,93,72,32,49,41,85,89,30,76,36,61,40,43,30,75,62,53,83,72,55,95,48,42,66,32,89,49,97,98
37,69,62,49,31,47,61,38,35,71,74,87,68,89,48,75,49,54,54,62,40,81,44,51,37,40,61,73,42,58,49,31,73,82,48,51,59,97,41,83,56,54,80,44,38,76,49,76,95,60,40,81,90,56,41,78,98,59,58,97,52,65,39,65,53,42,92,42,64,35,34,56,56,75,60,72,51,30,77,87,85,79,77,62,39,40,84,84,64,80
60,71,55,68,76,46,98,45,89,58,95,67,82,84,95,95,74,69,38,77,89,36,64,82,45,68,38,78,54,83,32,65,45,64,48,86,62,42,88,78,73,94,70,64,79,31,87,83,48,68,58,49,85,97,85,38,34,63,82,65,44,38,98,78,79,38,80,48,44,41,52,90,90,49,63,53,65,47,42,71,45,86,95,93,71,87,55,54,51,48
79,30,96,94,77,30,77,58,34,50,52,75,49,59,76,69,46,60,89,55,48,49,53,31,57,51,94,45,57,87,58,78,89,93,76,67,50,60,59,75,39,51,75,69,61,69,76,88,93,94,67,80,38,33,48,76,44,42,80,32,95,95,91,82,75,83,30,90,32,65,54,38,30,47,64,88,43,52,35,51,92,38,66,31,34,85,91,55,89,84
75,39,44,67,92,33,96,35,83,74,95,31,64,94,88,46,86,65,58,30,65,40,96,43,48,73,80,64,95,46,92,84,47,62,77,83,86,78,67,48,60,34,62,91,73,62,42,48,77,32,88,88,95,87,36,68,87,70,56,92,75,73,52,50,35,77,76,32,39,50,67,39,55,45,46,58,64,53,49,59,47,94,75,86,52,46,61,35,55,72
92,73,98,88,74,42,59,54,60,85,64,43,96,97,32,39,35,39,44,81,42,43,87,66,80,68,85,42,44,56,71,44,53,42,87,79,58,58,61,98,57,60,47,67,90,49,92,73,45,39,44,59,55,45,52,93,72,36,95,90,82,79,89,51,75,66,66,48,72,41,70,41,42,38,61,66,33,46,55,59,50,95,40,92,35,70,32,81,59,67
61,30,56,69,65,33,38,50,62,70,32,71,84,53,62,60,44,75,58,70,34,60,68,93,34,74,36,67,48,55,35,30,59,48,37,62,77,38,37,67,49,50,31,92,93,47,50,91,64,57,42,54,69,75,47,77,90,48,30,85,49,96,62,85,60,93,61,55,54,81,94,72,55,84,90,51,53,36,79,30,71,46,55,35,72,90,62,74,95,59
33,95,88,41,80,62,34,61,81,33,62,35,90,45,86,96,94,96,74,34,90,52,61,50,75,83,98,74,88,50,36,61,54,45,70,92,39,62,31,32,78,60,55,47,66,31,86,47,83,69,85,98,63,90,64,46,83,72,40,86,85,87,45,51,89,67,36,90,39,54,79,39,34,81,91,48,61,77,80,44,75,70,47,57,58,76,48,91,46,92
88,42,34,76,48,37,64,73,59,88,56,68,67,38,95,77,36,78,55,46,91,41,57,82,84,68,44,44,85,91,60,60,73,86,31,57,94,87,74,80,75,79,63,91,66,38,40,56,63,51,75,84,83,69,93,76,94,59,67,53,33,35,82,80,80,43,40,88,42,76,87,97,85,72,70,73,52,57,95,45,64,95,76,72,60,91,43,95,93,32
71,33,44,38,52,81,92,51,39,77,70,67,85,33,72,90,96,76,78,73,37,65,84,49,58,46,70,52,41,49,61,56,84,87,84,81,61,88,57,39,96,32,87,66,63,51,72,48,95,79,63,96,94,84,77,70,44,63,39,40,84,43,39,49,83,82,55,45,57,82,45,97,83,48,34,95,37,45,40,48,89,62,52,97,58,91,37,67,31,92
63,71,83,55,96,66,51,86,39,62,86,81,52,64,74,54,85,40,36,67,71,46,59,36,71,55,51,77,68,90,45,40,83,74,82,91,89,78,91,45,54,95,92,43,98,98,85,60,56,66,52,88,97,74,39,30,97,33,46,40,67,37,95,47,82,52,81,87,44,30,70,98,31,50,34,83,34,44,34,60,46,52,98,69,64,93,38,66,53,74
77,31,68,52,46,56,92,61,70,46,43,53,63,63,81,33,45,70,35,47,31,66,86,78,42,66,90,63,51,68,73,40,93,95,97,35,70,67,81,94,70,67,51,66,35,86,72,61,39,82,84,89,76,62,47,74,71,56,47,75,80,32,51,67,96,41,54,43,47,54,55,45,36,86,66,71,41,70,79,58,51,31,33,63,44,36,31,64,89,41
48,56,65,36,85,82,42,46,53,90,52,49,49,87,48,82,51,75,71,75,90,94,40,38,69,31,50,51,61,88,42,68,42,40,54,98,95,40,81,84,33,73,60,66,64,95,75,31,40,32,40,54,31,67,64,62,30,30,35,78,94,53,78,32,71,74,93,33,69,80,97,85,57,90,82,58,56,44,32,32,58,83,70,83,39,79,66,66,53,68
51,71,98,82,87,71,78,41,59,41,82,80,76,35,30,69,41,34,73,74,80,94,70,81,98,74,52,32,74,73,34,92,36,57,77,90,46,32,65,52,91,71,37,52,85,65,44,76,82,90,85,36,94,32,91,41,35,37,63,51,43,89,39,86,34,37,98,98,52,72,98,65,65,58,80,68,56,39,58,64,56,88,54,63,97,69,52,60,52,51
48,32,35,51,70,45,33,87,88,81,32,82,86,69,73,62,41,39,54,86,58,46,45,86,45,94,85,74,52,57,41,52,50,45,86,35,50,50,73,87,97,97,54,67,85,90,60,48,77,35,85,30,57,50,72,62,40,77,79,95,58,70,70,74,94,49,88,71,68,63,94,44,32,70,85,60,30,38,38,93,70,74,98,78,77,67,40,85,78,59
40,73,66,55,96,80,70,97,54,61,41,55,41,82,34,89,51,86,36,55,91,84,60,98,67,70,62,67,30,93,73,84,59,97,39,96,83,65,96,73,69,88,57,72,57,47,40,46,53,83,36,96,41,39,70,35,31,53,54,95,81,43,83,42,96,47,45,72,55,57,97,47,62,96,53,91,89,57,93,74,78,90,91,47,55,58,61,81,83,58
75,76,72,80,36,73,48,92,64,88,56,90,66,63,35,78,59,74,74,45,83,44,76,43,30,47,92,62,73,94,58,52,56,39,46,38,31,78,39,54,97,89,73,50,43,92,48,89,63,69,79,93,62,59,62,89,96,56,53,32,84,52,60,74,87,49,43,92,51,76,45,61,44,50,32,73,42,91,74,52,69,59,32,69,58,30,47,69,95,82
49,64,59,90,36,40,45,40,55,63,53,51,73,93,38,91,91,86,60,60,85,56,55,53,72,69,69,56,96,71,96,50,62,91,35,68,55,85,74,40,75,63,44,52,41,97,68,71,55,34,35,89,35,32,49,32,49,88,61,55,52,42,65,62,95,84,71,70,55,84,92,30,80,31,73,85,80,74,74,87,87,30,81,98,42,55,91,42,47,88
53,72,70,60,65,65,30,37,71,51,45,36,97,55,75,80,67,78,80,47,44,42,55,31,35,98,60,74,41,43,51,49,43,30,81,93,90,71,32,58,37,41,40,88,73,68,55,56,95,55,57,53,54,37,56,46,34,94,98,81,56,92,93,54,57,39,40,86,35,75,70,78,87,57,62,94,71,47,61,34,92,65,56,40,32,66,69,41,48,93
30,61,77,69,98,71,82,41,34,89,67,37,76,86,80,46,48,61,85,54,38,58,88,42,34,43,85,72,60,98,88,73,79,83,45,37,64,42,66,97,69,42,90,38,59,77,57,53,79,77,86,31,96,40,47,78,46,80,62,60,69,60,52,92,71,31,76,79,35,75,35,66,62,79,81,54,93,38,86,94,40,76,32,77,59,60,87,39,91,77
76,65,88,32,70,40,91,67,81,78,86,57,75,30,78,68,73,30,67,89,31,54,61,74,40,41,63,52,62,41,53,68,69,51,32,47,41,61,36,92,72,67,67,82,81,47,77,49,87,31,39,43,73,43,33,50,50,36,60,53,75,78,42,95,52,53,67,49,98,59,49,59,83,70,36,46,33,72,95,80,80,59,70,30,38,65,58,32,70,91
68,43,87,96,52,56,77,54,89,36,35,30,89,94,85,46,81,39,52,32,60,74,91,97,40,58,35,72,46,62,93,97,59,55,68,79,75,46,54,43,93,35,95,94,67,59,48,71,36,57,56,56,71,59,62,97,89,32,65,30,91,80,74,50,41,35,69,96,69,43,75,92,88,98,31,56,51,56,36,47,93,34,54,46,34,51,34,63,80,68
60,30,90,46,86,66,52,56,87,36,71,40,89,58,58,79,41,41,82,94,36,68,63,44,70,37,50,42,92,30,59,91,44,91,30,78,58,52,36,50,35,43,33,38,67,37,47,55,41,32,30,36,30,76,71,58,82,89,67,95,55,79,89,54,89,60,51,71,46,57,86,73,64,88,89,37,86,53,73,78,66,86,47,54,42,97,66,97,69,79
82,67,81,94,61,43,85,47,31,48,35,68,82,92,85,70,77,95,69,61,97,68,91,88,47,45,89,65,31,62,53,87,83,42,70,52,34,87,54,61,42,32,98,60,61,73,97,42,39,36,56,60,72,88,62,65,89,39,37,31,95,62,90,33,93,70,62,91,61,85,58,34,58,42,63,33,50,90,48,64,48,73,90,64,52,57,40,72,32,68
54,30,40,82,45,66,56,64,30,38,49,65,92,51,56,74,96,84,97,98,35,82,36,63,97,55,37,50,74,49,65,34,37,74,80,84,98,76,78,63,37,83,94,73,43,40,77,57,66,85,66,56,74,57,79,70,32,76,73,64,72,80,55,72,91,58,52,40,60,79,86,33,42,96,51,98,93,79,63,30,70,39,67,31,56,71,90,46,92,65
44,76,83,35,76,85,31,80,96,64,63,95,38,43,72,93,33,82,48,63,69,73,39,60,42,30,39,98,83,47,41,36,84,91,60,50,66,49,33,75,34,94,34,43,30,93,80,61,83,95,47,37,82,70,83,49,75,82,65,77,45,85,32,98,60,59,69,46,57,91,34,87,57,89,30,68,42,41,72,38,98,59,97,79,58,76,68,56,86,70
39,57,51,56,31,94,78,86,33,92,62,64,60,89,44,64,74,77,83,85,30,83,74,61,38,39,71,98,94,44,54,61,30,80,63,87,90,88,40,94,95,55,70,35,38,70,67,85,86,87,96,88,30,49,57,41,64,52,43,95,82,61,31,80,65,81,89,49,92,53,56,63,47,85,97,67,39,47,81,89,33,50,41,47,40,32,60,84,59,80
97,43,96,81,51,86,59,90,33,82,94,88,34,57,47,38,61,63,74,41,62,83,37,46,81,64,81,62,40,91,62,36,91,77,97,97,83,49,67,31,54,95,52,88,70,96,98,40,76,47,50,94,69,77,50,56,48,41,55,60,95,60,63,61,45,87,64,54,83,61,37,68,41,63,81,94,65,30,45,39,46,47,88,46,32,55,78,36,73,68
34,93,74,85,68,61,70,43,57,69,37,83,96,64,37,60,62,64,54,93,57,55,34,38,91,91,93,31,41,55,92,50,51,73,32,35,34,34,51,36,41,69,86,56,81,78,77,84,88,33,44,34,35,46,59,98,61,63,55,54,39,34,31,70,59,90,77,65,37,34,68,74,34,61,89,57,49,58,86,90,58,53,32,49,56,49,41,84,31,53
59,45,59,40,46,55,67,52,60,83,50,87,41,74,60,40,68,71,58,80,40,40,71,68,78,64,44,73,48,80,98,34,62,81,75,77,44,52,39,92,47,73,34,56,60,96,44,60,92,80,65,44,34,62,37,34,44,46,98,84,93,87,57,33,84,86,92,74,95,65,81,69,30,49,62,72,64,39,42,64,45,60,45,68,62,88,31,34,82,52
42,87,57,82,49,81,59,57,31,84,97,45,94,52,98,73,62,32,78,52,57,80,55,45,67,91,49,80,41,66,91,91,90,51,62,49,32,33,87,89,62,57,75,30,65,61,63,98,59,66,56,92,74,70,84,59,36,95,30,66,37,95,36,66,57,86,55,73,64,63,35,92,97,95,43,34,87,71,33,40,34,64,60,40,95,34,87,52,60,92
40,90,92,48,78,77,36,40,52,95,85,30,83,44,55,41,36,56,42,53,54,40,66,63,57,59,97,52,44,55,46,84,67,43,92,76,69,34,96,95,98,70,80,80,46,42,89,82,40,70,67,50,78,84,64,68,35,88,92,94,54,32,74,59,93,31,69,66,56,37,62,51,85,76,85,34,83,75,44,86,66,89,46,98,77,40,92,97,32,89
94,56,54,92,60,80,36,35,88,54,34,40,33,72,48,47,93,95,43,44,79,50,68,36,85,48,71,42,61,80,58,63,89,94,75,67,42,51,43,88,65,46,95,63,42,41,36,39,85,44,43,87,31,62,36,73,36,84,66,41,51,79,90,42,82,84,70,65,45,35,89,49,88,96,92,68,72,33,95,34,59,52,91,94,81,74,41,64,68,86
50,68,67,46,82,72,71,56,30,38,73,57,81,66,35,82,86,89,89,39,73,51,75,47,74,70,85,43,86,95,64,97,71,79,72,34,79,36,81,42,39,32,45,80,65,67,55,66,75,97,76,66,89,78,79,68,83,49,89,48,90,90,44,64,48,98,53,55,84,63,52,80,41,62,41,60,78,37,91,36,81,36,75,92,47,44,46,89,33,59
39,92,95,72,98,35,51,49,68,79,72,51,78,66,54,64,35,64,63,83,65,54,48,65,47,33,65,89,42,93,45,47,91,36,70,48,95,38,63,45,47,84,69,40,66,66,76,73,94,74,63,30,61,61,80,83,61,80,85,36,95,59,44,71,51,74,41,93,75,52,56,69,58,83,75,83,77,56,56,87,63,79,48,71,72,49,41,42,60,34
81,52,51,36,88,64,53,48,92,63,81,53,61,38,45,53,66,36,36,97,92,82,68,43,41,45,78,98,75,46,77,71,32,59,60,82,84,77,49,57,76,80,50,55,50,98,87,31,64,30,98,63,68,64,68,44,74,33,59,97,72,37,68,35,39,91,42,43,89,85,95,42,67,85,52,63,86,38,57,56,89,98,98,90,60,82,65,79,73,37
87,46,36,73,95,93,74,59,57,87,74,72,89,84,92,56,90,44,33,55,60,71,34,91,43,76,37,53,39,75,61,50,50,38,98,49,44,67,71,32,42,89,61,54,73,61,78,88,52,82,91,45,93,37,61,77,94,74,49,82,84,78,32,79,89,35,43,45,30,79,87,43,64,86,78,47,83,74,61,42,42,62,68,50,52,95,74,37,79,41
79,61,57,87,56,32,37,47,70,89,60,47,67,43,64,49,67,95,71,71,67,69,53,51,54,39,79,86,69,46,96,66,74,52,49,66,86,40,70,55,72,96,48,53,79,68,47,40,58,39,51,61,97,46,32,85,83,37,86,48,50,41,77,97,78,56,31,54,67,96,71,65,42,41,43,90,86,91,87,97,60,67,79,72,54,75,57,62,79,58
89,81,42,86,40,84,34,88,50,30,55,95,81,33,44,75,65,59,41,68,85,41,62,97,50,54,93,77,42,41,47,85,76,77,95,51,62,64,90,33,72,61,45,63,51,31,54,31,50,70,63,41,53,80,54,58,74,49,59,44,36,60,60,77,62,88,78,87,33,54,74,97,57,56,45,55,48,61,93,97,32,57,75,94,84,63,37,62,45,88
71,74,49,33,45,69,47,91,56,75,90,80,94,55,54,53,30,89,96,91,95,63,39,70,96,75,76,61,79,52,91,73,65,50,71,78,42,88,32,88,60,62,36,72,61,81,85,81,63,92,56,86,60,78,84,91,82,67,74,55,65,35,62,61,58,77,30,77,88,39,57,41,96,54,36,97,78,71,64,56,40,68,66,55,32,81,33,53,96,31
51,52,95,93,51,70,40,95,59,90,80,72,40,38,61,91,66,76,47,64,93,86,97,58,90,81,34,83,47,91,86,32,47,87,95,93,95,55,87,64,83,61,94,45,58,84,72,85,82,64,55,39,84,53,60,58,40,73,87,81,42,50,36,34,73,91,74,87,98,97,54,72,88,83,57,84,43,53,94,40,56,65,38,80,86,37,74,40,87,78
45,57,51,68,82,71,75,61,87,65,30,75,53,72,51,96,71,67,30,52,92,65,44,95,73,80,39,69,96,65,48,46,85,36,85,41,59,75,76,90,49,87,57,34,59,40,48,61,96,54,46,30,55,79,67,37,85,60,63,87,69,51,98,32,74,66,90,52,30,96,68,95,47,53,93,77,39,36,80,87,94,55,57,75,83,74,37,37,44,83
95,86,31,48,98,54,35,37,32,44,48,81,48,65,73,84,40,98,58,98,49,83,90,38,42,86,37,42,62,65,54,38,73,38,69,59,93,90,83,55,46,74,87,70,86,97,34,54,39,51,45,73,78,76,88,57,51,86,55,68,55,48,68,70,33,46,71,55,48,37,52,93,70,96,76,45,74,52,76,37,51,66,71,40,75,37,85,65,87,61
56,56,80,80,93,59,30,79,90,58,79,80,30,40,77,87,52,62,83,64,75,35,74,57,64,80,58,60,55,47,37,68,53,73,55,58,40,75,91,69,84,61,37,92,69,94,87,92,82,45,92,77,30,94,74,70,73,54,64,85,37,51,78,37,44,49,34,52,38,52,73,64,32,51,95,31,85,74,62,46,94,67,91,88,47,80,30,80,59,76
32,47,82,60,61,94,37,49,44,59,45,75,41,83,32,35,92,97,93,53,66,33,85,62,67,56,60,98,53,95,87,40,67,52,88,80,58,65,58,48,39,86,43,67,32,51,78,50,78,69,92,65,74,69,89,68,41,33,54,82,71,87,94,43,76,58,56,60,67,43,95,81,90,89,40,75,58,56,84,35,46,50,71,30,67,54,47,93,69,60
70,64,65,70,63,83,84,79,41,98,47,68,30,56,31,57,33,69,53,41,89,81,92,89,54,87,94,57,72,49,70,55,92,57,65,56,95,71,82,64,33,84,67,55,73,71,42,83,95,82,55,67,42,49,73,34,41,94,61,33,36,58,48,35,56,33,55,38,66,52,60,36,44,58,49,48,46,41,53,94,70,63,86,78,36,30,96,71,76,69
74,71,82,97,61,76,72,87,87,54,47,48,84,49,45,83,30,69,59,42,89,58,41,80,89,71,97,82,42,63,44,91,92,46,82,37,31,39,89,62,64,55,47,86,33,55,30,35,83,97,96,44,86,45,69,90,32,92,86,47,39,52,52,82,86,35,62,36,75,73,30,88,87,80,73,84,88,69,67,65,81,81,69,70,66,52,59,45,87,95
84,89,90,92,42,42,92,73,54,42,40,97,90,68,69,79,84,74,75,79,58,37,34,31,77,61,85,32,41,76,51,41,66,97,71,86,66,43,95,48,82,90,64,69,36,91,61,79,64,43,82,72,36,71,73,34,47,32,44,35,93,52,77,86,49,91,57,49,61,50,89,54,97,75,56,97,42,69,80,87,30,95,98,42,40,35,90,74,52,74
81,94,87,32,30,60,79,49,70,86,84,55,49,43,45,60,90,34,63,78,63,89,83,83,61,59,39,65,34,30,64,95,43,68,59,74,58,54,30,62,68,46,85,78,98,34,45,31,69,98,80,35,45,57,53,60,30,71,81,57,62,88,95,37,61,51,86,39,64,84,65,74,86,52,34,48,74,43,70,92,78,93,75,49,85,93,71,74,35,43
92,82,30,54,67,83,61,58,48,40,84,76,53,73,98,91,78,98,68,33,69,55,57,94,57,89,81,34,48,50,64,68,90,88,85,36,50,50,56,77,49,75,92,65,95,45,46,32,57,74,83,64,71,86,52,58,79,78,59,78,34,57,30,87,89,64,78,98,48,44,51,50,34,30,64,53,89,75,87,50,80,73,78,56,84,68,89,68,84,40
97,60,40,97,47,76,35,63,88,77,78,39,89,98,62,58,79,81,52,35,61,77,83,40,30,40,37,41,63,74,97,76,88,68,95,53,46,69,98,74,53,76,93,98,69,35,58,43,62,48,32,59,51,65,37,31,59,40,53,62,36,63,80,45,65,55,46,89,40,56,94,46,63,50,50,53,62,33,32,76,36,31,80,49,96,88,63,53,51,76
85,33,44,32,64,47,37,73,88,85,38,62,86,46,61,82,69,88,33,87,83,98,46,81,90,38,42,95,94,70,95,47,82,42,41,93,53,68,55,67,90,75,63,65,81,98,51,87,54,53,78,73,89,63,73,85,38,69,70,37,37,94,52,70,33,37,66,80,65,55,36,55,48,33,86,60,81,90,56,55,69,96,63,78,59,33,37,65,77,47
74,74,76,78,38,52,94,55,93,93,34,41,78,35,39,42,43,43,54,59,30,61,88,67,35,45,81,42,69,63,52,75,49,69,37,61,39,41,34,90,41,80,70,76,35,35,62,54,41,37,46,50,82,43,88,68,62,48,43,76,36,63,33,39,66,54,30,69,56,59,64,56,46,74,44,82,52,41,58,51,44,41,86,90,63,89,80,65,93,33
91,87,33,37,33,56,97,96,50,37,88,98,54,80,47,30,63,97,37,64,64,37,57,81,78,74,75,82,77,68,53,42,70,82,88,93,62,37,82,43,44,65,41,84,67,68,82,84,45,50,35,91,58,89,56,70,39,42,73,92,41,38,82,36,40,94,66,85,55,86,33,91,75,44,92,45,83,90,47,83,71,40,32,32,79,92,69,89,71,97
31,45,79,54,40,90,45,68,97,31,98,57,36,43,69,37,67,61,73,64,64,63,96,94,55,52,62,61,30,68,70,84,30,88,64,35,70,31,34,30,90,98,46,84,36,43,54,89,38,33,47,81,95,69,48,68,32,87,32,72,72,55,45,31,79,43,70,95,83,51,62,52,53,53,38,49,37,55,60,89,49,95,88,33,75,71,89,74,94,74
45,67,76,97,44,92,92,88,30,73,36,89,33,78,36,92,60,83,44,70,52,33,75,37,71,30,66,74,83,55,88,80,85,58,91,57,57,96,68,40,69,64,66,59,89,95,54,92,76,60,95,97,82,39,54,58,85,97,92,75,54,95,53,34,50,59,39,44,41,84,89,63,41,47,74,48,98,81,53,66,60,87,71,53,85,40,95,78,35,44
35,54,95,69,47,58,32,49,36,51,91,36,44,73,67,95,77,31,57,46,93,66,65,82,81,72,30,86,44,77,68,82,66,66,55,42,34,88,36,38,45,91,89,32,40,88,43,49,75,41,58,42,40,49,95,46,94,39,47,34,38,57,39,62,38,62,63,80,65,87,72,70,84,85,74,92,39,93,69,65,77,90,81,56,82,76,79,61,86,43
87,72,51,98,37,62,41,43,88,67,83,46,78,95,70,84,58,80,88,72,85,44,55,69,36,58,90,51,91,77,67,32,64,83,64,87,90,33,97,70,58,65,49,48,32,54,76,96,62,56,36,39,68,60,91,81,95,88,89,58,50,58,72,97,38,30,62,34,92,90,90,84,78,73,43,95,55,35,81,62,64,62,44,82,43,49,43,68,50,55
43,48,79,64,63,89,44,65,32,97,90,38,41,78,32,82,92,98,83,51,54,36,90,73,36,58,44,70,84,88,53,98,90,63,34,36,75,93,73,65,69,41,37,57,51,56,50,64,75,49,52,54,91,33,81,39,52,36,56,57,77,96,92,33,98,42,92,54,41,95,83,37,62,70,48,94,72,76,35,34,53,62,83,97,92,37,73,42,53,42
42,81,37,35,87,46,80,31,50,37,71,84,50,52,77,39,71,61,41,68,46,95,33,91,92,90,56,65,51,66,88,64,68,84,74,63,38,42,69,98,62,31,50,55,85,66,42,59,67,65,93,78,48,97,79,67,50,42,44,40,39,50,62,34,88,75,80,60,31,41,61,34,70,81,74,63,76,81,45,82,89,34,53,32,97,49,91,50,92,44
35,76,69,91,70,96,80,64,42,30,41,92,70,68,95,35,48,67,88,55,49,92,56,41,39,53,33,32,84,65,45,52,90,59,81,42,79,48,83,56,69,36,72,33,89,37,45,70,44,73,92,97,48,67,77,97,91,78,80,78,69,34,38,63,76,32,76,60,30,86,44,78,72,82,93,58,78,68,85,72,97,55,32,42,67,92,41,51,69,34
96,90,56,76,46,63,33,30,52,74,93,98,84,45,97,38,85,44,58,97,96,72,79,72,81,62,62,47,61,67,72,77,72,42,70,35,55,56,72,86,95,61,60,67,83,97,68,30,38,39,35,62,56,45,88,46,96,46,92,83,87,44,49,77,68,43,34,82,91,70,85,46,54,49,62,93,79,76,90,78,44,78,43,35,49,83,81,81,54,65
55,58,70,70,36,61,55,43,42,80,37,71,38,64,58,44,79,80,58,69,57,78,73,36,80,84,57,61,63,36,31,34,81,54,66,49,67,54,93,86,98,86,74,38,63,82,95,80,60,60,81,64,56,83,47,89,30,79,46,73,72,45,76,31,46,52,63,95,90,41,94,85,86,39,43,65,72,71,50,77,55,81,47,62,78,81,69,52,70,55
65,90,86,55,87,64,81,45,72,45,74,49,67,43,97,46,91,48,84,70,92,48,98,74,43,64,66,70,95,71,57,94,90,37,59,42,71,78,75,81,77,72,42,54,71,45,73,70,53,49,95,85,95,70,76,52,72,83,40,74,62,53,31,90,65,93,78,37,80,31,66,46,36,41,61,42,76,42,67,42,35,73,83,92,83,97,61,43,81,82
57,43,81,45,80,70,64,75,75,52,57,82,94,79,69,90,76,92,70,40,39,46,55,70,82,46,72,86,88,67,74,51,88,60,41,92,60,79,32,83,73,64,67,90,51,61,48,58,64,75,61,33,58,80,38,76,33,83,40,68,69,39,73,62,83,67,82,48,59,79,80,30,52,68,60,69,73,67,90,57,84,45,89,52,41,46,35,96,79,33
67,78,85,96,80,91,77,79,40,70,54,64,40,78,61,88,35,56,61,44,95,94,61,41,73,69,45,71,71,47,65,42,75,96,58,33,83,55,76,88,71,66,40,65,62,61,81,63,57,38,39,65,93,53,92,37,62,65,78,42,76,79,67,85,36,40,58,72,85,72,57,32,61,33,79,63,53,57,87,93,55,92,82,54,91,74,93,69,55,58
91,44,87,77,48,89,94,95,61,65,79,66,70,85,40,94,62,52,36,78,91,36,87,98,86,34,35,31,53,90,74,85,48,30,74,89,47,86,75,89,60,34,93,39,33,41,55,75,84,75,76,43,94,48,93,36,72,66,75,52,64,67,32,84,91,65,84,86,65,64,69,47,91,54,44,65,63,32,52,39,58,50,83,59,89,43,66,52,36,84
71,58,30,73,50,37,80,45,78,61,61,71,40,71,54,50,90,69,80,38,35,44,35,44,94,79,31,42,69,53,34,50,82,59,69,84,43,66,65,40,85,52,92,42,86,38,34,48,59,46,82,79,65,87,92,76,35,82,30,89,72,59,71,93,67,35,39,81,72,49,84,50,34,96,50,92,90,34,63,45,89,84,67,54,90,90,44,59,35,97
36,36,75,81,95,69,71,31,40,37,71,33,39,72,43,87,87,56,32,65,86,89,92,38,37,61,94,71,89,37,74,38,74,86,40,69,69,54,83,48,92,47,37,88,61,50,35,36,42,88,60,35,60,57,89,56,44,86,49,61,32,51,46,43,49,50,69,52,70,68,31,90,44,97,94,73,70,56,57,56,77,98,94,94,40,36,56,87,41,63
51,84,94,87,66,61,41,57,64,78,64,59,93,55,74,98,51,89,88,79,80,89,83,48,91,42,91,49,39,40,86,65,30,96,30,65,43,34,55,76,43,57,60,63,66,95,41,41,89,51,40,30,58,82,74,62,79,97,47,57,69,70,57,57,32,67,83,86,49,65,46,55,89,76,60,54,36,97,45,59,95,57,42,36,60,35,54,85,89,85
34,83,46,42,54,36,44,98,47,61,55,93,38,30,71,75,74,78,98,93,62,80,81,80,80,67,74,73,43,55,96,95,48,49,89,56,42,33,32,41,96,57,71,33,88,88,30,82,74,89,72,92,48,91,80,83,72,64,60,51,41,33,54,96,83,44,47,36,51,88,89,38,85,91,86,66,66,96,76,37,47,57,56,52,57,44,41,74,56,55
41,35,59,51,54,38,62,78,50,98,48,91,67,98,44,64,82,89,93,81,49,45,39,86,59,51,74,88,94,65,85,67,60,56,71,67,33,57,59,40,83,93,38,45,58,89,48,96,80,40,35,85,36,87,34,60,54,37,90,50,45,60,75,79,76,90,65,68,72,49,70,84,88,43,60,60,90,71,56,35,66,84,70,33,53,84,39,42,66,83
72,94,35,39,79,50,41,90,78,41,46,71,39,54,41,95,54,69,92,67,64,58,34,71,39,97,95,34,34,74,90,80,30,38,48,48,39,77,45,34,61,61,62,86,81,38,82,60,47,46,50,60,64,53,40,44,37,94,77,85,93,54,90,72,50,47,87,51,84,58,85,74,51,76,78,53,84,72,83,38,66,77,79,88,83,47,62,89,66,69
90,65,73,74,74,65,74,97,51,68,35,55,70,55,59,32,53,76,85,92,47,44,87,77,41,43,53,83,45,98,31,40,59,50,32,92,74,46,33,60,36,45,92,72,94,69,53,47,37,41,31,94,93,33,49,75,57,76,33,91,60,87,37,56,31,97,97,87,88,90,40,98,85,77,82,55,70,46,45,98,50,66,40,58,82,38,85,63,86,82
50,94,53,30,86,57,51,66,49,79,42,77,69,30,53,43,64,98,47,51,65,55,81,37,70,91,95,92,62,38,45,84,63,59,50,63,65,83,30,89,83,74,97,68,49,37,43,46,52,96,70,74,46,53,36,68,43,87,94,55,74,87,45,71,46,84,95,61,37,60,53,38,30,96,85,44,37,78,57,51,43,81,84,52,85,75,71,76,92,61
89,38,36,93,58,83,87,53,77,41,35,36,85,91,48,93,37,45,57,34,46,94,70,57,92,77,55,49,69,60,34,37,50,91,44,52,46,46,86,48,34,71,55,93,76,79,61,70,98,86,55,76,67,98,59,45,33,58,47,88,55,36,59,55,73,75,50,53,81,44,48,38,42,71,68,47,36,86,58,84,56,61,78,62,66,81,76,30,59,72
56,85,30,88,74,76,85,53,48,74,51,59,94,32,85,80,87,39,91,41,63,37,94,87,42,91,83,60,42,62,68,85,75,42,82,71,50,40,87,82,30,89,59,81,41,46,85,55,33,84,79,89,63,37,91,48,58,32,58,85,90,94,90,65,88,47,62,58,71,33,88,59,64,36,57,34,50,45,93,60,39,37,90,32,69,63,61,69,90,97
34,51,31,60,58,48,94,57,38,84,66,61,85,31,70,65,36,94,52,34,84,47,43,69,71,84,31,68,84,42,86,71,64,38,74,68,79,57,66,36,33,43,83,97,64,62,81,81,95,81,75,62,56,52,68,79,47,64,82,32,51,85,51,43,77,68,46,35,32,75,46,58,52,77,32,38,87,59,88,92,58,58,85,66,44,65,38,85,97,46
69,41,62,95,33,48,39,51,48,66,58,70,82,79,86,46,86,53,67,65,81,95,73,69,77,93,61,87,90,50,81,81,44,89,31,55,82,65,57,64,33,30,35,50,40,89,80,61,43,79,37,46,32,67,41,50,46,36,44,44,65,51,92,54,49,70,84,61,85,85,47,53,37,36,78,37,88,64,32,62,51,62,89,46,62,44,55,54,51,62
59,47,62,32,75,89,84,70,66,92,88,74,77,66,51,67,89,65,41,91,63,84,31,95,60,54,95,49,66,83,91,64,78,60,98,83,67,79,31,81,51,36,49,88,72,93,35,67,90,56,36,68,81,43,33,69,94,50,47,89,49,93,64,88,57,55,54,30,81,64,68,30,47,85,42,88,80,95,41,37,36,85,37,47,36,48,45,91,67,83
86,77,66,35,47,60,71,74,65,86,75,30,31,31,95,69,73,78,41,51,76,97,50,36,35,40,46,34,56,58,56,96,46,70,82,98,73,96,86,73,82,79,78,37,30,91,72,78,97,79,84,62,50,89,42,92,74,47,43,38,62,68,82,55,59,70,44,38,69,91,43,89,88,97,83,43,46,95,53,45,90,39,35,58,76,64,62,42,66,35
43,47,52,35,31,65,57,30,57,69,57,51,62,52,52,59,83,78,38,41,68,79,94,48,92,83,45,85,36,82,96,84,49,30,44,31,47,92,78,91,59,48,76,59,82,71,78,70,51,31,37,67,96,56,39,54,74,70,73,73,70,69,83,43,85,58,52,94,87,61,51,53,73,97,80,79,95,53,80,38,93,40,82,32,75,90,79,85,94,73
94,93,72,94,70,39,68,69,82,68,67,90,90,97,65,92,87,73,34,35,88,96,66,74,58,69,64,60,45,48,51,63,80,87,72,73,96,56,33,41,34,49,85,58,85,97,98,32,75,57,36,74,55,33,52,86,58,43,47,45,74,57,95,58,86,36,53,91,45,34,66,42,32,46,31,37,95,77,32,48,55,61,67,66,41,62,49,88,68,74
60,71,75,88,55,31,30,70,72,44,92,59,33,64,60,94,78,86,33,68,86,94,55,58,64,69,76,98,68,42,44,61,49,37,32,52,93,35,42,60,63,75,43,87,89,81,53,58,79,32,64,51,80,53,89,81,31,58,36,65,47,96,46,48,71,48,38,92,68,43,96,77,52,73,70,34,45,79,80,68,44,98,55,45,92,97,70,57,78,30
91,49,35,56,61,32,98,70,30,40,87,53,38,81,68,42,95,98,52,31,39,88,77,35,88,86,80,95,47,82,93,89,52,34,74,61,72,42,32,71,60,41,66,57,58,56,92,77,59,58,71,31,84,88,62,56,78,83,78,90,90,71,70,70,36,68,75,83,44,59,98,84,37,91,82,39,86,62,91,82,33,97,36,87,98,46,98,33,76,87
53,60,59,63,76,45,37,45,93,55,96,79,47,51,48,37,63,98,70,78,34,84,35,49,68,79,41,41,83,69,61,79,66,36,38,35,91,82,76,73,71,84,30,57,83,42,69,73,33,41,62,40,97,32,73,97,53,95,62,33,43,69,58,60,71,97,68,60,75,69,63,61,50,61,39,90,86,36,32,52,86,80,75,47,85,94,67,75,67,38
49,92,58,50,66,52,48,78,62,39,70,36,65,82,96,98,78,94,75,87,36,65,79,86,60,35,85,68,92,69,32,78,81,54,95,85,44,89,81,98,80,31,74,48,61,55,76,85,84,58,30,71,35,37,91,43,73,93,45,95,91,47,65,85,75,77,44,61,61,71,76,38,60,53,56,36,86,70,51,72,73,67,90,68,68,40,49,33,93,76
89,76,93,78,77,69,31,66,94,32,76,60,91,66,76,71,86,77,32,67,49,32,95,48,74,76,60,75,86,49,40,35,59,30,30,37,69,91,87,78,45,74,73,83,37,55,51,89,66,73,88,64,34,97,34,79,40,65,41,30,32,54,77,82,48,81,44,31,34,97,83,67,94,55,63,91,33,78,79,78,80,39,39,59,55,84,50,30,40,71
76,64,90,51,81,58,69,77,81,40,85,52,86,32,87,36,37,74,41,73,47,48,73,49,48,47,61,50,66,70,76,96,30,98,61,69,73,71,84,35,73,53,84,69,77,36,54,50,37,89,55,82,96,63,92,81,36,92,81,82,36,40,44,88,37,75,95,47,65,56,98,86,95,67,44,88,37,31,40,61,49,39,38,89,57,47,85,85,68,92
95,59,36,34,32,53,96,74,70,66,86,47,30,93,64,71,90,91,48,41,91,36,55,33,96,98,49,68,62,81,65,41,48,93,65,48,98,68,40,68,48,78,68,95,57,73,33,76,55,75,52,77,76,38,44,75,85,37,52,90,74,88,32,64,79,54,44,71,66,56,43,72,86,54,65,33,93,68,85,44,96,56,31,43,76,81,69,74,39,39
51,68,76,89,55,54,91,32,87,43,34,79,86,79,80,30,60,39,81,43,74,61,79,48,42,48,40,52,43,90,35,35,41,58,87,61,57,77,31,40,36,60,46,66,51,65,38,53,44,95,36,91,54,83,59,66,59,42,65,82,47,65,85,61,65,54,68,62,77,65,37,77,93,52,58,70,49,32,50,76,96,36,54,55,60,95,84,75,61,94
92,67,35,89,82,51,88,46,73,73,67,47,36,40,56,87,42,37,76,86,49,30,62,39,52,63,98,84,77,80,43,86,53,93,48,67,88,54,53,74,47,35,97,75,51,31,89,70,63,56,65,90,63,51,61,88,94,64,57,46,86,81,80,73,42,72,47,88,71,90,87,87,53,66,35,54,86,66,36,67,89,37,89,79,97,76,76,84,52,96
74,55,96,36,57,42,38,96,89,52,48,77,53,58,81,86,93,80,96,83,90,74,97,98,90,30,71,31,50,67,40,31,59,75,36,43,74,34,45,41,37,47,36,89,77,85,45,64,46,61,74,65,75,80,50,42,58,86,55,51,79,43,32,32,52,76,80,76,31,92,63,88,95,85,84,67,46,88,80,31,40,44,96,47,43,62,71,48,88,50
83,52,94,52,76,75,98,76,50,59,75,83,39,90,95,97,43,37,89,73,83,79,40,34,85,60,92,98,96,48,37,58,76,45,62,47,30,85,85,50,34,52,85,68,57,98,44,85,77,87,69,54,37,47,36,93,40,62,85,36,45,32,82,51,30,72,97,68,30,31,76,84,76,70,75,57,88,68,50,47,89,38,30,73,34,72,42,84,93,73
82,74,37,72,80,45,96,44,73,68,76,44,42,63,83,32,65,98,38,73,73,81,89,93,43,97,70,97,71,87,76,45,46,77,53,43,45,34,49,87,46,97,78,53,52,88,60,43,62,44,47,35,48,96,30,65,91,93,39,48,31,41,36,59,40,71,66,72,97,63,98,88,44,93,45,59,80,87,98,71,77,88,72,74,43,77,91,35,76,42
63,43,73,64,95,59,36,87,84,78,47,55,84,84,56,40,54,53,78,48,82,83,70,71,71,98,53,40,47,95,56,73,43,35,34,43,64,89,41,52,58,66,42,62,86,46,39,59,32,41,83,41,53,88,35,97,57,42,64,42,85,45,46,63,96,81,38,94,66,35,87,62,57,55,64,89,41,82,94,34,62,48,79,91,43,88,55,62,34,98
42,98,48,70,71,86,61,87,69,78,31,86,95,75,53,89,31,64,44,32,66,73,60,61,34,79,46,30,73,33,57,52,75,58,44,74,45,98,65,91,96,64,95,41,78,34,65,69,71,55,90,36,56,72,37,40,46,63,90,44,88,66,81,50,57,54,76,81,65,51,94,62,61,54,94,70,89,59,64,43,37,97,94,93,46,66,72,95,46,78
30,41,57,41,68,52,76,42,76,40,36,51,91,73,45,68,97,70,83,62,65,61,30,90,30,62,68,38,59,53,85,48,81,33,40,34,97,78,32,72,71,80,37,45,46,81,42,47,96,50,48,75,38,60,64,74,36,62,60,35,68,58,90,44,76,76,34,85,90,44,43,36,50,33,96,38,70,57,74,77,32,86,96,68,68,56,65,30,38,87
61,56,33,48,58,44,82,73,34,90,43,62,67,98,44,59,47,63,94,93,57,49,31,72,73,86,40,76,88,75,64,66,83,44,92,36,67,40,88,77,60,77,66,34,76,45,83,64,43,37,81,31,92,76,34,50,71,70,75,95,46,49,84,54,83,44,30,75,68,71,48,88,52,65,78,72,96,68,77,85,91,32,97,63,68,72,78,34,44,86
35,97,75,47,48,77,63,31,83,37,41,87,55,75,37,33,49,47,67,85,76,69,62,60,65,55,56,94,70,40,41,76,33,62,81,43,42,47,51,46,91,55,47,67,70,78,97,98,54,92,67,59,92,68,98,53,75,57,98,66,49,48,63,73,54,69,47,57,35,55,44,50,67,69,72,48,79,85,87,41,98,72,47,87,87,32,53,54,70,86
68,64,41,49,82,53,95,53,87,95,78,45,43,69,68,94,60,68,75,95,70,80,74,41,61,37,73,78,34,31,50,47,33,72,77,46,48,57,84,92,31,42,90,51,36,50,48,60,94,49,81,61,41,44,70,58,47,84,31,33,30,48,85,44,92,49,49,51,91,86,97,54,73,63,52,96,32,64,65,97,65,86,33,98,51,68,78,72,37,89
38,66,30,63,32,45,79,73,33,54,58,94,51,97,87,36,68,39,65,36,71,63,33,36,91,40,37,75,58,55,92,88,80,32,97,83,64,61,51,95,73,93,78,69,53,94,64,49,61,93,81,97,49,69,96,49,67,82,71,86,45,62,69,87,94,69,74,35,30,85,80,83,53,97,49,83,41,96,48,77,97,38,39,39,81,81,44,58,78,48
81,56,50,91,97,76,30,63,30,63,33,48,62,80,63,60,33,54,46,53,49,65,86,76,95,32,84,77,57,74,81,52,59,83,74,80,87,46,65,98,58,64,46,51,81,90,87,98,47,86,76,32,72,72,55,33,86,32,89,45,73,82,58,94,45,85,98,85,75,58,89,86,84,74,43,77,39,40,39,45,46,97,39,36,88,93,39,66,30,72
37,87,82,91,36,77,54,68,60,31,98,71,37,93,82,45,36,95,60,66,49,38,47,52,33,63,83,73,49,44,60,97,85,83,30,49,81,86,44,31,70,64,62,32,72,56,34,55,41,40,88,60,91,45,45,82,75,79,80,60,85,30,42,58,81,94,39,63,97,34,30,44,38,42,65,44,96,87,56,50,44,94,31,95,83,82,40,46,85,39
85,62,86,87,96,41,75,78,32,77,64,79,61,50,52,36,82,91,67,43,64,75,96,81,93,42,41,36,83,77,84,79,39,79,76,47,60,32,36,32,34,43,86,50,85,43,70,51,91,98,33,49,79,56,78,53,39,87,91,42,69,72,76,35,38,34,77,58,88,46,34,30,81,44,43,83,70,78,57,49,71,93,92,58,49,33,43,64,57,54
36,95,76,51,73,36,87,37,67,96,39,75,43,42,79,36,49,44,50,76,59,77,50,65,58,66,52,97,72,39,92,95,56,66,61,76,86,54,52,98,81,86,80,97,78,49,77,93,44,47,38,80,78,48,90,85,62,41,73,80,64,76,89,35,51,60,72,70,36,59,72,43,93,46,47,57,90,36,95,67,65,34,57,58,34,57,92,85,64,61
36,37,34,84,30,72,55,62,59,42,94,58,46,98,90,57,72,32,32,59,59,46,92,49,85,32,54,57,69,34,84,70,81,33,31,80,69,47,37,30,86,91,88,80,38,59,60,48,94,62,95,74,92,73,89,78,69,57,36,47,52,89,64,93,96,38,81,83,43,82,69,87,31,36,93,30,92,75,40,41,33,76,93,42,37,72,65,81,65,93
38,31,52,73,42,31,59,78,39,60,59,71,64,53,98,57,31,67,64,48,63,44,39,38,46,60,55,53,71,88,53,78,45,45,70,94,82,93,37,95,67,75,56,46,35,59,59,39,31,59,94,36,65,69,77,92,33,51,95,32,82,88,82,87,58,39,31,61,52,88,33,32,91,41,73,79,88,93,50,97,71,98,39,80,67,94,66,47,44,89
56,43,56,57,97,73,72,39,41,75,72,70,40,55,68,93,70,83,56,33,66,65,67,69,81,31,94,34,80,96,34,35,50,43,30,47,46,93,90,85,94,91,33,78,30,31,46,76,39,83,49,43,52,74,51,77,58,52,64,84,32,89,69,73,31,84,92,53,39,95,42,44,73,86,72,88,39,79,75,68,30,62,86,95,87,65,58,90,34,90
80,34,89,61,47,34,63,79,71,71,75,35,94,82,30,36,47,73,57,76,68,97,71,82,89,60,83,89,71,44,60,69,71,91,90,49,53,31,30,98,75,76,98,47,50,55,52,84,50,32,51,53,54,57,51,95,85,92,62,82,93,44,50,72,94,63,40,59,53,62,84,70,36,66,80,86,83,90,46,66,90,58,49,91,42,52,89,85,81,68
78,85,43,34,77,92,70,57,50,63,56,31,87,51,84,38,70,91,82,51,30,95,62,49,95,48,59,60,67,31,91,90,78,82,38,42,35,43,85,62,59,40,72,93,87,96,40,63,34,82,53,81,32,59,87,48,92,90,88,72,73,53,69,40,85,78,56,74,36,57,56,82,45,96,35,88,71,65,94,64,93,43,65,73,70,85,37,73,83,69
62,40,58,40,83,42,85,90,60,53,98,31,92,83,82,43,82,37,60,47,48,95,38,87,63,90,46,43,68,84,53,58,53,38,88,98,79,60,51,73,95,75,35,40,70,79,75,72,63,70,67,47,56,45,72,76,97,31,37,89,97,87,93,65,97,92,81,48,57,36,30,48,44,39,94,87,55,45,76,62,78,86,76,49,71,60,95,58,34,60
72,36,75,72,70,30,98,75,51,66,62,41,49,93,32,55,73,64,97,59,86,58,53,82,75,37,63,48,95,44,47,59,44,62,34,40,56,90,36,68,79,68,91,55,85,75,64,61,45,55,95,84,68,44,56,96,32,94,70,87,51,94,78,41,75,53,85,76,47,78,34,56,68,75,51,96,82,97,52,56,83,67,83,39,78,47,79,34,59,92
93,32,90,43,51,38,91,81,50,58,77,70,53,80,71,69,65,73,56,92,91,85,59,36,36,44,95,33,47,33,37,35,81,85,34,32,88,93,65,92,46,65,94,31,50,32,63,41,98,97,76,80,47,57,92,72,45,32,36,33,96,42,75,52,52,72,51,32,45,36,69,69,51,38,79,59,39,40,92,47,81,88,50,35,70,76,60,90,45,46
56,70,86,49,96,45,82,77,31,77,95,79,45,76,88,63,67,30,57,63,59,34,91,47,40,64,78,87,95,69,66,39,31,31,81,74,64,71,67,44,63,31,78,71,93,76,48,53,78,84,85,92,94,79,76,77,98,31,77,35,41,57,81,73,46,77,97,67,41,38,53,85,49,31,40,83,70,86,71,69,90,76,46,94,89,91,96,61,59,83
92,98,93,78,38,43,82,34,96,58,63,66,65,35,38,53,53,79,45,78,45,42,62,71,59,98,93,41,42,94,51,73,74,33,98,89,46,61,82,83,92,95,31,61,33,51,32,42,30,97,81,60,35,43,58,38,74,97,44,92,40,92,79,66,46,47,41,53,52,91,84,65,42,56,82,86,58,35,84,55,68,96,98,79,89,58,86,57,41,38
50,36,95,89,35,91,63,76,50,31,84,83,88,64,91,60,40,72,60,41,36,57,62,89,58,48,67,86,63,86,55,72,49,83,41,72,49,59,64,55,72,96,83,66,38,61,61,92,58,83,87,62,70,32,76,40,31,81,56,60,31,58,73,31,56,84,70,62,33,59,83,30,37,41,98,97,37,64,61,72,63,82,46,94,83,64,58,76,53,91
76,66,91,84,89,30,77,37,40,32,65,32,93,58,34,53,50,65,79,38,46,79,47,69,53,81,60,39,52,88,73,75,66,54,78,95,58,46,32,46,78,54,41,68,30,70,98,31,74,60,91,80,62,79,93,64,44,73,53,30,81,46,73,86,51,70,59,75,62,77,36,41,71,35,32,46,89,59,46,50,44,54,78,63,93,57,76,59,45,95
72,64,36,88,32,53,51,56,70,98,92,82,79,43,83,82,49,58,45,45,67,42,72,45,73,72,31,88,31,68,30,35,30,31,88,95,31,97,82,63,63,68,78,72,93,93,93,73,42,53,77,97,92,84,83,51,51,98,86,89,43,67,80,38,59,71,42,98,68,48,57,42,70,90,78,67,57,47,46,83,55,54,49,47,74,96,31,84,41,70
55,36,43,56,34,92,46,63,69,60,48,78,52,72,71,71,66,35,63,77,54,81,49,51,55,31,39,96,58,31,44,51,72,34,48,54,74,71,47,46,62,42,84,34,56,88,42,80,42,83,65,31,64,63,46,44,54,46,37,68,55,50,95,97,94,30,65,45,87,67,94,39,56,60,38,81,56,81,36,31,54,93,56,41,48,40,88,33,46,97
30,67,57,37,52,83,34,67,66,91,83,62,68,34,64,58,44,43,32,67,33,62,80,56,98,86,65,59,39,30,53,59,42,38,96,65,75,52,66,51,74,62,37,69,70,33,80,32,43,66,44,52,42,70,76,68,96,95,75,40,38,73,88,98,57,56,45,44,55,93,52,32,53,54,82,62,38,87,50,66,94,52,97,97,55,33,81,49,63,63
69,36,56,90,94,94,49,74,96,62,95,86,33,80,50,93,62,79,41,40,76,88,65,32,30,60,61,37,31,89,53,83,43,75,76,75,85,90,43,69,53,72,82,93,40,94,45,58,64,81,43,60,30,37,45,94,89,98,50,84,38,34,41,48,55,54,70,93,81,55,51,40,74,56,65,56,49,62,54,98,59,54,80,71,46,50,78,56,72,98
67,59,88,85,46,40,98,46,74,83,60,43,74,72,59,37,51,48,61,63,67,30,41,88,47,75,76,39,31,83,39,66,52,89,45,89,78,73,32,38,58,43,90,42,51,88,40,95,40,43,85,50,81,33,50,35,65,55,38,32,52,31,75,81,64,87,54,82,65,62,77,73,87,82,43,43,93,51,69,40,38,78,69,85,41,57,38,66,37,56
60,52,64,75,67,51,46,35,57,68,74,97,46,54,81,42,57,31,57,69,61,68,71,73,30,61,92,87,42,79,59,89,56,38,69,80,80,80,64,68,33,63,41,40,85,81,49,56,81,66,73,49,60,88,39,81,87,75,74,98,74,36,97,90,82,75,56,84,98,79,41,47,37,37,67,94,70,46,98,98,41,40,52,83,51,92,84,32,44,39
96,33,40,40,56,74,49,90,47,93,79,93,34,42,89,57,82,77,64,76,89,88,32,94,48,94,46,83,68,79,34,96,97,55,31,73,33,59,64,94,37,92,96,75,74,98,82,42,47,41,80,83,45,82,78,60,32,94,39,93,59,31,77,51,77,94,93,85,71,36,66,70,30,37,53,43,84,31,45,31,64,36,75,33,76,46,85,67,50,77
48,71,87,32,54,48,84,68,69,57,61,91,59,72,77,66,71,56,85,90,83,76,85,73,37,55,43,68,72,97,94,53,30,33,77,88,43,56,32,79,56,55,56,51,83,51,65,43,72,48,81,58,95,88,68,96,67,87,87,64,63,88,78,70,67,58,45,66,55,51,59,58,55,35,80,50,98,50,67,87,90,73,59,34,44,75,66,85,59,80
46,53,71,64,57,73,53,53,38,91,48,72,50,38,40,78,91,88,64,30,94,81,84,73,78,69,66,66,47,66,55,45,74,61,69,39,76,70,36,34,79,94,47,60,82,74,38,64,67,42,49,58,35,61,70,35,38,98,79,31,90,30,77,54,31,69,95,76,33,96,71,55,71,47,51,71,94,77,72,82,66,34,63,92,87,62,53,79,86,37
94,49,44,83,53,37,83,74,53,33,57,45,87,80,69,53,82,52,57,32,79,71,88,78,59,49,80,42,51,72,86,57,75,93,43,86,70,49,54,95,50,52,32,53,81,84,56,51,73,54,33,78,70,92,49,35,93,88,71,51,59,48,69,91,45,51,85,54,66,56,57,66,44,32,57,57,46,57,31,78,39,91,96,77,93,98,85,57,80,46
73,80,34,64,45,95,63,47,38,85,43,41,80,50,31,42,48,79,61,97,87,34,63,88,77,67,44,52,40,95,78,37,49,98,56,55,34,42,61,58,64,78,83,46,93,32,81,84,37,97,82,86,95,30,87,35,67,51,83,60,62,84,65,50,71,64,64,94,36,42,54,68,37,75,84,41,42,73,36,36,77,70,65,46,92,38,49,73,67,35
56,79,44,77,35,36,88,78,90,44,57,55,80,81,84,67,73,69,42,42,93,83,76,86,95,60,66,88,54,56,59,88,56,97,95,40,94,90,87,44,78,44,65,92,54,86,38,72,65,80,61,78,84,64,71,76,68,62,74,80,34,75,63,70,95,85,69,32,79,92,30,42,79,38,36,50,36,72,72,50,55,37,49,55,40,73,58,35,71,50
34,54,42,95,38,68,54,33,45,56,80,36,79,47,62,64,87,94,82,55,45,54,67,74,31,32,73,85,67,64,69,68,41,44,32,59,81,37,69,55,68,92,58,30,36,86,33,83,63,47,72,60,95,88,40,32,68,62,46,57,44,40,38,31,55,66,57,82,55,75,82,65,70,53,72,87,77,32,30,62,82,70,60,59,50,89,33,39,37,83
32,53,81,76,31,56,33,92,50,48,56,46,56,92,85,77,67,36,81,98,61,70,56,55,82,55,98,81,82,71,36,57,98,98,35,83,79,32,45,44,66,31,66,37,84,47,92,75,54,52,98,88,84,51,81,79,40,36,46,54,48,88,91,65,91,67,67,66,55,43,93,67,94,31,80,88,30,62,69,60,32,93,45,73,47,40,55,58,66,47
56,49,49,37,45,47,90,37,63,86,60,84,87,69,39,94,49,85,78,79,86,57,40,66,58,33,69,73,30,95,76,57,85,55,51,78,82,32,66,49,47,93,40,95,87,41,89,64,72,45,62,98,63,92,90,42,42,33,69,33,63,48,81,73,96,69,41,86,76,56,57,67,52,61,88,60,88,49,71,72,64,57,68,93,77,80,36,81,42,82
61,59,47,87,62,57,80,58,36,43,44,87,76,70,75,64,91,92,65,97,59,88,87,42,53,91,95,33,98,56,45,58,70,40,41,86,62,56,36,56,47,60,32,62,93,79,95,38,89,82,53,62,84,60,41,48,38,46,60,31,86,95,70,64,85,59,56,46,96,65,60,39,66,78,97,87,85,92,68,66,49,78,94,78,33,72,82,39,75,98
40,40,78,34,82,96,86,53,48,48,32,60,96,96,44,47,76,57,90,50,58,98,78,95,50,88,87,71,88,69,96,36,66,52,49,54,85,93,45,32,54,63,89,60,53,94,98,65,57,90,37,36,30,39,35,93,42,74,43,70,74,50,59,71,87,70,69,72,61,35,87,63,43,46,45,36,92,89,85,88,39,81,79,66,91,57,79,43,48,68
75,39,95,50,77,67,67,94,78,72,63,66,97,91,37,55,80,87,80,56,80,50,89,47,89,66,82,43,94,59,58,50,90,48,40,34,30,34,62,49,85,40,88,83,96,92,47,53,69,40,95,35,94,34,89,46,97,34,67,62,42,70,65,63,34,97,66,48,60,40,46,43,85,86,65,98,38,31,61,60,41,45,41,36,54,61,54,96,36,91
41,84,41,90,82,51,52,44,69,56,34,52,61,37,81,68,61,59,63,89,71,36,72,81,31,70,75,77,37,62,74,49,88,71,91,97,31,62,91,71,71,61,88,43,86,60,59,67,48,62,91,78,73,86,66,95,36,38,62,62,59,30,38,50,86,36,75,69,58,39,96,77,42,42,32,35,43,71,86,84,98,97,44,57,46,84,92,66,78,81
77,50,68,46,66,31,73,90,41,74,76,95,36,33,97,43,58,75,88,68,50,77,54,45,83,56,76,39,83,78,53,61,91,67,51,67,57,68,37,65,82,71,36,96,44,84,61,38,91,67,51,67,43,49,76,62,72,46,74,96,75,90,30,79,59,53,91,91,84,47,70,63,84,86,72,64,68,44,89,40,90,69,59,76,90,62,80,91,37,31
79,62,59,35,50,49,37,70,38,95,92,67,34,56,75,58,50,71,54,38,93,85,68,83,62,46,89,57,31,74,84,79,96,91,72,69,53,73,42,63,55,78,70,64,60,46,63,33,39,37,95,76,49,79,64,34,34,70,82,32,59,58,84,60,97,81,69,66,77,92,77,32,91,53,45,87,73,95,77,72,34,81,59,64,41,56,72,34,45,90
92,61,57,39,46,91,59,39,77,44,95,88,78,36,42,58,81,57,36,81,81,75,92,46,63,94,84,65,69,32,58,92,88,50,52,83,88,87,55,66,87,60,67,36,75,94,77,59,35,62,77,86,76,96,84,46,68,44,83,58,57,97,37,52,71,33,41,73,62,88,95,96,64,66,76,57,97,52,84,39,34,41,75,74,59,48,30,42,30,57
89,75,35,59,37,87,57,51,69,83,41,79,51,44,59,82,53,78,89,88,33,87,82,61,31,41,32,52,97,38,34,54,47,85,57,65,67,32,79,93,77,77,39,31,38,30,40,87,63,91,31,72,55,91,42,85,92,72,68,96,40,31,41,34,63,86,82,35,30,89,35,62,43,76,47,55,60,93,72,89,45,58,98,67,35,42,39,31,53,73
31,30,85,33,98,83,91,63,88,65,39,91,51,65,88,93,96,57,93,75,85,57,79,69,62,58,93,78,35,72,85,82,83,80,97,41,64,53,72,57,32,57,33,74,91,88,79,51,75,88,79,67,63,86,67,61,37,35,66,80,80,61,42,88,34,70,75,87,71,40,55,66,58,30,94,85,97,93,89,58,80,37,53,40,71,77,79,52,98,72
33,83,50,96,46,78,59,45,41,96,49,51,65,87,76,85,65,95,49,30,72,86,31,68,88,69,41,92,86,34,77,92,36,64,88,33,93,90,37,97,79,91,72,85,64,90,45,60,39,35,60,85,51,61,63,78,78,75,33,94,66,30,62,40,64,50,98,35,67,64,45,97,38,84,38,53,62,66,43,94,78,97,47,81,98,78,89,65,56,80
67,60,68,64,59,44,46,42,66,52,68,83,34,91,72,46,41,76,32,32,84,56,69,68,90,69,88,97,92,65,38,33,47,45,62,88,45,87,47,56,96,75,61,61,40,47,59,79,95,72,88,58,30,86,51,44,96,60,73,46,75,45,71,60,74,45,54,41,59,41,91,30,42,43,70,86,54,64,67,38,46,53,63,86,68,64,72,90,64,92
75,95,96,67,32,57,91,73,48,83,76,78,67,68,67,82,73,33,41,58,40,63,50,51,67,80,98,37,78,84,80,73,59,96,56,52,96,35,42,30,87,31,65,81,34,36,38,90,64,47,97,68,32,53,52,81,58,65,62,34,89,92,82,77,47,55,41,31,65,70,32,47,30,45,55,42,56,98,36,32,83,60,46,55,49,50,81,83,30,87
92,93,51,71,53,90,37,55,32,69,83,81,62,64,67,59,77,57,43,74,70,44,81,57,71,74,40,62,57,63,80,62,43,65,37,41,75,37,34,75,47,94,45,40,91,87,97,96,76,62,94,66,56,77,96,54,90,62,57,71,78,36,43,48,97,78,65,85,65,78,98,82,63,60,36,48,76,65,86,42,90,44,56,97,47,32,80,43,34,67
66,62,43,64,44,75,85,75,40,54,59,61,42,64,80,96,95,47,36,32,64,59,57,82,62,86,41,62,90,71,94,55,46,72,62,98,78,34,49,84,88,86,63,46,44,51,66,31,43,44,98,40,31,61,65,36,87,64,50,44,64,44,66,70,97,44,57,32,47,78,95,59,46,88,43,60,37,40,67,30,63,38,74,43,43,50,85,52,93,59
81,64,64,84,67,59,77,89,71,32,45,67,41,83,48,87,88,54,83,73,87,68,52,51,73,59,62,73,97,69,84,41,54,80,83,44,95,84,67,67,87,35,44,90,52,91,57,95,46,52,70,33,88,64,74,85,64,52,70,73,40,95,81,64,33,49,50,30,57,71,31,48,71,82,44,91,97,31,79,71,40,92,59,69,39,49,44,77,38,94
55,71,64,40,50,62,76,55,78,82,48,92,93,95,52,95,55,44,66,54,31,40,93,42,65,88,75,98,64,34,93,88,49,59,42,65,73,60,58,74,55,90,54,63,94,73,89,54,38,91,74,44,74,76,94,74,78,77,72,40,57,80,93,43,58,83,67,82,81,50,88,53,31,71,43,72,56,97,39,48,79,50,59,65,82,72,44,56,81,97
31,72,48,69,60,76,46,47,58,61,46,32,53,44,76,43,59,39,81,67,83,41,94,84,84,95,79,96,48,75,76,41,51,57,37,46,41,81,38,33,56,76,68,63,90,65,78,54,56,86,96,59,58,84,37,43,72,68,31,72,54,77,84,53,79,56,37,36,62,96,59,67,49,93,37,52,96,69,41,45,94,89,87,61,33,42,37,42,46,71
76,42,75,62,96,87,92,39,85,96,97,78,79,94,81,43,66,98,98,72,97,68,42,39,54,82,97,38,66,96,77,52,48,82,87,55,35,31,58,77,33,74,86,53,47,45,50,82,97,30,67,64,71,39,57,74,81,51,57,73,80,67,62,53,59,34,82,38,87,59,69,53,37,33,88,40,32,43,67,73,48,73,35,38,31,48,71,51,78,30
87,70,77,97,84,85,30,82,48,97,63,82,47,77,72,96,35,58,67,30,30,38,62,95,59,50,62,97,94,62,74,93,48,36,94,81,44,79,39,40,78,57,51,42,96,98,30,80,31,83,57,57,30,47,34,79,42,97,87,66,80,66,48,82,45,88,92,59,98,37,78,31,67,96,72,57,90,71,31,36,53,37,72,72,73,31,41,79,95,75
76,71,61,66,69,53,64,63,85,52,61,92,95,43,32,93,45,64,42,73,54,74,97,72,66,94,95,77,33,84,96,45,96,52,69,50,94,63,55,84,73,58,39,50,88,96,85,84,97,72,30,70,96,56,70,57,83,31,83,59,55,75,52,62,74,39,67,95,52,68,51,64,59,58,60,45,33,49,57,92,91,94,88,80,35,67,79,60,81,98
38,76,55,87,32,65,95,71,47,47,89,60,98,33,70,77,44,61,65,83,76,90,56,93,71,60,62,72,52,47,31,79,31,83,96,33,94,33,62,47,95,40,58,60,98,39,70,32,88,38,66,62,72,38,75,39,48,56,83,41,37,53,79,98,79,66,59,51,58,98,63,32,74,47,69,77,92,69,45,31,81,71,54,94,45,87,74,82,40,44
73,43,88,68,58,30,83,40,32,86,44,32,96,70,65,59,45,46,41,47,97,43,84,38,77,71,87,96,74,89,54,61,30,30,33,75,31,76,52,96,71,69,35,79,62,45,59,78,49,60,46,32,38,73,40,31,40,62,56,62,64,74,42,83,45,41,40,41,74,67,52,47,68,67,57,92,48,58,36,50,72,67,83,56,97,37,49,79,35,31
50,71,33,37,53,42,95,52,90,68,72,59,40,85,92,79,58,98,31,66,73,70,47,86,72,65,91,39,35,41,72,39,86,64,65,89,85,77,84,59,43,30,32,75,45,67,96,53,50,96,80,82,74,72,88,86,48,51,83,45,53,81,44,74,43,64,43,37,88,52,32,73,54,79,38,72,93,82,87,72,86,34,83,54,89,57,81,91,40,96
42,57,96,48,73,35,39,63,63,79,53,32,84,84,40,55,64,66,36,57,83,30,73,73,57,57,33,33,50,46,58,57,32,78,55,43,60,31,46,61,45,47,76,80,78,45,40,59,64,68,50,93,87,60,58,93,78,76,73,55,73,60,88,39,85,60,43,62,65,41,97,57,72,62,75,88,81,30,62,78,81,97,68,79,65,47,98,33,63,36
79,90,47,87,64,89,45,92,90,31,54,45,96,98,77,39,81,31,57,74,97,90,92,85,80,83,85,30,63,75,43,95,61,86,56,48,94,61,97,85,88,52,87,69,35,79,84,60,46,91,41,61,31,79,55,82,43,44,51,88,69,43,31,47,92,40,30,93,50,59,61,62,85,33,77,44,97,71,61,49,76,70,48,94,92,96,80,83,87,88
48,73,98,98,92,89,32,87,66,97,93,94,84,30,33,37,34,89,63,74,56,86,45,35,92,63,83,56,95,39,47,69,68,91,89,39,41,86,89,35,75,62,66,98,70,87,69,32,61,88,57,50,91,86,79,93,40,37,57,60,64,66,66,68,35,71,30,76,71,65,98,96,93,51,57,35,98,60,35,98,44,68,40,61,66,64,56,40,38,49
61,55,84,37,44,47,94,71,69,92,81,77,41,72,45,80,93,34,65,58,72,94,87,35,91,40,58,68,56,41,74,41,86,53,50,49,54,37,72,71,88,69,62,72,97,53,55,66,83,64,90,71,65,85,39,62,78,53,48,34,86,67,35,96,58,61,75,47,35,48,39,92,75,63,52,57,52,61,88,77,65,46,96,46,60,70,92,75,40,65
52,75,84,33,72,34,90,72,49,45,71,98,78,93,83,91,73,89,54,73,62,89,41,71,59,39,81,49,84,68,70,58,93,32,72,86,71,38,50,94,54,32,88,61,77,41,85,62,50,31,96,46,37,39,93,36,67,93,68,78,64,89,90,44,48,89,63,87,89,80,38,30,48,33,86,51,49,59,86,75,36,84,44,83,91,35,50,51,66,55
90,88,49,90,31,69,91,50,94,87,64,40,30,77,67,97,40,37,53,47,63,36,48,88,44,84,91,37,64,54,68,90,87,54,92,66,54,57,63,66,87,92,47,49,66,72,61,37,78,88,84,73,48,35,56,87,41,34,45,83,37,96,77,63,33,68,56,68,74,71,34,62,38,63,84,97,70,75,55,61,40,89,72,52,35,56,53,83,43,40
42,76,81,37,61,91,95,94,39,62,85,38,49,94,69,70,70,85,63,42,31,84,46,33,71,92,94,63,67,77,75,50,55,89,58,31,73,98,47,48,77,87,34,60,63,62,45,88,84,69,92,79,48,69,51,45,34,75,36,54,65,89,83,97,43,39,68,32,59,35,94,36,48,69,60,91,89,72,95,56,33,61,77,56,57,40,66,93,96,40
31,89,58,83,64,68,36,68,41,31,79,46,64,60,72,73,30,40,32,65,60,33,52,68,54,91,61,43,72,88,61,42,82,55,69,89,65,33,35,44,58,81,96,98,70,62,96,41,83,95,77,84,83,54,35,84,74,74,38,30,95,84,47,39,68,68,77,49,81,39,85,87,50,58,82,47,94,91,57,46,92,85,43,73,92,63,59,48,90,39
87,54,42,75,73,74,91,77,73,96,98,47,57,90,60,89,97,49,43,82,30,37,65,74,96,71,34,73,43,92,64,51,42,63,80,68,39,49,84,87,89,97,93,59,69,37,84,79,95,39,53,66,89,64,96,35,44,88,49,64,75,44,52,90,66,90,36,90,85,54,42,50,92,74,82,58,33,39,93,45,48,41,48,98,57,45,76,91,86,97
31,88,73,53,30,79,70,45,64,81,36,67,77,32,91,83,89,51,90,84,50,71,50,91,61,46,91,39,35,88,42,39,73,92,92,64,35,31,57,49,58,34,85,66,93,36,49,38,47,85,76,40,59,95,67,43,41,59,51,54,69,95,65,64,72,80,77,83,91,98,98,78,59,88,94,59,51,65,97,81,83,40,72,47,88,35,85,90,58,76
61,48,78,51,98,90,91,77,41,69,66,71,79,40,38,41,77,55,45,33,35,39,69,34,61,66,35,91,79,78,76,33,61,73,74,49,91,93,93,66,38,46,92,32,83,66,89,63,44,90,33,74,76,38,83,72,44,73,33,50,39,77,85,69,51,94,80,50,91,78,44,54,59,77,42,74,86,47,48,41,58,64,90,52,88,35,34,39,58,47
42,86,63,92,61,89,61,59,41,88,40,89,35,79,70,96,54,86,79,47,96,84,93,90,64,78,43,45,39,33,37,87,50,64,53,54,75,80,51,36,75,35,68,62,65,62,42,81,42,54,87,69,51,57,41,47,61,73,31,55,70,86,86,70,33,44,84,98,66,54,62,82,54,94,60,40,94,33,70,32,56,91,70,70,73,57,90,88,39,49
95,48,41,55,55,92,55,56,94,87,57,63,83,73,38,48,96,64,55,98,64,48,98,83,38,85,46,69,38,61,41,93,63,77,95,55,67,68,79,95,81,35,48,40,84,37,50,66,32,64,65,32,50,38,72,69,57,95,89,57,72,58,93,64,58,46,68,53,73,86,93,93,84,95,41,95,36,35,85,35,71,43,79,55,75,68,87,88,76,95
44,78,86,37,50,97,30,84,48,97,59,53,60,91,50,68,92,36,45,82,63,65,86,45,55,48,58,89,66,37,35,36,76,66,56,93,48,95,57,64,88,76,96,96,51,95,92,47,30,36,38,51,90,77,83,89,92,86,44,82,67,50,33,34,56,41,91,53,47,59,62,51,34,65,97,49,78,90,62,97,57,76,76,38,54,52,64,59,41,61
47,81,91,39,71,68,86,53,65,60,81,48,45,88,32,42,54,72,39,76,84,96,74,37,52,88,30,46,74,72,70,63,68,59,74,89,83,91,65,48,44,79,55,73,80,75,60,60,37,46,83,41,58,71,69,86,46,70,55,36,96,55,82,81,69,42,57,63,41,89,51,53,68,30,59,49,49,33,79,74,76,32,51,74,92,93,86,36,96,86
59,91,42,66,38,94,93,38,85,81,79,52,45,53,70,95,62,49,93,75,85,90,92,79,51,67,30,91,71,32,96,51,50,53,77,54,34,45,52,86,32,66,30,88,73,60,78,86,98,45,30,40,80,45,57,60,72,34,43,63,49,79,84,57,48,62,68,95,66,75,85,43,93,38,72,61,63,65,64,72,42,54,61,92,72,69,98,83,45,55
59,55,33,85,70,69,92,70,85,66,97,42,44,87,78,66,47,89,45,57,52,68,31,92,53,36,46,49,43,48,55,45,85,80,66,63,65,39,57,81,31,50,57,72,92,32,66,40,57,82,95,81,56,76,85,42,41,48,87,42,55,53,65,97,67,42,43,37,88,97,96,57,55,55,98,85,63,52,42,47,41,91,56,95,58,37,79,31,33,98
73,79,53,42,72,66,71,91,93,88,72,92,39,95,31,49,78,43,92,84,42,89,51,80,68,42,33,68,68,61,93,78,96,79,39,90,81,86,56,34,43,41,30,93,49,68,47,93,30,69,89,93,91,67,83,72,78,71,98,57,85,76,68,63,67,63,45,32,32,70,74,30,32,86,89,56,97,68,36,62,83,60,42,96,47,96,63,43,55,65
62,73,98,95,74,85,39,55,95,55,88,85,56,77,36,79,80,43,59,61,77,95,47,94,30,87,34,69,70,98,46,78,85,65,60,41,45,49,45,51,64,45,78,81,92,85,73,87,63,30,85,46,90,70,83,71,44,67,98,58,65,61,81,90,31,61,67,62,48,61,57,53,81,65,93,49,44,77,45,42,44,83,97,53,93,76,66,95,96,48
69,36,62,33,36,79,70,44,74,59,30,82,38,86,65,84,44,98,78,87,37,34,82,88,54,57,80,40,98,95,55,75,93,95,64,74,98,36,30,70,94,39,32,93,43,46,34,33,82,55,82,93,86,76,69,40,42,82,75,34,72,92,90,84,67,40,92,58,83,69,97,59,33,39,52,70,47,88,88,67,87,47,39,34,63,80,91,91,53,83
78,58,83,68,36,93,98,53,70,57,94,54,42,57,47,71,63,82,66,76,59,44,43,61,39,31,44,60,65,63,37,60,95,37,57,62,64,66,30,78,30,75,50,66,85,72,33,85,97,47,57,82,47,82,61,96,82,60,30,70,70,48,58,41,38,90,35,70,53,65,96,87,57,69,90,55,37,89,34,42,86,32,49,45,48,71,92,59,90,59
77,80,48,36,37,50,62,67,70,45,53,91,49,38,37,73,47,82,70,44,96,86,36,84,90,94,53,79,83,57,42,35,65,49,77,67,89,49,41,83,46,36,40,81,58,37,98,98,55,90,38,42,73,49,38,38,74,55,55,88,66,87,64,94,59,94,46,46,84,74,30,31,37,77,56,92,41,91,76,59,47,63,30,89,30,92,63,34,49,41
62,38,97,33,49,77,33,88,81,78,76,72,48,69,81,71,90,69,36,49,93,61,91,52,93,62,94,39,67,92,65,78,88,66,83,30,83,43,85,44,94,67,88,50,86,51,77,84,33,57,92,69,48,66,71,69,59,84,49,89,90,75,73,71,59,34,52,78,63,96,68,40,90,83,75,51,37,77,45,39,52,36,58,71,70,33,94,47,83,57
97,91,71,64,83,38,82,97,55,85,89,47,70,79,96,54,38,58,43,68,90,94,50,44,32,87,65,77,64,54,30,96,50,95,62,69,52,79,90,50,67,34,34,60,70,64,97,32,67,44,33,43,62,57,32,41,87,58,49,69,70,91,64,74,57,38,58,46,38,40,61,67,90,59,44,85,47,41,79,89,78,45,64,52,77,83,98,93,71,96
37,47,40,50,41,66,33,40,31,88,46,55,78,41,97,73,34,64,74,55,33,51,85,72,41,65,38,34,79,89,94,55,84,38,73,68,41,83,47,45,55,68,71,96,56,96,74,82,60,83,67,94,92,49,92,69,74,70,64,31,86,49,43,80,81,90,65,73,87,89,98,91,80,51,72,56,71,97,42,42,78,75,65,32,80,39,39,53,41,89
93,62,65,77,30,54,90,86,75,42,67,91,59,69,68,74,77,78,45,73,92,42,78,83,94,38,53,54,46,74,51,97,70,74,59,38,67,94,94,39,88,66,81,58,35,58,97,36,89,43,30,46,74,40,35,41,41,31,72,47,87,69,66,90,69,75,95,77,98,81,87,57,36,34,60,96,53,40,88,73,35,46,50,66,84,87,78,73,56,77
32,76,44,74,68,96,50,73,30,91,65,83,76,67,80,33,80,77,87,43,36,61,45,69,43,67,58,81,79,74,85,61,94,88,57,45,41,91,59,98,90,95,64,59,51,34,64,62,93,49,77,76,70,61,72,96,33,59,47,51,94,34,36,87,51,43,60,71,56,55,49,41,87,31,83,98,88,92,74,33,55,88,62,67,94,74,71,64,62,63
70,42,72,79,82,80,31,54,85,75,71,35,31,58,30,51,57,58,45,72,90,53,61,76,82,76,43,57,49,94,55,31,37,90,51,54,98,48,86,36,68,51,88,72,98,95,91,86,93,36,62,80,85,91,44,72,30,79,74,36,96,81,51,52,84,38,49,37,57,56,48,62,31,59,56,84,61,97,98,57,97,81,91,72,43,33,72,75,92,37
30,34,62,73,90,54,56,31,56,85,31,89,39,65,82,49,39,34,72,37,69,30,43,89,47,68,44,95,94,62,81,35,49,32,60,49,35,68,36,35,57,51,98,82,63,80,42,62,66,56,90,68,52,40,75,85,37,38,52,72,39,80,95,33,67,55,56,90,90,76,41,92,55,45,61,53,40,67,38,85,87,98,93,38,89,92,35,66,76,46
61,40,96,59,92,49,90,68,98,63,32,37,66,93,31,63,67,31,90,81,46,72,48,56,84,51,85,68,54,87,67,49,54,67,88,71,42,94,35,61,54,93,70,66,69,83,51,75,51,34,87,49,80,66,47,31,37,70,80,48,31,94,35,71,45,37,46,44,57,36,57,86,80,59,88,58,71,96,38,61,42,82,79,70,50,98,65,51,86,38
40,80,96,51,93,73,62,41,86,31,92,64,80,33,98,72,69,92,46,88,62,57,38,90,30,49,79,63,34,60,54,68,39,68,85,45,66,98,67,89,59,85,79,67,77,56,33,73,84,78,94,78,76,43,47,76,38,61,67,31,50,62,40,32,91,35,32,46,70,76,98,63,53,69,86,62,55,34,46,80,59,45,48,65,76,84,70,34,58,42
98,68,39,49,98,84,92,85,95,61,38,52,51,54,36,59,90,58,58,50,56,34,55,77,49,52,88,65,51,92,92,98,62,92,81,38,72,33,97,81,73,55,75,95,72,42,65,90,37,30,64,46,68,81,45,60,59,98,37,62,96,72,78,90,50,39,32,97,49,37,84,43,81,79,88,63,57,46,85,53,92,68,97,93,37,44,71,97,60,72
72,78,97,45,51,45,90,61,33,38,53,72,75,73,45,67,43,87,72,33,49,67,39,71,98,72,97,91,85,90,72,42,51,82,78,38,88,64,40,50,86,92,53,87,52,77,93,64,93,38,90,67,32,94,89,89,44,49,44,89,85,40,32,30,66,80,47,82,76,80,77,62,51,69,34,98,33,83,70,64,52,64,59,78,55,91,87,81,41,86
45,37,77,30,66,51,81,66,84,44,64,97,49,39,30,77,51,94,47,78,47,42,35,58,52,60,89,63,73,78,84,48,66,79,82,33,88,46,64,42,92,33,98,62,62,51,32,39,94,65,68,83,63,77,92,83,97,63,91,44,43,67,40,77,35,97,43,61,30,41,73,90,86,68,96,94,61,94,48,34,48,67,86,55,72,89,62,58,98,40
34,70,90,68,61,49,37,54,83,54,62,36,93,36,45,87,46,66,72,56,31,72,67,80,78,93,92,75,73,96,88,90,56,85,93,95,34,41,56,73,39,32,61,75,43,98,97,46,77,66,37,92,93,60,42,31,83,30,84,37,64,57,74,36,47,59,51,85,86,55,91,71,60,34,92,50,96,68,95,55,30,45,53,88,37,40,89,76,96,84
71,71,31,84,80,72,40,82,66,59,46,95,84,47,56,64,91,83,65,67,56,91,77,84,81,52,90,78,67,38,77,86,60,54,74,43,38,50,75,49,62,87,50,90,78,82,84,57,81,79,63,56,96,81,92,66,40,57,44,39,74,98,85,74,59,57,49,43,49,61,68,59,62,73,82,87,92,62,52,48,42,89,40,53,42,32,51,83,83,40
58,53,97,54,60,90,80,44,72,60,38,38,41,95,59,47,53,48,81,98,66,68,57,94,75,38,66,85,37,55,66,36,55,80,80,59,72,36,87,30,70,35,70,53,66,47,69,48,67,73,88,98,81,68,58,58,68,94,65,56,84,96,35,66,88,63,41,75,87,42,59,63,60,96,48,93,90,46,49,62,60,75,43,30,98,93,84,78,71,46
51,85,95,55,81,88,37,93,93,79,43,72,86,97,65,81,95,83,65,37,95,67,36,91,72,68,50,65,63,98,38,49,69,57,79,35,78,72,32,48,67,43,98,76,86,39,86,88,68,93,32,52,61,87,49,74,97,30,62,79,61,98,82,95,80,89,93,50,64,78,97,80,37,30,36,48,54,93,73,59,60,33,31,94,68,57,86,44,66,58
90,75,61,98,82,53,86,30,74,67,93,33,81,32,70,55,56,79,39,95,62,71,42,84,65,62,82,78,31,59,98,90,45,82,61,79,37,58,35,80,53,66,76,34,69,85,45,76,53,31,55,93,84,91,58,40,40,36,41,63,73,56,54,68,82,96,70,37,33,65,49,82,42,81,39,58,38,51,31,39,79,74,67,98,93,78,63,57,65,40
63,68,39,90,73,57,43,85,53,91,94,98,66,69,80,97,38,68,73,61,40,88,50,66,81,96,53,77,62,67,58,93,54,92,46,31,78,89,66,30,93,92,87,34,58,30,31,55,93,46,38,87,67,85,47,77,82,94,82,51,83,66,74,59,33,48,65,79,95,61,83,49,59,50,71,70,74,55,52,59,86,55,30,68,44,31,89,38,49,71
37,54,84,64,76,30,52,36,47,68,56,39,55,66,84,44,42,80,82,87,59,41,68,43,40,37,42,60,34,83,90,37,90,94,83,68,98,90,31,96,89,76,82,40,72,86,38,84,83,85,30,48,51,88,35,34,82,92,42,69,47,30,66,97,67,39,64,74,84,68,40,92,32,85,96,87,54,94,84,69,42,92,56,40,51,73,71,81,64,46
59,80,94,88,36,54,59,39,59,47,37,57,47,83,30,50,75,59,97,43,89,40,93,42,69,98,37,97,69,56,95,82,62,72,58,33,98,69,54,66,51,39,48,52,95,92,81,79,98,85,85,64,92,65,33,81,31,91,49,85,43,86,71,96,62,59,71,88,63,95,65,51,49,71,40,42,44,71,71,90,49,97,45,84,55,77,37,90,84,89
95,65,36,69,58,45,62,86,43,84,70,36,47,85,81,60,31,59,71,97,67,34,80,93,49,41,65,44,59,62,98,67,90,40,70,58,70,45,59,31,48,42,48,52,81,37,67,51,38,62,95,54,97,33,50,77,34,52,48,63,97,56,64,48,63,63,93,58,88,43,75,92,90,70,42,40,62,56,78,34,89,65,87,79,90,87,86,50,55,56
57,71,50,48,46,56,45,95,56,67,35,51,77,51,61,66,58,70,39,85,63,30,39,96,64,78,38,73,42,32,77,47,49,49,66,34,54,76,63,41,40,51,58,88,30,63,58,86,35,34,56,34,76,46,89,65,62,67,46,39,46,97,81,41,81,47,58,56,78,84,97,61,32,46,34,41,83,61,41,76,42,76,74,38,96,72,62,84,32,82
36,90,46,40,75,80,41,88,92,61,67,52,69,65,87,74,40,72,40,31,68,70,95,41,93,76,32,39,60,72,88,87,72,66,34,53,31,56,62,63,58,86,51,59,77,76,95,53,78,45,50,80,59,64,44,65,32,77,81,40,82,95,97,52,44,94,93,32,54,42,98,77,86,84,53,56,89,79,58,79,85,43,92,78,30,32,86,62,97,66
87,77,77,36,78,42,59,71,77,36,60,33,68,57,59,49,38,91,45,48,33,62,35,44,68,68,93,95,30,72,47,75,52,75,86,47,46,69,96,89,59,94,44,96,72,82,39,56,69,88,87,89,42,51,37,58,67,53,70,59,76,41,81,72,52,87,68,95,47,49,81,97,37,81,83,50,84,73,61,95,46,55,35,58,34,90,37,73,83,87
76,92,59,78,56,74,92,75,98,76,79,82,82,40,45,55,42,44,32,43,80,38,86,73,60,43,59,30,55,69,48,84,60,82,38,32,84,63,36,86,30,47,65,73,72,71,59,77,92,34,40,68,92,71,56,58,64,94,98,46,70,69,95,49,35,73,47,47,79,73,66,54,66,95,70,70,46,64,45,96,57,95,77,72,48,97,87,41,57,54
62,68,34,65,73,78,49,43,90,61,33,71,31,68,63,57,72,56,89,37,75,90,54,97,74,34,34,48,76,61,36,50,61,67,32,54,63,74,79,78,71,95,41,59,60,35,96,90,38,70,89,49,89,96,72,45,82,67,47,36,37,83,46,60,34,56,77,89,42,69,87,62,89,94,94,36,90,78,51,88,78,83,43,58,36,82,42,71,68,90
80,83,37,67,57,63,38,44,87,34,39,50,74,46,98,87,43,38,92,88,65,36,94,46,35,35,81,49,68,31,73,51,77,90,58,82,35,44,63,46,59,87,30,71,68,81,70,70,96,71,67,44,67,51,31,33,45,83,33,39,86,78,55,45,94,98,82,73,91,92,49,89,63,88,91,90,88,37,91,51,51,47,46,35,66,75,50,81,52,97
59,83,40,73,77,67,60,36,88,90,94,57,77,35,74,89,44,86,61,59,65,96,75,74,62,79,30,74,79,76,69,73,34,59,75,41,86,95,69,74,70,53,90,76,43,79,53,36,92,84,91,96,85,40,73,58,35,84,55,48,70,80,70,43,96,77,40,45,36,71,86,36,43,87,83,52,38,70,30,73,32,78,49,61,82,97,46,55,47,96
80,35,63,92,39,68,65,80,98,87,50,57,94,79,98,79,71,69,34,48,66,44,57,32,73,33,43,69,96,33,90,65,64,92,95,84,44,40,98,33,37,94,63,35,76,91,92,43,73,58,31,66,83,51,95,49,93,42,82,36,76,93,82,79,66,88,91,60,75,62,71,78,44,86,69,96,77,52,86,43,61,34,97,43,40,69,62,91,39,69
33,44,61,40,64,43,98,50,88,94,43,36,52,48,65,68,72,58,73,86,32,96,39,34,33,60,71,40,37,81,87,44,45,83,95,80,72,37,32,74,94,96,55,80,67,70,32,56,49,69,65,62,59,55,33,97,35,58,90,80,64,34,79,93,55,93,49,60,94,64,53,38,55,84,74,92,69,48,41,89,49,30,88,79,43,41,79,91,52,36
32,93,54,92,57,86,92,89,84,80,71,57,83,77,66,48,81,90,54,64,62,33,51,53,80,39,54,44,70,72,79,80,86,55,61,43,40,34,53,94,54,49,70,65,64,82,41,39,70,51,38,63,46,72,36,89,34,82,89,34,51,71,46,85,82,71,69,46,78,75,45,35,73,65,31,61,62,79,72,60,98,48,84,41,56,90,57,34,80,66
96,76,54,82,30,37,78,30,82,89,55,79,30,39,78,81,31,96,34,48,59,65,31,80,38,75,80,55,52,44,46,95,74,74,45,35,95,61,33,37,92,44,43,40,40,68,47,62,83,34,90,61,74,78,31,31,94,49,78,34,64,59,96,76,85,96,46,30,97,61,98,32,82,93,30,61,35,55,96,74,35,31,50,31,53,86,67,33,74,66
45,69,63,38,53,96,59,92,88,95,62,85,33,61,51,85,37,91,68,68,88,37,60,30,41,83,85,71,53,97,60,38,42,97,62,92,85,58,65,40,32,96,95,85,73,72,79,30,53,30,31,68,65,80,84,63,64,94,58,85,39,90,41,60,62,32,51,95,37,61,62,56,41,93,83,45,60,93,72,31,47,32,30,82,41,83,61,43,77,43
69,91,39,42,84,88,65,55,74,64,97,58,61,60,70,74,87,40,37,67,40,84,78,56,48,88,90,31,55,40,57,50,65,38,54,57,39,33,90,71,90,49,35,61,76,97,63,81,86,46,49,70,63,30,97,88,80,86,70,72,53,38,84,39,86,72,43,75,74,71,83,43,93,60,50,45,72,42,45,34,93,81,73,83,44,51,89,55,34,48
31,57,46,85,72,43,45,47,40,47,47,41,50,89,77,73,55,81,36,59,72,51,80,66,74,80,95,73,76,94,62,36,90,97,83,46,85,91,38,89,92,70,87,98,86,94,88,65,95,72,30,75,31,67,47,60,42,30,61,67,65,81,36,91,35,76,59,58,50,91,96,83,94,31,31,74,97,32,76,67,30,73,41,56,37,76,79,96,31,54
39,90,51,33,70,94,44,83,46,37,70,57,68,78,93,70,46,94,82,98,85,70,49,59,73,62,77,42,52,34,62,96,50,30,70,50,69,36,31,50,95,52,72,63,31,87,33,33,66,42,66,38,71,80,85,81,42,64,34,93,93,84,39,33,81,83,48,42,72,55,87,31,87,88,51,60,61,50,98,79,39,31,80,83,70,30,70,34,44,68
50,79,85,90,71,32,50,74,50,41,49,73,48,77,61,52,54,58,59,62,37,65,87,69,65,85,71,56,78,70,55,85,83,92,97,84,52,93,38,43,89,89,52,35,82,90,52,43,77,36,49,97,39,88,30,30,47,73,93,62,81,75,82,60,72,36,71,97,75,86,42,40,47,31,77,47,64,78,70,97,71,98,69,59,63,31,77,35,65,69
48,69,77,72,92,89,50,89,76,68,43,64,68,75,43,82,56,73,91,64,30,31,85,40,96,75,66,76,74,78,54,41,97,33,49,30,49,38,73,33,96,31,93,84,48,78,56,93,71,60,68,82,48,85,39,93,96,94,46,73,67,69,64,55,53,95,98,43,66,79,75,58,32,58,51,37,91,44,55,39,88,69,97,40,76,80,33,86,78,42
93,90,64,82,35,49,79,49,88,38,66,72,51,47,60,92,92,60,49,89,67,93,55,49,32,91,59,45,90,70,60,42,33,72,95,70,96,81,44,70,97,79,55,41,57,72,82,79,83,80,65,35,32,88,58,94,67,89,53,37,35,57,46,49,50,96,42,62,68,44,77,56,87,52,92,62,44,59,94,80,94,82,58,86,78,76,37,62,67,46
52,43,46,32,48,62,62,93,31,66,96,49,65,54,60,91,69,67,36,36,63,90,93,50,78,98,86,51,85,45,45,95,74,72,53,38,57,65,56,86,93,46,82,78,91,94,84,78,84,93,44,56,81,91,38,81,78,41,59,90,64,95,44,79,54,51,34,48,97,78,60,74,55,45,78,45,53,36,63,31,84,43,54,91,88,97,85,72,67,45
54,83,56,90,31,79,52,41,40,88,36,34,65,82,70,69,37,39,53,41,65,97,83,78,49,38,53,32,74,33,73,41,78,73,67,83,97,86,95,30,74,90,56,39,70,51,69,78,56,41,37,59,80,73,81,45,85,76,72,54,77,80,46,94,70,40,71,57,77,90,63,51,75,39,86,38,94,67,55,78,77,92,82,90,87,86,87,45,84,75
64,87,31,95,50,72,89,79,82,58,91,38,79,35,33,76,86,64,31,92,37,89,95,33,91,96,69,68,73,96,52,63,39,40,61,46,38,83,89,73,54,59,37,81,54,57,93,44,82,75,63,60,78,89,85,41,62,93,90,62,40,79,60,33,85,58,48,84,59,47,96,40,64,70,70,56,63,59,54,81,46,31,92,65,55,94,51,37,47,64
82,45,85,79,85,56,57,61,80,49,38,59,48,54,45,48,64,62,69,94,96,30,89,41,43,74,36,54,46,74,80,72,59,80,87,92,73,31,80,94,80,45,79,62,30,42,75,93,34,93,30,77,42,38,62,64,91,84,69,66,81,78,98,44,40,30,43,81,82,37,85,44,60,73,87,40,60,53,65,66,52,54,81,55,32,79,56,93,35,91
54,89,35,71,75,72,52,54,63,71,83,60,65,93,59,88,85,43,81,53,47,85,94,58,33,97,75,78,62,78,83,66,50,61,51,98,66,76,47,92,62,77,44,92,65,92,69,57,80,30,73,58,39,47,91,41,42,82,58,59,69,50,66,35,49,72,36,93,48,74,98,96,94,78,30,56,82,67,55,60,83,82,51,92,91,88,50,45,90,94
53,38,71,63,50,75,81,40,87,75,95,48,56,47,94,53,73,68,72,64,97,85,66,77,89,49,80,69,52,96,72,53,87,37,72,75,62,59,42,97,30,92,65,91,83,53,31,45,91,70,39,67,98,39,30,63,83,45,94,57,64,53,95,72,31,79,42,52,31,37,83,87,42,69,50,72,75,68,85,79,92,72,91,87,98,72,51,90,58,65
67,92,30,63,83,74,98,30,77,40,89,73,60,95,32,51,95,72,35,67,67,39,87,61,50,33,97,68,61,73,33,45,93,33,59,77,53,54,69,51,65,92,88,60,74,63,44,72,68,45,57,76,31,98,85,43,32,85,69,72,51,52,83,39,51,87,96,39,40,90,69,46,59,74,70,62,71,32,67,89,72,62,64,39,54,58,65,46,48,46
31,35,97,50,78,41,84,89,92,52,51,62,89,67,97,80,83,42,61,64,54,48,65,47,48,52,50,56,58,98,54,75,77,50,81,59,85,75,83,93,31,31,59,65,96,43,65,56,89,66,42,39,46,86,81,33,89,43,80,73,72,95,55,71,49,83,70,61,52,77,86,34,69,75,76,54,44,76,93,32,74,59,78,89,74,33,82,70,58,78
52,52,61,43,98,78,74,91,69,96,55,47,47,46,54,44,85,82,34,51,34,94,36,67,68,40,62,51,39,47,79,39,59,84,87,64,89,45,96,86,83,92,56,48,89,67,37,66,36,52,53,44,88,79,44,33,81,37,70,72,96,73,92,71,58,65,55,90,57,82,40,42,54,89,73,51,51,57,97,41,50,58,72,86,31,33,95,44,44,44
81,54,63,68,37,57,81,33,74,59,41,75,48,31,92,70,87,86,66,86,68,90,43,89,37,75,59,94,65,56,72,61,82,82,61,72,38,86,76,92,68,70,47,83,87,43,95,37,54,80,92,34,52,92,32,35,63,44,96,72,35,61,35,77,48,34,38,35,65,45,83,44,39,52,48,92,35,55,92,98,94,80,31,69,32,65,45,50,74,97
54,78,42,39,89,76,49,53,61,69,54,55,38,51,56,68,80,50,46,79,92,46,50,55,39,50,78,38,89,83,94,70,89,68,72,67,59,39,33,80,96,91,76,77,54,36,77,92,88,77,91,67,34,71,90,77,60,77,81,90,81,64,92,76,41,50,35,96,84,48,44,98,51,92,83,63,57,87,41,59,49,65,67,35,71,72,34,68,46,88
93,73,96,70,31,88,33,57,91,42,42,96,69,94,41,88,59,68,70,34,71,66,79,45,97,53,60,88,68,78,31,93,85,67,33,33,54,67,68,90,37,69,91,32,66,34,55,90,70,76,47,42,84,90,68,87,48,91,48,69,47,75,37,31,98,93,74,86,78,76,34,84,92,45,53,83,67,50,42,73,97,88,56,91,32,96,56,42,73,47
63,56,56,94,66,48,39,71,62,63,86,81,30,89,94,90,83,42,43,58,69,59,90,61,94,82,97,57,33,61,32,53,84,82,71,56,32,57,37,53,37,54,52,91,33,30,93,84,68,31,78,51,61,87,66,94,57,45,77,90,61,85,41,63,98,56,92,65,33,95,89,44,66,44,75,42,73,42,45,87,43,70,55,72,64,45,82,66,56,43
85,80,53,37,44,43,82,48,66,40,71,53,65,59,87,63,83,36,85,39,60,90,98,92,40,64,35,56,97,71,86,84,35,70,33,73,54,95,31,51,41,51,57,54,79,94,85,97,35,34,63,79,78,38,98,53,59,80,64,57,87,87,39,85,31,40,58,90,52,97,68,41,62,85,87,91,87,50,46,37,35,61,78,48,58,48,33,45,43,32
88,33,98,70,64,89,76,68,97,37,92,45,43,63,54,91,61,91,51,72,44,94,89,56,35,67,31,50,49,45,84,50,86,74,47,72,91,72,70,66,63,67,74,91,74,38,45,43,41,30,45,84,38,62,56,79,36,37,61,96,88,46,88,61,85,88,78,38,88,77,84,74,59,91,50,40,47,73,73,90,85,76,44,36,36,78,73,42,84,50
68,45,70,76,90,76,64,86,58,71,33,52,89,85,41,50,52,60,49,45,89,48,53,58,97,60,31,31,81,37,94,63,47,50,60,48,56,42,95,92,83,31,63,79,31,76,64,93,76,53,56,93,54,90,55,61,51,85,39,34,88,43,69,88,75,50,69,80,40,66,88,47,95,75,86,63,79,46,70,95,88,58,75,54,76,77,32,77,66,71
89,70,96,58,55,88,58,73,97,36,45,71,93,79,36,52,71,47,40,45,30,43,97,60,39,73,79,82,37,53,64,43,43,50,52,89,39,84,68,60,89,62,31,96,39,86,87,73,95,77,49,92,98,65,52,58,88,36,68,94,79,37,79,52,39,43,95,73,42,90,96,49,46,73,41,49,36,49,55,92,35,97,56,98,56,80,43,63,43,37
48,38,34,59,53,40,41,70,49,81,46,36,55,38,77,61,68,51,78,94,92,94,54,78,32,65,97,37,82,75,57,96,41,36,69,36,41,59,55,73,56,59,88,66,46,64,52,41,55,62,94,54,35,79,60,54,96,80,80,65,64,78,60,90,82,58,81,97,37,61,66,59,63,74,55,43,88,78,93,80,32,92,58,97,41,62,64,88,65,79
70,36,32,88,80,55,51,34,74,30,52,69,36,37,44,81,61,81,77,51,31,82,42,78,79,63,44,46,65,48,77,85,85,58,90,33,75,43,65,92,98,97,33,56,91,67,89,58,73,85,60,84,56,47,32,48,95,89,65,30,65,50,32,70,80,34,89,73,76,74,97,98,76,81,49,84,40,54,76,87,37,38,38,67,78,91,69,36,85,63
61,83,97,70,33,85,59,61,43,60,60,67,74,38,72,70,94,86,36,37,70,66,59,35,69,46,91,77,31,96,88,80,53,65,74,62,83,85,64,43,94,59,67,50,30,90,60,30,96,40,41,74,65,68,41,63,74,82,34,76,53,79,55,53,84,40,69,45,51,81,40,44,68,79,56,51,48,96,34,63,66,79,63,87,34,77,38,71,32,49
90,61,90,31,48,69,89,94,92,81,95,82,86,84,96,36,53,79,81,75,61,51,56,62,67,72,96,84,89,39,31,95,76,92,60,71,33,48,50,83,38,98,52,91,60,54,35,44,74,60,53,37,91,40,63,82,63,31,80,78,48,92,43,73,48,55,47,34,70,86,94,48,42,88,35,73,95,86,48,54,37,72,61,81,56,31,37,73,52,36
82,63,42,77,87,94,41,43,38,33,35,30,43,51,64,58,45,31,88,57,41,79,36,39,64,50,80,38,49,33,44,70,59,66,46,38,47,30,49,56,51,51,69,44,67,72,59,50,42,83,53,54,89,75,68,48,42,91,60,60,65,68,57,84,31,42,97,95,91,96,71,80,65,42,82,63,62,54,52,65,35,45,90,87,36,78,50,41,53,93
49,83,96,55,35,32,39,92,32,63,73,90,86,85,65,83,34,58,47,86,76,68,31,88,40,49,44,64,70,95,66,75,77,92,52,37,47,93,60,60,30,85,72,62,61,80,67,58,46,87,56,87,97,79,39,47,71,91,72,31,49,89,72,71,68,47,38,35,76,80,62,59,84,74,88,85,34,41,73,43,97,33,55,32,70,88,50,65,58,72
96,80,49,77,88,82,71,39,59,50,69,53,86,35,68,92,98,34,36,80,68,49,92,65,31,93,54,41,30,65,81,39,71,37,65,98,32,30,70,44,87,68,41,68,62,64,57,69,35,49,71,70,42,46,75,48,34,77,77,55,69,92,55,82,37,86,67,93,96,70,59,55,91,92,42,37,71,88,88,79,81,39,96,53,82,52,36,96,47,76
81,77,82,40,36,93,48,67,73,44,44,90,72,58,74,32,95,63,74,72,91,75,52,63,31,79,67,87,67,45,91,87,45,52,59,54,47,48,64,68,59,36,85,50,86,73,46,38,98,65,62,48,42,87,39,43,71,49,71,43,69,80,93,45,78,72,48,54,31,88,83,74,64,42,82,89,35,97,78,53,34,78,30,60,80,32,50,67,35,65
87,34,31,41,45,49,44,52,60,34,44,78,45,70,93,63,79,37,32,96,69,81,93,79,97,60,66,52,36,83,61,68,82,94,43,46,45,49,39,85,43,43,48,73,48,39,60,87,58,80,94,61,89,76,63,80,63,73,49,31,67,90,64,81,65,82,56,54,65,84,61,88,63,74,92,85,80,60,80,34,73,81,80,77,72,40,69,62,42,69
51,47,74,61,33,56,94,31,45,98,72,36,36,82,37,85,95,83,80,72,85,78,53,93,70,80,57,74,92,94,49,95,55,66,51,32,89,35,43,78,39,56,77,80,43,80,36,66,30,78,43,46,36,89,40,67,42,60,77,75,51,65,72,40,86,61,31,85,36,45,42,85,98,33,46,46,84,36,51,76,38,57,81,85,91,34,37,32,46,42
53,84,48,67,89,65,94,37,57,81,65,88,37,31,39,88,96,48,91,45,35,64,42,97,77,39,84,88,33,72,79,43,45,67,58,39,45,44,51,71,45,66,57,75,46,69,83,80,74,95,31,74,64,59,39,61,56,78,96,52,62,49,80,45,61,50,55,36,49,48,89,72,63,78,93,76,59,78,86,66,68,50,51,80,90,51,46,78,34,39
32,89,64,34,48,63,68,86,73,64,39,79,45,57,70,42,94,39,65,36,34,76,41,98,35,57,65,65,32,42,55,36,30,38,32,81,88,56,95,92,75,46,62,73,45,79,94,40,78,68,87,61,90,55,33,80,62,64,98,55,88,41,95,72,96,61,49,98,55,38,48,54,91,44,71,85,56,38,74,87,58,31,65,51,37,48,74,49,62,59
30,51,75,35,96,98,56,86,42,70,35,43,98,30,96,31,98,84,67,98,94,64,37,48,60,91,39,46,38,60,94,73,83,32,63,38,95,47,93,68,96,73,96,34,85,88,55,41,38,79,45,97,37,48,48,37,46,37,55,90,39,50,34,67,33,46,96,45,53,94,63,34,66,47,87,30,68,83,80,44,51,92,43,98,60,30,67,57,96,52
37,71,81,72,51,84,47,30,87,31,90,68,35,63,32,86,71,45,30,69,68,30,34,79,74,49,30,60,83,57,56,87,97,81,58,86,40,82,33,74,82,44,96,77,70,81,74,83,45,60,39,62,81,35,62,66,81,65,82,65,58,63,43,66,53,62,33,94,83,42,55,53,30,73,90,58,63,84,45,47,62,87,53,68,50,62,59,47,89,95
66,64,79,47,82,60,57,80,93,92,90,56,60,72,81,77,97,76,85,48,48,87,39,87,92,52,83,63,53,82,74,93,58,90,78,38,51,50,68,91,73,58,61,56,89,66,79,60,71,89,44,43,81,33,64,92,73,70,89,60,40,88,65,73,52,76,84,69,62,91,66,57,54,48,74,54,52,90,84,92,46,38,68,55,92,68,44,52,82,30
32,52,82,45,45,49,74,71,52,55,59,54,88,76,34,72,79,83,43,55,31,48,39,30,30,93,88,90,46,44,90,93,90,46,44,85,77,98,94,31,67,79,85,70,50,93,38,96,73,85,76,32,63,81,86,75,37,52,49,36,49,74,67,94,78,97,36,32,71,94,63,71,80,58,85,83,48,64,56,84,64,48,75,60,83,44,95,33,34,39
75,63,83,61,69,41,63,77,95,73,79,92,60,86,91,38,66,60,82,97,35,53,94,53,39,33,91,68,51,68,54,93,50,52,43,56,52,83,31,72,48,41,30,71,75,90,70,62,34,33,50,36,90,87,91,82,52,36,72,55,64,69,81,35,88,97,50,43,43,34,64,47,46,47,90,76,80,74,70,88,90,33,63,97,54,62,65,60,32,58
81,79,49,90,84,46,83,63,83,50,45,38,71,43,84,51,87,70,37,43,47,51,41,72,89,84,41,93,97,57,56,86,40,55,96,88,61,73,82,55,84,55,50,60,56,58,58,55,61,89,64,56,42,72,88,80,82,82,76,78,34,78,52,80,47,97,62,71,36,82,96,35,94,90,62,95,56,54,40,93,41,93,33,91,38,70,81,60,66,68
86,71,37,40,50,75,93,68,76,57,48,93,73,65,86,41,80,89,77,98,91,36,39,64,41,92,66,94,66,40,93,77,76,30,35,76,63,60,97,36,77,37,55,53,36,37,38,51,88,41,83,67,40,85,51,49,79,30,75,60,82,30,39,72,48,72,75,62,51,77,83,94,59,36,64,55,85,89,39,58,62,49,55,60,59,65,40,94,58,88
54,38,89,94,59,34,49,89,72,59,60,95,63,79,73,80,58,79,93,30,50,53,65,32,50,48,70,62,77,88,68,40,64,95,44,41,75,58,91,87,90,63,51,94,68,36,76,72,84,67,78,48,34,50,68,71,98,90,75,74,59,86,75,98,58,48,47,73,41,74,63,81,63,89,47,57,34,64,71,89,54,95,93,96,35,51,91,30,82,39
50,88,97,46,84,87,34,71,59,95,88,56,54,56,92,86,48,82,80,96,89,97,65,78,74,64,95,62,60,52,38,48,65,48,53,41,80,88,91,34,44,55,77,55,42,68,64,56,77,35,41,93,69,83,65,74,75,40,64,56,48,98,67,85,37,65,89,71,93,61,69,37,51,38,91,53,86,87,39,78,95,83,39,45,56,89,51,61,34,39
90,78,41,61,62,38,87,67,78,85,91,93,58,96,85,98,63,54,39,32,53,48,75,32,72,34,72,97,68,86,37,31,78,49,63,61,54,50,61,96,98,70,47,41,52,67,84,71,35,36,35,36,44,78,47,37,52,85,67,84,88,47,71,49,60,86,31,80,33,36,54,76,95,48,76,75,69,44,52,82,30,44,66,49,63,64,35,81,91,55
38,64,37,41,63,52,49,71,32,75,96,95,69,71,64,65,70,60,40,60,64,60,86,58,91,80,64,63,47,68,59,96,97,31,96,42,63,37,58,60,40,44,66,65,85,74,94,68,88,92,56,84,34,59,90,83,86,93,82,47,58,71,95,48,95,82,32,44,68,74,31,43,34,39,84,50,71,94,42,40,82,35,38,91,73,55,37,59,74,89
43,85,96,37,55,62,84,64,61,70,84,78,58,72,97,41,43,81,82,93,63,77,30,52,88,98,41,68,32,38,44,59,43,79,87,77,92,77,66,50,40,63,37,61,47,35,63,51,84,78,85,50,92,70,49,67,82,76,43,56,89,76,57,78,81,70,88,65,95,64,42,50,84,84,85,49,51,95,39,38,95,49,74,70,77,49,45,97,98,38
82,90,74,70,41,98,59,57,97,37,97,87,95,93,43,83,87,64,84,40,75,82,39,75,37,47,44,62,70,42,39,82,94,64,61,80,77,81,30,54,50,69,91,71,95,91,46,83,84,41,64,94,56,91,34,30,75,80,34,49,47,56,52,81,73,33,60,33,68,89,83,75,71,95,90,50,66,42,58,62,67,42,47,62,40,71,30,78,38,90
55,98,64,30,55,67,50,40,43,71,43,88,40,84,85,49,57,94,52,34,87,82,31,44,54,96,76,52,50,55,39,97,36,75,61,53,81,88,94,88,87,85,88,30,87,97,60,32,57,69,43,83,35,38,37,83,71,74,79,76,89,47,45,57,92,71,45,51,73,38,70,72,78,49,35,80,75,92,38,82,38,38,32,74,81,57,45,89,72,86
43,53,95,81,33,83,31,38,70,65,44,46,91,93,97,59,68,94,31,32,59,74,94,88,97,66,92,38,73,44,36,51,91,95,79,55,32,52,46,47,88,37,37,87,70,89,37,67,45,41,76,34,54,66,76,66,78,78,44,76,83,72,73,92,81,67,52,90,48,49,51,80,57,34,97,69,86,68,93,48,86,66,40,37,69,37,97,97,74,49
42,32,68,84,82,91,79,63,62,38,72,46,94,73,63,39,61,68,59,47,47,49,43,70,49,32,85,88,30,34,75,41,30,56,73,81,70,93,80,69,88,85,89,31,55,90,84,62,36,59,52,41,80,46,33,67,74,86,51,61,48,44,46,82,75,75,76,52,76,87,57,53,59,58,84,70,41,95,93,33,94,55,35,41,82,53,55,57,48,44
86,76,54,32,30,76,76,91,97,92,69,90,64,45,89,71,80,38,42,39,91,93,41,49,62,32,54,94,49,57,54,74,59,54,86,51,45,90,61,32,67,36,78,45,74,72,72,47,79,32,74,45,52,47,84,57,30,49,54,82,61,39,55,53,73,34,31,91,32,69,84,49,52,92,32,78,84,65,97,92,82,33,96,35,94,83,61,73,48,75
89,46,89,91,44,35,72,97,55,43,56,69,62,52,69,65,57,51,51,64,34,96,42,71,38,95,49,40,38,53,90,42,73,68,70,85,64,92,91,43,48,72,37,87,62,45,35,61,33,41,96,30,96,40,74,68,54,90,98,32,88,95,53,70,58,78,85,37,80,87,96,52,57,66,43,33,51,92,87,56,49,66,48,94,63,64,97,90,87,76
73,87,36,46,52,41,74,74,69,62,92,53,53,60,51,86,95,89,92,98,38,64,37,34,46,84,32,30,80,49,90,77,48,79,58,30,40,83,90,41,74,60,31,34,74,51,45,53,94,75,95,64,91,54,74,62,34,87,42,48,93,92,32,93,58,37,57,72,94,71,98,89,79,69,41,50,48,48,57,98,95,62,46,75,39,48,94,69,80,31
69,86,53,58,65,73,83,77,70,47,49,96,86,32,92,47,61,68,78,37,65,31,50,34,39,72,93,89,74,50,50,90,59,97,77,69,44,60,43,69,42,71,50,37,92,45,49,87,92,58,72,53,86,43,89,47,75,43,33,81,87,62,79,71,58,49,88,30,97,91,79,68,96,42,32,53,89,54,51,81,66,54,33,54,75,38,81,92,36,50
72,84,89,69,39,36,49,40,39,40,68,91,50,69,62,46,97,55,62,42,35,48,80,59,85,83,72,64,70,82,92,63,92,77,68,76,94,76,91,39,91,36,94,88,45,62,71,73,64,58,32,86,82,37,54,62,87,48,67,86,56,66,79,73,94,95,90,70,82,80,45,44,77,75,30,42,82,71,98,68,50,48,83,49,84,50,32,76,96,46
81,78,63,91,39,85,42,40,88,34,72,60,63,91,53,40,49,64,34,53,43,95,49,37,76,37,58,33,58,82,97,82,97,68,88,53,33,40,70,43,32,84,89,46,39,45,32,66,80,36,38,63,47,49,77,92,65,47,80,41,60,65,66,36,62,31,40,78,84,37,46,34,50,31,42,90,50,47,58,74,80,69,94,52,69,95,44,96,84,42
71,48,45,67,86,63,63,78,97,55,80,50,38,84,87,76,68,51,89,77,42,78,56,86,81,36,31,39,55,79,76,97,90,66,59,77,35,84,61,45,92,88,56,65,80,87,98,51,89,76,61,75,33,66,37,42,42,54,68,34,55,92,65,97,71,59,98,97,72,54,36,44,59,70,88,52,60,58,84,98,53,59,78,50,38,55,33,52,79,54
86,85,37,78,30,75,46,83,91,71,51,96,34,50,48,58,76,73,89,63,63,81,54,82,37,44,68,38,82,45,87,33,60,85,96,55,31,83,72,66,40,64,87,68,49,50,60,41,83,68,79,86,33,48,88,78,69,36,45,78,76,38,47,46,46,76,75,98,51,31,80,38,41,38,81,72,67,35,53,76,60,62,32,58,35,44,59,92,75,46
73,64,38,57,35,42,69,95,48,67,34,46,80,45,62,81,93,81,72,95,70,85,44,35,62,73,80,70,55,91,41,97,37,73,97,73,97,55,96,79,91,64,44,49,43,65,88,50,93,75,52,66,34,58,42,60,34,49,83,69,78,43,33,60,32,70,69,66,93,40,50,48,56,45,83,42,55,69,72,97,42,67,77,31,74,94,66,43,60,42
86,48,30,30,65,72,94,76,81,34,70,84,37,41,80,57,92,76,55,64,93,87,54,79,45,69,88,86,97,77,73,50,43,48,49,43,50,83,35,86,76,64,42,52,87,36,75,93,79,43,30,97,67,81,79,53,40,34,52,43,69,69,62,62,37,30,38,53,72,50,64,58,51,34,95,60,75,97,46,56,43,80,91,70,48,43,64,84,86,58
30,58,31,44,90,52,48,48,59,54,57,43,43,87,79,86,51,94,31,86,83,78,47,57,86,73,70,39,84,43,47,71,64,73,47,36,30,84,47,82,71,38,51,47,35,44,91,44,85,46,87,61,56,34,98,64,78,49,93,97,88,95,32,82,33,91,76,41,74,65,73,91,56,88,38,35,53,37,40,58,81,73,38,33,38,82,77,51,58,77
37,53,94,48,46,48,56,50,74,92,41,49,92,66,74,84,64,68,64,35,68,53,82,53,93,52,54,53,66,54,43,62,92,74,98,42,90,80,77,32,88,54,81,30,60,63,87,90,98,48,77,36,78,48,32,35,98,86,75,73,88,65,50,66,91,97,50,79,75,36,97,39,82,94,66,39,45,79,56,97,39,54,60,42,54,80,66,78,72,93
31,91,80,67,36,35,84,73,56,56,42,52,55,60,91,68,31,45,46,42,51,72,47,39,73,34,95,76,90,84,95,81,73,38,65,40,81,66,62,68,81,35,63,46,90,43,45,97,78,49,35,39,52,64,90,72,80,85,66,55,74,73,65,52,68,55,96,92,57,63,40,61,38,53,77,49,41,92,73,48,71,89,60,71,90,53,35,71,68,88
69,94,67,88,55,57,95,61,51,31,73,33,51,52,94,33,92,64,38,80,64,57,90,32,91,55,90,36,74,36,83,65,47,38,68,44,89,43,84,67,81,32,49,47,79,39,54,68,77,75,88,60,93,47,73,35,89,50,75,61,36,69,82,57,45,89,56,45,44,63,93,87,41,57,63,30,52,73,94,61,98,50,89,34,75,33,77,39,96,70
65,89,44,53,87,92,34,31,42,30,61,64,44,52,82,54,54,76,31,42,55,57,34,52,81,44,57,62,61,66,62,89,78,80,80,95,39,60,93,32,86,65,45,84,61,77,63,96,70,64,85,41,54,49,95,91,81,53,86,94,77,39,79,65,84,52,52,95,83,33,56,74,88,44,56,73,63,77,93,87,72,86,48,41,83,83,66,76,46,94
96,53,83,51,37,63,49,37,48,52,68,42,95,42,84,54,32,69,41,88,88,30,68,43,87,84,61,48,49,63,56,97,64,82,47,36,91,37,92,53,58,83,76,58,80,77,52,59,57,57,35,46,34,30,65,62,71,89,36,93,73,30,84,32,51,40,88,61,72,54,34,46,59,77,49,33,33,46,55,32,44,37,55,79,36,51,58,79,79,39
68,81,68,92,87,66,57,31,93,48,55,90,90,43,33,80,44,45,37,38,85,48,61,88,91,68,64,85,51,41,69,82,69,97,82,72,30,48,34,59,34,43,31,90,76,69,70,56,39,65,93,40,78,94,83,85,32,67,89,34,91,36,54,49,65,48,48,55,71,44,73,98,80,80,51,85,94,84,85,71,52,80,83,71,45,40,73,39,52,47
73,96,78,86,65,85,90,83,31,93,31,86,97,92,88,86,53,47,67,69,32,62,98,52,66,48,51,81,43,78,37,84,75,37,43,74,53,81,85,38,72,80,48,66,85,41,81,60,95,67,43,38,61,61,32,44,64,31,54,92,91,36,58,50,89,36,94,70,71,85,55,31,90,84,96,72,86,87,44,54,70,47,37,54,67,45,76,89,56,62
84,67,47,40,75,78,91,62,56,53,70,63,33,83,40,62,35,47,31,63,76,64,52,41,84,60,90,89,88,70,45,96,41,95,35,58,36,33,54,98,96,77,83,40,54,63,65,45,68,59,49,95,97,89,40,80,54,51,62,85,98,88,62,75,91,71,95,79,82,48,35,86,58,81,58,64,49,90,59,49,56,52,66,51,97,49,66,54,30,97
90,48,31,33,82,97,89,69,43,59,91,93,49,57,95,40,78,51,66,82,45,63,76,81,61,68,61,96,48,97,42,51,91,70,37,89,32,71,39,85,90,94,51,54,39,38,91,42,72,50,38,38,75,98,80,30,55,87,76,35,40,61,86,33,73,61,54,48,32,59,98,33,52,41,90,84,71,54,71,81,95,52,72,47,58,44,85,55,84,57
54,93,51,85,97,93,79,55,47,46,73,84,89,74,96,91,95,79,70,76,78,95,66,92,55,52,60,59,71,40,69,92,57,30,64,33,65,81,37,67,87,64,61,34,30,41,72,56,79,79,55,32,72,53,67,89,33,95,54,63,37,45,44,60,40,59,78,45,57,92,37,51,85,81,85,79,65,92,70,64,96,66,75,80,87,46,69,50,93,65
87,90,65,34,79,66,98,30,96,53,97,61,86,49,73,57,54,46,67,66,31,44,83,90,59,36,89,53,56,33,39,84,63,72,52,92,84,72,67,33,90,46,42,71,91,37,76,74,51,47,74,82,45,73,95,51,92,92,41,77,87,54,96,95,49,57,97,51,82,85,51,71,51,89,49,95,43,48,73,91,83,47,58,75,94,88,80,65,83,53
84,58,57,78,56,31,83,36,33,79,86,58,34,41,61,72,86,97,66,76,60,86,41,89,66,47,86,55,80,30,84,67,43,56,45,79,88,65,53,61,49,45,74,87,45,38,84,73,33,68,60,59,85,83,91,40,33,52,56,46,90,87,93,65,44,36,45,53,91,51,88,36,57,66,69,60,40,79,93,34,83,79,36,32,82,59,56,83,77,83
81,30,76,34,84,67,91,38,57,89,35,63,33,32,82,77,57,69,91,38,55,71,45,71,31,47,64,78,44,74,87,88,88,63,49,89,87,36,84,94,33,84,38,78,77,31,40,41,39,89,32,39,71,51,31,87,34,47,77,53,70,85,44,77,51,58,47,30,53,57,92,57,66,64,49,69,70,76,72,60,42,44,47,96,68,44,58,51,67,57
96,58,30,91,30,55,87,50,45,31,68,47,45,81,79,95,33,64,46,72,64,85,72,55,78,39,62,57,36,87,33,35,85,37,94,57,86,46,92,47,59,76,68,59,87,90,40,44,89,66,63,57,49,43,78,49,49,79,85,78,34,98,66,49,53,75,97,55,82,97,34,71,39,76,34,43,69,62,64,31,77,69,56,88,45,50,53,77,66,83
93,80,39,87,82,66,40,57,84,36,57,75,84,48,69,54,66,88,37,50,66,37,52,67,81,52,97,73,40,50,34,41,53,81,90,71,73,84,75,98,90,95,65,63,56,46,31,87,52,71,97,91,93,93,96,53,46,49,32,37,78,77,92,89,94,37,35,32,53,90,33,40,64,34,52,82,79,54,67,94,53,67,52,89,89,88,79,84,95,87
84,92,80,55,93,42,69,75,62,71,31,97,46,34,43,30,50,33,67,42,54,35,32,48,69,42,68,40,37,96,84,42,73,72,62,49,98,48,47,83,70,68,61,70,38,40,46,97,40,67,65,36,70,58,75,87,73,44,91,43,86,48,52,72,66,89,54,86,38,92,43,91,45,73,36,72,74,84,46,78,33,75,57,65,65,38,96,44,41,93
63,67,69,75,35,97,71,87,65,75,36,78,82,31,37,55,47,77,31,94,80,41,86,40,67,81,72,65,91,98,74,78,94,94,32,51,34,93,82,47,65,86,72,41,88,30,72,69,66,85,71,54,32,79,83,93,32,47,68,56,73,82,90,44,76,92,59,76,56,62,57,95,55,40,69,30,41,39,76,60,33,38,85,49,96,69,44,80,86,81
30,56,62,45,68,57,63,73,61,62,60,38,59,91,66,67,31,83,63,39,30,47,78,56,84,96,93,83,98,52,71,55,88,75,84,39,40,60,66,82,83,85,48,96,63,43,77,96,67,95,44,63,95,58,39,47,76,93,61,76,86,51,34,96,61,98,48,66,63,90,95,80,42,80,36,69,95,65,65,43,87,33,49,83,60,76,93,94,50,95
61,50,65,41,69,34,49,42,50,96,34,80,31,45,38,42,93,65,56,74,97,34,86,98,69,87,58,42,42,43,83,67,71,58,69,81,39,93,75,90,80,63,77,38,89,90,53,80,39,91,52,69,46,35,34,49,95,91,67,71,74,71,50,39,61,86,82,59,56,53,58,43,39,38,61,67,76,58,77,36,81,95,64,81,65,59,59,58,46,60
87,80,55,89,90,32,63,59,88,72,93,56,41,45,38,45,59,35,58,44,34,83,72,44,31,63,90,75,59,81,86,34,43,86,89,78,58,91,80,65,35,63,87,86,84,46,73,58,53,37,39,59,68,80,43,51,41,81,89,50,85,46,30,56,35,78,89,65,38,38,95,96,63,62,92,91,71,54,49,85,47,96,63,34,50,44,66,69,41,37
43,31,57,70,94,66,43,41,67,40,90,49,97,53,46,30,77,79,82,74,84,65,74,58,42,62,89,88,62,67,57,98,74,80,88,43,76,69,89,75,48,49,68,55,89,63,36,89,54,83,89,39,91,93,51,69,66,32,40,87,71,63,92,51,76,66,51,72,52,64,66,69,63,91,79,34,41,41,72,80,52,59,61,94,62,44,62,95,64,87
56,77,45,68,87,30,91,97,57,67,85,69,87,80,94,88,74,87,69,76,39,92,31,64,37,42,43,30,44,30,86,77,39,49,59,95,61,95,50,36,82,79,90,36,93,61,61,65,89,54,44,31,67,71,86,37,70,38,40,37,65,69,55,41,83,84,63,44,77,34,51,73,35,79,60,56,82,39,46,48,47,60,47,77,80,93,60,86,94,37
89,69,97,36,58,88,65,73,78,50,96,93,47,90,83,40,39,61,95,80,82,61,34,81,75,35,74,90,84,47,44,86,62,51,60,80,42,57,76,65,49,46,38,64,80,75,83,89,92,31,81,94,40,97,34,30,92,44,77,63,85,37,30,71,69,69,35,73,67,39,96,94,86,92,71,48,46,92,39,85,48,65,95,86,56,76,78,81,89,48
54,65,37,69,44,62,83,77,71,61,35,57,83,53,73,48,37,78,83,53,76,67,71,35,89,80,52,77,92,61,75,45,53,59,56,54,95,39,75,75,43,30,58,98,93,86,36,40,75,56,34,83,98,35,73,85,53,78,85,51,64,92,65,59,30,39,89,55,68,90,67,43,97,56,94,57,95,59,56,42,53,86,42,71,46,68,85,82,92,32
74,33,71,65,41,40,73,35,98,69,94,88,66,79,53,67,36,55,60,74,95,93,59,70,35,61,35,69,78,81,31,57,84,63,43,95,89,86,48,90,47,55,56,97,90,82,40,86,53,30,42,83,96,31,66,73,92,61,74,79,70,89,44,76,52,34,86,80,96,50,88,85,48,51,38,81,86,60,95,71,32,46,56,85,45,33,56,46,81,59
44,67,61,77,64,39,65,59,32,58,32,70,77,45,91,87,76,61,49,31,71,32,65,38,44,36,89,91,72,56,53,66,75,59,43,95,53,44,86,36,55,33,93,55,34,89,88,50,63,73,30,80,88,83,39,61,61,51,97,50,86,90,75,52,77,51,37,71,90,50,84,65,50,92,80,38,64,80,75,52,96,75,38,69,42,72,75,40,51,36
96,64,45,96,46,83,62,42,59,67,67,38,36,41,64,50,77,65,84,57,64,56,55,73,34,46,84,81,70,33,72,61,67,56,86,60,73,69,88,68,93,46,83,97,37,86,57,32,34,44,57,63,61,79,80,74,55,33,41,36,75,98,53,58,90,78,44,39,75,53,39,71,44,85,87,32,64,82,87,48,67,41,40,89,68,64,86,54,69,89
32,37,53,39,37,51,92,35,34,51,65,78,55,81,97,53,67,88,67,42,75,68,71,74,89,77,98,62,44,64,62,93,80,77,72,57,36,96,83,61,34,31,81,34,83,80,85,95,51,74,38,97,60,92,91,36,44,51,57,68,63,54,39,98,36,38,88,56,72,64,35,75,79,81,56,97,33,54,49,93,71,64,72,87,98,30,67,61,90,76
33,42,79,69,38,96,35,36,64,43,55,72,82,74,46,92,57,45,88,77,69,57,40,94,48,76,97,56,40,55,39,71,41,91,76,44,83,85,87,96,39,37,53,78,75,53,34,79,43,43,91,71,41,75,81,97,87,85,79,40,35,49,94,37,53,75,43,80,67,96,83,40,66,34,35,40,97,69,64,43,61,43,94,54,66,52,43,67,98,57
39,83,81,60,34,50,58,39,54,64,36,64,61,89,30,72,39,95,85,35,41,71,38,86,82,87,71,43,85,70,81,63,41,50,42,58,88,37,59,97,83,83,78,54,37,44,62,92,90,36,61,45,63,71,32,78,98,75,43,44,54,96,96,81,53,51,57,69,59,81,73,30,31,30,85,89,63,56,52,79,34,96,77,84,41,43,55,34,33,92
46,35,51,69,46,31,79,36,88,52,93,33,45,56,77,71,94,60,48,87,68,77,84,88,92,49,37,35,81,55,58,62,82,50,62,91,79,65,50,61,94,46,69,47,56,53,52,68,77,59,68,35,69,62,93,64,50,76,59,57,50,84,82,69,39,57,60,66,81,77,93,72,89,79,47,62,56,31,79,87,66,33,42,98,52,49,42,54,57,36
93,76,59,48,75,34,75,79,86,58,36,54,90,32,82,50,64,90,83,97,85,66,93,61,87,74,55,62,59,47,33,87,62,38,38,74,83,95,58,93,95,97,64,92,58,35,39,60,60,53,63,80,36,34,34,92,35,68,97,97,65,48,98,32,54,59,30,64,35,54,87,41,84,46,78,69,72,36,36,74,84,49,42,63,73,96,89,75,77,59
81,91,31,65,97,98,49,57,72,36,74,90,63,91,69,55,32,56,37,96,31,50,52,69,51,39,53,95,62,94,33,51,61,95,78,96,56,39,86,52,36,87,90,65,90,90,78,65,72,50,97,38,67,58,37,42,89,80,87,59,60,54,65,71,65,75,67,38,63,94,70,81,37,73,39,42,66,58,87,60,74,59,75,43,86,86,56,94,59,33
83,46,35,34,87,54,57,80,87,52,77,56,77,88,77,61,93,48,55,97,64,59,42,86,71,50,93,98,66,56,98,95,67,54,85,33,72,65,81,59,47,74,37,42,92,97,94,92,82,45,48,56,76,38,88,35,36,86,43,43,45,54,43,98,60,34,32,95,91,70,87,79,85,80,82,65,33,96,45,91,53,30,57,38,48,37,48,66,79,33
31,81,70,62,30,71,71,37,86,30,68,31,92,87,32,39,32,94,33,60,71,71,70,39,31,83,34,64,63,30,35,98,83,40,88,92,76,44,38,92,93,59,52,49,50,82,75,90,37,47,50,89,62,46,85,49,63,59,65,33,77,82,77,46,68,66,71,85,39,66,41,64,77,60,42,30,93,97,82,55,71,78,67,75,45,44,31,73,36,54
88,44,40,66,43,90,32,49,94,49,66,81,34,91,32,58,30,31,41,32,50,43,68,57,74,88,61,63,32,96,86,39,62,80,93,45,32,94,69,74,46,81,76,46,46,32,91,57,54,77,86,94,90,60,31,34,95,86,47,83,78,84,85,72,91,37,81,39,87,35,32,79,89,63,43,63,52,48,31,55,89,33,65,63,73,67,44,92,50,76
83,86,94,37,95,36,36,78,95,58,31,85,75,58,85,44,56,41,49,59,77,59,90,75,97,58,68,79,70,58,67,90,56,75,87,50,63,37,30,59,77,89,95,87,65,58,46,53,52,93,80,55,93,47,51,85,98,32,76,39,44,78,50,38,53,62,65,79,43,30,95,52,64,76,71,42,70,94,72,65,50,63,61,94,44,87,32,74,76,38
80,32,83,84,59,72,85,43,61,77,66,42,58,71,52,94,35,46,75,56,38,73,59,95,30,60,98,41,40,75,36,34,56,59,50,55,74,69,60,53,91,54,36,88,89,73,72,94,97,39,97,55,66,43,37,55,71,84,90,62,59,55,59,76,84,67,53,57,63,51,37,30,81,73,87,67,68,56,62,91,61,61,32,62,93,55,52,39,64,66
48,39,53,46,85,36,34,90,53,46,50,30,53,30,74,70,98,80,75,41,36,70,39,48,79,60,88,49,98,43,53,82,78,78,41,41,42,58,61,63,85,30,94,78,86,60,77,69,40,43,93,91,91,84,62,77,37,33,50,44,51,98,44,46,66,31,46,93,83,91,34,95,60,57,37,95,81,89,60,75,31,91,64,35,48,93,36,88,72,77
37,86,77,35,42,30,54,52,40,49,57,55,64,37,90,39,79,73,90,79,90,59,46,71,86,66,79,57,70,66,78,97,33,72,71,77,97,98,92,38,70,97,82,88,66,88,84,45,62,75,42,38,43,85,71,53,44,51,88,46,94,81,90,83,58,92,72,62,46,74,82,42,63,97,51,67,66,98,83,70,69,98,87,32,49,64,94,43,63,60
95,94,46,84,88,94,56,82,70,53,84,79,34,70,39,32,48,52,85,33,63,40,31,60,41,87,57,76,41,60,91,59,67,87,42,41,53,80,77,80,43,48,65,82,86,92,38,36,48,69,75,84,79,41,73,78,48,59,91,55,54,59,56,82,98,55,71,64,87,53,92,35,71,87,92,92,51,81,36,61,90,91,86,70,73,75,56,59,32,58
68,46,52,94,48,93,68,94,47,91,67,33,62,58,69,92,92,48,47,40,95,71,86,87,73,93,34,88,37,67,65,95,30,72,35,64,98,98,79,57,40,54,61,51,97,65,86,58,91,72,68,35,68,60,56,79,76,54,68,89,32,55,89,54,81,93,57,74,86,39,77,72,68,52,32,93,94,56,67,95,56,38,38,69,36,96,95,58,85,67
34,32,86,58,88,85,73,47,96,86,68,30,66,89,98,98,59,95,40,56,60,46,87,51,37,70,65,70,59,41,79,84,38,81,38,76,35,96,83,47,69,38,78,78,66,89,78,81,92,39,35,41,94,83,69,74,41,36,41,62,71,91,73,86,58,89,30,90,33,72,58,73,68,82,88,66,70,72,93,92,60,93,60,54,92,57,91,59,41,53
94,92,89,38,87,76,54,32,77,90,84,85,47,37,35,45,56,40,71,44,55,72,76,41,90,54,41,79,42,62,46,95,63,84,54,61,65,49,91,34,64,80,36,68,91,45,39,78,79,39,39,84,31,88,88,45,68,57,50,79,63,55,33,87,93,63,33,94,70,32,98,59,88,84,30,90,84,94,91,94,35,35,74,74,33,33,34,44,44,88
36,35,60,98,69,88,42,81,36,40,70,75,39,83,64,59,83,84,71,65,39,58,58,58,61,50,94,38,66,31,50,45,40,51,52,92,92,52,74,50,42,54,41,51,64,64,37,67,39,39,95,65,65,96,73,57,44,63,46,70,44,96,92,48,49,74,96,65,93,71,37,95,39,67,74,49,60,32,59,96,79,79,36,43,84,37,49,87,83,73
93,78,79,36,37,58,79,67,37,60,72,86,64,91,78,61,61,48,56,45,97,54,33,42,85,50,93,35,73,71,87,88,52,49,58,84,65,86,45,64,40,45,65,58,52,44,67,36,79,53,61,82,31,56,94,71,95,86,49,84,68,88,65,75,80,47,94,30,87,40,68,67,90,76,38,78,46,78,33,57,43,49,90,75,91,50,56,83,43,49
89,77,36,90,63,81,38,60,32,39,31,63,44,89,43,71,93,96,64,66,97,85,59,47,86,34,65,83,44,53,65,36,95,58,80,93,44,57,89,85,43,90,56,63,47,92,88,42,97,59,49,40,68,53,69,92,95,74,72,45,41,58,39,77,64,97,72,73,69,97,51,67,82,50,33,73,53,36,44,50,83,91,86,48,92,68,44,72,91,89
85,40,58,36,96,39,56,94,67,37,84,44,45,58,97,65,35,35,51,54,86,57,42,79,30,51,34,83,65,51,65,71,98,84,42,78,83,76,44,88,95,69,51,65,48,35,53,36,93,95,85,47,80,82,86,98,82,50,62,92,66,95,89,59,71,83,64,30,74,64,87,73,62,92,72,42,97,44,91,63,77,95,66,86,84,35,78,66,51,54
61,57,93,43,64,98,78,57,48,45,56,88,58,96,78,42,95,61,96,34,83,44,58,73,42,60,83,77,68,97,36,51,30,75,77,58,50,98,93,97,73,43,40,69,91,87,62,45,72,43,87,34,54,70,92,31,80,39,56,68,94,64,56,77,33,70,42,44,72,92,93,85,72,68,75,53,53,76,40,36,59,95,33,66,76,68,80,30,60,77
41,46,83,57,78,42,41,55,89,89,66,49,47,91,81,66,87,39,83,84,89,33,66,62,79,57,73,60,58,58,63,36,92,98,49,74,50,84,70,84,40,94,95,74,88,89,74,97,85,61,38,41,67,34,42,54,79,52,74,63,39,84,56,64,37,52,53,53,31,35,61,68,74,52,63,37,68,74,77,45,72,72,63,38,41,72,97,40,84,93
89,38,80,74,43,51,54,71,73,45,90,59,77,84,88,65,88,96,47,39,57,34,74,91,47,95,89,81,82,45,60,90,81,95,38,83,82,80,97,67,34,33,84,71,51,77,74,56,47,41,66,55,86,97,86,86,92,69,65,50,34,57,79,74,74,96,37,88,67,43,46,63,98,53,81,57,96,55,96,64,38,45,77,97,60,71,85,70,44,61
60,66,89,30,88,65,61,79,94,86,77,72,51,30,42,65,47,47,66,79,32,63,72,80,31,46,55,88,69,82,69,58,35,96,60,37,76,49,60,78,50,33,72,38,51,38,51,85,30,67,77,41,33,86,82,65,98,45,43,33,50,33,65,95,35,75,65,76,83,45,37,50,64,48,37,78,96,78,60,31,37,79,56,91,78,81,39,73,51,88
74,33,64,78,70,51,45,79,78,36,79,30,45,31,48,36,88,77,88,35,37,88,46,84,81,75,37,68,43,68,73,48,64,90,75,36,43,89,48,93,72,38,96,63,68,48,52,92,82,69,66,74,40,30,67,30,79,71,56,63,64,52,88,32,70,30,87,49,31,55,72,42,72,78,83,37,78,42,41,52,77,58,87,97,72,82,87,71,73,63
44,49,76,98,40,33,74,76,40,95,94,90,50,42,47,51,55,49,37,89,41,71,83,60,42,40,81,33,73,81,42,59,89,77,81,63,79,68,59,48,39,85,39,91,77,53,79,85,52,92,98,62,33,78,65,77,56,54,36,84,97,56,54,70,96,96,88,47,90,38,32,51,68,48,66,94,39,43,70,47,91,88,96,91,51,32,98,63,65,83
40,37,85,98,39,35,95,36,65,63,92,92,63,92,47,55,69,36,49,90,55,97,82,94,68,63,60,78,85,46,86,43,66,50,91,71,47,49,48,31,70,62,57,54,61,46,89,65,77,52,60,75,58,52,56,88,46,75,85,93,50,84,40,82,39,46,69,74,80,66,42,94,48,45,90,94,69,60,76,88,53,40,55,41,31,37,49,32,33,36
97,30,98,56,73,64,84,39,79,60,67,50,53,84,58,51,52,51,79,92,35,38,82,91,80,31,40,83,51,90,42,45,72,30,95,84,33,77,51,30,58,71,76,75,84,61,72,34,80,43,66,44,30,76,46,57,61,96,49,89,55,53,54,80,52,75,61,42,95,82,67,67,50,30,81,51,51,62,72,52,41,80,66,97,60,43,91,71,61,52
95,33,33,74,79,71,85,50,78,82,90,48,89,47,88,73,47,81,41,76,33,35,69,55,72,52,38,63,70,34,79,46,32,61,48,47,95,94,92,74,87,88,59,78,46,75,96,42,63,42,54,47,53,36,76,80,64,47,78,42,31,62,71,61,85,83,95,93,40,84,83,92,97,73,31,51,30,51,45,60,58,86,93,60,57,50,45,51,37,34
68,79,71,63,64,39,76,89,36,78,97,70,34,93,76,37,42,77,86,60,90,34,76,95,39,91,62,36,55,98,31,69,57,96,60,83,56,81,50,53,80,42,59,33,38,97,92,85,35,50,65,39,87,49,31,77,81,79,60,98,54,66,54,69,54,88,87,77,57,59,94,49,34,53,62,51,86,71,53,43,38,58,46,60,45,78,30,50,70,93
46,57,41,43,85,58,82,52,44,64,64,80,50,94,80,49,66,56,66,77,35,44,72,44,56,51,88,93,62,80,97,62,66,85,84,94,88,43,91,72,46,95,55,96,49,74,37,32,49,43,78,91,40,47,75,74,53,55,69,47,92,39,63,54,46,51,66,48,44,76,64,57,69,74,41,86,38,78,83,30,45,55,39,77,84,72,53,89,77,82
75,50,92,82,94,92,84,83,87,39,63,32,39,38,90,50,31,72,47,97,51,50,80,50,43,41,76,40,67,33,66,84,80,76,83,80,50,47,93,95,90,95,79,30,54,66,88,35,31,46,84,41,91,84,69,43,76,44,74,86,38,47,94,41,87,94,37,47,33,97,38,74,85,43,47,85,98,32,79,96,61,33,76,49,67,31,87,92,35,32
86,48,96,45,42,51,73,48,69,32,35,92,93,85,33,79,42,78,37,44,73,83,86,74,96,36,31,60,45,82,43,79,56,37,56,48,67,92,47,98,54,60,85,44,61,55,39,47,35,62,97,47,98,83,52,79,83,74,79,59,48,67,96,97,31,52,91,72,96,41,54,77,59,31,34,34,60,92,89,97,97,73,49,60,44,61,58,50,68,32
82,65,95,87,68,57,68,64,98,94,54,75,69,67,35,31,59,85,37,30,76,87,89,93,32,63,56,86,73,86,86,52,64,35,89,79,98,55,56,58,48,97,53,64,71,88,37,92,56,39,48,72,73,59,73,57,57,97,60,96,32,58,73,68,36,61,65,58,64,64,59,36,64,63,77,59,90,73,31,46,57,46,75,76,55,80,58,46,44,70
54,43,40,91,45,62,88,54,76,90,70,71,78,80,32,98,57,93,70,63,85,30,85,30,34,35,54,57,30,82,84,83,38,78,94,78,85,72,34,84,75,39,56,63,52,74,91,69,67,54,36,91,60,43,69,61,81,96,72,67,62,41,81,78,54,88,74,93,46,84,30,57,60,59,69,36,81,70,94,83,41,45,75,50,55,84,75,54,90,73
94,75,87,86,48,50,71,64,58,54,47,39,77,86,54,34,57,30,58,87,74,79,54,91,80,33,32,87,45,93,80,39,93,64,55,92,54,79,33,70,37,39,75,90,97,72,57,46,71,58,91,85,45,89,88,68,35,48,90,49,51,59,54,62,45,90,56,90,60,70,65,84,38,96,37,53,74,61,39,34,58,33,62,61,65,74,92,54,62,48
31,90,67,72,35,58,88,74,38,82,82,56,45,76,44,92,97,58,85,63,40,65,85,39,45,52,56,94,37,83,91,54,30,33,58,45,66,56,51,40,44,43,67,70,72,40,86,71,73,83,38,59,80,81,59,53,49,85,94,50,80,50,52,89,76,46,53,90,40,30,52,33,89,63,59,75,39,39,36,47,90,59,81,63,65,54,72,75,61,31
57,73,50,67,83,78,40,55,43,50,91,95,46,98,70,73,46,39,78,50,63,88,58,85,41,70,96,61,66,32,64,68,97,98,32,66,54,80,47,35,39,48,39,51,43,81,83,86,47,30,72,93,62,74,67,48,82,59,73,36,31,71,46,58,53,91,91,71,36,67,81,94,59,84,94,87,49,76,58,68,48,84,49,37,70,51,60,33,84,60
78,98,59,46,31,60,37,38,46,39,40,69,65,81,36,94,90,88,56,75,95,48,44,56,60,78,97,48,90,40,46,40,82,37,35,34,63,41,81,86,63,61,98,92,70,53,96,55,69,73,91,39,93,58,38,49,36,81,91,74,47,66,70,58,39,90,83,45,94,76,54,66,42,63,80,93,53,52,59,31,67,94,56,31,69,48,70,82,73,39
42,94,33,84,84,55,66,61,67,60,73,64,71,58,64,97,45,74,63,67,54,37,57,34,80,92,74,31,42,84,61,57,89,93,92,44,86,71,79,80,63,95,54,36,58,89,31,46,42,54,75,93,42,85,91,97,91,91,69,91,61,63,60,87,94,32,46,34,42,81,63,41,74,73,44,68,70,46,33,42,54,72,43,80,91,85,67,68,87,84
78,87,66,36,47,80,33,33,59,84,77,38,90,37,68,85,72,61,45,80,37,72,52,43,49,98,88,59,46,48,33,79,57,63,42,37,74,69,74,45,93,53,34,67,60,42,95,49,41,32,46,35,36,60,91,30,41,87,61,87,95,50,48,45,89,38,47,80,48,73,71,88,79,96,95,34,52,35,44,33,66,66,78,47,77,35,92,35,76,30
41,54,70,44,75,49,36,90,40,32,59,41,55,93,51,46,54,36,96,32,86,45,51,48,45,55,89,90,77,75,76,41,82,73,37,40,37,91,55,48,97,49,48,64,49,43,66,53,35,86,59,53,78,87,35,35,50,78,47,45,84,67,83,62,74,98,77,62,46,96,34,61,54,30,65,43,55,35,97,88,90,84,42,59,70,36,81,76,65,80
72,53,65,34,96,52,40,38,38,62,51,78,92,74,50,69,84,47,53,82,59,36,86,78,71,79,65,79,58,89,85,98,32,43,80,52,81,56,77,79,81,70,49,61,57,55,76,76,46,48,76,94,67,57,77,83,93,98,77,39,68,35,49,54,93,64,92,60,70,38,56,94,86,68,33,89,69,86,62,69,62,87,54,61,30,76,87,46,78,89
86,90,31,76,93,98,45,85,80,86,83,53,86,41,76,67,53,84,95,83,51,50,82,98,76,37,92,49,82,94,82,61,53,96,47,61,34,69,44,50,75,85,75,57,87,84,66,34,31,65,69,44,82,91,46,81,71,59,44,50,80,93,59,33,60,57,70,32,51,55,89,72,79,37,52,35,76,44,80,68,76,45,91,68,58,68,94,45,89,82
33,36,44,41,91,30,97,33,73,90,98,42,51,77,80,78,91,76,80,68,97,61,71,80,36,38,56,42,76,73,98,90,90,79,40,95,75,53,46,70,85,41,61,93,33,82,44,64,64,70,97,31,72,65,67,66,56,94,82,37,67,42,34,36,94,91,70,34,71,94,83,97,54,57,47,48,42,73,59,40,71,50,48,45,73,56,75,80,78,91
91,92,96,71,30,73,30,80,32,75,89,81,77,61,34,69,61,71,51,35,43,80,82,86,84,80,40,72,50,67,52,71,69,97,66,59,34,60,44,38,45,88,67,84,77,62,46,34,67,45,67,60,45,95,73,42,95,56,77,37,65,84,51,85,56,59,41,63,50,59,72,42,32,39,73,41,79,62,30,65,31,65,31,88,57,51,50,83,67,34
96,32,44,79,53,60,57,32,62,31,54,93,58,94,70,49,92,43,98,35,79,49,48,95,92,45,52,57,39,43,50,89,97,76,39,69,55,90,88,81,95,75,96,35,92,38,41,80,82,54,65,91,85,50,36,90,40,30,88,48,41,50,97,44,57,66,49,98,54,81,53,92,31,76,71,87,66,89,60,74,54,96,40,53,95,75,58,69,45,54
41,56,30,65,66,57,49,79,31,57,64,47,72,78,70,57,68,31,69,68,76,64,45,73,52,54,58,95,88,85,54,82,49,60,94,81,53,50,68,79,83,77,73,33,81,85,34,67,49,93,94,83,41,48,70,42,64,47,38,65,64,71,59,81,93,75,54,39,43,35,91,32,61,33,78,82,96,76,92,38,42,51,78,70,41,69,73,42,59,75
44,74,67,38,69,83,87,76,81,36,64,52,58,39,74,37,96,89,59,40,54,62,47,94,84,76,93,59,56,95,71,40,77,86,71,65,75,83,57,93,39,76,36,63,88,92,85,52,80,34,55,33,33,80,50,40,52,34,68,63,51,34,55,37,64,95,46,60,65,60,61,95,67,73,44,35,85,81,83,96,53,74,66,61,86,97,61,51,51,74
94,37,96,76,64,96,72,40,30,47,86,95,44,55,58,53,35,62,34,53,60,74,56,64,66,68,54,47,30,75,75,62,98,85,46,65,70,84,39,80,38,65,57,45,31,59,32,62,86,45,75,65,65,59,91,69,89,59,74,81,34,49,64,87,46,45,42,66,73,89,50,48,65,34,54,92,32,56,56,32,54,33,98,98,82,73,85,55,63,40
40,87,53,86,49,39,33,85,97,31,92,70,63,31,81,87,84,48,62,37,84,97,61,38,74,55,66,41,61,47,36,34,77,62,33,71,41,55,72,94,44,92,55,88,69,48,47,67,55,68,97,80,53,68,69,41,51,64,97,45,89,41,69,60,67,70,95,35,81,47,41,40,71,49,92,30,96,94,53,95,61,46,54,68,48,62,65,42,34,62
61,50,84,61,66,41,68,97,54,62,74,84,84,84,72,56,48,35,87,77,89,71,80,65,46,94,55,36,74,80,95,84,72,68,94,90,86,44,45,84,52,71,64,87,33,76,87,30,97,34,40,69,83,75,49,65,64,93,33,69,70,80,62,43,48,90,46,30,88,37,67,47,72,41,30,36,59,33,83,58,63,56,80,44,31,54,36,95,78,81
52,61,71,40,79,91,48,76,56,58,88,71,36,72,53,49,81,65,92,58,55,72,92,65,66,51,30,82,44,67,56,72,34,86,31,53,83,62,69,43,42,43,69,62,69,73,33,88,35,96,55,52,62,97,98,56,84,67,88,91,32,54,97,59,48,37,81,56,51,52,91,76,91,87,67,65,51,88,66,53,63,74,65,94,98,63,55,73,64,41
52,59,88,91,61,37,69,60,65,58,98,68,49,34,89,92,36,80,84,92,31,38,72,76,73,91,35,95,57,30,56,57,73,61,95,98,66,38,89,83,44,53,53,59,73,75,43,86,87,64,80,38,73,87,46,78,77,96,62,75,38,85,91,62,42,76,68,56,81,39,53,86,98,66,68,54,62,38,47,82,34,41,88,46,37,59,41,76,78,48
43,81,40,41,98,66,39,59,68,49,95,74,76,61,48,36,88,67,57,30,74,61,65,51,49,61,70,60,86,79,82,70,65,93,93,67,56,78,89,46,60,46,43,82,94,59,32,36,44,32,83,42,88,71,32,75,90,85,36,57,94,65,66,87,93,61,86,32,77,93,46,34,37,86,39,86,55,69,35,38,68,55,85,90,31,50,72,68,79,50
65,62,56,52,53,66,66,91,58,85,49,39,50,46,78,41,83,56,86,33,44,30,59,68,74,95,67,68,79,60,94,65,65,75,48,68,33,98,65,83,73,72,43,70,71,41,54,95,70,51,42,37,51,52,48,34,91,38,92,56,33,91,53,85,42,90,49,56,34,94,79,63,64,69,42,74,60,90,82,60,58,69,53,77,70,34,68,73,33,63
46,65,58,89,41,60,65,33,55,70,76,90,87,90,42,75,31,71,35,79,95,60,71,76,45,63,66,75,97,59,94,69,61,72,73,89,52,45,34,95,52,76,55,96,39,43,95,50,96,85,52,98,41,42,46,62,83,60,49,55,56,64,62,63,34,74,58,98,72,86,72,79,46,34,86,54,33,74,68,66,72,64,48,80,61,35,60,72,41,69
70,98,44,94,53,65,95,86,91,69,54,42,74,40,72,44,39,81,71,34,38,34,89,30,66,98,37,64,88,58,47,95,34,33,57,35,42,44,86,42,33,72,57,60,75,93,81,52,97,41,64,36,46,61,97,71,37,95,89,55,77,34,58,75,70,68,50,84,54,45,36,41,52,34,48,61,84,79,60,85,83,90,79,38,39,84,72,93,30,91
56,32,95,36,44,40,73,33,57,79,46,34,57,67,56,68,98,59,95,33,62,43,30,87,41,53,59,75,47,66,40,95,77,59,34,92,86,74,98,42,34,72,51,75,40,76,71,36,68,49,85,60,94,71,80,73,74,76,77,35,76,69,48,32,74,81,73,44,42,43,74,90,58,35,95,67,74,81,51,84,82,89,36,98,87,85,71,65,71,41
79,67,80,97,75,46,74,76,95,48,74,61,34,85,94,33,77,94,85,65,46,72,67,88,94,85,36,39,87,71,60,91,89,38,80,71,74,92,48,81,72,31,66,42,32,95,66,53,76,45,30,78,96,36,88,81,30,61,67,52,37,53,62,58,86,82,64,63,81,94,32,34,77,87,60,95,86,74,64,48,79,68,39,72,75,68,40,83,38,58
95,79,55,71,57,64,98,93,52,78,95,70,64,83,33,43,91,91,97,98,43,59,86,77,98,78,57,58,93,77,46,82,73,36,86,38,67,57,90,89,57,86,49,59,57,67,36,30,59,60,54,60,34,33,81,67,84,69,82,68,65,60,43,94,84,41,72,74,37,44,95,39,35,65,31,74,69,51,33,53,42,85,65,91,35,47,60,51,34,54
89,94,49,89,44,56,34,39,91,51,44,44,55,55,54,54,36,49,70,87,85,73,94,44,83,72,75,96,89,97,39,54,59,69,66,68,39,33,43,77,78,76,67,75,91,52,90,66,48,43,43,56,94,47,35,59,33,56,79,54,52,74,41,41,74,39,55,75,52,89,39,41,97,31,90,35,36,67,81,51,32,42,41,83,40,88,54,44,70,87
57,48,47,36,49,73,43,52,49,57,63,76,34,76,66,58,37,60,88,40,86,85,72,62,45,50,55,41,87,78,84,55,49,70,49,68,69,47,49,71,51,85,54,89,50,85,58,89,82,68,57,36,49,38,71,81,92,82,74,59,75,60,48,35,70,51,50,39,92,64,93,37,79,30,59,31,92,61,54,89,56,77,68,85,90,84,62,51,90,54
52,52,39,95,59,97,87,88,46,64,65,60,35,93,67,80,91,85,47,51,84,30,41,78,78,72,91,64,54,98,81,84,56,82,96,43,72,82,95,35,70,63,71,74,41,34,85,66,83,51,35,71,80,61,34,71,42,52,58,34,52,67,82,91,80,37,93,93,46,34,47,87,50,52,67,88,47,97,49,83,43,37,81,90,80,98,43,47,90,33
32,52,97,62,47,75,44,38,79,58,52,61,45,40,79,51,59,56,61,96,81,51,63,68,62,61,66,74,61,61,91,37,66,85,94,47,98,57,34,66,81,96,97,96,55,50,54,95,91,79,90,35,31,49,41,30,53,55,73,43,86,63,34,53,31,35,63,84,94,57,43,85,48,44,95,90,35,97,40,72,75,95,39,48,30,36,61,88,89,49
33,63,39,92,70,52,49,44,70,69,46,74,50,90,49,35,33,47,43,98,48,92,53,59,93,56,44,49,81,91,43,93,90,35,92,98,52,40,35,88,85,35,30,80,75,48,60,90,33,63,89,66,57,30,45,82,57,54,94,58,66,98,37,77,39,58,68,78,46,58,85,34,91,47,50,56,93,71,46,70,77,38,37,31,75,73,59,81,48,56
33,82,57,89,88,85,41,50,42,66,56,39,47,38,65,35,76,93,69,62,34,83,64,61,84,65,92,56,47,47,38,74,80,53,70,43,69,56,32,92,68,46,95,64,43,45,31,36,34,89,69,95,45,32,92,65,79,32,89,89,32,52,94,60,38,97,60,48,59,77,91,92,52,65,84,36,83,52,97,45,37,37,54,30,89,41,51,82,65,63
85,34,84,38,55,79,42,71,95,49,41,44,88,54,88,95,40,44,62,51,96,67,41,58,76,74,52,76,40,71,55,53,57,92,39,33,76,45,59,82,43,91,30,30,46,61,79,58,78,49,68,67,89,46,30,56,47,50,64,61,39,82,63,93,57,71,74,52,89,63,32,83,69,34,95,65,95,69,67,89,69,50,89,32,69,30,98,55,38,37
87,41,36,78,57,57,73,44,51,82,75,55,43,50,60,48,61,77,55,64,86,85,81,68,57,30,32,64,58,57,31,79,42,86,88,46,84,71,95,62,66,32,48,69,83,61,31,37,61,96,68,41,45,71,47,85,37,65,87,91,92,35,45,33,42,38,41,30,79,58,40,67,41,72,70,71,49,79,48,72,40,84,62,76,69,68,79,69,40,86
92,36,35,79,59,70,92,86,87,97,90,32,85,44,73,68,92,62,41,44,35,46,41,81,66,61,38,45,31,96,91,30,45,85,71,35,95,43,56,96,36,36,31,89,45,43,76,44,75,42,75,55,74,92,39,56,38,88,38,81,50,55,78,68,60,46,93,31,97,38,63,75,98,60,64,45,96,73,76,78,93,64,84,83,45,69,98,31,65,76
51,86,65,95,59,79,67,34,97,43,62,36,45,97,79,74,89,82,30,48,63,51,98,52,45,86,77,78,46,53,33,32,95,88,54,52,78,66,71,87,71,55,76,98,35,77,71,40,42,89,44,94,37,43,33,66,94,36,51,50,84,35,88,60,97,75,63,80,40,35,78,90,67,36,32,68,30,60,91,73,34,46,49,63,36,57,43,70,84,92
51,76,93,98,85,95,61,69,91,33,35,50,40,59,91,39,94,38,96,77,97,47,37,91,71,86,30,78,72,58,55,50,49,88,77,60,33,39,72,50,52,62,83,78,86,50,61,92,82,57,58,95,55,58,96,93,70,30,67,82,67,91,80,39,66,39,63,65,80,96,50,92,48,91,92,46,80,72,56,54,82,74,69,98,41,40,91,45,51,78
86,62,69,92,78,68,43,43,82,39,65,41,76,69,65,72,60,97,33,73,30,39,86,83,53,40,69,75,73,52,34,89,32,67,50,70,88,76,84,32,54,54,41,91,40,35,91,41,98,79,89,42,93,89,58,92,60,50,32,79,47,40,66,77,83,49,56,77,85,76,60,50,64,54,67,70,48,89,56,71,64,87,41,57,40,70,82,61,67,67
40,82,58,91,55,83,66,52,96,81,80,43,95,36,76,77,31,81,87,36,81,59,56,66,95,95,38,58,96,77,70,92,61,72,82,48,55,91,65,54,97,61,91,31,53,86,59,56,42,40,90,90,53,38,58,73,44,66,94,77,37,57,35,68,54,96,75,73,98,43,49,83,48,43,68,86,66,94,91,34,72,51,58,59,97,76,40,64,63,43
43,78,51,62,65,66,86,55,30,58,49,77,50,82,83,49,69,75,74,52,42,48,35,98,72,65,57,89,84,57,48,51,58,37,92,84,70,55,49,70,58,44,89,63,48,62,34,39,87,38,59,70,57,89,35,46,52,95,90,97,41,44,67,34,46,65,89,72,45,39,61,80,88,45,58,34,34,76,36,79,79,50,72,58,91,79,80,82,63,45
87,82,88,52,79,56,79,70,84,37,52,58,96,69,79,82,60,58,41,97,42,46,60,63,48,75,49,58,37,52,48,85,30,54,53,71,33,87,95,65,75,96,95,60,43,83,74,40,35,70,89,86,54,94,30,74,94,98,35,79,64,63,90,54,51,32,83,57,91,74,31,83,34,80,84,60,84,55,96,49,67,63,98,72,63,45,73,72,39,49
65,80,88,47,91,64,70,47,89,45,37,68,32,46,42,72,59,72,65,58,90,58,38,51,60,37,46,86,62,45,42,30,94,33,36,63,90,62,96,39,71,34,44,65,38,59,87,66,80,96,98,37,58,92,40,58,86,41,85,53,52,35,41,89,68,78,51,36,36,39,84,44,41,93,53,81,54,36,33,73,42,63,89,90,59,34,91,76,75,67
79,43,48,96,57,42,32,40,66,34,70,88,79,38,96,62,37,50,46,42,86,69,92,41,44,91,98,97,88,51,48,87,43,49,63,45,62,40,41,59,85,66,88,65,92,69,57,92,70,80,41,44,78,70,46,97,72,67,95,60,44,63,66,81,45,57,87,64,57,76,37,62,57,72,78,69,64,48,46,45,55,66,46,62,84,51,35,78,46,60
44,92,77,73,64,88,42,75,74,42,35,34,44,76,85,37,44,54,38,30,63,95,32,81,82,64,93,34,47,75,96,71,32,39,75,57,33,52,91,34,32,81,87,64,47,87,70,78,48,90,76,77,41,32,94,89,92,69,86,51,79,83,94,65,77,95,69,82,97,69,67,53,32,81,70,75,79,38,43,94,30,89,95,94,63,76,92,43,44,90
68,91,69,46,37,42,95,54,42,44,72,35,68,94,81,48,52,70,30,60,43,93,85,34,43,61,91,54,82,96,36,79,39,81,39,42,92,95,86,45,59,55,74,88,47,39,47,67,43,43,45,42,34,42,59,45,48,36,66,76,36,78,37,62,43,51,43,66,46,84,80,42,97,70,79,62,83,84,36,38,66,59,31,67,67,32,84,58,39,92
86,88,64,61,94,71,45,56,43,87,61,75,75,33,89,95,52,67,62,68,34,40,90,33,92,43,86,39,34,87,64,79,79,97,86,45,30,38,78,50,62,66,79,63,41,56,96,88,44,39,67,78,92,50,71,30,44,31,77,39,89,77,45,49,58,45,83,49,52,58,39,35,48,64,61,45,69,32,83,76,79,36,51,68,76,82,36,61,43,79
55,50,56,49,76,96,51,59,90,71,30,75,58,49,31,56,70,60,90,66,32,58,30,32,95,56,35,71,97,61,74,35,90,33,60,62,54,78,74,67,57,86,79,97,92,34,46,89,68,44,46,86,34,65,94,63,85,86,89,38,39,70,82,69,60,69,56,83,82,60,50,91,69,61,34,84,90,57,68,88,56,53,62,91,96,62,45,68,68,34
93,53,58,47,73,52,43,97,89,40,57,70,35,75,74,62,45,97,53,82,78,62,60,66,60,75,41,51,59,62,35,87,79,32,47,96,48,30,59,38,48,81,74,35,92,88,79,93,65,88,69,82,65,32,42,83,32,72,67,44,48,77,91,66,74,53,41,49,87,89,38,48,68,66,32,35,30,65,71,62,77,40,65,92,75,71,74,77,87,58
62,87,53,88,91,48,82,70,77,73,32,56,86,85,86,85,70,59,65,43,41,63,78,49,71,86,94,48,73,44,51,40,78,50,61,80,48,86,50,44,45,55,87,59,73,92,97,79,30,61,60,42,49,34,88,73,86,70,70,83,46,36,68,30,64,48,51,68,95,98,59,43,45,81,31,45,92,50,81,84,31,32,69,46,53,87,78,54,38,54
50,62,89,89,50,34,56,33,37,95,36,79,39,52,36,98,91,66,46,47,34,77,75,84,52,88,32,42,42,33,95,34,97,69,53,56,90,75,30,79,85,48,46,59,70,56,94,63,64,74,56,40,53,41,38,50,82,80,61,91,49,46,67,81,88,74,46,86,46,45,77,42,79,98,86,95,77,68,66,74,32,36,59,84,68,76,51,49,37,74
41,73,64,63,74,78,33,32,59,72,35,85,45,96,41,61,80,76,92,55,60,37,90,46,88,32,74,48,86,48,45,67,74,59,60,85,88,82,79,87,74,35,82,98,95,36,81,54,96,82,50,68,45,44,81,57,51,96,31,30,89,83,93,90,44,80,39,74,95,88,77,83,38,42,64,74,80,82,60,71,70,76,86,43,61,65,72,84,65,60
90,38,72,52,43,96,97,97,46,60,83,39,56,79,94,95,49,91,52,87,64,44,59,54,96,68,95,58,86,67,71,97,66,57,78,48,95,82,72,52,36,87,85,33,36,91,91,57,34,58,97,69,44,67,33,49,98,70,82,91,56,50,93,53,66,79,58,89,54,73,32,97,64,96,82,82,65,68,53,72,48,38,81,80,88,69,68,44,82,93
31,76,98,62,69,56,47,75,50,66,36,48,32,85,61,80,74,47,80,91,85,49,68,90,33,45,54,51,75,45,75,79,33,80,52,75,76,34,63,53,34,87,93,32,50,96,32,96,70,74,79,74,45,59,53,30,94,67,83,41,96,62,55,85,61,89,96,43,52,72,94,44,82,83,65,87,72,31,36,71,72,38,89,55,37,61,56,44,31,30
80,35,56,87,62,70,90,52,34,52,33,53,51,53,93,43,42,41,90,50,51,75,81,58,69,86,84,82,50,71,73,81,80,37,68,93,55,82,62,32,95,37,57,82,63,41,90,69,95,37,40,93,39,94,67,76,55,46,70,33,85,32,59,70,37,93,80,75,32,91,76,49,91,71,48,65,35,35,49,42,40,62,63,94,77,95,83,46,76,64
42,56,59,75,55,97,67,45,56,54,62,75,98,97,63,44,83,78,54,75,73,88,92,92,82,57,60,80,71,47,48,44,56,75,71,63,80,41,31,76,68,96,54,77,59,82,32,91,95,38,64,73,62,98,31,34,40,41,35,48,56,88,30,49,49,34,53,45,60,52,91,60,61,73,82,43,30,84,68,96,54,81,96,49,36,50,58,32,44,84
37,51,72,64,42,87,87,71,73,30,83,75,42,45,48,65,56,85,65,56,79,82,73,51,86,51,60,65,32,37,30,36,40,39,72,45,38,62,45,77,78,79,59,76,47,71,69,42,53,87,97,37,48,67,35,31,42,93,54,34,96,98,42,59,90,32,38,96,82,82,48,92,65,82,44,70,88,43,49,36,49,80,56,90,81,34,69,69,83,75
77,38,82,60,58,74,64,40,88,84,33,35,83,55,42,37,32,84,65,91,32,55,52,37,79,44,70,81,76,84,35,91,82,46,64,55,73,98,32,61,42,63,76,56,95,37,48,71,63,51,98,75,64,92,73,97,92,36,95,30,77,36,88,53,45,57,86,73,72,68,97,97,48,79,67,63,43,88,83,54,82,41,37,66,56,95,73,38,91,51
65,84,83,83,93,97,93,84,47,88,55,68,49,45,49,77,89,40,50,75,98,69,60,87,90,82,35,69,90,69,96,80,33,32,74,94,59,95,95,87,88,84,55,74,71,37,70,42,71,74,74,87,91,95,49,62,66,42,79,78,60,81,31,56,55,72,51,59,96,64,69,76,70,49,33,35,32,65,43,39,63,80,87,43,75,46,94,95,43,32
48,87,44,84,78,69,50,80,72,44,32,70,68,59,69,61,61,96,52,77,66,92,38,53,57,93,48,33,63,59,86,56,59,36,84,49,66,46,74,97,47,71,92,66,47,90,72,53,93,89,89,70,42,68,45,61,54,48,68,50,78,49,96,76,89,39,96,43,85,45,77,62,65,90,85,82,46,33,60,54,64,82,75,44,88,73,94,90,72,98
47,42,98,54,63,51,35,43,87,85,74,33,80,76,70,70,85,77,37,45,89,43,74,60,64,62,51,44,52,97,89,81,56,86,95,68,68,55,49,53,73,75,97,98,85,78,90,57,66,79,62,95,46,50,81,93,41,32,95,71,90,67,75,64,69,37,49,46,81,60,76,63,57,54,98,66,68,38,86,32,68,85,44,30,63,92,63,92,36,59
60,45,63,63,77,75,46,58,87,34,60,50,93,84,71,48,46,45,30,62,88,88,76,37,88,32,43,44,96,59,84,96,79,41,47,33,41,72,60,83,44,58,68,82,91,66,90,92,80,30,53,90,88,54,91,53,70,89,37,59,49,69,81,81,59,56,73,64,74,96,90,59,73,90,41,49,66,64,58,58,68,55,72,44,97,46,67,65,89,87
51,95,41,54,44,45,30,43,63,91,54,51,70,92,43,47,95,59,45,34,91,57,55,81,62,40,51,84,85,37,35,41,73,60,69,60,36,64,74,50,42,38,65,65,91,81,52,61,51,30,83,90,56,54,97,43,38,98,59,87,78,74,79,33,51,79,83,66,68,69,87,40,95,49,86,93,49,37,31,67,34,56,75,66,69,66,77,45,63,92
31,57,94,74,69,32,77,46,39,58,73,88,35,75,62,30,83,57,82,86,88,60,49,44,49,78,57,89,91,62,58,33,76,64,37,84,66,90,94,84,93,39,43,69,32,45,39,79,38,31,88,30,31,67,44,53,67,48,38,70,75,61,62,40,69,79,34,86,32,82,41,36,79,70,47,40,51,98,44,88,49,40,79,56,79,96,48,63,94,98
91,66,86,45,64,46,48,66,44,38,62,89,97,50,85,35,77,93,54,66,38,35,37,89,94,37,67,49,33,72,57,94,72,57,77,58,46,77,97,36,32,89,46,73,81,47,81,88,33,44,82,75,49,86,85,83,67,53,93,40,30,63,39,38,53,48,95,87,90,33,59,66,98,51,88,74,84,34,90,34,83,81,46,46,60,59,62,54,97,31
78,97,50,34,52,83,55,72,66,32,41,77,44,82,91,37,62,83,35,90,34,57,85,76,69,34,37,77,60,94,59,57,81,94,51,39,67,46,31,33,78,74,51,46,46,92,56,45,97,73,36,31,66,78,50,75,73,63,96,73,64,63,86,75,34,83,31,34,52,66,62,72,71,84,71,93,82,84,90,87,51,36,40,93,66,56,58,79,33,92
36,97,72,59,52,54,85,63,35,89,93,74,33,48,65,45,48,62,90,71,92,55,59,32,97,48,41,76,70,44,39,49,56,49,40,82,46,36,88,40,94,86,52,47,64,62,91,78,87,94,37,65,59,39,45,94,61,80,40,67,33,94,46,30,70,79,54,88,65,64,89,73,69,95,53,82,88,92,43,80,62,94,50,55,79,87,41,94,44,56
88,94,32,61,89,78,88,69,39,67,36,95,89,31,73,81,42,81,40,61,49,69,72,78,48,42,64,51,75,72,63,32,95,67,47,93,67,98,81,56,76,51,46,83,68,54,79,87,64,50,65,84,63,82,69,44,56,79,77,63,58,62,84,57,37,32,60,49,46,91,52,40,56,88,96,98,43,77,62,44,32,69,53,37,55,79,40,85,54,89
66,67,73,47,73,47,82,78,84,71,98,85,85,61,48,83,33,75,66,30,92,91,69,61,53,87,56,60,45,42,68,92,32,57,36,46,64,85,61,73,71,66,85,89,54,85,45,81,84,38,35,81,87,54,73,57,45,53,48,76,48,62,53,33,85,62,92,37,63,53,36,95,47,97,54,61,86,43,81,67,36,65,83,33,49,38,84,72,78,65
31,57,73,89,39,97,30,97,49,75,32,76,74,65,48,76,85,60,43,47,71,80,34,70,87,32,55,57,77,60,63,57,77,33,47,44,63,31,56,79,58,42,74,40,52,69,87,77,85,37,82,88,62,94,96,92,73,45,58,83,50,70,52,62,85,85,57,81,30,71,46,83,63,71,39,87,43,89,88,97,89,89,95,91,75,85,50,47,77,43
80,62,80,37,80,66,50,76,67,95,67,85,42,33,40,63,49,49,87,80,58,90,71,72,85,66,41,54,50,78,79,65,42,42,87,59,65,81,77,79,89,60,54,62,46,59,40,47,48,79,31,80,58,67,30,70,31,51,95,67,87,63,34,95,33,70,83,50,98,82,65,39,79,53,78,83,84,77,90,38,35,73,34,50,56,97,47,65,88,66
78,80,70,59,63,50,91,62,91,46,79,67,60,59,72,88,55,62,84,36,56,58,78,48,56,42,83,84,59,53,74,61,80,93,92,93,90,92,37,71,86,38,51,59,30,91,45,83,70,71,83,54,82,87,76,44,45,45,41,70,95,57,52,60,34,83,61,78,52,53,46,93,51,91,81,96,46,97,46,67,89,32,54,79,58,37,65,65,57,51
68,58,87,65,93,51,34,85,33,59,72,32,59,30,73,75,79,52,91,90,44,98,32,56,85,72,85,47,40,68,93,41,46,50,88,97,98,37,64,85,63,61,82,89,87,80,91,55,63,63,64,84,92,32,49,70,68,68,43,38,57,34,43,85,89,47,34,52,78,68,44,39,41,78,51,40,73,91,95,81,87,61,94,98,77,54,67,71,97,83
30,95,97,89,91,97,52,43,47,45,62,61,32,62,88,82,45,92,43,87,88,55,72,87,52,57,54,53,80,54,84,40,32,40,97,86,98,83,47,84,38,37,58,75,37,36,70,75,82,93,56,33,83,88,44,32,57,81,30,92,61,38,62,93,49,36,46,79,48,86,54,42,82,71,45,47,40,53,98,97,58,38,83,39,52,65,42,95,97,48
56,86,88,38,81,73,58,76,62,98,65,55,45,85,89,46,80,82,87,80,47,75,59,78,98,39,48,49,79,94,31,73,47,59,93,95,39,48,71,58,82,96,98,55,71,61,60,52,75,65,31,73,42,84,41,63,94,41,84,95,85,62,35,37,71,44,79,84,34,67,81,83,36,34,56,57,84,95,84,74,59,43,48,88,30,51,36,71,47,91
98,65,75,92,92,59,52,47,72,86,45,64,59,53,32,53,92,38,83,53,30,43,80,38,64,76,38,94,67,74,47,76,37,90,45,53,68,86,54,71,94,76,65,64,51,80,31,55,37,78,65,30,30,90,47,47,63,64,62,47,35,48,61,85,87,91,35,65,40,60,63,35,84,57,76,30,83,32,68,36,85,79,47,64,44,53,43,33,86,80
48,88,87,30,51,85,51,84,96,83,55,42,97,37,66,40,59,75,31,32,46,70,31,57,50,87,36,32,89,69,59,37,72,39,91,52,40,69,60,51,93,37,41,72,77,69,49,90,75,74,62,86,71,34,91,50,30,81,66,62,64,66,77,73,37,63,56,48,70,66,79,61,73,44,70,59,94,40,36,40,46,39,84,42,77,80,97,86,35,46
85,45,37,77,86,47,44,55,36,87,69,60,60,34,88,43,68,41,84,84,62,81,96,71,92,40,88,73,71,76,77,63,35,58,66,50,62,78,53,45,63,48,57,45,32,91,86,62,62,54,61,81,88,47,86,35,83,34,51,89,94,46,30,96,43,73,77,68,86,68,41,59,43,35,51,92,79,88,97,77,80,79,65,66,94,42,79,49,31,45
71,54,95,46,85,49,96,66,75,30,84,43,38,98,68,62,58,73,71,78,85,96,46,97,34,94,57,55,82,47,76,65,86,54,74,51,58,79,54,38,96,39,69,78,35,98,65,96,95,87,65,80,75,57,75,72,83,74,35,88,43,38,64,93,57,32,77,51,78,74,67,94,69,43,54,43,43,30,44,74,32,40,30,82,60,92,51,55,33,77
95,59,89,68,82,96,91,79,89,86,33,62,50,78,65,55,54,50,53,47,96,56,93,33,69,84,63,94,43,82,87,38,78,94,33,90,68,56,47,97,85,89,57,79,37,68,80,32,67,67,50,54,80,98,74,34,84,43,59,84,77,95,59,94,40,98,92,77,60,83,96,75,97,31,84,95,69,56,90,64,52,46,92,73,40,77,66,45,72,48
43,43,70,56,65,97,49,53,87,31,35,92,76,94,47,56,73,64,69,38,80,47,96,69,32,41,69,89,32,74,33,86,74,59,81,61,40,90,57,37,85,44,42,94,83,80,72,83,35,51,53,47,40,86,95,39,47,60,80,98,87,51,84,49,32,82,31,87,40,80,71,47,52,67,97,68,89,68,87,91,66,32,52,62,90,72,45,97,73,86
47,51,33,85,84,97,44,37,83,41,83,89,64,71,47,31,93,34,30,43,51,82,51,53,56,62,83,82,49,32,44,47,41,57,94,60,39,46,96,38,71,52,42,51,50,94,46,75,76,59,70,62,43,97,63,58,88,50,77,37,69,47,59,46,77,45,35,72,90,58,94,52,85,50,64,78,73,66,58,40,56,70,84,93,96,41,41,72,60,73
90,69,59,92,35,40,90,60,77,46,37,73,79,30,95,40,41,53,49,70,39,93,88,48,42,51,93,53,88,37,62,52,39,61,89,51,71,42,53,63,77,77,30,47,78,90,65,70,43,59,72,76,53,44,37,70,64,47,41,36,51,47,67,86,62,52,44,61,83,85,41,33,49,65,37,81,81,72,33,91,68,47,43,43,30,91,49,41,43,85
98,51,55,60,72,54,64,31,47,95,33,83,47,59,86,85,87,53,50,82,32,95,85,79,71,33,87,32,55,81,72,59,43,44,58,39,72,34,46,74,49,88,37,69,47,88,64,69,54,56,83,56,41,30,73,90,82,78,37,96,88,32,71,49,51,89,93,86,84,53,53,31,75,46,44,33,66,63,82,32,97,54,81,71,82,39,57,90,90,76
82,85,84,82,54,93,37,76,51,35,54,76,69,88,81,51,69,61,40,98,55,51,71,36,92,80,90,81,73,79,47,97,62,74,96,86,47,33,69,40,36,98,55,73,38,97,52,64,92,44,56,71,92,77,86,96,32,40,45,93,67,33,61,60,48,37,65,35,58,79,64,73,55,68,39,97,69,68,83,93,32,30,60,54,54,51,58,39,55,81
94,34,67,84,32,55,76,97,89,37,60,37,77,54,32,40,45,91,67,31,42,96,57,47,49,86,45,61,41,37,83,32,71,95,72,94,46,82,88,82,44,68,57,77,67,83,82,54,42,60,89,68,85,66,48,90,47,58,64,81,40,51,72,85,48,66,62,85,35,71,81,81,38,93,72,46,53,59,64,87,88,38,64,46,77,65,80,77,59,48
74,71,65,74,32,47,43,55,92,72,85,91,79,57,75,88,75,55,79,76,56,53,60,66,73,46,94,76,39,47,56,85,97,57,48,96,61,45,49,49,58,94,89,93,31,72,52,45,89,85,56,98,84,51,66,85,65,92,95,69,31,62,35,45,47,50,31,90,81,37,54,87,32,60,46,91,32,83,79,52,91,51,39,58,73,35,54,93,71,81
77,60,67,34,69,60,80,67,95,36,95,34,92,78,71,47,67,66,86,39,51,75,37,77,89,87,67,41,43,58,41,98,54,50,78,37,45,76,93,38,91,76,53,56,58,95,76,88,95,73,95,45,83,77,94,82,63,97,75,94,51,64,47,50,96,37,37,33,39,42,68,57,92,73,84,64,50,36,79,71,83,76,81,62,41,84,98,37,51,67
56,70,47,54,45,94,94,97,89,55,72,63,42,69,77,60,58,74,61,96,33,60,89,64,50,66,80,47,42,91,43,50,32,72,98,52,92,54,97,94,45,41,46,91,72,35,97,48,44,89,96,66,56,56,94,67,87,84,69,74,95,46,61,61,53,85,90,89,85,80,96,50,58,40,52,85,80,64,45,64,98,89,71,51,45,51,35,54,98,55
64,80,86,34,98,45,73,90,48,55,35,48,97,54,60,96,51,35,81,68,95,90,62,30,30,89,49,81,86,51,38,95,85,60,96,54,47,74,44,34,98,45,42,54,65,58,80,75,73,84,68,50,84,94,55,63,35,41,93,41,39,66,80,74,38,82,56,39,43,91,93,69,62,89,70,79,36,50,85,89,88,55,67,89,93,47,91,95,67,85
94,72,51,53,80,94,34,90,63,39,89,88,38,81,87,30,86,57,62,30,59,96,63,80,69,98,90,30,50,33,49,92,61,70,80,92,45,87,70,34,56,48,75,67,96,69,85,48,38,37,61,88,72,77,76,76,75,71,81,54,98,85,64,58,72,68,91,86,61,75,47,83,85,48,41,36,73,98,70,92,53,37,65,67,96,64,48,78,68,93
71,64,74,54,38,88,80,98,33,48,41,32,62,77,38,31,37,44,35,56,52,67,42,68,90,35,50,58,86,50,61,71,93,61,45,90,42,66,77,92,55,64,56,69,72,52,71,57,42,33,92,93,39,35,36,61,43,71,83,47,67,60,66,71,85,73,42,67,66,85,59,52,77,39,55,64,84,43,69,75,78,63,82,50,68,92,36,90,85,64
68,44,91,80,94,73,30,72,84,35,87,51,76,55,43,83,84,90,40,82,88,31,86,41,79,41,45,52,47,50,79,90,39,53,89,94,63,89,32,32,39,95,31,96,80,51,56,95,50,48,77,66,43,96,92,69,51,31,57,35,93,79,88,97,55,34,37,79,76,87,63,73,33,85,93,55,65,61,61,49,35,94,49,49,77,69,78,71,43,96
62,51,40,67,37,73,85,56,87,61,64,78,96,38,71,82,71,47,71,57,88,49,68,54,43,60,68,85,78,93,79,43,60,80,70,79,52,91,96,38,57,97,70,93,30,96,79,86,73,69,40,33,67,41,36,51,34,57,39,40,59,75,44,40,59,47,65,60,59,33,88,76,78,91,33,84,65,93,68,58,40,87,50,97,93,92,50,86,56,86
42,90,33,87,48,68,98,69,87,95,91,52,53,80,94,50,84,62,34,43,62,48,38,46,55,42,72,43,69,34,35,50,37,91,34,64,73,46,86,53,70,57,39,47,68,89,55,57,49,40,54,36,65,86,63,52,72,87,42,40,84,96,70,90,71,98,57,65,57,53,69,51,84,65,32,33,64,57,66,65,96,48,61,65,67,34,71,74,61,46
47,95,69,40,81,56,98,59,52,85,43,64,73,97,51,95,58,72,40,91,72,98,79,59,73,96,88,58,87,35,51,70,89,75,93,41,80,52,79,47,45,34,85,43,37,37,49,85,61,91,34,38,54,51,65,91,47,66,82,66,54,59,42,46,68,30,83,52,50,32,47,35,76,61,67,89,39,56,98,72,79,56,53,85,34,78,63,39,37,83
61,83,30,83,86,35,96,70,93,53,56,57,88,61,73,91,76,31,98,91,30,30,85,75,87,33,66,75,69,59,84,38,33,82,76,66,40,53,73,69,70,64,88,85,44,41,79,81,91,49,76,49,79,69,60,42,93,35,42,57,56,70,68,50,44,36,80,82,52,86,41,64,80,50,44,68,60,66,36,31,41,45,94,65,33,46,35,90,59,75
91,83,70,76,37,49,56,96,74,43,37,60,93,79,32,72,96,35,37,44,79,38,50,75,58,62,51,69,36,86,84,65,67,94,58,85,37,97,91,46,86,38,66,62,52,51,58,58,67,44,77,72,80,86,46,77,59,41,46,35,98,75,72,80,54,34,45,84,74,40,97,81,96,40,54,44,73,53,95,80,76,95,30,64,84,83,52,43,84,67
49,97,73,66,73,91,34,82,50,40,43,32,32,79,49,96,50,77,76,57,78,57,32,95,40,56,91,45,87,79,42,36,84,42,46,77,60,95,92,52,98,56,77,85,92,65,86,72,55,85,50,65,43,40,31,73,44,56,69,38,34,93,82,31,45,77,51,86,87,94,35,51,51,73,53,59,96,91,45,50,96,59,84,88,75,73,82,43,61,53
85,31,72,86,79,75,80,33,74,53,55,75,36,76,35,74,53,68,75,70,50,51,30,59,95,84,52,41,92,52,69,85,59,92,94,44,74,54,94,91,78,40,44,71,37,52,65,47,73,60,73,48,88,33,97,52,71,35,69,78,49,58,67,90,64,87,48,50,89,38,54,40,59,87,52,92,58,33,42,86,49,59,78,40,47,78,34,48,63,82
97,59,92,86,92,30,75,62,58,37,42,79,49,90,93,34,67,83,83,34,84,73,59,35,84,33,67,80,36,92,73,90,80,44,33,84,78,89,82,52,75,62,35,81,89,77,71,86,50,74,33,66,51,56,31,92,64,42,62,56,64,33,31,73,33,97,98,38,44,38,38,62,40,76,49,84,71,82,94,46,89,53,75,80,77,78,71,38,43,97
93,71,57,50,97,71,54,47,71,45,98,66,96,74,94,77,97,87,45,58,60,77,36,89,41,71,75,85,88,49,82,84,38,60,63,97,62,90,71,90,49,96,65,77,57,73,89,64,95,30,82,81,64,48,31,37,50,85,32,48,76,33,53,63,81,38,65,94,69,63,66,95,51,56,76,65,63,92,87,82,31,90,44,78,52,60,52,93,56,34
80,51,76,70,94,59,78,77,40,77,58,42,53,62,68,72,72,30,97,98,68,45,53,34,73,78,31,55,41,43,36,68,79,70,52,31,90,82,70,47,59,84,42,36,42,37,98,89,91,67,64,85,83,30,54,91,42,67,36,63,79,55,41,79,36,87,61,69,46,42,69,92,46,44,92,94,62,61,67,93,69,50,54,78,40,63,93,39,90,95
62,83,73,86,47,87,38,62,53,76,48,87,52,41,37,86,51,66,90,59,70,37,41,53,34,37,63,84,68,81,71,51,77,63,57,55,40,59,36,63,79,32,33,81,97,59,84,77,41,79,61,76,33,95,48,71,77,76,49,52,86,79,88,52,89,88,88,77,95,85,44,81,57,60,93,53,83,66,68,48,74,71,75,69,35,33,58,71,68,89
77,93,44,93,91,52,97,67,51,36,79,71,97,62,80,67,42,34,97,96,76,70,33,68,50,55,88,34,51,86,39,76,97,90,85,79,45,65,55,77,48,39,93,80,80,77,69,61,74,53,62,30,46,46,42,65,94,34,36,44,49,81,31,36,32,78,49,75,51,96,87,96,54,43,40,60,84,67,53,85,67,79,94,33,47,71,59,97,50,89
54,96,84,86,71,37,30,52,48,65,84,90,65,63,89,49,98,38,49,97,73,77,62,42,57,44,38,81,62,77,66,62,70,91,84,36,80,59,52,82,45,39,72,41,33,45,39,65,93,51,40,43,32,32,96,67,95,38,49,87,39,79,91,67,36,52,38,61,83,92,87,79,50,54,49,66,67,98,81,36,67,98,57,98,71,90,80,65,40,49
58,49,85,46,95,56,77,98,49,71,79,78,95,66,66,66,36,62,58,59,44,49,96,88,50,70,77,51,78,70,90,68,38,49,36,33,53,34,45,32,32,39,50,93,32,90,65,75,37,74,30,88,36,49,34,36,79,55,31,41,69,81,64,51,75,46,95,90,56,32,95,59,89,58,63,60,68,50,98,95,77,44,64,83,60,64,44,93,61,90
96,73,46,64,73,50,30,75,52,59,84,74,82,30,79,69,71,60,42,98,43,63,39,49,97,88,77,48,86,42,73,86,68,79,61,78,70,68,37,83,60,60,55,58,55,83,66,80,37,88,61,40,82,84,69,56,40,79,41,79,36,35,54,55,98,97,96,94,37,53,35,73,98,74,78,48,91,68,79,98,33,46,64,49,65,96,45,76,89,35
83,98,73,56,84,82,38,92,64,43,93,30,59,57,52,56,77,52,87,87,72,61,69,85,88,72,81,82,74,78,86,48,33,49,64,32,46,96,82,43,60,95,31,38,85,58,43,52,82,94,36,87,88,89,44,73,50,98,30,57,94,39,86,37,33,55,76,64,93,68,96,84,59,58,42,65,38,51,95,75,55,35,57,66,45,58,64,35,73,49
81,59,93,90,81,94,75,52,94,46,89,38,70,93,33,40,77,38,55,38,39,62,69,41,84,82,78,96,49,96,32,52,96,86,61,75,74,56,53,93,69,57,54,95,54,97,42,33,35,82,34,39,45,60,73,72,49,42,58,78,45,80,36,85,88,53,41,57,68,33,95,88,89,92,40,78,63,81,91,40,36,49,33,47,59,56,87,77,41,72
31,32,58,41,31,51,38,39,78,98,35,63,34,70,34,41,37,37,69,43,76,79,59,92,63,47,83,75,79,59,67,70,67,86,35,79,97,82,30,91,43,81,79,54,54,67,42,68,61,63,32,68,92,36,86,86,62,56,41,51,93,58,76,87,53,31,65,85,62,96,37,66,83,31,33,42,34,64,93,36,52,76,47,98,91,71,35,63,54,75
71,50,32,73,42,47,86,46,51,30,40,96,81,59,86,83,77,77,69,66,52,43,41,98,68,79,85,94,79,90,58,34,31,82,48,78,93,43,30,67,55,64,42,46,31,36,46,79,62,65,96,48,85,61,94,98,88,40,44,79,78,53,97,71,91,85,65,61,72,68,73,46,94,95,94,91,42,68,87,59,69,85,94,63,95,40,93,98,63,64
91,41,90,40,82,79,85,69,58,48,87,55,92,57,90,68,87,39,87,52,97,82,79,75,48,46,81,47,94,42,92,34,35,70,46,80,75,98,39,75,88,85,78,94,40,50,50,63,92,51,75,33,84,39,79,87,47,95,55,69,87,86,50,97,42,31,73,53,50,87,80,94,64,41,63,48,67,39,66,47,36,32,43,54,42,82,61,65,72,53
82,57,35,75,64,82,67,95,56,79,73,88,85,77,72,86,55,40,57,33,80,54,47,35,67,61,93,45,78,64,85,58,44,39,60,69,37,54,86,34,79,95,64,34,87,75,57,91,61,79,95,66,56,44,38,51,72,88,52,90,55,59,66,50,71,52,49,40,41,44,84,65,80,79,38,74,85,56,81,68,83,89,67,87,98,41,58,53,52,37
60,35,46,97,63,55,83,34,56,54,91,98,64,85,71,66,53,53,61,46,98,40,86,48,54,55,42,56,51,62,83,37,44,97,88,59,35,48,94,40,31,59,71,45,81,47,40,73,35,56,59,66,84,65,30,71,61,37,31,32,58,95,57,37,51,70,62,97,89,96,84,61,74,70,45,63,40,49,62,31,67,50,66,42,78,61,35,61,69,62
41,76,63,68,73,71,72,82,62,53,53,41,57,51,98,63,45,60,83,62,32,73,43,85,97,89,83,50,58,66,44,82,55,82,82,30,30,46,39,65,33,42,92,94,43,31,55,43,42,89,65,48,42,51,31,37,91,97,63,60,44,56,92,35,77,71,54,51,93,90,33,57,67,68,60,76,66,94,65,45,32,42,48,68,50,30,47,71,48,67
77,31,31,31,46,65,42,32,91,79,66,57,41,50,68,32,68,44,94,78,59,56,39,54,79,64,32,62,71,88,54,79,38,53,84,70,55,51,56,58,79,45,66,88,42,36,91,84,54,33,66,79,87,34,61,80,80,48,68,32,98,76,90,52,38,45,51,97,79,78,64,53,56,43,58,55,77,45,30,65,81,55,36,45,39,30,36,65,51,80
66,57,75,40,83,48,32,60,43,80,62,33,33,58,92,59,48,72,51,85,76,54,63,77,58,87,54,58,95,45,41,68,59,92,78,82,84,48,48,67,83,46,66,73,31,83,60,75,47,74,78,31,95,55,39,59,49,49,49,97,95,82,41,59,52,73,89,37,45,33,86,49,87,82,60,65,71,59,43,63,37,51,97,43,52,94,69,88,98,41
80,47,83,50,97,63,44,83,36,54,48,36,80,47,38,82,55,81,54,66,39,88,87,47,76,67,33,34,79,49,81,32,61,67,47,65,85,36,63,44,85,54,59,66,82,95,38,69,69,93,59,36,51,86,90,83,81,66,79,89,51,71,90,84,75,36,69,90,85,96,59,77,96,41,67,82,50,36,63,48,85,75,60,70,40,70,76,68,55,88
80,61,98,50,54,89,88,39,41,69,67,87,90,61,50,84,62,89,65,52,58,82,51,31,66,62,57,34,31,52,68,58,63,75,38,83,52,66,43,41,50,41,30,45,86,65,47,40,85,64,48,39,67,91,87,77,72,53,98,81,47,95,71,55,33,54,32,33,41,52,41,72,74,85,55,49,55,79,33,48,83,37,83,72,39,80,40,68,74,97
82,64,65,38,31,88,66,36,45,80,41,93,46,83,71,66,31,97,59,82,59,30,88,44,48,45,35,66,52,49,59,46,42,49,52,76,34,33,45,30,82,57,82,31,60,44,66,67,48,62,73,50,69,67,48,62,59,97,65,83,92,96,94,50,58,96,98,79,92,32,85,39,70,80,49,48,79,82,84,83,97,45,97,51,78,90,64,87,94,94
43,45,55,43,76,74,56,38,90,75,39,47,95,81,75,49,68,34,92,64,64,79,79,75,45,40,76,40,30,44,67,90,66,81,46,64,54,61,83,56,30,53,38,43,60,73,80,84,75,52,53,91,34,36,36,31,86,48,71,85,36,74,37,76,88,62,59,90,73,56,58,88,76,83,52,87,50,82,64,74,73,90,98,68,89,33,30,40,54,63
52,76,67,34,49,77,46,75,80,67,37,75,66,89,86,86,63,91,95,47,66,78,50,37,87,98,63,30,59,38,86,70,52,32,68,38,82,81,96,39,66,73,49,64,48,76,82,76,33,70,79,88,86,31,75,64,72,87,96,71,33,74,82,92,69,86,68,54,35,90,49,97,96,98,80,61,84,73,41,73,70,52,41,34,69,87,45,69,60,82
46,74,56,65,47,98,69,80,53,66,97,71,67,44,74,73,56,44,60,34,69,30,37,94,34,77,89,30,73,37,52,33,82,37,41,54,93,42,75,73,44,31,41,55,74,30,64,88,37,46,63,60,79,90,88,37,97,37,30,94,64,69,63,37,63,52,49,84,55,39,65,81,31,54,39,72,42,31,62,87,62,31,70,74,89,33,49,72,41,59
49,63,72,76,37,58,37,92,69,47,59,34,54,51,53,74,92,51,96,69,53,78,49,68,48,75,33,95,86,73,45,44,74,65,48,89,42,62,64,89,30,51,96,43,64,93,72,69,57,80,75,50,83,41,78,97,33,73,85,49,98,81,39,43,70,64,60,89,32,47,81,89,91,94,54,40,45,80,73,53,80,66,79,31,70,75,37,31,60,76
36,70,41,65,43,90,67,67,70,72,70,94,89,90,51,72,55,53,82,62,60,94,37,42,92,50,52,54,55,35,89,52,57,89,89,74,49,81,31,72,76,88,74,68,59,44,63,85,30,84,63,98,78,48,91,33,94,72,61,75,77,78,88,30,51,64,52,96,74,53,92,76,81,37,81,82,67,40,71,34,88,59,95,36,33,33,85,77,38,90
86,30,45,31,80,82,45,45,70,97,51,51,67,36,50,53,70,72,45,41,91,47,33,55,80,33,40,70,46,88,96,65,48,87,83,48,61,61,90,87,35,36,55,93,41,97,30,96,61,53,77,75,86,50,59,68,81,93,39,79,53,61,66,79,82,76,72,80,46,80,31,34,97,51,31,49,34,37,36,57,55,78,53,51,57,78,32,74,39,91
72,49,80,79,41,47,68,69,90,77,92,74,49,50,70,91,40,71,78,39,77,55,66,58,64,35,88,89,76,44,61,80,87,79,44,30,62,55,46,93,96,59,72,69,79,94,86,79,91,56,83,51,80,86,82,58,75,95,81,78,61,46,43,74,66,34,66,75,89,73,62,94,97,86,61,45,98,63,96,71,67,32,47,77,56,63,47,76,55,64
60,51,51,53,84,40,94,36,79,74,35,45,65,61,98,69,42,52,63,36,33,39,36,82,56,89,37,40,94,82,81,58,37,75,90,95,68,81,44,88,46,56,73,52,52,60,94,78,93,83,55,43,79,57,71,76,70,69,59,37,37,53,69,30,81,77,90,47,31,82,74,78,34,56,59,66,56,72,58,92,42,51,78,61,79,43,63,49,57,96
59,43,31,40,74,49,64,42,49,68,41,70,71,30,65,69,60,80,37,85,95,34,94,53,44,56,55,73,73,60,69,73,49,55,75,30,75,34,73,47,70,70,75,36,34,67,90,62,62,65,53,42,34,92,41,78,43,55,45,33,47,85,94,72,61,74,65,64,52,52,94,65,41,56,92,42,50,90,39,94,42,86,88,69,70,64,98,32,67,96
53,40,80,39,71,34,57,94,71,69,83,37,89,49,98,62,44,94,68,49,39,48,95,90,40,54,44,43,77,41,84,58,69,73,51,84,55,96,32,95,46,80,41,66,33,48,76,70,46,84,31,70,54,65,43,78,75,59,53,88,98,56,52,81,68,57,69,89,83,91,97,61,89,87,84,52,83,94,82,89,77,50,87,45,35,93,67,56,82,35
31,56,59,43,74,77,71,70,54,39,66,95,75,97,63,68,70,70,53,48,34,64,92,38,44,42,42,75,60,91,33,65,38,52,58,93,61,98,87,61,80,77,91,80,89,51,86,61,89,79,39,83,54,41,93,76,83,77,93,63,66,74,85,94,80,64,40,33,61,37,91,34,76,41,36,46,64,72,46,82,96,86,64,57,76,65,66,48,94,93
30,75,50,73,58,98,97,38,97,98,54,88,92,81,39,76,38,47,95,97,77,87,84,58,37,72,30,94,92,95,40,59,49,65,53,88,84,37,55,87,47,67,81,57,43,73,75,56,51,75,46,55,39,66,86,66,69,98,64,94,30,67,47,97,44,43,74,48,36,58,87,70,68,93,41,90,78,57,36,70,61,51,42,68,80,39,33,35,76,75
37,30,57,50,55,63,90,86,45,77,90,56,74,62,62,56,80,55,73,80,73,51,37,76,58,39,88,51,49,56,58,31,81,34,85,37,95,37,98,79,47,84,39,37,32,40,88,97,69,74,89,84,87,32,41,64,33,60,61,94,68,36,93,65,93,68,82,34,41,93,71,92,66,74,37,42,71,59,83,35,31,97,69,72,43,64,41,66,30,97
52,62,94,97,58,62,65,67,75,67,91,34,35,38,71,72,57,74,37,47,81,67,83,46,35,30,46,67,69,31,66,66,31,84,69,86,89,41,76,61,85,68,74,44,57,65,41,88,30,40,66,54,60,84,52,63,34,43,78,81,33,56,68,40,53,55,45,43,67,64,39,65,46,33,66,56,54,78,76,32,53,90,57,93,55,45,34,75,84,66
34,91,41,47,73,58,76,90,69,73,65,72,45,50,57,75,61,62,44,82,63,74,38,94,59,66,56,33,34,52,94,30,93,93,84,88,62,82,74,51,66,79,48,71,52,49,60,30,48,72,90,74,94,53,74,60,39,59,46,37,38,41,51,63,85,50,94,80,39,50,60,70,60,85,62,85,41,97,50,58,31,34,67,80,80,33,48,36,78,95
45,34,96,63,85,67,51,93,46,73,74,80,38,98,87,32,51,80,66,61,94,88,42,89,67,57,33,55,65,63,55,97,56,74,55,86,94,90,82,33,45,72,92,91,97,35,60,30,69,34,74,35,36,69,90,97,45,43,43,53,96,56,85,92,88,62,36,90,33,58,79,88,75,51,91,96,51,60,63,59,37,55,93,49,44,30,35,56,95,69
68,57,30,86,87,79,67,66,95,90,51,41,82,92,34,55,85,63,63,30,65,64,49,44,67,98,30,67,78,72,94,65,95,75,55,86,70,63,33,51,83,82,58,37,89,76,80,91,37,98,58,35,71,37,85,92,49,89,44,91,95,42,77,40,82,98,32,85,43,47,75,65,70,85,63,67,85,40,93,70,67,33,70,48,53,91,30,54,73,77
53,30,66,93,37,73,98,84,47,80,31,53,82,96,52,54,58,97,68,78,38,91,71,42,79,53,59,91,54,70,36,80,78,88,36,77,57,37,91,93,53,78,66,80,61,51,98,49,37,52,88,32,61,32,90,37,62,69,68,57,43,66,77,49,52,69,88,57,84,42,36,54,40,53,75,36,81,45,48,97,51,92,41,91,94,97,81,63,97,34
82,86,85,95,33,61,51,93,31,32,93,64,91,48,63,54,44,95,94,69,73,68,48,58,46,50,39,39,55,74,76,91,62,49,56,73,82,84,46,85,98,47,60,80,58,49,96,80,94,81,37,74,79,59,33,83,71,56,67,53,88,74,51,67,40,42,43,86,67,74,92,63,96,58,59,85,56,94,97,45,44,84,94,47,58,59,57,87,68,48
69,79,49,51,80,85,69,44,72,31,88,74,51,80,62,73,77,95,63,96,91,47,74,62,63,40,39,82,68,95,81,34,96,57,73,71,53,97,37,65,39,40,93,39,69,75,37,34,88,50,85,59,98,96,49,59,61,52,73,93,68,95,39,94,33,61,46,50,65,97,62,86,35,33,47,65,41,51,56,91,66,45,97,80,97,37,36,92,36,47
31,55,61,83,89,77,68,61,57,87,32,37,42,81,62,51,38,35,68,71,85,78,96,30,38,93,88,52,96,53,74,79,37,65,33,65,57,45,64,44,64,68,44,95,80,65,68,68,71,55,30,73,80,39,30,84,35,96,31,98,81,62,51,78,53,47,54,89,59,47,30,53,80,58,37,53,39,63,79,89,48,82,36,73,62,96,48,93,35,35
87,33,56,45,78,93,66,45,96,34,73,75,62,34,42,83,65,70,35,35,59,92,66,61,47,31,80,94,91,73,37,67,78,90,66,43,31,80,88,57,79,52,81,66,69,44,46,61,93,70,95,62,62,36,55,71,48,57,79,80,81,93,67,66,38,77,44,52,94,64,66,69,33,46,78,81,37,73,79,68,46,83,39,54,73,61,92,47,57,93
89,97,71,51,84,85,37,98,62,72,64,49,77,87,51,56,40,91,79,49,87,61,60,92,41,91,83,98,53,66,59,83,43,53,83,42,89,82,40,79,65,84,54,64,39,62,45,96,49,31,80,96,50,85,42,50,70,98,35,45,72,44,98,37,96,56,32,75,44,64,58,39,97,31,54,37,70,94,33,31,67,81,55,52,82,69,98,72,36,33
66,92,35,76,59,66,88,64,42,64,67,49,55,69,43,59,82,35,39,36,41,60,91,93,34,92,48,93,82,95,45,82,70,46,32,43,86,83,55,64,35,52,70,49,65,51,81,70,98,82,74,38,84,77,40,69,92,95,57,98,38,94,94,67,95,43,67,97,45,45,81,76,51,51,58,38,57,60,79,57,42,96,39,32,45,79,42,32,54,44
46,51,30,67,56,78,76,93,95,56,73,55,36,47,53,31,89,56,75,56,98,80,49,63,38,96,42,85,98,66,68,83,81,93,44,83,31,47,87,66,52,63,61,94,83,59,65,74,37,48,95,68,75,57,48,57,38,42,78,85,47,91,79,59,41,42,60,61,96,97,35,91,77,37,69,86,81,71,63,60,62,76,73,72,69,47,90,70,91,62
35,66,43,86,43,33,83,69,30,38,55,88,56,73,96,37,85,36,41,51,74,69,54,59,83,45,69,86,64,90,76,94,83,97,46,96,30,42,60,48,58,78,32,82,57,76,50,75,47,79,59,83,80,68,62,63,44,94,76,74,41,55,58,90,71,41,72,60,33,70,92,86,57,62,46,36,70,85,57,51,49,78,91,31,63,96,36,35,62,58
70,77,58,97,54,35,64,88,60,46,79,91,43,69,90,48,44,75,77,91,62,44,54,31,75,34,53,44,53,30,72,70,83,64,83,84,91,48,68,68,90,78,80,97,81,59,72,89,85,33,78,54,87,66,38,58,88,87,71,90,96,34,35,38,44,36,82,81,49,77,52,67,82,39,54,61,85,94,78,68,68,62,61,82,65,52,83,76,79,61
74,51,51,30,92,79,69,89,75,85,71,70,71,43,98,47,78,79,88,69,62,39,73,71,74,44,53,60,80,71,85,79,79,85,66,38,60,79,38,85,36,90,56,79,45,30,50,76,80,88,76,38,57,61,97,68,60,50,63,57,61,70,82,44,88,42,54,54,96,93,81,92,35,62,64,67,62,44,55,33,60,41,57,37,42,98,82,91,59,39
86,83,81,55,80,37,52,76,91,42,48,46,89,86,39,42,59,38,44,42,51,41,93,33,51,46,30,43,73,49,89,59,93,60,85,90,76,64,51,87,39,32,34,52,90,95,67,60,78,83,30,48,85,62,37,37,86,64,61,31,67,51,53,86,30,86,52,90,48,41,97,84,62,83,80,63,86,57,61,82,86,74,74,96,30,60,74,77,91,39
92,35,63,40,85,82,45,36,57,64,77,56,77,35,68,38,36,74,92,89,69,77,98,40,74,94,75,68,55,83,83,89,43,66,38,70,74,34,74,36,62,54,31,80,33,83,37,58,93,69,94,82,76,69,78,80,55,85,31,70,65,32,82,82,52,40,63,57,44,91,54,60,37,86,86,81,69,49,41,63,93,68,65,97,69,45,88,54,85,94
70,83,33,67,81,58,59,30,70,58,51,73,45,92,58,96,63,54,72,51,98,42,48,72,54,34,34,38,37,82,94,63,85,72,51,33,87,97,51,46,90,51,82,56,65,88,34,38,37,96,81,94,43,47,46,90,95,48,30,71,51,91,75,59,86,39,71,33,90,82,64,78,71,30,81,87,88,68,41,47,54,32,61,76,44,37,91,85,54,54
94,69,37,96,98,43,96,77,58,69,39,66,45,32,50,56,60,47,87,49,44,36,76,40,44,39,54,97,92,88,88,77,86,57,56,56,68,80,37,32,36,49,85,67,69,89,75,74,96,73,39,71,68,80,70,31,53,65,85,71,93,82,69,47,56,39,47,60,84,68,35,59,51,82,39,79,96,87,62,36,32,54,47,89,56,46,48,56,91,53
78,98,88,42,84,96,82,70,43,58,61,69,89,60,45,44,71,83,91,54,48,30,38,82,66,80,60,48,33,68,49,33,71,43,46,77,60,51,67,36,77,61,62,50,74,68,67,58,94,75,40,64,78,97,80,44,55,90,71,70,95,97,74,55,96,68,82,63,34,46,58,37,80,31,50,39,65,88,86,92,46,45,51,31,69,89,31,75,36,53
52,40,73,70,87,66,40,95,66,32,58,89,51,85,57,34,58,90,98,52,38,93,87,81,79,72,80,75,68,49,74,34,34,63,58,78,63,61,90,37,42,82,63,83,59,52,42,75,36,63,97,43,39,38,61,82,68,90,60,43,37,30,90,72,38,38,34,47,51,72,38,64,50,56,49,73,32,79,49,69,61,74,31,58,54,58,94,60,76,90
86,43,98,48,58,32,69,58,93,60,60,92,37,88,95,82,57,43,48,90,86,66,92,41,89,92,96,74,86,69,65,58,55,90,44,47,43,60,84,98,35,94,39,86,69,72,68,53,92,57,93,36,64,72,53,51,76,62,63,33,45,59,67,34,30,90,76,42,57,78,81,39,30,41,93,76,86,44,97,58,89,32,31,53,51,82,53,55,52,96
66,96,67,78,72,87,62,49,72,91,87,36,57,54,83,82,77,51,58,50,47,30,72,51,70,74,68,90,56,34,54,45,87,81,72,38,64,69,66,77,48,60,48,61,56,94,50,49,36,47,45,51,44,34,32,52,90,43,98,58,97,67,84,77,42,73,47,41,42,32,46,67,38,60,71,70,42,43,85,87,39,97,70,74,45,38,56,46,34,70
56,96,63,95,86,79,43,96,90,88,62,73,59,58,95,45,74,35,46,86,32,34,66,35,69,68,84,77,83,84,69,33,77,89,40,32,80,45,40,91,72,71,64,42,60,65,97,70,62,35,94,79,78,38,56,96,82,84,36,80,89,43,53,75,60,66,39,78,74,41,85,51,52,58,83,87,33,37,58,38,56,57,98,78,64,78,65,60,60,66
79,49,86,98,72,44,50,41,58,49,75,91,68,91,56,39,49,97,93,87,57,55,52,46,72,69,89,30,68,73,72,34,77,55,92,81,89,34,37,51,51,46,41,63,89,51,90,74,81,54,71,55,77,91,35,83,67,65,80,34,50,47,35,33,83,92,32,96,61,81,49,38,94,50,43,31,38,73,46,53,47,91,52,67,78,56,86,80,40,48
84,62,91,34,92,35,61,87,39,61,95,79,37,60,80,91,41,35,34,71,52,60,43,93,47,33,62,49,43,82,40,31,97,76,48,63,36,64,55,56,39,58,32,89,95,98,47,63,40,81,56,37,54,61,95,64,61,82,44,49,63,65,70,63,49,92,97,74,36,85,32,44,70,88,32,32,86,37,66,83,82,81,93,72,97,75,31,58,56,32
36,66,73,93,56,77,41,85,49,46,31,48,71,30,80,89,86,78,39,38,35,41,37,84,51,43,52,83,34,65,55,51,87,65,61,42,88,38,74,89,76,56,61,93,48,82,31,30,50,77,56,73,61,82,52,32,98,97,47,90,55,30,66,59,59,42,98,78,94,78,81,49,66,81,45,89,45,87,76,79,84,31,61,37,94,66,94,52,39,33
93,64,60,58,63,83,76,42,64,89,54,76,65,97,36,77,98,61,92,74,40,66,54,64,84,43,76,41,59,97,66,35,77,51,42,48,95,72,74,35,69,84,44,44,47,65,98,93,65,45,46,35,82,58,87,69,35,71,67,64,59,88,40,53,61,57,87,95,54,87,73,38,65,48,92,71,39,50,70,52,61,53,95,37,97,87,30,42,44,36
52,77,69,65,77,96,84,93,88,88,62,67,81,85,48,97,42,34,61,90,39,95,73,66,45,63,76,75,40,61,77,66,45,78,53,57,31,38,32,74,87,75,44,77,54,83,34,82,66,51,96,30,83,87,95,56,83,36,44,45,39,38,72,43,62,74,58,74,38,57,38,68,31,43,95,64,83,95,66,56,38,41,45,70,32,59,77,56,81,56
83,66,65,34,97,40,98,57,80,63,75,54,53,49,64,32,61,31,92,80,74,55,38,81,56,44,51,58,77,77,54,70,91,45,95,65,39,93,33,66,67,34,42,69,51,46,70,89,87,98,77,90,49,35,87,48,76,88,31,68,84,31,56,93,55,58,34,52,83,68,89,60,57,63,66,51,74,70,65,31,96,31,33,95,78,43,98,92,94,73
35,86,63,73,74,34,97,58,76,32,41,90,76,48,53,78,73,96,59,78,84,80,40,53,79,35,33,85,48,58,86,74,32,45,85,67,54,86,87,82,30,69,62,34,61,60,73,82,48,83,91,69,90,81,67,98,71,61,59,96,56,49,63,83,35,38,90,41,31,42,31,63,63,82,61,46,69,55,40,96,32,31,35,83,66,57,96,78,54,55
90,89,61,86,81,41,86,76,31,66,40,30,71,58,36,79,55,98,62,76,46,62,66,72,36,60,67,84,68,59,81,59,59,70,87,91,80,66,41,98,90,63,96,36,75,86,83,71,48,69,80,74,85,97,82,83,31,48,54,48,62,46,84,82,67,66,59,35,68,95,65,55,71,89,92,72,39,60,43,89,68,97,67,73,61,87,41,44,78,98
39,35,70,65,85,93,34,87,42,87,71,69,71,73,95,70,62,31,62,44,96,34,37,48,92,85,80,69,90,82,54,63,71,51,70,65,86,60,77,60,43,51,41,94,72,42,43,92,87,97,61,41,62,89,96,72,63,31,31,98,76,51,62,94,62,57,54,70,56,80,54,55,44,80,52,53,32,76,77,97,91,30,41,46,83,36,43,35,38,84
37,90,72,80,96,93,79,33,54,63,65,92,59,34,35,32,77,66,79,55,81,86,90,66,49,72,33,86,80,48,83,80,66,45,56,59,79,70,72,79,49,50,39,90,85,36,48,44,79,63,45,40,42,69,96,95,45,69,51,34,64,38,46,41,94,51,50,46,69,61,75,88,31,87,72,67,59,63,54,52,50,64,46,53,86,72,96,58,45,30
71,94,76,56,71,97,41,69,88,93,97,61,45,98,43,86,41,93,38,49,89,70,86,66,48,52,89,72,40,43,45,56,93,41,64,49,61,41,30,49,70,56,50,79,92,91,75,36,30,79,89,52,92,71,58,85,74,53,73,55,58,66,52,57,87,48,53,69,54,86,96,74,95,71,42,80,44,58,67,95,80,84,53,69,54,80,54,63,75,61
46,90,86,51,64,48,37,64,58,74,49,84,45,94,31,73,38,46,69,91,56,88,50,38,70,78,48,89,45,82,98,82,87,91,37,49,31,68,91,76,89,82,62,32,97,42,35,62,96,38,85,48,39,71,95,71,58,41,84,78,87,85,68,75,73,59,69,66,73,37,53,88,46,73,74,86,39,76,47,96,74,50,96,92,68,59,45,55,80,69
30,86,41,66,49,57,76,38,93,62,77,70,83,83,68,82,95,85,37,50,52,69,80,91,90,47,68,43,43,92,39,55,60,74,40,83,84,66,76,92,33,89,46,60,54,62,32,43,52,45,84,35,52,58,78,98,42,90,82,47,44,55,93,38,88,59,40,92,95,84,56,73,48,33,93,93,92,82,73,97,49,71,89,63,79,82,68,33,52,74
53,69,56,42,86,58,62,60,98,39,81,81,65,96,73,49,93,60,92,60,96,91,74,91,66,38,51,55,75,37,89,48,95,44,58,57,86,87,88,37,85,39,85,74,52,33,78,50,70,43,96,36,91,88,48,83,41,91,60,61,65,81,46,30,94,43,52,30,80,98,73,70,68,81,68,68,68,83,96,90,49,52,30,98,43,82,52,48,70,55
50,32,89,70,39,43,88,47,43,95,88,32,35,30,81,89,89,33,56,84,55,77,78,55,35,95,48,74,77,46,55,47,40,77,92,34,52,34,87,79,44,64,88,54,43,60,84,66,43,44,84,63,64,62,41,55,94,58,63,95,39,59,90,93,97,79,31,41,35,31,96,47,46,61,65,45,51,35,91,76,75,51,83,45,36,36,64,82,41,63
64,90,35,95,98,84,56,71,72,89,33,50,97,37,97,86,32,97,59,81,71,64,62,35,75,76,39,73,89,69,88,34,96,30,45,74,47,74,55,46,81,93,88,61,69,41,35,72,80,52,85,52,35,31,93,44,70,91,38,94,39,75,86,51,67,56,43,62,93,86,70,38,31,88,76,68,68,30,72,40,61,80,32,91,36,80,54,80,97,56
70,38,98,91,31,35,55,34,67,80,67,41,62,69,92,98,83,46,50,54,71,89,64,36,47,93,68,63,38,82,68,79,73,82,84,81,40,60,84,76,79,32,74,72,74,46,68,31,95,47,86,83,45,60,50,54,37,91,33,47,49,59,54,41,38,74,84,94,32,62,51,69,47,51,49,75,49,61,59,97,41,34,62,70,88,54,82,78,91,34
91,70,84,85,68,81,56,82,78,78,78,64,66,70,87,42,30,59,91,86,66,68,42,51,95,93,62,59,36,32,90,61,54,44,65,49,77,73,88,47,57,86,38,53,61,51,70,68,60,89,98,87,90,65,80,90,70,69,80,50,65,97,49,73,49,75,53,84,88,79,34,42,36,53,54,61,58,95,67,32,80,84,40,50,31,32,59,48,70,36
33,94,96,52,53,61,62,35,54,73,87,66,30,97,92,57,53,61,42,95,83,57,80,39,46,77,85,53,37,61,46,57,47,78,77,70,56,31,87,45,85,58,85,40,40,48,92,98,94,92,93,34,96,85,70,50,83,89,55,34,67,82,65,77,50,70,34,62,73,64,89,31,67,33,62,68,89,35,75,77,44,42,75,64,88,55,88,77,62,72
90,33,83,70,93,66,36,35,67,51,46,98,77,72,65,76,52,38,96,97,60,39,69,49,65,63,73,63,30,96,75,69,80,56,52,43,62,64,51,51,89,60,75,58,96,67,88,35,90,36,70,90,84,79,84,73,58,42,30,69,45,31,35,46,48,86,49,53,81,75,88,47,60,43,67,74,47,33,53,94,87,64,76,83,76,92,77,68,36,41
97,94,50,95,94,73,53,32,96,95,86,52,39,80,83,94,77,76,92,59,82,38,91,92,97,49,71,47,57,54,37,64,86,76,50,31,60,54,98,62,31,85,51,51,37,35,80,55,60,61,92,62,70,63,63,75,97,44,96,69,94,81,38,41,66,85,45,87,60,57,33,88,78,92,95,36,49,73,43,97,86,32,79,41,33,43,79,66,53,36
98,94,97,95,70,77,68,37,51,81,87,60,75,45,72,73,95,96,63,60,75,46,65,74,92,75,52,69,40,34,84,78,49,93,72,80,90,39,85,66,41,53,62,31,77,77,34,63,68,83,67,49,98,49,49,87,52,82,62,56,92,50,76,69,86,90,47,36,82,56,50,49,33,60,86,53,38,68,58,87,30,57,66,30,88,63,52,91,88,49
82,30,64,86,59,33,56,62,90,43,45,38,56,79,94,67,39,54,37,39,75,76,63,48,85,69,78,82,57,48,82,50,42,71,97,37,68,90,81,86,89,61,75,63,75,76,65,91,47,70,35,87,94,85,75,95,55,58,34,71,78,64,57,61,39,37,95,52,32,86,89,74,81,47,81,70,93,34,73,96,46,44,40,49,55,32,46,62,45,65
38,47,71,33,88,52,83,72,87,41,78,71,38,95,48,37,76,54,65,65,61,48,90,78,61,47,66,87,71,40,62,57,95,97,83,68,66,39,69,64,87,61,97,59,50,86,90,61,45,30,78,48,94,48,56,97,68,79,49,66,79,65,97,65,39,33,48,40,79,64,85,61,63,76,81,40,82,65,42,30,38,43,30,39,84,42,57,60,84,94
97,58,82,92,32,30,62,60,88,73,30,87,47,98,36,87,58,80,33,35,75,54,67,51,92,73,77,54,54,62,35,47,87,61,53,79,65,34,58,49,89,55,63,74,86,59,43,77,50,86,89,95,89,38,92,56,81,78,89,75,62,49,74,30,88,75,66,89,39,40,57,84,57,67,63,63,32,82,72,77,93,54,40,45,70,71,73,78,61,98
59,78,74,74,49,30,57,76,35,77,44,77,33,63,37,40,59,67,94,68,43,93,86,55,73,44,57,81,88,33,41,86,91,40,98,63,49,37,31,35,67,33,49,78,50,80,78,85,33,75,57,71,53,72,43,96,46,37,89,36,59,67,71,74,78,98,45,78,70,90,42,75,57,88,86,38,78,86,82,69,52,74,73,67,94,77,94,49,84,54
30,83,54,68,34,82,38,34,64,97,60,32,90,60,37,55,54,66,67,43,52,82,62,66,34,40,75,87,94,38,45,47,40,50,98,73,61,72,65,76,48,51,73,98,87,55,62,40,70,54,37,44,38,73,97,55,95,65,69,90,38,72,39,91,61,57,64,56,30,60,30,65,94,88,44,71,58,66,91,92,76,80,55,68,39,63,89,97,61,75
33,44,61,47,97,31,70,85,70,92,73,58,51,78,64,33,35,67,98,77,95,84,31,44,38,47,43,63,86,67,68,66,75,42,83,33,81,59,70,50,94,35,89,52,79,34,42,47,68,93,95,71,94,32,43,97,95,50,39,60,43,72,80,30,77,87,95,55,87,75,61,65,80,92,66,68,86,55,93,88,68,40,53,95,55,56,89,54,36,39
44,69,64,90,98,48,39,84,69,51,38,91,70,75,69,74,64,48,82,94,81,39,72,31,55,36,65,64,55,84,59,85,49,77,69,50,84,56,32,66,47,55,91,80,88,37,30,37,80,83,93,45,85,98,96,61,74,85,36,64,81,46,44,83,65,36,65,78,48,67,69,74,34,77,43,84,64,36,44,51,56,45,71,65,72,49,82,85,42,89
56,36,56,56,57,31,98,78,30,43,76,72,75,95,63,78,92,81,94,93,63,98,98,53,35,63,77,92,52,42,82,71,69,37,84,61,47,58,78,81,32,93,51,77,41,33,65,88,39,94,83,76,42,92,56,88,61,58,61,96,49,39,66,42,58,75,53,58,39,84,45,85,76,94,36,54,41,39,65,81,84,87,66,87,52,62,70,88,68,70
76,52,37,54,76,83,45,93,70,82,98,35,77,56,84,71,91,59,60,54,35,35,82,58,32,84,68,36,48,35,78,37,68,49,67,64,54,36,65,61,69,65,81,60,84,80,85,69,77,30,56,76,57,96,38,70,71,78,67,65,66,42,46,80,65,81,52,64,96,46,64,49,65,96,96,90,83,77,50,47,54,44,78,61,94,69,87,81,74,96
30,88,88,69,75,97,48,88,31,59,37,80,88,37,88,60,43,73,67,78,37,73,96,51,36,75,68,54,47,41,51,49,52,73,74,93,55,52,74,45,37,80,86,52,62,94,48,83,53,77,64,89,37,60,68,65,79,46,63,61,33,33,48,76,70,59,52,66,77,71,89,93,79,68,82,84,54,75,52,94,46,54,69,65,38,59,33,64,54,67
51,57,86,46,90,58,96,53,98,49,34,80,89,86,33,74,77,81,48,30,54,76,56,96,96,87,54,83,51,38,86,76,63,89,58,85,32,79,31,31,32,53,66,95,86,36,74,43,70,35,43,47,53,60,70,88,90,31,72,90,93,39,76,78,38,61,87,74,49,71,30,85,52,67,78,37,31,61,77,94,43,56,72,71,77,37,84,86,73,85
92,90,41,75,65,69,84,69,84,68,62,42,57,36,38,76,41,49,34,45,38,88,93,81,96,76,40,68,67,66,59,30,78,32,80,81,40,51,59,68,43,73,44,97,45,76,38,38,48,98,76,35,62,89,42,59,75,68,64,78,54,95,85,85,41,66,71,48,52,57,87,80,35,41,68,33,61,37,93,49,41,89,43,82,91,72,60,49,47,50
53,84,39,34,60,68,48,98,86,44,98,88,86,35,94,53,82,97,34,38,72,36,79,79,45,36,43,68,50,34,60,55,38,68,95,52,78,47,96,33,51,66,91,78,72,86,94,44,60,95,41,39,70,94,98,93,75,61,64,83,41,89,87,69,30,32,59,48,60,67,48,40,74,57,78,91,37,54,46,61,72,40,37,35,74,59,89,89,69,91
93,65,89,57,63,50,53,51,89,71,43,55,81,58,82,79,82,56,46,51,53,66,62,52,62,53,72,43,91,94,75,93,43,54,48,36,38,33,50,85,55,37,85,61,42,72,43,70,93,87,89,80,32,69,80,87,58,74,38,84,86,84,83,49,94,53,50,94,50,96,86,89,45,41,98,52,46,49,89,90,87,60,53,32,66,95,35,65,80,95
31,69,91,64,30,39,60,64,64,31,94,49,98,69,46,31,47,50,94,92,82,40,92,71,49,44,57,81,34,81,87,95,82,81,38,60,49,55,54,90,41,41,48,86,66,37,83,36,42,86,84,40,87,86,51,98,74,84,76,47,53,65,81,50,95,49,38,58,58,68,98,35,39,96,75,81,38,72,88,30,69,36,94,69,40,79,87,92,88,70
39,71,62,36,89,50,49,37,49,94,95,53,71,31,72,90,33,54,81,67,56,71,79,95,54,45,96,61,86,53,36,40,74,62,76,36,73,78,78,60,37,60,75,31,58,69,55,67,30,86,71,91,41,88,98,61,51,86,82,86,44,62,50,77,31,46,33,38,61,36,48,67,52,40,53,43,64,60,87,34,60,87,66,88,70,39,51,56,53,73
52,60,30,49,35,80,75,88,38,68,78,34,68,59,73,85,85,68,81,31,94,48,73,48,33,73,46,71,72,76,70,50,63,32,61,64,36,71,58,47,62,76,38,81,34,54,34,44,83,77,58,82,35,98,36,55,31,60,57,90,83,72,61,50,54,85,31,88,95,33,94,38,39,72,69,56,96,30,32,67,63,60,74,57,32,55,77,67,44,35
58,39,96,64,97,77,53,31,75,34,95,94,73,90,46,33,98,51,58,89,65,54,74,81,82,69,85,52,81,68,39,72,84,42,97,30,57,84,97,66,62,63,96,70,65,77,79,30,70,35,97,82,96,32,67,33,38,68,84,48,95,79,40,48,89,61,57,53,45,74,49,34,54,39,91,60,48,61,61,82,81,98,77,50,57,41,55,32,33,79
63,78,31,34,43,77,31,52,62,94,46,42,44,59,46,98,54,48,96,35,35,73,35,45,68,92,31,54,81,92,41,41,37,32,71,31,49,54,89,38,36,77,40,71,47,89,93,42,49,56,45,42,81,70,36,61,34,36,96,45,63,85,57,31,41,54,70,36,54,87,49,70,78,66,82,61,77,47,71,30,77,98,85,52,37,93,32,96,86,42
92,74,50,70,33,38,38,48,93,32,94,40,52,66,40,57,39,63,47,87,92,56,70,59,87,94,31,84,81,37,95,61,77,33,58,77,55,40,34,67,53,47,80,89,77,58,95,33,36,97,55,80,41,71,45,85,40,69,43,53,81,82,70,58,95,33,36,48,85,91,76,54,83,50,36,95,57,96,43,77,32,49,39,37,37,84,88,54,37,64
62,76,60,67,42,58,49,32,88,51,32,69,97,57,45,85,32,37,48,89,70,69,46,41,32,38,73,69,86,94,51,83,90,31,56,56,79,78,74,49,64,70,69,32,70,46,91,97,39,67,67,66,75,52,96,71,63,85,78,35,64,31,60,34,62,67,65,80,72,78,35,48,57,65,68,94,83,47,50,44,89,36,86,69,38,52,75,91,84,86
66,94,48,52,67,48,56,65,73,57,38,52,65,74,98,74,32,96,33,90,48,36,88,50,65,42,83,38,86,33,80,47,85,67,32,46,74,53,86,90,89,88,70,84,47,43,92,53,83,34,34,57,67,31,86,84,58,53,65,53,51,81,32,65,50,84,52,48,44,35,94,79,89,33,96,82,57,86,89,44,42,64,84,88,87,49,92,96,41,39
86,85,33,74,57,37,54,96,49,67,31,47,94,65,64,48,96,50,87,33,64,84,73,61,47,58,64,66,96,77,80,86,86,74,91,92,93,74,74,73,89,67,79,52,63,41,85,96,76,92,61,52,70,54,36,81,57,63,53,48,87,58,71,90,48,83,52,64,52,63,45,89,97,56,68,70,34,80,54,68,91,67,95,60,67,62,31,67,39,43
88,64,43,69,70,82,88,95,72,30,71,34,35,76,92,51,58,78,98,45,97,53,93,43,81,74,96,95,39,71,49,36,78,82,97,82,68,70,37,36,61,67,71,52,38,61,83,38,65,80,80,93,81,33,68,57,66,79,52,64,62,53,93,74,85,57,93,89,76,48,81,60,35,82,60,45,94,69,92,96,61,82,88,30,30,38,71,49,46,83
32,56,61,59,49,79,43,73,75,54,86,96,60,66,87,98,47,68,42,90,80,94,98,35,96,73,62,92,71,44,71,85,34,94,44,70,61,35,75,80,92,57,40,83,60,45,46,86,59,95,49,53,78,67,40,72,38,46,88,72,82,66,77,59,62,98,32,56,36,67,33,54,38,96,85,30,86,41,51,66,47,85,69,93,58,67,50,45,61,80
66,77,61,78,37,39,80,50,66,49,92,54,61,81,32,34,55,75,78,31,98,98,47,58,55,98,92,91,40,39,48,78,72,63,39,77,50,88,74,75,94,30,31,74,78,91,54,30,59,94,95,43,92,72,40,85,76,92,59,84,80,94,98,68,94,39,94,75,96,80,40,72,33,66,51,66,53,88,42,80,32,31,45,65,32,43,90,58,48,81
64,79,84,43,62,64,56,40,97,48,80,76,60,45,31,36,32,53,45,88,62,63,51,92,61,95,68,36,88,40,48,88,52,44,91,38,68,34,56,40,86,67,83,76,33,62,56,31,86,77,36,86,94,51,88,55,68,38,87,57,90,85,41,42,44,52,32,66,49,93,57,38,45,83,76,39,87,81,52,89,53,77,97,38,36,44,84,89,36,34
78,60,46,84,98,85,48,68,75,58,74,52,51,31,79,35,47,76,34,96,60,80,96,38,95,73,43,47,34,85,38,34,56,30,61,64,75,87,44,84,86,30,43,70,40,85,31,86,64,38,77,31,96,36,97,52,73,65,63,48,56,57,89,45,68,49,80,62,47,36,95,78,72,95,80,33,51,97,51,72,92,65,93,83,75,93,42,66,88,58
48,85,97,76,96,86,49,65,72,41,86,47,81,67,96,59,40,75,94,92,98,89,37,59,47,92,66,98,38,84,38,74,95,45,87,69,90,42,75,96,72,53,30,69,51,41,70,68,86,54,87,35,37,67,85,86,38,42,52,40,74,40,40,87,82,96,96,47,48,62,61,91,43,55,53,96,94,63,83,45,49,66,54,32,35,85,42,96,56,89
40,31,76,47,52,57,33,36,79,52,32,49,65,47,42,42,43,45,61,82,43,37,78,44,38,39,97,45,87,88,74,84,52,62,47,49,77,32,62,72,97,77,80,52,55,41,94,73,40,88,66,85,91,77,42,37,77,89,69,89,43,71,67,54,70,76,81,76,55,66,94,36,56,30,70,50,92,66,34,48,38,87,37,30,84,80,88,50,66,81
84,51,66,38,31,74,85,84,95,32,82,67,33,79,55,73,34,69,35,63,80,54,30,47,91,34,60,48,66,55,32,40,86,72,81,86,83,84,89,39,35,38,44,68,40,96,48,55,83,65,30,95,52,63,53,73,32,55,76,87,78,85,89,91,46,58,41,72,36,54,77,52,58,98,59,98,44,82,88,30,98,98,96,79,89,76,89,96,61,47
53,76,59,45,79,43,97,75,45,91,90,65,74,95,81,72,30,30,91,88,35,61,73,66,98,48,51,96,72,54,66,89,31,82,82,58,88,30,65,89,43,81,39,72,98,40,84,30,59,89,33,40,60,39,93,88,44,94,36,98,42,78,72,92,38,53,31,74,71,56,78,80,41,67,45,31,71,74,66,45,63,39,95,31,94,61,69,97,33,41
54,74,51,85,33,30,50,33,95,61,83,52,69,40,41,76,33,88,61,67,80,59,59,83,70,82,97,57,53,67,85,71,44,83,35,61,69,57,30,42,75,48,87,72,87,65,47,97,30,80,76,74,74,78,52,69,51,33,63,67,53,86,60,78,97,58,51,53,52,31,60,53,64,51,62,46,85,92,53,81,61,79,95,79,76,61,47,78,37,76
87,57,85,62,97,78,37,37,45,93,57,85,97,76,90,69,44,46,81,50,68,36,38,61,41,67,86,38,49,93,81,47,77,80,95,77,67,94,88,84,83,84,84,61,94,35,67,80,62,96,32,70,87,98,77,93,32,48,97,30,34,84,42,41,56,47,45,36,60,62,71,39,49,80,79,37,30,88,39,62,72,95,47,34,49,88,47,87,33,57
44,84,68,49,71,81,84,36,67,52,76,35,69,69,30,85,75,96,37,64,46,85,71,53,33,97,48,60,48,78,34,32,75,48,40,32,36,40,93,56,94,37,65,37,57,44,74,62,82,41,61,75,83,98,39,57,96,63,87,89,46,69,54,47,43,66,84,71,61,44,35,42,86,82,37,72,69,38,65,48,68,98,65,46,57,79,36,82,90,70
62,36,80,80,50,37,90,52,49,82,61,79,41,70,81,95,95,78,55,77,64,77,49,73,37,56,67,46,74,39,70,70,70,53,55,78,39,42,75,98,72,68,55,38,76,73,88,70,73,77,41,53,68,84,43,46,49,43,74,75,59,62,31,89,56,72,33,54,61,62,58,91,39,86,76,69,51,96,31,37,92,34,89,55,57,82,42,62,32,31
57,59,97,71,98,69,81,84,73,50,78,32,86,61,37,48,76,76,93,78,58,62,75,32,31,64,74,60,47,44,70,73,40,31,87,88,56,89,86,91,98,53,69,94,66,90,86,82,34,32,79,66,71,86,89,71,34,60,45,60,81,58,94,87,38,84,98,96,68,45,96,37,88,56,45,94,47,60,35,71,41,37,44,89,42,59,67,87,96,39
70,49,79,49,85,62,56,69,84,39,82,76,41,37,44,98,39,81,79,49,34,63,31,41,48,47,83,62,48,87,52,60,87,76,96,41,79,55,59,64,97,41,35,30,50,84,33,33,57,90,60,81,42,43,63,65,80,94,55,40,88,83,83,46,62,76,72,98,35,73,66,85,76,88,47,30,84,48,90,81,73,51,39,75,47,48,35,93,70,46
54,96,45,52,65,61,50,49,75,61,37,73,59,38,31,59,82,98,54,31,96,48,65,80,31,40,53,58,45,66,97,85,65,95,73,37,90,60,82,54,88,77,50,51,96,34,38,61,59,95,85,91,31,86,82,30,38,32,53,40,87,37,93,47,42,36,61,32,65,69,57,47,59,81,68,67,47,52,98,71,86,61,87,87,45,52,43,47,42,33
45,85,52,40,67,78,78,32,97,62,69,62,69,62,77,48,91,41,57,32,68,53,94,69,63,81,69,96,64,40,94,56,51,84,47,56,45,83,98,55,69,69,39,40,40,55,50,47,89,70,32,34,56,82,68,68,38,73,88,68,49,86,77,82,73,61,98,33,30,50,36,54,85,90,44,76,75,47,62,81,38,74,39,41,94,48,74,45,61,69
74,85,86,91,46,77,74,37,95,84,32,36,66,89,64,32,98,41,85,89,83,92,51,60,74,43,76,31,76,73,77,60,66,43,94,34,52,30,47,55,90,46,93,36,77,52,63,91,49,35,63,85,36,71,91,45,36,54,91,31,70,57,98,33,91,39,49,56,89,35,94,36,68,45,55,80,82,44,95,85,59,66,72,81,79,35,70,56,59,60
87,88,96,87,62,83,70,77,87,36,61,36,40,91,79,53,54,42,72,70,52,38,54,97,53,86,95,49,80,86,63,55,76,88,49,87,92,40,67,47,32,85,52,35,84,86,79,39,90,98,52,71,56,47,46,35,62,41,92,57,88,65,85,68,35,39,98,39,56,89,43,60,95,58,59,32,73,40,55,85,98,65,40,63,79,70,61,59,43,35
38,38,86,80,98,73,65,64,44,91,51,38,49,90,46,63,61,65,65,77,37,80,78,75,68,62,33,97,61,78,54,67,56,39,73,63,82,47,94,68,91,46,42,85,48,79,60,85,41,54,49,70,88,92,60,40,74,48,48,49,74,64,74,30,47,31,56,59,63,64,60,75,61,33,35,49,80,86,56,89,76,83,72,92,42,85,35,59,82,48
45,45,49,55,31,92,45,44,31,44,76,91,38,77,74,36,55,80,70,68,38,65,62,42,53,85,31,67,44,80,73,78,59,88,57,63,44,43,75,47,54,57,41,40,92,83,84,87,41,88,31,54,43,89,41,32,35,58,65,87,42,86,75,84,87,42,53,34,35,63,62,40,55,49,56,54,72,82,52,52,93,91,81,38,38,98,43,59,80,79
35,68,55,65,49,30,83,77,69,44,79,53,81,34,62,35,36,76,63,96,53,90,95,47,57,38,75,80,87,80,86,63,35,95,44,44,53,51,82,44,58,71,45,83,35,87,50,40,98,56,77,78,67,98,87,66,60,98,42,91,94,74,53,52,49,84,52,75,70,61,36,60,62,59,65,47,44,34,89,78,66,60,85,49,35,93,83,93,72,77
70,41,68,40,72,69,70,37,96,36,35,36,90,91,33,31,42,95,79,82,93,38,63,95,38,98,91,66,90,31,72,79,42,78,68,73,53,41,32,92,69,71,75,80,53,54,63,83,58,55,35,97,58,77,86,52,30,59,95,30,31,34,75,85,79,66,84,91,36,79,60,96,65,53,84,60,49,35,48,30,90,81,95,79,95,98,41,96,73,32
60,59,67,62,66,70,77,59,84,69,98,57,90,58,62,94,66,79,35,60,58,72,30,56,40,65,71,42,54,59,89,84,70,62,61,77,78,54,84,97,41,87,35,96,52,96,57,96,64,72,83,61,58,90,71,48,65,87,37,77,43,34,97,59,48,83,74,38,44,73,32,69,83,79,88,51,86,49,96,84,31,74,66,72,65,68,36,63,78,45
85,51,87,91,51,95,95,89,92,61,92,96,98,44,55,30,41,74,72,36,67,40,82,74,54,44,53,41,37,43,71,75,93,38,56,46,69,62,60,70,59,74,62,88,41,37,85,85,54,56,55,73,53,45,84,36,95,69,37,72,92,59,87,47,32,92,96,60,51,30,95,65,55,86,96,71,52,87,40,58,69,47,93,45,32,45,74,88,85,88
61,56,70,94,89,74,32,30,57,66,91,57,70,32,78,77,32,87,67,66,66,81,65,62,97,90,90,78,84,83,73,77,96,58,34,67,43,63,74,93,53,36,85,39,93,64,85,77,77,30,61,90,58,48,60,63,55,75,73,92,64,95,45,90,61,45,45,61,81,90,63,95,49,59,70,72,53,36,61,55,56,60,51,84,82,57,54,53,69,92
34,51,86,70,60,32,82,42,86,71,56,78,36,73,33,39,69,93,61,57,37,73,52,39,73,97,60,91,96,69,82,37,94,44,63,83,97,47,83,95,80,55,71,83,41,93,52,57,66,42,76,81,57,86,38,51,77,39,94,96,37,72,97,52,31,61,63,84,44,77,58,77,42,59,80,64,59,46,82,91,41,36,85,73,96,64,66,38,70,66
43,42,60,68,77,60,89,62,48,60,35,54,64,87,67,56,82,35,59,70,92,51,92,41,92,93,38,91,45,45,56,94,72,64,72,98,43,56,42,61,31,88,47,96,92,80,83,65,73,74,71,35,39,73,43,38,47,48,67,43,73,53,58,32,62,35,32,86,80,69,72,67,95,97,44,58,66,73,87,63,87,31,70,45,41,84,96,73,56,49
95,87,63,64,81,45,61,67,82,62,98,55,42,41,53,78,87,70,33,36,31,82,73,86,89,32,56,46,31,43,76,76,96,34,30,45,63,78,36,72,65,89,72,42,97,72,67,78,86,96,75,57,43,34,66,71,46,85,41,64,45,93,43,72,33,93,77,86,55,45,49,37,71,30,94,84,81,68,97,72,48,81,82,34,60,35,82,61,82,51
66,90,95,37,71,89,74,42,31,68,30,37,91,34,37,55,92,53,55,82,33,65,74,56,31,92,39,54,61,94,57,74,31,69,92,82,75,86,52,49,54,60,41,37,94,36,46,72,52,37,97,83,52,75,43,85,78,39,54,98,69,51,73,62,71,96,50,97,83,50,32,89,64,73,65,70,57,91,79,85,94,40,85,89,41,71,41,71,91,96
45,57,51,41,49,30,75,49,90,37,36,53,56,68,89,53,76,97,74,78,94,93,41,63,45,58,47,40,43,38,95,42,66,76,48,46,44,45,38,32,49,34,85,98,46,55,59,65,98,72,88,94,53,47,91,72,47,39,59,95,73,32,65,80,79,31,90,35,76,44,30,30,37,81,80,35,63,59,43,92,92,88,63,66,42,53,52,46,80,85
41,78,39,44,96,75,50,77,85,65,38,34,48,97,72,54,87,57,53,80,38,78,37,50,47,65,46,85,52,41,96,83,49,44,85,92,81,54,82,74,91,76,32,30,42,54,92,84,65,63,68,47,71,47,45,56,58,65,35,86,61,47,33,91,35,32,38,71,36,79,89,43,43,65,31,59,67,91,51,70,50,63,59,62,62,51,38,96,82,50
62,87,93,49,87,52,37,72,30,43,67,70,63,86,51,94,34,55,98,58,56,44,80,59,57,84,46,68,75,64,68,58,71,54,77,56,35,81,72,85,70,48,68,89,42,76,35,90,69,76,67,81,35,97,84,93,79,85,84,61,43,97,54,64,68,30,55,47,56,65,75,38,85,90,56,79,64,54,51,75,41,40,33,86,36,39,92,43,97,64
88,42,34,35,80,93,92,39,75,51,64,95,42,74,50,68,64,94,63,50,88,46,61,53,49,97,46,70,79,89,88,66,36,93,96,78,74,68,48,90,43,87,35,88,94,95,48,77,42,42,97,80,53,61,83,75,55,86,59,46,92,41,98,90,71,44,35,82,36,72,91,93,44,63,47,68,77,63,73,91,98,88,36,75,55,73,42,93,74,48
93,77,35,78,67,46,71,92,95,31,56,77,43,49,63,32,39,78,53,81,43,42,46,53,80,76,34,91,52,80,69,31,55,77,88,71,41,42,48,76,40,60,54,53,91,97,67,80,52,78,42,56,30,51,74,67,94,48,37,63,94,74,67,73,75,93,44,44,64,84,74,43,46,95,69,37,90,69,51,87,32,59,82,71,83,40,67,72,31,51
87,52,61,43,56,92,38,97,39,94,46,75,70,45,68,32,51,65,88,97,51,52,81,65,35,57,53,72,31,63,48,83,62,69,88,66,57,89,42,80,59,54,43,50,62,73,69,91,39,94,57,60,48,40,49,67,58,71,68,49,57,57,59,36,64,70,47,68,95,57,44,42,36,98,89,57,78,41,69,45,71,64,49,45,76,39,58,41,44,57
81,58,65,74,46,94,90,70,81,35,61,32,61,75,75,92,38,59,35,53,80,78,32,92,62,37,82,59,71,92,37,87,83,70,76,88,91,60,55,62,36,88,45,94,35,77,92,78,43,67,47,61,88,89,96,34,47,75,88,90,87,81,60,73,49,72,56,62,49,57,64,51,83,72,61,52,77,45,87,88,58,70,54,51,58,31,66,73,33,52
83,59,42,40,59,67,35,86,62,73,62,92,91,88,72,74,59,92,94,50,52,83,39,32,71,77,67,86,36,51,72,49,95,93,67,78,82,90,35,33,61,80,36,49,42,95,49,63,30,87,52,39,67,49,39,78,75,40,81,92,69,44,56,76,75,39,75,41,87,67,51,66,60,58,32,62,74,43,90,30,95,66,87,68,88,70,33,78,70,60
94,40,86,41,58,39,49,46,60,79,33,44,46,92,84,42,39,33,80,63,73,75,76,53,80,70,49,76,93,62,61,54,89,97,80,70,89,77,30,59,69,45,88,42,88,74,55,90,82,83,67,90,50,35,40,77,71,93,71,75,82,73,61,69,30,77,70,65,68,87,59,37,54,69,48,35,32,66,73,80,52,91,87,50,59,49,57,30,73,77
50,72,66,91,42,52,40,66,61,40,76,78,30,41,39,79,50,80,38,86,88,95,67,52,32,30,90,67,94,62,43,74,70,77,73,63,52,80,96,98,78,80,88,97,81,63,67,64,37,66,51,66,76,89,97,54,76,49,81,64,65,30,63,69,54,79,41,51,63,87,54,56,81,38,58,57,96,52,34,66,56,67,45,64,97,76,69,65,60,96
82,38,68,57,84,55,84,34,92,66,33,67,76,81,44,85,95,56,60,71,47,66,76,55,38,41,88,63,47,90,91,30,78,65,69,63,58,76,75,54,90,51,57,38,50,54,78,95,89,61,33,44,38,48,75,69,71,60,30,42,41,51,40,94,52,72,53,51,73,94,59,49,78,58,67,44,90,96,81,64,53,79,31,50,72,38,57,68,86,93
39,50,82,55,35,52,58,97,93,85,56,47,96,30,94,40,85,30,53,30,90,45,73,38,79,97,35,50,56,96,90,80,34,69,32,53,67,88,62,95,56,60,42,90,98,71,68,78,93,42,94,81,73,70,40,60,40,93,32,76,41,52,41,30,34,93,56,42,35,51,94,75,38,49,30,93,38,40,96,51,53,36,80,93,77,61,70,44,31,71
83,81,55,87,51,70,47,70,73,68,90,30,53,36,83,52,42,67,74,49,41,91,41,83,31,57,40,66,70,91,46,79,82,75,70,93,81,87,96,40,57,67,81,47,86,83,57,97,54,45,60,59,50,32,48,73,52,81,93,79,67,50,50,86,44,66,77,63,33,74,68,85,88,65,62,74,71,83,65,73,46,30,72,80,61,65,88,62,66,96
91,44,63,83,75,51,39,39,93,47,91,66,63,36,56,49,41,90,38,82,68,50,90,53,60,38,64,73,92,93,84,74,97,45,61,37,78,80,68,92,89,80,70,86,75,59,81,41,32,88,36,45,93,38,73,77,94,76,84,59,41,31,48,55,55,72,35,60,40,74,80,51,81,84,59,89,77,39,45,35,65,50,36,73,92,91,46,61,66,80
64,40,84,49,31,93,53,72,69,62,95,38,84,92,57,40,76,86,95,68,57,41,74,55,31,50,69,31,43,78,87,61,65,76,78,86,37,44,68,51,86,88,48,34,42,63,43,78,66,87,66,79,49,60,71,79,62,33,81,91,89,51,70,66,69,65,35,55,57,78,77,61,57,56,87,80,91,32,53,95,85,63,50,32,68,37,50,89,43,42
57,91,45,76,55,58,67,93,65,45,55,68,34,54,65,40,52,48,89,98,47,56,92,39,34,84,85,83,50,51,76,52,71,97,43,49,50,97,47,72,53,38,87,39,70,98,75,91,31,41,80,97,30,51,51,31,53,59,48,93,36,52,32,42,92,86,50,88,52,66,48,87,35,72,85,49,67,38,63,64,79,81,52,86,91,90,90,75,62,58
38,35,38,46,52,66,57,51,35,81,64,33,84,53,70,80,59,74,80,57,47,84,48,55,61,78,93,48,39,39,44,64,62,37,62,63,45,70,39,57,61,70,92,57,86,86,38,30,51,46,98,87,45,65,40,80,64,93,76,59,85,97,91,40,67,42,77,39,70,73,48,36,31,57,86,46,60,85,78,37,89,90,80,31,76,82,65,35,75,68
96,40,74,77,91,54,45,62,41,74,91,36,41,90,64,42,62,78,76,93,70,80,97,62,50,48,86,82,58,62,80,33,44,85,50,78,92,89,50,64,97,70,37,56,87,71,85,40,95,71,49,72,33,33,66,49,41,59,40,75,87,94,41,73,58,44,79,78,58,44,63,39,78,40,54,70,41,57,51,58,61,35,98,66,57,60,55,89,49,34
87,42,46,96,76,41,88,86,31,47,37,79,40,69,81,84,42,57,35,68,67,47,30,46,38,44,66,42,79,60,41,75,72,30,70,59,61,85,56,83,47,86,94,30,58,72,41,66,74,36,66,38,87,56,70,81,64,55,59,60,45,54,87,55,93,93,49,45,77,53,36,32,92,40,68,76,36,55,55,33,81,81,39,43,93,66,34,45,58,90
83,31,58,62,52,85,35,57,47,40,73,38,35,84,43,60,70,31,35,97,65,74,82,94,36,96,33,40,57,84,30,84,44,69,38,72,79,85,89,95,74,45,50,40,63,34,87,92,49,64,72,50,70,47,49,79,60,84,97,35,60,78,39,37,97,90,35,46,55,88,85,63,33,84,34,50,89,76,82,85,50,54,86,33,69,98,40,81,63,84
35,56,83,82,52,61,78,35,56,84,65,47,78,59,61,68,57,41,55,31,53,87,97,37,73,36,94,77,43,69,37,56,35,53,97,55,57,92,42,73,57,63,71,94,31,31,98,36,71,59,56,44,83,46,94,70,72,75,35,54,90,48,31,50,93,41,46,59,52,62,59,46,76,64,68,62,42,69,45,85,91,71,53,82,70,73,61,76,63,89
37,90,90,75,46,60,87,55,41,97,56,78,39,42,49,44,60,60,64,97,30,73,46,59,59,75,89,41,79,54,89,60,67,52,45,67,84,75,54,36,59,39,60,77,63,85,86,56,65,44,97,55,51,60,86,55,42,47,31,30,66,74,73,98,89,95,84,98,51,42,55,47,59,56,46,34,65,45,49,74,71,94,49,60,63,45,54,69,50,65
69,61,55,57,74,46,67,54,52,92,34,48,87,42,63,82,64,53,54,76,80,31,75,97,49,78,93,68,43,72,45,36,83,78,41,92,74,77,89,83,80,75,39,42,92,69,53,65,84,52,94,30,66,74,85,98,81,91,51,41,76,97,97,31,89,65,76,72,73,37,95,91,74,80,43,40,93,75,73,46,46,40,78,50,84,56,92,49,67,73
32,80,81,77,96,58,54,96,76,51,84,80,48,52,37,65,91,88,77,65,89,87,54,33,30,37,37,91,64,30,34,46,66,93,82,62,83,77,47,90,48,42,77,96,40,59,72,52,88,60,72,78,96,57,33,64,71,95,91,45,52,60,96,94,86,66,94,42,52,83,80,42,71,31,52,95,72,98,83,80,73,55,85,97,40,77,33,51,85,35
80,79,62,54,93,50,87,41,32,71,48,76,74,87,97,47,91,96,47,36,61,72,57,78,71,30,82,97,92,87,35,35,38,97,37,52,88,41,72,97,58,63,33,60,34,49,49,77,98,93,60,45,57,50,77,52,49,53,73,55,59,70,88,94,62,47,37,42,65,93,48,34,41,56,60,49,64,36,47,77,62,58,71,84,47,86,58,49,50,89
42,44,77,69,47,46,90,81,30,45,95,37,84,61,57,50,48,32,58,42,85,94,78,30,94,97,34,30,52,69,81,80,47,47,84,32,49,96,44,75,48,49,66,86,98,64,62,73,54,57,57,62,78,32,90,50,63,65,32,45,85,48,33,37,39,52,72,43,55,80,73,89,67,68,87,35,40,31,77,73,41,34,71,41,46,48,95,43,54,58
97,34,57,42,57,66,37,55,65,79,97,69,64,62,61,44,30,35,35,78,56,47,47,68,37,57,79,90,81,89,54,57,61,98,61,73,87,70,62,57,76,31,43,81,42,40,31,81,79,31,82,49,86,37,31,57,72,52,85,55,35,52,32,74,47,82,34,54,78,70,33,93,33,53,38,72,64,53,83,90,34,41,78,50,58,41,61,53,69,46
78,78,50,49,44,38,45,35,31,39,83,32,46,64,70,34,35,42,93,85,89,93,60,32,78,75,37,46,68,32,74,83,67,59,62,59,33,38,71,74,97,85,30,38,66,45,88,80,61,43,84,93,40,97,80,70,60,30,88,93,64,94,80,67,69,86,43,84,87,52,76,57,69,75,95,83,63,94,77,65,97,98,33,73,59,84,35,90,61,37
49,47,81,89,82,73,56,81,80,42,33,57,51,87,93,69,53,72,58,54,88,95,47,59,92,78,40,41,83,50,84,31,72,55,46,79,72,71,48,69,59,36,88,36,52,82,64,90,42,82,42,38,81,51,80,32,33,96,97,87,64,84,78,57,53,98,77,43,44,58,34,46,97,36,53,89,95,51,61,76,78,88,50,51,54,56,59,71,77,55
64,30,41,67,49,49,76,56,74,94,98,80,94,62,76,57,51,33,30,42,71,55,95,42,43,90,63,90,32,65,48,79,35,98,38,98,34,83,53,64,77,72,51,47,69,49,88,98,36,45,52,48,90,46,79,39,75,78,51,56,78,82,31,47,38,62,79,75,73,44,61,93,41,49,90,56,41,44,89,60,51,55,47,32,89,84,43,87,54,94
65,88,49,84,35,98,77,78,72,96,44,52,88,53,69,56,31,88,57,77,58,63,89,79,50,68,65,31,77,92,83,43,34,52,84,93,53,89,93,73,91,58,59,69,47,33,83,43,30,64,67,71,61,53,81,67,98,53,83,51,93,92,71,72,47,55,31,41,59,64,64,54,43,66,76,32,80,96,96,44,83,34,47,61,41,84,65,53,53,90
57,45,96,43,67,48,74,59,57,79,62,38,38,95,45,61,55,31,88,92,33,72,59,34,90,38,37,92,40,51,63,33,32,96,60,84,61,45,91,75,53,39,65,51,72,70,37,67,80,77,32,57,59,57,63,92,35,84,32,41,62,67,59,44,93,53,66,74,78,54,49,98,47,84,90,30,36,69,81,48,93,69,90,44,88,51,35,54,89,87
71,86,80,42,35,78,69,82,78,48,79,79,58,35,40,58,55,81,67,65,48,76,32,82,59,30,76,47,90,98,94,81,97,85,97,69,53,78,38,97,60,73,54,44,47,66,31,75,46,77,49,86,96,92,96,31,96,64,88,90,81,34,97,58,94,56,76,31,69,87,75,52,84,34,93,45,38,44,76,67,84,67,33,75,60,41,83,98,90,72
86,55,53,30,57,82,62,63,35,56,61,69,56,33,43,67,32,62,89,80,98,55,89,63,92,96,63,95,55,74,74,65,71,89,83,97,31,35,91,35,49,61,44,83,86,83,80,69,36,72,75,68,97,52,42,44,96,62,82,85,97,50,35,75,84,78,37,69,82,76,72,63,58,97,92,91,66,51,31,39,46,30,67,55,93,94,48,54,77,52
65,52,83,56,88,42,78,44,94,96,45,97,37,69,73,45,88,53,66,55,65,35,43,41,98,96,88,51,75,91,55,87,67,87,32,62,66,71,39,48,93,41,76,97,67,36,89,73,70,34,92,91,65,40,45,68,43,58,47,86,76,37,82,61,83,62,94,95,77,42,84,34,60,73,70,44,34,98,62,51,32,91,77,52,35,76,87,48,84,73
46,34,68,64,43,93,50,98,50,93,44,97,35,59,66,42,66,94,85,32,56,88,47,81,43,55,88,51,58,76,47,55,59,98,77,43,72,34,68,56,60,36,86,81,81,42,34,49,57,66,48,42,45,34,73,71,41,74,88,85,34,81,62,94,39,56,37,78,42,88,84,62,74,64,34,79,76,48,72,51,55,74,62,32,47,58,34,72,59,40
87,92,95,56,36,51,58,35,52,32,83,80,63,45,94,87,93,68,34,78,90,82,61,71,53,84,91,81,57,37,91,63,40,86,68,63,47,89,70,68,62,60,80,84,71,43,67,53,51,81,38,36,70,59,92,55,63,81,93,71,50,31,90,41,38,83,95,54,88,51,97,88,42,53,65,96,39,74,43,69,91,76,76,68,44,74,95,76,95,78
57,39,62,47,58,46,70,54,53,31,83,58,90,49,43,75,48,60,78,96,58,48,77,34,42,90,87,89,32,56,31,55,45,35,37,61,79,32,30,32,32,77,93,68,77,84,37,55,98,51,78,46,59,54,90,98,49,95,91,70,69,95,38,86,89,85,43,66,96,75,95,46,51,88,85,41,62,73,73,85,38,91,70,74,50,86,31,84,95,76
45,87,68,67,35,83,87,92,54,31,93,57,51,58,66,96,65,55,51,41,97,36,50,36,87,75,64,53,80,36,33,88,46,76,98,30,33,77,51,68,43,34,47,86,74,73,96,75,79,94,88,64,98,58,91,78,32,30,46,48,59,95,47,81,32,55,58,55,51,41,54,63,79,40,96,77,54,79,59,62,79,96,52,61,63,34,35,98,62,98
51,55,68,88,87,91,32,51,97,53,42,92,37,55,39,50,92,79,47,33,66,45,49,38,84,64,96,91,72,60,91,65,88,68,86,94,51,37,76,39,41,31,84,86,40,39,69,41,81,30,48,53,44,54,74,73,81,96,67,74,31,53,71,50,39,91,47,92,60,53,74,84,53,91,31,35,66,73,93,53,43,44,61,70,62,56,59,32,46,41
35,56,87,41,88,31,85,77,47,49,68,66,53,73,72,88,95,80,35,30,39,78,54,71,50,78,97,94,92,87,81,69,53,67,85,88,91,83,59,42,39,43,30,47,66,42,95,59,73,75,93,69,63,81,31,61,42,56,42,82,69,67,82,83,95,67,67,82,70,59,81,89,51,48,65,91,35,61,46,60,89,54,57,68,52,98,57,83,35,52
55,87,90,63,79,87,35,95,91,92,83,65,76,42,51,41,78,41,40,45,70,74,49,36,59,82,75,43,38,89,86,90,33,88,77,72,40,72,64,85,96,96,46,47,48,53,52,41,82,40,94,63,83,55,61,45,63,58,58,33,47,40,47,40,57,77,33,75,75,42,74,34,76,30,66,86,59,37,82,33,83,47,33,83,36,59,58,74,83,36
71,63,49,71,94,58,32,92,94,83,42,89,33,42,41,53,47,45,44,38,86,41,48,59,75,61,85,81,59,50,67,81,96,67,53,86,56,43,66,77,33,75,71,57,95,45,47,88,58,37,86,62,73,33,56,71,55,62,72,33,31,60,33,41,92,62,76,37,89,48,58,70,30,49,31,91,50,48,46,36,79,57,76,53,42,91,30,70,89,50
94,65,82,82,92,39,53,48,65,89,71,35,30,61,95,87,98,94,96,45,64,79,54,57,68,68,47,45,82,37,30,65,44,95,95,52,95,65,69,79,70,72,95,31,33,79,87,67,32,63,86,33,44,76,49,64,44,56,72,69,87,78,64,43,50,47,78,38,63,66,85,90,82,91,51,67,31,95,80,85,52,86,63,44,34,85,55,38,54,86
64,44,30,37,73,41,58,84,35,74,65,49,73,59,46,87,77,92,56,34,86,69,53,31,53,67,50,61,49,81,38,79,41,57,81,73,64,91,80,83,95,89,87,33,92,46,97,50,81,49,81,39,79,73,41,42,90,43,76,81,74,96,85,39,95,94,56,85,70,95,49,42,44,89,53,87,79,84,59,64,74,73,81,83,55,90,63,55,74,40
83,89,97,40,36,88,47,87,67,47,88,83,40,72,34,36,31,89,83,83,72,73,88,47,47,61,61,38,74,61,94,59,46,79,52,37,92,39,54,85,92,30,58,51,88,72,47,34,35,55,34,83,96,88,36,31,58,98,73,87,90,49,64,36,68,72,54,70,53,34,45,87,30,55,31,59,47,59,65,45,64,62,43,38,88,44,59,94,52,63
76,61,98,35,62,67,80,90,50,46,64,45,90,40,42,65,60,36,77,59,88,49,64,33,78,37,61,66,96,72,74,90,35,52,45,44,54,71,44,44,39,48,43,93,46,38,71,77,45,75,63,72,82,76,70,63,46,58,49,79,72,77,68,57,82,64,45,70,80,57,50,47,53,41,39,42,41,95,55,36,83,70,47,55,55,64,54,93,50,53
48,77,91,75,52,52,61,54,30,36,53,62,58,33,80,76,48,67,73,32,53,71,41,73,51,45,62,36,33,53,37,44,94,78,48,88,96,87,63,43,68,51,50,74,69,82,30,35,77,86,90,35,44,75,92,96,36,62,96,32,84,43,96,52,67,68,49,67,95,51,63,83,36,77,86,68,81,76,37,75,42,89,88,95,76,93,85,63,72,32
32,71,47,84,47,77,46,68,44,66,74,42,60,87,38,53,97,40,70,46,47,72,94,87,78,61,50,41,75,30,85,37,74,85,70,34,33,45,30,38,88,66,34,44,59,63,95,62,52,89,54,71,64,31,79,82,59,31,95,57,89,93,72,35,60,78,95,70,35,73,43,96,95,75,81,41,59,51,93,40,87,76,70,38,86,57,76,55,66,65
79,85,97,88,32,79,83,34,74,31,60,44,73,30,50,75,42,79,81,91,40,76,49,81,97,74,43,40,81,30,66,57,91,30,50,37,76,32,41,65,94,79,69,78,68,64,79,31,58,85,82,72,91,69,98,68,70,44,96,41,95,76,79,51,73,37,34,65,41,40,91,41,57,91,53,88,42,70,61,81,50,83,80,37,80,71,35,81,80,62
78,98,90,32,98,38,46,50,95,52,51,60,57,36,43,53,85,42,78,70,39,94,67,91,48,58,77,92,55,96,62,78,42,69,66,61,95,33,46,94,93,33,33,48,56,65,52,33,87,91,77,51,55,66,70,44,87,61,39,69,76,90,88,78,66,91,73,90,95,67,40,87,45,59,81,61,48,96,47,93,96,39,61,92,44,43,37,31,77,85
59,51,46,97,39,66,82,51,52,64,33,90,85,40,47,47,31,79,65,37,37,80,48,53,67,35,91,39,72,50,60,45,65,58,52,81,40,55,96,34,47,83,71,31,77,77,34,74,43,53,60,98,73,54,51,86,74,98,68,70,67,60,94,76,78,67,43,43,68,55,58,47,39,54,85,45,58,46,36,42,86,48,32,77,84,67,47,48,44,64
36,72,49,91,64,68,96,64,35,87,32,65,46,51,40,87,32,80,67,81,98,44,75,73,98,93,61,61,85,32,77,92,55,34,65,96,83,81,88,46,62,84,94,71,31,55,41,37,60,57,88,76,39,42,68,88,46,57,96,71,52,37,75,34,42,43,53,43,64,50,96,38,68,98,63,95,70,51,96,90,57,86,91,49,57,74,43,47,60,51
98,45,69,88,61,91,41,85,49,70,70,72,88,57,54,86,69,56,97,62,70,43,50,42,37,50,63,67,59,94,76,54,62,47,48,88,80,77,43,94,77,43,90,72,45,92,74,52,56,98,67,47,90,54,55,63,44,95,39,91,92,54,82,88,42,45,31,91,61,82,73,84,59,71,40,75,61,76,98,47,42,95,49,46,57,61,69,58,86,67
33,84,56,57,51,52,44,42,56,88,36,69,76,62,94,61,85,38,50,98,49,83,98,97,44,64,52,98,74,44,52,73,34,33,43,32,41,56,71,94,66,49,63,65,87,68,47,66,40,79,84,45,38,36,47,48,45,41,72,71,31,82,95,67,53,50,98,41,81,67,73,87,33,84,90,76,81,86,95,81,38,55,63,46,33,73,68,75,42,50
86,65,46,58,88,94,83,57,58,31,98,75,92,91,66,34,78,38,95,74,75,78,89,70,32,74,98,53,51,47,34,47,93,78,35,35,93,80,49,30,62,56,40,36,50,49,38,82,54,52,56,96,32,31,37,46,41,31,44,56,92,31,43,35,63,59,90,56,68,74,82,74,58,58,52,69,57,42,36,51,68,41,53,44,55,40,46,74,41,36
92,88,45,94,65,94,95,51,98,66,58,60,82,78,33,97,84,85,97,88,43,86,64,41,75,79,49,48,91,95,84,56,65,60,60,60,85,66,85,74,38,88,89,63,93,84,61,93,95,32,57,67,31,85,66,66,74,94,95,56,62,78,35,67,76,51,32,67,62,38,47,49,71,58,44,93,31,88,49,78,42,59,88,86,53,71,56,84,46,88
75,92,71,52,71,54,75,75,49,80,35,36,73,96,77,34,61,96,38,41,30,32,33,48,92,96,39,63,93,31,71,96,78,95,79,88,70,30,88,55,69,32,95,50,38,80,87,87,56,69,31,83,31,36,38,49,93,54,52,66,98,96,30,58,60,62,70,31,80,79,65,32,92,51,57,64,79,38,67,59,69,31,36,47,30,51,79,67,36,70
51,52,80,42,72,45,38,43,80,73,92,92,39,84,83,84,52,73,72,89,77,43,73,38,91,88,49,65,42,69,96,64,66,44,55,80,39,66,90,72,85,47,97,45,58,66,36,77,73,44,55,49,36,98,81,78,59,82,39,97,46,96,70,79,55,77,53,75,57,83,81,79,72,56,98,32,92,80,48,89,71,45,49,94,62,49,47,63,63,46
61,77,61,45,54,79,76,62,89,40,53,83,71,52,33,72,86,39,55,72,60,54,87,68,33,89,83,67,67,54,77,63,72,33,33,36,58,65,47,98,92,47,62,61,40,54,45,39,88,33,70,82,48,50,77,73,57,83,96,60,42,36,69,44,86,85,34,83,48,68,63,89,61,65,43,90,39,94,40,46,37,66,56,90,36,30,96,92,69,84
84,91,80,86,33,36,72,72,79,91,81,87,84,44,85,94,59,85,77,36,39,39,57,51,51,36,51,82,53,98,45,82,54,89,42,38,42,88,67,93,95,64,73,56,79,87,81,70,34,69,78,52,55,82,65,84,39,77,56,61,73,94,76,43,86,59,98,36,42,50,86,70,91,33,53,33,81,92,33,48,53,82,71,87,45,33,69,89,93,36
62,79,88,93,87,76,31,40,35,88,46,53,83,80,54,35,97,73,78,41,89,81,41,31,49,94,70,69,33,90,35,78,32,30,71,40,82,62,36,35,51,96,49,69,64,68,84,91,71,39,35,32,95,58,53,83,37,41,46,35,74,89,76,53,39,39,87,85,66,67,59,76,74,47,42,79,72,91,88,82,73,37,85,89,42,70,96,92,71,48
75,59,80,81,64,49,63,58,42,40,93,77,71,56,67,44,87,95,44,52,30,84,65,84,87,60,86,79,84,37,43,49,74,78,60,96,35,93,80,64,77,92,43,74,32,47,36,76,31,62,62,70,86,36,80,30,87,41,53,46,39,65,91,91,48,36,61,69,64,58,53,34,95,57,68,60,41,75,93,67,52,67,32,60,43,32,64,80,66,95
88,81,81,71,63,50,32,65,81,34,42,70,88,78,67,79,84,43,39,38,73,33,57,63,42,79,91,63,89,50,79,73,86,71,71,42,53,83,51,65,96,43,77,66,66,92,49,59,52,95,76,91,55,90,56,36,45,59,51,82,65,79,86,43,68,85,60,90,42,79,74,36,73,56,55,49,83,97,89,91,68,65,40,75,72,73,90,45,59,78
79,56,42,84,68,93,62,93,76,44,44,70,92,96,58,50,39,61,71,40,88,92,37,42,41,91,88,43,53,76,43,53,72,31,68,88,98,70,78,35,71,78,31,72,63,32,37,42,96,30,55,61,34,35,47,46,71,72,59,33,90,86,34,66,70,30,54,55,96,82,33,61,79,73,39,56,86,59,97,30,43,86,88,46,85,72,68,52,86,36
41,32,92,42,59,55,77,68,73,61,80,90,58,38,33,44,88,76,67,68,98,60,31,53,43,42,45,46,69,50,34,34,38,84,33,58,84,30,62,72,97,58,62,53,68,89,42,53,37,31,78,58,82,43,69,95,49,71,47,65,78,88,70,56,58,76,93,41,38,56,49,38,92,81,76,83,88,50,30,85,86,94,95,94,67,68,69,53,38,55
48,77,41,36,58,86,97,95,33,50,80,84,54,32,38,45,59,98,66,49,93,65,79,49,93,78,90,87,85,34,58,54,78,95,89,41,95,70,47,80,55,91,31,39,37,65,73,42,88,41,77,72,73,46,50,88,94,83,90,68,83,97,96,74,51,83,35,95,79,72,34,67,58,69,68,31,44,37,62,57,78,83,54,93,90,75,75,68,70,36
80,45,87,43,41,82,59,90,72,31,81,30,92,93,81,44,97,68,80,55,85,76,49,94,62,34,89,72,34,92,56,33,92,86,44,38,56,82,61,46,46,38,80,87,80,93,98,88,69,67,46,92,43,84,95,63,64,87,32,65,69,74,59,41,71,38,91,94,50,73,86,63,91,61,75,69,54,50,85,61,59,68,73,91,50,61,42,31,75,93
77,34,61,61,74,71,77,68,45,37,69,85,95,84,81,94,82,95,87,89,55,47,96,42,57,55,38,47,72,95,62,81,53,50,96,55,35,62,35,54,89,64,98,91,61,75,89,49,39,72,96,95,55,80,76,97,40,36,95,68,54,30,91,51,34,42,57,48,73,53,31,62,79,73,86,34,57,44,88,76,86,46,67,51,81,35,68,39,41,84
63,35,32,55,80,77,86,69,72,98,84,77,69,66,73,37,51,96,94,50,47,82,92,58,82,34,81,58,64,52,45,51,69,31,77,80,39,31,78,98,57,70,83,79,66,90,98,67,65,92,30,36,76,69,98,76,60,66,91,46,78,71,32,71,46,57,60,74,88,50,59,46,40,87,34,54,71,64,66,90,78,33,55,86,79,44,36,94,97,66
63,89,52,78,73,85,42,69,89,82,48,67,55,58,96,92,83,97,64,95,35,37,50,90,95,84,42,92,36,74,65,41,62,69,94,83,98,85,56,36,55,68,46,48,90,74,55,37,53,80,60,78,62,46,93,97,94,61,96,44,79,81,73,80,53,90,94,86,32,78,34,98,90,79,41,49,84,35,44,37,54,52,57,97,63,87,47,71,47,84
40,69,55,79,95,68,52,97,76,37,53,74,32,39,40,85,72,42,59,73,80,72,64,62,65,30,36,64,91,64,34,62,93,71,92,57,49,53,53,55,67,90,32,93,75,34,46,47,30,44,65,33,32,62,62,64,56,94,85,85,68,92,35,71,51,65,90,84,35,49,54,62,34,75,43,51,98,87,39,81,58,90,34,86,98,93,72,90,60,69
76,34,74,44,97,42,98,58,89,35,96,60,40,34,65,52,58,64,33,52,64,78,94,42,89,72,44,49,53,44,95,67,81,82,49,97,79,76,60,69,47,80,56,88,84,51,92,36,31,33,67,86,75,78,90,89,61,84,72,50,82,86,57,55,83,70,66,48,32,74,72,35,69,89,73,49,44,65,52,83,57,55,46,44,45,61,90,94,67,32
86,37,66,55,48,44,87,32,70,81,92,78,60,82,50,61,63,65,42,63,33,88,81,31,82,96,31,42,87,42,95,67,78,68,79,44,37,76,33,96,73,41,83,38,79,38,84,54,93,96,70,93,44,71,50,68,85,48,33,49,53,79,57,63,83,78,51,82,61,97,54,83,91,93,79,62,32,30,89,56,76,63,95,74,60,54,72,58,36,46
85,40,88,68,30,34,47,77,95,89,51,82,73,50,32,75,43,49,37,83,36,70,37,73,96,67,36,63,56,82,72,89,52,30,91,43,58,64,69,79,62,94,87,88,61,74,69,51,65,64,37,35,89,53,96,94,33,91,91,33,75,66,41,52,45,83,31,87,40,34,47,46,32,71,76,86,87,71,71,48,76,42,38,41,39,97,75,56,50,65
94,59,69,50,93,85,96,55,70,97,68,39,98,76,39,59,34,32,51,89,76,31,42,48,86,97,39,73,88,37,63,31,81,45,68,39,45,52,51,38,56,81,64,54,71,81,62,69,47,47,64,55,55,53,53,95,72,33,72,59,66,34,53,78,39,38,35,76,41,88,94,59,33,84,60,71,35,49,37,78,49,94,45,60,96,33,85,37,82,93
49,76,85,87,37,94,64,52,59,78,54,91,85,41,88,55,43,56,65,90,79,41,72,74,52,62,57,61,39,55,66,60,85,84,32,43,46,86,48,60,71,89,45,97,84,81,53,32,54,72,36,54,64,70,89,86,67,30,66,60,72,49,31,88,91,93,50,63,51,36,68,35,69,50,75,69,76,88,77,30,50,94,45,68,73,47,30,60,97,97
51,31,64,55,55,41,59,53,37,41,51,84,52,49,71,73,61,67,46,43,84,89,30,69,86,54,64,90,78,61,94,34,75,39,86,57,86,53,32,86,42,76,64,79,61,82,44,33,74,76,37,93,43,91,77,95,78,69,79,92,97,46,40,40,56,85,57,54,95,63,84,84,51,34,32,80,36,80,73,58,38,41,80,35,49,78,45,87,37,77
76,69,81,53,69,90,72,47,94,40,90,62,81,45,96,86,34,57,76,87,72,45,33,96,96,73,88,85,73,61,79,47,30,94,50,71,75,47,86,86,93,57,93,84,54,76,55,30,57,59,34,76,35,90,98,93,61,53,78,30,90,37,34,90,54,38,51,89,48,30,76,41,42,88,59,81,54,80,35,49,86,66,30,72,81,91,88,76,55,82
33,39,54,38,59,82,43,88,87,84,57,74,47,82,66,66,46,31,74,74,90,37,70,81,45,55,38,56,74,72,73,48,44,73,65,48,31,52,43,70,86,49,33,92,82,68,56,93,90,89,48,33,61,84,31,56,80,56,78,98,98,31,34,82,59,71,36,75,55,67,41,64,32,38,87,92,68,76,71,63,50,34,65,93,69,67,46,80,69,37
95,51,65,60,31,40,56,92,37,40,91,50,64,75,61,82,40,49,70,89,36,55,67,41,39,91,67,60,40,61,65,65,49,42,56,59,97,49,77,91,30,94,98,97,96,80,64,39,95,67,67,85,89,62,33,62,79,85,53,54,40,58,61,89,37,88,43,53,79,37,78,94,91,64,41,43,63,82,31,65,40,58,76,94,54,76,42,88,89,45
86,84,80,50,77,40,52,37,62,80,38,37,34,89,46,72,79,76,89,76,49,93,45,73,51,42,42,41,44,57,80,80,98,30,72,44,42,65,77,82,87,39,97,76,38,74,53,45,79,92,93,82,51,32,91,96,62,45,57,83,63,32,63,72,42,53,90,44,66,62,83,94,88,55,60,81,63,45,32,72,86,66,80,87,86,63,97,61,81,79
35,50,41,55,69,87,96,33,51,65,58,83,94,66,91,54,80,82,87,52,54,94,91,68,89,91,89,95,56,45,67,35,47,76,45,92,55,90,35,79,61,77,97,86,95,72,33,97,38,48,63,96,98,39,59,55,93,77,74,69,74,95,59,87,76,65,74,51,47,67,69,30,69,38,56,76,81,63,31,93,92,42,79,78,70,68,92,60,92,44
61,46,45,95,73,70,77,57,73,86,51,74,31,52,37,58,82,39,30,34,74,78,60,48,96,69,86,78,93,39,32,38,67,75,79,90,38,69,92,87,95,72,88,85,63,98,39,89,94,46,66,69,51,91,32,43,87,30,90,79,65,63,50,35,56,37,98,83,72,34,39,84,32,87,90,74,97,48,82,80,45,49,75,87,38,64,70,67,72,71
38,54,30,91,57,88,75,77,68,42,59,72,96,39,31,81,62,80,35,68,87,58,43,98,37,97,74,58,95,62,40,77,36,74,62,65,69,75,87,48,66,61,65,88,69,49,45,41,59,38,66,85,86,94,92,52,66,98,79,72,54,67,77,79,83,62,53,79,31,83,98,80,79,97,84,55,93,96,90,81,57,37,62,58,71,75,36,74,78,51
65,62,76,60,96,81,49,69,31,54,40,87,94,94,88,70,55,45,72,42,86,69,60,83,34,81,45,68,80,63,47,66,96,85,84,51,32,54,77,92,90,90,85,35,95,73,87,90,53,51,87,77,33,35,71,84,72,60,78,76,63,39,66,97,68,77,47,64,43,82,68,78,72,83,90,94,36,82,57,31,63,77,68,93,88,72,70,65,43,78
59,84,48,73,36,32,65,42,39,52,59,95,71,45,96,73,81,77,54,54,43,92,74,97,73,56,93,30,82,82,83,70,83,68,36,61,52,72,54,40,53,44,76,69,51,73,73,58,82,98,53,38,30,98,85,56,35,40,89,89,80,92,34,50,60,93,63,77,76,30,69,54,41,70,64,66,90,50,94,84,43,71,56,98,75,80,66,52,33,59
54,51,78,63,90,64,95,96,62,63,57,35,52,56,53,72,98,60,91,47,61,60,41,53,66,94,63,67,90,31,82,46,91,42,47,85,59,59,90,86,57,35,80,89,50,98,65,76,44,80,46,64,47,92,45,67,89,32,77,75,89,89,45,77,73,62,51,74,96,41,85,95,95,91,61,60,63,86,81,45,75,52,77,30,50,67,32,56,48,72
42,58,51,93,58,73,63,64,97,35,97,44,54,73,35,63,35,51,34,60,44,50,69,51,84,97,61,56,74,80,82,83,70,53,57,62,73,94,71,44,63,33,34,78,83,96,59,94,36,89,79,68,64,67,40,81,48,54,52,95,60,31,67,61,88,34,30,94,44,73,84,58,78,95,50,72,58,62,68,67,51,81,65,83,77,87,89,81,66,64
67,89,55,59,94,96,82,44,87,82,89,67,69,71,31,46,74,91,87,55,86,40,41,83,67,64,56,55,86,65,37,86,30,91,63,55,84,73,85,35,33,77,89,63,59,59,67,59,33,86,67,35,84,78,37,66,44,42,77,44,69,84,33,48,33,48,91,64,39,33,83,94,33,33,58,59,48,43,70,46,71,74,51,46,68,34,42,92,38,92
78,33,73,51,55,51,75,32,78,42,40,86,60,78,33,53,39,47,94,48,81,90,57,96,78,81,41,39,80,76,92,52,65,32,72,45,30,51,38,70,96,86,57,73,72,31,59,49,95,52,36,59,52,48,44,76,48,74,74,93,52,86,94,37,58,34,76,53,76,41,68,74,57,85,70,32,40,67,45,52,90,98,79,97,64,75,33,92,70,36
56,90,67,87,44,46,47,93,92,55,31,42,46,31,91,50,44,83,94,66,89,37,83,77,70,64,46,84,64,57,67,50,65,51,34,49,39,94,94,66,49,45,52,54,57,45,62,97,63,89,85,93,81,78,97,67,85,92,68,71,90,80,53,51,42,87,58,82,77,53,67,59,46,60,89,84,32,43,74,82,90,64,33,30,31,41,53,46,75,55
97,30,98,40,81,82,77,37,78,50,80,95,86,53,58,40,42,40,86,36,55,30,68,38,53,96,51,71,95,46,50,77,30,50,78,88,97,91,53,95,76,98,82,75,58,97,68,79,76,94,41,68,42,52,58,64,98,79,41,95,32,45,87,63,60,46,70,42,67,91,73,58,78,90,38,78,42,48,72,89,62,70,46,84,36,52,47,65,34,51
51,98,94,40,36,64,75,84,61,74,57,70,54,31,92,84,64,67,52,39,40,84,53,81,87,49,42,59,46,39,45,62,85,87,91,52,93,54,71,93,87,92,58,43,80,86,34,70,50,81,82,40,56,91,74,88,75,42,53,91,46,72,67,98,81,98,52,70,47,60,64,90,90,52,35,31,87,95,62,72,52,89,75,40,64,57,31,92,91,98
34,68,56,45,34,64,79,51,31,43,96,85,87,48,89,37,96,31,95,80,93,39,67,93,75,86,43,54,91,59,52,40,83,66,61,63,83,62,72,75,54,53,43,91,65,58,76,54,49,96,87,34,33,41,46,34,34,67,67,45,70,62,74,92,33,68,97,61,63,49,74,31,85,66,48,39,46,86,86,64,60,33,59,88,55,37,36,90,89,98
39,38,39,78,54,61,71,47,52,34,58,31,36,68,96,96,31,49,46,33,58,57,31,62,63,57,40,88,82,38,38,69,74,47,40,45,97,32,34,56,40,32,59,86,31,39,37,52,33,44,78,76,68,78,52,78,68,85,95,61,30,70,37,84,57,30,85,64,59,81,53,48,49,47,62,97,33,97,41,37,41,77,76,78,69,87,44,64,87,53
39,94,38,39,58,98,88,39,37,88,54,91,38,41,76,32,88,95,60,79,62,54,80,31,35,85,55,49,77,87,79,80,71,83,89,67,40,71,48,69,62,71,97,64,41,51,30,93,68,47,61,96,69,81,72,47,38,79,97,35,32,85,32,70,96,36,30,46,92,59,85,31,98,35,65,72,78,74,95,40,89,42,91,46,96,45,45,34,54,41
79,74,51,54,53,95,48,50,67,48,73,74,95,61,81,77,67,53,96,93,88,82,79,34,91,71,41,90,86,51,93,89,72,93,85,83,70,54,40,41,71,79,49,39,74,61,52,43,34,86,63,54,38,83,90,50,46,54,53,33,73,39,34,89,55,35,32,82,31,72,45,92,51,80,90,61,63,84,40,82,84,36,83,42,67,96,93,33,46,30
75,66,41,92,69,51,37,87,63,40,74,77,68,51,66,60,33,50,72,49,39,54,49,58,91,55,54,74,30,46,81,33,72,93,79,48,81,72,43,34,48,62,60,34,40,89,38,90,48,84,54,96,49,36,84,94,85,53,38,85,54,94,60,41,82,69,95,41,65,70,51,75,81,82,43,65,37,45,31,71,60,87,64,38,57,94,71,79,63,41
68,74,92,49,47,92,48,50,37,59,98,90,94,69,83,91,96,52,90,51,75,65,98,59,98,49,56,92,47,83,51,48,95,48,53,32,62,93,62,78,65,85,55,72,81,68,70,58,43,61,66,51,77,48,61,77,71,72,59,97,34,96,44,94,43,44,73,55,66,31,43,62,82,85,80,97,33,73,47,72,78,53,38,95,59,74,64,66,85,75
76,64,89,73,84,50,30,54,98,94,97,88,35,68,69,43,60,69,32,64,58,86,35,82,36,63,49,66,45,44,77,36,48,82,77,35,89,39,48,74,61,78,43,45,88,96,73,40,84,87,75,41,64,33,55,58,57,36,61,30,63,64,80,36,54,31,74,60,52,72,44,47,84,76,36,40,57,90,67,85,54,49,41,84,60,75,60,91,41,64
79,66,76,56,56,38,67,57,91,88,34,50,72,74,80,61,74,80,45,77,57,63,85,48,73,37,57,44,64,73,67,72,98,34,85,44,92,86,92,72,52,89,49,89,53,89,80,63,69,78,62,42,50,63,31,41,36,37,84,47,79,91,88,72,38,35,36,53,59,39,62,76,98,39,94,36,44,95,56,34,31,71,82,78,95,31,87,77,47,41
89,69,48,36,76,39,48,45,55,36,94,66,43,59,41,50,45,65,62,49,42,65,87,55,35,64,42,98,42,33,70,88,76,51,96,94,65,56,80,87,39,71,31,83,45,94,39,51,97,63,40,93,53,41,44,67,41,55,42,84,57,42,40,45,38,70,53,33,87,41,33,74,34,64,33,49,53,50,40,79,92,73,36,46,44,73,89,42,44,92
96,96,70,53,55,73,65,93,98,72,91,73,33,93,35,48,30,56,90,64,73,59,90,96,50,72,63,98,53,32,45,98,60,49,67,58,76,76,65,38,33,77,94,41,78,67,88,63,53,32,70,50,42,30,35,58,58,68,32,94,45,44,90,66,36,97,66,96,70,33,52,50,40,33,70,67,46,56,50,54,50,57,58,54,78,70,46,54,35,56
41,77,76,68,30,41,78,71,65,91,94,40,79,49,33,73,64,85,85,72,58,84,57,58,52,95,48,44,41,47,78,41,83,68,96,80,36,50,94,54,68,87,89,34,79,50,56,68,39,59,52,37,92,49,96,54,41,42,67,65,46,70,81,69,59,92,75,87,48,69,67,45,64,39,68,35,81,72,66,62,36,69,71,39,84,68,91,50,61,58
30,73,61,88,66,93,79,96,98,36,46,36,63,46,66,74,71,88,56,78,37,52,97,51,72,62,66,88,96,88,90,32,68,71,87,83,40,48,32,39,38,91,74,53,93,37,90,32,64,59,92,66,88,54,45,60,56,61,52,42,93,95,35,37,60,54,72,40,49,57,86,47,59,93,89,35,84,60,96,72,79,78,46,84,95,33,49,36,56,72
83,76,58,60,62,88,77,89,75,86,73,73,30,85,95,83,81,67,57,38,86,71,72,87,75,43,59,67,70,59,50,57,89,90,80,94,94,49,69,91,57,40,73,49,64,76,39,33,45,74,47,42,60,76,39,50,94,79,57,63,49,42,73,53,44,87,46,87,68,48,91,88,75,44,78,63,55,79,92,84,55,40,56,96,34,49,49,66,55,68
42,92,85,31,77,60,98,32,63,60,34,66,81,39,97,89,84,59,52,42,59,69,62,71,90,75,65,81,58,30,49,90,88,68,46,77,73,74,72,35,91,94,76,88,38,63,88,51,77,34,90,45,38,76,59,73,37,68,45,57,49,48,43,79,51,30,51,67,57,89,79,73,96,41,35,47,93,81,54,95,58,51,65,35,39,58,44,69,57,74
58,57,40,91,36,83,51,60,86,32,78,69,63,97,54,33,60,59,71,79,62,87,52,61,62,61,89,35,44,61,76,96,61,87,88,54,56,68,60,89,33,93,91,74,67,58,66,46,32,55,41,82,80,91,55,80,51,30,83,35,70,86,94,44,80,32,51,33,78,53,43,66,41,80,66,69,56,61,44,38,49,37,36,64,51,90,35,65,30,94
52,64,68,78,84,67,39,80,75,71,34,53,85,95,70,43,65,54,51,87,46,57,85,95,37,85,37,34,49,88,61,38,61,55,71,89,73,90,91,70,52,40,92,39,55,90,79,92,31,45,42,50,47,49,81,89,53,37,94,31,48,47,59,62,58,74,41,96,75,38,37,40,33,67,73,30,57,94,97,94,59,54,56,70,80,62,63,32,66,63
55,33,88,92,88,86,96,78,44,87,59,79,30,32,47,89,86,58,55,64,63,95,39,69,58,37,30,42,51,62,96,34,39,56,38,48,47,88,70,50,43,63,96,45,51,73,98,65,70,50,59,94,79,78,53,77,32,46,30,66,53,32,80,52,52,76,81,65,35,65,56,32,72,98,51,39,70,41,36,87,44,85,59,72,38,93,89,75,63,70
39,72,94,98,32,72,78,64,47,95,81,78,68,91,97,48,84,67,52,58,93,67,66,89,83,69,34,81,52,81,37,67,97,44,37,96,91,76,86,59,49,66,56,52,34,55,67,88,82,75,42,98,45,74,30,59,61,56,70,40,49,98,73,69,83,33,57,43,34,87,96,84,43,41,97,95,45,50,90,72,52,38,60,86,83,88,72,86,97,43
64,40,56,37,36,70,77,37,62,59,57,81,86,54,59,63,79,85,98,63,44,91,49,72,88,68,58,80,79,83,78,95,44,97,85,79,84,80,78,51,88,81,41,95,72,89,83,54,63,80,86,93,45,31,39,82,60,81,45,94,55,40,62,88,62,41,97,70,63,80,47,72,37,46,64,94,33,75,33,84,42,96,80,51,74,82,74,74,53,52
58,74,68,53,34,82,39,85,43,40,47,46,40,32,46,56,78,65,55,32,42,69,39,35,72,55,70,87,76,60,33,51,65,86,66,46,42,85,58,70,79,60,72,97,71,42,53,62,36,72,36,50,75,94,80,34,87,83,49,98,57,71,47,47,30,79,60,72,79,56,71,34,56,89,79,38,62,31,76,68,64,81,56,42,42,57,92,95,74,68
83,89,56,85,94,68,55,65,39,72,55,58,61,46,50,49,95,88,74,31,72,72,32,42,42,70,65,52,63,59,79,58,98,55,73,55,64,86,47,61,63,32,38,65,78,97,80,78,74,61,88,70,53,59,48,97,35,56,74,63,56,59,68,91,93,33,33,90,57,83,55,64,47,88,56,79,85,31,37,83,57,65,83,44,98,87,54,33,73,71
59,43,90,30,68,71,41,32,80,75,78,93,70,57,75,47,87,40,77,81,42,53,91,95,61,80,83,94,49,66,96,64,65,89,83,44,40,76,84,85,92,78,46,65,97,56,89,69,74,82,74,79,90,91,86,58,89,35,34,54,48,56,43,55,37,40,48,64,54,47,81,50,55,80,69,49,47,35,85,75,70,74,60,68,30,36,50,72,70,93
56,62,48,50,73,38,87,71,87,53,86,85,50,44,59,39,37,60,96,70,48,59,77,65,83,57,32,49,56,46,34,34,59,44,63,96,81,74,81,30,50,31,55,87,54,95,77,81,46,40,92,45,64,78,98,49,40,81,62,36,86,58,52,82,57,38,80,62,33,68,41,84,71,47,74,89,57,48,81,76,68,48,50,48,69,77,87,55,41,72
62,78,88,56,79,37,48,75,63,58,84,95,68,44,72,89,74,68,81,35,84,31,54,89,64,46,50,39,78,80,97,91,68,58,84,33,76,72,86,95,48,53,57,98,63,77,62,40,33,38,66,56,87,85,45,60,82,98,35,61,38,69,89,84,92,60,94,92,68,51,77,74,48,75,78,70,39,79,41,54,53,58,96,65,34,41,68,47,51,64
72,67,79,75,50,76,74,93,86,57,45,39,52,62,83,88,85,42,78,30,64,61,89,30,37,31,41,84,75,71,66,91,43,92,51,59,32,97,36,72,56,48,83,66,44,43,37,97,79,32,69,36,57,46,70,38,85,42,65,39,39,42,33,49,88,54,80,78,81,68,69,45,45,38,62,58,48,97,57,71,48,90,71,95,72,67,55,60,32,61
51,77,31,34,55,63,41,55,35,92,34,41,63,52,56,48,73,97,39,42,52,50,92,80,78,54,33,66,98,30,96,86,56,68,39,64,84,89,55,52,42,48,55,71,92,68,79,61,55,63,46,93,43,79,97,87,45,37,70,46,80,95,74,64,94,66,76,53,85,60,88,53,92,58,47,76,53,77,91,97,32,48,34,91,31,50,96,85,70,84
81,83,73,35,71,30,77,36,81,82,56,59,41,73,66,86,67,45,76,36,36,37,75,71,74,88,78,31,63,90,45,30,65,59,68,36,47,64,90,76,93,94,36,63,47,38,98,77,46,95,45,50,35,31,44,49,41,82,75,58,45,76,96,39,39,92,52,49,65,92,79,58,50,65,38,33,49,34,95,82,73,79,82,70,51,37,46,52,93,61
58,73,60,48,60,86,62,47,67,55,84,44,46,90,54,80,38,89,32,79,52,32,76,62,89,62,44,82,76,92,95,85,38,58,68,77,95,77,63,50,71,51,59,68,83,83,77,36,39,46,59,76,69,35,72,59,79,62,54,79,54,43,61,46,83,54,51,81,62,69,47,31,95,66,91,70,77,75,46,87,64,94,79,43,54,71,49,44,42,41
71,46,56,33,51,63,92,35,57,54,48,94,36,96,56,72,68,92,58,39,47,70,37,80,90,90,73,75,90,63,83,94,96,35,80,56,36,53,31,64,87,50,80,33,46,97,65,63,53,43,90,53,98,76,71,77,54,39,81,56,43,95,77,33,98,46,66,34,37,53,45,32,47,66,71,70,45,40,78,43,46,66,42,35,87,73,41,81,64,40
91,59,36,42,85,87,90,34,46,30,97,31,88,53,56,74,70,83,55,32,68,60,93,80,92,53,52,55,45,88,60,47,90,77,78,79,72,33,43,58,51,98,62,71,41,97,58,76,62,83,57,38,40,53,49,78,81,39,57,75,52,44,72,64,86,55,37,68,54,59,50,70,52,41,75,38,61,74,70,71,67,46,74,38,39,46,76,39,39,71
95,48,92,71,45,63,69,63,83,38,97,39,54,61,30,39,87,38,31,44,39,93,77,38,64,76,71,50,43,37,75,38,89,93,74,57,48,32,56,57,64,37,65,65,36,58,43,80,62,58,77,60,67,50,34,77,40,91,82,97,95,59,85,41,83,44,67,48,44,87,43,88,98,58,41,93,41,50,65,44,39,69,42,55,94,52,39,62,90,71
73,30,41,75,67,96,90,58,48,47,94,81,62,86,84,35,63,73,76,33,38,87,49,85,98,88,74,45,49,87,73,36,45,53,75,38,43,98,61,83,34,76,40,51,59,43,37,54,51,75,58,36,75,33,38,63,88,60,42,47,72,71,96,85,52,81,69,56,69,93,61,40,81,82,31,82,77,48,82,93,38,30,72,78,49,65,53,62,92,63
82,93,33,44,79,36,71,55,51,42,59,46,66,62,47,57,62,32,89,63,52,74,77,89,62,82,41,47,68,47,77,65,91,73,63,32,91,79,92,84,53,40,70,73,76,96,84,41,43,55,82,86,34,82,90,79,53,34,76,62,36,89,71,81,36,93,48,39,61,40,84,55,95,95,95,82,69,89,52,61,37,33,51,95,88,75,39,75,56,67
53,59,59,38,54,86,79,33,75,89,31,40,33,87,41,74,30,61,98,90,84,62,53,70,52,70,72,75,38,84,40,76,41,94,71,30,73,42,34,65,56,83,52,31,86,83,45,57,82,42,30,71,66,54,34,39,48,32,66,51,48,40,45,73,62,85,72,71,60,78,86,98,98,86,96,50,74,60,94,90,55,50,35,47,37,77,48,95,68,65
71,60,44,95,60,68,97,85,98,36,65,59,79,44,31,67,98,86,91,59,55,84,50,42,33,89,80,35,51,76,51,38,84,93,89,40,50,66,42,77,52,78,44,77,71,65,33,47,39,97,65,34,41,38,89,60,64,94,48,93,62,62,40,83,85,65,40,66,40,91,89,67,46,61,53,44,37,41,85,43,87,64,39,42,37,44,49,75,40,86
88,60,46,51,91,90,35,96,81,80,82,92,67,38,41,62,33,54,49,89,75,79,51,41,52,34,95,31,43,83,77,72,44,82,33,74,94,53,82,30,88,86,77,88,51,50,81,97,60,30,89,59,34,69,97,82,68,51,60,86,67,98,79,72,78,53,63,48,87,63,53,57,87,80,71,78,67,90,97,52,75,98,70,97,95,72,68,32,55,92
50,43,84,53,47,75,79,50,85,46,83,83,57,60,60,60,36,89,90,82,59,55,66,86,69,51,75,57,58,60,30,49,86,54,52,52,50,39,84,36,81,45,87,38,38,37,53,72,97,38,73,78,90,50,30,48,63,97,63,61,58,30,46,82,59,72,68,83,33,74,44,79,43,98,98,31,70,37,72,73,83,48,72,71,45,47,64,73,42,42
67,70,57,96,98,34,66,87,34,45,98,63,94,91,35,80,91,73,56,56,92,86,70,83,87,74,65,38,53,69,92,81,41,87,82,57,62,36,48,73,74,37,63,59,34,62,43,53,75,54,48,88,87,54,85,43,93,58,83,30,76,72,81,38,71,40,52,42,52,88,68,86,66,89,63,85,39,52,37,91,58,92,30,42,43,93,56,43,80,36
40,67,95,35,58,71,40,78,86,61,46,93,77,62,41,45,84,64,95,49,73,91,78,40,36,66,49,97,55,54,65,94,88,46,88,96,88,50,95,65,95,31,95,69,56,95,77,40,62,68,92,85,62,96,61,34,89,73,30,81,51,88,32,42,39,89,89,64,57,70,47,72,52,67,36,61,97,89,32,91,48,68,55,48,56,96,44,83,81,50
46,30,62,74,60,54,36,34,58,53,38,52,81,34,85,91,30,66,74,38,83,62,55,79,53,33,32,87,90,93,41,49,80,52,45,93,38,83,93,77,64,75,81,77,68,94,51,81,67,57,71,65,73,59,65,42,62,41,45,59,37,76,54,97,45,55,71,46,74,32,89,57,96,94,40,42,46,54,81,74,33,45,50,63,97,38,70,85,39,30
82,73,44,90,83,84,93,73,88,35,73,58,58,45,58,57,66,62,69,82,66,83,70,77,67,98,50,93,36,96,80,76,80,34,51,46,80,75,57,62,62,88,96,31,49,90,94,41,74,81,37,43,60,90,93,40,65,45,43,96,43,33,42,48,54,75,88,55,98,57,64,51,33,36,89,70,80,31,77,73,73,95,83,59,33,56,69,39,74,30
58,62,30,64,83,62,93,74,34,75,81,45,49,51,95,78,42,71,93,41,77,83,30,77,37,70,50,83,78,80,56,90,63,71,98,49,57,33,91,77,52,75,71,73,60,64,63,75,51,93,42,34,58,45,71,62,48,61,65,43,63,87,67,40,32,74,30,58,33,63,38,41,72,49,60,32,33,79,50,72,47,57,96,83,98,39,78,83,78,39
49,51,47,70,39,88,49,53,96,76,40,79,61,52,70,50,88,52,84,80,36,69,83,65,80,83,80,94,43,40,71,84,94,65,49,53,81,41,64,72,71,67,71,53,92,67,52,36,36,98,80,61,88,82,70,52,42,63,71,69,72,41,36,98,74,54,75,98,98,89,86,78,71,60,83,77,30,35,64,65,88,67,94,96,77,82,84,51,51,92
76,50,45,60,56,72,33,55,75,56,79,50,73,70,98,46,50,75,52,59,43,33,63,38,92,93,44,39,72,43,32,50,54,90,96,40,48,72,31,75,67,87,30,80,80,77,63,33,93,68,63,33,53,78,36,33,81,54,59,46,47,97,73,76,44,91,89,61,55,96,45,92,71,35,59,42,53,68,88,71,45,31,63,71,56,80,90,94,33,94
86,57,36,42,91,75,76,50,66,43,60,91,48,89,34,70,83,94,57,42,50,53,90,50,59,80,68,76,65,45,44,50,60,30,91,91,61,72,48,50,39,52,32,34,88,60,43,66,72,42,81,31,47,44,88,55,81,69,75,47,81,67,90,86,62,78,79,55,47,36,53,63,98,47,49,67,61,83,62,87,33,97,40,80,52,95,42,64,45,53
75,80,50,44,77,66,40,35,87,65,66,74,34,31,96,65,93,56,56,72,82,96,82,65,55,50,92,98,67,78,84,85,41,82,90,79,41,54,49,37,91,84,39,88,33,34,51,53,68,62,91,30,30,55,71,72,86,96,89,34,63,46,45,83,82,60,61,58,41,51,77,81,87,75,62,57,88,45,56,44,57,40,81,62,81,43,63,44,79,97
55,52,82,80,86,59,86,34,86,49,32,38,74,32,92,68,30,42,44,41,84,42,53,59,44,67,90,51,51,34,61,58,97,54,36,34,31,69,35,55,36,44,59,53,90,55,44,47,47,51,56,53,82,93,64,49,52,36,60,73,44,42,30,98,46,75,88,55,37,89,72,64,85,42,73,94,41,49,33,93,98,91,81,78,84,52,84,81,37,76
69,91,49,87,87,42,92,91,75,47,92,32,70,86,37,31,79,87,53,60,57,87,48,40,68,59,67,62,69,58,63,45,70,98,50,88,53,57,70,36,59,88,58,76,57,58,60,35,94,51,46,53,46,62,93,92,87,30,43,34,53,71,34,92,58,66,63,61,67,81,52,64,96,43,74,92,59,74,90,49,73,55,30,39,63,42,97,33,95,49
70,97,61,67,65,39,71,96,48,73,50,69,91,55,40,94,97,85,72,89,45,85,46,44,77,88,72,80,34,80,85,59,66,34,69,58,34,43,65,51,84,96,63,61,85,48,94,60,31,63,51,74,40,60,66,64,58,49,45,91,38,55,78,91,71,44,32,79,83,96,60,78,79,35,59,79,75,39,64,93,65,43,41,98,47,45,76,68,67,56
50,43,53,59,34,41,46,58,95,49,68,86,79,78,88,67,80,64,37,55,33,40,64,39,53,85,35,66,30,93,46,57,53,94,73,77,91,68,55,47,51,87,44,89,71,95,85,35,52,88,34,46,94,41,51,83,97,71,85,93,77,89,49,69,65,67,97,89,95,70,62,51,41,60,69,49,53,47,62,47,34,57,58,68,96,58,48,78,84,59
82,46,34,58,30,67,78,45,64,89,69,92,36,93,59,43,38,43,88,68,64,91,96,81,53,78,48,37,53,42,62,68,91,31,49,84,36,30,92,42,90,75,35,74,37,98,43,43,52,67,60,66,46,75,71,44,62,85,87,88,78,37,61,67,61,55,57,90,47,88,42,94,74,32,74,74,74,46,83,30,75,83,52,89,58,31,74,95,34,32
46,74,94,48,67,38,75,79,49,83,73,33,41,74,43,34,49,45,92,57,76,97,50,77,47,59,64,92,79,92,66,52,65,97,82,46,46,85,56,88,59,98,47,60,93,57,39,75,85,42,49,70,85,73,54,38,86,82,39,38,69,90,47,83,68,56,75,51,95,47,46,75,45,54,73,93,85,63,58,62,64,80,82,52,58,94,30,71,65,50
49,41,30,97,94,40,44,48,32,95,91,45,33,50,57,91,53,94,55,31,50,56,37,39,70,67,98,86,43,77,79,65,89,57,60,81,34,49,55,65,83,82,91,61,31,60,72,38,52,62,44,77,58,74,93,41,62,63,95,70,65,85,73,37,52,86,51,32,48,91,61,42,77,89,40,47,71,44,51,32,55,68,96,66,86,79,63,75,43,35
96,32,93,98,98,59,94,94,53,43,82,74,42,75,86,67,84,92,48,63,65,72,30,47,76,38,77,32,78,94,45,69,80,84,48,98,44,50,74,55,55,34,82,43,80,31,64,45,45,65,85,32,79,80,94,89,92,82,63,98,83,30,39,74,36,75,66,35,30,30,71,30,34,77,53,64,77,45,90,75,31,38,77,86,69,79,59,53,71,54
84,88,79,64,95,64,91,32,45,41,68,49,65,89,52,81,89,91,66,42,76,31,96,37,40,87,65,38,38,93,55,46,40,83,72,52,51,31,37,74,86,76,86,65,77,55,36,48,73,88,93,63,48,66,48,54,42,66,45,94,77,70,39,45,52,73,45,91,34,58,65,37,70,61,39,60,78,31,36,69,59,35,31,36,31,81,54,55,31,37
41,59,37,88,74,39,47,76,65,57,88,42,71,49,60,39,50,90,76,87,88,80,59,42,78,32,41,89,98,57,95,76,88,88,36,98,72,94,81,55,79,50,52,80,84,77,71,65,93,84,97,49,53,92,80,60,37,52,74,92,70,78,76,37,93,64,96,75,96,90,62,41,58,74,39,90,84,85,32,94,94,89,90,63,63,61,79,94,62,70
52,84,59,55,31,34,31,98,98,59,85,52,61,57,33,44,48,48,83,39,73,56,34,69,71,45,78,81,41,74,67,44,61,60,95,54,54,81,37,39,71,37,58,62,96,93,77,37,83,84,52,89,79,41,68,78,98,54,31,84,72,77,93,36,98,89,92,48,82,48,38,86,94,52,59,94,90,68,42,73,45,70,42,87,79,54,68,98,85,90
68,73,56,60,70,97,69,52,31,53,40,50,49,76,83,39,87,54,97,50,98,40,36,63,40,37,78,81,63,44,85,67,50,87,70,36,66,94,32,61,80,31,46,38,60,56,34,86,43,94,36,53,83,93,38,94,71,69,44,31,57,67,49,61,63,98,79,61,45,89,78,60,42,76,59,66,70,86,70,34,95,41,66,92,38,57,72,38,94,58
30,74,32,68,86,83,36,46,55,66,46,39,97,33,70,50,53,44,86,83,96,56,67,53,37,33,63,40,88,32,46,87,31,65,67,62,81,90,71,71,51,95,34,55,67,88,75,80,35,85,53,39,88,34,73,49,79,73,73,88,38,60,89,86,97,78,44,72,66,87,54,35,95,31,37,65,62,51,94,47,65,89,48,74,37,34,39,61,65,46
87,72,94,46,98,58,42,75,53,40,40,50,51,81,72,56,93,31,57,42,35,52,58,83,71,51,49,78,77,36,52,72,94,43,58,71,79,83,43,92,56,67,83,42,53,43,55,71,78,35,39,84,82,76,77,50,31,92,72,55,94,66,53,87,94,71,53,61,41,31,54,46,72,37,57,81,41,66,54,86,71,82,61,68,71,43,97,93,86,45
84,42,80,44,53,44,92,51,36,67,87,40,68,47,93,59,86,50,39,49,98,94,64,82,46,87,63,43,38,81,87,44,82,60,48,73,85,40,36,40,44,56,80,51,54,56,94,80,39,67,83,73,45,56,77,87,86,75,55,49,58,83,93,33,84,62,86,74,86,53,60,71,32,61,83,55,60,62,97,85,33,82,74,75,72,64,76,71,38,82
87,30,59,30,54,97,88,73,79,48,46,98,46,57,47,64,78,46,31,72,70,68,46,81,34,77,56,58,35,52,83,46,53,62,78,69,86,85,65,51,93,70,63,83,97,83,30,82,84,65,80,55,44,31,86,30,63,67,60,94,68,38,39,32,77,55,54,76,51,69,32,37,72,38,81,63,51,50,31,98,58,50,71,36,36,44,78,51,46,37
40,74,40,81,61,75,82,90,95,44,35,47,68,48,34,35,39,91,96,41,64,30,70,41,44,95,73,63,77,97,58,57,57,53,72,42,89,95,67,95,65,70,78,60,84,86,98,62,52,90,92,69,44,86,33,81,55,87,33,35,70,91,30,75,69,58,77,92,61,93,49,46,80,85,32,72,30,84,79,86,98,65,47,44,31,46,70,89,50,75
79,69,73,72,94,38,58,87,36,77,47,31,70,51,53,77,31,35,30,88,59,62,34,82,30,61,75,93,37,47,61,92,73,56,87,35,96,41,88,70,42,58,62,40,50,78,73,86,93,62,58,67,35,85,52,40,61,97,96,91,39,33,83,94,41,45,87,77,71,96,71,70,47,47,71,75,95,92,51,81,34,72,61,40,87,68,69,95,81,66
89,92,96,68,92,94,56,47,68,51,83,80,65,50,40,97,72,90,68,76,42,55,76,93,80,34,70,48,76,36,56,87,52,37,65,93,95,74,34,64,82,52,93,86,64,60,44,78,81,73,69,38,53,30,77,51,65,90,34,61,62,62,55,74,72,65,55,73,69,60,76,61,81,77,84,82,30,67,42,60,51,47,85,31,64,44,79,38,69,50
55,76,52,33,85,75,65,36,50,32,65,68,61,41,70,85,87,92,44,47,62,94,55,69,80,83,48,41,60,44,58,47,83,59,59,92,73,80,60,42,78,73,68,76,93,49,43,45,88,41,87,96,53,40,43,31,76,36,65,49,60,31,42,73,93,82,54,32,58,82,79,54,75,60,73,41,56,51,77,36,30,71,77,80,93,67,91,55,87,74
71,91,38,32,36,34,94,64,93,92,39,96,78,93,51,53,69,52,68,86,42,40,59,44,92,85,79,46,86,83,74,84,38,67,80,35,34,65,31,79,68,41,55,41,77,32,39,71,97,97,74,55,64,59,34,97,48,90,36,58,62,61,45,55,45,92,42,41,61,64,93,31,41,72,53,60,81,88,78,70,95,87,39,80,87,65,47,70,98,72
45,87,44,55,39,50,79,71,89,39,30,47,77,90,90,79,36,52,90,42,76,60,75,33,64,83,51,31,83,47,42,52,73,77,47,37,35,86,74,66,98,44,66,77,45,87,66,48,49,90,40,86,64,54,97,63,79,45,66,57,63,50,73,95,68,60,45,61,69,75,71,90,36,81,85,71,92,74,89,61,32,84,63,49,44,40,87,55,96,49
30,66,73,83,86,86,41,58,36,50,71,65,58,68,57,96,78,97,63,52,71,31,92,84,49,84,80,77,65,45,84,79,56,86,50,97,62,77,67,61,78,78,81,54,63,92,93,94,84,39,44,45,79,74,55,30,84,88,53,33,51,74,67,30,79,41,91,58,43,75,34,37,88,65,63,83,37,38,74,80,38,33,80,40,89,69,36,60,49,44
69,44,50,31,57,74,73,41,77,71,83,75,31,82,67,36,81,60,85,77,92,97,57,50,34,55,49,49,56,33,86,83,55,38,75,36,94,44,42,93,47,43,34,70,73,80,42,43,89,82,41,41,67,75,73,47,93,59,60,86,86,73,89,81,89,61,51,53,68,74,30,52,37,98,35,65,46,71,48,55,74,96,75,69,80,44,53,92,53,77
50,91,89,69,34,49,67,42,75,67,37,56,30,83,36,54,33,58,86,72,40,82,64,85,46,34,54,32,63,37,87,38,89,39,92,92,47,41,31,88,66,89,51,68,77,43,40,74,53,50,36,84,79,65,79,75,66,83,56,92,69,65,50,60,39,93,43,83,57,71,50,57,49,96,91,64,50,67,68,57,35,95,50,78,78,69,74,61,39,52
39,90,45,63,55,33,38,86,35,43,77,60,55,76,86,78,90,78,33,51,82,83,41,35,92,33,33,52,58,60,55,79,38,34,81,91,95,58,67,78,81,32,70,96,87,73,58,94,51,97,46,38,44,47,65,94,70,81,37,98,60,51,93,67,31,79,39,68,39,78,64,63,66,51,41,74,69,45,36,83,40,50,68,70,63,52,63,88,67,36
90,89,83,82,93,70,70,62,76,57,43,36,88,39,34,40,49,55,92,59,36,72,93,57,41,72,74,78,84,34,66,57,83,93,32,96,62,63,31,63,69,41,32,82,45,56,65,74,42,54,94,49,61,68,82,59,58,30,64,87,93,82,52,91,91,83,50,32,34,45,89,92,32,38,46,69,34,47,74,92,85,84,70,86,65,58,77,85,94,38
84,46,52,46,55,53,88,82,62,69,31,59,30,94,43,96,60,94,34,71,77,61,59,64,56,49,94,62,33,72,51,91,74,61,79,68,62,52,53,38,57,78,78,35,69,42,31,68,64,59,80,46,52,37,77,74,32,43,39,33,94,82,30,62,85,68,87,41,67,56,42,54,42,69,45,83,38,43,48,39,73,40,38,95,83,71,72,31,83,57
82,41,66,38,59,38,65,69,66,96,43,42,93,31,74,44,87,63,43,88,64,66,51,89,97,98,88,34,92,45,72,98,89,96,67,80,83,74,54,55,33,69,97,95,72,35,83,89,73,81,60,70,46,80,80,95,64,49,88,96,47,93,49,95,86,46,65,96,92,82,51,59,98,51,81,78,31,60,82,63,92,95,90,65,60,83,58,39,71,75
79,83,41,83,76,31,67,32,82,79,74,67,82,88,66,32,73,93,42,65,93,80,65,43,71,60,30,57,37,77,73,58,33,42,32,89,91,70,69,64,84,95,90,81,77,69,79,38,63,54,77,68,38,39,62,32,82,54,46,56,93,56,58,84,57,36,73,48,80,88,44,81,61,77,81,54,73,54,79,94,52,95,75,87,86,82,94,50,81,32
58,30,89,70,87,44,78,53,43,67,69,40,86,50,50,82,97,41,87,82,41,30,85,96,70,68,34,65,41,67,70,89,81,50,69,86,53,41,31,88,68,85,51,79,64,37,33,39,46,45,56,84,90,75,73,77,82,82,43,52,59,86,35,90,97,41,86,58,67,35,61,30,47,35,31,77,30,32,42,49,83,35,94,66,71,52,47,60,81,33
75,95,58,91,57,88,51,93,51,59,37,65,66,78,60,90,43,71,35,87,60,88,54,40,93,58,53,49,43,38,43,77,96,87,97,88,95,66,79,35,73,87,31,91,63,54,91,67,86,73,63,65,74,60,34,97,79,48,87,65,41,72,69,84,90,68,78,94,88,51,47,95,32,89,90,93,79,47,87,37,56,77,32,51,33,93,84,55,71,72
52,42,85,97,89,61,97,36,46,91,95,87,57,40,97,77,79,44,78,87,91,97,77,71,86,94,72,46,71,86,39,35,84,70,31,69,64,80,77,35,57,74,61,33,79,88,83,79,74,72,71,54,97,88,37,47,34,47,68,31,71,80,52,67,45,84,89,60,40,53,89,73,74,43,88,77,35,85,89,88,53,62,50,33,49,54,42,91,61,50
67,36,35,70,65,78,46,75,78,46,47,93,30,86,53,55,43,97,57,95,44,32,37,73,73,87,49,51,31,86,63,35,51,39,76,74,36,91,48,94,80,87,52,39,90,83,34,68,38,57,89,77,77,50,77,41,46,55,41,92,83,45,91,64,43,70,34,52,56,85,93,84,76,71,34,30,79,95,48,70,62,50,34,56,96,54,96,39,84,63
67,36,36,56,65,34,37,64,58,54,56,90,64,91,56,78,38,54,94,71,45,37,89,40,84,46,48,62,31,62,74,59,50,40,30,98,68,70,76,77,62,74,63,69,49,38,54,34,65,80,42,40,57,45,84,95,50,60,59,89,60,66,86,39,78,91,51,35,42,92,97,30,69,54,94,82,39,47,38,68,69,61,46,57,71,95,50,37,71,97
96,97,95,84,43,53,78,62,81,77,32,91,41,55,93,49,62,49,30,91,61,39,95,37,39,37,79,75,79,70,49,44,40,65,58,68,42,95,53,89,62,33,63,41,72,59,78,73,58,81,87,51,38,43,95,67,87,49,97,37,57,45,72,43,70,35,65,90,34,80,86,81,40,63,71,92,77,78,57,91,97,48,91,40,70,94,44,84,39,91
56,36,42,58,41,50,59,45,89,50,46,42,95,76,95,87,80,91,53,57,47,73,97,74,54,48,91,59,62,40,55,53,31,86,58,57,61,38,42,71,46,72,42,84,62,67,65,36,64,36,65,51,66,91,62,76,39,86,58,42,47,92,80,57,58,43,80,64,59,95,79,88,42,51,64,46,38,78,32,73,95,98,38,75,83,74,71,63,52,58
79,47,74,57,68,92,67,74,89,72,76,98,93,35,32,72,53,65,77,46,98,60,44,54,48,66,48,73,93,72,90,47,68,69,52,60,79,52,30,43,64,39,53,77,64,40,75,42,83,58,42,87,57,37,61,60,96,51,98,71,47,54,82,54,61,37,40,44,84,32,61,78,78,65,70,37,96,61,33,47,72,62,93,50,79,91,34,38,55,69
81,97,47,73,54,46,69,40,76,59,94,50,76,81,42,80,35,74,96,46,89,38,37,40,51,53,39,56,44,42,31,44,34,63,72,49,83,44,51,82,68,64,58,60,45,94,38,62,86,95,85,30,91,30,67,93,83,43,69,68,55,72,86,48,72,42,97,89,79,43,58,63,95,83,60,58,97,75,47,98,93,60,35,31,78,53,41,75,62,47
88,39,73,57,39,91,76,86,66,35,83,70,45,54,67,83,77,91,69,83,84,32,33,75,88,88,95,88,74,50,79,65,41,57,39,95,74,97,70,61,93,59,86,65,50,91,69,93,86,55,57,32,70,67,40,87,78,98,97,71,95,85,97,36,72,54,88,52,34,71,55,80,58,35,73,40,31,63,81,96,67,67,94,90,85,91,97,43,73,56
54,57,90,33,74,41,65,76,54,60,82,42,37,43,36,43,60,96,95,70,34,50,46,88,68,42,90,55,47,91,81,37,50,62,40,63,82,32,64,81,88,56,89,97,75,77,42,45,36,84,82,79,30,81,65,59,63,42,40,46,69,41,48,41,55,56,77,37,78,93,45,64,30,88,37,84,31,39,67,30,68,52,87,69,57,93,66,68,67,72
51,41,50,65,47,84,33,60,88,38,95,70,33,76,96,89,84,66,83,87,41,76,51,59,89,30,47,71,30,81,38,42,73,64,65,81,30,68,36,84,43,83,78,89,76,45,56,46,58,84,65,33,61,81,63,73,58,36,68,43,34,30,92,96,97,78,44,58,74,94,44,32,52,34,50,48,58,56,95,56,37,82,54,77,59,76,95,71,98,92
80,38,49,67,86,35,52,79,44,86,81,30,37,56,89,56,42,38,85,79,33,49,55,77,60,45,31,43,40,59,62,66,60,86,56,43,45,55,74,52,41,45,70,61,38,83,75,79,80,52,56,81,43,80,55,41,71,35,55,81,87,63,68,97,70,79,95,56,64,76,51,96,47,58,78,80,52,34,52,90,95,35,69,72,44,40,90,37,62,93
64,89,47,95,58,41,98,70,56,37,54,93,68,82,84,66,52,53,88,58,83,93,43,38,78,51,95,94,84,48,84,78,78,44,67,96,59,66,52,92,66,72,92,87,69,61,43,56,76,61,97,67,88,96,34,91,47,87,73,75,80,73,98,69,78,45,77,60,47,45,91,46,62,86,76,80,90,48,81,59,85,66,75,75,40,42,92,51,64,44
72,78,74,53,68,65,82,44,63,80,47,54,69,98,57,92,95,78,51,91,66,97,83,81,56,49,38,50,81,49,50,35,66,67,73,39,31,76,66,79,83,38,41,49,58,57,35,92,54,91,96,83,96,45,55,92,46,85,62,95,85,63,59,47,95,77,39,97,50,59,49,71,71,83,82,33,87,80,62,88,70,45,62,43,50,89,56,93,67,83
68,92,31,39,48,43,69,56,75,96,90,64,84,47,38,78,92,65,35,57,96,87,68,85,62,30,62,36,89,85,96,93,90,31,45,51,96,91,88,65,54,87,48,32,91,61,41,88,48,73,86,67,79,82,63,76,47,44,53,33,66,32,82,94,69,52,59,74,32,92,58,53,76,66,46,34,88,95,95,98,96,90,86,43,58,94,42,38,30,62
70,37,80,97,81,91,92,57,59,48,76,32,54,78,56,40,33,61,34,57,69,65,67,53,38,49,74,36,41,63,61,31,39,94,66,38,59,61,69,95,84,46,53,96,53,86,85,42,77,40,40,92,75,63,78,89,71,34,56,64,98,37,86,42,38,79,47,55,33,49,80,47,72,48,83,81,34,85,36,60,50,39,30,68,51,44,78,63,89,91
47,38,69,93,35,77,81,47,94,81,54,65,58,56,98,76,65,71,53,52,72,34,55,52,34,66,71,73,33,43,88,61,90,66,88,40,96,59,49,51,92,54,34,92,34,42,53,56,52,36,39,58,59,77,85,90,97,30,71,46,59,90,43,61,45,56,93,30,45,86,56,83,65,72,57,69,88,35,54,30,59,79,35,36,35,46,75,90,93,86
34,46,60,38,53,85,31,55,35,65,87,74,77,50,65,34,39,93,43,87,82,43,39,38,80,47,31,54,56,89,86,34,44,31,83,76,31,42,62,32,91,48,75,61,55,52,53,78,95,49,56,83,40,89,45,51,69,87,91,72,46,30,92,76,92,96,42,90,47,50,68,98,37,63,62,61,62,48,93,60,62,36,39,76,59,38,98,58,81,45
32,66,72,76,80,87,75,94,44,45,53,91,96,75,60,41,35,32,44,62,92,91,40,56,30,39,65,98,43,62,67,35,47,46,92,95,44,46,34,86,53,40,83,83,55,50,97,48,84,89,47,83,35,70,39,43,54,89,56,57,61,59,51,56,64,51,72,92,31,76,48,55,35,43,85,44,34,64,98,79,90,81,42,93,49,53,71,62,40,45
46,32,95,82,43,68,57,73,92,49,67,74,62,95,91,67,30,51,35,96,92,53,80,92,61,46,81,52,37,73,55,94,43,75,61,65,46,55,70,37,94,63,62,46,53,80,64,46,77,76,57,51,77,95,91,52,69,39,35,68,54,92,67,85,59,73,48,90,77,50,72,35,67,64,57,56,96,76,60,37,82,81,85,52,91,78,62,72,41,34
77,39,80,52,75,81,54,46,34,83,50,89,75,37,93,93,76,41,86,88,77,45,88,40,94,56,49,44,41,50,92,88,76,62,74,53,49,90,80,84,95,60,97,40,54,81,35,85,80,63,81,64,92,89,88,90,70,79,51,76,85,83,69,77,42,46,42,96,47,33,89,94,59,67,64,32,34,74,52,40,55,47,40,63,47,88,68,44,61,82
94,70,43,86,71,67,84,42,90,48,88,58,83,88,86,81,78,91,33,72,44,51,38,60,87,33,75,55,84,63,86,62,51,39,85,74,68,95,94,70,98,43,86,49,58,84,97,53,91,72,66,87,97,45,88,48,69,62,74,46,85,94,84,55,97,41,65,68,74,55,36,72,63,59,58,88,61,91,62,55,82,80,42,41,65,83,61,59,88,57
69,60,40,64,82,34,72,50,72,67,95,45,48,71,64,65,69,52,71,89,86,45,54,53,64,43,49,48,46,49,50,94,96,45,98,66,86,50,51,48,72,91,71,89,98,57,30,64,42,65,56,44,87,53,73,77,42,90,39,45,49,75,76,88,71,54,70,37,41,64,41,30,49,85,64,92,80,48,38,35,77,93,90,43,98,88,73,40,77,81
70,95,71,39,71,51,47,51,47,59,60,39,57,84,34,74,66,38,31,80,75,55,75,95,83,53,32,94,93,46,75,87,76,59,33,48,39,87,60,64,77,81,50,51,60,54,63,42,40,88,56,39,77,35,62,91,97,80,98,37,53,52,71,40,96,98,49,52,84,83,74,77,60,42,88,54,40,46,69,52,68,36,46,46,77,78,74,56,33,79
95,60,92,70,92,86,60,43,82,90,91,88,78,51,68,41,90,47,32,82,80,35,78,31,79,50,88,92,80,62,75,85,31,34,85,62,95,45,87,87,85,66,93,84,36,74,77,73,74,32,75,62,68,82,67,63,58,72,58,91,40,31,94,36,67,53,46,82,46,42,95,96,44,95,84,87,62,90,34,37,83,57,81,97,36,42,35,58,43,47
33,69,54,72,78,38,87,49,88,53,91,50,53,93,37,54,69,52,31,91,63,89,31,95,84,69,60,90,75,37,75,76,75,93,83,63,76,52,81,33,66,73,82,95,97,66,50,95,40,61,64,30,48,34,42,58,67,81,65,65,52,68,53,77,53,91,49,57,94,56,34,68,61,33,32,81,70,77,31,71,93,86,97,53,82,81,42,89,85,56
37,88,92,53,44,33,68,56,72,82,32,78,92,63,88,86,83,97,90,89,93,53,36,68,79,66,41,61,77,59,32,76,34,48,82,39,83,53,90,45,97,43,85,74,48,54,49,67,96,82,39,80,35,49,30,84,93,94,90,32,35,98,74,66,95,68,84,47,73,83,31,71,52,93,36,82,70,71,31,96,64,54,94,68,55,54,49,34,45,87
83,86,52,89,87,80,97,37,55,45,61,81,36,72,50,90,53,56,96,53,60,38,61,57,71,52,35,77,56,88,79,44,34,87,90,95,88,74,64,51,91,84,45,32,35,93,90,87,57,41,72,34,81,71,52,91,77,97,62,57,55,63,92,59,73,66,92,86,96,80,93,97,33,81,54,57,47,88,97,55,98,75,67,66,78,53,59,38,78,87
93,46,92,94,91,62,34,66,48,62,71,30,59,72,48,47,41,45,82,54,44,56,85,51,84,97,90,90,71,42,76,52,44,78,33,38,64,32,31,45,61,33,48,89,79,95,72,76,62,64,38,57,44,77,91,45,88,57,38,89,71,43,44,83,76,86,96,94,93,31,68,88,96,81,86,92,77,66,63,92,53,80,86,82,78,70,45,82,79,72
68,79,74,65,60,59,42,94,77,76,35,46,34,75,98,91,76,44,32,69,33,33,76,71,83,70,54,86,43,57,84,44,53,65,54,79,95,59,37,68,40,49,89,64,77,69,42,88,69,49,71,67,54,77,37,79,50,91,50,40,94,50,55,93,95,59,77,52,92,65,44,93,90,42,74,97,36,87,41,92,75,62,46,47,84,96,77,79,88,87
30,64,56,62,73,41,88,95,42,64,37,62,92,49,80,75,91,40,65,96,88,81,69,90,71,48,63,63,42,35,43,96,86,32,90,69,86,97,71,89,57,31,65,41,35,40,36,32,47,93,51,46,34,70,81,58,79,71,66,95,96,83,53,85,54,45,66,68,53,47,44,95,61,69,55,73,44,31,92,58,37,84,92,84,95,94,30,56,56,47
96,60,67,88,64,70,39,96,58,74,35,88,59,95,52,67,71,92,91,76,46,86,67,87,71,78,73,82,79,89,42,80,57,32,36,50,62,52,98,40,63,94,39,95,37,31,33,30,94,56,41,75,90,94,33,78,53,68,84,91,43,88,36,83,36,47,73,88,67,85,83,57,65,40,52,30,98,52,86,85,97,66,75,92,57,92,81,92,74,60
36,45,57,82,44,54,88,67,63,64,68,71,63,60,67,95,35,87,65,48,69,46,49,45,79,61,52,34,86,47,80,31,71,52,37,80,74,54,37,73,72,71,84,98,88,93,97,62,77,88,44,43,73,77,42,41,34,54,47,84,44,52,56,62,42,41,48,58,90,75,96,69,79,57,41,59,74,95,90,54,31,84,76,60,80,66,57,46,95,38
87,47,51,75,50,82,47,73,42,34,42,94,43,48,48,78,78,88,65,89,97,66,84,76,83,58,92,30,49,68,92,92,95,45,41,80,60,60,44,88,98,56,76,65,44,35,83,42,40,60,91,76,93,93,42,51,53,94,96,78,59,70,32,68,56,55,63,61,85,87,67,42,71,62,79,61,32,92,40,79,35,32,60,85,65,60,95,30,60,44
88,93,38,86,41,85,72,70,95,91,44,44,51,46,61,94,50,76,30,94,46,43,65,76,92,67,31,86,50,89,95,78,82,33,50,91,47,81,31,35,85,34,35,86,38,93,96,32,55,63,81,71,56,37,89,87,42,76,50,93,72,36,98,75,78,56,63,89,73,47,96,33,52,89,83,67,97,98,59,33,62,35,61,94,30,39,91,66,50,66
56,68,55,35,35,32,54,62,65,72,77,47,96,67,78,62,52,51,75,67,89,55,89,59,92,83,69,67,76,34,35,73,98,94,90,71,37,97,88,96,31,87,95,66,50,80,34,64,38,57,87,63,92,47,92,95,48,59,91,62,49,78,39,76,75,30,30,76,40,82,68,62,43,35,42,30,62,43,56,60,71,87,80,60,97,96,54,78,61,77
52,78,93,56,53,36,41,32,88,93,57,70,45,51,40,30,49,62,83,76,92,93,31,44,54,76,70,61,53,77,45,60,35,52,49,51,94,38,82,75,68,75,97,56,65,89,78,64,93,32,32,47,32,40,37,83,74,54,54,86,71,53,54,77,43,37,76,83,56,63,60,37,72,72,79,80,39,48,56,33,78,86,58,85,59,42,93,49,76,94
72,48,77,38,33,76,97,78,72,77,35,46,92,39,65,77,83,44,88,36,44,90,66,62,76,82,68,53,31,96,65,62,92,45,74,97,31,54,63,83,69,95,92,47,94,41,46,89,71,67,94,59,93,36,34,85,75,47,69,67,34,90,68,78,54,76,73,94,91,48,39,95,52,72,60,72,86,35,37,91,47,98,59,47,75,55,86,93,40,36
53,88,98,57,35,32,53,46,43,34,60,97,87,87,80,68,59,49,88,66,45,82,96,71,91,64,60,91,52,71,60,88,72,93,83,96,56,52,66,85,56,71,76,87,67,68,45,59,32,38,42,68,87,40,34,42,69,72,87,74,56,81,31,70,48,86,38,45,75,89,85,78,47,90,40,67,38,80,31,98,43,83,70,53,58,44,96,84,42,36
96,43,59,62,32,94,87,69,84,84,53,64,46,56,63,89,33,39,92,43,64,91,95,32,36,47,48,84,70,43,36,63,64,53,95,52,58,90,55,46,33,37,43,79,41,57,89,59,92,50,61,76,59,86,54,33,65,48,37,60,34,98,48,96,43,63,50,60,84,56,66,80,53,84,58,81,55,30,62,49,49,44,34,74,84,35,44,81,52,45
44,70,78,59,57,58,76,50,83,40,30,70,74,47,40,76,41,58,33,35,96,60,51,78,48,84,36,81,72,34,32,81,77,47,55,69,36,51,54,84,95,69,53,36,92,94,93,72,77,88,59,75,54,82,54,68,44,58,39,74,47,52,88,72,69,57,59,83,62,48,47,30,89,97,33,77,48,87,69,48,79,34,63,59,37,86,74,88,30,38
32,45,58,76,40,78,73,44,65,60,45,56,44,94,85,90,81,83,32,41,79,84,84,58,33,87,56,38,98,56,76,43,68,68,63,38,68,54,49,71,80,96,42,54,60,61,64,88,37,94,48,49,45,44,59,86,87,65,85,30,75,50,62,63,97,82,92,68,98,36,46,95,34,77,80,95,33,72,41,32,61,91,38,54,93,95,33,92,63,59
33,83,60,30,97,95,71,74,47,94,63,37,75,38,72,91,72,30,83,96,60,41,77,73,98,35,45,38,84,75,97,98,56,87,76,40,66,66,52,65,60,35,92,30,33,65,68,36,41,45,81,97,35,57,83,86,37,53,77,40,42,85,54,66,74,50,77,66,77,88,94,77,33,75,92,76,50,78,59,88,64,60,70,71,84,91,35,49,68,81
41,48,93,60,53,61,68,97,61,55,79,48,63,79,79,36,42,90,97,65,75,51,43,94,51,57,31,61,43,86,51,94,72,82,37,77,54,61,49,63,57,48,37,34,39,63,76,94,34,56,66,96,53,60,52,83,68,67,70,66,47,84,43,79,89,34,75,62,73,74,93,60,54,79,89,63,41,69,50,47,55,57,96,64,65,45,42,48,40,43
87,62,40,61,90,37,90,75,59,47,40,81,66,95,72,74,52,86,35,35,85,94,39,51,51,37,38,88,86,92,70,43,87,39,32,95,62,46,85,96,64,75,69,47,54,48,76,42,98,47,49,82,44,74,76,89,94,97,80,95,46,36,70,64,59,57,97,38,53,82,95,42,33,70,43,62,53,73,33,62,93,46,49,88,93,41,43,61,98,51
50,88,79,85,60,64,34,94,56,96,52,56,97,80,94,64,40,35,68,41,63,62,89,69,51,67,74,93,68,98,98,73,82,96,87,31,39,65,42,53,74,53,52,58,71,90,72,95,70,39,30,33,56,70,59,44,64,57,65,58,39,43,74,88,81,56,80,94,93,56,69,52,69,42,39,74,33,98,36,54,37,55,30,80,91,59,64,53,39,48
58,71,32,53,66,39,58,81,64,33,60,42,87,91,31,53,94,55,76,45,87,56,88,79,76,68,78,54,37,35,97,67,52,32,38,36,66,85,39,74,47,41,41,94,78,31,49,79,91,51,42,33,46,97,38,31,94,60,71,91,59,84,50,92,74,91,33,31,37,62,94,76,37,92,72,39,57,58,78,53,61,61,67,94,97,61,60,42,69,92
49,95,96,75,51,32,52,32,96,69,37,84,55,34,90,71,71,72,56,51,43,50,74,43,38,87,87,44,73,73,79,95,87,48,46,82,97,35,71,82,37,85,92,60,88,30,63,62,40,80,91,75,40,32,42,95,90,85,98,78,58,49,79,68,79,77,72,39,59,84,52,93,74,38,93,91,62,61,79,52,75,60,69,39,57,51,84,87,86,48
61,88,61,68,84,80,98,89,55,82,92,58,46,42,30,71,47,51,42,89,63,97,68,85,93,84,35,37,75,91,40,79,42,30,96,79,86,83,77,57,40,98,65,74,92,86,52,33,83,34,43,43,65,36,80,82,46,53,97,62,30,56,66,51,41,84,63,32,58,84,75,83,57,38,63,97,80,91,43,49,88,81,51,95,33,55,82,33,89,45
89,66,92,93,58,49,51,48,62,79,68,80,53,93,50,79,79,66,31,87,72,65,77,44,50,57,92,96,90,37,41,48,86,47,95,64,98,95,39,42,34,55,58,87,82,43,80,92,64,95,87,38,63,81,30,56,62,87,49,39,74,30,31,55,44,38,82,95,66,96,56,98,90,81,43,35,93,38,92,45,92,61,63,42,50,50,58,90,89,36
46,54,44,86,43,36,60,45,41,65,86,47,30,46,96,93,60,31,81,32,74,95,84,50,96,51,42,85,48,56,72,50,63,41,50,73,34,38,75,94,86,36,66,74,47,97,61,71,86,77,34,95,80,75,40,32,87,69,73,66,81,59,62,81,49,76,85,89,62,75,82,77,81,92,89,98,68,96,41,68,76,75,31,58,73,56,90,86,86,63
36,38,34,98,42,52,34,57,30,74,61,82,51,86,53,76,35,44,31,70,45,37,56,59,34,47,62,86,42,73,78,44,62,69,69,58,31,46,58,93,82,66,44,54,76,40,50,94,82,90,43,43,53,62,78,88,45,44,53,54,41,83,47,66,36,92,33,64,44,89,54,93,95,74,59,62,76,74,94,65,88,53,70,90,68,32,57,82,61,69
81,31,34,48,41,56,73,75,81,78,83,62,41,56,87,88,51,57,47,46,33,86,70,81,85,58,87,74,37,56,76,90,54,96,89,67,86,35,70,33,41,49,83,86,88,72,97,53,53,75,59,75,52,56,30,30,40,45,36,90,78,70,49,38,50,32,91,49,78,73,34,65,39,93,35,44,53,49,41,56,61,64,52,94,88,45,69,68,95,55
75,71,76,54,65,30,97,39,66,62,84,98,47,81,67,96,86,57,85,62,46,65,81,53,33,48,50,72,91,87,41,35,92,65,36,78,49,74,93,38,50,93,73,43,95,71,88,33,93,39,34,42,63,66,65,85,43,30,53,88,70,69,36,52,64,54,41,92,82,81,77,37,31,50,85,80,47,71,81,82,73,79,69,48,62,69,78,96,96,76
91,98,61,95,77,67,84,78,62,84,51,32,34,66,58,34,40,42,88,74,81,98,38,34,47,37,45,30,79,36,68,91,72,41,48,47,56,84,86,76,76,87,42,42,91,43,93,87,63,66,72,36,92,64,71,60,77,40,81,70,36,45,68,30,31,40,34,89,96,96,87,98,37,52,81,94,51,48,45,71,55,72,46,51,53,35,92,50,37,87
91,71,43,96,55,45,56,77,53,64,71,33,95,94,83,52,82,58,33,30,41,49,32,30,93,67,92,70,72,77,81,83,64,70,82,97,31,93,82,54,33,33,75,64,83,95,77,70,70,57,67,65,38,44,51,59,89,87,45,87,84,44,84,67,72,60,44,36,75,69,46,80,53,55,86,34,52,77,90,76,31,48,90,61,70,68,56,57,93,40
91,97,92,78,39,53,92,40,30,33,73,98,90,79,37,47,47,67,62,93,96,38,52,72,71,31,35,96,48,87,77,51,49,82,65,43,85,71,58,78,86,57,41,70,77,34,92,89,56,36,73,84,43,41,55,54,37,47,52,85,32,72,91,50,70,72,60,87,84,88,84,88,44,50,71,71,45,76,95,44,63,70,93,34,94,45,90,56,52,76
87,37,55,43,90,48,39,93,53,90,97,74,66,50,36,31,46,58,98,30,68,61,65,55,97,43,91,48,60,86,64,51,81,61,60,73,49,88,46,86,66,60,59,90,51,70,45,68,51,73,56,86,38,78,56,66,53,60,43,55,54,54,30,64,89,42,35,89,34,88,66,94,62,92,77,51,62,30,79,83,33,69,57,56,40,33,33,84,46,37
72,70,63,68,80,90,41,53,60,48,59,74,32,53,97,53,38,97,59,48,50,92,81,38,88,62,76,72,81,33,78,93,69,56,52,35,92,95,89,57,41,62,35,56,50,81,77,77,35,52,55,54,40,74,30,89,96,76,81,30,77,68,71,97,92,85,34,72,58,55,79,35,83,70,52,47,43,42,81,93,44,78,87,67,43,81,54,64,98,58
39,83,76,68,98,81,76,79,68,61,49,50,98,51,71,54,46,42,83,40,47,60,36,67,48,43,86,92,37,77,45,82,36,47,40,78,39,74,34,55,61,34,95,83,49,95,45,69,43,98,68,52,73,94,58,72,32,57,72,45,59,84,63,87,54,78,79,54,68,65,34,44,66,49,95,64,42,92,45,54,74,90,57,66,55,47,33,71,66,98
54,38,51,38,71,40,69,96,79,88,66,59,78,39,81,57,45,67,46,68,36,48,40,95,84,33,62,30,73,83,92,64,96,89,55,57,46,50,65,58,95,70,77,95,56,85,44,46,41,83,67,97,58,67,71,56,70,30,84,66,79,52,74,88,91,97,62,72,82,79,33,52,33,86,66,71,43,71,52,71,31,58,85,66,41,61,40,47,57,84
51,98,45,41,70,54,68,57,34,57,83,46,83,85,52,45,32,96,77,40,44,47,51,86,76,65,73,86,54,45,56,61,62,39,30,59,50,35,38,70,60,53,33,85,61,97,61,81,60,90,76,88,80,61,75,34,33,38,63,72,75,71,38,65,43,44,44,40,78,43,59,67,69,77,80,90,44,39,79,47,83,47,53,58,84,47,86,61,65,93
67,65,33,52,64,85,80,85,78,82,42,88,89,56,77,68,52,53,39,97,56,77,69,45,95,38,35,70,97,95,82,43,53,83,40,53,77,83,60,71,93,59,79,86,46,80,84,36,76,39,62,53,45,44,41,75,77,51,53,80,91,73,77,82,88,63,33,46,80,90,98,98,57,56,57,41,43,85,74,44,36,64,96,60,52,34,41,44,82,83
91,67,87,46,85,82,73,56,80,62,89,95,69,92,82,44,72,93,41,30,84,93,47,50,92,93,55,68,76,39,78,39,76,81,83,77,70,78,86,89,84,50,92,82,71,76,67,60,86,87,34,50,78,41,94,73,30,79,97,73,62,31,59,45,51,72,44,90,96,86,95,90,93,98,75,35,90,54,49,44,57,55,63,59,98,69,35,74,65,86
74,75,32,69,42,37,36,96,44,84,46,88,63,96,61,33,47,65,55,68,50,97,32,80,94,43,45,64,52,42,37,84,97,50,61,69,69,49,30,45,89,79,53,81,61,57,76,91,36,69,96,70,98,58,40,95,49,49,93,53,65,64,47,79,85,95,63,35,80,86,90,41,38,48,46,85,43,97,48,45,84,54,83,91,42,69,34,59,59,77
79,34,35,50,68,49,56,96,38,61,73,86,34,39,54,93,57,50,41,38,47,43,42,67,82,38,88,61,30,96,85,45,31,89,36,76,43,83,98,76,66,88,62,93,96,88,65,35,90,43,76,74,75,53,98,32,50,62,40,71,51,63,78,38,45,57,90,85,36,74,84,98,76,49,44,61,55,95,97,84,82,88,95,72,94,69,66,73,60,60
82,33,52,64,62,90,88,81,33,97,69,69,33,54,66,36,59,87,68,32,66,94,59,37,93,98,54,56,82,50,75,73,40,75,39,72,32,74,73,72,60,53,40,66,45,60,81,86,33,31,98,75,89,63,94,82,78,72,92,87,54,48,57,88,67,64,86,80,37,68,38,41,65,95,82,77,88,35,73,94,90,55,39,39,41,84,50,98,93,90
74,55,76,81,56,77,43,40,93,76,31,45,76,67,39,46,41,45,68,93,40,59,85,64,33,36,88,85,79,76,33,40,80,92,42,70,78,88,64,71,89,70,89,58,89,39,81,55,71,38,62,53,47,89,35,95,65,63,98,79,84,87,31,53,71,77,34,92,38,74,77,30,56,79,89,42,73,78,79,47,42,43,58,64,96,69,33,89,94,35
47,30,54,62,75,64,91,67,52,68,41,76,61,56,42,66,71,37,53,87,72,54,69,30,73,62,71,80,93,33,83,86,91,84,51,52,73,92,30,94,74,71,70,61,51,60,86,31,66,58,36,30,93,93,45,76,77,54,76,54,43,88,80,92,40,71,37,66,81,85,57,69,63,59,90,44,33,73,39,79,93,32,94,73,65,64,63,77,96,43
30,82,55,64,68,37,66,33,52,46,38,35,80,55,57,96,71,48,80,42,33,47,35,34,45,88,42,98,66,87,55,96,70,51,50,36,31,75,84,34,35,58,42,56,73,52,64,52,37,81,86,35,50,87,34,33,76,86,51,43,56,78,94,84,67,96,97,91,70,58,81,31,92,45,79,67,52,48,36,48,84,31,65,64,96,31,43,68,96,94
50,30,53,33,68,73,36,79,93,97,37,56,63,94,38,75,65,66,61,61,79,93,78,51,70,84,90,47,34,70,30,55,50,45,40,33,80,94,32,95,88,57,41,66,40,89,37,83,48,30,79,71,77,60,85,76,68,72,32,77,51,76,92,30,46,79,65,66,94,52,85,75,32,82,56,54,35,67,73,45,43,65,58,46,82,74,78,73,50,72
66,50,80,41,52,53,78,32,98,52,76,67,30,87,44,92,54,86,89,94,96,90,62,87,75,31,41,62,94,49,32,41,49,61,44,53,87,85,39,71,70,64,90,67,59,81,40,67,64,55,97,62,65,36,78,55,50,61,32,66,60,34,76,84,57,51,98,79,48,91,45,76,42,52,66,37,42,30,61,54,77,35,96,40,64,54,57,92,97,91
77,46,47,93,86,33,67,76,85,75,83,68,95,94,59,56,98,85,80,95,61,92,90,76,41,98,64,82,86,95,52,48,86,88,58,71,38,91,75,83,76,74,40,77,85,82,96,73,31,46,37,54,98,77,30,71,96,86,74,83,73,86,61,75,84,92,92,32,61,98,37,68,48,90,37,48,93,48,66,48,78,79,45,77,73,81,91,46,56,30
68,54,44,48,42,82,37,90,53,95,52,40,77,91,84,68,50,82,82,70,94,78,71,98,36,50,46,65,32,89,93,70,72,39,79,54,87,44,68,83,60,79,41,53,41,63,88,77,93,59,95,78,60,58,81,75,96,55,35,62,35,96,39,61,96,77,64,55,73,43,53,64,47,93,93,33,63,86,86,66,77,83,57,76,51,59,85,54,84,73
33,69,83,61,75,60,51,63,76,48,41,87,63,41,61,98,34,71,92,87,53,66,48,68,71,86,48,79,58,53,79,47,61,90,98,73,52,90,79,87,75,75,85,49,94,47,93,61,91,44,50,64,73,69,49,59,43,94,79,88,97,78,80,55,59,42,71,94,37,90,91,52,95,92,30,55,80,64,40,94,76,58,45,80,69,64,55,68,42,71
81,45,63,90,51,43,33,40,58,95,79,36,32,96,52,38,43,98,41,53,34,53,78,35,74,61,57,89,54,58,56,60,65,88,52,38,87,63,47,76,79,45,30,49,39,64,52,57,89,56,66,62,61,69,62,92,77,41,75,83,70,74,94,88,94,65,41,43,48,90,60,35,49,66,36,40,94,66,50,71,69,30,61,93,88,58,69,66,77,41
68,88,91,60,32,75,83,75,91,77,65,59,79,52,32,59,43,55,70,91,74,79,76,34,69,45,90,73,55,98,44,30,45,89,96,61,35,45,92,57,71,82,56,89,57,39,62,84,58,77,85,55,67,64,31,36,86,47,73,82,53,75,79,69,54,93,92,45,74,74,66,67,57,76,91,47,93,63,40,47,78,48,97,31,46,94,82,86,73,95
59,86,50,56,64,54,71,91,37,35,41,67,93,90,59,45,38,96,45,59,53,58,89,45,93,75,39,32,76,92,69,72,51,82,72,52,74,33,54,35,58,98,70,69,42,37,38,83,56,59,92,83,58,62,66,96,90,86,44,98,55,43,44,92,66,33,65,98,64,54,38,43,47,94,68,96,86,82,53,53,82,77,31,58,45,71,60,30,88,84
59,90,98,39,72,94,65,35,78,58,34,87,52,91,83,98,93,97,98,72,58,77,73,98,42,34,33,38,81,38,72,34,51,51,51,78,72,31,85,55,45,33,69,58,62,80,61,34,95,59,36,54,90,71,88,68,92,66,93,60,56,56,96,67,74,91,30,52,73,94,69,50,63,66,62,39,37,39,34,41,83,55,68,42,90,93,63,57,95,61
39,68,78,90,77,68,66,67,48,31,42,43,65,63,50,44,37,60,72,83,45,67,66,40,65,31,64,48,31,57,31,34,84,97,95,43,66,61,50,82,91,64,45,79,37,38,92,91,57,68,52,69,97,68,56,74,74,51,91,76,60,30,82,58,69,36,89,86,53,35,61,68,59,86,75,68,31,96,77,54,45,93,90,77,59,81,58,95,72,98
95,34,92,46,45,80,37,36,77,70,94,48,76,55,80,89,41,87,55,67,89,31,38,92,53,46,79,68,37,38,53,84,39,92,92,64,59,44,86,53,48,98,60,70,95,85,42,90,93,59,67,53,96,91,35,51,43,95,30,73,93,50,89,74,60,90,43,56,30,77,72,37,48,45,36,59,59,40,55,38,88,58,96,94,44,72,70,82,57,90
73,34,48,53,48,70,91,70,67,34,76,36,46,96,58,89,68,72,75,38,56,46,51,53,83,82,39,65,76,85,85,79,34,33,44,83,34,66,70,56,47,41,57,82,71,95,36,62,65,66,33,82,61,40,86,63,76,69,75,68,61,59,89,57,71,98,64,56,68,55,82,56,31,39,32,36,76,69,72,41,86,44,67,85,94,58,32,31,78,49
46,82,94,75,35,57,39,33,79,98,74,56,56,62,86,96,67,48,52,91,46,56,96,68,47,57,96,48,88,78,72,58,53,33,80,50,55,46,87,39,40,63,96,67,61,54,97,31,93,61,49,63,84,98,61,60,56,92,93,80,51,82,63,91,84,63,58,86,78,75,80,68,59,70,54,35,41,89,87,30,96,58,54,51,53,67,45,31,58,76
85,52,95,32,73,91,68,58,98,55,65,40,63,43,51,82,53,78,64,38,40,44,97,49,32,60,95,85,53,49,46,91,70,95,48,55,49,83,57,87,95,50,92,85,76,60,60,78,38,32,51,78,33,65,91,35,81,90,41,41,50,43,80,89,37,61,52,39,50,86,39,91,55,77,53,67,50,31,63,38,48,43,46,92,40,39,68,49,35,55
55,65,57,74,61,54,33,66,59,97,91,87,91,65,85,63,89,76,74,80,75,88,79,58,81,45,84,36,90,97,67,79,57,71,56,40,90,37,65,94,42,74,78,62,46,70,30,75,63,90,78,57,86,73,84,38,48,46,61,65,84,96,46,82,66,65,37,95,46,83,75,83,67,76,77,69,98,38,73,33,85,46,70,32,76,79,84,94,50,59
79,68,60,55,95,91,51,35,77,95,36,61,37,39,91,72,86,74,56,68,95,56,90,90,33,70,98,88,83,42,73,43,39,96,76,79,50,71,63,95,40,68,55,52,97,64,87,75,87,49,80,51,36,49,42,80,72,58,87,66,59,82,55,55,73,80,95,68,89,83,83,31,71,52,73,98,79,48,71,55,69,88,97,62,53,58,89,70,90,79
94,73,45,77,67,64,55,58,91,73,70,71,34,90,49,96,59,62,38,98,79,77,62,63,56,46,70,66,35,36,73,96,63,33,81,88,95,36,84,30,62,61,64,52,55,75,83,94,90,63,65,98,92,42,94,82,75,45,72,56,30,92,42,75,70,43,86,33,97,51,86,59,38,98,33,73,51,31,41,62,75,67,35,67,80,96,98,48,66,42
57,50,74,39,58,72,57,45,70,70,63,62,91,59,50,70,80,77,94,86,65,83,90,78,46,62,64,47,87,35,65,31,40,91,40,98,94,37,60,78,65,58,32,39,36,75,69,74,52,44,88,73,85,91,59,98,91,96,41,32,46,75,77,69,91,96,50,59,89,49,82,46,48,67,45,98,66,60,49,66,56,83,42,95,76,52,86,87,42,44
69,85,77,67,55,93,83,67,63,48,61,77,81,52,71,96,31,69,61,33,97,70,52,82,86,97,52,33,34,56,57,62,94,35,48,93,33,94,41,90,42,40,69,82,88,35,36,45,74,96,72,79,88,41,46,48,96,95,90,35,86,30,87,52,72,96,58,41,76,63,64,36,82,62,81,63,58,91,64,78,72,83,86,84,71,54,51,38,40,78
65,59,36,79,72,41,45,76,61,49,34,92,97,84,43,66,69,98,70,48,95,46,79,69,55,71,87,79,73,45,54,35,86,33,77,75,67,69,33,52,61,89,61,87,98,93,65,35,97,53,35,73,69,93,56,62,70,52,38,41,33,80,88,45,31,85,90,30,56,58,52,75,88,75,48,32,97,35,41,67,93,56,98,89,38,72,60,79,37,52
88,72,77,30,70,74,34,86,87,60,33,80,33,53,84,98,70,48,64,46,54,70,51,33,72,49,61,62,76,97,90,39,81,63,33,44,39,60,74,41,41,80,72,33,60,67,61,62,57,41,58,51,53,38,46,50,62,60,73,39,80,90,82,55,37,56,38,87,71,86,72,51,92,91,63,92,40,86,66,89,52,86,74,33,39,84,31,80,46,32
54,72,64,76,48,71,30,57,62,42,55,30,95,62,30,84,46,97,88,84,61,42,33,91,98,92,42,73,63,66,70,96,51,48,35,81,66,85,85,62,74,68,77,45,87,43,58,98,53,71,50,37,93,48,69,49,54,79,54,31,51,42,32,47,51,67,80,88,94,35,31,42,94,43,51,51,64,73,87,64,68,73,69,89,86,95,71,34,88,59
30,56,73,66,46,58,82,64,85,73,62,47,48,59,63,53,76,94,90,56,61,91,97,63,71,66,62,84,84,62,53,59,69,35,48,98,78,45,77,59,37,95,88,91,49,56,86,59,78,50,43,50,31,95,31,51,65,63,75,60,33,94,53,31,84,74,89,68,86,74,72,66,81,92,51,50,84,58,38,94,66,76,86,74,75,84,93,88,58,67
54,70,83,58,42,85,69,39,59,51,76,39,41,39,81,39,39,85,41,79,69,42,68,88,39,46,48,78,82,66,59,56,46,39,62,41,32,87,32,55,90,98,66,83,69,52,76,93,67,34,62,36,54,51,67,49,80,92,38,47,65,54,66,96,97,66,39,72,65,88,60,48,79,89,51,44,79,61,97,93,59,37,73,66,95,48,38,31,45,67
57,34,38,50,33,69,83,49,43,67,58,35,37,42,34,78,78,77,94,50,32,64,34,33,57,49,95,59,75,73,46,50,57,56,82,70,96,71,69,31,72,44,75,62,39,82,36,40,88,51,93,48,67,40,89,53,66,93,63,51,30,88,32,64,80,33,98,65,45,61,69,50,30,90,94,84,93,48,94,61,37,34,40,91,82,89,64,83,89,63
52,32,48,41,79,32,66,80,49,83,96,65,42,34,44,94,95,72,86,65,76,73,88,82,66,31,94,78,47,35,94,58,78,94,33,37,32,76,64,39,55,80,62,61,52,75,40,75,30,74,47,97,67,89,90,91,32,54,75,92,36,75,39,38,91,74,51,44,74,56,82,66,35,97,30,85,63,88,86,92,86,38,57,45,75,74,65,71,31,78
81,93,37,52,39,69,75,53,43,40,89,37,69,69,77,79,51,92,54,93,75,47,55,51,86,38,75,34,78,97,87,40,54,81,46,59,46,95,40,60,81,75,44,77,64,94,76,68,77,63,80,48,90,35,64,79,68,73,92,51,77,81,56,78,52,56,95,32,88,39,39,61,74,88,73,58,63,32,91,37,92,46,52,88,59,54,66,40,86,42
71,86,46,64,38,80,55,45,67,43,60,60,47,53,32,81,31,72,88,55,97,49,62,42,62,55,64,95,33,96,32,96,73,56,37,42,97,72,76,51,68,42,86,79,87,69,33,46,57,91,51,51,37,88,78,52,61,93,66,83,54,40,54,71,45,38,86,39,47,49,32,82,33,97,48,47,74,79,61,73,88,92,49,78,57,90,62,76,58,47
93,38,74,84,72,44,47,88,64,74,75,48,98,77,51,41,93,72,89,34,90,81,75,83,42,75,38,88,57,78,50,45,78,67,63,98,70,60,89,92,91,53,87,76,80,43,60,72,67,44,64,58,42,43,62,93,72,71,93,47,50,51,65,93,77,71,42,47,97,97,34,87,49,92,86,33,46,93,73,40,44,38,76,55,84,34,57,45,31,53
87,94,77,84,36,38,30,43,33,67,89,91,87,52,38,45,96,98,36,57,77,56,73,64,64,59,57,75,46,83,76,35,91,92,89,42,60,86,43,76,64,63,80,47,64,46,55,73,91,68,44,43,87,57,39,67,39,51,80,31,67,75,42,86,71,87,95,54,95,33,69,68,30,96,92,68,87,72,82,38,64,78,55,66,72,90,60,85,80,63
48,45,78,69,35,88,30,62,32,37,38,50,66,65,61,80,77,42,71,75,74,57,87,31,53,79,67,62,85,55,64,72,81,88,56,34,51,48,66,71,82,93,82,82,60,69,36,78,67,66,60,82,93,82,88,56,81,79,61,53,35,46,84,66,35,79,38,39,44,94,79,96,81,42,50,38,74,77,94,86,83,35,74,67,77,45,56,64,42,50
63,44,42,50,91,76,42,72,72,71,50,37,30,37,31,62,92,52,86,41,63,43,76,39,48,71,79,88,32,71,52,90,58,78,76,96,41,31,57,85,98,30,60,30,90,56,72,52,53,88,73,91,51,95,77,79,94,76,78,92,63,88,34,87,51,39,37,44,55,68,84,31,35,67,98,63,97,51,63,41,30,75,83,42,78,82,39,96,33,41
95,33,64,74,67,91,95,71,71,92,71,42,77,50,42,94,77,53,60,81,55,39,72,74,90,73,64,55,61,94,88,30,51,33,88,61,41,57,67,50,48,81,36,82,74,98,57,64,97,88,75,67,39,41,96,51,48,42,61,93,32,85,41,95,30,49,89,65,33,86,83,33,74,88,63,40,69,35,63,97,89,92,80,64,94,64,47,40,75,95
53,97,68,68,72,69,52,40,66,67,87,66,83,53,63,80,36,49,81,47,48,67,61,65,38,69,82,42,54,75,93,38,92,35,87,86,45,85,51,74,77,46,92,73,44,81,59,84,52,37,80,57,41,47,51,46,85,61,80,64,60,81,87,85,78,57,56,76,50,47,37,61,62,92,36,88,90,47,81,70,67,72,67,82,64,52,51,40,86,59
53,52,92,75,58,47,42,87,81,89,56,77,92,63,86,76,38,55,50,75,56,98,31,90,91,30,66,70,81,96,68,30,32,80,76,45,87,43,88,91,93,52,30,79,53,95,75,48,48,67,35,60,63,92,83,32,55,75,83,97,61,84,58,44,57,43,51,94,32,80,84,68,83,88,45,90,91,68,52,62,77,71,62,35,57,91,86,98,79,58
36,62,88,58,50,57,61,69,70,43,51,81,66,57,55,79,61,92,39,80,71,49,72,85,60,63,44,58,95,42,57,85,48,33,85,53,77,52,95,96,40,69,94,46,68,71,44,52,41,70,90,46,83,30,48,41,87,57,54,42,86,69,33,82,55,87,61,82,79,57,38,87,81,35,77,37,71,31,57,58,43,60,69,93,41,74,89,45,86,69
59,44,36,35,65,63,66,54,65,76,50,59,49,89,54,62,49,68,86,82,50,37,85,37,80,81,78,78,91,49,67,84,30,78,71,96,90,57,65,80,40,71,76,55,34,70,81,76,70,51,49,40,56,76,43,42,46,30,57,40,79,72,33,71,34,34,85,83,87,44,64,56,92,76,82,69,50,70,61,31,84,59,89,47,87,72,35,79,38,78
46,94,48,49,71,48,31,97,87,80,70,61,50,86,63,35,34,57,37,77,84,75,74,87,67,65,54,56,69,39,32,33,61,74,47,46,34,33,34,66,46,72,78,56,52,78,70,79,65,78,53,89,66,41,65,75,57,98,31,52,50,57,97,30,80,53,67,97,30,69,49,82,33,67,72,65,32,35,48,48,77,95,79,56,83,38,52,54,35,95
82,39,41,34,55,77,97,37,79,53,79,38,85,49,59,81,78,98,86,31,70,98,43,63,51,61,97,40,72,83,39,93,47,37,38,68,33,44,66,77,89,72,57,80,68,97,68,87,52,37,34,63,67,44,37,94,35,44,86,73,53,88,74,34,48,80,65,51,81,89,67,38,88,34,90,38,47,49,46,63,46,46,84,88,71,50,80,83,96,34
76,84,59,82,87,32,62,76,76,80,57,34,40,88,30,59,93,45,92,84,74,38,52,41,74,90,76,71,30,80,32,47,75,72,33,82,56,51,90,89,55,47,71,75,64,77,77,35,34,92,91,71,71,60,44,83,36,57,41,36,82,72,85,61,68,87,79,73,83,98,51,79,40,48,54,84,66,97,98,81,40,74,81,90,79,83,95,74,80,91
71,94,47,60,98,58,73,95,72,93,49,55,53,74,30,92,97,47,47,49,32,52,45,71,43,54,36,63,61,81,52,50,58,85,87,65,53,68,69,81,98,75,41,90,44,64,79,93,75,93,60,83,68,86,47,53,52,85,92,61,69,88,39,50,49,30,46,45,61,75,57,72,97,57,46,45,33,52,42,82,89,65,89,92,44,35,96,76,59,75
45,57,94,49,53,84,59,75,47,62,45,95,58,46,53,80,87,56,69,54,94,30,97,63,44,74,47,35,55,63,61,34,61,79,61,31,46,60,31,76,77,56,81,78,77,53,41,81,69,84,93,34,58,52,34,33,40,89,61,37,31,97,55,62,36,45,53,83,67,72,57,56,92,78,38,36,79,67,77,75,55,98,77,72,90,75,67,54,88,46
49,50,94,98,30,98,38,82,77,54,38,85,74,93,81,46,50,51,72,89,86,58,88,96,38,74,91,83,78,97,30,84,84,55,62,46,70,84,79,79,62,75,50,48,52,45,33,69,77,31,37,47,89,56,44,64,53,31,52,84,92,86,89,48,72,88,63,45,77,77,56,57,86,86,51,31,30,39,82,78,57,59,93,36,96,55,30,92,61,77
34,77,77,31,41,89,70,93,60,98,87,83,87,75,46,57,92,72,59,35,85,40,80,30,66,37,70,87,82,73,69,53,97,59,72,40,48,71,35,75,42,60,44,51,70,82,82,42,40,60,95,56,94,55,59,30,61,44,50,45,60,84,78,61,56,90,52,39,85,76,32,85,48,75,68,90,53,42,84,36,55,35,96,38,49,36,96,98,34,55
63,62,96,96,57,60,48,67,75,95,65,96,43,77,42,42,46,40,49,97,78,79,50,88,97,77,82,72,35,62,54,78,59,87,98,39,53,85,63,98,53,72,84,86,89,75,60,41,83,30,83,77,98,58,66,94,44,38,47,67,79,88,42,80,65,76,70,56,52,64,37,71,66,90,90,31,94,89,60,43,79,79,86,69,92,47,38,50,32,57
84,83,92,76,79,77,47,61,34,73,81,58,67,95,72,92,59,75,73,62,31,79,32,55,94,92,58,77,59,47,35,61,61,68,58,53,35,61,71,91,43,85,35,54,59,58,56,92,41,56,77,34,80,87,44,93,70,70,54,51,97,80,45,86,60,77,67,34,72,45,93,52,33,39,90,64,33,80,42,65,69,34,95,42,71,56,62,51,45,65
71,62,84,61,57,84,83,85,40,48,58,77,42,73,36,41,64,43,98,55,65,49,58,60,65,78,79,44,36,49,58,81,57,47,81,68,55,86,39,63,49,84,74,66,98,74,52,53,53,76,34,92,56,55,48,65,59,57,74,34,60,61,39,55,71,43,34,51,70,92,30,89,31,57,98,57,77,33,62,89,83,54,82,89,80,47,37,80,44,59
98,50,65,76,37,30,93,56,93,78,70,90,34,42,58,62,96,33,36,48,41,97,98,61,63,83,67,73,53,82,58,98,83,64,38,33,40,34,69,66,91,88,87,75,32,70,76,61,76,38,54,85,60,66,58,95,87,67,35,95,98,98,65,74,49,95,76,82,41,58,34,69,33,32,35,32,92,40,97,36,82,68,43,43,67,41,93,49,84,95
74,69,41,31,39,75,42,64,52,32,81,65,46,59,36,79,92,43,87,62,32,39,51,86,54,88,80,75,83,62,57,65,39,48,91,70,64,42,45,62,30,53,93,91,77,97,95,48,58,87,91,86,61,30,92,52,51,48,78,72,74,42,88,94,38,46,75,60,80,81,97,35,93,51,76,89,56,38,59,95,49,57,48,78,64,43,65,94,88,64
49,89,56,50,55,71,42,88,95,83,74,34,64,77,75,80,98,54,67,95,97,58,87,54,52,50,84,47,90,54,76,87,67,47,46,97,63,72,73,61,83,87,83,71,56,90,59,39,61,68,58,62,93,59,56,65,87,46,70,98,86,86,51,82,30,57,71,90,33,54,87,67,87,55,54,84,47,74,32,40,78,40,69,52,55,49,93,87,38,41
64,95,66,87,60,44,31,70,95,67,62,33,97,80,34,74,96,64,63,49,90,78,44,47,62,30,49,41,95,94,97,38,57,42,95,49,94,56,77,97,93,61,47,55,36,62,71,88,55,67,81,46,83,81,71,81,30,95,70,37,83,41,38,75,54,53,70,82,66,43,47,93,60,32,69,52,43,50,63,40,44,97,49,89,74,85,59,87,93,44
47,83,87,55,88,97,80,84,74,54,69,36,76,93,50,36,41,49,60,44,71,89,92,70,86,32,57,76,38,75,35,93,46,72,30,74,60,83,48,94,91,34,59,67,91,78,31,85,56,44,66,83,32,58,74,80,52,51,40,64,35,58,36,61,82,74,71,90,78,82,52,82,30,96,78,60,79,96,84,91,92,48,51,87,49,97,30,93,86,95
97,77,59,55,76,42,85,98,84,49,34,88,96,41,48,39,45,49,54,76,90,54,50,45,38,48,92,91,67,81,96,85,72,47,37,65,68,38,47,30,86,39,72,88,74,90,50,44,71,70,92,32,59,75,91,87,77,67,85,88,47,69,83,40,67,61,42,44,82,87,46,48,62,75,46,64,55,84,84,42,50,36,57,56,37,76,40,61,33,85
78,63,53,72,48,78,63,76,51,54,33,84,65,61,72,39,85,41,52,43,81,57,71,83,88,55,49,86,91,62,38,76,90,83,70,71,93,69,46,34,66,51,35,50,51,52,47,75,47,57,33,90,61,83,58,30,65,60,64,83,75,40,79,93,38,76,81,90,67,81,92,66,71,43,30,47,55,36,45,71,44,86,65,61,33,89,51,49,89,64
52,52,35,32,68,32,54,80,47,56,52,70,70,31,55,50,71,92,80,59,31,80,71,90,86,64,57,44,91,69,92,90,37,44,83,69,65,30,80,77,52,80,53,46,33,38,70,50,41,98,58,32,79,30,67,58,81,55,36,75,32,90,32,47,88,92,44,72,76,89,66,51,68,54,72,64,74,76,44,80,93,82,57,51,35,95,50,87,95,82
45,59,89,74,31,77,91,94,53,46,76,44,93,54,43,64,67,97,84,40,96,77,58,57,96,62,35,35,91,90,67,42,38,72,67,82,88,66,53,33,56,62,41,50,41,44,80,68,36,78,91,52,75,58,93,87,51,94,91,72,38,54,34,91,51,63,35,59,70,47,97,77,77,83,61,35,30,72,52,32,57,47,91,76,64,71,75,43,71,64
82,90,54,59,95,96,77,79,36,70,51,85,90,62,91,42,71,63,83,61,90,93,34,30,85,86,95,61,56,92,59,31,89,72,39,38,30,42,69,69,45,57,78,67,35,46,66,37,67,74,79,40,40,88,51,86,77,69,65,43,56,62,50,56,95,53,92,82,50,63,94,48,72,95,77,63,46,33,60,48,96,41,36,50,64,86,86,86,63,96
91,94,80,65,42,97,36,69,86,66,85,73,63,77,49,31,41,44,56,86,88,36,88,77,58,43,61,72,33,51,45,85,90,30,48,89,83,53,89,45,95,34,49,32,68,42,63,66,42,46,31,44,81,68,46,34,42,64,37,51,95,81,33,80,40,34,83,97,30,88,88,60,35,39,68,95,77,57,33,83,47,97,30,35,59,84,69,48,76,44
35,64,63,67,67,36,79,55,59,49,42,44,70,74,70,80,82,97,70,38,82,30,98,59,44,74,33,98,37,72,30,76,74,52,53,53,84,64,66,55,97,84,31,54,41,31,53,94,45,79,81,61,82,96,61,79,44,31,63,72,76,56,98,97,42,86,72,41,47,76,35,37,96,33,46,95,72,89,66,98,75,80,91,95,46,49,68,78,40,94
90,62,31,65,55,92,62,42,79,56,45,46,78,62,84,31,47,87,47,43,69,83,48,91,42,30,63,76,44,67,32,97,37,71,75,35,85,94,58,85,58,72,62,86,87,34,51,90,96,77,96,49,77,88,56,45,59,57,71,93,81,62,31,58,60,96,75,41,40,54,33,96,97,56,38,78,95,92,87,35,42,81,87,45,85,47,95,61,36,82
94,94,83,57,55,91,37,98,32,33,35,34,95,33,71,64,57,34,83,89,40,68,53,31,77,95,52,92,65,32,73,72,73,69,38,97,76,92,39,78,57,77,86,41,42,92,54,73,86,50,55,35,92,63,55,30,38,67,97,65,34,62,71,85,90,76,65,64,59,91,72,36,85,98,66,96,40,36,79,70,58,69,96,48,68,39,95,74,49,81
44,95,38,47,36,30,45,79,35,77,46,44,48,42,34,82,79,82,68,32,78,62,31,45,90,30,35,82,69,55,35,83,79,81,49,91,57,91,34,58,91,33,45,44,64,94,96,37,54,34,84,55,71,87,94,59,35,93,50,47,71,61,95,89,31,61,42,95,92,52,71,40,54,52,67,39,55,48,74,75,92,85,83,40,36,42,93,97,66,67
51,48,30,80,54,43,46,61,98,52,98,98,38,31,68,30,80,63,40,96,95,96,42,47,38,70,52,79,39,82,55,52,53,41,31,60,35,32,32,88,89,75,68,75,87,87,35,53,32,79,39,44,37,37,53,78,32,34,62,75,42,49,64,31,33,58,65,33,48,85,90,51,64,96,38,58,67,53,75,69,52,67,84,62,49,72,54,38,67,60
53,73,47,85,56,91,74,60,77,71,92,88,68,93,56,95,52,35,35,57,30,39,85,45,63,32,56,92,56,56,96,65,50,96,92,62,72,61,76,57,86,52,85,81,46,80,81,65,75,89,70,46,30,33,76,75,40,95,48,75,69,44,48,48,97,88,71,46,84,37,84,78,82,54,31,66,89,34,83,85,45,81,67,53,61,60,33,92,46,62
54,88,68,56,41,59,30,69,37,53,56,42,81,98,88,43,34,98,57,96,33,86,70,97,45,70,90,57,84,71,56,32,98,53,97,39,34,63,97,78,42,76,94,57,38,67,87,30,48,46,45,73,45,50,43,62,50,42,91,52,32,47,35,92,56,66,86,76,40,39,54,94,78,80,95,40,96,96,53,49,92,47,50,47,47,52,76,72,80,56
58,77,76,58,92,76,82,70,80,40,72,35,59,48,33,89,64,47,98,96,77,92,57,94,31,86,34,97,98,43,45,65,47,77,65,41,50,42,46,55,94,62,46,52,43,88,96,76,69,70,44,30,65,32,41,44,42,87,49,36,81,37,46,53,41,53,79,42,94,49,45,91,78,77,49,80,56,31,35,40,81,90,43,90,81,34,92,82,82,85
75,72,77,65,36,73,56,42,91,64,77,58,70,66,80,48,75,80,96,68,54,44,90,54,72,45,98,96,68,53,34,93,60,36,81,44,38,91,67,37,45,58,33,31,89,95,40,80,98,67,58,89,34,35,45,42,51,30,59,84,88,61,61,79,33,90,30,91,76,95,45,82,62,67,47,72,53,74,36,93,93,78,59,87,54,31,66,32,49,82
96,78,71,51,70,39,74,79,36,75,81,71,58,55,33,36,32,31,68,84,46,43,46,86,73,98,97,85,31,79,71,74,97,78,93,31,67,31,86,97,89,69,34,60,37,67,76,54,40,39,49,37,53,48,96,34,66,66,98,73,30,69,36,60,32,53,78,98,70,58,86,41,71,41,75,90,88,34,43,74,85,59,71,31,65,73,67,46,33,49
47,50,87,68,66,62,59,30,95,58,87,59,46,96,83,78,36,79,66,58,81,48,44,73,32,88,39,58,90,65,55,85,62,34,72,71,95,31,49,71,61,77,51,78,41,34,36,80,66,55,33,41,52,52,87,58,55,96,72,64,47,79,95,46,40,66,61,49,65,58,30,91,87,52,49,81,88,46,77,82,92,43,79,90,71,88,57,91,31,73
59,43,95,82,67,48,59,34,78,65,35,54,84,65,33,50,60,65,93,80,58,83,63,58,44,86,45,72,37,43,86,76,56,69,93,52,83,43,31,83,46,43,67,96,47,58,97,38,89,70,94,46,94,94,64,71,98,85,84,69,54,97,94,64,58,66,33,38,42,74,55,84,87,85,98,37,31,59,36,53,33,37,64,61,65,75,60,53,66,52
44,46,71,39,94,92,36,38,96,34,74,62,82,81,65,50,60,31,43,80,83,63,56,38,32,37,46,84,64,45,70,86,37,97,33,73,91,60,87,65,86,49,90,40,55,87,45,72,30,32,76,95,63,77,77,71,45,72,49,56,79,77,92,76,72,72,40,65,48,92,81,86,95,56,48,82,54,41,57,94,46,43,80,80,80,64,49,77,75,78
73,90,91,80,41,72,31,70,70,65,30,43,93,73,85,40,48,57,37,41,49,39,62,48,56,41,70,84,62,78,51,61,91,42,66,94,97,42,94,48,46,31,96,76,44,86,53,97,71,87,31,59,96,71,57,39,96,97,40,88,89,70,31,53,60,43,33,89,31,49,66,93,74,70,96,80,33,50,62,76,32,39,63,71,85,87,44,77,60,42
72,66,72,82,53,33,94,32,53,94,92,65,54,48,76,30,64,43,57,72,43,88,80,75,79,58,54,34,48,75,52,30,72,46,75,98,82,66,86,42,34,38,33,43,64,72,39,42,64,51,57,48,41,44,48,42,56,54,84,56,84,47,51,53,65,54,81,76,97,45,84,59,91,83,86,86,82,62,38,66,89,74,75,39,33,39,59,52,60,96
30,75,73,82,49,52,62,53,53,82,51,55,52,34,96,97,58,44,45,55,86,89,92,43,67,79,73,85,38,43,53,84,40,84,35,30,59,33,91,34,79,40,37,35,61,41,92,94,39,50,40,49,92,57,94,61,77,43,33,44,58,63,89,73,91,43,84,33,71,36,44,63,57,43,84,70,44,47,43,36,64,40,78,71,42,41,31,93,42,86
81,45,96,35,63,33,52,30,96,43,38,42,39,74,38,85,42,30,61,57,62,91,45,31,33,93,54,66,78,68,95,94,45,39,49,70,71,33,41,48,60,85,98,91,34,90,48,72,67,94,35,47,41,93,56,73,54,56,54,72,63,93,32,85,48,75,54,30,46,97,87,48,68,73,80,73,90,69,42,85,75,91,34,94,83,46,95,76,89,70
31,55,47,46,67,43,89,40,55,52,74,82,33,43,61,37,81,76,34,84,33,71,63,93,50,34,87,67,32,79,41,41,36,65,81,93,54,93,57,52,45,36,39,82,98,33,93,71,60,48,35,93,60,70,97,36,64,92,87,37,49,90,90,95,48,86,76,85,89,37,60,98,49,82,43,67,98,86,49,51,32,84,57,30,31,85,30,81,88,90
38,94,77,67,74,76,87,31,94,56,74,63,40,34,30,83,38,98,79,46,59,93,45,45,35,93,70,54,91,60,39,44,61,55,62,40,50,40,67,47,49,78,31,90,87,64,54,65,85,39,44,57,40,56,41,82,35,36,91,36,93,70,91,69,78,57,63,84,60,79,55,48,86,72,65,39,33,36,81,71,78,52,31,69,41,44,60,69,91,55
63,53,88,47,90,61,68,85,66,42,32,66,63,85,30,97,38,65,76,71,84,30,86,54,65,44,70,37,80,53,35,47,54,55,78,50,45,81,36,74,49,80,34,68,74,94,72,34,87,36,94,65,69,78,54,47,88,62,57,48,46,59,49,32,90,33,67,87,82,30,83,43,83,67,76,80,33,39,38,62,62,94,32,91,38,48,73,41,97,75
33,47,38,89,96,61,47,98,43,87,52,90,39,93,59,51,59,79,46,95,76,97,79,34,46,73,94,83,67,85,84,39,41,63,79,45,62,97,83,46,30,33,54,70,70,77,68,44,79,77,81,35,40,37,31,34,86,80,77,41,60,63,96,96,91,52,48,62,40,45,61,41,31,70,38,93,73,89,42,81,66,84,88,42,85,64,54,91,32,48
31,76,78,52,67,40,71,53,71,87,94,34,67,89,53,86,95,57,93,43,92,40,73,68,61,49,86,83,64,35,51,79,86,68,88,68,85,31,96,94,69,68,88,84,92,74,68,35,73,56,60,77,56,62,36,84,47,47,49,79,62,87,77,65,91,41,98,83,70,70,48,47,91,35,81,40,58,55,88,90,30,70,66,52,74,57,92,59,56,45
51,94,53,54,94,74,35,55,94,61,64,74,48,54,55,54,84,35,48,59,58,56,63,87,58,81,44,40,34,70,75,76,97,34,51,53,51,94,30,36,70,94,56,82,81,51,32,88,42,45,74,50,50,85,61,78,73,47,69,93,45,84,64,34,52,41,47,59,55,61,78,40,34,74,61,83,70,64,97,71,39,94,64,89,84,56,40,76,97,97
75,97,80,96,72,32,46,59,45,95,87,52,68,86,54,68,74,66,45,33,81,61,78,59,33,84,81,84,83,39,57,86,44,60,56,47,63,73,75,78,57,33,60,98,82,36,68,42,45,76,74,62,69,37,73,82,78,53,86,39,75,44,67,66,63,81,73,61,63,88,71,96,44,80,96,57,53,32,62,36,82,71,33,95,34,91,59,38,57,50
39,37,94,59,62,87,84,45,72,90,59,58,88,83,39,51,36,50,36,75,47,71,43,63,76,74,80,55,45,51,80,35,43,42,96,71,92,50,75,34,89,41,50,83,92,60,67,55,74,55,91,41,51,81,38,81,87,62,30,70,92,51,75,91,57,78,44,82,67,67,33,31,40,78,95,36,35,75,84,81,51,42,65,44,63,85,47,40,47,73
53,80,41,30,34,63,74,54,57,58,95,94,37,58,87,57,33,73,86,82,47,30,65,93,88,30,71,40,71,92,74,70,80,88,75,45,97,41,78,67,81,63,86,35,74,46,58,80,89,69,81,48,62,71,52,78,77,92,48,78,52,51,64,68,73,51,98,77,89,59,90,92,61,34,35,61,82,86,33,52,52,77,60,41,41,67,84,47,73,43
76,63,78,56,79,94,85,68,59,69,67,44,92,57,56,64,68,67,61,39,88,52,84,43,69,72,88,41,49,86,56,79,48,68,55,95,82,75,92,93,91,69,42,76,78,63,81,62,54,72,39,96,94,84,59,97,80,46,73,54,37,47,45,91,85,76,37,33,88,45,96,81,95,49,46,72,39,34,77,82,90,91,30,68,47,86,85,31,70,86
41,56,60,95,83,84,44,51,60,95,37,54,83,79,83,65,82,95,98,38,43,38,93,59,69,65,47,71,85,38,41,67,61,58,34,87,78,79,79,94,95,38,57,95,70,64,89,58,30,64,31,76,93,80,77,79,91,98,84,48,84,71,97,70,50,49,77,54,91,77,76,91,46,71,53,86,48,66,82,51,44,59,50,47,83,36,44,78,62,70
45,53,69,92,42,59,46,30,77,49,87,65,92,39,68,59,79,39,54,51,98,77,46,68,89,70,51,67,64,48,64,81,49,82,58,97,96,38,91,58,66,47,43,84,65,67,80,94,80,79,76,39,40,82,53,95,98,59,75,70,58,31,96,96,61,74,83,46,51,70,45,32,96,31,53,70,81,71,94,76,30,93,55,96,93,58,53,67,48,94
67,35,87,85,33,47,39,53,46,79,78,83,30,35,50,70,32,92,54,49,89,80,56,92,56,49,98,88,31,87,95,44,86,82,47,34,88,80,55,96,31,68,43,49,43,33,97,53,39,89,69,37,61,61,60,76,71,40,47,55,30,35,96,47,92,38,49,39,40,32,76,86,52,68,50,62,60,70,55,68,67,78,34,52,95,38,53,35,60,77
61,93,66,48,49,74,56,66,72,39,43,60,34,84,36,79,69,60,34,47,98,41,80,93,77,49,79,34,32,33,38,64,70,40,80,35,51,95,72,62,32,78,56,41,62,76,87,32,73,60,49,92,63,64,73,34,72,81,72,69,88,80,95,35,69,33,54,31,61,36,84,52,33,72,94,70,94,63,65,56,88,78,56,38,89,33,59,77,49,83
76,51,47,42,79,65,66,65,62,44,60,86,47,72,36,79,33,63,31,47,76,44,68,78,53,81,79,67,74,36,42,53,32,43,69,82,37,72,61,32,96,45,45,39,97,47,56,72,93,83,39,95,41,50,38,83,88,74,86,42,67,86,82,34,91,53,68,69,66,66,37,51,97,87,48,64,35,63,84,64,53,62,54,97,68,96,44,81,40,56
42,66,92,94,55,60,78,91,82,30,96,67,94,92,68,92,90,49,33,56,47,68,53,51,64,90,52,53,77,49,89,88,37,68,65,85,95,98,40,30,92,64,43,81,94,69,42,43,37,72,92,63,92,94,81,92,89,66,79,87,50,76,39,63,98,71,81,71,96,34,93,41,96,45,81,67,82,35,75,47,86,79,40,68,58,89,65,55,73,71
39,66,90,55,55,77,89,94,33,63,76,40,57,46,45,69,97,87,37,88,82,59,52,36,80,92,60,38,48,94,40,70,52,44,50,40,78,98,49,59,60,76,95,39,39,58,45,91,93,87,56,64,51,85,44,48,54,48,95,71,95,45,46,77,77,42,33,76,75,85,35,48,82,35,69,85,33,42,60,36,70,85,84,75,62,79,44,89,46,43
84,38,68,68,61,58,61,85,37,52,52,69,85,42,94,69,47,34,91,51,35,77,64,87,41,48,59,71,53,76,82,54,87,39,78,40,58,72,97,80,89,49,97,63,39,85,36,34,53,74,86,67,51,76,96,39,46,81,78,85,34,61,54,73,87,73,48,31,86,58,89,61,39,50,81,49,67,61,54,81,80,81,89,65,63,53,76,53,88,47
65,50,41,86,44,82,40,79,96,85,77,80,82,69,36,60,88,68,68,95,98,37,56,74,41,50,69,92,46,72,80,64,50,31,72,83,93,94,58,95,44,53,88,48,59,75,60,85,53,38,71,39,60,63,37,58,85,41,59,31,85,90,60,98,39,95,75,84,54,60,37,50,60,42,34,98,81,63,98,95,89,60,85,76,43,80,51,56,80,65
32,74,44,76,82,75,55,93,89,79,84,95,34,43,69,92,44,88,68,80,92,84,76,44,73,76,56,72,68,67,62,81,68,59,95,66,54,57,87,97,63,33,79,96,68,71,92,38,92,68,37,77,49,59,47,82,52,93,52,33,60,44,61,68,48,69,55,43,63,81,62,96,49,95,37,60,62,35,87,31,38,95,93,71,39,36,59,65,72,34
58,49,75,93,49,79,70,79,76,75,55,64,77,38,76,82,34,88,91,79,66,84,46,70,70,48,81,32,80,75,94,91,52,62,47,38,73,48,58,40,88,38,81,56,38,66,43,85,84,35,86,68,43,48,46,63,97,84,50,53,91,63,83,38,47,81,93,76,45,41,91,36,31,54,78,79,71,55,88,70,74,77,77,92,55,59,34,55,43,43
49,53,62,37,69,52,97,37,82,78,58,85,43,92,85,57,69,63,64,88,46,66,87,59,98,40,80,95,35,60,74,85,92,65,76,78,55,89,72,92,97,67,55,94,34,37,46,69,81,64,39,78,64,88,90,53,90,30,35,62,48,96,71,96,98,86,65,30,56,73,62,37,90,78,90,55,45,95,70,38,45,56,60,47,90,63,95,95,38,65
70,42,75,34,88,48,91,86,56,61,50,34,73,60,37,49,56,64,42,74,37,70,70,73,75,66,46,94,79,36,33,42,83,87,37,64,64,93,91,90,84,40,94,53,42,45,41,57,42,37,59,85,79,36,80,82,57,59,49,79,30,66,76,96,77,79,64,56,75,44,55,76,47,94,51,76,94,38,44,39,36,45,82,86,88,41,89,97,63,35
80,84,79,57,50,59,40,71,44,55,66,64,40,34,34,92,54,90,80,90,54,97,95,47,61,68,91,37,66,80,48,49,91,59,85,73,60,49,33,54,40,85,38,76,39,31,94,42,62,61,87,94,79,98,49,73,61,91,63,97,72,45,83,71,90,86,75,80,85,83,82,36,72,90,86,63,53,40,46,86,32,93,49,78,51,49,41,51,78,70
56,63,91,35,64,37,87,74,57,30,70,66,70,75,35,72,43,35,95,34,89,92,73,59,93,88,34,87,37,47,65,65,72,85,97,39,30,44,83,91,42,77,56,60,60,65,33,34,70,38,90,77,76,34,65,31,54,37,69,60,83,52,33,34,39,89,48,85,91,32,87,94,65,77,97,58,66,73,35,37,73,58,37,46,53,40,56,58,65,47
95,88,76,70,41,51,62,98,30,81,59,88,66,88,86,81,38,79,75,62,38,44,35,58,56,63,56,76,94,53,64,66,60,62,91,69,45,82,53,85,50,98,90,80,54,48,86,80,46,40,53,43,69,92,39,45,38,45,65,72,92,51,77,47,94,91,65,39,76,61,88,83,33,97,53,68,34,98,83,51,39,77,93,80,70,51,90,54,60,77
84,82,61,83,62,59,33,65,93,44,59,33,93,43,35,81,57,51,72,42,70,75,70,50,56,53,52,55,51,88,92,98,55,87,34,47,57,51,75,36,98,69,68,50,75,32,92,63,35,38,67,39,73,96,84,94,50,90,51,86,90,93,98,73,80,30,85,59,35,98,56,33,57,45,33,39,74,89,33,58,50,66,63,90,56,80,92,43,30,82
79,38,61,87,51,90,95,47,34,83,32,49,64,55,69,67,93,85,42,76,51,87,80,68,97,36,90,90,38,67,32,46,80,89,61,70,49,83,90,64,44,85,32,34,64,86,32,83,61,92,84,78,48,87,33,96,41,64,50,74,98,44,84,96,35,83,50,81,79,53,90,98,77,75,60,50,86,41,94,81,35,47,37,61,30,66,58,65,45,59
62,58,44,71,47,32,84,71,66,59,38,35,94,34,36,32,93,61,95,48,36,44,42,89,87,90,79,98,33,68,45,57,88,46,48,90,82,72,84,67,33,88,85,38,92,46,63,47,54,63,94,51,62,79,33,70,61,86,52,55,57,86,43,39,89,84,88,55,31,86,35,33,43,49,45,36,49,83,55,94,83,36,71,79,44,79,94,75,62,48
47,50,57,93,37,53,58,48,39,80,31,82,32,79,32,85,34,53,58,93,93,51,73,62,86,60,60,45,67,95,57,73,84,63,86,78,31,49,66,51,30,51,65,57,84,80,58,72,97,56,39,64,62,96,37,42,35,47,80,86,81,92,50,65,66,71,93,79,47,33,75,57,67,85,51,61,85,41,66,69,33,34,58,55,43,42,98,77,48,82
61,97,93,54,73,77,54,93,74,57,73,50,30,93,66,71,93,51,39,76,31,64,33,92,47,41,95,47,91,52,40,81,73,37,91,40,70,92,58,44,62,84,49,86,30,43,37,66,49,60,83,44,78,50,46,79,50,57,48,38,59,51,88,71,80,72,85,69,47,44,77,68,90,81,56,41,55,59,74,68,73,44,33,67,32,66,94,71,96,81
40,36,39,48,47,32,79,51,51,53,59,32,50,39,97,31,35,44,55,41,58,62,76,83,77,32,35,55,67,91,61,74,81,62,36,84,54,75,78,84,96,94,66,56,46,74,94,92,97,96,88,80,71,40,42,87,34,68,80,79,56,46,51,41,94,72,85,35,48,64,58,36,77,56,77,98,51,87,75,80,78,56,48,48,76,76,53,45,35,86
75,30,74,68,82,84,74,78,51,69,85,67,56,56,64,71,38,65,73,57,60,74,86,62,40,44,98,96,63,59,58,54,80,52,37,57,58,35,39,73,37,47,94,58,44,44,74,54,84,97,57,66,45,66,68,70,50,72,58,93,89,49,94,44,66,84,79,52,52,81,31,30,37,42,72,70,47,90,33,65,30,85,66,40,97,51,95,98,86,41
97,78,56,97,35,63,40,84,54,98,97,63,49,58,78,30,82,30,34,66,95,71,32,56,55,37,68,74,60,46,92,92,58,72,97,87,76,82,81,54,59,58,56,43,75,79,88,47,96,52,86,70,34,63,83,44,93,31,49,91,96,86,70,95,50,60,66,38,80,98,62,95,79,68,45,86,72,89,91,46,88,79,98,88,94,95,31,89,34,31
58,58,43,55,61,58,56,84,47,84,42,54,66,78,80,98,37,52,67,49,45,32,88,59,54,85,80,87,41,63,70,44,71,66,51,38,51,56,43,94,58,55,55,37,44,43,80,83,32,59,49,79,76,96,89,72,45,60,47,70,84,97,70,89,92,98,80,78,82,82,61,50,31,91,31,45,89,30,97,84,57,53,54,92,70,50,92,60,46,30
45,51,62,95,44,61,95,67,73,70,48,83,59,35,59,60,73,36,56,42,56,80,57,59,87,55,82,78,97,97,67,82,57,96,52,57,80,93,75,36,32,90,73,52,52,51,71,71,49,63,53,95,33,43,58,83,89,53,91,52,33,49,76,40,51,45,79,86,66,46,66,72,49,40,33,36,91,65,93,90,34,46,92,66,77,68,43,59,84,70
40,32,53,62,43,82,88,84,57,35,62,84,95,47,58,76,49,60,34,60,75,70,61,73,38,37,53,63,73,86,34,61,41,96,72,52,44,76,49,74,76,82,80,71,63,85,62,58,91,94,38,36,47,46,37,96,61,52,83,43,62,39,71,37,87,78,57,80,82,88,88,31,64,46,51,35,60,69,89,74,58,69,52,86,86,31,97,44,64,87
36,58,51,62,59,63,48,75,54,87,64,54,96,66,58,44,32,36,98,35,57,32,80,85,31,32,60,61,55,40,90,30,54,77,51,59,85,75,96,35,32,53,97,77,48,53,62,79,50,90,86,77,82,57,46,81,67,83,84,75,54,97,36,42,71,53,93,83,53,41,93,68,96,49,75,81,92,92,79,42,60,58,30,64,92,35,40,66,83,49
45,92,65,79,39,42,62,88,38,68,31,62,33,80,44,37,34,85,71,52,68,50,34,97,84,51,87,94,48,84,38,68,41,58,85,43,54,70,65,71,90,35,36,96,93,41,64,62,65,66,76,36,90,64,85,89,32,68,71,98,70,81,31,42,37,67,65,95,36,79,38,91,36,77,71,71,32,65,68,73,97,60,37,45,95,66,95,74,90,96
90,64,97,33,37,82,58,82,93,74,42,33,34,42,58,54,59,69,68,96,40,85,89,31,64,93,76,48,50,40,54,34,88,47,90,92,76,77,86,86,54,46,37,45,84,52,50,95,32,93,67,44,84,47,77,50,80,43,79,83,33,80,37,69,54,81,60,83,87,39,98,52,55,32,76,42,78,79,86,34,92,50,91,40,49,45,90,91,74,66
54,53,46,41,90,97,78,52,74,69,57,44,35,55,82,54,41,38,62,71,60,41,93,30,80,52,30,64,43,72,42,79,98,83,87,39,94,96,43,90,83,58,71,53,49,56,84,50,79,97,64,75,67,81,94,73,74,58,61,92,83,95,38,75,40,51,46,48,64,75,38,35,74,86,74,34,63,95,62,93,69,56,85,67,49,62,52,57,76,88
80,98,42,84,75,91,61,52,92,44,87,60,66,57,82,48,97,40,49,94,30,32,56,85,55,52,58,54,45,34,89,34,72,95,43,71,92,69,97,82,34,96,30,30,62,60,88,31,65,53,70,59,94,49,54,54,63,94,55,89,54,56,65,59,79,97,32,93,31,32,90,91,82,94,96,39,68,81,45,55,95,35,97,56,66,88,56,78,90,39
51,74,88,30,74,66,65,58,85,89,97,91,64,89,38,43,68,67,51,67,38,93,68,55,90,57,45,75,35,75,60,88,44,88,52,88,34,60,48,60,76,71,94,82,30,60,35,95,70,89,56,86,98,46,39,74,36,98,80,92,36,98,47,43,32,59,87,98,40,49,48,47,83,60,88,66,51,68,91,37,30,31,65,81,90,63,85,94,41,78
59,95,62,40,59,30,78,55,38,36,52,85,70,40,36,69,57,95,46,84,52,93,46,78,97,33,34,42,69,32,46,58,54,92,69,36,97,70,62,40,39,32,47,58,60,53,47,92,47,34,52,51,36,40,33,62,37,61,89,53,34,39,76,66,86,69,83,63,32,53,82,61,78,55,97,93,39,52,59,54,78,71,49,57,84,50,41,49,36,89
85,50,32,31,81,71,58,42,48,91,82,51,82,63,90,32,36,48,37,57,62,84,89,61,84,32,64,35,35,55,31,55,60,73,61,87,79,54,57,44,76,69,48,92,38,80,92,66,85,72,52,56,47,40,54,51,49,68,55,67,41,50,94,69,45,93,69,88,30,64,74,92,82,47,95,67,69,41,52,54,70,64,86,83,76,71,61,49,65,87
88,55,64,40,83,78,44,88,60,51,51,38,87,94,78,83,46,80,96,59,76,85,31,68,92,41,30,48,76,42,40,90,39,31,42,60,93,68,70,93,37,80,51,32,42,74,70,55,50,70,79,71,47,37,81,73,60,55,83,60,86,55,71,37,69,81,82,93,59,55,45,39,60,67,47,50,92,55,91,74,70,54,31,63,30,38,66,59,46,48
45,81,55,81,85,63,79,53,31,55,88,58,46,42,68,58,44,34,62,97,39,92,45,50,48,39,71,47,68,86,66,47,68,44,68,46,33,91,31,30,89,40,48,81,80,31,35,89,67,95,85,36,52,33,34,98,55,36,31,63,34,82,64,43,55,52,56,63,73,34,58,44,45,79,81,34,89,87,89,69,74,36,42,42,48,93,38,36,68,92
46,97,86,67,76,54,92,70,39,57,71,71,74,59,48,93,42,50,83,89,55,95,71,52,98,37,56,95,96,73,72,52,34,73,96,53,36,93,59,90,37,33,72,92,58,79,43,71,83,68,79,35,86,62,70,59,52,46,37,77,93,67,92,65,48,69,76,75,69,42,70,77,73,61,91,92,86,72,55,43,73,68,49,42,49,43,91,45,98,82
73,52,66,84,52,67,32,55,75,51,97,32,40,51,45,60,92,96,36,39,44,33,55,90,63,80,94,88,97,49,84,59,61,67,40,78,87,65,33,69,38,43,56,38,86,36,71,45,43,55,91,43,86,66,41,48,54,48,31,66,37,69,67,34,98,45,60,65,93,33,84,70,80,88,71,60,80,81,77,32,70,89,47,77,54,72,57,86,63,74
67,54,79,75,51,71,33,58,40,84,35,65,41,82,57,30,36,81,60,36,98,67,67,62,78,70,88,54,56,98,44,67,33,90,71,63,63,72,61,37,43,46,31,88,49,47,97,89,71,35,31,40,69,67,87,70,75,82,31,51,64,44,30,79,58,68,89,79,62,60,36,92,40,51,92,84,31,85,46,77,96,97,31,38,40,62,48,36,62,68
65,63,36,55,55,83,95,68,59,43,40,92,74,31,82,84,60,74,38,69,88,37,78,85,60,87,86,83,57,40,38,98,67,37,81,83,64,38,42,68,51,60,85,74,76,55,96,86,96,91,36,55,77,39,76,52,81,61,39,72,92,62,66,55,30,78,37,68,87,79,95,36,45,60,75,72,91,80,55,82,50,84,95,75,84,90,80,76,39,92
57,52,85,36,68,38,35,40,95,80,91,60,52,36,59,56,47,75,43,66,54,66,68,63,62,95,65,49,78,53,63,72,30,90,72,35,91,71,74,86,79,51,34,83,65,37,79,42,92,52,53,53,90,37,47,35,89,88,70,46,77,37,44,96,35,98,71,43,95,67,45,41,44,63,62,35,36,83,66,71,71,77,85,83,97,88,64,79,36,39
45,90,57,93,59,95,36,97,40,69,61,76,59,52,42,56,47,80,81,78,38,83,77,39,93,72,41,83,76,69,59,39,98,72,62,37,56,57,94,39,77,46,97,93,82,72,67,43,73,53,52,64,49,37,35,41,49,57,43,48,33,92,49,36,45,58,79,98,79,78,48,49,62,33,56,47,93,72,87,54,44,92,39,31,95,58,34,57,52,64
67,76,85,31,89,77,91,71,65,30,56,45,47,92,45,84,94,49,57,54,30,31,53,65,97,38,88,82,79,89,66,35,40,88,94,79,88,56,88,47,50,32,71,85,56,57,81,41,34,81,93,46,78,30,33,72,58,51,92,41,42,58,33,90,52,40,77,80,60,72,53,34,42,71,68,92,66,73,91,76,34,32,61,44,80,63,77,32,80,30
35,46,83,76,48,37,60,98,36,54,55,83,33,86,46,85,83,61,61,45,73,84,60,40,65,75,61,34,97,70,61,93,73,49,34,58,65,67,90,82,77,95,41,95,73,70,98,66,88,70,31,36,46,85,66,73,91,63,53,85,47,82,86,72,70,94,35,42,70,90,53,45,35,83,80,93,51,48,72,47,45,74,66,68,60,54,31,64,79,61
76,44,44,32,70,40,61,67,43,74,62,49,72,44,34,62,40,72,94,62,91,71,62,32,82,35,35,42,39,31,79,42,70,40,44,96,76,82,39,96,86,51,71,65,89,67,88,42,54,58,72,51,88,54,90,88,33,89,46,83,97,98,80,86,51,72,58,32,65,60,34,59,83,68,31,88,51,98,50,80,76,44,56,78,61,30,48,45,85,45
79,36,84,97,91,34,76,37,43,86,36,93,40,65,98,41,81,39,93,92,88,90,54,69,86,77,45,69,56,50,69,73,60,42,40,52,78,36,62,41,30,60,85,62,62,93,30,81,62,98,71,83,57,74,64,33,86,43,65,91,75,75,65,48,73,61,48,45,71,33,82,95,48,71,33,54,61,87,64,94,65,83,36,72,53,46,71,71,40,85
85,56,88,60,60,61,95,52,30,70,73,63,79,75,69,68,90,35,46,67,81,31,65,56,73,30,35,45,47,48,59,80,30,50,49,80,72,42,95,79,98,40,31,70,77,91,90,96,40,72,33,70,41,62,89,70,84,44,67,81,75,63,98,37,96,57,91,96,60,94,35,61,47,79,92,85,41,97,39,49,94,95,78,73,50,92,47,87,76,30
97,33,50,44,77,92,85,91,82,98,70,70,52,80,55,49,48,77,55,93,52,81,57,61,53,51,65,42,79,47,69,79,82,57,97,56,63,95,79,80,56,95,86,52,33,70,62,68,53,38,59,62,88,92,33,82,56,84,44,55,83,82,97,88,49,74,96,84,88,47,49,33,69,70,61,60,49,78,68,85,57,73,81,58,30,67,49,91,50,60
87,67,81,53,56,88,77,32,79,90,44,30,68,57,75,38,53,37,32,60,53,56,88,92,43,58,96,72,82,37,77,30,31,91,39,77,89,60,44,34,64,44,61,32,92,56,96,49,44,79,54,93,41,49,57,64,45,47,42,33,85,30,60,89,89,58,97,49,59,59,92,36,68,86,67,33,54,63,59,45,71,81,47,38,95,80,93,56,90,92
71,76,89,56,53,44,58,90,51,74,70,72,90,39,67,43,60,71,92,44,42,55,54,47,85,80,94,96,39,71,76,87,34,74,48,41,61,42,40,31,85,48,51,47,47,69,73,89,47,45,76,48,36,95,82,88,59,57,72,42,44,42,85,69,80,77,86,67,59,58,43,93,73,47,82,80,46,36,67,48,41,39,57,75,66,73,62,60,62,53
45,41,70,84,75,65,42,72,52,72,42,58,35,78,56,86,81,48,61,40,86,48,73,71,48,92,78,76,56,64,73,36,64,56,74,50,45,84,46,68,78,63,85,59,86,44,35,95,38,43,30,56,54,48,83,60,93,85,60,55,96,57,46,85,94,74,69,73,49,41,62,89,46,92,53,35,51,94,78,60,80,52,89,88,78,31,83,61,63,80
72,57,48,87,98,71,52,92,73,49,49,38,43,93,84,62,32,93,52,39,84,92,60,68,90,58,71,61,74,47,41,97,51,95,46,41,85,64,72,81,73,76,67,34,76,54,93,36,85,96,94,93,63,46,59,39,56,65,36,45,94,81,34,73,30,63,39,66,35,83,64,69,47,80,78,90,40,65,37,39,44,56,87,56,75,39,95,66,76,56
61,49,93,92,55,59,84,51,52,80,69,46,64,39,55,35,89,33,39,81,91,48,34,75,90,40,42,97,94,48,51,79,58,98,53,76,71,52,68,38,60,31,36,78,75,53,51,49,93,35,43,46,72,34,85,80,76,75,93,78,41,75,55,32,36,68,56,75,87,97,93,30,33,87,89,54,58,86,53,83,97,87,56,65,72,88,68,56,68,54
87,56,92,94,92,76,39,80,47,59,89,86,94,64,40,32,57,57,60,67,67,74,56,90,86,56,50,38,98,35,48,91,61,46,53,53,83,96,84,80,58,51,35,31,87,42,66,94,46,97,69,85,52,45,35,31,89,94,70,95,68,70,47,30,52,51,84,85,96,57,34,51,96,66,39,39,57,35,91,74,42,32,51,39,49,67,55,81,43,45
44,84,48,95,55,98,85,52,58,59,43,72,59,79,65,71,58,30,31,30,30,33,76,43,51,63,36,82,95,67,49,75,55,90,80,92,56,77,82,85,48,53,91,30,40,31,54,71,45,89,87,52,70,57,30,30,85,69,83,82,68,44,97,58,42,56,38,33,41,67,81,33,58,31,37,80,78,61,69,92,61,84,54,93,77,68,37,64,38,62
52,75,35,65,80,38,64,89,90,91,53,81,83,65,60,45,91,92,80,91,98,84,63,60,45,97,54,71,93,66,75,30,73,64,69,44,47,61,46,35,36,33,65,48,92,83,38,83,43,47,42,90,77,52,92,56,89,40,91,97,38,43,31,35,39,74,73,41,67,52,60,41,88,91,51,82,54,62,67,44,87,95,38,90,52,83,33,56,91,46
50,42,65,80,64,52,56,94,89,46,90,81,34,87,98,50,53,60,81,59,96,48,77,34,48,81,41,43,90,35,67,96,34,93,34,45,78,55,83,36,93,69,55,63,50,57,71,53,74,84,61,51,58,87,33,60,91,73,36,75,33,78,41,88,91,95,48,80,72,95,60,30,93,41,82,84,36,63,50,59,50,96,89,82,56,40,39,55,98,77
79,42,94,48,68,90,50,36,87,80,76,70,46,60,66,70,80,96,74,62,72,89,40,70,84,91,33,46,68,42,38,65,95,44,39,44,83,34,74,40,35,63,84,85,35,74,62,95,32,47,42,43,43,44,94,92,49,31,90,85,64,62,88,49,49,34,79,95,84,52,48,40,90,31,80,71,80,42,53,42,58,83,59,86,98,98,56,48,67,46
45,55,57,46,90,42,79,50,98,59,84,72,44,88,51,80,54,75,98,30,30,90,42,38,38,58,43,81,54,82,92,64,49,36,94,37,70,58,38,79,93,47,87,81,56,48,97,74,79,40,83,93,57,42,35,63,89,95,58,72,69,39,97,57,81,37,53,48,72,96,88,46,35,93,37,73,34,82,60,43,40,34,39,84,45,85,41,48,93,94
75,66,38,44,91,97,87,52,88,30,95,68,31,56,40,52,62,52,61,68,97,41,40,62,67,86,65,32,85,39,93,37,53,40,39,58,98,39,93,54,72,63,77,69,43,34,66,84,71,45,83,69,34,41,62,83,66,72,55,92,83,76,83,55,65,84,31,46,93,98,59,60,36,68,36,54,38,61,45,85,32,86,83,97,77,46,36,70,75,37
71,63,76,41,53,79,46,54,49,92,66,55,69,91,31,89,53,60,31,42,82,51,74,64,56,87,42,61,62,87,60,61,83,63,96,90,93,80,55,89,53,50,43,45,36,30,89,53,37,51,44,51,56,69,33,67,70,59,69,69,67,40,80,75,96,36,49,71,97,52,97,50,64,96,86,74,69,90,60,80,88,88,54,64,59,56,56,79,61,71
96,94,92,66,70,48,90,89,78,52,31,74,98,59,45,39,97,43,71,83,71,91,33,87,93,48,75,42,47,98,77,61,62,88,96,87,34,87,56,96,58,50,55,62,48,34,90,76,37,80,66,60,49,31,47,76,76,42,58,42,40,40,71,45,90,84,95,47,42,84,71,47,34,98,68,52,48,39,49,85,97,96,40,74,30,38,61,47,31,64
59,54,68,95,59,52,69,63,73,51,63,44,46,49,95,32,69,66,46,66,60,66,63,37,64,87,69,40,64,41,83,33,42,43,97,50,37,51,48,38,42,54,51,45,45,49,63,75,85,87,87,53,44,94,50,92,33,94,60,39,48,53,76,44,77,34,56,95,36,57,87,40,62,82,59,74,51,38,53,69,48,30,39,77,87,56,64,97,85,72
97,88,58,34,42,91,77,64,37,32,71,47,38,62,75,78,44,67,86,48,78,50,92,62,88,73,81,46,32,62,68,70,58,55,53,90,41,42,86,35,49,36,65,46,89,80,94,70,41,56,35,95,57,53,45,91,43,36,97,30,30,69,83,98,40,87,30,51,65,42,62,35,56,35,49,60,86,30,69,47,88,97,76,52,76,43,96,92,41,83
83,68,31,73,47,78,83,92,34,49,36,66,74,64,68,34,51,41,70,76,68,59,87,67,48,91,71,77,98,38,60,70,82,86,97,76,37,66,43,73,78,52,44,57,38,85,33,42,34,72,36,50,51,58,68,47,97,61,34,73,39,63,88,37,68,92,53,40,91,92,36,65,80,52,41,43,61,69,89,95,42,45,76,59,47,72,59,97,44,77
34,59,59,33,81,57,91,74,31,59,58,66,69,51,50,74,34,98,85,91,76,66,86,32,50,69,71,54,51,41,70,51,95,71,34,85,30,49,87,74,67,85,83,82,89,80,93,73,31,35,58,89,95,62,91,40,54,55,39,77,48,45,96,58,80,40,30,95,88,68,89,88,55,95,47,68,73,69,95,64,39,71,98,34,60,40,96,46,82,89
93,63,98,78,84,72,65,70,59,39,90,33,48,68,93,48,95,87,55,88,40,85,78,80,72,77,56,61,50,95,87,73,32,70,36,65,40,59,62,70,89,85,35,60,62,84,58,43,47,47,45,60,61,86,35,72,37,55,97,67,60,69,76,94,53,90,30,96,44,76,45,65,75,60,55,83,60,31,53,54,33,97,41,39,31,50,51,64,87,74
62,61,96,66,89,58,73,33,82,32,79,78,82,59,81,55,32,45,95,87,95,76,69,91,70,86,92,62,53,97,84,55,38,86,92,59,65,87,69,39,93,49,82,33,79,85,47,75,50,50,62,85,81,51,76,96,70,43,49,69,40,87,42,48,61,49,81,75,83,54,87,45,39,79,83,59,54,38,83,69,58,32,46,80,83,35,81,40,65,87
33,76,77,43,34,50,37,37,49,79,67,71,39,87,46,87,51,87,78,46,96,89,96,51,68,56,97,90,53,91,55,56,57,39,36,47,59,69,58,97,68,60,44,89,69,71,67,64,87,69,64,51,76,40,56,61,53,53,44,60,79,30,94,42,48,75,47,73,49,55,70,76,47,46,68,74,85,56,36,78,62,65,55,37,98,41,80,42,52,41
90,34,98,65,82,64,31,90,64,43,62,41,74,51,59,93,31,92,39,56,64,41,81,58,55,98,52,97,59,46,38,30,54,82,98,60,56,91,95,43,59,48,33,82,65,66,46,72,43,44,90,35,76,96,32,75,97,47,65,32,91,91,74,96,54,50,55,46,32,59,63,67,52,63,84,84,82,95,82,80,74,80,48,94,95,54,63,93,53,73
83,54,60,34,71,32,59,44,97,54,86,72,88,62,67,92,69,63,63,79,90,49,33,83,85,58,66,93,38,30,79,92,89,71,71,37,93,56,88,94,59,90,61,38,31,30,58,78,93,70,66,96,32,94,39,61,97,33,65,34,33,76,90,37,59,86,81,92,79,53,46,90,58,49,76,66,38,81,82,75,71,44,88,65,39,87,40,52,76,73
46,80,47,98,86,38,90,90,55,81,77,48,35,63,89,73,87,81,42,68,46,83,85,89,82,45,82,97,73,40,71,57,53,89,46,78,83,30,60,48,78,71,98,46,73,69,69,81,46,84,43,30,66,64,77,55,62,42,88,57,69,43,81,33,47,89,54,94,68,95,37,62,82,53,98,56,84,93,70,59,40,56,42,85,80,94,57,58,76,65
71,45,88,68,94,86,49,55,69,98,40,55,90,63,86,57,32,59,74,69,34,83,86,85,83,63,32,47,96,49,86,82,52,31,46,44,60,44,54,54,40,38,85,75,30,62,86,52,57,34,93,91,77,71,88,81,55,76,49,33,91,53,86,58,92,46,81,38,31,77,75,34,78,31,74,91,82,76,90,58,55,47,65,87,37,49,40,93,36,58
42,51,77,71,43,34,79,45,51,32,76,69,41,69,66,67,55,36,71,37,96,33,30,35,47,79,30,67,85,76,48,98,70,36,50,78,90,77,70,85,58,96,87,84,76,32,51,66,70,71,51,64,90,48,71,85,33,91,83,93,69,37,96,41,56,86,63,69,67,48,44,75,48,72,96,94,60,40,83,52,70,56,83,89,33,85,54,74,67,87
91,30,39,36,34,35,43,98,65,79,72,32,97,31,67,58,98,56,74,77,85,53,36,86,30,93,97,30,87,56,69,54,32,84,35,54,33,53,51,69,50,79,36,66,72,54,66,88,42,75,50,74,58,76,50,50,40,62,37,64,44,55,65,55,57,34,51,94,31,98,96,57,54,56,78,82,52,84,54,76,98,88,97,60,53,98,46,82,49,76
77,57,71,95,72,33,86,46,55,77,70,91,69,82,93,86,40,66,34,65,79,33,54,48,93,64,35,35,54,45,60,49,44,48,44,44,74,87,61,96,54,98,47,90,97,89,90,77,53,45,52,57,74,61,64,64,97,95,92,71,73,35,56,96,52,90,38,85,79,42,66,92,72,43,56,69,52,36,89,68,83,39,64,84,68,78,59,79,98,93
93,80,79,95,37,60,78,88,80,87,51,62,65,69,64,69,34,82,36,87,97,77,68,73,41,48,69,93,70,41,91,76,37,73,88,83,84,43,84,41,94,90,72,48,82,33,62,49,89,93,38,70,83,48,42,78,79,89,44,37,88,77,62,97,39,73,37,88,40,41,69,95,32,63,33,83,72,30,44,88,88,63,45,34,40,45,30,48,31,51
46,65,35,69,91,38,59,74,86,86,96,90,69,68,78,97,48,64,78,86,42,81,90,33,62,88,69,92,80,84,69,87,30,92,63,74,62,46,44,67,92,84,56,64,82,54,83,60,54,46,34,59,87,36,83,48,35,34,95,86,84,86,65,31,70,71,35,63,51,96,47,68,76,80,30,62,43,57,39,44,65,95,96,43,30,90,62,37,31,91
58,72,91,92,46,62,37,57,59,53,72,72,60,41,91,79,31,35,74,51,78,78,32,81,82,40,83,31,53,70,38,87,74,87,67,70,85,72,73,88,51,36,35,58,31,44,92,96,90,59,65,46,63,40,77,39,67,31,58,45,40,48,63,83,91,67,72,70,53,85,53,79,34,45,88,87,87,93,52,61,30,35,41,48,62,38,52,93,61,70
77,40,36,64,34,66,81,82,74,70,52,38,55,72,39,77,95,48,53,71,83,91,66,94,77,48,76,91,58,57,45,62,68,38,39,91,73,61,45,77,79,35,92,59,46,94,34,49,44,38,41,34,83,34,37,30,57,89,47,53,95,86,71,59,66,88,89,90,59,69,94,78,52,82,87,71,66,40,53,76,41,87,31,47,32,86,90,51,39,33
81,65,38,55,98,45,51,71,91,37,87,60,43,52,40,54,90,85,84,66,72,67,86,75,30,70,69,40,39,92,50,85,50,48,58,78,92,79,36,38,44,66,50,36,67,80,42,66,46,34,62,47,74,88,92,65,87,77,32,82,30,87,74,55,44,86,70,49,86,90,45,50,52,63,44,64,66,35,69,55,91,66,90,54,82,98,43,79,97,98
55,38,32,32,62,80,95,97,92,51,90,83,77,57,72,59,89,69,63,92,44,84,91,59,50,96,54,60,83,80,92,98,95,85,70,35,69,49,74,42,47,50,94,88,74,81,48,62,94,96,62,31,75,75,38,40,69,90,90,39,70,33,42,51,51,53,77,93,44,78,91,58,49,78,91,93,30,31,83,87,67,40,59,97,40,88,77,68,87,85
69,94,77,51,64,67,84,57,88,89,74,36,42,44,52,87,76,79,40,75,38,57,98,32,32,91,74,78,86,61,56,53,97,78,71,57,74,84,49,89,31,80,62,62,69,44,34,35,96,57,30,45,78,78,63,32,41,52,89,45,63,96,93,87,94,53,38,43,64,46,75,76,48,47,42,89,80,66,33,68,78,89,62,80,69,67,96,96,66,44
56,92,38,35,75,45,42,87,52,42,63,98,60,69,65,32,70,65,47,94,41,51,76,96,45,42,84,69,55,42,70,90,80,41,53,35,66,37,42,70,61,63,76,47,56,33,40,94,42,75,46,50,40,52,47,44,86,33,48,40,57,70,51,72,30,93,83,93,64,36,75,72,62,41,63,49,59,84,72,98,87,67,63,47,84,32,48,38,63,49
48,52,72,92,53,46,86,95,72,85,60,83,91,56,87,95,60,72,61,41,43,80,79,89,36,84,66,80,36,87,56,93,69,66,51,43,75,49,69,58,46,69,86,76,50,69,98,57,41,82,75,30,85,68,40,52,49,43,57,33,87,96,32,67,95,32,93,67,36,41,70,61,52,46,49,44,43,61,48,32,51,73,42,93,38,30,42,66,54,38
58,56,85,92,43,90,90,48,46,93,38,75,75,70,98,66,55,52,92,34,49,91,71,37,43,87,84,94,88,86,72,78,74,84,93,71,83,62,65,98,56,77,90,60,66,37,98,70,89,47,45,92,30,61,48,63,53,88,90,43,94,85,65,50,50,86,36,48,51,50,68,49,37,80,82,56,52,53,89,38,75,65,77,69,45,61,49,54,69,67
79,96,42,78,69,53,56,38,60,70,50,67,47,98,35,57,83,86,70,89,63,44,45,44,66,46,69,37,86,87,68,69,69,66,35,66,51,58,96,63,45,59,83,95,48,37,59,87,70,98,35,89,91,38,45,94,74,57,60,45,82,33,58,60,55,36,33,92,70,48,83,74,63,88,78,93,59,37,55,74,72,40,70,79,97,40,53,60,59,96
48,89,35,98,86,56,75,77,86,81,58,60,75,44,47,78,60,79,97,92,48,35,33,79,59,79,78,72,64,50,88,61,63,70,93,72,96,73,68,54,53,41,89,47,32,96,96,38,46,71,77,57,90,54,76,82,98,35,82,83,89,48,65,77,72,87,96,79,42,72,89,80,89,60,88,31,71,34,81,87,82,74,93,38,71,82,98,59,71,77
30,51,58,84,58,96,55,85,35,65,50,67,73,55,66,80,79,92,59,47,42,89,33,68,93,56,83,86,84,66,37,98,35,36,80,87,85,36,87,94,49,94,57,49,86,40,70,39,96,97,91,32,48,34,42,93,43,54,77,32,94,62,69,70,68,68,49,78,93,48,60,31,36,40,97,33,82,41,62,85,86,59,81,63,52,33,64,60,60,78
64,36,48,72,67,94,70,48,79,73,34,51,51,98,72,92,69,79,71,83,82,93,45,45,69,51,36,73,83,65,51,51,97,43,98,88,98,71,32,57,52,86,68,87,87,33,63,39,53,77,86,52,44,80,92,70,54,35,89,51,74,74,34,67,38,41,35,80,96,45,72,43,52,92,59,33,31,79,83,68,55,36,89,32,79,95,83,79,41,78
69,49,46,96,70,36,49,33,75,45,34,34,32,40,82,41,46,69,77,64,70,89,79,47,30,77,38,79,34,41,33,75,96,57,37,30,67,76,77,85,31,32,85,88,50,31,70,95,65,80,82,67,79,37,60,43,69,97,74,69,71,57,33,54,92,86,82,42,62,37,73,57,89,90,93,64,39,73,73,69,79,62,70,58,38,52,56,90,62,51
98,93,49,62,92,98,93,53,38,61,71,31,70,65,98,30,49,46,63,52,66,41,50,41,79,66,34,36,57,95,74,84,48,96,74,39,82,86,59,64,66,62,74,60,47,89,31,83,66,94,32,30,56,68,83,57,50,75,68,35,78,54,44,43,31,46,65,89,93,44,70,72,93,94,82,61,83,92,35,65,69,97,56,58,87,42,31,30,36,61
41,69,39,53,73,78,96,96,77,91,44,56,61,76,63,63,47,92,67,38,71,88,53,90,58,52,67,67,41,87,55,83,93,96,66,46,86,84,91,39,59,59,37,74,37,59,86,96,43,92,45,70,49,45,30,53,50,89,73,32,35,30,80,60,35,65,52,95,69,31,75,49,93,62,39,98,89,37,30,97,71,54,58,30,83,52,54,54,30,78
43,67,56,62,38,85,61,32,63,67,37,95,70,49,65,58,81,95,33,53,95,76,44,97,44,71,38,63,80,76,84,82,46,55,87,71,89,85,70,90,63,75,74,89,56,75,81,62,81,80,49,94,56,33,58,83,46,58,45,94,48,32,53,56,70,80,38,82,57,70,55,46,74,59,77,51,80,95,86,53,94,85,88,56,62,51,49,83,73,57
85,81,42,31,36,63,89,81,84,86,64,65,62,68,53,96,34,60,95,90,58,97,73,75,78,35,38,92,54,64,93,45,42,39,60,68,57,85,49,62,68,89,40,66,66,97,51,82,80,31,88,34,46,64,40,45,57,34,75,36,91,57,92,90,97,55,98,37,30,67,55,51,74,37,49,41,81,53,80,68,43,42,71,81,65,70,80,42,60,98
96,88,42,70,65,69,82,45,41,57,67,68,76,56,93,55,44,77,40,32,70,48,96,33,97,34,64,85,78,47,31,49,43,90,37,44,64,77,93,30,92,53,51,56,66,61,81,73,74,75,36,41,37,42,41,42,91,77,45,89,32,97,69,75,56,85,48,84,65,47,36,72,80,39,61,91,47,71,54,37,46,46,80,35,88,54,39,41,33,53
60,96,44,49,58,97,39,42,70,92,89,75,98,50,52,41,69,47,35,61,61,35,97,54,57,68,92,96,76,37,85,37,33,75,40,39,35,85,45,62,33,58,32,46,92,76,43,41,95,65,77,91,46,36,69,56,40,93,67,30,60,62,89,68,37,47,37,64,54,37,82,88,68,93,68,39,61,97,86,53,73,65,59,92,67,41,42,43,75,49
92,50,47,63,84,76,70,40,50,81,31,76,85,31,63,78,54,95,58,61,63,96,35,78,58,86,69,47,73,56,61,87,72,36,46,30,57,87,31,44,57,56,57,42,70,46,76,70,75,39,91,76,82,32,66,62,66,63,75,76,72,57,77,67,55,35,52,34,98,36,67,72,41,31,73,87,45,50,31,43,60,80,98,60,80,51,34,43,60,96
73,57,64,47,94,38,54,51,31,80,42,84,61,92,96,72,61,79,90,75,69,70,37,37,88,71,43,74,66,42,77,39,81,57,58,34,53,36,88,35,58,88,52,52,42,82,60,39,45,34,54,90,54,46,46,78,88,97,61,63,64,84,84,30,58,63,30,70,84,53,69,51,55,95,75,90,46,89,66,96,43,51,48,81,78,40,76,54,53,53
71,56,75,85,83,83,67,40,55,69,75,46,95,81,35,69,39,49,40,67,85,76,51,36,67,68,63,57,75,74,63,73,77,61,91,85,41,73,61,81,79,92,67,64,65,69,86,84,87,34,52,98,88,43,62,87,54,88,92,92,87,75,40,65,78,32,73,53,68,33,44,90,91,84,36,75,55,57,67,32,57,83,57,41,52,84,52,92,61,47
44,47,34,96,94,87,74,45,34,81,87,87,84,90,79,62,88,78,90,54,66,72,58,62,74,75,67,62,63,67,61,39,32,68,32,77,84,69,67,88,74,95,67,77,93,43,90,84,71,83,62,50,52,67,90,95,82,75,93,63,95,78,47,77,34,87,54,37,67,90,70,89,67,96,85,42,73,90,79,71,32,48,56,74,47,96,79,55,90,50
32,84,66,64,67,57,92,58,97,38,43,94,40,68,98,64,52,60,74,92,85,96,95,77,89,46,85,60,65,81,93,78,43,76,75,38,96,51,89,46,96,48,57,88,65,98,75,65,52,98,74,94,64,84,56,90,38,46,54,39,32,54,78,95,63,67,96,84,54,64,93,65,33,92,58,98,60,75,97,44,34,88,83,97,57,75,58,60,57,49
43,69,97,46,54,32,46,53,90,68,77,91,54,95,65,51,79,31,37,78,51,34,53,84,68,50,43,62,68,91,89,66,61,39,89,35,73,59,70,47,52,70,77,97,62,95,33,87,96,82,37,38,85,41,31,40,36,64,41,49,96,34,52,35,74,49,34,51,47,37,31,86,71,94,76,64,82,34,92,73,58,82,78,68,92,80,85,47,79,37
91,53,92,41,86,58,49,34,96,49,31,57,63,40,95,84,35,75,96,97,56,33,69,98,81,86,90,72,59,64,31,93,63,88,33,71,37,33,72,42,35,76,72,30,30,40,79,38,92,33,34,47,47,82,72,85,35,39,71,96,32,62,73,85,62,41,70,87,42,91,51,63,53,40,57,86,92,75,49,46,87,77,97,90,55,31,83,46,84,72
53,54,92,68,35,58,34,97,41,89,41,58,59,88,95,42,87,56,30,71,40,76,72,39,44,50,41,50,67,83,97,61,61,60,90,45,72,51,55,63,73,59,78,90,44,81,63,51,97,38,97,38,62,64,63,38,90,87,90,39,94,36,90,51,62,82,86,78,86,74,88,61,56,95,96,69,94,69,46,70,70,56,86,69,32,82,49,41,54,80
64,57,39,79,75,60,63,33,91,80,70,33,59,76,44,53,90,98,87,54,30,53,88,46,87,85,36,46,49,61,70,91,67,98,68,32,87,60,30,96,52,37,93,55,90,41,97,73,47,74,61,54,76,90,96,63,58,32,91,92,58,54,88,71,51,46,83,56,74,61,96,75,62,34,54,93,84,74,84,67,66,84,92,30,40,88,31,69,40,79
67,37,45,54,36,59,68,30,98,42,97,75,46,64,61,89,53,66,71,68,53,46,63,33,44,69,87,74,38,43,87,68,49,61,51,55,70,31,79,59,98,45,59,81,75,75,49,82,62,82,89,55,74,57,79,63,88,97,77,63,73,87,75,96,91,80,66,53,93,65,93,56,36,45,51,46,98,41,78,45,60,39,53,87,41,48,69,91,91,91
78,46,66,95,53,46,30,49,66,54,66,81,48,69,38,64,86,59,62,52,51,64,51,72,85,91,61,38,64,61,82,94,47,67,81,95,58,92,45,49,56,67,93,98,32,33,83,53,30,63,57,36,66,81,56,38,48,61,38,36,35,92,70,62,49,57,65,74,69,35,58,91,38,64,52,59,40,39,58,70,96,87,34,84,80,52,75,87,32,58
90,31,78,91,44,39,87,85,76,75,61,87,59,42,47,77,92,74,97,32,30,80,75,58,58,43,58,86,81,31,81,89,61,38,75,80,81,68,40,43,46,66,57,98,87,77,59,72,56,60,56,42,59,38,86,36,64,91,74,50,70,38,72,56,45,39,67,67,69,48,38,41,32,80,41,31,75,53,33,69,38,84,34,60,76,79,88,77,76,55
52,56,71,70,72,71,64,60,89,48,74,64,79,89,83,88,39,51,57,42,84,93,65,36,81,85,75,30,30,55,93,79,37,79,97,72,86,38,94,77,60,80,83,58,36,45,78,34,31,71,40,54,64,68,51,52,95,93,30,69,86,30,64,79,84,74,46,31,73,85,76,60,63,40,50,92,36,33,52,48,62,79,92,67,54,88,98,93,67,44
36,52,95,74,37,37,91,98,56,84,54,93,95,95,56,87,85,45,41,32,79,76,58,36,61,73,43,35,69,48,44,77,55,66,49,62,89,36,37,81,82,48,52,54,73,82,48,48,76,72,98,57,42,50,71,91,36,43,60,76,89,62,86,74,36,49,88,36,77,42,94,50,95,46,69,30,97,43,31,34,53,55,61,53,83,83,36,37,51,33
61,80,94,97,77,92,41,40,59,75,81,95,84,88,66,92,77,49,71,38,78,39,44,35,81,37,49,41,64,95,42,68,92,67,45,68,85,59,77,89,57,58,61,51,35,72,61,34,81,70,79,98,61,54,66,69,96,50,36,54,86,51,82,64,31,69,75,84,68,32,42,95,49,38,39,60,31,63,41,96,85,49,51,31,45,45,48,62,93,56
97,71,85,41,40,56,32,58,82,38,77,60,49,81,57,61,34,94,82,43,57,70,56,58,71,96,49,83,73,39,45,51,92,32,40,45,62,74,51,70,30,68,85,93,87,95,32,62,47,59,69,46,81,32,61,60,35,51,82,39,63,93,89,70,38,74,80,36,80,79,68,73,51,93,80,63,65,88,68,79,73,59,77,73,64,44,40,97,84,80
77,83,77,66,63,41,56,39,81,90,98,49,51,33,46,30,60,92,59,94,33,79,53,45,78,74,33,44,35,87,56,51,84,88,37,82,70,59,36,60,34,83,66,96,58,91,94,77,41,77,45,75,75,60,73,78,39,31,46,39,73,76,92,66,51,37,40,45,48,94,49,41,79,43,56,69,65,39,95,89,65,33,58,66,32,46,76,73,79,89
30,55,85,70,89,64,51,81,74,77,81,54,71,59,75,77,42,93,75,37,55,96,58,70,86,86,60,56,81,91,69,30,41,81,76,81,58,39,61,63,35,34,97,90,46,58,34,32,60,39,57,46,74,82,91,38,35,52,89,47,31,39,42,74,73,95,32,80,60,73,61,54,93,44,47,64,42,58,68,69,80,96,37,66,76,69,30,83,33,83
65,40,98,98,31,75,83,41,53,81,40,37,30,62,47,70,78,94,61,81,53,49,37,52,45,90,58,47,79,33,80,64,70,53,35,90,86,82,79,95,56,62,62,70,45,60,89,53,49,43,75,88,51,63,38,57,80,68,39,53,44,87,78,30,96,62,38,58,46,70,46,79,92,33,45,96,95,38,33,65,51,96,58,91,81,92,60,79,51,32
43,96,34,76,43,96,85,89,42,42,93,61,80,47,63,90,40,66,63,60,47,75,67,74,60,85,51,77,71,43,96,63,56,88,69,70,42,78,95,77,52,79,57,53,32,83,81,81,89,66,58,82,86,77,95,94,46,59,97,87,53,42,87,34,57,55,74,64,44,73,61,57,58,83,88,67,95,83,88,49,48,52,54,36,75,67,58,36,47,53
51,65,78,36,38,62,75,96,96,68,59,87,47,61,49,32,72,51,94,93,85,43,70,63,33,96,38,75,76,58,30,81,37,66,59,80,98,83,79,69,83,51,81,50,87,91,59,49,49,43,40,70,79,95,35,68,93,31,54,80,60,35,33,74,63,41,76,55,42,34,98,87,46,92,95,33,65,69,81,36,75,55,33,70,33,94,33,55,52,88
71,97,34,42,57,66,66,57,53,44,68,95,76,60,74,77,65,63,55,32,95,82,78,45,40,89,83,75,34,69,69,43,69,30,56,78,30,61,64,88,33,77,55,98,33,54,38,83,95,32,97,61,74,93,57,66,30,50,33,33,44,62,51,72,88,87,71,93,89,60,84,42,78,87,84,51,42,58,48,53,86,37,36,59,79,78,56,78,33,64
45,85,30,84,54,77,53,38,60,49,66,81,76,83,33,86,44,64,44,46,45,56,86,88,62,32,81,70,72,46,44,81,90,46,56,77,30,88,37,77,66,38,77,93,62,54,84,46,92,51,83,61,49,39,59,47,90,55,35,45,51,31,85,50,83,87,51,51,92,90,58,68,70,49,97,75,59,36,81,36,58,86,74,93,79,51,81,30,96,70
56,65,61,32,80,31,37,51,87,93,70,69,81,42,87,70,32,61,32,36,43,93,67,56,49,95,44,61,67,79,85,80,93,51,76,44,66,97,34,71,63,64,76,51,30,41,52,48,60,81,32,56,72,52,80,59,76,74,60,90,94,63,81,75,87,81,30,40,76,71,53,95,85,71,83,74,67,72,32,60,60,59,81,76,81,40,60,38,39,33
83,71,62,48,73,85,89,98,61,78,31,53,95,69,49,36,35,76,98,73,57,79,82,45,92,33,46,62,43,74,69,33,72,51,67,87,47,63,73,80,56,49,67,42,79,71,69,96,52,88,77,45,53,45,44,84,93,50,48,84,55,52,98,76,39,87,66,72,94,46,63,49,49,34,53,55,49,41,82,65,80,65,38,64,89,63,71,50,52,92
41,93,33,71,52,53,96,68,49,53,47,83,93,32,73,95,68,69,47,82,98,32,64,65,83,44,41,80,46,69,61,48,92,58,52,30,98,88,63,65,70,38,87,55,60,95,69,45,97,78,88,60,71,56,67,31,71,40,38,90,40,82,66,83,68,63,35,88,54,48,40,66,82,61,82,70,80,41,65,64,31,65,63,62,77,43,82,48,37,63
50,86,62,53,89,46,60,71,94,46,33,72,79,43,55,71,90,34,68,80,91,77,44,68,78,68,72,34,63,67,68,79,41,93,38,75,35,90,31,48,36,65,34,78,55,40,74,66,59,68,77,30,34,68,77,54,94,34,60,75,45,55,98,82,30,89,45,72,79,33,73,76,42,48,46,89,71,53,37,64,61,34,95,89,91,41,53,95,97,70
87,95,78,61,93,39,89,53,80,56,56,54,75,97,81,62,97,66,67,96,46,97,55,50,71,89,88,69,39,87,90,61,33,46,33,69,70,44,47,93,39,88,94,44,35,93,64,69,93,36,46,96,77,34,59,79,93,68,78,97,89,68,89,80,85,71,49,81,60,81,73,85,57,62,64,30,67,93,49,98,34,63,42,90,31,75,72,89,85,40
70,92,91,35,89,89,44,58,57,70,97,81,43,51,98,87,74,62,34,97,45,98,76,45,88,48,69,92,98,60,78,56,40,59,50,44,55,68,45,32,85,83,81,79,41,77,74,38,83,75,37,68,39,79,57,87,67,45,33,92,74,68,54,68,51,77,38,46,49,68,91,35,71,33,51,75,39,72,93,97,67,56,40,87,49,49,41,31,62,39
79,77,35,80,81,33,98,56,65,84,77,34,71,72,48,47,72,56,66,50,39,57,42,76,75,98,96,79,71,58,34,93,76,54,85,87,91,49,49,77,64,80,38,52,52,56,82,45,74,93,94,83,60,82,98,77,80,65,62,67,65,40,33,68,81,98,69,65,53,66,53,74,73,89,85,65,57,78,30,77,70,39,36,93,55,98,97,91,83,57
36,72,66,42,45,43,51,72,31,70,54,34,30,97,60,74,43,62,85,49,84,40,87,61,95,51,42,49,48,77,67,69,35,76,79,79,77,85,30,75,85,45,82,67,61,80,48,45,87,96,95,62,34,81,77,34,32,54,74,90,88,83,43,96,62,90,68,63,59,76,64,58,96,55,77,85,83,97,97,83,69,35,65,35,93,35,75,82,61,69
59,66,69,40,71,81,40,60,67,66,56,42,77,84,45,69,52,49,65,64,81,91,88,34,35,59,97,69,89,70,56,30,44,52,97,72,37,56,90,98,87,82,92,54,95,32,41,92,30,80,33,36,73,86,36,77,40,85,62,66,73,80,98,74,40,98,42,68,71,85,66,58,65,32,65,66,62,75,94,65,57,83,33,58,73,32,92,49,59,68
36,50,72,55,39,85,64,41,60,98,63,81,53,93,74,41,39,57,45,34,98,38,33,64,45,93,75,97,35,56,92,91,62,44,33,83,60,85,46,69,36,43,61,52,31,54,81,61,73,55,60,77,65,35,33,34,79,79,86,43,58,65,57,92,34,53,67,46,39,58,35,73,43,76,66,37,97,86,44,35,44,54,47,95,70,54,34,97,65,69
72,81,57,53,94,98,47,90,47,39,39,66,64,59,56,55,42,74,30,46,51,51,42,72,45,91,50,60,64,82,54,44,50,55,31,42,47,45,45,77,58,75,77,94,79,63,77,75,65,85,94,63,39,70,78,57,35,93,93,64,38,68,52,73,78,80,31,69,57,59,63,55,93,43,77,41,68,57,88,32,53,68,31,88,67,73,50,92,98,53
85,73,63,71,92,48,36,62,60,48,41,65,69,82,58,47,95,75,98,79,80,44,37,53,89,62,83,43,85,63,33,62,78,40,55,57,97,94,59,39,97,65,96,69,60,76,34,90,78,89,96,83,51,73,33,39,74,97,39,89,78,48,70,97,84,74,95,86,66,75,59,46,97,71,49,50,41,46,87,62,52,58,36,48,66,78,56,58,61,32
93,41,38,39,51,98,46,47,45,79,71,72,83,91,96,62,36,50,80,94,79,43,73,45,45,50,54,72,38,64,73,82,75,38,57,48,46,44,42,78,64,65,42,41,66,94,43,34,55,80,51,48,81,88,82,47,92,49,67,65,87,96,34,66,47,89,79,59,69,42,35,74,35,93,49,78,85,34,30,39,89,59,64,66,73,45,96,81,48,68
75,32,32,85,82,92,78,79,75,63,71,39,89,53,63,61,40,32,38,75,53,63,73,76,33,85,70,48,92,53,40,44,79,52,50,47,98,45,35,50,89,72,76,59,45,97,82,39,51,94,46,73,68,39,51,85,43,76,80,87,59,33,95,77,43,84,73,63,90,42,79,83,95,80,54,58,97,78,62,31,75,63,77,34,35,73,83,94,46,86
88,53,39,81,93,54,60,70,33,82,34,74,41,84,56,83,83,61,52,97,98,60,57,71,73,49,78,62,35,94,53,62,95,85,35,61,33,84,72,43,38,90,88,95,33,42,69,49,38,84,94,37,83,95,39,57,35,31,76,84,86,41,63,67,79,41,66,88,92,67,74,88,47,88,85,43,71,90,64,98,98,59,32,49,60,31,51,86,62,69
88,91,70,38,66,74,73,62,30,83,96,61,56,37,96,53,36,97,92,61,47,37,43,76,35,50,67,44,67,51,72,66,57,61,94,83,87,93,98,36,46,61,78,57,59,85,57,81,82,91,33,47,65,63,95,86,95,74,53,44,48,82,45,95,62,52,48,97,47,57,93,74,37,91,84,87,69,51,76,45,67,34,80,58,77,34,98,74,36,96
69,63,32,69,86,46,33,84,65,45,36,92,45,91,38,97,85,68,30,53,93,45,75,40,90,57,30,87,32,64,92,94,52,92,60,55,36,56,40,60,96,91,34,89,46,34,50,31,73,96,55,83,86,61,40,71,55,92,39,82,41,98,53,96,82,57,36,72,69,65,51,68,91,73,52,89,85,73,79,98,51,96,44,41,56,52,71,60,65,98
94,55,98,70,44,61,90,33,38,85,58,69,50,68,75,62,85,77,72,92,84,34,46,84,38,70,82,75,88,77,58,70,43,78,78,55,68,51,50,43,55,67,53,35,85,65,38,97,92,38,78,85,63,83,55,70,43,79,39,36,92,91,98,75,44,80,75,36,61,73,98,55,35,93,95,90,93,72,89,77,39,68,81,61,34,89,53,73,94,63
94,66,79,45,34,75,52,71,62,73,67,57,53,95,63,41,52,93,55,52,34,76,74,39,38,78,59,69,80,42,96,75,64,65,58,88,65,93,48,47,58,32,93,59,46,82,94,33,47,42,35,90,79,61,86,52,52,56,38,60,73,71,84,62,92,91,32,39,88,53,68,32,96,62,75,91,42,32,80,80,77,36,49,50,79,39,59,83,32,40
38,81,52,47,40,59,35,51,60,65,76,46,34,31,82,97,62,72,75,59,66,55,62,32,43,83,54,67,66,51,89,43,91,58,96,47,72,71,33,55,48,30,56,70,79,46,57,75,86,50,46,41,75,44,90,62,66,53,93,75,64,45,35,40,36,73,88,92,90,55,61,88,32,77,78,98,73,91,83,57,74,68,62,36,58,65,39,70,49,45
92,82,32,50,80,90,49,68,35,84,98,71,63,77,86,42,71,31,79,40,38,41,37,40,80,48,44,78,33,37,67,62,52,71,80,34,37,66,79,37,30,72,47,50,59,51,53,75,42,71,34,67,95,43,65,37,39,68,67,77,67,98,46,30,40,42,91,95,37,45,51,65,49,85,36,86,65,51,88,94,47,31,84,39,34,82,76,58,56,30
61,61,57,66,43,61,34,36,47,86,70,71,34,62,30,95,42,85,63,48,38,71,58,38,35,38,90,53,87,32,69,78,64,40,57,91,43,90,46,85,78,76,59,91,87,70,31,56,50,73,95,34,52,67,45,77,42,98,94,39,49,51,32,77,30,83,37,93,40,42,63,34,80,63,66,78,62,67,76,72,98,38,88,62,85,55,50,71,73,68
75,76,36,77,90,98,69,84,45,79,42,75,62,59,88,43,30,58,98,97,58,32,57,89,80,88,55,60,73,32,97,80,68,67,49,59,35,69,91,50,72,34,82,41,41,80,94,64,88,51,72,66,39,47,59,40,71,47,82,69,98,95,65,73,54,67,77,37,90,64,60,52,42,94,36,31,45,68,76,51,76,31,91,90,80,96,40,88,74,68
51,37,51,77,56,74,88,48,34,44,75,31,77,72,87,67,97,93,87,45,93,81,32,78,89,84,58,61,38,72,46,92,84,43,56,32,67,80,49,37,49,51,95,61,55,57,58,90,34,33,94,54,83,63,71,33,73,83,51,43,95,65,37,50,72,67,83,71,63,54,81,74,45,86,58,80,56,67,43,74,43,52,48,82,43,54,96,61,56,70
30,46,69,39,33,72,39,67,81,59,39,86,57,56,87,79,54,89,79,86,68,91,62,74,72,31,68,33,68,84,40,60,93,79,39,43,68,58,62,48,38,31,35,91,62,67,31,72,46,56,57,63,32,72,84,66,64,52,55,67,88,33,55,72,82,30,89,89,58,74,47,60,46,84,65,94,46,57,49,47,75,67,75,48,83,60,87,84,35,37
96,59,76,92,45,81,60,34,70,48,73,61,32,51,54,98,35,77,53,72,30,89,73,61,52,61,65,38,63,34,79,41,51,35,70,71,88,59,41,37,53,65,55,74,88,65,52,80,58,36,77,88,48,37,30,83,97,96,52,79,54,86,40,54,50,76,63,43,32,44,81,65,80,92,66,83,32,51,31,38,38,56,33,77,90,70,87,78,51,51
82,68,83,72,89,45,47,33,89,50,68,79,97,61,91,88,87,51,73,43,70,39,79,58,67,96,70,61,92,52,76,91,97,81,47,83,50,82,92,84,32,79,61,58,57,48,43,57,87,52,56,36,72,47,42,33,83,86,42,36,73,48,87,39,56,51,45,81,40,92,89,74,39,34,84,66,84,80,47,73,51,89,54,64,58,40,64,85,62,34
69,94,64,41,73,33,78,68,38,56,51,30,44,88,83,56,60,71,82,87,59,84,30,89,63,35,62,95,38,49,45,62,92,85,76,98,98,95,54,61,85,80,71,56,88,79,52,46,83,69,40,60,62,61,53,59,87,62,74,34,30,97,39,73,72,55,35,51,47,85,46,31,97,33,75,85,63,89,94,62,71,60,43,79,88,34,76,88,88,93
38,81,31,70,84,95,77,51,69,85,94,43,62,92,90,69,68,69,68,41,98,92,87,82,74,96,57,53,60,76,47,91,33,65,59,78,89,50,37,51,50,44,34,45,47,56,41,77,60,33,76,85,92,94,50,51,38,74,49,61,35,30,66,71,53,94,64,80,44,47,84,53,77,72,57,96,98,84,44,82,56,62,36,90,60,92,62,87,79,46
79,87,95,43,98,54,77,73,32,93,81,64,47,34,65,61,33,59,73,56,45,74,34,96,55,38,82,31,81,54,95,56,97,81,58,65,46,59,80,69,66,66,96,87,59,48,71,86,50,80,43,33,40,34,90,86,74,67,97,72,63,31,73,72,67,59,34,89,85,54,44,40,39,47,57,35,31,91,36,86,37,84,69,71,61,82,82,96,88,73
92,92,93,79,76,53,39,74,88,84,50,31,51,47,34,34,70,36,85,76,97,38,42,65,41,69,52,69,86,55,62,55,90,60,51,42,63,33,68,31,95,60,82,37,62,63,46,55,72,38,81,51,96,48,59,73,73,72,70,66,42,90,68,40,48,82,50,55,91,57,37,44,37,90,62,78,39,37,32,98,83,92,88,98,57,32,58,73,86,93
72,87,90,77,56,97,50,86,74,81,57,47,54,57,50,79,84,91,90,73,89,49,69,30,49,38,69,90,88,89,67,52,44,68,95,43,75,84,32,73,69,51,56,74,47,57,95,76,69,86,59,76,84,90,82,84,63,34,42,46,90,67,68,61,90,63,33,52,31,39,73,32,98,79,48,88,86,51,58,83,57,94,90,74,42,80,46,75,96,67
64,64,78,36,50,61,97,75,93,54,60,83,64,56,93,37,57,33,54,32,38,59,85,46,85,58,33,35,58,71,95,84,79,85,94,58,51,77,46,35,88,50,76,86,53,52,97,78,62,89,89,69,65,81,53,56,77,82,49,73,94,82,73,61,39,55,33,71,76,73,50,41,59,76,70,97,59,32,37,83,72,97,53,71,69,45,71,32,61,73
73,47,98,53,80,42,89,44,42,97,41,32,90,44,36,47,56,34,96,69,94,83,68,47,42,98,63,37,84,88,46,94,69,41,74,86,41,36,67,55,81,56,81,53,33,86,53,97,48,38,90,60,98,69,33,37,32,51,40,46,38,78,79,40,51,72,62,66,81,34,61,34,86,88,91,46,39,48,65,50,88,98,93,40,71,34,39,98,94,57
53,45,71,43,78,33,30,93,48,61,76,92,40,65,56,57,39,37,42,82,69,46,57,80,75,30,69,53,96,56,75,63,76,49,35,83,59,44,56,90,88,96,91,76,38,74,79,90,32,74,88,70,63,37,40,55,83,94,57,64,63,42,77,58,61,98,80,50,67,82,34,57,39,89,85,69,55,53,91,93,53,39,63,54,66,98,89,87,76,50
98,78,93,88,66,72,72,96,59,54,86,59,59,86,74,57,62,95,98,36,64,56,33,88,49,61,46,31,59,94,74,46,53,60,48,77,53,31,80,72,80,56,53,82,38,45,48,72,93,66,92,53,60,83,60,97,66,53,71,53,76,87,97,55,42,58,36,67,35,83,52,88,67,55,94,72,50,98,44,91,55,81,86,95,51,79,80,39,71,79
38,59,74,38,59,75,30,42,61,65,78,91,57,95,35,50,83,51,35,83,80,61,34,34,90,33,96,93,43,67,90,83,55,38,53,31,74,49,81,96,96,66,78,57,55,98,51,67,61,68,37,60,69,95,93,91,47,42,40,43,74,55,31,63,95,75,62,54,58,49,98,95,84,40,95,64,82,61,58,94,57,43,82,32,98,68,46,63,69,49
86,57,96,61,95,50,78,49,40,85,58,77,86,83,95,78,45,33,63,98,35,57,61,62,93,30,84,54,32,67,53,44,44,45,73,57,59,69,57,34,36,82,91,30,40,43,35,66,41,56,70,64,77,85,71,60,52,66,35,61,69,68,76,73,52,36,32,64,75,30,50,71,39,32,30,94,43,82,49,96,82,46,56,64,40,52,66,83,66,30
60,71,52,62,85,67,43,33,79,39,86,85,49,46,79,76,46,91,96,70,40,45,63,92,91,60,49,46,78,82,66,69,88,84,46,30,52,48,37,35,71,98,73,45,93,37,82,47,49,39,60,95,39,56,34,81,38,78,73,42,76,83,45,80,53,47,53,66,47,39,43,36,79,81,94,85,96,45,54,76,78,42,71,82,97,42,64,38,61,87
63,35,83,54,85,55,71,78,95,30,95,51,62,69,33,79,35,31,83,36,94,85,77,40,65,92,61,40,77,57,77,52,94,94,84,49,50,49,87,50,47,98,59,97,89,78,66,55,52,36,39,36,36,59,31,71,34,46,63,97,51,32,82,56,32,30,97,74,87,36,95,84,35,78,60,84,82,53,37,43,54,68,64,95,75,65,55,98,98,75
79,87,82,40,96,40,98,34,97,96,64,47,70,97,50,87,73,56,57,79,74,48,40,61,62,77,90,52,55,71,81,54,97,74,49,33,91,52,60,88,75,76,83,82,81,34,66,49,64,70,86,64,55,82,76,33,36,65,70,97,42,36,58,51,95,43,47,53,34,30,30,58,64,73,44,58,98,97,78,41,71,78,43,64,90,56,41,58,82,76
35,69,46,70,76,79,94,68,88,35,49,60,61,93,46,59,87,91,37,85,89,32,81,41,68,85,77,48,47,56,70,54,30,82,80,32,75,63,40,84,77,34,95,84,44,49,69,76,44,38,74,81,44,89,60,66,79,92,76,49,86,70,38,34,80,41,68,64,47,37,54,39,85,38,96,63,78,95,96,96,75,97,74,51,47,52,43,87,85,41
55,72,73,50,79,45,86,33,80,66,48,55,77,69,39,84,31,62,88,89,84,83,43,93,85,46,91,57,51,79,58,97,73,78,30,51,84,50,51,42,86,39,74,92,96,57,51,32,85,48,56,75,72,88,61,41,31,96,61,61,31,92,41,86,48,69,57,53,74,73,81,98,93,34,63,42,59,89,60,61,52,48,77,60,51,39,51,60,52,73
45,96,59,71,53,96,88,38,70,88,62,90,66,38,63,46,46,40,33,97,80,71,52,82,31,60,94,98,76,80,92,64,98,39,54,34,81,71,39,49,78,58,96,56,54,34,88,69,80,56,97,62,84,79,49,61,47,41,83,88,77,76,96,70,51,92,97,82,51,56,54,58,48,65,64,79,61,38,79,74,76,36,42,74,98,35,44,82,90,35
52,62,84,38,78,73,48,36,33,30,50,93,79,89,58,91,57,82,77,55,47,38,97,30,51,97,74,30,58,65,69,97,52,36,82,30,42,56,40,33,49,93,30,87,32,97,95,41,97,55,31,69,60,38,85,64,88,66,37,70,35,63,56,69,52,56,62,54,86,56,69,55,79,57,31,61,73,36,78,34,77,94,55,96,94,43,33,98,66,90
75,97,63,95,91,42,57,33,84,30,96,54,65,90,36,85,64,83,71,44,32,60,86,54,78,90,86,92,88,83,34,49,60,41,77,51,81,71,45,74,97,75,50,67,82,44,78,92,51,81,66,71,69,79,73,72,93,57,69,35,85,67,43,95,98,57,71,73,95,96,75,96,97,41,59,42,68,84,92,60,62,40,75,38,69,65,82,96,61,86
58,54,42,30,87,75,63,53,75,40,81,70,88,70,39,55,54,68,87,89,85,74,37,81,37,47,78,79,43,55,79,70,43,36,36,78,46,78,89,96,65,98,95,44,64,47,90,79,69,94,34,79,66,51,49,96,66,38,50,90,76,45,93,98,76,92,75,88,84,57,76,68,87,86,63,59,83,85,44,92,86,79,84,75,66,57,81,52,84,69
98,51,82,33,74,46,64,94,37,53,69,81,42,88,45,32,79,94,50,71,57,79,40,88,80,31,51,67,61,89,52,52,83,60,36,62,63,43,61,61,60,59,61,87,44,92,98,98,62,72,98,39,60,73,55,96,60,91,55,88,69,67,72,89,39,88,86,65,62,91,39,86,66,94,88,36,35,90,48,45,78,45,37,83,81,81,68,90,45,47
74,61,34,83,59,69,95,78,70,78,69,95,77,94,74,61,96,98,93,39,62,60,65,79,95,82,69,98,79,47,62,87,69,52,48,42,60,78,50,83,79,76,95,81,75,96,62,88,89,58,39,77,59,31,94,73,80,38,97,88,71,59,34,91,35,33,87,77,35,49,61,46,75,67,90,53,74,89,38,62,75,42,85,86,84,82,92,63,39,79
31,58,83,54,69,70,87,34,55,67,57,91,44,50,74,67,43,47,92,50,82,33,97,72,58,69,83,83,63,36,87,52,88,82,92,90,71,44,71,37,77,63,68,71,71,72,50,50,42,60,43,53,53,60,80,83,46,65,91,70,71,81,97,43,77,44,30,68,44,30,76,39,53,69,37,92,71,36,96,92,93,97,68,73,43,30,40,63,66,71
32,78,60,81,73,86,38,84,92,74,93,91,37,56,56,97,37,51,44,58,97,48,70,43,79,84,42,70,76,94,85,48,58,88,33,59,40,95,89,92,74,65,51,62,81,94,62,45,46,37,55,66,76,50,82,73,75,45,85,48,53,83,31,56,55,54,59,39,59,82,90,50,38,65,31,71,52,34,70,60,71,88,61,68,46,81,41,59,75,43
60,54,61,65,35,48,33,59,59,94,57,33,91,79,30,55,83,70,61,35,76,36,94,85,59,55,36,44,91,91,68,41,48,70,47,93,75,32,63,32,98,59,61,76,51,37,92,70,53,90,50,63,45,82,37,32,81,85,61,85,57,44,89,48,47,59,59,57,92,73,40,98,67,66,95,44,46,79,75,61,73,84,74,98,45,56,87,84,94,82
74,75,68,77,78,62,93,49,55,59,92,33,70,41,89,97,66,38,96,38,78,34,86,74,67,92,33,95,47,42,63,46,66,50,80,80,68,42,68,91,60,83,59,60,77,70,61,90,41,75,95,93,32,89,82,75,66,49,63,35,43,42,41,56,61,63,46,41,97,93,74,59,47,39,35,35,69,41,47,89,66,95,38,42,83,81,78,90,43,57
34,56,57,58,42,31,87,51,81,68,71,38,49,51,57,32,57,68,49,55,83,50,91,38,93,38,98,93,33,60,94,95,64,94,37,65,90,89,87,77,63,79,41,50,60,78,46,40,93,32,33,65,94,37,46,44,63,55,40,35,40,47,70,62,74,56,55,30,97,44,36,91,43,74,89,54,38,80,69,55,61,63,82,88,61,34,92,97,64,53
75,55,48,69,67,51,98,55,40,68,67,78,92,86,77,56,87,88,31,71,50,71,31,47,34,42,80,79,80,43,39,80,39,86,73,71,91,72,63,80,46,84,83,85,56,87,61,72,56,81,45,82,30,62,67,85,95,75,70,73,38,77,79,74,43,77,96,51,91,31,92,90,38,47,48,93,75,42,42,35,74,54,61,43,89,67,30,62,82,63
68,92,60,44,46,89,53,35,78,44,75,83,56,52,76,79,89,96,42,84,79,91,55,39,89,91,92,47,86,43,71,86,33,52,52,38,80,32,93,50,96,55,54,87,32,84,70,33,88,52,48,62,42,80,58,57,36,30,69,78,64,39,30,39,88,76,39,66,90,77,96,40,66,41,65,92,66,78,92,41,74,40,71,33,50,84,77,83,67,64
91,50,82,42,85,91,93,95,69,35,41,44,62,86,32,39,67,83,87,66,59,33,60,91,82,43,44,51,59,49,30,38,58,33,73,81,45,75,44,74,60,41,95,97,56,83,89,36,46,63,94,88,60,82,57,68,53,31,48,31,31,48,68,37,81,33,44,33,38,87,86,52,54,94,59,66,50,31,48,48,45,78,73,92,96,85,70,46,31,36
55,48,91,77,96,93,93,39,80,34,80,52,81,41,62,55,53,43,73,69,94,45,39,69,89,94,33,58,92,79,87,97,41,93,40,68,83,74,39,32,80,31,89,94,49,72,43,59,80,43,30,91,68,37,82,33,54,60,98,55,88,87,36,43,51,48,37,93,63,56,77,89,40,80,37,42,39,81,59,95,91,88,32,85,61,70,78,97,56,79
45,96,49,68,82,62,91,34,60,85,98,66,75,89,97,38,57,45,70,46,87,68,45,41,65,32,41,30,93,65,41,36,67,67,39,81,34,80,49,74,83,59,65,51,42,70,39,89,96,83,90,96,36,33,71,84,54,68,76,84,35,33,59,52,65,32,56,56,37,31,44,46,59,72,49,41,44,49,75,72,70,81,33,95,71,78,78,98,33,51
69,55,59,75,30,84,53,86,33,53,45,72,48,55,70,54,42,91,97,51,95,92,61,60,40,32,61,82,74,93,35,93,58,65,73,80,70,62,69,34,97,45,47,87,96,74,70,82,31,95,61,62,83,44,62,37,58,39,80,84,98,88,76,87,50,83,89,31,45,73,49,74,45,65,59,85,42,37,74,57,88,79,43,36,90,96,82,84,88,75
41,74,54,82,45,81,60,67,73,41,65,40,77,59,82,57,72,39,57,67,47,92,61,72,75,90,31,55,58,90,78,49,42,78,30,81,45,75,81,88,35,96,44,97,86,97,83,41,42,82,80,84,38,43,43,34,34,78,70,56,98,31,77,78,34,38,87,66,60,85,30,31,78,91,93,88,49,59,47,82,62,54,32,44,86,44,77,92,30,72
71,36,79,94,68,93,71,65,89,37,40,94,75,97,32,41,56,77,70,48,52,76,48,34,56,71,31,49,61,44,30,94,76,70,72,42,70,43,56,89,88,41,97,34,74,95,78,43,44,81,82,76,49,81,62,30,30,94,77,80,77,88,90,35,63,64,52,73,92,70,86,33,76,68,72,90,92,86,66,73,76,77,90,83,38,46,38,77,92,85
56,36,91,30,37,47,46,93,34,62,60,88,57,34,80,52,63,65,81,68,71,47,72,70,57,30,94,90,58,77,97,64,98,40,72,57,61,44,42,35,33,81,54,71,33,86,67,30,51,57,30,33,97,35,83,66,49,38,94,36,38,54,33,52,75,91,96,39,43,36,36,41,67,64,83,77,30,37,88,54,59,45,83,85,87,63,51,62,68,55
74,74,40,51,39,88,69,81,88,98,60,67,31,65,43,85,87,40,49,87,77,66,94,72,56,79,41,53,73,39,95,48,74,91,34,83,35,78,85,58,33,87,53,54,48,53,82,55,93,56,37,92,87,48,86,90,66,70,34,31,79,80,38,58,90,32,31,61,45,90,60,70,66,85,92,61,88,68,57,94,31,38,56,41,88,80,87,45,83,91
36,69,77,80,33,37,66,52,31,61,34,95,64,41,56,79,79,30,70,38,63,64,65,46,60,43,75,61,33,42,38,80,64,35,54,84,54,48,83,31,53,70,42,81,42,96,53,46,91,46,49,84,42,31,68,69,85,73,55,75,91,39,41,50,45,33,93,36,72,55,31,89,71,36,32,54,74,48,90,65,33,38,65,51,53,64,85,82,60,59
95,44,33,89,43,75,75,83,83,71,42,69,62,68,85,72,36,32,67,98,93,41,47,87,58,68,48,85,82,79,55,91,40,57,56,69,49,33,32,54,90,47,89,95,34,35,54,45,61,93,80,51,76,57,57,52,82,47,61,63,78,68,92,85,41,77,59,88,67,95,51,78,68,88,81,94,51,91,67,73,80,76,40,66,66,95,63,67,45,43
79,42,77,32,65,47,55,38,48,70,93,88,62,71,96,67,79,78,50,63,92,44,68,56,32,64,56,34,39,82,78,65,59,85,73,87,74,45,37,97,58,72,52,86,31,53,75,57,32,58,56,79,33,82,45,80,45,56,46,62,41,35,58,83,66,74,30,36,43,58,83,60,65,36,73,59,31,61,72,78,96,75,98,55,77,55,37,74,38,48
58,64,39,80,49,97,34,58,67,77,40,30,77,66,55,36,33,81,37,46,32,53,66,64,68,60,93,88,34,30,73,81,44,61,87,72,47,57,39,51,64,48,80,96,58,79,75,36,62,63,48,93,60,50,92,50,73,93,43,64,81,65,65,32,51,67,81,96,32,77,35,55,56,41,55,44,81,63,90,83,42,36,51,48,93,93,45,30,66,50
66,63,51,55,95,33,90,71,54,96,66,66,42,44,76,37,72,54,73,87,71,30,84,83,94,80,82,59,57,80,85,45,57,40,48,40,51,48,95,78,39,85,80,60,75,67,95,41,65,92,67,55,48,67,52,58,82,69,64,46,68,39,35,64,88,44,65,62,31,32,60,48,66,67,55,41,79,34,31,80,53,98,33,89,81,68,78,84,31,90
31,62,58,51,98,54,76,94,74,93,98,75,98,45,72,71,98,56,42,56,82,52,81,84,75,38,83,46,46,47,92,55,68,53,53,94,69,84,72,35,56,71,98,43,74,56,44,37,78,88,93,56,77,44,97,77,47,35,34,57,66,77,53,42,81,74,51,93,31,90,86,90,77,89,53,57,32,61,67,35,79,87,31,54,63,61,66,47,89,53
46,39,43,68,95,72,72,89,90,43,57,91,36,51,68,44,65,95,59,38,39,46,93,62,74,68,33,93,79,44,47,64,52,81,97,40,55,60,76,85,65,33,83,63,70,40,53,92,97,79,45,33,77,62,45,93,57,95,69,61,78,55,34,38,71,56,93,75,87,79,70,71,55,78,37,93,58,34,55,77,57,79,74,96,35,78,74,94,73,83
41,66,73,81,89,57,33,75,44,33,87,42,92,44,94,94,92,35,49,31,53,52,34,64,66,43,35,40,72,91,68,53,67,52,86,59,34,64,37,84,34,93,60,86,87,74,98,46,31,66,86,37,80,93,58,72,44,72,82,73,84,82,81,41,68,70,73,77,79,53,57,47,51,80,63,45,87,49,65,49,74,83,72,35,45,64,45,82,76,33
83,76,89,30,91,85,56,97,43,63,88,58,46,71,83,72,72,41,35,94,81,35,35,81,72,39,52,32,53,71,97,50,38,83,48,42,62,76,69,98,71,72,98,53,56,77,43,73,32,76,71,77,39,70,39,74,64,34,57,38,96,62,49,57,61,55,98,59,90,46,45,38,71,35,95,37,66,69,51,62,75,70,40,60,91,54,93,35,91,79
79,32,61,79,30,62,32,38,84,57,76,68,60,42,71,93,48,31,54,85,59,92,65,51,63,30,80,74,46,42,75,59,45,76,81,67,90,56,94,65,47,31,33,49,30,86,45,45,34,52,95,55,36,35,66,30,32,52,39,82,44,55,39,44,58,58,33,98,54,36,89,41,88,91,65,55,83,53,47,51,93,38,32,30,61,34,88,75,58,73
80,33,63,33,43,48,48,67,40,46,83,33,62,76,65,48,72,42,83,73,81,65,39,88,75,49,88,38,89,83,96,79,70,43,85,71,89,50,81,85,98,90,42,42,78,66,82,58,70,70,70,98,48,40,67,80,40,45,43,98,63,38,83,73,35,93,71,57,43,30,47,82,47,31,48,54,60,44,92,72,34,45,72,76,42,67,92,46,94,35
35,31,96,48,56,95,49,42,74,78,84,42,98,93,75,96,91,98,34,55,94,32,83,34,71,89,30,72,35,77,47,34,43,79,93,64,91,35,49,83,95,93,63,67,53,86,73,50,67,95,78,69,85,53,66,64,42,53,94,68,67,48,42,46,47,70,49,32,34,49,46,68,95,94,53,94,90,63,85,64,42,76,94,39,85,34,89,79,47,77
84,49,41,68,83,54,78,75,52,67,36,48,53,89,58,55,47,45,49,95,34,33,83,87,89,36,73,41,63,81,59,84,62,80,43,67,71,70,77,45,46,71,49,30,65,92,84,80,49,68,33,84,79,79,77,74,95,78,66,90,73,79,67,55,85,36,86,93,86,79,96,93,59,51,42,85,32,93,32,44,93,96,39,79,57,34,49,81,94,83
84,64,67,41,69,39,40,36,53,51,84,82,85,38,37,83,55,70,35,32,75,68,81,88,82,71,78,76,93,76,83,53,83,45,66,80,58,86,40,54,49,38,84,89,98,83,56,51,59,66,65,48,72,82,97,88,87,41,83,74,74,98,50,63,92,73,81,64,42,62,37,73,69,70,35,38,47,96,37,93,79,48,89,45,89,42,42,60,38,58
92,81,58,63,86,37,93,35,55,92,78,59,45,36,83,91,79,71,41,43,78,33,51,94,67,35,40,73,86,79,48,85,71,63,60,62,48,75,88,51,31,59,53,61,65,69,54,84,69,85,75,36,92,42,89,96,41,37,63,69,72,48,59,53,96,79,53,40,44,38,50,60,59,39,90,36,84,53,57,86,32,55,50,61,80,66,63,49,51,57
31,78,30,32,89,84,50,41,39,57,66,49,32,95,56,58,67,73,33,97,67,83,65,41,78,94,67,35,79,79,50,86,95,82,48,48,96,54,68,71,81,66,47,56,76,57,86,32,45,91,35,62,52,67,96,51,70,55,68,64,44,44,35,65,48,74,82,90,64,74,32,71,53,97,66,84,95,45,60,69,69,39,72,36,85,59,60,68,81,47
92,46,82,98,94,79,59,79,82,90,70,56,51,65,64,80,56,64,67,44,50,75,43,81,61,45,31,93,85,91,41,57,56,84,51,39,50,58,92,86,65,36,68,45,39,59,30,94,56,42,39,78,51,32,30,53,30,62,68,72,83,62,83,78,58,94,94,62,86,36,74,45,54,76,41,33,90,54,71,67,90,48,67,90,88,41,77,48,77,53
40,72,77,90,37,60,87,74,32,53,57,75,68,38,46,74,97,84,49,67,36,34,87,86,39,90,73,61,69,79,30,41,67,64,51,54,46,71,45,68,57,78,80,66,76,40,43,84,30,88,65,88,48,76,59,74,39,69,59,66,88,69,93,30,31,70,81,60,81,75,51,79,91,93,79,55,51,35,31,82,88,51,54,74,95,72,92,95,76,46
79,86,44,70,66,59,40,66,32,56,72,44,30,87,30,95,44,36,64,56,87,55,58,66,41,58,81,68,78,31,58,44,50,88,87,58,76,97,57,82,80,53,96,57,78,40,83,37,75,58,66,54,94,45,66,76,37,53,95,32,52,80,51,85,45,78,41,95,59,82,78,92,72,90,58,88,30,48,73,88,37,89,98,46,52,39,45,31,89,75
92,95,79,75,51,58,97,86,49,32,84,56,36,50,72,88,87,37,91,74,37,98,57,75,74,31,84,62,39,96,47,64,76,87,62,68,93,67,90,73,66,98,90,44,36,38,79,71,30,40,62,66,65,89,51,70,87,31,76,89,72,76,85,43,42,78,58,44,49,48,61,95,60,68,36,35,55,42,41,73,93,61,90,64,53,79,39,57,48,33
55,53,56,30,75,57,73,38,60,81,38,52,66,75,30,89,48,57,89,90,38,82,74,73,92,57,94,36,52,98,37,91,34,62,79,72,80,84,71,39,74,73,97,75,33,88,39,52,79,38,97,86,32,76,80,30,98,98,47,53,48,80,90,94,62,68,71,51,84,51,36,48,70,48,51,78,55,87,35,82,85,78,38,38,57,39,53,40,50,53
75,97,54,86,80,95,97,66,47,81,76,93,65,80,96,42,96,98,67,65,77,60,92,89,96,86,66,72,51,55,82,51,74,49,94,66,84,38,57,41,41,88,87,63,59,63,84,47,52,66,39,61,94,86,77,94,96,66,72,60,58,55,51,56,43,56,95,64,70,70,97,84,43,79,78,67,94,71,41,50,37,45,58,94,64,45,68,46,49,94
56,37,84,55,52,87,32,73,80,88,43,74,55,54,95,54,93,90,68,58,59,76,38,54,85,92,91,95,39,43,55,60,87,57,41,37,44,60,71,42,36,45,67,51,70,97,98,54,59,98,40,88,96,84,72,92,92,69,80,73,63,74,59,80,75,36,97,59,52,45,70,43,45,81,81,42,38,80,62,95,86,35,74,76,40,32,45,45,71,66
91,44,74,54,59,73,82,92,41,52,88,69,64,78,94,46,87,84,47,91,42,38,63,62,76,32,35,76,62,38,63,62,61,63,84,68,94,77,82,81,73,84,30,98,73,71,98,59,40,60,43,93,73,49,41,97,71,49,55,36,71,82,78,58,68,32,60,30,41,68,77,75,93,90,31,35,96,31,47,90,31,76,43,36,64,40,96,77,66,41
62,71,37,35,92,90,55,34,34,95,71,95,64,71,91,59,47,57,85,50,36,31,46,70,52,45,44,90,56,76,42,81,91,55,67,78,35,73,53,54,71,69,87,68,51,30,60,85,30,64,57,68,50,56,34,62,98,56,68,74,43,81,95,55,79,77,80,46,38,84,72,45,89,72,76,93,56,50,61,35,37,88,86,69,69,70,97,52,74,64
93,40,45,45,67,91,50,34,73,80,38,83,78,51,83,55,47,60,50,49,83,32,80,90,77,81,71,55,98,86,76,98,73,95,95,39,40,54,84,58,48,97,82,35,31,45,98,90,85,53,33,63,42,96,57,43,95,44,38,36,40,55,48,64,90,86,93,79,60,97,43,36,84,84,72,38,49,83,70,89,45,78,62,75,42,93,72,49,65,77
75,89,80,58,38,49,59,70,85,65,47,68,89,40,31,36,77,96,78,83,54,54,70,94,89,61,75,61,52,93,75,54,59,96,92,69,55,72,58,92,30,34,64,72,68,38,64,40,76,33,90,68,92,95,90,32,79,84,35,81,49,97,48,52,52,48,95,36,30,70,34,88,32,32,87,97,91,31,55,91,32,60,59,72,86,41,55,90,50,50
56,92,78,49,79,52,39,54,89,47,65,74,31,89,72,81,51,63,74,39,95,89,38,62,57,36,80,71,58,46,63,77,94,87,48,36,70,30,53,71,89,89,62,89,60,40,52,64,68,86,38,59,52,41,60,79,87,84,72,60,81,46,68,54,58,64,82,71,78,97,58,91,34,70,96,76,33,84,92,54,89,43,67,88,77,43,57,59,70,38
82,66,78,84,78,45,84,88,46,57,66,36,79,36,82,36,91,51,36,39,83,77,71,58,75,50,33,40,64,42,46,91,57,43,92,76,58,83,49,76,98,98,87,45,46,81,84,34,42,64,45,77,47,56,75,56,44,48,32,83,53,50,48,63,69,40,97,87,80,79,55,45,73,62,48,85,73,86,82,81,33,66,36,31,48,93,57,34,35,67
85,81,43,30,97,42,76,89,61,97,77,79,39,83,75,59,74,58,76,38,41,47,53,59,65,41,42,84,30,59,40,79,30,86,96,75,94,98,81,49,74,55,31,38,85,43,97,83,93,83,71,48,87,66,30,59,79,85,79,88,54,30,32,42,97,88,41,93,79,30,81,95,54,76,64,79,63,64,98,30,82,55,50,39,44,40,49,30,66,96
37,55,78,31,89,58,61,97,41,47,53,98,37,66,64,32,48,84,30,76,56,53,31,69,63,75,61,51,64,91,52,32,77,96,55,51,45,32,50,75,40,73,83,46,37,46,56,59,58,94,63,33,30,65,33,71,82,53,83,38,69,32,54,75,35,48,95,34,53,31,52,62,79,75,53,39,54,50,87,47,71,64,68,87,86,59,93,44,82,30
45,82,38,54,79,46,41,75,35,34,90,33,83,31,70,58,93,68,48,80,82,47,80,87,61,33,39,41,55,30,94,95,46,81,86,43,90,31,69,67,48,57,97,57,59,72,52,48,34,47,54,62,57,93,33,91,79,82,77,74,42,49,98,83,89,61,48,57,69,64,60,75,34,38,80,40,37,57,56,34,68,66,38,36,50,62,74,95,76,75
51,62,55,94,51,85,83,42,30,92,80,78,94,63,71,64,56,79,73,65,70,93,92,51,88,55,32,57,35,65,59,96,59,58,91,64,63,66,57,36,32,70,42,44,66,77,44,55,78,44,68,73,93,85,48,76,95,60,43,53,60,45,70,95,52,57,77,40,85,88,63,94,36,63,91,77,46,73,93,33,43,43,42,34,72,63,47,96,32,89
50,43,67,90,38,66,30,44,72,69,82,52,69,35,68,52,98,54,81,53,68,36,73,37,44,76,67,35,45,73,81,51,37,72,32,85,87,86,97,71,48,82,43,39,55,55,94,67,82,86,59,76,78,94,79,89,93,52,62,80,53,88,57,53,94,78,48,69,66,58,61,49,88,61,65,60,38,76,58,75,49,71,96,45,48,57,60,77,31,88
43,89,93,62,98,53,41,58,71,57,94,40,61,73,78,95,67,73,53,62,86,78,78,77,38,32,39,98,86,98,63,58,55,62,83,74,53,85,56,81,31,45,40,47,79,55,51,57,59,78,82,92,62,71,79,66,68,45,53,81,78,95,68,90,34,58,60,75,31,95,47,86,56,44,81,50,36,50,56,89,89,50,50,94,33,47,43,72,60,81
32,44,79,46,30,39,72,37,95,60,97,40,42,65,41,66,30,50,68,37,63,76,97,37,36,61,92,50,67,36,40,40,87,85,41,64,83,48,90,49,72,73,59,40,88,85,95,84,51,69,48,82,66,57,47,85,96,42,91,52,57,97,31,63,81,96,89,91,45,52,68,96,77,96,50,45,82,51,84,63,62,35,93,39,38,70,61,71,55,54
94,96,70,54,82,40,43,71,84,42,36,96,57,65,69,36,35,84,45,87,77,80,53,40,74,62,51,59,61,33,45,64,70,65,41,73,72,87,67,80,37,84,42,74,52,36,71,44,35,78,37,60,84,50,76,46,62,37,82,86,96,89,41,88,79,65,40,72,71,49,83,56,32,41,37,82,79,84,89,80,42,77,64,95,93,31,82,88,32,68
34,53,73,66,86,32,54,80,62,35,74,46,56,67,79,85,58,47,75,30,76,87,30,63,95,72,42,88,65,74,83,64,37,68,62,50,34,45,67,37,50,70,90,40,58,47,87,43,61,41,42,36,87,86,46,41,35,79,98,74,38,41,71,74,45,31,53,69,80,46,96,79,57,94,75,79,53,94,89,47,70,31,90,98,74,61,91,78,97,49
47,70,93,87,62,46,84,61,54,41,81,84,56,75,85,52,80,42,88,77,61,49,36,52,86,86,88,67,87,94,38,85,38,60,88,75,96,61,31,91,66,70,69,40,36,89,77,69,37,54,77,44,71,59,37,76,41,86,59,96,63,68,92,36,91,78,70,60,86,46,67,47,37,50,47,32,55,74,84,70,86,93,59,56,61,92,80,83,55,75
62,70,44,78,82,36,85,31,74,75,49,35,38,64,48,43,91,53,74,90,97,69,78,43,43,97,98,68,76,41,51,96,77,33,77,96,72,63,55,42,62,83,93,81,92,84,55,40,80,61,35,70,86,37,74,80,58,39,50,31,91,43,98,86,59,35,86,45,58,60,81,45,84,59,67,76,96,96,87,57,80,63,89,82,95,31,74,49,66,72
50,46,84,54,44,70,58,90,56,94,39,63,95,90,40,42,57,57,62,74,58,84,97,78,38,69,34,40,53,92,49,49,97,91,78,58,36,49,74,53,88,40,77,55,30,38,97,62,84,88,64,62,40,93,92,35,90,94,60,95,41,92,72,34,43,45,55,39,67,77,64,90,31,66,92,82,61,34,60,49,47,90,35,79,51,47,55,85,82,85
62,56,70,86,79,63,61,73,39,94,89,64,85,34,82,46,92,85,40,30,50,44,80,52,80,61,35,90,55,85,84,85,61,45,75,79,65,66,68,54,84,71,48,61,55,70,93,94,73,44,44,64,84,37,86,52,34,71,63,55,80,59,39,30,50,74,36,90,46,34,63,40,41,52,66,72,75,91,73,42,63,76,40,52,58,46,31,97,59,96
86,98,87,64,69,90,86,56,72,91,35,93,32,71,64,62,61,91,51,63,46,73,37,80,65,51,88,33,90,82,62,89,68,43,30,92,63,44,50,40,43,42,75,60,85,84,74,39,49,37,49,77,93,37,91,58,87,80,51,55,40,89,82,68,35,59,41,63,44,83,64,46,43,70,65,34,95,41,68,96,84,80,43,31,63,39,90,62,89,30
62,48,69,38,94,94,75,97,96,54,81,75,80,87,78,92,95,57,79,71,44,83,93,63,45,67,78,73,81,33,93,43,36,47,66,79,70,66,76,77,95,79,39,38,52,60,82,47,33,52,74,87,49,98,38,78,37,98,60,66,46,67,60,45,62,45,91,51,33,84,38,96,41,81,52,69,84,33,77,88,80,58,62,49,58,33,94,80,84,34
50,79,76,85,37,75,67,88,39,46,75,63,87,38,95,51,37,48,52,77,40,62,70,43,59,63,74,40,66,46,96,30,88,34,76,78,48,53,62,80,94,67,35,43,52,76,39,86,73,97,55,36,97,55,87,71,67,53,66,80,79,35,69,96,45,54,46,41,85,90,72,64,70,43,65,81,57,41,72,90,56,82,37,48,36,66,62,37,46,61
72,64,45,87,74,37,43,67,85,38,33,51,86,83,77,85,71,57,71,94,92,78,63,55,31,82,73,89,43,89,79,34,48,62,72,55,95,46,74,58,68,61,64,71,77,33,89,44,93,67,44,78,73,60,97,64,80,84,91,70,42,92,80,82,61,42,53,56,47,33,96,32,83,31,31,73,39,44,38,47,98,36,95,54,50,86,45,77,35,57
86,59,34,91,59,83,71,45,36,42,68,76,80,79,94,30,33,45,62,70,45,89,75,88,84,59,97,51,44,49,40,36,93,69,80,54,52,82,64,70,61,50,74,34,59,31,82,53,96,66,89,92,71,75,80,88,72,84,30,49,78,73,95,76,90,91,65,31,68,66,84,58,52,36,41,44,74,95,60,36,53,47,36,57,69,92,55,32,63,48
88,89,41,43,50,43,51,66,91,81,86,43,39,55,81,43,78,82,55,33,94,96,74,34,82,55,73,78,39,43,88,37,80,97,87,42,80,52,73,91,65,48,83,80,54,47,68,91,54,67,53,72,40,37,37,81,63,90,83,45,44,44,88,81,52,77,89,48,88,41,84,63,78,35,30,67,50,79,58,58,32,87,55,31,49,68,77,82,52,33
58,40,51,47,37,91,95,75,43,52,89,72,64,40,73,40,52,77,84,76,66,69,35,91,32,80,89,44,77,44,49,64,90,95,93,78,75,85,31,54,69,34,63,55,66,87,42,65,96,74,35,72,91,55,85,64,88,36,58,59,55,32,46,87,55,95,68,50,97,83,35,71,90,53,82,87,47,56,59,42,72,39,39,58,86,78,72,39,59,47
50,92,70,46,77,49,92,87,76,41,46,61,51,52,68,55,38,54,55,42,93,39,71,56,58,43,88,89,87,82,33,94,33,74,92,61,48,92,96,30,93,43,45,47,92,47,38,43,70,46,47,56,71,50,49,74,84,46,75,79,65,92,48,82,52,90,30,94,52,66,90,73,57,49,74,35,72,49,41,73,79,74,62,64,72,39,43,42,98,81
88,40,86,87,41,88,97,62,96,35,31,45,37,83,73,59,88,72,74,46,70,49,60,55,31,90,57,34,35,43,80,97,52,49,94,32,71,30,86,43,38,60,61,41,57,43,68,81,79,78,30,38,62,92,66,61,38,69,72,52,64,92,89,55,39,98,32,34,48,91,57,88,95,46,96,75,66,69,72,75,94,81,75,42,79,87,35,52,55,46
86,47,91,87,36,56,89,56,95,72,75,79,72,64,92,66,45,90,59,85,49,38,76,90,94,78,62,41,92,39,61,40,47,56,60,98,98,38,47,31,87,83,97,46,62,78,80,32,40,80,57,57,77,36,91,92,68,35,61,75,33,63,98,57,95,49,49,79,48,66,56,32,38,90,44,72,88,45,91,64,79,60,66,92,87,46,78,58,49,95
81,93,31,71,47,87,58,74,95,63,51,88,91,85,92,70,66,65,50,79,91,48,92,76,97,96,51,76,92,62,51,37,56,42,95,94,95,74,71,57,33,76,64,51,55,61,83,54,90,61,48,45,39,73,71,62,31,32,89,86,40,43,62,43,60,38,72,58,91,38,48,52,32,76,56,41,51,82,93,79,50,39,72,42,93,43,64,97,38,91
56,30,75,49,42,63,92,54,92,60,56,34,37,38,41,33,42,67,64,82,97,90,76,52,92,41,77,84,75,89,31,64,77,57,53,34,90,69,63,97,79,39,90,44,60,66,75,77,83,46,44,56,31,31,65,64,46,90,54,96,96,62,95,62,88,58,66,59,78,88,47,46,48,93,92,52,57,98,98,81,55,43,80,67,42,39,87,96,42,59
86,74,79,49,72,59,35,74,73,33,68,32,34,86,53,44,97,79,80,95,42,73,96,40,80,32,36,36,96,50,87,79,88,94,65,70,87,36,59,69,94,98,67,31,47,89,92,57,60,58,90,85,56,85,83,69,59,30,94,97,67,75,82,64,94,54,65,43,97,66,61,63,84,38,34,62,39,45,97,37,70,65,44,30,32,58,84,68,72,72
78,78,45,68,71,65,69,83,45,97,35,33,87,94,31,54,37,89,76,32,89,88,96,90,37,94,58,63,66,94,88,78,46,83,42,82,63,58,71,44,30,96,37,57,71,73,54,88,44,94,48,56,74,34,95,93,47,42,87,57,46,60,75,97,48,83,49,66,40,71,85,48,33,41,81,74,59,68,33,78,51,93,97,30,57,45,55,67,87,34
47,41,80,50,37,47,71,35,89,53,96,88,58,74,68,44,94,90,87,59,75,84,94,78,85,81,34,57,92,79,57,66,57,88,95,60,94,49,44,35,85,44,55,74,45,76,95,56,30,67,83,72,94,56,54,63,74,66,65,69,97,93,72,81,49,91,87,68,50,87,33,72,85,97,58,43,93,36,61,51,91,41,74,65,75,64,69,49,55,53
75,53,51,95,30,63,72,70,84,79,95,48,75,68,37,59,49,61,43,37,74,34,35,88,64,57,66,57,70,65,77,62,77,91,59,63,68,55,75,32,94,58,56,33,33,67,61,42,60,63,33,85,82,63,38,92,93,84,75,63,83,32,44,34,62,84,92,79,78,45,67,84,63,65,78,92,53,71,91,68,46,79,38,57,44,91,35,71,31,49
94,71,80,55,82,81,79,76,52,63,53,40,86,98,58,58,42,52,95,96,73,63,69,53,53,61,80,68,60,34,78,67,61,55,57,56,59,60,70,55,32,92,79,65,87,30,71,46,84,64,65,66,81,62,38,31,86,45,64,98,69,30,85,79,73,35,40,67,54,61,54,32,65,78,61,88,70,51,95,72,93,84,73,67,37,40,67,35,43,34
79,61,72,78,92,50,70,83,54,73,63,41,82,44,61,68,68,59,83,67,65,96,83,77,84,57,45,50,66,39,80,54,53,83,94,83,79,39,93,85,89,38,61,64,67,47,63,33,71,79,98,85,41,57,82,76,49,60,40,48,67,51,72,94,89,73,79,44,71,89,96,46,83,47,74,82,72,66,65,43,65,56,96,63,33,86,81,40,59,40
60,66,76,51,82,87,71,86,63,83,30,75,41,91,80,60,48,58,58,53,33,53,31,56,51,57,73,75,70,30,70,49,95,67,69,43,74,94,44,84,93,59,72,54,45,95,39,69,68,39,54,63,80,85,33,77,95,58,77,30,30,77,38,77,62,63,38,95,93,72,54,60,81,37,90,44,52,43,46,60,86,30,54,47,90,93,43,35,46,43
42,85,95,53,73,50,84,62,60,37,95,62,90,36,64,81,95,67,74,68,47,73,91,90,69,78,91,82,49,71,78,79,39,92,30,36,67,92,66,35,92,45,67,38,66,94,82,49,62,81,41,77,41,45,32,32,94,89,60,97,71,31,47,85,71,94,41,60,55,95,63,77,68,77,55,50,70,44,90,82,93,81,78,85,56,88,37,95,86,81
78,85,56,51,91,87,87,44,30,71,94,68,39,45,56,58,68,67,96,74,30,89,83,84,62,81,50,34,69,40,74,38,48,30,93,52,65,32,69,49,62,32,32,76,42,52,80,55,61,30,33,30,72,84,74,55,42,84,38,97,73,33,86,58,79,41,95,61,79,41,86,50,60,90,35,58,92,71,88,55,58,65,37,96,60,40,32,67,33,45
35,55,61,48,36,65,34,62,78,47,45,37,79,97,42,72,51,82,67,95,47,34,81,46,45,66,50,97,71,77,56,68,69,69,55,98,78,75,37,30,47,55,72,83,51,73,40,77,81,70,31,34,65,41,80,87,79,79,63,84,53,52,91,71,55,94,90,81,65,52,80,69,63,53,40,87,52,67,48,64,40,77,96,70,84,68,93,82,58,57
61,37,46,37,47,89,60,86,47,57,70,47,40,66,82,78,89,88,35,55,87,84,66,44,87,66,51,53,51,57,51,72,85,50,36,64,54,53,56,36,30,82,98,83,53,81,44,83,65,56,93,44,82,84,85,37,87,64,47,54,49,65,56,43,32,92,77,67,43,73,33,48,32,45,33,81,63,93,57,78,91,64,90,54,39,66,42,89,84,95
98,88,51,55,65,80,33,38,72,91,53,83,81,62,34,30,62,80,94,92,74,33,89,33,62,77,81,90,59,65,96,55,40,83,30,46,78,81,73,54,53,33,90,41,48,66,41,52,87,80,46,37,67,35,95,68,69,48,56,44,39,68,36,73,94,71,87,82,44,85,95,46,76,93,70,87,53,74,49,64,56,65,94,31,46,86,71,79,91,47
49,55,46,32,54,48,61,55,65,90,49,60,58,34,35,79,45,55,43,93,69,80,42,95,49,50,48,78,42,82,80,96,93,54,98,64,54,84,37,63,93,98,87,66,68,41,87,39,89,53,49,68,59,32,39,64,80,86,65,83,46,88,65,70,72,54,86,94,44,82,32,49,59,79,43,98,59,42,61,86,85,82,66,81,80,76,48,46,35,61
95,52,75,57,69,40,96,92,44,86,77,98,69,82,61,68,98,39,50,87,69,51,78,95,94,45,87,97,64,38,31,90,98,88,76,66,66,85,53,55,41,94,91,52,97,58,96,60,56,75,51,44,92,74,64,61,58,32,45,59,59,92,79,86,82,72,74,45,60,30,62,60,40,53,67,46,63,40,35,45,36,76,52,52,48,67,36,86,37,87
70,36,81,98,54,63,78,53,52,64,83,59,85,38,84,42,47,52,45,32,74,98,57,44,45,51,35,51,50,62,60,33,97,86,94,80,77,36,44,80,44,55,80,75,38,61,52,73,90,85,70,92,37,78,78,88,76,35,66,69,80,93,53,90,58,56,78,66,50,98,32,30,86,36,87,53,66,94,79,78,33,59,61,73,50,52,92,79,94,70
46,57,52,46,63,60,70,59,92,53,63,48,81,88,67,61,95,56,57,37,76,75,50,98,73,98,45,57,96,81,46,35,43,94,39,82,44,34,36,92,90,60,51,90,54,79,41,62,78,83,64,84,40,53,92,38,58,96,73,38,30,67,36,30,91,57,62,54,32,62,55,91,90,43,67,95,57,80,68,43,92,49,62,51,57,72,61,41,96,53
59,82,60,46,37,75,44,83,63,68,98,62,93,74,47,59,53,82,37,97,57,94,34,61,53,69,66,84,46,58,48,80,94,72,87,33,69,70,43,78,52,74,38,44,77,75,51,60,59,90,36,67,41,86,32,49,86,90,62,77,48,39,35,84,91,65,61,77,53,69,87,63,48,70,89,69,73,82,97,68,79,60,97,48,51,43,50,78,49,65
38,33,52,58,95,59,48,89,67,84,41,52,45,83,33,70,79,56,36,49,41,35,72,61,77,54,86,44,55,47,64,84,30,98,86,48,93,91,70,89,54,53,60,50,69,64,53,79,87,93,53,88,66,36,60,68,79,76,65,78,34,79,72,80,30,76,93,94,69,50,40,86,43,57,52,38,33,42,55,86,48,51,32,56,85,78,77,65,98,60
39,54,92,57,65,79,40,96,34,41,86,60,74,95,57,68,63,92,64,43,55,73,33,34,86,43,59,52,57,69,43,31,30,78,57,40,74,92,60,98,96,64,30,59,56,87,68,81,98,87,62,35,32,47,43,90,30,95,65,66,72,79,52,49,61,83,44,70,48,34,82,84,78,47,91,59,51,37,56,65,91,76,72,69,50,91,61,90,68,55
53,94,50,84,71,91,54,92,97,57,51,66,81,64,86,75,67,44,57,90,52,70,83,77,68,72,51,97,34,46,83,32,61,90,68,61,44,66,35,57,51,32,34,43,34,47,42,66,33,51,43,48,42,91,46,35,34,60,60,46,63,48,60,89,31,71,74,35,94,49,37,63,53,76,67,71,72,87,79,51,41,78,94,93,77,88,86,97,46,77
96,96,68,42,30,74,78,76,96,64,72,92,76,83,67,96,38,56,91,79,57,33,32,61,82,47,93,47,45,57,89,98,63,91,97,69,82,82,80,70,34,93,60,85,31,89,36,62,49,95,97,79,34,80,43,74,46,34,69,96,84,69,48,86,44,98,64,64,67,79,70,39,41,43,36,44,35,87,43,88,67,60,55,72,95,46,81,58,52,72
51,37,34,41,90,86,85,56,61,50,42,41,60,40,44,82,81,75,36,84,42,75,44,69,82,53,46,55,78,32,42,86,42,83,30,35,90,64,30,32,68,93,63,45,94,52,58,98,44,44,97,81,64,71,56,67,69,53,58,40,58,36,84,76,68,50,32,89,91,55,81,96,42,78,84,68,93,42,82,78,67,85,72,59,89,83,60,56,86,60
37,42,85,64,51,45,47,51,96,51,49,37,39,89,52,68,42,74,83,55,84,69,41,81,35,89,88,86,97,62,40,74,71,83,62,73,64,73,43,36,32,69,94,75,65,76,87,32,42,41,66,46,65,76,46,81,69,60,83,85,51,50,79,56,95,67,68,40,76,78,74,50,87,39,54,32,45,97,84,73,50,50,87,87,96,72,55,64,46,81
78,79,56,81,37,68,65,89,37,40,42,97,61,71,80,62,86,71,33,51,97,51,94,96,50,96,79,43,46,35,62,44,61,51,84,69,91,70,65,45,90,57,94,69,57,53,68,48,49,41,35,64,50,62,85,40,66,54,41,41,95,82,42,55,68,81,65,88,85,72,88,50,38,41,90,51,86,90,49,86,84,39,41,57,83,74,64,40,78,76
92,54,98,68,94,68,94,95,37,38,66,82,97,31,79,40,59,84,77,55,58,46,36,77,67,41,92,40,54,45,40,85,87,35,70,44,81,89,97,84,38,92,77,83,40,86,98,90,34,75,92,44,85,36,33,37,58,92,79,75,71,92,64,78,30,91,44,75,35,56,71,62,44,98,67,67,47,64,98,87,38,60,43,73,59,74,91,33,35,63
93,45,76,34,45,70,41,80,95,48,77,70,80,95,42,72,54,60,73,80,53,77,65,91,48,30,67,78,46,84,97,48,60,91,54,68,81,97,46,96,56,43,61,57,51,45,32,56,38,96,78,95,95,57,62,82,62,46,62,76,57,69,73,48,97,88,82,42,41,84,86,35,49,71,49,70,59,60,66,34,47,91,78,37,90,31,59,83,70,64
87,60,65,91,96,42,50,31,52,49,96,38,74,53,43,53,45,45,58,60,77,41,90,76,37,54,50,83,50,94,79,82,58,82,38,71,49,67,80,48,40,58,53,39,95,65,54,42,97,89,33,46,30,75,67,80,68,98,54,90,60,59,70,63,30,59,84,44,39,48,89,67,92,33,64,92,86,84,51,53,67,66,56,63,66,38,53,56,38,45
55,92,82,84,77,74,83,79,51,94,61,39,39,41,32,97,97,43,74,33,49,38,39,43,74,85,88,63,47,50,68,65,75,68,78,84,70,93,63,87,75,63,73,58,60,87,47,73,58,68,44,45,38,56,96,90,97,89,38,51,88,37,69,89,69,33,42,47,59,54,74,52,36,71,87,30,43,98,55,92,95,65,98,81,78,30,44,80,79,60
70,98,39,42,40,97,70,61,84,80,79,95,91,31,49,48,88,42,94,67,76,90,58,80,86,79,48,77,60,60,64,94,36,63,37,34,86,50,39,60,30,45,65,37,80,36,53,35,37,33,45,64,47,93,82,73,96,92,35,34,59,59,31,76,88,79,49,93,98,88,58,68,35,77,58,84,98,46,33,77,51,36,61,77,34,36,31,50,81,92
86,56,64,44,54,48,63,35,94,47,64,69,92,94,66,42,42,51,92,30,96,70,87,85,33,32,91,53,50,31,60,32,63,55,87,64,77,72,95,93,31,90,96,52,91,64,52,77,68,41,64,60,30,43,54,35,40,59,49,97,55,73,48,81,48,84,30,31,52,59,60,42,63,98,51,45,97,31,46,90,36,43,59,79,75,44,43,49,46,36
84,50,85,55,51,38,85,74,36,62,45,79,37,39,62,55,30,65,91,32,41,87,34,31,75,70,91,78,87,44,51,79,86,41,70,33,59,78,81,53,30,44,57,62,95,79,40,42,44,91,96,31,98,56,41,55,79,91,40,55,90,42,49,72,74,35,55,50,88,49,87,98,56,49,89,84,85,85,59,62,44,92,88,35,42,91,71,70,43,56
97,40,96,57,81,69,96,33,36,60,79,43,97,94,50,59,82,92,96,31,84,71,66,32,58,67,90,54,77,36,68,70,48,40,48,77,34,40,78,50,47,94,65,57,90,30,63,88,35,72,45,33,62,41,88,66,79,60,40,63,40,36,57,98,61,95,69,45,52,36,38,32,84,54,34,81,49,83,95,44,47,98,33,66,90,47,72,62,88,72
48,68,61,84,96,63,75,95,92,58,51,60,42,96,42,71,37,43,88,86,53,57,69,59,36,49,64,94,73,45,84,76,85,56,60,87,98,57,34,30,31,74,35,41,59,35,82,40,50,44,71,68,76,80,95,55,47,31,76,43,82,93,81,48,78,40,48,95,43,36,82,53,48,33,48,63,69,88,30,76,61,50,69,41,77,67,46,86,50,63
85,89,75,71,55,82,42,75,75,79,33,58,95,48,76,54,35,54,39,89,66,96,45,34,45,84,35,91,55,43,34,56,94,48,71,79,48,50,49,43,78,36,92,61,77,91,88,78,34,57,30,98,49,87,77,84,67,50,79,66,94,48,52,63,75,44,78,43,82,64,52,79,92,46,43,44,67,55,38,48,78,38,86,66,70,34,44,95,77,88
39,60,75,33,31,71,91,44,51,82,36,87,68,70,65,58,86,53,72,55,84,84,71,39,81,43,68,67,40,76,69,50,87,54,87,88,75,79,54,43,85,95,75,61,92,48,47,92,42,44,93,39,58,78,30,60,36,76,92,56,74,63,54,96,90,51,97,89,91,57,54,88,30,49,96,39,66,65,35,59,49,46,77,58,91,68,89,79,63,39
98,63,63,40,78,73,87,60,49,93,87,95,82,87,70,34,80,96,69,89,32,53,89,63,75,39,53,42,30,60,97,43,69,72,73,45,94,72,79,31,91,43,55,91,71,55,59,53,60,71,30,72,39,61,80,55,32,34,92,64,78,51,84,64,90,60,39,87,36,38,68,86,82,57,46,80,75,31,95,74,53,38,64,35,35,45,69,61,75,89
66,34,38,72,71,74,74,49,77,48,50,56,61,98,41,58,70,90,44,98,97,33,55,84,83,59,49,44,45,89,75,51,71,96,83,67,68,77,53,94,89,53,67,90,55,91,48,64,64,32,81,40,67,45,83,83,92,49,79,69,79,82,91,38,56,64,63,49,90,77,36,52,76,64,92,96,44,43,73,76,92,39,57,61,96,87,32,66,37,81
55,68,80,88,82,43,88,94,32,63,75,38,95,60,87,36,82,72,72,33,64,40,70,70,97,79,58,39,43,84,45,32,78,79,30,42,37,42,85,61,84,52,54,57,86,86,76,82,70,64,48,51,91,59,60,98,36,69,97,61,55,73,77,51,80,49,61,97,65,50,49,86,78,73,89,40,91,30,67,74,49,44,93,42,63,84,45,57,91,97
81,78,78,73,63,58,62,50,85,42,97,49,59,31,54,38,69,80,48,55,37,42,79,36,42,75,63,30,39,43,62,96,44,95,52,42,52,97,35,72,34,60,88,86,54,90,51,55,55,41,35,90,37,38,55,40,80,73,47,68,45,61,52,40,75,57,69,53,98,79,59,57,62,45,57,41,41,44,97,39,33,77,68,78,85,73,84,34,74,49
58,91,46,69,94,55,96,58,49,98,96,38,82,39,41,54,67,48,91,96,44,93,42,97,59,53,54,30,86,95,71,52,51,36,42,82,37,45,79,78,60,84,37,33,85,71,39,74,55,59,79,71,36,57,73,89,69,78,56,76,67,72,79,30,60,85,47,88,67,84,45,70,47,87,32,43,85,62,56,48,42,35,80,86,52,71,87,39,95,91
63,38,39,97,85,96,91,56,73,53,88,34,48,83,57,55,77,80,77,90,92,45,85,83,55,74,97,64,88,91,30,90,76,43,48,70,55,44,61,73,75,33,63,37,50,40,38,54,48,94,34,57,55,51,52,84,88,39,56,76,51,64,94,36,48,40,85,95,62,75,66,40,97,94,92,95,68,35,59,86,37,90,53,69,76,70,85,37,65,93
60,40,66,61,77,64,75,56,56,88,93,30,34,47,67,32,65,95,84,66,88,64,53,53,38,48,47,39,40,64,37,98,33,56,82,82,98,64,71,30,94,66,64,55,48,62,41,36,95,62,53,73,78,31,71,85,45,91,76,67,50,87,67,78,94,57,88,41,40,96,86,42,45,70,94,38,68,40,45,42,92,49,82,51,51,42,89,56,94,84
46,37,64,82,41,46,30,93,52,35,86,71,94,58,53,34,47,90,32,72,44,62,80,37,30,40,56,33,39,86,32,85,48,48,86,48,81,53,56,59,52,42,61,59,96,76,81,40,50,33,68,53,49,90,30,73,70,57,70,59,83,74,35,71,50,55,55,64,73,98,35,56,76,43,74,54,48,72,50,31,36,89,57,65,95,34,91,60,80,30
94,56,86,30,61,97,85,62,48,30,62,65,81,52,67,57,53,94,82,83,92,80,72,42,41,37,34,37,61,69,94,47,98,80,39,88,30,71,68,85,93,80,88,64,44,53,96,41,49,74,32,46,95,67,48,67,47,84,34,56,33,65,94,77,33,72,85,45,78,96,44,35,70,91,37,66,56,44,68,94,50,98,56,46,40,86,30,85,46,59
91,30,36,75,52,45,56,34,66,41,81,71,51,79,94,76,31,65,66,76,74,87,85,34,42,41,61,97,70,98,75,94,71,71,40,90,85,76,48,78,96,50,73,44,74,55,73,36,89,83,83,35,95,36,31,77,63,60,97,68,50,44,73,56,72,31,93,77,84,33,78,43,85,70,82,84,50,61,62,85,43,70,63,95,62,68,45,64,38,76
97,97,36,74,57,30,57,76,83,83,83,45,57,41,84,34,84,74,81,42,76,90,53,76,38,50,61,74,42,87,38,43,49,63,32,59,71,79,87,94,68,47,93,81,92,62,90,76,42,80,78,73,50,87,91,91,46,70,47,55,45,55,57,38,37,51,53,47,30,45,37,90,43,85,50,84,52,35,71,97,30,40,84,56,67,92,95,73,31,57
65,48,41,98,68,43,58,90,92,88,56,75,95,83,70,52,77,93,38,85,62,37,91,41,79,92,47,53,75,75,61,31,58,70,85,39,39,40,36,91,62,36,77,87,86,35,80,72,51,47,31,74,55,47,40,58,94,87,43,55,52,88,97,60,64,73,89,80,62,35,68,51,63,59,84,80,38,51,82,56,69,73,69,60,61,85,61,50,80,71
68,36,36,70,45,56,96,48,40,57,60,78,52,74,41,90,81,62,45,36,83,36,77,67,84,79,35,93,42,36,71,51,50,64,47,49,91,43,32,44,66,50,71,58,84,56,49,96,68,35,35,82,93,81,87,84,71,65,31,71,61,65,48,42,96,44,38,40,69,95,90,66,34,64,79,83,93,98,30,80,44,95,53,90,56,73,54,37,40,51
47,78,30,45,45,43,51,94,44,36,81,79,34,62,87,40,52,53,96,71,63,97,91,49,39,61,31,38,48,56,81,62,76,46,61,37,47,71,88,88,72,77,49,74,81,65,56,42,95,62,41,92,91,49,78,62,86,75,76,83,53,37,86,42,59,32,35,67,48,54,46,60,60,94,45,90,31,92,56,72,88,85,83,47,97,94,64,32,32,77
81,38,34,76,94,37,92,62,67,73,82,96,57,65,53,93,80,97,44,53,73,70,58,97,59,93,60,91,77,57,71,63,64,79,62,46,91,91,47,65,79,94,82,87,69,95,91,79,84,91,66,93,80,90,97,48,80,96,83,56,37,90,69,56,91,41,39,85,59,88,53,36,78,91,94,77,95,56,98,36,61,60,78,61,75,91,40,63,42,59
97,50,73,40,58,55,78,43,57,37,87,53,53,53,87,58,80,43,40,97,69,76,55,48,71,76,68,53,81,89,60,86,32,51,33,41,60,33,67,68,67,71,79,87,73,48,37,30,54,63,63,87,66,93,40,75,58,88,83,56,85,97,92,52,45,55,42,44,36,64,31,74,77,74,70,66,77,42,95,81,30,39,93,59,48,52,86,80,62,40
94,54,60,65,73,81,92,50,73,39,32,96,66,71,62,91,93,91,82,94,47,38,77,74,98,88,98,95,87,74,31,78,57,78,79,33,78,89,57,66,35,45,47,93,95,77,30,88,46,47,87,97,95,37,33,87,46,43,73,53,74,70,65,96,91,49,48,54,69,76,40,37,68,65,88,58,72,31,72,68,63,55,40,48,43,36,48,91,43,82
41,84,72,79,57,67,83,36,58,97,53,96,65,78,37,75,32,58,43,45,88,42,90,35,58,75,56,60,33,75,87,71,79,58,56,46,49,60,56,61,48,34,83,86,33,35,31,98,60,95,72,71,75,73,68,64,85,94,77,54,36,45,60,94,50,66,57,91,45,35,82,89,97,95,80,83,74,97,49,82,46,62,49,57,80,85,41,30,94,81
83,34,62,52,41,49,41,95,48,92,43,31,42,77,42,93,45,85,41,45,61,70,44,74,61,34,56,49,37,37,97,43,58,60,31,67,87,71,85,36,43,61,68,52,59,57,71,50,55,66,90,78,33,58,81,63,90,95,57,94,48,83,81,43,49,70,69,68,35,85,52,47,87,72,30,86,76,38,70,34,34,37,90,58,32,36,96,45,95,47
89,33,61,55,98,63,48,38,42,54,72,38,61,42,70,63,95,36,30,70,72,69,72,88,88,60,59,97,44,50,68,44,83,49,44,73,47,69,82,80,95,91,32,56,89,54,60,73,30,31,95,81,88,86,71,86,66,97,82,91,46,60,94,46,87,66,48,53,72,66,66,57,84,96,68,95,44,50,47,34,67,32,64,50,88,53,96,64,77,69
66,63,78,63,86,97,62,64,96,74,41,39,34,70,57,79,79,72,31,59,93,95,73,87,84,45,80,64,94,40,37,41,81,80,40,82,42,52,84,62,36,47,40,77,96,49,76,81,57,73,75,87,53,95,32,44,75,55,73,94,67,76,87,61,60,97,57,71,41,41,81,69,93,77,51,97,80,76,88,56,58,41,36,90,64,54,84,41,35,92
31,81,93,64,54,45,41,94,77,58,51,55,50,86,40,37,45,59,71,36,73,56,63,73,54,48,62,32,72,52,73,89,77,66,32,45,46,64,46,77,98,35,72,36,60,56,91,36,86,42,77,55,38,36,42,31,45,68,95,81,39,91,84,78,51,96,62,82,97,34,31,51,64,69,68,63,83,74,31,76,53,98,94,92,44,74,94,39,78,61
97,89,44,56,77,70,63,69,36,57,40,52,45,93,57,97,41,67,93,54,76,37,76,65,82,96,39,51,67,88,63,82,89,91,37,31,67,82,86,55,98,98,77,32,86,76,35,42,36,54,79,72,84,45,40,34,43,67,70,49,42,46,54,46,68,43,87,32,98,54,76,53,71,57,98,80,34,56,71,67,35,55,72,38,56,91,76,71,69,62
56,64,37,97,31,64,45,98,78,75,84,90,73,59,53,75,33,60,43,49,71,89,48,66,97,75,58,72,67,34,78,50,31,60,54,90,35,57,92,97,42,74,48,71,31,76,40,93,66,77,42,48,81,97,54,72,89,98,50,91,87,89,61,38,91,69,37,54,33,59,42,34,38,63,96,97,75,58,71,79,38,64,81,59,82,60,91,98,34,35
47,39,71,69,43,67,46,48,34,61,35,78,73,89,97,97,57,89,56,69,59,30,37,98,62,72,43,64,31,62,43,58,31,57,91,33,59,87,72,66,73,69,43,37,67,78,32,55,78,39,66,74,85,44,34,59,31,49,62,39,51,57,48,32,55,81,32,54,36,63,32,96,55,78,36,31,96,92,89,73,86,82,42,90,97,59,82,68,56,45
67,72,83,40,45,72,79,93,31,84,61,74,56,96,96,44,34,84,85,90,82,38,53,51,53,85,75,65,31,64,68,43,37,97,97,71,65,94,48,81,33,82,44,56,45,61,35,56,33,49,75,41,49,88,34,91,49,32,49,61,37,47,94,87,94,35,75,73,39,46,53,86,72,49,34,61,90,93,54,40,38,97,96,95,31,78,64,31,44,65
37,59,76,53,46,77,84,31,93,63,85,35,74,57,42,75,69,39,63,94,34,48,56,90,63,49,55,87,69,82,93,50,86,74,82,44,71,65,79,73,35,71,58,83,81,59,49,37,47,69,91,54,88,62,53,95,52,57,47,63,35,32,70,60,30,43,48,85,85,84,93,82,45,91,54,49,50,72,32,89,75,73,30,46,36,62,65,33,66,86
51,39,37,71,39,44,47,84,51,52,94,95,93,97,46,78,81,89,80,76,40,39,72,87,89,73,68,31,50,83,54,30,97,73,88,63,46,57,70,78,85,72,76,82,48,66,48,65,66,46,77,32,95,93,66,54,89,48,91,58,43,71,79,77,83,74,37,53,45,63,68,82,57,68,62,97,81,93,45,61,44,98,36,47,43,44,68,95,40,35
72,49,70,31,56,94,96,74,57,34,34,91,65,30,50,47,90,67,62,51,37,92,98,94,95,98,98,94,59,80,70,56,37,63,31,64,70,61,71,94,82,70,44,72,64,44,47,82,40,70,43,43,35,65,72,95,33,95,55,54,32,54,41,32,56,75,47,50,83,30,45,48,60,42,47,65,53,55,89,76,32,84,76,31,79,30,97,74,76,53
64,40,44,38,64,65,37,51,53,51,84,61,60,75,33,76,98,33,41,47,91,71,40,85,45,80,44,42,89,64,63,46,83,48,63,32,54,36,77,65,94,88,92,35,65,55,45,66,77,60,82,42,77,89,98,88,85,46,44,42,35,60,58,87,64,83,56,86,88,54,95,50,32,69,76,74,34,56,95,33,38,77,63,93,48,62,92,58,76,47
34,30,70,49,71,73,49,58,36,62,89,42,72,44,66,46,50,44,70,89,71,45,35,77,69,47,91,91,62,58,39,62,38,75,89,44,69,96,45,55,48,90,49,73,44,62,47,31,96,33,44,69,91,95,63,37,93,60,60,49,80,61,39,81,60,69,71,55,60,52,74,67,35,83,72,82,76,64,77,89,70,85,54,72,98,54,34,36,55,65
88,68,98,62,71,46,44,78,60,41,50,73,49,98,52,71,30,93,78,31,43,58,50,41,88,74,42,77,43,35,43,47,85,82,43,84,54,97,84,88,51,92,98,76,35,53,74,56,69,34,78,33,92,44,86,76,77,82,67,81,64,95,32,89,48,79,82,66,33,64,56,95,46,91,91,35,98,33,71,62,79,57,91,53,34,92,93,45,87,49
90,50,35,37,67,70,30,34,43,83,87,33,39,62,84,85,40,66,71,93,97,66,75,95,44,88,52,72,74,90,92,72,57,57,63,32,64,74,88,38,54,38,64,78,51,97,58,56,93,40,93,53,56,31,75,92,90,47,43,80,53,48,94,56,57,92,31,49,61,61,64,43,74,40,48,71,73,97,77,97,72,53,91,49,95,48,94,71,50,64
51,60,57,91,86,72,36,31,62,94,45,97,78,46,77,34,68,95,98,49,34,95,88,74,64,57,62,95,81,76,68,34,71,71,30,86,56,66,77,96,38,45,40,63,61,59,94,41,79,34,71,52,91,78,60,50,96,47,36,84,97,80,72,87,83,49,77,42,37,33,36,80,86,76,62,71,68,81,50,63,56,33,74,79,86,43,92,89,31,38
57,52,63,60,80,62,76,67,47,35,69,76,89,51,86,87,36,48,35,70,58,64,89,69,57,67,93,52,51,49,87,47,85,51,93,85,50,84,54,60,94,78,41,32,50,38,84,79,83,55,87,79,83,41,36,79,66,74,71,97,75,67,89,94,97,98,87,80,90,97,79,77,63,33,65,43,94,77,47,48,97,93,32,98,92,59,70,61,38,54
66,37,73,50,44,31,66,59,63,37,48,77,60,57,44,67,57,71,51,84,50,81,74,40,80,74,88,52,45,47,84,92,70,45,70,59,43,57,49,68,70,78,69,86,47,44,59,70,98,70,61,84,46,47,58,89,42,92,80,62,95,44,34,94,78,36,51,51,81,92,36,72,83,55,67,49,73,88,84,41,65,66,51,67,57,88,46,74,76,74
36,88,30,38,70,80,68,44,64,62,43,66,60,47,40,35,86,85,86,72,53,35,53,75,54,45,65,85,36,81,92,90,82,34,97,95,63,91,49,58,52,69,95,31,60,59,34,81,82,45,66,62,80,63,83,97,35,79,55,52,63,66,66,37,93,61,71,94,41,79,46,81,55,33,51,84,34,45,68,57,38,40,48,56,64,73,68,48,45,32
73,82,54,81,83,33,43,76,42,93,79,72,73,42,37,45,98,92,42,81,52,72,67,96,86,34,80,66,88,49,49,61,81,90,67,76,95,90,85,40,48,67,82,31,43,66,73,86,73,32,54,68,69,79,61,81,69,83,42,76,55,71,34,30,59,67,61,65,68,97,65,42,62,31,60,83,96,45,95,83,77,45,89,84,71,53,71,95,63,55
49,94,44,58,74,66,46,36,47,48,68,32,58,47,95,81,85,68,57,40,93,55,73,92,85,93,97,95,33,87,55,95,97,44,86,57,53,76,64,39,79,88,50,37,97,89,48,97,69,66,59,35,72,56,75,71,67,47,66,31,31,65,63,96,41,93,89,89,68,64,70,30,62,50,77,52,64,74,41,55,74,49,82,66,63,93,39,40,49,82
68,55,52,96,48,68,68,42,64,41,62,58,65,47,94,64,67,55,50,38,78,90,64,91,63,98,69,80,44,80,91,79,51,84,89,66,30,50,89,35,80,67,60,47,38,57,53,72,66,91,33,79,67,37,50,84,84,34,56,93,80,46,46,67,78,75,32,62,49,54,47,92,66,59,80,52,32,48,80,94,89,98,54,63,77,55,78,61,67,72
82,43,71,61,43,55,53,30,71,97,68,87,38,72,33,66,81,90,47,50,54,98,81,85,91,95,77,31,60,73,30,42,69,57,74,71,56,54,87,41,69,75,41,35,31,88,92,74,37,77,76,66,58,89,50,81,97,44,69,77,79,73,43,87,95,96,91,64,67,97,93,52,69,40,46,39,40,47,71,49,94,89,49,91,80,33,31,86,46,66
64,61,72,33,48,87,36,70,60,65,41,77,45,68,46,78,91,92,85,66,63,82,98,67,44,54,43,81,83,49,88,69,32,41,48,53,41,95,54,97,36,60,65,71,95,88,83,39,46,65,70,65,50,96,79,38,60,98,45,40,74,31,31,52,31,39,81,47,39,82,86,82,79,46,95,78,74,92,58,57,82,89,60,89,73,79,34,43,60,75
71,38,54,36,52,68,67,95,94,30,41,79,80,88,37,69,95,81,92,38,87,48,52,85,72,77,68,96,74,59,94,60,44,56,76,94,89,45,70,78,67,60,50,93,74,86,48,66,56,75,30,82,71,61,96,44,30,44,97,88,51,37,68,86,39,54,48,65,81,34,66,75,83,40,34,76,69,56,53,79,56,32,73,61,89,87,34,93,44,55
57,91,45,38,66,61,96,41,65,94,46,88,30,41,82,70,48,83,69,50,75,33,76,86,54,42,63,92,30,45,75,51,48,78,65,43,89,34,43,73,84,33,64,54,66,76,62,37,77,46,92,52,88,97,37,71,81,51,89,54,36,30,43,39,59,37,34,81,39,66,50,98,48,58,69,38,51,39,66,72,66,78,61,33,69,79,71,57,53,86
45,30,67,53,42,65,93,95,49,66,84,85,85,87,87,98,85,33,31,64,59,71,89,45,40,91,58,51,35,96,85,40,84,92,50,64,63,81,73,59,31,50,96,36,31,72,44,87,85,48,55,34,77,72,89,95,84,69,32,78,38,95,62,78,71,60,61,86,57,77,93,59,87,51,58,84,54,95,94,48,44,37,72,48,43,54,48,82,58,70
87,45,66,33,69,31,47,64,59,42,42,35,58,63,68,95,39,84,73,37,66,31,81,48,75,62,46,87,96,89,73,31,80,43,98,61,39,35,43,63,47,89,38,90,90,71,87,32,85,55,67,56,40,88,49,68,60,79,31,53,78,31,81,42,31,98,82,82,54,52,32,66,74,96,38,56,64,66,56,94,70,92,72,63,69,54,84,74,52,59
51,55,64,87,55,47,69,45,44,86,85,49,48,77,42,92,60,70,85,69,54,41,64,35,81,86,52,71,78,34,35,61,92,42,59,80,76,85,63,84,67,66,55,36,64,80,97,86,76,98,34,61,62,95,52,41,51,75,44,80,44,43,91,89,86,38,40,95,70,78,54,69,59,78,58,38,53,59,38,72,46,58,74,59,94,92,95,62,39,96
44,61,77,95,71,66,49,76,93,45,86,86,91,65,97,47,37,86,61,72,93,90,39,61,48,38,57,94,76,43,51,78,31,34,93,45,41,68,34,57,31,84,89,68,64,71,97,65,40,41,79,78,87,49,88,39,72,95,50,81,89,67,53,50,53,33,55,47,64,65,80,42,37,36,51,64,45,41,77,90,55,83,52,48,47,52,50,51,79,57
92,84,81,92,50,44,37,78,93,71,78,46,96,30,95,59,56,90,30,62,77,49,74,92,84,57,80,39,88,59,46,52,43,40,83,86,77,50,83,92,42,61,51,98,39,64,72,47,72,88,47,75,80,32,79,44,83,84,43,47,47,51,64,53,76,95,86,47,81,62,55,33,44,51,72,40,71,33,84,93,63,78,91,60,37,56,97,92,86,81
93,84,98,52,47,73,61,82,74,62,81,45,54,98,49,91,60,66,55,75,70,59,44,40,31,62,34,60,43,31,92,66,38,52,57,52,42,82,87,90,83,32,64,96,65,61,65,60,33,79,67,49,81,68,86,92,60,53,90,42,72,84,91,42,44,72,34,65,89,68,66,42,81,91,32,50,60,46,35,44,30,84,35,84,69,31,70,95,61,97
37,95,81,43,71,30,78,64,66,41,38,39,45,57,59,35,41,82,53,59,45,69,36,53,63,72,67,67,92,47,62,69,80,82,71,38,57,37,98,68,93,67,88,30,46,97,30,89,87,96,77,88,86,88,96,33,69,42,72,78,94,95,53,82,43,83,58,63,66,35,63,86,32,80,47,52,95,47,43,72,68,76,95,80,37,77,76,38,78,94
93,43,59,78,37,81,87,62,73,74,80,87,62,39,35,94,36,44,68,57,83,63,70,35,48,98,39,51,48,90,56,53,87,33,76,30,78,54,82,97,79,89,33,33,84,30,96,36,82,59,71,54,57,80,93,54,83,54,90,42,94,92,35,36,43,95,54,84,57,92,98,66,74,33,51,46,83,46,66,65,41,95,47,55,79,93,57,39,97,78
53,43,30,82,64,34,75,50,30,96,30,50,32,83,69,95,62,76,67,79,39,72,51,39,82,45,51,82,83,79,49,53,57,65,91,65,64,46,88,50,66,52,65,52,33,32,35,46,69,48,58,33,30,43,94,82,75,31,52,87,63,73,75,87,47,61,65,73,56,97,59,96,52,95,47,36,95,75,35,45,46,52,82,61,50,41,71,45,84,51
74,64,96,55,39,49,48,37,34,97,67,68,72,67,77,93,50,39,88,59,66,38,54,70,59,63,30,64,39,74,45,95,80,89,73,92,89,83,79,91,77,86,73,47,98,96,53,51,32,67,89,47,44,67,57,53,81,95,82,67,50,53,53,44,38,35,31,70,35,46,89,74,45,77,41,75,46,38,36,82,98,39,75,70,46,52,89,62,58,68
41,47,87,93,47,49,95,78,94,95,40,41,32,67,87,48,37,82,35,82,51,57,64,51,80,42,48,86,80,33,76,95,85,80,73,42,36,74,87,47,80,45,98,45,75,75,93,86,68,49,86,90,79,53,69,82,35,54,35,90,52,80,92,91,52,88,92,36,78,42,58,40,89,96,78,87,53,92,46,40,91,30,40,47,43,88,76,98,87,56
60,32,48,83,51,75,43,70,35,70,56,72,51,63,65,59,98,48,37,30,69,74,61,60,59,64,42,47,96,88,55,30,79,48,89,54,77,67,96,95,57,82,84,97,60,67,58,85,46,57,85,35,68,77,42,33,63,30,76,74,42,36,79,73,38,40,76,41,52,44,47,57,76,32,66,71,97,75,91,60,39,75,38,79,65,90,73,79,93,55
55,86,91,50,56,34,73,89,55,67,77,85,90,74,38,98,98,39,71,96,36,57,94,30,64,46,65,79,80,73,38,39,79,61,94,45,69,78,71,34,52,83,77,95,35,60,32,31,75,73,41,77,81,51,90,57,96,42,96,75,48,44,44,77,52,49,80,37,51,48,51,77,52,91,40,61,33,38,84,78,86,92,44,92,84,92,50,90,55,77
67,57,39,72,78,51,89,39,75,97,42,40,56,45,88,88,43,70,68,81,88,73,82,54,74,30,82,80,43,57,48,49,60,53,56,48,62,44,45,51,97,62,41,66,63,85,37,81,49,97,87,92,52,93,96,37,55,31,46,39,73,64,33,48,70,49,41,88,39,31,91,32,46,61,43,75,67,90,50,31,79,56,48,93,69,50,72,67,71,41
72,71,63,56,78,67,63,95,45,91,35,30,40,87,30,46,43,74,98,58,74,69,81,70,70,57,67,35,58,63,89,84,96,38,75,93,69,97,42,31,83,90,54,49,31,65,67,69,31,36,70,64,72,77,47,79,77,75,92,64,51,32,77,95,37,90,87,67,90,59,63,92,69,89,62,32,40,59,49,60,79,95,94,58,95,98,34,57,45,65
61,36,43,75,77,83,45,93,31,80,44,51,41,68,97,72,58,43,30,45,98,58,95,67,32,64,90,81,69,35,74,61,44,62,88,86,85,58,33,36,34,97,70,90,60,30,74,41,93,38,52,59,59,88,30,70,44,70,44,60,83,92,80,68,56,47,82,67,39,68,70,43,59,33,32,85,48,82,41,88,85,50,70,74,76,50,53,47,82,59
72,87,85,95,93,80,77,61,39,69,84,79,51,93,85,40,76,52,53,92,45,39,95,62,35,92,51,86,97,67,54,78,41,47,87,56,63,49,65,36,80,88,73,68,70,52,91,86,70,82,49,83,54,80,74,60,30,65,74,64,60,57,78,81,78,45,62,89,61,38,62,53,57,91,92,98,83,49,39,35,76,37,78,80,38,93,86,64,81,33
72,47,84,40,33,51,48,93,43,90,74,77,38,70,71,58,96,43,98,77,59,80,58,55,83,67,85,71,86,55,71,65,62,85,63,45,50,94,82,92,88,54,65,71,82,76,51,36,61,50,74,33,43,81,31,94,89,44,39,60,87,86,81,73,54,36,41,89,56,83,95,63,68,67,39,71,33,53,93,82,82,96,77,97,68,92,56,70,40,61
63,46,97,96,81,90,33,31,75,35,45,68,81,40,46,76,34,52,80,30,54,83,51,57,44,40,82,78,86,75,62,33,51,74,53,81,50,75,47,69,41,46,49,31,52,62,65,79,79,81,82,44,83,31,82,71,75,92,88,63,34,64,75,41,37,53,79,49,41,49,79,56,48,78,39,84,86,90,51,88,77,52,97,43,62,31,43,64,39,80
87,30,66,69,93,45,49,69,70,92,57,37,45,45,51,44,32,91,63,35,52,42,82,52,37,37,55,38,55,30,98,85,80,50,47,78,32,34,95,58,90,65,48,54,31,55,72,60,46,34,45,70,63,55,63,66,41,44,71,66,92,77,94,82,37,44,69,43,31,41,92,72,57,97,93,96,72,51,36,98,80,54,42,80,83,88,65,48,59,76
77,62,59,76,39,75,83,62,51,40,44,74,87,35,83,89,69,82,79,69,77,35,52,77,30,32,96,78,77,57,89,77,36,53,85,72,44,92,86,96,31,68,38,42,43,65,61,51,98,49,63,75,67,87,41,82,54,45,97,40,45,34,84,46,45,66,62,71,43,56,96,72,31,88,31,89,67,71,62,43,63,59,75,95,36,59,34,55,72,58
30,89,89,67,85,41,61,61,67,36,88,54,51,68,50,54,51,67,92,37,79,64,73,77,58,40,72,62,65,48,45,32,71,81,96,93,71,58,97,92,47,83,66,84,35,86,69,34,79,50,36,67,35,57,75,73,65,49,96,72,70,42,98,72,50,48,78,36,53,95,46,35,50,77,39,93,36,62,76,98,57,38,78,33,59,52,51,56,77,59
49,95,86,65,37,75,80,47,89,66,81,82,63,89,72,66,95,75,93,39,52,50,74,52,58,71,54,63,98,87,63,95,80,30,41,59,44,36,91,42,61,65,64,90,45,67,72,77,57,61,36,98,74,93,77,97,47,84,78,74,88,47,84,82,95,90,34,86,94,61,31,76,31,44,75,93,65,82,93,91,35,80,41,74,92,96,84,45,90,68
43,36,64,89,46,92,95,44,51,56,62,86,83,58,87,71,54,87,97,61,78,45,98,57,47,63,89,44,96,38,68,57,64,80,94,60,49,73,40,42,76,85,95,36,70,76,49,39,92,61,45,32,72,83,58,32,70,73,82,63,78,34,95,32,80,64,31,42,85,86,62,56,35,80,45,63,69,81,34,81,53,97,98,86,35,51,62,49,80,30
62,82,71,75,83,94,48,94,50,75,50,46,54,49,80,94,58,34,70,59,53,49,32,59,32,61,51,76,36,44,30,40,88,78,35,79,77,34,91,92,39,49,53,30,68,89,36,62,62,37,87,54,65,54,55,74,79,51,46,75,33,92,71,48,61,80,39,77,96,53,36,84,69,76,80,52,40,90,98,44,79,93,32,58,82,35,34,63,68,37
74,37,32,46,38,98,86,72,57,62,48,44,52,41,48,78,80,80,62,59,55,75,51,34,38,92,63,61,43,93,71,85,74,86,34,33,50,59,51,67,39,97,80,78,31,62,33,50,58,41,60,78,34,91,35,85,55,75,74,69,32,76,30,52,98,98,41,90,75,71,57,61,39,96,31,46,96,94,58,32,93,68,44,60,52,84,63,52,87,91
51,31,88,39,85,86,33,91,44,89,71,83,55,77,74,52,53,56,65,84,41,43,51,92,35,34,93,66,71,50,65,70,89,82,74,96,95,34,96,89,75,69,58,67,32,51,40,38,72,90,87,81,98,39,97,71,88,84,65,67,35,96,39,62,88,97,50,70,82,69,80,46,45,91,75,44,58,33,95,76,73,50,75,56,69,41,54,33,82,56
59,49,68,66,41,94,86,49,82,76,82,68,81,79,54,86,95,46,30,62,64,36,41,70,62,97,43,94,96,71,40,85,73,55,39,77,60,80,46,76,47,43,92,77,53,41,44,54,63,55,78,42,60,55,59,91,42,87,35,84,69,30,34,75,30,44,75,76,97,93,98,33,79,84,80,86,76,35,51,53,50,60,73,71,93,91,96,76,50,74
66,98,83,88,78,56,60,70,38,39,54,57,50,41,46,31,97,33,97,57,80,69,57,39,72,36,37,89,35,89,35,72,80,78,41,64,38,53,97,30,60,67,75,31,41,30,70,44,94,39,45,66,71,52,48,83,31,55,85,51,74,45,61,80,42,58,35,87,42,80,84,86,78,84,52,45,39,30,97,90,64,68,85,40,83,44,72,90,56,80
82,77,43,76,94,89,48,61,66,32,68,44,71,58,31,51,67,30,91,93,58,48,41,75,43,87,30,56,78,90,62,64,88,89,69,88,51,74,45,97,60,53,37,73,95,32,53,71,80,36,96,80,58,75,33,45,42,57,36,52,60,56,78,81,62,96,47,47,97,92,43,50,91,76,69,92,42,36,75,82,66,84,36,44,44,76,95,90,57,46
53,75,71,57,58,71,74,33,56,35,39,33,32,46,33,63,76,54,74,85,81,32,82,36,72,66,74,32,38,89,47,89,69,56,38,47,39,67,75,55,85,47,51,44,47,75,35,72,60,30,49,60,95,52,39,33,53,44,89,38,84,56,36,97,36,48,43,31,90,47,42,92,78,34,88,87,30,31,42,52,72,95,41,52,90,98,57,71,38,55
80,85,61,77,44,69,85,71,73,51,34,34,70,59,88,50,69,92,87,69,66,41,35,58,60,40,71,36,96,49,30,35,68,40,51,33,84,45,52,73,35,92,53,60,41,34,43,88,93,48,57,85,35,60,65,88,84,48,32,56,38,47,57,82,89,75,91,78,82,76,64,51,67,51,98,36,37,49,55,44,77,89,47,87,36,92,36,67,83,74
60,71,89,68,60,37,75,98,79,65,56,95,89,41,47,96,40,53,84,37,52,70,39,65,31,94,90,33,43,38,38,82,74,53,68,56,56,92,88,66,41,85,40,37,80,81,50,35,77,64,30,95,33,83,39,67,85,83,71,31,86,94,67,42,45,43,56,44,70,71,79,46,80,91,57,76,40,47,36,53,56,61,79,60,72,40,47,30,50,89
67,96,80,82,39,85,81,77,46,40,39,48,68,93,50,87,39,49,98,60,40,49,48,33,59,45,98,90,73,32,74,81,59,56,60,74,30,70,61,93,97,31,46,38,46,87,48,49,86,75,91,83,74,73,79,67,63,40,70,79,91,56,57,58,60,86,55,95,42,32,73,41,38,50,80,91,80,70,53,66,42,96,71,48,93,62,81,54,88,74
75,78,61,76,60,43,38,32,89,56,67,84,63,31,98,41,81,76,67,46,43,88,79,52,57,54,39,76,88,67,63,79,62,56,62,48,33,67,71,59,44,47,52,53,85,32,36,98,88,61,32,81,45,33,60,30,94,70,50,45,91,84,89,91,81,55,35,92,53,96,57,55,39,58,58,73,88,37,48,52,65,91,63,76,50,86,44,68,83,53
58,54,79,88,42,93,64,53,94,67,52,93,41,93,90,67,74,47,94,34,34,36,62,51,53,51,81,39,53,52,57,87,76,80,79,43,42,73,61,64,95,82,67,62,43,98,62,96,76,83,93,60,52,76,44,71,63,88,86,89,45,35,67,84,58,78,83,32,54,97,44,50,70,49,88,94,95,45,68,35,98,52,71,70,96,83,40,40,87,70
61,90,88,57,83,73,59,91,53,61,63,44,30,78,46,98,58,79,50,53,74,51,30,32,55,90,58,52,51,48,87,88,45,73,68,84,83,62,87,90,68,46,45,83,34,41,73,96,98,93,89,66,82,48,86,73,60,82,89,61,53,45,78,57,94,34,41,46,93,92,57,56,47,95,49,30,81,54,88,44,35,94,72,97,79,37,37,56,43,98
86,66,67,89,97,42,37,54,51,49,84,46,72,80,40,81,74,93,31,30,69,31,42,56,33,49,38,81,60,96,78,57,66,91,98,76,61,36,32,68,55,96,81,70,65,84,53,40,50,36,91,43,60,45,48,64,77,73,67,82,60,46,43,68,65,86,34,91,94,47,70,36,50,30,83,45,32,60,89,49,53,85,36,47,59,77,51,48,87,86
86,75,40,85,58,36,45,32,30,54,93,57,30,39,93,50,34,44,95,69,63,90,54,64,95,88,88,38,63,47,87,69,39,49,87,48,74,78,46,82,72,63,32,40,60,42,72,49,74,67,93,80,42,88,92,51,68,52,48,41,98,37,44,34,47,53,58,83,31,81,89,77,49,34,74,92,44,43,59,95,69,66,71,55,57,36,87,42,78,51
62,81,44,54,50,51,95,37,79,65,36,35,56,78,66,47,37,63,46,60,72,46,46,74,90,82,49,84,32,36,88,61,66,96,61,51,62,52,62,97,94,63,48,62,30,88,33,95,30,58,36,40,51,75,53,68,43,84,81,39,38,69,91,80,76,60,64,85,35,92,75,73,80,93,57,71,91,84,71,40,56,87,51,38,74,96,59,74,67,42
58,40,42,81,49,88,86,54,51,37,87,82,79,44,55,64,51,38,36,91,64,59,72,96,36,91,41,50,32,85,44,94,47,46,66,58,47,77,75,40,77,86,67,78,34,56,62,32,53,95,49,65,91,62,46,42,54,54,67,59,65,34,80,61,53,91,91,60,60,36,69,56,43,45,52,55,90,59,66,53,51,73,42,33,68,31,35,47,80,56
74,89,97,59,74,31,89,98,39,49,34,74,60,79,93,65,32,85,84,90,33,71,38,80,79,54,77,79,65,66,96,70,78,52,87,57,30,38,70,92,92,46,87,98,79,45,93,36,72,69,63,81,80,88,84,94,78,94,53,87,62,90,63,71,37,61,63,84,65,30,43,38,34,36,59,70,70,30,62,37,69,66,72,71,93,72,96,68,97,68
71,46,32,74,50,70,46,78,73,39,75,81,67,31,92,48,31,58,30,51,55,85,71,44,97,62,52,78,62,77,56,79,73,93,83,87,48,83,72,60,98,97,91,69,98,43,66,77,53,58,70,52,51,31,31,36,89,76,52,90,78,66,52,56,30,83,63,69,52,30,49,67,56,31,57,55,97,55,36,54,78,56,86,88,53,80,79,43,85,73
34,98,42,67,34,75,33,44,67,46,79,41,64,78,78,73,65,50,83,50,35,86,51,65,53,46,74,48,78,30,61,51,52,51,89,31,68,79,87,71,32,67,42,33,74,41,94,35,55,54,84,62,65,78,37,60,41,61,82,79,36,91,86,88,37,63,68,79,39,31,80,70,39,83,40,47,93,39,71,34,32,41,71,72,88,64,70,35,89,73
53,89,75,93,86,84,95,33,32,65,95,72,94,54,89,50,78,48,47,92,64,46,74,62,42,79,94,97,56,57,84,85,76,64,63,43,45,79,41,86,51,56,31,60,34,93,64,67,66,85,30,40,61,88,91,60,64,48,67,58,44,73,89,73,90,41,64,67,69,46,67,63,71,39,43,49,80,30,86,32,83,86,95,65,52,33,32,98,53,44
85,38,38,61,45,74,39,79,50,73,33,48,30,57,39,44,77,82,86,44,33,49,75,81,82,50,36,90,55,56,84,98,46,45,38,85,95,74,68,90,73,79,34,32,69,56,96,61,58,85,69,60,79,90,90,92,33,41,72,84,96,98,34,34,59,78,89,57,97,56,84,38,95,51,68,57,75,89,57,64,38,48,66,96,77,67,53,83,82,63
38,65,71,36,44,66,33,68,88,62,69,79,93,47,67,72,33,42,89,48,30,59,97,81,84,87,41,67,82,44,96,48,82,70,32,72,31,96,63,73,32,69,74,40,66,74,95,97,53,30,85,33,63,45,37,56,55,41,68,92,43,68,92,57,31,55,80,79,62,73,31,37,48,55,60,58,64,33,90,66,35,41,31,58,92,88,81,49,81,51
81,52,45,81,82,64,95,82,78,70,33,40,73,33,42,94,98,72,53,52,90,96,32,50,67,37,64,55,63,81,36,66,46,82,61,36,57,67,82,38,38,36,33,34,78,39,39,48,88,66,55,62,49,87,80,53,43,74,34,41,49,57,31,35,60,58,78,48,76,30,49,80,60,53,79,36,86,33,83,47,85,87,85,47,94,83,43,45,65,35
43,97,82,93,97,96,43,75,76,37,41,94,51,78,84,50,78,84,32,35,73,40,54,53,79,56,42,33,91,62,95,82,51,84,71,46,85,92,87,48,98,42,84,92,66,78,98,84,62,84,90,89,32,76,35,98,91,87,54,94,78,72,57,44,61,90,41,74,54,70,55,34,77,86,93,84,37,81,66,35,70,54,72,47,35,35,64,49,55,82
93,46,67,40,93,50,89,32,33,89,34,56,53,50,59,81,45,42,60,45,93,80,76,38,72,58,91,43,34,88,85,44,44,83,68,74,58,96,90,67,55,53,91,51,42,41,95,65,82,50,83,89,30,83,32,39,93,79,35,48,92,74,89,55,60,61,57,58,88,64,82,51,59,53,74,50,45,56,70,68,70,81,71,46,90,67,64,80,67,78
41,96,58,83,42,48,43,34,54,83,92,72,54,80,94,64,66,87,41,74,36,55,47,79,68,55,63,70,35,37,79,46,40,60,85,57,35,89,38,97,39,79,69,65,70,32,93,84,73,61,98,45,85,84,80,32,46,52,46,35,32,75,65,91,94,55,58,41,74,37,30,78,86,88,88,57,49,44,88,32,82,80,85,39,48,75,65,83,33,43
80,72,90,89,66,76,43,92,65,33,75,31,69,64,86,61,89,78,45,40,38,32,70,86,93,84,87,54,93,65,84,48,89,69,59,78,97,39,44,79,42,34,51,71,78,94,90,34,38,93,54,93,91,47,76,88,31,89,46,54,54,45,49,86,72,82,39,97,49,34,42,65,92,97,60,88,78,60,53,83,34,93,38,87,98,80,33,50,47,61
91,91,92,97,93,98,91,75,81,70,80,92,90,78,34,60,49,59,83,48,59,41,97,98,87,98,97,96,88,72,45,92,33,78,33,80,38,56,94,62,68,90,78,44,94,32,73,92,53,48,68,70,38,74,41,36,53,40,88,96,58,71,42,47,54,68,75,72,95,73,32,87,65,77,55,44,64,49,88,87,40,84,48,49,45,60,96,96,94,68
84,74,88,42,46,80,83,36,63,81,84,58,81,36,33,62,76,79,79,50,85,90,38,83,53,95,49,37,46,87,39,47,49,68,96,65,60,59,37,94,71,35,48,36,96,72,57,79,50,93,53,90,68,51,48,84,59,83,86,58,40,79,49,83,81,52,31,47,71,97,59,58,61,77,52,62,68,41,65,65,74,54,73,37,96,91,60,82,52,43
78,95,62,47,75,32,60,93,76,76,68,74,51,89,65,61,91,93,72,66,88,54,55,35,91,44,40,52,71,66,78,36,81,94,76,91,58,50,64,47,60,44,31,58,32,84,94,95,42,37,63,81,58,38,89,49,42,95,53,90,62,53,81,97,35,75,51,39,83,49,97,88,71,79,85,42,36,67,71,66,75,93,94,85,81,68,55,44,48,65
43,61,56,94,51,79,87,95,57,67,95,55,88,75,58,40,91,53,73,64,84,68,87,41,97,49,94,59,86,87,32,69,61,83,50,50,56,93,30,66,33,86,32,63,52,31,59,87,84,53,43,89,39,31,58,56,55,96,85,74,91,56,39,59,66,37,60,42,93,89,98,93,88,68,69,42,95,47,89,33,78,69,62,69,46,69,74,87,45,30
95,38,56,47,95,44,73,50,39,70,69,83,84,87,55,78,67,91,38,35,48,59,72,31,41,63,77,37,34,50,96,96,94,76,62,47,37,66,58,77,79,31,30,64,32,85,80,68,80,45,49,91,55,66,61,49,38,40,59,49,87,53,68,44,49,75,78,69,31,69,76,93,80,58,87,97,58,39,87,36,89,31,44,75,83,39,71,43,73,52
77,59,43,38,91,60,69,64,58,76,57,94,82,73,92,78,61,88,50,50,98,37,91,67,61,86,39,65,72,93,52,59,35,66,95,56,72,54,69,46,70,94,42,73,54,87,59,76,36,37,39,70,60,60,47,52,69,57,69,61,45,38,55,72,91,60,31,38,51,75,51,79,50,44,31,33,55,58,93,35,44,89,30,58,70,97,79,82,74,96
42,42,87,85,37,85,94,35,74,35,41,44,62,38,74,88,46,93,48,82,36,84,94,87,30,62,45,48,97,69,63,35,52,75,58,43,58,32,57,68,90,94,83,37,70,82,66,38,33,72,71,89,62,85,31,58,97,57,48,36,70,37,54,48,50,84,79,98,36,98,75,31,48,45,47,66,44,58,55,92,61,45,92,59,97,87,76,50,30,66
64,94,30,35,88,77,32,73,79,59,91,47,34,42,78,35,55,94,49,34,41,42,95,31,52,46,71,47,57,38,74,30,49,67,51,80,94,59,31,68,68,74,33,34,95,96,55,91,32,97,52,98,87,77,77,95,93,50,79,93,92,52,63,81,40,79,40,31,39,53,49,66,30,44,95,42,88,60,34,79,30,32,78,83,48,37,37,60,41,64
87,42,84,58,47,37,62,52,50,75,98,35,96,57,54,79,62,84,32,62,43,38,91,56,44,51,87,88,47,92,60,79,80,31,50,31,69,92,71,54,44,48,47,83,78,33,43,91,80,89,47,82,95,85,74,68,47,50,89,76,37,97,59,41,53,92,45,48,39,61,78,55,77,58,30,74,74,36,76,57,58,49,36,32,79,82,38,85,80,72
30,74,59,80,68,51,72,44,54,55,60,65,63,51,42,64,61,34,39,79,97,54,37,69,33,40,77,31,36,81,63,68,31,65,54,95,81,31,95,64,93,93,45,91,39,89,90,59,34,50,70,76,52,52,96,51,38,79,78,84,42,64,96,31,36,81,47,81,82,55,73,51,56,58,46,69,77,80,79,62,97,60,83,74,74,31,71,96,76,77
53,58,97,87,65,64,33,56,83,64,90,86,61,85,45,79,75,69,36,91,91,77,42,78,69,81,84,68,47,55,80,42,94,42,75,73,88,45,30,42,90,91,33,42,62,62,77,63,48,39,61,35,70,71,87,45,57,95,89,35,50,63,43,38,39,63,39,33,95,65,93,49,81,46,51,84,79,70,92,52,87,52,90,82,61,93,55,32,35,67
53,38,71,80,88,58,96,74,62,70,69,83,48,53,48,59,50,35,63,31,60,32,91,55,44,87,80,85,40,46,71,30,69,54,39,36,67,41,63,67,45,94,33,94,84,65,94,34,39,98,78,45,67,44,88,63,46,59,31,53,30,82,94,46,94,82,73,39,52,33,33,84,42,36,35,52,61,52,54,57,76,32,76,45,82,65,30,55,68,36
51,41,88,67,55,62,36,37,94,67,63,34,84,86,87,30,94,95,45,66,53,88,38,73,92,93,67,78,40,72,83,94,30,64,84,62,39,44,58,49,39,61,74,89,90,68,77,90,94,68,63,98,72,79,51,74,76,58,97,96,63,48,34,88,91,92,35,73,56,76,39,54,74,40,70,41,73,36,52,87,40,48,92,75,83,41,69,34,49,44
63,40,83,74,72,58,71,91,33,63,56,81,74,37,65,93,84,91,69,90,85,41,56,45,90,61,44,83,90,35,89,88,69,46,69,80,61,62,68,43,37,49,91,96,76,63,41,96,80,84,45,60,70,45,95,45,52,34,30,64,38,73,94,56,60,84,61,47,52,87,47,60,85,89,51,34,95,84,76,40,94,64,45,78,41,71,38,55,51,61
38,55,58,74,95,34,71,31,87,94,54,80,38,62,46,87,31,84,97,49,68,77,96,68,66,84,70,88,95,80,30,66,96,91,52,32,44,31,75,48,62,57,71,39,98,91,49,89,43,48,98,91,75,51,46,76,97,74,54,51,81,55,56,34,84,82,88,84,34,91,73,66,49,38,63,32,59,55,88,41,63,58,83,72,73,41,41,97,82,92
87,76,49,58,36,30,95,62,96,54,46,93,55,86,45,84,84,61,76,46,53,37,64,42,79,80,98,62,52,81,80,57,62,83,84,97,64,94,90,74,84,37,84,50,68,47,49,45,65,48,86,91,71,74,44,46,88,91,56,86,96,33,38,80,74,87,65,75,35,52,87,62,83,69,40,33,43,63,54,44,64,88,85,58,76,91,67,71,75,34
50,43,87,61,34,37,58,71,94,45,62,72,74,54,49,91,87,98,41,73,91,45,61,34,88,54,36,86,34,33,50,71,67,39,31,83,72,31,46,82,38,84,30,54,35,69,56,62,86,98,35,90,65,31,46,91,79,58,92,76,57,94,61,80,33,47,61,58,39,46,51,72,32,62,31,67,32,43,85,33,82,48,65,39,83,84,80,67,68,74
74,34,77,49,66,97,42,46,51,67,96,44,57,33,70,39,94,97,60,44,45,72,46,54,46,87,53,90,49,60,65,79,66,73,73,39,33,46,44,30,38,56,74,73,85,95,55,98,44,70,44,31,46,61,89,80,84,97,41,41,36,98,77,79,37,30,46,74,46,42,83,42,92,63,73,82,98,85,69,51,71,53,93,50,40,90,56,36,34,44
38,71,86,87,93,57,81,66,45,94,70,34,51,34,83,55,66,32,57,97,87,71,73,75,46,49,42,38,89,98,83,78,91,66,33,52,73,78,69,37,50,74,95,80,67,65,31,48,50,61,83,80,41,87,74,81,87,38,55,54,66,95,86,43,44,61,43,61,74,42,88,54,40,75,95,92,86,50,81,88,77,57,36,97,62,36,81,65,96,34
31,34,50,30,55,71,73,91,85,81,42,94,73,61,89,54,75,90,62,79,75,77,61,55,45,39,97,57,40,94,42,67,41,62,73,36,70,70,74,87,71,43,66,51,54,76,73,50,48,96,75,96,39,35,67,75,97,38,47,69,35,87,55,83,70,31,57,40,47,75,48,35,71,98,47,79,97,51,61,70,55,69,55,89,47,81,66,40,70,59
75,48,92,51,60,76,58,34,73,78,95,81,62,57,87,95,67,45,67,82,81,42,38,90,83,31,61,48,63,91,79,56,71,88,44,77,44,30,36,87,76,59,39,44,73,31,65,86,80,37,31,30,41,40,45,43,50,93,68,80,68,73,80,37,67,93,55,93,87,96,81,50,39,37,81,63,57,83,39,61,58,70,95,61,75,50,75,39,97,30
81,35,78,62,60,97,47,55,57,90,65,31,74,62,71,30,97,78,38,57,43,65,90,91,60,97,90,50,69,35,32,50,57,70,97,39,50,32,49,87,97,85,34,56,51,63,33,80,30,60,80,60,63,94,61,76,49,70,38,58,54,48,84,49,35,93,48,95,63,43,44,91,40,78,36,55,32,45,72,58,90,86,47,35,58,77,30,55,93,98
74,68,52,62,95,91,57,56,82,49,93,78,88,54,32,91,91,35,42,73,96,35,63,41,36,48,44,40,35,77,70,66,54,69,75,91,63,52,70,89,52,69,97,31,84,95,45,41,57,53,55,57,67,62,53,72,45,34,92,30,31,83,31,35,87,47,43,75,42,95,97,61,37,75,71,43,54,93,52,73,97,91,86,84,75,88,35,33,74,85
96,83,85,64,30,82,85,48,96,78,57,43,39,31,36,95,41,54,54,81,78,70,65,49,62,37,35,92,69,41,72,37,57,84,33,47,75,89,45,46,90,36,59,93,30,97,89,62,85,61,65,41,66,76,74,89,65,64,43,82,61,85,85,51,63,69,44,47,60,70,81,35,88,54,85,58,39,51,32,51,65,81,68,66,62,37,86,96,40,46
75,55,72,61,68,43,55,96,96,36,54,58,72,77,71,97,33,62,42,81,72,94,90,98,42,70,98,54,30,83,69,75,54,32,57,86,65,82,43,79,83,64,81,79,50,57,56,80,46,44,48,86,31,66,59,72,50,63,96,40,65,78,87,91,46,51,96,97,62,47,79,78,32,33,39,58,37,93,35,78,61,75,69,34,69,50,98,64,68,85
44,51,60,42,45,47,79,34,90,63,77,72,42,33,56,95,35,94,52,38,43,55,38,34,79,77,42,35,54,72,51,80,38,59,56,73,69,95,73,43,85,57,38,57,90,38,41,57,87,45,73,93,39,37,32,43,30,42,49,69,67,98,54,90,71,86,41,93,90,72,83,65,46,45,74,39,60,83,73,34,91,61,45,53,72,49,69,41,59,65
45,80,61,75,83,85,76,80,83,83,77,51,61,75,37,88,98,93,73,40,56,44,87,61,34,38,74,95,84,74,94,33,71,34,79,87,42,40,79,51,47,78,48,92,52,44,39,49,73,43,46,40,82,97,48,37,84,73,35,35,58,32,47,51,88,35,95,70,39,50,88,45,68,90,49,38,77,76,77,64,34,66,38,86,89,52,97,61,56,62
62,87,97,91,75,60,30,62,49,47,49,65,50,89,67,93,44,32,75,51,37,75,84,79,77,84,35,79,67,58,41,33,45,62,66,66,38,87,31,34,72,52,68,62,49,84,43,77,32,61,84,44,33,85,43,42,53,78,43,84,95,66,50,88,92,85,65,38,76,40,41,35,63,75,97,51,48,66,35,34,30,53,88,59,53,63,59,30,48,53
88,42,98,94,42,31,93,45,49,44,67,62,44,58,96,88,48,67,65,89,37,53,95,39,97,79,74,63,93,48,32,61,89,56,89,30,30,91,57,80,61,32,96,80,51,48,94,87,69,65,49,71,51,71,69,73,44,58,46,54,41,57,39,34,49,95,52,73,84,82,34,71,64,46,86,31,76,40,56,52,79,59,65,56,50,76,60,35,62,68
92,74,63,56,73,83,93,37,96,38,63,32,57,68,79,68,84,62,34,93,80,95,64,68,76,57,68,86,85,78,77,73,85,87,65,57,78,38,52,72,93,86,62,31,97,51,77,76,78,58,89,97,67,43,35,30,75,44,83,37,56,49,35,87,87,77,49,87,46,61,89,78,53,70,57,47,59,81,72,70,75,52,83,94,49,35,81,93,87,58
31,63,48,65,68,37,88,50,91,86,73,61,55,98,39,46,56,51,52,40,51,53,48,37,95,70,69,37,75,36,85,61,57,37,86,31,37,38,39,71,89,51,47,88,30,95,66,92,69,45,89,76,56,75,49,51,77,38,98,89,32,73,84,42,77,82,82,40,37,98,77,66,58,57,48,51,91,91,93,48,72,35,35,76,40,88,82,75,66,64
32,71,68,69,96,58,72,42,42,33,91,40,49,84,98,41,85,34,62,86,35,81,73,91,33,93,52,74,36,82,64,55,74,48,32,79,44,95,36,66,87,34,88,90,37,96,93,52,36,45,33,39,34,87,47,77,56,59,87,95,52,49,38,85,75,44,74,30,56,89,90,35,72,42,63,80,49,71,69,66,52,56,62,88,67,80,51,40,38,68
31,59,53,78,88,39,48,37,77,55,55,40,46,38,84,53,79,65,80,86,41,60,81,34,92,57,73,37,76,62,98,73,44,79,98,65,74,91,70,64,57,47,80,48,65,36,65,77,52,32,76,47,75,65,83,85,56,94,93,76,43,95,48,43,57,44,35,70,56,94,30,85,33,35,41,79,88,70,86,34,88,44,40,34,88,93,54,31,64,51
51,72,30,34,91,95,92,41,36,79,80,82,84,44,40,82,71,32,68,52,49,83,83,52,57,68,60,93,82,50,35,69,61,72,39,42,62,80,65,45,55,48,44,36,65,41,31,69,34,81,81,89,54,58,83,45,96,89,30,35,47,91,96,61,94,65,62,44,48,39,82,91,40,38,67,74,73,50,49,31,66,49,73,54,76,58,83,89,62,56
31,33,63,95,70,87,36,92,79,65,59,61,85,70,56,90,35,88,84,44,96,76,58,62,70,96,67,52,94,37,39,66,74,73,32,94,78,83,49,71,64,54,64,83,51,74,83,95,95,94,93,52,35,37,81,88,31,35,34,85,61,90,60,67,62,72,67,39,88,61,73,55,65,81,44,59,34,77,90,60,34,51,46,36,49,73,42,96,80,50
83,45,46,69,45,85,52,62,31,76,89,35,44,31,78,35,39,82,69,79,71,33,72,39,97,31,88,33,40,42,60,89,86,45,58,38,85,87,95,81,42,83,65,75,42,48,97,89,92,78,68,95,73,55,96,46,98,40,86,62,95,53,74,94,42,44,71,93,54,92,73,92,73,90,62,94,62,90,73,68,40,54,55,45,33,48,73,41,90,53
63,38,48,44,96,94,85,75,36,38,35,45,39,64,54,67,98,47,42,53,32,79,40,85,80,82,39,66,92,55,75,61,94,72,74,89,70,35,86,36,41,82,77,95,66,56,86,89,37,94,96,52,73,55,34,85,67,87,71,93,79,80,47,76,92,67,32,63,72,77,50,58,79,76,59,77,50,35,74,73,85,87,66,92,47,33,47,35,36,46
57,95,48,82,72,42,37,59,58,70,77,42,62,97,76,32,52,67,70,67,36,39,66,61,90,69,85,34,79,78,37,67,61,90,80,41,87,65,55,71,78,67,84,74,55,82,35,42,55,45,38,47,84,94,44,81,34,81,96,52,36,78,53,31,67,71,93,36,51,47,35,94,41,42,40,47,77,59,61,31,97,90,45,36,76,42,76,98,61,58
97,32,98,53,83,78,40,78,81,92,42,88,88,85,61,42,61,84,68,93,94,83,45,35,74,75,66,65,37,33,57,42,45,60,79,77,57,50,39,96,71,55,46,75,95,73,57,92,57,48,61,70,44,33,74,96,60,97,32,55,71,63,40,62,35,71,44,98,69,35,71,54,43,65,39,64,80,60,56,32,91,30,50,89,52,38,63,79,73,36
81,41,67,67,40,85,92,33,85,31,73,60,75,48,90,85,36,58,47,76,73,37,48,72,80,81,86,65,39,87,63,87,80,91,88,77,69,61,76,39,40,71,44,97,53,30,86,71,38,43,36,32,48,34,97,42,32,84,79,84,79,74,46,66,75,85,51,32,39,66,87,43,33,67,37,80,78,40,76,80,87,37,58,78,63,81,91,40,63,39
89,96,40,47,86,75,83,48,44,59,63,33,88,92,74,38,50,49,88,44,84,38,91,86,91,61,92,79,47,67,52,45,61,45,38,54,97,67,53,91,93,76,80,87,31,68,39,33,78,32,36,35,44,44,59,39,85,41,90,59,50,83,36,37,93,68,91,82,52,43,63,33,73,76,83,57,66,67,69,78,73,87,62,79,60,79,95,48,58,66
67,34,97,81,69,69,35,38,96,45,61,70,81,67,84,73,71,93,61,54,62,30,40,48,41,53,32,75,69,66,78,37,38,69,87,63,52,62,72,60,39,53,84,53,79,61,70,63,72,30,50,31,52,41,78,30,67,43,52,52,32,47,84,50,58,34,89,61,41,62,62,44,51,46,74,64,86,90,35,35,45,36,74,46,58,79,95,82,50,75
91,59,47,65,33,86,46,72,90,92,97,90,37,59,75,51,48,49,58,76,98,35,74,66,71,53,80,89,86,90,59,70,32,53,74,46,87,74,63,40,77,57,78,92,71,42,61,43,74,69,59,68,58,30,85,68,85,88,69,63,65,72,85,31,32,52,89,91,70,49,97,33,31,42,92,52,56,50,68,78,67,54,66,71,81,33,91,86,73,44
32,38,69,30,82,80,93,49,64,34,66,74,62,91,83,74,96,89,55,97,34,36,35,85,98,50,46,57,44,49,41,97,90,52,52,87,39,34,47,66,95,46,77,66,62,86,98,97,61,82,47,42,83,65,82,37,59,49,48,71,81,46,43,54,40,60,94,44,61,38,97,89,34,62,71,61,41,43,98,42,42,89,66,34,40,50,55,81,77,60
80,77,93,51,96,56,68,46,73,97,79,64,73,38,52,77,59,68,78,71,56,34,66,69,87,38,78,45,98,64,85,47,97,46,49,85,91,94,81,83,32,64,93,75,33,61,43,63,85,35,42,96,79,60,31,86,72,81,86,72,50,41,37,84,54,62,71,64,32,47,90,65,61,75,36,74,60,73,70,48,77,46,46,61,77,82,54,47,61,48
34,79,31,35,69,48,47,35,74,35,53,78,50,37,35,85,60,71,51,56,85,46,69,62,37,94,67,71,60,53,89,51,85,76,89,43,74,89,79,40,68,40,72,71,51,54,67,68,84,51,62,79,54,61,39,85,50,84,62,73,65,40,94,61,41,68,43,92,81,79,33,70,76,41,90,30,33,34,94,46,41,57,68,48,67,95,78,34,52,78
54,33,72,47,74,52,89,82,93,81,35,71,46,47,34,65,69,89,47,70,63,49,68,47,31,72,43,45,66,68,44,52,43,56,37,49,60,97,65,75,81,86,33,84,35,60,37,74,84,62,79,96,58,81,50,63,71,74,67,66,50,96,31,91,90,94,75,77,85,96,81,74,62,77,43,30,89,53,84,75,61,82,76,97,72,52,61,81,86,98
63,81,38,52,62,51,51,51,35,79,82,37,78,93,73,30,42,85,75,61,88,64,65,52,54,54,85,68,65,64,42,78,81,96,75,58,43,79,82,88,47,68,72,40,77,33,60,65,63,41,32,33,50,32,54,34,90,32,97,54,41,55,36,46,60,63,45,58,61,49,58,80,69,82,42,66,30,47,85,95,40,45,40,65,34,53,50,68,78,47
76,70,43,71,48,47,42,84,36,64,54,80,56,95,46,70,72,73,63,75,34,92,34,86,78,77,85,58,63,83,82,67,92,52,72,47,66,86,72,37,64,65,58,75,86,93,69,31,96,52,31,77,67,71,98,30,32,71,38,37,93,55,69,74,86,85,79,62,48,70,58,53,66,94,95,62,33,76,59,59,91,39,82,77,60,70,45,31,86,33
45,61,58,94,60,33,81,56,91,98,88,58,51,83,41,76,69,92,93,78,36,34,51,50,82,78,31,95,48,39,95,67,57,97,82,79,49,62,81,64,51,45,50,61,63,86,95,84,31,80,50,95,82,95,73,90,31,61,50,55,90,39,52,40,89,30,43,53,57,43,94,45,80,64,90,38,57,56,83,76,64,86,39,65,51,76,76,42,34,96
65,97,63,86,55,80,48,31,41,60,96,45,91,41,92,81,63,92,92,61,44,92,89,97,33,78,64,98,93,34,44,81,45,60,53,74,78,47,80,45,48,63,79,58,65,82,97,98,73,76,63,67,80,52,82,72,86,50,70,92,92,46,51,93,50,89,45,31,86,83,89,80,41,38,33,69,48,30,41,47,82,74,66,87,74,96,49,98,68,49
73,58,39,61,80,55,85,71,95,65,43,57,62,58,97,94,91,39,89,54,50,93,36,69,67,50,60,61,85,42,63,61,57,91,88,41,63,82,40,75,63,76,80,54,85,57,82,66,37,77,58,55,88,61,90,62,37,61,81,96,36,60,33,56,89,80,55,86,89,45,71,72,84,38,56,98,47,88,91,40,42,35,98,34,83,95,86,83,74,41
45,32,50,79,62,71,67,73,80,83,68,70,91,80,55,47,56,87,54,93,33,64,74,83,90,87,59,66,78,61,57,47,75,69,35,46,44,87,48,83,94,71,83,70,73,72,85,54,52,82,78,48,88,98,60,53,77,40,33,53,56,69,53,61,92,74,98,62,44,38,89,94,57,56,44,52,96,39,67,90,59,79,88,64,87,62,50,64,31,56
96,31,91,87,49,69,31,62,77,37,51,89,84,48,80,82,71,59,50,30,41,78,73,57,82,45,47,88,43,98,83,65,79,70,71,64,34,36,80,38,91,61,90,84,91,57,62,32,75,69,91,39,77,36,72,77,90,90,82,92,39,72,78,44,66,41,32,88,62,60,40,97,66,93,59,91,39,49,82,79,73,47,43,41,49,61,72,69,90,77
30,74,72,70,40,30,37,98,96,49,50,42,73,93,58,32,97,96,34,72,61,95,64,97,82,88,55,42,73,52,49,34,90,76,31,60,69,37,73,43,84,62,94,68,43,65,41,90,41,63,95,69,59,60,70,68,70,88,74,73,42,72,63,34,98,34,98,97,61,33,95,75,66,37,77,55,60,63,32,35,85,39,60,56,88,61,85,38,49,72
84,67,77,95,49,74,41,40,87,45,66,44,92,44,44,73,97,81,84,41,76,38,78,37,64,68,32,48,55,35,63,81,31,92,70,90,71,84,59,31,36,63,52,36,91,35,81,67,82,93,75,39,71,92,50,51,90,39,55,73,37,35,83,89,38,75,36,38,32,45,70,57,47,65,78,32,95,81,93,89,97,51,89,60,40,41,93,70,91,38
60,48,52,63,74,49,40,44,72,81,67,69,87,37,83,77,65,33,38,97,97,77,96,76,43,73,41,52,76,39,41,84,67,98,97,67,32,64,94,40,44,44,87,95,62,52,85,84,86,47,69,36,46,83,92,68,75,56,58,31,38,87,50,95,57,70,43,91,31,57,53,41,90,50,33,70,95,72,46,31,34,51,72,86,67,48,78,31,72,53
60,61,40,41,85,77,49,64,34,49,42,85,34,78,84,58,86,92,90,63,39,42,62,96,57,70,52,33,94,33,39,55,61,84,78,63,42,95,38,70,49,37,48,87,78,98,42,43,44,67,97,80,83,98,44,95,96,90,97,50,73,34,72,48,61,74,31,89,64,67,76,95,41,97,39,66,92,94,58,90,92,70,75,43,91,52,70,87,50,67
96,71,50,81,96,66,70,66,38,60,63,86,97,36,96,62,41,90,83,92,53,82,45,45,61,76,41,49,85,34,91,68,45,68,68,44,52,51,92,41,72,70,30,87,98,97,38,50,76,46,50,72,66,83,41,62,43,60,84,38,88,33,70,96,59,98,51,70,76,54,61,50,82,93,41,51,68,73,38,53,33,54,58,76,84,94,83,57,89,42
38,51,71,81,42,42,38,52,39,89,51,79,33,46,82,68,64,30,85,40,96,74,46,60,82,33,53,46,92,51,34,65,50,44,38,58,51,44,48,78,96,82,77,86,88,38,62,78,34,58,56,82,80,88,47,73,98,47,72,64,66,86,35,97,86,44,62,73,85,30,72,48,65,85,79,97,57,54,63,43,35,81,37,42,64,54,88,44,39,34
46,51,68,94,79,37,72,77,93,75,33,42,47,61,58,45,60,54,83,35,53,48,58,50,94,54,68,66,45,95,49,83,66,96,76,33,61,73,92,64,55,72,79,68,31,57,41,66,54,39,92,41,54,77,85,73,30,60,90,93,74,83,55,67,53,95,69,65,53,57,43,97,84,85,41,74,73,57,94,85,54,49,87,31,62,65,63,86,38,51
65,43,94,91,35,57,64,42,68,89,53,83,90,56,94,54,94,43,54,44,75,43,76,70,64,74,46,50,97,50,49,38,58,96,86,44,33,45,30,51,54,62,30,43,35,46,30,52,75,65,81,45,33,45,85,84,57,78,97,89,37,46,59,60,54,40,86,61,71,46,98,31,30,37,69,40,44,77,39,86,51,64,44,76,71,95,90,37,34,85
31,31,69,39,89,98,75,58,67,66,60,97,41,72,71,83,56,43,66,38,80,43,52,70,91,72,33,66,54,49,32,57,95,44,52,61,61,43,54,73,73,36,58,61,96,86,45,66,66,74,39,64,33,68,46,83,34,94,38,33,37,32,92,34,54,41,90,30,88,55,74,48,85,57,32,57,42,74,77,50,59,80,64,73,86,53,30,72,75,43
54,88,64,32,70,38,45,89,75,39,59,30,40,49,67,87,40,59,40,93,85,47,73,71,49,97,88,31,88,81,48,56,49,70,97,51,46,53,96,81,49,89,66,31,60,95,39,43,40,95,45,63,33,66,75,67,42,74,76,77,48,58,37,37,59,84,90,61,53,31,76,70,98,75,61,32,70,59,37,61,72,75,94,62,95,31,64,33,65,39
93,91,76,49,44,50,44,93,61,53,53,54,96,36,34,79,63,70,46,35,83,52,76,74,71,32,85,57,89,46,82,40,78,90,36,43,65,87,45,56,50,32,95,42,62,40,50,70,55,71,60,33,65,68,42,33,54,96,61,49,76,57,96,78,82,65,62,64,30,44,77,37,96,54,42,91,72,48,97,62,56,75,50,37,32,42,78,68,70,55
35,68,64,69,54,57,86,61,75,32,92,82,83,50,63,76,78,40,31,80,96,77,73,76,73,94,42,76,56,98,63,71,86,50,78,66,97,70,72,91,57,39,68,76,76,69,46,85,90,94,47,33,60,92,76,32,67,78,32,88,44,44,84,45,55,54,80,80,31,58,80,56,78,36,54,77,64,73,78,52,58,57,71,77,73,78,79,62,90,30
40,56,88,87,97,88,55,81,44,52,39,52,69,94,48,33,82,94,60,39,45,84,59,32,55,47,39,71,75,44,95,48,88,79,69,40,89,92,78,72,53,87,88,63,97,64,86,37,54,50,80,35,80,68,74,57,48,91,71,37,55,88,73,55,82,65,63,60,94,34,89,39,75,59,61,96,59,40,49,66,71,35,72,48,81,60,74,59,75,56
58,92,63,66,83,96,36,80,67,79,65,86,70,30,37,95,51,72,85,87,62,83,34,54,88,91,83,64,40,71,94,36,89,75,96,91,52,66,55,47,95,76,40,77,44,31,49,89,58,51,55,98,82,63,59,83,81,52,48,78,64,51,35,52,47,60,40,82,88,90,45,83,97,85,88,71,34,87,53,91,31,62,55,73,78,95,68,82,88,79
38,73,54,76,98,76,59,84,90,71,57,71,36,83,84,94,35,38,38,35,49,58,69,71,48,97,87,65,52,97,60,60,96,91,85,73,70,71,79,78,96,74,46,90,30,74,65,63,83,89,92,84,55,35,42,85,92,49,55,41,46,98,35,46,66,56,80,96,34,59,77,54,45,72,73,55,83,55,94,51,87,91,45,36,80,83,73,52,32,50
60,65,95,48,53,97,80,38,65,49,69,97,60,50,71,40,75,81,74,64,42,48,82,56,42,31,46,48,74,35,48,94,90,85,69,33,78,90,44,88,87,79,94,48,65,78,59,57,69,89,78,35,98,89,53,97,37,57,50,43,37,48,64,74,34,62,48,98,94,78,60,33,37,87,59,51,79,40,60,32,62,47,44,37,84,94,78,68,50,68
51,44,68,55,35,87,43,56,61,75,30,67,66,49,92,97,52,35,92,92,62,50,67,53,47,55,33,76,34,52,37,38,71,72,84,57,70,85,59,92,43,34,70,65,42,66,83,90,72,49,36,54,77,43,50,62,50,86,61,77,66,70,55,55,85,36,94,64,97,79,96,62,34,42,44,63,64,32,64,71,75,40,51,91,35,45,56,40,76,79
95,33,73,37,93,34,53,73,66,45,47,41,72,75,96,32,71,33,73,39,40,38,90,35,53,83,96,43,31,94,69,69,91,30,96,92,76,88,47,54,84,80,46,40,45,84,38,74,32,93,63,85,53,55,84,59,33,37,87,61,76,70,98,87,61,96,41,53,91,86,51,81,55,61,72,83,39,84,61,36,86,68,64,65,61,45,78,54,33,70
93,68,87,53,58,95,84,49,55,83,95,64,63,73,47,32,95,68,37,78,72,30,93,84,49,50,72,38,56,86,48,84,40,87,86,38,61,36,33,79,97,98,80,66,58,86,72,85,51,63,86,46,41,42,61,78,82,44,67,41,72,94,91,65,66,72,30,69,35,33,57,38,68,31,73,67,71,94,32,97,71,78,65,95,53,56,82,64,69,41
72,97,67,97,82,87,36,68,38,46,53,88,86,71,96,58,62,76,84,43,49,54,63,44,67,71,49,94,79,77,63,39,91,70,93,54,59,72,44,47,85,61,64,69,45,59,67,50,71,97,65,94,47,83,94,43,74,87,94,72,85,68,47,52,83,72,40,70,40,95,91,86,75,71,52,98,32,98,90,62,86,50,49,86,91,76,50,36,90,59
56,81,80,98,83,39,78,49,61,76,34,63,36,69,86,48,65,97,69,97,91,71,56,55,47,72,63,48,36,74,84,69,79,74,86,77,87,31,32,53,86,85,51,98,49,34,30,61,46,41,53,79,67,69,60,83,33,34,49,39,55,53,39,65,52,41,32,44,64,43,38,61,31,84,93,33,35,70,96,86,45,76,34,41,31,47,73,35,53,32
51,50,45,43,71,60,71,53,35,39,65,79,43,54,91,36,89,93,85,34,50,46,35,42,70,39,74,58,77,45,48,76,86,55,96,95,61,85,57,88,37,78,60,97,83,34,60,77,55,87,82,68,67,45,36,61,56,46,50,80,94,33,72,91,48,84,74,62,64,77,43,74,84,40,61,51,41,43,59,39,73,62,78,79,51,52,57,48,82,95
81,75,60,93,77,90,73,72,74,73,65,85,83,86,55,90,49,67,76,97,62,31,49,59,56,67,59,95,98,30,42,70,78,46,76,51,63,93,49,49,82,77,61,97,54,76,73,50,91,95,31,88,64,38,37,31,84,61,76,51,38,78,83,33,42,49,74,42,46,36,35,89,93,52,86,44,69,51,95,94,46,98,94,48,61,75,70,74,39,78
88,33,60,98,42,74,41,88,32,42,93,40,41,65,70,50,67,81,44,65,73,92,46,51,45,84,93,86,69,71,42,40,54,90,33,84,94,68,90,36,95,51,52,86,33,85,97,40,57,82,69,69,42,41,96,59,47,89,35,93,60,48,75,77,40,65,89,73,90,46,52,94,70,86,82,35,97,48,85,58,35,66,98,56,82,88,46,81,86,58
67,56,75,46,78,38,98,74,60,90,72,78,52,66,79,39,50,45,49,75,36,47,51,37,62,76,30,89,56,86,60,40,85,55,51,79,49,52,47,46,51,31,98,48,50,33,74,85,76,76,78,64,31,66,32,90,95,56,70,33,80,66,43,79,98,49,34,62,49,69,74,97,39,32,87,88,87,64,86,48,38,31,41,68,45,66,47,70,44,32
57,66,69,95,70,98,77,67,38,38,97,70,46,31,94,66,43,69,63,62,64,72,55,94,68,92,46,72,71,39,66,85,41,97,39,97,68,70,63,95,89,81,72,71,93,60,95,39,43,79,79,76,74,61,39,33,53,65,61,39,98,64,81,50,33,44,49,94,86,90,78,45,39,63,80,33,68,65,81,48,33,69,88,93,47,67,54,48,62,49
83,64,93,73,69,90,61,69,76,77,94,75,41,81,66,79,98,59,77,68,66,60,91,94,61,34,42,84,39,83,45,55,39,41,60,35,32,48,31,82,85,66,31,87,33,77,90,97,62,55,46,54,92,96,77,39,35,52,47,72,76,58,65,47,62,96,94,91,77,53,51,35,73,40,51,64,61,90,55,55,52,95,98,73,85,78,53,61,32,41
75,84,45,39,77,96,98,80,65,50,62,83,87,91,84,67,33,82,89,94,51,89,37,89,62,97,59,70,49,61,53,97,41,34,38,44,78,64,50,98,43,45,31,49,78,37,87,63,73,60,39,53,46,37,50,30,31,42,85,77,85,49,75,72,74,55,54,67,70,48,94,66,52,52,42,65,63,97,84,50,51,66,95,70,73,57,83,59,98,37
72,31,56,93,66,37,36,63,59,32,55,74,53,62,74,62,71,83,88,73,76,43,86,95,90,83,62,94,85,49,81,75,49,66,56,30,98,65,96,89,56,78,45,80,87,52,42,73,71,77,60,98,65,82,95,55,88,65,93,39,55,69,74,45,42,32,92,70,32,80,87,43,49,77,92,45,42,41,92,98,82,35,86,51,58,75,74,53,77,77
37,72,53,57,91,79,76,79,92,68,84,56,34,46,40,75,59,86,97,57,35,43,86,60,58,92,85,88,95,82,87,77,68,47,30,64,59,85,86,80,72,96,76,34,59,83,43,64,75,88,32,85,47,47,87,64,36,73,80,90,73,46,80,72,52,75,48,56,78,61,53,86,97,32,89,71,52,60,36,54,72,35,57,43,84,71,61,37,39,56
97,43,56,92,55,35,67,41,72,57,35,42,94,79,61,39,80,78,98,52,34,59,34,59,95,82,78,53,37,43,91,33,37,98,43,34,39,58,77,89,92,64,55,30,76,34,36,62,30,95,57,94,85,53,63,60,70,88,92,76,61,66,49,86,83,33,45,64,37,73,65,91,58,58,30,83,57,47,64,98,44,89,31,42,64,77,89,41,77,88
71,51,69,65,77,36,33,49,45,61,32,80,37,79,71,79,78,62,37,81,52,81,97,63,77,60,64,43,47,54,70,96,43,89,90,97,87,63,87,37,70,98,79,69,88,96,51,44,47,60,45,80,60,85,83,49,47,70,79,43,44,56,58,77,67,93,75,83,36,63,38,65,35,63,34,67,36,35,45,30,33,69,57,59,39,96,36,70,45,69
89,39,91,56,81,31,65,96,39,98,79,91,53,39,56,38,58,84,57,32,34,37,61,75,33,45,48,69,73,75,91,86,59,74,30,58,57,72,79,45,76,39,32,93,33,50,70,51,56,85,52,77,75,63,71,74,46,76,55,87,67,50,67,61,45,32,40,30,68,48,49,42,68,56,45,50,91,73,39,77,59,94,64,79,67,38,97,44,87,59
42,52,76,47,80,30,34,52,55,56,72,48,74,94,75,73,83,40,51,90,70,57,74,35,41,30,86,92,49,73,92,78,73,73,49,85,73,67,64,80,75,88,77,80,60,69,78,64,66,78,32,91,47,77,69,42,53,72,59,54,70,56,61,54,98,98,33,61,45,30,32,78,31,74,45,97,32,61,51,87,97,42,98,85,71,71,67,52,87,62
50,74,94,58,84,84,69,89,91,43,71,94,66,51,58,45,69,68,79,46,76,61,77,69,64,61,81,87,58,40,40,41,83,44,90,89,90,74,58,63,53,60,74,45,41,42,90,81,40,79,81,39,35,62,34,91,76,56,33,98,39,78,50,96,95,49,84,96,84,44,63,90,40,31,65,59,42,91,52,48,55,40,65,47,69,77,89,78,98,61
61,80,32,52,74,84,50,82,95,64,51,48,58,44,50,73,81,36,59,47,67,96,44,69,56,45,96,76,53,87,54,71,65,75,78,72,37,47,81,45,98,40,85,36,55,56,33,39,98,51,30,63,79,33,36,85,88,81,49,44,49,71,69,32,75,32,47,34,94,57,51,30,46,71,39,89,84,80,62,38,59,39,77,44,72,98,66,50,87,74
65,91,92,32,79,50,76,78,76,35,30,53,95,52,75,81,71,90,53,47,77,44,64,35,63,70,43,75,89,73,89,30,84,72,35,83,59,38,32,52,87,84,33,41,40,60,42,83,47,33,48,46,40,79,79,94,67,50,64,64,58,74,70,71,43,76,64,61,80,53,81,84,84,78,78,59,68,84,35,83,81,34,50,60,86,44,48,62,87,82
51,78,31,81,75,55,31,88,32,69,41,78,89,88,81,97,69,86,30,64,46,43,91,58,61,94,71,81,43,93,82,97,98,51,81,88,43,90,37,38,65,58,30,54,52,40,59,90,57,63,52,56,56,53,68,57,94,72,95,76,71,36,49,93,87,71,31,72,70,48,31,70,63,94,31,86,66,78,76,36,33,57,67,78,45,87,65,54,91,79
60,36,97,33,42,96,56,41,79,39,95,61,51,45,35,60,36,33,62,98,50,93,61,89,56,71,73,30,48,51,80,64,61,62,65,34,78,84,90,59,39,46,50,86,75,88,72,70,52,39,66,30,76,82,62,81,88,49,48,34,47,59,70,59,77,30,91,54,92,62,46,41,95,59,80,75,48,45,90,83,54,79,76,73,85,41,65,35,95,30
30,51,37,91,57,66,80,92,82,89,42,84,61,77,76,89,98,67,51,34,87,34,81,62,84,67,98,35,30,37,48,32,91,84,37,94,70,86,94,42,56,36,68,67,34,31,75,61,35,38,34,44,56,47,76,67,74,85,61,39,88,89,64,41,97,89,55,70,74,48,45,53,74,90,44,41,62,85,65,61,34,83,34,74,56,64,46,87,47,95
42,45,80,55,74,56,57,55,66,89,49,48,59,55,88,94,81,70,46,49,86,97,71,89,39,40,96,53,72,68,37,76,64,65,73,63,48,40,34,61,81,88,56,32,83,87,51,38,92,91,61,63,53,38,94,88,63,46,75,86,72,83,85,41,89,62,79,35,98,91,56,97,73,48,51,41,47,47,74,53,46,38,59,44,37,87,68,94,59,30
80,53,56,48,67,82,44,30,91,92,45,72,64,39,68,96,49,69,66,64,90,39,82,38,32,84,74,65,36,93,94,75,57,59,77,46,44,37,80,32,35,39,60,96,66,34,98,60,61,36,93,84,97,60,77,32,70,77,33,87,79,90,87,39,74,56,41,79,96,34,98,41,85,35,44,45,93,81,75,73,62,70,80,60,77,78,95,96,73,90
36,35,90,96,70,51,41,33,72,51,53,47,96,55,39,58,55,72,40,51,55,60,40,86,89,33,61,86,75,42,63,61,62,50,56,33,68,67,79,95,57,51,60,34,34,44,39,74,31,30,61,69,82,71,59,44,94,61,42,30,80,66,82,70,39,94,39,64,84,46,72,46,52,36,33,93,69,79,82,83,36,58,40,40,37,82,40,52,69,91
95,79,45,41,46,46,85,47,58,58,38,66,43,33,90,74,45,90,78,83,62,75,63,32,47,92,55,58,94,78,44,61,98,58,39,87,30,52,43,64,34,55,94,93,58,78,96,31,57,48,32,32,65,67,94,95,33,54,94,43,55,73,54,92,94,52,35,42,81,62,58,85,64,43,89,62,94,84,73,62,75,95,34,70,34,70,58,86,43,49
97,80,78,42,36,58,91,67,42,90,66,55,47,83,48,49,44,62,90,54,67,48,39,33,92,50,49,52,66,95,84,81,97,73,86,53,75,58,32,69,77,91,75,56,91,43,35,49,81,76,48,81,78,89,44,82,80,61,39,72,95,73,96,45,42,57,58,74,74,52,70,35,50,36,47,71,41,67,66,71,37,76,46,60,71,68,32,76,53,94
93,64,54,51,41,79,96,68,65,36,46,56,59,52,82,94,38,48,59,46,56,47,54,80,78,72,95,52,30,62,54,88,85,48,51,70,73,56,96,31,78,34,65,43,38,78,96,83,85,82,76,83,43,68,49,89,74,91,94,38,69,43,37,71,62,31,80,30,58,53,83,70,93,55,54,79,52,88,71,80,75,79,45,95,44,95,58,31,63,73
52,70,45,31,44,38,57,32,72,95,51,79,32,85,94,49,91,44,46,65,81,85,63,53,78,68,79,30,92,71,33,85,38,43,94,86,41,95,74,66,44,67,95,31,43,84,83,48,73,78,88,85,49,35,39,65,48,82,86,79,48,70,44,55,82,68,79,48,52,82,63,79,78,36,79,79,44,30,90,52,90,89,41,47,53,41,32,52,40,40
79,87,42,45,48,40,57,68,76,30,47,87,90,42,57,52,65,78,62,36,48,58,84,75,60,64,80,35,75,33,70,30,31,70,41,63,54,92,83,50,88,63,46,60,30,41,65,60,41,91,50,48,30,46,87,97,95,65,96,37,38,47,79,33,84,59,37,80,75,51,74,40,57,83,43,97,37,81,36,78,56,78,42,42,42,91,95,84,44,47
81,30,76,52,37,37,92,94,34,57,50,33,46,59,85,93,71,85,40,94,60,61,73,33,80,52,30,33,38,53,97,67,97,49,31,62,92,64,74,68,67,82,51,67,43,78,67,58,30,68,88,43,89,34,60,74,52,67,88,71,71,80,38,58,66,30,38,67,45,65,43,98,58,84,52,64,87,85,46,50,92,67,76,46,39,68,76,78,91,70
78,69,72,93,87,62,85,66,51,53,41,53,51,58,97,48,34,92,43,60,63,35,79,35,96,49,67,69,76,33,53,38,70,70,68,71,39,64,86,88,46,47,75,70,97,77,73,62,69,69,68,54,77,45,42,84,60,39,63,98,67,55,62,98,88,71,98,65,65,87,78,34,65,84,93,57,31,87,58,78,56,86,76,79,38,36,96,84,97,78
84,30,77,76,33,49,97,43,76,33,39,72,83,51,40,68,66,56,41,76,50,55,40,77,77,72,33,62,89,33,52,45,46,80,51,35,97,79,46,63,95,49,50,69,68,33,93,47,90,69,79,92,80,64,56,91,66,86,62,47,46,98,91,69,35,33,44,43,55,55,36,46,37,33,59,45,88,62,47,83,83,90,40,98,74,36,87,47,58,91
90,84,30,75,60,97,47,79,30,47,68,52,41,30,64,97,81,74,97,67,77,68,62,32,70,53,66,78,89,39,34,49,40,35,47,33,74,60,30,65,73,89,39,98,49,94,91,83,60,98,38,56,42,71,64,73,81,36,52,38,30,65,94,77,90,51,56,42,78,74,97,81,84,34,35,56,38,71,41,44,44,89,32,50,54,74,55,74,58,38
40,37,54,49,67,98,81,56,76,38,41,69,51,67,97,47,64,49,43,73,34,84,37,53,51,91,33,67,68,57,85,53,47,36,48,80,67,64,79,91,44,79,46,34,45,49,77,46,76,98,97,72,56,74,44,35,92,50,69,63,77,43,41,64,72,94,43,43,96,47,88,81,33,65,47,78,59,84,40,80,53,74,86,52,62,94,41,53,80,76
54,87,85,81,92,55,36,86,72,51,56,81,51,72,57,60,90,45,76,89,69,95,74,91,97,47,39,68,70,75,91,79,81,90,49,74,94,89,81,88,38,40,70,57,35,98,41,46,62,90,47,36,90,71,69,44,42,80,73,51,45,56,71,92,59,45,46,89,33,80,72,81,65,90,83,81,62,45,98,79,58,49,40,98,39,95,81,58,37,35
84,32,90,59,40,31,36,63,40,41,80,96,89,91,81,48,42,52,54,67,61,54,42,37,63,49,45,86,73,86,36,97,51,59,46,80,68,45,56,79,42,32,94,93,68,49,87,58,63,32,47,95,32,40,61,50,38,36,94,40,76,45,42,45,55,45,58,75,56,78,77,98,56,97,78,38,58,77,44,72,59,84,65,63,59,91,70,69,87,56
31,31,97,30,83,87,37,39,30,76,59,79,74,97,64,93,70,84,62,89,87,69,49,81,95,78,97,58,96,85,72,68,63,34,46,50,62,72,60,47,77,98,56,98,78,52,37,42,54,94,86,78,49,36,72,96,52,84,76,51,98,56,32,60,30,36,37,45,52,40,43,80,57,55,45,70,75,35,51,63,58,55,37,74,71,64,36,41,66,42
49,36,40,46,35,57,65,70,34,42,89,30,53,61,93,96,76,83,81,82,44,87,75,61,91,91,37,51,55,90,78,96,65,46,66,62,72,89,76,44,54,90,63,48,35,79,52,54,94,72,80,37,49,64,60,94,46,82,94,45,56,71,50,93,51,61,65,72,83,89,50,47,64,95,48,48,70,66,35,96,69,68,73,42,76,92,80,60,90,78
31,82,52,90,52,35,37,39,95,54,46,88,36,74,93,71,80,52,36,57,39,53,62,72,62,67,63,41,97,66,57,77,48,70,93,91,86,37,39,82,31,35,54,35,59,63,94,52,78,53,41,77,72,49,71,93,32,52,88,73,90,80,49,95,79,51,55,53,73,91,42,67,40,97,41,64,74,86,40,67,94,91,70,47,44,53,62,61,57,37
96,38,82,89,92,93,41,46,31,87,51,51,33,53,34,30,96,82,77,35,86,58,84,96,89,72,88,34,38,92,50,37,88,83,67,63,49,45,91,94,91,64,87,79,58,42,91,84,98,33,90,75,35,65,34,89,97,55,67,47,92,32,92,58,31,98,81,71,75,91,77,95,31,65,42,63,95,92,36,55,96,78,41,75,96,84,59,81,77,54
71,49,64,60,92,70,93,53,61,71,65,76,55,85,53,80,31,76,55,48,88,87,69,38,57,88,52,41,56,88,50,93,65,86,81,88,83,53,70,50,30,98,82,49,82,52,54,45,88,75,32,58,91,55,73,44,38,75,89,35,85,93,89,80,79,73,58,49,76,82,52,80,72,57,84,81,74,56,36,76,64,72,61,47,57,46,59,91,68,62
80,71,59,74,94,34,34,85,98,72,61,42,51,85,37,63,90,47,92,42,32,44,83,50,69,51,60,63,50,43,53,63,33,94,94,30,50,66,45,35,60,68,33,96,34,56,77,79,38,97,78,90,94,88,41,78,84,50,91,53,67,82,49,68,55,35,46,85,51,80,66,76,32,64,71,81,71,42,85,92,74,81,55,32,71,31,47,67,91,96
78,50,39,31,55,95,34,83,89,88,41,82,79,74,35,70,38,86,57,34,56,77,75,42,40,44,87,44,56,39,46,47,64,97,34,88,60,97,62,32,89,95,43,31,49,83,80,95,44,34,43,62,60,59,73,60,37,46,69,84,97,86,65,45,33,36,77,56,61,56,61,96,84,32,69,53,95,96,59,79,84,36,44,32,79,67,85,39,75,72
81,63,61,96,34,62,81,36,53,63,41,87,52,41,90,57,60,52,71,80,53,84,40,85,48,92,49,52,68,46,82,72,42,96,69,97,36,96,41,34,81,92,66,86,86,83,49,38,53,68,93,84,51,65,55,35,43,42,35,54,70,55,42,80,50,47,51,37,70,89,67,41,79,84,86,46,61,47,81,94,34,98,82,64,89,35,71,71,92,77
30,67,38,85,33,73,67,78,93,60,47,87,42,52,84,38,65,32,80,84,82,48,39,34,43,31,57,52,50,76,57,58,95,88,73,71,53,91,82,78,35,35,37,68,60,65,94,59,87,65,54,98,61,53,91,40,52,62,92,85,62,97,82,90,56,67,90,49,32,51,62,50,89,49,81,74,71,85,82,69,95,92,60,40,59,69,84,81,36,94
57,61,62,34,79,61,33,71,67,59,43,81,70,51,69,51,44,97,51,43,73,50,31,38,64,90,78,43,36,69,90,80,83,62,77,89,77,31,72,88,93,46,34,51,75,56,90,33,63,67,92,42,35,50,41,98,63,43,50,42,40,51,53,57,82,42,35,79,56,70,67,98,46,33,62,94,38,69,80,77,96,76,30,86,39,81,78,44,89,74
80,55,82,44,35,64,78,75,48,32,67,77,65,96,80,31,92,46,53,92,57,55,52,39,44,87,56,60,57,45,48,47,61,55,47,66,79,47,56,50,74,63,37,60,59,30,42,71,93,65,92,43,87,36,78,59,65,39,97,83,47,72,74,30,72,93,71,86,62,38,55,70,48,46,50,46,57,80,32,60,77,38,79,87,42,64,62,32,83,41
65,75,36,51,50,58,60,66,58,98,82,32,60,43,71,31,97,47,95,45,85,38,59,69,50,75,52,81,46,97,56,31,76,32,88,49,35,58,53,75,36,78,79,41,37,82,76,43,86,84,82,84,32,43,81,45,68,76,89,78,57,54,65,50,86,59,98,89,94,78,74,40,64,48,81,73,93,37,61,65,33,78,51,34,63,92,97,89,39,78
54,58,87,68,95,55,64,71,68,79,42,95,37,59,56,68,63,81,74,81,56,52,55,80,56,46,42,84,45,40,41,92,64,85,53,43,36,43,82,54,31,40,30,36,33,61,39,64,62,58,41,92,44,88,33,35,38,67,59,55,57,36,82,47,36,92,34,77,85,86,51,89,80,89,51,96,45,95,82,65,93,47,79,83,60,76,32,82,76,64
65,80,45,82,84,78,98,62,37,31,30,31,97,37,46,96,66,35,73,69,49,68,63,95,62,47,47,47,55,75,49,48,89,92,37,86,52,53,90,77,30,42,57,89,51,93,30,44,42,75,78,69,90,79,84,79,54,85,47,47,65,77,70,62,33,77,66,43,39,87,62,59,36,97,65,34,52,54,71,50,73,78,54,96,55,77,61,95,54,94
40,62,95,34,64,63,78,49,45,97,56,85,59,53,81,51,85,43,32,30,43,37,89,87,30,76,58,36,69,67,35,66,98,45,66,40,98,95,96,80,53,39,68,57,82,80,86,52,92,92,94,82,50,37,64,57,93,57,46,83,68,39,56,84,58,86,91,88,66,40,42,86,83,87,42,57,65,80,32,77,87,83,75,98,93,79,75,34,93,41
34,84,69,39,38,32,87,63,88,50,82,50,56,64,62,59,86,32,91,62,90,31,70,39,44,82,91,72,93,86,53,95,42,86,42,50,34,57,75,33,60,63,96,92,63,77,45,53,40,72,68,30,84,89,94,58,85,97,93,33,45,82,63,75,94,91,37,38,77,95,94,86,60,65,54,42,68,36,32,31,85,64,70,88,92,68,37,95,74,85
43,53,34,94,93,90,84,53,59,85,38,48,53,89,72,78,71,75,68,52,39,82,50,50,55,88,53,98,38,45,69,56,32,46,31,62,62,31,60,43,52,50,65,61,67,89,71,74,65,63,61,39,77,49,85,53,59,92,62,65,63,76,57,87,90,60,90,93,69,63,86,89,41,37,56,97,66,35,59,45,73,95,46,38,51,62,40,59,73,62
92,87,37,58,62,44,87,38,39,62,70,53,54,66,44,82,98,88,65,73,93,80,38,78,95,55,55,35,52,68,82,96,93,30,56,30,87,88,50,82,67,52,80,50,64,63,84,41,83,33,54,52,95,42,60,43,39,68,98,70,38,98,32,36,37,54,39,77,49,33,54,82,54,91,79,86,69,86,60,91,96,49,45,55,90,68,80,33,52,76
90,46,76,63,68,39,30,87,61,93,80,43,33,74,91,74,39,43,89,64,64,48,94,96,57,62,48,95,64,90,46,71,59,96,43,68,39,83,76,85,98,88,97,79,63,79,35,76,37,89,88,36,76,40,95,71,86,79,62,84,32,39,45,62,78,92,83,46,42,52,97,53,61,40,58,46,75,85,37,70,94,94,96,43,34,71,39,94,44,80
78,73,71,82,42,92,34,36,44,97,97,57,89,84,83,71,83,88,39,66,96,84,33,47,40,98,72,70,62,33,81,34,65,95,53,98,42,41,48,90,91,43,34,89,79,33,82,63,80,88,46,76,34,76,70,54,71,79,52,61,62,84,79,60,48,89,95,92,58,55,71,47,35,76,80,51,66,48,80,50,79,59,78,76,36,70,50,47,52,66
57,78,40,55,48,65,88,86,51,50,36,50,83,98,50,93,62,49,70,98,30,67,71,50,44,95,83,30,55,64,30,66,60,54,35,41,40,33,41,45,49,91,62,75,54,61,74,35,78,46,51,77,73,59,94,87,70,53,51,67,47,78,31,66,80,92,87,94,58,52,33,80,46,69,93,34,70,54,39,46,92,64,40,68,72,87,69,64,65,36
58,32,35,58,42,70,49,39,39,33,36,38,40,83,90,84,61,98,90,87,97,40,78,59,60,95,86,33,38,62,50,78,58,71,44,39,85,49,42,88,30,66,83,37,43,32,39,47,53,54,53,38,82,69,81,84,40,75,67,49,40,52,68,40,47,67,77,54,47,50,65,73,81,66,50,80,46,86,80,37,64,31,36,40,76,73,76,52,97,75
32,72,63,61,76,85,84,70,52,78,64,56,92,94,46,51,87,93,70,90,30,68,42,35,41,74,95,67,63,43,94,61,46,64,79,94,62,84,42,50,42,56,77,67,88,53,90,89,88,45,41,68,85,70,80,87,41,92,74,36,67,93,35,48,65,44,56,53,75,46,89,90,36,33,42,77,65,64,40,90,45,43,41,58,70,75,59,76,48,67
38,32,49,79,70,75,40,95,58,44,76,96,31,71,85,98,36,30,94,67,42,41,82,40,68,63,91,58,91,58,75,94,33,54,44,94,82,40,76,39,32,39,90,91,39,33,79,82,79,93,49,90,56,40,40,38,52,50,92,30,68,55,47,33,32,46,76,42,32,46,59,60,42,62,84,55,77,54,84,71,63,58,45,65,53,75,94,54,32,55
40,54,30,53,67,33,87,42,88,42,65,88,45,61,83,65,53,70,50,83,53,69,77,93,88,87,58,61,52,62,68,98,73,55,89,52,83,41,60,96,52,37,31,44,40,46,44,93,68,49,41,90,53,61,68,31,32,86,33,79,73,55,71,50,65,31,51,58,96,51,58,87,89,81,78,94,96,45,74,87,37,90,70,52,80,37,42,79,66,93
87,86,51,69,52,44,31,69,32,37,80,46,38,50,31,39,46,63,65,34,84,79,54,44,46,62,81,88,30,97,31,92,84,72,58,42,49,30,33,79,68,46,68,42,36,82,78,63,42,83,70,51,90,92,61,77,77,58,85,66,67,59,94,54,48,43,67,64,66,73,41,88,95,81,93,46,61,44,46,84,57,84,71,81,75,64,71,37,68,78
43,59,83,84,41,89,44,73,69,77,71,42,81,47,87,50,77,57,62,84,68,32,58,48,81,79,70,91,62,85,59,94,55,70,31,34,31,42,79,32,47,61,60,81,59,79,90,78,30,78,91,85,88,89,92,36,57,93,61,97,84,92,79,73,85,60,96,69,64,61,74,56,63,80,77,94,94,89,47,43,81,64,55,71,42,76,62,64,39,62
71,97,89,64,46,81,54,96,64,81,46,61,92,84,73,67,88,92,62,40,50,68,68,78,33,76,51,43,67,79,67,35,66,36,41,85,53,33,54,30,36,67,80,48,61,69,64,45,68,92,90,80,62,70,44,39,49,62,73,80,55,97,49,81,40,97,32,37,64,71,44,87,77,50,82,91,40,38,50,95,94,96,98,56,43,66,42,50,37,65
52,69,80,76,46,31,65,53,61,43,33,79,50,48,77,51,51,51,93,36,32,64,41,35,72,68,93,71,97,69,70,79,62,65,72,41,57,92,65,46,61,94,93,30,56,55,61,86,33,34,86,83,67,41,46,88,95,83,54,93,69,71,44,53,55,63,76,74,52,69,98,97,94,66,68,85,35,73,56,30,30,73,61,69,73,61,35,91,54,78
54,34,36,78,79,56,37,71,35,92,40,43,73,74,44,35,58,32,85,35,55,67,33,41,58,50,40,60,44,59,56,52,38,98,57,36,50,69,73,80,43,98,36,38,83,60,72,92,47,77,86,56,81,69,54,37,97,80,47,63,86,36,88,49,53,52,48,63,74,60,39,62,40,37,85,36,48,47,56,42,73,82,75,51,46,52,65,60,30,95
78,68,38,56,58,81,33,61,52,80,78,42,59,88,77,46,57,69,33,72,39,93,67,58,94,80,82,49,94,67,52,33,38,46,32,77,34,56,95,90,57,82,44,90,60,98,53,67,38,83,45,32,44,70,52,31,51,33,92,94,58,39,77,34,73,91,85,56,66,59,33,74,71,31,50,30,51,84,41,76,63,62,93,69,96,92,30,31,34,75
82,66,79,90,84,32,34,75,40,77,66,95,33,58,96,90,86,51,65,62,61,32,48,81,37,38,83,97,92,38,80,66,84,77,76,52,82,31,33,31,80,39,59,51,94,39,87,87,75,34,94,65,87,51,85,51,89,31,82,85,31,43,43,78,80,72,84,36,95,65,53,45,32,40,38,36,53,84,75,69,79,60,61,84,30,95,94,61,67,54
83,33,93,32,49,55,69,74,62,63,46,38,85,45,75,48,49,50,65,36,30,78,43,32,36,48,45,33,47,47,58,52,58,30,87,65,49,30,96,95,90,67,54,49,95,85,95,77,84,45,86,40,87,96,58,90,57,51,64,71,90,73,59,30,42,59,44,59,39,52,75,68,49,44,45,37,40,38,88,53,78,43,62,92,56,51,43,34,36,58
37,81,43,66,72,53,30,89,79,54,88,38,84,56,70,79,67,87,88,85,91,70,44,65,50,67,63,33,32,86,54,60,60,76,88,83,94,43,73,33,75,47,94,98,62,52,91,70,50,41,91,68,44,97,90,30,32,70,36,46,50,38,37,36,90,75,51,35,85,78,81,39,86,57,62,88,94,98,63,88,51,51,36,30,67,32,39,58,74,56
82,88,75,48,77,94,56,66,82,31,66,52,45,98,98,89,41,67,64,58,55,86,71,32,64,41,87,75,65,75,35,66,37,81,54,37,75,87,95,98,34,38,46,81,67,56,67,91,46,54,43,71,89,50,88,78,70,98,62,35,94,52,51,32,79,41,98,74,54,96,36,84,39,52,40,64,58,30,98,92,43,66,63,67,86,55,89,43,88,40
93,97,34,49,35,85,47,66,44,45,97,56,36,81,83,41,44,83,87,42,54,41,86,80,45,88,55,83,72,71,32,86,34,94,93,98,82,78,82,46,69,38,76,51,94,77,65,62,44,32,79,91,62,83,92,75,43,61,97,46,37,41,44,51,71,93,34,64,58,41,67,61,59,77,54,36,85,75,56,54,98,79,31,76,81,63,40,88,79,86
46,76,59,70,39,96,80,97,49,94,81,42,94,63,54,42,57,79,94,88,39,33,57,58,35,53,53,72,58,36,77,43,69,53,76,43,72,45,46,56,71,48,32,86,35,38,71,96,47,40,85,30,57,94,31,46,62,63,39,96,37,83,65,35,39,44,66,93,65,37,88,52,76,85,76,74,94,83,71,93,50,64,53,54,49,47,65,85,90,65
62,98,81,78,56,36,93,74,45,70,70,95,34,79,91,56,74,46,85,81,69,65,65,63,45,46,82,45,42,85,35,61,59,63,39,83,77,80,98,32,32,51,68,47,96,51,72,75,84,74,50,33,49,41,54,44,94,57,36,76,79,39,82,40,72,92,46,59,66,68,75,31,33,74,52,53,43,33,74,50,96,42,82,91,63,80,39,43,37,43
47,81,84,74,65,56,51,74,84,70,61,68,50,96,44,39,69,41,68,41,61,92,89,93,66,62,98,86,92,82,33,40,65,68,46,36,46,33,67,45,48,34,61,52,63,71,52,97,48,65,81,74,42,72,37,77,96,34,45,95,47,70,74,79,70,41,80,66,34,88,49,51,71,50,96,30,73,33,82,90,74,56,69,44,87,66,67,37,71,88
89,95,91,84,83,32,73,39,57,44,39,93,58,38,38,88,45,69,97,34,62,75,34,92,48,59,45,81,32,56,48,71,48,86,41,32,85,55,57,89,69,70,34,33,59,82,72,77,33,33,44,56,63,91,63,80,84,36,38,34,39,98,54,47,32,70,45,88,84,40,55,60,69,38,68,35,54,89,42,45,48,53,98,54,30,55,58,62,91,69
40,85,80,72,89,51,36,85,98,61,71,98,65,96,90,58,59,76,38,51,69,37,44,52,77,43,78,72,32,34,77,61,91,45,34,92,46,68,95,81,92,88,39,85,31,31,47,39,34,89,92,61,46,45,80,58,31,85,77,60,60,79,30,91,34,36,52,47,49,75,33,45,32,50,58,46,74,76,32,45,80,39,80,97,90,92,94,33,57,89
53,44,88,32,86,52,75,88,71,95,43,45,31,41,48,49,41,72,92,48,91,51,42,71,94,37,43,64,37,60,61,91,60,49,52,84,82,43,62,36,63,40,50,50,56,75,37,94,96,95,44,30,56,75,75,34,98,67,97,67,72,31,69,57,31,48,79,90,54,38,70,46,68,91,82,61,38,36,86,91,30,47,90,85,35,84,42,58,61,55
74,90,44,52,72,44,75,86,69,45,37,45,60,74,52,36,35,43,92,97,53,51,85,63,42,36,75,97,96,92,85,98,73,80,71,36,95,91,52,78,95,96,33,42,72,83,94,56,70,83,54,77,80,52,68,46,45,34,58,82,39,71,73,72,54,50,32,40,43,59,39,46,39,50,53,68,36,78,30,34,44,43,32,75,78,90,80,51,44,37
73,78,79,81,71,51,86,73,92,42,41,85,60,51,84,75,90,90,66,64,59,43,76,82,71,53,62,71,35,47,92,73,79,61,54,43,34,32,88,39,37,45,40,48,67,33,63,65,50,87,54,45,37,69,51,67,82,63,89,72,44,38,57,65,79,45,75,76,45,56,79,84,69,93,77,90,53,59,52,91,41,74,93,65,61,67,60,48,67,83
76,58,56,74,59,61,66,60,39,31,84,55,64,60,93,98,50,89,50,81,31,64,40,31,49,38,58,31,78,37,50,93,90,73,46,79,74,91,98,51,48,43,39,77,42,51,45,57,63,31,82,84,66,53,75,43,79,85,79,49,48,78,60,39,67,53,54,39,45,39,59,75,74,67,77,68,72,56,93,98,39,51,58,78,55,86,52,88,78,59
86,60,90,37,37,56,49,69,61,63,30,69,31,75,35,48,53,77,71,83,36,49,56,47,74,52,84,55,30,31,76,43,67,52,67,65,59,51,50,38,83,72,48,64,45,31,67,91,62,87,52,66,44,72,40,98,38,86,45,54,91,60,75,67,40,72,95,48,89,51,94,38,50,93,42,56,97,84,39,36,36,71,45,38,49,91,95,59,61,70
55,61,93,73,48,89,71,95,43,55,46,43,97,50,36,62,79,40,89,50,69,52,78,54,89,87,97,95,58,58,31,50,46,63,68,74,42,66,41,83,52,83,73,73,62,91,83,77,45,71,35,76,45,39,92,49,89,51,73,39,56,70,89,98,72,85,79,54,63,73,88,46,38,35,50,95,44,58,82,85,80,67,58,32,51,67,92,46,57,43
65,53,86,33,97,88,61,80,95,85,41,31,33,35,44,58,83,46,60,87,88,72,36,80,38,84,65,49,64,41,73,30,72,86,42,87,76,71,62,69,41,66,39,81,41,94,55,52,96,72,88,46,77,32,98,73,77,35,46,69,69,66,41,86,39,82,43,45,78,51,79,61,59,91,54,30,34,94,75,48,39,66,79,95,69,45,84,35,64,42
46,51,92,31,42,51,59,62,96,94,94,65,48,42,74,31,52,82,83,32,47,49,95,33,93,66,86,76,82,47,68,33,46,46,31,50,83,33,83,35,77,53,82,58,77,64,33,40,52,48,39,88,33,79,52,45,78,70,63,49,57,75,56,39,92,77,33,52,67,69,54,30,92,71,51,46,70,62,78,56,91,78,93,30,94,34,75,30,87,34
68,47,70,34,75,53,71,74,43,95,90,39,60,46,78,63,36,62,65,35,36,95,35,54,92,67,34,62,79,55,82,50,84,49,31,48,41,84,46,56,31,57,84,46,67,51,76,46,30,30,31,65,88,82,48,46,80,36,89,74,36,87,34,47,38,64,96,96,53,30,91,67,95,88,62,92,32,96,71,48,43,72,95,57,53,41,56,31,93,43
69,71,59,97,88,43,30,34,74,48,56,52,33,55,79,35,95,74,52,54,39,38,54,80,41,37,58,63,41,68,43,69,44,38,40,47,66,91,62,86,35,80,62,51,57,62,78,78,45,75,60,57,93,38,79,73,89,75,62,90,58,95,40,49,72,50,73,71,46,38,80,83,33,92,51,42,98,73,48,95,93,71,91,46,92,67,44,41,48,31
48,62,81,49,32,37,56,60,69,30,31,63,41,74,35,88,85,31,75,32,87,38,69,98,81,76,49,91,30,78,40,53,69,37,58,31,45,65,78,33,31,71,30,31,49,73,73,91,95,49,94,39,67,30,62,95,82,74,88,39,51,48,37,66,55,89,43,47,46,96,40,72,96,30,84,38,38,83,53,61,89,36,50,73,89,94,75,51,43,82
45,58,62,30,86,85,77,30,68,48,50,79,40,64,84,96,97,54,52,30,67,98,33,74,98,78,81,52,92,54,85,55,49,55,90,81,90,97,40,85,88,41,97,98,88,70,86,81,63,73,66,98,92,62,56,81,62,92,39,46,56,69,96,59,63,51,48,76,73,58,37,46,81,94,76,68,94,31,55,93,43,55,35,38,50,41,90,68,35,68
84,50,81,87,73,64,50,51,32,83,47,86,70,54,38,69,39,79,32,93,59,54,30,70,82,84,82,87,75,90,69,48,58,79,44,49,71,64,80,60,74,46,83,48,97,87,32,62,82,44,92,47,81,84,74,98,71,33,38,33,30,66,40,52,91,63,94,46,49,63,85,37,91,38,93,78,36,91,43,45,86,54,96,79,87,32,62,96,30,68
97,96,76,56,57,48,35,52,68,84,46,61,58,40,86,67,87,71,67,77,30,81,74,50,76,47,65,43,97,33,88,65,77,78,94,37,88,36,31,76,52,47,94,84,75,77,65,68,52,64,31,57,54,33,72,59,34,58,49,71,52,54,68,44,92,33,55,65,50,75,52,45,57,90,95,46,96,69,49,51,92,52,92,71,85,46,62,75,63,59
81,36,72,30,60,91,38,84,83,65,35,95,78,36,53,62,98,42,30,32,81,49,47,98,89,68,92,73,87,39,30,49,40,80,79,68,31,90,59,55,98,98,73,94,74,83,70,48,90,69,49,60,76,67,67,79,61,62,66,67,83,59,87,36,88,96,76,69,42,87,33,87,39,90,57,94,62,93,45,90,30,34,53,54,32,44,81,69,75,46
75,78,89,57,87,49,49,63,36,62,64,33,59,48,81,53,36,41,86,96,36,71,52,56,78,30,90,38,61,43,35,81,61,48,75,80,62,79,72,36,60,33,90,74,81,84,81,45,63,52,92,55,36,71,46,43,86,81,67,74,81,76,67,31,62,95,40,64,46,95,76,41,67,64,78,62,42,91,44,81,67,45,46,60,97,85,37,48,92,71
40,83,44,30,54,77,35,71,98,48,86,50,36,32,50,89,89,97,74,96,55,58,75,60,57,77,63,61,95,98,57,36,59,98,53,83,61,96,94,75,88,54,92,55,33,76,79,91,92,30,90,56,91,84,44,37,79,33,57,79,71,56,54,48,57,77,79,75,86,68,62,31,58,67,37,56,33,70,37,36,68,37,59,91,47,30,97,48,59,83
75,35,67,36,94,84,50,53,37,49,54,97,64,60,83,79,33,34,31,66,35,31,38,77,74,36,57,66,46,65,51,93,58,34,81,57,58,42,55,41,33,83,48,51,68,83,75,95,92,53,60,94,94,60,58,68,40,86,63,97,40,83,76,33,94,89,97,59,91,64,31,52,85,58,51,81,84,42,39,90,84,50,67,79,68,98,74,37,47,68
38,30,85,97,39,69,38,98,63,48,89,92,72,93,89,92,53,86,71,72,92,63,85,64,84,41,90,64,32,64,87,64,98,58,36,71,46,53,65,34,54,49,62,46,69,59,63,51,87,34,69,52,73,70,69,76,92,41,48,97,80,57,31,49,84,66,97,90,55,40,36,48,68,58,66,68,47,70,50,50,52,62,66,46,70,60,37,98,62,52
90,65,71,93,58,80,62,97,97,33,87,94,85,42,50,34,60,79,84,57,80,35,98,47,51,79,74,67,79,32,98,48,56,58,72,96,47,37,81,68,93,88,36,57,49,74,86,52,92,66,81,92,45,34,98,93,40,68,58,94,37,61,95,53,64,79,78,89,55,97,96,73,86,84,79,53,38,96,41,82,97,66,45,33,76,51,98,80,55,80
54,45,68,65,40,86,97,58,75,80,53,69,43,95,95,43,42,53,40,33,37,63,34,74,95,58,55,77,78,33,89,34,46,66,65,57,80,87,60,77,44,68,38,43,75,53,35,93,56,38,49,83,95,96,32,35,79,79,38,59,33,83,86,50,87,54,73,81,31,42,78,31,90,89,49,57,57,90,36,78,43,68,49,74,67,68,59,69,51,44
83,43,76,79,70,62,70,74,31,50,97,60,43,65,94,40,76,67,91,50,81,65,37,75,71,83,78,35,72,66,48,55,95,51,30,67,86,68,53,60,89,40,56,58,74,92,76,54,86,53,61,41,63,46,73,61,83,68,76,83,34,30,56,80,93,89,80,82,67,67,62,87,63,57,96,76,49,73,91,87,48,30,81,96,72,67,97,47,62,70
56,74,83,46,52,70,97,92,83,69,60,40,65,77,85,46,73,53,50,45,57,70,55,39,56,86,43,35,87,49,43,68,75,32,32,86,98,83,70,52,68,40,58,39,45,76,48,65,61,60,46,35,64,82,52,60,32,68,64,36,91,58,54,34,57,51,70,90,34,84,42,53,34,74,82,35,31,43,83,87,91,85,44,43,38,88,30,42,89,88
90,84,61,94,49,53,42,48,34,31,94,58,79,96,49,72,83,74,48,80,40,60,44,35,98,67,97,89,69,58,61,52,91,38,50,62,36,68,76,60,64,49,46,78,34,86,62,90,98,55,92,50,37,63,45,68,33,52,83,75,93,52,98,50,54,87,46,68,68,41,76,70,83,44,87,40,94,65,41,61,83,74,62,81,90,72,71,44,54,35
54,62,75,57,92,64,61,90,31,51,71,64,73,34,56,72,73,40,66,35,54,41,73,58,73,97,87,36,66,59,79,81,58,43,46,52,55,39,51,62,65,32,39,46,87,94,53,85,43,77,81,79,58,30,87,70,45,54,84,97,91,78,44,38,73,89,84,71,96,79,65,60,89,51,93,40,65,52,90,76,48,42,40,98,50,66,86,45,85,63
84,70,42,82,75,34,81,50,98,80,67,77,67,91,31,95,79,89,63,75,47,56,52,56,39,72,38,84,60,60,62,77,73,36,60,75,35,95,85,76,68,53,50,44,75,85,33,32,57,58,64,70,59,88,72,40,52,64,45,34,80,92,41,43,83,33,38,72,63,79,30,47,68,39,80,47,48,64,40,67,51,61,59,33,42,34,70,76,81,58
51,61,96,39,77,70,32,65,70,88,71,62,61,57,97,30,72,85,68,80,95,52,48,47,67,63,95,54,69,63,72,97,85,55,95,76,72,78,71,63,58,30,54,55,78,88,81,35,90,89,51,89,64,55,40,98,77,94,93,87,31,56,98,45,64,69,56,52,40,37,82,68,34,75,88,62,63,61,30,95,77,41,89,93,38,81,88,91,51,81
97,88,51,42,53,47,42,88,74,43,84,73,50,49,65,33,31,65,64,70,95,91,81,88,67,98,55,79,93,80,34,75,74,75,51,56,36,39,45,98,62,37,84,51,35,38,58,42,76,56,39,79,44,66,39,51,67,55,30,35,75,31,68,57,59,57,67,42,43,85,78,38,88,79,68,45,78,76,76,86,31,35,34,82,35,34,70,66,64,60
30,55,63,38,55,97,81,71,65,80,85,71,40,87,80,30,95,61,75,94,39,82,74,93,80,83,41,60,68,43,85,92,77,78,90,58,65,34,42,32,87,90,30,34,79,32,59,60,71,66,90,74,83,78,73,92,50,70,59,83,98,37,64,63,77,58,38,81,84,44,50,32,75,48,61,96,61,60,63,80,76,78,65,50,84,76,90,83,69,51
51,83,70,93,41,91,37,85,47,48,61,67,32,72,50,67,54,83,70,49,92,51,91,56,59,95,78,95,30,80,78,43,96,57,85,44,40,56,95,35,93,83,85,62,91,55,41,93,54,73,60,96,69,59,95,48,69,98,87,88,66,35,79,30,32,74,77,73,32,57,38,64,39,91,54,71,97,30,65,33,68,85,76,93,49,54,72,65,75,78
32,76,71,62,63,54,96,91,31,38,89,30,50,57,91,83,63,40,96,95,52,81,47,60,82,86,75,69,82,53,70,36,71,35,34,76,69,84,46,40,30,44,70,39,79,40,48,81,30,54,91,69,89,59,55,72,76,81,79,95,76,75,63,66,74,55,87,42,89,30,75,41,64,62,74,82,73,87,56,68,46,92,31,46,77,81,42,90,61,49
32,81,40,58,59,33,86,59,76,75,34,85,91,98,76,54,87,97,49,79,87,69,75,79,98,51,42,46,57,69,37,92,75,48,93,48,41,50,30,97,65,78,67,84,55,37,53,90,44,64,91,86,39,49,91,96,78,39,32,86,65,47,46,58,35,84,85,64,95,50,40,51,77,49,33,32,53,92,78,37,65,31,50,83,67,34,57,81,69,52
74,93,67,34,96,44,76,76,53,94,40,46,56,58,55,36,54,47,59,39,44,38,94,89,97,40,95,66,33,85,57,80,76,88,97,58,50,82,32,66,53,65,70,50,50,31,65,72,62,80,66,57,35,47,33,47,57,37,81,64,35,91,90,62,71,50,97,63,33,94,32,96,59,64,54,61,36,66,77,30,39,91,79,30,80,52,41,46,34,54
31,54,81,37,32,64,59,93,56,63,81,30,88,55,43,46,41,50,47,38,78,77,83,94,94,77,42,48,36,37,80,57,61,66,38,91,47,92,45,31,89,50,97,31,82,61,36,67,32,96,66,97,63,82,61,52,72,57,40,43,63,59,56,60,98,61,57,67,35,57,95,93,85,40,77,91,85,42,59,82,30,97,93,84,83,72,66,83,80,42
64,44,81,97,55,51,46,98,34,60,32,55,79,57,35,70,74,51,91,46,42,40,94,41,46,50,38,45,49,62,69,90,70,51,82,42,66,89,65,91,34,49,54,82,41,31,75,48,61,59,34,53,45,90,84,97,40,92,50,46,79,76,84,74,54,89,48,78,58,93,96,32,70,43,56,63,46,56,52,43,71,45,83,73,34,59,62,38,73,92
75,50,36,32,96,57,41,83,34,98,61,63,96,52,39,88,66,42,46,65,44,40,88,36,90,79,62,78,79,69,60,86,81,75,94,52,95,89,66,95,72,56,93,79,87,71,38,32,76,78,73,94,82,50,30,39,43,30,63,96,58,47,88,73,38,89,90,51,75,69,80,71,80,42,45,41,68,74,91,36,96,79,83,62,80,54,86,31,30,31
88,69,73,88,97,45,77,41,80,61,73,39,61,93,31,33,54,78,95,43,31,87,61,35,68,89,88,92,75,48,58,65,89,36,58,70,97,98,90,97,77,34,74,59,81,33,71,71,83,55,79,95,91,67,43,37,61,94,96,88,73,88,45,52,80,72,45,84,32,83,45,90,48,92,39,33,74,64,54,36,76,51,96,91,35,58,74,49,88,97
45,52,82,80,49,70,85,95,78,69,39,96,85,57,74,65,75,81,98,92,83,79,97,63,43,80,48,53,87,75,87,90,86,84,60,71,88,59,86,67,90,49,98,89,81,97,85,34,57,45,43,39,81,61,30,94,66,88,30,45,43,60,95,97,72,92,36,95,71,74,79,33,46,93,65,79,93,53,91,97,35,94,53,34,32,80,92,45,35,96
55,97,38,51,53,86,54,83,68,88,93,57,51,79,54,49,70,75,87,80,62,78,70,81,82,70,50,59,79,30,84,85,82,66,66,60,89,58,52,37,60,58,77,86,31,60,34,46,37,30,70,49,58,30,90,75,88,44,71,64,78,57,55,32,65,67,52,68,71,62,46,64,90,40,67,81,69,38,68,52,85,47,87,77,58,30,65,84,68,97
52,57,94,68,96,95,31,53,37,49,63,31,78,41,44,93,53,34,64,77,83,74,33,95,78,77,73,38,38,34,76,71,61,59,43,49,58,52,52,65,52,55,84,35,57,88,89,48,59,72,66,33,90,49,47,83,92,54,64,46,49,44,68,49,32,73,63,82,89,50,73,32,63,64,42,41,85,91,78,54,32,32,85,84,74,69,40,81,71,34
84,54,34,55,30,57,68,86,87,77,72,81,41,66,75,63,90,33,60,82,80,75,89,35,86,43,47,66,46,95,41,68,94,97,77,32,58,84,34,43,30,51,81,94,67,42,68,92,81,57,70,64,63,93,81,84,70,98,63,94,82,62,37,76,57,30,55,67,41,83,40,92,34,58,60,76,98,35,80,60,68,96,91,92,40,89,80,81,44,70
59,98,82,37,39,79,53,40,55,69,42,79,46,72,89,85,67,60,82,81,89,79,71,43,68,69,71,78,89,62,84,70,81,74,61,47,34,75,45,46,62,76,37,89,34,68,83,51,38,39,95,86,77,43,92,81,35,78,57,56,88,72,91,79,38,50,44,81,36,30,42,42,83,85,86,89,79,51,43,53,96,53,35,66,76,49,31,59,98,68
75,96,42,95,96,67,92,33,77,98,97,84,64,43,94,96,65,42,37,95,62,60,34,97,81,75,45,87,88,53,50,91,37,78,57,87,85,63,96,50,54,92,47,88,76,31,70,52,49,62,73,53,48,52,66,77,54,88,58,68,67,35,43,71,88,83,96,62,94,76,42,59,30,55,94,78,76,35,63,83,42,46,77,53,55,63,81,36,86,86
33,82,84,42,41,75,50,64,46,74,88,65,67,72,67,93,37,44,82,94,92,53,57,89,60,41,90,94,95,84,85,83,42,84,87,36,92,69,32,35,67,61,93,71,66,36,30,78,41,36,63,83,71,83,84,33,38,57,96,90,87,68,96,57,31,70,66,60,84,31,35,55,88,47,85,97,62,74,74,30,55,90,94,82,36,80,53,95,80,67
37,57,42,96,33,62,41,77,58,62,63,64,69,61,98,59,40,33,32,58,87,38,32,56,83,48,66,98,73,45,96,98,30,73,55,58,80,43,43,92,98,41,51,98,79,94,91,84,83,62,47,52,75,72,57,53,71,94,37,84,55,70,41,49,73,49,95,66,40,80,43,50,87,41,54,63,69,83,96,69,47,47,55,56,82,77,82,69,68,40
41,91,89,51,74,37,70,78,38,65,50,32,35,61,78,57,38,70,32,98,30,93,82,52,61,84,31,59,46,91,67,33,78,75,91,65,77,71,90,86,69,49,39,49,40,73,59,77,42,85,77,37,77,97,79,42,88,50,81,86,67,77,94,85,74,90,58,98,77,42,96,67,76,66,52,49,86,55,33,56,33,55,36,75,38,83,31,85,69,72
86,39,36,48,76,86,83,98,81,43,64,88,34,80,35,43,93,64,88,68,39,72,68,76,49,46,47,84,96,51,40,79,31,38,54,87,49,65,65,89,85,86,92,38,62,70,79,95,35,81,95,36,97,31,35,54,33,76,90,72,62,49,35,58,69,76,39,42,92,38,63,68,47,79,55,49,82,93,65,72,46,42,52,49,87,88,43,47,71,48
62,50,41,81,67,45,32,74,52,88,73,40,75,83,71,62,47,66,39,41,63,69,43,90,44,76,91,72,76,46,57,95,61,43,91,45,32,76,56,88,60,61,72,77,37,62,91,78,94,86,42,79,95,36,45,66,38,96,60,63,45,58,82,83,65,75,74,73,78,34,56,62,33,31,59,45,56,68,66,94,37,50,69,91,41,62,34,82,40,30
72,96,72,88,92,63,92,70,82,87,59,66,56,67,44,62,95,36,39,71,59,37,33,98,48,80,54,98,73,38,65,73,63,86,46,85,88,33,76,65,75,59,98,88,70,70,57,37,96,58,76,68,64,70,37,86,75,33,65,54,53,38,61,60,95,73,98,34,58,73,73,46,75,63,69,35,57,69,89,69,93,43,37,32,71,80,62,34,90,54
46,83,71,71,61,63,66,33,47,63,49,75,66,88,56,46,71,59,63,73,84,36,33,72,79,79,61,79,98,58,90,84,91,64,91,58,63,38,53,32,47,75,32,96,80,98,75,46,63,35,76,57,59,95,47,55,52,39,58,94,52,58,86,60,32,81,63,50,48,84,91,37,81,94,61,60,76,79,66,78,83,86,45,90,97,72,53,69,53,76
41,83,93,41,42,42,69,72,95,75,90,81,80,45,36,39,59,69,85,84,91,76,65,98,68,91,86,58,44,64,36,39,67,32,44,87,53,66,69,56,91,83,81,36,50,78,70,43,56,86,80,57,43,64,64,93,61,79,49,40,56,69,31,86,68,59,47,60,87,66,47,70,44,58,52,32,49,49,98,66,74,88,91,59,40,96,34,45,48,64
53,84,41,53,89,80,68,68,64,87,38,45,93,49,63,34,56,31,97,87,75,38,55,33,55,91,37,36,41,40,67,65,42,53,37,41,42,38,67,70,61,93,33,69,75,86,63,56,83,47,36,49,78,64,50,42,85,86,90,31,40,34,85,36,32,82,34,76,40,88,74,83,83,82,44,69,91,57,95,65,63,70,40,38,94,39,31,41,71,80
87,34,42,58,97,73,69,95,73,88,49,42,52,62,93,74,81,41,96,62,94,46,87,54,97,46,90,76,85,54,76,42,69,47,69,65,78,93,84,40,39,45,58,33,50,44,86,97,30,38,39,33,84,92,91,72,37,60,41,42,76,31,30,77,38,56,93,83,75,32,60,50,90,65,81,57,47,64,92,75,71,38,46,73,90,66,54,97,56,53
57,73,42,77,65,66,61,66,89,83,76,39,65,56,74,96,74,75,85,60,38,56,30,57,72,57,88,83,57,34,95,93,37,66,97,82,75,40,93,35,47,40,48,87,54,56,50,84,40,98,56,67,43,57,85,40,59,43,64,74,86,92,74,30,44,66,46,50,71,73,98,60,71,92,53,46,50,38,49,61,90,61,35,56,61,73,39,63,47,69
65,63,38,94,95,34,71,58,81,95,90,96,31,77,31,67,90,85,90,33,75,69,92,84,45,35,78,91,56,82,34,52,47,74,95,55,48,96,89,84,78,47,95,57,39,95,31,80,30,91,53,49,70,73,38,72,63,90,63,87,60,59,62,85,42,81,31,90,55,55,32,80,97,84,83,72,84,46,50,98,78,96,82,69,40,66,68,59,54,38
73,80,89,81,70,60,80,88,78,53,67,64,74,55,70,30,81,72,46,56,40,96,44,32,50,55,42,73,45,91,64,86,97,31,83,58,37,94,60,87,97,39,58,39,64,97,85,94,76,58,78,73,73,98,62,54,95,78,51,96,75,46,87,77,75,39,69,59,95,49,31,72,72,50,44,68,67,79,89,65,47,33,37,96,47,75,90,63,56,98
34,98,47,42,46,90,58,58,85,95,67,69,63,54,83,91,74,65,93,83,85,56,74,69,44,78,61,83,77,69,57,39,84,76,94,97,59,70,61,74,66,69,72,75,84,46,50,76,41,98,92,33,83,36,52,86,39,68,50,32,62,92,58,48,87,58,49,46,34,51,33,31,75,59,50,39,80,87,80,42,53,39,40,60,35,50,37,57,50,96
49,31,40,58,51,59,79,77,58,88,61,44,71,91,46,68,37,76,61,82,37,84,46,65,78,97,48,75,45,92,83,60,91,95,41,73,92,98,60,96,81,50,41,33,95,76,91,85,96,73,92,82,50,55,45,59,87,93,96,69,57,70,91,73,94,76,83,44,88,94,41,53,94,38,55,70,54,68,80,84,44,52,98,67,49,80,39,85,63,34
94,66,50,41,34,63,96,93,90,46,77,73,30,57,53,81,67,75,87,52,59,77,40,36,91,52,58,41,32,43,67,36,63,34,53,68,77,31,30,52,32,61,44,86,59,71,65,85,57,98,38,88,36,54,87,84,52,96,64,91,86,62,93,87,98,36,53,93,70,84,43,65,98,88,80,42,40,61,79,45,87,36,66,78,76,35,44,30,96,37
58,72,94,47,95,78,49,60,50,92,97,90,53,81,97,95,56,54,88,58,77,90,55,54,64,86,59,56,64,70,77,36,74,33,59,98,30,91,87,90,36,32,70,30,63,47,56,78,79,49,96,48,63,64,83,56,34,97,75,33,68,54,32,82,48,68,41,53,33,79,88,33,72,42,87,98,44,54,56,79,93,60,50,89,33,95,71,50,84,52
78,42,36,42,45,68,94,88,46,42,35,41,33,68,49,76,92,31,61,72,97,69,95,73,33,75,39,51,91,70,95,91,70,81,98,95,43,88,65,90,67,48,95,77,74,71,98,42,35,84,72,30,79,92,65,80,46,44,50,31,74,81,64,79,64,90,67,79,79,54,87,65,74,60,60,51,54,61,46,91,93,43,69,59,69,50,70,30,40,41
44,55,71,49,73,31,34,98,47,72,41,75,46,72,83,84,62,67,31,52,97,77,80,53,50,47,47,51,79,35,76,67,74,74,42,57,32,46,56,43,47,52,51,70,85,42,31,60,61,78,54,30,88,41,80,87,90,59,35,49,94,71,50,53,66,69,69,70,33,58,64,91,71,42,86,84,65,89,51,36,75,57,54,67,98,35,76,42,85,92
98,72,96,98,51,92,38,94,71,31,31,40,73,81,58,31,78,51,85,81,68,63,31,79,76,93,58,79,90,45,43,55,73,52,41,38,61,30,61,82,82,31,67,79,63,79,73,39,71,80,54,41,81,78,56,56,88,75,84,34,54,44,73,79,84,42,80,41,96,45,78,44,38,81,74,82,81,42,54,66,78,66,91,62,39,96,59,80,40,44
92,72,48,65,43,72,31,86,43,79,83,83,70,82,42,86,95,97,79,42,56,68,70,69,65,78,38,76,66,41,39,76,88,54,69,59,31,90,66,31,75,91,36,69,91,83,93,91,40,62,53,51,64,45,71,83,91,40,37,45,37,67,37,73,79,91,76,88,96,53,65,31,57,69,86,82,56,91,39,88,65,38,62,41,74,54,73,74,78,65
76,82,69,30,34,46,32,88,45,89,96,80,62,53,71,52,73,32,31,36,90,77,59,57,65,40,31,90,95,36,90,59,81,67,97,51,83,86,51,55,64,86,31,33,46,31,87,32,69,31,39,30,95,61,42,66,31,51,32,74,40,40,69,40,94,62,86,76,32,53,65,98,58,79,59,35,48,50,65,35,76,82,76,45,63,82,40,97,81,76
64,83,84,98,76,49,35,64,80,45,35,62,37,46,85,71,79,60,39,45,75,94,98,95,72,73,50,86,53,40,86,97,58,32,81,40,32,82,72,53,97,30,92,61,53,43,68,81,94,57,71,49,69,93,90,78,95,36,53,43,81,42,53,61,53,69,98,80,62,98,47,78,55,37,60,37,40,89,54,95,91,91,45,93,68,60,63,52,63,89
74,32,60,85,96,31,63,40,98,98,93,89,91,55,73,76,32,91,31,74,80,96,47,44,40,94,37,57,64,71,83,70,81,75,72,78,46,86,80,73,53,35,68,61,77,80,63,70,52,44,80,45,39,93,59,70,48,92,67,72,82,74,84,74,30,71,36,74,40,60,31,98,31,56,77,38,58,52,31,67,94,77,89,84,55,62,51,74,77,96
92,41,30,53,68,82,86,84,91,35,37,64,56,95,72,61,87,97,84,67,40,56,73,64,46,50,87,31,55,43,76,69,61,63,82,33,83,87,34,79,75,95,73,63,85,83,74,94,63,76,63,80,64,55,78,76,72,59,64,89,72,67,59,49,84,78,44,53,84,80,92,51,47,58,73,45,75,59,82,58,94,93,58,67,93,64,68,33,78,77
66,80,63,97,36,30,64,51,35,76,88,70,32,84,56,37,72,39,59,76,79,73,31,93,40,88,98,50,84,74,32,91,41,54,60,72,81,57,91,51,32,39,90,58,65,46,89,37,71,75,50,57,55,80,76,98,58,46,75,60,70,78,62,47,72,35,98,75,67,93,89,79,35,87,37,77,75,45,48,61,37,59,91,50,70,72,38,95,82,79
71,59,46,65,67,96,67,56,80,85,36,50,42,82,50,47,96,60,30,47,82,32,77,64,57,50,45,37,31,43,62,90,67,88,86,76,60,70,33,82,64,83,50,89,41,82,94,30,41,41,85,91,46,40,80,74,49,83,32,48,71,40,66,95,52,50,75,30,54,31,34,36,42,49,50,94,77,65,55,45,72,34,32,50,35,83,66,36,50,65
83,97,60,94,88,48,81,42,62,94,82,53,93,83,98,87,74,83,36,38,71,50,35,60,31,51,30,87,95,74,36,67,68,36,50,55,48,58,31,60,83,68,72,77,37,55,34,58,49,62,60,43,51,78,62,69,36,30,76,81,33,86,32,77,70,63,40,37,69,30,80,78,95,68,96,49,72,98,92,86,72,56,82,54,44,78,85,94,51,76
37,98,53,63,60,93,46,85,71,45,32,92,83,35,85,31,87,57,38,59,33,53,30,38,85,70,49,37,39,44,78,74,63,31,82,58,33,78,64,78,92,89,54,54,90,96,47,82,87,84,41,79,85,53,89,58,34,62,80,72,65,69,34,81,88,53,66,35,37,73,67,54,40,95,31,31,97,44,86,41,69,34,35,30,92,37,94,97,61,88
31,87,41,40,61,38,90,74,48,59,59,52,42,37,90,48,65,41,85,78,93,84,75,81,33,37,95,63,77,54,45,61,64,52,56,43,86,74,36,50,86,82,48,81,30,74,70,65,42,96,96,89,65,81,65,57,73,75,62,44,31,34,57,70,65,67,55,51,78,37,92,56,44,94,56,48,47,81,94,53,77,58,63,78,62,63,53,97,75,74
65,41,82,90,58,44,54,44,74,70,87,30,60,34,61,33,54,65,39,41,74,63,76,76,82,31,74,51,36,81,98,70,89,63,72,74,75,30,50,45,46,60,53,71,79,59,69,61,69,79,78,74,61,52,63,36,63,35,87,77,40,36,91,33,55,41,91,97,46,65,63,55,39,94,58,83,41,40,95,96,94,70,31,95,42,43,66,43,85,55
69,30,36,38,98,39,79,40,65,50,48,63,32,58,51,43,97,90,78,91,39,63,40,60,52,89,62,70,79,96,83,62,54,36,83,90,31,93,60,61,80,48,85,82,79,90,56,91,79,98,38,46,92,53,81,59,55,93,40,96,56,41,90,75,63,74,94,43,52,67,84,83,47,93,40,95,35,63,61,37,55,41,40,74,88,48,77,97,96,52
79,69,43,95,45,67,98,59,68,91,72,79,83,35,32,69,73,92,64,86,96,77,59,98,83,90,58,50,62,64,60,90,69,85,49,52,51,68,64,30,61,30,90,79,32,54,57,38,92,66,54,55,93,92,79,38,75,42,70,95,64,78,87,47,58,47,58,53,78,67,44,51,87,52,84,64,60,87,62,88,31,95,62,30,69,46,84,43,31,79
35,46,88,81,84,79,76,97,45,67,41,62,42,89,39,80,32,95,35,95,43,94,79,48,89,59,47,36,53,68,79,91,81,74,83,93,50,78,79,77,54,62,74,64,72,89,73,64,37,38,33,97,90,84,62,45,73,87,56,86,63,63,41,66,65,55,83,47,85,65,38,80,38,54,35,61,48,83,52,61,84,68,79,68,89,77,38,86,81,56
32,77,48,34,39,96,46,31,32,82,97,45,52,95,75,88,75,78,54,51,89,46,80,37,32,76,61,54,74,43,97,98,46,37,71,55,48,63,50,48,59,49,77,75,62,55,33,45,71,49,31,61,71,64,50,40,71,65,53,33,67,33,75,66,83,42,40,58,91,80,88,41,44,55,56,98,51,83,36,62,51,67,68,81,68,69,66,32,70,41
90,69,95,71,55,55,57,74,47,91,92,36,53,58,66,59,89,55,85,36,56,74,51,63,78,62,50,58,84,35,41,87,67,86,80,83,96,53,82,47,68,57,31,80,61,98,96,80,95,51,53,59,35,80,89,82,45,45,73,83,98,43,71,31,67,95,51,61,83,98,81,76,69,56,88,94,71,73,30,30,93,43,45,31,86,49,59,75,83,95
44,97,87,46,78,53,59,69,46,36,94,54,76,98,32,76,76,47,53,95,87,77,39,63,32,74,57,86,56,95,94,42,82,93,59,69,85,33,81,72,59,95,43,92,59,82,95,80,95,74,32,80,55,78,60,79,30,65,76,57,62,35,31,60,42,83,44,63,41,85,44,97,57,82,73,43,73,85,33,75,92,51,39,83,86,41,65,64,98,38
64,45,47,40,82,31,77,59,41,68,90,94,94,90,67,33,96,75,80,91,67,70,91,66,70,75,66,34,35,73,51,94,50,93,66,50,74,53,83,74,56,30,55,87,47,66,89,37,75,96,59,31,43,98,59,80,44,60,66,35,34,50,78,34,56,69,96,66,37,58,50,93,35,65,70,48,56,66,74,90,46,63,36,76,58,67,72,81,41,81
47,58,87,90,54,75,58,39,93,66,57,84,65,89,88,93,51,61,41,59,72,43,89,47,57,88,83,61,45,30,48,38,85,37,30,98,71,69,50,31,32,40,73,44,86,87,66,33,87,59,35,70,90,52,64,65,85,80,79,49,72,51,75,91,62,33,55,66,78,55,67,86,95,37,63,74,63,66,57,45,30,78,39,68,49,62,57,33,61,53
72,30,46,54,41,68,55,62,41,74,83,81,94,62,43,82,35,48,37,38,64,56,75,65,94,64,68,31,67,34,82,83,44,60,82,94,63,56,72,60,90,30,44,66,98,68,47,37,79,98,45,90,75,40,70,66,60,67,65,97,83,97,58,69,61,84,92,31,38,50,70,39,88,47,82,52,49,80,77,68,84,98,91,97,70,58,77,60,38,95
57,93,48,46,60,47,49,53,33,77,49,83,80,38,91,71,69,42,43,83,52,89,30,58,81,32,86,45,47,61,54,92,57,53,32,51,95,53,82,84,96,71,34,39,71,79,70,76,73,34,34,78,71,49,82,63,35,57,77,68,92,32,44,40,50,41,33,51,96,51,34,88,74,79,94,75,67,92,47,81,81,40,89,95,35,55,94,65,45,31
47,43,76,57,85,60,85,93,77,54,31,59,70,73,41,97,57,90,37,65,79,97,79,54,59,66,86,83,82,66,81,73,43,65,79,69,69,93,48,93,57,51,57,57,41,58,75,76,47,70,39,70,98,51,45,61,88,64,87,38,81,81,70,43,67,87,37,48,92,71,31,92,89,83,54,67,70,95,73,85,33,83,62,75,77,92,69,97,33,70
39,63,76,52,51,74,85,71,30,40,44,97,98,61,68,69,87,77,43,51,32,44,87,32,44,33,37,42,32,75,97,71,53,96,95,88,97,95,81,59,50,30,59,74,81,97,69,83,82,62,31,30,55,42,84,60,56,40,58,41,51,71,60,62,47,32,88,83,41,80,53,92,60,68,87,52,60,52,88,53,82,64,75,41,42,30,45,76,51,71
78,70,97,79,30,44,60,88,70,55,54,53,68,91,61,87,64,38,69,83,85,82,66,76,63,76,69,76,42,60,95,49,85,41,82,39,82,95,42,79,88,42,30,59,91,52,85,72,35,36,48,52,65,94,81,48,77,50,81,74,94,68,96,44,45,98,76,67,55,40,68,33,82,78,74,78,97,96,65,61,69,62,95,44,69,69,43,98,90,95
78,37,55,47,93,74,96,89,66,57,41,85,76,64,54,75,65,75,80,83,53,74,89,37,30,41,60,73,32,67,67,33,73,72,88,73,68,35,84,61,78,78,97,65,33,69,98,33,73,57,78,61,69,90,33,58,48,46,90,50,51,88,82,55,84,88,93,80,81,67,40,87,92,65,36,92,68,61,59,39,92,53,76,53,33,98,57,41,62,50
73,87,43,43,70,98,35,55,53,67,87,38,57,61,46,72,35,90,92,68,80,90,51,37,71,58,47,70,41,73,39,65,76,94,76,47,86,94,37,45,81,73,37,37,67,91,89,39,47,36,93,50,52,85,45,31,40,46,85,68,32,92,61,56,79,34,96,30,66,74,76,45,38,51,30,51,66,34,67,83,39,39,86,97,34,90,83,43,97,69
90,88,70,71,65,46,34,54,41,59,44,60,33,50,33,85,97,98,58,40,41,63,89,66,50,74,74,31,70,57,38,53,82,51,77,33,43,83,39,79,34,75,59,45,34,50,39,55,58,58,64,38,76,86,30,97,96,75,35,80,32,44,30,41,72,53,83,97,61,65,98,77,45,56,32,87,77,40,80,78,69,94,36,37,30,33,36,54,34,78
40,96,44,98,91,37,53,75,38,89,87,68,67,94,82,61,48,55,46,89,96,52,46,87,59,75,84,71,57,91,34,38,69,47,56,84,39,88,35,71,75,84,55,57,69,83,39,96,59,38,77,53,72,68,83,60,78,96,50,40,55,35,98,97,94,74,32,57,92,90,76,39,98,76,74,76,74,39,35,84,74,61,52,33,93,82,95,49,88,80
95,30,75,31,58,71,37,68,94,63,93,47,80,76,41,83,39,41,34,30,37,31,54,66,44,68,73,96,94,33,40,77,56,96,35,72,44,85,82,74,57,79,54,79,74,39,48,48,48,35,76,49,53,90,85,47,67,94,74,54,85,89,73,31,64,92,68,76,67,66,54,57,45,61,37,47,62,73,39,31,91,48,57,34,85,66,73,59,68,49
34,72,73,53,88,35,76,95,92,37,50,78,36,56,74,89,31,31,92,97,59,57,68,53,47,42,67,80,61,69,67,30,63,45,30,95,79,30,94,69,78,32,94,91,80,94,73,42,95,35,82,67,98,35,45,51,78,32,72,33,47,75,60,98,90,44,50,38,57,63,98,70,71,34,36,75,52,33,81,81,33,61,83,93,51,96,62,68,53,31
81,90,40,66,71,35,51,97,81,59,45,41,49,31,38,36,74,59,94,58,79,75,47,51,60,41,52,72,34,51,74,69,40,96,41,64,32,88,89,79,47,44,65,30,67,42,55,71,31,60,77,97,54,71,64,96,74,95,64,65,75,40,46,55,66,97,98,70,72,70,67,71,35,98,52,84,69,57,31,41,55,78,70,45,38,82,51,54,98,48
74,30,95,76,34,53,92,75,86,50,39,94,75,64,65,31,36,60,86,56,55,81,76,53,59,40,41,77,43,86,76,74,46,68,71,53,86,33,42,70,80,78,85,35,39,44,50,43,85,42,32,90,69,80,86,54,47,66,83,84,96,93,47,54,57,64,70,59,76,67,94,88,84,94,33,55,78,38,47,87,87,84,88,77,71,38,88,46,97,48
71,84,33,63,32,65,98,38,97,41,71,98,78,34,63,90,66,35,75,47,88,76,96,66,96,78,70,49,96,67,66,79,60,84,62,49,45,55,67,70,69,46,30,62,49,30,96,98,82,63,39,97,51,88,75,63,59,89,70,50,54,74,45,87,63,33,39,92,70,52,56,51,39,92,83,41,36,35,97,69,40,79,78,59,82,30,51,30,59,38
83,47,70,84,53,94,68,57,64,71,79,86,45,49,92,86,81,92,84,79,58,82,60,93,58,84,47,83,62,60,85,42,83,45,33,93,58,44,69,56,39,74,60,59,75,88,60,83,62,64,60,35,77,69,78,83,65,71,49,74,83,96,48,60,51,44,44,38,86,96,33,90,74,37,53,46,45,57,88,44,92,69,36,98,78,95,37,32,38,97
34,38,42,61,67,82,62,79,51,44,89,87,80,49,80,83,35,52,90,59,73,83,83,39,47,68,35,57,31,59,80,69,52,82,48,92,78,52,95,83,97,43,51,74,88,43,80,38,73,70,77,96,73,84,96,33,60,72,91,42,90,49,85,58,42,91,59,97,50,60,66,31,64,45,54,60,89,71,34,50,38,32,58,90,81,37,51,56,66,37
63,64,73,92,60,88,79,60,48,69,80,55,39,70,61,59,97,89,53,80,47,31,76,31,91,38,59,92,52,72,64,87,74,86,46,44,60,35,77,78,75,47,66,75,97,39,97,61,56,77,55,35,45,36,97,74,94,52,44,54,30,41,98,30,72,68,38,68,44,84,67,51,41,84,80,74,31,72,96,85,53,70,58,53,36,52,74,49,85,96
96,94,54,71,94,67,36,32,92,38,38,83,40,60,37,79,74,95,77,97,30,48,59,60,82,66,85,32,95,76,62,68,35,30,46,76,86,35,66,77,86,42,46,64,86,83,37,49,60,66,89,66,40,96,53,82,35,57,74,56,37,51,94,74,48,63,44,39,94,33,35,48,67,47,68,78,37,86,41,38,94,45,68,62,69,65,36,78,50,58
75,38,51,79,74,62,55,93,36,66,42,79,67,58,98,50,85,47,36,59,59,53,40,66,89,64,57,95,38,56,56,93,76,40,69,55,66,71,83,43,63,77,54,50,60,94,48,43,63,37,38,63,90,91,59,83,69,78,69,61,41,94,57,75,79,85,66,78,85,58,58,42,96,42,30,98,98,95,58,32,80,89,90,80,74,51,98,31,71,75
51,71,56,31,51,42,49,54,71,85,39,35,37,52,35,98,70,63,35,97,86,57,92,64,51,83,74,75,89,79,42,90,66,76,59,72,89,44,37,34,89,91,90,95,63,84,60,75,30,95,41,88,78,33,88,54,58,60,70,87,40,87,95,56,79,94,78,57,95,49,81,40,84,72,39,37,55,80,72,73,53,88,74,56,61,64,83,83,98,93
59,39,81,40,44,67,51,95,33,68,79,92,63,47,42,53,53,43,64,40,74,84,36,60,34,69,37,51,61,77,94,81,65,65,88,59,82,34,32,58,53,74,63,85,36,62,32,47,44,44,61,98,75,60,75,60,57,93,76,31,48,48,31,96,89,72,31,53,88,46,68,81,44,88,87,87,35,96,42,63,73,49,97,97,37,91,38,80,78,88
72,66,96,72,59,57,76,74,40,95,49,82,43,69,90,36,40,38,34,87,96,50,53,52,75,88,72,33,67,38,49,94,72,77,65,54,81,55,54,68,44,77,47,43,32,43,96,49,71,71,44,51,52,55,66,83,92,87,40,66,95,30,52,59,81,96,50,56,96,49,50,78,66,92,97,96,33,34,51,90,41,76,82,44,85,37,77,93,35,63
54,46,51,60,38,86,62,63,67,30,77,62,92,55,44,93,71,41,50,97,91,89,60,83,32,76,52,97,48,50,46,94,85,48,36,75,52,47,59,45,42,58,62,95,98,34,87,59,31,78,90,72,61,42,71,45,56,59,62,93,38,70,46,81,85,92,49,78,46,86,89,55,43,89,77,38,91,65,40,71,34,45,92,42,38,56,72,69,64,98
40,30,56,66,31,52,52,70,98,86,85,39,76,31,72,78,73,94,97,91,61,67,81,65,43,48,74,36,79,47,69,30,43,79,53,62,95,96,71,69,57,91,37,83,53,86,95,49,58,31,53,42,85,47,47,72,89,61,94,34,45,84,45,46,79,59,68,74,41,93,55,36,97,97,43,85,69,96,89,90,81,63,59,69,97,69,35,85,54,32
50,67,61,68,98,52,76,68,51,95,96,91,74,49,87,70,88,68,97,47,65,69,36,45,58,67,70,64,64,80,55,48,47,32,63,37,48,37,43,96,59,84,81,52,35,97,35,47,66,59,83,48,83,43,63,80,53,77,61,78,96,75,53,53,43,44,55,35,42,68,69,32,65,65,84,62,73,54,33,55,87,66,92,77,61,77,50,35,55,98
80,39,69,50,69,89,45,75,87,97,87,30,87,73,60,72,82,56,64,84,56,84,86,42,92,77,67,82,46,75,93,34,49,94,48,81,42,82,56,65,90,70,31,98,46,68,55,54,41,83,80,40,70,51,71,73,48,82,93,97,73,78,54,76,41,49,30,89,60,49,96,39,85,79,73,73,94,61,76,49,48,75,94,44,74,71,45,53,63,55
75,61,46,62,38,80,76,61,45,87,69,94,32,40,56,70,45,65,34,42,63,32,39,41,63,50,30,45,84,90,49,65,94,47,73,41,71,46,50,88,95,82,78,53,58,80,37,83,97,54,94,88,89,62,79,98,54,91,93,41,54,85,88,55,32,68,59,37,44,78,54,67,53,93,57,71,48,33,37,65,89,85,95,73,86,86,98,95,53,44
63,62,74,94,51,86,61,31,41,90,84,42,88,56,91,68,34,66,30,52,76,63,73,51,70,95,66,41,45,91,36,38,48,51,45,85,50,63,37,64,64,44,42,71,33,60,30,35,44,35,51,94,50,70,35,59,71,58,85,45,82,43,94,87,69,40,96,55,71,57,72,94,45,80,51,83,52,83,74,95,64,69,63,80,76,69,34,52,87,46
52,76,33,68,84,57,97,31,80,32,46,98,32,54,35,79,50,69,70,44,72,76,47,57,52,96,54,73,57,58,82,62,75,89,75,67,34,40,54,75,56,94,51,76,87,57,68,83,60,63,91,94,92,64,40,46,75,75,63,62,46,81,39,98,53,77,46,53,94,76,33,70,81,60,43,95,88,85,40,83,79,40,91,52,78,36,67,81,69,43
58,94,37,52,77,96,66,54,52,54,86,96,59,45,38,37,52,75,58,67,67,85,38,70,96,56,89,31,90,51,44,98,32,32,85,52,36,68,68,38,58,36,41,88,53,80,41,71,32,74,58,73,95,82,86,96,77,66,95,42,56,50,76,81,35,83,62,88,56,71,59,30,69,44,39,64,59,72,70,76,96,80,56,33,41,41,79,54,49,53
46,68,49,68,87,52,50,70,58,42,91,85,88,67,81,33,56,85,96,93,98,96,87,73,51,48,63,51,45,72,38,45,89,96,79,43,70,72,70,56,40,86,73,82,90,60,46,84,96,73,41,47,39,77,41,50,72,74,90,72,66,41,74,65,30,90,54,31,55,73,33,58,63,66,31,39,61,79,45,64,85,92,34,73,33,85,85,43,96,96
70,88,75,64,77,69,59,37,75,77,56,71,91,34,37,35,32,50,69,93,32,62,84,30,59,97,86,88,60,47,65,63,37,42,94,79,45,73,86,48,76,44,58,69,49,98,42,45,47,96,69,30,94,69,35,37,37,33,72,60,47,91,54,57,95,60,31,84,63,56,38,59,83,64,80,76,74,51,67,50,97,38,50,62,55,88,66,39,86,74
81,49,62,91,87,50,95,96,83,61,35,44,85,32,72,65,68,38,41,55,57,37,38,44,46,88,86,50,55,65,66,37,79,39,55,76,48,35,53,33,84,88,51,47,48,60,30,53,43,55,80,56,31,80,69,70,33,60,33,53,59,80,82,84,36,74,89,96,96,63,31,58,83,94,86,38,56,49,46,33,50,78,81,84,34,38,84,85,37,69
86,63,49,47,66,64,31,40,44,98,36,62,85,77,71,62,62,42,67,71,75,40,93,94,53,50,59,50,47,92,38,91,72,59,69,48,50,84,70,67,84,46,97,71,55,68,68,75,30,72,75,70,48,42,52,72,74,69,58,36,91,64,90,53,96,54,58,81,62,32,67,74,53,75,95,68,55,61,70,51,67,92,34,61,95,66,35,94,96,43
97,92,85,74,79,86,73,80,72,72,94,46,96,37,44,60,51,57,68,36,92,50,67,42,33,39,59,33,61,94,53,55,87,74,64,80,56,96,52,35,78,83,82,86,78,36,56,97,32,47,31,79,34,85,88,94,91,95,53,44,73,87,37,38,73,96,69,94,75,44,84,49,67,69,95,96,37,35,55,76,81,48,33,56,52,53,56,32,54,91
87,41,44,41,60,66,41,65,45,69,31,97,51,82,69,98,56,36,45,94,83,54,64,67,72,75,45,84,93,42,65,91,37,44,54,85,30,43,45,75,82,98,91,35,87,89,44,72,83,55,33,38,40,53,90,67,88,38,40,42,63,78,87,91,35,62,50,57,82,65,60,33,89,31,71,81,69,58,72,67,73,73,82,36,63,35,40,67,47,89
48,34,31,34,80,77,53,87,88,86,43,83,64,52,79,77,89,43,85,90,40,88,44,40,42,56,71,83,53,85,44,39,46,62,49,75,80,41,72,94,88,32,92,32,76,48,84,84,71,69,63,92,39,53,78,66,58,93,38,95,78,86,87,51,89,68,47,68,77,57,60,64,41,79,36,51,72,92,84,57,56,83,87,62,94,54,47,97,86,74
91,34,44,81,67,41,73,45,33,70,49,50,68,58,62,79,81,55,80,89,72,71,82,78,36,76,69,93,90,84,79,86,81,67,31,80,31,42,59,49,36,48,61,70,78,61,68,92,95,70,44,79,80,85,96,52,63,48,43,31,90,89,45,64,60,69,78,30,46,84,80,61,61,39,68,37,44,76,63,32,90,31,80,38,97,66,92,50,86,97
33,44,83,52,49,59,67,82,92,61,87,71,85,54,82,93,57,96,40,31,91,37,72,83,77,66,40,73,92,43,48,38,36,55,80,55,80,54,74,83,70,75,66,43,82,53,94,86,77,68,49,62,77,43,39,30,82,95,66,59,61,53,58,72,89,38,93,95,91,84,98,98,50,82,43,93,71,70,55,33,42,90,47,47,49,62,68,96,55,31
53,76,68,38,38,75,50,45,51,64,92,69,98,58,94,43,56,42,90,35,87,88,43,63,40,64,95,88,82,61,79,54,70,86,69,54,55,39,75,95,87,68,74,37,81,57,50,42,83,37,30,48,46,62,94,73,70,53,77,38,80,82,54,91,62,75,39,63,96,63,31,39,45,93,79,30,81,94,67,47,33,74,94,40,72,90,89,57,55,67
49,92,46,97,85,98,53,64,49,62,98,50,65,46,43,57,54,84,52,45,69,42,50,68,92,58,79,80,84,96,32,30,85,32,72,94,57,80,40,82,65,87,93,46,44,77,71,98,88,62,34,86,62,67,39,86,52,63,72,40,31,47,56,70,74,42,53,30,95,88,58,86,98,30,64,38,88,87,51,41,51,92,78,32,31,35,30,97,75,54
95,58,62,63,60,50,71,77,56,55,96,50,86,57,54,37,77,33,31,95,70,96,88,89,51,69,46,81,47,77,87,39,64,82,70,72,65,74,50,77,41,31,60,34,63,48,40,31,73,97,86,50,40,75,93,58,90,90,36,76,33,35,40,60,80,41,74,70,61,50,49,33,49,77,38,66,68,93,79,32,34,94,97,70,35,56,89,44,75,71
73,43,79,35,50,94,64,93,54,57,64,51,64,84,53,72,40,87,33,48,44,90,63,69,95,72,42,30,62,34,45,35,72,69,96,49,60,46,56,61,62,57,44,84,69,30,96,31,73,60,54,32,45,37,63,53,41,58,50,61,60,92,34,40,72,83,69,77,58,78,97,78,80,30,80,41,97,85,68,92,50,48,34,58,89,91,67,72,71,61
91,51,97,90,51,90,35,49,49,78,60,95,65,70,31,84,81,93,80,79,80,74,34,61,34,54,51,47,69,43,63,58,61,47,43,35,80,82,81,81,56,70,37,54,52,84,58,45,52,65,90,47,39,63,42,88,61,41,55,49,61,43,63,69,86,54,65,60,38,51,58,50,74,36,79,86,54,74,80,45,87,58,35,91,54,63,98,49,58,46
53,92,88,60,33,91,51,75,71,37,96,89,43,44,89,90,82,52,64,73,90,37,38,75,85,46,39,89,78,96,72,92,73,56,77,79,59,74,41,82,49,37,76,63,88,35,35,49,91,58,61,71,66,79,62,90,98,81,62,57,38,86,75,72,53,60,68,67,55,94,40,41,92,64,80,75,54,98,64,69,66,38,62,67,98,48,94,45,35,87
58,32,81,84,77,35,55,84,63,56,66,97,95,96,59,68,30,88,48,51,90,95,71,93,47,82,71,80,33,96,32,81,66,76,67,44,86,43,79,84,32,38,84,98,39,60,30,76,33,63,70,55,38,97,53,65,88,33,49,71,51,31,52,79,79,53,44,81,47,82,65,61,75,45,50,63,76,55,79,81,51,92,67,95,59,60,50,64,72,56
64,71,80,77,34,48,78,30,53,94,70,66,64,93,71,94,76,39,96,47,85,53,55,80,86,78,88,84,45,64,60,97,90,49,72,44,60,87,58,84,80,96,40,33,93,60,60,63,33,71,81,64,54,37,37,47,52,41,34,80,34,70,49,46,91,41,78,42,50,96,97,69,92,86,71,45,86,52,83,84,89,42,72,78,39,32,59,31,91,63
53,70,44,68,80,97,84,36,52,38,79,75,53,89,71,57,54,30,36,78,67,68,91,41,59,67,63,32,61,57,68,82,61,62,50,91,33,63,57,85,76,60,87,60,88,66,36,58,59,82,38,84,87,41,70,75,93,67,83,66,98,42,41,62,33,53,86,66,86,77,72,30,72,37,35,36,73,57,97,43,93,32,47,93,40,90,81,98,41,62
89,56,85,53,73,63,86,35,62,49,79,79,90,71,77,92,39,53,75,78,41,82,66,71,36,63,33,77,93,42,55,57,91,82,33,64,45,50,30,40,87,34,84,50,81,92,50,88,70,84,33,44,95,59,42,39,58,31,45,80,69,94,93,51,82,64,64,50,40,86,66,30,60,57,42,90,74,70,56,60,42,48,63,48,76,42,61,64,56,67
35,47,82,33,83,49,34,84,64,34,80,98,47,91,37,48,88,61,66,56,53,36,36,43,44,51,31,81,65,38,89,59,78,72,31,69,54,90,90,31,85,89,77,76,33,60,40,86,55,44,90,67,36,36,88,50,83,87,32,46,62,69,97,96,51,96,76,62,95,71,89,87,53,41,61,61,84,72,82,90,60,87,68,97,72,98,81,81,93,79
38,43,41,85,78,40,54,80,46,70,32,32,85,49,53,62,36,60,68,52,59,72,75,42,87,81,56,59,39,68,95,53,95,88,88,50,66,51,81,37,68,40,86,70,91,35,89,75,64,43,34,69,96,48,64,96,70,71,46,66,58,47,82,96,94,38,64,94,76,86,68,39,39,70,78,62,69,72,59,85,63,55,46,86,60,44,79,65,74,36
31,95,97,36,79,62,91,96,73,39,66,68,39,73,41,58,37,81,86,51,95,82,91,61,65,65,40,36,88,60,48,82,53,41,52,70,70,86,93,85,42,59,62,51,30,31,34,39,47,60,52,33,31,57,68,63,95,61,95,48,88,94,43,36,57,30,49,40,72,47,41,79,87,80,32,53,37,73,87,63,88,40,61,64,38,38,36,87,37,39
65,92,59,63,96,92,79,60,88,88,91,35,32,87,93,94,97,78,67,69,81,69,35,55,86,84,43,88,81,87,86,39,74,50,96,35,91,68,79,73,61,85,84,70,48,58,62,31,82,65,62,53,33,78,97,33,80,30,56,77,94,61,32,83,44,42,50,62,58,43,92,79,95,68,47,55,31,44,67,72,88,97,42,53,69,38,77,87,74,38
87,60,88,89,34,72,37,35,71,86,69,40,71,76,98,97,94,37,49,59,32,66,36,80,81,32,54,52,74,92,50,85,38,38,78,83,86,65,56,40,47,30,49,37,80,71,54,47,34,33,59,94,48,54,48,73,52,96,84,34,38,78,40,95,64,78,75,89,47,54,48,96,97,70,81,69,40,50,95,93,67,72,49,56,78,52,42,31,80,69
59,44,68,71,33,91,76,42,66,47,73,38,77,38,32,46,49,61,73,37,94,56,60,30,95,96,54,46,60,64,37,89,53,77,35,65,92,79,48,96,73,95,68,49,56,83,39,52,56,70,75,91,94,58,39,86,54,87,95,32,62,69,38,59,46,88,36,67,53,83,68,32,80,37,85,65,68,38,62,87,32,65,83,85,45,88,77,70,58,36
46,31,65,57,89,74,94,41,83,34,34,48,52,84,39,50,92,38,75,62,32,87,32,89,59,42,43,63,38,69,70,53,74,53,78,51,96,42,33,36,79,63,86,91,78,88,81,54,43,37,53,59,75,31,62,98,79,48,57,85,95,83,30,36,95,78,75,56,74,76,30,85,84,50,65,48,82,48,77,67,75,90,78,93,47,76,78,64,85,31
83,35,40,74,81,95,68,81,31,60,74,64,52,60,43,86,50,79,63,31,56,38,76,36,35,44,33,33,48,70,41,86,90,60,79,59,51,57,78,76,47,81,61,40,47,87,95,65,84,43,46,36,87,31,80,37,42,58,91,32,54,90,75,74,39,61,31,66,47,48,72,51,51,45,60,46,62,39,75,64,98,54,33,44,86,70,37,86,62,92
74,86,56,66,86,91,78,54,64,45,69,75,72,93,39,77,49,61,33,92,44,76,37,91,41,39,58,59,68,91,93,32,37,83,66,32,31,62,63,34,86,53,51,58,50,95,63,81,81,88,85,72,66,65,93,53,92,64,97,88,33,79,92,44,60,39,97,82,60,47,48,38,81,86,35,96,55,89,59,34,97,40,70,45,57,59,82,50,85,66
42,93,47,66,52,61,74,48,83,95,72,97,69,72,82,50,32,40,55,46,68,58,93,88,82,68,44,89,39,55,94,72,82,73,41,89,54,48,42,56,91,30,88,79,37,38,97,43,76,88,32,81,76,36,85,79,32,79,66,75,71,66,42,44,89,85,51,49,75,64,60,94,77,88,93,56,62,95,97,65,36,60,67,40,53,48,36,33,31,96
65,40,60,72,80,72,43,51,80,65,39,96,96,52,49,38,64,35,31,33,92,64,58,75,69,77,48,45,72,64,83,87,36,78,39,57,51,44,33,89,43,83,97,54,87,94,59,93,73,35,52,67,30,76,77,58,68,55,96,75,33,76,46,73,74,71,53,63,56,67,68,91,42,81,95,72,89,30,36,88,75,64,49,40,43,65,36,97,43,86
60,84,32,79,50,49,30,35,41,85,76,66,81,67,76,37,82,65,52,91,40,69,82,61,92,76,61,91,63,71,65,90,50,66,66,95,96,76,79,98,45,96,95,60,81,53,57,80,36,46,48,76,38,59,64,93,74,51,43,73,53,42,93,73,79,85,39,72,44,54,84,43,60,74,30,48,52,88,65,57,51,43,47,85,60,88,34,64,35,56
31,48,30,50,33,86,58,83,64,84,65,88,91,55,65,92,75,49,65,54,44,55,40,60,47,59,94,35,96,96,65,37,92,70,79,68,62,30,30,43,90,89,68,32,63,81,71,74,54,66,66,75,40,93,71,44,89,56,65,95,47,95,54,86,98,80,96,74,41,65,44,41,68,71,50,39,31,57,44,84,97,62,35,92,60,30,62,90,65,81
40,66,59,36,77,56,63,77,72,59,70,82,30,30,41,56,34,52,74,37,42,56,36,66,47,31,36,49,71,72,59,78,90,93,40,63,88,82,33,77,79,69,44,75,34,97,49,32,44,91,93,69,40,33,94,85,45,73,51,37,43,37,97,31,42,81,75,98,89,50,93,64,96,39,33,87,60,43,69,49,88,93,71,92,30,90,34,41,97,42
84,87,59,83,53,58,65,74,63,80,80,34,66,85,90,58,58,36,38,93,74,75,82,68,55,92,77,45,47,71,54,66,50,65,83,59,68,46,89,89,46,93,31,31,75,53,60,37,72,45,44,44,91,80,96,56,46,49,52,45,96,53,37,51,58,39,83,98,50,49,80,42,32,60,98,91,79,43,95,88,82,47,40,87,62,68,49,92,80,96
69,58,72,31,36,51,78,43,75,83,37,60,65,88,51,47,61,74,48,84,68,53,56,67,80,31,53,57,94,72,81,50,57,82,70,82,39,30,43,41,60,85,57,64,61,56,52,38,87,76,56,36,41,71,68,87,65,40,63,48,43,37,81,31,38,51,62,56,84,86,60,87,63,93,84,83,36,79,85,49,91,72,84,96,56,71,96,63,98,59
48,42,51,75,72,94,46,35,37,41,77,30,62,71,72,56,82,94,57,75,53,81,46,53,76,80,35,83,96,49,96,78,90,83,95,71,95,82,89,93,97,33,74,67,34,77,82,82,84,63,60,46,50,37,93,50,46,80,94,65,96,85,67,59,71,60,69,81,90,78,59,59,82,53,50,58,61,62,82,39,71,43,74,59,68,71,30,46,42,57
42,89,86,57,41,52,72,38,95,71,60,80,79,58,74,63,61,50,76,48,55,34,61,52,38,40,62,91,81,34,80,65,50,65,97,30,34,41,34,97,92,75,68,32,34,54,52,32,31,42,93,57,76,84,54,80,97,43,82,49,70,46,40,57,38,72,83,91,49,50,84,67,81,34,72,30,92,64,59,62,47,41,76,89,59,80,44,60,82,71
87,76,59,79,38,43,50,69,58,66,79,74,47,79,95,42,33,51,41,98,96,81,94,73,53,84,37,47,82,69,78,35,42,55,89,64,77,75,40,67,61,66,47,51,41,90,94,61,43,42,47,59,37,96,78,79,34,43,44,44,80,98,93,50,56,93,53,53,95,30,58,84,60,61,92,45,52,49,65,69,62,55,55,40,95,63,46,95,55,77
65,88,44,37,66,53,82,68,55,38,91,47,34,83,42,56,69,82,59,96,45,39,64,65,60,65,74,47,82,83,47,32,58,70,37,37,50,81,43,94,88,80,84,61,77,45,43,70,38,30,61,65,90,34,75,59,90,66,97,35,57,88,79,34,63,92,71,54,44,57,58,86,84,71,78,74,72,61,54,72,92,80,59,83,94,40,73,38,65,39
83,71,50,43,48,77,87,43,83,44,49,45,92,50,90,46,39,98,49,93,88,30,41,64,38,50,50,69,95,86,84,34,88,31,37,71,81,37,49,44,47,70,78,58,91,31,48,41,73,45,95,78,58,96,54,31,95,80,71,43,71,51,55,98,93,33,71,73,77,67,39,47,78,70,74,77,79,35,37,52,92,58,38,30,47,38,34,70,33,69
85,55,82,86,60,47,58,62,46,56,44,98,47,83,50,59,40,89,89,31,39,50,32,64,95,91,91,64,70,90,31,34,33,98,65,51,41,31,57,55,88,37,89,68,47,91,49,58,67,69,58,30,90,84,42,78,46,63,78,45,74,54,51,52,89,43,53,34,45,98,89,65,66,74,66,79,77,66,90,97,84,36,32,98,54,46,78,37,54,30
60,51,68,48,94,77,72,46,42,71,67,43,81,95,47,87,46,42,80,44,50,92,39,97,77,32,71,73,44,83,46,92,86,73,85,87,61,72,52,33,42,89,92,47,75,59,61,86,39,93,58,49,74,59,45,76,64,82,91,76,79,69,42,56,52,34,65,59,78,47,69,85,45,67,37,53,93,51,35,72,73,78,38,40,40,45,64,48,84,76
42,64,39,46,52,75,61,35,80,92,66,50,36,72,89,56,64,71,75,48,72,71,66,59,32,57,78,89,90,88,81,42,53,62,96,82,42,40,46,61,55,78,50,93,78,52,74,34,85,75,79,39,40,58,52,44,65,78,56,32,51,66,61,73,65,77,95,69,51,87,52,60,81,66,79,71,44,46,77,54,52,54,83,34,51,78,32,41,51,54
36,78,83,78,40,37,92,39,42,50,97,42,83,60,47,58,41,57,84,94,84,91,84,53,86,38,61,55,77,42,55,67,38,47,62,46,98,92,90,46,75,51,87,42,30,39,50,31,94,52,65,69,95,38,75,78,69,54,81,30,74,66,35,53,39,57,56,46,68,48,65,93,31,40,43,87,35,58,95,57,83,38,51,75,51,60,43,88,76,91
71,52,40,72,56,54,69,93,80,58,72,58,39,81,45,90,76,69,48,82,54,39,95,87,50,89,34,60,34,32,60,34,53,71,72,30,83,37,80,77,82,59,40,49,62,62,65,72,86,40,92,63,37,96,61,40,48,61,54,50,39,75,49,84,95,48,65,43,75,31,46,69,63,62,39,57,69,76,54,76,92,61,87,62,82,75,82,80,58,66
93,53,41,53,60,73,34,90,57,57,70,58,31,84,37,75,68,67,55,49,69,82,97,30,87,95,43,41,54,76,76,42,77,70,30,32,74,87,64,55,70,93,52,73,96,67,76,95,93,84,79,89,52,53,45,55,42,77,80,59,38,78,69,74,53,51,60,57,95,59,68,92,33,71,65,54,70,97,58,77,72,60,52,86,36,34,75,58,39,62
69,32,31,38,60,89,37,49,32,97,51,80,64,80,85,54,81,81,79,74,74,83,78,55,95,88,36,87,79,69,41,68,47,64,43,89,47,94,97,60,63,91,83,66,81,53,31,84,47,45,47,41,42,77,41,43,58,62,49,34,63,84,83,94,67,88,93,60,74,74,74,63,53,89,72,55,56,59,50,75,34,49,87,56,93,95,44,55,75,75
83,87,92,84,49,54,55,92,32,82,60,91,58,86,38,39,63,44,66,88,34,54,74,97,40,37,70,73,86,90,87,67,83,41,98,62,59,50,91,31,54,63,68,89,64,49,31,58,61,84,88,63,31,69,52,38,63,91,67,93,51,85,98,34,85,90,54,58,95,33,49,84,90,43,77,65,75,63,72,69,49,53,54,64,82,92,80,87,81,57
41,86,77,92,86,72,80,36,79,86,50,57,94,98,50,67,31,76,55,81,82,43,81,43,50,64,55,61,74,92,92,33,60,70,94,30,65,53,31,52,32,81,56,47,87,68,78,54,86,97,49,57,54,51,64,42,44,54,36,77,55,59,79,72,39,43,81,51,66,84,96,51,58,87,59,53,67,69,50,67,95,54,52,93,89,78,83,36,69,82
82,31,98,59,63,36,43,46,31,50,97,67,58,49,49,55,41,39,91,69,60,37,68,88,71,86,98,91,88,85,80,96,52,63,51,34,63,48,54,64,50,85,32,77,80,87,36,51,33,53,96,71,71,74,46,54,88,93,87,93,87,51,79,86,39,39,45,83,69,47,62,76,39,89,66,49,97,33,35,58,35,74,72,38,72,66,81,53,37,85
47,71,85,33,97,54,68,96,88,96,47,71,60,59,34,81,71,81,57,77,76,64,70,31,40,55,47,50,59,97,32,73,97,56,91,89,59,62,68,85,39,90,83,36,56,98,82,63,48,54,95,77,50,63,67,57,77,50,35,44,69,44,42,34,40,84,77,68,55,74,86,94,81,65,30,78,51,35,96,41,93,95,86,58,73,84,68,75,85,95
67,84,51,79,85,96,54,82,30,92,70,70,33,67,84,65,67,50,65,37,37,73,37,61,72,48,98,51,30,72,74,80,53,58,67,41,89,93,40,75,47,71,49,34,98,49,71,68,78,85,66,35,41,43,96,46,35,42,40,74,47,33,94,32,69,50,74,95,43,92,33,35,51,54,70,97,59,65,36,69,44,38,83,83,81,71,49,42,50,75
44,62,53,40,39,78,42,72,65,48,77,87,94,63,63,61,64,79,98,83,37,43,56,42,37,90,75,78,71,66,76,54,94,92,63,81,37,58,55,51,60,35,48,98,42,93,77,72,37,75,66,32,35,84,89,85,66,50,55,31,54,90,96,44,71,47,89,78,72,51,55,51,39,58,68,34,73,47,41,41,48,62,50,98,94,66,73,82,75,53
46,34,94,56,68,68,72,79,41,93,78,98,73,83,35,78,33,90,34,42,96,64,97,90,39,52,34,97,80,67,61,77,58,47,67,44,47,55,56,97,54,51,71,88,69,58,68,47,34,33,63,63,81,85,33,48,98,87,97,39,90,38,35,86,41,56,79,53,33,40,46,83,45,74,40,66,34,43,81,58,61,68,95,82,96,97,44,44,76,59
44,82,75,51,48,58,33,85,46,41,66,56,58,58,79,50,34,40,46,37,35,44,93,75,89,83,61,46,89,97,57,34,49,83,89,34,88,32,57,60,86,66,62,50,38,50,93,83,89,54,92,88,82,74,30,77,50,50,82,40,56,42,96,94,93,80,98,52,74,63,69,62,75,36,37,30,68,68,32,38,44,46,89,37,35,66,76,40,63,91
64,59,70,32,74,71,53,88,35,92,45,66,94,54,39,43,68,32,57,39,88,95,83,58,33,98,63,41,36,72,32,55,86,87,71,98,86,88,61,32,98,95,45,88,32,77,43,76,97,92,36,94,41,78,87,47,66,70,71,72,74,66,85,92,65,91,54,51,68,35,39,94,40,73,40,98,49,63,37,83,35,87,67,60,53,61,42,57,81,43
46,80,44,46,84,59,60,34,50,86,59,58,33,73,36,75,94,72,92,72,53,64,56,30,66,38,81,97,94,81,75,76,59,34,69,60,88,69,50,57,67,61,77,70,86,70,65,70,80,80,46,98,42,71,48,45,77,84,77,58,86,71,86,97,97,95,32,45,40,79,96,89,58,77,61,80,60,94,32,67,92,61,30,84,81,44,87,55,39,75
74,57,76,95,82,37,30,37,74,30,92,53,94,71,52,64,40,44,51,64,66,34,31,51,89,53,76,81,44,39,31,48,53,74,64,54,95,96,73,91,57,39,50,44,92,42,44,38,34,56,67,87,67,77,76,40,72,61,77,36,32,98,72,31,61,87,85,32,46,81,55,64,97,63,90,94,41,76,54,56,50,74,97,83,56,70,32,85,57,32
84,77,57,53,63,95,55,43,59,92,96,53,53,67,48,82,83,65,51,43,79,45,57,72,76,71,72,96,54,36,50,52,35,52,72,77,52,64,87,94,36,50,51,85,52,97,48,55,36,87,61,73,69,73,49,82,72,58,42,51,54,86,62,35,86,31,44,67,82,49,72,82,87,90,90,54,51,65,43,83,46,45,65,91,33,55,59,95,54,89
86,39,71,58,61,58,58,45,43,45,89,98,76,79,89,72,83,83,57,34,61,43,72,92,66,93,51,68,30,77,74,50,72,36,81,95,95,76,74,52,64,31,89,48,59,54,57,31,73,51,34,81,31,57,96,70,97,80,43,59,58,98,34,30,33,47,68,34,92,74,78,58,77,83,66,81,90,40,88,78,37,90,97,94,76,54,52,42,57,88
76,85,76,57,75,81,35,86,96,90,69,46,49,76,88,39,61,42,42,48,98,95,91,33,50,71,33,84,81,76,70,57,50,53,72,43,57,46,36,79,83,97,88,59,67,89,66,92,69,31,76,53,33,41,45,76,32,47,65,54,85,84,82,77,98,98,65,50,89,42,70,45,68,40,97,33,31,62,53,93,44,80,92,97,34,54,41,94,32,97
66,56,95,78,49,46,32,78,38,88,97,91,95,80,94,79,93,70,83,88,89,76,82,61,76,94,96,84,57,46,59,77,30,89,32,37,96,70,41,37,88,96,96,61,59,50,61,58,42,82,98,50,56,62,60,72,34,32,84,40,32,68,76,67,84,30,31,30,48,74,83,60,83,72,48,53,46,59,94,30,54,73,34,30,75,70,44,92,92,80
59,36,75,46,37,62,88,36,32,94,87,56,75,83,70,74,57,37,97,66,65,59,94,70,50,58,69,48,97,51,68,80,48,30,45,90,45,83,55,34,40,54,40,47,84,49,49,70,95,67,45,53,55,96,80,36,36,83,48,47,82,69,98,57,36,80,76,75,92,84,40,61,46,63,72,78,34,87,31,69,83,35,42,41,76,76,48,43,60,58
98,62,66,93,54,74,64,30,39,53,66,58,65,52,70,74,87,51,67,77,89,64,40,45,65,95,68,57,47,60,62,84,53,61,51,45,78,63,36,50,72,46,86,61,94,85,69,36,54,48,70,82,71,83,70,38,37,96,67,68,72,58,59,65,50,87,40,54,41,53,54,73,97,88,54,51,54,87,70,60,31,34,47,57,58,76,54,63,86,92
96,61,81,41,55,62,33,53,78,53,93,76,56,32,76,67,34,91,73,85,67,47,95,57,43,49,33,43,40,42,70,67,55,84,96,45,76,49,56,60,62,64,90,71,54,31,54,43,44,61,42,44,68,74,64,52,94,65,55,34,64,72,68,65,60,93,66,92,81,40,70,52,48,73,81,95,91,60,39,65,71,50,32,67,72,39,98,82,96,41
50,44,97,70,91,76,88,74,36,66,40,44,75,32,43,31,34,82,42,35,56,78,71,93,55,84,61,56,95,55,32,59,53,77,47,70,81,93,85,90,60,40,65,32,45,56,63,82,50,91,84,89,35,44,93,56,32,47,75,39,75,73,48,30,98,45,32,50,46,58,83,92,86,58,59,90,70,46,74,80,47,69,75,77,66,43,79,53,51,45
95,81,43,52,91,49,41,45,77,35,30,70,45,68,72,77,67,64,33,63,37,96,58,41,91,41,48,50,63,97,75,59,48,44,53,69,51,45,52,63,56,41,89,43,92,63,95,91,90,35,36,77,88,79,72,37,67,59,65,95,98,34,72,78,64,31,67,33,92,61,95,33,71,62,79,33,33,39,71,89,33,45,93,32,61,65,56,42,38,45
95,51,42,72,97,81,55,57,96,71,98,52,38,72,71,54,48,45,88,57,80,93,52,50,77,81,90,60,66,31,61,41,48,49,35,90,61,96,91,58,38,62,48,87,68,46,86,66,56,48,90,33,31,30,43,42,61,47,52,85,49,55,95,67,47,69,84,79,76,38,77,66,84,48,88,62,36,72,68,76,94,91,83,69,59,70,46,45,58,40
67,63,51,74,52,62,36,35,33,40,72,44,80,56,57,62,98,69,65,34,66,51,69,32,32,64,32,63,60,48,71,94,37,74,70,64,61,38,94,41,79,76,47,64,36,63,86,36,44,90,44,54,81,60,70,33,84,53,69,91,69,77,93,44,72,38,75,90,66,82,73,64,76,79,86,84,98,82,49,44,52,47,33,35,51,87,74,89,90,48
39,42,88,78,67,58,83,83,98,77,82,87,36,46,58,80,49,33,88,54,82,53,41,77,85,48,30,44,79,38,80,97,86,39,98,48,62,63,89,58,78,97,83,76,69,36,66,33,50,44,49,86,70,90,70,65,41,84,84,70,48,91,63,52,65,30,31,85,33,93,61,59,94,51,52,65,41,32,43,86,39,55,86,39,35,68,83,94,60,51
46,33,49,85,35,31,89,69,60,80,49,66,86,47,79,98,42,56,83,65,81,33,35,35,40,51,34,48,82,71,78,31,89,57,64,55,44,68,64,48,76,38,75,66,57,36,36,62,73,80,60,90,51,51,93,93,94,53,62,85,70,43,69,43,70,75,88,51,82,91,48,48,39,91,95,69,30,83,49,76,98,31,37,51,83,37,59,89,55,57
98,71,67,49,96,94,78,76,95,90,92,87,91,37,45,94,79,75,49,60,44,50,44,45,70,69,38,66,49,74,73,78,70,34,74,55,59,33,95,49,57,90,93,78,34,82,57,90,55,81,62,41,93,90,44,81,72,52,36,59,89,71,34,54,49,63,62,81,49,30,40,47,40,74,79,57,41,64,33,53,74,60,80,96,80,50,77,42,90,45
91,36,53,65,37,69,54,66,72,57,40,81,38,65,40,77,76,46,39,97,98,90,31,48,88,58,81,95,66,50,82,38,33,88,67,74,77,85,61,66,41,76,95,78,66,96,36,86,38,86,80,44,97,92,33,96,43,90,31,86,66,72,80,59,34,45,54,62,32,67,53,78,54,68,51,96,96,89,52,81,80,93,33,63,90,37,74,93,51,84
93,54,49,55,69,60,82,41,54,95,74,95,36,49,54,66,40,71,44,85,95,45,52,58,70,92,32,40,39,82,44,43,57,38,85,80,75,96,35,66,67,76,83,42,77,86,53,53,30,93,93,74,69,82,63,73,91,48,86,44,38,94,35,56,57,53,33,52,44,67,69,82,74,48,94,86,41,97,94,84,39,43,66,39,43,85,48,39,63,37
44,33,86,96,35,61,59,43,83,94,78,58,48,59,30,35,91,66,88,55,76,46,56,81,86,37,75,97,52,44,90,54,68,79,39,84,58,84,41,31,60,96,38,35,56,91,63,61,46,55,92,91,84,96,98,35,91,74,61,30,33,68,30,30,54,64,96,60,40,30,77,95,69,33,34,63,79,56,44,77,40,47,82,62,81,72,98,35,95,36
69,76,68,57,54,37,49,33,67,56,88,58,41,51,60,33,45,74,75,85,90,73,83,34,73,87,60,32,96,47,78,61,95,31,71,33,49,47,55,82,91,76,58,43,43,66,72,46,33,38,55,65,60,84,97,52,44,53,37,84,91,89,62,69,53,52,41,65,51,84,63,60,41,64,31,45,36,41,90,95,93,83,70,57,95,85,90,49,87,89
76,70,97,65,50,93,62,74,89,39,31,42,73,54,50,51,68,97,32,74,57,35,80,40,64,37,47,66,70,46,35,69,78,54,37,30,53,52,51,88,97,48,53,38,36,40,73,76,76,79,33,32,96,96,41,51,96,30,61,85,72,79,47,58,82,56,40,42,88,55,39,90,79,98,50,62,83,59,41,47,76,50,38,54,78,40,92,73,79,89
87,74,84,41,81,40,74,76,60,36,50,92,80,66,40,59,55,90,96,86,92,62,73,33,33,41,52,51,51,65,93,41,47,69,93,56,31,69,62,36,81,33,51,37,62,48,94,67,54,53,47,53,37,30,31,33,36,38,31,65,79,59,58,43,52,58,54,97,49,92,94,76,34,72,55,74,41,91,63,67,44,50,72,86,39,79,71,74,81,60
40,38,98,84,39,81,65,92,73,44,33,68,60,44,48,42,73,38,82,88,77,94,89,82,92,30,35,66,34,49,66,43,73,35,30,86,32,78,58,51,60,64,88,82,53,85,65,65,67,31,56,66,43,50,57,68,51,83,97,95,88,58,89,50,37,97,90,75,93,83,61,43,77,80,53,33,49,74,97,48,78,60,84,76,50,35,36,48,70,58
81,96,70,86,57,39,81,52,92,41,68,90,54,30,69,51,82,73,77,96,63,34,78,84,83,70,39,45,97,34,82,95,96,44,63,97,65,76,36,94,82,77,75,71,74,78,46,65,90,88,96,48,72,84,82,42,67,57,52,90,91,54,37,85,57,65,96,34,84,90,55,39,72,54,64,73,45,34,48,59,35,41,81,63,81,66,72,68,88,74
38,40,75,58,77,43,67,64,96,94,47,59,91,62,46,44,54,98,94,54,43,50,51,61,61,86,30,33,39,44,50,79,51,68,55,47,42,42,37,69,41,93,60,41,76,50,79,96,48,63,83,38,49,72,47,94,32,89,35,95,50,48,97,60,39,74,63,30,62,40,55,78,96,32,75,98,58,81,33,69,31,67,74,55,39,87,94,96,30,33
74,57,92,73,50,68,97,87,61,39,92,32,94,81,35,56,43,68,72,59,52,85,87,58,76,95,86,86,88,73,69,66,77,59,39,88,70,78,61,45,43,98,85,70,58,74,61,31,80,38,82,82,51,72,50,78,47,90,74,52,85,87,62,52,66,38,93,30,83,66,47,84,42,43,76,65,33,67,60,58,49,32,93,89,69,64,66,87,44,35
55,79,33,78,43,76,63,36,53,62,50,49,90,34,43,41,52,46,30,81,73,42,50,92,82,89,91,98,53,90,31,67,41,62,72,66,97,85,94,39,35,47,44,35,76,65,45,69,53,62,82,38,43,46,30,84,98,65,97,85,89,37,45,60,45,33,67,65,94,43,47,63,78,61,96,58,38,78,37,78,42,64,52,37,35,32,47,31,54,67
59,60,71,44,90,69,93,57,37,95,81,47,86,65,42,83,46,78,80,92,35,40,40,77,70,36,82,80,50,46,84,43,32,50,65,36,98,46,52,60,74,76,53,61,98,84,40,57,48,56,69,71,71,82,89,80,87,48,33,95,66,40,32,85,44,53,94,96,36,92,98,66,38,63,89,75,68,58,35,66,66,96,97,50,68,59,83,64,97,57
33,64,54,53,69,83,47,54,75,72,61,38,68,50,37,39,87,31,30,95,77,53,52,42,72,95,71,88,73,65,35,71,48,97,79,60,91,85,74,46,56,84,61,56,93,30,61,78,33,61,51,35,72,91,35,39,81,69,38,37,54,65,37,77,37,67,80,94,97,98,34,85,70,38,40,70,75,50,88,80,71,86,39,62,58,58,96,68,35,50
81,74,98,87,92,80,59,36,52,91,41,49,54,93,44,48,61,65,73,35,50,33,86,42,88,89,60,47,53,31,38,34,53,64,37,92,37,45,70,93,47,97,62,47,72,68,63,80,31,80,68,49,97,69,61,94,93,74,84,60,39,56,69,75,53,47,85,35,59,78,84,75,89,38,48,86,64,45,36,46,89,42,83,47,46,35,41,62,43,63
87,52,64,84,94,76,50,82,44,53,53,56,49,88,64,78,73,80,34,33,31,71,77,92,72,67,87,91,74,62,89,54,63,40,54,77,33,82,48,33,73,33,85,70,30,50,40,89,69,60,92,74,45,55,33,45,42,36,87,44,30,35,89,63,44,85,60,33,32,38,31,91,53,35,50,41,51,77,42,97,72,50,61,73,41,95,40,45,94,91
81,90,89,88,51,45,70,51,72,45,40,88,70,44,71,62,43,92,94,77,84,67,34,67,58,54,42,82,92,41,82,77,33,37,84,94,85,82,64,77,71,50,62,81,96,88,39,55,76,87,80,37,77,88,48,40,67,77,35,42,95,39,75,94,40,59,93,87,57,36,93,50,36,97,61,53,93,96,97,98,31,50,41,48,32,46,41,33,83,75
80,56,60,31,53,64,31,69,86,89,76,76,38,58,50,79,50,65,59,95,97,64,66,94,60,30,80,96,37,54,59,85,54,49,67,34,80,96,57,46,33,49,53,47,59,59,39,56,87,89,68,48,53,52,37,72,85,68,46,54,69,82,62,60,84,77,32,63,69,81,60,40,35,75,35,78,36,34,47,88,51,35,97,68,33,72,83,49,61,74
62,59,30,63,49,78,88,84,97,98,86,46,38,82,76,56,70,83,59,78,68,83,56,83,71,42,55,46,35,41,89,51,94,91,92,37,67,93,50,82,55,40,82,43,41,48,60,80,49,75,40,62,74,63,94,69,48,37,81,98,58,69,96,95,34,58,45,85,78,65,94,87,74,63,32,70,34,61,33,81,46,86,89,87,34,51,30,61,79,93
64,30,83,91,80,49,73,70,84,65,43,31,95,79,35,78,42,72,86,31,44,43,48,90,79,31,83,47,96,67,32,72,44,47,40,84,48,57,43,35,66,49,69,47,69,30,71,44,44,60,96,33,60,63,32,32,51,57,75,66,43,37,31,70,51,56,65,58,37,55,55,38,56,92,87,55,33,57,39,54,92,80,89,56,41,55,65,38,31,86
85,33,68,70,98,49,78,47,48,65,30,41,84,72,88,55,57,64,65,64,58,91,36,89,84,47,72,54,58,67,49,68,59,66,61,81,61,98,33,37,37,63,65,30,95,67,76,90,75,49,46,86,53,98,58,51,83,65,88,92,77,78,42,38,93,35,79,47,73,75,36,41,48,70,96,57,94,87,86,98,77,89,46,33,95,95,76,70,59,30
92,70,37,58,60,86,50,73,31,82,77,41,86,81,90,67,34,80,48,33,88,58,72,94,61,70,98,93,38,76,62,98,38,87,56,57,66,74,32,48,65,79,90,87,49,47,97,33,50,58,76,32,37,84,46,30,91,83,72,79,61,96,50,71,41,73,70,45,65,30,68,67,31,59,37,61,89,71,47,51,85,69,57,63,90,98,34,42,71,97
44,71,42,65,87,61,41,43,88,52,82,88,41,82,33,57,73,51,48,53,48,47,96,33,92,79,80,94,80,32,52,44,94,46,59,73,48,89,52,87,57,86,46,66,67,69,35,34,88,83,62,87,50,39,97,64,36,42,98,79,87,85,84,86,60,31,53,55,78,94,83,77,68,43,71,58,96,73,49,48,37,44,46,67,78,47,32,49,37,67
71,42,30,37,32,66,62,32,65,43,49,34,76,81,53,37,51,97,45,33,33,94,80,55,46,73,96,52,45,73,56,38,32,74,59,37,43,60,50,54,95,58,61,76,85,91,87,66,62,65,68,94,77,52,87,72,65,77,34,63,89,55,69,67,80,51,87,86,91,82,57,73,65,47,95,59,83,56,79,46,79,56,57,68,87,69,48,50,39,96
88,40,57,41,66,32,74,35,86,52,84,59,70,56,52,43,61,85,91,75,91,41,41,41,49,67,68,79,47,37,47,95,82,64,49,58,56,77,46,49,66,87,89,51,87,85,92,55,53,31,81,67,98,42,94,50,61,41,49,41,31,70,46,50,86,65,97,66,80,86,84,88,69,34,72,88,30,75,61,51,69,52,81,33,95,54,79,35,91,49
94,48,88,89,42,33,56,74,55,74,68,53,83,95,53,79,82,60,96,61,62,77,47,96,63,82,74,44,60,44,89,51,82,85,75,30,66,50,66,62,95,95,84,36,53,45,56,59,69,76,71,66,92,30,32,92,48,72,40,56,38,48,63,33,67,98,81,81,92,82,65,79,39,52,59,74,94,78,34,46,95,64,41,49,30,45,75,33,41,45
31,64,44,78,97,52,43,66,95,98,78,78,98,60,60,53,66,84,97,81,47,87,57,92,37,74,79,93,94,91,33,37,87,62,75,84,35,72,43,96,76,43,63,60,44,44,67,33,66,89,77,46,44,92,52,56,47,65,92,59,33,33,58,92,74,66,62,74,65,92,96,54,47,97,70,57,83,74,80,71,94,80,83,86,68,46,75,82,38,71
67,60,91,34,32,92,72,31,83,97,42,67,38,38,84,71,56,73,73,64,59,43,91,85,73,58,83,62,73,92,93,54,87,46,79,70,85,52,76,74,87,51,66,44,34,58,53,34,81,94,78,58,32,95,96,72,87,47,64,81,67,32,34,50,56,50,48,50,75,81,96,77,86,76,64,82,83,46,33,55,36,96,60,36,96,69,47,51,86,31
61,61,34,83,35,39,65,87,42,52,31,86,30,48,44,94,54,51,77,83,68,74,66,45,60,59,76,76,78,39,30,63,30,80,94,80,94,84,75,77,48,61,33,58,56,38,37,59,72,91,93,35,61,46,42,54,72,34,37,60,57,60,49,61,49,97,60,79,76,95,33,95,53,87,30,39,91,83,92,71,67,54,74,82,90,76,63,84,64,68
54,95,37,81,60,95,33,36,66,90,68,43,47,44,59,94,50,68,88,85,51,73,53,54,50,68,37,89,36,95,31,38,37,62,75,67,67,53,92,58,81,76,44,72,96,80,49,81,64,40,82,58,84,43,75,44,44,31,82,65,67,64,91,34,41,87,69,71,81,82,65,92,61,30,54,35,50,75,72,65,93,92,33,69,42,96,35,39,60,38
53,60,95,38,76,88,85,93,79,58,89,91,88,41,36,39,44,52,93,80,81,74,40,70,89,50,91,89,96,75,59,86,88,70,93,73,79,96,78,57,35,77,81,60,54,38,62,88,63,64,51,89,52,95,66,69,76,56,86,84,43,62,50,86,64,98,61,64,54,65,36,86,76,97,47,61,91,72,84,58,36,34,48,91,77,80,43,43,41,55
71,32,88,60,98,88,75,82,39,92,90,70,51,31,92,86,82,53,97,92,37,40,59,42,51,68,49,69,45,33,51,94,53,86,38,53,71,96,31,61,68,34,49,89,89,60,82,87,72,30,96,31,32,36,89,60,39,65,98,71,81,35,98,76,35,91,34,38,88,84,82,58,61,78,95,80,41,80,66,35,66,65,59,74,81,71,53,65,95,44
56,82,73,95,87,81,33,49,49,49,51,44,54,44,95,94,48,42,37,84,51,83,47,39,49,32,48,84,44,74,97,42,64,96,90,35,78,49,84,90,80,81,63,41,83,65,59,47,45,90,50,41,96,34,68,46,41,58,66,89,57,87,83,35,76,34,37,37,48,50,31,33,80,63,98,30,46,58,32,81,58,50,96,68,84,64,53,75,83,69
64,32,57,47,43,44,55,44,97,51,84,87,98,43,81,83,93,95,91,31,46,48,59,54,83,66,96,59,43,79,55,86,70,37,87,32,31,49,93,71,62,47,71,75,57,49,89,87,86,96,44,69,64,79,94,62,43,68,61,86,39,56,76,61,60,53,65,82,94,43,75,46,53,38,62,77,65,89,70,78,71,77,61,74,83,72,70,71,92,36
61,39,81,97,59,71,97,69,74,86,42,82,70,72,34,39,58,88,95,70,46,63,74,51,81,43,92,93,46,85,40,86,43,34,79,59,52,52,35,58,35,90,96,75,88,81,86,59,87,53,96,95,92,87,73,45,47,71,60,83,47,63,96,90,62,88,51,86,83,44,71,38,43,78,84,95,74,90,51,81,92,46,56,53,31,76,48,77,58,64
51,71,31,84,42,91,46,52,61,76,78,36,98,52,33,77,54,38,50,38,95,38,72,66,89,45,87,43,46,47,37,91,41,93,88,78,77,75,60,68,38,41,54,43,48,58,98,76,95,45,81,54,33,73,96,60,50,43,58,77,37,69,61,92,58,37,44,85,68,34,88,83,82,48,84,32,53,66,92,53,90,46,79,44,62,69,56,71,87,92
95,97,43,44,92,49,56,40,78,87,66,57,98,37,50,46,30,82,38,43,95,41,81,93,91,39,78,52,55,83,90,42,61,86,64,89,71,35,92,47,63,85,62,41,34,73,40,83,56,64,47,69,80,47,97,53,72,48,79,58,56,96,52,49,34,62,78,70,92,82,32,42,63,77,87,62,33,55,67,76,32,56,71,47,47,92,74,97,59,63
30,47,76,87,67,68,57,77,32,88,73,31,95,32,64,42,49,45,67,55,49,76,94,71,57,44,53,79,75,79,34,56,83,60,87,35,83,51,44,42,49,59,81,86,84,42,69,98,80,30,30,57,81,79,44,61,54,95,30,64,50,37,56,42,34,67,55,60,48,72,89,87,77,58,44,50,45,58,93,70,33,84,39,83,81,39,85,46,92,92
57,63,53,48,51,84,59,32,80,48,66,75,90,50,70,68,38,59,83,76,69,81,53,73,90,70,69,71,74,68,58,62,92,67,95,75,36,89,81,34,34,75,68,66,85,53,34,36,50,53,72,96,88,35,34,96,47,62,78,42,45,59,79,55,37,90,54,74,54,57,87,87,82,79,32,73,66,40,97,79,87,51,40,61,76,85,40,98,30,31
37,49,56,69,66,47,65,35,55,30,66,55,91,56,39,46,45,97,47,58,54,72,45,41,80,73,56,54,57,30,44,54,59,69,82,82,34,38,30,82,32,59,87,78,80,66,47,37,84,90,38,37,60,92,32,96,33,95,64,36,44,50,42,97,70,61,34,49,52,81,32,72,47,32,64,33,52,88,41,48,36,51,92,44,94,85,57,73,48,52
57,88,47,75,78,69,76,95,95,43,61,92,80,31,32,87,71,39,46,73,82,69,63,44,94,97,74,71,93,31,41,55,44,30,75,41,85,65,81,79,66,77,77,81,42,50,44,58,98,40,79,61,90,41,32,55,48,94,44,97,53,70,92,60,40,38,70,50,46,62,61,54,69,37,56,66,43,38,34,96,31,86,91,72,33,70,37,65,65,85
34,89,47,88,74,65,44,96,68,93,54,44,84,93,48,63,85,97,42,43,33,36,69,96,64,50,66,55,50,32,47,36,44,58,92,45,42,61,83,83,57,41,92,66,41,34,62,83,73,49,54,67,41,81,73,76,68,49,83,90,50,56,81,52,36,35,66,66,64,80,61,59,63,93,91,96,43,30,51,84,31,39,71,47,92,94,46,72,39,44
39,86,76,82,57,89,37,66,62,92,79,69,49,97,47,30,80,41,43,91,58,81,48,43,30,31,39,96,68,79,72,63,32,74,54,45,83,90,51,82,93,82,94,76,73,34,66,95,82,55,46,36,38,48,77,89,60,38,49,81,55,63,74,40,91,85,68,71,41,71,76,30,62,74,49,70,85,48,30,60,83,86,77,44,55,83,50,62,71,62
69,40,90,66,90,73,44,44,45,95,82,96,39,77,37,89,94,83,34,48,59,74,72,48,52,94,33,86,89,43,71,51,98,95,49,83,67,73,96,32,34,97,88,32,42,31,46,72,46,44,81,40,64,93,42,66,44,80,91,98,75,78,71,35,38,91,58,74,65,69,91,81,45,93,72,41,42,83,58,84,40,59,59,71,55,65,91,59,31,76
73,54,98,83,93,48,52,49,52,87,73,35,69,74,92,91,35,42,54,56,83,78,39,72,36,55,38,96,44,73,59,36,68,42,77,94,36,46,40,60,34,59,77,76,52,34,52,76,74,82,75,41,32,44,53,84,33,39,59,70,84,89,42,98,69,57,68,35,88,92,42,60,90,34,79,90,51,75,58,96,76,60,66,45,61,95,36,67,49,35
58,55,75,46,84,92,69,88,67,81,40,35,63,73,57,37,42,66,84,65,56,96,89,41,80,55,93,83,82,85,44,95,78,40,87,95,52,75,78,56,81,33,94,64,86,44,87,56,83,95,85,35,50,86,75,64,76,86,90,46,31,39,31,55,41,69,90,46,47,54,76,90,73,54,35,39,60,61,49,70,57,57,92,84,83,34,82,82,50,39
45,70,35,47,62,49,46,41,58,51,87,86,42,98,66,50,67,34,43,87,65,73,79,40,68,87,53,60,58,80,65,52,51,67,39,88,60,83,51,40,69,39,91,54,83,40,92,41,65,62,31,73,32,73,83,35,45,86,52,87,86,82,41,62,89,61,42,64,39,46,33,63,48,47,73,46,63,31,54,89,34,63,60,61,45,82,70,36,44,50
68,86,52,52,97,45,43,68,93,88,53,40,75,69,35,90,92,68,88,50,46,74,89,93,45,53,45,53,56,96,50,67,54,61,46,49,30,43,52,95,95,59,43,92,43,98,68,55,37,30,59,98,61,88,39,38,42,83,40,84,52,78,97,61,97,84,87,58,48,41,87,72,37,45,47,35,75,64,65,59,57,67,32,36,76,50,31,33,74,58
52,88,35,97,63,90,95,60,73,43,45,83,68,94,66,37,39,60,84,49,65,93,71,73,31,58,96,69,69,81,48,81,62,92,90,60,62,32,62,60,97,39,80,47,65,96,47,63,87,46,68,59,53,51,91,78,86,56,92,61,36,84,92,49,31,46,31,74,87,34,30,49,81,74,68,85,76,96,93,79,43,93,98,97,71,65,56,36,36,79
31,66,57,40,71,38,52,98,81,85,87,88,83,43,60,51,85,49,93,38,58,53,95,85,68,78,65,65,97,34,36,56,90,40,32,94,81,70,70,78,60,34,38,93,89,87,47,34,36,35,81,83,44,31,37,97,47,89,97,75,52,91,91,61,62,35,81,64,41,44,41,58,46,48,90,77,36,45,85,81,95,40,45,92,68,58,90,50,50,94
50,36,85,77,36,50,44,62,30,57,80,73,93,47,64,96,92,59,53,86,84,61,62,80,63,50,83,37,50,70,85,48,66,93,70,34,33,46,38,44,71,70,61,81,56,66,75,62,61,70,59,65,41,90,40,71,38,92,35,69,47,56,77,54,62,45,70,48,30,78,61,66,44,92,67,91,96,42,39,35,53,93,42,56,49,95,58,91,63,79
90,65,69,86,31,92,50,82,98,48,50,74,58,93,77,70,71,56,66,64,66,95,45,47,78,65,98,33,74,65,70,41,37,54,84,41,93,39,68,78,93,48,33,80,91,97,90,97,31,79,53,59,54,46,37,38,34,92,43,72,97,52,84,31,78,48,83,58,51,33,45,35,57,79,93,54,86,85,75,79,57,66,68,66,36,34,47,84,30,50
40,70,51,67,38,67,91,55,96,30,60,43,55,93,98,73,36,76,71,46,53,34,69,47,70,61,54,93,43,74,95,81,54,61,30,81,70,40,38,36,72,76,50,80,66,48,47,46,78,60,38,52,70,48,71,90,61,90,36,92,64,34,77,88,32,87,44,47,59,49,83,59,90,57,75,32,53,45,44,53,68,55,66,57,50,69,61,36,44,55
76,52,43,56,94,34,93,65,68,74,72,93,82,95,79,53,93,53,45,47,30,85,37,41,93,72,38,35,88,98,68,73,64,72,33,39,79,78,83,41,89,88,43,81,73,94,70,47,68,98,81,70,74,50,44,73,48,77,32,85,82,50,76,42,40,71,38,61,44,55,45,62,51,44,36,80,64,60,38,70,80,31,48,70,68,77,78,83,64,82
31,98,78,58,37,83,39,88,69,75,40,34,43,62,54,74,30,90,63,36,71,53,87,98,91,41,54,47,83,75,90,50,32,36,40,62,88,73,36,77,49,54,87,37,51,68,40,64,80,60,78,82,81,30,67,86,98,54,70,56,34,36,48,64,71,30,52,73,95,88,80,73,95,83,56,74,59,79,64,83,46,41,74,51,55,51,61,31,32,39
94,37,94,64,45,40,74,43,49,47,98,97,35,92,67,33,30,62,58,30,77,59,30,38,62,80,30,95,60,41,92,97,44,73,87,58,79,68,71,84,64,41,71,62,57,55,57,48,76,68,59,98,84,55,77,86,79,31,83,34,98,85,34,56,58,96,51,83,52,51,35,44,91,89,79,53,55,81,93,53,51,87,84,94,42,46,81,69,51,88
79,86,37,66,89,45,33,66,43,75,82,92,58,88,43,63,55,56,92,39,66,55,65,42,81,51,32,65,81,90,53,45,72,37,80,57,63,84,70,62,30,47,37,75,84,50,71,36,80,79,72,79,55,74,63,32,62,89,31,41,62,30,71,48,76,78,62,55,91,73,83,39,65,91,55,37,79,80,89,40,93,97,89,82,92,64,68,72,57,70
82,93,36,69,94,85,74,95,47,64,30,71,65,48,37,82,30,83,78,72,86,98,31,43,41,41,84,62,83,98,81,51,42,84,35,54,81,46,84,49,75,65,34,73,67,86,92,52,80,93,69,88,80,60,91,73,81,83,91,42,58,48,41,71,82,43,96,73,49,90,34,34,71,34,98,30,62,78,30,31,30,81,84,88,65,38,37,59,32,96
90,38,46,79,48,80,46,35,70,46,65,73,79,31,40,89,32,60,35,68,52,65,39,94,81,39,37,95,73,89,89,69,60,94,66,70,88,57,38,39,79,78,30,46,53,61,32,91,94,45,42,34,45,40,77,72,72,51,80,63,43,54,88,32,80,70,77,75,92,74,64,72,34,67,43,93,48,93,79,53,57,74,75,78,62,75,66,96,35,58
42,77,64,71,60,82,44,96,72,39,82,32,57,94,90,32,76,73,59,92,73,38,59,59,70,64,31,35,88,66,77,88,66,36,34,38,57,58,58,74,78,43,34,31,88,60,35,32,44,90,36,76,42,63,55,87,73,75,49,60,67,75,84,86,78,33,49,32,94,59,33,89,74,51,63,96,56,43,88,87,41,88,32,95,53,55,84,81,68,57
73,65,53,76,35,93,94,74,88,78,68,41,86,59,33,34,31,51,84,71,90,58,41,58,64,36,70,74,54,40,77,56,46,45,59,69,84,56,65,75,92,32,67,44,92,30,85,89,51,49,64,33,98,68,46,97,39,60,74,49,79,32,63,75,57,73,70,42,68,64,53,93,78,39,57,90,51,73,37,43,72,62,85,95,85,77,67,42,60,70
94,95,75,46,98,66,67,46,84,77,64,67,62,59,49,33,82,83,77,70,72,30,38,58,60,54,70,59,89,67,35,87,98,93,54,78,86,62,61,88,63,48,52,30,44,83,35,53,58,52,90,90,55,94,96,87,77,67,66,35,51,49,56,60,64,67,95,83,33,59,69,37,42,87,45,65,43,30,43,91,74,43,84,72,88,61,97,91,89,35
66,40,41,82,50,95,55,89,44,74,71,78,42,45,63,30,92,88,70,67,70,89,81,46,93,50,69,56,55,60,94,88,47,45,46,38,50,74,62,59,89,50,84,62,69,67,86,43,44,98,86,80,43,89,54,83,92,59,70,51,34,30,42,69,70,50,95,49,83,30,58,43,93,67,36,73,76,92,70,47,35,76,30,90,58,76,63,48,48,31
86,45,47,83,84,72,45,34,58,54,68,75,94,62,55,43,83,94,39,90,57,78,84,97,81,82,77,85,85,78,66,84,52,30,95,53,79,75,84,50,85,81,80,54,75,31,82,79,31,40,84,54,94,92,31,95,53,48,86,79,49,84,47,30,58,81,63,46,68,87,58,48,76,52,84,75,64,96,70,32,70,93,55,87,93,92,37,47,56,85
40,74,37,86,79,88,54,64,70,52,67,97,38,85,79,68,84,39,53,78,85,77,98,56,73,44,40,94,43,66,90,60,47,47,43,71,43,35,36,98,70,84,93,80,83,37,86,34,93,47,45,73,88,41,57,46,50,64,40,58,95,58,62,77,62,73,71,55,47,70,75,38,78,66,36,87,30,37,56,30,37,40,46,66,35,42,97,44,44,78
86,80,60,71,78,72,90,68,37,45,50,81,89,51,66,94,59,73,41,32,40,59,54,61,95,61,72,42,96,76,98,55,70,82,73,92,61,80,66,69,41,45,57,72,75,72,69,49,77,78,95,86,53,82,83,38,43,35,37,60,69,46,75,57,34,52,48,66,56,49,46,85,50,95,47,72,86,33,70,39,80,69,70,53,67,96,69,72,45,72
70,66,40,72,89,78,55,44,84,73,47,31,76,82,66,89,97,75,70,53,34,51,66,84,60,63,57,67,80,55,70,57,61,77,71,70,69,69,63,82,91,34,61,40,79,43,83,79,76,74,31,45,54,70,84,38,85,62,46,59,47,96,78,69,79,47,94,58,97,42,44,38,85,87,88,70,54,76,41,74,59,60,81,53,70,49,42,51,47,83
68,35,76,94,43,63,93,62,39,59,96,75,48,93,75,87,45,81,77,58,39,47,57,77,55,93,64,93,93,43,91,67,43,94,41,90,72,53,47,33,65,71,57,37,53,66,69,32,78,59,65,59,35,59,84,53,46,95,83,64,83,54,36,76,70,71,83,31,64,54,86,96,56,68,40,51,85,67,35,47,94,49,64,66,56,72,73,88,45,38
48,37,98,35,83,39,74,53,67,88,68,58,78,92,35,55,30,68,64,48,31,32,78,66,68,43,97,68,41,66,47,59,98,95,36,32,45,70,62,68,80,58,35,78,90,70,64,36,32,98,93,50,59,41,47,72,86,52,75,69,85,94,42,43,61,42,75,40,62,34,35,88,83,92,69,31,68,65,54,86,66,51,62,92,87,79,93,81,55,37
59,98,84,80,47,59,62,87,68,37,45,42,45,32,63,60,81,60,94,52,95,93,32,37,74,98,95,92,41,34,30,92,80,54,84,70,38,82,77,40,88,55,44,36,43,84,73,72,81,87,68,51,83,67,74,60,86,83,35,86,58,51,55,79,52,57,40,98,80,52,77,53,46,88,86,65,56,45,65,80,85,91,88,42,93,49,73,32,30,79
56,51,31,52,89,62,30,60,40,32,40,37,90,79,69,57,35,31,37,83,37,82,34,60,30,62,95,77,45,84,36,81,59,83,52,41,82,59,69,48,87,44,35,51,45,96,70,97,48,51,82,43,48,53,80,48,38,94,97,70,83,78,35,98,45,63,56,93,35,85,78,97,85,46,76,95,96,49,55,61,95,82,72,88,71,45,87,36,47,97
97,60,70,81,31,59,45,31,52,98,61,93,35,48,94,39,44,34,67,53,61,46,62,34,73,88,78,87,92,58,96,42,58,96,40,60,93,47,83,75,89,52,60,73,43,50,68,42,77,40,86,67,56,43,31,36,42,42,67,54,63,90,44,53,69,69,62,44,39,74,61,84,71,35,87,81,31,58,39,68,88,39,63,63,49,81,69,54,82,54
65,52,97,65,93,30,38,35,35,41,72,89,35,49,38,49,90,82,61,92,63,80,72,56,62,78,92,61,85,54,87,32,43,52,39,53,50,97,73,76,34,47,59,63,95,49,98,58,76,93,62,65,77,74,41,53,92,50,74,59,87,87,74,59,32,54,86,33,42,56,54,55,96,92,36,76,37,70,88,92,77,40,54,34,49,91,80,53,87,61
94,77,63,63,56,33,83,62,50,81,49,77,40,61,84,82,47,48,86,78,87,51,36,91,72,48,59,92,97,65,47,39,37,32,87,85,34,74,32,45,46,75,87,80,83,46,73,57,65,94,76,39,60,47,86,58,94,52,60,60,31,81,72,88,69,60,86,86,40,63,69,81,69,65,73,83,57,93,98,45,67,46,58,41,46,44,90,57,67,40
81,78,66,40,62,90,52,49,80,35,33,31,62,40,45,86,76,91,93,31,63,65,86,89,62,82,54,58,53,78,31,53,91,92,60,55,39,63,45,79,82,73,71,64,37,66,41,56,41,72,51,44,79,61,86,58,90,61,30,43,66,63,69,35,79,72,48,95,67,71,94,43,84,91,76,50,76,43,73,31,40,98,65,91,44,67,85,77,60,94
55,61,82,53,96,41,95,69,33,34,89,88,47,92,38,88,85,41,76,53,34,32,80,81,30,68,76,93,48,43,71,42,51,62,33,47,88,86,30,93,85,72,70,36,77,80,38,54,53,63,61,81,83,47,57,74,68,78,41,48,31,94,33,45,58,95,91,45,94,72,70,87,39,66,83,40,30,54,47,41,76,47,66,34,69,40,50,86,63,81
53,75,98,95,95,75,78,85,73,30,91,76,93,89,49,98,98,98,67,60,95,55,30,63,92,91,94,69,85,93,71,74,52,55,82,70,87,89,69,56,53,68,39,50,33,33,50,37,32,64,90,79,55,36,34,36,33,56,65,84,94,73,68,74,47,49,89,53,95,50,82,83,35,87,78,52,95,86,45,47,45,42,74,83,75,41,92,67,87,98
78,54,64,34,52,80,79,95,31,95,58,49,74,63,39,37,46,44,43,88,31,41,88,92,83,40,90,74,94,41,47,66,55,39,40,60,61,77,57,55,73,74,53,88,86,31,47,93,86,58,81,69,81,37,77,91,55,90,55,60,83,78,65,40,64,80,30,75,65,36,49,76,65,58,71,97,68,58,68,62,40,75,60,30,43,36,85,72,73,74
95,80,90,85,35,72,95,74,69,32,60,66,76,31,69,73,40,61,70,63,53,52,53,62,66,65,45,91,69,71,96,63,95,90,49,46,96,43,40,46,61,95,63,57,63,95,71,51,31,34,44,51,70,92,81,79,72,43,43,92,77,33,64,98,69,90,90,93,82,30,82,44,76,63,30,32,42,80,73,51,72,67,47,36,42,62,92,86,86,52
70,31,98,95,53,50,45,73,95,67,31,51,46,50,48,64,48,49,95,33,65,89,30,52,45,68,77,85,47,44,95,69,76,60,84,66,75,91,68,51,80,86,53,41,96,76,86,92,75,95,90,95,74,43,81,89,52,46,34,71,63,93,38,57,97,77,85,60,38,68,68,84,81,38,70,73,93,90,81,84,95,57,51,98,50,69,32,72,86,97
93,45,68,79,92,34,52,46,72,68,92,65,96,51,74,37,81,98,36,56,91,70,77,93,57,92,30,40,70,39,66,33,84,30,49,30,44,93,93,83,35,75,74,71,33,82,45,49,78,84,30,51,40,65,34,72,74,93,59,68,32,79,72,81,55,39,95,43,47,83,53,95,31,57,66,35,94,62,89,84,93,68,98,79,43,71,85,86,72,96
92,35,71,64,41,84,32,81,48,90,86,65,56,65,53,62,33,81,54,62,45,81,55,68,50,33,45,89,69,57,52,96,75,41,67,41,95,93,42,72,92,74,75,97,62,83,54,93,77,59,62,65,82,55,62,71,42,88,86,91,40,92,54,95,97,94,40,64,40,63,55,95,84,63,45,51,73,82,70,84,61,56,30,52,59,82,57,54,32,37
34,66,49,45,67,65,46,71,56,96,46,33,62,79,69,45,77,89,84,52,52,70,57,71,80,41,71,75,32,91,87,78,90,60,34,94,64,75,31,95,82,47,78,31,43,87,32,97,42,62,45,44,39,78,95,82,97,70,35,63,96,91,35,79,95,94,31,34,49,30,70,79,39,63,38,98,34,69,56,72,85,49,63,69,32,65,42,90,42,51
68,74,45,89,90,46,95,75,73,75,49,73,65,60,73,32,88,89,90,83,85,63,91,62,79,65,70,84,85,65,55,83,69,56,32,89,45,84,95,51,97,73,87,51,90,79,77,88,50,37,35,41,40,44,71,71,46,31,94,96,49,61,32,90,97,74,37,34,73,85,58,50,82,59,66,74,81,58,41,80,72,85,64,43,74,81,41,74,95,31
35,44,79,67,71,65,67,96,32,37,53,60,89,32,86,49,84,59,45,40,44,45,54,63,34,31,98,35,90,90,92,73,36,86,44,39,97,88,75,73,53,58,77,95,93,39,45,46,79,42,78,44,86,83,67,59,88,35,84,80,97,73,57,75,68,34,96,48,90,84,45,83,69,95,53,53,47,53,35,57,38,68,52,64,64,34,48,30,46,38
64,45,30,98,93,83,85,77,61,44,77,74,34,65,89,30,83,39,36,92,61,59,95,92,71,64,65,78,33,39,72,93,68,74,36,48,56,82,77,96,72,86,62,91,38,36,54,44,61,90,93,76,31,67,54,44,87,89,67,50,76,43,95,78,42,33,85,62,73,53,70,43,71,31,70,41,81,93,82,97,90,71,37,84,85,49,57,35,37,57
83,50,69,39,55,78,32,56,97,49,33,58,36,46,81,51,30,75,53,58,31,94,85,79,88,41,56,79,94,88,56,63,91,59,68,89,38,92,50,51,32,49,56,55,82,89,88,91,31,48,32,57,44,59,86,78,32,79,82,59,72,63,67,43,44,49,38,80,95,98,50,65,72,82,33,68,89,68,38,65,47,55,48,63,71,66,96,77,71,97
82,58,71,42,34,61,95,76,66,57,93,93,68,73,82,38,77,40,97,41,98,65,73,56,84,45,59,88,87,97,60,68,37,44,48,34,47,86,38,68,75,43,59,76,44,76,73,94,61,72,80,70,72,33,52,61,37,82,31,37,61,65,67,68,73,81,46,48,58,89,41,60,75,57,84,95,69,31,80,35,54,82,76,67,56,57,38,71,91,94
54,83,58,81,36,43,72,30,82,42,50,57,75,34,60,54,58,49,59,30,91,42,87,69,54,52,76,38,70,39,59,53,62,55,44,64,60,77,78,33,98,35,48,66,61,64,65,75,68,67,74,32,73,68,80,90,91,56,46,97,57,36,61,69,73,57,39,36,47,70,93,56,62,85,67,48,41,51,63,32,82,40,85,61,81,89,82,40,61,77
92,66,68,38,88,47,69,35,90,32,30,58,58,79,30,30,33,82,34,48,72,48,77,54,77,62,65,61,32,56,78,96,58,41,78,79,55,59,49,77,35,71,87,69,38,90,87,85,66,72,97,49,80,71,69,83,86,96,52,58,43,66,71,60,44,46,82,75,45,75,33,67,75,97,43,46,83,31,49,44,49,50,72,53,86,82,39,84,70,33
52,39,52,57,98,35,55,62,76,68,32,71,97,95,70,57,49,56,90,39,98,85,32,59,90,86,90,68,63,33,49,71,95,60,76,79,85,62,91,55,43,78,75,85,50,74,55,53,63,86,58,43,90,39,76,30,45,92,91,58,59,59,66,87,90,49,70,92,70,78,49,82,69,61,75,34,91,95,96,37,52,82,84,64,36,75,97,68,38,89
67,35,42,97,48,70,82,85,69,85,81,81,54,46,72,60,76,96,86,40,81,91,59,30,80,94,84,54,44,55,79,57,68,30,67,48,67,32,87,97,60,36,59,39,52,49,48,88,93,57,57,78,79,40,39,70,82,62,77,85,36,45,37,57,39,56,45,49,81,63,50,62,33,57,67,37,83,44,91,62,32,85,66,82,62,47,83,62,60,69
30,97,92,32,60,88,40,59,42,51,69,54,71,30,85,47,92,68,92,35,33,61,70,94,91,60,55,48,96,41,93,71,88,81,76,41,62,53,54,47,71,37,88,39,54,69,76,36,52,76,72,56,70,60,35,98,56,59,50,66,73,89,54,64,85,30,60,33,83,88,98,69,78,72,66,95,38,86,39,80,68,34,87,52,57,80,54,88,54,88
75,63,54,57,42,68,53,35,37,93,87,95,53,94,78,39,35,76,66,94,83,39,46,36,43,80,91,47,56,37,79,66,41,35,63,46,38,81,66,96,94,54,33,57,92,82,65,32,92,74,30,55,67,91,38,78,36,74,86,70,67,81,98,96,34,54,85,43,80,58,73,81,52,63,90,98,58,93,68,60,43,54,70,98,61,41,33,52,70,46
62,83,96,54,63,81,66,87,92,52,60,81,92,55,48,83,82,83,48,76,52,83,52,93,77,90,31,51,75,42,92,34,36,54,78,69,97,60,47,60,39,31,69,68,33,48,63,94,70,37,37,76,51,41,67,97,82,82,64,90,71,65,60,92,96,90,80,63,72,70,30,84,35,69,42,85,64,85,69,90,63,95,97,54,67,97,50,66,96,37
58,36,43,72,79,33,37,89,77,96,53,95,83,38,90,59,88,73,48,41,90,46,47,53,50,57,88,33,44,91,37,44,32,37,60,69,44,41,59,31,87,62,65,61,85,58,30,63,83,73,65,55,89,97,31,41,80,67,34,67,83,68,48,98,55,83,62,94,50,94,33,90,36,60,47,70,79,98,67,58,81,49,90,76,49,37,46,32,95,70
48,81,93,58,72,35,83,68,94,53,49,45,35,62,91,81,84,88,76,73,90,92,65,46,52,43,76,52,77,64,48,56,98,83,75,45,63,77,61,78,77,49,33,92,93,81,50,58,54,40,84,33,63,37,93,88,73,57,68,55,75,51,40,94,79,74,72,58,74,96,72,57,84,71,64,72,55,80,68,55,98,66,77,33,37,51,88,44,57,65
63,60,53,66,48,96,91,36,42,84,97,77,76,89,47,59,70,56,39,50,52,40,83,98,73,61,59,91,51,48,35,37,95,59,56,32,96,36,96,36,64,59,89,87,70,56,76,76,91,59,95,90,36,98,79,53,86,73,52,98,54,51,45,93,42,46,87,84,50,61,96,30,47,80,73,91,76,68,46,75,86,37,46,94,40,36,88,65,66,49
92,47,80,56,93,50,31,76,63,86,38,41,51,41,46,94,64,73,49,43,39,50,56,45,55,30,95,68,32,70,80,62,41,37,38,95,30,52,70,35,88,81,76,83,79,39,91,72,50,48,72,88,35,50,72,90,78,42,45,90,51,36,74,69,40,54,38,56,35,68,78,66,42,94,68,56,69,93,96,42,51,86,70,34,60,30,44,61,59,91
61,36,75,52,76,83,67,64,33,65,83,74,64,98,37,88,98,46,32,54,45,30,74,45,67,50,47,88,91,49,48,46,91,78,84,92,50,83,57,36,43,89,97,67,65,68,38,66,95,79,42,53,54,39,36,82,68,98,89,38,43,52,35,75,30,55,98,35,90,69,70,32,40,78,87,43,76,60,44,38,75,92,53,75,36,67,45,37,57,30
81,62,85,77,93,54,62,36,50,34,91,60,78,41,85,89,64,88,44,78,47,48,79,54,97,51,78,98,91,70,93,93,37,33,33,45,91,96,71,70,63,81,40,69,38,51,44,58,62,57,52,56,73,31,70,56,65,48,46,64,32,39,48,42,87,47,31,93,55,85,87,86,71,88,73,59,67,92,58,63,91,45,31,43,62,65,96,74,83,60
71,54,35,92,30,68,63,37,94,86,33,39,36,47,82,63,84,42,77,32,82,93,66,60,40,36,84,63,46,90,84,95,83,78,44,88,52,44,32,55,76,80,95,64,89,53,47,31,71,43,90,30,33,54,67,46,60,60,97,59,40,95,55,71,52,98,33,66,72,55,74,61,45,74,75,63,64,79,71,41,84,58,86,53,33,71,78,54,82,30
75,61,58,36,78,97,62,83,72,94,91,58,93,69,73,57,50,66,40,35,62,65,59,95,94,83,79,69,47,31,67,56,58,48,93,77,57,66,44,42,39,61,74,81,49,63,49,91,61,53,87,68,50,36,89,34,71,74,61,73,83,90,32,36,81,66,77,97,45,54,61,83,31,89,53,73,89,55,55,43,41,33,59,30,55,96,71,92,67,34
79,57,38,51,73,71,69,42,90,39,73,80,44,92,82,58,36,46,93,60,61,42,71,97,94,74,89,62,35,87,41,94,47,41,85,73,90,53,86,89,59,88,52,89,59,68,72,75,83,53,42,79,58,45,51,42,48,97,43,70,59,74,61,82,79,67,76,42,70,37,32,63,76,34,43,59,32,60,40,87,83,64,75,36,30,71,88,30,92,36
42,61,58,38,39,41,65,69,82,69,74,87,52,52,90,55,68,65,41,84,57,43,44,33,50,60,56,87,39,87,73,71,60,37,79,90,78,88,75,90,97,32,69,74,93,75,87,84,31,50,71,32,81,65,30,73,87,47,64,83,92,52,33,53,78,40,54,32,75,96,36,92,74,77,37,81,76,34,77,83,47,72,64,69,51,58,72,32,66,86
61,79,30,59,70,66,40,84,47,81,70,36,34,94,53,91,95,31,38,84,30,73,52,85,49,81,47,50,59,97,62,59,57,97,49,86,62,60,36,73,92,97,42,80,35,88,84,72,89,56,51,84,87,67,51,38,39,90,46,83,94,78,58,59,95,46,66,35,41,40,96,65,61,45,58,40,61,32,69,85,82,98,61,80,53,66,97,50,40,92
37,47,79,47,65,98,61,94,95,72,90,58,76,46,60,83,78,66,93,86,92,43,86,92,58,50,85,76,32,45,67,69,75,67,91,94,95,45,93,75,82,91,48,55,81,54,56,45,32,83,84,57,44,35,76,72,73,81,98,71,54,46,73,87,88,39,55,67,85,53,36,70,98,88,90,32,78,37,57,43,95,37,80,83,59,90,34,46,90,98
56,78,49,53,33,31,30,98,70,91,47,44,63,64,75,67,50,41,50,39,76,52,66,32,76,85,79,60,32,56,64,96,97,68,51,67,46,87,65,31,38,39,77,73,44,96,44,49,38,85,41,51,39,31,54,44,40,77,30,90,70,78,59,56,62,86,76,92,71,51,79,53,62,81,68,38,31,69,85,75,72,43,83,73,71,78,66,89,69,70
32,92,32,39,53,89,87,57,72,50,74,65,62,56,35,41,93,67,41,60,61,38,30,41,95,42,46,58,72,63,77,87,95,34,35,49,49,32,98,79,70,73,63,33,85,87,46,48,94,55,84,37,74,32,50,81,43,37,88,54,81,30,58,62,72,85,48,89,45,88,86,66,77,44,50,43,84,34,50,74,91,51,55,82,65,60,41,37,31,92
51,54,95,42,71,35,62,96,37,67,50,68,70,55,81,82,40,95,95,96,61,35,41,38,92,50,51,87,75,88,48,65,56,67,40,61,72,30,93,38,54,91,72,87,62,31,84,57,66,74,64,95,89,95,44,37,66,58,85,43,67,79,37,36,93,76,95,66,50,30,53,88,47,42,64,65,82,51,44,36,91,93,78,76,86,44,49,40,79,34
66,42,44,33,95,37,86,68,70,81,94,58,80,81,33,55,71,48,63,36,49,64,77,38,71,83,82,35,42,84,78,70,79,62,45,76,92,92,96,94,66,67,32,95,98,79,47,52,98,55,95,64,51,83,87,76,82,90,41,74,61,55,93,35,94,82,48,55,96,54,68,68,71,45,30,64,61,49,42,75,55,47,30,43,86,40,61,72,74,72
93,98,69,46,30,71,74,53,65,92,44,56,88,90,82,70,69,77,61,63,89,69,91,98,41,68,60,45,47,68,61,42,31,50,39,57,76,52,77,33,44,30,88,86,38,44,88,94,91,57,38,85,42,38,56,49,63,47,33,85,66,55,77,78,45,65,52,80,59,65,67,49,66,65,98,62,71,41,32,89,88,35,73,97,89,96,66,53,49,36
71,43,67,49,71,44,65,76,45,55,37,40,37,41,90,89,72,85,92,91,80,38,63,33,43,85,38,71,79,33,67,73,95,77,35,49,61,75,51,93,50,37,87,70,53,61,95,71,89,44,85,71,47,30,40,79,31,33,49,58,88,66,56,64,64,94,71,40,86,42,76,71,54,96,59,45,95,70,70,60,66,97,62,60,89,36,77,60,70,65
64,71,42,58,45,57,92,58,55,37,41,72,32,83,80,41,89,80,83,59,78,51,84,41,94,57,50,83,83,44,61,59,82,53,82,91,34,36,98,40,64,53,30,35,75,80,70,42,42,63,30,96,50,66,85,52,82,74,80,58,31,56,40,63,45,50,89,52,50,75,40,64,34,44,92,73,82,78,81,98,86,68,63,35,30,32,79,90,80,73
98,81,93,76,45,74,87,62,39,52,40,51,71,77,63,71,53,45,78,55,93,93,71,75,61,46,45,96,41,83,63,87,95,57,79,82,75,82,57,73,90,95,76,49,73,52,62,72,60,98,45,68,77,47,91,64,36,67,62,61,55,88,50,38,42,92,65,68,60,53,57,54,41,89,59,40,89,35,30,83,33,58,90,54,49,66,76,49,94,54
41,72,63,74,52,43,37,68,94,92,30,75,92,60,42,94,95,42,75,82,50,64,49,88,33,84,58,89,48,30,52,71,44,57,46,65,66,79,57,48,60,48,42,65,36,72,91,50,45,97,66,56,41,95,65,86,56,95,46,63,79,88,55,44,78,56,69,83,77,68,84,57,40,48,87,46,43,36,61,61,47,69,65,55,62,69,87,58,75,40
92,54,37,88,88,93,62,84,49,57,86,34,82,56,30,93,76,66,62,48,37,59,90,71,57,50,64,60,61,67,77,83,44,40,70,72,67,35,97,36,90,50,36,56,86,74,49,85,78,97,68,31,95,44,86,36,39,90,97,80,67,53,50,64,59,97,58,50,93,77,63,42,41,87,41,91,61,73,47,90,55,69,76,35,60,98,69,89,51,38
51,75,33,63,51,35,89,51,66,71,81,71,93,87,64,71,69,75,38,65,51,71,32,80,70,70,81,59,85,55,81,98,86,66,37,51,32,84,67,96,51,56,58,69,36,34,94,62,50,44,91,56,58,89,31,60,41,50,81,84,97,90,35,37,93,45,30,51,84,55,38,33,35,36,40,66,95,48,37,85,94,82,34,57,80,72,39,94,36,61
68,85,66,98,77,44,59,63,51,52,48,56,78,65,36,86,31,54,31,84,56,73,89,96,87,91,49,85,95,82,88,81,91,41,79,86,79,43,31,97,40,72,75,90,50,94,48,51,93,88,96,41,86,62,51,94,90,33,46,61,52,84,42,60,92,90,34,66,36,91,66,95,67,76,73,82,68,72,55,32,41,90,50,93,64,59,81,73,80,51
96,72,59,37,76,93,46,87,34,71,71,67,81,88,66,80,37,92,59,31,42,74,85,31,62,62,56,91,83,36,37,72,89,74,38,93,71,58,85,30,90,68,77,61,87,76,94,74,70,46,60,53,58,46,53,93,45,74,62,74,37,70,36,49,72,57,59,84,76,82,83,59,87,55,61,68,60,98,96,86,70,89,67,77,38,61,79,58,40,48
35,79,87,72,40,68,89,34,34,67,80,48,36,96,94,53,95,79,51,61,93,52,53,40,31,41,34,49,62,70,62,52,45,70,57,59,79,39,50,94,94,78,72,64,59,71,70,48,78,54,58,69,62,44,78,75,66,68,54,37,65,57,64,46,34,88,60,69,90,91,67,34,93,90,72,87,88,96,85,55,34,43,59,41,44,89,78,61,83,85
98,70,63,84,66,97,71,97,59,34,42,56,97,47,59,96,71,55,76,69,85,83,96,47,54,77,47,86,54,80,58,39,85,37,98,42,68,94,36,92,80,81,39,93,85,34,96,32,35,77,30,96,33,34,91,52,53,65,61,65,72,86,33,46,97,88,90,67,88,46,43,54,52,60,52,90,55,34,44,46,48,62,91,86,87,50,73,78,88,96
80,94,30,39,44,47,38,36,51,72,72,98,95,53,50,85,62,89,94,77,68,61,52,81,87,77,80,68,35,75,72,75,88,82,88,83,94,89,37,73,37,45,93,54,44,77,71,41,50,66,64,36,37,95,36,97,73,79,88,38,90,51,51,51,43,38,39,63,57,70,81,93,48,50,70,35,57,52,73,95,42,56,89,74,39,41,69,38,96,63
92,72,89,94,73,70,37,63,32,42,86,81,38,78,54,39,63,62,69,36,66,69,92,98,55,62,87,78,76,41,30,46,56,60,78,76,49,51,33,77,60,94,59,43,56,86,79,70,88,48,36,82,74,34,54,77,34,30,45,76,57,63,34,76,39,87,41,31,62,56,60,57,73,55,76,87,58,65,71,83,31,84,64,64,81,41,79,56,95,55
68,90,31,31,92,98,60,83,91,55,44,76,59,90,55,37,39,70,42,80,37,34,58,69,64,34,98,91,34,61,36,86,61,57,47,97,97,38,85,44,98,38,46,41,56,61,87,33,32,83,54,65,93,95,60,76,35,79,44,36,56,36,76,55,69,74,51,82,68,44,93,41,38,39,87,30,64,60,37,52,78,31,53,87,45,40,92,64,96,94
48,92,62,74,38,44,57,61,61,60,72,86,93,80,50,44,93,31,80,52,38,84,71,32,96,90,58,41,53,85,63,45,69,72,87,50,56,57,68,44,56,93,33,94,63,60,56,60,90,46,47,30,84,38,95,52,40,49,35,34,64,44,77,62,35,42,46,85,92,70,51,78,91,98,65,73,36,55,38,69,61,72,92,89,30,61,87,51,68,40
98,58,58,68,76,95,59,39,86,58,97,61,77,87,95,74,42,59,71,73,68,96,77,87,67,70,74,93,55,91,60,76,70,96,71,71,47,71,80,95,62,46,57,45,41,77,64,47,94,39,45,87,76,64,64,49,81,32,63,74,43,45,49,94,95,57,64,92,34,62,96,35,74,98,72,38,83,43,48,75,33,81,85,48,72,90,49,55,44,55
72,64,75,61,57,58,66,63,31,87,43,66,51,98,83,32,86,93,65,52,90,84,75,94,90,89,63,71,90,68,33,61,98,45,61,73,54,87,37,31,85,83,65,94,89,51,73,83,60,32,95,69,71,67,59,73,55,76,95,66,33,72,90,97,54,86,82,94,49,69,78,41,46,55,89,41,95,44,40,43,55,45,54,86,96,86,88,38,78,43
34,39,59,50,97,88,54,79,45,98,56,32,47,96,95,52,97,86,58,68,78,56,37,67,80,67,53,82,90,80,71,79,82,61,59,97,79,71,53,36,38,63,96,94,82,70,53,81,31,77,84,37,54,59,46,37,94,38,74,54,35,63,44,94,77,91,69,33,87,64,49,45,85,62,96,72,85,54,32,77,93,46,51,52,91,78,82,38,38,49
92,90,48,34,31,58,38,73,36,52,39,56,41,59,88,40,57,98,30,46,34,68,59,40,64,40,70,86,31,30,96,70,36,80,78,36,75,81,48,39,86,71,67,36,81,58,32,34,85,56,76,47,84,67,65,91,39,36,70,90,52,79,94,85,88,65,93,81,54,44,47,66,56,50,45,91,92,80,77,78,87,81,45,50,53,61,50,79,74,71
67,43,85,93,63,72,98,35,39,50,90,73,95,90,63,36,76,36,85,88,96,32,90,85,90,76,73,98,81,76,47,41,51,80,60,79,36,73,75,85,59,85,42,34,43,38,94,37,30,57,64,52,82,51,89,63,61,92,78,94,42,70,53,39,50,80,76,93,69,69,44,93,96,37,31,30,74,67,61,50,70,56,65,71,69,39,59,43,97,98
43,69,35,69,71,63,56,50,60,33,69,51,63,51,44,32,78,51,70,54,82,64,71,95,32,69,47,52,62,55,39,57,89,51,39,61,63,55,80,93,44,30,89,98,79,66,73,50,38,30,39,50,65,85,62,56,54,68,94,32,89,69,52,45,86,86,86,95,43,36,81,80,49,53,50,94,69,35,88,43,90,44,86,86,87,37,40,76,32,50
84,56,73,68,43,49,53,95,95,55,42,49,73,65,47,41,74,88,73,64,71,67,96,40,85,84,68,89,36,90,59,94,75,87,76,96,31,80,52,96,85,63,47,65,33,41,40,44,81,95,38,89,89,77,90,63,69,59,66,61,82,57,43,75,69,50,66,58,44,84,52,36,58,44,52,56,96,72,75,40,68,61,77,34,59,87,45,37,40,34
96,93,57,80,86,76,93,60,51,68,56,43,74,43,84,53,90,43,81,60,96,57,75,97,50,70,30,69,80,91,72,61,48,31,98,55,46,62,38,50,97,61,47,62,96,59,68,84,56,86,59,54,97,88,68,51,78,43,56,75,63,78,75,51,55,80,83,30,90,63,51,36,88,33,74,92,33,42,37,85,90,34,83,58,96,97,71,55,49,80
66,89,77,90,91,96,55,50,34,79,32,33,57,32,61,31,71,37,35,97,40,88,44,56,82,68,40,90,80,61,52,65,63,86,35,71,63,96,54,60,60,92,66,92,88,55,56,92,61,80,35,46,77,52,46,39,61,30,48,55,90,57,47,74,50,93,52,36,39,35,87,54,35,54,91,65,65,36,68,43,46,40,40,83,38,38,87,75,40,97
76,56,60,67,42,84,97,58,65,73,82,51,43,59,67,57,86,41,40,55,51,88,34,42,46,71,32,37,98,97,87,91,72,83,91,41,64,75,55,30,50,38,92,44,45,58,56,56,91,90,40,45,80,33,95,88,69,44,74,95,48,74,42,36,33,85,32,41,32,62,87,41,70,67,94,94,44,69,35,39,70,85,51,60,74,62,45,53,65,35
98,35,54,85,65,93,48,58,60,67,68,65,69,71,61,69,76,44,78,76,61,48,42,31,76,53,67,55,54,86,49,85,50,96,80,93,82,48,98,79,32,43,84,79,84,98,77,65,82,93,37,90,88,70,96,46,45,73,81,82,63,54,49,69,65,58,57,56,69,57,68,30,96,71,56,37,36,96,88,74,59,43,75,31,41,69,60,96,40,96
42,45,96,63,52,54,59,68,48,40,71,81,52,90,91,86,48,55,60,35,63,52,42,40,56,60,34,58,60,71,64,64,60,38,49,75,37,60,96,84,83,60,70,52,31,54,94,46,96,42,96,32,77,62,54,47,40,52,48,71,57,39,86,33,85,50,94,38,64,81,63,81,74,63,60,70,40,46,74,32,78,88,42,76,55,38,59,40,97,39
35,36,84,95,94,98,90,47,73,31,57,60,47,69,30,72,69,52,36,30,70,66,64,40,98,81,44,38,39,43,51,85,85,77,85,35,72,51,76,60,92,39,60,45,33,68,52,87,38,43,75,82,97,33,35,78,40,51,91,98,58,90,64,32,63,38,76,30,83,48,93,68,51,39,44,75,47,76,86,30,38,84,48,69,90,98,66,79,74,32
83,77,71,78,74,68,53,75,80,86,91,34,31,36,58,88,91,78,73,32,78,77,95,87,84,62,55,94,46,84,96,91,54,49,41,74,87,63,56,85,80,43,73,75,69,82,80,82,58,72,85,37,36,62,69,77,95,31,54,51,63,35,96,66,51,59,49,77,40,66,72,80,62,71,50,48,43,84,80,86,86,64,86,51,48,60,52,54,74,54
46,66,36,90,84,57,44,33,94,86,60,34,38,84,63,52,53,52,79,79,87,80,92,40,35,64,34,64,38,62,54,45,55,36,52,83,41,46,69,33,83,72,85,46,71,33,63,68,80,84,47,39,76,63,46,67,71,58,98,93,77,90,43,91,92,70,82,55,41,73,32,50,61,65,40,37,36,41,88,98,31,81,41,81,38,41,95,38,98,48
82,82,81,95,52,44,55,81,33,34,60,87,40,73,88,61,88,83,93,67,89,90,37,36,35,88,64,76,57,39,88,53,95,54,71,98,42,39,54,81,64,41,58,79,40,87,51,43,53,52,49,55,85,46,56,91,67,81,72,66,34,70,37,40,76,37,64,93,34,89,66,49,46,64,75,36,93,72,42,78,33,94,45,88,51,98,43,49,70,54
46,40,41,51,70,60,60,84,53,48,91,89,43,65,55,48,95,31,57,72,82,85,92,53,98,78,38,56,47,72,32,82,72,54,51,74,78,53,31,85,49,67,57,30,37,79,62,73,65,90,81,46,83,49,67,57,44,64,94,38,60,66,48,76,46,32,85,41,36,71,48,82,34,75,78,85,98,56,49,32,90,30,65,30,62,58,93,51,58,77
42,57,79,73,78,74,59,89,85,60,58,56,31,50,39,89,45,58,46,42,33,84,76,76,84,91,59,50,46,97,83,79,31,73,71,78,67,75,73,60,82,79,43,34,75,30,56,80,70,92,87,80,68,75,80,67,62,73,40,70,95,98,61,53,39,39,64,39,72,90,61,57,75,34,41,60,42,65,52,86,50,78,57,71,36,35,66,41,46,61
63,30,95,94,74,51,38,67,75,69,93,71,50,55,34,37,82,57,96,56,85,30,68,36,43,81,66,98,36,77,69,41,48,63,44,97,80,50,53,90,36,56,63,96,33,96,74,66,72,97,68,74,55,49,45,52,74,47,84,88,40,53,44,96,61,74,79,46,34,83,37,82,64,55,98,41,54,68,70,38,95,85,67,94,85,31,77,79,42,53
94,93,48,74,69,44,31,58,58,76,85,48,83,82,39,71,41,76,77,87,72,83,77,34,62,32,47,83,88,75,44,72,54,32,60,53,98,36,92,84,35,46,89,60,40,85,77,70,76,30,84,41,84,45,79,89,77,44,31,38,62,57,65,89,66,44,74,40,55,98,52,53,34,43,33,89,40,60,67,30,33,35,68,62,43,77,98,64,44,65
85,42,49,42,65,57,53,82,60,68,45,98,54,68,77,48,63,65,82,97,38,49,78,88,76,79,58,57,88,35,87,67,39,71,37,81,62,32,50,94,40,52,51,46,72,65,45,56,49,88,67,38,52,49,87,31,75,98,58,65,91,86,55,30,75,31,86,92,77,60,32,75,39,58,30,87,90,70,45,63,75,41,80,95,91,51,86,45,74,90
96,87,80,72,91,57,90,62,93,60,37,53,58,84,71,53,48,97,98,98,30,31,34,40,37,89,71,33,45,89,48,35,85,67,58,32,77,68,39,93,44,35,56,77,72,71,61,96,96,90,30,84,38,60,65,32,95,39,75,35,67,75,73,84,69,35,83,88,49,93,97,78,55,72,42,47,32,57,36,81,90,60,73,55,56,88,92,36,42,92
32,52,98,76,95,49,77,93,69,89,72,88,69,55,61,47,30,52,53,32,54,56,69,51,69,57,90,89,59,34,76,34,94,62,33,39,59,79,48,55,44,98,35,53,37,85,61,84,47,37,85,55,64,32,78,62,40,95,56,56,65,57,90,73,89,45,76,91,95,47,55,46,46,85,76,36,33,85,46,30,91,74,81,33,62,88,81,43,42,70
87,41,86,41,84,92,83,75,61,73,81,56,65,30,51,55,98,48,70,61,67,92,65,91,75,88,43,87,61,92,82,31,90,40,37,47,81,46,61,45,88,37,88,96,71,54,51,84,66,36,71,93,91,46,59,97,49,32,34,37,69,84,38,88,91,78,36,38,30,60,70,37,70,32,36,76,52,95,61,52,47,86,87,86,56,61,63,91,36,78
44,44,68,83,57,70,41,91,82,62,55,65,78,48,44,42,86,74,78,33,98,79,64,66,63,55,76,90,92,68,43,93,31,30,98,93,30,98,89,67,55,57,30,37,72,33,78,45,77,68,74,82,41,35,52,56,53,47,98,87,65,93,84,56,91,44,44,35,35,68,67,71,60,32,54,75,32,34,60,93,88,48,79,81,34,76,48,44,55,79
41,58,65,94,67,86,97,63,87,95,73,58,93,93,78,89,74,83,56,31,87,58,49,88,50,65,78,47,38,72,96,52,63,43,54,58,44,54,45,78,79,65,55,75,38,33,79,38,88,67,48,51,54,68,55,90,48,63,56,76,55,32,82,94,74,46,34,69,98,55,98,66,36,59,33,66,69,43,68,55,42,84,70,82,44,53,63,91,85,39
70,73,88,94,30,71,64,89,96,72,86,30,54,60,75,86,39,38,64,93,42,56,76,95,88,30,84,52,36,97,35,75,57,34,94,42,75,71,70,82,89,32,83,55,45,58,42,48,75,44,82,34,59,90,95,74,69,98,43,55,69,35,96,96,74,38,98,53,76,76,31,88,47,64,80,76,71,51,46,65,71,37,67,91,98,52,90,36,91,85
89,86,44,86,57,82,37,57,78,71,61,63,98,97,59,85,78,44,90,51,66,58,85,58,71,46,32,84,31,45,88,35,72,72,73,61,35,42,55,57,65,80,30,63,62,37,69,34,64,33,82,59,31,42,61,75,69,39,44,74,38,68,74,86,88,50,85,50,78,77,87,91,96,91,72,67,53,96,69,37,71,64,87,31,74,84,65,83,48,72
80,39,74,40,60,38,79,64,61,89,49,56,83,36,64,39,51,37,49,33,40,55,67,53,88,88,33,36,52,87,47,67,37,40,78,62,75,67,64,90,97,33,35,76,54,51,77,36,82,83,97,96,38,61,57,54,71,48,97,98,63,66,66,35,65,73,68,80,72,94,32,94,65,93,33,48,93,94,94,57,80,51,40,66,40,95,30,30,81,72
43,31,57,82,54,34,62,42,36,91,49,60,34,96,46,98,54,53,58,32,72,52,98,73,65,30,80,45,56,75,87,60,41,78,62,40,49,40,40,68,35,96,50,71,96,58,96,44,69,54,71,41,82,72,96,67,49,93,68,72,97,91,97,85,46,61,48,82,91,70,41,73,81,92,52,64,47,79,50,70,61,97,35,33,85,38,39,31,35,86
44,41,40,86,41,83,97,80,66,88,64,59,49,72,86,81,36,66,40,96,96,65,35,69,42,67,62,78,95,70,44,36,88,93,90,90,59,58,44,62,72,32,93,30,39,86,65,98,66,59,74,38,51,44,52,56,90,39,68,55,61,31,68,46,37,31,61,60,61,59,64,61,98,66,50,96,32,93,70,56,37,50,84,65,96,84,38,84,69,65
97,33,84,46,86,43,60,92,54,76,75,61,32,73,49,73,49,76,60,84,78,45,65,68,37,82,93,45,76,91,83,45,46,82,41,80,68,49,68,57,59,45,98,93,69,92,57,55,84,30,60,62,77,72,65,32,72,39,89,32,57,69,32,31,50,35,55,63,48,61,90,34,36,36,41,77,78,49,46,66,57,38,88,33,81,31,81,31,33,53
52,61,76,39,86,63,67,71,32,55,41,44,55,55,81,50,63,38,89,90,47,57,95,33,40,82,98,85,38,66,76,71,51,85,51,58,43,64,37,58,91,94,51,77,50,37,62,89,98,52,96,63,83,44,78,42,81,36,44,33,82,94,55,90,82,65,41,32,32,75,57,90,78,55,58,57,49,93,36,42,96,68,43,42,45,96,58,54,96,54
64,88,41,95,92,92,43,42,84,68,45,44,31,50,71,91,69,31,73,66,61,58,96,85,35,90,68,66,54,80,67,35,67,35,43,32,94,90,68,96,68,72,96,49,45,67,50,51,89,56,76,95,33,92,31,73,56,61,87,88,93,38,98,89,42,53,72,65,60,88,76,66,92,51,44,77,56,49,96,82,78,58,52,84,50,47,73,84,80,61
39,87,37,33,33,69,97,81,66,71,57,30,92,74,68,69,50,53,75,46,54,95,61,59,97,42,90,51,72,47,81,82,81,61,95,67,73,89,44,43,79,76,97,96,73,76,87,63,78,31,61,66,93,36,54,92,90,76,67,46,87,47,78,50,64,55,70,59,69,69,50,95,56,97,32,75,48,66,49,47,39,35,96,42,73,32,71,47,90,91
34,72,54,66,66,55,78,67,76,59,83,70,42,73,32,47,87,35,64,88,55,49,66,50,85,41,42,85,88,63,90,86,53,88,97,71,35,65,44,92,54,69,61,46,68,46,85,73,31,86,78,60,78,43,53,35,43,44,60,70,37,34,83,30,58,66,53,72,35,43,68,57,33,45,51,85,32,68,89,39,88,82,53,53,50,70,61,39,61,47
92,57,44,77,46,62,63,44,61,91,44,37,45,76,74,43,85,81,56,94,33,74,79,74,37,66,34,83,40,79,73,73,89,61,46,36,46,50,86,94,96,46,55,97,53,56,83,82,61,65,87,92,33,82,65,48,57,91,42,94,79,78,85,63,80,51,97,62,80,54,98,81,81,32,42,75,47,93,83,46,64,76,59,59,85,91,94,56,97,59
51,61,80,90,64,80,39,32,39,33,48,54,68,30,68,39,41,71,63,63,76,90,40,51,34,36,32,66,81,72,54,90,44,42,55,62,58,42,46,73,41,68,43,31,64,71,90,54,69,60,65,65,66,45,71,40,57,56,31,55,76,32,77,31,50,80,91,64,78,83,40,46,49,53,56,34,90,46,52,36,31,64,68,65,82,83,54,55,53,42
67,74,42,86,34,95,69,70,88,69,36,82,55,95,76,67,98,87,59,73,55,62,79,48,82,43,83,80,35,37,40,97,38,47,90,46,47,73,56,81,57,76,82,36,90,82,67,91,55,78,85,47,87,76,32,62,72,58,77,74,81,58,48,77,82,30,70,82,68,82,95,32,54,90,58,47,51,68,36,77,32,95,77,48,93,32,98,74,94,93
40,56,90,85,86,82,98,48,34,88,49,36,30,58,83,40,61,42,72,48,51,40,75,60,87,89,71,56,59,53,96,53,33,78,91,75,79,30,88,97,65,50,81,87,79,33,62,41,67,66,46,56,72,50,86,40,91,70,54,36,41,60,69,81,52,32,86,38,78,52,98,36,97,31,47,53,89,83,36,63,51,88,90,41,68,31,75,53,88,39
59,44,88,82,51,47,58,60,94,82,70,74,44,76,53,79,87,86,34,76,88,38,48,40,55,93,52,51,98,68,30,30,62,75,52,42,60,96,66,63,88,83,73,33,40,43,95,53,33,90,30,69,61,63,98,91,32,70,33,89,93,84,63,97,93,83,32,51,40,32,77,98,98,55,93,43,45,62,64,98,97,84,98,52,59,66,36,96,48,76
76,64,56,97,38,76,55,31,58,65,43,46,51,42,52,77,62,60,76,88,53,93,52,96,97,37,98,91,90,94,94,34,75,43,86,40,50,86,81,40,57,55,58,76,77,79,75,92,71,45,35,73,58,30,32,68,85,56,46,92,44,82,41,42,39,67,30,49,62,89,82,31,54,63,82,98,66,54,68,39,30,90,97,66,45,89,56,78,85,95
68,71,62,79,52,77,46,52,74,33,44,82,80,64,56,38,47,91,34,71,30,59,36,31,65,42,52,63,51,33,34,75,35,53,32,47,76,57,50,89,76,51,68,73,81,50,34,62,73,96,63,91,90,91,98,72,87,84,87,83,61,67,30,60,46,67,88,76,39,87,57,44,39,88,49,38,83,50,31,96,49,72,74,87,43,63,52,97,67,95
86,97,72,44,34,51,79,36,65,98,35,65,92,71,80,73,34,59,60,85,48,46,57,42,59,93,62,81,70,57,37,42,62,74,90,98,92,62,85,31,45,82,71,93,66,74,59,75,48,97,79,54,52,53,87,88,37,74,54,75,96,78,71,41,83,51,71,62,77,65,84,51,82,61,81,89,35,92,73,77,92,55,57,86,90,74,96,36,64,74
62,41,31,65,30,65,91,43,52,63,55,77,36,41,50,46,93,91,69,87,62,59,73,60,69,86,67,38,63,51,50,81,40,48,55,76,36,75,39,40,79,93,90,69,95,78,80,45,73,44,88,45,37,33,94,37,70,81,93,40,78,31,46,44,72,68,31,95,65,50,80,40,90,97,34,91,31,39,93,62,92,46,73,91,84,30,92,56,94,57
53,37,33,30,67,69,32,73,38,38,61,77,76,79,86,34,75,64,59,81,80,88,64,94,87,83,71,95,53,73,40,98,74,95,90,64,43,85,94,72,70,98,69,31,37,48,57,43,69,85,41,58,40,88,95,52,57,72,33,30,61,83,70,60,65,82,66,52,67,90,98,71,33,84,42,68,59,46,32,40,47,32,64,87,84,31,68,78,31,55
63,69,35,77,56,86,48,88,91,96,74,87,31,83,59,57,94,56,79,85,33,71,36,84,61,80,76,33,67,66,98,84,75,70,49,82,69,48,91,89,95,58,55,92,70,30,56,71,95,92,82,33,44,58,73,63,49,65,66,58,91,48,66,89,81,63,36,67,86,95,77,86,59,96,80,79,98,90,37,70,55,86,46,90,66,66,38,61,32,86
93,97,81,90,92,67,96,50,55,62,80,96,96,69,87,48,50,92,30,87,42,53,47,77,86,98,43,95,94,34,53,58,88,91,64,79,66,70,31,61,49,87,95,49,94,84,60,76,43,64,81,52,62,62,93,81,46,68,38,59,42,65,42,65,57,79,84,63,79,71,30,80,43,60,80,76,92,94,64,89,79,68,74,60,74,74,77,63,35,57
37,32,88,42,53,92,67,78,81,40,97,48,86,32,56,88,67,58,86,83,34,67,89,80,36,98,75,88,88,57,96,80,31,49,60,33,39,90,74,58,44,63,64,49,69,78,70,85,44,93,62,56,83,90,42,63,47,36,89,72,37,56,39,96,45,83,68,39,72,54,95,59,52,96,47,37,49,87,45,64,76,43,37,52,72,39,39,95,33,98
48,49,52,40,39,57,73,48,93,67,51,89,44,60,57,35,94,52,67,64,89,35,85,82,36,85,71,87,60,78,94,83,89,66,84,85,78,44,30,97,38,64,34,86,36,31,77,68,38,69,73,30,50,36,90,43,33,65,38,87,66,65,77,44,33,41,97,45,83,57,96,32,62,61,74,74,33,30,33,71,80,92,86,90,95,91,77,36,82,32
53,83,61,40,66,74,52,73,94,69,40,97,48,66,35,33,40,81,60,61,95,62,54,46,44,81,39,33,84,32,48,97,38,77,75,40,97,77,56,54,33,91,42,79,90,80,87,33,62,51,68,30,48,61,67,56,78,41,96,60,65,49,63,38,41,88,67,61,46,67,57,65,60,79,92,44,98,77,45,75,33,49,52,89,55,95,77,79,56,51
96,56,91,36,94,92,72,70,70,97,51,58,91,41,75,57,63,63,67,98,36,96,30,95,51,69,75,88,89,68,80,80,98,92,79,94,61,86,44,69,97,93,36,87,87,68,83,48,31,86,73,86,52,43,67,86,74,74,30,32,35,49,48,52,55,51,71,43,98,78,37,66,76,30,43,54,85,46,52,94,42,59,52,94,84,31,48,60,31,69
37,57,45,57,98,73,45,89,42,77,66,98,96,67,58,41,46,40,54,96,32,32,59,79,34,98,83,77,87,40,67,61,83,44,96,63,54,41,40,46,79,32,59,98,72,73,49,44,70,44,87,66,67,56,44,44,89,60,80,57,75,94,62,48,31,33,67,50,53,91,48,34,54,88,32,38,81,49,42,49,65,72,54,90,62,98,48,67,53,42
88,95,41,42,81,42,50,86,41,63,65,45,83,42,76,73,42,56,59,72,98,80,91,59,52,32,87,33,88,60,75,72,98,38,60,36,50,98,55,89,82,45,95,58,32,63,89,48,86,95,65,35,34,35,53,40,39,50,68,94,61,43,78,68,40,85,97,81,44,92,50,45,63,40,68,39,58,59,30,33,95,97,42,74,66,75,32,69,30,35
97,31,61,45,33,36,78,78,72,64,84,39,39,98,40,88,57,65,86,62,84,84,70,31,57,72,87,59,35,34,44,88,54,47,68,59,84,41,77,90,72,33,44,38,66,86,87,37,34,64,97,56,84,31,36,44,59,88,34,52,52,87,90,79,75,62,97,51,67,82,91,93,45,36,60,65,76,56,34,46,95,54,68,56,98,46,33,37,86,72
73,63,58,62,80,69,92,53,65,78,74,80,50,31,93,79,75,35,94,52,95,34,70,41,87,48,75,47,83,51,38,60,95,38,67,33,64,52,64,56,74,65,95,30,98,59,52,31,50,32,30,80,42,64,44,39,73,60,72,55,91,63,81,80,84,36,30,59,45,46,51,78,37,93,88,59,52,72,47,42,83,45,51,64,83,88,34,58,77,38
96,33,87,42,39,60,48,96,76,89,53,59,52,80,92,77,78,45,85,67,77,57,31,49,58,37,95,81,88,96,32,49,73,43,55,89,83,83,95,42,68,71,63,48,33,41,82,85,35,45,81,59,88,52,74,36,67,88,84,47,88,49,34,85,63,80,82,64,89,49,42,48,60,33,62,68,54,45,75,77,97,32,61,43,75,94,89,34,79,63
47,98,77,65,52,51,89,58,83,55,82,50,50,62,93,74,40,50,49,89,47,64,35,85,47,81,85,53,42,98,63,47,33,68,57,42,85,30,98,94,71,50,97,98,83,32,56,35,83,37,35,83,69,80,77,34,39,75,87,60,68,53,87,81,35,67,82,59,43,80,40,58,57,93,58,53,32,42,30,75,44,90,51,65,52,61,60,49,81,81
39,52,73,33,87,31,91,50,97,59,55,40,71,69,38,53,32,76,30,63,47,70,91,53,54,73,31,66,51,95,55,60,32,73,65,88,67,81,75,89,42,31,54,52,33,62,47,90,47,75,37,44,72,69,96,67,49,56,32,56,48,60,59,63,53,36,73,62,85,63,47,41,54,72,41,69,73,36,33,78,48,35,57,30,58,83,72,58,48,75
41,30,54,63,56,57,39,63,86,75,98,38,37,67,68,97,78,56,54,35,72,90,78,76,45,54,42,39,58,54,52,72,36,85,97,65,66,81,73,72,81,67,89,81,68,86,78,81,59,37,93,46,71,79,57,44,45,67,58,32,66,70,53,57,52,83,48,45,62,97,38,90,93,58,57,54,89,84,90,67,47,93,41,70,58,32,74,46,39,61
55,80,48,78,91,79,92,31,84,85,43,54,81,52,42,51,78,30,93,79,76,50,61,91,36,52,76,51,36,66,38,32,45,30,60,74,33,32,56,60,49,68,95,44,60,79,68,71,86,59,55,95,70,70,59,74,65,46,54,34,89,84,51,85,77,40,44,77,74,95,70,65,40,54,33,96,52,78,63,90,81,45,50,76,65,66,50,57,91,66
83,55,91,73,68,42,88,86,31,56,40,74,31,67,84,92,37,50,77,58,32,75,35,69,82,52,54,38,67,55,55,91,80,75,92,68,47,87,76,75,56,30,89,63,32,89,76,93,90,72,75,91,70,71,98,68,86,45,75,91,35,32,71,65,63,40,93,52,91,45,30,83,78,53,53,53,42,49,82,66,62,73,61,35,88,91,72,72,48,95
91,94,85,81,83,86,56,70,88,69,76,53,38,68,65,81,88,50,88,34,82,59,50,61,31,76,74,65,86,81,65,59,34,93,63,32,54,58,49,89,75,76,74,53,79,86,97,58,70,44,53,95,77,67,67,55,64,68,37,51,77,54,80,74,86,37,66,54,87,81,98,35,88,31,58,31,90,80,52,68,58,89,55,94,44,55,85,51,79,35
96,95,41,94,68,44,55,97,97,58,39,32,86,35,34,85,91,62,80,89,40,34,74,62,77,86,64,58,84,55,60,81,50,42,82,83,75,44,74,81,45,32,62,64,41,41,71,80,72,77,71,31,34,81,37,69,36,39,83,30,72,46,48,61,53,80,66,30,88,34,84,91,57,44,94,65,98,30,47,86,69,89,80,47,42,72,82,84,72,87
97,31,64,66,32,53,58,97,30,67,88,44,95,43,45,58,41,62,66,32,76,89,47,52,93,33,36,87,89,71,50,66,71,47,58,45,48,32,96,71,38,33,84,57,42,78,89,41,31,69,45,82,80,43,94,94,73,53,82,74,67,94,51,65,39,82,82,94,83,86,90,45,45,59,48,84,35,86,89,84,40,98,57,71,94,75,67,55,33,53
83,89,95,90,72,71,32,86,96,64,54,67,96,49,89,31,76,38,47,89,70,65,86,46,63,97,54,59,49,75,69,80,56,53,70,76,37,68,32,30,71,61,75,60,86,35,55,92,31,94,88,46,94,72,71,36,90,38,74,72,96,41,92,91,91,63,50,96,34,96,63,81,95,66,63,36,97,49,71,78,86,49,97,41,95,51,55,31,69,86
61,77,62,80,67,59,74,90,71,82,55,47,98,63,36,32,37,56,85,38,52,41,86,32,49,60,49,41,46,36,85,52,78,40,80,58,34,73,86,44,50,38,65,94,68,51,96,69,80,73,46,47,85,60,49,69,52,74,78,89,73,49,71,82,41,41,95,49,66,30,70,41,93,67,95,50,57,30,59,58,64,98,73,58,45,73,73,44,97,90
36,38,93,66,45,61,44,94,51,81,77,85,80,31,66,87,79,93,88,95,38,38,80,86,41,88,61,95,91,35,79,81,50,83,39,63,67,95,71,46,44,73,74,55,70,30,31,67,47,46,80,67,88,96,58,39,38,32,87,86,35,39,72,71,51,69,82,66,64,42,95,90,74,98,81,88,84,84,44,88,72,96,57,75,63,94,48,45,64,64
50,93,54,65,91,87,57,36,57,59,74,46,85,95,47,82,91,37,30,92,90,64,54,60,94,90,79,98,81,89,96,41,72,60,85,73,95,48,57,68,32,41,90,48,93,46,93,70,45,72,67,35,32,94,53,39,95,65,92,75,64,84,93,95,32,41,64,68,80,37,63,85,50,33,72,65,55,80,74,32,84,33,93,46,84,78,47,39,77,32
51,97,31,76,59,89,67,53,65,52,50,49,79,66,58,72,73,51,34,50,58,79,96,57,33,36,81,46,61,74,61,32,45,70,34,82,39,86,42,98,49,46,36,73,32,31,68,94,40,75,90,93,50,40,62,71,33,74,48,51,41,88,96,52,34,93,75,97,60,59,79,43,34,69,71,50,47,87,44,60,94,73,80,55,81,48,33,61,59,86
30,64,32,85,65,94,48,76,88,81,59,77,40,53,98,71,47,60,37,40,94,71,87,40,74,36,78,32,41,59,88,30,36,77,79,30,73,93,95,65,55,94,92,53,59,97,53,47,58,45,30,33,70,39,82,87,45,95,71,88,31,95,72,87,60,98,80,71,35,37,82,70,61,57,74,47,43,50,40,63,78,45,58,58,70,36,39,74,34,64
47,35,92,31,65,94,67,51,83,74,93,76,30,96,39,75,94,79,84,41,72,48,58,81,78,73,75,87,79,61,55,72,96,92,87,38,59,30,93,63,62,79,45,71,61,38,69,96,51,86,84,62,93,98,73,51,97,68,73,81,33,67,58,81,47,84,77,30,82,51,50,93,49,34,97,62,37,85,82,50,98,49,49,33,79,95,67,60,92,71
46,85,70,36,64,62,83,65,80,37,51,97,97,64,82,70,31,51,77,48,88,90,39,30,47,94,81,72,77,43,45,91,72,89,38,31,92,51,35,68,50,67,84,63,43,42,97,70,61,50,74,68,60,89,89,75,59,90,79,65,31,69,32,52,81,51,75,69,36,70,96,48,34,78,63,48,38,67,41,65,88,78,79,76,57,75,38,40,62,56
31,84,84,56,97,93,69,32,55,83,68,30,97,33,40,37,35,94,59,60,37,84,75,65,69,90,90,32,43,46,82,51,32,81,70,50,93,64,58,85,40,71,45,65,66,31,74,85,38,82,73,56,47,52,70,88,64,85,87,72,30,73,59,47,77,62,41,75,84,89,34,70,46,92,67,66,72,48,43,39,68,32,83,90,91,66,31,46,47,93
89,83,58,82,73,33,84,62,93,98,51,56,84,65,40,75,67,30,46,78,90,90,36,53,58,75,42,34,77,48,34,70,33,34,65,40,93,35,51,31,44,59,79,82,51,79,42,57,71,78,67,32,93,86,60,57,42,87,88,49,34,62,50,36,78,79,81,72,91,39,31,73,65,53,48,63,86,34,37,71,42,73,51,83,54,43,67,49,65,92
65,35,37,85,72,69,52,69,65,32,65,93,89,74,53,63,47,71,59,36,32,81,30,83,81,47,54,70,56,80,70,61,71,97,36,87,79,33,50,80,47,31,90,36,75,62,75,50,73,54,76,44,95,86,56,70,50,40,74,89,55,50,49,56,83,48,88,96,44,76,83,78,93,84,34,54,46,45,47,48,56,55,31,70,51,43,60,79,79,56
40,62,70,45,41,82,33,97,89,30,42,80,72,63,79,87,84,72,56,52,54,30,63,97,95,30,45,96,47,42,49,62,48,44,68,31,52,72,38,92,71,78,72,52,58,43,65,69,51,45,35,61,62,45,35,52,78,92,31,73,36,78,73,41,93,37,56,78,37,89,92,36,87,70,36,88,97,55,89,93,67,84,49,75,42,65,40,87,70,34
59,85,87,83,35,49,58,36,69,55,49,45,53,63,79,73,83,46,54,87,86,67,71,55,70,51,34,69,32,43,60,31,44,56,34,65,79,56,64,59,37,52,50,74,49,86,64,58,79,92,39,80,68,78,89,75,77,88,55,81,81,54,84,93,70,36,79,63,71,87,38,78,46,65,62,79,66,34,54,53,71,39,97,51,32,72,52,32,48,64
54,89,68,52,87,88,32,82,90,91,40,58,36,67,69,96,36,38,33,80,94,43,69,46,85,65,50,50,68,30,70,53,84,57,45,49,31,82,68,46,43,81,32,68,88,67,80,41,50,88,80,98,78,64,98,63,58,73,48,47,51,60,77,52,38,67,67,34,69,56,91,34,95,33,95,72,66,54,62,30,43,32,63,79,75,90,78,96,92,52
86,70,47,60,66,60,92,83,42,70,36,51,50,39,87,68,56,47,84,80,44,60,75,33,87,88,34,88,42,59,84,58,46,69,57,57,43,90,68,87,79,37,32,76,55,92,90,60,54,73,36,65,80,98,75,80,30,57,83,69,57,71,51,44,49,89,88,90,54,77,90,66,67,53,42,69,79,62,86,48,54,83,37,75,82,31,81,52,89,94
54,36,65,76,52,32,65,79,79,88,89,56,43,43,65,71,77,62,77,95,80,43,32,87,57,93,60,42,73,42,44,81,32,88,77,96,76,62,59,51,48,71,32,92,57,47,38,45,75,49,61,90,79,67,79,94,56,72,42,32,91,91,30,75,31,66,45,86,52,83,37,33,76,73,79,54,43,36,72,83,40,88,89,38,85,54,78,47,46,92
93,57,56,91,73,73,63,86,60,31,42,56,82,35,49,62,48,90,65,70,95,70,72,62,93,38,71,82,61,39,95,92,98,56,61,50,88,53,56,63,45,73,37,34,66,55,91,52,62,95,90,63,64,72,92,86,35,35,42,31,75,43,94,76,97,34,60,94,75,66,32,35,76,33,32,75,96,57,58,67,82,62,91,79,89,39,76,94,45,76
60,39,92,72,87,60,76,98,54,40,36,72,35,89,76,70,97,57,87,55,68,84,44,69,93,94,65,81,88,72,67,63,53,81,57,51,91,94,33,90,92,77,48,60,56,77,49,43,37,81,54,33,36,62,40,49,58,54,91,56,85,77,43,83,51,71,65,30,84,48,56,97,44,84,64,62,43,41,42,84,83,87,61,67,80,64,90,32,83,61
62,46,61,89,34,75,33,85,64,59,79,76,57,74,47,48,64,41,52,52,86,57,47,69,78,84,93,43,62,61,53,34,91,48,90,55,31,31,97,47,75,94,92,33,78,47,42,86,45,71,89,94,49,55,67,69,96,46,85,67,91,55,85,35,96,37,68,61,73,82,92,52,69,44,45,76,66,54,59,79,50,35,58,72,31,35,97,78,73,57
59,48,51,71,51,57,69,67,35,33,61,67,55,40,90,86,74,93,68,34,57,54,39,85,38,32,45,86,92,73,51,33,46,88,89,67,34,79,34,95,85,66,53,34,53,47,83,31,62,57,50,38,30,46,57,75,73,76,46,68,87,88,30,74,66,54,61,89,79,58,78,96,69,87,68,63,79,46,43,76,70,82,37,92,49,63,90,97,56,46
98,98,83,50,83,81,50,77,49,88,87,41,97,57,59,46,90,32,81,40,60,72,42,98,50,35,84,84,65,37,47,97,69,59,82,93,83,36,77,95,95,90,33,98,96,94,72,41,49,31,92,37,94,45,59,36,73,79,93,91,77,70,85,42,75,89,42,90,54,45,41,36,77,61,39,68,63,71,96,89,37,55,75,59,79,70,54,31,47,96
92,96,66,45,54,92,50,61,33,88,58,53,58,40,97,39,60,55,83,98,42,53,83,85,94,86,69,35,44,97,35,33,43,76,98,75,76,35,77,70,63,53,75,37,85,36,73,61,84,52,65,60,32,44,71,74,53,81,46,33,58,51,41,89,81,68,81,42,72,93,82,54,79,92,65,46,39,45,48,34,35,79,92,88,73,47,38,83,94,45
37,41,91,71,43,77,80,73,58,30,77,79,47,92,86,66,93,60,40,66,72,60,41,58,92,57,54,79,72,57,50,56,54,95,61,70,69,36,50,50,59,31,41,90,32,50,61,84,97,74,69,30,45,94,50,84,92,87,92,62,72,94,94,39,57,49,62,62,73,36,62,47,54,33,85,72,91,55,72,38,50,68,39,50,30,92,51,41,90,91
81,72,81,46,35,94,88,93,65,44,80,36,49,63,33,67,85,33,52,85,73,90,81,35,66,49,49,67,58,91,79,50,42,42,57,92,52,96,42,42,64,33,82,65,89,51,96,61,46,63,55,57,63,41,33,40,90,44,80,50,75,95,47,96,33,75,97,34,49,75,96,41,90,47,50,41,69,60,63,89,72,38,46,97,90,48,71,96,59,84
94,85,90,61,66,74,52,89,40,63,55,60,52,76,86,76,78,36,30,39,74,54,96,44,89,34,46,61,47,35,75,54,42,78,95,85,56,34,98,94,69,87,91,90,92,94,93,68,66,73,86,84,88,79,32,85,98,82,31,49,63,72,96,82,79,87,62,37,53,84,82,82,31,87,79,40,53,54,44,89,75,52,88,56,39,40,36,61,30,96
33,31,80,30,30,57,85,46,92,49,36,36,78,44,68,58,88,71,51,69,93,98,43,45,55,79,86,31,88,75,32,32,85,67,82,63,43,77,78,86,52,67,45,63,60,89,37,70,55,43,66,79,95,87,31,59,47,53,83,74,67,60,89,55,94,57,50,30,82,62,51,60,87,59,60,87,39,88,66,33,60,45,78,92,30,33,61,37,47,81
53,65,95,31,45,97,37,56,52,63,92,91,47,49,60,67,81,54,67,67,47,39,46,48,81,86,52,70,67,42,37,82,31,84,66,89,71,39,35,85,62,74,97,72,40,56,41,35,73,61,39,51,46,35,72,81,81,69,94,82,80,32,69,59,43,60,65,34,63,95,76,82,92,39,30,93,92,30,48,75,78,62,94,33,89,83,41,75,60,77
66,82,88,75,30,67,98,58,82,41,64,94,43,69,37,66,30,96,84,69,73,50,44,72,53,66,66,74,66,86,68,80,70,73,35,96,31,74,68,46,73,97,95,54,30,72,69,59,86,55,38,79,65,80,53,81,65,96,37,66,38,97,52,71,58,55,88,59,42,96,44,89,76,92,50,82,49,85,60,32,54,32,68,98,49,96,61,52,33,37
76,89,40,67,76,81,31,88,95,46,88,58,70,35,38,66,84,72,86,86,71,37,43,34,41,52,98,41,57,81,59,31,55,85,56,46,76,57,89,64,78,43,34,61,31,60,78,31,39,54,49,72,50,32,83,94,44,39,58,97,36,90,64,89,88,30,47,83,74,63,81,78,32,49,51,63,49,95,73,54,97,35,58,62,75,86,61,42,68,46
69,57,49,86,56,39,75,59,76,37,92,83,70,90,31,36,98,32,68,94,96,58,94,76,94,33,85,67,33,93,58,34,59,86,96,68,89,70,30,49,79,75,35,47,90,35,61,87,94,36,67,42,35,57,72,79,71,31,71,93,41,84,91,96,45,55,66,76,78,52,75,42,81,93,40,46,90,94,66,84,85,53,96,61,68,67,38,30,36,53
43,65,89,70,94,36,42,81,51,78,77,39,52,56,58,43,49,58,65,67,45,34,76,72,33,34,55,37,77,40,49,86,79,63,44,49,41,91,90,86,55,32,76,73,83,91,54,72,50,37,95,64,75,55,49,79,53,38,51,62,45,95,50,61,80,58,44,35,61,69,86,49,54,62,66,97,80,33,83,47,87,42,63,74,94,83,54,85,72,36
83,72,78,94,46,74,97,75,31,86,81,63,56,77,44,58,50,90,41,73,85,78,69,90,68,44,93,98,66,74,56,57,91,81,96,84,69,44,54,71,53,80,97,76,53,90,45,30,68,57,94,88,81,76,86,32,49,52,75,70,89,51,84,93,34,46,30,50,46,89,91,83,63,48,39,35,81,96,56,91,67,89,49,54,88,41,98,73,45,64
66,71,92,81,46,74,78,32,59,87,69,89,83,40,62,79,71,87,65,76,81,64,90,41,39,76,58,33,73,68,92,79,56,95,58,91,80,35,33,87,52,78,71,40,52,41,37,86,64,42,33,62,40,48,88,96,65,87,84,40,34,84,64,57,92,86,71,42,88,81,94,36,76,92,81,61,43,69,94,71,35,48,45,45,59,53,49,31,95,45
46,34,53,80,92,98,88,48,43,61,42,48,57,81,45,81,56,54,84,59,72,73,37,41,50,91,43,61,87,47,57,54,73,67,32,34,67,30,84,89,91,75,78,81,50,44,44,73,86,53,82,53,31,41,58,55,94,31,34,36,57,38,48,51,82,49,65,60,30,83,82,58,84,44,41,58,69,54,40,83,96,77,56,44,45,38,80,36,94,94
61,75,76,62,96,63,32,81,49,88,48,70,80,36,42,36,97,77,75,44,64,69,64,59,39,59,75,64,95,31,36,39,58,62,54,31,33,36,62,54,64,43,64,43,82,50,31,66,47,67,75,41,70,31,46,85,53,95,75,46,42,90,84,71,78,72,46,46,83,79,58,63,68,72,68,75,90,76,75,81,54,41,42,46,65,49,60,53,65,97
78,69,54,35,51,43,97,61,80,84,56,33,62,43,45,42,82,43,65,60,62,39,86,82,37,64,43,75,90,41,69,46,98,79,48,73,72,41,57,93,47,33,57,46,37,37,81,84,96,46,34,67,81,66,40,69,32,75,76,65,58,30,72,30,78,54,44,58,91,85,41,54,72,63,40,42,83,70,49,94,88,80,83,77,73,59,51,79,41,77
70,57,33,59,80,64,42,65,55,38,95,77,82,39,64,87,54,52,59,60,71,90,35,96,37,71,85,66,69,47,63,81,96,71,62,30,88,64,90,59,31,41,93,63,57,80,85,47,58,56,91,76,69,63,72,37,45,56,79,54,80,61,49,98,78,92,68,65,36,33,50,33,78,76,61,56,97,67,94,96,33,69,55,63,75,76,51,47,52,80
75,40,71,56,44,70,83,76,54,81,75,33,83,92,64,74,65,50,61,64,35,94,92,39,56,74,54,80,85,63,40,88,83,72,89,51,50,31,76,54,95,98,87,52,76,53,56,53,40,89,83,74,80,30,66,53,57,74,39,37,59,84,51,63,34,55,95,33,52,79,33,55,60,56,98,74,45,56,93,80,78,81,47,95,46,83,69,40,60,55
78,39,53,75,97,82,97,36,77,61,56,60,86,90,57,98,36,67,69,32,86,95,40,35,58,58,89,89,38,95,96,77,50,54,89,37,32,53,82,66,59,32,40,75,40,61,71,42,51,64,98,50,33,63,91,84,78,33,37,36,76,62,54,95,65,62,43,38,36,94,54,95,65,58,98,54,92,40,90,72,38,35,84,77,33,64,87,68,75,51
70,83,50,65,58,62,31,82,37,88,48,40,75,30,95,34,83,42,70,36,47,59,89,37,85,91,45,40,33,95,73,44,57,59,66,86,67,33,77,52,60,93,65,37,85,40,43,35,34,73,49,94,76,42,69,33,80,61,46,58,32,98,72,94,51,35,51,47,44,87,46,33,40,31,95,64,93,36,94,81,52,90,56,54,60,65,76,91,97,88
32,41,95,57,48,68,65,38,84,35,41,71,48,45,65,31,33,77,50,34,55,57,41,33,80,64,76,88,98,58,55,92,98,32,98,73,65,59,62,89,89,68,59,96,97,33,52,34,53,83,44,65,39,32,78,31,90,52,89,43,63,39,37,77,52,84,87,38,49,49,85,35,93,76,96,48,58,74,50,39,38,55,40,61,61,33,61,33,35,58
60,46,30,40,37,73,75,44,76,70,58,95,63,47,54,30,42,96,96,69,96,37,31,46,46,72,78,95,58,72,88,55,40,60,49,91,83,38,57,66,52,69,50,62,57,86,91,35,93,59,46,61,74,94,97,35,53,83,81,59,84,49,60,59,90,43,78,78,56,54,72,34,37,79,31,38,57,78,40,93,46,64,37,64,32,40,39,51,58,53
33,92,44,87,36,77,90,56,77,84,64,61,50,44,63,84,57,43,96,89,52,87,73,89,66,48,50,74,94,39,77,59,79,46,52,71,65,67,86,66,87,77,33,59,33,82,81,30,34,50,45,42,67,63,67,94,75,80,44,48,30,52,52,56,37,40,52,34,98,80,30,78,67,53,96,77,31,96,81,47,32,49,47,71,96,70,38,96,94,82
93,80,47,91,54,87,84,73,44,90,81,38,49,57,62,69,51,53,42,39,62,93,81,79,30,41,46,31,61,45,88,36,71,63,97,44,89,54,60,56,36,72,42,41,89,56,40,81,80,86,86,61,72,68,72,33,73,96,41,31,77,57,31,54,54,65,87,56,88,77,39,70,88,30,97,78,97,39,80,81,73,65,37,84,30,96,62,67,53,93
52,56,94,94,41,41,44,84,30,59,49,80,63,44,90,97,36,46,81,79,56,63,95,43,33,86,36,83,87,39,74,84,68,46,69,30,92,88,64,92,63,55,98,49,82,42,89,78,86,47,38,70,65,62,43,30,88,94,71,50,33,77,47,85,62,49,91,45,88,77,73,71,44,45,48,97,82,41,74,91,86,68,34,90,32,33,72,54,72,79
43,41,37,32,83,77,83,95,67,55,69,49,48,62,44,36,32,66,33,40,95,59,82,42,72,83,55,69,62,39,93,71,88,81,93,61,94,74,43,85,79,40,78,42,45,79,68,96,61,83,55,82,89,83,50,68,46,66,49,98,90,77,77,53,75,79,76,37,69,53,76,69,94,34,30,91,66,52,55,77,40,30,61,51,80,71,97,75,81,49
64,42,96,90,57,50,77,97,39,47,76,40,94,92,93,58,51,88,66,40,52,88,51,83,97,45,65,52,56,37,76,46,47,43,44,73,88,57,98,80,31,69,36,91,42,41,93,77,58,42,36,73,41,63,50,39,33,54,78,33,78,37,32,41,98,68,40,57,76,59,64,45,49,86,71,41,71,66,31,96,60,38,50,71,74,60,91,82,61,49
80,88,93,67,82,90,89,78,48,38,54,73,42,62,68,80,37,32,92,69,34,75,60,92,41,43,41,47,81,63,64,76,53,48,52,56,91,33,92,81,95,86,68,70,58,33,82,58,58,37,37,50,60,83,49,85,34,55,85,30,61,48,49,84,43,36,39,90,89,64,65,86,41,45,63,73,82,97,40,83,45,42,49,44,49,43,61,75,75,85
42,47,74,88,81,57,57,92,81,43,38,52,37,74,87,96,73,79,46,33,62,73,92,52,51,42,65,52,85,89,58,96,98,97,63,70,41,80,32,55,81,43,42,93,38,92,68,90,89,77,82,35,76,36,51,51,47,82,81,95,54,95,56,88,45,91,73,32,81,60,31,85,48,36,81,90,70,92,41,81,38,62,34,95,78,42,32,77,46,46
43,87,51,60,89,46,71,70,64,32,82,62,75,53,57,88,87,42,87,32,37,87,88,93,89,64,78,49,62,90,53,69,53,59,71,51,34,39,42,68,61,85,75,53,92,64,98,77,87,95,32,95,61,34,91,40,62,61,56,52,36,81,42,41,33,84,32,62,53,48,73,62,68,41,43,51,95,36,55,70,88,83,68,39,98,96,71,93,63,31
40,38,55,68,32,52,48,70,43,30,59,83,64,35,40,50,98,79,57,79,47,80,79,34,40,55,79,43,43,79,73,42,51,81,38,94,54,41,64,73,80,53,84,51,84,83,67,34,81,68,38,86,57,50,81,53,75,61,98,73,40,70,49,80,87,62,87,56,60,55,44,80,60,68,68,30,65,97,77,41,76,33,97,92,47,43,91,44,48,89
80,30,30,41,88,66,70,53,93,94,33,34,54,32,34,69,32,59,67,54,94,53,64,75,50,75,56,69,83,94,84,66,66,77,63,71,91,86,54,43,32,63,61,48,57,55,49,61,36,50,31,53,35,82,47,58,58,60,50,37,72,75,30,66,89,78,84,98,45,46,88,80,56,39,74,77,68,42,82,55,54,50,84,45,93,88,57,62,67,82
67,41,31,61,48,58,48,54,54,37,38,91,56,78,86,68,50,41,78,71,38,36,70,64,36,34,76,97,94,91,37,88,44,91,77,47,68,57,89,54,53,54,33,62,40,82,41,57,47,53,36,95,58,44,65,41,56,83,53,61,87,71,77,88,53,63,46,78,92,56,31,78,30,39,65,42,32,50,36,79,59,60,73,80,92,52,49,64,73,81
94,92,83,36,30,67,57,48,30,61,60,98,39,76,56,79,97,38,97,60,86,33,40,50,64,39,82,96,37,53,85,92,97,86,84,73,46,85,39,51,98,69,62,60,43,75,36,89,82,76,98,51,76,45,59,34,52,98,75,51,95,46,88,30,50,48,55,49,32,42,68,68,30,64,32,94,76,59,79,73,88,86,91,38,98,65,45,86,31,62
86,88,58,33,42,55,41,95,63,65,89,36,38,71,72,71,90,74,64,58,35,89,37,90,63,89,52,82,31,96,30,93,82,88,35,68,72,34,40,42,53,74,61,72,60,30,95,44,85,71,88,47,77,35,94,63,67,87,49,82,92,57,69,65,65,75,60,90,52,64,91,88,94,55,55,77,65,35,73,54,75,37,78,81,89,39,64,54,30,77
88,40,62,74,59,31,55,54,69,65,73,32,90,35,54,93,31,83,78,51,49,81,75,47,32,96,77,88,92,84,63,78,39,83,92,83,37,39,71,88,58,42,55,65,57,30,92,48,80,88,54,76,30,98,49,51,96,78,45,55,46,47,48,95,71,86,54,90,32,83,91,66,62,81,70,84,59,79,67,64,36,65,84,58,90,91,68,32,46,87
38,71,60,30,67,61,85,82,46,81,70,60,64,55,89,96,78,33,49,58,66,72,98,68,33,58,94,58,65,75,33,58,41,33,63,82,95,82,88,67,95,46,38,44,51,59,31,56,69,64,30,82,63,53,62,70,45,47,72,83,98,64,72,97,36,98,80,63,83,56,52,32,38,49,39,37,58,64,72,66,48,72,50,54,76,81,44,57,91,97
56,43,74,97,42,73,78,57,70,71,46,96,88,84,45,75,80,64,92,92,31,56,53,84,37,86,67,78,84,80,40,97,96,82,45,35,41,46,69,66,47,58,70,57,32,95,90,84,65,91,86,40,43,57,31,85,98,84,58,61,36,43,93,71,83,85,47,75,84,52,97,81,74,88,72,35,44,75,44,39,46,82,33,34,85,48,60,80,66,70
68,45,54,71,76,61,39,72,30,69,77,32,54,53,31,56,33,73,52,62,83,66,68,85,43,64,54,75,86,86,52,71,33,40,79,82,73,56,33,39,75,43,95,98,64,67,83,42,63,40,97,96,75,61,68,84,97,52,70,31,79,67,58,61,95,74,64,75,97,38,37,43,35,75,40,79,40,66,43,42,44,94,52,58,60,96,70,96,40,37
39,89,51,52,58,71,83,44,60,68,43,39,63,58,30,73,37,85,34,41,77,60,77,30,39,35,47,82,84,35,52,58,46,92,82,56,82,31,82,74,77,92,31,36,70,89,61,65,34,84,95,31,72,59,85,68,41,77,91,68,83,75,43,36,75,38,35,44,36,72,44,46,76,41,68,61,79,65,31,64,88,36,54,78,68,43,88,87,67,64
93,55,38,88,71,30,83,36,70,77,59,95,69,31,31,67,42,77,76,95,73,52,94,91,66,63,52,88,60,68,77,58,54,35,54,75,38,74,54,54,52,89,79,34,82,32,70,47,87,48,38,97,56,98,44,35,97,82,49,47,30,52,84,94,84,64,82,58,86,96,34,92,73,31,53,61,45,48,67,61,48,93,94,86,55,44,45,52,88,47
66,90,65,51,45,65,35,71,94,37,54,49,91,66,43,55,40,60,88,80,40,73,48,98,90,90,87,39,48,66,91,57,86,91,53,45,87,59,72,98,57,47,63,55,49,87,53,97,62,32,91,30,54,73,57,37,90,48,76,32,66,96,90,78,91,74,97,90,55,85,47,50,76,70,53,62,68,78,44,66,35,35,32,40,33,93,32,41,41,62
89,71,76,77,54,82,86,36,90,64,43,35,50,63,86,38,61,84,86,96,83,74,72,54,31,87,64,36,77,90,50,40,75,38,54,91,93,43,66,76,52,52,79,58,85,65,60,60,70,54,45,30,88,48,49,69,31,83,39,36,94,38,66,51,79,67,37,33,49,86,80,98,65,54,67,76,97,92,73,97,52,45,70,37,49,77,87,82,43,68
74,32,51,50,68,47,85,41,49,49,48,62,90,53,55,66,97,49,91,44,88,51,79,41,85,98,89,51,68,30,38,78,88,35,87,92,33,59,90,78,36,44,91,55,35,95,59,34,50,42,49,36,97,35,70,96,75,78,71,30,72,76,96,66,64,47,90,84,36,96,97,67,61,83,31,58,61,68,71,37,84,40,62,61,32,48,68,37,77,88
91,91,52,31,93,89,40,44,73,84,54,90,97,41,35,53,68,30,69,65,59,80,44,71,96,87,50,59,48,43,36,33,77,93,55,87,84,82,57,93,76,32,38,49,34,56,65,31,40,32,59,32,47,94,94,32,40,83,49,83,46,39,55,63,66,84,34,97,39,95,71,82,79,49,93,85,70,41,30,45,91,86,51,75,77,33,62,48,85,35
81,33,82,56,97,32,50,83,69,56,32,55,76,89,94,82,32,79,54,72,92,52,66,35,46,72,66,97,64,32,69,66,86,54,50,63,47,78,93,63,88,95,54,68,70,57,37,55,46,38,70,70,92,78,37,62,66,58,35,90,58,59,49,98,45,41,34,31,90,67,97,36,64,53,35,34,64,64,74,71,72,35,72,51,94,87,42,64,98,62
63,66,30,91,37,84,85,88,44,98,94,55,63,46,57,88,85,76,54,60,55,48,38,61,87,31,30,78,65,77,53,60,46,51,32,71,80,77,32,94,86,54,72,57,52,55,56,81,68,32,46,32,40,46,91,87,91,43,79,57,86,50,79,77,49,92,82,46,90,34,82,38,68,68,36,60,85,72,76,37,56,86,74,92,53,73,85,34,90,82
62,94,63,92,59,58,59,87,95,63,59,37,45,63,67,42,98,38,36,32,98,66,37,57,75,69,52,78,44,85,35,89,77,47,49,43,82,45,54,88,62,33,72,96,93,59,64,96,51,45,68,54,82,37,75,88,91,64,43,55,44,82,56,97,55,50,39,64,41,75,86,63,34,87,67,48,50,60,96,30,35,67,62,60,54,73,36,47,44,35
75,59,32,69,98,39,79,53,87,30,36,43,35,81,83,93,58,87,49,81,72,35,72,72,98,39,43,43,91,60,93,67,86,88,75,84,71,91,41,92,31,69,35,62,83,46,97,65,75,55,41,59,40,72,66,68,38,57,50,54,52,91,34,69,87,35,92,91,42,97,92,92,98,49,30,98,33,54,72,60,38,67,89,91,83,80,31,77,65,49
80,72,76,61,41,60,56,78,45,44,76,48,76,76,71,60,39,68,30,61,52,40,71,58,78,48,83,89,63,45,64,65,42,74,81,44,55,64,96,35,51,84,31,54,59,43,76,43,51,80,61,65,67,74,87,59,98,78,39,88,52,38,62,64,48,40,61,34,97,65,53,88,95,38,45,51,72,60,54,95,77,93,59,79,76,96,79,32,97,78
88,53,48,51,43,95,48,91,74,59,72,80,90,77,46,58,64,70,31,71,65,38,47,56,69,33,74,42,46,95,34,45,50,72,55,39,44,94,40,32,54,68,47,50,57,66,82,46,46,78,65,68,30,85,57,46,74,42,86,68,36,67,46,37,37,54,66,66,38,55,59,98,51,86,40,53,42,57,80,91,89,89,57,77,78,34,61,68,59,86
33,58,76,68,70,66,70,37,90,44,89,64,73,31,57,79,59,56,93,51,53,49,85,43,59,65,65,42,57,63,54,56,56,34,92,92,68,80,42,83,35,66,61,59,59,63,87,69,53,35,33,34,80,94,81,64,87,55,80,34,62,84,83,52,39,48,95,49,42,32,79,41,79,86,96,84,31,79,53,30,32,91,64,47,75,64,31,94,32,60
79,66,77,40,52,70,41,51,76,70,31,49,59,54,44,70,43,41,52,94,75,81,45,93,52,48,64,30,50,87,42,54,72,74,33,51,58,88,90,86,81,90,47,40,52,32,70,70,43,39,38,42,91,63,45,89,78,93,87,41,80,61,52,98,84,80,48,53,49,61,68,60,66,72,31,84,82,63,37,98,35,45,85,61,75,98,52,81,84,44
77,80,63,70,85,36,50,63,68,93,88,33,43,83,39,98,88,41,50,41,42,57,83,63,83,83,65,50,42,85,86,76,62,81,50,70,56,72,79,32,76,84,58,85,45,52,83,62,63,32,91,73,39,90,37,95,58,96,51,83,77,83,53,38,82,61,73,65,51,64,66,73,80,65,70,53,57,39,97,92,55,67,44,86,79,47,64,90,71,56
90,89,41,61,90,64,69,74,31,73,52,65,69,56,92,80,65,34,70,60,31,68,98,70,33,57,64,65,94,74,30,52,44,96,83,78,51,74,97,78,57,71,72,63,34,51,77,95,40,66,94,48,48,31,40,71,62,47,85,81,35,93,78,89,40,33,74,68,36,84,93,80,51,85,74,76,97,37,88,33,42,87,74,73,86,62,48,58,57,63
40,82,81,80,95,34,40,39,96,57,33,66,49,89,50,36,40,74,85,57,66,85,38,78,67,44,88,83,66,85,78,72,98,97,82,64,72,92,92,39,46,85,81,74,86,59,61,77,71,52,85,85,38,92,52,63,66,75,72,96,66,82,93,76,31,87,77,40,95,91,61,41,96,58,94,44,64,36,81,33,88,47,59,51,76,32,51,40,51,71
52,73,53,96,50,58,32,56,37,56,88,60,36,86,52,48,47,91,95,49,39,38,87,47,61,74,59,39,41,61,89,92,66,89,63,79,83,60,95,94,53,54,91,59,97,33,34,49,85,80,76,78,62,73,76,44,75,90,86,52,30,57,85,57,34,67,85,46,52,75,57,49,45,87,31,48,70,78,64,57,30,86,63,30,55,73,90,54,95,41
72,72,35,79,90,44,82,90,73,40,31,77,58,43,93,62,96,77,67,41,37,42,41,31,32,95,46,81,95,89,68,92,68,90,49,48,78,72,81,85,95,36,36,35,36,80,72,83,38,79,31,94,72,61,36,59,91,40,85,73,96,49,36,89,73,87,60,47,41,53,33,85,80,80,94,71,62,36,34,45,81,35,37,70,92,89,89,98,40,64
94,65,72,78,43,48,82,46,82,58,94,81,68,85,85,81,55,67,54,30,85,34,45,91,47,78,84,81,55,87,65,90,49,85,65,95,37,68,83,78,94,52,31,66,38,56,97,86,89,69,93,53,98,77,90,71,85,65,67,38,59,32,56,87,65,33,32,61,52,76,40,63,53,47,76,91,55,74,45,46,97,82,95,86,76,69,63,75,47,56
49,59,67,76,33,92,49,76,33,75,35,78,59,83,75,97,71,77,43,65,40,37,47,84,56,34,87,57,68,36,56,59,46,49,61,71,87,44,80,59,30,80,67,49,45,96,67,73,85,67,34,76,76,45,97,41,54,32,31,79,69,93,59,77,44,46,83,42,48,53,85,49,86,67,59,77,53,97,32,45,60,47,90,55,59,38,65,45,50,61
90,96,75,73,70,91,61,68,55,30,64,86,55,75,66,85,96,83,50,35,95,61,38,53,86,92,49,69,62,65,75,82,43,49,79,92,65,98,92,78,59,89,45,69,94,95,32,35,33,72,61,53,31,46,72,34,84,47,97,88,97,79,62,40,63,67,97,73,48,56,66,44,60,82,93,39,80,40,93,67,70,75,47,80,47,32,96,91,86,74
78,71,73,67,43,51,47,59,84,72,76,90,82,87,42,60,55,97,52,90,63,51,56,36,96,54,45,96,93,61,83,95,67,90,96,85,89,54,65,64,69,95,31,91,87,66,79,95,75,89,97,64,47,56,97,76,41,32,90,33,35,62,74,64,40,77,36,87,39,72,49,65,46,42,98,79,40,41,49,36,58,89,59,51,32,68,56,30,78,78
30,78,61,52,56,73,78,69,87,97,33,57,58,54,56,71,98,63,54,36,87,89,61,49,97,60,71,79,69,78,45,89,62,34,93,68,63,57,63,91,42,77,30,91,68,54,58,49,83,72,65,63,95,64,79,37,47,72,73,41,55,87,34,96,76,48,72,30,96,90,30,69,31,36,52,62,35,38,79,50,96,64,85,52,70,57,98,39,62,60
39,89,73,54,59,31,51,85,80,41,93,94,82,80,87,86,54,42,47,39,87,54,59,94,48,37,51,64,69,67,36,73,96,47,89,98,76,95,49,83,67,75,53,82,96,73,32,92,40,83,46,54,39,48,69,97,81,97,86,72,95,96,37,57,36,85,59,63,56,41,31,73,77,52,72,30,57,90,79,84,35,68,55,84,72,87,63,55,98,85
89,97,59,56,48,69,92,67,85,96,57,52,84,38,49,96,96,48,43,52,79,45,98,41,91,85,61,97,98,59,33,62,40,98,64,52,68,70,72,55,42,90,47,47,85,82,67,59,35,78,83,79,67,38,60,42,79,32,34,40,67,62,65,83,94,32,76,67,54,85,61,93,51,94,49,96,42,80,49,48,80,45,56,75,71,92,75,30,71,79
44,60,85,91,54,44,55,45,73,73,76,71,69,85,36,66,70,41,36,49,78,35,69,73,82,68,62,40,54,91,63,87,50,33,54,61,44,54,69,83,97,79,35,83,83,50,95,74,77,39,48,71,69,42,42,41,72,57,50,56,51,59,45,84,39,73,65,88,83,63,75,53,52,60,92,31,62,48,94,72,61,86,82,88,53,84,79,39,78,84
68,81,59,45,60,55,38,31,35,42,53,96,55,75,61,68,53,37,81,57,55,50,66,86,62,69,41,50,48,80,92,76,80,81,48,64,76,92,57,53,86,78,33,30,48,31,49,96,60,75,75,45,30,97,66,32,72,38,89,59,49,59,55,90,60,58,49,53,77,94,46,36,67,85,58,36,83,98,74,79,98,81,66,69,48,70,94,80,77,86
67,60,42,30,97,84,31,72,67,64,54,74,96,42,51,44,96,98,44,47,61,39,94,73,48,98,91,30,95,67,95,84,58,55,62,31,40,51,96,62,76,87,85,88,70,47,96,89,48,97,82,53,71,91,79,91,78,54,62,55,47,32,33,92,84,98,96,72,91,49,72,39,51,90,86,69,53,30,52,48,40,87,69,66,38,34,52,63,78,52
90,41,37,35,63,38,56,89,82,62,47,48,84,75,71,72,63,97,30,32,60,59,55,93,52,77,36,78,63,33,98,65,56,91,40,94,42,50,37,66,51,59,65,30,95,57,78,78,96,30,44,96,38,87,54,95,53,73,37,79,33,35,94,54,35,75,75,47,69,58,32,31,49,97,44,81,35,57,53,36,77,87,82,39,67,44,58,81,34,47
83,39,95,73,30,80,87,35,57,73,89,86,62,31,83,60,42,40,45,68,41,34,35,46,35,79,66,33,77,47,30,95,43,50,89,86,80,57,67,59,65,63,98,74,48,96,66,35,83,97,65,65,95,39,58,58,44,94,74,38,66,49,75,90,53,76,62,91,44,92,85,59,58,50,43,38,74,51,52,62,69,88,31,58,60,83,92,87,70,66
37,96,41,98,84,95,86,51,35,31,84,83,86,39,42,50,61,83,93,69,68,55,63,74,92,90,42,35,37,35,89,85,96,94,59,45,52,67,84,75,32,69,72,41,62,62,73,88,91,30,30,67,49,54,49,79,44,50,38,92,73,51,97,36,95,37,94,43,65,86,83,71,34,33,30,38,31,54,75,86,51,61,54,36,97,58,90,60,49,83
80,76,32,81,91,53,68,31,33,94,79,48,97,67,31,83,64,79,32,95,82,77,71,60,57,31,40,79,31,84,77,57,85,78,83,86,87,66,43,85,51,42,50,70,83,75,62,72,98,53,56,58,71,72,97,38,37,84,92,76,61,75,73,58,44,64,64,67,43,76,30,38,94,59,75,67,73,48,82,38,76,92,66,97,75,74,40,72,34,65
83,95,76,51,63,38,43,86,30,72,46,93,64,87,74,76,71,55,34,89,73,82,53,78,89,55,66,79,52,39,47,45,30,36,63,35,69,71,63,95,42,56,88,46,34,51,78,83,33,68,69,86,52,76,77,86,41,70,92,43,55,38,84,78,81,36,38,36,42,41,91,38,71,54,41,56,88,46,76,61,34,38,97,30,34,44,95,44,35,64
42,49,90,97,51,49,54,97,35,55,98,96,76,65,90,81,42,86,85,56,59,66,58,50,81,94,79,70,80,92,36,33,66,36,35,46,58,80,42,66,59,73,49,41,45,39,84,62,81,82,97,57,90,94,84,34,38,32,34,42,58,90,71,82,84,66,85,35,62,60,35,95,67,85,80,92,70,89,45,78,82,31,35,35,30,96,57,98,31,44
41,34,60,87,85,96,89,45,81,49,95,98,90,85,92,96,95,92,90,69,67,44,33,93,35,54,72,91,93,32,49,31,96,38,97,38,62,31,48,89,61,32,82,60,76,59,54,62,89,44,33,91,51,31,43,92,86,35,86,91,68,86,51,52,34,49,39,35,75,88,70,80,39,92,77,64,52,67,60,83,95,46,72,41,57,32,51,53,79,83
59,77,51,97,98,75,78,31,79,67,74,91,85,42,31,36,75,50,80,96,81,93,98,33,53,36,54,84,58,51,33,70,65,92,57,91,42,36,85,69,51,87,72,47,87,50,88,89,40,38,73,41,33,85,81,64,31,94,84,92,85,38,34,82,87,33,63,30,75,36,95,75,37,77,47,52,47,74,76,69,54,31,66,95,35,83,80,65,77,56
80,63,90,73,69,83,81,51,79,84,83,40,50,31,75,66,90,62,37,60,59,65,36,93,62,83,61,61,32,82,74,98,38,63,78,30,73,94,32,87,44,30,68,89,41,83,95,53,30,41,46,94,31,42,80,35,94,49,40,74,44,35,48,74,35,43,66,51,96,79,92,84,70,81,32,93,30,63,84,98,44,62,87,41,57,55,87,59,51,31
71,42,50,58,45,42,95,97,49,62,49,66,40,76,67,64,86,59,94,63,71,65,85,34,77,94,84,59,92,47,62,79,70,85,79,33,43,79,95,34,49,61,67,86,64,92,57,37,61,61,44,74,89,48,31,82,49,41,36,52,52,41,85,46,35,47,78,86,85,44,94,41,83,73,58,79,60,76,96,98,46,37,56,54,90,89,39,62,82,53
59,93,90,80,38,64,56,90,55,45,68,49,31,90,55,64,47,38,55,72,45,43,45,34,98,70,76,57,40,63,43,35,72,43,92,64,50,31,42,77,52,61,51,30,82,98,38,95,57,30,89,69,78,67,41,51,65,76,61,32,34,60,30,94,96,77,54,46,30,65,43,34,89,46,69,97,49,47,48,84,72,60,34,73,74,79,63,90,54,30
47,96,57,51,84,38,40,44,77,86,36,75,45,79,49,48,70,91,47,83,89,59,66,47,50,90,66,79,83,78,43,32,65,62,93,53,67,76,75,71,75,54,77,44,87,57,82,92,40,71,53,76,34,67,30,67,61,50,93,88,32,87,31,77,96,55,89,48,38,59,51,88,66,47,95,38,56,60,72,83,82,45,94,31,62,83,33,89,39,61
95,89,80,65,71,49,91,71,94,40,71,71,57,60,40,56,80,37,45,97,83,46,40,57,49,87,89,65,89,85,74,98,84,92,68,93,68,51,85,86,46,75,95,49,33,61,73,66,44,80,37,39,31,63,50,80,58,70,61,36,46,96,94,44,74,69,92,59,87,67,83,60,50,35,65,42,62,51,57,43,93,90,34,95,50,32,85,84,72,51
30,79,93,65,62,34,31,31,74,35,74,60,84,67,61,38,92,31,60,84,33,83,82,44,58,39,53,71,74,68,97,67,50,66,85,61,46,93,95,30,39,58,45,81,50,48,66,65,50,78,53,66,41,75,77,93,52,90,67,89,33,45,47,65,97,48,32,85,32,56,40,76,84,67,49,59,33,68,96,70,67,43,40,75,94,45,87,63,66,34
89,56,83,46,95,32,30,87,61,60,90,63,37,95,31,77,73,81,45,77,82,34,41,37,85,42,85,53,76,79,95,36,39,33,37,55,68,34,85,79,70,40,39,56,93,82,65,63,81,36,70,33,35,44,82,64,72,57,83,30,95,58,83,50,36,30,32,49,41,48,55,98,34,57,55,57,42,41,33,93,74,50,45,51,81,80,76,56,73,64
36,60,55,58,47,88,77,40,59,46,40,89,51,56,38,30,82,87,62,75,82,58,58,77,31,77,60,69,89,96,89,43,85,30,70,73,55,88,46,91,81,31,71,84,97,73,49,72,84,48,85,97,94,42,80,90,65,40,66,87,96,32,57,32,57,58,90,56,92,45,60,64,80,97,61,80,53,66,71,32,71,75,80,98,58,48,60,73,53,94
84,88,59,68,67,48,47,64,38,87,76,88,79,92,84,82,77,98,72,38,71,55,51,78,44,47,90,42,46,42,69,97,59,79,66,52,73,84,41,32,57,90,75,50,92,32,94,32,91,90,64,77,84,49,57,65,71,67,96,96,78,97,71,34,52,30,89,88,92,76,87,97,65,91,59,93,92,84,86,68,38,30,58,34,94,63,50,77,82,50
34,38,49,75,83,59,79,98,43,58,73,63,78,65,83,45,95,67,54,92,74,77,60,52,84,45,52,58,91,55,39,49,36,40,87,72,97,51,37,36,42,80,93,94,38,86,37,43,73,33,97,50,84,67,41,53,62,39,50,94,56,71,40,83,92,45,69,56,77,81,80,83,76,80,91,53,38,83,90,53,84,86,50,87,94,33,39,68,46,47
91,51,65,69,34,39,36,36,94,98,54,77,37,52,90,61,83,98,60,36,98,77,53,60,65,60,97,85,86,68,77,44,51,80,98,69,46,39,33,92,43,61,49,32,34,63,39,65,79,75,33,87,81,33,84,89,48,31,95,84,78,35,59,71,53,45,39,87,96,57,74,67,42,77,34,45,62,50,64,32,57,58,69,35,33,49,65,61,92,64
84,39,83,45,47,52,42,94,54,58,34,42,79,92,45,94,63,94,58,57,61,69,67,68,31,98,82,37,90,31,69,32,84,47,65,71,65,46,69,39,82,32,47,38,83,48,43,64,68,41,80,62,67,39,67,47,50,49,52,66,78,43,88,68,97,69,51,47,44,62,98,80,67,53,39,95,87,65,84,30,33,40,70,46,56,45,61,82,49,71
91,89,64,80,54,83,31,85,81,92,36,76,67,51,38,48,65,82,77,67,85,96,55,60,79,43,30,50,72,38,87,88,83,53,84,75,39,56,42,38,30,71,39,63,53,76,69,90,85,86,95,84,37,41,54,58,91,93,59,94,88,56,96,86,36,75,36,31,37,39,91,83,61,41,72,98,44,91,58,32,78,57,42,49,50,88,73,56,91,39
78,59,47,93,68,89,98,57,55,91,90,45,64,52,73,56,49,44,98,74,42,78,36,35,49,36,49,46,42,68,81,88,95,31,69,89,64,62,96,74,98,62,74,77,33,34,79,68,90,69,55,69,59,49,36,74,77,59,45,36,34,60,94,80,85,38,43,41,88,33,69,84,92,97,74,61,78,59,73,64,78,46,59,57,98,96,33,96,38,96
93,96,94,50,62,86,51,96,93,73,60,80,90,78,75,47,71,95,94,72,32,44,62,94,86,42,41,53,67,87,56,77,76,93,84,44,40,47,52,35,90,95,81,83,73,47,70,94,46,78,75,30,61,70,65,72,53,85,42,31,68,65,63,33,36,35,43,89,83,45,40,92,42,59,64,94,52,69,33,76,79,45,31,40,77,70,37,86,64,54
96,97,78,48,53,30,89,69,40,70,70,48,53,57,41,36,65,90,69,62,56,39,81,89,35,87,32,43,60,46,36,58,54,37,47,91,93,31,61,97,77,39,41,52,84,59,75,43,47,72,60,61,95,35,32,86,62,83,30,53,30,67,80,45,59,43,45,98,97,47,72,95,45,51,96,63,72,74,66,75,52,64,38,60,67,63,48,89,32,41
45,62,34,32,68,73,51,36,93,94,51,49,44,97,59,91,63,60,45,67,52,34,68,43,76,69,80,30,36,62,72,74,56,50,68,76,42,44,41,93,75,61,56,62,31,59,92,95,78,78,45,66,33,66,58,93,74,84,86,40,81,53,53,96,73,90,92,78,77,43,89,85,76,55,72,57,90,78,31,48,75,70,80,82,78,61,49,61,46,90
32,77,67,59,83,41,65,61,61,82,34,92,77,77,76,73,53,55,55,62,31,80,43,97,63,41,69,40,47,87,52,33,51,69,50,91,64,72,52,66,59,32,43,55,72,34,39,74,57,71,67,38,75,72,65,92,76,64,80,53,72,93,94,82,86,58,71,68,73,36,75,71,64,76,34,58,43,84,48,90,86,34,38,95,90,92,53,45,74,44
81,57,30,45,81,62,96,40,92,96,66,43,95,34,57,77,38,92,77,59,88,74,35,82,54,45,97,42,49,47,39,95,54,95,46,84,79,53,69,46,55,52,67,86,48,48,38,77,87,53,91,71,51,98,54,84,82,35,60,40,82,64,52,68,77,37,67,30,76,71,65,74,72,53,97,68,89,43,56,30,84,62,77,67,95,59,32,58,38,87
91,60,35,90,93,67,64,83,49,93,79,48,55,98,30,69,34,34,52,60,92,86,91,34,45,71,32,97,62,35,34,50,56,34,33,59,54,36,46,58,52,54,34,71,36,48,85,59,84,49,41,87,97,87,47,66,39,30,39,37,51,81,36,42,35,75,97,48,67,59,37,33,96,59,96,89,45,69,89,93,40,39,61,42,59,52,51,45,62,51
72,46,89,34,46,67,86,48,67,71,64,78,73,85,63,41,83,52,50,56,81,72,44,59,78,51,42,92,34,36,42,31,78,71,68,76,87,52,56,89,83,47,59,91,38,58,43,74,86,40,69,64,51,91,63,44,35,64,74,76,67,76,50,72,61,36,86,97,52,97,82,92,73,44,56,77,40,60,40,87,70,43,61,96,54,30,51,79,69,70
66,65,91,31,54,71,43,81,34,32,66,30,35,52,73,71,42,33,95,50,79,94,71,96,82,72,50,44,48,85,86,30,97,74,94,77,75,77,81,96,42,44,35,83,57,88,92,71,33,33,98,35,70,35,46,57,83,47,70,57,79,79,96,35,40,38,82,63,32,68,62,96,33,44,96,79,89,58,48,35,34,44,46,64,46,65,92,58,79,83
70,47,76,46,50,69,67,38,46,31,81,69,55,42,89,69,93,82,60,50,37,78,63,71,65,34,76,97,85,67,76,47,33,74,82,68,58,96,33,46,78,91,55,70,43,58,89,77,60,33,92,56,96,48,76,55,74,77,34,67,42,67,75,72,87,96,30,77,85,34,89,62,56,34,47,45,43,76,78,52,62,91,52,63,50,54,53,38,35,60
74,95,32,35,67,88,62,69,32,88,83,79,68,59,78,86,38,73,71,41,93,66,42,72,56,90,98,59,47,79,46,85,50,95,33,41,57,76,58,57,73,85,70,36,45,39,70,71,57,76,58,95,37,37,37,95,43,88,54,65,83,71,57,62,67,61,76,68,72,40,52,86,40,91,46,69,88,57,36,61,54,77,41,51,85,92,51,55,59,93
32,32,38,57,85,95,31,70,77,98,63,58,47,40,59,64,91,37,90,87,56,88,45,72,90,79,98,67,89,36,89,33,77,51,97,96,74,34,62,54,51,95,84,54,59,57,44,57,30,67,92,74,96,44,31,79,77,46,32,59,49,93,85,55,71,65,94,45,42,85,83,61,38,54,96,48,81,36,70,33,78,64,94,79,84,73,46,52,58,80
89,91,96,65,63,59,88,96,57,97,41,53,38,63,55,73,83,34,44,76,51,51,80,69,57,73,37,88,34,62,88,32,39,30,51,53,45,54,54,49,75,97,93,56,45,62,93,68,82,46,83,41,51,44,92,31,46,69,72,40,91,61,34,56,70,86,42,42,83,73,41,70,91,39,57,65,68,47,60,39,40,30,87,38,56,43,55,40,44,79
45,49,30,51,77,92,36,79,81,39,49,63,64,91,35,92,32,67,85,52,64,83,57,84,96,92,53,89,80,81,59,45,52,33,96,72,33,91,56,61,67,65,36,89,93,65,60,71,72,73,91,59,55,38,60,52,47,50,63,92,66,66,54,89,64,35,32,90,88,58,39,73,45,61,42,54,37,70,35,74,97,62,70,77,77,33,65,83,61,98
68,78,76,87,81,50,65,31,84,38,93,65,38,35,87,65,89,87,54,66,84,86,88,40,58,96,93,51,58,35,96,89,76,59,83,83,41,91,51,57,34,54,83,91,74,35,87,86,79,59,66,38,75,46,89,38,79,95,63,59,70,79,30,30,53,43,40,31,77,34,53,96,96,71,41,42,37,62,39,75,87,77,92,79,54,61,43,94,40,37
63,68,64,49,61,73,98,67,52,37,63,90,92,53,87,84,72,59,33,63,44,35,87,58,56,87,70,65,65,46,72,76,54,53,82,96,95,69,60,79,82,51,95,83,88,89,53,37,89,64,44,44,43,81,32,91,45,68,60,62,47,54,49,30,33,45,61,96,45,42,86,44,63,63,76,66,65,46,38,32,80,95,95,44,88,74,81,44,96,45
60,75,94,46,68,59,47,87,96,57,40,68,62,58,63,72,33,48,34,90,61,93,41,98,97,75,51,59,75,92,58,83,82,36,34,44,37,50,87,46,92,84,86,65,30,91,44,84,71,60,37,65,51,38,82,68,68,73,31,64,69,56,46,54,88,93,40,52,73,66,60,53,45,69,50,39,80,68,64,87,38,84,55,58,50,85,58,58,37,40
97,92,63,94,89,90,96,87,87,69,96,62,59,59,98,53,96,67,52,80,75,48,48,56,98,46,49,39,47,55,88,41,46,73,43,45,62,55,78,49,76,84,68,39,61,94,51,90,44,89,89,47,81,56,37,49,34,40,64,93,98,40,54,37,59,75,68,30,70,59,86,78,50,67,69,36,69,97,88,38,57,75,87,96,97,67,71,33,83,51
93,86,35,81,96,35,43,74,80,46,67,91,89,70,60,83,72,49,43,67,62,70,55,52,92,66,30,48,51,57,77,91,74,63,66,78,68,49,71,81,45,44,94,58,77,77,50,42,36,46,64,60,41,87,73,95,88,76,82,31,54,35,80,69,70,78,59,44,35,42,51,65,56,32,44,32,74,43,31,65,72,38,54,51,33,75,87,95,61,84
43,54,30,83,84,47,41,51,72,64,54,62,54,69,56,34,67,80,43,91,79,75,55,54,85,78,49,96,84,89,59,69,55,52,58,70,41,81,44,54,96,95,79,53,85,51,86,60,92,91,47,86,66,67,77,36,64,82,61,65,59,83,96,73,66,68,91,97,94,38,62,93,51,43,89,95,33,97,33,79,92,33,82,72,46,88,48,30,37,77
54,72,64,76,48,71,30,57,62,42,55,30,95,62,30,84,46,97,88,84,61,42,33,91,98,92,42,73,63,66,70,96,51,48,35,81,66,85,85,62,74,68,77,45,87,43,58,98,53,71,50,37,93,48,69,49,54,79,54,31,51,42,32,47,51,67,80,88,94,35,31,42,94,43,51,51,64,73,87,64,68,73,69,89,86,95,71,34,88,59
30,56,73,66,46,58,82,64,85,73,62,47,48,59,63,53,76,94,90,56,61,91,97,63,71,66,62,84,84,62,53,59,69,35,48,98,78,45,77,59,37,95,88,91,49,56,86,59,78,50,43,50,31,95,31,51,65,63,75,60,33,94,53,31,84,74,89,68,86,74,72,66,81,92,51,50,84,58,38,94,66,76,86,74,75,84,93,88,58,67
54,70,83,58,42,85,69,39,59,51,76,39,41,39,81,39,39,85,41,79,69,42,68,88,39,46,48,78,82,66,59,56,46,39,62,41,32,87,32,55,90,98,66,83,69,52,76,93,67,34,62,36,54,51,67,49,80,92,38,47,65,54,66,96,97,66,39,72,65,88,60,48,79,89,51,44,79,61,97,93,59,37,73,66,95,48,38,31,45,67
