DDD10101,DDD10105,DDD10109,DDD10113,LCP10101,LCP10105,LCP10109,LCP10113,RTS10101,RTS10105,CIP10101,CIP10105,CIP10109,IOP10101,IOP10104,IOP10107
86.0,87.67,83.67,91.67,85.33,85.67,82.33,86.0,81.33,87.0,86.33,83.67,90.4,85.0,82.5,82.5
91.67,87.33,87.0,81.67,87.33,86.33,84.67,85.67,87.33,91.33,88.67,85.33,86.0,86.0,80.5,87.0
92.33,83.33,82.33,91.33,87.0,85.67,87.33,87.67,85.67,89.67,89.67,87.67,89.2,82.0,83.0,91.5
90.67,83.0,86.33,82.0,90.67,85.33,88.67,88.33,87.0,83.33,92.0,88.0,90.8,85.5,88.0,84.0
88.33,87.67,87.33,84.0,94.33,83.33,90.0,89.0,81.0,87.0,86.33,87.0,89.6,88.5,88.0,86.5
88.33,90.0,84.33,91.0,94.33,89.67,82.67,85.67,89.33,87.33,90.0,88.33,88.4,93.0,87.0,92.5
88.67,88.67,83.67,91.0,92.33,89.33,89.67,91.67,91.67,88.67,84.0,89.33,88.2,88.5,83.5,89.0
89.67,87.0,86.67,90.67,87.67,87.67,85.33,83.0,83.33,87.67,85.33,84.0,88.0,87.0,87.5,90.0
90.67,87.33,91.33,90.0,85.67,85.67,81.67,91.33,83.67,87.33,84.67,90.33,88.8,87.5,94.5,89.5
89.67,89.0,87.33,86.0,83.0,91.67,92.67,90.67,85.33,89.0,91.33,84.67,89.6,86.5,88.5,85.0
89.0,87.67,87.33,89.33,85.33,89.33,89.67,92.67,84.0,91.67,83.33,87.33,89.2,86.0,81.0,90.0
90.67,90.33,83.33,91.67,90.0,89.33,93.67,86.33,90.67,91.0,87.67,89.67,87.6,86.0,86.5,81.5
86.33,88.33,86.0,89.0,92.33,88.0,89.67,83.33,89.33,91.67,92.0,89.33,89.8,90.0,85.0,84.0
84.67,83.67,88.33,89.33,88.67,82.0,89.33,87.33,92.0,86.67,87.33,83.33,86.6,88.5,89.0,92.5
88.0,88.0,84.33,84.0,89.33,93.0,92.33,87.67,85.67,83.67,84.67,87.33,84.6,89.0,89.0,90.0
85.0,89.33,86.67,89.0,86.67,91.0,88.67,84.0,86.0,88.0,87.0,84.33,88.0,87.0,88.0,85.5
88.0,88.67,91.33,85.33,82.0,87.67,84.67,89.33,91.33,81.67,89.67,92.33,89.0,88.5,88.5,92.5
85.33,87.67,87.0,86.0,86.0,87.67,85.67,84.33,92.0,92.33,83.67,92.33,86.6,90.5,82.5,83.0
92.33,91.67,87.0,90.0,89.33,90.67,86.67,86.33,87.0,88.0,88.33,90.33,90.8,90.0,93.5,90.5
91.0,89.33,84.67,88.33,92.33,87.0,93.0,87.67,86.0,88.67,82.33,84.0,90.2,89.0,83.0,94.5
89.67,85.33,85.0,85.0,88.67,90.67,82.33,83.33,88.0,87.67,83.67,93.33,87.8,87.5,82.5,87.5
87.67,86.33,86.33,88.0,81.33,86.33,89.33,85.67,88.67,89.33,89.0,90.67,89.6,89.5,85.5,89.5
87.0,86.0,83.33,83.67,89.67,87.0,87.67,86.0,89.0,83.67,86.0,89.0,91.4,91.0,87.5,89.5
88.33,83.33,87.0,89.67,91.67,91.33,85.67,89.33,89.67,85.33,88.0,84.33,86.8,86.0,87.5,93.5
87.67,89.33,88.67,89.33,89.67,86.0,85.67,83.33,84.67,86.0,84.67,89.33,89.4,84.5,83.5,89.5
85.67,87.0,89.33,87.33,87.67,91.0,88.0,90.67,92.67,87.67,81.67,90.0,86.8,81.0,86.0,88.0
88.33,84.33,84.33,89.0,86.33,90.0,85.0,87.67,90.33,85.0,93.0,87.33,89.0,88.5,83.0,87.5
90.0,86.67,89.0,91.33,88.33,86.0,87.0,86.67,87.0,83.33,90.33,87.33,84.2,91.5,88.5,85.5
86.67,89.33,89.67,84.33,88.33,85.67,84.0,92.67,89.0,88.0,91.33,93.0,87.2,87.0,89.0,88.5
90.33,90.67,93.0,89.67,85.33,88.0,92.0,84.33,89.33,85.33,85.67,86.0,88.0,90.0,94.0,87.5
87.67,88.33,85.67,85.33,92.33,88.33,84.67,90.0,85.0,94.0,91.67,91.0,88.2,90.0,87.5,92.5
88.33,84.67,84.67,88.67,89.67,84.67,85.0,87.0,86.33,87.33,84.67,86.33,89.0,88.5,94.0,88.5
87.0,87.33,85.67,87.33,82.0,91.33,86.67,84.0,89.33,87.67,88.33,87.0,88.6,80.5,91.0,88.5
88.33,87.33,82.67,84.0,88.67,91.33,82.33,86.0,93.67,82.33,85.33,85.33,84.4,89.0,82.0,87.5
89.67,89.33,86.67,85.67,81.33,87.67,91.0,86.67,84.0,89.0,86.33,91.33,88.4,86.0,85.0,82.5
88.33,84.33,86.0,86.67,91.33,85.33,88.33,87.0,87.67,84.0,91.0,86.0,87.0,90.5,84.5,86.0
84.0,88.33,87.67,86.67,89.33,87.0,86.0,90.67,92.0,87.0,85.33,87.0,88.2,85.5,91.5,84.5
89.33,89.33,84.33,86.33,87.0,88.33,84.33,81.67,85.33,91.0,82.67,90.33,88.6,84.0,84.5,86.0
89.0,84.0,89.0,89.33,88.0,90.33,84.33,88.33,86.0,85.0,86.0,85.67,87.4,83.5,83.0,84.5
88.0,90.67,82.0,91.33,89.0,87.67,83.33,89.33,94.0,87.33,84.0,92.0,87.8,86.0,86.0,90.5
82.33,87.33,81.33,87.67,90.0,86.67,88.33,89.33,86.0,82.0,89.33,88.67,88.0,88.0,87.5,88.0
87.33,88.67,88.0,90.0,85.0,89.0,90.0,84.33,89.0,94.0,90.67,89.67,86.0,86.5,87.5,89.0
87.33,93.33,87.0,92.0,86.0,85.67,86.67,88.67,86.33,93.67,87.67,91.67,87.0,85.5,93.0,90.5
87.33,83.0,90.0,85.67,90.67,86.33,87.33,88.33,90.0,87.67,82.67,88.67,89.6,83.5,88.0,90.0
86.33,89.0,86.67,89.0,87.67,83.67,86.67,89.0,92.0,84.67,81.67,89.33,88.2,88.0,81.5,87.0
90.0,93.67,87.0,85.0,84.33,88.33,90.33,87.33,88.67,83.67,87.0,84.33,85.2,81.5,88.0,82.5
85.0,91.0,83.33,87.0,90.67,86.33,92.0,89.67,84.67,91.33,89.0,89.0,84.2,89.0,86.0,86.0
90.0,87.0,85.0,88.67,89.67,86.0,86.67,86.67,81.0,85.0,85.67,88.0,87.8,87.5,86.0,86.0
88.33,88.67,82.67,81.33,83.0,88.67,89.0,86.67,81.33,90.33,83.67,86.0,83.2,82.5,84.0,91.0
85.33,89.0,87.67,86.67,90.0,87.0,89.33,91.0,86.33,89.0,88.0,83.33,87.2,80.5,89.5,86.5
89.33,86.0,93.0,90.0,89.33,90.33,89.33,89.67,88.67,86.0,92.33,89.33,83.4,83.0,93.0,85.5
83.33,81.0,88.0,85.67,92.0,88.67,84.67,85.67,85.67,82.67,87.0,86.0,89.6,88.5,86.0,86.0
89.33,91.0,85.0,89.33,91.0,93.67,91.0,85.33,91.67,88.0,85.0,83.67,86.6,90.0,86.5,85.0
86.0,88.33,82.67,90.33,88.67,91.67,86.33,83.33,89.33,82.67,87.33,87.33,84.0,87.5,90.0,91.0
86.33,91.33,85.67,90.67,87.33,87.33,81.67,90.33,91.0,84.33,88.33,85.33,88.2,87.0,88.0,80.0
83.33,85.67,81.0,90.0,85.33,86.33,85.0,87.0,83.67,82.67,88.0,85.67,85.2,91.5,90.0,91.5
89.67,89.0,87.33,86.67,86.33,88.33,87.33,91.0,90.67,86.33,84.33,84.0,86.8,83.5,92.5,90.0
84.67,86.33,94.0,93.33,89.67,85.0,83.67,86.0,89.67,85.67,89.67,85.67,88.6,85.0,88.0,89.5
90.33,86.33,87.33,89.0,90.0,87.0,85.67,86.33,85.67,87.67,81.67,88.67,87.8,85.5,90.5,88.0
86.67,90.0,89.0,89.33,84.33,83.67,88.0,89.33,90.67,89.33,82.67,89.0,88.2,88.0,88.5,88.0
87.33,86.0,81.67,85.0,88.33,87.67,86.0,86.33,85.33,85.33,92.0,87.0,83.4,83.5,82.5,86.5
85.67,88.67,84.0,84.67,84.0,91.33,87.0,90.33,86.0,91.33,90.33,88.33,89.8,91.0,85.0,90.0
93.67,85.33,85.33,90.0,84.33,88.33,90.33,84.0,86.67,85.33,87.0,89.67,89.0,80.5,84.0,91.5
89.67,84.33,87.67,84.33,89.33,89.67,91.33,85.33,87.0,88.67,82.0,91.0,86.6,83.5,87.5,87.5
94.0,90.33,91.0,89.33,87.67,86.33,88.67,92.0,89.67,87.0,85.0,92.67,87.2,83.0,86.0,91.5
88.33,89.0,83.0,86.0,87.67,90.33,89.33,85.0,87.67,89.67,89.0,86.67,87.8,84.0,82.5,90.5
89.0,83.0,85.67,87.33,85.67,86.0,87.0,86.0,85.33,86.67,85.67,90.33,85.0,88.0,90.0,85.0
89.0,87.33,90.0,87.0,89.33,86.33,85.67,89.33,84.67,92.0,84.0,87.67,87.6,89.0,91.0,87.5
91.67,85.0,86.33,88.0,83.67,88.67,91.67,84.0,91.33,90.0,84.0,84.0,87.0,85.5,92.5,90.0
89.67,88.33,89.33,85.33,90.33,89.0,85.33,86.33,85.0,85.67,88.0,91.0,87.8,89.0,84.0,86.0
83.67,85.67,84.33,85.67,87.33,84.67,93.33,88.33,82.33,88.67,85.0,85.0,88.6,88.5,94.0,88.5
86.67,90.0,85.67,89.0,89.33,88.67,88.0,85.0,91.67,86.67,87.0,88.0,86.4,87.5,89.0,91.5
93.67,89.67,85.67,85.33,83.67,87.33,88.0,89.0,84.67,89.67,86.67,87.33,86.6,88.5,85.5,90.5
82.0,86.67,85.67,82.67,87.67,87.67,88.67,90.0,88.67,88.0,86.0,90.0,85.4,88.0,88.5,88.5
83.33,85.67,87.67,86.33,87.67,86.67,91.0,87.33,87.0,84.67,86.67,92.0,82.0,89.5,87.0,87.5
89.0,86.67,88.0,84.0,86.67,85.67,89.33,92.33,84.67,90.67,87.0,92.0,87.2,88.0,86.0,91.0
87.67,88.33,87.33,87.67,88.67,85.0,90.0,88.67,87.67,85.33,90.0,85.0,85.6,90.5,88.0,91.5
90.67,85.0,87.67,89.33,84.67,87.33,86.33,92.67,84.0,87.0,86.67,85.33,90.2,87.0,88.0,89.5
86.67,85.67,87.0,83.0,89.33,87.0,89.33,81.67,86.33,90.67,82.67,87.67,86.2,84.0,87.5,86.0
88.0,84.33,88.33,84.33,85.67,84.33,82.67,90.0,85.0,85.0,87.0,88.33,87.0,89.5,83.5,84.5
89.67,86.0,93.67,90.33,93.0,88.33,91.0,85.67,91.67,87.33,90.67,86.33,90.2,86.0,93.0,86.5
88.0,89.67,89.33,84.67,88.33,88.33,86.67,82.33,85.0,82.33,87.0,87.67,87.0,85.5,84.0,89.5
87.67,88.0,88.67,86.33,92.67,84.33,90.33,90.33,86.67,85.33,87.33,84.33,87.0,89.0,89.5,89.0
90.0,85.33,87.67,86.33,91.33,93.0,88.67,82.67,88.33,94.0,91.67,90.0,87.6,84.0,81.5,87.0
91.0,84.33,86.67,91.0,90.0,92.0,89.0,90.33,88.33,86.33,86.67,88.33,87.2,94.0,88.0,92.5
88.33,80.33,83.67,89.33,88.33,90.0,85.33,88.0,87.0,85.33,85.33,87.0,82.6,90.0,83.5,85.0
92.67,84.33,87.0,88.0,86.0,86.33,89.0,87.67,88.0,93.67,81.67,88.33,84.8,85.0,84.0,82.5
91.33,94.33,86.33,88.0,82.33,87.33,90.33,84.33,81.0,84.33,85.67,86.67,89.4,85.5,91.0,88.0
89.0,85.33,88.33,87.33,83.33,88.33,89.67,88.67,85.33,87.33,83.33,90.0,88.0,93.0,87.0,82.0
84.67,89.0,87.33,86.0,88.33,86.33,84.33,89.67,87.67,90.67,83.33,91.0,88.0,94.5,93.5,89.5
89.67,86.33,81.0,86.67,89.33,86.0,84.0,90.33,84.67,90.0,83.33,92.0,88.0,93.0,93.5,92.5
87.67,88.67,88.33,89.0,87.33,88.33,92.0,84.33,88.0,88.33,86.67,87.33,90.0,83.5,91.5,91.5
83.0,88.33,83.67,85.67,86.67,91.67,88.0,86.67,90.67,88.67,86.67,91.0,85.8,82.0,91.5,88.5
89.0,85.67,88.33,89.33,88.33,82.33,88.0,84.67,91.33,92.33,86.67,91.0,88.0,88.5,87.0,91.0
88.0,89.67,83.67,88.0,88.67,90.67,83.67,90.33,85.67,86.0,86.67,89.33,85.0,90.0,87.5,88.0
88.67,91.33,89.33,90.67,86.33,87.33,89.33,85.33,89.0,91.67,85.67,87.33,90.6,85.0,88.5,89.0
88.33,88.33,85.0,85.0,91.67,86.67,87.67,82.67,89.0,84.67,90.0,84.0,88.6,88.5,91.5,86.0
90.0,82.67,88.0,86.67,87.33,88.0,89.0,84.67,86.33,87.33,89.0,86.33,88.6,87.5,87.5,87.5
85.33,86.67,87.0,82.33,86.33,90.67,94.0,87.67,86.33,89.0,86.67,91.0,90.6,88.0,85.0,90.5
89.67,88.0,84.33,89.33,83.0,90.67,90.0,84.0,91.33,91.33,90.33,83.67,89.0,91.0,87.5,90.5
91.33,87.0,88.67,85.67,92.67,89.33,88.0,86.33,90.33,82.67,90.0,84.67,89.6,92.0,85.5,83.5
86.67,87.67,89.0,82.67,86.0,89.0,87.0,84.33,87.0,86.33,85.33,88.0,87.6,84.0,87.0,90.0
90.33,91.0,86.0,88.33,88.33,82.67,85.67,90.0,88.67,84.67,89.0,86.67,89.2,86.5,94.5,92.0
85.67,87.33,90.33,92.67,83.33,87.33,87.67,90.0,88.67,84.67,87.0,93.33,87.6,87.5,91.5,85.5
92.0,85.0,89.33,84.67,85.0,87.0,91.33,85.67,88.67,88.0,83.33,88.0,90.8,92.0,88.0,84.0
89.67,89.0,85.33,85.67,89.0,83.67,88.0,86.67,90.67,89.67,85.0,87.33,87.4,88.0,90.5,91.0
88.0,88.33,84.0,86.33,84.33,83.33,93.0,86.67,82.0,84.0,86.67,84.67,90.0,84.0,88.5,89.5
87.67,86.33,90.67,89.0,86.0,89.33,88.33,88.0,85.0,89.0,92.33,89.67,90.0,90.0,93.0,91.5
85.67,88.0,87.0,87.67,89.67,92.67,88.67,88.33,91.0,92.67,88.33,86.33,86.0,88.0,87.0,88.0
88.0,86.67,89.0,85.33,91.33,91.33,90.33,87.0,89.67,85.67,93.67,84.33,87.2,81.5,91.5,89.0
87.67,89.0,92.0,91.33,85.0,88.67,88.33,90.0,88.67,87.67,88.0,90.33,88.8,86.5,87.0,90.0
81.67,89.0,86.33,83.0,88.67,91.67,88.0,85.33,87.0,83.0,88.0,90.67,86.4,89.0,87.5,92.0
87.0,85.33,81.33,93.0,89.0,86.33,86.33,87.67,88.67,86.67,90.33,85.0,91.6,93.5,84.0,85.0
89.0,88.67,87.67,90.67,92.0,88.67,83.67,87.0,87.67,88.33,92.33,90.0,90.8,87.0,91.0,82.5
84.33,86.67,88.0,90.67,88.0,86.67,86.67,92.33,88.33,91.33,89.0,90.0,85.8,89.0,86.0,86.5
91.67,84.0,88.33,84.33,94.0,85.67,85.33,80.67,87.0,87.33,91.0,85.67,87.6,92.5,82.0,92.0
89.33,84.33,92.33,90.0,82.33,83.0,86.33,84.33,86.33,88.67,94.0,87.33,87.4,86.5,88.0,92.0
87.0,86.33,85.67,87.67,81.33,89.33,88.67,89.33,85.67,84.0,83.33,87.33,89.6,92.0,87.5,89.0
85.0,86.33,91.0,89.0,84.33,86.67,86.33,89.0,88.0,85.67,82.0,88.0,87.4,82.5,85.0,87.0
83.0,86.33,90.33,89.67,85.67,85.67,93.67,88.0,91.33,90.0,90.67,87.33,87.4,88.5,88.0,88.0
85.0,91.0,86.67,90.33,86.33,91.33,90.33,88.67,85.67,88.33,88.33,88.33,85.4,92.5,85.0,87.0
88.0,89.33,86.0,86.67,90.67,85.33,89.0,87.33,86.33,92.0,85.67,83.67,86.4,82.5,93.0,89.0
87.67,82.33,86.0,87.0,87.33,90.33,83.33,85.67,86.0,85.67,90.33,83.33,86.4,81.0,86.5,92.0
84.33,89.33,91.67,88.67,88.0,91.0,86.67,87.33,86.67,86.33,87.33,90.0,84.4,87.0,87.0,84.5
88.0,88.0,89.67,89.33,89.0,85.33,90.0,88.0,89.33,88.33,87.0,86.0,87.2,92.0,93.0,91.0
90.0,86.33,89.0,88.67,87.33,87.0,88.33,85.33,86.33,90.0,83.33,87.33,91.6,82.5,87.5,82.0
88.33,86.67,91.67,84.33,85.33,87.33,89.67,90.67,87.33,84.33,86.0,85.0,86.6,88.5,84.0,87.0
91.0,85.33,88.0,86.0,93.0,87.0,84.0,85.67,91.33,89.0,84.67,88.0,86.4,93.0,86.0,83.0
83.67,89.33,82.33,92.67,93.0,88.0,87.67,87.0,86.67,87.33,84.33,83.67,84.4,92.0,83.5,83.0
86.33,88.67,82.67,84.0,81.33,91.67,85.0,90.33,89.67,90.0,86.0,87.0,87.8,89.5,86.0,87.5
87.67,86.0,87.0,84.67,82.67,87.0,92.67,89.33,87.0,87.33,87.33,84.33,88.4,91.0,90.0,91.5
86.67,83.33,89.33,87.33,90.0,87.0,89.0,89.0,84.0,84.33,80.67,88.33,88.8,84.0,91.5,92.0
86.33,92.33,85.33,83.0,90.33,82.33,87.0,92.0,83.33,85.33,88.0,84.0,89.4,81.5,87.0,89.0
83.0,89.33,89.0,83.0,88.33,86.67,89.67,84.0,85.67,89.33,84.0,88.0,90.4,82.5,81.5,89.5
84.67,89.67,84.0,88.33,90.67,89.0,93.0,87.33,86.0,87.33,81.67,91.0,82.2,85.0,87.0,86.5
87.67,88.67,85.33,90.0,88.33,91.67,88.0,90.0,88.67,85.33,86.33,91.0,88.4,84.5,84.5,88.5
82.67,87.0,87.67,86.33,87.0,87.0,84.67,88.0,86.33,92.33,92.67,88.0,87.8,88.0,91.5,85.0
87.67,90.33,89.0,94.33,86.0,91.67,89.33,87.67,85.67,89.33,87.33,90.0,86.0,82.5,85.0,86.5
84.0,88.67,88.33,86.33,86.67,93.67,90.67,89.33,90.0,84.33,85.0,83.33,85.0,86.5,89.0,86.5
86.0,87.67,89.0,84.67,86.67,82.0,84.33,88.33,85.0,87.67,84.33,82.33,90.4,86.0,91.0,95.0
85.0,89.67,84.33,83.33,90.0,89.33,91.0,87.67,84.33,88.33,81.67,88.33,83.8,90.0,87.0,86.5
91.0,90.0,83.0,88.33,88.33,85.67,91.33,88.33,85.67,83.67,88.67,86.67,86.0,91.0,86.5,85.5
86.67,86.67,91.0,89.33,89.33,86.67,88.33,89.67,86.33,82.67,85.33,85.0,87.6,85.5,88.0,84.5
89.67,86.67,84.33,89.67,90.33,85.0,91.67,91.33,84.0,91.0,84.33,85.33,85.8,90.5,80.5,85.5
81.67,89.33,88.67,90.67,83.67,86.0,89.0,84.33,86.67,87.0,86.0,87.33,85.4,91.0,87.0,87.0
89.33,87.0,90.33,90.67,89.67,87.67,87.33,85.67,88.67,84.67,83.67,83.67,86.8,86.0,87.5,92.5
92.67,86.67,88.33,90.33,91.33,92.33,89.67,90.0,87.67,87.67,83.67,90.33,87.0,87.5,87.5,91.5
88.67,82.67,83.0,88.0,89.0,85.0,92.33,86.33,84.33,88.0,88.33,82.67,89.0,86.0,86.0,86.0
88.33,86.33,86.67,85.0,85.0,91.0,87.33,83.0,87.0,87.67,88.67,82.33,89.4,89.0,91.0,83.0
88.0,90.67,92.67,88.0,87.33,84.33,85.67,88.67,83.0,85.0,83.67,85.67,84.6,83.0,89.0,84.0
88.67,88.67,85.33,84.0,88.0,87.67,89.0,92.67,91.67,86.0,84.67,91.33,87.8,84.5,87.5,87.0
88.0,85.33,87.0,85.0,89.33,82.67,85.67,88.0,90.67,89.33,90.0,88.67,88.6,85.5,93.5,84.5
89.67,85.33,89.67,86.33,87.33,90.67,91.67,84.67,85.0,82.0,86.67,84.0,89.4,89.0,84.0,83.5
89.33,88.67,87.67,83.67,87.0,86.67,86.67,88.33,89.33,85.67,84.67,87.0,87.8,89.0,87.5,86.5
82.67,86.33,87.0,86.0,83.0,83.0,88.0,85.33,84.33,89.33,82.33,88.67,89.0,82.0,85.5,86.5
91.33,87.67,88.67,86.0,88.67,89.67,82.67,88.0,92.0,87.0,86.33,83.0,87.8,84.0,85.0,83.5
90.0,90.0,86.0,88.33,86.67,87.67,88.67,87.67,87.0,89.0,88.67,86.33,89.4,94.0,88.5,82.5
90.33,82.33,88.67,83.0,88.67,83.67,86.33,89.0,85.33,93.67,87.33,89.0,84.6,86.5,84.0,94.0
89.67,89.67,85.33,89.33,85.0,89.33,92.0,85.67,92.0,86.0,82.33,87.33,88.6,86.5,92.0,84.0
88.67,86.0,88.67,89.0,81.33,83.33,89.33,85.33,90.67,89.33,90.67,86.67,86.4,91.5,94.5,82.5
89.33,89.0,88.0,85.67,90.67,89.0,93.0,88.0,87.33,86.67,87.0,87.67,87.6,87.5,84.5,90.0
87.0,84.33,86.67,90.0,87.33,87.0,87.0,88.0,89.67,87.0,89.33,89.33,91.6,93.0,86.5,85.5
87.67,82.67,84.67,93.0,87.0,87.67,91.67,86.33,88.67,88.33,86.67,86.33,88.8,88.0,85.5,82.5
85.33,88.0,83.67,84.33,85.67,84.67,88.33,89.0,87.33,87.33,86.33,88.0,90.8,86.0,88.5,86.0
83.33,87.67,85.67,89.0,89.33,93.33,84.0,89.0,90.0,92.0,87.67,85.0,87.4,90.0,91.5,88.5
88.33,86.33,84.67,89.33,87.67,94.0,87.67,88.0,86.33,83.0,85.67,85.0,87.4,83.0,89.0,86.5
90.33,88.67,90.67,88.0,93.33,88.33,91.33,88.67,88.33,92.0,87.33,91.0,85.0,83.5,89.0,83.5
86.67,90.33,88.67,88.0,90.0,88.0,84.67,86.33,87.33,88.67,90.0,88.33,87.6,84.5,95.0,85.5
90.67,83.0,86.67,91.0,89.67,85.33,88.0,84.0,89.33,87.33,90.0,90.0,88.0,87.5,86.0,83.0
82.0,91.33,89.67,88.33,86.67,88.33,84.33,87.33,86.67,91.33,85.67,81.67,85.6,85.5,88.0,82.0
81.0,88.0,85.33,89.67,90.33,87.33,89.0,90.0,83.33,88.0,85.0,84.33,89.2,88.0,88.0,84.5
90.33,86.67,87.0,91.0,88.0,86.33,84.33,91.33,90.67,88.33,87.33,88.33,88.2,81.0,88.0,89.0
84.67,86.0,84.33,87.0,85.0,94.0,88.67,81.67,87.33,87.67,85.0,87.67,89.4,94.0,91.0,88.0
87.0,87.67,88.0,88.67,84.33,91.67,86.33,87.0,90.0,84.33,88.0,86.0,86.8,90.5,91.5,90.0
88.33,83.0,86.33,90.33,86.33,83.0,85.67,88.33,86.0,88.33,86.67,89.67,86.8,88.5,93.0,88.0
85.67,89.0,90.33,89.0,84.33,90.0,84.67,90.33,83.33,86.67,87.33,86.0,89.4,90.0,92.0,84.5
84.0,89.0,89.0,82.67,88.33,88.33,84.67,86.33,87.33,90.33,85.0,90.67,87.6,82.0,90.0,93.5
82.67,89.33,84.67,90.0,92.67,88.67,91.33,84.33,90.33,86.67,84.67,90.67,83.2,80.0,90.5,89.0
88.0,90.67,84.67,87.0,87.33,83.0,83.33,88.0,87.0,91.33,85.33,88.0,88.0,87.0,90.5,85.0
92.0,87.33,86.67,87.33,85.67,86.67,89.33,84.67,87.0,85.0,86.33,83.67,86.2,91.5,84.0,86.0
87.0,88.67,83.33,90.33,87.67,91.0,85.0,84.33,87.0,88.67,86.0,92.33,84.4,84.0,87.5,90.5
87.0,87.33,87.0,87.67,89.0,89.33,87.67,85.67,86.67,91.0,86.33,87.67,88.0,87.0,94.5,82.5
85.67,92.33,91.0,87.0,86.67,86.67,86.67,89.0,90.0,86.0,90.0,87.0,89.0,86.0,82.5,86.0
89.0,89.33,91.33,86.33,89.67,84.67,86.0,88.0,88.67,89.33,89.67,88.33,87.6,86.0,84.0,89.0
89.67,86.67,83.0,90.67,83.33,90.0,87.33,89.0,88.33,86.67,89.67,92.33,88.0,84.5,81.0,88.0
86.67,88.0,90.0,84.67,85.33,90.67,90.67,87.67,87.0,86.33,88.0,87.67,86.4,85.5,83.5,88.0
87.67,90.33,86.33,90.0,89.0,88.0,82.67,89.67,92.33,85.0,88.33,87.33,85.8,90.0,87.0,85.5
89.67,83.33,85.67,87.67,80.67,87.33,82.67,82.67,88.67,81.67,87.33,84.33,90.4,88.0,85.0,89.0
87.67,86.33,87.67,82.33,89.33,85.33,90.0,88.67,87.67,88.67,82.33,85.33,91.4,88.0,84.5,86.0
88.67,82.33,82.33,91.33,83.67,88.67,88.33,90.0,84.67,90.0,86.0,93.67,88.4,85.0,87.0,90.5
88.33,83.67,90.67,84.33,84.67,83.33,89.0,89.67,82.67,91.0,93.67,88.0,90.4,86.5,84.5,95.0
88.67,84.33,87.0,89.67,86.0,84.0,89.0,86.0,84.33,88.67,83.67,87.67,84.8,81.0,87.5,86.0
83.67,88.33,84.0,90.67,86.67,90.33,84.33,84.33,85.67,87.0,91.0,87.33,89.4,87.5,89.0,85.5
92.0,90.0,87.33,90.0,90.0,90.0,82.67,86.67,91.33,86.67,84.33,89.33,88.8,89.0,88.0,85.0
85.67,84.33,85.33,91.0,89.0,85.0,89.33,90.33,87.0,86.67,88.33,88.0,89.4,82.0,87.5,85.0
85.67,82.33,93.0,90.67,82.0,86.33,83.0,84.33,91.0,88.67,83.33,89.0,84.4,85.5,88.0,86.0
83.33,82.33,84.0,87.0,87.0,88.33,89.33,86.33,88.33,86.67,85.0,86.0,89.0,84.0,88.0,85.0
82.67,82.33,89.0,89.67,86.33,92.33,89.67,86.0,85.67,86.0,85.67,89.0,84.0,92.5,85.0,86.5
89.67,84.33,91.33,82.33,91.0,84.0,91.33,85.0,89.67,90.67,87.0,89.33,82.4,82.0,85.5,92.0
89.0,88.33,91.33,85.33,87.0,89.33,88.0,89.33,87.33,86.33,88.0,85.67,86.8,92.5,89.0,83.5
86.67,90.0,85.33,88.67,84.33,92.33,93.0,89.67,88.33,90.0,82.67,88.67,87.4,82.5,80.5,91.5
87.67,88.0,90.0,87.0,88.67,89.0,85.0,88.0,88.0,86.33,87.0,88.0,87.0,90.0,86.5,89.0
89.67,87.67,88.0,89.0,85.67,85.0,84.67,85.67,89.67,88.67,88.0,85.33,89.6,90.5,87.5,89.0
86.0,90.67,90.0,87.67,85.33,88.67,87.0,86.33,88.67,85.0,90.0,84.0,85.8,86.0,86.5,86.0
85.33,89.67,92.0,87.67,87.0,90.33,85.67,88.0,87.0,92.33,87.0,87.67,90.8,84.0,81.5,95.0
86.33,83.0,87.33,87.67,86.33,89.67,88.0,89.67,83.67,88.33,88.33,90.33,89.6,88.5,93.5,88.5
92.0,87.0,86.67,89.67,88.33,87.67,91.0,88.33,92.33,89.67,90.0,89.67,86.0,83.5,87.5,83.0
87.0,88.67,85.67,89.0,83.67,87.67,88.33,85.33,90.0,82.33,84.67,88.67,87.4,87.5,89.5,90.0
88.67,83.33,86.67,84.0,91.33,94.0,86.67,89.0,84.33,87.33,88.33,90.0,85.4,89.0,90.0,87.0
88.33,83.33,87.67,91.67,86.67,90.33,84.33,87.67,85.33,89.0,86.67,88.0,90.6,91.5,86.5,87.0
85.33,87.0,91.67,89.0,87.0,86.33,92.0,81.67,89.33,86.67,87.67,89.0,84.2,84.0,89.0,89.0
90.0,88.33,87.0,83.0,94.0,87.33,85.0,86.67,84.0,83.0,84.33,83.0,87.8,81.0,85.5,90.5
90.33,81.0,85.67,87.0,82.67,89.67,86.0,87.33,83.0,89.67,90.33,89.33,86.8,86.0,84.5,91.0
85.0,87.67,87.67,86.67,85.67,86.33,91.0,91.0,85.0,88.0,87.33,89.67,89.4,89.0,87.0,83.0
90.67,89.67,91.0,89.67,85.0,84.33,88.67,82.67,87.0,86.0,85.0,89.0,87.0,91.5,87.5,94.5
88.67,89.0,86.0,89.67,82.0,89.0,87.67,87.33,85.0,84.67,84.33,89.67,86.0,83.5,88.0,84.5
84.33,88.0,90.33,86.0,88.67,89.0,88.33,85.33,89.33,86.0,88.67,87.67,89.2,87.0,89.0,88.5
85.0,90.67,88.33,87.0,90.33,85.33,85.33,90.67,89.0,86.67,91.67,87.67,85.0,87.0,93.0,84.5
90.67,88.67,88.33,88.0,92.33,83.33,84.0,89.0,84.0,88.33,86.0,82.0,84.8,89.5,91.5,87.0
87.0,87.67,83.33,84.33,81.67,85.67,86.33,89.0,82.0,86.67,86.33,91.67,85.6,83.0,89.0,86.5
87.67,87.67,88.0,88.0,89.0,90.0,89.33,87.0,89.67,94.67,89.67,89.0,84.6,86.5,87.5,86.0
88.33,85.33,88.0,87.67,92.67,88.33,85.0,91.0,92.0,84.67,86.33,90.67,88.0,88.0,89.5,88.0
89.0,86.0,88.33,84.67,90.67,88.0,89.67,86.33,87.0,90.0,84.67,86.33,85.0,81.0,88.0,88.0
89.0,89.67,87.0,91.0,88.33,92.0,90.0,86.67,90.33,92.33,87.33,90.33,86.8,93.0,92.5,91.0
92.0,86.67,85.67,88.33,83.0,89.0,87.67,90.67,82.67,86.33,89.33,86.0,86.8,90.0,94.0,81.0
87.33,90.33,88.67,88.0,88.0,92.67,91.0,90.33,85.67,85.0,89.33,90.67,85.2,87.5,86.5,80.5
88.0,91.0,90.33,82.0,86.33,91.33,88.67,94.33,85.33,90.67,92.33,89.67,88.4,91.0,89.0,87.0
87.67,91.33,84.33,87.0,83.67,89.0,84.67,84.33,87.33,87.67,87.0,87.67,88.6,90.5,85.5,91.5
84.33,82.33,93.0,85.67,85.67,89.67,88.33,86.0,86.33,87.0,90.0,88.33,86.8,88.5,94.5,94.0
88.33,84.67,85.33,87.67,86.67,90.67,90.0,85.67,85.67,88.67,87.0,86.0,88.0,85.0,92.5,85.0
90.33,87.67,92.67,85.0,85.33,86.33,85.0,87.33,87.33,83.33,85.67,86.67,88.4,85.0,88.0,84.0
87.33,86.33,88.33,87.0,90.0,84.67,86.67,91.0,85.67,92.0,89.0,87.0,88.0,87.5,86.0,94.0
85.67,86.0,88.67,88.33,87.33,87.33,86.67,86.0,87.67,92.33,84.33,88.33,89.4,80.5,90.0,86.0
88.67,88.33,87.0,86.0,89.0,86.67,84.67,89.33,90.0,84.67,86.67,83.67,87.0,82.0,85.5,85.5
86.33,82.67,84.33,83.33,89.0,85.0,82.33,89.67,88.0,82.0,89.0,90.33,86.0,86.0,83.0,90.0
90.33,90.67,85.33,84.33,90.67,90.67,88.0,88.67,88.67,90.33,87.67,88.33,85.2,86.5,93.5,93.5
87.33,87.33,89.33,83.67,88.0,90.67,85.0,88.67,87.0,88.33,88.0,90.0,92.0,87.5,91.0,86.0
91.0,86.33,85.0,84.67,88.33,83.0,92.33,86.33,87.0,88.0,87.33,90.67,89.0,89.5,94.0,85.0
83.33,82.67,86.0,84.67,89.33,89.67,88.33,93.33,91.0,84.33,85.67,85.0,87.6,92.0,86.5,84.0
93.33,84.33,89.0,85.67,89.0,83.0,87.0,87.67,88.0,86.0,89.33,85.0,87.8,86.5,84.0,85.0
90.33,87.67,81.67,90.0,87.33,89.67,88.0,91.67,90.33,84.0,87.67,89.33,86.6,85.0,82.0,92.0
84.0,88.33,88.0,90.33,91.33,93.0,88.0,84.67,87.67,86.0,90.0,83.33,88.4,92.0,89.0,89.5
92.33,89.33,94.33,82.0,90.33,84.67,91.0,88.33,83.67,82.0,89.33,90.0,87.6,86.0,92.5,86.5
89.33,84.0,85.0,87.0,83.33,86.0,87.33,90.0,89.33,91.67,88.0,88.0,89.6,94.0,83.5,85.5
89.67,81.0,87.33,89.67,88.33,90.0,93.67,88.0,83.67,88.0,93.33,84.67,87.4,88.0,80.0,91.0
84.33,83.33,89.67,88.33,86.0,88.67,92.67,88.0,90.0,88.0,83.33,88.33,91.0,83.5,94.0,86.0
86.0,85.33,86.0,88.33,82.67,80.67,90.33,93.33,86.67,85.67,85.33,85.33,87.6,87.0,85.5,88.0
89.0,88.0,92.33,84.33,87.0,86.33,87.0,89.0,87.0,87.0,84.33,88.33,88.0,81.5,91.5,88.5
85.67,87.0,85.0,86.33,85.67,85.33,84.67,88.33,90.67,89.0,88.67,88.67,86.8,87.5,88.0,88.0
93.0,92.0,85.67,82.0,87.67,86.67,88.67,84.33,88.0,87.33,87.33,85.67,86.4,89.5,91.5,87.5
89.67,90.67,89.67,84.67,81.0,85.33,93.67,84.67,84.67,90.67,88.33,90.67,87.4,86.5,91.0,87.0
92.0,91.0,84.0,84.33,84.67,86.67,87.67,92.0,84.0,89.0,87.0,90.0,84.6,93.5,90.5,86.5
84.67,89.33,88.0,89.33,87.33,89.33,85.33,90.0,89.0,84.33,91.0,89.0,87.0,87.0,94.0,86.0
84.67,87.67,85.0,84.0,89.67,90.0,87.67,88.0,84.67,86.0,89.67,90.0,83.6,87.5,86.0,93.5
84.0,92.0,89.67,84.0,89.67,87.0,84.33,88.33,87.67,88.33,86.33,84.33,85.4,90.5,89.5,91.5
81.67,82.67,89.0,81.0,88.0,91.33,89.0,82.67,88.0,83.67,90.0,88.67,88.4,84.0,88.0,85.5
92.33,90.67,87.0,85.0,81.33,91.0,89.67,89.67,85.33,89.0,90.0,90.0,88.8,87.0,85.0,93.5
86.33,92.67,85.33,86.33,91.67,90.0,85.33,93.0,87.67,85.0,88.0,85.0,88.0,93.0,90.0,87.0
82.67,88.33,86.0,88.67,84.0,88.67,91.33,86.0,90.0,95.0,88.67,88.0,90.8,93.5,84.0,92.5
90.67,90.67,92.67,92.67,85.67,88.0,90.33,86.33,85.67,85.33,87.67,89.67,84.6,90.5,89.0,91.5
91.33,83.67,89.33,88.0,88.33,90.67,83.0,89.67,85.0,87.67,86.33,87.33,86.4,91.0,86.5,89.0
90.0,88.33,86.0,89.0,87.67,88.67,89.33,85.33,85.33,89.0,90.0,88.67,87.6,90.0,87.5,87.5
87.0,83.67,82.67,84.33,85.67,86.0,86.0,90.0,93.33,91.67,88.33,85.67,87.0,87.0,88.0,91.0
86.33,87.0,88.67,87.0,80.67,86.67,88.33,85.33,87.33,89.33,83.0,89.67,86.6,89.5,82.0,84.0
91.0,86.67,87.67,91.0,89.0,88.0,87.0,85.33,93.33,86.33,83.0,87.67,87.2,90.5,87.0,81.5
86.33,89.33,87.67,85.33,87.0,86.67,85.67,87.67,87.67,89.0,85.67,85.0,87.2,83.0,87.0,86.5
87.67,87.0,89.33,84.33,87.33,81.33,83.0,87.33,85.33,85.67,88.33,85.0,87.2,85.0,88.0,89.0
84.67,89.67,87.33,87.0,87.0,88.67,84.67,88.0,91.0,85.0,86.33,88.33,84.8,80.5,89.0,88.0
88.0,85.33,82.67,88.33,81.67,84.0,87.0,86.67,86.67,89.0,88.33,87.33,87.4,90.5,89.5,90.0
89.0,89.0,92.33,84.67,88.0,82.33,88.33,87.33,86.67,92.67,87.33,88.0,87.2,85.5,88.5,90.0
84.33,84.0,88.33,85.67,91.0,88.0,87.33,89.67,89.0,93.33,92.33,90.33,88.6,93.5,89.5,86.5
89.67,89.67,83.0,87.33,88.0,85.0,90.67,88.33,92.0,86.33,89.67,90.33,87.0,83.0,91.5,86.0
84.67,84.67,88.0,88.0,83.67,94.0,89.33,89.33,85.67,84.33,87.0,84.33,88.8,92.5,85.0,82.5
88.67,89.67,88.67,86.33,86.67,82.67,90.33,85.0,88.67,89.0,90.0,88.33,87.4,88.5,92.5,87.0
86.0,88.33,88.67,91.0,86.0,92.67,91.33,88.67,86.0,85.0,87.33,88.33,85.0,92.5,91.5,91.5
90.0,85.33,83.67,85.0,89.33,86.33,86.67,86.0,88.33,84.0,89.33,88.33,87.0,88.0,87.5,86.0
85.0,85.67,85.67,94.67,88.0,81.0,90.0,85.0,87.33,86.0,87.33,85.67,89.4,90.0,84.5,85.0
91.0,90.0,88.67,89.33,89.67,83.67,91.0,87.0,88.33,84.33,86.33,90.33,87.6,89.5,87.5,81.0
87.0,88.33,80.33,85.67,91.0,86.33,88.67,90.0,90.0,91.0,91.33,90.67,89.0,83.5,89.5,91.5
86.33,92.0,89.67,90.33,91.33,89.67,90.0,89.67,87.67,87.67,86.33,86.67,86.8,82.0,83.0,86.0
90.67,90.33,89.0,89.67,88.67,85.33,87.0,85.33,85.0,86.33,90.67,84.67,85.8,93.5,82.0,85.0
86.33,85.33,84.33,89.67,91.67,89.33,87.67,90.33,91.67,89.33,88.0,84.67,86.6,88.0,87.0,86.0
83.67,86.33,89.33,87.0,93.33,87.67,88.33,93.0,89.67,88.0,86.67,88.67,91.0,85.0,89.5,84.5
92.33,85.67,90.33,88.67,86.33,89.33,87.33,86.0,85.0,87.33,84.0,88.33,84.4,85.0,84.5,89.0
87.33,88.67,91.0,89.33,89.0,83.67,86.0,89.67,88.67,89.33,93.33,93.0,87.6,87.0,89.5,82.5
84.0,87.0,88.0,83.67,87.0,87.0,85.33,87.0,88.33,86.67,90.67,82.33,91.8,90.0,90.0,90.5
87.33,92.0,86.67,89.33,85.67,85.67,86.67,89.0,88.33,85.67,85.33,87.0,86.4,83.0,83.0,88.5
89.67,88.0,85.33,84.0,89.33,88.33,88.67,86.33,85.67,81.67,85.0,91.67,86.4,87.5,95.0,84.0
83.33,86.33,81.0,82.67,82.67,85.33,90.0,80.67,88.33,85.67,86.0,87.67,86.6,89.0,85.5,87.5
85.33,88.67,85.67,88.67,88.67,83.67,90.67,87.0,91.67,85.0,87.0,90.67,88.0,88.0,90.0,86.5
83.0,84.67,86.0,90.33,84.67,86.67,85.0,85.33,88.33,84.67,86.0,84.0,86.6,86.5,87.5,86.5
91.0,90.67,88.33,83.67,83.0,85.67,90.67,83.33,87.67,88.67,87.67,91.33,87.0,89.5,85.5,87.0
94.33,91.67,88.33,88.67,89.33,87.0,92.0,91.0,89.0,88.67,86.67,88.67,88.0,82.5,89.5,92.5
86.67,89.67,82.0,93.33,91.67,85.33,90.67,87.33,86.67,87.0,87.33,90.0,90.4,85.0,90.0,85.0
80.33,87.67,91.33,82.67,92.0,85.0,88.33,86.33,88.0,86.33,91.67,87.67,87.6,93.0,86.0,87.0
89.0,89.33,91.0,88.0,82.67,84.0,85.0,85.33,84.33,88.67,84.67,85.33,85.6,89.0,89.5,89.0
90.0,85.33,89.33,84.33,92.33,85.67,88.67,90.33,83.67,84.0,89.0,87.33,86.2,88.0,93.0,87.5
91.67,86.0,89.33,88.67,91.0,88.0,89.0,86.0,89.33,88.33,86.67,83.67,84.0,93.0,82.0,85.5
88.67,92.33,86.33,83.0,92.33,86.67,87.67,86.0,86.67,85.33,88.33,88.0,87.0,90.5,85.0,88.0
85.33,88.33,86.67,86.67,86.67,87.33,87.0,89.0,88.67,93.0,83.67,94.0,85.0,83.0,87.5,89.5
88.67,92.67,88.0,85.67,86.33,89.33,85.33,86.0,87.33,90.0,90.0,85.67,86.2,84.0,85.5,86.5
90.33,88.0,86.33,88.0,83.0,91.33,83.0,85.33,84.67,81.0,88.33,84.33,86.2,86.0,89.5,80.0
87.0,86.0,85.0,87.0,89.0,87.67,85.33,87.67,93.0,87.0,87.67,89.33,86.2,83.0,91.5,89.5
87.67,90.67,90.67,85.0,92.0,83.67,86.0,87.67,85.33,87.0,89.33,92.0,91.0,87.5,80.0,86.5
89.33,89.67,91.0,91.67,91.0,87.33,89.67,84.33,87.67,88.33,89.0,86.67,90.6,84.5,89.0,87.0
87.33,83.0,88.0,89.67,89.0,85.67,89.33,81.33,87.0,87.33,85.33,86.67,88.2,87.5,89.0,88.5
89.67,85.33,89.67,86.0,89.33,90.33,89.0,90.33,88.33,81.0,86.0,87.0,85.6,89.5,95.0,80.5
83.0,89.0,86.0,91.0,85.0,92.33,89.33,89.0,83.67,84.0,89.0,89.33,86.0,92.0,85.5,92.0
91.67,88.33,84.33,80.67,89.67,87.0,87.0,91.0,93.67,85.0,91.0,83.67,91.2,85.0,93.5,93.5
87.33,87.33,87.67,86.67,87.67,87.67,87.67,92.67,89.67,90.0,86.0,89.67,90.0,85.5,85.0,88.5
86.0,90.67,90.67,88.67,86.67,87.33,86.67,89.33,86.67,92.0,91.0,87.33,86.0,88.0,86.5,85.0
86.33,85.0,89.0,88.0,88.67,91.33,88.0,88.67,83.67,86.33,89.33,85.33,84.2,93.5,87.0,90.5
89.0,84.67,89.33,82.0,91.0,88.0,89.67,89.33,85.33,87.0,88.33,87.67,89.0,82.0,89.5,91.0
85.67,87.0,85.33,89.0,83.0,89.0,88.0,82.33,89.33,89.0,87.0,87.33,87.0,87.5,80.0,90.0
87.67,88.0,88.0,85.67,85.0,83.0,88.67,84.33,82.67,88.0,89.33,83.67,85.8,87.5,90.0,87.0
85.67,90.33,86.0,85.0,86.0,87.0,83.33,85.33,87.0,88.67,93.0,82.33,85.6,94.0,88.5,88.0
90.67,88.0,88.67,86.67,86.33,85.67,90.67,89.0,87.67,92.33,90.33,84.67,86.2,89.0,86.0,87.5
88.33,88.67,89.33,88.0,92.0,90.0,84.67,90.67,89.33,84.33,87.0,86.0,84.2,85.5,93.5,89.0
87.67,90.0,86.33,81.0,88.33,92.0,90.0,92.67,89.0,84.0,85.0,90.0,86.4,89.0,93.0,83.0
88.33,92.67,84.33,84.33,85.33,84.0,90.33,84.33,85.33,84.67,91.33,83.0,82.2,84.0,90.0,86.0
87.0,90.33,87.67,86.67,87.67,88.33,87.0,88.67,90.0,87.67,86.0,84.67,85.8,92.5,88.0,91.5
87.67,88.67,84.67,90.0,87.67,90.0,91.33,89.33,88.67,88.0,88.67,90.33,92.4,85.5,91.0,81.0
87.67,93.33,89.0,89.33,90.67,84.67,92.0,90.33,85.67,89.33,84.67,87.0,84.6,89.5,83.5,83.5
90.0,84.67,88.67,89.67,88.0,85.33,86.33,84.33,86.67,87.67,89.0,85.0,85.2,83.0,91.0,85.0
84.33,87.33,85.0,89.67,88.0,86.0,86.0,87.33,86.0,89.0,90.33,91.0,89.8,87.5,88.0,85.5
91.0,85.33,85.67,84.67,91.33,83.67,91.33,83.67,90.0,86.33,89.33,84.0,87.4,87.5,88.5,89.5
86.33,83.67,87.0,89.0,86.67,91.67,87.0,89.67,89.33,89.33,87.0,86.67,89.2,88.5,83.5,85.0
85.33,84.33,85.0,83.67,87.67,89.0,83.0,88.0,88.67,88.0,91.33,87.33,87.8,89.0,80.5,81.0
86.0,85.67,85.33,89.33,90.33,87.33,87.0,88.0,87.0,89.67,87.33,87.67,88.6,84.0,91.0,83.0
94.0,83.33,88.33,87.67,86.33,88.67,91.33,89.0,88.33,90.33,85.67,85.67,88.0,87.5,91.0,84.5
88.67,87.33,86.33,85.67,85.0,86.67,91.0,87.67,90.0,84.33,90.33,91.67,83.0,87.0,89.0,84.5
86.33,85.33,86.33,88.0,88.33,89.67,87.67,86.33,85.0,88.0,89.33,90.0,88.2,86.5,85.0,93.5
87.0,86.0,85.67,88.0,92.67,84.67,85.0,84.0,88.33,85.0,86.67,91.0,85.4,89.0,88.0,93.5
92.67,88.0,85.67,92.67,88.67,83.0,85.67,89.33,82.67,91.33,89.0,90.33,88.6,89.0,91.5,91.5
88.0,83.67,88.0,88.0,85.67,86.0,90.67,93.0,84.0,92.33,82.67,87.0,87.8,87.0,90.0,87.0
88.67,86.33,84.67,89.33,85.33,84.0,90.67,90.33,91.33,87.33,89.67,91.33,85.8,88.0,89.0,87.5
87.33,86.67,87.33,89.0,83.67,82.67,85.67,89.67,88.67,88.67,85.0,85.0,85.8,80.5,85.0,87.5
84.33,85.67,90.67,91.33,85.33,87.33,93.33,87.0,88.33,82.33,85.33,85.0,83.0,89.5,92.5,94.0
91.67,87.67,85.33,84.67,91.0,90.33,85.0,89.67,92.33,88.33,88.0,81.33,90.0,88.0,84.5,88.5
89.33,88.0,91.33,82.33,91.0,84.33,85.67,87.67,86.33,91.0,86.0,88.67,89.4,92.5,81.5,87.0
85.33,85.0,85.33,85.67,85.0,92.0,90.0,89.33,89.33,87.67,88.33,84.0,88.6,83.5,82.5,84.0
87.0,87.67,88.67,90.67,89.33,87.0,87.67,91.67,83.67,90.67,91.67,81.67,87.4,82.0,82.5,86.5
83.0,85.33,85.33,87.33,88.0,87.33,92.0,85.33,88.67,86.33,89.67,93.33,92.2,82.5,85.5,90.5
89.0,85.67,91.0,91.67,84.67,88.33,83.33,90.67,83.0,86.0,81.33,88.67,88.4,85.5,89.0,89.0
88.33,91.0,89.67,85.0,87.67,88.33,90.0,89.0,86.0,82.0,88.33,90.33,84.8,84.5,87.0,87.5
85.0,90.33,90.0,89.67,91.67,90.67,86.0,93.0,89.0,89.0,84.67,88.33,87.0,84.5,89.0,88.0
86.0,87.0,86.33,82.67,85.33,91.0,90.33,85.0,91.33,86.67,87.33,84.0,86.8,86.5,86.0,87.5
91.33,87.33,91.33,86.67,94.0,93.67,89.67,83.67,83.33,87.33,81.67,88.33,87.4,85.0,88.0,91.0
85.33,93.33,88.0,89.0,87.33,86.33,84.33,89.33,87.33,84.0,85.67,82.33,84.6,85.0,86.5,92.0
90.67,87.67,91.0,88.67,86.33,89.33,89.33,90.67,87.0,90.33,84.33,90.0,88.6,90.5,90.0,92.0
83.0,88.33,84.0,91.0,86.0,87.33,84.33,86.67,85.0,88.33,89.67,87.67,86.2,84.5,82.0,89.0
87.33,90.0,89.33,86.67,86.33,90.0,85.67,90.67,81.67,83.33,81.67,88.33,90.2,93.0,86.5,86.0
88.0,89.33,88.33,86.0,90.0,87.0,85.0,87.0,91.0,84.0,87.67,85.67,90.4,90.0,90.5,90.0
89.33,84.67,85.0,81.67,91.67,94.33,87.33,93.67,84.33,89.0,89.67,85.67,85.0,85.5,82.0,89.0
84.67,90.33,87.0,89.0,89.33,84.0,85.67,82.33,90.0,93.33,92.67,86.67,87.6,86.5,86.5,85.5
83.33,92.33,90.0,90.33,87.0,88.33,84.67,88.33,84.67,90.67,89.33,91.67,86.8,88.5,81.5,91.5
87.33,88.0,88.33,86.0,84.33,86.67,90.67,87.33,90.67,84.67,85.67,84.33,87.6,85.5,90.0,93.5
86.0,85.33,90.67,86.0,88.67,88.67,90.33,86.33,86.33,86.33,88.0,87.33,86.2,87.5,87.5,87.5
91.0,86.33,83.33,87.33,86.0,87.67,85.33,85.33,92.33,92.0,86.33,87.33,89.8,82.0,86.5,95.0
90.67,86.33,93.33,84.67,86.33,88.67,86.33,91.67,88.33,86.0,85.67,85.67,88.6,87.5,87.5,90.0
88.33,88.33,82.67,85.0,89.67,87.67,87.67,84.33,89.33,84.33,87.0,86.33,90.8,91.5,87.0,85.5
91.0,88.33,91.33,91.0,90.33,85.33,84.0,90.0,86.67,91.33,85.0,84.67,90.8,90.5,82.5,83.5
85.67,88.67,90.0,85.33,89.67,91.0,86.33,89.67,87.0,84.0,89.33,87.33,90.8,81.5,88.5,85.0
91.33,86.0,89.0,88.67,87.33,88.0,86.67,93.67,88.67,92.67,85.0,86.67,86.2,80.5,88.5,91.5
87.33,85.33,83.67,87.33,83.67,81.0,88.33,91.67,89.0,82.67,87.0,92.67,89.4,89.5,87.5,84.5
88.67,89.0,86.67,91.0,89.0,87.67,92.67,90.0,85.67,88.33,85.0,86.0,91.2,86.0,82.0,88.0
87.33,83.33,91.33,88.0,88.33,87.0,92.0,82.33,81.33,89.0,87.33,83.0,87.8,84.0,91.5,84.0
87.33,88.67,90.33,89.0,88.33,87.0,86.33,89.67,85.33,85.0,87.67,87.33,87.0,89.0,92.5,88.0
88.67,90.0,88.33,89.67,89.33,87.33,90.33,88.0,86.0,89.0,88.0,82.0,86.2,90.5,84.0,90.5
87.67,88.33,83.0,88.33,87.33,92.0,87.33,84.0,86.67,86.67,87.67,91.33,87.8,84.0,83.5,86.0
86.67,85.33,90.33,86.67,87.67,87.0,91.0,90.33,86.67,86.33,92.0,81.33,85.8,87.5,86.0,83.5
87.67,88.0,84.67,82.33,85.0,91.67,83.67,89.33,88.33,84.0,82.0,86.33,88.4,81.5,90.0,85.5
88.33,89.0,84.67,82.33,85.33,90.0,84.33,89.33,84.33,89.67,90.0,87.0,87.0,88.5,82.0,92.5
88.0,88.0,87.0,86.33,89.67,86.0,87.33,92.67,89.0,86.33,92.67,86.33,82.8,82.0,86.5,92.5
88.0,86.67,86.33,84.67,85.33,82.33,86.0,86.33,81.67,81.67,90.33,86.33,90.0,87.5,90.0,84.0
84.0,87.67,84.33,90.33,90.33,89.33,84.67,84.67,83.67,87.0,84.33,85.0,84.6,84.0,85.5,89.0
85.67,88.0,90.0,86.33,85.33,90.0,93.0,90.0,90.33,85.33,86.67,90.33,88.0,81.0,82.5,89.0
87.0,84.67,88.33,87.33,87.0,93.0,84.33,87.0,88.0,92.33,91.33,90.0,84.6,85.0,90.0,85.0
90.33,93.33,85.67,84.67,88.0,88.67,86.0,87.67,90.67,91.67,86.0,84.0,85.2,82.0,82.0,92.5
86.0,88.0,87.33,86.0,83.33,88.33,84.67,88.67,86.33,91.67,88.33,89.67,85.8,88.5,91.5,90.5
85.0,84.0,86.0,86.0,90.33,84.0,88.67,86.67,86.67,82.33,85.67,89.33,87.2,89.0,83.0,88.0
85.0,88.67,87.67,85.0,87.67,84.67,90.33,85.33,85.67,91.33,88.67,93.0,86.8,85.5,88.5,87.5
88.0,81.67,86.0,85.0,87.0,91.0,86.67,87.0,90.0,89.33,88.33,88.33,85.0,84.0,88.5,84.0
90.0,90.0,84.67,89.67,84.33,87.67,86.0,88.33,89.0,85.0,88.33,85.67,85.0,89.5,93.0,90.0
84.33,90.0,87.0,91.0,86.0,89.0,87.0,87.67,89.33,89.0,83.67,84.67,91.6,88.5,85.5,80.5
85.0,85.33,85.67,85.33,89.67,86.67,84.67,83.67,92.0,85.33,89.33,87.67,89.2,84.0,88.0,91.5
89.33,84.0,89.33,88.0,87.67,88.67,87.33,86.33,86.0,84.67,85.0,86.33,87.0,82.5,88.5,83.0
88.0,86.0,87.33,89.33,86.33,90.33,89.33,86.33,91.67,86.33,88.33,89.0,87.8,88.0,92.5,87.0
90.0,84.33,85.67,88.0,87.33,87.33,85.33,87.33,85.67,83.33,83.67,88.67,90.8,87.5,87.5,89.5
88.33,93.0,87.67,86.33,87.0,89.0,88.33,88.67,85.0,85.33,87.67,89.33,87.4,95.0,80.5,87.0
88.67,84.33,86.0,82.0,90.0,91.67,86.0,87.67,87.33,91.0,93.0,82.0,89.4,89.0,85.0,84.0
84.67,87.0,85.0,85.67,84.33,84.67,89.33,88.0,85.33,92.0,83.0,81.67,91.2,88.5,84.0,83.5
91.0,89.67,92.67,84.0,90.33,87.0,83.33,87.33,86.33,91.67,83.33,88.67,87.8,92.5,88.0,87.5
84.33,86.33,90.0,82.33,92.0,86.0,84.33,84.33,89.33,87.0,92.67,81.0,86.8,88.5,82.0,91.5
93.33,83.33,86.33,86.33,84.33,84.67,92.0,86.67,85.67,90.0,87.67,92.67,90.2,82.5,87.5,89.0
85.33,84.33,89.33,85.67,86.67,87.0,88.33,90.0,87.33,89.33,89.0,82.67,87.4,93.0,87.0,87.0
82.33,86.0,90.33,91.67,87.33,90.67,89.33,88.0,89.33,87.33,87.67,83.67,89.6,93.0,86.0,91.0
85.0,88.33,88.33,84.67,85.33,90.33,90.0,88.67,82.67,86.33,83.0,87.0,91.8,82.0,93.0,87.0
86.67,88.0,88.33,89.33,91.33,90.33,88.0,83.67,85.0,86.0,91.33,87.67,87.8,85.0,89.0,81.5
87.33,85.33,80.67,90.33,90.33,89.0,91.0,87.0,86.33,87.67,85.67,90.33,88.0,87.5,90.5,87.5
87.67,86.33,87.0,89.33,85.67,86.0,87.67,86.33,86.33,85.33,84.0,88.33,92.8,92.0,82.5,89.0
87.67,88.67,86.67,89.33,86.0,85.0,85.33,87.67,87.33,83.0,82.0,86.33,92.0,89.5,92.0,92.0
84.67,84.0,84.0,83.33,89.0,91.33,87.67,88.33,81.33,84.33,84.67,84.0,85.4,87.0,92.5,87.0
85.67,91.0,85.33,90.67,86.67,91.67,93.0,88.67,83.33,88.0,88.33,88.67,88.4,88.5,80.5,84.5
91.0,86.0,85.67,88.0,87.0,87.67,86.67,92.0,84.0,86.33,86.33,85.33,88.0,92.0,89.5,89.0
83.67,89.0,87.0,85.67,87.0,85.0,89.33,84.33,91.67,85.33,84.0,83.67,89.6,85.0,83.0,90.5
84.67,85.0,89.0,88.0,85.67,90.0,83.0,91.0,83.0,88.0,88.33,86.33,84.6,94.0,87.5,83.0
84.33,88.0,88.0,84.67,85.67,92.67,85.0,89.67,83.67,91.33,88.33,91.67,87.4,88.0,81.0,86.0
88.33,90.67,90.33,85.67,86.33,90.33,87.67,88.33,89.67,86.0,86.33,86.67,88.0,84.0,84.5,91.0
85.33,88.0,92.33,88.33,85.0,86.67,84.67,84.33,89.33,86.0,85.33,86.0,85.4,84.5,87.5,84.5
87.33,89.33,91.33,89.0,90.33,88.0,89.0,82.67,88.0,83.33,89.0,87.0,88.4,91.5,84.0,87.5
89.67,83.0,88.33,84.67,87.67,87.0,90.33,93.0,85.0,88.67,83.0,90.33,89.4,90.5,88.0,87.5
89.67,88.33,88.67,88.33,87.0,90.33,84.67,88.67,85.67,87.0,86.33,86.67,86.4,83.0,83.0,87.5
84.0,87.0,88.33,89.0,88.33,91.67,84.67,89.33,82.67,86.67,86.33,88.0,90.6,88.0,87.0,81.5
88.67,88.33,88.67,86.0,86.0,84.67,92.33,89.0,90.0,93.0,88.0,83.67,88.6,85.0,89.0,93.0
87.67,89.33,88.0,91.67,88.67,86.0,87.0,90.67,84.67,89.0,81.33,84.67,88.6,93.0,82.5,89.5
88.0,88.33,91.0,83.33,87.67,90.67,86.67,86.33,85.33,85.0,91.0,88.0,87.6,91.0,87.0,82.0
91.67,85.33,88.0,87.0,85.33,88.33,86.67,91.33,88.33,87.0,85.33,84.33,84.6,84.0,89.5,91.0
86.67,87.0,86.67,83.67,86.0,88.67,87.67,84.0,91.33,86.0,86.33,84.0,87.0,92.0,90.0,90.5
83.0,93.0,87.33,87.67,87.33,88.33,87.33,85.0,92.0,91.33,82.33,87.67,90.4,81.5,85.5,90.5
90.33,90.33,86.33,86.67,83.0,91.67,92.0,85.33,86.67,87.67,89.67,91.33,85.8,87.0,87.5,84.0
85.33,92.0,87.0,89.33,89.0,87.0,86.33,89.67,85.33,81.33,90.0,88.0,86.4,86.5,89.5,85.0
88.0,85.33,89.0,88.67,87.67,86.33,89.33,83.33,92.67,86.67,88.67,82.0,87.0,90.0,91.5,91.5
83.33,85.33,87.0,88.33,92.67,82.33,88.0,85.67,91.33,91.0,88.67,89.67,90.2,87.0,91.5,93.0
84.33,94.0,94.33,89.33,86.33,82.67,88.67,82.33,81.67,91.0,86.33,87.67,88.8,93.0,85.0,84.5
89.0,94.0,86.33,84.67,89.67,84.67,89.0,87.67,88.33,91.0,90.33,92.67,85.4,87.0,90.0,93.5
88.0,90.0,92.67,86.67,82.67,88.0,83.33,85.33,87.0,90.33,85.67,84.67,87.8,93.0,85.0,88.0
88.33,88.0,86.33,81.67,89.67,87.0,87.67,87.0,87.0,91.67,88.0,84.67,88.0,87.5,91.5,87.0
90.0,87.33,92.0,86.33,81.33,84.67,85.0,83.0,85.67,88.33,86.67,85.67,86.8,86.0,81.5,83.0
85.33,89.0,85.0,85.67,84.33,85.33,89.0,85.67,88.0,84.0,91.67,92.0,91.8,84.5,86.5,84.0
84.67,87.67,91.33,89.0,88.67,89.67,88.0,89.33,88.67,82.33,92.33,88.33,90.2,86.0,85.5,88.5
86.33,89.0,88.0,93.0,87.0,87.33,89.33,83.0,85.67,86.33,84.67,83.67,87.2,84.5,87.0,83.5
86.0,87.0,84.0,89.33,86.33,90.67,89.67,88.33,85.0,88.0,86.67,86.67,86.4,91.0,88.5,88.5
89.33,86.67,82.67,85.33,86.0,88.67,84.33,88.67,86.33,90.0,89.33,91.0,90.0,85.5,80.0,81.5
88.0,92.0,88.67,89.33,89.0,86.33,85.0,89.0,86.33,92.0,91.67,84.0,87.2,91.0,91.5,86.0
88.0,86.67,84.0,88.0,86.33,85.33,85.33,87.0,80.0,83.33,88.0,87.0,89.4,91.0,93.5,84.0
84.0,86.0,85.0,85.0,89.33,85.33,89.0,89.33,85.67,88.0,88.67,86.33,86.8,90.5,84.0,91.5
86.67,91.0,83.33,89.33,83.67,84.67,86.33,89.33,84.33,89.67,86.67,87.67,85.4,86.0,84.0,85.5
87.0,86.0,89.67,87.67,85.67,86.33,83.67,86.33,86.33,81.33,84.0,89.67,89.8,88.0,86.0,87.0
86.67,88.67,88.67,91.67,86.0,92.33,91.0,85.0,88.33,88.33,85.67,87.33,87.0,89.5,91.0,92.0
88.0,86.33,86.33,88.33,89.67,90.33,84.67,84.67,86.33,90.0,92.33,86.67,86.8,84.5,86.0,90.5
90.33,87.0,92.0,84.33,82.67,88.33,88.0,91.0,88.33,85.0,84.33,86.33,91.4,85.0,83.0,90.5
87.67,91.0,85.33,84.33,84.67,82.67,88.0,89.67,90.0,91.67,89.67,85.67,86.2,88.0,87.0,86.5
85.0,88.33,86.67,91.0,87.67,89.33,85.0,90.0,86.67,87.0,89.67,87.33,85.8,92.0,94.0,93.5
89.33,85.0,89.67,88.0,88.67,86.0,86.0,83.0,89.67,89.33,88.67,86.33,88.4,90.0,87.5,86.0
93.0,92.67,91.33,83.0,89.33,86.0,89.0,83.67,90.67,83.0,87.33,85.67,85.4,87.0,88.5,89.0
85.0,85.67,87.0,85.0,87.0,89.0,88.0,87.0,89.67,89.33,91.0,83.67,85.2,86.0,89.5,80.5
87.33,90.0,83.67,86.0,85.67,85.33,90.0,87.33,87.33,90.0,87.67,88.0,90.4,88.0,85.0,85.0
88.33,89.0,83.0,87.67,89.33,85.33,88.0,93.33,87.67,88.0,89.67,91.0,91.8,88.0,85.5,88.5
90.0,88.67,92.0,83.67,88.33,88.67,87.67,85.33,86.33,92.67,83.67,83.67,87.2,86.5,89.0,91.0
87.0,88.33,89.33,90.67,86.67,85.33,86.33,87.33,87.0,92.67,87.0,88.67,88.6,93.0,82.0,90.5
90.67,88.33,86.67,92.0,82.67,86.67,91.0,86.33,92.0,87.0,83.67,90.33,86.8,92.0,87.0,87.0
87.33,90.33,85.0,86.0,87.67,89.33,85.67,90.33,85.33,88.0,87.33,87.67,86.8,83.0,87.5,87.0
89.33,87.33,84.33,89.67,88.0,92.0,89.33,84.67,90.67,93.0,86.0,82.0,85.0,89.0,82.5,90.5
91.67,86.67,90.0,86.0,86.67,90.0,87.67,91.67,84.67,89.33,87.33,87.67,87.4,90.0,84.5,90.0
83.33,87.33,85.33,88.33,84.67,87.67,84.0,86.67,86.67,92.33,88.67,88.33,90.2,88.0,86.0,92.0
86.67,86.67,87.0,89.0,89.67,85.33,85.33,89.0,90.67,87.67,92.0,89.0,88.0,89.5,85.0,93.0
91.33,91.33,83.67,88.0,90.0,88.67,89.0,87.0,86.67,85.0,83.0,87.67,90.2,82.0,88.0,86.0
88.67,90.0,84.0,87.67,85.67,83.0,89.33,87.33,91.0,91.67,87.0,87.33,88.4,88.0,81.0,87.0
91.0,90.67,87.0,86.33,90.33,87.33,88.0,87.67,86.67,83.67,86.67,85.0,86.8,86.0,84.5,85.5
86.0,86.33,87.67,87.67,89.33,87.67,88.0,89.0,84.67,81.67,89.0,91.0,86.4,88.0,85.5,81.5
85.67,88.0,89.0,87.33,85.33,86.0,86.67,86.67,86.67,85.0,88.0,86.0,88.2,87.5,90.5,81.0
92.33,89.0,86.67,89.33,87.33,89.33,91.33,89.0,88.0,86.67,89.0,88.67,90.0,92.5,87.0,92.5
85.33,83.33,88.33,84.67,88.67,86.33,85.33,87.67,89.67,87.67,86.67,87.33,87.8,85.0,87.0,84.5
86.0,85.67,88.67,86.0,87.0,87.33,91.67,86.0,90.33,89.33,84.67,89.33,89.4,81.5,88.5,87.5
90.0,88.0,93.33,90.67,84.0,90.0,87.33,88.33,87.0,86.33,85.67,87.67,86.2,87.5,95.0,89.0
85.33,88.0,90.67,92.33,92.0,89.0,86.67,83.0,90.0,86.33,85.0,85.67,91.6,87.0,85.5,91.5
92.33,89.67,88.33,89.67,90.67,90.33,84.67,84.67,87.67,87.67,88.33,91.0,85.2,87.5,84.5,91.5
90.33,83.0,88.33,85.0,86.67,93.0,86.33,82.67,87.67,83.0,91.67,85.33,91.6,87.5,86.5,85.0
84.33,88.33,89.67,87.33,90.67,90.0,83.67,87.67,85.67,89.33,91.0,88.33,87.0,83.0,83.5,84.0
89.0,91.33,84.33,88.67,91.33,86.0,92.0,91.67,87.0,92.33,86.67,92.0,89.6,81.5,91.5,88.5
90.0,89.67,86.0,85.67,89.0,87.33,90.33,88.33,87.33,90.0,88.67,93.33,89.6,94.0,91.0,89.5
84.67,83.33,84.67,91.33,87.0,88.0,86.0,88.0,83.33,88.67,89.67,88.0,84.2,85.0,87.0,88.5
90.67,92.33,92.67,87.67,88.33,83.33,86.0,91.67,89.67,88.0,84.67,88.33,86.4,84.0,88.5,86.5
89.0,89.33,87.0,89.33,86.0,90.0,84.0,90.33,83.67,87.0,87.67,89.67,91.0,91.5,85.5,85.5
91.33,89.67,87.67,83.0,90.33,89.67,88.33,87.67,89.67,85.33,90.67,88.0,87.0,84.5,81.5,83.0
88.0,84.33,91.0,89.67,84.0,91.0,90.67,87.0,85.0,87.67,88.0,82.67,86.8,84.0,83.5,87.5
90.33,86.67,84.67,85.33,89.0,89.33,85.0,82.0,85.0,89.67,88.67,85.0,87.2,89.0,93.0,86.5
86.33,83.67,93.33,82.0,86.67,91.0,92.33,87.67,87.33,82.33,85.33,89.33,89.8,89.5,87.0,89.0
91.0,88.67,91.67,85.67,84.33,89.0,87.0,85.67,84.33,91.33,90.33,87.67,92.0,83.5,88.0,82.5
85.67,89.33,85.33,93.67,86.67,85.67,84.67,85.33,91.33,88.33,85.0,86.0,88.2,86.0,86.5,86.5
83.67,88.33,85.33,86.33,83.0,90.0,89.33,92.33,87.33,83.0,87.67,88.33,87.0,81.5,89.0,90.0
85.0,87.67,85.33,86.0,93.0,84.0,87.0,90.33,87.33,85.33,89.67,86.0,90.4,88.0,95.0,87.0
85.33,89.0,82.0,89.67,87.33,86.0,92.67,92.67,83.67,83.0,86.33,90.0,87.6,92.5,89.5,86.5
83.67,86.0,89.67,88.33,86.0,89.67,89.33,85.67,94.0,87.67,85.67,85.67,87.0,88.5,80.5,88.5
90.33,86.33,86.33,90.0,86.67,85.67,92.33,86.67,87.33,87.33,85.0,88.67,86.8,84.0,84.5,86.0
86.33,90.0,91.33,89.33,89.0,84.67,92.33,85.33,84.0,89.67,91.0,87.33,84.6,90.0,86.5,84.0
83.0,84.67,86.67,87.33,89.0,83.67,88.67,87.0,87.0,90.33,91.0,85.33,85.0,82.0,91.5,87.0
89.33,90.0,86.0,90.33,91.33,91.33,88.0,86.33,86.0,87.0,88.33,83.0,90.0,86.5,87.0,90.5
90.0,86.33,88.33,93.0,86.67,87.33,86.67,85.33,92.33,84.33,88.0,84.67,86.6,83.0,91.0,90.0
85.67,91.0,86.0,88.67,86.0,86.0,88.33,89.0,87.33,86.67,85.67,87.33,86.8,92.5,84.5,90.0
93.33,86.67,89.33,83.67,88.33,84.67,85.0,86.67,86.0,89.33,84.0,90.67,87.0,89.5,89.0,89.0
85.33,84.33,85.67,87.0,87.67,90.0,91.33,90.33,87.67,87.67,88.67,85.33,89.0,85.0,87.5,90.0
84.67,84.0,84.67,87.33,91.67,91.33,86.33,91.0,87.33,91.67,87.33,90.0,86.8,89.5,81.5,91.0
84.0,87.0,87.0,83.0,87.0,89.33,90.67,87.33,85.33,92.67,85.0,87.67,85.8,84.5,88.0,84.5
89.67,91.0,84.33,90.33,86.67,83.33,84.33,88.33,87.0,89.0,89.33,81.33,89.0,80.5,91.0,84.5
87.0,85.33,85.67,85.33,87.67,91.67,89.67,88.33,86.33,86.0,86.33,84.0,86.4,91.0,83.5,91.0
86.33,91.67,82.33,89.33,88.0,84.33,89.33,90.67,85.33,84.33,93.67,86.33,89.8,83.0,88.5,84.5
88.0,85.33,83.0,87.33,88.0,89.33,89.33,85.33,85.0,84.67,85.33,87.67,86.2,86.5,83.5,82.5
87.67,84.33,88.0,87.33,87.0,88.0,92.33,85.33,86.67,87.0,87.0,88.33,89.2,86.0,91.5,88.5
89.0,89.0,82.0,87.67,88.33,81.67,91.0,88.67,91.33,91.0,94.33,87.0,85.4,87.5,91.0,89.0
85.67,88.33,89.67,90.67,85.33,84.33,91.33,86.33,87.33,88.33,87.0,88.67,85.4,94.5,86.5,91.5
90.0,85.0,91.67,86.67,83.33,87.33,92.0,87.0,86.33,88.0,85.33,89.0,89.2,82.5,93.0,91.0
85.0,90.33,87.67,89.0,85.33,85.67,83.67,84.33,92.33,90.33,87.67,90.0,89.0,88.5,88.5,90.5
85.67,90.0,85.33,85.33,91.0,86.67,88.33,90.0,91.0,89.67,85.67,87.67,84.2,90.0,86.5,93.5
83.33,90.0,86.0,90.33,87.0,90.33,88.0,84.33,87.67,86.0,85.0,85.0,85.4,93.5,85.5,90.0
85.33,88.0,92.67,87.67,86.67,91.0,85.67,87.33,88.33,91.0,87.0,86.0,87.6,87.0,82.5,90.5
84.0,90.33,86.0,83.0,89.0,92.67,88.0,88.67,88.33,86.67,90.0,84.0,89.2,85.5,82.0,87.5
87.0,85.0,86.67,89.33,89.67,89.0,86.67,84.67,88.33,86.33,86.0,89.67,85.8,90.5,86.0,83.5
86.33,90.0,89.33,91.67,89.0,90.33,90.33,85.67,86.0,82.0,87.0,89.67,86.8,84.0,91.5,84.5
89.0,89.0,90.0,92.33,86.67,92.0,89.67,87.0,86.0,88.67,88.67,87.0,86.4,88.5,85.5,92.0
83.67,86.33,86.0,90.33,91.33,85.67,84.33,83.33,84.33,91.33,92.0,86.67,85.8,87.5,87.0,93.0
88.33,85.67,87.0,88.33,89.33,89.33,85.0,82.33,87.67,84.0,88.67,88.0,86.0,88.5,85.5,86.5
85.33,89.33,87.33,86.67,87.33,86.0,87.33,87.0,82.67,86.0,85.67,87.33,87.8,87.0,83.5,86.5
90.0,89.33,86.33,85.0,88.33,90.67,83.0,87.67,90.33,91.33,87.0,81.67,86.0,87.5,87.0,92.5
90.0,85.0,92.33,86.0,89.0,86.67,88.0,92.33,84.33,84.67,85.67,86.0,90.2,87.0,87.5,90.0
85.67,88.0,90.33,85.67,90.0,86.33,88.67,84.67,85.0,88.0,84.0,84.67,88.2,83.0,89.5,88.0
88.67,86.33,89.67,89.67,86.33,84.0,89.67,89.0,89.67,84.0,84.67,85.67,83.0,82.5,86.5,90.5
88.67,86.0,87.33,89.0,84.33,84.67,89.33,84.33,89.0,85.0,87.33,84.67,86.6,86.0,91.5,92.0
85.67,84.67,89.33,89.33,87.67,85.67,88.0,86.0,87.0,88.0,86.0,83.0,89.0,87.5,91.0,94.0
84.67,86.67,91.0,89.0,88.0,91.33,87.0,89.67,85.33,87.67,87.0,87.67,87.6,87.5,83.0,86.0
85.0,89.33,88.33,86.0,89.33,93.67,91.0,85.33,85.67,84.33,91.33,87.33,86.0,88.0,89.5,83.5
87.33,86.67,89.0,90.33,87.33,87.0,86.0,87.33,85.67,92.0,86.33,86.33,89.4,86.0,89.0,90.5
85.33,85.33,89.67,86.67,85.67,88.67,91.67,88.0,87.0,85.0,89.67,87.0,89.8,89.0,87.0,81.5
90.67,84.0,89.0,86.67,88.33,91.67,93.0,83.67,87.0,83.67,86.67,83.0,85.0,90.5,85.0,87.0
85.0,90.0,86.0,87.0,91.67,90.67,88.67,93.67,88.67,86.67,88.0,85.0,88.6,91.5,87.0,84.0
85.67,87.0,84.33,94.0,81.67,87.67,90.33,90.0,88.0,83.67,88.67,84.67,87.8,92.0,86.5,86.0
94.67,86.33,86.67,90.0,83.33,91.0,85.67,92.33,91.33,86.33,91.0,84.33,82.4,88.0,89.0,84.0
90.67,93.33,89.0,85.67,86.67,90.67,81.67,81.33,86.67,87.33,85.67,87.0,88.0,88.0,86.5,91.5
90.67,85.33,81.0,80.67,83.0,86.33,89.0,82.0,85.0,83.33,87.33,86.67,85.4,89.0,88.0,90.5
86.67,87.0,90.33,86.67,89.67,89.33,84.33,88.0,89.0,87.33,87.0,87.0,87.2,86.5,87.0,88.5
83.0,87.33,86.33,86.0,88.67,91.67,85.67,85.67,85.67,93.67,90.0,85.67,88.0,85.0,90.5,90.5
87.67,89.0,85.67,89.67,86.0,87.0,84.33,85.33,88.0,92.67,89.33,83.67,90.2,87.5,85.5,88.0
87.33,88.0,85.33,86.67,82.67,88.33,86.33,85.0,83.67,84.33,86.33,88.67,89.4,88.5,85.5,85.5
85.67,88.33,82.67,87.0,89.0,88.0,88.0,85.67,85.67,89.67,82.67,86.0,88.6,93.0,90.5,90.0
83.33,86.0,83.33,85.0,88.0,86.0,87.67,85.67,83.0,85.67,90.33,93.33,85.8,85.0,89.0,88.5
87.0,87.67,85.67,88.67,92.0,86.0,84.33,87.0,84.33,91.33,88.33,85.0,87.4,93.5,92.0,93.0
84.67,85.0,87.33,91.67,92.67,89.33,87.33,87.33,84.33,85.33,91.0,86.0,86.8,82.5,86.5,84.5
88.0,86.67,83.0,86.67,87.33,89.67,89.33,90.0,87.67,85.0,86.67,87.67,84.8,93.5,86.0,84.5
86.67,88.33,86.33,89.67,90.0,82.0,84.67,83.0,82.0,90.0,87.0,82.67,88.0,93.0,87.0,85.0
89.33,84.67,89.0,88.0,85.67,84.33,89.0,86.67,83.0,88.0,84.33,85.67,87.8,91.5,89.0,86.0
88.0,85.0,83.67,85.0,89.33,88.33,85.0,87.0,90.0,88.33,87.33,88.67,90.0,81.5,89.5,87.0
85.0,90.0,90.33,86.33,90.67,85.67,87.0,91.67,85.0,85.0,84.67,90.33,85.6,85.0,87.0,82.0
86.33,84.0,86.67,91.0,91.67,87.33,88.33,85.67,83.0,92.0,84.0,88.67,90.6,86.5,86.0,91.0
88.33,89.0,83.0,86.0,89.33,87.33,85.0,92.0,86.33,89.33,87.0,86.33,91.2,90.5,90.0,85.5
86.67,88.67,87.0,91.0,88.67,92.67,90.0,88.33,88.67,89.0,87.67,86.33,86.8,90.0,86.0,88.0
88.33,86.67,86.67,86.67,86.33,89.33,91.0,87.33,86.0,88.33,90.67,85.67,88.0,88.5,85.0,92.0
90.67,87.0,87.0,84.33,86.67,85.67,87.0,89.67,87.67,89.67,87.67,89.0,87.6,83.0,89.5,93.5
92.0,86.0,87.0,92.0,86.33,89.0,85.33,86.0,83.33,91.0,91.0,87.0,86.8,90.5,89.0,81.0
87.0,86.33,85.67,86.67,84.67,88.0,90.67,83.33,92.67,89.33,89.67,82.0,88.4,83.5,93.5,83.0
86.33,86.67,87.0,91.67,89.67,84.33,88.33,88.33,88.0,86.67,88.33,84.67,87.2,86.5,86.5,92.5
90.0,90.67,89.67,84.67,90.67,83.67,89.33,90.0,83.0,88.67,88.33,84.67,86.2,93.5,90.5,87.5
87.67,91.0,86.0,89.33,86.0,85.0,89.0,87.33,84.67,87.0,91.67,86.67,84.4,91.5,91.5,85.5
87.33,86.67,87.33,87.0,91.33,85.33,91.0,82.33,83.0,83.0,89.67,88.67,88.4,88.0,88.5,85.5
86.0,85.33,90.0,91.67,88.33,82.0,85.0,87.33,87.0,88.67,86.67,90.67,88.8,87.0,83.5,90.5
90.33,86.0,90.0,85.0,85.67,88.67,87.33,82.33,89.0,86.67,89.33,87.67,90.4,84.0,88.0,80.0
89.33,88.0,91.0,84.0,92.67,86.67,89.33,87.67,92.67,86.67,84.33,90.0,88.8,87.0,88.0,89.5
88.67,84.67,87.67,86.67,92.67,85.67,89.0,83.0,82.0,95.0,89.0,90.0,85.6,83.0,85.5,87.5
88.33,86.67,87.0,90.0,88.67,89.0,88.0,87.67,87.33,85.33,91.33,85.67,86.8,82.5,88.0,84.5
86.67,82.0,85.33,85.67,83.67,88.33,90.67,86.0,92.33,85.67,82.67,92.0,89.0,89.0,88.0,85.5
86.67,84.67,88.33,92.0,88.0,82.67,89.67,89.67,87.0,88.67,90.0,84.33,88.0,85.5,88.5,84.0
89.0,80.0,90.67,85.67,87.67,85.67,85.33,91.67,88.33,94.0,83.0,89.0,90.4,83.0,88.5,85.0
82.67,86.33,89.67,89.67,87.67,84.33,92.67,81.67,88.67,88.0,82.33,85.67,83.8,84.5,88.5,88.0
85.0,86.0,85.0,92.0,84.33,88.33,90.0,83.0,89.0,87.33,86.67,89.0,88.8,94.0,90.5,88.0
91.0,88.67,89.67,82.0,86.0,90.0,87.0,89.67,88.0,87.33,87.0,86.67,85.2,80.5,89.0,88.5
89.0,90.0,90.0,88.0,84.67,86.0,88.0,85.33,83.67,91.0,84.67,84.67,83.4,87.0,87.0,83.5
86.0,90.33,88.33,87.0,85.33,87.67,88.67,89.67,89.33,93.33,88.33,91.33,86.2,86.0,84.0,84.0
89.0,87.67,90.67,86.67,90.33,87.33,84.67,89.33,86.33,84.33,89.0,84.0,85.6,94.0,84.5,88.0
85.33,87.0,90.0,92.33,88.67,87.0,87.67,85.67,87.0,91.67,82.67,89.0,88.0,83.5,83.5,88.0
84.0,85.0,89.33,88.33,85.67,88.0,85.33,87.0,86.33,84.33,90.67,88.0,90.0,86.0,85.0,93.5
87.0,85.67,85.0,83.0,91.33,88.0,90.0,82.0,87.33,86.0,89.0,89.67,85.4,80.5,88.0,89.0
92.33,87.67,91.67,84.33,89.33,87.67,90.0,86.67,83.67,85.0,84.0,89.67,83.8,91.5,87.5,87.0
91.0,88.67,81.0,83.33,86.33,90.0,91.33,89.67,87.33,85.67,88.33,84.33,91.6,90.5,88.5,91.5
86.0,84.0,94.33,89.0,91.0,89.67,85.0,85.67,86.33,92.67,85.67,86.33,87.4,92.0,92.0,88.5
90.67,91.33,86.33,91.33,89.67,87.67,86.0,87.33,92.33,89.67,93.33,92.0,88.4,92.0,92.5,90.0
85.33,84.33,85.67,90.0,84.33,83.0,89.67,89.67,85.0,90.33,84.33,85.33,87.2,92.5,84.5,89.5
89.33,90.0,89.67,84.0,86.33,85.0,84.0,83.33,89.0,89.33,86.67,88.67,86.6,91.0,94.0,88.5
86.0,88.67,88.67,87.0,84.33,91.67,81.67,87.67,93.67,86.33,85.67,84.67,90.2,84.5,88.0,87.5
86.0,82.0,87.0,87.33,90.0,90.67,86.0,85.67,87.0,86.0,85.67,87.0,89.8,89.5,88.5,87.0
88.67,89.67,85.0,82.33,90.33,84.0,86.33,85.33,90.33,88.0,83.33,90.0,85.0,87.5,83.5,83.0
86.67,83.33,83.33,87.67,87.67,91.0,92.67,88.0,94.33,83.0,81.33,85.33,89.6,89.0,89.5,90.5
85.33,89.0,86.0,89.33,88.67,84.0,86.33,84.33,86.33,87.0,89.0,90.0,90.8,84.0,88.0,91.0
81.0,86.0,87.33,83.33,85.0,89.67,90.33,87.0,94.0,90.0,86.33,90.67,88.2,85.5,88.0,90.0
90.0,90.33,86.33,90.67,89.33,88.0,86.33,84.67,81.67,89.67,91.33,82.33,85.0,87.5,85.0,82.5
84.0,88.0,89.0,86.33,90.67,88.0,91.33,89.67,91.0,88.0,88.33,84.0,90.8,93.5,91.0,87.5
91.33,84.0,88.0,87.0,86.0,90.0,91.0,89.33,93.67,91.0,87.67,88.67,83.2,87.0,83.5,81.5
86.0,92.67,86.0,85.0,88.33,86.0,93.0,89.33,85.67,87.33,90.33,86.0,87.0,87.0,88.5,93.0
88.33,89.0,88.0,85.33,87.33,89.33,88.33,90.67,89.0,90.0,92.33,87.67,86.6,91.0,89.0,85.0
83.67,83.0,86.0,88.67,86.0,91.33,94.33,93.0,88.33,86.67,89.0,85.0,88.6,84.0,88.5,87.5
86.0,83.67,83.33,89.33,89.67,92.67,92.67,90.67,92.67,85.33,89.67,81.0,89.0,90.0,87.0,87.5
86.33,89.67,84.0,86.0,88.67,86.33,90.33,91.0,85.0,90.33,90.0,85.0,86.4,87.5,90.0,91.5
87.33,87.67,86.33,83.67,90.0,85.67,94.0,89.0,86.67,86.67,85.0,84.0,84.4,88.0,86.0,85.0
87.67,90.0,87.33,86.67,88.67,86.33,92.0,89.67,88.33,87.33,91.33,90.0,84.0,90.5,85.5,84.0
89.0,89.33,87.0,89.0,82.0,91.33,88.0,87.67,86.0,83.33,85.67,86.67,85.6,91.0,81.5,83.5
89.67,86.67,89.33,86.33,91.0,87.0,89.67,89.67,87.33,88.33,86.67,87.0,88.8,89.0,89.0,85.0
87.0,87.33,86.33,89.33,86.33,89.67,92.0,89.0,87.33,87.67,90.0,87.0,88.2,86.0,89.5,89.0
87.33,87.0,86.33,87.33,85.67,85.33,84.33,85.33,91.0,90.33,86.67,89.67,86.8,86.0,84.5,92.0
88.0,88.67,86.0,89.33,85.33,82.0,88.33,88.67,88.33,93.67,86.33,87.67,89.2,88.5,89.0,90.0
88.0,93.33,85.0,87.0,86.67,90.0,87.33,88.67,86.33,87.67,85.33,88.0,87.6,89.5,92.0,88.0
90.33,86.33,89.0,90.67,87.67,90.0,87.0,87.67,89.67,86.33,88.0,91.33,84.2,83.5,84.0,90.0
86.67,88.67,82.67,83.67,87.0,93.67,92.67,83.33,85.33,88.0,83.0,85.0,85.4,85.0,86.0,89.0
84.33,87.0,88.0,87.33,91.0,85.67,86.0,87.33,84.33,85.0,90.0,84.33,87.2,86.5,87.5,91.5
81.33,86.67,82.33,86.0,90.33,84.67,89.0,90.33,91.33,88.0,86.0,86.0,87.4,82.0,86.5,94.0
87.67,85.0,91.0,92.67,84.67,86.67,88.0,89.0,84.67,90.67,88.0,84.67,89.8,90.0,81.0,86.5
83.0,85.67,88.0,89.0,89.33,87.33,84.67,88.33,86.33,90.33,89.33,87.67,88.6,90.5,84.0,84.0
90.0,88.67,93.67,86.0,90.67,93.33,85.0,93.67,88.67,89.67,90.33,84.0,87.4,84.5,89.5,85.0
83.33,86.0,86.0,84.67,89.33,88.0,88.67,84.67,89.0,85.67,86.67,84.0,86.6,88.0,84.5,83.0
91.33,88.67,91.33,87.67,90.67,87.33,89.33,92.33,86.0,88.33,85.33,89.33,91.0,81.0,89.5,81.5
86.0,87.67,89.0,85.0,90.33,86.33,86.67,82.33,89.67,89.33,85.33,87.33,85.6,88.0,87.5,85.5
90.0,93.67,85.67,94.0,87.67,88.33,88.33,89.0,84.33,86.67,86.0,87.0,88.0,88.0,92.5,88.5
87.0,84.33,88.67,89.0,87.33,87.67,86.67,88.0,91.33,84.67,84.67,88.0,85.4,85.0,85.0,88.0
91.0,89.67,87.33,91.0,90.33,83.0,86.33,87.67,93.33,87.0,85.33,88.33,89.0,84.0,93.5,86.5
86.33,91.67,89.0,84.33,89.0,85.0,85.67,89.33,82.67,88.0,90.0,89.67,88.2,89.0,87.0,82.5
91.33,89.0,89.33,89.67,84.67,93.33,89.67,89.67,89.67,87.0,87.0,85.67,85.8,90.5,89.5,85.5
88.0,88.33,88.33,86.0,87.0,84.33,89.67,82.67,86.0,86.0,90.0,83.0,85.2,84.5,93.5,87.5
89.0,87.67,82.67,84.67,86.0,86.67,82.67,89.0,86.0,85.0,85.0,89.33,87.4,86.0,84.0,89.0
84.33,86.0,88.0,87.33,82.0,87.0,87.33,89.33,87.0,86.33,86.67,91.33,88.8,90.5,85.5,91.5
86.0,86.33,86.33,82.33,82.33,88.33,91.33,90.0,86.0,82.33,88.0,89.33,89.8,91.5,91.0,88.5
83.67,87.33,92.0,90.67,87.67,84.0,83.0,87.33,87.67,90.0,90.67,84.33,84.0,85.0,83.0,88.0
94.67,87.0,88.67,87.0,86.33,88.0,86.67,87.0,85.0,87.33,85.33,90.0,87.0,86.5,90.5,85.0
84.33,87.67,91.33,87.0,87.33,90.0,89.33,88.67,88.0,90.0,89.0,85.33,88.4,86.5,87.0,82.0
88.67,83.67,89.67,90.67,88.33,85.0,90.33,88.67,88.33,89.0,86.33,90.67,88.4,90.0,86.5,85.0
87.67,87.0,89.33,87.33,88.0,84.0,86.67,89.0,91.33,87.67,87.0,86.33,86.4,86.5,83.0,86.5
91.0,89.0,85.67,84.67,85.33,88.67,86.67,84.0,83.67,90.67,85.0,85.33,86.4,87.5,85.5,85.5
85.33,85.67,86.67,88.33,90.0,86.67,87.33,84.0,86.33,87.0,86.67,86.0,85.6,85.0,85.0,90.0
88.0,87.0,87.0,84.67,89.0,86.33,88.0,87.0,86.33,86.0,93.33,87.0,85.2,92.5,87.0,90.0
88.33,85.33,84.67,84.0,90.67,85.33,88.0,86.33,91.33,88.0,88.67,87.0,90.4,91.5,89.5,82.5
86.33,89.33,88.0,84.0,89.33,86.33,86.0,87.0,83.67,88.67,91.67,84.33,87.8,81.5,84.5,86.5
82.33,88.67,88.0,87.67,89.33,84.0,93.33,88.33,87.33,89.0,87.0,87.0,85.0,86.0,88.5,89.5
90.0,89.33,86.0,90.33,83.33,83.33,89.0,86.33,88.67,85.67,90.33,84.67,84.4,85.5,86.5,92.5
90.0,87.67,88.0,87.0,91.67,90.0,85.67,86.0,92.67,89.0,92.0,91.67,91.2,86.5,88.0,84.5
91.67,87.33,88.67,90.33,86.67,89.0,85.0,86.67,89.67,87.0,90.0,84.33,87.2,92.0,85.0,92.0
92.33,90.0,90.67,85.67,88.67,89.67,88.67,88.67,89.33,87.0,86.0,89.33,86.0,88.5,92.5,87.0
86.33,90.0,89.67,89.0,85.33,92.0,87.33,89.0,89.33,86.33,89.67,88.33,88.0,94.5,89.0,87.5
87.33,90.67,92.0,84.0,87.33,88.67,88.33,81.0,88.0,88.33,85.67,87.67,88.4,88.0,92.0,88.0
90.67,85.0,92.33,87.67,81.33,86.67,89.33,84.33,88.67,84.33,87.33,89.67,89.2,84.0,87.5,86.5
91.33,88.0,91.67,85.0,88.0,92.67,86.67,88.67,85.33,85.67,88.67,88.67,86.0,89.0,87.5,89.0
82.67,87.0,85.33,88.0,87.0,85.0,81.33,86.33,90.67,89.67,88.67,85.0,89.2,87.0,82.5,89.0
89.67,86.67,87.67,84.33,84.33,85.67,82.67,91.0,85.33,88.33,91.0,86.67,91.2,92.0,93.5,89.5
87.67,91.67,91.67,85.67,89.0,86.33,88.33,86.0,90.0,88.0,89.33,90.0,89.4,92.5,80.5,86.0
86.33,83.33,87.33,86.33,80.67,88.0,90.33,91.33,84.67,90.0,89.67,88.0,86.2,94.0,86.0,92.0
90.33,85.0,85.67,85.67,85.33,83.33,86.0,89.0,87.33,87.0,88.33,86.33,84.0,81.0,89.5,81.5
86.67,86.33,88.67,83.67,92.0,87.33,87.33,86.67,87.0,88.0,87.0,89.67,88.6,82.0,82.5,89.0
85.67,84.67,88.67,86.67,88.67,84.33,90.0,84.0,90.0,86.33,86.0,86.67,85.2,90.5,88.5,85.0
85.67,83.0,86.67,91.33,84.67,87.33,88.0,83.0,87.0,85.33,85.33,86.0,85.0,88.0,87.5,91.0
87.33,90.0,90.33,89.67,90.67,85.67,86.0,84.67,83.33,85.0,89.67,87.33,88.0,91.0,82.5,91.5
89.67,89.67,87.0,87.33,87.0,89.0,85.33,88.33,89.33,90.67,89.33,84.67,86.6,87.0,85.5,89.5
86.0,84.33,90.0,87.33,87.67,89.0,89.67,89.0,84.67,90.0,82.67,83.67,89.8,84.0,88.5,89.0
88.67,90.67,84.0,88.33,85.67,88.0,85.67,84.0,83.33,94.33,82.67,88.0,88.8,93.0,84.5,92.5
84.67,82.33,88.67,87.67,92.67,83.0,85.67,87.0,84.67,85.67,86.67,85.67,84.8,90.5,92.5,87.0
88.33,87.0,92.33,85.67,89.33,85.67,93.0,86.67,89.33,91.0,85.67,90.33,87.8,88.5,87.5,83.5
84.0,86.0,85.33,89.33,87.0,88.0,89.67,84.33,85.33,91.67,93.0,87.33,85.4,84.5,95.0,89.0
87.67,85.67,87.33,90.67,82.33,92.0,90.67,84.33,89.0,87.33,90.67,87.67,85.2,86.5,91.5,81.5
83.33,87.67,91.0,86.0,88.67,89.67,90.67,87.67,85.0,87.67,89.67,92.0,88.6,87.0,84.5,86.5
93.0,90.0,86.0,89.67,92.0,86.67,91.33,90.0,85.33,89.33,85.0,83.33,85.4,87.0,87.0,84.5
87.33,88.33,87.33,85.67,90.67,86.0,89.0,89.33,87.0,81.33,87.0,92.33,89.2,82.5,92.0,90.5
85.0,86.67,88.67,85.0,85.0,86.33,89.67,88.0,90.0,87.33,90.0,90.0,90.2,92.0,85.0,81.0
85.0,89.33,88.0,90.33,88.0,84.33,85.67,89.0,90.33,87.67,91.33,84.33,85.8,92.0,87.5,88.5
88.33,86.33,92.0,86.33,83.67,90.67,87.0,87.33,82.33,84.0,91.33,84.0,85.6,91.5,86.5,90.0
84.0,88.33,87.33,90.0,89.67,93.33,88.67,88.0,85.67,90.0,84.67,88.67,89.6,89.0,92.0,87.0
89.67,84.33,88.33,87.0,85.33,84.0,87.33,88.67,90.33,88.67,84.0,87.33,88.6,87.5,89.5,94.0
89.67,90.0,82.0,87.0,84.33,87.0,85.0,86.0,83.0,86.67,88.67,85.67,87.6,90.5,87.0,90.0
90.67,85.33,84.0,83.33,88.67,86.0,87.0,88.67,85.0,86.67,88.0,90.33,88.2,90.5,83.0,92.5
87.33,91.67,90.33,86.33,84.0,87.33,89.0,86.67,86.0,87.67,83.67,89.0,87.4,86.5,94.5,94.0
91.0,82.33,87.33,87.0,85.67,87.67,83.67,81.67,90.67,87.0,89.33,82.33,90.4,83.5,89.5,89.5
86.67,85.33,85.0,86.67,85.33,92.0,86.33,88.0,90.67,86.67,84.67,81.0,89.0,91.5,81.5,86.0
89.33,89.0,88.67,87.67,91.33,81.67,86.33,85.67,85.67,84.67,84.33,89.67,87.4,87.0,89.0,85.5
88.67,87.33,89.33,92.0,90.33,90.0,86.33,90.0,88.33,85.67,86.33,88.67,84.4,86.5,88.5,90.5
88.33,85.0,86.67,90.67,93.0,85.0,83.33,85.33,91.0,90.0,86.33,82.0,87.0,91.0,89.5,84.5
91.0,86.33,84.0,89.0,90.0,86.33,87.0,89.0,88.67,86.67,87.67,87.33,88.4,83.0,87.0,84.5
85.0,83.67,88.67,87.67,87.33,87.0,85.0,84.33,92.0,90.33,87.33,86.33,90.6,92.5,93.0,84.0
87.33,88.0,86.0,86.67,87.0,90.67,90.0,90.33,89.0,87.33,84.33,83.33,84.4,88.0,89.0,93.5
86.0,86.33,91.67,88.0,83.33,86.33,92.0,91.33,91.33,84.0,91.33,86.33,88.4,88.0,89.5,89.5
89.0,87.33,86.0,85.67,85.0,89.67,87.33,85.67,90.0,89.0,92.33,83.67,87.4,90.0,88.0,88.0
83.0,84.67,89.67,88.33,90.0,83.67,84.33,83.67,89.33,82.67,91.0,89.67,89.4,88.0,90.0,91.5
85.33,88.0,82.0,88.67,92.0,86.0,87.33,82.67,88.0,87.67,87.67,88.67,85.6,86.5,90.0,90.5
86.0,87.0,87.0,87.33,86.67,85.67,82.67,86.67,86.0,86.0,89.0,88.0,87.6,90.0,84.5,89.0
90.0,86.33,92.33,87.0,85.0,89.67,85.33,89.67,87.33,85.67,87.0,87.0,89.4,85.0,85.0,87.5
90.0,83.67,86.67,84.33,87.0,87.0,86.0,88.33,86.33,87.67,87.33,90.0,86.8,83.0,82.0,87.5
88.0,88.33,86.0,85.33,84.0,90.0,88.0,82.33,88.0,87.33,84.0,82.33,87.4,84.5,93.0,89.0
92.33,88.33,83.67,88.0,84.0,88.0,87.33,84.67,85.67,86.33,84.67,91.33,86.0,91.5,88.5,92.5
88.33,88.33,89.33,92.33,86.33,88.33,88.67,87.67,85.33,87.0,93.0,88.0,86.6,86.5,90.5,89.0
92.0,84.33,90.33,84.0,84.67,84.33,87.67,90.0,87.33,87.0,85.0,86.33,87.6,86.5,88.0,82.5
89.67,88.33,89.33,88.0,87.67,86.0,87.33,88.0,89.67,92.67,84.33,84.0,89.2,86.0,80.5,89.5
89.0,84.0,90.33,92.0,93.67,89.67,85.33,87.67,89.33,85.33,88.0,94.33,89.4,93.5,88.0,87.0
88.33,83.67,87.67,90.67,90.0,89.33,87.33,86.33,86.67,91.0,86.33,90.33,89.4,87.5,90.0,85.0
83.0,89.67,90.0,89.67,87.67,86.0,89.0,89.0,85.0,87.67,87.0,88.0,85.2,91.5,88.5,86.5
86.33,83.67,86.67,86.33,85.33,90.0,84.0,88.0,87.33,93.33,88.67,92.0,87.8,90.0,83.0,89.5
87.0,88.0,85.33,89.33,91.0,91.33,87.33,84.33,88.33,87.0,85.33,90.33,89.8,82.0,88.0,81.5
89.67,83.33,89.33,92.0,88.0,91.0,84.33,86.33,90.33,89.0,86.0,84.33,87.8,84.0,93.5,86.0
93.0,89.0,88.67,86.67,87.33,87.67,85.67,84.67,88.67,87.33,85.33,92.67,86.2,92.0,86.5,88.5
84.0,88.33,88.0,89.33,88.67,86.67,91.33,88.0,87.33,90.67,87.67,90.0,82.4,92.0,86.0,89.0
90.67,88.0,88.0,89.33,87.67,89.67,86.67,93.0,88.33,86.0,87.67,91.33,87.8,88.0,86.5,87.5
90.0,87.67,83.67,88.67,88.33,84.67,90.33,87.67,86.67,87.67,86.33,89.0,86.8,85.0,92.5,90.5
88.33,87.33,89.67,87.67,84.0,90.0,90.0,87.0,87.67,89.67,93.0,89.67,85.6,88.5,82.0,94.0
89.0,88.33,91.67,88.0,85.0,89.67,87.0,91.0,84.67,88.67,87.67,85.67,88.6,86.5,88.0,87.0
89.67,86.33,86.0,83.33,92.0,90.67,87.33,92.33,92.33,84.33,84.67,88.67,86.2,92.5,86.5,90.5
82.67,89.0,85.33,92.33,89.0,88.67,84.0,86.0,84.0,86.67,88.33,90.0,87.0,88.5,81.0,86.5
87.67,83.0,81.0,86.33,81.67,90.0,83.67,84.0,85.0,90.33,91.0,85.0,88.4,84.5,88.0,86.0
89.0,84.33,83.67,88.33,88.0,87.33,91.33,86.67,90.0,88.33,85.0,86.33,89.2,89.5,89.5,91.0
88.67,89.67,87.33,86.33,87.33,84.67,83.0,92.0,88.33,85.33,88.33,86.67,87.6,85.0,85.5,87.5
89.67,89.33,86.0,86.0,86.67,91.67,89.33,85.67,86.33,89.67,88.67,90.0,88.2,91.5,88.5,84.0
87.33,91.0,88.33,89.33,88.33,86.67,83.0,84.0,87.0,90.33,85.0,90.67,85.8,85.5,86.0,88.5
88.33,85.33,87.0,84.0,90.67,91.33,86.67,87.67,89.0,91.0,81.33,88.0,86.0,86.5,87.0,84.5
90.0,82.67,87.67,88.33,89.33,86.67,87.67,86.0,91.67,91.0,87.33,87.33,87.6,87.5,84.0,94.5
84.33,89.67,86.33,90.0,83.33,86.0,83.0,89.33,83.0,82.33,90.0,86.67,92.4,85.5,88.5,91.0
90.67,86.33,87.33,88.67,89.33,89.0,91.67,88.33,84.33,83.33,88.0,88.67,88.0,81.5,81.0,89.0
89.0,87.33,86.33,88.0,87.0,89.0,89.0,88.67,86.0,86.67,85.33,90.0,87.6,89.5,85.5,87.5
87.67,88.0,92.0,91.0,86.0,92.0,82.67,89.0,84.33,82.33,84.33,82.33,87.2,86.5,86.5,88.0
86.67,89.0,87.67,85.67,84.33,86.67,85.33,88.33,90.33,86.33,88.33,91.0,86.2,85.5,90.0,87.5
88.33,88.0,86.0,92.0,87.33,90.33,88.67,90.67,88.67,86.0,84.33,84.67,85.0,87.5,89.0,87.0
83.0,88.33,88.33,91.0,85.0,90.0,92.67,82.0,92.0,84.67,83.33,89.67,85.8,92.0,88.5,87.0
88.67,86.67,85.33,83.67,92.0,90.67,89.33,87.67,85.33,88.33,88.0,85.33,87.8,87.5,83.5,89.0
83.33,90.0,89.0,88.0,86.33,87.0,86.0,88.67,83.0,93.33,84.67,85.0,88.0,81.5,87.5,91.0
92.0,86.33,89.33,88.0,86.67,85.33,86.67,92.33,85.33,85.33,84.0,91.33,86.2,89.5,83.0,84.0
91.0,88.67,90.0,86.67,88.0,86.0,88.33,88.0,92.0,89.0,88.33,87.0,88.8,88.0,87.0,84.5
85.67,90.0,88.33,84.33,88.67,86.33,86.33,85.0,83.0,84.67,90.33,90.67,83.0,83.0,83.5,91.0
88.67,87.67,83.0,87.33,87.0,92.0,88.0,85.33,89.33,83.67,91.67,87.33,90.2,89.5,85.0,84.0
87.33,92.33,93.0,82.33,87.0,83.33,88.33,90.33,88.0,89.33,89.0,85.33,83.8,80.0,94.0,86.5
82.67,89.33,87.33,91.67,87.0,87.33,89.67,83.33,87.33,86.67,87.67,90.0,89.4,81.5,82.5,87.5
91.0,86.33,88.0,88.33,88.0,88.33,85.67,87.0,90.33,82.67,87.33,85.67,87.0,81.5,91.5,95.0
84.0,88.0,89.0,83.33,88.67,91.33,87.67,87.67,87.0,90.0,83.0,83.0,87.2,90.0,89.5,86.0
89.33,88.67,88.33,86.33,88.0,83.0,89.33,87.67,87.33,87.0,90.67,87.67,85.2,91.5,91.5,91.0
88.67,89.0,88.33,92.0,87.67,90.33,89.33,87.0,87.0,89.0,87.33,83.67,90.0,87.0,93.0,94.0
93.0,89.0,81.67,91.67,84.33,89.0,92.0,87.33,85.33,91.33,87.0,88.33,88.6,89.0,88.5,91.0
85.0,89.0,86.67,86.67,85.33,86.67,91.33,89.67,82.33,80.67,88.33,91.67,90.8,91.5,85.0,90.0
87.33,83.33,89.33,88.33,86.67,89.33,83.0,89.67,88.33,83.33,90.33,88.0,88.4,87.0,87.0,88.0
89.67,89.67,88.33,87.67,81.67,94.0,87.0,87.67,91.33,88.33,87.0,83.33,85.6,84.5,92.0,83.0
89.33,90.67,92.33,88.67,90.67,84.33,88.67,89.33,85.67,91.0,85.33,81.67,84.6,88.5,91.5,80.5
90.33,88.0,86.67,86.67,91.33,87.33,86.67,90.0,84.67,90.67,87.67,86.67,91.4,83.0,91.5,86.0
91.67,85.67,89.0,88.67,88.0,85.33,84.33,85.67,89.67,84.67,82.33,90.0,87.0,87.0,88.0,83.0
83.33,89.33,93.0,87.0,92.67,88.67,86.67,89.0,84.67,88.67,85.0,85.33,86.2,88.5,83.5,81.5
87.67,86.0,85.33,82.33,89.0,84.33,89.67,86.0,91.33,85.33,87.0,83.67,87.4,89.0,91.0,92.0
85.0,85.67,91.67,87.0,86.67,85.67,87.33,90.0,81.67,86.67,88.33,87.33,91.6,88.0,84.0,84.5
85.0,84.0,87.0,89.0,88.0,90.33,89.33,90.67,86.33,83.67,87.67,83.0,86.6,83.5,92.5,87.0
91.33,90.33,88.0,90.33,88.0,87.33,85.67,93.33,87.67,88.67,87.67,88.67,83.2,89.5,83.5,87.0
90.0,87.33,91.0,83.33,85.67,85.0,82.0,88.67,90.67,88.33,89.67,92.67,87.0,89.5,93.0,88.5
87.33,87.0,85.33,85.67,89.67,83.0,91.0,91.67,84.0,84.0,88.67,88.33,84.6,92.0,93.0,91.0
85.33,85.67,87.33,85.67,91.0,87.0,86.33,85.33,91.0,83.67,84.0,84.0,91.0,87.5,92.0,86.5
87.33,88.33,92.33,89.33,88.0,85.33,87.67,85.67,88.0,85.0,84.0,91.33,88.4,89.5,86.5,87.0
87.0,87.0,87.0,90.33,89.67,82.67,87.33,85.0,87.67,84.67,89.67,92.67,85.8,87.0,90.5,87.0
90.33,84.67,82.33,88.0,88.67,88.67,89.67,88.33,89.0,89.0,88.0,86.33,88.4,86.0,92.5,80.0
89.0,88.33,86.33,86.33,82.67,89.67,88.33,92.33,86.0,86.67,88.33,90.33,88.4,83.5,88.0,88.5
93.0,91.0,87.0,85.33,84.0,88.0,87.33,90.0,91.0,84.33,88.0,89.0,86.6,86.5,92.5,85.5
94.0,90.0,90.33,87.67,86.67,82.67,86.33,86.67,88.67,85.0,90.0,85.33,88.2,86.5,90.0,84.5
88.33,91.0,93.67,87.0,91.0,81.0,86.33,87.0,89.33,88.33,88.33,84.33,88.4,88.0,86.5,86.5
93.0,88.67,87.33,87.0,88.67,89.33,88.67,88.33,91.0,89.0,84.67,88.67,88.4,86.5,92.5,89.5
87.33,84.33,89.33,93.0,90.33,85.33,89.33,93.33,87.67,87.67,83.67,88.33,87.0,88.5,87.0,83.5
88.0,87.67,86.67,89.33,84.0,82.33,89.33,89.33,85.33,84.33,84.33,83.67,86.6,84.0,92.5,83.5
85.33,88.33,87.33,90.33,89.67,85.0,85.67,83.33,86.0,89.33,86.33,87.33,90.6,85.5,87.5,84.5
91.67,92.0,85.33,89.0,86.0,84.0,87.33,92.33,91.0,88.67,92.0,90.67,89.2,85.5,84.5,89.0
87.67,85.33,84.67,91.0,84.67,87.67,88.67,88.33,88.0,84.0,86.33,85.67,91.4,83.5,84.5,90.5
92.33,88.33,88.33,88.0,87.0,86.33,89.0,87.33,93.0,91.33,84.0,86.0,91.4,89.5,81.0,90.0
90.33,86.33,85.67,86.0,87.0,83.67,93.0,84.0,89.33,91.0,89.33,83.0,89.4,85.5,89.5,92.5
90.33,84.33,85.67,85.33,85.33,86.0,88.67,88.0,90.67,88.33,84.33,91.0,91.6,87.5,92.5,86.0
85.33,83.33,88.33,86.0,90.33,86.33,90.0,81.67,85.33,84.0,86.33,88.67,86.6,88.5,92.0,84.0
87.0,86.33,87.33,85.33,90.0,92.0,90.33,88.33,85.33,83.33,89.33,87.67,85.6,89.0,95.0,81.0
88.67,87.33,85.67,82.0,84.67,84.0,86.67,91.33,91.67,89.0,81.33,88.33,84.8,86.0,91.5,85.5
88.33,88.33,85.33,86.33,89.67,86.33,88.0,85.67,90.33,84.33,90.33,90.33,87.6,87.5,91.0,89.0
87.67,83.67,89.33,89.33,85.0,88.0,85.33,85.67,82.67,87.33,94.0,92.67,88.8,87.0,86.5,84.5
85.0,86.67,93.0,85.67,88.67,84.33,81.67,86.33,85.67,91.0,87.33,84.67,86.8,92.0,92.5,86.5
91.67,86.0,85.67,88.33,88.67,88.0,84.67,88.33,88.0,83.33,85.33,93.0,88.8,80.5,85.0,83.5
90.67,85.33,87.0,87.0,93.0,89.67,89.0,83.0,83.0,91.0,89.33,89.0,91.2,82.0,92.5,90.0
86.0,89.0,87.0,90.0,85.0,91.33,88.67,87.0,91.0,87.0,88.33,90.0,89.8,86.0,87.0,90.0
82.33,88.33,85.0,92.0,88.0,89.67,88.33,85.67,85.33,90.0,89.33,88.0,85.4,87.5,88.5,90.0
89.33,83.33,85.67,87.33,84.67,85.0,85.67,86.33,87.33,90.0,88.0,85.33,89.6,87.0,91.5,87.0
85.0,86.67,87.0,89.33,83.33,87.33,93.0,93.33,90.33,89.67,88.0,90.33,90.6,88.0,95.0,87.5
81.67,91.67,87.67,84.67,88.0,90.67,93.0,86.0,94.0,90.0,87.0,82.67,88.8,87.5,91.5,86.0
85.0,90.0,83.67,84.0,88.33,89.33,89.0,86.0,90.67,81.33,82.67,88.33,85.8,85.0,89.0,93.5
86.67,93.67,87.67,89.67,88.67,88.0,88.33,88.67,89.67,88.33,89.33,88.33,89.2,89.5,93.5,83.0
89.0,89.67,92.0,86.0,89.33,85.67,89.33,85.33,87.0,82.33,92.67,86.0,84.8,91.5,84.0,91.5
84.33,85.67,88.33,85.67,85.0,83.0,81.33,89.0,89.67,84.67,82.0,91.67,90.2,88.5,86.0,85.5
89.33,89.33,85.67,87.33,88.33,89.0,85.67,87.0,93.0,85.67,86.67,90.0,89.4,88.5,87.5,83.0
88.67,86.0,90.33,85.33,89.67,83.67,89.33,84.33,90.0,88.0,87.67,90.0,87.8,86.5,84.0,92.0
86.67,91.67,85.33,86.67,85.67,85.0,93.33,86.67,86.67,87.33,82.33,87.0,90.4,90.0,87.5,92.0
86.67,86.67,85.67,87.0,89.0,89.33,85.33,87.0,87.67,90.33,90.33,94.33,88.4,82.0,90.5,91.0
86.33,87.0,91.67,87.0,87.67,82.0,83.33,85.33,88.0,88.33,88.0,89.0,87.8,85.5,95.0,85.0
89.33,89.0,88.33,89.67,86.0,87.0,84.67,85.0,80.33,84.33,81.0,87.67,90.2,89.5,80.5,85.5
86.0,85.0,85.0,88.33,84.0,88.33,85.67,90.0,92.33,88.67,91.33,89.33,87.6,87.0,87.0,92.0
88.0,87.33,84.67,87.0,85.0,91.67,86.67,86.67,87.0,90.0,83.0,90.0,85.8,86.5,86.0,88.0
92.67,86.67,90.67,91.0,89.0,88.33,89.33,91.33,85.33,85.0,89.67,92.33,85.0,90.5,87.5,88.5
89.0,88.33,90.33,87.0,91.33,89.0,83.67,84.67,86.0,88.67,88.0,83.33,89.0,84.0,82.5,83.5
87.67,90.33,85.67,91.67,85.33,85.33,87.33,91.0,86.0,90.0,87.33,90.33,88.6,94.0,86.5,86.0
86.33,87.33,84.33,87.0,85.33,91.33,86.67,87.33,93.0,86.67,90.0,86.0,87.2,90.0,83.0,93.0
85.33,84.33,86.0,86.33,92.67,90.0,91.0,82.67,86.67,83.0,83.67,89.0,87.8,87.5,84.5,91.0
87.67,84.0,82.0,86.33,87.33,82.0,91.67,87.0,90.33,94.0,91.67,89.33,90.0,87.0,84.0,82.5
86.67,86.0,89.67,87.0,84.33,85.67,88.67,85.67,87.0,86.33,92.0,91.0,88.2,85.0,83.0,86.0
86.0,88.33,85.0,91.33,90.67,86.67,85.0,89.33,91.33,85.0,87.0,88.67,88.0,87.0,82.0,84.0
85.0,89.0,84.33,90.67,87.67,86.33,83.33,84.0,90.67,88.0,88.33,87.33,86.4,85.5,91.5,83.5
85.67,87.0,90.0,84.67,90.67,92.0,89.0,87.67,85.0,87.33,92.33,92.0,85.6,91.5,87.5,86.5
88.67,89.33,88.67,89.0,91.67,88.33,86.67,87.0,88.67,87.33,94.67,89.33,88.6,88.0,91.5,93.0
89.0,88.0,88.67,83.0,85.67,84.67,93.0,89.33,83.67,81.33,90.33,92.33,86.4,86.0,94.0,86.0
89.67,89.67,85.67,87.33,86.0,85.0,85.33,84.67,85.67,88.33,90.0,84.33,87.2,91.0,88.5,88.0
91.0,89.33,83.67,90.67,91.0,88.0,87.67,87.67,88.33,86.33,83.0,90.67,86.6,92.0,87.0,90.0
91.33,87.33,89.33,83.67,94.33,85.33,84.33,88.0,93.33,88.67,91.67,86.67,89.4,91.0,81.0,90.0
89.0,90.67,85.0,86.0,84.33,85.33,88.67,84.33,86.33,87.33,89.0,87.33,89.0,87.5,88.5,88.5
80.33,89.0,89.67,87.0,86.33,84.0,87.67,93.67,88.33,90.67,85.33,90.67,85.2,87.5,92.0,85.0
86.33,89.0,89.33,91.67,87.67,88.0,88.0,86.67,84.33,82.67,85.67,89.67,88.4,94.5,90.5,83.5
89.0,85.0,81.67,88.0,87.0,84.67,85.33,84.67,89.0,84.67,89.33,86.0,88.6,91.5,86.0,86.5
92.0,89.0,91.0,87.0,85.67,88.33,86.67,89.33,87.33,90.33,85.33,86.33,88.4,88.0,87.0,82.5
86.0,86.0,85.33,87.67,91.33,88.33,85.67,84.33,93.0,86.33,91.0,90.33,89.8,87.5,86.5,93.5
86.33,85.67,87.67,88.33,89.33,84.0,88.0,82.33,88.67,93.33,89.0,86.67,91.4,84.5,89.5,92.0
85.33,85.67,85.33,89.0,88.33,86.67,86.67,84.67,87.67,81.67,87.0,90.0,83.2,88.5,87.0,92.5
86.33,87.67,89.67,89.33,87.0,82.0,83.0,87.67,87.33,88.0,86.33,84.33,88.8,83.5,91.0,86.0
88.0,84.67,94.33,86.0,88.67,87.0,89.67,87.0,88.33,83.0,87.67,89.0,88.8,91.0,87.0,92.0
91.33,87.33,87.0,86.67,86.33,81.67,85.33,90.67,88.67,90.0,93.33,91.67,84.8,92.5,86.5,88.5
83.33,92.33,90.67,90.0,90.0,84.33,86.0,87.0,89.0,85.0,91.33,87.0,88.4,89.0,86.5,92.5
89.67,86.67,90.67,89.0,87.0,84.67,88.67,92.33,87.33,89.0,85.67,88.0,82.8,88.5,90.0,83.5
86.0,87.0,89.67,87.67,87.0,89.67,88.67,85.0,90.0,84.67,88.0,86.33,85.8,91.0,89.0,92.5
81.67,85.67,89.33,85.33,87.67,90.0,87.0,83.33,86.0,87.33,88.33,88.0,88.6,90.5,83.5,87.0
88.67,83.33,92.67,85.67,89.33,82.33,88.33,87.0,87.67,85.67,89.67,88.33,81.4,81.5,87.5,91.0
88.67,94.0,86.0,90.67,87.67,89.33,83.33,89.0,85.0,91.33,93.33,88.67,87.0,88.5,85.5,88.5
86.0,90.67,87.67,90.67,91.0,92.67,85.0,84.33,88.33,84.33,85.0,87.0,89.2,81.0,88.0,88.5
89.67,89.0,87.0,90.33,92.0,87.33,85.33,91.33,86.67,87.33,86.67,88.0,83.8,80.0,91.0,86.5
84.67,87.67,88.33,86.33,84.67,89.67,86.67,83.0,83.67,81.33,84.0,81.67,86.8,85.5,88.0,85.5
92.33,87.67,88.67,86.0,86.0,83.67,91.0,83.67,91.0,88.0,90.0,89.33,88.6,81.0,85.0,90.5
87.67,89.0,85.0,88.67,88.0,94.0,87.0,92.0,84.33,86.67,90.33,87.67,85.6,90.0,87.0,86.0
90.0,83.0,82.0,87.33,82.0,85.0,87.0,87.33,85.67,87.67,85.67,84.67,87.6,83.0,94.0,87.5
85.67,84.0,86.0,84.0,87.0,83.33,86.67,87.0,87.67,88.33,87.0,82.33,88.4,88.0,85.0,91.0
86.33,92.0,86.67,87.67,82.0,93.0,88.67,93.0,93.0,88.67,90.0,87.67,89.6,90.0,94.5,88.0
88.0,87.0,87.0,83.0,86.0,87.0,91.33,88.0,80.33,84.33,87.33,87.67,86.4,85.5,85.5,83.0
87.33,84.67,90.67,92.67,86.0,91.0,92.0,91.0,91.0,83.0,92.67,84.67,89.8,86.0,87.5,86.5
89.0,84.0,87.0,84.0,88.67,86.33,90.33,83.67,90.33,88.33,86.0,85.33,85.6,85.0,87.5,84.0
91.33,84.67,89.0,85.33,87.33,84.67,88.67,85.0,85.0,85.0,93.67,81.0,86.4,87.5,85.0,93.5
86.33,83.33,88.0,90.33,84.0,89.33,88.0,92.0,88.67,87.33,92.0,87.67,93.2,84.0,92.5,83.5
88.67,87.67,82.0,90.33,90.67,90.33,84.0,85.0,90.67,91.33,89.67,91.67,87.6,83.5,88.0,84.5
88.0,86.33,89.67,88.67,85.33,91.67,89.33,87.33,91.33,86.0,93.0,88.67,87.2,89.0,92.0,89.0
88.33,90.33,83.33,84.67,91.67,82.0,88.0,88.67,86.0,85.33,85.67,91.0,86.4,89.0,88.5,83.5
83.0,85.0,90.67,84.33,85.33,86.0,89.67,87.67,92.0,88.67,90.67,87.67,88.6,91.0,91.0,88.5
91.0,84.33,86.67,83.33,85.0,90.0,82.33,83.0,91.33,90.33,86.67,89.33,86.0,88.5,91.5,89.0
87.33,82.33,88.33,87.0,84.33,86.33,86.0,91.0,87.0,85.33,82.33,91.67,89.6,86.5,89.5,84.5
87.67,84.33,87.0,87.0,89.0,88.67,83.0,85.67,86.33,90.33,87.33,87.33,88.8,86.5,89.0,95.0
84.33,89.33,85.67,83.0,81.67,85.67,92.33,92.33,86.0,85.33,89.67,88.0,87.6,80.0,92.5,83.0
90.33,91.33,87.67,90.67,88.0,88.67,89.0,87.33,84.0,82.67,83.33,84.33,85.2,87.0,82.5,86.5
88.0,86.33,85.67,86.0,89.67,89.33,84.0,86.0,88.0,83.33,85.0,83.67,84.4,92.5,84.0,82.5
86.67,86.0,84.0,83.67,85.33,84.33,90.0,92.33,91.67,88.33,89.33,88.0,86.8,82.0,93.5,93.5
86.33,83.67,90.33,82.0,86.33,86.33,91.33,89.33,85.0,88.0,87.0,85.0,85.6,85.5,90.0,90.5
88.67,86.67,86.33,88.0,88.0,83.33,92.33,89.67,87.0,88.33,85.0,92.33,86.4,87.0,85.5,93.0
88.33,86.67,87.33,91.67,90.0,93.0,87.67,88.0,91.67,86.0,87.0,88.67,86.0,84.5,80.0,81.5
93.33,85.67,83.33,87.67,90.67,91.67,89.33,87.33,87.33,87.0,85.33,85.0,87.2,83.0,84.5,89.0
85.67,87.0,90.0,87.0,82.33,87.0,90.0,87.33,86.0,87.33,85.67,87.67,86.8,85.5,88.5,92.0
87.0,88.67,85.33,86.33,87.0,85.67,87.0,91.0,86.67,87.67,86.33,89.33,87.0,91.0,89.5,84.5
87.33,85.33,85.33,86.0,86.0,91.33,87.67,86.33,82.0,84.33,83.0,91.33,84.8,83.0,84.0,87.5
92.0,81.33,89.33,90.67,88.33,83.67,84.33,88.0,89.33,89.67,86.67,86.33,87.8,85.0,88.0,90.0
85.0,88.33,85.33,83.0,87.33,88.67,86.0,87.0,84.33,85.33,89.67,87.33,91.0,80.5,88.5,84.5
86.67,84.33,89.0,87.67,84.67,83.33,88.67,88.67,88.0,91.33,89.67,84.0,89.6,84.5,87.5,85.5
87.67,87.67,86.33,88.67,88.67,87.67,91.33,92.67,86.67,91.0,87.0,85.0,85.6,93.5,82.5,90.0
87.33,92.67,89.67,89.0,85.33,84.0,85.0,89.33,88.33,86.0,86.33,93.33,87.6,84.5,87.5,85.5
88.67,87.67,88.33,89.33,86.67,88.67,91.0,87.0,82.0,90.33,90.67,87.67,88.8,86.0,88.5,93.0
84.67,90.0,89.33,85.0,83.67,86.33,89.67,91.0,83.67,83.67,89.67,87.0,88.2,84.5,88.5,82.5
85.67,88.67,84.0,86.67,90.67,87.33,87.67,89.33,83.67,88.67,83.67,86.0,90.2,86.0,87.5,85.5
85.33,87.33,89.33,90.0,91.33,86.67,86.0,89.33,84.33,88.0,88.67,93.0,89.8,94.0,86.0,85.0
83.67,90.0,91.33,89.0,84.67,87.33,91.67,86.0,86.33,88.0,88.0,90.0,86.6,86.0,94.0,86.5
87.67,84.67,88.67,89.33,89.67,87.67,87.67,85.0,89.33,86.0,89.67,89.33,89.2,83.0,82.5,89.0
88.33,84.0,86.67,84.0,81.67,82.67,85.67,86.33,84.33,86.67,87.0,89.0,89.4,87.0,89.0,88.0
92.33,83.33,87.67,89.0,90.33,89.33,86.67,89.0,89.0,85.33,87.67,92.67,87.4,86.5,89.5,83.0
85.67,84.67,86.33,86.67,91.0,89.33,87.33,88.33,86.67,87.0,83.33,88.67,87.0,83.5,92.5,80.0
92.0,84.67,85.33,89.0,85.0,86.33,85.33,89.0,89.0,89.67,89.33,88.67,86.6,83.5,89.0,87.0
89.0,85.0,90.33,90.0,88.67,88.33,88.33,87.0,85.67,92.0,89.33,85.0,88.6,89.5,86.0,92.5
89.33,82.67,85.33,88.33,84.0,88.0,82.67,83.33,87.33,89.33,88.0,83.67,84.8,88.5,85.5,85.0
86.33,87.33,85.33,87.0,89.0,86.67,88.33,92.0,86.67,86.0,88.67,93.0,85.4,81.0,86.0,87.0
89.67,88.33,85.33,89.67,88.0,92.33,88.67,82.67,87.0,90.67,85.33,87.33,85.8,88.0,90.5,87.0
81.0,91.33,88.0,85.33,92.0,85.0,91.0,85.0,89.33,89.67,88.0,88.67,88.2,93.0,88.0,87.0
90.67,89.67,84.67,90.67,92.33,83.33,88.0,89.33,88.33,91.67,89.33,85.0,87.8,91.0,91.5,88.5
89.0,87.67,88.67,91.0,88.0,88.0,82.0,87.0,88.0,87.0,84.67,90.0,87.6,84.5,86.5,85.0
86.67,89.33,92.67,88.67,89.33,93.33,82.67,84.33,85.0,87.0,85.0,87.67,87.8,90.5,93.0,93.0
82.0,87.0,86.33,90.0,88.0,82.0,87.33,87.33,91.0,87.33,83.67,87.0,91.4,86.0,88.0,83.5
85.0,88.0,86.0,91.0,91.67,87.67,85.33,88.67,88.33,91.33,84.33,85.67,87.0,89.0,82.5,84.5
86.0,83.67,85.67,89.0,87.33,87.67,85.33,88.0,84.0,93.33,89.67,83.67,86.4,88.5,93.5,90.5
85.0,85.33,91.67,87.67,85.33,90.0,92.67,89.0,85.67,87.33,85.33,89.33,83.4,94.0,87.0,87.5
82.33,89.33,86.0,86.67,90.0,93.67,86.0,90.33,92.67,89.67,86.33,87.67,85.2,90.5,90.5,87.5
87.67,87.67,86.33,90.67,82.0,87.67,85.0,88.33,88.0,83.0,90.0,86.67,89.0,90.5,92.0,90.5
85.33,84.67,87.33,88.0,86.33,85.67,85.67,87.67,86.0,87.67,87.33,85.0,93.2,86.5,81.5,91.5
88.0,92.33,85.0,86.67,85.67,92.33,88.33,83.67,88.33,87.0,89.67,88.67,89.2,84.0,90.0,92.0
84.67,89.67,93.0,83.67,85.0,84.67,88.33,90.67,87.33,88.33,87.0,86.67,90.4,94.5,86.5,89.0
88.33,87.67,85.0,85.33,82.0,88.33,91.0,86.67,87.0,83.67,84.33,87.33,87.6,93.0,87.0,84.0
89.33,91.0,82.0,86.67,87.33,86.33,89.33,89.33,88.0,91.67,93.67,86.67,87.2,89.5,86.5,91.5
86.67,91.33,88.33,87.0,89.0,87.33,87.0,89.67,87.0,87.67,85.33,86.33,91.0,88.0,88.0,83.0
85.33,88.67,87.67,84.67,89.0,83.67,87.33,88.67,88.0,86.67,87.0,86.33,86.2,83.5,84.5,87.5
88.33,88.33,84.67,90.33,85.33,89.67,83.67,84.67,85.33,87.67,86.67,88.33,90.8,87.5,81.0,83.5
89.0,88.33,91.67,87.67,89.0,86.33,85.33,89.0,87.67,91.0,89.33,86.33,85.2,94.0,87.0,81.0
90.33,92.67,84.33,89.0,90.33,89.67,87.33,88.33,86.0,87.67,85.33,88.67,90.4,87.0,91.0,90.5
83.67,90.0,86.67,85.0,84.67,85.0,85.67,88.33,88.0,88.67,86.0,90.0,84.2,87.5,88.0,88.0
87.0,88.67,86.67,93.33,85.33,85.0,88.33,87.0,92.33,92.33,91.33,87.0,89.8,80.5,87.5,88.5
86.33,87.33,83.33,85.0,86.0,92.67,83.33,87.0,87.33,89.33,86.33,84.0,88.8,92.0,83.5,88.0
86.0,86.0,89.33,86.67,84.33,87.33,83.67,90.33,82.0,87.67,90.0,90.67,85.2,85.0,86.0,82.5
86.0,90.33,83.0,88.67,85.67,89.33,89.33,90.33,81.67,88.67,87.67,87.33,89.8,89.0,91.0,84.5
88.0,82.67,89.0,88.33,85.33,87.67,83.67,86.0,84.0,86.67,89.33,88.33,89.6,86.0,91.0,81.0
85.0,92.33,86.0,88.33,86.33,85.67,90.0,88.0,84.0,85.67,88.33,85.67,82.8,91.0,91.5,86.0
85.33,91.0,89.0,92.33,85.67,89.33,89.33,82.67,89.33,86.0,88.0,88.33,85.0,89.0,92.5,88.0
83.33,82.0,86.0,83.67,85.33,83.33,89.67,88.0,85.67,89.0,92.33,88.67,87.6,82.0,85.5,83.5
85.67,89.33,89.33,90.33,87.67,92.0,88.67,84.33,91.0,90.67,90.67,89.0,84.0,91.0,82.5,84.5
90.33,89.0,84.33,92.33,89.67,90.0,86.67,87.0,85.67,92.33,89.0,87.67,88.2,87.5,85.5,89.5
89.0,84.67,88.67,89.33,90.0,85.67,89.67,91.0,92.0,89.33,89.67,87.67,89.0,82.0,81.0,86.0
90.0,87.67,86.0,92.0,87.0,86.0,87.33,88.0,86.0,87.67,84.33,88.67,87.0,92.0,81.5,87.0
82.67,90.0,85.33,89.67,84.33,89.0,82.67,84.33,84.67,88.33,85.33,86.33,93.0,85.0,86.5,86.5
88.0,86.33,91.0,86.67,89.0,90.33,85.0,87.0,82.67,87.33,91.0,92.0,87.0,83.5,87.5,82.0
88.33,88.33,89.33,87.67,89.67,88.0,89.33,91.33,88.0,88.0,84.33,82.67,86.6,87.5,87.5,87.5
92.0,84.0,89.67,87.33,88.33,90.0,84.33,87.0,82.0,89.0,85.33,87.67,83.6,92.0,85.5,87.0
88.0,85.33,90.0,90.33,84.0,89.67,88.0,87.33,86.67,88.33,86.67,91.0,89.6,95.0,83.5,89.0
89.33,89.33,83.33,90.0,87.67,87.0,85.67,87.0,85.67,88.33,87.33,87.0,88.2,86.0,88.0,89.5
91.33,92.33,93.0,86.33,89.0,85.0,86.0,86.0,89.67,89.33,90.0,86.0,89.6,92.0,86.0,82.5
83.33,91.33,87.67,88.33,85.67,87.67,83.67,86.67,91.33,86.0,94.0,92.67,89.6,89.0,86.0,90.5
85.33,87.67,85.33,87.67,87.33,88.33,90.33,84.33,86.0,91.33,87.0,87.0,90.0,85.0,89.5,89.5
91.0,88.0,92.67,92.67,87.67,85.67,88.33,88.67,83.67,89.33,89.67,89.0,89.8,89.5,85.5,89.5
90.33,89.33,90.67,87.67,89.33,89.33,85.67,85.67,92.67,88.33,87.0,87.0,90.4,86.0,86.0,81.5
89.0,85.0,85.33,91.0,88.67,88.0,88.0,90.67,86.0,87.67,84.67,86.67,87.2,88.0,88.0,85.5
91.33,91.33,89.67,86.67,86.67,89.33,84.67,87.67,84.0,90.33,87.67,89.33,87.8,87.0,85.5,86.0
83.67,85.67,91.33,91.0,88.0,89.67,84.33,91.33,87.67,85.0,91.67,87.33,85.2,91.0,94.0,87.0
87.33,87.33,88.67,86.33,85.0,90.67,86.0,85.0,87.33,88.67,89.33,83.33,86.0,90.5,91.0,86.0
89.33,91.33,85.0,87.33,84.67,89.0,86.33,81.0,87.0,92.67,93.33,88.0,87.4,84.0,84.5,83.0
88.0,86.33,85.0,85.33,90.67,87.67,86.0,86.0,91.33,88.67,84.33,88.67,90.6,88.0,89.0,83.0
84.67,88.0,90.0,90.33,87.0,85.67,84.33,89.67,86.67,90.67,84.67,87.67,89.0,87.5,82.5,87.5
87.33,87.33,89.33,88.33,86.67,85.33,83.67,86.67,89.33,83.0,88.0,91.0,85.2,87.5,88.0,85.0
85.0,86.67,85.67,81.67,87.0,89.33,87.0,89.33,85.0,90.67,84.33,88.0,87.2,93.5,85.0,80.0
90.0,81.0,88.0,86.0,91.67,86.67,81.67,91.67,86.67,92.0,89.67,92.0,82.6,85.5,85.5,84.0
84.33,94.0,89.33,87.33,91.0,91.67,89.0,89.33,87.67,88.0,91.67,87.33,87.0,90.0,91.0,91.5
88.67,87.0,86.33,90.67,86.67,88.33,90.67,89.33,89.33,91.67,88.33,91.67,89.0,87.5,91.5,83.5
87.67,82.33,88.33,89.67,92.33,85.33,87.33,89.67,86.67,87.33,90.67,85.67,90.0,82.5,91.5,87.5
85.33,86.33,88.33,89.0,84.33,90.67,82.33,87.33,93.33,85.0,88.0,84.0,88.0,90.0,85.0,93.5
92.0,85.0,85.0,92.67,86.67,92.33,85.67,84.67,86.0,87.33,87.67,86.0,87.2,86.0,92.0,85.5
87.67,88.0,88.33,91.0,82.67,84.0,82.67,86.67,89.0,89.33,92.67,90.67,88.4,83.0,84.0,92.5
92.33,88.67,84.33,88.33,87.67,85.67,89.0,86.33,88.33,86.33,89.0,92.67,87.4,85.0,90.5,92.5
83.33,89.33,90.67,92.67,86.0,85.0,86.0,86.0,88.0,91.33,87.67,83.0,89.4,85.0,81.0,85.0
87.33,86.0,89.0,88.67,93.67,85.0,90.67,83.0,88.67,86.33,88.33,84.67,84.2,93.0,80.0,89.0
91.67,86.67,89.33,89.67,92.67,87.0,84.0,83.33,86.0,88.0,87.33,87.33,88.4,86.5,81.0,84.5
87.0,86.33,87.67,89.33,91.0,86.67,87.0,85.33,90.33,86.67,86.33,88.0,85.0,82.0,87.5,87.5
85.0,87.0,83.33,88.33,91.0,86.0,86.67,86.67,87.33,83.33,89.67,87.0,87.6,90.5,87.5,89.5
89.33,84.67,91.33,87.67,86.0,88.0,89.67,91.67,82.67,87.67,89.0,90.0,89.6,91.5,87.5,89.0
88.33,86.33,81.33,90.33,90.67,88.67,90.67,93.0,85.67,85.33,90.0,85.33,87.0,86.5,87.5,83.5
88.0,87.0,88.67,87.0,82.0,87.67,84.33,88.67,90.67,86.0,88.33,86.33,87.0,90.0,87.5,84.0
86.0,82.33,89.67,89.0,89.33,88.33,81.67,86.0,80.67,90.33,89.67,87.67,87.0,93.0,89.0,89.5
87.33,88.67,84.67,84.0,92.33,86.67,87.33,88.67,84.67,87.67,87.33,87.0,90.8,82.5,82.0,91.5
88.67,85.67,87.33,89.67,87.33,83.0,87.0,88.0,88.67,88.0,87.67,91.67,87.2,86.5,85.5,93.0
83.0,88.0,86.33,89.33,85.33,85.33,82.0,82.33,90.0,83.67,88.0,90.0,87.8,85.5,83.0,81.5
93.0,88.33,85.0,84.0,85.33,87.67,90.0,88.0,82.33,85.67,89.33,85.0,87.2,84.5,85.5,87.5
86.67,86.67,83.0,86.0,87.0,86.67,81.33,89.67,89.33,84.0,89.67,87.67,84.0,84.0,87.5,88.5
91.33,88.0,85.0,91.67,88.0,87.67,86.67,85.33,91.0,93.0,89.0,87.33,86.2,93.5,89.0,88.0
83.0,91.0,86.0,82.0,81.33,88.0,91.67,87.33,86.0,88.0,89.33,89.33,88.2,85.0,85.5,85.5
86.67,94.0,84.0,90.67,91.0,89.33,84.67,82.0,89.33,84.67,86.67,84.33,89.0,80.5,85.0,85.5
87.33,86.67,88.0,87.33,86.33,93.0,85.67,87.33,89.0,85.0,86.67,88.67,86.2,89.5,87.5,91.0
89.67,86.67,88.33,90.67,83.67,85.0,93.0,86.0,87.33,85.33,89.33,82.33,89.4,81.0,82.5,87.5
89.33,85.0,86.0,86.0,92.0,90.0,91.33,89.0,90.0,90.0,84.33,90.33,86.2,81.5,89.5,88.0
91.33,87.33,92.33,82.0,88.67,83.33,84.0,88.33,87.0,93.67,83.67,83.33,86.2,87.5,90.0,92.5
88.33,86.33,87.67,90.0,92.0,91.0,85.0,86.67,86.67,88.33,85.33,84.0,83.6,88.5,91.0,90.5
87.0,91.67,84.33,83.0,88.67,83.67,84.67,86.67,83.0,89.67,86.0,86.67,89.2,90.5,89.0,91.0
90.0,83.33,89.0,82.0,83.0,84.67,88.33,87.0,85.0,90.33,86.0,88.33,87.0,86.0,86.0,87.0
88.33,86.0,90.0,86.67,90.33,89.0,87.67,90.0,88.0,89.33,88.0,86.0,88.8,85.5,82.5,86.5
85.67,86.33,86.67,86.67,88.33,89.67,85.33,90.67,92.33,88.33,84.67,90.0,87.8,91.5,89.0,90.5
88.33,88.0,86.0,88.0,88.0,90.0,86.67,84.33,86.0,87.0,89.33,81.67,85.8,89.0,89.5,89.5
89.67,89.33,86.0,90.0,93.67,87.67,85.33,82.67,87.0,92.0,86.0,84.67,84.6,83.5,93.0,88.5
91.33,88.67,86.67,92.67,87.67,89.33,85.67,94.33,89.67,87.33,91.67,86.33,88.2,83.0,84.0,91.0
88.0,87.33,85.67,86.0,87.33,92.67,89.0,84.67,87.67,88.0,86.0,90.67,87.6,85.0,85.0,92.0
88.67,86.33,89.0,85.67,83.67,93.0,86.67,85.33,94.33,87.33,91.0,86.67,88.6,86.5,92.5,92.5
83.33,86.0,85.67,86.0,90.0,93.0,86.67,83.67,83.33,82.0,88.0,89.0,89.4,85.0,87.5,82.5
88.67,87.0,87.33,84.33,85.33,86.0,84.0,86.33,87.67,84.67,86.33,91.0,92.0,89.5,86.5,88.5
89.0,88.67,88.67,87.0,86.33,92.0,90.33,85.67,86.67,90.0,89.67,89.33,88.8,89.0,90.0,85.0
82.33,82.67,85.33,86.0,84.33,87.67,86.67,93.33,91.33,86.33,90.0,88.33,88.0,89.0,90.5,88.0
88.67,88.67,83.67,91.67,83.33,89.0,90.67,83.67,81.67,88.67,88.33,87.0,87.4,90.0,87.5,93.0
86.0,87.33,89.33,80.33,91.0,85.33,83.67,83.67,85.67,85.67,85.33,90.0,90.0,86.0,90.5,84.5
87.67,86.33,87.0,87.33,89.33,88.67,85.67,87.0,89.67,86.33,88.33,85.33,86.2,90.0,87.0,88.5
87.0,86.67,94.0,84.0,83.0,83.0,88.67,85.67,89.0,87.0,84.0,86.0,87.8,87.0,84.0,87.0
86.67,90.33,86.67,88.67,89.0,90.33,89.0,88.67,87.67,86.67,89.67,85.33,89.0,83.0,91.0,82.5
92.0,88.33,89.67,85.0,86.0,88.0,86.33,88.0,88.67,89.0,92.0,87.0,87.8,82.0,89.0,90.0
88.67,83.67,85.33,91.33,89.0,91.0,85.33,85.67,84.0,85.33,86.0,91.0,86.2,85.5,93.5,88.5
88.33,87.33,89.0,91.0,85.67,90.67,83.0,86.67,83.0,88.67,83.33,85.0,91.8,87.0,83.5,88.5
84.67,86.33,85.0,89.33,91.33,85.33,91.67,86.0,87.0,90.0,87.67,91.0,88.8,84.5,86.0,83.5
90.33,86.67,83.0,82.67,87.33,93.0,88.67,92.33,89.0,89.33,87.33,91.0,90.4,87.5,82.5,91.5
88.33,85.33,88.0,91.33,88.0,86.67,84.67,85.67,89.67,88.67,88.67,87.67,88.4,86.0,91.5,84.0
84.0,86.67,86.67,86.33,86.67,86.33,88.0,92.0,91.0,89.0,92.67,87.33,87.2,86.5,84.5,88.0
87.0,89.0,89.67,88.0,91.33,86.67,89.0,85.67,86.33,83.33,82.67,83.33,90.8,87.0,84.5,92.0
88.0,91.0,85.33,85.67,89.0,88.0,89.67,87.67,86.0,87.67,86.67,87.33,88.0,86.0,84.5,87.5
86.33,86.33,82.0,86.0,89.0,88.33,88.67,88.0,83.67,92.33,89.33,87.33,92.0,89.0,81.5,88.0
87.67,88.67,91.0,86.0,87.0,89.33,86.33,87.67,85.67,88.0,88.33,87.33,90.4,88.5,86.5,87.0
87.67,91.0,87.0,88.33,88.67,90.33,87.33,89.33,86.0,83.67,88.0,88.33,86.8,85.5,83.0,84.0
86.33,90.33,89.0,85.0,90.0,86.0,84.67,88.67,83.67,84.0,86.67,87.67,89.2,87.5,86.5,83.5
88.0,84.0,90.67,91.67,86.33,82.33,89.0,85.67,85.0,89.33,82.33,84.33,86.8,81.0,83.5,88.0
90.67,87.33,91.67,86.0,88.0,84.0,87.0,90.33,84.0,89.67,90.33,83.67,85.6,86.5,90.0,86.0
83.0,89.33,83.67,87.33,88.67,89.0,89.33,86.67,91.67,86.0,87.0,89.0,86.8,88.5,82.5,86.0
89.0,87.67,88.0,85.0,87.0,85.67,89.0,86.0,93.0,85.33,89.67,85.0,84.0,90.5,85.5,90.0
86.33,90.33,86.0,89.67,88.67,84.67,89.0,91.67,86.33,85.33,81.67,89.0,88.0,87.0,89.5,86.5
87.0,89.67,81.67,88.0,85.67,87.0,90.67,87.0,84.0,82.33,87.0,85.67,86.8,89.0,91.0,86.5
85.67,85.67,88.0,88.33,86.0,84.67,85.67,88.67,87.33,82.67,89.67,88.33,84.6,86.5,83.0,88.0
83.33,86.33,88.0,88.67,83.67,87.67,91.33,86.33,92.33,88.0,92.0,90.33,85.2,86.0,90.5,82.0
89.67,90.67,86.67,86.33,85.0,89.33,90.67,85.33,92.67,85.33,90.0,88.0,87.0,89.0,94.5,88.5
86.33,85.67,88.33,88.67,86.67,82.67,88.33,83.33,87.0,87.33,83.33,89.0,89.8,89.5,92.5,88.0
83.33,88.33,86.33,86.0,85.67,84.33,89.33,90.67,89.0,82.33,85.67,88.67,86.2,92.5,87.5,83.0
88.67,87.0,84.67,88.67,85.33,87.33,86.33,86.0,86.0,88.67,89.67,82.33,89.6,84.5,86.0,93.5
88.0,85.67,83.33,88.67,88.0,86.0,91.67,88.0,93.0,86.0,88.0,87.33,90.8,94.0,88.0,81.5
88.67,88.0,85.33,88.33,83.33,84.67,83.67,89.67,86.67,86.0,91.0,85.67,84.6,88.5,88.5,89.5
86.33,90.67,85.67,89.33,89.33,88.33,91.67,82.67,83.67,88.33,87.67,87.67,86.0,93.5,88.0,87.5
88.33,87.0,90.0,84.0,83.67,87.0,92.67,87.0,88.33,82.67,89.67,88.67,86.8,89.0,89.0,93.5
85.67,84.0,88.0,86.67,91.67,83.33,86.67,88.67,84.67,88.33,88.67,87.67,85.4,91.0,94.5,88.0
85.0,90.67,86.33,88.67,87.33,87.33,93.67,88.0,86.67,87.67,84.33,92.33,89.0,83.0,82.0,83.5
92.33,92.0,85.67,94.33,85.33,86.0,93.33,83.33,84.0,82.67,89.0,86.67,87.8,91.0,87.5,90.0
85.0,94.67,87.33,88.33,89.67,90.33,91.0,86.33,88.33,83.33,84.33,84.67,86.2,89.0,92.5,87.5
88.0,89.33,87.33,84.33,90.0,83.0,87.0,90.67,84.33,83.0,88.67,87.33,87.2,90.0,89.0,88.0
88.0,84.67,87.67,84.67,84.67,83.0,89.33,89.0,83.67,86.0,90.33,87.0,89.0,82.5,90.5,84.5
89.67,87.67,91.67,84.67,85.0,86.33,81.33,92.0,89.33,88.67,88.33,87.0,87.8,88.0,90.0,91.5
88.0,88.33,86.67,87.33,84.33,85.0,85.33,83.33,87.0,92.33,83.67,84.0,87.6,87.0,89.0,89.0
93.67,84.67,89.0,85.67,87.33,87.33,89.67,85.67,87.67,86.67,83.67,88.67,88.0,87.5,88.0,82.0
92.0,87.33,85.67,83.67,84.33,91.33,86.67,84.0,87.67,83.0,85.67,83.67,84.8,91.5,91.0,88.0
88.0,80.67,91.0,82.0,91.0,86.0,88.67,89.67,86.33,94.0,87.0,86.0,90.6,91.0,88.5,88.0
83.33,89.33,86.0,85.33,90.33,81.67,86.0,83.0,85.0,87.33,83.0,90.33,89.2,87.5,84.0,88.0
88.0,86.33,86.67,84.33,88.33,84.33,87.0,86.33,86.33,88.0,81.0,84.67,85.0,81.5,90.0,87.0
88.0,88.67,85.33,87.0,92.0,85.67,88.0,86.67,86.0,86.33,82.33,87.0,86.8,88.5,89.0,84.0
90.33,85.67,88.0,84.67,90.67,91.33,87.0,86.33,85.0,88.33,81.0,86.33,88.0,91.5,90.5,85.5
89.0,87.67,86.67,88.33,86.33,87.33,85.67,83.67,90.33,89.33,86.67,90.0,82.8,90.0,88.0,85.5
87.67,87.67,87.0,86.33,85.33,81.33,85.33,91.33,89.33,88.0,90.67,90.67,88.6,82.0,93.5,82.5
87.33,88.0,85.67,89.33,92.33,88.67,87.0,90.67,87.0,83.33,90.0,83.67,87.8,86.0,85.5,89.5
88.0,82.33,87.33,87.67,85.33,89.33,88.0,85.0,90.67,85.0,89.33,89.67,87.0,92.0,91.0,87.0
88.0,88.0,84.33,91.33,90.0,88.0,86.0,84.0,88.33,86.0,91.67,82.33,86.0,86.5,85.5,85.5
83.33,89.33,88.67,85.0,88.33,90.0,88.0,91.33,86.33,85.0,91.67,81.67,89.0,88.0,87.5,93.5
88.67,86.33,87.0,89.67,88.67,83.33,88.67,86.33,87.67,89.33,85.33,88.0,88.4,86.5,89.5,88.0
88.33,90.0,87.33,85.33,87.67,89.0,85.33,86.33,93.0,86.67,87.0,91.0,88.8,87.5,92.0,84.0
89.0,91.67,85.33,87.0,90.0,82.0,85.33,89.0,89.67,86.33,84.33,85.0,87.6,83.0,87.5,89.0
85.0,82.0,92.67,88.67,86.67,85.33,92.0,90.0,84.67,87.33,83.33,92.0,88.6,81.0,88.5,90.0
84.33,85.33,93.0,83.0,87.33,86.33,85.67,92.33,87.0,85.0,87.33,86.0,85.8,85.0,87.0,87.0
84.33,81.0,89.67,89.33,87.33,86.33,90.67,88.0,87.67,92.33,90.33,87.33,88.0,85.0,89.0,87.0
87.0,87.67,92.0,87.67,85.33,84.33,86.33,92.0,88.67,89.67,86.67,83.0,85.6,88.0,87.0,88.0
82.33,85.0,91.0,89.33,87.67,88.0,87.0,93.33,91.33,90.33,85.33,83.67,87.2,89.5,87.5,86.0
85.0,84.67,84.67,88.67,84.33,86.33,82.33,87.0,85.0,88.0,86.67,81.33,86.6,90.0,84.5,83.5
88.67,92.0,91.67,86.33,89.67,89.33,90.33,82.33,91.0,84.33,86.33,88.0,84.6,93.0,85.5,83.5
85.67,87.33,86.33,85.0,85.0,87.67,89.33,90.0,84.33,90.0,84.33,88.33,89.8,82.0,91.0,91.0
89.67,89.0,89.33,89.0,84.0,88.67,88.0,89.33,86.33,94.0,91.33,89.33,85.8,91.5,87.0,93.0
86.67,88.67,85.33,90.0,85.67,88.33,86.0,83.67,89.67,82.0,85.33,81.33,86.6,82.5,90.5,83.0
92.0,86.33,84.33,89.0,86.33,84.67,83.0,83.67,83.0,83.33,86.67,89.0,89.2,87.0,87.5,92.0
85.67,93.33,80.33,88.0,84.67,83.67,83.33,89.67,87.67,89.0,86.0,89.0,88.4,88.0,87.0,84.0
88.0,82.67,83.33,86.0,88.33,85.33,89.0,87.67,83.0,92.33,88.0,88.33,87.4,89.5,91.0,91.5
84.0,90.67,86.0,86.33,88.0,90.0,88.0,86.33,89.33,86.0,88.33,88.33,87.0,84.5,95.0,81.0
82.33,91.33,90.0,81.33,91.67,89.33,87.33,88.33,91.0,84.0,86.67,84.67,85.8,83.5,84.5,87.0
82.67,85.33,84.0,86.0,92.0,85.33,87.33,89.0,88.67,88.67,81.67,84.33,85.6,87.0,81.0,86.0
85.33,88.0,88.33,89.33,84.0,89.0,88.67,87.67,86.0,90.33,90.33,89.33,87.8,86.5,82.5,88.5
92.0,85.33,91.67,87.0,87.67,89.67,91.33,85.0,84.33,87.33,85.0,88.33,87.8,82.0,88.0,88.0
84.67,85.67,91.0,89.67,84.67,89.33,86.0,86.67,83.33,84.33,89.0,85.67,86.4,86.5,86.0,93.0
88.0,90.33,83.67,82.67,86.0,82.0,84.33,92.33,90.0,82.0,83.33,86.67,87.4,82.5,88.0,88.0
89.33,84.33,88.0,88.0,87.0,90.0,91.67,89.33,85.33,89.33,88.33,87.0,87.0,83.0,93.5,80.5
83.67,87.33,88.33,85.67,89.0,93.33,89.0,85.67,91.67,87.67,85.67,88.33,88.4,87.5,86.0,89.5
88.33,83.33,86.33,85.67,85.0,89.0,89.67,88.0,88.0,86.67,87.33,88.67,86.6,88.0,81.5,88.5
90.33,83.0,85.67,88.33,90.0,85.67,90.0,91.33,90.67,88.0,84.67,81.33,90.0,92.5,85.0,85.5
87.67,89.67,82.33,85.67,83.33,84.33,86.67,85.0,85.33,84.67,91.33,88.0,86.0,86.5,89.5,83.5
90.0,85.0,91.0,85.33,82.33,87.67,88.0,85.33,85.33,87.33,83.0,85.33,83.6,84.5,87.0,91.5
93.0,91.67,88.67,91.0,85.67,85.0,87.67,89.0,92.0,85.33,87.0,90.33,88.6,90.0,83.5,86.5
85.33,86.33,90.33,84.0,89.67,85.67,90.33,83.67,90.0,92.0,83.33,85.33,91.6,88.0,87.5,88.5
92.33,87.0,87.33,84.33,82.67,88.33,87.0,88.67,83.33,85.0,88.0,89.0,89.2,90.5,81.0,83.5
86.67,90.67,85.0,86.67,92.67,87.67,86.33,87.33,85.67,85.67,88.67,84.33,87.0,87.5,88.5,91.0
89.33,89.0,83.0,89.67,88.67,88.0,87.33,91.33,84.33,83.33,91.33,87.0,92.4,92.5,89.0,86.5
84.33,89.33,88.0,88.33,89.0,84.67,84.0,87.67,85.0,85.33,89.0,84.33,89.0,90.0,87.0,91.0
91.0,88.67,89.67,85.67,92.33,90.67,87.67,85.33,89.67,85.0,83.0,86.67,90.2,85.5,88.5,81.0
85.67,85.67,85.33,90.67,86.67,85.33,84.0,91.33,90.67,89.0,92.0,85.67,90.8,89.0,90.5,93.5
84.67,86.67,86.67,86.67,84.0,88.0,84.67,85.33,86.0,88.67,91.0,88.67,88.0,90.5,92.0,94.5
82.67,92.67,85.0,89.33,86.33,82.67,85.67,83.67,88.33,88.33,87.0,84.0,90.4,88.5,90.0,93.0
87.0,87.33,87.67,89.33,92.0,88.0,89.33,87.33,90.67,86.0,81.67,86.33,85.4,85.0,85.5,93.5
89.0,89.33,85.67,83.0,86.0,85.0,83.33,89.0,89.33,88.0,88.0,89.0,86.0,88.0,88.5,83.5
87.0,86.33,92.0,85.33,93.33,85.67,84.33,89.0,90.0,87.67,93.0,87.33,88.6,86.5,87.0,84.5
92.33,81.67,87.33,81.67,85.67,92.67,85.67,88.0,86.0,89.67,87.33,84.33,87.8,90.0,87.0,86.0
84.0,88.67,88.0,85.0,86.33,85.33,90.0,90.0,88.0,84.33,93.33,83.33,87.6,90.0,85.0,85.5
85.33,85.0,85.0,85.33,87.33,93.33,84.33,83.0,86.0,89.33,92.67,92.67,89.0,88.5,88.0,92.5
85.67,92.67,84.0,88.33,88.0,89.33,88.67,84.67,87.0,89.0,86.33,90.67,87.2,89.0,85.5,86.0
89.67,89.0,89.33,89.33,88.0,93.0,89.0,81.67,89.33,84.0,90.67,88.67,87.6,90.5,82.0,82.5
86.67,83.33,83.33,89.67,89.0,83.33,89.67,84.33,83.67,87.67,82.33,85.33,85.8,88.0,86.5,85.0
86.0,91.33,87.67,91.67,87.0,90.0,84.0,84.33,89.0,90.67,88.67,87.33,86.4,86.5,83.0,87.5
90.33,89.0,88.0,82.67,87.33,85.33,86.67,89.67,85.33,85.0,87.33,84.0,86.4,87.0,86.0,83.0
85.33,86.33,87.33,86.0,84.0,84.67,85.33,89.67,88.0,90.67,91.33,85.33,88.8,91.5,91.0,86.5
93.67,88.67,86.67,92.33,85.67,85.67,91.0,86.33,88.0,80.0,83.67,86.67,86.8,93.5,89.0,83.5
81.67,86.33,90.0,87.33,85.67,85.67,84.0,94.0,90.0,83.33,90.67,84.33,86.8,92.5,93.0,84.5
83.0,89.33,85.0,83.0,82.33,87.0,86.0,87.33,88.67,86.67,88.0,87.33,88.2,88.5,90.0,87.0
89.0,88.67,87.33,91.67,88.67,83.67,89.0,82.33,83.67,84.67,91.0,84.67,88.2,89.0,88.0,86.0
86.33,88.67,90.67,87.33,85.67,82.67,83.67,88.0,89.0,86.0,84.0,88.0,88.8,94.0,86.5,84.5
83.33,88.0,85.0,84.67,84.67,86.67,90.33,89.0,89.67,88.67,93.67,89.0,85.2,90.0,84.0,88.5
84.33,91.0,88.33,85.33,89.33,87.67,85.67,87.67,80.67,84.67,87.0,86.0,89.4,87.5,85.0,94.5
88.67,89.67,86.67,82.67,85.67,87.67,84.67,90.67,88.33,87.0,91.0,84.67,87.8,86.0,87.5,92.0
85.67,89.67,89.67,88.67,90.0,88.0,89.0,87.67,90.33,89.33,90.67,92.67,86.4,84.0,89.0,85.0
83.33,89.33,85.67,89.0,90.67,87.67,83.67,91.67,86.33,84.67,93.67,87.67,86.4,87.0,91.0,90.0
86.67,85.0,88.33,88.67,89.0,88.33,88.33,83.33,89.33,87.0,86.0,83.67,86.4,91.5,91.5,85.0
87.33,82.0,82.33,85.67,86.33,85.67,88.0,87.33,87.67,87.33,88.67,87.0,88.2,85.0,85.5,86.0
84.0,90.0,82.67,89.67,84.0,84.0,88.67,86.0,89.33,87.67,89.0,88.0,85.6,91.0,86.0,88.0
88.67,92.67,83.0,90.67,85.33,90.67,87.0,83.0,86.0,88.33,87.33,89.0,85.2,86.0,89.5,90.0
83.33,85.67,87.0,85.0,90.33,84.33,88.33,93.67,85.0,88.0,85.0,85.33,86.8,89.0,86.0,89.5
88.0,84.33,87.33,86.67,84.0,88.33,86.33,93.33,85.67,91.0,85.33,89.0,87.4,90.0,87.5,85.0
86.67,90.0,91.33,87.0,90.0,86.0,86.67,88.0,82.33,85.33,90.0,88.0,89.0,85.0,91.5,83.5
89.33,87.67,94.0,87.33,91.33,81.67,88.67,87.0,89.33,89.0,90.67,89.67,86.6,87.5,93.5,90.0
89.67,89.33,86.67,87.0,85.67,83.0,87.33,84.0,91.33,88.0,87.67,87.0,91.2,86.0,87.0,84.0
89.67,86.67,86.67,85.67,91.0,87.33,83.33,87.0,84.33,88.67,87.67,83.0,88.4,87.5,90.0,89.0
83.0,91.67,89.0,88.67,86.0,85.0,88.0,82.67,89.33,88.0,84.0,85.0,89.4,83.5,87.0,89.0
83.0,87.0,84.67,82.0,88.33,84.33,85.67,88.67,84.67,92.67,85.33,89.0,86.4,91.0,87.0,84.0
85.33,91.67,88.67,89.67,84.33,87.67,86.33,90.0,85.33,86.33,86.33,89.0,84.4,87.5,88.0,86.5
89.67,92.0,87.33,84.67,85.0,90.33,86.67,86.33,86.67,92.33,88.33,84.33,92.0,88.0,89.5,86.5
86.0,88.0,87.0,87.33,93.33,92.0,91.0,87.33,89.33,89.33,86.33,94.33,86.4,85.5,85.5,91.5
87.0,88.0,83.33,87.67,88.33,84.0,86.33,85.0,91.0,92.0,89.33,90.67,87.6,93.0,82.5,88.0
82.67,84.67,88.0,85.0,85.0,90.67,85.33,90.0,87.0,91.33,84.33,82.0,84.0,84.0,86.5,87.0
90.0,89.67,90.67,86.33,89.67,84.67,90.33,86.67,93.67,88.0,90.0,87.67,85.6,92.5,90.5,85.0
90.0,84.33,85.33,85.0,90.67,89.33,92.0,85.33,89.67,89.67,84.33,90.33,87.0,90.0,83.0,86.5
87.67,89.0,87.67,83.67,81.0,89.0,85.33,86.33,92.33,87.0,84.0,84.33,89.6,86.0,88.0,91.5
88.67,89.67,85.67,85.33,88.67,85.33,84.0,88.33,82.33,86.0,89.33,84.33,86.8,87.0,82.5,85.0
85.33,89.67,89.67,86.67,83.33,84.67,87.0,87.0,86.67,82.33,87.0,88.0,89.6,88.0,81.5,82.0
88.0,87.33,88.33,90.0,84.67,90.67,90.33,86.33,87.67,88.0,82.67,84.33,84.8,91.0,91.5,92.5
85.67,87.67,88.33,87.33,88.33,91.33,89.67,87.33,87.33,88.67,85.67,85.33,88.4,85.5,89.5,94.0
92.0,87.67,82.67,87.0,87.33,90.33,87.33,89.67,84.67,89.67,88.33,83.33,87.6,87.0,83.5,86.0
87.0,86.33,87.0,89.33,84.67,89.0,88.0,88.33,90.33,89.0,85.67,85.33,87.0,83.0,89.0,84.0
85.67,85.67,88.67,84.0,90.67,83.67,84.0,88.0,93.67,82.0,85.0,87.33,85.0,87.0,86.5,86.5
84.33,91.67,90.67,88.67,86.0,89.0,85.67,88.67,91.0,89.33,88.0,94.0,88.2,87.0,88.0,84.0
87.0,84.33,88.33,93.67,90.33,89.0,87.0,84.33,90.0,86.0,86.67,84.67,88.8,89.5,88.5,93.5
87.67,85.0,83.33,88.0,87.33,87.33,84.0,84.33,90.67,88.33,88.0,83.67,86.8,92.0,87.0,88.0
90.33,85.67,87.67,86.33,84.67,92.0,89.0,87.67,92.33,87.67,88.0,89.67,84.0,93.0,91.5,85.0
90.67,90.33,87.67,89.33,85.33,86.67,89.33,90.67,90.0,87.67,85.33,88.0,86.4,83.0,87.5,87.0
88.0,86.0,89.67,83.33,88.0,82.0,87.33,85.0,86.0,85.0,87.0,89.33,89.8,82.0,88.5,95.0
87.33,87.33,86.0,86.0,91.33,87.33,92.0,88.0,88.67,88.33,86.33,89.33,88.6,86.5,88.0,87.0
84.67,84.67,87.0,88.67,87.33,88.67,87.0,93.0,90.33,88.67,88.67,82.33,84.0,88.0,86.0,83.5
88.67,88.67,81.0,84.67,84.33,88.0,85.67,86.67,84.33,82.33,85.33,82.33,86.6,82.0,94.0,91.0
86.33,89.33,86.0,85.0,85.67,87.67,82.67,91.33,83.33,85.67,85.67,89.0,84.4,81.0,85.5,87.0
89.0,86.33,81.33,85.33,90.0,89.0,87.33,87.0,91.0,90.67,91.33,91.33,86.8,90.5,82.5,88.0
87.33,86.0,90.0,88.0,87.67,85.0,90.33,88.67,87.33,86.0,84.0,87.33,89.6,86.0,91.5,89.0
92.67,86.0,88.67,87.67,87.33,90.0,88.67,88.33,91.0,92.67,85.33,86.0,86.0,85.0,82.0,91.5
89.67,87.33,90.67,85.33,86.0,87.67,84.67,84.67,86.33,84.33,89.67,85.33,86.0,89.0,91.5,84.0
88.33,88.0,85.33,84.33,89.67,84.0,85.33,88.67,87.0,94.33,87.33,81.67,86.8,86.0,88.0,85.5
89.67,86.0,86.0,86.33,88.0,88.33,88.67,90.67,87.67,86.33,90.0,87.0,88.4,91.0,92.5,91.0
90.0,91.0,86.33,87.67,91.67,87.67,83.67,86.0,85.0,91.67,88.33,88.67,86.2,90.5,87.0,83.5
86.0,88.67,86.0,88.67,85.33,91.0,87.0,87.67,91.67,90.67,85.33,85.0,84.8,89.0,91.0,88.5
90.0,86.67,87.33,92.33,90.0,88.67,90.33,93.33,84.33,89.0,85.33,83.67,85.6,88.0,87.5,87.0
89.33,86.67,87.33,87.33,85.0,87.67,87.33,85.0,89.0,87.0,91.67,87.67,89.0,86.5,85.0,88.5
85.0,86.0,89.0,86.33,90.0,88.33,87.0,88.67,91.0,85.67,85.33,86.0,81.8,86.0,94.0,95.0
83.0,87.33,90.33,87.33,89.33,86.0,89.67,83.33,90.0,87.67,87.33,87.67,87.8,86.0,86.0,87.5
91.0,85.0,88.67,87.67,93.0,88.33,84.67,84.33,91.33,86.0,86.0,86.67,87.6,88.5,91.0,87.0
86.33,90.67,89.33,94.67,87.67,88.67,86.0,88.33,88.33,92.33,88.67,82.67,88.0,87.5,89.0,94.5
88.33,87.0,88.67,83.0,88.33,93.0,82.67,90.67,86.0,84.67,86.67,89.33,87.6,90.0,89.5,89.0
87.67,86.0,90.0,89.67,87.0,87.67,90.67,88.67,85.67,81.33,84.33,89.33,87.2,87.5,85.5,89.0
86.33,83.33,90.67,84.0,89.0,90.33,86.0,86.0,90.33,88.33,84.33,86.33,87.8,82.5,88.5,91.0
87.0,87.0,85.67,91.33,86.33,84.0,94.67,84.33,89.33,89.67,85.67,92.0,84.4,86.5,88.0,85.0
89.0,86.0,82.67,88.33,88.67,89.33,89.67,87.0,88.67,89.0,87.67,86.67,88.0,82.0,88.5,83.5
94.0,88.67,86.0,88.0,85.67,84.0,86.0,83.0,86.33,91.0,88.67,82.67,86.0,80.5,88.5,90.0
89.67,87.33,85.67,82.0,87.67,87.67,83.0,92.0,90.0,90.67,85.33,91.67,91.2,88.5,87.5,87.0
86.67,84.33,86.0,83.33,93.0,90.67,87.67,88.33,91.33,85.67,90.33,86.67,85.6,88.5,93.5,90.0
86.0,89.67,87.33,90.67,83.67,83.33,85.67,86.0,88.33,88.0,81.0,90.67,88.4,91.0,82.5,81.0
89.33,92.33,86.33,87.0,84.0,91.0,83.33,85.67,84.67,85.67,89.0,86.33,89.8,87.0,83.5,87.0
85.33,87.33,85.67,89.0,87.33,89.67,88.33,86.33,85.0,81.67,88.0,86.67,89.4,93.0,92.5,87.5
86.67,86.67,88.0,87.67,90.67,84.67,89.33,88.67,85.67,87.67,90.67,85.67,84.2,89.5,92.0,92.5
89.0,86.0,84.0,85.67,89.0,86.33,90.0,83.67,89.0,89.33,88.67,89.0,86.4,92.0,88.0,89.5
89.67,87.33,88.0,81.67,84.67,82.0,89.67,91.0,84.0,88.67,91.67,88.33,88.6,90.0,86.5,84.5
84.0,92.33,89.33,87.0,90.0,87.67,84.0,86.67,93.33,85.33,82.67,87.33,88.2,82.5,89.5,94.0
85.0,90.0,88.67,87.0,86.67,88.0,88.33,87.0,87.0,84.0,85.67,88.0,90.0,90.5,89.5,84.5
91.33,89.0,87.67,85.0,85.67,94.0,83.0,86.0,88.67,88.67,87.33,85.33,86.8,90.0,83.5,86.5
89.33,87.0,90.33,87.0,84.33,88.33,89.67,83.33,91.67,87.67,86.67,82.0,83.4,94.0,92.5,90.0
87.67,89.0,89.67,90.67,92.67,84.33,88.33,87.33,93.33,85.67,84.67,87.0,91.0,88.5,92.0,85.0
88.0,84.67,87.0,84.33,86.0,89.0,88.33,85.33,93.0,85.67,89.0,86.67,86.4,86.0,87.5,85.5
93.67,87.33,90.0,85.0,86.0,84.67,88.33,83.0,83.67,87.0,89.33,88.67,84.6,89.5,85.5,91.5
88.67,84.0,82.0,87.67,88.67,89.67,90.33,88.33,86.0,90.0,86.0,83.33,89.2,91.0,86.0,85.5
91.0,87.0,85.0,88.0,85.33,86.67,83.0,87.67,84.67,81.33,87.33,83.67,89.8,84.0,86.0,86.0
86.33,88.0,87.67,87.0,90.33,83.0,89.0,89.33,87.33,87.33,90.67,89.0,88.6,83.5,87.0,88.5
89.0,87.67,82.67,88.67,84.0,82.33,88.0,90.33,87.33,88.33,88.0,88.33,85.2,81.5,90.5,90.5
88.33,84.67,86.33,84.33,84.33,88.0,86.0,89.67,90.33,87.33,87.0,85.33,90.8,86.5,88.5,93.0
83.0,90.33,89.33,84.67,87.0,88.67,84.67,86.0,81.33,82.33,87.67,89.67,84.2,81.5,91.5,84.5
88.0,88.33,83.67,88.67,90.67,85.67,87.67,92.33,90.67,88.0,84.67,89.67,88.2,88.5,89.0,87.5
88.33,92.33,90.0,90.67,87.0,84.67,88.67,85.33,90.33,86.0,83.0,87.33,88.6,92.0,93.5,86.5
84.67,84.67,83.33,85.67,87.0,88.0,86.0,86.67,86.67,88.0,92.67,85.33,86.2,85.5,87.5,91.0
86.67,87.67,86.33,90.0,87.0,86.33,86.33,87.33,86.0,90.67,90.33,82.67,87.8,87.0,88.5,91.5
86.33,85.67,87.67,91.67,90.33,89.67,91.0,87.67,86.33,89.33,88.33,86.0,89.0,84.0,92.0,85.0
87.0,91.0,84.67,88.67,91.33,85.67,87.67,85.33,91.0,86.0,88.0,85.33,86.8,82.0,94.5,87.5
85.33,85.67,87.0,88.33,91.67,89.33,82.33,88.67,86.33,92.67,90.33,89.33,89.2,89.0,89.0,86.0
87.0,85.67,89.0,85.67,85.33,90.33,86.0,86.0,85.67,86.67,88.67,87.0,89.4,92.0,86.5,89.5
90.33,82.67,85.67,91.0,93.67,89.33,89.0,83.0,87.67,88.33,84.67,88.67,87.6,89.5,85.0,87.0
90.33,84.33,87.33,89.0,87.67,92.67,86.0,89.67,86.33,88.0,87.33,89.33,89.0,87.5,85.5,87.0
87.67,85.33,91.0,86.33,89.0,87.0,87.67,88.33,91.33,86.0,89.67,91.33,84.8,92.5,82.5,90.5
90.67,88.33,82.67,90.33,91.0,92.0,84.33,88.0,92.33,87.33,84.33,90.33,86.2,85.0,87.0,88.5
85.0,84.67,86.0,82.67,86.67,84.0,85.67,86.33,88.33,86.67,89.33,88.0,90.0,83.5,90.0,95.0
85.33,83.67,87.67,85.67,89.33,86.67,89.0,92.0,91.0,91.33,88.0,85.67,85.0,85.0,90.0,89.5
83.67,84.67,92.67,88.33,87.67,92.33,86.67,87.67,85.33,89.67,88.0,83.33,85.6,86.5,86.5,90.0
88.33,87.33,90.33,85.0,86.67,89.0,87.33,86.67,89.0,91.67,83.67,88.67,86.0,90.0,91.5,89.0
86.67,92.67,87.33,86.0,90.0,91.67,85.33,87.33,86.0,87.67,89.0,89.0,89.6,87.0,92.0,87.0
88.67,91.33,84.0,91.0,91.33,84.33,90.0,86.0,86.33,84.67,90.67,83.67,81.2,91.5,88.0,86.0
84.33,90.0,86.67,88.0,84.67,86.0,85.67,92.0,87.0,88.67,83.0,88.67,90.0,87.5,88.5,86.5
90.0,89.33,83.67,84.0,85.67,92.0,90.33,86.0,83.67,81.67,86.67,89.33,86.8,86.5,90.0,88.0
90.33,91.33,85.0,86.0,87.67,91.0,86.33,89.67,85.33,91.0,89.67,84.67,89.0,88.0,93.0,92.5
87.67,85.33,86.0,86.33,88.33,88.0,86.33,89.67,87.67,86.0,87.0,89.0,90.8,85.5,91.0,84.0
88.33,88.33,90.33,84.33,82.33,89.33,88.67,83.67,91.0,89.33,89.33,86.67,85.6,93.5,84.0,91.5
90.67,90.67,88.33,90.67,90.0,87.67,87.67,86.67,91.67,89.33,87.0,89.33,89.4,88.0,86.0,88.5
82.0,87.33,82.67,86.67,86.67,87.0,82.67,87.33,86.67,86.0,81.67,87.0,86.8,91.5,90.0,82.5
89.67,86.33,90.67,91.33,85.33,85.33,91.67,88.67,85.0,88.33,85.0,87.0,84.8,87.5,86.0,92.5
91.67,92.0,88.33,87.33,86.33,83.67,86.33,90.0,84.67,86.33,85.33,88.0,85.0,89.5,90.0,89.0
88.0,88.67,90.0,92.67,87.67,85.33,86.33,92.0,84.67,88.67,87.67,82.33,88.4,91.5,89.5,89.0
83.0,85.0,89.0,89.33,89.67,83.33,84.0,84.0,88.67,86.67,87.33,86.67,88.2,90.5,84.5,87.5
83.67,84.33,91.0,86.33,83.0,89.67,87.0,84.33,87.33,90.67,87.33,85.0,87.6,85.0,87.0,88.0
84.33,88.0,91.33,86.0,89.67,85.33,91.0,87.33,89.67,91.33,86.67,88.0,88.8,86.5,86.5,87.0
92.33,90.0,86.0,88.67,91.33,93.67,92.67,93.0,86.33,83.67,86.33,85.67,85.8,86.0,84.5,93.5
89.33,86.67,84.67,87.0,86.67,90.33,91.0,87.67,85.67,85.33,88.33,86.33,89.4,87.5,86.0,89.0
87.33,87.33,87.33,87.67,91.67,86.0,86.0,85.0,89.67,89.33,86.33,86.0,91.6,87.5,86.5,88.0
88.0,87.33,91.0,84.33,85.67,89.33,89.67,87.0,87.67,83.67,82.67,85.33,91.4,90.0,94.5,87.0
87.33,85.33,83.67,90.0,86.67,88.33,86.67,81.33,88.67,85.33,90.0,87.0,87.4,85.5,88.0,83.5
88.67,87.33,86.33,86.67,88.0,86.67,84.0,92.67,85.67,89.67,83.67,82.67,87.8,86.5,86.0,89.0
86.0,85.33,83.33,89.33,88.0,89.0,86.0,90.0,86.0,85.33,88.0,83.0,91.6,83.5,90.0,86.5
86.67,86.67,88.67,88.0,89.67,88.0,87.0,86.0,85.0,84.33,93.67,85.33,88.6,85.5,93.0,86.5
89.67,88.33,91.33,93.67,87.33,91.0,87.0,92.67,83.67,87.0,85.33,85.67,86.0,92.0,88.0,87.0
85.67,85.0,90.0,88.67,86.0,92.33,87.0,85.33,90.67,88.33,82.33,93.67,89.0,89.5,89.5,87.5
86.0,89.0,87.0,87.0,84.33,84.0,92.0,87.67,88.67,84.33,89.33,89.33,90.2,84.0,88.5,85.0
81.33,89.67,87.67,92.0,85.0,90.0,87.0,86.33,89.67,90.67,93.33,90.67,86.4,86.0,89.5,85.5
89.0,90.0,86.0,89.33,86.67,86.33,84.67,89.0,88.0,90.67,87.33,89.0,87.4,88.0,80.0,89.0
87.67,86.67,89.0,91.33,83.33,87.67,84.67,86.0,86.33,90.33,85.67,87.0,86.0,86.5,85.0,86.0
84.67,85.33,88.67,89.33,81.0,88.67,91.67,86.0,91.33,90.33,86.67,87.67,84.0,94.5,80.0,89.5
85.33,86.0,87.0,85.33,86.0,90.0,88.33,84.67,87.67,92.67,89.33,86.33,85.0,88.5,89.0,85.5
84.67,91.0,89.33,90.33,86.67,87.0,86.67,86.0,91.33,84.33,88.0,87.67,85.6,89.0,91.5,80.5
87.33,82.33,82.33,87.0,86.33,87.33,88.67,84.67,90.33,87.33,86.0,87.0,87.6,85.0,90.0,92.5
91.33,89.33,85.67,87.0,85.0,89.33,83.67,83.33,94.67,89.33,90.0,86.33,88.6,90.0,83.5,94.0
88.67,90.0,93.33,88.0,86.0,87.67,87.0,82.0,90.67,85.0,87.33,90.0,85.4,80.5,91.0,81.5
89.33,85.33,83.33,85.33,85.67,91.0,86.0,89.0,88.33,87.0,88.0,86.0,87.4,86.0,85.5,86.5
86.0,91.0,85.67,85.67,84.33,88.33,90.67,86.67,88.67,90.33,82.67,86.67,82.6,85.0,81.0,83.5
85.67,88.0,85.0,91.33,81.67,85.33,87.67,84.67,88.0,87.33,91.33,86.33,89.2,89.0,87.5,91.0
87.33,89.0,91.67,89.33,91.0,88.0,87.0,89.67,92.67,87.67,87.33,91.33,85.2,94.0,88.5,94.0
89.0,89.67,90.0,83.33,90.33,87.67,88.67,90.33,92.67,88.67,89.33,84.67,88.0,88.0,91.0,86.0
84.33,92.33,89.33,88.33,82.0,90.0,86.67,89.67,86.0,86.67,88.67,91.0,91.6,84.0,90.0,90.0
90.67,90.33,90.33,88.0,86.67,91.0,92.0,82.67,86.67,90.0,87.33,88.0,88.8,82.0,87.5,92.0
88.0,84.33,87.33,87.33,87.33,88.33,89.33,88.33,87.67,83.33,84.67,86.33,85.4,84.5,82.0,86.5
90.67,84.67,86.67,85.0,87.0,92.0,88.67,80.0,86.33,86.33,87.33,90.0,86.6,89.5,83.5,93.5
87.33,87.67,80.67,90.33,88.67,88.33,84.33,87.67,88.67,85.33,91.67,89.67,87.4,84.0,87.5,85.5
87.0,88.0,83.0,89.33,86.33,90.67,88.67,86.33,83.67,89.67,84.33,90.33,86.6,91.5,84.0,87.0
92.0,86.0,90.0,82.33,90.33,88.0,89.0,84.0,87.67,85.0,88.67,85.33,88.6,85.0,86.0,87.0
90.33,84.0,89.0,87.0,85.0,86.33,88.33,93.33,86.33,88.67,90.33,91.67,87.2,85.5,91.5,89.0
83.0,84.67,84.67,91.67,86.33,87.67,88.0,84.0,87.67,86.67,94.0,85.67,88.0,82.5,82.0,90.0
89.0,88.0,89.33,90.67,88.67,90.67,89.67,81.33,91.33,89.0,88.67,81.67,88.6,83.0,95.0,86.0
89.33,84.67,86.67,91.0,93.33,87.33,88.0,92.33,89.67,88.0,88.67,84.33,86.8,87.0,85.5,86.5
87.67,87.0,89.33,87.67,80.33,91.0,87.0,85.0,90.67,85.67,84.67,89.33,84.4,92.5,87.5,87.5
88.67,84.67,89.33,86.67,88.33,88.67,85.0,85.33,86.0,89.0,84.0,89.0,89.6,86.0,90.5,87.5
84.67,85.67,89.33,85.33,90.0,88.33,88.67,87.0,86.33,87.67,88.33,87.33,85.6,86.5,94.5,93.5
87.0,85.0,90.33,85.0,89.33,82.33,89.0,82.67,87.67,85.67,90.33,89.0,88.4,85.5,93.5,84.5
89.0,92.33,92.0,88.33,83.67,86.0,90.0,89.0,87.33,87.0,88.67,86.0,87.4,90.5,83.0,85.0
86.67,89.0,88.33,84.33,86.33,87.0,86.33,89.67,88.67,89.33,90.0,90.67,88.4,88.0,85.0,85.0
85.33,90.0,85.67,87.67,86.0,90.33,85.0,90.33,85.33,89.33,90.0,91.33,86.4,92.0,93.0,86.0
86.33,88.33,90.33,84.33,84.33,92.67,86.33,91.0,89.33,90.33,87.67,84.67,87.6,83.0,91.0,90.0
84.0,87.0,82.0,84.33,88.33,84.33,87.0,86.67,85.33,83.67,86.0,84.67,86.6,85.0,87.0,93.0
91.67,89.67,86.33,87.0,83.0,86.33,87.67,84.0,89.33,90.0,87.33,89.67,89.4,86.5,94.5,88.0
89.0,87.0,84.0,88.33,90.67,86.67,90.67,86.67,88.33,86.67,86.0,86.67,85.6,88.0,86.5,85.0
88.67,85.0,88.67,87.0,84.0,86.0,89.0,84.33,86.67,84.67,91.33,87.33,87.2,87.5,83.5,88.5
90.0,88.33,88.67,89.0,87.67,88.0,83.0,92.33,88.67,87.33,85.0,87.67,90.4,81.0,92.5,87.5
89.33,87.33,83.0,86.0,87.67,85.67,87.0,84.67,85.67,86.33,88.33,88.67,91.0,83.5,83.5,88.5
87.67,88.67,86.33,82.0,85.33,91.0,83.33,83.67,88.67,88.67,85.0,86.67,86.4,83.0,91.0,84.0
84.0,87.67,90.33,89.0,84.0,86.33,88.0,85.67,87.67,91.33,86.67,90.33,87.4,89.5,85.5,83.0
88.0,91.67,88.0,91.33,90.67,88.67,81.33,87.0,89.0,86.67,85.0,90.67,85.0,87.5,90.0,87.5
88.33,86.67,90.0,87.33,87.33,91.0,85.0,87.33,90.33,85.33,90.0,83.33,84.8,86.5,95.0,92.0
83.67,86.33,89.67,88.33,85.67,84.0,81.33,92.67,84.67,86.67,88.0,92.0,89.4,89.5,89.0,91.5
88.0,86.67,85.33,82.33,83.33,87.67,90.0,91.67,83.0,83.67,85.67,89.33,87.0,86.5,91.5,87.0
85.67,88.0,88.0,85.33,84.33,86.67,87.67,84.0,91.67,88.33,91.0,89.67,87.4,84.0,85.0,84.5
91.0,85.0,82.67,90.33,88.33,89.67,91.33,87.33,90.0,86.0,88.67,85.67,88.4,86.5,87.0,82.5
92.67,86.67,86.0,85.67,86.0,88.33,89.33,86.67,88.33,83.0,86.0,86.0,87.6,89.5,85.5,93.5
86.0,85.33,88.33,94.0,87.33,91.0,86.67,88.33,88.67,83.33,82.0,87.0,85.2,86.5,87.5,84.5
87.67,91.0,84.0,83.67,88.67,88.0,90.0,93.0,85.33,86.33,87.0,88.0,84.0,84.5,89.5,88.5
89.0,93.0,88.67,92.0,82.67,85.67,85.33,85.33,89.33,91.67,84.0,84.67,90.2,91.5,82.0,80.5
88.67,92.0,88.33,93.0,86.33,89.0,88.33,82.33,90.67,86.0,88.0,84.0,88.8,93.0,93.0,91.0
87.33,93.67,86.67,90.33,90.33,84.67,82.33,91.0,85.33,87.67,92.33,91.67,86.2,87.0,85.5,84.0
85.33,88.67,91.0,85.33,88.33,86.0,86.67,85.67,84.67,89.0,86.67,92.67,87.2,93.5,83.5,87.5
89.33,90.67,87.67,87.0,90.0,85.0,89.67,85.0,84.0,84.0,87.67,87.67,83.0,87.0,88.5,88.5
86.67,89.67,87.33,90.0,81.33,86.67,83.33,87.0,90.33,86.67,90.0,86.67,87.4,83.5,90.0,83.0
87.33,82.33,87.0,89.67,90.0,86.67,84.67,89.0,86.33,90.33,88.67,83.33,83.8,88.5,88.0,86.5
85.33,84.33,85.33,91.0,86.33,84.33,91.33,86.67,85.33,88.67,88.33,86.67,89.2,93.5,85.0,85.0
90.0,85.33,87.33,85.0,90.0,83.0,89.33,85.0,84.67,86.0,87.0,86.33,89.0,86.5,82.5,91.0
86.67,83.67,88.67,89.33,87.0,81.33,85.33,92.67,87.67,89.67,90.0,88.0,89.0,94.0,92.5,91.5
85.0,84.67,89.33,86.0,86.0,85.67,90.67,84.33,95.0,84.33,87.0,84.0,88.2,90.0,89.5,88.0
85.33,88.0,91.0,87.0,83.0,87.67,83.0,88.67,88.33,89.33,85.67,91.0,88.0,83.0,93.5,80.5
89.0,83.67,89.0,87.67,88.67,85.0,84.33,84.33,94.0,89.0,85.67,91.0,89.6,84.5,92.5,85.0
84.67,89.0,90.33,89.33,85.67,88.67,89.67,87.67,87.33,86.0,88.67,90.33,92.4,89.5,88.0,93.5
88.67,90.0,87.67,86.67,85.67,86.0,81.33,88.67,88.0,90.33,83.33,91.0,83.4,86.0,86.0,81.5
88.0,88.67,83.67,86.33,91.67,86.67,87.0,91.0,91.0,87.67,88.67,83.67,89.8,87.0,90.0,92.0
94.33,83.0,88.0,87.0,89.67,88.0,83.67,85.33,88.0,87.0,87.67,87.0,86.6,88.0,85.5,88.5
85.67,91.33,91.67,87.67,87.33,92.0,87.0,85.67,84.33,86.0,86.0,87.67,87.8,82.5,91.5,85.5
87.33,87.67,84.67,87.0,88.67,86.33,87.33,88.67,89.0,89.67,88.33,86.0,87.8,87.5,88.5,87.0
85.0,84.0,86.67,83.67,87.67,91.67,89.0,89.0,87.33,86.0,85.33,85.33,87.8,85.0,93.0,87.0
90.67,84.33,86.67,91.33,90.33,88.67,86.33,89.33,90.0,84.33,85.67,85.33,89.2,91.5,88.5,83.5
89.67,86.0,87.67,84.0,84.33,87.33,89.33,87.33,93.67,85.0,81.33,88.33,82.6,90.0,87.5,89.5
89.0,87.0,83.67,85.0,87.0,86.0,87.33,89.0,89.67,84.33,87.67,91.67,88.2,90.0,93.5,87.5
82.33,84.0,93.33,90.0,86.67,86.0,87.33,84.67,89.67,87.0,88.33,91.67,87.2,82.0,89.5,93.5
87.67,92.67,86.67,81.33,85.0,87.33,85.0,89.67,92.0,85.67,89.33,85.67,91.4,84.0,93.0,87.5
89.67,87.67,88.67,91.33,86.0,86.0,85.0,88.0,84.33,82.0,83.33,89.33,89.2,84.5,87.0,85.5
87.0,89.33,88.67,87.67,84.0,89.0,83.67,83.0,82.67,90.67,88.0,88.33,87.4,83.5,93.5,86.0
88.0,88.33,89.33,88.0,89.67,89.0,81.67,84.33,93.0,90.67,91.0,86.0,82.0,91.0,85.5,82.5
83.33,90.67,84.33,89.67,86.67,87.33,91.0,90.67,91.67,90.33,87.33,85.0,88.8,92.0,87.0,87.5
86.33,88.33,87.67,87.0,90.67,89.67,87.67,87.67,89.0,90.33,86.67,88.33,91.0,91.0,80.5,89.0
88.33,86.33,87.0,89.67,86.33,85.0,87.67,92.33,86.0,87.0,89.67,86.67,86.6,87.5,94.0,80.0
90.0,87.33,88.0,83.33,88.33,88.67,84.33,87.33,84.33,90.67,86.67,86.33,86.8,88.0,86.0,93.0
82.33,89.33,84.0,93.0,84.67,82.67,85.0,88.67,85.67,87.33,85.0,90.33,88.6,88.5,87.0,93.5
90.0,90.0,88.67,84.67,89.67,86.33,86.0,87.67,92.33,89.67,84.0,90.67,88.2,89.5,82.0,92.5
88.33,88.67,87.33,88.0,88.0,90.67,87.0,87.67,90.0,89.0,93.33,89.67,90.8,88.5,85.0,86.0
87.33,92.67,87.67,88.0,94.0,91.0,84.33,80.67,87.33,87.33,87.0,86.0,86.4,85.0,85.0,85.0
85.67,84.33,89.0,84.67,86.33,86.0,89.67,88.33,84.67,82.33,85.67,85.33,88.6,86.5,86.5,90.5
91.33,86.67,83.67,84.0,91.0,85.0,88.33,86.33,88.0,87.33,86.0,84.0,89.6,90.0,87.5,87.5
84.0,88.33,89.0,86.33,91.0,87.67,89.0,84.33,81.33,83.0,85.67,86.0,88.4,83.5,82.5,89.5
91.67,90.0,85.67,88.0,89.0,86.0,85.33,86.67,88.33,88.0,88.0,88.0,87.6,90.5,86.5,85.0
92.0,89.0,83.67,88.67,87.67,87.67,84.0,90.0,90.33,84.67,82.67,85.67,90.8,87.0,85.5,90.0
86.33,87.0,83.33,86.0,88.67,85.67,87.33,84.67,87.33,88.67,90.33,86.0,89.6,93.0,83.0,90.5
86.0,85.0,88.67,88.33,86.33,86.33,89.0,88.33,86.33,84.33,93.33,89.67,91.6,85.5,89.5,86.0
83.33,91.33,86.0,87.0,80.67,89.67,92.33,88.33,90.0,90.67,87.67,86.67,86.2,88.0,87.5,86.5
90.0,85.67,87.0,86.67,82.67,88.0,90.67,82.67,89.33,91.67,84.67,92.33,84.2,83.5,87.0,92.5
84.33,89.33,87.67,88.67,88.67,88.67,88.0,91.67,83.33,87.0,87.33,88.0,86.2,83.5,83.5,89.0
89.0,84.33,89.0,92.33,83.0,86.0,84.67,91.0,88.0,86.67,85.67,89.67,91.0,90.5,88.0,90.5
86.67,87.0,86.0,82.67,93.0,92.0,85.0,91.67,87.0,87.0,88.67,87.67,88.4,83.0,86.0,85.0
92.33,87.0,83.33,84.67,82.33,90.33,89.0,90.0,90.0,87.67,81.33,87.67,86.8,87.0,82.0,82.0
91.0,88.0,87.67,85.33,85.67,85.33,88.67,90.67,85.33,82.0,91.0,87.67,88.8,89.0,88.5,93.5
90.67,83.33,86.67,88.33,90.0,88.33,86.67,86.67,85.33,92.0,92.33,88.33,86.2,85.0,87.5,88.0
86.67,88.0,85.0,84.67,89.33,87.0,81.33,86.33,86.67,88.33,92.67,84.67,86.4,91.0,85.0,89.0
93.67,92.0,86.67,82.67,88.33,89.33,86.0,83.0,89.67,87.0,89.33,87.67,85.6,87.0,87.5,91.5
92.67,85.33,81.67,86.67,91.67,89.0,91.33,84.33,91.67,85.67,88.67,84.33,90.2,87.5,83.5,93.0
88.33,87.33,83.0,87.67,88.67,94.0,89.33,83.0,87.33,89.33,87.67,85.0,86.8,87.5,88.0,88.0
81.0,86.33,87.33,88.67,86.67,91.67,88.0,86.0,87.0,85.67,83.67,90.33,86.0,87.5,94.0,88.5
83.33,85.0,87.67,85.0,84.0,84.33,88.67,88.33,93.0,88.0,84.33,86.0,88.0,94.0,86.5,86.0
84.67,86.33,88.0,84.33,91.0,88.33,89.33,88.67,86.67,89.33,83.67,91.33,85.4,86.5,88.0,89.5
84.33,87.67,89.33,90.0,89.0,91.67,85.0,90.0,84.67,87.33,85.0,86.33,82.4,93.0,85.0,91.5
90.0,86.0,92.33,87.0,87.67,87.33,89.0,86.0,93.67,84.33,90.0,84.67,84.0,89.0,91.5,84.5
86.33,85.67,94.33,84.33,90.67,89.33,87.0,87.67,85.33,87.67,86.0,86.33,83.8,92.0,85.0,89.0
87.33,89.33,82.33,85.0,84.0,85.67,81.67,92.67,85.0,90.33,85.33,89.67,89.0,86.5,88.5,85.5
87.0,85.33,87.33,88.0,87.67,93.33,87.33,87.33,89.67,89.0,87.33,90.33,88.8,94.0,87.5,88.5
85.67,90.0,92.33,86.0,87.33,83.33,85.33,87.67,91.33,86.33,91.0,89.33,87.2,91.0,93.0,91.0
87.67,87.33,84.0,86.33,84.33,88.33,81.0,93.33,88.67,88.67,89.0,90.0,86.4,87.5,81.5,89.5
82.33,90.33,86.33,90.33,92.0,87.0,88.33,89.67,92.67,86.0,86.67,85.0,84.2,88.0,88.0,88.5
83.33,86.33,87.33,91.67,90.0,91.33,85.0,82.67,87.0,85.0,85.67,85.33,88.6,87.0,87.5,89.0
88.33,88.33,88.33,91.0,87.0,83.33,84.33,85.67,90.33,87.67,84.0,86.33,86.6,88.5,88.5,83.0
93.67,89.0,91.67,87.0,87.33,86.33,82.33,89.0,92.0,84.0,86.0,90.67,85.4,91.0,87.5,87.5
89.0,89.0,88.0,91.0,84.0,88.0,84.67,91.67,89.0,82.67,91.67,87.33,88.4,88.5,93.0,86.0
89.0,88.67,86.33,85.67,83.67,84.0,86.33,88.33,89.67,85.67,85.0,88.33,89.0,92.5,81.0,87.0
86.67,85.67,85.33,88.67,87.67,88.33,85.0,86.33,87.0,84.67,86.67,87.33,88.2,92.5,85.0,88.5
88.33,86.33,85.67,85.0,81.0,87.67,84.67,87.67,85.67,86.67,84.0,88.33,91.0,87.5,90.0,84.0
91.0,85.67,85.33,82.33,94.67,91.0,88.67,91.0,88.33,86.33,87.33,88.33,89.6,94.0,89.5,87.5
88.67,83.0,85.0,90.33,88.33,89.33,92.33,85.33,85.67,89.67,87.67,89.0,85.0,84.5,92.5,88.5
85.67,89.67,86.0,91.67,90.33,87.33,87.33,86.67,87.0,89.0,93.33,89.33,87.2,86.5,89.5,85.0
86.0,88.33,86.33,83.33,89.0,88.67,88.0,83.67,88.33,85.67,92.33,90.0,86.0,83.5,86.0,82.5
84.33,92.67,90.0,83.0,89.67,89.0,89.67,88.67,86.33,88.0,85.67,91.0,89.0,92.5,90.5,89.5
88.33,84.0,91.33,87.33,86.0,85.67,85.0,86.67,90.33,90.67,86.0,87.33,86.8,83.0,88.0,90.0
83.0,90.67,87.33,88.0,89.67,84.67,85.33,89.67,92.33,87.33,80.0,87.67,87.4,87.5,81.5,89.5
87.67,85.67,88.67,84.67,85.67,88.0,88.0,83.33,87.33,88.33,87.67,83.0,85.4,90.0,86.0,91.0
84.33,92.67,91.0,89.0,87.67,91.67,90.0,87.33,87.67,89.0,84.67,85.67,86.6,80.0,88.5,89.0
82.67,90.33,89.0,88.67,91.0,90.33,89.33,93.67,94.33,86.0,84.33,87.67,82.0,87.0,89.5,81.5
86.0,90.33,85.67,93.67,84.0,91.0,92.33,84.67,89.33,87.67,88.33,90.33,88.4,87.5,89.5,91.0
86.0,88.33,86.67,89.33,85.0,83.0,83.0,83.33,87.67,88.67,89.0,89.0,90.6,93.0,90.5,89.0
85.0,90.0,86.33,84.33,82.33,86.0,83.67,88.67,89.67,87.33,87.33,85.33,86.2,84.0,86.0,87.5
90.0,88.0,90.67,92.0,90.33,82.67,88.67,83.0,91.67,86.33,83.0,88.33,86.8,90.0,83.5,81.0
88.33,82.0,87.33,90.67,83.0,85.67,91.0,87.67,90.0,87.33,88.33,85.0,83.8,89.0,87.5,87.5
84.33,93.33,89.67,87.67,87.0,89.67,88.33,90.33,86.33,91.0,88.67,89.33,85.6,82.5,90.5,90.0
86.67,85.67,86.67,91.0,87.33,86.67,86.33,86.67,84.67,90.33,89.33,83.67,90.6,87.0,83.0,85.0
87.33,85.0,94.67,89.0,90.33,87.33,86.33,89.0,86.33,89.33,90.33,89.67,84.8,89.0,91.0,87.5
89.0,85.67,89.0,90.33,92.33,91.67,90.67,87.0,89.0,89.67,87.67,91.0,85.8,89.5,91.5,91.0
81.67,84.67,89.33,91.0,85.33,86.0,89.0,90.33,89.0,88.0,87.0,87.33,87.4,84.5,88.0,86.0
90.0,87.0,91.67,91.33,86.0,86.33,88.0,93.67,86.33,90.33,90.67,88.67,89.6,85.0,81.5,86.5
85.0,86.0,87.33,85.33,88.33,86.0,87.0,86.33,86.67,86.67,87.33,90.0,88.4,85.0,83.5,88.5
88.0,87.0,85.67,86.67,82.33,84.33,90.0,85.33,90.33,88.33,84.33,86.33,83.8,86.5,82.0,85.0
86.0,84.67,88.0,93.67,86.33,88.0,84.33,83.67,87.0,84.33,86.67,90.67,83.8,87.0,81.0,88.0
88.0,91.67,88.67,87.0,84.33,88.33,86.0,86.67,90.67,85.0,84.0,88.0,85.8,85.5,88.0,93.0
84.67,87.33,90.0,89.0,86.67,82.67,89.0,85.67,92.0,87.33,81.33,86.0,88.4,85.5,84.5,93.5
82.33,84.0,85.67,88.67,83.33,85.0,89.67,88.67,87.67,82.33,90.67,87.33,87.2,87.5,87.0,82.0
82.33,89.67,86.67,89.33,85.67,89.67,87.0,89.33,86.0,86.67,87.67,87.67,87.2,83.5,89.0,88.5
93.33,85.33,85.67,82.67,88.67,84.33,85.67,89.67,91.33,85.67,89.33,89.67,84.2,85.5,89.5,86.0
89.67,90.33,87.67,88.0,88.67,83.33,91.67,87.0,87.33,92.0,81.67,86.33,89.0,85.0,84.5,87.0
90.67,87.0,85.0,92.33,85.67,91.33,87.67,83.33,86.33,85.67,85.67,86.33,87.8,87.0,95.0,87.5
86.33,85.0,87.67,84.67,85.0,89.33,89.67,85.33,87.0,86.67,91.0,83.67,85.8,90.0,87.0,85.0
87.33,88.67,87.0,91.33,90.67,89.33,89.67,85.67,87.0,88.67,83.33,88.33,89.0,86.0,93.5,86.0
87.33,86.0,85.33,85.33,87.0,89.67,87.0,90.0,85.33,88.0,88.33,88.0,90.0,87.0,91.0,89.5
83.33,86.0,86.0,86.67,83.0,87.67,87.0,94.33,84.0,86.0,88.33,83.67,91.0,88.5,91.0,90.5
89.33,86.0,86.33,88.33,88.0,83.67,89.67,85.0,89.0,84.67,92.33,85.33,86.6,89.5,92.0,84.5
90.67,84.67,87.33,92.33,85.33,86.33,90.0,91.67,87.33,85.33,90.67,91.0,91.6,86.5,89.5,89.0
86.33,83.67,85.0,83.0,88.0,90.0,87.33,86.67,87.67,90.0,93.0,88.33,86.6,89.5,85.5,84.0
89.67,93.33,86.0,85.0,86.67,89.67,92.33,87.67,90.0,89.0,84.33,88.0,88.8,87.5,88.0,89.0
86.0,88.0,91.0,86.0,90.0,92.0,85.33,85.33,85.67,89.67,84.0,86.67,85.2,93.0,81.0,86.0
89.0,90.33,87.0,81.33,85.0,86.67,89.33,90.33,84.0,85.0,93.33,85.0,87.2,93.5,85.0,91.0
89.67,82.67,85.67,90.67,88.0,90.0,83.67,87.67,87.67,84.33,86.67,84.67,88.6,83.5,85.5,92.5
89.33,86.0,89.33,86.33,85.0,90.67,85.33,90.67,86.67,86.33,85.33,86.67,86.8,87.0,93.5,93.0
93.0,89.67,87.67,90.33,86.67,88.0,89.33,92.67,83.0,92.67,90.33,91.33,88.4,85.0,85.0,92.0
82.33,86.33,87.67,81.67,87.0,84.67,91.0,89.33,84.33,89.33,89.0,86.0,87.0,82.5,91.5,84.5
85.67,82.0,90.33,86.0,86.67,91.0,89.33,90.33,86.67,89.67,87.67,90.33,87.6,86.0,90.0,89.5
88.67,82.33,89.67,89.67,89.67,88.67,87.0,84.67,88.33,85.33,87.0,88.0,87.8,93.0,85.0,87.0
88.0,89.33,89.0,85.33,85.33,86.67,83.0,83.67,90.67,90.0,88.67,83.0,87.0,82.5,87.5,83.5
86.33,89.67,87.33,90.67,87.0,83.0,87.0,89.67,86.0,88.0,89.67,87.33,90.6,93.5,89.0,92.5
89.0,88.0,87.0,87.67,82.0,85.0,89.33,88.33,91.67,85.33,87.67,88.33,89.0,94.5,84.0,87.0
85.0,89.0,90.67,91.33,85.33,88.33,88.67,89.0,88.67,90.67,89.33,88.67,86.4,83.5,86.5,89.5
90.0,87.33,90.67,87.33,83.0,87.67,83.0,87.0,89.67,84.67,90.33,89.33,88.2,82.5,88.5,88.0
90.0,82.67,85.33,83.33,86.0,94.33,83.0,87.0,85.33,87.33,87.33,84.67,89.0,85.0,82.0,89.5
87.67,86.0,89.0,86.33,91.0,86.67,91.33,85.0,87.67,84.67,83.33,88.33,86.4,83.5,88.0,86.5
90.67,84.0,88.67,85.67,85.0,87.0,89.0,83.33,88.67,82.33,86.67,84.33,88.4,92.0,85.0,91.0
88.0,85.0,82.0,86.33,87.67,89.67,87.33,92.33,86.33,86.67,85.67,83.67,84.8,88.0,86.0,89.5
87.33,87.33,87.67,87.33,87.0,83.33,86.33,87.67,85.33,83.0,90.67,86.33,90.0,93.5,88.5,89.0
82.33,87.0,88.33,89.0,92.67,84.67,92.33,86.67,90.0,85.67,85.33,85.0,89.2,85.5,84.0,89.0
88.67,89.67,90.0,89.67,87.33,83.33,88.67,84.0,87.0,84.67,89.0,87.67,86.4,88.5,89.0,93.5
84.0,85.67,86.33,88.33,88.67,87.33,90.67,89.0,91.67,90.67,87.0,86.33,86.8,90.0,89.0,89.0
89.67,88.33,92.67,87.67,84.0,86.0,86.67,89.0,86.67,92.33,88.33,84.67,84.2,87.0,84.0,88.0
86.33,93.33,85.67,88.67,83.0,87.33,87.67,87.67,86.67,88.33,89.0,85.0,87.4,88.0,87.0,85.0
86.67,80.33,89.67,86.0,87.0,84.67,89.33,91.0,87.67,86.67,89.0,89.67,85.6,89.0,88.0,88.0
90.67,84.67,85.67,85.67,89.67,91.33,86.0,86.67,90.67,90.0,90.0,85.0,88.8,89.5,81.0,91.0
86.67,86.67,89.33,94.0,84.67,84.67,87.67,93.0,88.67,86.33,86.0,84.33,85.6,83.0,85.5,92.0
91.33,86.33,88.0,87.33,85.67,86.0,91.67,81.67,82.67,88.33,85.0,88.33,90.0,89.0,86.0,90.5
87.33,84.33,90.33,88.0,91.67,91.33,83.67,86.67,91.67,90.67,85.33,84.67,87.4,89.5,89.0,94.0
89.0,83.33,85.0,85.67,92.33,90.33,89.33,86.67,87.33,87.0,88.33,89.0,87.8,91.0,83.5,83.5
89.33,88.0,91.33,87.33,90.67,92.33,88.33,87.67,85.67,85.33,88.67,87.0,87.0,84.0,87.5,82.5
85.0,85.33,86.0,85.33,84.0,86.0,89.0,89.0,85.0,90.33,88.67,93.0,87.2,90.5,88.5,81.5
89.33,87.67,91.67,86.67,89.33,83.67,87.67,84.0,89.67,84.33,87.67,84.67,86.6,87.0,86.5,83.0
89.67,92.67,89.67,86.0,80.67,88.33,84.0,87.67,88.33,88.33,91.0,91.0,88.2,85.5,89.0,91.5
86.0,89.33,84.67,93.0,85.0,90.33,88.0,86.67,90.67,90.67,86.33,84.0,90.4,90.0,80.5,85.0
89.67,88.33,87.33,86.0,91.0,90.33,91.0,90.0,88.67,86.0,87.67,84.67,85.8,91.0,92.0,94.0
81.0,92.67,89.0,90.33,86.0,87.67,86.0,85.67,93.67,86.67,89.33,89.0,86.8,88.0,82.0,88.0
87.67,84.67,83.33,90.0,85.0,87.0,84.33,84.33,85.33,86.33,89.33,89.33,86.0,92.0,90.0,88.5
87.33,85.67,89.0,91.33,85.33,89.67,93.33,86.67,87.33,86.67,90.0,83.33,83.4,84.5,93.0,87.5
88.33,86.67,86.33,84.33,87.33,91.0,90.33,85.67,86.33,85.67,89.67,85.33,86.6,90.5,90.5,84.5
82.33,84.67,86.67,90.0,85.33,91.0,87.67,88.0,87.33,88.33,87.0,91.33,87.2,87.5,90.5,81.0
87.0,85.33,88.67,86.0,90.0,85.0,92.0,84.0,86.33,86.33,86.0,91.0,83.8,86.0,85.0,93.0
88.33,88.33,91.67,89.67,85.33,86.0,92.33,87.0,87.67,88.33,91.67,84.33,86.2,86.0,84.5,91.0
89.0,91.33,88.33,89.33,92.0,88.33,85.33,88.33,89.67,83.0,83.67,87.0,85.8,85.5,88.5,86.0
88.33,88.67,90.0,87.0,88.67,91.67,84.0,85.0,88.0,88.67,87.0,86.0,87.8,87.0,87.5,86.5
84.67,90.0,91.33,88.33,89.0,90.33,82.67,82.0,82.67,85.33,88.33,86.0,90.4,82.0,89.0,86.0
87.0,86.0,86.0,91.0,90.33,85.67,84.0,87.33,93.0,84.67,88.33,89.67,84.2,92.5,89.0,93.5
82.67,89.33,84.67,91.33,90.0,87.67,89.67,89.0,87.67,81.33,87.67,90.67,89.4,94.0,89.5,80.5
84.0,92.33,88.67,91.67,89.67,88.33,87.33,90.0,89.33,85.67,86.67,85.67,89.2,86.5,86.0,88.5
85.33,88.0,89.33,89.67,89.33,91.0,82.67,89.0,85.33,87.33,87.67,85.0,87.8,84.5,85.5,87.5
89.0,84.33,90.33,86.33,87.67,88.0,90.0,84.0,88.33,90.67,88.67,93.33,91.8,88.5,88.5,89.5
87.67,88.33,89.67,87.33,87.33,93.0,83.33,83.0,86.0,86.0,87.67,86.0,87.0,87.0,90.0,82.5
90.33,86.33,86.0,88.33,82.33,89.33,84.67,88.33,86.0,88.0,86.33,88.33,92.2,87.5,84.5,85.5
83.33,91.67,90.67,85.67,86.33,86.33,89.33,87.67,87.0,90.67,86.33,88.67,87.6,92.0,88.0,87.0
87.67,90.0,87.67,86.67,90.0,87.33,90.0,87.67,85.33,91.0,86.33,87.0,86.6,83.0,94.5,84.5
83.33,89.0,90.0,88.0,85.33,90.33,84.0,89.0,85.33,88.67,88.67,89.0,90.0,91.5,88.5,82.5
84.67,89.67,83.33,87.33,86.0,84.0,89.33,85.33,85.67,86.33,90.33,90.0,85.0,86.0,85.5,81.5
86.33,90.0,84.33,90.33,91.33,89.33,83.33,83.33,85.67,87.67,86.0,84.67,84.8,88.5,83.5,92.0
91.0,90.0,87.67,89.33,87.67,85.67,85.33,93.33,91.67,83.67,85.0,89.67,86.6,84.0,89.0,90.0
86.0,86.67,86.67,89.67,89.0,86.67,87.0,86.67,87.0,84.67,86.33,92.33,84.6,86.5,89.5,80.0
92.0,80.33,90.33,86.67,84.0,89.0,83.0,91.33,90.33,89.67,87.67,90.67,89.4,92.5,84.0,82.5
86.0,89.67,85.0,88.33,89.33,85.67,89.67,90.0,83.33,91.67,88.33,87.67,88.4,80.5,83.5,85.5
87.67,88.67,91.0,87.0,80.67,89.33,87.0,85.67,90.67,87.67,84.33,90.67,89.6,89.5,88.0,87.5
86.0,83.0,84.67,89.0,84.67,86.0,86.67,90.0,89.33,90.0,87.67,87.0,90.8,84.5,87.0,85.5
90.67,89.0,86.67,88.0,86.33,92.0,87.67,85.33,91.0,88.0,87.0,85.67,85.6,91.0,89.5,84.5
83.0,90.33,91.33,89.67,84.33,84.67,86.67,84.0,88.0,89.0,86.0,86.0,89.8,93.5,86.0,92.5
90.0,88.33,92.33,84.67,86.67,85.0,83.67,92.0,84.33,85.67,88.33,82.67,88.8,85.5,89.5,87.5
92.0,82.0,89.33,85.67,87.67,85.33,84.67,89.33,89.67,84.0,86.67,84.0,89.6,85.5,90.5,93.5
87.33,87.33,92.0,88.33,92.67,85.33,84.67,85.67,86.0,84.0,87.0,85.0,86.4,85.0,95.0,88.0
88.33,88.67,87.33,90.67,85.67,85.33,88.33,90.0,93.33,90.0,90.33,89.33,88.2,85.0,86.5,86.5
86.0,83.67,91.0,87.67,93.0,92.67,92.33,88.0,88.67,87.67,86.0,90.33,89.2,85.0,84.5,83.0
91.33,83.67,92.0,89.0,86.0,86.33,85.67,85.0,88.67,85.33,89.67,89.0,89.6,87.0,89.5,91.5
87.33,87.0,84.33,85.33,93.33,86.0,87.67,87.67,91.0,88.0,88.67,91.67,86.2,87.0,92.0,93.0
86.67,85.33,84.0,84.0,86.33,89.67,90.33,87.33,86.33,86.0,92.67,91.67,88.0,85.5,90.0,83.0
87.0,85.0,86.0,84.0,91.33,88.0,87.33,88.67,87.0,88.67,83.0,88.67,85.4,84.5,85.5,84.5
89.33,85.0,89.67,87.33,87.33,89.67,89.0,88.0,82.33,84.67,85.0,89.0,86.8,86.5,82.5,91.0
84.67,90.67,92.33,85.67,88.0,85.0,89.33,85.67,83.33,84.0,84.33,84.67,86.4,86.0,83.5,89.5
95.0,88.67,84.0,86.33,89.0,87.67,90.33,90.33,87.33,81.0,88.0,87.33,86.8,84.5,85.5,91.0
87.33,87.0,85.33,87.67,86.0,86.33,88.33,81.33,92.0,92.67,86.67,83.67,82.8,85.5,85.0,83.5
86.33,87.0,82.33,85.33,88.33,86.67,89.0,90.67,87.67,89.67,88.0,89.67,90.2,95.0,88.5,83.0
93.0,90.0,87.67,91.67,92.0,81.67,87.0,87.33,83.33,91.67,85.33,86.67,87.2,87.0,90.0,87.0
91.67,89.33,88.33,87.0,84.67,85.33,87.67,87.0,88.0,85.33,90.33,88.0,89.6,84.5,86.0,86.0
87.0,88.67,87.67,85.33,85.33,88.0,88.0,87.67,90.0,84.67,89.0,90.67,86.0,85.0,81.5,86.5
86.67,85.33,89.33,84.33,87.33,89.0,88.67,86.33,85.67,87.67,90.67,87.67,89.4,87.0,84.0,86.0
92.67,84.33,85.0,88.0,86.67,93.33,88.67,85.33,90.33,89.67,88.67,88.0,87.6,86.0,84.5,88.5
90.0,87.67,87.67,85.33,90.33,83.0,91.67,86.67,86.33,88.33,86.67,89.67,88.6,82.5,82.0,85.0
85.67,86.33,87.0,89.0,88.33,83.67,92.33,86.33,87.67,87.67,87.33,87.0,84.2,90.0,89.5,91.5
87.0,86.0,88.33,85.0,90.0,92.67,88.67,86.0,82.67,83.0,87.67,85.67,87.6,84.0,83.5,84.0
88.0,86.0,87.67,85.67,87.33,84.67,85.67,85.0,90.0,89.67,89.67,90.0,87.4,89.0,83.0,89.0
88.0,88.0,86.33,89.67,84.33,83.67,84.67,89.67,88.0,93.67,93.33,83.67,89.6,86.5,83.5,87.0
90.67,88.67,87.33,87.33,85.0,85.33,89.67,83.67,85.33,86.0,91.67,88.0,87.0,91.0,93.0,90.5
88.33,93.33,88.33,87.0,93.67,85.0,92.67,86.0,82.0,81.33,87.67,91.67,84.4,89.5,86.0,85.0
83.67,89.0,87.67,82.67,85.0,89.33,92.33,85.0,89.33,87.33,84.67,90.67,87.0,86.5,88.0,84.5
86.67,82.33,91.0,86.0,84.0,86.33,89.67,85.0,81.67,84.0,91.0,85.67,85.8,85.0,85.0,90.0
85.33,87.0,93.33,92.0,85.33,84.33,88.67,84.67,87.33,92.0,91.33,84.0,88.0,87.0,89.5,86.0
89.67,89.0,91.0,87.33,90.33,88.0,88.67,84.67,89.33,91.33,83.33,86.67,88.0,86.5,89.5,85.5
93.33,83.33,88.0,86.33,86.33,93.33,88.67,87.33,88.67,90.33,88.0,87.33,86.8,86.5,87.5,89.5
86.0,81.0,89.33,86.33,83.67,91.67,89.0,88.0,90.67,87.0,88.0,88.33,91.6,89.5,91.0,85.5
90.67,90.67,88.0,89.33,89.33,85.33,88.33,85.0,85.33,91.0,86.33,86.67,87.2,87.0,93.0,89.0
90.0,88.67,89.33,81.33,83.67,92.0,88.67,86.0,88.33,85.0,85.67,90.0,86.0,88.0,90.5,90.5
94.0,93.0,84.0,92.67,84.0,85.0,89.33,90.67,88.0,89.67,86.0,87.67,86.0,83.5,88.0,92.0
88.33,82.67,86.33,88.67,84.0,86.0,89.33,89.67,87.33,87.33,93.0,85.67,90.0,83.5,84.0,82.0
91.67,90.0,88.33,83.33,89.0,90.67,87.33,85.33,88.67,88.67,87.0,86.67,87.4,92.0,90.0,88.0
87.0,88.0,86.67,88.33,83.0,82.67,84.0,89.33,91.0,89.33,93.67,91.67,85.0,85.5,86.5,85.0
90.67,82.0,87.0,87.33,87.0,90.67,89.33,89.67,89.33,89.0,87.0,88.0,90.0,85.0,91.5,86.5
90.33,89.0,86.0,84.0,89.0,88.67,88.33,83.33,87.67,84.0,90.33,87.67,86.2,88.0,84.0,89.5
88.0,90.0,86.67,88.67,87.67,90.67,88.67,82.33,84.67,84.67,85.67,89.0,86.2,86.0,88.5,84.5
89.33,90.33,94.67,88.0,87.33,86.0,85.67,88.0,84.67,88.33,88.0,93.33,90.0,86.5,92.0,80.5
87.67,90.0,85.33,84.0,83.0,93.67,86.67,85.33,90.67,89.33,90.33,88.33,85.0,87.0,92.5,84.0
88.33,83.33,88.33,85.33,88.33,85.33,89.0,88.33,86.33,89.0,88.33,90.33,89.4,87.0,81.0,83.0
87.67,90.33,86.67,86.0,86.33,86.33,88.67,87.0,85.0,92.0,85.67,88.0,89.4,83.5,89.5,87.5
86.67,87.33,88.33,90.67,85.0,90.67,87.33,87.33,86.67,84.33,90.33,82.0,86.6,88.5,85.0,87.5
89.67,89.67,88.0,86.33,90.0,86.67,88.0,88.67,87.67,87.67,86.0,82.33,84.6,90.5,90.5,87.0
83.0,90.0,88.0,86.0,83.67,90.67,88.67,87.0,84.67,88.0,89.67,87.67,87.2,85.5,82.0,83.5
87.33,86.33,86.67,85.67,88.67,90.0,93.0,87.33,91.0,89.0,87.0,86.67,90.2,87.5,91.5,86.5
91.33,89.33,91.33,87.33,87.67,85.67,91.67,87.67,91.67,86.0,85.0,84.0,89.2,89.0,86.5,87.0
91.33,87.0,90.0,88.67,87.0,89.67,90.67,89.33,83.33,87.67,86.0,88.0,86.4,90.5,87.0,86.5
87.33,88.33,89.33,85.67,88.33,88.33,86.67,90.67,93.33,86.67,84.33,85.33,90.8,90.5,86.5,87.5
90.67,90.0,87.0,86.33,86.33,86.0,90.0,86.33,91.33,88.33,82.0,91.0,86.0,92.0,85.0,84.5
83.0,92.0,86.33,86.33,82.67,85.0,88.67,85.33,87.33,86.0,89.0,84.33,89.0,89.0,88.5,83.0
86.0,87.67,91.33,91.67,88.0,84.0,85.0,81.33,83.33,85.33,88.33,84.67,83.8,88.5,80.0,87.0
88.33,87.0,87.0,90.0,86.33,86.67,84.67,88.67,87.0,90.0,86.0,86.67,90.8,90.5,87.5,89.0
88.33,87.33,87.33,87.67,85.0,88.67,86.0,89.33,86.67,91.0,87.33,88.0,89.8,86.5,86.5,86.0
84.67,88.33,92.33,89.67,89.33,82.33,82.67,89.67,87.33,88.0,88.0,88.67,86.8,93.0,89.5,90.5
91.33,89.0,86.0,91.0,90.0,91.67,83.0,87.33,84.67,85.33,84.67,84.33,86.6,87.0,91.0,81.5
87.0,85.67,88.0,85.33,88.0,92.67,90.33,92.67,86.67,85.67,90.0,89.33,91.0,84.5,90.5,89.0
81.33,83.67,85.67,87.33,90.67,86.67,88.33,83.0,86.67,82.0,83.0,82.33,88.4,89.0,87.5,88.0
87.67,83.0,85.67,92.33,87.33,86.0,87.33,88.33,92.0,89.33,84.67,87.0,84.0,89.0,84.0,92.0
85.67,85.33,90.67,89.67,86.0,90.33,85.67,89.33,93.33,87.33,85.0,87.0,83.4,84.5,88.5,83.0
81.0,81.33,83.0,90.67,85.33,87.33,85.0,83.0,85.0,89.0,86.67,90.33,90.8,86.5,85.0,91.0
89.0,90.0,91.0,93.67,86.67,86.33,85.33,88.33,87.0,85.67,87.67,88.67,88.8,85.0,91.0,87.0
90.67,90.67,92.0,89.0,86.0,84.33,87.0,92.67,89.33,85.33,85.67,85.33,84.4,88.5,83.0,80.5
86.33,88.0,89.33,90.0,88.33,91.67,92.33,87.33,90.0,88.0,90.0,86.33,88.2,90.0,92.0,88.0
88.67,85.67,87.0,90.67,89.0,92.0,91.0,86.33,89.0,89.33,84.67,90.0,87.8,87.5,87.0,83.0
90.0,92.33,86.33,90.0,86.33,85.33,84.0,82.67,82.33,86.0,88.67,87.0,90.0,90.0,87.5,85.5
85.67,87.33,85.67,87.67,85.67,86.33,84.0,84.67,93.33,85.67,84.67,87.0,87.2,87.0,84.0,90.5
85.67,88.67,88.33,91.67,89.33,86.67,84.33,85.33,90.0,91.33,85.33,89.67,87.4,85.0,83.5,87.0
85.67,89.0,91.33,93.33,87.67,85.33,90.0,89.33,83.67,86.0,86.67,86.0,89.6,92.5,85.5,93.5
90.33,88.0,88.33,85.0,84.67,84.33,89.0,88.67,85.0,85.67,83.67,88.33,88.4,87.0,82.0,90.5
85.67,85.67,89.33,89.0,89.67,85.0,85.67,91.33,92.0,86.67,87.0,84.67,85.8,91.0,85.0,85.0
90.0,82.67,89.0,86.0,84.0,89.0,89.33,87.0,85.33,87.67,87.33,87.67,84.8,93.0,90.0,89.0
84.67,90.67,89.0,89.67,87.33,88.67,83.33,88.67,87.67,90.0,84.0,89.33,89.8,84.5,87.0,86.5
82.0,91.0,89.0,88.0,87.0,89.67,89.0,89.67,86.0,82.33,82.0,88.0,87.4,87.5,91.0,83.5
84.0,90.0,86.33,83.33,88.0,86.67,87.0,85.0,86.67,86.67,90.33,84.33,87.6,91.0,86.0,86.0
87.67,83.67,84.33,89.0,87.0,86.67,89.67,87.0,90.67,84.0,85.67,85.0,85.6,84.5,90.0,81.5
82.33,86.0,89.67,89.0,84.33,87.0,89.33,87.33,89.33,85.0,92.67,86.33,85.6,88.0,86.5,84.0
87.0,91.67,93.67,94.33,86.67,85.0,90.33,87.67,82.67,89.67,85.67,90.67,86.4,88.0,91.0,93.5
86.33,84.33,87.0,88.33,86.67,90.0,88.33,80.67,87.67,88.67,89.33,85.33,89.4,91.5,92.0,87.0
85.33,88.33,90.33,91.0,84.67,85.0,85.33,90.33,90.0,89.33,87.33,88.0,86.0,92.0,89.5,90.5
89.0,88.0,89.0,84.0,87.67,89.0,92.33,91.33,91.33,88.33,82.67,87.33,87.6,80.5,89.0,87.5
92.0,84.33,87.0,81.0,85.67,91.67,84.67,84.0,84.33,81.33,87.0,87.33,84.6,87.0,82.0,84.5
91.0,88.67,80.67,87.67,84.0,91.67,85.67,82.67,88.0,87.0,85.0,84.33,83.8,93.5,83.5,85.0
87.67,89.33,86.67,85.33,82.67,91.0,90.33,85.33,82.0,89.67,87.0,84.67,83.4,87.5,84.5,89.5
89.0,87.33,89.0,84.67,85.67,89.0,87.0,85.0,87.67,85.33,87.67,86.67,87.8,85.0,87.5,81.0
87.0,84.67,85.67,86.67,83.33,82.33,85.0,86.0,85.67,89.67,83.67,87.67,89.2,90.0,89.5,83.0
86.33,83.33,83.33,86.67,88.0,82.0,86.67,86.67,88.67,82.33,88.67,92.0,86.0,85.0,92.0,90.5
86.67,87.33,87.67,89.67,88.67,82.33,86.0,87.33,88.0,88.33,90.0,81.33,86.2,88.5,85.0,90.0
83.33,85.67,83.67,86.33,88.0,90.33,83.0,87.67,88.0,85.33,86.0,87.0,87.8,88.5,92.5,84.5
92.67,88.33,89.0,85.33,87.67,83.33,90.33,88.33,92.0,82.67,94.0,91.0,89.4,86.5,86.5,84.5
87.0,82.33,87.0,87.67,86.33,87.0,90.33,87.0,88.0,90.0,89.0,89.33,85.6,91.5,89.0,82.0
89.33,84.33,88.67,87.67,90.0,91.67,86.0,88.67,93.67,83.67,88.67,85.33,87.8,85.0,87.5,90.5
87.0,89.33,86.33,91.33,82.67,93.0,91.0,89.33,80.67,85.33,90.33,87.67,90.0,92.0,85.5,92.0
86.33,87.0,87.33,87.0,89.33,85.0,87.0,84.0,87.33,81.67,87.0,88.33,86.0,92.0,85.5,84.0
89.33,86.33,88.0,91.33,87.67,86.67,89.67,85.0,83.67,89.67,88.67,91.0,87.4,88.5,84.0,85.5
85.67,86.67,87.0,88.33,90.33,85.0,87.67,87.67,88.0,84.67,90.33,87.67,87.2,86.5,90.0,85.5
83.67,90.33,89.33,87.33,86.67,86.33,90.0,87.33,90.0,89.67,83.33,85.33,89.4,90.0,93.5,89.5
84.33,87.0,91.0,90.0,84.67,84.67,88.0,85.67,86.0,88.33,86.33,88.33,87.6,88.0,86.5,87.5
89.0,89.67,87.67,88.0,86.0,85.0,88.67,89.33,91.33,84.67,87.33,88.0,88.8,86.0,87.0,89.0
85.33,87.67,84.67,89.33,81.0,91.0,90.33,90.67,86.67,85.33,88.67,88.33,88.4,86.0,88.0,90.0
85.0,85.0,87.67,86.33,90.0,85.67,89.67,88.33,90.0,86.33,88.33,83.67,89.2,88.0,88.5,85.5
86.67,88.33,85.67,89.67,84.67,88.67,85.67,89.33,83.67,85.33,87.67,87.0,88.2,86.5,82.0,93.0
86.33,91.33,88.0,87.67,85.0,95.0,83.33,87.33,86.0,89.33,88.0,82.33,87.4,88.0,84.5,90.0
84.0,82.67,84.67,91.0,87.67,90.33,87.0,84.67,87.0,85.0,89.0,87.33,89.6,81.5,89.5,86.0
82.67,87.67,87.0,83.0,89.0,86.0,89.0,85.33,89.67,88.33,86.67,90.33,86.8,85.0,92.0,92.5
87.67,87.0,86.0,93.0,82.0,88.67,88.67,90.0,88.0,91.67,89.0,91.67,89.0,84.0,82.0,93.0
82.67,86.33,88.33,86.33,84.33,87.0,87.67,89.33,87.0,82.33,85.0,85.0,88.2,89.5,82.5,87.0
85.67,88.33,86.0,86.0,88.67,90.33,88.67,84.67,85.33,89.33,86.67,89.0,87.0,86.5,82.5,88.5
88.67,87.67,88.0,86.67,88.0,91.33,85.67,86.0,86.33,93.67,87.67,93.33,87.2,87.5,90.5,84.5
89.0,84.33,86.0,91.33,88.67,89.67,85.67,88.33,87.67,82.67,88.67,86.67,86.6,89.0,80.0,86.0
86.0,85.33,91.67,89.0,87.67,83.33,83.67,88.67,89.67,84.0,90.0,85.33,88.2,88.5,92.0,91.0
86.67,88.67,91.0,88.33,83.67,87.67,85.0,87.67,90.0,83.33,87.33,89.67,87.8,87.5,84.5,85.0
89.67,87.67,86.0,88.67,87.0,85.0,88.33,89.67,83.67,87.33,88.33,87.33,86.4,91.5,83.5,83.5
85.33,85.0,85.0,85.33,87.67,90.0,84.33,84.0,86.67,89.0,87.0,90.67,87.4,86.0,92.5,84.0
86.67,90.0,85.0,88.0,87.0,86.67,90.0,87.33,89.0,85.33,89.0,90.0,88.8,83.5,86.0,88.0
82.67,90.0,85.33,83.67,84.67,89.33,86.67,85.0,90.0,89.33,88.67,86.67,90.4,87.0,90.5,93.0
82.67,91.67,87.33,86.33,92.67,88.0,85.0,87.33,89.0,89.0,85.33,91.0,89.4,89.0,89.5,90.0
86.33,82.67,86.0,87.33,89.33,86.67,89.33,89.0,90.0,84.33,86.33,83.67,87.8,86.0,86.5,90.0
87.67,89.0,86.0,87.0,86.0,89.0,82.67,90.0,86.33,91.33,92.0,86.0,88.0,87.5,88.5,91.5
88.67,86.67,87.67,83.0,90.67,88.33,87.67,86.0,88.0,87.33,85.0,84.0,84.8,86.0,88.5,91.0
85.67,82.67,86.33,91.67,86.67,88.33,88.0,92.33,87.33,85.67,89.33,93.33,88.6,90.5,91.5,90.0
93.0,89.67,84.33,87.33,82.33,85.33,90.33,90.67,87.67,89.33,84.67,89.33,86.8,88.0,85.5,81.0
88.33,85.33,89.0,86.0,88.67,87.67,89.33,92.0,89.0,84.0,87.33,90.33,90.2,91.0,84.5,82.5
88.33,87.67,87.67,89.33,84.67,90.0,88.33,94.33,88.0,87.67,87.67,85.0,89.4,87.5,83.5,85.5
88.67,87.0,85.33,88.0,92.33,89.33,84.67,83.0,86.0,91.0,89.0,91.33,84.4,89.0,87.5,85.5
87.33,90.67,83.0,90.0,87.0,83.67,88.0,90.0,89.0,90.33,88.33,87.33,86.4,91.0,86.5,92.0
89.33,90.0,87.0,87.0,85.33,91.67,84.0,92.67,90.0,91.33,87.67,87.33,86.4,91.5,85.5,84.0
82.67,93.0,89.67,91.33,93.0,88.33,85.0,89.33,80.33,90.67,85.0,89.67,87.8,92.5,81.5,90.5
87.0,92.67,87.0,90.0,85.0,86.33,89.67,89.67,88.0,90.67,83.33,85.67,85.6,86.5,84.5,86.5
88.33,89.33,86.0,93.0,84.67,89.67,86.0,90.0,85.33,87.33,82.0,86.0,85.0,88.0,82.5,88.0
87.33,89.67,86.0,88.33,87.0,84.33,91.33,86.0,87.0,87.33,85.33,84.33,87.0,92.0,90.0,86.0
84.33,83.67,82.33,84.67,84.0,90.0,87.67,87.67,88.33,86.33,86.0,86.67,84.6,88.5,89.0,91.0
91.67,86.0,92.33,92.0,90.33,89.67,88.33,88.67,88.33,89.33,85.33,88.0,88.8,89.0,81.5,92.5
84.33,86.0,86.0,89.33,86.33,83.0,93.67,85.0,85.0,87.0,87.33,89.33,85.6,85.0,89.0,87.0
91.67,85.0,85.0,82.67,84.33,84.67,83.33,87.67,88.67,89.67,91.67,85.0,89.0,85.5,87.0,86.5
90.33,86.0,82.33,87.67,91.0,88.0,89.67,87.33,85.67,85.33,88.33,88.0,86.6,83.0,90.5,84.5
89.33,85.33,92.0,86.0,84.33,87.0,89.0,89.33,90.67,88.67,86.0,86.0,86.8,81.0,88.0,85.5
89.0,87.33,86.33,85.0,83.67,86.67,90.67,90.0,91.33,87.33,90.33,89.0,90.2,85.0,87.5,82.5
83.67,91.33,90.0,89.0,87.67,91.0,85.0,87.0,88.67,84.0,85.33,88.0,87.6,91.0,87.5,86.0
88.33,92.33,89.33,86.67,89.0,85.67,85.33,87.33,93.0,87.0,90.0,91.33,88.6,90.0,91.5,87.0
86.33,86.67,87.0,86.33,89.0,90.0,86.33,92.33,87.0,88.67,88.33,92.0,90.6,90.5,90.5,87.5
83.0,88.0,83.33,88.0,86.33,85.0,88.67,88.67,86.0,87.0,90.67,91.67,86.8,92.0,85.0,88.5
87.0,92.33,88.33,86.67,86.67,85.0,89.0,86.33,85.67,84.33,88.0,87.67,82.8,82.5,85.0,84.5
86.67,91.33,89.67,84.33,83.67,90.0,84.33,87.33,88.33,92.0,87.0,92.33,84.4,90.0,88.0,87.0
89.0,87.0,85.67,92.33,85.67,91.67,90.33,83.33,89.0,87.0,85.0,87.33,86.4,90.0,82.0,91.5
89.67,87.33,90.67,86.33,90.33,85.67,90.0,85.0,86.67,90.0,86.67,86.33,88.2,90.5,82.5,93.5
87.67,90.67,88.0,85.0,83.67,84.33,82.33,87.0,87.0,85.67,89.67,90.0,87.0,87.5,91.0,88.5
87.67,83.33,86.67,89.67,89.0,85.33,88.67,88.33,88.33,87.67,88.67,85.33,87.0,88.0,89.0,92.0
87.0,83.33,86.67,90.33,88.33,88.67,86.0,89.0,90.33,82.33,83.33,84.67,85.2,92.5,86.5,86.0
87.67,85.67,81.0,83.33,87.33,90.0,86.0,85.33,87.33,91.0,89.0,88.67,88.4,82.5,82.5,89.5
86.33,86.0,88.0,88.67,90.33,88.33,90.33,86.67,86.67,88.0,84.67,87.33,87.8,92.5,84.5,91.0
93.67,90.33,85.33,86.67,86.67,85.33,87.0,89.33,88.0,87.0,88.33,85.33,90.8,86.0,88.0,84.5
84.0,89.0,87.0,83.0,88.67,88.0,84.0,89.67,88.0,88.67,87.33,88.67,89.2,88.5,87.0,93.5
89.0,83.0,86.33,88.0,87.33,89.33,86.0,85.33,88.33,84.33,86.33,90.0,88.4,89.0,86.0,88.0
89.67,88.0,93.0,88.0,87.33,89.67,87.0,85.67,91.0,89.0,86.33,84.33,86.0,83.5,89.5,86.0
87.33,89.33,84.67,88.67,87.33,88.33,88.33,87.0,88.33,86.0,89.33,85.67,88.4,92.0,84.5,83.5
90.67,88.33,85.67,87.67,84.33,82.67,88.33,87.67,92.67,84.67,86.33,85.33,85.0,85.0,89.0,85.5
83.67,84.67,84.67,83.0,89.67,88.67,85.33,86.0,87.0,88.0,83.67,86.33,85.8,92.0,85.5,89.5
86.0,89.0,83.0,86.33,81.33,92.0,91.67,82.33,87.0,84.67,85.67,85.33,89.4,90.0,92.5,84.0
86.33,86.0,87.67,88.67,88.0,87.67,84.67,89.0,84.33,89.0,86.0,91.33,87.6,92.0,89.5,84.0
92.33,86.0,89.0,88.0,85.33,81.0,86.33,88.67,93.67,90.0,88.67,88.67,89.8,87.0,91.5,89.5
88.0,94.33,84.33,84.67,81.67,86.0,87.33,88.67,85.67,89.33,88.67,83.67,87.4,87.5,92.5,87.5
88.33,87.33,88.0,83.67,83.67,91.33,87.67,90.67,85.0,84.67,86.0,91.33,91.2,87.0,82.5,92.5
82.0,85.0,88.0,87.67,86.33,84.33,81.67,89.33,85.0,86.67,89.67,83.33,87.4,86.5,84.0,92.5
86.33,92.33,88.33,87.0,86.0,93.33,85.67,87.0,85.67,83.33,82.67,85.33,89.2,89.0,89.0,87.0
86.0,91.33,85.0,87.67,85.0,81.33,85.67,86.0,84.67,88.0,83.33,89.33,88.2,88.0,87.5,85.5
88.67,88.67,85.0,91.0,90.33,87.33,85.67,93.33,84.67,88.67,90.0,85.33,89.8,82.0,82.0,88.0
89.0,90.33,86.0,87.67,86.33,80.67,84.33,87.33,86.33,84.33,89.33,85.33,86.8,82.0,88.0,85.0
85.33,90.33,86.67,86.67,89.67,91.0,91.0,88.0,86.33,87.0,93.33,88.0,87.6,92.5,84.5,87.5
82.33,89.67,88.0,88.33,86.67,87.0,85.33,92.33,84.67,85.0,88.33,88.33,86.2,91.5,87.5,86.5
91.0,90.33,90.33,85.0,89.0,83.67,85.33,89.33,85.33,86.67,88.33,88.33,87.6,83.0,90.0,91.5
87.0,84.0,90.67,86.33,83.67,86.67,88.33,86.33,89.67,86.33,86.0,92.33,89.4,83.5,89.5,84.0
90.0,88.67,87.33,85.67,93.67,86.0,88.33,83.0,86.67,90.0,87.33,88.67,90.0,83.5,85.5,88.0
88.0,86.0,88.67,90.67,87.33,91.67,85.0,84.0,89.67,85.33,91.67,90.67,86.0,93.5,83.5,86.5
85.67,88.0,92.0,86.0,92.67,90.33,88.33,89.67,89.33,90.0,87.33,88.67,87.6,86.0,86.0,86.5
90.33,85.67,87.67,89.0,87.67,87.0,85.0,86.33,84.33,83.0,85.33,89.0,87.6,88.5,87.0,88.5
87.33,90.67,87.33,83.0,89.67,93.0,90.67,90.33,85.0,89.0,88.67,85.67,87.6,84.5,86.0,88.0
84.67,90.0,83.67,86.33,87.33,89.0,90.0,94.0,87.0,85.0,91.0,88.33,87.6,81.5,92.5,85.0
87.67,91.33,87.33,83.0,88.67,83.67,85.67,87.33,90.33,86.0,90.67,87.0,89.2,90.0,89.5,86.5
89.67,87.0,89.67,90.0,84.0,89.67,83.67,89.33,91.33,89.33,87.0,90.0,86.8,91.5,87.5,87.0
91.0,89.33,88.67,87.0,85.0,92.0,87.33,85.67,83.67,84.0,84.67,86.33,85.4,93.0,87.5,83.0
91.67,81.67,86.33,88.33,89.67,88.33,91.67,84.33,88.67,88.0,83.67,86.67,86.0,89.0,85.5,90.5
87.0,88.67,89.67,85.67,88.33,87.33,87.33,90.67,91.67,86.0,92.0,89.0,89.2,80.5,87.0,85.0
84.0,89.0,88.33,85.67,83.33,89.0,90.0,83.33,84.0,88.0,85.67,88.0,85.0,87.5,82.5,86.5
93.67,89.33,83.33,85.33,86.67,92.0,80.33,84.0,89.0,85.33,87.67,88.33,87.4,88.5,93.0,88.0
93.0,88.67,87.67,88.33,83.33,89.0,85.67,92.33,87.0,88.33,85.0,87.67,88.6,88.5,90.5,84.5
86.0,86.0,90.33,90.33,89.0,93.67,86.33,86.0,91.0,85.33,82.0,85.67,90.0,91.5,85.5,90.0
84.67,85.33,84.0,85.67,85.67,83.33,87.33,88.67,85.67,84.0,84.0,85.0,87.4,90.5,86.0,84.5
89.33,91.0,81.67,87.33,88.67,84.0,87.0,84.67,88.67,88.0,84.0,88.33,90.4,87.0,88.5,85.5
86.67,81.67,81.67,93.33,90.67,90.33,89.33,89.0,88.67,89.67,88.33,89.0,84.0,89.5,91.0,91.0
85.0,83.67,93.0,90.0,88.33,84.33,90.33,87.67,82.67,85.33,89.33,87.67,83.6,90.5,85.5,85.5
93.33,85.33,86.67,87.33,84.33,88.67,86.33,90.0,83.67,91.67,86.67,86.33,86.6,86.0,86.0,81.0
86.0,86.0,87.0,89.0,88.0,86.0,86.67,87.67,83.33,83.67,87.0,89.0,87.4,89.0,80.0,88.0
87.0,90.0,80.67,88.33,89.33,83.0,89.0,86.0,90.33,89.67,86.33,87.33,86.6,91.5,81.0,92.0
90.0,86.33,80.67,86.67,82.67,88.0,88.33,92.0,85.0,85.0,86.33,89.0,92.0,91.5,83.5,91.5
86.0,82.0,92.0,90.0,88.33,91.0,88.67,90.67,92.67,90.67,82.67,90.67,87.6,94.5,81.5,81.0
84.67,88.0,86.33,88.0,89.33,89.33,89.0,84.33,85.0,86.33,80.67,88.33,84.0,80.0,83.5,87.0
87.0,88.67,91.0,90.0,89.0,90.0,86.33,87.33,88.33,85.33,88.0,87.33,88.4,89.5,90.5,89.5
86.0,87.67,88.33,87.0,83.67,87.67,81.0,93.33,86.33,83.0,87.33,88.67,85.4,93.0,86.0,85.5
85.33,87.0,90.0,86.67,87.33,92.67,84.67,83.67,90.67,85.67,92.67,90.67,86.6,83.5,84.0,84.5
83.0,88.67,92.0,82.67,83.0,88.0,90.67,90.67,88.0,85.67,87.0,92.0,87.0,85.5,92.0,90.5
83.0,88.33,87.67,89.0,85.0,88.0,88.67,89.33,85.67,91.67,88.67,86.0,90.0,93.0,89.0,85.5
88.33,87.33,91.0,89.0,89.67,84.67,89.0,90.33,83.67,85.0,87.33,86.33,88.6,86.0,87.5,90.0
86.67,88.33,82.33,83.67,90.67,90.33,90.33,89.33,87.0,85.67,87.0,84.0,87.4,90.0,88.0,85.5
93.33,91.33,87.67,86.33,82.33,81.33,89.67,81.33,85.67,85.0,89.0,83.33,88.4,87.5,89.0,89.0
89.0,87.0,84.0,85.67,89.67,90.33,84.33,86.0,86.0,83.33,86.67,90.67,85.4,87.0,87.5,89.5
84.67,84.0,86.0,86.33,84.67,85.33,88.0,87.67,88.67,84.0,87.67,92.0,86.8,91.5,89.0,89.0
88.0,85.33,91.0,87.67,86.67,87.33,91.0,85.33,86.67,85.67,87.0,90.0,85.4,92.0,88.0,92.5
89.67,90.33,87.0,84.0,90.33,87.67,87.0,89.33,89.67,85.33,88.67,88.67,86.4,86.0,86.0,91.0
84.0,86.0,91.33,85.0,89.67,89.0,91.33,84.0,90.0,89.67,88.0,91.33,92.6,85.0,89.0,89.5
88.0,88.33,86.67,85.33,88.33,85.0,82.0,90.67,88.67,86.0,83.33,88.0,87.6,92.0,86.0,91.5
88.33,88.67,91.0,90.0,88.33,88.33,89.33,88.0,90.0,89.0,85.33,88.67,86.4,90.0,80.5,86.0
88.33,86.0,86.0,86.67,86.0,84.33,90.33,90.0,91.33,89.0,87.0,86.33,86.8,89.0,87.0,92.5
89.33,87.67,84.33,91.0,84.67,88.67,84.67,85.0,94.33,88.67,90.33,85.0,87.4,85.5,90.0,86.5
90.0,87.67,86.67,85.33,92.33,85.0,88.67,92.67,88.67,89.0,86.33,86.33,86.6,92.5,87.0,85.0
85.33,84.33,86.67,91.33,82.33,92.33,91.0,91.0,87.33,92.67,92.0,89.33,87.8,87.0,92.5,86.0
86.67,89.67,89.33,89.67,92.67,90.33,85.0,91.67,86.67,91.0,84.33,86.0,87.0,91.0,90.5,88.0
87.0,89.0,86.67,83.33,89.0,89.0,85.67,82.67,92.33,83.67,87.67,91.33,88.0,86.5,85.0,92.5
90.67,92.0,83.67,85.67,89.67,87.33,84.33,90.67,83.0,86.33,89.67,82.0,87.6,87.0,83.5,87.5
86.0,84.67,85.67,91.0,89.0,88.33,82.0,86.67,89.67,87.67,92.33,84.33,88.0,91.5,91.0,86.0
86.33,89.67,82.33,90.0,91.0,90.0,85.67,85.33,89.0,88.33,87.33,84.67,89.4,94.0,89.0,91.0
88.33,87.67,91.67,89.33,86.0,87.33,85.0,90.33,86.67,89.33,86.67,86.67,87.2,87.5,84.5,92.5
85.67,90.33,89.0,84.0,85.0,82.0,87.33,87.0,84.33,87.33,80.67,84.67,86.0,92.5,91.0,87.0
87.33,85.33,89.0,87.67,87.33,88.0,92.0,81.33,91.0,86.0,84.33,88.0,87.6,90.0,85.0,82.0
92.0,87.33,86.67,92.67,85.33,89.33,90.0,85.33,85.33,90.67,86.0,83.33,85.2,91.5,89.0,88.0
88.0,86.33,91.33,88.0,87.0,83.33,92.0,88.67,87.0,91.0,92.0,87.0,82.8,94.0,92.0,85.0
83.0,85.33,89.0,92.0,86.0,88.0,86.67,86.67,87.0,87.67,88.33,84.67,81.6,81.0,86.5,89.0
87.67,85.0,93.0,84.0,89.0,85.67,86.0,88.67,88.33,90.33,88.0,91.33,87.6,87.0,87.0,92.5
83.0,84.33,90.33,85.0,83.67,84.33,89.67,88.0,91.33,91.0,88.33,83.67,86.2,88.5,87.5,81.0
87.0,82.33,84.33,88.0,90.67,89.33,84.67,87.33,88.67,88.0,85.67,89.67,87.2,80.0,88.0,89.0
87.67,88.0,90.67,87.33,92.33,88.0,89.0,86.67,92.33,90.0,88.67,92.0,83.2,85.5,87.5,84.0
91.67,87.33,91.0,88.0,89.33,82.0,92.67,85.33,86.67,89.0,89.33,81.33,87.8,86.5,87.5,82.0
88.67,88.0,90.0,84.33,83.67,87.67,86.33,90.33,86.33,91.67,90.67,88.0,88.2,94.5,87.0,88.0
87.0,85.67,84.67,93.67,80.67,87.67,87.33,90.33,88.0,90.33,88.67,82.0,88.6,93.0,91.0,90.0
88.33,86.0,86.0,87.67,89.67,84.67,89.67,93.0,82.67,89.33,87.0,92.33,87.6,86.0,91.0,88.0
86.33,85.33,88.67,89.0,91.67,89.33,90.67,94.0,86.0,89.67,87.33,87.67,87.0,89.0,89.0,89.0
89.0,85.0,90.0,85.33,87.33,88.67,88.33,91.33,81.67,86.33,89.0,89.33,91.8,89.5,89.5,87.5
81.67,87.33,86.0,86.67,87.0,83.0,89.33,88.33,83.67,86.67,88.33,90.33,91.8,91.5,94.0,87.0
90.67,86.33,89.33,85.67,87.33,84.67,86.33,88.67,88.33,89.67,84.67,86.33,86.2,82.0,89.5,94.0
90.0,84.0,88.33,90.33,87.67,90.33,81.33,89.33,88.67,90.0,89.33,91.67,90.8,89.0,91.0,89.0
90.33,88.67,90.67,89.33,89.67,86.67,86.0,87.33,85.33,87.0,88.67,87.67,87.4,86.0,83.0,87.0
93.0,90.67,88.0,82.67,85.33,83.33,85.67,84.0,85.67,82.33,89.33,88.33,86.8,87.0,86.0,88.0
86.67,88.33,88.33,84.0,89.0,85.67,89.67,86.33,86.33,81.67,83.67,88.0,84.2,87.0,89.0,91.5
88.33,86.33,87.33,90.0,91.0,93.0,86.0,91.67,86.33,85.0,89.33,84.33,84.6,87.0,88.0,92.5
87.67,85.0,89.33,93.0,87.0,91.0,88.0,88.67,83.33,90.0,88.67,86.0,86.2,92.5,88.0,91.0
86.33,92.67,88.0,84.67,87.33,92.33,90.33,90.0,87.33,86.33,87.67,86.67,90.0,86.5,86.5,83.5
87.0,86.67,88.33,89.33,88.67,87.33,90.0,89.67,86.0,85.33,83.33,84.33,87.4,89.5,82.0,88.0
92.33,85.33,85.0,84.0,84.0,83.0,89.67,92.67,89.0,86.0,83.67,87.67,87.0,92.0,87.0,87.5
87.33,91.67,86.67,83.33,89.0,84.67,90.33,88.67,89.0,84.33,86.67,86.67,88.2,92.5,87.0,93.0
88.33,87.33,85.0,89.0,88.67,83.0,90.0,87.67,90.67,90.0,91.0,85.67,84.4,91.5,90.5,89.0
83.0,93.0,89.67,84.33,86.33,86.67,83.33,90.0,91.0,90.33,90.33,86.33,84.0,82.0,94.0,87.5
86.0,90.67,87.33,88.67,85.0,91.0,90.0,88.33,91.0,83.67,82.67,89.0,89.2,92.5,81.0,88.5
84.33,93.0,85.33,84.0,86.33,86.0,87.33,86.67,87.67,85.33,85.67,88.33,90.2,90.5,88.0,89.0
89.67,86.67,90.33,88.67,88.67,90.0,93.0,82.33,90.67,88.33,85.33,92.0,89.2,92.5,83.0,84.0
84.33,91.67,89.33,81.67,89.33,85.0,87.33,84.67,85.67,83.33,87.67,89.33,83.0,85.5,88.0,86.5
91.33,87.0,85.67,92.0,91.67,86.33,91.0,86.33,90.0,88.33,84.0,86.67,89.8,87.0,85.5,87.5
85.33,89.33,87.0,83.33,89.67,86.0,90.33,90.67,83.0,87.0,85.33,84.0,87.2,89.0,88.5,94.0
81.0,87.33,84.67,88.0,90.33,86.0,88.67,85.33,88.67,88.67,89.67,90.67,84.4,87.5,89.5,89.5
87.0,86.0,88.67,91.67,84.67,89.0,92.33,85.67,88.33,87.0,89.33,89.67,86.4,91.0,89.0,91.0
86.33,84.33,85.33,86.33,88.0,84.67,85.67,89.67,87.33,84.0,93.33,84.0,88.0,90.0,84.5,91.0
88.0,92.33,89.0,88.67,86.67,88.33,85.67,87.0,86.67,87.67,85.0,89.67,90.4,81.5,92.0,90.5
87.67,88.67,86.33,90.67,90.33,88.0,85.33,85.67,88.67,86.0,82.67,88.33,88.8,86.0,85.0,88.5
86.0,90.0,85.33,87.33,81.33,87.67,91.67,88.0,89.33,86.33,89.33,85.67,91.0,83.5,83.5,90.0
92.67,87.67,84.0,85.33,87.0,90.0,87.0,91.0,85.0,90.0,87.0,85.67,87.6,87.5,90.5,82.5
89.67,90.67,84.67,86.33,88.33,87.0,89.67,88.33,85.33,87.33,89.33,88.33,89.4,89.5,84.5,87.5
86.67,86.33,85.67,86.67,88.33,91.33,91.33,87.0,90.33,89.0,86.67,88.0,87.8,86.0,86.0,91.5
87.0,92.0,89.67,87.0,85.0,88.0,85.67,84.0,90.67,87.67,87.33,86.67,86.0,84.0,87.5,88.5
85.67,85.33,84.33,86.0,92.67,84.33,87.0,83.0,91.67,90.33,86.67,87.0,86.8,81.0,89.0,85.5
85.67,84.0,86.67,85.67,84.33,88.67,87.67,86.67,85.0,88.33,84.0,89.0,89.0,85.0,91.0,84.5
86.67,85.67,91.33,93.67,82.0,89.0,86.0,91.33,84.0,88.0,84.0,86.67,84.4,86.5,93.5,86.0
88.0,84.0,90.33,90.0,91.33,82.33,88.67,87.0,82.0,90.33,85.67,84.67,85.4,86.5,87.5,85.5
88.67,92.33,91.67,91.0,85.0,84.0,86.0,89.33,87.33,89.0,88.0,83.67,85.6,94.0,90.0,90.0
87.67,89.33,81.0,88.67,85.0,89.33,93.67,88.0,84.0,87.33,92.33,84.33,85.0,87.5,87.0,87.0
91.0,85.33,81.67,88.33,85.67,90.67,85.33,86.67,88.0,85.0,86.67,86.67,87.2,89.5,88.5,82.0
93.0,90.33,87.67,88.67,89.33,92.33,89.33,90.0,82.67,87.33,84.33,90.67,88.2,90.0,87.5,89.5
86.33,87.33,86.33,87.0,87.33,82.33,89.0,87.0,86.33,90.33,87.67,86.33,85.8,83.5,83.0,86.5
88.67,89.0,84.67,87.0,88.0,83.33,89.33,87.0,89.33,85.67,89.33,84.67,88.6,90.5,90.0,86.0
88.67,91.0,86.0,91.33,93.33,89.0,86.33,91.33,88.0,91.0,84.0,89.67,86.2,81.0,90.5,87.5
89.67,93.0,92.33,89.33,86.67,89.0,89.0,90.0,89.33,87.33,88.33,89.33,84.8,92.0,90.0,92.0
87.33,87.33,91.33,87.67,82.67,84.67,88.33,85.33,88.0,86.67,89.67,87.33,90.4,90.0,88.5,86.0
85.0,81.0,89.33,85.33,85.67,87.67,87.67,87.67,85.33,87.67,83.33,86.0,88.8,87.0,86.0,88.5
91.33,85.0,91.67,83.67,88.67,87.33,88.33,86.33,93.33,89.67,89.67,89.67,85.2,88.0,94.5,89.0
91.33,93.67,88.33,86.0,87.33,86.0,88.33,90.0,85.33,88.67,91.0,83.0,89.0,85.5,82.0,87.5
89.67,88.67,87.67,88.67,86.67,83.0,89.33,84.67,86.0,90.0,84.67,88.0,84.2,83.0,86.0,89.5
90.67,87.33,91.0,85.67,90.0,90.67,87.0,93.0,92.0,92.0,88.0,85.33,86.4,85.0,86.0,90.0
88.33,86.0,89.0,86.0,87.33,89.33,88.33,89.0,88.0,92.33,90.67,90.33,91.2,83.0,86.5,90.0
84.0,84.67,83.67,91.0,86.67,81.33,86.0,91.0,84.33,89.0,86.33,90.67,88.4,81.5,90.0,88.0
91.0,88.33,87.67,86.33,91.0,88.0,87.0,87.67,87.67,85.67,90.33,88.33,89.0,87.0,90.0,91.0
84.33,86.33,91.0,86.67,85.67,83.67,87.67,87.33,90.33,86.67,84.33,92.33,84.2,86.5,85.0,92.0
87.33,86.0,82.0,88.33,88.0,89.0,86.0,87.0,85.33,85.0,87.67,87.33,83.8,84.5,83.5,92.5
90.33,89.33,86.67,84.67,85.67,89.67,87.0,88.33,88.67,87.67,85.67,89.33,89.2,81.5,87.0,93.5
89.0,90.33,88.33,89.33,89.67,91.33,87.67,87.67,89.0,85.0,89.33,85.67,87.6,86.0,93.5,83.5
82.0,91.33,90.67,88.0,87.67,91.0,84.33,85.0,88.33,90.67,87.33,80.67,87.2,87.0,88.0,85.5
88.67,85.67,86.67,88.33,86.0,85.0,84.0,83.33,89.0,89.0,85.67,86.0,85.8,82.0,89.5,86.0
91.33,81.67,90.67,88.67,86.0,85.67,88.0,87.0,84.33,88.33,92.67,88.0,87.4,85.0,90.5,84.5
87.67,89.67,92.33,89.33,81.67,90.67,89.67,86.33,87.33,81.33,88.67,86.67,87.8,87.0,86.5,88.5
86.67,86.67,87.0,90.33,87.67,91.67,85.67,88.67,92.67,85.33,86.0,91.67,88.2,83.0,85.5,90.5
86.33,87.0,86.67,88.0,89.33,87.33,91.33,89.0,80.0,90.33,87.67,88.67,88.2,89.5,87.5,90.0
86.33,87.0,89.67,83.67,94.0,84.33,88.67,88.33,86.67,87.67,89.33,85.0,88.4,85.5,84.5,88.0
85.67,92.0,84.67,86.0,87.67,88.0,88.0,90.33,86.33,86.0,87.33,88.33,83.6,87.5,93.0,87.5
85.0,88.67,87.67,88.67,82.67,83.0,92.0,87.0,87.67,90.0,92.67,83.67,87.0,92.0,90.5,88.5
90.67,90.0,81.33,91.0,88.67,86.33,89.0,84.0,88.0,92.0,83.0,87.33,90.0,94.5,86.5,81.0
89.0,86.67,90.0,90.33,88.33,91.33,86.67,86.67,82.0,84.33,85.67,87.0,88.6,89.5,85.0,92.0
92.67,87.0,90.0,88.67,87.33,89.0,89.0,83.67,87.33,88.67,82.0,87.0,88.8,86.5,91.5,88.0
91.33,87.0,87.33,88.33,85.67,88.67,84.33,87.33,84.67,84.67,88.0,84.0,87.8,86.5,85.0,91.0
84.0,83.33,82.33,86.33,84.67,86.67,86.33,84.67,91.33,86.67,87.33,85.67,89.0,91.0,86.5,89.5
88.33,88.0,89.33,87.0,87.33,93.67,90.33,84.67,88.33,86.67,91.33,85.67,91.0,87.0,91.0,83.0
85.67,92.0,86.67,85.33,85.33,89.0,90.0,87.33,91.67,87.67,87.0,88.67,89.2,86.0,84.5,88.5
91.67,88.33,92.67,85.67,86.67,88.33,88.0,87.33,88.67,85.33,84.33,89.0,88.4,89.0,86.0,88.5
88.67,82.67,86.67,89.33,92.33,91.33,85.33,83.33,84.0,87.33,89.67,87.33,89.2,83.5,87.0,86.5
84.67,94.67,87.67,88.67,89.0,82.33,87.0,92.0,86.0,87.0,87.0,86.33,85.0,88.0,94.5,89.0
86.33,90.0,86.33,86.0,86.67,85.33,85.0,85.33,86.33,83.67,82.67,92.33,87.8,91.5,89.0,94.5
84.0,87.0,83.0,87.33,88.0,92.0,92.33,88.67,88.33,88.33,93.0,90.0,85.0,90.0,82.5,87.0
88.0,90.0,83.67,87.33,92.0,85.0,88.67,88.0,91.0,88.33,87.67,86.33,86.8,88.5,84.5,87.0
90.67,87.67,90.0,89.33,91.33,91.0,88.0,93.67,89.33,85.33,94.33,87.33,89.4,89.5,84.5,87.5
88.33,87.67,86.33,81.0,86.0,87.0,89.33,87.67,87.0,87.67,86.33,88.0,86.0,88.5,81.0,83.5
89.0,86.33,89.33,85.0,87.0,91.67,88.0,90.67,86.0,82.33,89.0,91.67,94.4,87.0,86.5,87.5
88.0,84.33,91.0,85.33,87.33,85.67,92.67,85.33,89.33,82.33,88.33,86.67,85.4,82.5,92.5,86.5
92.0,86.67,86.67,86.33,81.0,88.33,85.67,88.33,83.0,86.0,84.33,85.67,86.4,90.5,83.5,86.0
89.0,87.67,88.0,87.0,84.67,89.67,87.33,89.67,85.0,87.0,88.0,88.33,87.2,86.0,94.0,89.0
87.33,84.67,87.67,94.0,86.0,86.33,86.33,86.33,83.67,89.0,91.0,92.67,86.8,88.5,89.5,90.0
85.33,94.33,85.33,85.33,85.67,85.33,86.0,86.0,84.67,91.67,91.33,90.33,88.2,86.5,88.0,81.0
93.0,87.33,86.33,87.33,91.67,88.67,89.33,89.0,86.33,91.67,85.67,84.0,89.6,87.5,92.0,85.5
90.0,89.67,90.33,82.33,89.0,90.67,89.0,87.0,87.0,89.67,89.33,93.0,88.2,90.5,88.0,85.0
92.33,88.0,87.33,88.67,91.33,88.67,91.67,87.67,85.67,91.0,86.33,88.0,85.0,81.0,88.0,85.0
86.33,84.67,88.33,86.0,91.33,87.33,85.0,83.33,86.0,89.33,91.67,89.0,86.4,89.5,92.5,84.0
91.0,87.67,91.0,85.67,87.0,87.0,86.67,88.67,89.67,86.0,87.0,88.0,88.8,90.5,90.5,86.5
92.67,84.33,85.33,88.33,86.67,86.67,87.67,91.67,91.33,83.67,90.0,88.0,89.4,93.5,84.0,88.0
89.33,85.67,83.67,90.33,87.0,87.0,89.0,83.67,90.67,91.33,86.33,91.33,87.6,84.5,90.0,92.5
89.33,88.67,90.67,85.67,87.0,90.67,83.67,89.0,88.33,87.0,90.33,92.33,87.4,89.5,89.0,90.5
88.67,88.67,89.33,89.0,87.67,92.67,87.33,88.67,84.0,90.67,88.33,86.33,86.8,92.0,82.0,86.5
87.0,87.0,88.33,86.0,83.67,85.33,88.33,91.33,92.0,86.67,85.0,85.67,90.4,89.0,88.5,89.0
81.0,85.67,88.33,87.0,88.33,88.67,84.67,81.0,86.67,85.67,89.67,86.33,86.6,89.5,90.0,82.5
87.33,83.33,87.0,87.0,87.67,80.33,87.0,88.0,85.67,90.0,82.67,89.0,86.4,85.0,84.0,88.0
92.67,85.67,84.67,88.33,89.0,83.0,86.67,85.33,86.67,91.33,87.0,85.33,88.8,90.0,83.5,84.0
86.33,86.67,88.0,85.0,83.33,86.0,87.33,88.33,83.33,92.67,83.67,84.33,88.4,92.0,87.0,81.5
91.0,88.0,85.33,89.67,87.0,82.33,92.33,91.67,86.0,93.67,87.0,85.67,90.4,90.0,87.5,83.0
83.0,91.0,85.67,87.33,86.0,88.0,87.67,82.67,86.0,90.0,90.33,87.33,88.2,86.5,90.0,85.0
87.67,88.0,85.33,92.33,87.33,89.33,88.0,88.67,87.0,88.0,84.67,89.33,89.2,90.0,89.5,89.0
87.33,84.33,85.33,86.0,87.33,85.0,88.67,88.0,90.0,90.33,86.67,90.0,86.6,93.0,89.0,89.0
87.0,86.0,85.33,86.67,85.67,88.33,88.0,86.33,89.33,86.67,89.33,86.0,86.6,89.0,92.5,90.0
83.0,85.67,82.67,85.67,87.0,88.67,90.33,87.33,85.33,82.0,86.33,86.33,87.0,86.0,91.0,87.5
86.67,89.0,90.33,90.0,87.33,86.67,88.33,91.67,89.67,86.67,86.67,85.67,85.2,85.5,93.0,88.5
88.0,84.33,94.0,85.33,92.0,80.67,87.33,89.0,85.67,84.0,89.67,88.0,89.8,86.5,85.0,86.5
87.0,89.67,87.67,89.33,87.33,90.33,84.67,84.33,93.33,91.67,92.0,87.33,91.4,90.5,90.0,90.5
92.67,85.0,84.33,85.67,88.67,88.33,84.0,84.33,90.33,92.0,88.33,91.67,90.4,83.5,84.5,89.5
88.67,90.0,87.33,85.33,88.67,90.67,86.33,87.0,84.0,87.67,88.0,88.33,88.6,93.0,90.5,88.0
88.0,88.33,87.0,93.67,84.0,88.0,87.0,90.33,88.67,88.33,91.33,84.67,83.2,94.5,89.0,89.5
88.33,84.67,81.67,87.0,86.67,84.33,90.33,92.67,88.33,85.33,90.0,92.0,86.2,84.0,84.5,84.0
84.67,88.33,91.33,84.67,86.67,86.0,87.67,86.33,89.0,85.0,82.67,82.33,88.4,90.5,85.5,89.0
85.33,86.33,82.67,90.67,90.33,88.67,82.67,86.33,84.0,89.67,87.67,89.0,86.6,89.0,90.0,82.0
85.33,90.33,86.67,86.33,90.67,88.0,85.33,90.0,89.67,89.0,88.0,87.67,90.0,82.0,92.0,87.5
89.33,93.0,93.67,88.0,84.33,89.33,91.33,89.0,85.67,85.0,87.67,88.0,86.2,86.0,88.0,80.0
90.33,86.67,84.67,91.67,94.33,88.33,90.33,86.0,84.0,89.33,83.33,94.33,87.6,85.0,86.0,93.0
84.67,88.33,90.33,86.0,81.67,86.0,89.33,87.33,89.67,88.67,87.33,88.33,87.6,88.5,84.5,89.5
90.0,86.0,83.33,86.33,89.33,84.0,85.33,89.0,87.67,87.0,92.33,86.67,86.4,87.5,92.0,87.0
83.0,85.0,88.33,90.0,91.0,89.0,89.0,83.67,84.33,88.33,85.67,92.33,86.0,89.5,87.5,85.5
87.67,85.33,92.67,87.33,88.67,83.67,86.0,90.0,86.67,90.33,83.67,91.0,85.6,88.0,86.5,84.5
83.67,86.33,88.67,91.33,89.33,90.67,85.0,93.67,84.67,83.67,88.33,87.33,91.0,91.5,88.5,90.0
84.0,90.0,86.67,84.0,82.67,89.67,86.67,84.67,87.33,83.33,83.67,86.67,86.2,87.5,89.5,88.0
86.33,85.33,89.33,90.0,89.0,91.33,83.67,86.67,82.0,84.33,86.33,85.67,87.0,90.5,92.0,88.5
85.67,91.67,88.67,87.67,89.67,89.0,88.67,86.33,90.67,85.67,83.67,88.67,82.4,82.5,90.0,89.0
86.67,83.67,87.0,91.0,82.0,89.67,86.0,82.33,91.67,87.67,88.0,83.0,88.4,87.5,90.0,90.0
89.0,87.67,91.67,88.67,85.0,90.33,90.0,86.67,93.33,88.33,84.33,91.67,88.4,92.5,88.0,87.0
81.67,90.33,87.0,87.67,90.67,88.67,88.33,84.67,82.67,84.67,86.33,85.0,84.4,86.0,90.0,85.0
88.67,89.67,92.67,88.33,86.67,85.67,87.0,89.67,89.67,85.33,85.67,87.67,91.8,90.5,85.0,87.0
83.0,85.33,86.67,86.67,89.67,88.67,90.0,83.67,88.0,85.0,81.33,92.0,84.6,94.5,91.0,83.0
89.67,81.67,89.0,92.67,87.33,82.33,86.0,89.67,88.33,82.33,91.0,86.0,85.8,94.0,83.0,86.0
82.33,84.33,87.67,87.33,85.67,90.67,82.0,86.0,88.0,91.67,88.0,92.33,84.6,89.5,90.0,83.0
90.67,85.67,90.0,88.33,90.67,84.33,90.33,86.67,86.67,84.33,93.33,90.67,91.2,89.5,87.0,83.5
90.33,87.0,88.33,82.33,85.33,87.0,89.0,86.33,91.33,89.67,88.33,85.0,84.0,84.0,89.5,90.0
89.67,86.67,83.33,84.33,90.67,84.33,87.33,90.33,89.67,86.67,87.67,86.33,88.6,86.5,87.5,88.0
91.0,86.33,84.0,92.33,88.67,87.0,88.33,86.67,89.0,89.33,83.33,90.67,84.8,83.0,92.5,87.0
84.0,87.0,87.0,89.67,88.67,87.33,91.33,87.67,89.0,87.0,88.67,85.67,90.4,91.5,87.0,87.0
90.67,87.33,90.0,87.67,84.67,84.67,85.33,86.0,88.67,90.0,84.67,84.0,88.6,85.0,80.5,84.0
89.0,88.67,92.67,86.0,89.33,83.33,87.0,91.0,88.0,87.0,89.0,83.33,82.2,81.0,81.0,86.5
85.67,90.33,87.67,80.67,89.0,91.67,85.67,89.33,83.0,89.33,86.67,87.67,87.2,84.5,90.0,91.0
91.33,84.67,87.33,90.67,89.67,86.33,87.0,86.0,88.0,86.0,91.67,89.0,87.0,91.5,84.0,86.0
90.67,86.67,85.33,87.0,90.33,88.0,86.67,86.67,88.67,91.0,90.0,88.67,91.4,84.5,90.5,87.5
89.0,82.33,84.0,87.67,89.33,89.0,82.67,84.33,91.0,88.67,87.33,87.0,88.6,91.0,88.0,90.0
87.67,88.0,93.0,89.67,89.67,86.67,87.67,87.33,92.0,86.33,88.0,90.0,84.4,88.5,87.5,89.0
89.67,84.33,85.67,88.33,86.33,86.0,84.0,87.0,89.0,86.33,86.67,88.33,88.0,91.0,87.5,87.5
90.33,85.33,91.33,89.33,86.67,86.67,85.0,88.0,87.33,85.0,90.33,86.33,92.0,83.5,84.5,89.0
86.67,90.67,88.33,88.0,86.67,87.0,88.33,88.0,88.67,84.0,93.0,86.67,85.6,89.0,86.5,90.5
92.67,83.67,83.33,90.0,87.33,88.67,87.33,82.0,84.33,94.33,84.67,91.33,89.2,86.0,86.0,93.0
85.33,85.0,88.67,90.0,89.0,85.33,87.0,87.33,85.0,89.0,90.67,89.67,88.4,94.0,93.5,88.0
87.33,88.33,88.33,90.0,86.33,86.67,87.0,88.0,86.33,82.33,89.67,86.33,86.0,88.0,86.5,90.0
90.33,87.67,85.33,89.33,87.0,86.33,86.67,89.67,87.67,92.0,88.67,86.67,88.2,85.0,85.0,90.0
86.33,85.67,82.0,87.67,87.33,91.67,87.0,93.0,90.67,86.0,90.67,89.67,84.8,88.0,83.0,91.5
89.0,84.0,89.0,88.67,82.67,89.33,87.67,89.33,83.33,86.33,88.67,84.0,87.0,93.0,81.0,87.5
86.67,81.67,88.67,86.0,89.67,88.67,89.0,86.0,85.67,85.33,85.33,89.0,86.4,86.0,92.5,91.5
88.0,88.67,87.33,89.0,90.33,87.67,87.0,89.0,91.33,84.67,86.67,87.0,86.4,82.0,86.0,88.5
84.67,85.0,90.0,85.67,82.0,91.67,89.33,90.0,86.33,88.0,92.67,91.33,88.4,89.5,84.5,90.0
84.0,88.33,89.67,91.0,90.67,88.67,88.67,88.0,87.33,82.33,89.33,91.67,90.0,82.0,87.5,92.0
86.0,89.67,90.33,83.33,86.0,90.33,86.0,87.33,88.33,91.67,92.33,84.67,85.6,87.0,89.0,89.5
89.0,91.33,89.0,88.0,88.0,91.33,87.33,85.0,82.67,90.33,84.0,91.0,86.6,82.0,84.0,84.5
84.33,92.67,85.0,86.0,84.67,92.33,88.0,89.67,89.0,87.67,89.33,89.33,89.0,90.0,89.5,88.0
85.67,88.67,87.0,87.33,85.67,86.67,83.0,85.33,86.67,87.33,88.0,87.33,87.0,93.0,88.0,87.5
88.0,87.0,85.33,88.0,87.0,87.33,93.0,83.67,89.33,88.67,93.0,85.67,87.6,87.0,87.5,90.0
87.33,87.67,87.33,93.0,81.0,92.33,87.33,83.33,93.33,81.67,87.67,86.0,86.2,89.5,87.0,85.0
84.33,90.67,94.0,81.33,84.67,88.33,92.0,88.33,89.67,87.67,86.67,88.0,91.6,85.0,85.0,83.5
86.33,91.0,91.0,82.33,86.0,89.67,87.0,89.33,90.33,87.0,88.33,83.67,86.4,80.5,87.5,93.5
90.0,87.33,87.33,86.67,86.33,88.0,86.67,89.33,84.67,83.0,81.33,89.67,85.0,88.5,85.0,91.5
87.33,85.67,89.0,89.67,86.0,90.33,84.33,85.0,90.67,83.67,93.33,90.33,87.4,88.0,90.5,83.5
85.67,84.33,86.67,92.67,90.0,83.33,88.67,88.67,91.0,87.33,91.0,88.0,89.2,87.0,86.0,82.0
86.67,87.33,88.67,89.67,89.67,89.33,84.0,87.0,89.67,90.33,90.0,90.0,87.2,84.0,85.0,89.5
89.67,88.33,87.0,85.33,83.67,84.33,87.67,89.0,87.0,83.67,83.33,88.67,85.0,84.5,89.0,85.5
84.0,87.67,87.33,90.67,88.33,86.33,86.67,87.67,90.67,85.33,87.0,87.67,88.2,88.0,89.0,89.5
82.67,85.0,86.33,85.0,84.33,87.33,84.67,88.33,90.67,86.0,87.0,89.0,88.0,90.5,86.5,82.5
85.33,91.33,86.33,86.0,85.33,89.67,86.33,84.67,89.0,86.67,91.33,89.33,88.2,85.5,85.0,87.5
84.33,87.33,82.67,88.33,87.33,87.33,88.0,83.0,92.0,87.67,81.33,90.67,86.6,87.5,90.5,87.5
87.0,84.0,85.0,87.67,86.33,88.0,81.67,91.67,88.0,86.33,87.67,83.67,88.6,83.0,86.0,86.0
84.0,84.33,86.0,89.67,89.33,86.0,84.0,86.33,89.33,85.33,83.67,89.67,88.2,82.5,90.0,80.5
87.0,84.0,87.33,92.0,88.33,85.0,86.33,86.33,85.0,88.67,85.67,86.67,86.4,86.5,82.5,86.5
86.33,91.0,81.0,86.33,84.33,84.67,88.0,84.67,88.67,86.67,85.0,87.67,84.8,83.5,87.5,89.5
87.67,85.0,87.67,86.0,89.67,84.0,90.67,85.0,90.0,91.67,88.33,87.67,90.2,89.5,85.5,90.5
86.67,85.67,87.0,88.33,91.0,89.0,88.0,80.0,85.67,85.0,85.67,85.0,87.2,83.0,92.5,89.0
87.67,89.0,85.0,87.33,90.67,83.0,90.33,83.0,92.67,93.33,86.67,84.0,85.4,88.0,87.0,85.0
93.67,87.0,87.33,86.33,91.0,83.67,86.67,87.0,84.67,86.67,89.67,85.33,89.4,85.0,88.5,88.0
87.0,85.67,89.0,90.67,89.0,83.67,86.67,85.33,94.0,84.0,88.33,86.0,89.2,90.0,88.5,90.0
90.67,90.0,85.67,87.0,92.67,86.67,85.33,90.33,88.67,86.0,88.67,88.33,86.2,94.5,85.0,89.5
88.0,81.67,87.0,87.0,87.0,90.33,89.67,89.67,89.33,89.0,88.33,83.67,90.4,90.0,89.5,87.0
90.33,91.33,88.0,85.0,89.33,86.67,83.67,82.33,86.67,89.33,88.67,85.33,87.2,82.0,92.5,85.5
88.67,86.0,83.33,85.67,86.67,90.67,86.33,85.67,86.67,89.33,86.0,93.0,84.4,83.5,86.0,90.0
86.0,90.33,89.67,84.67,89.0,84.67,86.67,87.67,85.0,85.0,83.33,87.0,88.2,90.0,85.5,87.0
87.0,89.0,84.67,91.67,87.67,93.0,89.33,85.0,90.67,85.0,88.67,86.33,89.8,92.0,81.5,89.5
83.33,87.0,83.67,91.67,91.67,93.67,92.33,88.67,88.67,84.0,89.67,85.67,90.0,87.0,87.0,91.0
86.67,90.33,90.0,89.67,91.0,87.67,82.67,84.67,89.0,88.0,89.33,83.0,85.0,84.0,87.5,83.5
83.0,88.33,89.0,84.0,89.67,87.0,87.33,82.67,86.33,87.67,82.67,87.33,87.4,82.0,83.0,84.0
88.33,89.0,90.0,90.0,84.0,85.0,87.67,90.0,83.67,89.67,89.67,86.67,88.0,87.5,90.5,87.0
85.33,92.0,86.67,89.0,87.67,87.0,87.0,89.67,88.0,89.33,86.33,87.67,88.6,90.5,87.0,91.0
88.33,88.0,85.67,87.33,86.33,89.33,87.0,89.33,84.33,83.33,86.67,83.0,87.0,87.5,91.0,88.0
88.0,86.0,87.67,88.33,88.0,87.33,91.67,89.0,83.33,87.33,83.33,89.0,89.2,85.5,89.5,84.0
85.0,90.67,85.67,90.0,91.67,88.67,90.0,91.0,87.33,84.33,91.33,87.33,85.4,86.5,90.5,88.0
87.0,87.33,86.0,85.0,88.0,87.67,88.0,84.33,90.67,86.0,87.0,88.67,83.4,85.5,93.5,89.0
88.67,90.67,90.0,89.33,85.67,86.33,86.0,88.0,91.67,83.67,91.0,84.67,89.0,90.0,93.0,82.5
86.67,89.0,91.33,89.67,90.0,92.33,88.0,86.33,83.33,86.0,89.33,89.33,86.6,91.0,90.5,87.0
82.33,84.33,88.0,91.67,92.0,89.67,87.33,83.67,92.0,89.0,87.33,84.0,85.8,84.0,88.5,85.0
86.33,89.33,92.67,89.67,86.67,89.67,88.0,86.67,91.33,82.0,87.33,92.0,84.6,88.5,87.0,87.5
90.33,84.67,84.67,85.0,90.0,88.33,88.33,88.0,84.67,88.0,89.33,89.33,91.4,85.0,87.0,85.0
82.67,88.0,92.33,86.0,89.67,83.67,88.0,88.0,88.33,88.0,90.33,88.0,85.2,87.0,89.5,82.0
89.33,89.67,85.67,84.33,83.33,87.33,89.0,89.0,84.33,90.0,88.33,84.0,83.6,87.5,88.0,88.0
92.33,82.0,86.67,84.0,83.67,84.0,90.33,89.0,85.67,90.0,85.33,85.33,84.0,82.5,84.0,89.5
88.67,84.0,93.33,83.33,88.0,90.0,86.67,84.33,89.0,89.67,91.0,90.33,89.2,85.5,83.0,93.5
89.67,93.0,86.0,87.67,86.67,85.33,90.33,88.33,87.33,85.33,92.0,82.33,83.4,88.5,94.0,84.0
87.67,84.33,82.67,91.67,91.0,89.33,84.67,89.33,92.0,91.67,90.0,87.33,90.0,91.0,87.0,90.0
85.0,85.67,80.33,90.33,91.67,87.67,86.33,87.67,93.67,90.67,90.0,87.67,85.4,88.0,86.5,85.0
91.33,86.67,88.0,87.67,86.0,88.33,87.67,88.0,86.33,85.33,87.0,87.0,87.2,86.0,81.5,83.5
86.67,85.67,90.0,89.33,83.33,91.67,85.0,86.0,84.0,92.67,86.0,89.67,87.0,93.5,82.0,90.5
84.0,89.0,87.67,87.0,91.33,90.0,91.33,85.0,89.33,89.67,84.67,89.33,86.0,83.0,83.0,81.5
91.0,88.67,90.0,90.0,89.0,83.0,90.33,93.67,87.0,89.33,89.33,85.33,85.8,89.0,87.0,87.0
91.33,89.33,84.33,82.0,85.67,92.67,84.67,84.67,89.67,88.0,82.67,87.0,88.4,88.5,90.0,89.0
89.0,83.67,91.0,86.33,88.0,89.0,89.0,84.33,88.67,86.67,82.67,88.33,85.6,86.0,87.0,83.5
91.33,91.0,83.33,87.67,93.33,90.33,89.67,83.33,86.0,88.67,88.67,85.0,87.2,86.0,87.0,92.0
85.67,92.0,89.33,93.33,83.33,89.33,87.33,90.33,88.0,90.67,81.0,89.33,87.8,88.0,89.5,91.5
85.67,87.67,88.33,94.33,86.0,88.67,86.67,92.0,87.33,89.33,87.33,84.0,87.2,82.0,94.0,90.5
85.33,88.0,87.0,94.33,83.0,92.33,83.0,88.67,92.67,89.67,82.33,88.33,83.6,86.0,82.5,87.0
89.67,89.67,85.67,89.67,84.33,86.67,90.0,92.67,87.33,89.33,88.33,83.67,88.4,86.0,92.5,86.5
88.33,89.0,87.33,89.0,91.33,86.0,90.67,87.0,92.33,87.67,88.33,83.33,89.6,85.5,86.0,80.0
89.0,88.67,89.33,85.67,88.0,88.67,84.0,91.0,89.33,87.0,88.0,89.0,88.6,86.0,86.5,93.0
91.0,89.33,86.67,83.33,89.33,91.33,86.67,85.0,87.67,83.33,85.67,84.0,88.4,91.0,86.5,83.0
88.67,86.67,82.67,93.33,85.67,89.67,88.0,87.0,83.33,89.0,88.67,87.0,88.4,92.5,91.5,94.5
88.33,87.67,88.0,88.67,88.67,85.33,92.0,86.67,87.33,90.67,83.67,88.67,86.2,84.0,92.0,88.5
87.33,89.67,89.0,83.67,89.0,86.0,91.0,91.33,89.0,86.67,90.33,84.33,89.6,90.5,82.0,90.5
90.33,83.67,82.0,86.33,84.33,86.33,88.0,87.0,86.33,86.33,87.33,88.67,88.4,84.0,80.5,84.0
88.0,86.0,86.0,91.0,87.0,88.67,84.33,92.67,86.67,93.67,86.33,88.33,88.2,93.0,87.5,87.5
88.0,88.33,87.67,89.67,84.33,85.67,84.67,88.67,87.0,85.33,86.0,85.33,89.2,85.5,86.5,87.5
88.67,84.0,91.67,88.0,88.67,85.33,90.0,90.33,92.0,87.33,94.0,85.67,86.2,92.0,86.0,93.5
92.0,91.67,83.33,86.67,88.33,85.67,85.33,86.0,89.67,85.0,87.67,82.33,85.6,85.0,89.0,81.5
85.0,90.67,90.0,90.33,85.67,85.67,90.67,92.0,91.0,90.67,89.0,86.0,85.6,90.0,85.0,86.5
82.0,84.67,87.67,87.33,86.0,87.0,88.0,87.0,84.0,90.33,88.33,86.0,85.0,85.0,90.0,83.5
88.33,85.33,90.33,88.0,88.67,88.67,83.0,87.67,88.33,85.33,88.67,88.33,88.0,94.0,90.0,85.0
85.0,91.33,87.0,84.67,93.33,88.67,84.67,85.67,86.33,89.33,90.33,90.67,86.4,94.0,82.0,89.5
88.67,84.33,87.0,89.67,84.33,89.0,83.33,87.67,87.33,88.33,87.33,85.33,90.8,86.5,90.0,86.0
87.33,84.33,87.0,91.0,87.33,85.0,93.33,91.33,83.67,83.67,89.33,91.33,84.6,91.0,90.5,86.0
84.67,85.0,83.67,87.0,85.33,89.0,85.0,86.33,86.0,85.0,88.0,93.0,84.8,93.0,87.0,87.5
88.0,87.67,87.0,83.0,91.67,85.67,86.67,89.0,83.67,88.67,85.0,94.0,89.6,95.0,86.0,91.0
84.0,87.67,91.0,90.33,89.0,89.67,85.67,87.33,87.33,87.0,87.0,85.0,83.4,86.0,87.5,91.0
88.67,90.33,89.33,86.0,82.33,89.0,89.0,90.67,84.33,88.0,88.33,88.33,87.8,91.5,89.5,89.5
84.0,91.67,88.0,90.0,91.33,85.0,88.33,86.67,90.67,91.0,90.67,89.0,86.6,87.0,85.0,88.0
89.67,86.0,87.33,88.67,82.67,83.67,86.33,84.0,85.0,87.0,85.0,88.0,85.4,86.5,86.5,89.5
87.0,85.67,87.0,87.33,90.0,92.33,87.33,84.0,87.67,87.0,91.67,86.33,90.8,94.5,86.5,82.5
86.67,82.33,92.0,87.67,86.67,89.33,86.0,86.67,86.67,88.67,84.33,92.33,89.8,91.5,83.0,86.0
90.0,84.33,91.33,88.67,90.0,92.0,89.0,88.0,86.33,84.67,90.67,87.33,88.8,91.0,89.0,88.5
85.33,93.0,85.67,85.67,89.67,84.33,91.33,84.0,84.0,92.0,87.0,87.67,91.2,91.0,92.5,84.5
86.67,90.33,89.33,84.0,91.67,90.33,87.67,89.0,80.67,92.33,84.67,87.0,90.8,88.5,87.0,90.0
88.67,86.67,87.0,87.0,86.33,90.67,88.33,81.0,91.33,87.67,88.67,86.0,86.2,85.5,90.5,89.0
85.33,90.67,88.67,88.0,87.67,86.33,85.33,85.33,88.67,87.0,87.67,90.67,87.8,88.5,85.0,87.0
91.67,86.0,87.67,86.33,85.67,81.33,86.0,90.67,92.67,89.0,83.67,81.33,86.6,84.0,84.5,88.0
84.67,82.67,92.0,91.33,84.67,85.67,87.67,88.0,89.67,87.33,93.33,84.33,88.2,92.5,88.0,90.5
87.0,87.0,87.67,90.67,90.33,83.67,86.33,94.67,84.0,89.0,87.33,88.0,87.8,83.5,83.5,88.0
81.67,88.0,86.67,86.0,86.67,86.33,84.33,82.67,86.0,87.33,82.0,85.0,89.6,87.0,84.5,85.5
90.0,93.33,90.33,83.0,86.33,86.0,88.0,90.33,85.67,85.33,85.33,84.67,87.0,88.0,86.5,86.5
83.67,88.67,83.0,84.67,86.33,88.33,86.33,89.67,90.67,88.33,93.67,86.67,85.4,86.0,87.5,84.0
87.67,83.67,92.67,90.67,92.0,89.33,87.67,84.67,88.33,86.0,85.33,85.33,85.2,85.0,90.5,81.0
85.33,87.67,87.0,87.67,83.0,90.67,85.33,92.67,84.33,89.0,85.67,90.67,87.2,85.0,85.0,87.0
86.67,86.0,87.0,89.67,83.0,87.67,91.67,91.33,88.67,87.0,89.33,83.0,87.0,88.5,90.0,87.5
88.67,89.67,88.67,84.67,88.0,84.67,87.33,91.0,88.0,88.67,85.33,89.0,87.2,88.5,83.5,90.0
86.33,88.33,88.0,89.67,84.33,88.33,84.0,83.33,86.33,89.33,89.33,86.67,86.6,83.5,82.5,91.0
88.33,87.0,88.0,85.0,91.67,89.67,88.67,86.33,84.67,90.0,91.0,89.0,84.4,82.5,89.5,82.5
87.0,88.33,86.0,90.0,90.0,89.0,89.67,90.33,92.33,91.67,85.33,87.0,87.4,83.0,85.0,87.0
89.0,84.33,90.0,91.33,89.33,89.33,86.0,90.33,85.33,87.67,87.67,89.67,84.2,86.0,83.5,91.5
85.67,90.0,89.0,87.67,84.33,87.0,91.0,86.0,89.0,85.67,91.33,86.33,88.2,88.0,87.5,91.5
89.0,84.33,89.33,91.0,85.0,83.33,83.67,88.67,85.33,90.33,90.33,84.67,88.2,87.5,83.0,89.0
89.33,86.33,86.67,86.0,82.67,85.0,87.67,87.0,87.0,88.67,87.33,87.67,89.2,88.5,85.0,90.5
88.0,83.67,93.0,89.67,91.0,87.67,87.33,84.67,83.67,86.33,88.0,89.67,88.0,93.0,87.5,94.0
88.0,87.33,86.67,88.67,88.33,83.0,91.0,88.0,90.33,88.0,92.33,84.67,88.2,87.5,89.5,95.0
86.67,85.0,85.0,87.33,88.0,89.33,88.33,82.33,83.33,85.33,85.0,87.33,82.2,90.0,81.5,83.5
83.0,88.33,86.0,87.67,83.33,88.67,85.33,88.33,84.33,82.0,88.33,84.67,86.4,81.5,89.0,86.5
84.0,83.67,87.67,88.67,86.33,89.0,87.0,85.0,90.33,90.0,86.0,87.0,84.0,80.5,86.5,88.0
89.33,88.0,89.67,93.0,91.67,83.0,83.67,88.0,88.0,86.0,90.0,88.0,86.4,84.5,84.0,84.0
87.33,87.0,92.67,86.67,90.0,86.0,86.67,90.33,87.33,89.67,89.0,91.0,88.4,82.0,89.0,92.0
87.33,87.0,90.67,87.0,91.0,86.33,92.0,90.67,85.0,86.67,85.33,83.33,84.6,83.5,91.0,85.5
85.67,87.33,89.33,83.67,85.0,90.0,91.0,88.67,86.67,84.67,85.33,87.0,89.8,88.5,90.0,95.0
89.67,90.0,88.67,90.67,89.33,86.0,89.67,87.67,86.0,88.0,87.0,90.0,84.4,81.5,88.0,91.5
84.33,88.33,89.0,88.0,87.67,83.67,87.0,89.33,85.33,82.33,84.67,90.0,90.0,88.0,81.0,81.5
82.33,88.33,90.0,88.0,90.67,84.0,91.67,86.0,86.33,90.0,92.67,86.33,82.2,91.0,86.5,93.0
85.67,91.33,88.0,82.33,83.67,87.67,84.0,90.0,87.33,85.0,87.67,91.0,89.8,80.5,89.0,89.5
85.67,89.0,88.33,84.33,87.67,86.0,87.67,89.67,85.0,89.0,90.33,89.0,89.8,85.5,93.0,89.5
91.0,87.67,87.33,86.67,83.67,85.33,89.67,91.33,90.33,93.0,91.67,89.33,87.0,93.0,81.0,89.0
86.33,87.0,85.0,89.33,85.67,91.33,90.0,84.67,91.67,87.67,85.33,81.0,88.6,91.0,84.5,88.5
88.0,90.0,85.67,89.0,92.33,86.67,81.0,88.0,87.0,88.33,87.33,84.33,88.6,85.0,89.0,92.0
87.0,89.0,92.0,86.33,82.67,85.67,85.0,94.67,89.0,85.67,85.67,90.67,86.4,93.5,88.0,89.0
86.33,86.0,83.67,86.33,85.33,88.33,86.0,89.67,89.33,84.33,92.0,85.67,86.0,83.0,87.0,85.5
93.67,89.0,89.0,85.0,90.33,84.0,87.67,91.0,85.0,87.33,88.0,90.0,87.2,88.0,89.0,89.0
86.67,88.67,87.33,88.0,87.67,85.67,88.33,87.33,85.33,84.33,85.33,89.67,85.6,90.5,82.5,81.0
88.0,91.67,89.67,92.0,84.67,87.33,83.67,88.67,90.33,84.0,87.67,86.0,86.0,89.5,84.0,86.0
94.33,90.0,88.67,82.33,82.67,86.67,83.67,92.67,88.0,91.0,91.67,87.67,87.0,92.0,85.0,85.5
87.67,85.67,83.0,93.0,87.0,83.33,88.67,89.0,85.0,90.0,86.67,90.0,86.4,92.0,85.0,88.5
88.67,87.0,87.33,91.67,90.0,87.67,89.67,87.33,87.33,88.33,84.0,90.33,83.4,85.5,88.0,91.5
89.67,86.33,87.33,81.67,89.0,86.33,88.33,86.67,84.67,93.0,87.67,85.0,88.0,92.0,89.5,90.0
84.0,80.67,82.0,88.0,86.33,82.0,86.33,90.67,89.67,85.33,85.0,90.33,89.0,92.5,93.0,86.5
92.67,93.0,83.33,85.0,89.67,87.0,89.67,88.0,89.33,87.33,85.0,87.33,91.4,84.0,91.5,89.0
88.33,91.0,85.67,89.67,88.0,82.33,90.67,86.33,84.33,85.67,88.33,84.33,87.2,86.0,90.5,83.5
90.67,85.0,85.0,90.67,87.0,89.33,84.33,87.33,85.33,82.0,86.67,92.67,90.4,88.5,86.0,84.5
92.0,90.67,90.33,87.0,90.0,84.33,84.33,85.67,86.33,91.67,87.0,83.67,86.4,82.5,90.0,89.0
87.33,89.0,92.33,86.67,85.67,88.67,87.33,88.67,82.33,83.0,87.0,89.67,82.6,84.0,85.5,87.0
92.0,88.33,86.67,87.33,89.0,84.0,86.0,88.67,86.0,85.0,89.33,89.0,85.0,83.5,88.0,86.5
83.33,87.33,90.0,88.0,89.33,85.0,87.67,88.33,90.33,90.0,89.67,89.0,89.0,90.0,86.5,90.0
89.0,83.0,89.0,87.67,86.33,82.0,84.33,85.0,82.33,85.33,84.0,87.67,90.0,87.0,84.0,89.0
87.33,88.67,83.67,87.67,84.33,87.0,85.33,91.0,88.0,87.33,83.67,86.67,86.4,87.0,84.0,86.5
88.33,89.0,85.67,89.67,89.0,84.0,90.33,84.67,82.0,87.67,85.33,89.33,85.2,93.5,91.5,85.5
86.0,88.33,81.33,88.33,86.67,87.33,86.67,92.0,84.0,86.0,89.67,89.33,84.8,88.0,88.5,84.5
83.0,91.0,87.67,90.33,83.0,88.33,86.0,88.0,84.0,88.67,86.33,87.0,86.8,90.5,91.0,85.5
91.0,87.67,90.0,86.33,84.0,88.0,88.33,88.0,84.0,92.33,82.33,84.67,87.4,83.5,91.0,89.5
86.33,85.0,87.0,87.67,87.33,87.67,85.67,90.33,85.0,88.0,85.0,85.33,90.0,85.5,88.5,90.0
87.67,86.0,88.0,91.0,91.0,86.33,82.67,88.33,94.33,84.0,87.0,88.67,89.2,84.0,86.5,82.0
86.33,90.33,89.67,86.67,92.0,83.67,89.33,85.67,91.67,89.33,84.0,85.67,87.2,89.0,85.0,86.5
88.0,85.0,85.67,82.33,86.67,89.33,86.67,85.67,85.0,90.33,88.67,83.67,88.8,89.5,86.0,88.5
87.0,86.67,91.67,89.33,85.33,87.33,86.67,83.33,89.0,85.67,89.67,85.67,87.2,90.0,82.0,88.0
87.33,89.0,88.0,91.0,86.67,89.67,89.33,84.67,85.0,87.33,87.33,86.0,88.0,87.5,84.5,87.0
86.67,89.0,83.0,91.33,93.0,84.33,88.0,87.67,85.67,85.67,87.33,86.0,86.8,91.5,92.5,88.5
94.33,93.0,90.33,83.67,89.0,91.33,86.0,87.67,87.33,85.33,84.67,90.33,85.8,86.0,86.0,89.5
90.0,85.33,86.33,87.33,87.0,85.67,85.67,82.33,92.0,84.67,90.67,82.33,86.6,89.0,87.5,82.5
89.0,89.67,85.33,89.67,89.0,85.0,88.67,83.67,88.67,83.33,88.0,86.33,87.8,87.5,86.0,89.5
86.33,87.67,88.33,82.0,90.0,83.0,86.67,84.67,86.33,85.0,89.67,90.33,90.8,82.5,87.0,88.0
86.67,87.33,89.0,88.67,90.33,86.67,86.33,87.67,89.67,87.0,86.67,88.67,87.0,93.0,89.0,84.0
84.33,87.67,91.33,86.67,84.33,81.33,88.0,86.0,84.67,86.0,91.67,85.0,88.0,82.0,85.5,88.5
84.67,85.0,86.67,84.67,86.0,88.0,90.33,89.33,87.0,87.33,86.67,89.0,88.0,86.5,88.5,85.0
87.33,87.0,92.33,89.33,86.67,87.33,84.67,89.33,86.33,88.0,86.33,88.33,87.2,87.5,89.0,91.5
88.33,89.0,87.33,89.0,86.33,87.33,82.0,92.67,85.67,91.0,93.33,86.0,89.0,90.5,82.0,85.5
88.0,90.33,87.0,86.67,88.0,89.0,90.33,91.0,90.0,88.67,83.33,81.0,87.2,84.5,87.0,86.5
86.33,90.0,91.0,85.67,85.33,84.67,90.67,90.33,87.0,89.0,83.0,90.0,88.2,93.0,91.5,94.0
91.0,92.33,92.67,83.67,91.0,90.33,91.33,80.33,85.67,88.33,86.33,92.0,84.8,89.5,87.0,84.0
89.0,84.67,89.67,89.33,91.67,84.67,87.0,87.33,86.0,84.0,93.0,83.0,85.8,89.0,92.0,86.5
89.67,88.33,88.67,87.67,89.67,84.67,87.33,88.33,87.33,86.0,89.0,89.33,85.0,90.0,85.5,86.0
85.33,90.0,87.33,85.67,84.67,89.0,89.33,86.0,86.67,85.67,88.33,89.33,90.4,86.5,91.0,85.5
84.67,88.0,87.0,86.33,92.0,88.67,85.67,87.67,85.67,88.0,90.33,89.67,89.4,87.5,81.5,87.5
91.33,85.0,86.67,85.0,92.67,86.33,90.67,89.33,85.0,85.67,86.67,85.33,90.8,87.5,91.0,93.0
88.0,90.0,88.67,87.0,85.33,82.33,82.67,85.33,83.67,85.0,87.0,83.67,92.0,87.0,85.0,85.5
89.0,81.0,89.33,85.67,81.0,85.67,84.33,86.0,86.0,87.0,87.67,90.0,91.4,88.0,87.5,86.5
86.0,90.67,91.67,89.0,88.33,87.67,87.67,90.33,82.67,91.33,86.33,92.33,90.6,87.0,85.5,86.0
86.0,91.0,85.0,85.33,93.67,89.33,86.67,84.67,88.33,85.0,90.0,91.67,91.8,89.5,89.0,84.0
86.67,85.0,82.67,85.0,93.33,89.33,85.33,89.67,89.0,92.33,83.0,82.0,87.2,91.5,93.5,94.0
89.67,86.0,85.67,86.0,86.0,86.0,89.33,84.67,83.0,91.33,89.0,85.0,88.4,88.0,87.0,91.0
86.33,91.67,85.0,85.33,86.0,88.0,86.67,88.0,86.67,85.33,90.33,87.33,85.2,85.0,84.5,91.5
83.0,86.0,86.0,90.33,85.67,91.33,87.67,88.33,87.33,90.33,84.33,92.67,87.2,84.0,84.5,86.5
85.33,90.0,89.0,86.33,85.0,92.33,85.33,83.33,85.67,89.0,85.0,86.67,90.0,91.0,90.0,88.5
90.33,87.0,87.67,88.0,85.0,87.67,85.0,83.67,88.67,81.67,87.33,90.67,85.2,85.5,83.0,90.5
83.67,84.33,86.67,90.0,86.0,84.67,89.67,88.33,86.0,89.67,87.33,90.0,88.6,86.0,84.0,88.0
88.0,86.33,86.0,83.67,84.33,82.67,88.33,86.33,89.33,91.33,83.33,93.0,86.4,86.0,83.0,93.0
91.67,89.0,91.0,91.67,86.0,88.0,83.33,85.67,86.33,84.67,87.0,84.33,91.6,84.0,87.5,87.0
88.0,83.33,85.0,86.0,87.67,86.33,86.67,86.0,83.0,84.67,85.67,91.0,84.2,89.0,90.5,90.5
84.0,82.33,84.33,87.33,83.0,86.67,87.33,90.33,82.67,88.67,83.67,90.67,87.2,84.5,89.0,91.0
87.33,90.67,85.67,89.67,87.67,92.0,82.0,88.0,89.33,90.33,86.0,90.0,87.4,85.0,87.0,84.5
90.33,90.0,88.0,89.0,91.0,87.67,87.67,89.0,86.67,92.0,87.0,88.33,88.8,93.0,81.5,85.5
87.33,91.0,83.67,87.33,90.0,87.33,86.67,86.67,86.0,89.33,90.67,87.67,87.2,86.0,85.0,93.5
89.0,86.67,89.33,87.0,85.0,86.67,87.67,93.0,87.0,89.67,86.67,87.67,85.0,86.5,89.0,83.5
86.0,84.0,86.33,88.0,85.0,90.33,89.33,83.33,89.67,87.67,88.0,85.67,84.6,88.5,84.5,90.5
89.67,90.67,90.67,85.0,88.33,91.67,86.33,84.67,86.33,83.67,84.0,90.67,89.8,84.0,88.5,88.0
82.33,89.33,85.67,84.67,87.67,91.0,89.33,88.33,88.33,86.67,89.33,89.33,86.2,83.0,92.5,85.0
88.67,88.0,84.67,88.33,88.0,87.0,90.0,91.33,87.67,88.67,93.0,81.0,85.4,90.5,84.5,85.0
84.67,87.0,90.33,85.67,90.33,92.33,83.33,89.67,87.0,86.33,88.67,90.33,84.6,90.5,84.5,87.5
87.0,86.33,88.0,92.67,88.67,85.67,88.33,83.33,84.0,92.33,87.0,89.33,86.0,85.5,86.0,88.0
86.0,85.67,88.0,88.0,86.33,85.33,87.67,88.0,90.67,84.33,85.33,91.0,86.4,87.0,83.5,87.5
92.33,87.0,88.67,89.0,87.67,85.0,90.67,86.0,86.33,91.0,90.67,88.33,88.8,81.5,80.0,91.5
83.33,81.33,85.33,85.33,86.0,91.0,91.33,88.0,92.67,90.0,87.33,85.33,86.8,88.5,83.0,87.0
88.67,91.33,89.0,88.33,86.33,89.33,87.67,83.67,85.33,82.67,88.33,87.33,87.6,85.5,83.5,88.0
87.0,87.33,87.67,89.67,88.0,83.67,85.33,86.33,87.67,92.0,86.33,90.67,86.0,85.5,86.0,92.0
87.0,84.0,87.33,86.33,84.67,88.67,85.67,87.67,85.33,88.0,88.67,86.67,92.2,87.0,91.0,84.5
91.0,85.33,89.67,88.33,87.0,87.0,90.67,83.67,88.33,94.0,86.33,86.67,89.0,88.0,87.5,86.0
89.33,85.33,91.33,89.0,85.33,91.0,89.0,87.67,86.33,85.33,85.67,84.0,85.6,84.5,88.5,87.5
88.67,87.0,91.0,88.0,88.0,88.0,85.33,89.67,87.0,90.0,90.67,88.0,87.2,85.0,88.5,88.5
83.33,90.67,88.0,89.67,85.33,91.0,85.0,85.67,89.0,84.67,89.67,88.67,88.8,88.0,92.0,87.5
89.0,85.67,89.33,83.67,89.33,89.0,84.33,91.67,89.33,91.0,91.33,87.33,91.0,86.0,92.0,87.5
87.33,87.33,90.67,83.0,89.0,85.0,90.0,84.33,90.0,84.67,81.33,90.0,83.8,86.5,84.5,89.0
89.67,90.33,84.0,86.0,88.33,86.67,84.0,90.33,84.67,85.0,87.33,88.33,86.0,84.5,89.5,91.5
89.0,86.33,84.33,84.33,88.67,89.33,88.0,87.67,90.67,83.0,90.0,91.33,86.0,81.0,88.5,93.5
85.67,88.67,84.33,84.67,83.33,85.33,89.33,90.0,91.0,85.0,88.0,86.33,87.4,87.5,81.0,88.5
88.33,85.67,85.33,91.33,89.33,89.67,88.67,85.33,86.33,89.33,85.33,88.0,83.8,89.5,87.0,90.5
88.67,84.67,83.67,86.67,87.67,86.33,92.33,90.33,91.67,86.67,84.67,87.33,88.0,91.0,88.0,88.5
91.67,86.67,85.67,87.33,91.33,92.0,87.67,84.33,82.67,86.67,87.0,86.67,86.2,84.5,91.5,86.0
88.0,90.0,87.0,89.67,92.67,90.67,86.0,89.33,91.33,84.33,88.67,84.67,85.8,83.5,92.5,82.5
85.67,88.33,86.33,85.33,82.67,89.0,85.67,85.67,87.33,86.0,82.67,87.33,87.2,86.0,89.5,87.5
88.0,89.33,88.33,91.67,92.0,92.67,90.67,86.33,85.0,84.33,83.33,83.67,84.0,88.5,87.0,88.0
84.33,87.0,85.33,86.67,85.67,87.67,83.33,85.0,89.0,84.67,85.67,88.0,89.8,91.5,84.5,89.0
88.0,82.67,85.33,86.67,90.67,91.0,88.33,88.33,89.67,86.0,87.33,87.0,87.0,86.5,88.5,86.5
91.0,90.67,87.33,87.0,86.33,89.67,85.0,84.67,87.0,87.67,86.0,92.67,86.2,93.0,83.0,81.5
87.33,87.67,94.33,84.0,84.67,85.0,91.0,90.0,90.0,85.0,88.33,84.0,88.6,86.5,90.5,84.5
86.67,88.67,85.67,86.0,88.33,85.0,92.33,84.67,87.33,91.67,86.33,83.67,89.2,87.5,86.0,83.5
87.67,87.0,80.0,87.67,86.0,86.33,89.67,90.33,82.33,83.67,88.33,86.67,88.4,87.5,88.0,92.0
90.0,87.0,86.67,92.33,83.0,85.0,81.33,88.33,89.67,88.67,85.67,87.67,88.6,89.5,91.5,87.0
83.33,89.33,88.0,87.67,87.0,91.67,81.0,86.33,86.33,90.67,84.0,84.0,91.6,87.5,85.0,94.5
88.0,88.67,91.33,88.67,87.67,85.67,87.67,87.33,90.0,86.0,83.67,85.67,83.2,86.5,86.0,84.0
92.33,85.0,81.67,83.33,90.33,93.33,91.33,92.0,87.0,83.67,92.67,84.33,88.4,83.0,83.0,86.5
91.33,86.33,87.0,86.67,88.0,88.33,87.33,88.67,84.0,90.33,83.33,87.33,86.4,82.5,87.0,91.0
90.67,91.0,89.67,83.33,85.0,88.67,86.33,89.67,86.67,91.33,90.33,87.33,90.2,83.5,94.0,93.0
88.67,90.33,85.0,83.33,91.0,83.33,84.33,90.0,89.0,88.67,88.0,87.67,87.2,88.0,85.0,88.0
93.0,89.33,84.67,83.67,86.33,91.0,83.67,91.33,89.33,85.67,87.67,93.33,88.6,86.5,91.0,91.5
90.0,91.33,86.67,81.67,88.33,87.67,86.0,87.33,91.0,93.33,85.0,87.0,89.6,83.5,87.5,86.0
86.0,85.67,83.67,87.67,89.0,86.33,89.0,94.33,88.33,87.33,85.67,85.67,87.6,86.0,94.5,87.5
85.33,85.33,89.33,85.67,88.67,84.67,88.0,90.33,88.0,89.67,83.33,93.33,89.2,86.0,90.5,92.0
86.33,83.33,87.0,84.33,84.67,91.67,88.0,92.33,83.33,83.0,89.33,85.67,86.2,85.5,88.5,88.5
81.67,83.0,86.67,90.33,86.0,90.67,90.0,88.0,84.67,89.0,84.33,87.67,88.2,89.5,83.5,84.5
84.33,92.0,84.67,90.67,89.33,85.0,83.33,89.67,85.0,91.33,91.33,83.67,90.2,84.5,92.0,90.0
85.67,86.0,83.33,82.33,89.67,93.0,87.0,86.67,86.0,88.33,91.0,92.0,84.4,90.0,86.0,88.5
89.67,86.33,86.33,86.0,89.33,87.33,86.33,87.0,90.33,90.67,89.33,87.33,88.0,85.0,81.5,86.0
91.67,90.33,88.33,86.67,89.67,87.33,87.0,90.67,92.0,82.0,88.67,87.67,84.4,94.0,92.5,90.5
87.0,86.0,90.0,81.67,87.33,82.0,87.0,87.67,90.33,86.33,87.67,89.0,88.4,82.0,88.0,88.5
86.67,88.0,87.0,84.67,84.67,87.0,85.33,84.0,85.33,85.67,86.0,87.33,88.0,87.5,86.0,90.5
88.0,88.0,86.33,87.33,92.0,91.33,86.67,89.0,91.33,87.67,88.0,90.67,91.2,89.0,87.5,85.5
85.33,85.33,82.67,91.0,87.33,87.67,92.33,89.67,85.0,91.0,90.67,86.67,86.6,92.5,89.5,84.0
82.33,85.67,84.67,83.33,88.0,82.33,88.0,89.67,86.33,88.0,86.33,91.67,90.2,84.0,82.0,87.0
82.67,89.0,89.67,88.0,85.0,92.67,84.0,90.0,88.67,88.0,85.33,91.67,88.8,87.0,89.5,87.5
87.33,85.0,90.67,84.67,94.33,83.67,91.0,85.33,84.0,90.67,86.67,91.0,84.2,87.0,87.0,93.0
89.0,87.67,89.33,87.0,89.33,86.0,84.33,86.67,85.0,84.67,88.0,88.67,88.0,87.5,84.5,89.0
86.33,86.67,85.67,84.33,84.67,90.33,88.67,87.0,86.67,85.33,84.33,84.33,86.8,84.5,89.0,82.5
85.33,94.0,83.0,90.0,84.0,86.0,89.33,87.33,91.67,89.0,82.0,89.67,88.6,88.5,92.0,91.5
82.33,86.33,88.67,86.33,85.33,81.33,87.67,90.33,85.33,88.33,87.33,86.33,86.6,92.0,83.5,88.0
83.0,86.0,88.0,83.33,86.67,90.33,88.0,89.0,91.33,90.33,88.67,83.0,86.0,92.0,94.0,87.5
88.33,93.0,85.33,85.67,89.67,88.33,89.0,86.67,89.67,89.67,84.67,93.0,90.8,89.0,87.0,89.5
86.33,85.0,82.0,87.67,88.33,85.67,89.33,83.33,88.67,86.67,89.33,88.0,85.8,86.0,92.5,92.0
87.67,88.67,82.33,84.67,82.67,90.33,87.67,85.0,86.0,89.33,87.67,87.0,85.0,87.0,94.0,93.0
88.67,93.0,89.33,90.33,87.0,84.67,84.67,86.0,86.0,81.33,88.67,88.33,88.4,82.0,89.0,84.0
85.33,87.0,86.0,87.0,92.67,92.33,89.67,86.33,86.0,92.33,90.67,86.33,85.6,94.5,87.0,85.5
88.0,84.67,88.0,89.0,86.0,91.0,90.67,88.67,92.67,82.33,86.67,87.33,87.6,93.5,83.5,90.5
87.67,92.0,85.33,86.33,89.0,86.33,85.67,82.33,86.67,86.67,88.67,84.33,88.4,85.0,87.5,91.0
84.67,88.67,90.33,87.33,89.0,85.67,89.67,89.0,85.33,86.0,85.0,86.33,90.2,83.5,87.5,88.0
85.33,86.67,87.67,87.67,90.0,88.33,85.0,86.67,85.33,85.67,88.67,81.33,87.4,89.5,89.5,91.0
85.0,84.0,81.0,87.33,89.67,82.0,86.67,86.0,86.0,91.33,83.67,87.0,85.0,88.0,85.5,92.5
85.67,87.33,86.67,87.67,93.0,87.67,87.0,87.67,86.67,86.67,87.67,92.67,86.6,87.5,87.0,86.0
88.0,89.67,87.0,91.0,87.0,92.67,87.0,86.33,86.0,88.0,93.0,86.67,91.2,86.0,86.5,92.5
86.33,86.67,82.33,87.33,90.0,90.0,88.33,84.33,87.67,84.33,87.0,90.0,88.6,86.0,91.0,80.5
89.33,85.67,88.0,81.67,82.67,88.67,87.0,87.67,89.33,84.0,88.0,86.33,89.6,87.5,83.0,88.0
86.0,85.67,85.33,82.67,84.67,85.33,85.67,86.0,88.67,91.67,85.33,83.67,88.8,83.0,86.0,86.0
90.0,87.67,88.67,82.33,88.67,91.67,89.67,85.0,87.33,90.0,86.33,87.33,89.6,83.0,86.5,84.0
84.67,84.33,92.67,89.33,83.67,81.67,90.67,88.0,87.0,91.67,88.0,88.0,91.4,86.5,90.0,93.5
85.33,85.33,87.33,88.0,84.67,80.67,87.33,84.0,88.33,89.0,84.0,87.33,87.0,86.5,85.5,86.0
83.33,87.67,85.0,86.0,89.33,88.67,83.33,87.33,83.0,83.0,88.67,85.67,90.0,87.5,90.0,92.0
86.0,90.0,86.0,87.0,89.33,85.0,88.0,85.33,91.0,85.0,84.67,87.67,88.0,90.0,88.5,88.0
89.33,86.0,82.67,89.33,84.67,89.33,85.0,81.67,85.0,90.0,91.0,87.0,88.2,89.0,80.5,87.5
87.33,86.67,85.67,84.67,85.0,85.33,86.0,82.67,85.67,82.67,87.33,84.33,87.6,86.5,91.5,86.5
88.33,87.0,87.67,87.67,87.33,89.33,82.67,85.0,88.0,85.0,91.0,89.0,88.4,90.5,84.5,89.0
86.67,89.0,84.0,87.0,80.67,84.67,85.0,88.33,92.0,88.0,88.67,85.33,88.4,85.5,90.0,87.0
88.33,85.67,86.0,87.67,84.67,89.33,82.33,91.33,85.0,89.33,87.67,91.67,89.6,86.5,81.0,90.0
90.67,85.33,89.33,88.67,86.0,88.0,90.67,87.33,89.0,88.33,90.67,91.0,86.6,90.0,83.0,90.0
89.67,90.67,89.33,83.67,88.67,90.0,88.33,92.0,91.0,83.67,85.33,84.33,87.8,85.5,88.5,86.5
90.0,85.0,87.33,88.67,89.0,89.0,91.0,91.67,84.67,87.33,86.67,89.33,86.0,90.0,88.5,88.0
86.67,93.0,85.67,88.0,88.67,85.0,83.0,84.67,84.33,88.33,85.67,85.67,88.2,86.5,83.5,84.0
87.33,88.67,82.67,88.67,85.67,84.67,85.0,84.0,92.67,90.0,86.67,86.0,86.8,87.5,86.0,87.0
88.67,84.67,92.0,89.0,89.0,83.33,92.0,91.33,89.0,87.0,89.67,87.33,85.0,86.0,89.0,87.5
85.67,88.0,93.33,88.33,83.33,87.0,92.33,89.0,86.67,88.67,93.0,87.33,85.8,88.5,87.5,89.5
91.33,88.33,91.0,86.33,84.0,83.67,83.33,89.33,90.67,84.67,89.0,85.33,87.2,87.0,87.0,90.5
90.0,90.67,85.33,85.0,86.67,89.0,84.33,91.67,87.67,87.0,87.67,91.67,88.0,89.5,91.5,84.5
86.33,85.33,90.33,88.33,83.33,83.0,87.67,88.67,89.67,89.33,87.33,86.67,83.0,87.0,91.0,91.0
89.67,85.0,85.0,87.33,85.67,89.67,92.33,87.67,86.67,89.33,84.67,89.67,86.2,89.0,89.0,87.0
89.33,88.67,89.33,86.0,83.67,91.33,88.67,85.67,87.67,86.67,88.67,90.0,87.2,87.0,92.5,89.0
85.33,87.67,91.67,85.0,85.67,86.33,92.33,86.33,84.0,82.33,88.67,93.0,86.4,81.0,88.0,89.5
88.33,87.33,85.0,89.67,90.67,89.33,82.67,87.33,84.33,87.33,91.0,89.33,90.6,90.5,81.0,92.5
89.33,86.33,86.67,87.67,87.67,89.67,88.67,90.67,91.67,88.33,83.33,90.33,84.8,94.5,90.0,89.5
93.0,87.0,84.67,86.67,91.0,87.67,88.33,87.67,88.67,85.67,84.33,88.67,87.2,88.5,87.5,84.5
84.0,90.67,93.0,92.33,86.67,85.33,90.0,85.0,85.0,88.33,85.67,83.67,92.8,87.0,89.0,89.5
88.67,89.67,89.33,89.0,88.67,80.67,92.0,86.67,89.33,86.67,88.33,84.33,87.0,85.5,95.0,87.0
91.0,89.0,84.67,91.0,86.67,88.0,91.33,84.33,86.67,89.0,88.67,90.33,87.4,84.5,88.0,86.0
89.33,81.67,85.0,88.0,84.0,82.0,85.0,88.0,87.67,90.67,85.67,86.33,87.4,88.0,85.0,87.0
87.33,85.0,84.67,84.67,87.33,81.0,88.33,87.33,85.33,86.67,87.67,86.67,91.2,92.0,92.5,93.0
90.33,90.33,91.0,85.67,90.33,91.67,90.0,87.33,85.0,85.67,90.67,87.67,87.6,81.5,89.5,86.0
87.0,93.0,86.33,85.0,84.0,82.0,88.0,82.67,85.33,88.0,87.0,87.67,89.8,83.5,82.0,88.5
91.33,91.33,88.0,85.67,88.33,81.0,80.33,86.67,88.0,87.33,85.33,94.0,90.6,89.5,91.5,89.5
85.33,87.0,88.0,84.0,89.67,84.33,85.67,88.0,90.33,88.33,86.33,88.67,90.4,85.5,87.0,87.5
85.67,87.67,88.0,84.0,87.67,88.67,90.67,87.67,86.33,88.0,84.0,92.33,87.8,90.5,86.5,84.5
85.0,84.0,90.0,83.33,83.67,89.33,83.67,81.33,91.33,89.67,90.33,90.0,91.6,84.5,87.0,91.0
87.67,86.33,85.67,85.67,80.33,90.33,89.0,84.67,88.67,87.67,86.33,87.33,86.8,88.5,86.5,84.0
88.33,89.33,85.0,87.67,92.0,89.33,89.67,89.67,87.67,90.67,85.67,86.67,86.2,81.0,86.5,93.0
85.67,85.33,83.0,86.67,91.33,92.0,85.33,86.0,88.33,88.67,85.33,82.33,86.2,87.0,83.0,90.0
84.67,84.0,93.0,93.67,85.67,88.0,85.67,92.67,86.67,87.33,83.0,87.0,86.6,89.5,88.0,91.5
91.0,87.33,89.0,86.67,88.67,87.0,85.0,89.67,88.33,88.67,90.33,90.67,89.4,91.0,92.0,87.5
88.67,87.67,91.67,86.0,87.67,93.67,86.67,82.67,89.33,90.33,93.67,90.33,89.8,84.5,91.0,88.5
87.0,86.67,85.0,87.0,90.0,88.33,81.67,90.67,88.67,89.67,82.67,86.0,87.0,82.0,93.0,81.5
83.67,87.33,84.0,87.0,90.67,84.67,93.67,87.67,86.33,82.0,85.0,88.0,88.0,83.5,86.0,89.0
86.67,88.33,87.33,88.67,86.33,83.67,88.33,86.33,86.33,84.67,89.67,93.67,84.4,86.5,84.5,88.0
91.67,89.67,91.0,85.67,85.67,89.67,91.0,85.33,89.67,86.0,86.33,87.67,88.0,89.5,86.5,90.5
89.0,91.0,89.67,93.33,90.0,92.67,87.33,91.33,86.0,86.33,88.67,82.33,85.0,84.0,87.5,93.5
93.33,89.33,88.67,90.0,84.33,86.67,87.67,89.33,83.0,88.33,88.0,83.33,84.6,92.5,91.5,88.5
89.0,84.0,92.67,85.67,86.67,86.67,90.67,87.0,87.0,89.67,84.67,88.67,90.4,87.0,90.0,80.0
91.33,82.33,84.67,83.67,84.33,87.33,88.67,87.0,84.67,85.0,84.33,89.0,89.2,84.5,89.5,89.5
89.67,88.67,91.67,86.0,88.67,83.67,82.33,88.0,84.0,82.67,83.67,83.67,85.2,92.5,80.5,90.0
85.33,85.33,92.67,88.67,84.33,87.67,86.67,88.33,90.0,87.0,86.67,87.33,90.6,86.0,91.5,92.5
84.0,87.33,92.0,84.0,86.0,91.33,93.0,84.67,86.0,89.67,86.67,86.67,88.4,89.5,81.5,90.0
88.67,87.67,84.0,90.33,92.67,87.0,88.0,86.33,86.67,90.67,87.33,93.0,88.6,81.5,88.5,92.5
90.67,84.67,89.0,88.67,87.67,86.0,93.0,91.33,84.33,85.67,89.33,82.33,88.0,85.5,89.5,90.0
90.67,87.67,86.67,90.67,89.67,87.0,83.0,87.0,86.67,85.0,85.67,85.0,86.4,88.0,85.0,88.5
92.33,86.0,84.67,83.67,85.0,88.33,86.0,89.67,88.0,84.0,88.0,85.33,86.4,86.5,83.0,92.5
84.33,92.0,90.0,86.67,87.33,92.67,86.0,88.0,88.0,88.0,87.33,88.67,85.6,86.0,84.5,82.5
87.33,86.0,90.0,92.67,89.67,86.33,86.0,88.0,91.33,85.67,87.0,83.67,91.2,90.5,91.0,89.5
88.0,86.33,86.0,86.67,88.33,88.0,87.33,86.0,88.0,85.33,89.67,86.33,88.4,93.5,90.0,86.5
87.67,87.67,87.67,93.0,87.0,85.33,83.33,85.0,87.0,85.67,87.67,86.0,87.4,86.0,90.5,92.5
87.0,86.0,92.0,88.33,86.67,85.0,90.67,86.33,91.0,85.0,88.67,89.0,89.2,85.5,88.0,89.5
88.0,84.0,89.0,89.67,89.67,85.33,82.67,92.0,89.0,85.67,87.33,90.33,85.2,91.0,90.0,89.0
87.33,92.67,88.0,83.0,88.33,83.33,90.67,90.0,90.0,92.0,91.0,90.0,85.4,90.0,92.0,86.5
90.0,89.0,86.33,85.33,82.67,87.67,88.33,87.67,90.67,89.67,90.0,91.33,90.8,90.5,83.5,82.0
90.0,85.33,87.67,86.0,88.33,88.0,87.33,83.33,85.0,90.67,94.0,90.0,84.4,81.5,93.5,90.0
89.67,90.67,83.33,84.33,85.0,90.33,90.67,87.67,87.0,94.67,87.33,87.67,85.6,88.0,87.0,87.0
88.67,88.33,83.0,86.0,83.33,86.67,86.0,85.67,83.33,93.33,88.0,89.33,87.0,90.0,81.0,88.0
84.33,89.0,84.67,86.33,86.33,85.0,90.67,89.67,86.33,89.33,86.0,91.0,88.2,89.5,86.5,91.5
84.33,86.67,88.33,84.0,84.0,87.0,84.67,84.0,90.0,88.33,91.0,85.67,83.0,81.5,88.0,93.0
87.33,85.0,91.67,83.0,85.67,90.0,87.0,85.33,88.67,89.67,85.33,85.0,89.6,80.5,86.0,91.0
84.0,87.67,86.33,88.33,89.67,87.0,88.33,92.67,89.67,89.67,89.33,86.33,87.2,84.0,87.5,88.5
89.67,88.67,87.67,86.33,87.67,90.67,88.33,88.67,86.33,88.0,90.0,92.0,86.4,89.0,91.5,90.0
83.67,86.33,89.33,85.67,81.33,86.0,92.33,88.0,88.67,87.0,86.0,82.33,88.6,86.5,90.0,88.0
87.0,85.67,89.0,88.0,89.33,84.67,89.33,90.0,84.67,90.67,85.67,92.67,83.6,93.5,83.0,83.5
86.33,85.67,85.67,84.0,87.0,89.33,90.67,89.33,84.67,90.67,94.33,86.33,88.8,84.5,83.5,84.0
87.67,83.0,86.33,89.33,88.67,87.67,91.0,82.67,90.33,86.67,90.33,88.33,88.8,81.0,89.5,88.0
89.33,91.33,85.0,86.67,93.67,86.0,89.67,90.67,85.0,86.33,86.0,86.0,88.2,92.0,84.0,89.0
87.33,89.0,89.33,88.0,85.0,83.33,87.0,86.0,86.0,85.67,85.0,86.0,86.4,88.0,91.0,92.0
89.0,83.67,89.33,90.67,89.67,87.67,93.33,88.33,87.33,88.0,82.33,83.0,84.6,82.0,83.0,87.0
84.33,85.67,86.0,93.33,90.67,88.0,87.0,86.33,87.33,90.0,85.33,92.33,90.0,88.5,90.5,86.0
87.67,87.33,88.67,84.67,87.67,88.67,89.33,87.33,86.0,88.33,90.33,87.0,89.8,83.5,90.5,87.5
86.67,85.33,90.67,88.33,87.33,92.0,89.33,85.67,87.33,87.0,93.33,84.0,88.4,89.0,87.5,84.0
90.67,84.67,84.67,85.0,86.0,86.33,86.33,87.33,88.0,88.67,90.0,85.0,90.6,86.5,86.5,91.0
90.33,83.0,91.67,94.67,83.67,82.33,91.33,85.0,89.33,88.0,84.33,90.33,88.2,89.5,88.0,85.0
85.67,89.67,85.0,85.67,87.0,86.67,90.33,89.67,86.67,88.67,86.67,87.67,89.6,85.5,90.5,85.5
86.0,91.67,89.67,88.67,83.67,87.0,84.33,86.33,84.0,90.0,87.67,91.0,89.0,90.5,91.5,88.5
87.0,89.0,92.33,93.0,87.0,85.67,86.0,87.67,88.67,82.33,86.0,88.67,85.2,86.5,93.0,83.0
87.0,85.67,87.0,87.33,89.33,84.0,87.33,84.67,90.0,89.67,82.67,87.33,87.0,85.0,88.5,86.5
85.67,85.33,88.0,81.67,88.33,86.0,86.0,88.0,87.67,87.0,88.33,82.33,89.4,91.0,89.5,83.0
87.33,91.33,90.0,89.0,86.67,90.0,88.33,86.33,82.33,90.67,88.33,81.67,88.6,84.0,87.0,88.5
93.33,89.67,86.67,81.67,86.33,88.33,88.33,87.0,86.33,83.67,86.67,87.0,85.6,84.0,84.0,83.0
88.0,86.67,87.33,86.67,91.67,85.0,89.33,91.0,88.33,81.67,86.33,92.33,85.6,82.5,86.0,80.5
86.33,86.67,88.0,88.67,86.0,91.0,88.67,87.33,83.0,85.67,87.0,85.0,87.2,86.0,85.0,87.5
89.67,85.0,89.33,87.0,86.67,89.33,90.33,83.33,86.67,81.67,87.0,85.67,86.2,89.5,86.5,86.5
88.0,88.33,85.33,88.0,90.67,89.67,88.0,83.33,87.0,89.67,91.33,84.33,89.8,89.5,80.5,92.0
85.0,84.67,82.33,88.0,88.67,87.67,89.0,91.67,90.33,87.33,84.0,92.0,87.8,80.5,87.5,83.5
89.0,87.0,88.0,84.67,85.33,86.67,88.0,92.0,86.0,85.0,87.33,87.33,88.8,94.0,84.5,90.5
83.0,87.0,86.67,88.0,84.0,83.33,88.33,86.33,85.67,88.0,89.0,85.67,88.0,92.0,85.0,87.5
86.33,88.33,85.0,90.33,86.0,87.33,90.0,84.33,93.67,87.0,85.0,91.0,86.6,83.0,85.5,90.0
86.0,89.0,87.33,89.0,86.33,88.33,88.67,87.67,91.0,88.67,89.67,87.33,88.2,86.5,92.5,89.0
89.0,88.67,87.67,90.0,82.67,89.33,88.0,86.67,86.0,84.33,90.67,86.67,86.2,91.0,90.5,88.0
92.67,89.67,89.33,88.67,85.33,87.67,85.67,89.67,87.33,88.0,90.33,88.33,91.6,83.5,82.5,85.0
87.33,84.33,82.33,90.33,88.67,94.0,87.33,87.33,89.0,86.0,87.0,89.67,85.2,87.0,89.5,86.0
90.0,86.33,85.67,86.0,86.67,84.67,90.0,90.0,85.67,86.0,86.0,85.33,87.8,87.0,89.0,82.5
85.67,89.33,84.33,87.67,85.67,88.33,90.0,88.67,83.33,83.67,89.33,83.33,88.0,89.0,89.5,88.0
84.0,82.0,89.67,84.33,88.33,93.67,89.0,89.33,89.0,84.67,87.67,88.0,87.6,86.0,91.5,84.0
90.0,88.33,87.33,86.0,84.67,88.33,85.67,91.67,85.33,90.0,90.33,87.67,86.8,89.0,81.5,90.0
84.0,84.0,87.0,85.67,84.33,87.0,90.33,91.67,86.0,89.67,88.67,86.67,85.0,84.5,85.5,86.5
87.33,85.33,85.0,87.67,89.33,90.33,85.67,89.0,88.67,86.67,87.67,89.67,88.8,88.5,89.0,85.5
87.67,89.0,86.0,88.0,86.0,85.0,89.0,89.67,87.67,90.33,91.67,87.0,85.8,88.0,94.0,84.5
91.0,88.33,87.0,88.0,87.67,86.0,89.67,84.67,84.33,90.0,87.67,83.0,90.4,83.5,86.5,81.5
87.0,85.33,84.33,84.67,87.33,94.0,88.0,87.33,93.33,83.33,85.67,84.33,84.8,83.0,86.5,90.0
83.67,91.0,86.67,83.0,88.0,84.33,88.33,87.33,85.0,84.0,85.67,87.0,90.2,90.5,87.5,87.5
90.0,82.0,87.0,86.67,88.0,87.33,85.67,88.67,88.33,88.0,85.33,91.67,88.6,85.0,88.5,83.5
90.33,88.33,84.67,84.0,82.0,88.0,85.0,84.67,89.67,87.0,87.33,85.0,90.0,91.0,89.5,86.0
90.0,85.67,89.0,87.33,90.33,89.0,85.67,85.0,88.67,85.33,91.0,83.33,86.0,86.0,87.5,94.5
86.33,89.67,88.33,84.67,91.0,90.67,87.0,85.0,84.67,91.67,91.0,87.67,85.2,87.5,95.0,86.5
88.67,86.33,84.67,88.33,88.0,84.33,90.0,89.33,90.67,84.33,86.0,84.0,86.6,86.5,87.5,89.0
88.0,87.33,87.0,91.33,86.67,85.33,89.33,85.33,86.67,85.0,93.67,88.33,87.8,89.5,84.0,85.0
92.33,86.0,90.33,90.0,89.67,87.33,88.67,86.67,93.0,87.0,86.0,87.67,88.4,85.5,89.0,83.5
89.67,84.33,84.0,89.33,87.0,87.67,90.67,83.33,88.33,90.33,87.33,80.33,87.0,90.0,84.5,86.5
88.33,91.0,91.0,87.67,85.33,87.33,91.33,81.67,89.0,84.67,90.33,82.67,88.2,82.5,87.0,92.5
86.0,89.0,88.33,87.0,91.67,87.33,86.67,89.0,84.33,89.67,85.33,88.0,85.2,87.5,87.5,93.0
84.0,83.0,82.33,89.33,85.0,90.0,85.0,87.33,87.0,85.67,90.33,87.0,86.6,90.5,89.5,87.0
84.67,84.0,84.67,85.67,89.0,84.0,83.67,84.33,84.67,82.0,84.0,86.33,87.0,93.0,93.0,88.5
82.67,85.67,85.67,87.67,88.0,87.67,87.0,91.67,82.0,86.67,80.33,88.67,88.4,88.5,89.5,83.5
86.33,90.67,84.33,92.67,86.0,83.0,87.67,85.33,82.0,85.67,89.33,83.33,86.6,82.0,88.5,82.0
87.0,88.0,86.33,87.67,86.33,88.33,89.33,87.0,88.33,89.0,85.67,84.33,86.0,86.5,87.0,94.0
86.67,88.33,89.33,92.33,88.0,88.0,88.33,91.0,85.67,91.0,86.67,88.33,86.4,82.5,86.0,83.5
88.33,87.33,89.67,86.67,87.67,86.33,89.33,83.67,90.0,89.67,86.0,90.33,87.2,82.5,84.5,87.0
88.67,87.0,92.0,87.0,90.33,87.67,85.67,88.33,88.0,89.0,92.0,89.67,87.8,85.0,84.0,85.5
88.0,89.0,89.33,92.67,85.33,86.0,88.0,86.67,90.33,89.67,91.67,87.0,85.6,88.0,89.0,84.5
86.67,88.67,88.67,91.0,87.0,91.67,84.33,89.33,85.0,82.67,85.33,86.67,83.6,86.0,84.0,88.5
84.33,91.0,85.33,85.67,89.67,85.33,84.33,88.67,88.67,86.0,88.0,93.33,92.6,92.5,85.0,83.5
89.33,90.33,86.33,82.67,84.67,88.33,87.33,89.67,89.67,88.0,90.0,90.33,87.6,87.5,86.5,89.0
87.33,87.0,90.33,83.67,87.33,91.0,88.67,90.0,88.67,87.33,86.67,86.0,89.6,91.5,88.0,88.0
86.0,92.67,83.33,83.67,89.67,84.67,85.0,85.0,85.33,88.0,88.33,86.67,85.6,87.0,87.0,83.5
84.67,91.67,83.33,85.67,90.0,86.0,88.33,86.67,88.33,93.67,84.67,91.67,85.4,93.5,91.0,93.0
89.0,86.67,88.67,91.33,85.0,86.67,86.33,89.33,84.0,91.0,86.33,83.33,84.4,90.0,85.5,86.0
87.33,89.33,89.33,87.0,90.0,89.67,82.33,83.33,83.67,88.33,80.0,86.33,89.0,84.5,91.5,85.5
86.33,86.67,89.67,91.33,88.67,85.67,87.67,88.67,88.33,88.33,88.33,84.0,90.2,83.5,83.0,90.0
89.0,82.0,92.33,86.67,89.0,84.67,86.33,90.0,89.33,92.0,89.0,84.0,90.6,91.0,90.0,85.0
89.67,86.67,88.33,86.33,85.33,84.67,83.67,89.0,86.0,85.67,89.67,85.67,85.6,82.5,86.5,88.0
80.33,88.0,88.33,87.67,87.33,87.67,86.0,90.33,84.33,88.67,91.67,82.33,87.4,88.5,94.5,81.0
87.33,87.0,83.33,85.0,87.33,82.0,86.0,93.33,89.33,83.33,88.67,90.67,91.4,89.0,94.0,86.5
89.0,87.67,93.33,86.67,90.0,87.33,89.33,87.33,85.67,85.33,92.67,90.33,87.6,84.0,83.0,86.0
88.67,83.67,88.0,83.33,85.0,85.67,89.67,83.33,88.67,86.67,89.67,89.33,86.6,81.0,94.0,84.5
85.33,85.0,87.67,87.33,88.33,87.0,91.67,86.0,87.33,89.33,89.33,87.33,89.6,83.5,91.5,86.5
93.0,87.33,85.67,92.0,88.33,84.0,87.0,90.33,82.0,89.0,85.67,85.67,86.2,86.5,84.5,88.0
87.67,87.67,84.33,90.67,92.67,89.67,88.33,84.67,87.33,87.67,85.0,87.33,85.2,83.0,87.5,80.5
90.33,90.33,84.0,86.67,86.0,90.33,89.33,90.67,86.33,87.67,86.67,85.0,87.4,88.0,91.0,90.0
90.67,87.33,85.33,85.33,86.33,88.33,89.33,90.67,89.0,90.0,90.33,87.33,87.4,87.0,91.5,87.0
91.0,86.67,81.67,91.33,92.33,90.67,89.67,83.33,84.67,84.33,85.0,84.33,86.6,81.5,82.5,81.5
87.0,81.67,89.67,88.67,88.0,93.67,89.33,88.67,86.0,89.33,84.0,82.67,89.6,94.5,93.0,81.0
90.0,85.33,84.0,91.0,89.67,87.33,87.0,88.0,91.67,85.67,86.33,90.67,84.0,83.0,86.0,87.0
83.33,87.0,85.67,88.0,92.0,91.0,91.33,86.67,84.67,91.67,93.33,86.0,89.4,87.5,83.0,85.0
88.0,91.0,88.67,90.67,81.33,90.67,88.0,80.33,86.67,87.67,86.0,85.33,86.2,89.5,94.0,84.5
84.67,89.0,83.33,91.0,84.33,82.67,89.0,86.33,89.33,87.33,89.0,86.0,84.2,85.5,84.0,89.0
87.0,89.67,87.0,88.0,88.33,86.67,86.67,90.67,90.33,88.67,90.33,90.67,89.2,87.5,88.5,88.0
82.67,86.0,87.67,83.67,89.67,89.0,86.0,86.33,87.0,90.67,90.0,88.0,89.6,89.5,86.0,83.5
86.67,87.0,91.0,89.67,90.33,92.33,91.33,88.67,87.0,88.0,89.67,86.0,87.2,90.0,86.0,82.0
81.67,93.33,85.0,89.67,87.33,89.67,89.33,89.0,84.67,86.0,90.0,83.67,89.0,87.5,89.0,84.5
89.67,88.33,87.67,85.67,91.33,88.0,85.0,89.67,84.0,85.33,88.67,89.0,86.6,90.5,89.0,92.0
88.33,84.33,87.67,86.67,87.0,87.67,90.33,86.67,85.67,87.67,87.33,88.67,89.4,87.5,89.5,91.0
89.67,86.0,83.33,85.0,85.67,89.67,87.33,88.33,86.33,89.0,89.33,88.0,84.8,85.0,85.5,86.0
87.33,83.67,89.0,85.67,89.33,88.0,87.67,88.0,88.33,91.33,84.33,89.67,90.8,85.5,91.0,94.0
92.33,87.0,82.0,92.0,86.67,90.0,84.33,87.67,88.67,88.67,83.0,87.0,89.6,87.5,84.5,89.0
91.33,92.67,86.0,93.0,83.0,85.0,90.0,92.67,86.33,85.0,88.0,84.67,86.0,88.0,93.0,81.0
86.0,85.33,84.67,87.67,86.67,89.0,88.0,91.67,92.0,90.67,88.33,87.33,87.2,82.0,86.5,90.5
83.67,85.33,81.67,94.0,85.67,83.0,86.0,87.33,90.0,90.0,88.33,84.67,84.4,81.0,86.5,87.0
89.0,82.33,85.0,86.0,90.0,89.67,92.33,86.67,89.67,86.33,90.0,88.67,88.6,91.0,86.0,80.5
84.67,85.67,82.33,87.33,83.67,87.0,86.0,87.67,86.33,88.33,84.0,89.67,84.0,86.0,92.5,92.5
83.33,85.67,86.67,85.67,87.33,86.67,90.0,90.33,89.33,88.67,92.67,86.0,89.2,92.5,86.5,85.5
91.0,90.33,84.67,83.67,92.67,88.67,86.33,93.0,91.33,85.0,89.33,86.0,87.6,88.0,90.0,91.5
84.67,86.67,88.0,82.67,86.67,84.33,85.33,89.33,86.67,88.33,88.67,90.67,88.4,87.5,88.5,91.5
90.33,91.33,88.67,84.67,88.67,83.0,86.0,86.67,84.33,85.67,88.67,87.67,84.8,89.0,88.0,85.5
88.33,89.33,84.33,89.33,84.67,86.67,86.0,85.67,91.67,88.33,87.33,83.33,84.8,85.5,90.0,91.0
86.67,90.0,89.67,86.33,93.0,82.67,87.0,87.67,88.33,89.67,86.0,89.0,88.0,84.0,82.0,86.0
89.33,87.0,88.67,89.33,90.67,88.0,83.0,88.0,87.67,86.0,89.0,88.0,90.0,89.0,87.5,94.0
87.0,92.33,85.67,91.33,88.33,91.33,87.0,86.33,88.33,84.33,90.0,91.33,85.4,86.5,90.0,85.0
88.67,92.33,85.67,89.0,85.33,91.33,88.67,89.0,87.67,93.67,87.0,90.0,87.0,94.0,83.5,91.0
84.0,89.67,93.33,87.33,88.67,81.33,89.67,91.33,91.0,89.0,87.67,86.33,87.6,84.0,83.0,88.5
91.67,91.0,87.67,83.33,88.0,90.0,87.67,83.67,86.0,89.0,86.33,85.67,90.6,89.0,91.0,85.0
90.67,87.33,85.33,82.0,88.67,81.33,91.33,85.33,87.0,86.0,90.0,87.0,86.2,84.5,84.5,89.5
88.67,85.0,86.33,89.33,92.67,87.67,86.67,86.33,84.33,87.33,86.33,86.67,87.4,91.5,88.0,85.5
88.0,87.67,87.0,84.33,83.67,85.33,92.67,83.33,84.0,89.33,88.33,92.0,83.8,89.5,85.0,86.0
86.67,85.33,89.67,83.0,90.33,86.0,87.67,85.33,87.67,86.0,90.67,85.0,90.6,86.0,88.0,87.5
91.33,81.0,89.33,91.0,86.67,86.33,87.0,86.0,85.0,88.67,86.33,86.0,87.2,82.5,81.0,88.5
89.0,84.0,83.0,86.33,89.0,86.67,85.33,92.33,90.33,93.33,89.67,92.33,86.8,86.0,81.0,86.5
89.67,91.33,87.0,90.33,88.67,84.33,82.33,88.67,84.33,84.67,88.67,87.33,89.2,95.0,87.0,87.5
84.33,86.67,83.67,84.67,89.33,87.33,84.33,89.0,88.67,86.0,82.67,89.33,85.6,81.0,86.0,82.5
88.67,89.67,86.33,82.33,85.33,86.67,81.0,87.33,89.33,86.0,85.67,91.67,88.4,87.5,89.5,91.0
86.33,89.0,88.33,92.0,87.33,86.0,92.0,85.67,85.0,90.33,90.67,91.33,89.4,89.5,88.5,85.5
88.33,84.0,87.33,86.33,84.33,88.33,86.67,91.0,86.0,84.67,87.67,87.33,87.8,81.5,86.5,87.5
85.33,86.0,89.0,88.0,85.33,87.0,81.33,89.67,85.33,84.67,83.0,89.0,86.2,87.5,80.5,95.0
87.33,91.0,91.33,92.0,87.0,87.67,85.67,86.33,91.67,83.0,88.67,86.67,84.0,86.0,81.5,82.5
88.67,88.33,88.0,89.67,91.0,92.67,85.0,92.0,93.0,90.33,90.0,82.0,86.8,82.0,89.5,87.0
83.0,86.0,85.33,82.0,85.0,83.67,88.67,87.67,82.67,91.0,92.33,91.67,87.6,90.5,87.5,85.0
86.33,86.33,84.33,92.67,87.0,84.33,85.67,83.67,88.0,84.0,92.0,89.67,84.8,89.0,89.5,83.0
88.67,83.33,86.0,92.67,86.0,86.0,89.33,90.33,89.0,82.33,90.0,83.0,88.0,94.0,86.5,87.0
91.0,89.67,89.33,86.67,89.67,86.0,84.0,89.0,82.33,86.0,84.0,85.67,89.4,82.5,82.0,85.5
87.67,91.33,89.0,84.33,89.0,83.0,88.33,86.0,83.0,84.0,82.0,85.33,88.4,90.0,89.5,90.5
82.67,88.33,91.67,86.33,85.0,85.33,83.0,88.0,86.67,87.33,85.67,86.67,85.4,83.0,81.5,86.0
89.33,88.67,88.67,89.33,89.33,88.0,89.0,86.67,87.0,85.33,84.0,84.67,88.2,92.0,90.0,90.5
83.67,88.33,90.67,89.67,88.0,82.0,83.67,90.0,92.67,86.33,88.33,86.33,90.4,90.0,91.0,92.5
88.0,88.67,88.67,86.67,86.33,86.33,91.0,89.0,88.0,86.67,84.33,88.0,88.2,87.5,89.0,80.5
85.67,86.67,86.67,87.0,87.0,87.0,91.67,92.33,86.67,94.0,91.33,87.67,84.4,94.0,83.5,86.5
89.33,89.0,87.0,86.0,92.67,83.33,88.67,91.0,87.67,85.67,84.0,86.33,91.4,85.0,83.0,85.0
91.67,88.67,87.0,85.67,84.33,89.67,88.67,87.0,87.67,90.33,87.0,90.0,88.8,88.5,90.0,80.0
88.33,86.67,89.33,92.67,86.67,90.33,85.67,89.33,89.67,90.33,84.0,85.67,85.2,83.5,87.5,90.5
84.67,85.0,88.67,87.67,91.0,87.0,92.67,83.33,87.33,93.33,84.0,91.67,89.6,90.5,91.0,87.0
85.67,86.67,87.0,89.0,93.0,87.67,93.0,87.0,85.0,89.67,84.67,89.0,87.8,89.0,87.0,90.0
89.0,87.33,83.67,82.0,83.0,86.33,87.0,83.0,89.0,86.67,84.33,84.67,88.2,87.5,92.0,88.0
90.33,89.67,87.33,87.67,84.67,84.67,89.67,85.67,85.0,90.0,86.67,89.33,85.2,83.5,84.5,85.0
91.33,84.33,86.0,91.0,84.67,86.33,89.33,86.33,85.0,83.33,85.33,83.33,89.2,88.5,87.0,84.5
90.67,85.33,86.67,86.33,91.33,89.67,88.0,89.67,88.0,86.0,89.0,84.33,88.4,83.0,90.5,89.5
89.33,89.67,86.67,85.33,84.0,86.67,90.67,87.0,87.33,83.67,90.67,88.33,91.0,90.0,85.5,86.0
89.33,83.0,82.67,83.67,86.67,89.0,89.0,89.0,89.67,83.33,85.33,93.0,89.2,89.0,87.0,83.5
90.33,88.67,86.0,87.67,84.67,84.33,84.67,89.33,88.33,92.33,85.0,86.0,86.6,92.5,87.5,90.0
88.67,89.0,87.67,88.0,90.0,87.67,86.0,88.0,91.0,84.67,88.67,89.33,86.0,84.5,86.5,81.0
92.33,84.67,87.33,89.67,88.33,89.67,87.33,90.33,85.67,90.67,87.67,85.67,89.4,88.0,87.0,89.0
89.0,87.67,87.0,90.33,87.0,83.67,90.67,90.67,84.0,85.67,87.67,89.67,91.6,90.0,85.0,80.0
85.0,85.33,84.33,86.33,85.33,85.67,86.33,87.0,84.67,86.0,90.0,85.33,89.4,88.5,86.0,84.5
85.67,80.33,87.67,88.67,88.33,85.33,90.33,90.33,90.0,86.0,92.33,86.67,84.8,88.5,90.5,88.5
86.0,85.0,88.0,82.33,89.33,92.33,88.0,87.67,83.33,87.67,91.0,86.33,89.2,86.5,83.0,92.0
82.33,87.67,83.0,85.67,92.67,86.33,89.33,89.67,89.67,85.33,87.67,88.0,89.2,88.5,87.5,90.5
87.0,89.33,85.67,87.0,85.33,84.0,83.67,84.67,83.67,90.67,86.67,90.33,91.2,87.0,89.5,87.5
82.33,87.67,87.33,86.67,85.0,88.0,88.0,87.67,87.67,88.67,82.33,87.0,92.2,87.0,87.0,83.0
91.0,89.0,90.33,88.67,88.67,86.67,90.0,88.0,84.33,82.67,87.67,88.0,89.6,92.0,92.5,83.0
94.0,84.0,86.67,85.67,88.0,85.33,90.67,85.67,87.67,89.0,89.0,90.0,88.2,87.0,88.5,89.0
86.33,82.67,88.0,84.33,89.33,86.67,87.0,88.33,87.67,88.0,90.33,84.0,89.2,91.5,88.5,91.0
85.0,89.33,89.67,87.0,88.33,91.33,83.67,86.33,84.67,90.33,84.0,82.67,85.4,91.5,85.0,91.0
80.0,90.33,89.33,87.67,92.33,88.67,85.0,87.0,88.0,85.33,85.0,89.67,86.6,91.5,91.5,91.5
86.0,88.67,87.33,88.67,88.0,89.0,90.0,89.0,89.67,86.0,84.0,88.0,86.6,87.5,89.0,87.5
86.0,86.33,87.0,84.33,87.33,92.33,89.0,91.33,86.67,83.67,85.33,87.0,86.8,86.5,85.0,93.5
87.33,91.0,89.67,85.67,84.67,89.67,87.67,87.33,86.0,92.0,92.33,84.33,87.4,88.5,88.5,87.5
87.33,87.33,84.67,90.0,88.0,85.67,89.33,91.33,88.0,89.0,90.33,93.33,88.6,84.0,88.5,88.0
82.67,85.67,87.33,89.67,92.33,85.33,82.33,87.67,89.33,86.33,88.67,91.0,87.4,84.5,88.5,82.5
85.67,88.0,88.67,81.33,91.33,85.33,88.33,91.0,85.67,85.0,88.0,91.0,86.2,90.5,85.0,88.0
90.0,88.33,83.0,88.0,87.67,90.67,86.33,88.33,87.33,88.33,89.0,84.0,85.4,91.5,87.5,91.0
92.67,88.67,86.0,90.67,83.0,88.67,88.33,88.33,90.0,87.67,85.33,84.67,89.0,88.5,81.0,92.0
86.33,90.67,86.67,87.67,86.33,87.67,89.33,89.0,83.33,84.33,88.33,89.0,85.4,89.5,84.0,89.5
88.0,90.33,91.0,82.33,89.33,86.33,86.67,87.33,87.33,85.33,84.67,87.67,87.0,87.5,82.0,85.0
86.0,87.0,90.0,89.33,88.67,88.0,85.0,87.33,82.67,87.0,90.33,83.0,87.6,83.0,90.0,83.5
84.0,84.67,83.0,87.67,88.0,93.67,87.67,91.67,85.0,88.0,91.67,89.67,88.4,83.0,92.0,83.0
81.67,87.0,91.33,88.0,91.33,89.0,87.0,88.67,86.0,90.0,84.0,90.67,87.6,85.5,92.0,88.0
86.0,94.0,89.67,91.0,85.33,91.67,86.33,90.33,87.33,86.33,82.67,86.33,85.4,87.5,87.5,90.0
85.67,90.0,88.33,88.0,86.67,88.33,90.33,89.67,85.0,88.0,85.67,88.0,88.4,91.0,93.0,87.0
88.33,89.0,90.0,88.33,89.33,90.0,86.67,86.0,92.0,92.67,84.33,89.67,89.6,88.0,81.5,87.5
92.67,89.33,84.67,84.0,88.67,90.67,83.33,85.33,84.67,86.0,85.0,87.0,88.8,93.5,83.5,81.0
87.0,87.67,86.33,92.0,89.0,87.0,86.67,88.0,84.67,92.33,89.67,90.67,83.2,86.0,93.5,81.0
89.67,87.33,89.33,86.0,84.33,84.0,82.33,86.67,86.0,85.67,88.0,87.33,85.6,85.5,90.5,84.0
83.67,88.0,87.67,87.0,83.67,88.0,89.0,84.0,84.67,85.33,83.0,86.33,85.0,86.5,86.5,84.5
84.67,91.33,85.33,89.67,84.33,84.0,90.33,86.0,86.67,88.33,86.33,90.0,85.6,87.5,82.0,85.5
85.67,89.33,86.0,90.0,87.0,87.67,86.33,88.33,90.0,86.67,87.33,91.33,83.8,91.5,82.0,91.5
85.33,88.67,86.0,89.33,81.33,87.0,90.33,83.33,92.67,87.67,90.0,84.33,85.2,86.5,86.0,85.5
90.0,88.67,86.0,86.67,89.67,85.33,90.0,84.33,88.0,91.67,93.67,90.33,86.8,89.5,89.5,91.0
84.67,86.0,89.0,88.0,87.33,92.0,87.0,87.67,88.0,88.0,89.67,84.33,88.2,90.0,85.5,89.0
83.67,86.67,85.0,89.67,88.33,87.67,88.33,83.67,85.0,91.33,84.33,91.67,85.4,93.0,85.5,85.5
88.0,88.33,86.33,93.0,93.33,84.0,86.67,91.0,93.33,86.0,85.67,90.33,86.6,87.5,94.0,87.0
85.33,91.0,89.67,84.67,87.33,88.0,87.0,84.0,85.67,85.67,87.33,88.33,86.4,85.0,85.0,84.0
94.33,92.67,89.67,92.33,93.33,88.33,89.67,86.0,84.67,90.67,85.33,87.33,87.0,84.0,88.5,88.5
87.33,90.33,84.67,84.67,83.67,88.67,88.33,86.67,84.67,89.0,90.67,84.33,86.6,84.5,82.5,88.0
89.0,84.33,84.0,86.67,86.33,87.33,84.0,91.67,88.33,92.67,90.0,84.33,88.8,86.5,90.0,84.0
87.0,94.0,89.67,91.0,87.33,88.67,91.33,83.33,85.0,88.67,86.0,82.67,88.6,82.0,85.5,81.5
91.67,88.67,90.0,87.33,86.67,83.0,86.67,90.0,85.33,88.0,85.67,85.0,86.4,83.0,83.5,80.5
84.0,86.33,89.0,90.67,88.67,85.67,85.67,85.67,91.67,83.67,84.0,84.0,92.0,84.0,92.0,86.0
87.0,89.67,89.0,85.67,84.0,89.67,83.67,83.33,87.0,88.0,86.67,91.0,85.2,89.5,83.5,93.5
84.67,90.0,86.0,85.67,86.0,84.33,85.67,91.67,86.67,93.33,90.0,88.0,89.0,90.5,89.5,92.0
86.33,88.67,91.33,89.67,86.0,89.33,81.0,82.67,82.67,87.67,87.33,82.0,90.8,90.5,88.5,87.5
88.0,88.67,87.0,88.67,87.0,87.67,93.0,87.33,89.33,82.67,86.0,87.67,83.0,90.5,83.0,89.0
89.67,84.33,87.67,87.67,91.67,91.0,90.33,83.0,88.0,87.33,92.0,87.67,87.8,89.5,86.5,87.0
85.0,87.67,84.67,90.0,87.0,83.33,94.0,88.33,82.0,89.67,88.0,89.0,88.4,86.0,84.5,88.5
92.0,84.33,82.67,86.0,83.67,87.33,86.67,89.67,88.33,89.33,86.67,87.67,87.6,85.0,90.5,90.0
83.67,84.0,85.0,84.33,86.33,89.33,88.33,85.67,84.67,85.0,87.0,90.0,86.6,82.0,88.0,86.5
88.33,92.0,88.67,86.33,87.0,85.0,89.67,87.0,86.33,83.33,90.33,83.67,85.0,87.5,86.5,82.5
88.33,90.33,88.67,89.0,85.67,88.0,81.33,90.67,87.67,87.33,92.33,87.67,85.8,89.5,90.0,90.5
81.67,90.33,83.0,88.67,85.67,90.67,85.67,85.33,87.33,86.33,86.0,84.33,83.8,90.5,88.5,89.0
88.33,86.33,90.33,85.33,84.0,83.33,87.33,89.67,87.33,83.33,85.33,86.33,86.0,94.0,91.5,81.5
86.33,90.67,86.0,86.0,85.0,86.67,89.67,88.67,84.67,88.33,89.33,83.67,92.0,92.5,88.5,83.5
87.0,91.0,85.0,85.67,87.33,88.33,91.33,94.0,85.33,93.0,89.33,86.67,88.4,87.0,89.0,89.5
85.67,84.33,89.67,90.0,91.33,87.33,87.67,87.0,87.33,90.0,89.67,87.0,88.2,82.5,89.0,92.0
88.33,87.67,93.33,86.0,84.67,87.33,89.0,89.33,86.67,86.33,84.0,84.33,88.6,85.0,89.5,85.5
92.33,85.33,89.0,87.33,88.33,93.67,88.0,85.67,84.33,93.0,87.0,81.33,85.8,82.0,87.0,91.5
86.67,89.0,85.33,86.67,88.33,90.0,88.67,88.67,86.33,84.33,87.33,87.67,85.0,94.5,90.0,94.5
89.33,90.67,83.67,88.33,86.0,88.67,90.0,90.67,84.67,87.33,84.67,86.33,90.0,85.0,80.5,89.5
87.33,84.0,86.0,82.67,84.67,89.0,86.67,87.67,82.67,86.33,91.0,88.67,84.8,86.5,94.0,88.5
84.0,89.0,86.33,88.33,94.0,86.67,87.67,85.0,85.33,91.0,88.67,87.33,89.2,87.5,82.5,90.5
86.0,88.0,83.0,87.33,88.0,89.0,85.67,89.33,84.0,84.33,87.33,86.67,84.0,87.0,91.0,82.0
88.0,87.67,90.0,88.33,85.0,88.0,89.67,88.33,85.0,84.67,89.33,87.0,89.6,90.5,91.0,91.5
89.33,86.0,86.33,85.67,89.33,84.33,88.0,90.0,83.0,86.33,88.67,83.0,84.4,94.0,85.5,84.5
86.0,83.67,90.67,87.0,85.33,87.0,92.33,86.33,89.33,90.67,90.0,92.67,92.0,88.5,90.5,86.0
86.0,83.33,86.33,85.33,82.67,83.67,85.33,87.67,87.0,89.0,85.67,90.33,88.0,84.0,88.5,89.5
85.33,83.0,84.0,87.67,88.33,85.0,86.33,88.33,88.0,85.67,86.33,83.33,86.6,90.5,83.0,82.0
88.67,87.67,86.33,87.33,94.0,87.67,85.33,92.0,91.0,90.0,87.33,85.67,87.2,94.5,92.0,89.0
86.33,87.33,92.33,87.67,84.0,88.33,88.33,83.33,90.0,82.67,86.0,91.67,86.6,83.5,88.5,88.5
86.67,84.33,86.0,83.67,88.67,87.67,85.0,84.67,85.67,85.0,84.67,88.0,84.2,89.5,86.5,89.0
90.0,83.33,85.0,87.33,86.67,88.33,87.33,85.0,88.67,82.67,91.67,84.0,90.4,94.5,87.0,87.0
88.0,81.67,86.0,91.33,87.33,85.67,87.67,82.0,90.0,91.33,84.0,81.0,86.4,89.0,81.0,86.5
83.0,82.67,91.67,91.33,87.0,85.33,82.67,89.67,82.67,87.33,86.67,88.33,90.2,84.0,87.5,93.0
88.67,91.67,84.33,85.0,89.67,91.67,86.0,92.0,93.33,84.67,88.67,89.33,89.8,84.5,85.0,91.0
86.0,84.67,81.0,89.33,91.0,89.67,89.33,83.0,91.0,89.67,90.0,90.67,87.8,92.5,85.0,84.5
84.67,84.67,85.0,87.33,87.0,86.33,86.67,85.33,91.0,91.0,87.0,84.33,88.2,88.0,84.0,86.0
84.67,90.0,91.67,84.33,83.67,88.33,84.0,85.0,88.33,90.67,88.33,87.0,87.6,84.5,88.0,90.5
87.33,91.0,86.67,86.33,86.67,93.0,86.33,89.0,90.67,84.0,84.33,81.0,88.8,91.0,81.5,90.0
83.33,88.33,88.0,87.0,89.33,85.0,88.33,87.67,87.67,81.67,86.0,90.0,85.6,93.5,84.5,85.5
87.33,84.33,86.67,82.67,87.0,88.67,88.0,86.33,83.33,90.67,86.0,90.67,85.2,90.0,84.5,89.5
87.67,86.67,87.0,81.33,87.0,88.67,88.33,90.33,88.33,86.33,89.33,91.0,88.6,88.0,92.0,86.5
86.33,85.67,86.33,88.33,91.0,90.33,85.33,87.67,85.33,87.67,92.67,82.0,86.8,81.5,87.5,89.0
90.67,89.0,87.33,90.67,85.33,90.33,87.33,86.33,89.0,87.0,86.67,90.33,90.6,86.0,83.5,89.5
82.67,84.33,89.67,87.0,89.0,89.33,85.67,88.33,93.0,90.67,90.0,82.67,89.6,93.5,89.0,82.5
86.33,87.0,86.67,90.67,85.33,84.67,87.0,87.67,87.33,83.0,86.0,88.33,85.2,88.0,87.0,81.0
87.0,85.0,89.33,85.67,82.67,90.33,89.67,87.67,88.67,87.67,85.0,81.33,88.6,92.5,86.5,85.0
82.33,84.33,90.0,86.0,88.33,91.0,90.67,88.33,89.0,91.33,88.33,87.67,91.4,90.0,87.0,86.0
88.33,85.0,87.67,83.67,83.0,89.0,89.67,83.0,83.33,84.67,86.33,88.33,88.4,81.5,82.0,86.5
85.0,87.0,87.67,83.67,86.33,87.67,89.33,89.67,82.67,92.0,85.0,84.33,89.0,89.5,84.5,87.0
90.0,89.33,84.67,88.33,85.0,86.33,87.0,86.67,84.33,86.67,89.0,88.67,88.6,86.5,85.0,83.5
84.67,92.0,89.0,86.0,87.67,87.33,93.33,89.33,87.0,86.33,89.0,88.33,86.2,90.5,83.0,81.5
87.0,84.0,87.33,88.33,87.67,84.0,85.0,89.0,88.0,87.0,86.33,92.0,86.8,82.0,85.0,90.5
87.33,86.0,89.67,86.0,81.67,86.33,85.67,88.67,91.0,87.67,86.0,86.67,88.8,89.5,84.0,86.5
87.0,87.33,85.0,91.33,88.0,92.0,82.33,85.67,82.67,90.33,93.33,93.0,87.6,88.0,93.0,92.5
88.33,93.0,86.0,89.0,87.67,83.67,83.0,88.0,86.67,86.0,87.67,92.33,87.6,92.5,82.5,95.0
86.33,87.0,90.0,84.67,90.33,82.67,86.33,83.33,87.33,89.67,90.0,87.0,84.0,91.5,82.5,94.5
89.67,89.67,91.0,89.67,88.33,93.0,88.33,93.0,84.67,90.0,90.33,82.33,88.8,88.5,93.5,89.0
91.0,81.33,87.33,92.33,89.67,88.33,87.0,91.0,82.0,89.67,89.0,90.33,85.8,92.0,87.0,89.5
86.0,88.0,90.67,86.0,84.0,87.0,85.67,86.0,84.67,87.67,87.0,91.0,87.4,84.5,84.5,92.0
86.67,84.67,91.67,87.67,86.67,86.33,84.33,85.0,83.67,86.33,87.67,84.0,86.4,89.0,85.5,87.5
90.33,89.33,87.33,85.0,85.67,85.67,90.33,88.0,91.0,83.33,83.67,85.33,83.4,85.0,87.5,92.0
86.0,86.0,85.0,85.67,87.67,87.0,87.33,85.0,85.0,91.33,93.33,88.33,88.6,87.0,82.0,92.0
90.33,94.0,86.67,89.67,85.67,86.0,87.0,85.0,88.0,85.67,82.67,89.67,87.4,88.5,93.0,90.5
85.0,82.67,83.33,86.67,84.33,88.33,81.67,84.0,86.33,86.33,88.67,86.67,87.2,84.0,88.5,88.5
84.33,91.33,89.0,88.67,81.0,89.67,87.0,82.33,93.67,86.0,84.0,89.0,87.2,84.5,85.5,85.0
90.67,87.67,86.67,88.33,86.67,84.0,86.33,90.33,86.0,88.33,84.33,88.33,89.2,88.5,91.0,87.5
91.33,89.0,87.33,85.0,89.67,90.33,83.67,88.33,88.33,84.67,85.0,91.0,87.6,90.0,87.5,93.5
88.0,82.0,86.0,87.67,91.33,87.67,87.0,86.67,85.67,87.33,87.0,84.0,88.6,83.0,86.5,86.5
85.67,86.67,87.67,86.0,87.67,89.67,84.67,89.33,90.33,86.33,88.33,86.67,86.4,83.0,91.0,81.5
88.33,85.67,86.0,85.67,90.0,89.0,86.67,83.33,86.67,90.0,87.67,89.0,86.2,81.0,86.5,88.5
84.67,89.0,90.33,86.0,88.33,92.0,89.33,91.0,86.0,88.67,89.33,86.67,90.8,92.5,85.5,92.0
84.33,84.33,91.33,82.0,87.33,86.0,90.67,91.0,87.0,91.67,83.33,84.0,85.0,89.0,91.5,90.0
86.33,85.67,90.0,89.67,87.0,93.67,88.67,84.0,85.33,85.67,90.67,83.0,87.0,91.5,83.5,85.5
88.0,84.33,87.0,91.33,89.0,86.33,88.33,84.33,91.33,89.33,92.33,84.67,90.2,90.0,90.0,89.0
90.0,86.33,82.0,92.33,85.0,89.0,85.33,90.0,86.0,89.0,87.0,87.33,89.8,92.0,86.5,90.5
88.0,85.33,89.67,84.33,91.33,84.33,88.0,89.67,89.33,90.0,85.0,90.0,91.6,87.5,89.0,92.0
86.67,87.0,85.33,86.33,89.33,85.67,90.0,88.67,87.0,86.0,85.33,88.67,89.8,86.5,86.5,87.5
90.0,89.33,81.33,87.0,93.67,91.67,88.67,87.0,84.67,88.67,86.67,87.33,85.8,85.0,89.5,89.5
86.67,90.33,83.33,90.0,87.67,86.67,87.67,88.0,93.0,89.0,88.0,86.33,87.0,91.0,89.0,89.5
88.33,87.33,89.0,90.67,85.0,86.67,89.33,81.0,93.0,84.0,91.0,83.33,89.8,87.0,85.5,92.0
83.0,89.33,92.0,84.33,89.33,87.33,86.33,89.67,92.67,90.67,89.33,87.0,85.0,85.5,87.5,85.5
92.0,88.67,84.67,83.67,85.0,90.33,85.0,87.67,89.33,88.67,91.0,86.67,87.6,88.0,89.0,89.0
87.67,85.67,92.67,89.0,84.33,82.67,89.67,84.33,85.67,84.67,92.33,88.67,83.4,89.5,90.0,85.0
80.67,87.33,85.0,87.67,88.67,87.33,85.67,88.0,85.67,88.0,85.0,87.0,87.8,86.0,88.5,92.0
90.0,92.0,90.67,88.33,93.33,82.67,88.67,81.33,88.0,85.67,85.33,86.0,90.6,85.0,88.0,88.5
86.33,89.67,89.0,85.0,87.33,86.33,87.33,88.67,86.67,85.67,83.33,87.0,87.8,82.0,92.5,91.5
85.67,88.0,86.33,87.67,87.0,85.33,88.67,86.0,88.33,92.67,85.67,87.67,89.8,84.0,81.5,83.0
84.33,88.0,87.67,89.0,88.33,83.33,88.33,88.33,83.33,82.0,88.67,90.67,85.2,92.0,87.5,85.5
85.67,82.67,88.0,86.0,85.0,91.33,90.33,89.67,87.0,88.33,90.33,84.33,81.0,84.5,89.0,88.5
86.67,87.33,87.0,81.33,83.33,85.0,89.33,86.33,86.33,86.67,86.33,87.33,90.4,86.5,84.0,82.0
86.67,91.67,86.33,89.67,86.67,89.0,87.0,88.33,85.0,83.33,86.67,85.67,86.8,87.0,84.5,85.0
83.67,89.0,91.67,82.33,83.33,91.0,82.67,86.0,85.0,88.0,83.33,87.0,85.8,88.5,89.0,89.0
91.33,90.67,89.33,89.67,84.67,89.0,88.0,90.33,85.0,91.33,88.33,85.33,89.2,83.5,86.5,93.5
89.0,85.67,89.0,85.67,87.33,86.67,88.67,88.33,91.67,86.33,91.67,90.0,91.4,89.5,87.5,90.0
91.33,84.0,90.67,91.0,85.33,88.0,89.67,84.0,89.33,84.67,82.0,88.33,86.4,84.5,88.5,81.5
86.0,86.33,91.67,89.67,88.67,87.67,88.0,90.0,83.0,83.67,91.33,88.33,88.2,82.5,87.0,82.0
89.67,85.0,89.33,90.67,87.67,85.0,80.0,91.0,88.33,86.0,90.0,90.33,88.0,91.0,90.5,82.5
90.0,82.67,90.0,89.33,84.67,92.33,83.33,87.33,84.0,89.33,85.33,86.67,88.2,86.0,88.5,80.5
85.0,86.0,90.33,91.33,85.0,84.0,82.67,86.67,91.67,86.33,83.0,91.0,92.0,92.0,89.5,90.5
88.33,87.0,86.67,88.0,90.0,92.0,86.67,86.33,90.67,87.0,89.33,87.0,87.8,82.5,85.0,88.5
81.67,88.0,90.67,92.33,84.0,91.0,90.33,90.33,90.33,90.0,83.0,89.33,86.2,86.0,87.5,91.5
84.67,85.0,87.0,87.67,87.33,85.33,89.0,88.67,84.33,87.33,84.67,86.67,88.0,95.0,82.5,87.5
89.0,91.67,88.33,87.33,91.33,91.0,82.33,91.0,83.67,85.33,90.33,87.33,86.4,85.0,84.0,86.5
88.0,91.0,85.0,85.33,90.0,84.0,86.67,88.67,84.33,87.67,84.67,85.33,85.8,83.0,85.5,93.0
90.0,84.33,82.67,85.67,81.33,87.33,85.0,86.67,88.33,87.67,88.0,84.33,87.8,88.5,80.5,84.0
93.0,84.33,88.0,86.33,86.33,87.33,88.0,86.0,90.67,84.0,88.67,88.33,89.2,86.0,88.5,87.5
90.67,85.67,83.67,85.67,89.0,91.0,90.33,92.0,87.67,86.33,87.33,89.0,88.8,87.5,91.0,89.5
84.67,82.67,90.0,88.33,85.67,86.0,87.33,87.0,86.33,86.67,86.67,91.0,85.6,89.0,88.0,83.5
89.0,89.0,86.67,84.67,91.67,91.67,88.33,91.0,88.67,86.33,91.33,90.33,87.6,90.5,81.5,87.5
84.67,86.33,87.67,83.0,87.0,82.67,86.33,84.0,82.33,87.67,89.67,86.67,84.0,90.0,83.0,87.0
87.0,85.33,86.67,84.33,88.0,84.33,92.67,89.67,88.67,86.33,82.67,86.67,83.6,85.0,82.0,91.5
85.67,81.33,85.67,92.0,89.33,88.0,83.33,88.33,82.67,91.67,86.0,88.67,88.2,85.0,94.5,84.0
87.67,86.0,87.0,88.0,89.0,86.67,85.67,90.0,92.67,83.67,88.0,85.33,86.6,89.5,80.0,86.0
84.33,85.0,86.0,92.33,88.33,90.33,83.33,87.33,88.67,87.33,84.0,86.67,85.0,90.0,84.0,90.0
86.33,82.33,88.0,89.33,91.33,82.0,84.67,85.67,89.0,81.67,90.0,91.33,90.0,87.5,92.5,94.5
92.0,88.67,92.33,90.67,86.67,90.0,84.33,90.33,87.0,83.67,90.33,93.0,86.2,88.0,85.5,88.5
90.0,89.0,89.0,91.67,93.0,82.33,89.67,85.67,88.33,86.67,82.33,88.33,88.2,82.0,92.0,87.5
90.67,89.33,86.0,86.0,89.67,89.67,84.33,85.0,90.0,83.0,87.33,85.67,90.8,90.5,85.0,83.0
87.33,91.0,87.67,87.67,86.67,87.33,88.67,83.67,85.33,83.67,84.0,89.33,85.4,87.0,89.5,85.0
93.0,86.33,88.33,83.67,86.67,91.67,86.33,89.0,84.67,89.0,87.33,89.33,87.6,88.0,93.5,92.5
88.67,90.0,90.0,84.0,84.33,87.67,94.33,85.0,87.33,88.0,85.67,82.33,85.8,88.0,81.5,81.5
90.33,83.0,87.0,91.0,87.0,84.33,89.33,86.67,89.0,85.67,89.67,86.0,87.6,88.5,86.5,83.0
86.67,87.0,92.33,86.67,84.0,85.0,87.67,91.33,85.67,88.0,92.33,86.0,87.2,87.5,92.0,87.0
93.67,86.33,90.33,91.0,88.67,86.67,86.67,85.0,92.67,90.67,86.67,92.67,88.0,88.5,92.5,88.0
92.33,87.0,90.33,88.0,89.33,86.33,92.0,89.67,83.33,92.0,91.67,90.67,87.6,88.5,91.0,86.5
86.67,90.0,89.67,88.0,88.33,87.67,82.67,88.67,89.0,90.33,87.33,88.67,85.4,85.0,88.0,90.5
86.67,87.33,82.67,89.67,88.33,90.33,82.33,88.0,86.33,89.0,88.67,90.0,87.8,91.0,90.5,86.0
85.33,86.67,91.33,85.67,92.0,88.67,87.67,90.67,84.33,86.33,89.33,89.33,86.0,93.0,85.0,86.5
81.33,88.0,88.33,90.0,87.33,86.33,85.33,87.33,88.0,86.0,84.33,85.0,88.0,86.5,86.0,87.5
86.0,84.67,89.33,85.33,85.67,88.0,86.33,83.33,85.67,87.0,91.0,86.67,85.8,83.5,87.0,88.0
86.33,85.33,89.67,87.33,88.67,88.67,82.67,88.0,88.0,85.67,88.67,85.33,86.2,88.0,84.0,86.5
84.0,90.33,89.0,85.67,88.0,85.0,85.67,88.0,87.0,92.33,87.67,86.67,83.2,91.5,93.5,80.5
84.67,83.67,84.67,91.33,88.33,89.33,89.67,85.33,87.33,88.67,89.33,90.0,89.0,94.5,91.0,90.0
90.0,86.33,92.67,82.0,87.67,94.33,89.0,88.33,83.0,83.67,88.67,92.67,87.6,87.5,84.5,88.0
90.67,85.67,87.0,85.33,87.67,86.33,90.0,83.0,89.33,88.0,85.67,83.67,90.6,84.0,84.5,88.5
85.0,88.0,87.67,82.67,86.33,87.67,86.0,94.67,88.33,83.67,86.0,88.0,87.2,90.0,81.0,88.0
84.67,88.0,89.67,93.0,83.0,87.0,85.33,84.33,82.67,88.67,87.33,83.33,86.2,85.0,88.0,92.0
82.33,88.0,87.67,87.0,87.67,87.33,88.67,81.67,87.33,90.0,91.0,91.0,88.6,89.0,91.0,90.0
89.67,87.33,86.67,87.67,89.67,89.0,86.67,88.0,91.33,87.0,87.67,88.67,84.8,88.0,88.5,89.0
92.0,84.67,91.0,84.0,91.0,89.67,93.0,84.33,88.67,82.67,87.0,85.0,87.0,86.5,84.5,85.0
88.67,85.0,88.33,87.0,87.67,89.33,89.33,91.0,85.67,90.67,85.0,86.67,86.0,93.0,80.5,89.5
84.33,88.67,91.0,83.33,84.67,87.67,83.0,90.67,89.0,86.67,90.0,90.33,87.0,85.5,88.5,90.0
84.33,85.67,87.33,85.67,82.67,85.67,87.0,89.33,84.67,91.33,81.67,88.33,85.2,88.0,88.0,91.0
89.67,90.67,90.33,84.33,87.33,92.67,85.67,90.67,87.0,84.67,84.33,86.33,87.2,93.5,87.0,88.0
87.33,88.33,85.67,86.33,87.0,83.33,90.0,85.33,92.0,84.0,91.0,87.67,88.8,94.0,85.0,85.0
87.0,83.67,85.0,89.67,92.67,85.0,83.67,85.33,87.0,90.33,84.33,85.67,87.6,88.0,87.0,85.5
85.0,82.67,89.0,89.0,87.0,87.0,88.33,84.0,89.0,91.0,87.0,93.33,86.2,87.0,85.5,82.5
85.33,89.0,87.33,86.0,84.33,89.33,87.67,82.0,82.67,84.67,85.33,93.33,92.0,84.0,91.0,89.0
87.33,89.0,85.0,83.33,90.67,85.67,85.33,87.0,88.33,84.67,86.0,82.33,88.4,93.5,86.0,88.0
93.0,89.0,92.0,87.67,87.33,84.0,82.0,90.0,89.0,85.67,87.33,87.33,89.2,91.0,82.0,91.5
89.67,91.0,89.67,86.67,83.0,85.67,87.67,85.0,84.0,84.0,87.0,89.67,87.0,87.0,89.5,86.5
87.67,84.33,87.0,89.33,88.33,85.33,83.33,85.33,89.33,86.67,90.0,88.0,92.2,87.5,85.0,87.0
88.33,90.67,86.0,88.67,92.67,88.67,86.0,91.33,85.33,87.0,90.33,87.67,87.4,87.0,85.5,84.5
90.33,91.67,83.33,89.67,82.67,89.0,87.67,88.33,87.67,83.33,83.67,89.0,90.6,91.5,92.0,93.0
83.67,89.0,85.0,91.33,85.67,90.67,88.33,87.0,88.0,84.33,81.0,93.67,86.4,85.0,88.5,84.0
86.67,82.67,87.0,87.0,85.67,88.0,84.0,87.33,85.67,90.67,93.0,87.33,85.8,84.5,81.0,87.0
86.67,84.67,87.0,89.33,93.33,90.33,88.0,85.33,89.0,87.33,92.33,86.33,87.8,87.5,87.0,90.0
88.67,92.33,84.67,89.67,85.0,92.33,85.33,82.33,85.33,89.67,88.67,82.67,85.4,83.5,89.5,90.0
84.33,89.33,88.33,88.33,90.67,81.33,89.0,88.33,91.33,85.0,83.33,88.67,86.6,86.5,84.0,82.0
87.33,93.0,91.0,88.0,88.33,93.67,88.33,86.0,84.33,90.0,90.67,90.0,87.4,87.0,82.0,87.0
89.33,85.67,87.67,88.0,87.0,86.0,90.0,90.67,92.0,87.33,88.33,85.33,86.8,91.5,84.5,85.5
85.67,90.67,93.67,86.33,89.0,87.33,83.67,85.0,86.67,85.0,88.67,87.67,90.6,90.5,87.0,82.5
86.67,89.33,88.0,88.67,92.0,86.67,88.33,87.33,89.0,89.0,91.0,87.0,84.4,90.0,84.0,87.0
87.67,85.67,86.0,83.67,85.0,87.67,88.0,85.0,86.33,86.0,89.33,84.67,89.8,92.5,91.5,91.5
87.33,85.67,88.67,84.33,90.33,88.67,86.33,86.0,90.67,87.33,83.67,87.67,89.2,93.0,89.5,82.0
89.0,90.33,84.33,84.33,85.33,89.0,88.67,86.0,85.0,85.33,85.33,90.33,88.0,83.5,84.0,83.0
93.0,86.33,88.33,92.0,92.0,85.0,86.67,91.0,87.67,84.0,85.0,86.67,88.6,84.5,86.0,84.5
83.67,83.33,87.33,86.0,90.33,90.67,83.0,89.0,85.0,83.0,90.67,92.67,88.8,88.5,89.0,90.0
87.33,86.0,88.67,87.67,91.67,83.33,85.67,89.33,91.67,85.67,85.67,86.33,88.8,88.5,85.5,88.0
89.33,87.0,87.67,87.0,93.0,86.67,86.0,89.33,93.33,86.33,87.67,86.67,90.4,89.0,90.5,86.0
85.0,88.0,88.67,84.67,88.0,89.67,89.67,85.67,87.33,91.33,88.0,89.0,85.6,87.5,87.5,86.5
88.33,89.33,87.33,83.0,88.33,91.0,87.0,89.67,88.0,85.33,85.67,89.33,85.6,88.5,89.5,90.5
90.33,92.67,89.33,87.0,92.0,83.33,88.0,85.0,91.33,92.33,87.67,91.0,86.4,93.0,92.0,84.0
87.33,91.33,87.67,84.0,87.33,94.67,88.67,88.0,88.33,85.67,85.33,89.33,90.0,87.5,81.0,82.0
86.33,88.33,91.0,86.33,86.0,89.0,85.67,88.67,89.0,88.33,91.33,88.33,88.0,89.5,85.5,84.0
81.67,92.0,91.33,90.67,89.0,87.67,83.0,87.33,83.33,93.0,84.67,91.0,91.6,92.0,93.5,89.5
92.67,86.0,85.67,88.33,90.33,87.67,82.0,83.67,90.0,87.67,87.33,86.0,88.0,82.5,87.5,92.0
90.67,85.33,90.67,87.67,88.33,86.67,85.67,91.33,84.67,86.67,93.0,89.33,87.0,80.0,91.5,94.0
86.33,87.67,86.0,87.33,91.0,86.67,87.33,84.67,86.0,90.33,88.67,87.67,87.4,88.0,84.5,90.0
87.33,87.33,89.33,87.0,88.0,83.0,90.67,87.0,86.0,89.0,83.33,85.33,86.2,88.5,88.0,88.5
86.33,85.33,86.33,87.67,87.67,93.33,85.0,89.0,84.33,86.67,86.0,90.33,84.6,87.5,84.5,86.0
87.67,85.33,83.0,86.67,87.67,87.33,89.0,85.67,84.0,89.67,86.67,83.33,86.0,85.5,90.5,85.0
92.33,86.33,87.33,88.0,83.67,91.0,81.33,82.33,84.67,89.33,86.0,85.67,87.6,87.5,85.5,91.0
92.0,87.67,90.33,89.0,84.67,87.33,91.0,88.33,89.67,86.67,86.33,92.33,89.0,83.0,88.5,90.0
88.67,84.67,87.0,88.67,91.67,82.33,90.67,85.67,84.0,87.33,88.67,89.67,85.4,82.0,87.5,80.5
89.33,92.0,85.33,86.67,92.33,89.0,81.67,90.67,87.0,89.0,82.33,86.33,85.6,84.0,84.5,88.5
91.33,87.33,85.0,89.33,87.0,88.0,84.67,86.0,84.33,82.67,85.33,86.0,84.4,87.5,88.0,89.0
87.67,89.33,85.67,86.67,87.33,85.67,88.0,87.0,87.0,89.33,89.0,88.0,90.2,84.5,82.0,88.0
87.0,86.0,84.0,84.0,87.0,86.33,87.0,86.0,83.67,88.0,87.0,91.33,87.0,86.0,90.5,86.0
83.33,87.0,87.33,90.0,87.67,92.67,84.33,87.67,89.33,81.67,83.67,84.67,86.0,87.5,87.5,89.5
87.67,90.67,89.33,85.67,86.0,84.33,85.0,82.33,85.0,89.33,86.0,86.67,86.6,87.0,85.0,85.5
86.67,87.0,85.67,90.67,86.33,86.0,87.67,87.0,87.0,87.67,88.0,92.0,84.4,90.5,84.5,87.5
84.33,84.67,90.67,90.67,85.33,88.33,89.67,90.67,87.0,86.0,88.0,86.67,89.0,92.0,83.5,86.5
87.0,83.67,85.33,91.0,88.33,86.33,88.0,83.33,83.33,84.0,83.33,90.33,86.8,90.5,83.5,89.0
86.67,91.0,85.33,84.0,92.33,87.33,90.33,87.67,85.67,85.33,90.0,87.0,89.4,85.5,85.5,90.5
84.33,92.0,85.33,84.67,89.67,87.67,88.33,88.67,87.0,90.33,90.67,89.33,85.8,90.0,92.0,87.0
85.67,92.0,85.33,88.33,90.0,87.67,90.33,84.33,88.67,86.33,88.33,84.67,87.0,86.0,85.0,84.5
89.33,85.33,89.0,91.0,84.33,88.0,89.33,86.67,87.0,89.0,87.33,88.0,90.0,85.5,87.0,90.5
85.67,87.67,84.33,85.33,88.67,87.33,85.33,93.33,84.67,85.67,90.0,89.67,85.8,87.5,86.0,85.0
86.0,86.0,86.33,84.33,93.67,87.33,86.67,89.33,86.0,84.33,84.67,85.0,88.2,83.5,81.0,89.5
86.33,89.0,84.67,91.33,89.0,88.33,88.67,91.33,82.33,90.0,88.33,86.33,84.6,91.0,90.5,90.5
87.0,87.67,87.67,86.33,87.67,80.67,90.33,85.0,88.67,85.67,91.33,83.0,90.8,86.5,88.5,81.5
92.33,85.33,89.33,83.0,88.0,88.67,90.67,85.33,88.0,89.0,90.33,88.33,91.2,89.5,88.5,88.0
87.33,85.67,88.33,88.67,87.0,91.0,88.33,88.0,90.0,86.33,84.33,86.67,85.4,88.5,90.5,90.0
86.0,89.33,85.0,89.67,90.67,82.67,89.33,84.33,89.33,91.0,91.0,80.33,86.6,90.5,92.5,82.0
88.0,86.33,89.0,87.0,87.67,88.0,84.33,83.33,85.67,90.0,86.0,86.0,88.2,92.0,89.5,87.0
90.0,85.33,89.33,86.33,90.0,88.0,91.0,84.0,82.67,85.0,87.33,87.0,86.6,80.5,88.0,89.0
87.33,86.33,91.67,88.67,84.67,82.0,87.67,88.67,85.0,88.67,89.67,89.33,83.8,93.5,90.0,89.0
92.0,90.33,86.33,86.33,90.33,85.0,86.33,87.0,86.0,83.0,91.67,87.0,88.4,81.5,89.5,90.5
90.0,89.33,91.33,85.67,85.0,85.33,90.33,84.33,87.67,84.67,86.67,90.33,83.8,81.0,89.0,86.5
87.67,86.67,89.33,84.0,86.33,91.0,86.0,93.33,89.33,87.33,89.0,92.0,89.0,88.5,85.5,85.5
85.67,86.0,90.0,88.67,86.0,86.33,84.33,86.0,85.33,84.67,87.67,88.33,89.2,85.0,84.0,89.0
83.0,87.33,86.33,90.67,92.0,88.0,86.33,86.67,87.33,86.33,86.67,85.33,87.6,87.5,88.0,87.0
84.0,85.33,86.33,93.33,88.33,91.67,84.0,89.33,88.33,84.0,88.0,93.0,89.2,92.0,87.5,88.5
89.0,90.0,86.67,85.0,92.0,89.0,89.0,88.0,91.33,84.67,86.67,93.0,83.8,84.0,89.5,84.0
89.0,84.0,88.33,92.0,91.0,86.67,85.33,92.67,88.67,84.67,83.33,84.0,89.0,84.5,91.0,87.5
81.67,93.67,89.0,89.33,93.0,84.0,89.0,87.0,86.67,88.67,85.0,89.0,86.4,87.5,88.5,81.0
88.0,89.0,83.0,83.0,90.67,88.33,82.67,89.0,87.33,86.67,88.67,83.33,86.6,81.5,84.5,90.0
87.0,86.0,84.33,86.67,89.67,86.0,84.67,81.67,83.33,87.67,90.33,85.0,88.2,85.0,86.5,83.5
87.67,86.67,87.33,84.33,88.67,88.0,86.33,88.67,86.33,92.67,85.33,89.33,85.8,83.5,81.0,93.5
87.33,84.33,90.0,82.33,86.67,93.33,86.0,87.67,83.0,90.0,85.67,86.67,84.0,94.5,83.5,87.0
88.33,85.33,85.67,86.33,93.67,88.67,88.33,89.0,82.67,90.0,87.67,85.67,83.6,91.0,87.5,92.0
88.0,88.33,89.67,87.0,89.67,87.67,89.0,83.33,87.0,86.67,88.33,87.33,90.4,85.5,91.0,85.5
88.0,88.33,87.0,90.33,85.0,88.33,85.67,88.33,85.67,88.33,83.0,93.0,87.2,87.5,86.0,86.5
82.0,85.67,88.67,94.0,85.67,89.0,91.0,83.67,89.67,88.0,83.33,85.0,89.0,85.0,90.0,83.0
87.33,87.0,88.33,89.67,82.0,84.0,83.67,92.0,86.0,90.33,85.67,90.0,85.6,91.5,89.0,86.5
83.33,86.67,88.33,83.0,93.0,86.0,89.67,88.0,87.0,85.67,82.0,92.33,84.6,86.5,89.5,93.5
85.0,91.67,89.67,88.67,85.67,84.33,87.0,87.67,87.0,91.33,92.33,93.0,91.8,92.5,86.0,83.5
88.67,85.0,86.33,82.33,88.33,88.0,84.0,81.0,88.33,86.33,90.0,85.0,88.2,88.0,89.5,91.0
91.67,90.0,89.33,87.33,88.33,85.0,86.67,89.33,84.67,88.0,83.67,91.0,89.0,82.5,82.5,89.5
85.0,88.33,88.0,91.67,87.33,88.0,88.0,85.33,86.0,85.33,88.67,89.67,86.0,85.5,92.5,86.5
88.67,86.0,87.0,91.67,87.33,87.33,89.67,92.67,86.0,85.33,85.33,88.0,83.8,91.0,93.0,83.5
87.33,90.67,86.67,89.33,92.33,87.67,90.67,87.0,91.67,84.67,86.67,85.33,86.6,89.0,91.5,92.0
89.33,86.33,88.33,85.0,84.33,90.0,86.0,93.0,84.67,84.0,91.67,82.67,86.2,90.0,86.0,92.0
88.33,87.0,92.0,89.0,85.33,88.67,85.0,84.67,90.0,89.0,81.67,85.33,87.2,90.5,87.0,86.0
84.33,86.0,89.33,85.67,84.67,89.33,92.67,86.67,90.33,89.33,89.67,89.33,88.0,85.5,82.5,90.5
85.0,88.67,92.33,87.67,85.0,85.33,92.33,88.67,82.33,82.33,82.67,88.67,87.2,85.0,83.0,91.0
86.33,83.67,84.67,87.33,86.67,91.0,85.67,85.33,88.33,86.0,89.67,91.33,85.8,84.5,85.0,88.0
86.67,90.67,89.33,86.67,83.67,89.67,89.33,89.0,88.0,89.33,85.67,88.0,88.8,89.0,85.5,88.5
89.0,88.0,89.67,88.0,84.33,89.33,81.0,89.0,85.0,92.67,86.33,87.33,86.6,84.0,88.5,85.5
88.67,88.0,87.33,88.0,84.67,88.33,89.33,84.67,85.0,83.33,87.67,89.33,88.0,88.5,84.0,87.5
83.33,85.67,86.0,88.67,87.67,90.67,90.0,85.67,84.33,83.33,85.67,83.0,86.4,85.5,85.5,90.0
89.0,85.67,90.67,85.33,89.33,89.0,85.0,87.33,90.67,84.67,88.67,89.0,90.8,86.5,89.5,86.0
87.67,86.33,88.67,85.33,87.67,86.67,86.33,85.33,81.33,85.67,86.67,89.0,84.0,88.5,91.0,87.5
86.0,84.67,90.67,86.67,89.67,92.33,91.0,85.67,85.33,88.33,88.33,91.0,86.6,86.0,84.5,94.0
82.67,85.0,90.33,83.67,88.67,87.67,88.33,92.0,90.0,86.33,85.33,90.33,89.4,93.0,90.0,89.0
83.0,87.33,89.33,89.0,91.0,88.0,86.33,86.67,83.0,87.33,81.0,86.67,85.8,95.0,85.0,91.5
84.33,84.33,85.0,86.67,88.33,89.0,85.33,84.33,87.67,88.67,88.67,82.33,85.6,88.5,89.5,80.5
88.33,90.33,86.0,91.67,90.33,82.0,89.67,86.67,86.67,86.67,91.33,84.0,85.4,83.0,88.0,84.0
90.33,84.0,89.0,86.67,85.0,84.33,88.0,87.33,85.67,87.67,85.33,89.33,87.2,87.5,85.5,87.5
90.33,86.33,88.33,88.67,83.67,93.33,89.33,87.67,87.0,82.33,87.33,88.67,85.4,91.5,94.5,91.5
86.67,87.67,85.0,90.0,87.67,86.33,85.33,90.67,83.67,86.0,85.67,89.67,86.6,91.0,84.5,84.5
86.0,92.0,89.33,83.33,87.33,86.67,83.0,84.33,83.33,86.67,83.33,85.67,89.0,92.0,86.0,90.5
86.33,85.67,85.33,85.33,90.67,83.33,84.33,88.33,86.0,83.67,89.33,89.0,88.0,88.5,87.0,87.5
85.33,90.0,82.67,86.67,87.0,89.33,85.0,83.67,88.0,86.33,87.67,89.33,89.8,92.5,90.5,87.5
89.0,84.67,87.67,86.33,88.0,83.67,86.0,89.67,84.0,92.0,84.0,83.33,86.8,80.0,89.0,84.5
88.67,88.0,85.33,87.0,84.67,86.67,86.67,84.33,81.33,92.67,89.0,91.33,85.4,86.0,90.0,89.5
87.0,87.0,84.0,91.67,85.67,91.33,83.0,85.67,82.67,84.67,91.33,88.0,87.2,81.0,87.0,82.0
90.67,87.67,89.33,84.33,87.33,89.33,86.67,90.67,90.0,89.0,88.33,86.0,88.4,93.0,82.0,90.0
85.67,86.67,89.0,88.67,87.67,89.0,91.33,87.67,87.0,85.0,86.67,93.33,82.2,88.5,87.0,89.0
87.0,85.33,92.33,90.33,87.0,86.67,84.0,89.0,85.67,85.67,88.33,90.0,92.4,88.0,86.0,88.5
89.67,86.33,85.33,89.0,86.33,85.33,89.67,88.0,91.67,84.67,86.0,90.33,89.6,85.0,88.5,87.0
81.33,87.67,90.0,86.67,91.67,90.33,90.0,90.67,86.33,88.0,89.0,85.67,89.8,88.0,87.0,91.0
92.67,85.67,87.33,83.0,87.67,85.33,88.33,89.0,88.0,85.0,92.67,85.33,86.8,92.0,88.5,87.0
89.0,93.67,83.67,86.33,83.33,88.0,85.33,81.0,88.0,84.33,89.0,85.33,85.6,93.0,81.5,88.5
90.0,91.33,83.0,83.33,85.67,88.33,86.0,87.67,85.33,85.33,82.33,86.0,88.8,91.5,90.5,81.5
88.67,86.67,85.33,91.0,91.67,86.67,88.33,86.0,89.33,87.33,91.0,87.67,86.6,89.5,89.0,92.5
84.33,89.33,82.33,86.0,85.33,86.33,91.33,86.0,84.67,88.0,90.33,90.0,85.6,87.5,82.0,92.0
90.0,82.33,90.67,87.33,85.0,86.33,91.67,86.0,88.0,88.67,85.33,89.33,87.6,87.0,90.5,89.0
89.67,90.0,88.0,89.67,89.0,85.33,87.0,85.33,90.33,91.0,84.33,87.67,82.6,88.5,80.5,82.5
90.33,90.0,89.33,84.0,84.67,90.33,82.67,87.33,86.33,86.67,85.0,85.0,85.4,89.0,90.0,89.0
88.0,88.67,91.0,84.33,87.67,82.67,88.33,86.67,90.67,87.67,87.0,84.0,86.8,90.0,94.5,89.5
92.67,88.33,89.67,87.33,84.0,84.67,86.0,85.0,90.0,84.33,92.33,83.33,87.6,85.5,83.0,86.0
90.0,87.0,87.33,89.33,83.33,86.33,88.33,83.33,88.33,81.0,88.0,90.67,90.6,82.0,88.5,86.0
84.67,88.0,87.0,86.33,81.0,88.0,85.67,89.33,86.67,85.33,90.33,91.0,85.0,84.5,85.5,89.0
83.33,86.33,86.33,89.0,83.67,89.0,91.0,87.67,82.67,83.33,90.33,84.0,88.8,84.0,90.5,88.0
85.33,87.67,86.67,83.0,85.33,88.0,90.33,91.0,88.0,86.33,85.33,85.33,90.2,85.5,85.0,84.0
85.67,82.67,87.0,92.0,90.33,85.67,87.0,82.33,88.67,84.0,88.67,94.0,87.0,94.0,84.0,86.0
92.67,89.33,87.33,86.33,82.67,83.33,88.33,90.67,87.33,87.67,88.33,89.67,87.2,82.5,92.0,88.0
86.67,86.0,90.67,86.33,85.33,89.0,89.33,86.33,82.0,85.0,88.67,86.67,87.6,86.5,82.0,85.0
86.67,84.33,90.33,90.0,82.0,86.67,85.0,87.67,90.0,84.33,87.0,89.67,83.8,86.0,87.0,87.0
89.0,84.67,88.0,87.0,88.33,85.33,85.67,82.0,83.0,84.0,83.67,90.0,88.2,92.0,90.5,84.0
87.0,89.33,89.0,83.33,91.67,86.67,91.33,87.67,88.67,88.33,84.0,89.67,91.0,86.5,87.5,83.5
87.67,89.67,91.33,84.67,84.33,89.67,88.67,88.33,88.0,91.0,82.67,84.67,87.8,87.0,90.5,92.0
83.33,83.67,89.67,89.33,85.67,85.0,85.33,89.0,87.33,85.0,84.33,87.67,86.6,88.0,84.0,89.0
88.67,90.33,89.33,91.0,87.33,83.33,86.33,85.33,87.33,85.67,85.33,84.67,88.0,90.0,87.5,91.5
89.0,93.67,86.67,88.33,84.33,91.0,87.0,84.33,88.67,89.33,84.67,89.67,87.4,87.0,90.0,85.0
82.67,86.0,86.67,90.67,88.67,87.0,86.0,89.67,90.0,90.0,89.0,87.67,88.4,80.0,84.0,90.5
82.0,90.67,87.33,89.0,87.33,90.0,87.33,89.67,83.67,91.33,83.67,86.33,91.6,89.0,85.0,84.0
86.33,87.0,85.0,89.33,90.0,88.33,88.67,89.33,87.0,86.0,87.33,86.67,88.0,84.0,92.0,91.0
87.67,89.33,88.0,85.67,90.0,88.0,88.67,88.33,85.0,84.67,87.67,88.67,89.4,90.5,94.5,89.0
85.67,85.33,85.67,86.67,84.67,90.67,85.67,86.33,90.0,92.67,86.67,85.0,85.6,91.0,84.5,84.5
88.67,87.67,86.33,88.0,91.67,90.33,88.0,90.67,92.67,90.0,86.0,87.67,87.2,88.0,84.5,88.0
82.0,88.67,88.0,87.0,87.33,82.67,85.67,88.67,87.33,87.33,88.33,86.0,86.6,89.5,90.0,88.5
84.33,93.33,88.33,89.0,92.33,87.0,88.67,86.67,85.0,87.0,85.0,88.67,87.8,84.5,90.5,90.0
90.33,85.33,81.0,87.33,87.0,84.33,87.0,87.0,88.67,88.33,84.33,86.67,87.4,92.0,83.0,86.5
92.67,86.0,92.0,88.0,90.0,91.33,89.33,90.33,92.33,83.33,87.0,82.67,88.8,90.5,84.0,83.0
88.33,85.33,89.67,83.67,93.0,95.0,86.0,88.67,85.33,84.33,90.33,85.67,87.6,90.5,84.5,89.0
89.0,86.0,85.67,86.33,90.0,85.0,89.33,93.33,92.33,84.67,87.0,82.67,86.0,93.5,81.5,95.0
86.0,86.0,87.67,86.0,85.67,83.33,86.67,84.33,89.33,90.33,93.0,85.33,84.6,85.0,87.5,88.0
86.0,88.0,86.67,86.33,87.0,86.0,86.0,90.33,85.0,90.67,85.67,89.33,88.4,90.0,88.0,88.0
88.67,88.33,86.33,92.0,90.0,88.67,84.33,91.33,92.0,83.0,93.0,89.0,89.0,87.0,90.5,89.5
88.0,87.67,85.33,89.0,87.67,90.33,83.67,85.67,93.0,86.67,87.0,87.33,87.6,92.5,89.5,94.5
86.0,87.0,86.33,90.33,86.0,88.67,92.67,90.67,89.67,90.0,86.0,86.67,89.2,87.0,82.0,83.0
90.67,84.67,87.67,80.0,89.33,90.67,83.0,88.33,83.33,85.0,84.0,88.0,82.4,92.5,89.0,86.0
87.33,89.33,90.33,92.33,90.0,86.0,86.67,86.67,93.33,89.0,83.33,90.67,93.2,92.0,85.0,87.0
81.67,84.33,90.67,87.67,89.67,83.67,90.0,87.33,86.33,90.67,89.0,87.0,89.0,92.0,94.0,83.5
89.0,82.33,88.0,86.0,88.0,92.0,82.33,83.33,92.33,85.33,87.0,83.33,88.0,86.0,82.5,89.5
83.0,90.33,90.33,85.67,82.33,86.0,89.67,88.67,86.33,91.33,88.0,90.33,87.2,85.0,92.5,85.5
83.33,89.33,88.33,92.0,85.67,87.67,90.0,91.0,85.67,87.33,82.67,86.33,90.2,87.0,87.5,86.5
85.33,95.0,89.67,91.33,86.0,84.67,88.0,90.67,86.33,93.0,88.0,91.0,88.8,80.5,93.0,85.5
88.0,85.67,89.0,85.67,86.0,85.33,88.33,89.33,90.0,85.33,84.0,87.33,86.4,86.5,84.0,89.5
88.67,87.33,89.33,88.0,89.33,84.33,90.67,86.33,89.67,85.67,84.33,87.0,87.2,90.5,89.5,87.5
91.33,91.33,82.33,88.33,83.33,89.67,85.0,88.67,80.67,87.67,83.67,87.67,83.6,85.0,91.5,89.0
87.67,85.33,92.0,85.67,87.67,90.33,87.33,88.33,89.67,84.33,82.33,84.33,85.2,87.0,87.0,86.5
90.67,88.0,89.67,87.0,89.0,86.67,86.33,88.67,88.67,85.0,85.67,86.67,92.2,82.0,87.5,88.0
90.0,90.0,86.33,86.67,85.33,83.67,86.33,83.67,88.0,88.0,87.0,87.33,88.6,85.0,84.5,90.0
90.33,89.33,81.67,87.67,85.67,86.33,92.33,87.33,84.67,86.67,90.33,90.67,92.2,86.0,90.0,87.0
90.33,88.33,84.33,84.0,86.0,88.33,88.67,85.67,87.0,90.67,89.33,85.67,87.0,90.0,87.5,94.5
85.67,88.67,92.67,83.33,90.0,84.33,92.0,88.67,90.67,86.67,87.33,88.67,86.2,84.0,94.0,92.0
86.0,86.33,85.0,87.0,80.67,88.0,86.67,88.33,86.67,86.67,85.33,88.0,88.8,92.5,83.0,87.5
87.33,88.33,88.33,88.67,89.33,86.67,84.33,92.33,91.0,85.33,93.67,88.33,85.8,90.0,88.5,88.0
88.67,84.0,90.0,91.0,86.0,88.0,87.0,94.33,86.0,86.0,90.33,93.0,89.0,89.0,86.5,93.5
90.67,88.67,86.33,82.33,89.0,83.0,90.67,83.67,88.67,85.0,89.0,92.0,84.6,88.5,85.5,88.5
88.0,83.67,88.33,91.0,87.33,91.33,83.67,91.0,88.33,88.67,85.33,87.67,88.8,87.0,89.0,89.5
91.33,83.67,89.67,87.67,84.33,87.67,89.33,84.33,85.33,89.0,90.67,83.0,85.6,88.5,86.5,87.0
91.33,86.33,88.33,91.0,90.67,82.33,88.0,87.0,84.33,93.33,87.0,86.33,87.4,85.0,84.0,93.0
91.0,87.67,90.0,87.67,84.33,91.33,89.67,88.67,89.33,86.67,90.0,89.0,88.8,82.5,89.5,88.5
83.33,86.33,90.0,85.33,82.67,92.67,83.67,89.67,90.0,84.33,86.33,91.67,91.6,86.5,85.5,90.5
85.33,89.33,87.67,87.0,86.67,88.67,88.0,90.0,85.67,94.0,84.33,89.67,86.4,85.5,88.5,88.0
86.67,89.33,87.33,89.33,83.33,90.33,86.0,87.0,87.67,90.0,90.67,84.33,87.2,87.0,84.5,87.0
92.33,85.67,86.67,88.0,88.67,90.33,86.67,86.67,93.0,92.33,84.67,90.67,88.6,85.0,86.5,87.5
87.33,87.0,87.0,83.67,83.67,92.67,87.33,86.33,86.33,87.33,88.67,92.67,87.2,90.0,90.5,88.5
88.0,86.67,87.67,85.0,90.67,83.0,85.67,85.0,83.67,89.67,86.33,86.33,85.2,82.5,87.5,89.5
91.0,83.33,86.0,86.33,90.67,89.0,89.67,86.67,91.0,86.33,86.33,89.33,90.4,89.5,89.5,91.0
86.67,94.0,85.33,91.33,89.0,87.33,86.67,88.33,85.67,88.0,84.0,86.33,88.6,85.5,80.0,85.5
92.0,87.67,87.0,85.33,88.0,89.67,85.0,85.33,89.67,85.0,90.0,86.33,84.0,85.5,86.0,82.0
87.33,88.0,89.33,86.0,90.33,89.67,88.33,89.33,87.33,84.33,87.33,92.67,88.8,87.0,89.5,89.0
81.0,90.33,83.67,92.67,82.33,86.0,87.0,93.33,93.0,87.67,86.67,81.67,89.2,91.0,83.0,92.5
93.33,90.33,87.0,83.0,91.67,91.67,86.33,89.67,88.0,85.67,93.33,91.0,88.2,86.0,91.0,81.0
86.0,84.33,90.33,87.33,92.67,88.0,90.0,88.0,89.67,86.33,81.0,87.0,89.8,83.5,91.5,83.5
90.0,92.33,85.33,91.0,85.33,88.67,88.0,88.0,84.0,88.33,83.67,87.0,86.2,86.0,86.5,89.0
84.0,85.33,86.67,88.0,86.0,87.67,87.33,91.33,87.67,84.67,86.0,84.67,83.8,88.0,81.5,90.0
86.67,91.67,87.0,84.33,89.67,86.67,82.0,87.67,87.67,88.0,88.67,89.67,88.4,84.5,88.0,92.0
90.33,88.33,88.0,82.67,90.0,88.0,91.67,89.33,85.0,88.33,85.33,89.33,82.0,92.5,90.5,87.5
86.67,89.33,88.67,86.0,85.67,83.67,86.67,84.67,90.33,86.0,88.0,83.33,89.2,86.5,90.0,83.0
90.33,88.33,84.67,87.67,89.33,85.67,86.33,89.33,87.0,87.0,85.67,90.0,85.0,91.0,93.0,88.0
90.33,89.33,84.0,85.33,92.33,86.0,85.0,91.0,87.33,83.67,91.0,87.0,86.8,88.5,82.5,92.0
83.33,86.33,83.33,89.33,82.0,87.33,86.67,84.33,92.33,84.67,89.33,87.0,87.0,86.0,84.5,91.0
88.0,86.33,90.33,87.67,85.0,84.67,91.67,87.0,89.0,88.0,90.33,85.67,88.2,89.5,87.5,86.0
85.67,90.0,88.33,89.33,93.67,89.0,88.0,86.33,86.33,89.0,86.33,89.67,86.6,93.0,89.5,81.5
93.0,89.33,85.33,88.0,94.0,86.67,81.67,87.67,84.33,86.0,87.0,91.0,88.8,87.5,86.5,85.0
84.67,89.67,85.67,85.33,92.0,88.33,86.67,89.0,92.0,88.33,88.0,84.33,85.4,86.0,88.5,89.0
89.33,88.0,87.67,91.0,87.67,89.33,90.67,91.67,85.0,89.33,86.67,86.67,89.6,81.5,88.5,85.0
83.33,88.33,88.67,87.33,91.67,90.0,91.33,85.33,87.0,89.67,87.67,86.67,88.2,92.5,88.5,90.5
87.33,82.67,85.67,92.33,87.67,86.67,90.0,88.33,89.67,86.67,90.0,87.33,90.6,88.5,89.0,90.0
90.0,89.33,84.0,87.0,91.67,87.0,88.33,88.0,88.0,90.67,89.67,89.67,84.4,88.5,92.5,86.0
86.0,92.67,82.33,92.67,87.0,87.0,88.67,90.33,91.67,85.33,87.33,87.67,85.4,90.0,89.5,87.0
88.0,89.33,88.33,82.33,81.33,82.33,87.67,91.33,90.0,88.33,82.67,89.0,87.4,85.0,87.5,88.5
84.33,89.33,82.67,86.0,83.33,88.33,92.0,83.67,85.67,87.0,89.33,90.0,86.6,88.0,82.5,90.0
84.33,86.33,83.33,91.33,87.33,86.0,87.67,85.0,90.33,87.33,88.67,89.67,87.2,86.5,81.5,91.0
85.67,87.0,92.33,87.0,89.33,86.0,84.67,82.33,87.67,88.67,86.0,83.67,88.0,84.5,93.0,94.0
87.33,85.33,83.0,89.0,88.67,90.67,92.0,87.33,88.33,89.0,93.67,88.33,89.0,89.0,85.5,85.5
92.0,88.33,84.33,83.67,85.33,90.0,86.67,85.67,85.33,88.0,89.33,88.67,84.4,90.5,90.0,87.0
88.33,90.33,92.33,87.0,87.33,86.67,87.67,85.33,89.67,90.0,85.33,89.33,86.6,86.5,85.5,95.0
92.33,89.33,90.67,91.0,88.67,88.67,88.67,87.67,88.0,87.0,85.0,90.0,92.8,87.5,86.5,84.5
85.33,93.0,93.67,86.0,89.0,88.0,83.33,88.33,94.0,87.0,85.33,87.0,88.0,88.5,87.0,89.5
87.0,89.0,88.33,89.67,88.33,89.33,94.33,86.0,85.33,91.0,90.67,87.67,90.4,95.0,85.5,85.5
83.33,87.0,90.0,84.67,82.67,85.33,88.0,87.0,89.0,84.0,88.0,88.33,91.2,83.5,85.0,83.0
90.33,87.0,86.67,90.0,90.0,89.33,85.0,88.33,84.33,90.0,87.67,86.33,87.6,81.5,92.0,85.0
84.67,88.33,87.0,83.0,91.67,85.33,91.67,88.67,87.33,84.0,87.0,89.33,90.0,84.5,83.0,92.0
94.0,84.67,85.33,89.67,86.0,85.33,87.67,85.0,94.67,85.33,92.0,86.33,89.8,85.5,89.0,83.5
84.0,83.0,90.33,86.67,90.0,86.67,90.0,87.0,88.0,91.33,86.33,82.67,86.8,86.0,87.5,89.5
82.0,89.33,87.33,84.67,90.67,82.33,89.33,90.67,88.0,81.67,88.33,88.0,84.4,87.0,82.0,90.5
84.33,89.0,85.67,87.67,88.67,87.33,90.0,88.67,90.67,89.0,89.0,81.67,87.2,89.5,92.0,92.0
85.67,84.67,93.33,87.33,85.33,88.0,87.0,88.0,92.67,91.67,87.0,85.33,90.4,91.0,87.5,87.5
87.67,84.67,84.33,85.67,88.33,89.0,89.33,85.33,84.67,86.67,88.33,88.67,89.2,88.5,87.0,89.5
91.67,88.0,87.0,88.33,92.33,86.33,82.33,88.0,87.67,85.67,86.0,86.0,89.6,84.5,87.0,85.5
89.67,88.67,90.67,90.33,84.0,85.67,86.33,91.33,88.0,90.0,84.67,87.0,85.0,87.0,90.5,81.0
90.33,88.67,88.33,88.33,90.0,85.33,89.67,84.33,85.67,85.33,90.33,87.67,91.0,91.0,86.5,90.0
89.0,89.33,86.0,89.0,87.67,90.67,90.67,91.0,85.67,89.0,81.67,89.67,87.6,89.0,82.0,90.0
92.33,85.33,85.0,86.0,86.33,84.67,84.33,86.33,90.33,85.33,88.0,85.33,88.2,84.5,88.0,85.0
90.0,93.0,87.67,93.67,92.0,82.33,90.0,90.33,85.0,89.67,90.67,88.33,86.2,88.0,84.5,82.5
86.0,87.67,88.0,91.33,84.0,85.0,91.33,90.0,84.0,83.67,83.0,80.67,87.2,88.5,92.5,88.5
91.33,88.67,91.0,85.67,88.67,88.0,88.0,87.33,85.67,89.0,91.0,86.33,88.0,87.5,82.5,86.0
86.33,85.33,87.33,87.67,82.67,86.33,91.67,88.67,86.0,86.67,87.67,87.0,84.6,81.5,81.5,86.0
88.33,83.67,91.67,90.0,88.0,87.67,87.0,90.0,86.0,89.67,87.67,87.33,88.2,94.5,91.5,86.0
92.0,84.33,88.33,84.33,90.67,91.67,89.0,86.67,85.0,82.0,88.33,84.67,84.8,90.0,84.0,88.5
90.33,89.0,87.0,90.33,86.33,89.0,87.33,87.33,86.67,86.0,86.33,82.67,86.8,90.5,86.0,86.0
85.33,87.33,88.67,85.33,92.0,84.67,91.0,92.33,87.0,82.33,84.67,86.0,85.6,89.5,88.0,93.5
81.33,88.33,87.0,90.67,94.67,82.33,87.33,81.67,89.0,83.33,85.33,86.67,87.6,85.5,87.5,83.5
88.0,87.0,85.67,84.33,94.33,91.0,88.33,83.33,89.0,89.33,86.0,90.33,86.6,87.0,87.5,90.0
87.0,90.0,87.33,88.33,88.67,85.33,87.67,92.33,89.0,87.33,82.33,89.33,91.0,90.5,87.5,81.0
90.67,88.67,81.33,87.0,92.0,91.33,88.67,89.67,86.0,89.0,89.67,86.67,86.6,85.5,92.0,91.5
90.0,91.0,84.33,86.0,86.67,86.67,86.67,91.0,83.0,86.0,84.67,86.67,88.4,80.5,86.0,91.5
83.0,89.0,85.33,91.0,86.0,86.67,89.0,86.33,85.0,84.67,83.67,87.33,88.2,83.5,82.5,90.0
86.0,89.0,88.0,90.33,81.67,90.67,83.33,93.0,88.67,90.67,91.33,84.67,84.6,84.0,88.5,86.0
86.67,91.67,87.67,89.0,87.0,84.33,91.0,85.67,89.33,84.67,83.0,89.0,89.2,86.0,84.0,86.0
87.67,86.33,88.33,86.33,85.0,84.33,83.0,92.33,92.0,89.67,84.67,87.67,83.2,83.0,91.0,89.0
87.0,86.33,86.67,83.0,88.33,84.33,88.33,87.33,89.67,89.0,86.0,89.33,88.2,88.5,88.0,82.5
83.33,90.0,89.67,87.33,86.0,88.33,89.0,85.33,90.67,90.67,90.33,83.67,88.6,91.0,86.5,91.0
87.33,85.67,92.33,86.0,89.33,87.0,87.0,85.67,91.67,82.0,90.0,88.33,86.6,90.0,85.0,87.0
84.0,89.67,86.0,87.0,88.33,89.0,84.33,88.67,86.33,87.33,85.33,87.67,87.4,89.5,92.0,82.5
85.67,85.33,87.33,88.0,86.67,90.0,88.0,89.67,85.67,84.67,87.0,88.0,89.2,90.5,82.0,91.0
83.67,89.0,89.33,89.33,86.0,92.33,85.0,84.33,90.33,82.0,87.67,85.67,85.2,94.0,93.0,87.5
87.33,85.67,86.67,83.0,86.33,91.67,88.67,87.0,82.0,88.0,85.33,84.67,89.4,83.0,91.5,81.5
84.67,87.33,83.0,89.0,88.67,81.33,87.67,92.0,90.67,88.0,84.67,90.33,88.0,92.5,92.0,90.0
91.0,91.33,86.0,89.67,89.33,87.33,87.33,87.33,86.33,87.0,86.0,86.67,88.0,94.5,88.5,85.0
86.67,89.0,83.67,88.33,84.67,89.67,87.33,92.67,89.33,86.0,91.33,83.0,87.2,89.5,84.0,88.5
86.67,85.33,89.33,91.67,86.33,82.33,84.33,86.67,83.0,88.33,84.67,91.0,89.0,87.0,89.5,83.5
89.33,89.0,83.67,81.67,82.0,89.33,90.33,89.67,85.0,85.67,85.67,83.33,89.2,89.5,87.5,88.0
85.33,87.67,82.67,85.0,82.67,88.33,88.0,92.0,91.0,87.0,85.67,85.67,89.6,87.5,93.0,91.5
82.33,87.0,88.33,84.33,93.67,83.0,89.33,92.67,87.33,88.0,87.33,84.67,86.4,82.0,86.0,83.0
94.0,84.67,86.0,82.0,90.0,89.67,88.67,89.33,87.33,89.67,88.33,88.0,89.6,93.5,86.5,82.0
84.33,90.0,92.33,87.67,91.0,87.0,85.67,88.67,84.67,90.67,86.67,87.33,91.4,87.0,93.5,84.5
87.0,85.0,89.33,84.67,90.67,92.0,84.67,88.33,84.67,87.33,84.67,86.33,84.8,84.0,85.5,91.0
86.33,89.33,87.0,89.0,86.33,81.67,87.33,94.67,90.0,88.0,87.33,87.33,89.8,84.0,87.5,88.5
89.0,85.33,89.0,85.33,87.67,86.33,86.0,87.67,84.67,82.67,87.0,89.0,89.6,91.0,88.0,88.5
88.0,87.0,87.0,90.33,91.67,82.67,84.67,86.67,89.0,83.33,83.67,90.67,87.4,88.5,88.0,91.5
87.33,84.33,87.0,92.33,88.67,86.33,90.67,90.67,83.33,83.67,85.0,88.0,87.0,90.0,88.0,83.0
88.33,85.67,88.33,89.0,86.0,89.0,87.0,84.0,87.33,90.67,91.0,86.67,88.8,82.0,83.5,80.0
87.33,87.33,90.33,87.0,84.0,86.0,87.67,88.0,86.33,91.33,88.0,89.67,86.2,84.0,83.0,84.5
89.33,89.33,89.33,85.67,86.33,87.33,88.67,87.67,86.67,89.0,91.0,90.33,87.8,88.5,81.5,86.5
84.67,91.67,85.0,90.67,87.0,85.67,82.67,90.33,84.0,87.67,88.33,86.0,85.2,82.0,85.0,89.5
88.33,87.33,84.33,86.67,89.33,87.67,88.0,87.0,87.33,87.33,85.33,90.0,92.6,89.0,93.0,84.0
85.67,87.67,86.67,88.0,84.33,86.67,88.0,88.0,88.67,88.33,91.0,87.0,85.0,89.5,88.5,85.0
86.67,88.33,88.67,84.33,89.67,86.67,88.0,89.0,85.0,86.67,88.33,88.0,85.0,84.0,82.0,91.5
86.67,88.33,91.33,85.67,89.33,94.0,87.0,88.33,90.67,91.0,93.33,86.67,89.2,84.5,84.0,87.0
84.67,90.67,88.33,88.0,88.67,85.0,85.67,86.0,87.67,84.33,91.33,87.0,92.2,90.5,83.5,89.0
90.33,91.0,90.0,92.67,85.0,83.67,87.33,88.0,87.33,85.33,90.33,88.67,92.6,89.5,91.5,85.0
89.0,90.33,92.33,87.67,87.0,87.67,87.67,89.0,88.33,80.67,87.0,90.0,89.2,90.0,86.5,88.0
83.67,85.67,87.0,89.67,90.67,88.0,88.33,89.0,88.67,84.33,92.0,88.0,88.8,86.0,91.5,84.5
90.67,87.33,88.33,85.67,88.67,86.0,88.0,84.0,93.33,85.33,86.67,81.67,89.0,84.5,83.5,84.0
82.33,83.67,87.67,85.67,90.33,94.33,89.33,88.33,90.33,90.33,93.0,90.0,85.8,86.0,91.5,92.5
84.33,88.0,86.33,89.33,87.0,86.0,87.33,84.67,90.0,84.33,88.67,86.0,86.4,87.5,93.0,87.0
93.0,87.67,87.33,87.0,89.0,87.0,86.33,87.33,90.67,89.67,90.33,83.33,86.6,93.5,91.0,82.5
91.33,91.33,85.0,87.0,90.33,85.33,86.67,91.0,88.67,90.67,90.33,86.33,86.6,86.0,85.0,88.5
85.0,90.67,85.67,82.0,88.67,86.67,90.67,91.0,86.67,85.67,88.33,90.0,89.4,86.0,88.5,88.5
89.33,88.33,86.33,91.33,91.67,84.67,88.33,87.0,93.33,88.0,84.67,87.33,85.2,83.5,91.5,90.0
87.33,85.67,85.0,85.33,88.33,85.0,88.33,83.33,86.67,85.0,85.0,89.0,86.4,88.0,91.5,80.5
87.33,87.67,84.33,86.67,87.33,87.67,83.67,86.67,84.67,85.67,87.67,93.0,90.6,83.0,89.0,83.5
83.33,89.0,86.33,89.67,90.0,90.67,88.67,81.33,89.33,88.33,86.67,86.33,87.4,85.5,88.0,89.0
87.0,81.67,88.0,83.33,92.0,88.33,86.33,90.0,90.33,88.0,88.67,87.33,87.8,81.0,91.5,92.0
88.67,83.67,86.33,85.0,84.33,88.67,86.0,83.33,91.0,82.33,86.0,86.67,86.4,90.5,91.5,89.0
84.0,88.0,86.0,87.67,92.33,87.67,88.67,86.67,91.0,87.0,94.0,85.0,87.2,84.0,91.5,91.0
86.67,83.33,86.33,85.33,88.0,89.33,88.33,86.0,88.67,85.0,87.0,86.33,84.6,86.0,90.0,90.5
89.67,88.0,86.0,85.0,87.67,84.67,91.0,91.33,89.33,86.33,84.33,91.67,89.8,86.0,83.0,92.5
81.33,91.67,86.33,87.33,83.33,91.0,90.67,87.0,91.67,86.0,87.33,89.0,85.8,88.5,87.5,87.0
86.0,85.67,83.67,88.0,86.33,91.33,84.33,87.67,87.67,83.0,84.33,88.0,88.6,90.0,86.5,90.5
83.33,87.67,86.0,89.33,85.33,88.67,83.67,92.0,85.67,84.67,90.0,92.67,86.2,86.5,86.5,90.0
89.0,87.0,86.67,94.0,89.67,84.33,88.0,87.0,90.0,90.33,88.67,81.67,87.4,85.5,80.5,95.0
89.67,89.67,90.33,88.67,89.67,85.0,93.67,88.0,85.67,84.67,89.33,90.33,85.4,88.5,88.5,86.5
87.0,87.67,88.67,86.33,86.67,90.33,87.67,93.0,87.33,90.0,88.0,84.33,86.2,85.0,90.0,86.5
87.0,88.33,86.67,86.33,86.0,89.67,84.33,86.67,89.33,87.67,88.0,83.0,86.0,89.5,82.0,89.0
88.33,90.0,87.67,89.33,82.67,91.0,91.0,85.33,87.33,86.33,87.67,87.67,88.8,90.5,87.5,83.0
86.33,89.33,83.67,90.33,87.33,84.33,90.33,88.67,85.0,84.33,84.33,87.33,88.6,87.5,84.5,90.5
86.67,89.67,88.0,86.33,89.67,90.0,90.0,86.0,83.0,86.0,87.33,87.67,85.8,86.0,87.5,87.0
86.0,91.33,85.0,91.0,86.67,88.67,92.33,89.67,87.0,91.67,86.33,82.67,91.2,88.5,85.5,91.0
88.0,88.67,86.0,89.0,87.67,87.33,90.67,86.0,90.0,82.67,88.67,91.33,86.8,82.5,89.5,90.0
84.0,87.33,81.0,88.33,85.33,84.33,88.33,91.67,83.0,82.33,86.67,87.0,86.6,83.0,92.5,89.5
88.0,83.33,90.33,82.33,87.67,87.67,86.33,80.33,86.67,85.0,87.33,84.0,87.0,91.5,91.0,87.0
88.0,88.0,90.33,92.33,89.67,92.0,86.33,92.0,85.67,85.0,87.0,91.33,86.2,94.5,85.5,93.0
83.67,92.0,87.67,88.67,89.0,85.0,85.33,93.0,85.0,83.33,91.0,81.33,89.2,83.5,85.0,86.5
87.33,85.67,92.67,89.33,89.33,85.33,84.0,88.33,86.67,84.67,90.0,86.67,88.4,88.0,83.5,86.0
94.33,91.67,89.67,91.33,86.0,85.0,86.33,86.67,85.33,83.33,83.33,87.0,89.2,86.5,87.0,84.5
89.67,85.33,87.0,91.0,84.33,91.33,83.67,86.67,86.33,83.67,86.67,89.33,88.8,90.0,86.5,84.0
94.0,88.33,88.67,87.0,86.33,85.67,85.33,87.33,90.0,89.67,83.33,93.67,88.6,83.5,83.5,86.0
86.33,87.67,89.33,82.0,93.67,86.67,89.67,86.33,87.67,89.0,85.67,84.0,89.2,87.0,87.0,85.0
88.0,93.67,88.0,86.0,85.0,89.0,89.33,94.0,87.33,82.33,90.33,92.33,87.2,85.5,91.5,91.0
82.67,86.67,91.67,87.33,84.67,85.0,87.0,88.33,83.33,85.33,89.33,91.0,89.4,90.0,85.5,84.0
91.33,88.0,83.67,88.33,91.0,86.33,90.33,87.0,86.67,85.67,86.33,86.67,89.4,86.5,85.0,89.5
89.67,90.67,89.67,91.67,87.67,82.67,81.67,85.0,86.0,82.67,88.33,83.0,86.2,91.0,88.0,88.5
87.33,88.67,81.33,84.33,83.0,85.67,85.67,86.67,88.33,88.0,85.67,84.33,87.6,89.0,90.5,94.5
83.33,86.33,86.67,86.0,88.33,85.67,86.33,86.33,86.67,84.33,88.33,88.0,84.2,86.0,90.5,88.0
89.0,86.67,87.33,86.67,86.33,88.67,91.67,87.0,89.67,87.0,89.33,90.33,90.0,84.0,89.0,93.0
91.33,90.0,87.0,88.33,83.67,87.0,93.67,88.67,85.33,89.0,86.33,87.0,89.6,86.0,88.0,83.5
82.33,85.67,84.67,86.0,88.33,86.0,87.67,87.0,88.33,88.33,86.0,88.33,86.8,92.5,86.5,80.5
89.67,88.33,84.33,87.0,89.0,87.67,87.67,88.33,86.67,93.0,84.33,86.33,88.2,92.5,87.0,90.0
94.0,89.67,84.67,88.33,84.0,87.0,89.67,89.67,90.67,88.33,86.67,87.67,89.0,91.0,84.0,90.0
86.67,87.0,87.0,91.67,89.67,82.67,83.67,83.33,88.67,88.33,89.33,89.67,86.6,91.5,82.0,87.0
90.67,88.0,87.0,84.33,82.33,86.67,90.33,89.67,82.67,82.33,87.0,87.0,91.0,87.0,89.0,84.0
86.33,85.0,93.0,88.33,84.0,87.33,86.0,89.33,92.0,81.33,89.67,82.0,91.6,87.0,86.5,84.0
89.0,84.33,88.0,86.33,93.0,83.67,88.33,84.67,86.67,85.67,88.67,87.67,87.8,82.5,86.0,90.5
85.0,88.0,87.67,85.0,83.0,87.67,83.67,85.0,83.0,86.0,85.67,88.0,90.6,93.5,91.5,82.0
88.33,91.33,87.0,89.0,84.67,87.67,90.0,82.33,84.67,88.33,92.33,94.67,91.0,92.5,89.5,91.0
86.33,82.67,83.0,87.33,87.67,86.67,90.33,87.0,87.67,87.33,87.67,81.67,89.6,91.5,89.5,91.0
85.0,85.67,91.0,84.67,87.67,83.67,87.67,85.67,90.33,92.0,89.0,90.0,86.0,86.0,85.0,90.5
86.0,84.33,91.67,84.0,85.67,88.0,87.33,85.0,86.67,87.33,92.33,85.33,84.4,90.0,89.5,85.0
82.0,91.0,89.33,85.67,87.0,86.67,84.0,90.33,85.67,88.33,85.33,93.0,85.8,91.0,89.5,89.0
94.33,87.0,90.33,82.33,88.33,85.0,86.0,88.0,87.33,85.67,91.67,86.0,90.6,95.0,82.0,85.0
86.33,89.67,86.33,89.0,85.0,90.0,85.0,89.67,85.33,86.67,86.0,86.67,86.0,87.0,91.0,87.0
85.0,86.33,91.67,83.0,88.67,90.67,90.0,87.67,87.33,83.67,83.0,89.33,92.6,84.5,90.5,84.5
90.0,85.0,85.67,86.33,85.33,87.0,87.67,86.33,81.33,88.33,88.0,88.33,87.6,89.5,91.0,86.0
87.33,86.0,87.0,89.67,88.67,86.67,86.0,90.33,90.0,86.0,85.67,92.0,90.2,89.5,86.5,91.0
84.67,90.67,89.0,92.33,84.67,88.0,87.0,86.67,91.67,88.33,86.33,86.33,85.2,84.0,88.0,91.0
82.67,89.67,90.33,90.33,87.0,82.0,91.0,92.0,88.0,86.33,88.67,90.67,87.8,93.0,88.0,85.5
83.33,87.33,91.67,90.67,89.67,87.67,90.67,89.67,87.33,84.0,87.0,87.0,86.2,90.0,81.0,90.0
90.0,89.33,91.67,86.0,88.67,86.67,90.33,87.33,84.67,86.67,91.67,85.0,87.2,83.5,84.0,84.0
89.0,93.33,89.67,86.33,83.33,90.67,88.33,88.33,89.33,87.0,90.0,83.67,82.8,87.0,88.0,89.5
88.33,82.33,84.67,87.33,86.67,87.0,87.33,90.0,89.33,87.33,88.67,88.67,87.0,92.5,82.5,80.5
84.0,84.33,86.67,88.33,85.67,89.67,90.33,91.33,86.0,92.33,86.67,87.67,84.4,84.0,87.0,85.0
91.0,87.33,85.67,86.67,86.33,89.67,87.0,86.67,88.0,86.67,88.33,83.67,89.2,89.0,92.5,89.0
93.33,89.67,89.33,84.67,84.67,93.0,93.33,82.33,85.67,84.67,90.33,90.33,88.6,89.0,87.5,91.0
87.0,89.33,86.0,89.0,87.67,87.67,87.33,93.0,89.33,85.33,83.67,92.0,87.8,93.5,87.0,87.0
84.33,87.33,90.33,84.0,87.0,89.33,88.33,90.0,88.67,88.33,90.33,88.33,85.0,88.0,89.0,82.5
84.33,89.67,86.0,82.0,86.33,87.67,89.33,86.0,89.0,87.0,88.0,91.67,88.0,87.0,89.0,83.5
94.0,91.0,91.0,89.0,85.0,89.0,85.33,84.67,85.67,90.33,90.67,86.0,86.6,89.5,88.0,91.0
85.67,87.0,86.33,85.67,88.0,84.33,89.33,87.67,87.0,83.33,88.0,87.33,86.2,84.0,94.5,91.0
87.0,88.33,86.67,86.0,91.33,88.67,87.33,85.33,82.67,84.67,86.67,86.67,86.4,91.5,90.5,81.5
82.33,86.33,84.33,90.0,89.67,90.67,81.33,87.67,85.0,84.33,89.33,80.67,86.0,90.0,89.0,90.0
85.33,85.33,83.33,86.33,91.0,88.33,85.0,91.0,88.67,85.33,85.67,90.33,87.4,88.5,81.5,90.0
85.33,89.67,90.0,87.0,87.67,88.0,85.67,88.0,92.67,88.33,88.0,92.0,86.8,83.5,88.5,84.5
86.33,86.33,89.67,86.67,87.0,86.0,89.0,90.33,89.33,84.33,83.33,86.67,86.8,95.0,87.0,91.0
83.67,84.67,86.0,87.0,83.67,86.33,86.33,89.67,91.0,83.67,87.0,91.33,87.2,84.5,84.5,90.0
88.0,89.33,88.33,89.0,90.67,86.67,89.67,88.0,87.67,90.33,88.33,85.33,85.6,87.5,86.5,84.0
87.33,90.33,89.0,91.67,86.0,86.33,92.0,90.33,86.67,83.33,92.33,88.0,87.4,86.0,89.0,89.0
87.67,84.33,88.33,84.67,88.67,92.0,87.33,88.0,89.67,85.0,83.67,86.67,86.2,85.5,88.5,87.5
84.33,87.33,84.67,91.33,87.33,84.0,87.0,87.67,89.67,84.0,88.0,90.0,89.6,87.0,89.0,92.0
91.0,89.67,90.33,89.33,90.0,87.67,88.33,86.67,88.0,88.67,88.67,86.0,87.2,87.5,83.5,83.5
86.67,89.33,90.33,87.33,90.33,85.33,87.67,88.67,93.0,87.67,88.33,90.33,90.0,88.5,89.0,87.5
89.33,85.33,94.33,86.33,84.67,86.67,87.0,89.33,82.67,92.33,87.67,88.67,87.2,85.0,89.0,91.5
81.33,89.67,86.33,86.33,85.33,89.0,84.67,86.0,85.0,84.67,93.0,86.0,89.6,89.5,87.0,89.0
90.0,85.67,90.33,92.0,87.33,86.0,85.67,88.33,91.67,89.33,84.0,87.67,85.0,92.5,92.0,86.0
85.0,86.67,91.33,91.67,92.67,88.0,90.67,88.0,86.0,84.67,88.0,86.0,89.2,90.0,87.0,88.5
87.67,90.0,87.33,89.0,86.33,81.67,87.33,87.33,86.0,91.0,86.0,85.0,85.0,84.0,89.5,89.0
90.0,86.0,86.0,88.0,90.67,92.0,85.67,87.0,87.0,87.67,92.0,89.0,86.2,84.5,88.5,84.0
90.67,88.67,87.67,84.67,92.33,86.0,89.0,83.33,89.33,89.0,88.67,88.67,84.8,89.0,92.5,88.5
88.33,86.0,85.67,86.67,87.0,87.0,88.67,87.33,85.0,88.0,88.33,85.67,86.0,90.0,87.0,87.0
88.0,89.0,85.0,86.67,82.67,86.33,88.33,80.67,88.67,88.33,84.0,85.0,88.2,88.0,88.0,87.0
86.67,89.67,86.33,87.67,91.67,86.33,89.33,86.67,84.0,90.33,81.67,86.0,84.4,92.5,86.0,82.5
91.0,85.67,91.33,88.0,86.67,82.67,83.67,91.67,90.0,89.0,89.33,86.0,89.6,87.5,87.0,88.0
89.67,85.67,87.33,90.0,89.33,85.33,83.33,86.0,88.67,90.33,86.33,90.0,86.2,83.5,83.0,86.5
82.33,84.0,88.67,85.33,87.67,87.33,92.0,87.0,88.33,89.33,87.33,83.33,86.4,93.0,88.5,81.5
88.0,89.67,83.67,86.33,86.67,90.33,84.0,90.33,87.33,88.67,88.33,89.33,88.6,87.5,87.0,94.5
92.67,87.0,88.67,88.67,87.0,85.33,88.0,83.0,82.0,88.33,85.0,82.67,86.0,86.5,91.5,93.5
86.67,85.33,87.33,89.33,88.0,86.0,85.67,90.0,86.0,83.67,87.0,87.67,86.2,85.0,87.0,91.5
86.0,88.67,86.0,88.0,86.33,86.33,90.33,83.67,90.67,90.67,93.67,88.67,88.8,84.0,81.5,86.5
87.0,89.67,86.33,84.0,86.0,90.0,86.67,86.67,92.33,89.67,87.0,84.33,85.6,89.5,85.5,84.0
85.67,85.0,89.0,91.33,87.33,86.33,86.67,85.0,88.67,89.0,88.67,85.0,87.8,86.5,88.0,93.0
87.67,87.67,86.67,89.67,87.33,89.33,85.33,90.67,88.0,87.0,87.67,90.0,84.0,85.0,89.5,87.5
89.67,80.67,90.0,86.33,83.67,91.0,89.0,88.67,90.67,89.67,87.33,88.33,84.2,87.0,88.0,87.0
83.33,81.67,88.67,91.67,89.0,83.33,90.0,84.0,91.67,89.33,84.0,91.33,87.4,81.5,87.5,88.0
91.67,91.33,87.33,91.0,88.67,85.33,90.33,86.67,85.67,89.33,83.67,89.67,91.0,82.0,88.0,84.0
88.67,83.33,91.0,89.0,86.0,90.33,84.0,90.67,91.0,84.67,83.67,92.67,87.0,83.0,87.5,89.5
92.0,89.0,84.67,87.33,90.0,90.0,84.33,87.67,88.67,85.33,86.0,86.67,84.8,92.5,85.5,90.0
88.67,82.33,91.33,84.0,85.0,90.33,87.33,87.33,87.67,84.0,86.67,86.67,86.2,92.5,87.0,93.0
82.0,85.67,87.0,84.33,83.67,85.0,90.67,84.67,85.0,89.0,85.67,89.0,87.2,86.5,83.5,88.5
89.67,84.0,89.0,92.67,87.67,89.67,88.33,86.33,86.67,85.0,91.33,87.67,92.0,86.0,90.0,89.0
88.0,86.33,84.33,90.33,89.67,84.0,83.0,87.0,92.0,89.33,87.0,87.33,85.8,92.5,92.5,93.0
86.0,85.67,85.67,86.0,84.0,87.67,87.0,89.0,93.0,87.33,88.0,92.67,87.8,87.0,80.5,94.5
84.67,89.67,82.67,87.0,89.33,86.33,91.0,88.33,86.0,89.0,87.33,87.0,87.6,85.5,85.0,95.0
84.67,87.0,85.0,88.67,86.67,89.67,91.0,82.0,91.0,83.67,86.0,83.67,89.6,90.5,88.5,93.0
89.67,89.67,88.33,88.33,92.33,87.0,88.0,83.33,87.67,85.33,90.0,93.33,88.4,87.0,82.5,87.5
90.0,92.0,85.33,87.33,86.67,89.33,88.33,85.67,86.67,83.0,84.0,90.67,85.0,91.5,81.5,92.0
89.33,84.33,88.0,87.67,91.0,91.0,88.67,89.0,89.33,87.0,89.33,83.33,90.2,86.5,90.5,90.0
88.67,88.33,84.67,88.0,87.0,88.67,86.33,85.67,91.67,92.33,86.67,88.0,89.4,91.0,83.0,91.0
90.0,89.33,91.33,86.0,85.0,85.67,83.33,87.0,84.0,85.67,88.33,90.33,88.6,91.0,81.5,86.0
81.67,86.0,88.33,84.0,83.67,90.0,88.67,88.33,89.67,89.67,90.0,87.67,88.0,84.5,89.0,87.5
88.33,84.67,90.33,92.33,87.67,90.33,91.0,86.67,84.33,90.0,83.0,91.0,87.8,90.0,90.0,92.0
90.67,88.0,90.33,89.0,84.67,87.67,90.67,85.0,87.0,85.33,87.33,87.67,89.2,91.0,88.5,93.5
86.0,83.33,89.67,87.33,85.67,84.33,84.33,83.67,88.33,89.0,89.33,89.33,89.8,80.5,84.5,91.0
85.0,81.67,87.0,89.33,88.33,84.33,87.0,88.67,92.0,86.0,91.33,87.0,89.0,86.0,86.0,89.0
84.67,88.33,85.33,86.33,84.33,83.0,85.67,90.33,87.33,90.0,88.0,90.33,87.4,81.0,92.0,87.5
86.0,83.67,84.67,84.0,86.0,87.67,91.0,94.33,81.67,87.67,92.33,92.33,88.4,81.5,91.5,90.0
83.33,88.33,83.0,83.0,88.33,86.67,93.33,84.0,89.0,84.67,91.67,85.33,85.8,83.0,83.5,90.0
91.0,93.0,91.33,84.67,82.67,85.0,90.33,84.0,87.33,86.33,88.33,84.0,85.6,84.0,87.5,90.5
87.67,89.33,92.67,88.0,86.67,87.0,83.0,84.67,85.0,84.33,88.0,89.67,88.8,85.5,83.0,92.5
89.0,85.0,92.0,84.0,84.33,88.33,90.33,89.33,89.33,86.67,87.33,84.0,86.0,83.0,87.0,81.5
92.33,92.33,82.33,83.67,85.0,82.67,84.0,87.0,85.67,91.0,91.33,89.33,87.4,88.0,88.0,85.5
89.67,89.0,84.0,91.33,92.33,87.67,87.33,93.67,85.33,87.33,86.67,89.67,89.6,83.5,90.5,87.0
86.33,89.67,85.33,86.67,87.0,89.33,83.67,87.67,83.0,84.0,86.33,88.0,90.2,92.0,90.0,93.5
89.33,87.33,84.33,85.33,86.33,90.33,86.0,87.67,89.0,87.67,90.67,84.0,92.6,88.5,86.5,94.0
88.33,88.0,84.33,91.67,86.67,82.67,86.0,87.33,87.0,88.0,88.0,87.67,87.6,85.5,89.5,88.0
86.33,86.67,91.33,91.0,86.33,85.33,90.67,89.33,83.67,90.33,85.0,90.33,88.4,89.5,84.5,89.0
92.33,85.67,87.0,87.67,86.67,82.33,86.67,89.67,85.33,86.67,90.33,86.67,86.2,93.0,85.0,90.0
90.0,86.67,83.33,91.33,91.0,83.33,89.33,90.0,88.0,86.67,86.0,85.67,90.0,83.0,85.0,89.0
88.0,87.33,87.0,86.33,87.0,91.33,91.67,89.33,82.67,89.0,87.67,82.0,86.2,84.5,88.5,86.5
86.0,87.67,84.0,93.67,89.33,85.33,84.0,86.33,89.33,85.0,89.67,88.67,90.0,89.5,88.5,83.0
87.0,86.33,88.33,87.67,91.67,87.0,85.67,90.0,90.0,90.67,90.33,87.67,90.0,90.0,91.5,89.5
86.67,85.0,88.67,88.67,86.0,88.33,89.0,86.0,84.67,89.0,83.33,87.33,86.6,89.0,84.5,93.5
92.0,87.0,86.33,91.0,93.0,87.33,87.33,88.0,91.67,89.67,86.0,89.67,87.2,87.5,84.0,90.5
92.0,88.0,89.33,89.67,88.33,85.0,83.33,81.0,87.67,88.0,83.67,85.33,87.0,94.0,93.5,92.5
88.33,88.33,91.33,92.0,88.67,88.33,88.67,87.0,83.67,88.33,88.67,85.33,87.6,84.0,85.0,83.5
87.0,83.67,82.0,86.67,91.67,93.33,88.67,87.67,80.67,84.33,89.33,83.33,86.4,90.0,87.5,86.0
87.33,91.33,88.33,87.33,87.67,84.0,82.67,85.33,85.33,86.67,89.67,85.33,84.0,93.5,92.0,91.5
87.67,88.33,86.33,89.33,85.33,84.67,88.33,85.33,91.33,90.0,85.67,90.33,84.8,90.5,89.5,90.0
88.33,83.0,86.0,89.0,88.33,91.67,81.67,87.33,88.0,88.33,88.33,86.33,88.8,83.5,86.5,86.0
91.33,87.67,87.67,87.33,89.0,86.67,87.33,81.33,89.33,83.67,86.67,86.33,86.0,90.0,84.0,85.5
88.0,82.0,90.67,87.67,88.33,84.67,88.67,87.67,86.0,90.0,88.67,82.33,84.8,84.5,91.5,88.0
86.0,84.67,90.67,90.33,86.0,87.33,88.67,88.67,92.67,89.33,90.67,89.33,88.6,87.0,83.5,92.0
87.33,85.0,87.0,86.33,85.0,83.67,84.67,85.33,88.0,88.0,86.67,88.0,85.2,90.0,92.5,84.0
86.0,87.33,89.33,86.67,86.33,84.67,88.33,93.0,90.0,91.33,86.67,89.0,86.0,90.5,89.0,83.5
85.33,88.33,88.67,83.67,84.0,90.0,85.0,88.67,88.67,87.0,91.33,90.0,89.2,87.0,86.0,85.5
85.0,85.67,90.67,86.33,88.33,87.33,86.33,89.0,84.0,90.0,85.0,88.67,87.4,84.5,91.0,92.0
88.67,90.67,85.67,85.0,89.67,89.33,93.0,87.0,86.67,87.0,93.33,88.0,89.2,95.0,86.0,93.0
84.33,87.67,88.67,87.67,83.0,85.33,87.33,89.0,91.0,90.0,90.33,90.0,86.2,84.0,86.0,87.5
89.33,91.33,89.0,89.33,85.0,87.33,89.0,87.0,87.67,86.67,85.67,90.67,86.2,83.5,92.5,86.0
82.67,89.0,89.67,88.0,88.33,84.33,84.67,86.33,84.0,91.33,84.67,81.67,89.0,87.0,86.5,93.0
87.0,82.67,88.0,86.0,91.67,86.67,84.33,91.67,88.67,90.0,85.33,84.33,87.2,80.0,86.0,83.5
87.0,91.67,88.0,88.0,86.67,83.0,90.0,88.67,84.0,83.33,83.67,82.67,82.6,86.5,85.5,88.5
90.33,86.0,86.67,84.0,89.67,87.67,88.33,93.0,86.67,84.0,89.0,87.0,88.6,87.0,88.0,90.0
93.67,89.33,85.67,90.33,90.0,89.67,92.33,84.67,90.0,91.67,86.33,91.0,85.8,87.5,88.5,90.5
87.0,90.0,91.0,86.33,86.0,86.67,85.67,86.67,93.67,83.67,89.67,88.33,85.8,85.0,84.5,88.5
89.0,86.67,89.0,85.0,86.0,86.67,87.0,91.33,84.0,85.33,86.0,87.33,89.0,93.0,86.5,89.0
85.33,89.67,86.67,90.0,87.67,86.0,92.67,87.0,87.0,83.67,88.0,87.0,88.8,92.5,89.5,88.0
86.0,84.67,87.33,91.67,86.0,81.67,89.67,88.33,95.0,88.33,88.33,90.0,89.0,84.0,89.0,86.5
90.33,91.67,86.33,90.33,81.67,86.67,90.33,93.33,84.0,91.0,81.33,91.0,87.4,87.0,93.0,86.0
86.33,87.33,84.0,82.33,84.33,82.67,89.67,85.67,87.67,87.0,89.67,89.33,87.0,89.5,86.0,86.0
89.0,87.0,89.67,87.67,89.33,89.0,93.0,87.67,83.67,85.0,86.33,87.33,87.4,91.5,85.0,89.0
87.33,89.67,89.0,87.0,87.33,88.67,85.33,88.33,90.67,87.67,84.33,92.0,89.6,85.0,88.0,89.0
87.33,83.67,90.0,87.67,87.33,90.0,89.0,88.67,89.0,84.33,86.33,89.67,86.0,86.5,83.0,84.5
90.67,89.33,90.0,83.67,89.33,83.0,87.33,88.67,90.33,89.67,90.33,83.67,87.4,88.5,87.0,85.0
87.67,88.33,89.33,90.67,86.67,84.67,89.67,88.33,86.67,89.67,87.0,91.0,89.4,86.0,85.5,82.0
87.0,87.0,87.0,90.33,85.0,87.33,88.33,92.0,84.33,88.33,91.33,88.67,84.8,86.5,85.0,87.0
85.0,87.67,87.67,89.67,87.33,85.33,86.67,92.0,87.33,86.67,83.67,85.67,88.6,89.5,86.5,87.0
87.0,89.67,85.33,92.0,87.67,82.67,85.0,91.33,86.67,84.67,84.67,87.0,85.0,86.0,87.0,86.5
88.33,85.0,84.33,85.33,88.67,84.0,90.0,88.67,87.67,86.67,84.0,88.0,88.0,89.5,90.0,88.0
88.33,88.33,86.33,87.33,88.67,85.67,90.0,87.67,85.67,85.0,86.67,85.67,90.4,80.5,91.5,88.0
93.67,88.33,85.67,83.0,90.0,89.0,86.67,83.67,86.0,87.67,89.67,91.33,88.2,81.0,86.0,89.0
89.0,82.67,86.33,86.67,86.67,89.0,90.67,85.0,86.67,90.33,88.67,93.0,88.4,89.5,85.0,90.5
91.0,86.33,86.0,84.0,83.0,88.67,90.0,87.67,89.67,88.0,83.67,88.33,87.8,87.0,89.0,82.0
90.67,84.0,84.67,89.0,87.67,89.67,83.67,89.33,87.67,86.0,89.33,83.67,87.2,89.0,90.0,84.5
87.0,88.67,87.33,93.0,85.67,87.33,85.0,88.33,88.0,88.0,84.33,83.33,90.4,86.5,81.0,88.0
82.0,87.67,90.33,88.67,91.33,85.67,83.33,92.0,89.33,86.67,87.33,88.67,89.0,91.0,89.5,89.5
85.0,85.33,83.0,89.33,81.33,87.0,86.67,86.0,90.33,84.33,84.0,87.67,87.8,83.0,86.5,94.0
86.67,86.0,87.0,86.0,93.0,85.67,91.67,87.0,87.67,87.33,91.33,89.0,84.4,88.5,87.5,83.0
88.0,86.0,84.0,84.0,86.67,90.0,88.33,86.67,89.33,90.0,89.33,81.33,89.6,87.5,87.5,83.5
89.67,93.33,86.0,87.33,88.67,84.67,85.67,91.0,88.0,85.67,89.33,85.0,86.6,87.5,92.0,90.5
88.0,84.0,88.0,88.33,86.33,90.0,86.67,90.0,81.0,87.0,84.33,90.0,86.0,84.0,84.0,87.5
83.33,88.67,90.67,84.67,87.33,88.33,86.33,87.33,83.33,90.33,90.0,85.33,89.4,86.0,87.5,86.0
83.33,82.67,82.67,86.33,83.67,87.0,86.33,90.33,84.0,83.33,84.67,82.67,90.6,84.0,83.5,86.0
88.67,86.0,92.33,86.0,86.0,87.33,86.0,90.33,88.0,86.67,89.67,83.67,84.6,88.0,88.0,85.5
86.33,87.67,88.67,90.67,84.67,92.0,85.33,88.33,86.0,83.33,87.33,85.67,88.0,86.5,90.5,84.5
91.33,84.0,89.0,85.0,88.0,86.67,88.33,88.33,88.0,89.67,86.0,83.67,88.0,88.0,92.0,84.5
85.67,93.33,85.0,85.0,83.33,86.33,86.33,86.67,83.67,84.67,90.67,84.67,88.4,83.5,86.0,83.5
84.67,87.0,85.33,86.33,92.33,86.33,88.33,91.33,92.0,83.67,90.0,90.0,91.4,81.0,88.5,88.0
91.67,87.67,90.0,91.0,89.67,87.67,90.67,90.33,85.0,92.67,88.0,90.33,88.8,87.0,87.5,85.5
87.0,88.0,88.67,90.33,84.67,88.0,82.67,90.33,91.0,84.33,90.67,92.33,86.4,89.5,88.5,86.5
86.0,84.33,93.67,87.67,88.0,87.33,85.67,88.67,90.0,86.67,86.0,83.67,88.8,90.0,81.5,87.5
86.0,86.67,92.0,91.0,86.0,88.0,87.0,84.67,87.67,87.0,88.67,88.67,87.0,86.0,90.0,90.5
91.67,89.0,89.0,89.33,88.33,85.67,86.33,88.33,89.33,84.0,84.67,86.33,90.2,85.5,91.0,83.5
90.67,87.33,93.67,86.33,81.67,87.67,87.33,88.33,87.0,84.0,89.33,86.33,86.6,93.0,87.5,87.5
