DDD10102,DDD10103,DDD10104,DDD10106,DDD10107,DDD10108,DDD10110,DDD10111,DDD10112,DDD10114,DDD10115,DDD10116,LCP10102,LCP10103,LCP10104,LCP10106,LCP10107,LCP10108,LCP10110,LCP10111,LCP10112,LCP10114,LCP10115,LCP10116,RTS10102,RTS10103,RTS10104,RTS10106,RTS10107,RTS10108,CIP10102,CIP10103,CIP10104,CIP10106,CIP10107,CIP10108,CIP10110,CIP10111,CIP10112,CIP10113,CIP10114,IOP10102,IOP10103,IOP10105,IOP10106,IOP10108,IOP10109,DDD10101,DDD10105,DDD10109,DDD10113,LCP10101,LCP10105,LCP10109,LCP10113,RTS10101,RTS10105,CIP10101,CIP10105,CIP10109,IOP10101,IOP10104,IOP10107,DDD10000,LCP10000,RTS10000,CIP10000,IOP10000,PRCY_001
90,85,83,95,88,80,81,81,89,95,91,89,93,81,82,84,92,81,82,85,80,87,87,84,82,82,80,85,91,85,84,82,93,82,83,86,95,89,93,81,94,81,89,84,81,81,84,86.0,87.67,83.67,91.67,85.33,85.67,82.33,86.0,81.33,87.0,86.33,83.67,90.4,85.0,82.5,82.5,87.25,84.83,84.17,86.8,83.33,85.28
90,94,91,87,86,89,88,85,88,80,82,83,90,81,91,92,83,84,88,86,80,80,91,86,91,82,89,92,95,87,91,87,88,83,92,81,84,90,83,86,87,88,84,80,81,90,84,91.67,87.33,87.0,81.67,87.33,86.33,84.67,85.67,87.33,91.33,88.67,85.33,86.0,86.0,80.5,87.0,86.92,86.0,89.33,86.67,84.5,86.68
94,93,90,80,81,89,83,83,81,94,92,88,91,80,90,84,91,82,83,85,94,86,86,91,90,82,85,87,91,91,94,80,95,89,81,93,91,84,88,88,95,81,83,82,84,90,93,92.33,83.33,82.33,91.33,87.0,85.67,87.33,87.67,85.67,89.67,89.67,87.67,89.2,82.0,83.0,91.5,87.33,86.92,87.67,88.84,85.5,87.25
94,88,90,83,83,83,83,86,90,81,85,80,94,84,94,82,93,81,93,90,83,91,93,81,87,80,94,85,84,81,88,93,95,90,83,91,83,95,95,93,88,91,80,90,86,86,82,90.67,83.0,86.33,82.0,90.67,85.33,88.67,88.33,87.0,83.33,92.0,88.0,90.8,85.5,88.0,84.0,85.5,88.25,85.17,90.27,85.83,87.0
83,95,87,90,93,80,88,82,92,84,84,84,94,94,95,82,83,85,81,94,95,86,94,87,83,80,80,87,85,89,87,85,87,80,90,91,92,86,91,87,92,91,86,83,93,88,85,88.33,87.67,87.33,84.0,94.33,83.33,90.0,89.0,81.0,87.0,86.33,87.0,89.6,88.5,88.0,86.5,86.83,89.17,84.0,87.64,87.67,87.06
83,90,92,91,88,91,86,85,82,94,88,91,94,95,94,83,91,95,81,81,86,82,86,89,84,89,95,88,86,88,86,89,95,83,94,88,82,92,86,92,90,95,91,81,93,93,92,88.33,90.0,84.33,91.0,94.33,89.67,82.67,85.67,89.33,87.33,90.0,88.33,88.4,93.0,87.0,92.5,88.42,88.08,88.33,88.91,90.83,88.92
81,91,94,85,95,86,82,86,83,91,89,93,88,95,94,91,92,85,93,95,81,91,89,95,87,93,95,87,87,92,82,81,89,91,83,94,86,82,93,93,87,86,91,81,86,86,92,88.67,88.67,83.67,91.0,92.33,89.33,89.67,91.67,91.67,88.67,84.0,89.33,88.2,88.5,83.5,89.0,88.0,90.75,90.17,87.18,87.0,88.62
92,93,84,91,88,82,84,85,91,88,93,91,84,90,89,88,87,88,92,82,82,87,80,82,84,86,80,87,85,91,80,81,95,81,83,88,90,86,90,85,89,93,81,90,85,87,93,89.67,87.0,86.67,90.67,87.67,87.67,85.33,83.0,83.33,87.67,85.33,84.0,88.0,87.0,87.5,90.0,88.5,85.92,85.5,85.78,88.17,86.77
95,93,84,90,82,90,95,88,91,86,94,90,93,84,80,86,88,83,82,83,80,88,94,92,87,82,82,94,83,85,87,87,80,81,95,95,84,95,89,95,81,89,86,94,95,91,88,90.67,87.33,91.33,90.0,85.67,85.67,81.67,91.33,83.67,87.33,84.67,90.33,88.8,87.5,94.5,89.5,89.83,86.08,85.5,87.93,90.5,87.97
83,93,93,86,86,95,92,89,81,84,83,91,82,82,85,93,90,92,93,90,95,93,84,95,87,81,88,91,90,86,94,93,87,83,80,91,95,83,88,88,94,83,90,88,89,90,80,89.67,89.0,87.33,86.0,83.0,91.67,92.67,90.67,85.33,89.0,91.33,84.67,89.6,86.5,88.5,85.0,88.0,89.5,87.17,88.53,86.67,87.97
92,87,88,81,88,94,82,94,86,88,86,94,86,83,87,89,91,88,93,83,93,95,88,95,83,81,88,88,94,93,84,80,86,84,92,86,83,94,80,95,94,89,83,81,81,92,88,89.0,87.67,87.33,89.33,85.33,89.33,89.67,92.67,84.0,91.67,83.33,87.33,89.2,86.0,81.0,90.0,88.33,89.25,87.83,86.62,85.67,87.54
92,89,91,95,95,81,85,83,82,89,91,95,94,86,90,86,87,95,92,95,94,94,84,81,90,88,94,92,92,89,82,95,86,90,90,89,84,92,80,95,87,80,92,89,84,82,81,90.67,90.33,83.33,91.67,90.0,89.33,93.67,86.33,90.67,91.0,87.67,89.67,87.6,86.0,86.5,81.5,89.0,89.83,90.83,88.31,84.67,88.53
84,89,86,89,93,83,95,82,81,95,90,82,90,94,93,91,82,91,86,93,90,81,88,81,92,86,90,88,92,95,92,94,90,90,84,94,90,94,80,94,91,93,87,85,85,83,85,86.33,88.33,86.0,89.0,92.33,88.0,89.67,83.33,89.33,91.67,92.0,89.33,89.8,90.0,85.0,84.0,87.42,88.33,90.5,90.38,86.33,88.59
85,85,84,80,83,88,95,82,88,89,90,89,92,83,91,80,80,86,89,84,95,89,84,89,89,94,93,81,92,87,87,91,84,88,81,81,93,83,81,86,90,84,93,83,95,90,95,84.67,83.67,88.33,89.33,88.67,82.0,89.33,87.33,92.0,86.67,87.33,83.33,86.6,88.5,89.0,92.5,86.5,86.83,89.33,85.76,90.0,87.68
86,87,91,87,88,89,82,86,85,83,81,88,86,94,88,93,94,92,95,95,87,88,89,86,87,89,81,84,80,87,83,87,84,89,83,90,84,83,88,81,87,94,84,90,88,95,85,88.0,88.0,84.33,84.0,89.33,93.0,92.33,87.67,85.67,83.67,84.67,87.33,84.6,89.0,89.0,90.0,86.08,90.58,84.67,85.53,89.33,87.24
81,94,80,91,87,90,85,89,86,90,92,85,95,82,83,95,94,84,92,90,84,84,85,83,80,91,87,93,90,81,89,87,85,91,81,81,94,86,88,85,87,83,91,89,87,86,85,85.0,89.33,86.67,89.0,86.67,91.0,88.67,84.0,86.0,88.0,87.0,84.33,88.0,87.0,88.0,85.5,87.5,87.58,87.0,86.44,86.83,87.07
80,92,92,95,88,83,88,93,93,85,86,85,86,80,80,93,88,82,85,85,84,88,89,91,84,95,95,81,81,83,86,93,90,93,91,93,87,84,89,92,93,86,91,86,91,92,93,88.0,88.67,91.33,85.33,82.0,87.67,84.67,89.33,91.33,81.67,89.67,92.33,89.0,88.5,88.5,92.5,88.33,85.92,86.5,90.33,89.83,88.18
82,90,84,83,95,85,93,83,85,83,83,92,86,83,89,82,93,88,93,81,83,86,81,86,94,87,95,93,90,94,80,85,86,90,92,95,95,81,83,88,86,94,87,81,84,80,86,85.33,87.67,87.0,86.0,86.0,87.67,85.67,84.33,92.0,92.33,83.67,92.33,86.6,90.5,82.5,83.0,86.5,85.92,92.17,87.53,85.33,87.49
95,92,90,93,87,95,89,91,81,83,92,95,90,92,86,92,92,88,91,83,86,85,81,93,84,92,85,88,81,95,94,80,91,88,88,95,82,94,95,95,88,87,93,95,92,95,86,92.33,91.67,87.0,90.0,89.33,90.67,86.67,86.33,87.0,88.0,88.33,90.33,90.8,90.0,93.5,90.5,90.25,88.25,87.5,89.82,91.33,89.43
86,94,93,84,94,90,82,83,89,87,90,88,93,90,94,85,83,93,90,94,95,90,82,91,92,82,84,93,86,87,81,81,85,82,81,89,89,88,86,93,95,87,91,84,82,95,94,91.0,89.33,84.67,88.33,92.33,87.0,93.0,87.67,86.0,88.67,82.33,84.0,90.2,89.0,83.0,94.5,88.33,90.0,87.33,85.51,88.83,88.0
92,82,95,91,84,81,84,89,82,85,81,89,93,86,87,90,89,93,87,80,80,82,87,81,80,91,93,90,82,91,84,83,84,95,94,91,87,90,87,91,84,92,83,82,83,91,84,89.67,85.33,85.0,85.0,88.67,90.67,82.33,83.33,88.0,87.67,83.67,93.33,87.8,87.5,82.5,87.5,86.25,86.25,87.83,88.27,85.83,86.89
84,88,91,88,86,85,82,84,93,94,88,82,82,82,80,80,95,84,93,80,95,91,84,82,89,87,90,87,95,86,83,89,95,94,95,83,94,80,87,95,92,88,91,81,90,84,95,87.67,86.33,86.33,88.0,81.33,86.33,89.33,85.67,88.67,89.33,89.0,90.67,89.6,89.5,85.5,89.5,87.08,85.67,89.0,89.76,88.17,87.93
82,88,91,85,86,87,80,81,89,91,80,80,90,94,85,85,82,94,93,90,80,82,88,88,83,95,89,89,80,82,95,80,83,91,84,92,90,93,91,90,93,89,93,93,82,87,92,87.0,86.0,83.33,83.67,89.67,87.0,87.67,86.0,89.0,83.67,86.0,89.0,91.4,91.0,87.5,89.5,85.0,87.58,86.33,88.8,89.33,87.41
85,90,90,80,81,89,85,84,92,85,91,93,92,88,95,91,91,92,80,91,86,83,91,94,93,93,83,84,85,87,91,90,83,80,81,92,93,81,95,82,83,90,82,80,95,95,92,88.33,83.33,87.0,89.67,91.67,91.33,85.67,89.33,89.67,85.33,88.0,84.33,86.8,86.0,87.5,93.5,87.08,89.5,87.5,86.38,89.0,87.89
90,81,92,93,93,82,88,86,92,92,93,83,89,91,89,94,81,83,82,86,89,81,82,87,80,93,81,87,88,83,91,80,83,94,88,86,92,89,91,87,88,86,83,81,86,92,87,87.67,89.33,88.67,89.33,89.67,86.0,85.67,83.33,84.67,86.0,84.67,89.33,89.4,84.5,83.5,89.5,88.75,86.17,85.33,87.8,85.83,86.78
86,91,80,84,87,90,93,87,88,93,84,85,93,84,86,95,83,95,90,84,90,88,95,89,94,94,90,88,80,95,81,83,81,87,89,94,88,93,82,83,88,82,80,86,86,86,90,85.67,87.0,89.33,87.33,87.67,91.0,88.0,90.67,92.67,87.67,81.67,90.0,86.8,81.0,86.0,88.0,87.33,89.33,90.17,86.16,85.0,87.6
94,87,84,86,82,85,82,87,84,94,87,86,92,85,82,87,90,93,87,80,88,88,88,87,93,89,89,92,80,83,95,92,92,93,83,86,89,85,83,93,95,82,95,80,86,90,85,88.33,84.33,84.33,89.0,86.33,90.0,85.0,87.67,90.33,85.0,93.0,87.33,89.0,88.5,83.0,87.5,86.5,87.25,87.67,89.78,86.33,87.51
84,93,93,82,93,85,85,88,94,94,92,88,83,91,91,88,89,81,91,82,88,83,90,87,87,81,93,90,80,80,91,89,91,84,87,91,80,81,95,83,82,93,90,89,88,91,80,90.0,86.67,89.0,91.33,88.33,86.0,87.0,86.67,87.0,83.33,90.33,87.33,84.2,91.5,88.5,85.5,89.25,87.0,85.17,87.29,88.5,87.44
86,93,81,94,89,85,83,91,95,91,81,81,90,89,86,83,83,91,88,84,80,93,94,91,91,89,87,93,88,83,86,94,94,93,91,95,87,87,85,90,87,81,93,85,93,85,92,86.67,89.33,89.67,84.33,88.33,85.67,84.0,92.67,89.0,88.0,91.33,93.0,87.2,87.0,89.0,88.5,87.5,87.67,88.5,90.51,88.17,88.47
95,81,95,84,95,93,94,92,93,87,88,94,82,92,82,94,86,84,94,87,95,82,82,89,88,87,93,92,83,81,91,84,82,80,92,86,84,82,92,90,92,94,86,93,95,94,81,90.33,90.67,93.0,89.67,85.33,88.0,92.0,84.33,89.33,85.33,85.67,86.0,88.0,90.0,94.0,87.5,90.92,87.42,87.33,86.56,90.5,88.54
87,84,92,93,83,89,83,94,80,80,88,88,87,95,95,92,88,85,89,83,82,94,85,91,80,89,86,95,94,93,95,94,86,92,95,86,94,90,82,81,94,85,95,84,91,92,93,87.67,88.33,85.67,85.33,92.33,88.33,84.67,90.0,85.0,94.0,91.67,91.0,88.2,90.0,87.5,92.5,86.75,88.83,89.5,90.29,90.0,89.07
87,93,85,84,80,90,83,82,89,86,88,92,95,93,81,86,82,86,90,83,82,93,81,87,80,84,95,86,94,82,83,91,80,84,90,85,87,94,89,86,89,85,92,94,94,88,89,88.33,84.67,84.67,88.67,89.67,84.67,85.0,87.0,86.33,87.33,84.67,86.33,89.0,88.5,94.0,88.5,86.58,86.58,86.83,86.67,90.33,87.4
87,82,92,94,88,80,90,83,84,93,87,82,82,81,83,89,95,90,90,89,81,85,86,81,92,94,82,86,90,87,90,83,92,86,81,94,89,82,88,91,93,80,81,92,90,90,87,87.0,87.33,85.67,87.33,82.0,91.33,86.67,84.0,89.33,87.67,88.33,87.0,88.6,80.5,91.0,88.5,86.83,86.0,88.5,87.98,86.67,87.2
86,87,92,94,85,83,81,85,82,83,85,84,83,94,89,95,85,94,82,83,82,82,81,95,95,94,92,82,83,82,83,82,91,86,88,82,83,81,85,90,83,94,84,83,81,81,94,88.33,87.33,82.67,84.0,88.67,91.33,82.33,86.0,93.67,82.33,85.33,85.33,84.4,89.0,82.0,87.5,85.58,87.08,88.0,85.02,86.17,86.37
92,89,88,84,95,89,92,87,81,82,82,93,84,80,80,87,88,88,95,90,88,93,80,87,88,84,80,85,94,88,94,85,80,92,92,90,91,94,83,85,89,90,82,84,86,82,83,89.67,89.33,86.67,85.67,81.33,87.67,91.0,86.67,84.0,89.0,86.33,91.33,88.4,86.0,85.0,82.5,87.83,86.67,86.5,88.69,84.5,86.84
82,91,92,83,80,90,92,81,85,87,83,90,93,86,95,83,85,88,81,90,94,86,93,82,90,83,90,81,82,89,91,92,90,91,86,81,88,82,84,95,86,93,88,87,82,88,84,88.33,84.33,86.0,86.67,91.33,85.33,88.33,87.0,87.67,84.0,91.0,86.0,87.0,90.5,84.5,86.0,86.33,88.0,85.83,88.0,87.0,87.03
83,81,88,82,95,88,84,94,85,86,90,84,89,86,93,91,87,83,86,85,87,94,86,92,90,93,93,86,83,92,84,90,82,84,86,91,89,83,87,93,89,84,87,89,94,85,84,84.0,88.33,87.67,86.67,89.33,87.0,86.0,90.67,92.0,87.0,85.33,87.0,88.2,85.5,91.5,84.5,86.67,88.25,89.5,86.84,87.17,87.69
89,84,95,86,93,89,87,80,86,85,83,91,93,80,88,87,84,94,86,81,86,81,83,81,93,82,81,92,86,95,86,82,80,94,89,88,93,87,89,94,80,80,88,80,89,88,84,89.33,89.33,84.33,86.33,87.0,88.33,84.33,81.67,85.33,91.0,82.67,90.33,88.6,84.0,84.5,86.0,87.33,85.33,88.17,87.2,84.83,86.57
89,94,84,81,83,88,81,93,93,95,84,89,84,88,92,83,94,94,80,92,81,91,81,93,85,91,82,80,80,95,83,85,90,92,85,80,83,87,91,84,92,85,82,84,82,82,87,89.0,84.0,89.0,89.33,88.0,90.33,84.33,88.33,86.0,85.0,86.0,85.67,87.4,83.5,83.0,84.5,87.83,87.75,85.5,86.36,83.67,86.22
94,87,83,94,85,93,80,80,86,95,95,84,88,89,90,85,85,93,83,82,85,80,95,93,93,95,94,90,90,82,81,84,87,90,94,92,93,80,84,92,90,80,92,83,89,89,92,88.0,90.67,82.0,91.33,89.0,87.67,83.33,89.33,94.0,87.33,84.0,92.0,87.8,86.0,86.0,90.5,88.0,87.33,90.67,87.93,87.5,88.29
82,82,83,81,92,89,84,80,80,95,85,83,86,90,94,90,87,83,88,90,87,91,94,83,87,80,91,80,82,84,88,89,91,93,89,84,82,90,87,86,95,94,82,81,94,89,87,82.33,87.33,81.33,87.67,90.0,86.67,88.33,89.33,86.0,82.0,89.33,88.67,88.0,88.0,87.5,88.0,84.67,88.58,84.0,88.67,87.83,86.75
90,88,84,94,86,86,91,84,89,94,93,83,88,87,80,81,95,91,90,94,86,80,85,88,88,87,92,95,94,93,88,94,90,87,95,87,91,89,86,81,83,86,87,81,94,86,92,87.33,88.67,88.0,90.0,85.0,89.0,90.0,84.33,89.0,94.0,90.67,89.67,86.0,86.5,87.5,89.0,88.5,87.08,91.5,88.78,87.67,88.71
84,84,94,95,95,90,93,81,87,92,94,90,86,89,83,87,83,87,85,80,95,86,86,94,83,89,87,95,93,93,87,95,81,89,92,94,91,94,87,80,83,85,86,93,93,91,90,87.33,93.33,87.0,92.0,86.0,85.67,86.67,88.67,86.33,93.67,87.67,91.67,87.0,85.5,93.0,90.5,89.92,86.75,90.0,88.78,89.67,89.02
91,80,91,80,82,87,93,83,94,85,85,87,92,88,92,87,90,82,80,87,95,82,89,94,91,92,87,94,89,80,81,82,85,91,91,84,93,95,84,87,89,82,85,89,87,95,85,87.33,83.0,90.0,85.67,90.67,86.33,87.33,88.33,90.0,87.67,82.67,88.67,89.6,83.5,88.0,90.0,86.5,88.17,88.83,86.98,87.17,87.53
85,93,81,95,91,81,95,82,83,90,84,93,81,91,91,86,80,85,80,90,90,85,94,88,94,90,92,87,80,87,84,80,81,91,89,88,94,88,92,85,82,93,83,82,81,94,80,86.33,89.0,86.67,89.0,87.67,83.67,86.67,89.0,92.0,84.67,81.67,89.33,88.2,88.0,81.5,87.0,87.75,86.75,88.33,86.4,85.5,86.95
83,94,93,94,92,95,94,82,85,82,84,89,85,80,88,95,88,82,84,94,93,83,88,91,88,91,87,89,82,80,94,84,83,84,80,89,80,80,94,90,82,82,81,86,90,83,82,90.0,93.67,87.0,85.0,84.33,88.33,90.33,87.33,88.67,83.67,87.0,84.33,85.2,81.5,88.0,82.5,88.92,87.58,86.17,85.51,84.0,86.44
84,86,85,88,91,94,84,85,81,85,84,92,91,92,89,93,83,83,89,93,94,88,93,88,81,81,92,94,90,90,95,83,89,81,95,91,87,82,87,80,85,94,84,87,85,84,88,85.0,91.0,83.33,87.0,90.67,86.33,92.0,89.67,84.67,91.33,89.0,89.0,84.2,89.0,86.0,86.0,86.58,89.67,88.0,87.4,87.0,87.73
85,91,94,80,94,87,81,91,83,95,85,86,93,90,86,86,90,82,86,84,90,86,90,84,80,82,81,88,81,86,85,81,91,87,88,89,83,86,88,95,87,88,87,83,89,91,81,90.0,87.0,85.0,88.67,89.67,86.0,86.67,86.67,81.0,85.0,85.67,88.0,87.8,87.5,86.0,86.0,87.67,87.25,83.0,87.16,86.5,86.31
89,85,91,92,94,80,80,86,82,80,81,83,83,84,82,84,90,92,91,86,90,88,87,85,81,81,82,88,95,88,87,83,81,88,86,84,86,82,81,82,85,81,84,85,83,93,89,88.33,88.67,82.67,81.33,83.0,88.67,89.0,86.67,81.33,90.33,83.67,86.0,83.2,82.5,84.0,91.0,85.25,86.83,85.83,84.29,85.83,85.61
91,80,85,83,92,92,80,94,89,86,89,85,93,85,92,91,85,85,90,85,93,92,87,94,88,85,86,80,92,95,88,81,95,83,81,86,82,82,85,94,93,80,81,90,89,81,92,85.33,89.0,87.67,86.67,90.0,87.0,89.33,91.0,86.33,89.0,88.0,83.33,87.2,80.5,89.5,86.5,87.17,89.33,87.67,86.18,85.5,87.17
85,95,88,90,87,81,92,95,92,91,84,95,91,88,89,84,93,94,90,85,93,90,84,95,93,90,83,94,80,84,95,95,87,93,90,85,83,81,87,82,84,86,80,94,92,80,91,89.33,86.0,93.0,90.0,89.33,90.33,89.33,89.67,88.67,86.0,92.33,89.33,83.4,83.0,93.0,85.5,89.58,89.67,87.33,88.36,87.17,88.42
81,88,81,80,81,82,91,83,90,92,82,83,95,94,87,80,95,91,88,85,81,94,80,83,84,92,81,88,80,80,83,83,95,87,84,87,90,86,93,93,86,92,85,92,80,91,81,83.33,81.0,88.0,85.67,92.0,88.67,84.67,85.67,85.67,82.67,87.0,86.0,89.6,88.5,86.0,86.0,84.5,87.75,84.17,87.53,86.83,86.16
94,84,90,94,89,90,84,90,81,88,92,88,94,92,87,95,92,94,91,92,90,83,87,86,92,90,93,89,85,90,86,81,88,81,80,90,91,83,84,80,95,85,95,93,80,80,90,89.33,91.0,85.0,89.33,91.0,93.67,91.0,85.33,91.67,88.0,85.0,83.67,86.6,90.0,86.5,85.0,88.67,90.25,89.83,85.09,87.17,88.2
82,84,92,92,87,86,83,85,80,87,89,95,94,90,82,95,94,86,81,91,87,80,84,86,82,95,91,84,82,82,94,88,80,90,89,83,86,83,88,80,83,90,85,93,87,95,87,86.0,88.33,82.67,90.33,88.67,91.67,86.33,83.33,89.33,82.67,87.33,87.33,84.0,87.5,90.0,91.0,86.83,87.5,86.0,86.22,89.5,87.21
81,88,90,91,91,92,86,87,84,93,89,90,80,91,91,84,92,86,82,81,82,92,86,93,93,90,90,83,89,81,82,90,93,87,88,81,92,94,87,84,84,94,80,88,88,80,80,86.33,91.33,85.67,90.67,87.33,87.33,81.67,90.33,91.0,84.33,88.33,85.33,88.2,87.0,88.0,80.0,88.5,86.67,87.67,87.29,85.0,87.02
82,86,82,83,80,94,81,81,81,95,81,94,82,90,84,81,94,84,90,80,85,94,85,82,82,87,82,83,84,81,89,91,84,81,91,85,92,80,83,82,89,90,93,86,94,90,93,83.33,85.67,81.0,90.0,85.33,86.33,85.0,87.0,83.67,82.67,88.0,85.67,85.2,91.5,90.0,91.5,85.0,85.92,83.17,86.29,91.0,86.27
90,84,95,93,92,82,93,86,83,85,90,85,86,93,80,88,94,83,80,93,89,95,87,91,95,91,86,83,83,93,83,89,81,80,92,80,92,83,86,91,82,87,80,91,94,95,85,89.67,89.0,87.33,86.67,86.33,88.33,87.33,91.0,90.67,86.33,84.33,84.0,86.8,83.5,92.5,90.0,88.17,88.25,88.5,85.04,88.67,87.73
84,85,85,84,95,80,95,95,92,95,93,92,93,85,91,81,82,92,88,81,82,87,86,85,91,90,88,82,86,89,95,93,81,86,85,86,87,94,81,92,89,82,88,90,86,84,95,84.67,86.33,94.0,93.33,89.67,85.0,83.67,86.0,89.67,85.67,89.67,85.67,88.6,85.0,88.0,89.5,89.58,86.08,87.67,87.98,87.5,87.76
90,93,88,81,91,87,88,94,80,92,84,91,84,95,91,85,90,86,86,81,90,93,86,80,80,91,86,84,87,92,81,82,82,91,85,90,90,92,85,80,92,89,82,94,87,92,84,90.33,86.33,87.33,89.0,90.0,87.0,85.67,86.33,85.67,87.67,81.67,88.67,87.8,85.5,90.5,88.0,88.25,87.25,86.67,86.04,88.0,87.24
80,91,89,94,85,91,91,83,93,86,87,95,88,83,82,80,87,84,93,84,87,91,91,86,93,87,92,85,93,90,80,80,88,92,92,83,84,89,94,93,81,83,93,84,93,92,84,86.67,90.0,89.0,89.33,84.33,83.67,88.0,89.33,90.67,89.33,82.67,89.0,88.2,88.0,88.5,88.0,88.75,86.33,90.0,86.62,88.17,87.97
90,84,88,92,80,86,83,80,82,91,84,80,82,92,91,90,84,89,90,88,80,85,93,81,86,90,80,82,85,89,91,93,92,89,91,81,89,82,83,83,80,80,87,82,83,83,90,87.33,86.0,81.67,85.0,88.33,87.67,86.0,86.33,85.33,85.33,92.0,87.0,83.4,83.5,82.5,86.5,85.0,87.08,85.33,87.47,84.17,85.81
93,80,84,88,93,85,85,86,81,84,90,80,81,89,82,90,93,91,83,88,90,95,82,94,88,90,80,94,91,89,87,93,91,93,87,85,90,89,90,93,87,93,89,85,85,91,89,85.67,88.67,84.0,84.67,84.0,91.33,87.0,90.33,86.0,91.33,90.33,88.33,89.8,91.0,85.0,90.0,85.75,88.17,88.67,89.49,88.67,88.15
95,91,95,84,82,90,85,82,89,86,94,90,87,83,83,88,83,94,88,93,90,86,83,83,94,83,83,84,87,85,80,90,91,84,93,92,88,95,90,91,81,80,81,86,82,92,91,93.67,85.33,85.33,90.0,84.33,88.33,90.33,84.0,86.67,85.33,87.0,89.67,89.0,80.5,84.0,91.5,88.58,86.75,86.0,88.56,85.33,87.04
94,93,82,80,85,88,89,86,88,86,80,87,95,81,92,91,94,84,94,87,93,84,80,92,93,81,87,91,81,94,82,84,80,83,95,95,80,91,89,86,87,80,87,86,89,95,80,89.67,84.33,87.67,84.33,89.33,89.67,91.33,85.33,87.0,88.67,82.0,91.0,86.6,83.5,87.5,87.5,86.5,88.92,87.83,86.53,86.17,87.19
95,93,94,94,86,91,89,92,92,80,94,94,81,93,89,92,85,82,87,84,95,91,90,95,94,92,83,81,85,95,82,92,81,95,90,93,82,90,83,91,90,82,84,86,86,90,93,94.0,90.33,91.0,89.33,87.67,86.33,88.67,92.0,89.67,87.0,85.0,92.67,87.2,83.0,86.0,91.5,91.17,88.67,88.33,88.29,86.83,88.66
91,92,82,86,93,88,82,80,87,82,92,84,93,83,87,85,94,92,87,88,93,88,86,81,84,92,87,92,95,82,90,82,95,90,82,88,81,91,81,92,94,86,82,84,81,89,92,88.33,89.0,83.0,86.0,87.67,90.33,89.33,85.0,87.67,89.67,89.0,86.67,87.8,84.0,82.5,90.5,86.58,88.08,88.67,87.82,85.67,87.36
89,92,86,88,80,81,83,82,92,83,87,92,88,87,82,87,81,90,86,90,85,88,89,81,84,90,82,81,94,85,80,94,83,87,94,90,84,85,88,87,81,93,83,95,85,89,81,89.0,83.0,85.67,87.33,85.67,86.0,87.0,86.0,85.33,86.67,85.67,90.33,85.0,88.0,90.0,85.0,86.25,86.17,86.0,87.0,87.67,86.62
92,90,85,88,83,91,86,90,94,90,90,81,89,90,89,82,85,92,83,89,85,85,95,88,87,85,82,94,94,88,84,82,86,86,82,95,83,82,93,86,94,83,95,90,92,93,82,89.0,87.33,90.0,87.0,89.33,86.33,85.67,89.33,84.67,92.0,84.0,87.67,87.6,89.0,91.0,87.5,88.33,87.67,88.33,86.42,89.17,87.98
89,93,93,80,81,94,81,95,83,91,88,85,87,80,84,82,93,91,95,94,86,84,85,83,89,90,95,90,89,91,91,80,81,81,87,84,86,88,84,89,88,90,81,94,91,88,92,91.67,85.0,86.33,88.0,83.67,88.67,91.67,84.0,91.33,90.0,84.0,84.0,87.0,85.5,92.5,90.0,87.75,87.0,90.67,85.0,89.33,87.95
89,85,95,94,88,83,94,91,83,80,87,89,82,95,94,93,80,94,83,89,84,84,94,81,92,83,80,94,81,82,95,87,82,90,94,89,81,88,87,93,90,87,91,81,87,89,83,89.67,88.33,89.33,85.33,90.33,89.0,85.33,86.33,85.0,85.67,88.0,91.0,87.8,89.0,84.0,86.0,88.17,87.75,85.33,88.93,86.33,87.3
84,85,82,87,89,81,86,87,80,82,81,94,82,94,86,81,87,86,93,94,93,88,87,90,82,82,83,91,85,90,84,90,81,85,89,81,93,88,93,84,85,91,86,93,95,89,88,83.67,85.67,84.33,85.67,87.33,84.67,93.33,88.33,82.33,88.67,85.0,85.0,88.6,88.5,94.0,88.5,84.83,88.42,85.5,86.2,90.33,87.06
86,92,82,89,92,89,88,84,85,90,93,84,94,94,80,93,88,85,92,86,86,80,93,82,88,93,94,89,82,89,85,83,93,92,87,85,85,83,87,88,89,91,84,89,89,89,94,86.67,90.0,85.67,89.0,89.33,88.67,88.0,85.0,91.67,86.67,87.0,88.0,86.4,87.5,89.0,91.5,87.83,87.75,89.17,87.13,89.33,88.24
95,92,94,91,87,91,95,81,81,80,81,95,81,89,81,93,83,86,88,92,84,91,95,81,92,82,80,90,90,89,89,85,86,87,94,81,81,83,86,95,88,84,93,91,80,86,95,93.67,89.67,85.67,85.33,83.67,87.33,88.0,89.0,84.67,89.67,86.67,87.33,86.6,88.5,85.5,90.5,88.58,87.0,87.17,86.87,88.17,87.56
81,82,83,84,89,87,84,83,90,83,84,81,95,85,83,95,85,83,91,84,91,93,93,84,88,93,85,95,88,81,80,92,86,81,95,94,82,95,81,85,84,93,83,84,93,85,92,82.0,86.67,85.67,82.67,87.67,87.67,88.67,90.0,88.67,88.0,86.0,90.0,85.4,88.0,88.5,88.5,84.25,88.5,88.33,87.13,88.33,87.31
82,82,86,84,92,81,83,92,88,95,84,80,91,86,86,81,87,92,95,90,88,80,91,91,83,85,93,87,81,86,85,93,82,90,95,91,86,80,81,83,80,94,85,92,82,81,94,83.33,85.67,87.67,86.33,87.67,86.67,91.0,87.33,87.0,84.67,86.67,92.0,82.0,89.5,87.0,87.5,85.75,88.17,85.83,86.89,88.0,86.93
91,81,95,89,82,89,87,88,89,86,80,86,83,93,84,82,84,91,95,83,90,92,94,91,91,80,83,92,87,93,94,81,86,90,92,94,80,89,87,87,93,88,88,89,83,95,87,89.0,86.67,88.0,84.0,86.67,85.67,89.33,92.33,84.67,90.67,87.0,92.0,87.2,88.0,86.0,91.0,86.92,88.5,87.67,88.73,88.33,88.03
83,89,91,81,90,94,80,87,95,86,86,91,90,91,85,84,90,81,91,85,94,88,84,94,83,90,90,86,84,86,92,91,87,91,80,84,81,89,83,81,94,87,94,90,86,94,89,87.67,88.33,87.33,87.67,88.67,85.0,90.0,88.67,87.67,85.33,90.0,85.0,85.6,90.5,88.0,91.5,87.75,88.08,86.5,86.87,90.0,87.84
89,92,91,91,82,82,85,83,95,93,82,93,88,86,80,88,89,85,83,88,88,95,88,95,87,82,83,87,80,94,89,89,82,83,88,85,89,86,94,89,93,90,84,87,89,87,92,90.67,85.0,87.67,89.33,84.67,87.33,86.33,92.67,84.0,87.0,86.67,85.33,90.2,87.0,88.0,89.5,88.17,87.75,85.5,87.4,88.17,87.4
92,88,80,81,87,89,89,90,82,83,86,80,86,95,87,88,83,90,94,85,89,81,80,84,87,82,90,91,86,95,83,81,84,80,90,93,81,91,94,84,81,84,84,81,94,84,88,86.67,85.67,87.0,83.0,89.33,87.0,89.33,81.67,86.33,90.67,82.67,87.67,86.2,84.0,87.5,86.0,85.58,86.83,88.5,85.51,85.83,86.45
80,91,93,85,83,85,87,91,87,84,80,89,86,82,89,86,80,87,81,85,82,92,86,92,84,86,85,87,88,80,89,83,89,83,87,95,87,85,84,89,90,93,86,84,83,89,80,88.0,84.33,88.33,84.33,85.67,84.33,82.67,90.0,85.0,85.0,87.0,88.33,87.0,89.5,83.5,84.5,86.25,85.67,85.0,87.44,85.83,86.04
94,89,86,93,83,82,95,93,93,86,94,91,92,93,94,80,91,94,92,93,88,81,83,93,95,86,94,89,85,88,90,92,90,84,83,92,93,90,88,90,90,82,90,93,93,83,90,89.67,86.0,93.67,90.33,93.0,88.33,91.0,85.67,91.67,87.33,90.67,86.33,90.2,86.0,93.0,86.5,89.92,89.5,89.5,89.07,88.5,89.3
81,88,95,88,95,86,93,91,84,86,80,88,91,86,88,89,86,90,85,80,95,82,83,82,82,85,88,85,80,82,80,87,94,89,82,92,95,85,80,95,80,91,80,80,88,90,89,88.0,89.67,89.33,84.67,88.33,88.33,86.67,82.33,85.0,82.33,87.0,87.67,87.0,85.5,84.0,89.5,87.92,86.42,83.67,87.22,86.33,86.31
93,85,85,89,85,90,95,83,88,83,83,93,95,95,88,88,85,80,93,94,84,95,90,86,82,94,84,92,81,83,93,85,84,85,82,86,90,90,80,87,88,87,91,91,88,94,84,87.67,88.0,88.67,86.33,92.67,84.33,90.33,90.33,86.67,85.33,87.33,84.33,87.0,89.0,89.5,89.0,87.67,89.42,86.0,86.22,89.17,87.69
90,86,94,92,81,83,94,88,81,93,85,81,90,90,94,95,95,89,88,85,93,82,85,81,94,84,87,95,93,94,91,94,90,90,85,95,85,88,90,86,89,87,81,80,83,84,90,90.0,85.33,87.67,86.33,91.33,93.0,88.67,82.67,88.33,94.0,91.67,90.0,87.6,84.0,81.5,87.0,87.33,88.92,91.17,89.76,84.17,88.27
86,95,92,86,87,80,92,80,88,94,92,87,93,84,93,92,95,89,89,83,95,94,89,88,83,91,91,89,90,80,87,83,90,83,89,93,95,84,91,81,85,94,94,90,86,93,92,91.0,84.33,86.67,91.0,90.0,92.0,89.0,90.33,88.33,86.33,86.67,88.33,87.2,94.0,88.0,92.5,88.25,90.33,87.33,87.4,91.5,88.96
85,88,92,80,81,80,80,80,91,85,91,92,91,86,88,90,92,88,82,88,86,95,87,82,88,86,87,82,81,93,89,81,86,80,89,92,81,85,81,84,82,90,90,82,85,87,83,88.33,80.33,83.67,89.33,88.33,90.0,85.33,88.0,87.0,85.33,85.33,87.0,82.6,90.0,83.5,85.0,85.42,87.92,86.17,84.98,86.17,86.13
93,93,92,81,81,91,81,90,90,80,95,89,80,90,88,90,81,88,92,91,84,85,83,95,83,93,88,94,95,92,85,80,80,90,81,94,80,81,89,88,86,87,83,88,80,83,82,92.67,84.33,87.0,88.0,86.0,86.33,89.0,87.67,88.0,93.67,81.67,88.33,84.8,85.0,84.0,82.5,88.0,87.25,90.83,84.93,83.83,86.97
95,84,95,95,93,95,82,94,83,82,88,94,85,81,81,86,85,91,85,95,91,91,82,80,80,80,83,80,92,81,87,86,84,84,86,90,90,81,95,88,93,90,81,93,89,83,93,91.33,94.33,86.33,88.0,82.33,87.33,90.33,84.33,81.0,84.33,85.67,86.67,89.4,85.5,91.0,88.0,90.0,86.08,82.67,87.24,88.17,86.83
95,84,88,85,82,89,88,90,87,93,82,87,90,80,80,81,90,94,91,90,88,94,84,88,86,84,86,93,88,81,82,85,83,89,90,91,92,81,86,89,92,92,94,87,87,82,82,89.0,85.33,88.33,87.33,83.33,88.33,89.67,88.67,85.33,87.33,83.33,90.0,88.0,93.0,87.0,82.0,87.5,87.5,86.33,87.11,87.33,87.16
83,90,81,82,94,91,89,82,91,88,85,85,93,87,85,87,84,88,86,80,87,95,86,88,86,82,95,92,88,92,84,86,80,93,87,93,86,92,86,81,95,94,95,95,92,85,94,84.67,89.0,87.33,86.0,88.33,86.33,84.33,89.67,87.67,90.67,83.33,91.0,88.0,94.5,93.5,89.5,86.75,87.17,89.17,87.44,92.5,88.61
95,90,84,89,82,88,81,80,82,95,82,83,90,89,89,84,86,88,81,90,81,92,95,84,83,91,80,95,92,83,80,85,85,94,89,93,94,95,81,86,84,92,94,93,94,94,91,89.67,86.33,81.0,86.67,89.33,86.0,84.0,90.33,84.67,90.0,83.33,92.0,88.0,93.0,93.5,92.5,85.92,87.42,87.33,87.78,93.0,88.29
82,95,86,94,85,87,83,88,94,82,93,92,83,86,93,84,90,91,89,92,95,85,80,88,89,83,92,89,88,88,83,93,84,89,90,83,92,93,90,94,81,83,84,93,90,94,89,87.67,88.67,88.33,89.0,87.33,88.33,92.0,84.33,88.0,88.33,86.67,87.33,90.0,83.5,91.5,91.5,88.42,88.0,88.17,88.0,88.83,88.28
80,85,84,91,92,82,81,83,87,84,92,81,93,80,87,92,95,88,87,88,89,89,81,90,85,93,94,88,92,86,88,91,81,90,91,92,82,94,88,84,81,83,81,91,92,87,90,83.0,88.33,83.67,85.67,86.67,91.67,88.0,86.67,90.67,88.67,86.67,91.0,85.8,82.0,91.5,88.5,85.17,88.25,89.67,87.82,87.33,87.65
88,84,95,81,89,87,95,84,86,90,95,83,91,81,93,84,80,83,84,86,94,82,92,80,88,95,91,95,87,95,82,90,88,89,92,92,84,88,85,89,94,87,90,94,80,91,91,89.0,85.67,88.33,89.33,88.33,82.33,88.0,84.67,91.33,92.33,86.67,91.0,88.0,88.5,87.0,91.0,88.08,85.83,91.83,88.56,88.83,88.63
92,80,92,95,84,90,82,83,86,82,89,93,89,93,84,85,95,92,88,83,80,90,93,88,80,82,95,84,87,87,88,88,84,87,92,89,87,81,80,89,88,94,86,80,95,81,95,88.0,89.67,83.67,88.0,88.67,90.67,83.67,90.33,85.67,86.0,86.67,89.33,85.0,90.0,87.5,88.0,87.33,88.33,85.83,87.0,88.5,87.4
88,88,90,94,90,90,92,82,94,93,86,93,80,86,93,89,91,82,90,90,88,88,83,85,89,85,93,95,93,87,87,85,85,88,81,93,90,94,95,90,84,83,87,88,89,92,86,88.67,91.33,89.33,90.67,86.33,87.33,89.33,85.33,89.0,91.67,85.67,87.33,90.6,85.0,88.5,89.0,90.0,87.08,90.33,87.87,87.5,88.56
94,87,84,85,94,86,88,83,84,86,85,84,94,90,91,80,95,85,83,88,92,82,86,80,91,94,82,83,81,90,81,95,94,83,86,83,95,93,84,90,81,91,86,95,88,82,90,88.33,88.33,85.0,85.0,91.67,86.67,87.67,82.67,89.0,84.67,90.0,84.0,88.6,88.5,91.5,86.0,86.67,87.17,86.83,87.53,88.67,87.37
92,87,91,85,80,83,91,93,80,81,89,90,91,91,80,86,92,86,95,84,88,84,89,81,81,85,93,85,92,85,94,81,92,82,83,94,94,83,85,94,87,94,81,83,92,88,87,90.0,82.67,88.0,86.67,87.33,88.0,89.0,84.67,86.33,87.33,89.0,86.33,88.6,87.5,87.5,87.5,86.83,87.25,86.83,87.98,87.5,87.28
93,81,82,84,82,94,88,83,90,81,82,84,85,84,90,94,95,83,93,94,95,94,86,83,83,88,88,83,95,89,86,83,91,87,95,91,83,92,95,95,88,85,91,88,82,89,92,85.33,86.67,87.0,82.33,86.33,90.67,94.0,87.67,86.33,89.0,86.67,91.0,90.6,88.0,85.0,90.5,85.33,89.67,87.67,89.42,87.83,87.98
82,94,93,93,85,86,80,90,83,95,87,86,82,87,80,92,85,95,95,90,85,82,83,87,90,92,92,88,91,95,88,88,95,82,88,81,93,87,95,89,81,92,90,90,85,88,93,89.67,88.0,84.33,89.33,83.0,90.67,90.0,84.0,91.33,91.33,90.33,83.67,89.0,91.0,87.5,90.5,87.83,86.92,91.33,87.67,89.67,88.68
85,95,94,85,83,93,84,93,89,88,80,89,93,90,95,93,91,84,85,87,92,93,82,84,94,84,93,84,84,80,95,94,81,85,83,86,95,92,86,83,92,90,94,87,84,81,86,91.33,87.0,88.67,85.67,92.67,89.33,88.0,86.33,90.33,82.67,90.0,84.67,89.6,92.0,85.5,83.5,88.17,89.08,86.5,88.09,87.0,87.77
89,88,83,89,83,91,88,91,88,83,84,81,89,82,87,95,89,83,90,86,85,91,80,82,87,94,80,90,84,85,80,86,90,91,91,82,88,95,81,87,87,86,82,83,91,91,89,86.67,87.67,89.0,82.67,86.0,89.0,87.0,84.33,87.0,86.33,85.33,88.0,87.6,84.0,87.0,90.0,86.5,86.58,86.67,86.98,87.0,86.75
91,88,92,92,88,93,87,86,85,92,81,92,88,94,83,84,81,83,84,93,80,93,91,86,81,92,93,82,80,92,95,80,92,93,81,86,84,83,95,94,90,84,89,95,94,95,89,90.33,91.0,86.0,88.33,88.33,82.67,85.67,90.0,88.67,84.67,89.0,86.67,89.2,86.5,94.5,92.0,88.92,86.67,86.67,88.29,91.0,88.31
94,83,80,86,87,89,88,95,88,95,89,94,83,83,84,90,89,83,86,95,82,87,94,89,83,95,88,89,82,83,89,81,91,95,90,95,80,94,90,84,90,87,88,95,88,91,80,85.67,87.33,90.33,92.67,83.33,87.33,87.67,90.0,88.67,84.67,87.0,93.33,87.6,87.5,91.5,85.5,89.0,87.08,86.67,89.31,88.17,88.05
93,89,94,82,81,92,90,89,89,80,82,92,81,88,86,87,92,82,91,89,94,83,82,92,93,88,85,84,93,87,82,82,86,81,94,89,92,91,95,81,95,95,89,85,91,80,88,92.0,85.0,89.33,84.67,85.0,87.0,91.33,85.67,88.67,88.0,83.33,88.0,90.8,92.0,88.0,84.0,87.75,87.25,88.33,87.38,88.0,87.74
89,90,90,93,87,87,88,82,86,87,84,86,94,82,91,81,81,89,83,93,88,82,90,88,92,91,89,95,92,82,87,86,82,82,95,85,84,94,90,84,85,93,83,95,86,87,95,89.67,89.0,85.33,85.67,89.0,83.67,88.0,86.67,90.67,89.67,85.0,87.33,87.4,88.0,90.5,91.0,87.42,86.83,90.17,86.58,89.83,88.17
83,93,88,93,89,83,83,88,81,94,83,82,80,86,87,85,82,83,95,92,92,92,85,83,83,81,82,86,81,85,80,85,95,84,83,87,93,85,91,91,90,87,81,86,91,85,94,88.0,88.33,84.0,86.33,84.33,83.33,93.0,86.67,82.0,84.0,86.67,84.67,90.0,84.0,88.5,89.5,86.67,86.83,83.0,87.11,87.33,86.19
88,82,93,94,82,83,94,85,93,89,92,86,85,89,84,94,93,81,86,87,92,93,89,82,87,86,82,81,95,91,90,95,92,94,93,82,91,88,88,89,94,87,93,91,95,88,95,87.67,86.33,90.67,89.0,86.0,89.33,88.33,88.0,85.0,89.0,92.33,89.67,90.0,90.0,93.0,91.5,88.42,87.92,87.0,90.67,91.5,89.1
88,82,87,89,86,89,86,84,91,80,94,89,92,87,90,89,95,94,87,90,89,91,93,81,94,85,94,89,94,95,87,90,88,84,89,86,81,83,89,92,85,95,81,80,94,91,85,85.67,88.0,87.0,87.67,89.67,92.67,88.67,88.33,91.0,92.67,88.33,86.33,86.0,88.0,87.0,88.0,87.08,89.83,91.83,86.89,87.67,88.66
89,81,94,81,92,87,92,81,94,80,81,95,89,90,95,92,92,90,87,94,90,89,84,88,85,89,95,88,84,85,94,94,93,85,81,87,83,88,85,86,94,80,83,92,91,91,87,88.0,86.67,89.0,85.33,91.33,91.33,90.33,87.0,89.67,85.67,93.67,84.33,87.2,81.5,91.5,89.0,87.25,90.0,87.67,88.4,87.33,88.13
88,88,87,95,85,87,91,92,93,92,91,91,84,89,82,83,90,93,85,86,94,92,86,92,94,81,91,81,92,90,85,94,85,92,95,84,93,85,84,89,93,92,81,83,91,88,92,87.67,89.0,92.0,91.33,85.0,88.67,88.33,90.0,88.67,87.67,88.0,90.33,88.8,86.5,87.0,90.0,90.0,88.0,88.17,89.04,87.83,88.61
80,80,85,84,95,88,89,87,83,82,83,84,91,85,90,91,91,93,94,84,86,86,89,81,89,83,89,85,83,81,94,81,89,89,88,95,95,86,82,81,88,88,90,81,94,93,91,81.67,89.0,86.33,83.0,88.67,91.67,88.0,85.33,87.0,83.0,88.0,90.67,86.4,89.0,87.5,92.0,85.0,88.42,85.0,88.36,89.5,87.25
91,82,88,85,90,81,81,81,82,91,93,95,91,83,93,86,93,80,84,94,81,84,87,92,92,85,89,90,88,82,86,94,91,91,84,80,91,95,91,87,94,95,92,80,88,80,90,87.0,85.33,81.33,93.0,89.0,86.33,86.33,87.67,88.67,86.67,90.33,85.0,91.6,93.5,84.0,85.0,86.67,87.33,87.67,88.98,87.5,87.63
87,85,95,88,88,90,93,85,85,89,94,89,90,91,95,83,91,92,85,81,85,89,88,84,93,86,84,95,88,82,94,95,88,95,90,85,86,95,93,89,91,86,88,93,89,84,81,89.0,88.67,87.67,90.67,92.0,88.67,83.67,87.0,87.67,88.33,92.33,90.0,90.8,87.0,91.0,82.5,89.0,87.83,88.0,91.04,86.83,88.54
82,82,89,84,95,81,94,81,89,86,95,91,86,91,87,95,81,84,81,94,85,92,95,90,91,81,93,95,94,85,84,93,90,94,83,93,83,90,82,85,89,93,85,82,90,80,93,84.33,86.67,88.0,90.67,88.0,86.67,86.67,92.33,88.33,91.33,89.0,90.0,85.8,89.0,86.0,86.5,87.42,88.42,89.83,88.27,87.17,88.22
90,92,93,86,81,85,94,89,82,80,82,91,93,95,94,94,81,82,92,81,83,80,80,82,85,89,87,80,89,93,95,94,84,84,85,88,84,93,82,90,89,90,95,84,80,95,89,91.67,84.0,88.33,84.33,94.0,85.67,85.33,80.67,87.0,87.33,91.0,85.67,87.6,92.5,82.0,92.0,87.08,86.42,87.17,88.09,88.83,87.52
92,81,95,85,83,85,91,94,92,86,91,93,81,84,82,80,88,81,87,89,83,84,82,87,86,90,83,93,84,89,93,94,95,93,88,81,86,80,93,90,88,84,89,95,81,95,89,89.33,84.33,92.33,90.0,82.33,83.0,86.33,84.33,86.33,88.67,94.0,87.33,87.4,86.5,88.0,92.0,89.0,84.0,87.5,89.58,88.83,87.78
86,83,92,92,80,87,85,81,91,92,85,86,84,80,80,92,91,85,91,83,92,90,83,95,89,87,81,81,89,82,89,81,80,95,82,85,80,94,93,93,88,90,94,90,85,92,86,87.0,86.33,85.67,87.67,81.33,89.33,88.67,89.33,85.67,84.0,83.33,87.33,89.6,92.0,87.5,89.0,86.67,87.17,84.83,86.76,89.5,86.98
82,81,92,89,90,80,89,92,92,91,93,83,81,87,85,90,90,80,83,91,85,89,89,89,86,93,85,94,81,82,84,81,81,85,95,84,80,84,95,92,86,80,85,85,85,81,93,85.0,86.33,91.0,89.0,84.33,86.67,86.33,89.0,88.0,85.67,82.0,88.0,87.4,82.5,85.0,87.0,87.83,86.58,86.83,85.8,84.83,86.38
86,80,83,85,93,81,93,92,86,94,86,89,86,90,81,87,87,83,92,95,94,82,95,87,95,92,87,90,88,92,95,88,89,90,91,81,85,91,86,81,94,92,85,83,93,91,85,83.0,86.33,90.33,89.67,85.67,85.67,93.67,88.0,91.33,90.0,90.67,87.33,87.4,88.5,88.0,88.0,87.33,88.25,90.67,88.47,88.17,88.58
88,86,81,94,94,85,84,83,93,94,87,90,85,81,93,95,92,87,88,94,89,91,94,81,84,93,80,94,84,87,91,91,83,81,91,93,80,89,84,87,87,95,90,82,88,81,93,85.0,91.0,86.67,90.33,86.33,91.33,90.33,88.67,85.67,88.33,88.33,88.33,85.4,92.5,85.0,87.0,88.25,89.17,87.0,87.36,88.17,87.99
93,89,82,92,87,89,82,93,83,81,91,88,94,90,88,85,80,91,86,95,86,90,88,84,82,93,84,87,95,94,88,85,84,85,82,84,92,81,87,83,89,82,83,92,94,91,87,88.0,89.33,86.0,86.67,90.67,85.33,89.0,87.33,86.33,92.0,85.67,83.67,86.4,82.5,93.0,89.0,87.5,88.08,89.17,85.24,88.17,87.63
95,85,83,81,85,81,90,88,80,86,80,95,86,94,82,89,91,91,82,86,82,89,86,82,87,80,91,81,89,87,93,94,84,84,84,82,92,84,87,81,88,80,82,85,88,89,95,87.67,82.33,86.0,87.0,87.33,90.33,83.33,85.67,86.0,85.67,90.33,83.33,86.4,81.0,86.5,92.0,85.75,86.67,85.83,86.69,86.5,86.29
83,86,84,89,85,94,95,90,90,88,91,87,80,90,94,83,95,95,89,80,91,95,87,80,80,86,94,90,81,88,91,80,91,93,86,91,84,86,83,89,80,91,83,88,86,81,88,84.33,89.33,91.67,88.67,88.0,91.0,86.67,87.33,86.67,86.33,87.33,90.0,84.4,87.0,87.0,84.5,88.5,88.25,86.5,87.24,86.17,87.33
85,90,89,91,93,80,90,87,92,86,92,90,92,89,86,80,85,91,93,93,84,80,94,90,92,95,81,94,86,85,86,80,95,85,82,91,84,84,90,83,95,90,94,92,94,94,88,88.0,88.0,89.67,89.33,89.0,85.33,90.0,88.0,89.33,88.33,87.0,86.0,87.2,92.0,93.0,91.0,88.75,88.08,88.83,86.73,92.0,88.88
95,90,85,91,85,83,85,93,89,82,94,90,91,86,85,93,82,86,86,91,88,81,86,89,84,88,87,92,85,93,81,89,80,80,92,90,94,90,93,87,94,82,83,93,82,83,81,90.0,86.33,89.0,88.67,87.33,87.0,88.33,85.33,86.33,90.0,83.33,87.33,91.6,82.5,87.5,82.0,88.5,87.0,88.17,87.42,84.0,87.02
83,91,91,84,92,84,91,90,94,85,82,86,85,90,81,80,95,87,90,90,89,93,89,90,82,85,95,81,82,90,85,92,81,83,83,89,91,90,83,89,80,87,90,88,80,83,91,88.33,86.67,91.67,84.33,85.33,87.33,89.67,90.67,87.33,84.33,86.0,85.0,86.6,88.5,84.0,87.0,87.75,88.25,85.83,85.87,86.5,86.84
94,91,88,82,86,88,88,85,91,83,90,85,94,94,91,86,84,91,89,80,83,84,88,85,95,93,86,80,95,92,84,86,84,84,85,95,85,91,86,85,85,92,94,82,90,83,83,91.0,85.33,88.0,86.0,93.0,87.0,84.0,85.67,91.33,89.0,84.67,88.0,86.4,93.0,86.0,83.0,87.58,87.42,90.17,86.36,87.33,87.77
86,84,81,94,87,87,80,86,81,89,95,94,91,93,95,89,90,85,81,94,88,80,87,94,90,81,89,83,86,93,92,81,80,83,81,87,89,83,80,87,83,94,90,85,82,81,85,83.67,89.33,82.33,92.67,93.0,88.0,87.67,87.0,86.67,87.33,84.33,83.67,84.4,92.0,83.5,83.0,87.0,88.92,87.0,84.13,86.17,86.64
95,81,83,91,94,81,80,84,84,81,80,91,80,83,81,95,88,92,88,80,87,91,90,90,84,90,95,87,93,90,89,83,86,81,89,91,94,80,88,89,88,94,85,91,81,88,87,86.33,88.67,82.67,84.0,81.33,91.67,85.0,90.33,89.67,90.0,86.0,87.0,87.8,89.5,86.0,87.5,85.42,87.08,89.83,86.93,87.67,87.39
91,80,92,80,89,89,91,89,81,81,86,87,82,80,86,83,94,84,92,95,91,93,95,80,85,94,82,82,92,88,92,88,82,84,80,89,84,90,95,80,93,95,87,85,95,88,95,87.67,86.0,87.0,84.67,82.67,87.0,92.67,89.33,87.0,87.33,87.33,84.33,88.4,91.0,90.0,91.5,86.33,87.92,87.17,86.69,90.83,87.79
89,90,81,85,85,80,86,91,91,88,80,94,84,92,94,89,90,82,93,88,86,86,90,91,80,81,91,89,82,82,81,80,81,84,87,94,90,89,89,91,85,84,84,90,93,94,90,86.67,83.33,89.33,87.33,90.0,87.0,89.0,89.0,84.0,84.33,80.67,88.33,88.8,84.0,91.5,92.0,86.67,88.75,84.17,85.93,89.17,86.94
88,85,86,89,93,95,89,85,82,85,84,80,84,94,93,84,82,81,87,82,92,95,94,87,86,82,82,86,82,88,80,94,90,80,86,86,90,92,86,91,88,81,82,93,81,88,90,86.33,92.33,85.33,83.0,90.33,82.33,87.0,92.0,83.33,85.33,88.0,84.0,89.4,81.5,87.0,89.0,86.75,87.92,84.33,87.13,85.83,86.39
84,82,83,95,87,86,92,82,93,82,81,86,86,86,93,91,80,89,93,94,82,88,80,84,84,89,84,90,90,88,91,80,81,93,80,91,91,80,92,94,95,82,83,83,80,85,94,83.0,89.33,89.0,83.0,88.33,86.67,89.67,84.0,85.67,89.33,84.0,88.0,90.4,82.5,81.5,89.5,86.08,87.17,87.5,87.47,84.5,86.54
83,82,89,88,88,93,82,83,87,87,95,83,88,95,89,89,94,84,94,94,91,87,95,80,89,85,84,92,90,80,84,80,81,95,93,85,80,82,87,81,81,90,80,85,89,86,87,84.67,89.67,84.0,88.33,90.67,89.0,93.0,87.33,86.0,87.33,81.67,91.0,82.2,85.0,87.0,86.5,86.67,90.0,86.67,84.96,86.17,86.89
94,85,84,86,92,88,92,84,80,90,91,89,92,85,88,88,93,94,87,88,89,89,93,88,92,91,83,92,83,81,88,90,81,91,95,87,95,91,83,87,86,89,80,88,81,94,83,87.67,88.67,85.33,90.0,88.33,91.67,88.0,90.0,88.67,85.33,86.33,91.0,88.4,84.5,84.5,88.5,87.92,89.5,87.0,88.58,85.83,87.77
80,88,80,87,82,92,81,87,95,84,95,80,82,84,95,91,81,89,81,90,83,82,89,93,80,88,91,93,94,90,95,92,91,91,81,92,89,94,82,87,87,86,90,93,90,80,90,82.67,87.0,87.67,86.33,87.0,87.0,84.67,88.0,86.33,92.33,92.67,88.0,87.8,88.0,91.5,85.0,85.92,86.67,89.33,89.49,88.17,87.91
83,94,86,92,84,95,92,82,93,94,94,95,90,83,85,94,89,92,93,85,90,82,86,95,80,90,87,88,89,91,92,85,85,95,88,87,88,86,87,81,88,82,83,88,82,85,88,87.67,90.33,89.0,94.33,86.0,91.67,89.33,87.67,85.67,89.33,87.33,90.0,86.0,82.5,85.0,86.5,90.33,88.67,87.5,87.78,84.67,87.79
84,87,81,86,93,87,81,89,95,85,82,92,85,86,89,94,94,93,92,88,92,94,80,94,85,95,90,80,81,92,82,87,86,88,82,80,85,91,83,80,86,92,81,93,85,92,81,84.0,88.67,88.33,86.33,86.67,93.67,90.67,89.33,90.0,84.33,85.0,83.33,85.0,86.5,89.0,86.5,86.83,90.08,87.17,84.44,87.33,87.17
87,83,88,89,85,89,83,91,93,82,90,82,81,84,95,84,81,81,86,83,84,86,92,87,83,83,89,87,94,82,83,90,80,82,85,80,95,86,93,84,94,91,81,92,90,95,95,86.0,87.67,89.0,84.67,86.67,82.0,84.33,88.33,85.0,87.67,84.33,82.33,90.4,86.0,91.0,95.0,86.83,85.33,86.33,85.69,90.67,86.97
85,81,89,95,84,90,80,89,84,87,81,82,88,88,94,83,92,93,91,93,89,91,89,83,82,81,90,85,88,92,83,82,80,93,81,91,94,81,84,80,80,89,91,88,86,87,86,85.0,89.67,84.33,83.33,90.0,89.33,91.0,87.67,84.33,88.33,81.67,88.33,83.8,90.0,87.0,86.5,85.58,89.5,86.33,84.6,87.83,86.77
90,88,95,84,93,93,83,84,82,80,91,94,82,89,94,90,83,84,86,94,94,90,88,87,82,87,88,82,84,85,92,84,90,85,85,90,94,82,81,88,85,95,87,87,86,84,87,91.0,90.0,83.0,88.33,88.33,85.67,91.33,88.33,85.67,83.67,88.67,86.67,86.0,91.0,86.5,85.5,88.08,88.42,84.67,87.11,87.67,87.19
81,91,88,82,83,95,94,87,92,95,81,92,80,94,94,89,89,82,92,81,92,91,94,84,85,81,93,80,87,81,88,80,88,80,81,94,84,92,87,90,85,81,90,92,84,82,87,86.67,86.67,91.0,89.33,89.33,86.67,88.33,89.67,86.33,82.67,85.33,85.0,87.6,85.5,88.0,84.5,88.42,88.5,84.5,85.98,86.0,86.68
93,81,95,85,93,82,86,84,83,95,90,84,84,93,94,85,83,87,95,89,91,85,94,95,81,90,81,91,87,95,88,81,84,90,82,84,95,82,82,83,87,95,86,80,81,89,82,89.67,86.67,84.33,89.67,90.33,85.0,91.67,91.33,84.0,91.0,84.33,85.33,85.8,90.5,80.5,85.5,87.58,89.58,87.5,85.16,85.5,87.06
81,84,80,82,94,92,95,86,85,85,93,94,85,81,85,81,84,93,90,82,95,82,82,89,80,86,94,82,84,95,91,83,84,89,86,87,94,80,80,89,84,87,95,90,84,80,94,81.67,89.33,88.67,90.67,83.67,86.0,89.0,84.33,86.67,87.0,86.0,87.33,85.4,91.0,87.0,87.0,87.58,85.75,86.83,86.24,88.33,86.95
94,90,84,83,87,91,91,93,87,86,93,93,94,95,80,95,83,85,82,90,90,82,83,92,93,88,85,89,82,83,89,82,80,81,88,82,84,92,81,94,83,91,81,84,91,91,94,89.33,87.0,90.33,90.67,89.67,87.67,87.33,85.67,88.67,84.67,83.67,83.67,86.8,86.0,87.5,92.5,89.33,87.58,86.67,84.71,88.67,87.39
93,95,90,89,80,91,95,81,89,90,91,90,93,90,91,93,89,95,93,84,92,88,90,92,82,87,94,90,90,83,86,84,81,88,91,92,81,94,83,89,88,95,80,94,81,90,93,92.67,86.67,88.33,90.33,91.33,92.33,89.67,90.0,87.67,87.67,83.67,90.33,87.0,87.5,87.5,91.5,89.5,90.83,87.67,87.0,88.83,88.77
91,90,85,82,84,82,84,82,83,84,88,92,94,83,90,83,91,81,89,93,95,92,83,84,92,81,80,86,92,86,83,92,90,81,80,87,81,95,93,92,84,82,90,84,88,91,81,88.67,82.67,83.0,88.0,89.0,85.0,92.33,86.33,84.33,88.0,88.33,82.67,89.0,86.0,86.0,86.0,85.58,88.17,86.17,86.67,86.0,86.52
86,93,86,81,95,83,85,83,92,81,80,94,80,83,92,88,91,94,83,95,84,82,80,87,84,93,84,93,86,84,91,82,93,80,85,82,83,88,94,92,90,85,93,95,87,83,83,88.33,86.33,86.67,85.0,85.0,91.0,87.33,83.0,87.0,87.67,88.67,82.33,89.4,89.0,91.0,83.0,86.58,86.58,87.33,86.8,87.67,86.99
91,81,92,90,88,94,92,95,91,95,89,80,92,89,81,89,83,81,86,84,87,88,87,91,84,81,84,81,92,82,82,86,83,84,82,91,83,80,94,84,82,81,85,95,83,80,88,88.0,90.67,92.67,88.0,87.33,84.33,85.67,88.67,83.0,85.0,83.67,85.67,84.6,83.0,89.0,84.0,89.83,86.5,84.0,84.64,85.33,86.06
86,88,92,88,92,86,89,80,87,83,82,87,91,88,85,92,81,90,91,88,88,93,92,93,93,91,91,93,80,85,83,89,82,94,91,89,89,87,82,91,90,80,89,84,91,82,92,88.67,88.67,85.33,84.0,88.0,87.67,89.0,92.67,91.67,86.0,84.67,91.33,87.8,84.5,87.5,87.0,86.67,89.33,88.83,87.93,86.33,87.82
93,82,89,84,88,84,84,88,89,85,80,90,95,88,85,84,84,80,84,86,87,93,82,89,84,94,94,92,84,92,85,95,90,90,95,81,86,91,92,89,85,82,89,92,95,83,86,88.0,85.33,87.0,85.0,89.33,82.67,85.67,88.0,90.67,89.33,90.0,88.67,88.6,85.5,93.5,84.5,86.33,86.42,90.0,89.09,87.83,87.93
88,86,95,93,80,83,93,86,90,92,86,81,86,86,90,87,95,90,93,95,87,82,87,85,82,82,91,81,81,84,82,85,93,83,84,85,82,92,93,87,93,85,93,84,84,86,81,89.67,85.33,89.67,86.33,87.33,90.67,91.67,84.67,85.0,82.0,86.67,84.0,89.4,89.0,84.0,83.5,87.75,88.58,83.5,86.69,85.5,86.4
89,95,84,82,92,92,88,89,86,81,90,80,95,84,82,86,80,94,82,93,85,89,84,92,90,83,95,91,86,80,87,81,86,95,84,82,90,81,82,95,91,86,92,91,84,92,81,89.33,88.67,87.67,83.67,87.0,86.67,86.67,88.33,89.33,85.67,84.67,87.0,87.8,89.0,87.5,86.5,87.33,87.17,87.5,86.49,87.67,87.23
82,85,81,83,91,85,94,82,85,92,86,80,86,83,80,85,81,83,88,88,88,84,81,91,82,91,80,81,93,94,80,84,83,91,94,81,89,80,95,88,93,81,83,86,85,86,87,82.67,86.33,87.0,86.0,83.0,83.0,88.0,85.33,84.33,89.33,82.33,88.67,89.0,82.0,85.5,86.5,85.5,84.83,86.83,86.67,84.67,85.7
89,95,90,83,87,93,85,95,86,89,87,82,95,83,88,90,90,89,80,88,80,80,94,90,91,93,92,89,85,87,80,93,86,85,82,82,87,90,89,86,87,88,80,81,89,85,82,91.33,87.67,88.67,86.0,88.67,89.67,82.67,88.0,92.0,87.0,86.33,83.0,87.8,84.0,85.0,83.5,88.42,87.25,89.5,85.71,84.17,87.01
91,88,91,93,86,91,84,80,94,91,89,85,89,87,84,88,94,81,92,80,94,93,87,83,82,88,91,87,85,95,93,84,89,86,92,81,91,94,93,86,83,93,95,89,88,80,85,90.0,90.0,86.0,88.33,86.67,87.67,88.67,87.67,87.0,89.0,88.67,86.33,89.4,94.0,88.5,82.5,88.58,87.67,88.0,88.13,88.33,88.14
93,88,90,85,80,82,80,95,91,88,81,80,83,91,92,84,86,81,92,86,81,92,85,90,80,84,92,94,92,95,95,85,82,92,89,86,89,87,81,85,81,86,87,86,82,95,93,90.33,82.33,88.67,83.0,88.67,83.67,86.33,89.0,85.33,93.67,87.33,89.0,84.6,86.5,84.0,94.0,86.08,86.92,89.5,86.98,88.17,87.53
82,93,94,94,93,82,83,93,80,81,94,93,84,82,89,89,93,86,92,93,91,80,90,87,88,93,95,87,87,84,85,81,81,88,89,85,91,89,80,92,91,87,86,95,89,88,80,89.67,89.67,85.33,89.33,85.0,89.33,92.0,85.67,92.0,86.0,82.33,87.33,88.6,86.5,92.0,84.0,88.5,88.0,89.0,86.09,87.5,87.82
93,81,92,85,83,90,93,80,93,90,93,84,81,83,80,81,88,81,90,87,91,80,93,83,95,88,89,92,85,91,91,88,93,90,86,84,84,90,84,84,90,91,92,95,94,81,84,88.67,86.0,88.67,89.0,81.33,83.33,89.33,85.33,90.67,89.33,90.67,86.67,86.4,91.5,94.5,82.5,88.08,84.83,90.0,87.91,89.5,88.07
93,93,82,94,80,93,90,87,87,83,85,89,88,93,91,91,94,82,92,95,92,88,88,88,90,91,81,88,85,87,83,83,95,94,80,89,85,94,88,83,88,95,80,81,88,86,94,89.33,89.0,88.0,85.67,90.67,89.0,93.0,88.0,87.33,86.67,87.0,87.67,87.6,87.5,84.5,90.0,88.0,90.17,87.0,87.42,87.33,87.98
91,88,82,89,83,81,84,86,90,89,91,90,94,88,80,92,86,83,82,88,91,90,88,86,92,95,82,86,86,89,94,86,88,80,94,94,87,94,91,91,95,92,94,87,86,83,88,87.0,84.33,86.67,90.0,87.33,87.0,87.0,88.0,89.67,87.0,89.33,89.33,91.6,93.0,86.5,85.5,87.0,87.33,88.33,90.09,88.33,88.22
91,81,91,80,88,80,80,86,88,92,92,95,80,93,88,87,91,85,92,91,92,92,82,85,91,83,92,83,95,87,86,84,90,85,89,85,87,93,82,95,87,83,93,87,84,82,83,87.67,82.67,84.67,93.0,87.0,87.67,91.67,86.33,88.67,88.33,86.67,86.33,88.8,88.0,85.5,82.5,87.0,88.17,88.5,87.27,85.33,87.25
82,81,93,88,91,85,80,80,91,85,81,87,80,88,89,82,91,81,85,95,85,80,93,94,88,91,83,92,90,80,90,88,81,84,95,85,86,95,95,93,85,83,89,95,82,91,81,85.33,88.0,83.67,84.33,85.67,84.67,88.33,89.0,87.33,87.33,86.33,88.0,90.8,86.0,88.5,86.0,85.33,86.92,87.33,88.38,86.83,86.96
82,85,83,84,90,89,82,81,94,80,93,94,93,95,80,95,90,95,82,84,86,90,89,88,89,95,86,90,93,93,83,94,86,86,83,86,86,88,88,95,80,94,86,90,93,82,95,83.33,87.67,85.67,89.0,89.33,93.33,84.0,89.0,90.0,92.0,87.67,85.0,87.4,90.0,91.5,88.5,86.42,88.92,91.0,86.69,90.0,88.6
85,89,91,88,85,86,82,85,87,89,91,88,80,93,90,94,93,95,89,80,94,86,93,85,85,84,90,81,83,85,87,80,90,82,87,86,81,85,95,81,95,81,85,83,95,80,93,88.33,86.33,84.67,89.33,87.67,94.0,87.67,88.0,86.33,83.0,85.67,85.0,87.4,83.0,89.0,86.5,87.17,89.33,84.67,86.02,86.17,86.67
94,92,85,91,92,83,91,90,91,88,85,91,93,93,94,89,89,87,95,84,95,89,93,84,81,89,95,88,93,95,83,84,95,94,85,94,82,84,84,93,82,85,82,83,95,80,87,90.33,88.67,90.67,88.0,93.33,88.33,91.33,88.67,88.33,92.0,87.33,91.0,85.0,83.5,89.0,83.5,89.42,90.42,90.17,87.78,85.33,88.62
83,91,86,86,92,93,86,90,90,93,82,89,91,94,85,89,85,90,84,82,88,80,84,95,89,92,81,92,88,86,86,93,91,82,89,94,91,92,86,84,85,85,84,95,95,90,81,86.67,90.33,88.67,88.0,90.0,88.0,84.67,86.33,87.33,88.67,90.0,88.33,87.6,84.5,95.0,85.5,88.42,87.25,88.0,88.64,88.33,88.13
88,92,92,82,83,84,86,91,83,94,94,85,94,95,80,89,85,82,82,89,93,81,81,90,86,88,94,89,85,88,89,92,89,91,89,90,84,81,93,87,95,93,82,85,87,80,86,90.67,83.0,86.67,91.0,89.67,85.33,88.0,84.0,89.33,87.33,90.0,90.0,88.0,87.5,86.0,83.0,87.83,86.75,88.33,89.33,85.5,87.55
80,85,81,93,93,88,94,87,88,81,90,94,84,95,81,94,86,85,80,91,82,90,88,84,89,81,90,88,95,91,81,94,82,83,82,80,83,81,88,86,90,91,80,84,92,83,81,82.0,91.33,89.67,88.33,86.67,88.33,84.33,87.33,86.67,91.33,85.67,81.67,85.6,85.5,88.0,82.0,87.83,86.67,89.0,84.31,85.17,86.6
83,80,80,83,86,95,82,93,81,87,90,92,92,86,93,84,83,95,93,81,93,92,85,93,80,80,90,87,82,95,82,83,90,84,82,87,84,91,90,92,89,90,86,86,90,87,82,81.0,88.0,85.33,89.67,90.33,87.33,89.0,90.0,83.33,88.0,85.0,84.33,89.2,88.0,88.0,84.5,86.0,89.17,85.67,86.18,86.83,86.77
94,84,93,81,90,89,85,84,92,90,94,89,80,95,89,89,84,86,89,82,82,88,93,93,95,88,89,92,82,91,90,92,80,93,83,89,81,85,94,88,93,82,80,85,91,94,84,90.33,86.67,87.0,91.0,88.0,86.33,84.33,91.33,90.67,88.33,87.33,88.33,88.2,81.0,88.0,89.0,88.75,87.5,89.5,87.96,86.0,87.94
81,84,89,81,87,90,92,81,80,83,90,88,91,81,83,93,95,94,83,95,88,81,83,81,88,88,86,83,85,95,85,86,84,87,84,92,87,95,91,80,94,93,95,87,95,88,88,84.67,86.0,84.33,87.0,85.0,94.0,88.67,81.67,87.33,87.67,85.0,87.67,89.4,94.0,91.0,88.0,85.5,87.33,87.5,87.36,91.0,87.74
81,88,92,81,93,89,82,90,92,90,91,85,83,88,82,94,90,91,86,86,87,88,88,85,86,92,92,86,80,87,88,86,90,88,88,82,87,94,82,82,89,95,86,94,89,90,90,87.0,87.67,88.0,88.67,84.33,91.67,86.33,87.0,90.0,84.33,88.0,86.0,86.8,90.5,91.5,90.0,87.83,87.33,87.17,86.93,90.67,87.99
95,87,83,80,88,81,85,94,80,92,94,85,89,90,80,89,80,80,82,83,92,86,92,87,80,92,86,87,88,90,84,81,95,81,94,94,88,86,86,93,81,90,87,92,94,93,83,88.33,83.0,86.33,90.33,86.33,83.0,85.67,88.33,86.0,88.33,86.67,89.67,86.8,88.5,93.0,88.0,87.0,85.83,87.17,87.71,89.83,87.51
86,88,83,92,81,94,88,92,91,93,81,93,80,88,85,94,91,85,92,81,81,90,87,94,86,82,82,81,88,91,86,85,91,83,86,89,91,84,91,90,91,90,90,90,94,81,88,85.67,89.0,90.33,89.0,84.33,90.0,84.67,90.33,83.33,86.67,87.33,86.0,89.4,90.0,92.0,84.5,88.5,87.33,85.0,87.58,88.83,87.45
82,87,83,88,91,88,89,95,83,86,82,80,81,94,90,90,83,92,90,80,84,82,94,83,86,89,87,95,83,93,81,84,90,93,87,92,93,92,89,81,83,84,80,87,93,93,94,84.0,89.0,89.0,82.67,88.33,88.33,84.67,86.33,87.33,90.33,85.0,90.67,87.6,82.0,90.0,93.5,86.17,86.92,88.83,87.76,88.5,87.63
82,82,84,92,92,84,90,82,82,81,94,95,91,93,94,93,80,93,94,87,93,82,81,90,89,95,87,82,94,84,80,94,80,87,91,94,83,80,89,83,81,80,80,93,88,89,89,82.67,89.33,84.67,90.0,92.67,88.67,91.33,84.33,90.33,86.67,84.67,90.67,83.2,80.0,90.5,89.0,86.67,89.25,88.5,86.18,86.5,87.42
93,89,82,95,95,82,81,87,86,87,84,90,88,90,84,84,82,83,82,87,81,80,95,89,80,88,93,88,93,93,82,91,83,90,88,86,85,92,86,94,83,80,94,87,94,82,88,88.0,90.67,84.67,87.0,87.33,83.0,83.33,88.0,87.0,91.33,85.33,88.0,88.0,87.0,90.5,85.0,87.58,85.42,89.17,87.11,87.5,87.36
90,91,95,92,85,85,83,88,89,90,80,92,82,90,85,85,92,83,92,90,86,87,81,86,92,88,81,93,81,81,88,90,81,82,82,87,87,87,82,86,89,91,92,83,85,87,85,92.0,87.33,86.67,87.33,85.67,86.67,89.33,84.67,87.0,85.0,86.33,83.67,86.2,91.5,84.0,86.0,88.33,86.58,86.0,85.4,87.17,86.7
84,83,94,92,91,83,81,87,82,91,90,90,91,90,82,84,94,95,87,87,81,90,82,81,91,90,80,91,81,94,86,91,81,91,92,94,80,84,84,90,84,86,82,92,83,86,95,87.0,88.67,83.33,90.33,87.67,91.0,85.0,84.33,87.0,88.67,86.0,92.33,84.4,84.0,87.5,90.5,87.33,87.0,87.83,87.58,87.33,87.42
93,82,86,82,95,85,92,89,80,92,83,88,87,92,88,88,89,91,82,94,87,80,94,83,85,90,85,83,95,95,82,87,90,88,89,86,91,91,83,87,88,86,88,95,94,82,83,87.0,87.33,87.0,87.67,89.0,89.33,87.67,85.67,86.67,91.0,86.33,87.67,88.0,87.0,94.5,82.5,87.25,87.92,88.83,87.33,88.0,87.87
92,80,85,95,93,89,95,83,95,89,85,87,84,87,89,83,88,89,87,84,89,85,93,89,87,89,94,94,82,82,93,82,95,85,92,84,92,89,87,86,91,92,80,84,81,87,85,85.67,92.33,91.0,87.0,86.67,86.67,86.67,89.0,90.0,86.0,90.0,87.0,89.0,86.0,82.5,86.0,89.0,87.25,88.0,88.67,84.83,87.55
95,81,91,89,85,94,92,92,90,84,81,94,83,91,95,80,88,86,80,93,85,82,92,90,93,86,87,95,85,88,91,92,86,86,92,87,90,90,85,81,92,91,81,84,84,85,93,89.0,89.33,91.33,86.33,89.67,84.67,86.0,88.0,88.67,89.33,89.67,88.33,87.6,86.0,84.0,89.0,89.0,87.08,89.0,88.53,86.33,87.99
91,87,91,91,84,85,86,80,83,84,93,95,87,82,81,87,93,90,80,93,89,82,91,94,88,82,95,88,89,83,88,94,87,90,95,92,90,88,95,85,82,88,81,82,80,87,89,89.67,86.67,83.0,90.67,83.33,90.0,87.33,89.0,88.33,86.67,89.67,92.33,88.0,84.5,81.0,88.0,87.5,87.42,87.5,90.0,84.5,87.38
87,86,87,91,83,90,89,94,87,92,81,81,82,90,84,92,91,89,92,94,86,85,88,90,94,85,82,89,87,83,88,91,85,95,80,88,82,85,90,85,90,84,87,82,85,89,87,86.67,88.0,90.0,84.67,85.33,90.67,90.67,87.67,87.0,86.33,88.0,87.67,86.4,85.5,83.5,88.0,87.33,88.58,86.67,87.36,85.67,87.12
80,95,88,91,91,89,83,81,95,93,90,87,88,94,85,83,87,94,86,81,81,92,91,86,95,87,95,87,84,84,81,93,91,86,89,87,83,81,90,89,86,89,91,87,87,88,83,87.67,90.33,86.33,90.0,89.0,88.0,82.67,89.67,92.33,85.0,88.33,87.33,85.8,90.0,87.0,85.5,88.58,87.33,88.67,87.16,87.5,87.85
83,91,95,85,80,85,93,83,81,87,93,83,81,81,80,85,89,88,86,82,80,80,87,81,88,86,92,80,84,81,94,85,83,88,81,84,91,94,83,92,92,86,90,87,83,91,87,89.67,83.33,85.67,87.67,80.67,87.33,82.67,82.67,88.67,81.67,87.33,84.33,90.4,88.0,85.0,89.0,86.58,83.33,85.17,87.36,87.33,85.95
80,94,89,84,89,86,83,90,90,80,85,82,87,86,95,87,81,88,89,89,92,90,95,81,91,92,80,86,88,92,82,82,83,82,88,86,93,94,95,94,81,81,95,84,85,92,80,87.67,86.33,87.67,82.33,89.33,85.33,90.0,88.67,87.67,88.67,82.33,85.33,91.4,88.0,84.5,86.0,86.0,88.33,88.17,86.36,86.17,87.0
90,89,87,85,81,81,81,81,85,91,95,88,81,88,82,94,84,88,84,95,86,93,94,83,93,80,81,91,89,90,83,91,84,95,92,94,95,87,93,83,84,89,81,89,85,88,93,88.67,82.33,82.33,91.33,83.67,88.67,88.33,90.0,84.67,90.0,86.0,93.67,88.4,85.0,87.0,90.5,86.17,87.67,87.33,89.36,87.5,87.6
87,86,92,88,83,80,87,92,93,86,87,80,87,83,84,81,85,84,87,86,94,94,89,86,81,82,85,93,94,86,94,95,92,80,91,93,95,89,86,89,93,89,84,83,86,95,95,88.33,83.67,90.67,84.33,84.67,83.33,89.0,89.67,82.67,91.0,93.67,88.0,90.4,86.5,84.5,95.0,86.75,86.67,86.83,90.69,88.67,87.92
84,92,90,86,85,82,94,87,80,83,92,94,88,86,84,81,89,82,85,88,94,84,91,83,81,88,84,81,94,91,81,89,81,94,83,86,89,83,83,87,82,80,82,89,86,82,90,88.67,84.33,87.0,89.67,86.0,84.0,89.0,86.0,84.33,88.67,83.67,87.67,84.8,81.0,87.5,86.0,87.42,86.25,86.5,85.38,84.83,86.08
80,82,89,85,94,86,87,80,85,91,86,95,83,86,91,93,91,87,83,90,80,82,90,81,87,84,86,83,83,95,91,89,93,84,86,92,90,87,95,95,80,95,80,86,92,89,82,83.67,88.33,84.0,90.67,86.67,90.33,84.33,84.33,85.67,87.0,91.0,87.33,89.4,87.5,89.0,85.5,86.67,86.42,86.33,89.24,87.33,87.2
94,93,89,95,93,82,85,95,82,89,89,92,89,88,93,95,83,92,85,82,81,91,80,89,92,91,91,83,84,93,82,86,85,83,91,94,95,95,84,80,90,88,90,88,88,82,88,92.0,90.0,87.33,90.0,90.0,90.0,82.67,86.67,91.33,86.67,84.33,89.33,88.8,89.0,88.0,85.0,89.83,87.33,89.0,87.49,87.33,88.2
93,81,83,85,83,85,88,87,81,92,92,89,92,91,84,80,89,86,93,82,93,82,94,95,86,91,84,92,85,83,84,86,95,89,83,92,92,90,82,95,88,82,82,94,81,88,82,85.67,84.33,85.33,91.0,89.0,85.0,89.33,90.33,87.0,86.67,88.33,88.0,89.4,82.0,87.5,85.0,86.58,88.42,86.83,88.58,84.83,87.05
83,94,80,85,81,81,94,93,92,95,88,89,81,81,84,84,88,87,80,87,82,82,91,80,95,92,86,94,90,82,80,86,84,81,92,94,83,80,95,84,80,80,91,83,93,89,83,85.67,82.33,93.0,90.67,82.0,86.33,83.0,84.33,91.0,88.67,83.33,89.0,84.4,85.5,88.0,86.0,87.92,83.92,89.83,85.58,86.5,86.75
84,86,80,82,82,83,80,85,87,89,89,83,89,90,82,93,83,89,93,83,92,91,83,85,92,82,91,86,80,94,85,82,88,90,83,85,85,85,92,91,92,87,81,92,84,90,80,83.33,82.33,84.0,87.0,87.0,88.33,89.33,86.33,88.33,86.67,85.0,86.0,89.0,84.0,88.0,85.0,84.17,87.75,87.5,86.67,85.67,86.35
80,85,83,81,81,85,95,89,83,95,88,86,88,91,80,92,90,95,93,90,86,85,91,82,83,81,93,88,89,81,85,90,82,84,92,91,87,80,88,82,83,94,91,82,88,82,91,82.67,82.33,89.0,89.67,86.33,92.33,89.67,86.0,85.67,86.0,85.67,89.0,84.0,92.5,85.0,86.5,85.92,88.58,85.83,86.22,88.0,86.91
95,81,93,82,83,88,94,94,86,80,80,87,86,93,94,88,80,84,92,92,90,80,81,94,90,87,92,85,94,93,88,85,88,94,91,83,80,81,80,88,83,83,81,91,80,89,95,89.67,84.33,91.33,82.33,91.0,84.0,91.33,85.0,89.67,90.67,87.0,89.33,82.4,82.0,85.5,92.0,86.92,87.83,90.17,86.24,86.5,87.53
86,89,92,94,81,90,89,95,90,83,91,82,80,90,91,81,94,93,81,93,90,93,87,88,92,84,86,82,90,87,86,95,83,85,88,84,87,86,84,92,85,94,91,86,92,84,83,89.0,88.33,91.33,85.33,87.0,89.33,88.0,89.33,87.33,86.33,88.0,85.67,86.8,92.5,89.0,83.5,88.5,88.42,86.83,86.82,88.33,87.78
86,86,88,90,89,91,90,81,85,94,82,90,82,90,81,93,92,92,95,90,94,91,86,92,82,91,92,95,82,93,82,80,86,88,95,83,94,82,85,90,86,85,80,80,81,88,95,86.67,90.0,85.33,88.67,84.33,92.33,93.0,89.67,88.33,90.0,82.67,88.67,87.4,82.5,80.5,91.5,87.67,89.83,89.17,86.24,84.83,87.55
84,92,87,88,86,90,95,85,90,89,82,90,83,92,91,86,90,91,91,80,84,91,82,91,84,95,85,85,94,80,92,83,86,90,83,91,92,83,90,89,81,94,86,84,89,91,87,87.67,88.0,90.0,87.0,88.67,89.0,85.0,88.0,88.0,86.33,87.0,88.0,87.0,90.0,86.5,89.0,88.17,87.67,87.17,87.33,88.5,87.77
87,90,92,91,91,81,91,80,93,93,81,93,83,84,90,91,80,84,81,83,90,81,91,85,95,85,89,81,94,91,89,85,90,83,89,84,85,84,95,89,95,86,95,82,93,91,87,89.67,87.67,88.0,89.0,85.67,85.0,84.67,85.67,89.67,88.67,88.0,85.33,89.6,90.5,87.5,89.0,88.58,85.25,89.17,87.64,89.0,87.93
84,81,93,92,86,94,81,95,94,83,86,94,89,81,86,93,85,88,86,86,89,95,83,81,90,82,94,89,83,83,82,94,94,84,88,80,83,80,94,85,87,92,80,85,88,82,90,86.0,90.67,90.0,87.67,85.33,88.67,87.0,86.33,88.67,85.0,90.0,84.0,85.8,86.0,86.5,86.0,88.58,86.83,86.83,86.6,86.17,87.0
81,90,85,90,86,93,91,95,90,85,85,93,83,95,83,90,87,94,81,92,84,95,85,84,86,84,91,95,87,95,85,94,82,89,84,90,93,89,94,87,91,86,82,81,82,95,95,85.33,89.67,92.0,87.67,87.0,90.33,85.67,88.0,87.0,92.33,87.0,87.67,90.8,84.0,81.5,95.0,88.67,87.75,89.67,88.49,86.83,88.28
91,88,80,86,82,81,91,81,90,87,82,94,84,95,80,95,92,82,92,82,90,95,90,84,82,85,84,92,92,81,89,91,85,95,84,92,90,93,94,89,82,84,93,94,93,84,93,86.33,83.0,87.33,87.67,86.33,89.67,88.0,89.67,83.67,88.33,88.33,90.33,89.6,88.5,93.5,88.5,86.08,88.42,86.0,89.42,90.17,88.02
91,92,93,89,89,83,89,85,86,95,93,81,89,91,85,88,88,87,94,84,95,92,85,88,92,95,90,93,86,90,94,81,95,95,83,91,87,84,87,86,86,81,86,90,85,86,80,92.0,87.0,86.67,89.67,88.33,87.67,91.0,88.33,92.33,89.67,90.0,89.67,86.0,83.5,87.5,83.0,88.83,88.83,91.0,88.56,84.67,88.38
86,92,83,83,92,91,80,91,86,89,93,85,83,88,80,90,89,84,94,83,88,86,81,89,89,91,90,83,81,83,87,82,85,92,94,80,81,95,82,87,92,86,89,95,84,94,86,87.0,88.67,85.67,89.0,83.67,87.67,88.33,85.33,90.0,82.33,84.67,88.67,87.4,87.5,89.5,90.0,87.58,86.25,86.17,86.91,89.0,87.18
94,80,92,84,85,81,92,84,84,81,84,87,93,93,88,95,92,95,83,91,86,93,81,93,83,80,90,90,92,80,92,84,89,85,93,92,80,88,90,85,84,94,84,87,93,87,87,88.67,83.33,86.67,84.0,91.33,94.0,86.67,89.0,84.33,87.33,88.33,90.0,85.4,89.0,90.0,87.0,85.67,90.25,85.83,87.91,88.67,87.67
84,88,93,83,82,85,86,88,89,91,91,93,93,87,80,92,89,90,81,81,91,86,87,90,86,85,85,87,94,86,92,88,80,89,81,94,95,95,85,87,91,90,93,89,84,88,86,88.33,83.33,87.67,91.67,86.67,90.33,84.33,87.67,85.33,89.0,86.67,88.0,90.6,91.5,86.5,87.0,87.75,87.25,87.17,88.42,88.33,87.78
82,93,81,83,91,87,90,90,95,94,88,85,86,94,81,91,80,88,95,92,89,80,85,80,82,93,93,82,90,88,83,89,91,93,93,81,88,80,85,80,88,83,85,84,94,85,93,85.33,87.0,91.67,89.0,87.0,86.33,92.0,81.67,89.33,86.67,87.67,89.0,84.2,84.0,89.0,89.0,88.25,86.75,88.0,86.96,87.33,87.46
95,92,83,89,91,85,93,87,81,87,82,80,94,95,93,82,95,85,89,85,81,93,86,81,86,85,81,86,83,80,87,84,82,81,82,86,89,95,82,89,84,81,81,90,81,86,95,90.0,88.33,87.0,83.0,94.0,87.33,85.0,86.67,84.0,83.0,84.33,83.0,87.8,81.0,85.5,90.5,87.08,88.25,83.5,85.04,85.67,85.91
95,83,93,80,80,83,87,80,90,94,82,85,83,85,80,92,93,84,82,82,94,89,85,88,84,85,80,94,81,94,89,87,95,93,80,95,83,92,87,92,80,83,89,80,89,93,89,90.33,81.0,85.67,87.0,82.67,89.67,86.0,87.33,83.0,89.67,90.33,89.33,86.8,86.0,84.5,91.0,86.0,86.42,86.33,88.82,87.17,86.95
85,82,88,92,83,88,87,88,88,93,80,87,89,81,87,81,94,84,90,89,94,92,93,88,85,84,86,87,90,87,89,88,85,94,94,81,86,87,95,89,90,85,93,88,86,85,81,85.0,87.67,87.67,86.67,85.67,86.33,91.0,91.0,85.0,88.0,87.33,89.67,89.4,89.0,87.0,83.0,86.75,88.5,86.5,88.8,86.33,87.38
95,82,95,92,82,95,93,88,92,94,80,95,89,86,80,85,84,84,94,82,90,82,85,81,85,95,81,90,88,80,84,83,88,85,91,91,93,84,83,81,94,89,94,95,80,95,94,90.67,89.67,91.0,89.67,85.0,84.33,88.67,82.67,87.0,86.0,85.0,89.0,87.0,91.5,87.5,94.5,90.25,85.17,86.5,87.0,91.17,88.02
82,94,90,93,90,84,80,90,88,84,93,92,82,80,84,86,93,88,80,91,92,92,86,84,91,83,81,84,86,84,90,82,81,87,94,88,92,80,91,85,82,84,83,87,89,89,80,88.67,89.0,86.0,89.67,82.0,89.0,87.67,87.33,85.0,84.67,84.33,89.67,86.0,83.5,88.0,84.5,88.33,86.5,84.83,86.67,85.33,86.33
88,81,84,81,88,95,88,93,90,86,82,90,84,90,92,88,95,84,90,91,84,80,91,85,91,93,84,83,84,91,91,95,80,89,93,81,90,94,95,82,85,90,84,83,95,91,86,84.33,88.0,90.33,86.0,88.67,89.0,88.33,85.33,89.33,86.0,88.67,87.67,89.2,87.0,89.0,88.5,87.17,87.83,87.67,88.51,88.17,87.87
83,89,83,94,94,84,88,95,82,83,92,86,92,89,90,82,90,84,90,83,83,92,89,91,81,91,95,86,85,89,91,89,95,84,94,85,95,87,81,80,82,83,91,92,94,84,85,85.0,90.67,88.33,87.0,90.33,85.33,85.33,90.67,89.0,86.67,91.67,87.67,85.0,87.0,93.0,84.5,87.75,87.92,87.83,88.11,88.17,87.96
94,86,92,89,92,85,91,89,85,88,82,94,91,91,95,83,83,84,83,82,87,91,90,86,89,80,83,91,89,85,80,87,91,80,82,84,84,80,88,80,92,93,86,91,92,87,87,90.67,88.67,88.33,88.0,92.33,83.33,84.0,89.0,84.0,88.33,86.0,82.0,84.8,89.5,91.5,87.0,88.92,87.17,86.17,84.27,89.33,87.17
84,82,95,89,86,88,82,84,84,85,81,87,80,81,84,83,86,88,93,81,85,88,87,92,81,83,82,91,82,87,84,91,84,90,90,95,88,94,80,84,82,82,84,86,92,93,80,87.0,87.67,83.33,84.33,81.67,85.67,86.33,89.0,82.0,86.67,86.33,91.67,85.6,83.0,89.0,86.5,85.58,85.67,84.33,87.87,86.17,85.92
84,90,89,87,82,94,91,86,87,84,95,85,85,93,89,93,83,94,81,94,93,91,86,84,93,88,88,95,94,95,89,95,85,80,93,94,80,95,80,88,80,90,83,85,90,80,92,87.67,87.67,88.0,88.0,89.0,90.0,89.33,87.0,89.67,94.67,89.67,89.0,84.6,86.5,87.5,86.0,87.83,88.83,92.17,87.76,86.67,88.65
92,87,86,85,86,85,89,88,87,95,85,83,92,94,92,94,84,87,83,80,92,95,84,94,89,95,92,83,86,85,86,82,91,95,86,91,85,93,80,95,87,81,95,85,94,90,86,88.33,85.33,88.0,87.67,92.67,88.33,85.0,91.0,92.0,84.67,86.33,90.67,88.0,88.0,89.5,88.0,87.33,89.25,88.33,88.33,88.5,88.35
93,88,86,81,83,94,83,90,92,82,80,92,91,89,92,83,86,95,90,95,84,85,88,86,88,87,86,95,88,87,83,85,86,84,89,86,80,89,90,85,81,82,80,91,85,90,86,89.0,86.0,88.33,84.67,90.67,88.0,89.67,86.33,87.0,90.0,84.67,86.33,85.0,81.0,88.0,88.0,87.0,88.67,88.5,85.33,85.67,87.03
86,94,87,89,88,92,84,82,95,92,89,92,82,88,95,89,94,93,88,93,89,81,95,84,89,88,94,95,91,91,81,89,92,88,92,91,85,80,88,95,86,91,95,95,90,87,95,89.0,89.67,87.0,91.0,88.33,92.0,90.0,86.67,90.33,92.33,87.33,90.33,86.8,93.0,92.5,91.0,89.17,89.25,91.33,88.16,92.17,90.01
95,90,91,81,93,86,83,90,84,92,91,82,87,82,80,81,94,92,83,91,89,84,93,95,81,81,86,88,84,87,86,89,93,85,83,90,87,86,85,90,86,90,90,94,94,82,80,92.0,86.67,85.67,88.33,83.0,89.0,87.67,90.67,82.67,86.33,89.33,86.0,86.8,90.0,94.0,81.0,88.17,87.58,84.5,87.38,88.33,87.19
84,83,95,84,94,93,90,81,95,89,91,84,93,89,82,94,91,93,89,90,94,89,91,91,93,80,84,83,88,84,93,81,94,91,88,93,84,85,90,87,80,85,90,89,84,81,80,87.33,90.33,88.67,88.0,88.0,92.67,91.0,90.33,85.67,85.0,89.33,90.67,85.2,87.5,86.5,80.5,88.58,90.5,85.33,88.4,84.83,87.53
84,85,95,94,94,85,91,88,92,82,83,81,85,89,85,93,91,90,95,80,91,95,94,94,86,85,85,94,84,94,93,89,95,90,88,91,80,87,93,88,94,94,88,84,94,91,83,88.0,91.0,90.33,82.0,86.33,91.33,88.67,94.33,85.33,90.67,92.33,89.67,88.4,91.0,89.0,87.0,87.83,90.17,88.0,90.13,89.0,89.03
90,82,91,89,90,95,81,84,88,89,88,84,80,88,83,81,95,91,87,87,80,87,86,80,85,89,88,93,85,85,91,87,83,90,87,86,83,94,82,89,95,89,92,82,89,89,94,87.67,91.33,84.33,87.0,83.67,89.0,84.67,84.33,87.33,87.67,87.0,87.67,88.6,90.5,85.5,91.5,87.58,85.42,87.5,87.76,89.17,87.48
83,83,87,86,81,80,95,94,90,85,87,85,86,90,81,93,86,90,81,94,90,87,91,80,86,87,86,80,90,91,92,89,89,92,92,81,84,85,80,93,92,84,93,94,95,95,93,84.33,82.33,93.0,85.67,85.67,89.67,88.33,86.0,86.33,87.0,90.0,88.33,86.8,88.5,94.5,94.0,86.33,87.42,86.67,88.38,92.33,88.23
88,92,85,80,82,92,89,87,80,83,87,93,83,93,84,90,94,88,86,93,91,84,80,93,82,89,86,93,90,83,80,86,95,84,82,92,94,82,90,93,81,89,81,94,91,88,82,88.33,84.67,85.33,87.67,86.67,90.67,90.0,85.67,85.67,88.67,87.0,86.0,88.0,85.0,92.5,85.0,86.5,88.25,87.17,87.0,87.5,87.28
86,94,91,90,87,86,90,94,94,82,82,91,82,81,93,81,85,93,80,85,90,88,84,90,81,87,94,81,87,82,84,87,86,86,90,84,87,85,87,94,89,81,89,81,95,87,81,90.33,87.67,92.67,85.0,85.33,86.33,85.0,87.33,87.33,83.33,85.67,86.67,88.4,85.0,88.0,84.0,88.92,86.0,85.33,86.91,85.67,86.57
95,80,87,93,82,84,91,91,83,89,86,86,92,91,87,91,83,80,91,84,85,93,89,91,86,90,81,92,90,94,89,87,91,88,87,86,92,95,80,87,86,81,94,84,88,94,94,87.33,86.33,88.33,87.0,90.0,84.67,86.67,91.0,85.67,92.0,89.0,87.0,88.0,87.5,86.0,94.0,87.25,88.08,88.83,88.0,89.17,88.27
85,90,82,91,86,81,95,90,81,88,94,83,88,80,94,89,81,92,84,86,90,80,89,89,90,85,88,95,94,88,93,80,80,94,86,85,91,94,93,84,85,81,80,91,89,83,89,85.67,86.0,88.67,88.33,87.33,87.33,86.67,86.0,87.67,92.33,84.33,88.33,89.4,80.5,90.0,86.0,87.17,86.83,90.0,87.36,85.5,87.37
91,90,85,94,85,86,89,92,80,86,87,85,87,87,93,80,91,89,85,83,86,90,89,89,93,88,89,84,82,88,83,95,82,82,89,80,82,86,89,86,92,80,84,87,84,86,85,88.67,88.33,87.0,86.0,89.0,86.67,84.67,89.33,90.0,84.67,86.67,83.67,87.0,82.0,85.5,85.5,87.5,87.42,87.33,85.78,84.33,86.47
87,82,90,80,86,82,82,89,82,85,80,85,95,82,90,81,91,83,81,86,80,93,84,92,88,85,91,80,85,81,93,91,83,87,95,89,83,95,80,81,91,82,90,83,83,88,92,86.33,82.67,84.33,83.33,89.0,85.0,82.33,89.67,88.0,82.0,89.0,90.33,86.0,86.0,83.0,90.0,84.17,86.5,85.0,88.44,86.33,86.09
88,89,94,91,87,94,87,83,86,81,82,90,92,91,89,94,90,88,94,90,80,92,88,86,87,87,92,88,94,89,86,83,94,83,93,89,85,87,88,83,83,91,82,95,92,94,93,90.33,90.67,85.33,84.33,90.67,90.67,88.0,88.67,88.67,90.33,87.67,88.33,85.2,86.5,93.5,93.5,87.67,89.5,89.5,87.07,91.17,88.98
80,87,95,81,93,88,87,89,92,82,81,88,91,87,86,88,90,94,85,86,84,92,81,93,88,86,87,81,89,95,89,91,84,91,84,95,86,91,95,93,95,85,90,89,93,86,86,87.33,87.33,89.33,83.67,88.0,90.67,85.0,88.67,87.0,88.33,88.0,90.0,92.0,87.5,91.0,86.0,86.92,88.08,87.67,90.0,88.17,88.17
89,95,89,84,91,84,83,88,84,90,83,81,92,85,88,81,82,86,95,87,95,82,87,90,80,95,86,91,84,89,95,81,86,93,93,86,84,93,89,88,91,92,87,95,93,82,88,91.0,86.33,85.0,84.67,88.33,83.0,92.33,86.33,87.0,88.0,87.33,90.67,89.0,89.5,94.0,85.0,86.75,87.5,87.5,89.0,89.5,88.05
80,86,84,84,81,83,87,86,85,84,81,89,94,82,92,95,84,90,95,84,86,94,93,93,94,85,94,86,81,86,85,87,85,83,91,81,83,91,92,81,91,91,93,89,84,81,87,83.33,82.67,86.0,84.67,89.33,89.67,88.33,93.33,91.0,84.33,85.67,85.0,87.6,92.0,86.5,84.0,84.17,90.17,87.67,86.09,87.5,87.12
92,94,94,88,82,83,92,89,86,90,81,86,94,92,81,80,85,84,89,85,87,94,84,85,92,90,82,86,87,85,83,94,91,88,80,87,81,92,87,84,95,87,86,86,82,83,87,93.33,84.33,89.0,85.67,89.0,83.0,87.0,87.67,88.0,86.0,89.33,85.0,87.8,86.5,84.0,85.0,88.08,86.67,87.0,87.38,85.17,86.86
90,93,88,83,92,88,81,82,82,84,92,94,84,90,88,87,87,95,85,86,93,94,90,91,92,93,86,91,81,80,88,88,87,82,94,92,92,84,84,92,81,84,86,81,83,90,94,90.33,87.67,81.67,90.0,87.33,89.67,88.0,91.67,90.33,84.0,87.67,89.33,86.6,85.0,82.0,92.0,87.42,89.17,87.17,87.87,86.33,87.59
87,84,81,92,86,87,89,88,87,95,91,85,90,90,94,95,93,91,88,93,83,80,92,82,92,84,87,94,81,83,92,86,92,80,81,89,91,92,83,81,95,92,92,83,95,89,90,84.0,88.33,88.0,90.33,91.33,93.0,88.0,84.67,87.67,86.0,90.0,83.33,88.4,92.0,89.0,89.5,87.67,89.25,86.83,87.24,90.17,88.23
92,91,94,95,89,84,94,95,94,86,80,80,92,91,88,86,81,87,90,95,88,81,89,95,82,80,89,82,84,80,89,84,95,90,93,87,84,80,90,94,90,90,82,90,95,92,81,92.33,89.33,94.33,82.0,90.33,84.67,91.0,88.33,83.67,82.0,89.33,90.0,87.6,86.0,92.5,86.5,89.5,88.58,82.83,88.98,88.33,87.65
84,94,90,87,84,81,82,92,81,84,89,88,81,82,87,92,85,81,94,86,82,95,90,85,87,88,93,95,92,88,89,90,85,90,94,80,94,93,91,89,81,94,94,87,80,80,91,89.33,84.0,85.0,87.0,83.33,86.0,87.33,90.0,89.33,91.67,88.0,88.0,89.6,94.0,83.5,85.5,86.33,86.67,90.5,88.53,87.67,87.94
90,89,90,81,81,81,92,88,82,93,90,86,95,82,88,89,92,89,94,93,94,94,89,81,85,85,81,95,88,81,95,91,94,84,85,85,92,85,88,82,90,81,95,80,80,91,91,89.67,81.0,87.33,89.67,88.33,90.0,93.67,88.0,83.67,88.0,93.33,84.67,87.4,88.0,80.0,91.0,86.92,90.0,85.83,88.47,86.33,87.51
83,88,82,83,82,85,91,94,84,94,81,90,82,86,90,94,92,80,93,94,91,88,89,87,87,90,93,80,89,95,84,85,81,85,86,94,93,85,91,95,91,82,85,95,93,92,80,84.33,83.33,89.67,88.33,86.0,88.67,92.67,88.0,90.0,88.0,83.33,88.33,91.0,83.5,94.0,86.0,86.42,88.83,89.0,87.56,87.83,87.93
87,81,90,83,89,84,93,82,83,93,87,85,82,85,81,80,82,80,93,90,88,95,95,90,86,83,91,81,95,81,83,80,93,93,82,81,89,84,92,86,87,94,80,89,82,82,94,86.0,85.33,86.0,88.33,82.67,80.67,90.33,93.33,86.67,85.67,85.33,85.33,87.6,87.0,85.5,88.0,86.42,86.75,86.17,86.09,86.83,86.45
91,90,86,81,92,91,93,93,91,81,87,85,84,85,92,85,89,85,82,89,90,94,87,86,84,82,95,93,84,84,84,87,82,89,86,90,82,90,89,95,84,80,83,92,91,90,87,89.0,88.0,92.33,84.33,87.0,86.33,87.0,89.0,87.0,87.0,84.33,88.33,88.0,81.5,91.5,88.5,88.42,87.33,87.0,86.89,87.17,87.36
83,88,86,89,84,88,86,89,80,85,82,92,84,81,92,84,80,92,83,90,81,81,92,92,93,89,90,92,94,81,80,93,93,90,81,95,85,95,82,80,92,86,89,92,84,86,90,85.67,87.0,85.0,86.33,85.67,85.33,84.67,88.33,90.67,89.0,88.67,88.67,86.8,87.5,88.0,88.0,86.0,86.0,89.83,88.04,87.83,87.54
95,93,91,89,92,95,83,93,81,80,81,85,90,80,93,92,84,84,95,90,81,89,83,81,91,86,87,93,87,82,80,89,93,87,90,80,86,88,85,89,84,90,89,92,91,93,82,93.0,92.0,85.67,82.0,87.67,86.67,88.67,84.33,88.0,87.33,87.33,85.67,86.4,89.5,91.5,87.5,88.17,86.83,87.67,86.47,89.5,87.73
95,89,85,93,88,91,91,89,89,84,82,88,80,81,82,81,83,92,95,92,94,81,92,81,80,80,94,92,94,86,82,94,89,94,89,89,93,81,90,81,92,83,90,91,91,84,90,89.67,90.67,89.67,84.67,81.0,85.33,93.67,84.67,84.67,90.67,88.33,90.67,87.4,86.5,91.0,87.0,88.67,86.17,87.67,88.8,88.17,87.89
90,92,94,93,94,86,89,80,83,85,86,82,87,85,82,85,87,88,87,84,92,95,92,89,82,90,80,90,85,92,86,83,92,84,92,94,89,81,84,80,89,95,92,90,91,85,88,92.0,91.0,84.0,84.33,84.67,86.67,87.67,92.0,84.0,89.0,87.0,90.0,84.6,93.5,90.5,86.5,87.83,87.75,86.5,87.2,90.17,87.89
87,86,81,93,93,82,89,82,93,84,89,95,82,86,94,91,90,87,82,91,83,88,94,88,88,88,91,83,86,84,85,95,93,90,90,87,89,81,89,89,87,90,84,94,94,89,83,84.67,89.33,88.0,89.33,87.33,89.33,85.33,90.0,89.0,84.33,91.0,89.0,87.0,87.0,94.0,86.0,87.83,88.0,86.67,89.0,89.0,88.1
82,86,86,90,86,87,85,83,87,80,84,88,89,91,89,91,95,84,86,86,91,91,83,90,91,83,80,80,86,92,94,89,86,91,94,85,82,88,83,84,81,94,81,80,92,92,95,84.67,87.67,85.0,84.0,89.67,90.0,87.67,88.0,84.67,86.0,89.67,90.0,83.6,87.5,86.0,93.5,85.33,88.83,85.33,87.76,89.0,87.25
81,84,87,95,93,88,91,84,94,80,89,83,88,94,87,83,89,89,82,81,90,90,86,89,89,82,92,95,89,81,95,82,82,92,80,81,80,87,90,90,80,87,94,95,84,95,88,84.0,92.0,89.67,84.0,89.67,87.0,84.33,88.33,87.67,88.33,86.33,84.33,85.4,90.5,89.5,91.5,87.42,87.33,88.0,85.36,90.5,87.72
81,84,80,80,80,88,87,88,92,81,82,80,93,82,89,92,89,93,85,88,94,80,87,81,83,87,94,84,82,85,94,81,95,88,94,84,86,88,93,82,93,88,80,94,82,89,82,81.67,82.67,89.0,81.0,88.0,91.33,89.0,82.67,88.0,83.67,90.0,88.67,88.4,84.0,88.0,85.5,83.58,87.75,85.83,89.02,85.83,86.4
95,88,94,94,85,93,88,92,81,85,84,86,80,81,83,94,87,92,89,87,93,85,94,90,85,82,89,95,85,87,90,85,95,94,91,85,88,90,93,93,80,88,86,87,83,92,95,92.33,90.67,87.0,85.0,81.33,91.0,89.67,89.67,85.33,89.0,90.0,90.0,88.8,87.0,85.0,93.5,88.75,87.92,87.17,89.6,88.5,88.39
89,86,84,93,93,92,93,80,83,92,87,80,95,86,94,92,85,93,84,82,90,95,89,95,86,92,85,93,80,82,91,83,90,87,84,84,89,92,84,92,83,93,93,92,88,92,82,86.33,92.67,85.33,86.33,91.67,90.0,85.33,93.0,87.67,85.0,88.0,85.0,88.0,93.0,90.0,87.0,87.67,90.0,86.33,87.0,90.0,88.2
80,82,86,94,83,88,86,89,83,88,85,93,88,80,84,89,87,90,94,89,91,87,83,88,94,85,91,95,95,95,80,92,94,81,93,90,91,92,90,89,92,95,92,83,85,93,92,82.67,88.33,86.0,88.67,84.0,88.67,91.33,86.0,90.0,95.0,88.67,88.0,90.8,93.5,84.0,92.5,86.42,87.5,92.5,89.16,90.0,89.11
87,95,90,91,92,89,95,93,90,95,91,92,82,92,83,87,92,85,85,93,93,82,90,87,92,80,85,85,87,84,93,90,80,88,88,93,83,90,80,83,87,91,90,88,90,88,95,90.67,90.67,92.67,92.67,85.67,88.0,90.33,86.33,85.67,85.33,87.67,89.67,84.6,90.5,89.0,91.5,91.67,87.58,85.5,87.31,90.33,88.48
85,95,94,84,87,80,95,92,81,82,93,89,92,89,84,93,91,88,88,81,80,91,83,95,83,85,87,82,88,93,84,95,80,81,86,95,88,85,81,86,92,94,88,84,89,89,89,91.33,83.67,89.33,88.0,88.33,90.67,83.0,89.67,85.0,87.67,86.33,87.33,86.4,91.0,86.5,89.0,88.08,87.92,86.33,86.69,88.83,87.57
93,91,86,92,88,85,81,89,88,80,95,92,80,90,93,87,84,95,95,90,83,81,81,94,84,87,85,81,92,94,94,89,87,89,93,84,93,87,80,89,89,86,94,93,82,85,90,90.0,88.33,86.0,89.0,87.67,88.67,89.33,85.33,85.33,89.0,90.0,88.67,87.6,90.0,87.5,87.5,88.33,87.75,87.17,88.76,88.33,88.07
95,82,84,85,82,84,82,84,82,85,85,83,81,83,93,90,88,80,85,93,80,87,95,88,94,93,93,92,91,92,93,81,91,85,83,89,88,87,84,91,85,80,94,94,82,88,94,87.0,83.67,82.67,84.33,85.67,86.0,86.0,90.0,93.33,91.67,88.33,85.67,87.0,87.0,88.0,91.0,84.42,86.92,92.5,87.0,88.67,87.9
85,82,92,82,84,95,90,84,92,80,95,86,80,80,82,84,90,86,95,82,88,86,89,81,95,83,84,93,93,82,80,80,89,85,94,90,94,83,82,94,80,85,94,82,82,87,81,86.33,87.0,88.67,87.0,80.67,86.67,88.33,85.33,87.33,89.33,83.0,89.67,86.6,89.5,82.0,84.0,87.25,85.25,88.33,86.42,85.17,86.48
90,95,88,83,83,94,84,86,93,94,85,94,89,90,88,82,91,91,90,83,88,86,90,80,93,92,95,93,83,83,82,81,86,82,93,88,92,84,92,85,83,89,92,84,90,80,83,91.0,86.67,87.67,91.0,89.0,88.0,87.0,85.33,93.33,86.33,83.0,87.67,87.2,90.5,87.0,81.5,89.08,87.33,89.83,85.96,86.33,87.71
94,80,85,83,90,95,86,84,93,91,83,82,90,89,82,85,89,86,88,88,81,83,94,86,94,87,82,86,91,90,86,82,89,85,89,81,92,90,81,93,80,86,80,85,89,89,84,86.33,89.33,87.67,85.33,87.0,86.67,85.67,87.67,87.67,89.0,85.67,85.0,87.2,83.0,87.0,86.5,87.17,86.75,88.33,85.96,85.5,86.74
81,88,94,88,86,87,95,87,86,83,89,81,86,83,93,80,82,82,84,80,85,86,94,82,81,94,81,80,87,90,94,80,91,86,83,86,90,83,89,93,81,82,88,88,88,90,88,87.67,87.0,89.33,84.33,87.33,81.33,83.0,87.33,85.33,85.67,88.33,85.0,87.2,85.0,88.0,89.0,87.08,84.75,85.5,86.84,87.33,86.3
90,81,83,87,95,87,88,84,90,80,95,86,90,85,86,84,87,95,82,86,86,80,89,95,92,90,91,83,82,90,91,83,85,91,83,91,83,88,87,83,83,81,80,89,89,86,90,84.67,89.67,87.33,87.0,87.0,88.67,84.67,88.0,91.0,85.0,86.33,88.33,84.8,80.5,89.0,88.0,87.17,87.08,88.0,86.49,85.83,86.91
83,93,88,93,83,80,84,81,83,93,83,89,80,83,82,87,83,82,92,86,83,91,81,88,88,80,92,83,92,92,84,93,88,91,91,80,86,91,91,81,88,87,94,84,95,87,93,88.0,85.33,82.67,88.33,81.67,84.0,87.0,86.67,86.67,89.0,88.33,87.33,87.4,90.5,89.5,90.0,86.08,84.83,87.83,87.69,90.0,87.29
86,88,93,87,92,88,93,92,92,85,82,87,87,83,94,81,85,81,83,92,90,80,87,95,83,92,85,95,95,88,88,82,92,93,80,91,83,87,90,85,91,88,83,85,92,90,90,89.0,89.0,92.33,84.67,88.0,82.33,88.33,87.33,86.67,92.67,87.33,88.0,87.2,85.5,88.5,90.0,88.75,86.5,89.67,87.51,88.0,88.09
80,86,87,80,83,89,88,92,85,84,84,89,88,91,94,84,92,88,81,92,89,92,90,87,87,91,89,92,93,95,94,88,95,82,94,95,88,82,91,90,92,92,95,88,91,80,93,84.33,84.0,88.33,85.67,91.0,88.0,87.33,89.67,89.0,93.33,92.33,90.33,88.6,93.5,89.5,86.5,85.58,89.0,91.17,90.42,89.83,89.2
88,94,87,84,93,92,87,80,82,84,89,89,81,94,89,92,80,83,91,93,88,92,82,91,89,92,95,88,85,86,82,94,93,94,92,85,91,80,80,91,93,85,81,89,94,91,81,89.67,89.67,83.0,87.33,88.0,85.0,90.67,88.33,92.0,86.33,89.67,90.33,87.0,83.0,91.5,86.0,87.42,88.0,89.17,89.0,86.83,88.08
92,81,81,90,81,83,83,93,88,83,86,95,82,88,81,95,93,94,95,82,91,83,93,92,84,81,92,86,80,87,80,94,87,90,83,80,87,94,89,90,84,90,95,90,80,81,84,84.67,84.67,88.0,88.0,83.67,94.0,89.33,89.33,85.67,84.33,87.0,84.33,88.8,92.5,85.0,82.5,86.33,89.08,85.0,86.71,86.67,86.76
94,92,80,80,94,95,86,92,88,88,84,87,90,82,88,82,80,86,89,88,94,85,84,86,95,81,90,88,91,88,84,93,93,93,86,86,85,86,91,90,85,91,86,90,95,94,80,88.67,89.67,88.67,86.33,86.67,82.67,90.33,85.0,88.67,89.0,90.0,88.33,87.4,88.5,92.5,87.0,88.33,86.17,88.83,88.58,89.33,88.25
91,81,86,84,95,86,89,93,84,88,93,92,87,85,86,95,92,91,91,94,89,86,91,89,81,86,91,86,80,89,90,87,85,93,91,81,88,85,84,85,83,92,93,91,92,93,90,86.0,88.33,88.67,91.0,86.0,92.67,91.33,88.67,86.0,85.0,87.33,88.33,85.0,92.5,91.5,91.5,88.5,89.67,85.5,86.89,91.83,88.48
93,92,85,82,89,85,80,82,89,90,80,85,90,87,91,83,94,82,86,81,93,87,84,87,82,91,92,90,81,81,90,89,89,90,90,85,81,83,86,92,93,94,82,95,80,91,81,90.0,85.33,83.67,85.0,89.33,86.33,86.67,86.0,88.33,84.0,89.33,88.33,87.0,88.0,87.5,86.0,86.0,87.08,86.17,88.22,87.17,86.93
85,82,88,87,87,83,88,84,85,95,95,94,82,89,93,81,81,81,94,88,88,80,82,93,94,82,86,82,86,90,84,85,93,84,81,92,87,95,93,89,83,93,87,89,80,86,84,85.0,85.67,85.67,94.67,88.0,81.0,90.0,85.0,87.33,86.0,87.33,85.67,89.4,90.0,84.5,85.0,87.75,86.0,86.67,87.47,86.5,86.88
92,94,87,88,89,93,82,95,89,85,90,93,94,95,80,84,81,86,92,92,89,80,86,95,85,89,91,93,80,80,89,87,83,95,92,84,86,91,82,85,94,89,90,95,80,82,80,91.0,90.0,88.67,89.33,89.67,83.67,91.0,87.0,88.33,84.33,86.33,90.33,87.6,89.5,87.5,81.0,89.75,87.83,86.33,88.09,86.0,87.6
95,84,82,92,90,83,80,81,80,82,84,91,89,93,91,94,80,85,84,87,95,88,88,94,95,80,95,86,95,92,88,91,95,90,91,91,95,94,80,81,95,80,87,89,90,88,95,87.0,88.33,80.33,85.67,91.0,86.33,88.67,90.0,90.0,91.0,91.33,90.67,89.0,83.5,89.5,91.5,85.33,89.0,90.5,90.33,88.17,88.67
89,86,84,91,90,95,93,84,92,95,95,81,92,87,95,89,91,89,88,93,89,89,87,93,83,86,94,82,94,87,92,81,86,85,90,85,84,85,83,93,89,80,84,85,81,89,83,86.33,92.0,89.67,90.33,91.33,89.67,90.0,89.67,87.67,87.67,86.33,86.67,86.8,82.0,83.0,86.0,89.58,90.17,87.67,86.6,83.67,87.54
86,95,91,89,90,92,81,94,92,90,91,88,89,94,83,85,90,81,84,87,90,83,85,88,83,92,80,86,87,86,90,90,92,91,81,82,80,87,84,84,94,93,94,84,80,84,86,90.67,90.33,89.0,89.67,88.67,85.33,87.0,85.33,85.0,86.33,90.67,84.67,85.8,93.5,82.0,85.0,89.92,86.58,85.67,87.04,86.83,87.21
82,91,86,82,90,84,84,87,82,90,86,93,92,94,89,84,92,92,83,93,87,90,92,89,87,94,94,90,93,85,84,93,87,82,89,83,80,86,89,93,85,89,87,93,81,80,92,86.33,85.33,84.33,89.67,91.67,89.33,87.67,90.33,91.67,89.33,88.0,84.67,86.6,88.0,87.0,86.0,86.42,89.75,90.5,86.42,87.0,88.02
83,84,84,82,83,94,89,93,86,88,87,86,91,94,95,85,85,93,87,91,87,91,95,93,86,92,91,94,87,83,92,83,85,80,92,94,92,95,94,89,85,88,82,84,95,83,86,83.67,86.33,89.33,87.0,93.33,87.67,88.33,93.0,89.67,88.0,86.67,88.67,91.0,85.0,89.5,84.5,86.58,90.58,88.83,88.78,86.33,88.22
94,90,93,80,86,91,87,92,92,91,80,95,93,80,86,91,94,83,90,91,81,88,80,90,83,87,85,85,87,90,84,88,80,95,81,89,81,81,95,84,81,85,85,83,86,95,83,92.33,85.67,90.33,88.67,86.33,89.33,87.33,86.0,85.0,87.33,84.0,88.33,84.4,85.0,84.5,89.0,89.25,87.25,86.17,85.58,86.17,86.88
85,86,91,84,90,92,94,88,91,94,83,91,94,81,92,85,83,83,87,86,85,93,81,95,88,92,86,87,90,91,92,93,95,90,95,94,90,83,89,93,83,82,92,91,88,81,84,87.33,88.67,91.0,89.33,89.0,83.67,86.0,89.67,88.67,89.33,93.33,93.0,87.6,87.0,89.5,82.5,89.08,87.08,89.0,91.31,86.33,88.56
84,81,87,89,88,84,85,84,95,82,80,89,91,86,84,92,88,81,84,82,90,94,86,81,85,95,85,81,89,90,89,95,88,86,81,80,92,95,91,87,94,89,91,86,94,89,92,84.0,87.0,88.0,83.67,87.0,87.0,85.33,87.0,88.33,86.67,90.67,82.33,91.8,90.0,90.0,90.5,85.67,86.58,87.5,88.27,90.17,87.64
90,92,80,95,94,87,82,95,83,94,91,83,91,80,86,88,86,83,89,90,81,92,94,81,83,88,94,85,88,84,80,91,85,86,86,89,90,82,84,84,92,80,86,81,85,86,91,87.33,92.0,86.67,89.33,85.67,85.67,86.67,89.0,88.33,85.67,85.33,87.0,86.4,83.0,83.0,88.5,88.83,86.75,87.0,86.24,84.83,86.73
91,88,90,83,89,92,86,86,84,85,87,80,94,90,84,82,94,89,80,91,95,82,82,95,90,80,87,80,85,80,89,80,86,95,92,88,94,90,84,82,82,84,91,95,95,80,88,89.67,88.0,85.33,84.0,89.33,88.33,88.67,86.33,85.67,81.67,85.0,91.67,86.4,87.5,95.0,84.0,86.75,88.17,83.67,87.69,88.83,87.02
84,84,82,94,84,81,83,80,80,86,81,81,84,82,82,83,80,93,95,82,93,80,81,81,85,85,95,86,82,89,92,85,81,95,85,83,80,92,82,88,91,87,91,81,90,95,80,83.33,86.33,81.0,82.67,82.67,85.33,90.0,80.67,88.33,85.67,86.0,87.67,86.6,89.0,85.5,87.5,83.33,84.67,87.0,86.76,87.33,85.82
83,82,91,84,88,94,87,83,87,93,86,87,88,85,93,80,82,89,95,87,90,85,95,81,95,85,95,80,91,84,85,84,92,84,94,94,90,92,87,91,80,87,89,94,86,87,86,85.33,88.67,85.67,88.67,88.67,83.67,90.67,87.0,91.67,85.0,87.0,90.67,88.0,88.0,90.0,86.5,87.08,87.5,88.33,88.56,88.17,87.93
87,82,80,87,84,83,83,87,88,90,87,94,86,84,84,83,85,92,93,82,80,81,86,89,85,86,94,89,85,80,89,80,89,80,92,80,81,87,95,86,84,81,92,82,93,87,86,83.0,84.67,86.0,90.33,84.67,86.67,85.0,85.33,88.33,84.67,86.0,84.0,86.6,86.5,87.5,86.5,86.0,85.42,86.5,85.53,86.83,86.06
89,92,92,90,88,94,93,88,84,81,81,89,81,80,88,84,89,84,95,88,89,83,86,81,93,86,84,85,95,86,81,88,94,92,91,91,95,88,85,85,82,95,84,80,91,80,94,91.0,90.67,88.33,83.67,83.0,85.67,90.67,83.33,87.67,88.67,87.67,91.33,87.0,89.5,85.5,87.0,88.42,85.67,88.17,88.67,87.33,87.65
93,95,95,92,90,93,89,90,86,93,80,93,88,95,85,89,84,88,95,95,86,89,92,92,92,81,94,88,93,85,87,93,80,92,90,84,88,87,86,84,95,85,80,88,91,93,92,94.33,91.67,88.33,88.67,89.33,87.0,92.0,91.0,89.0,88.67,86.67,88.67,88.0,82.5,89.5,92.5,90.75,89.83,88.83,87.78,88.17,89.07
83,91,86,84,95,90,84,80,82,95,93,92,89,92,94,87,86,83,93,95,84,91,84,87,95,82,83,89,88,84,94,84,84,95,81,94,93,92,93,86,88,80,90,92,88,88,82,86.67,89.67,82.0,93.33,91.67,85.33,90.67,87.33,86.67,87.0,87.33,90.0,90.4,85.0,90.0,85.0,87.92,88.75,86.83,89.24,86.67,87.88
81,80,80,80,92,91,93,89,92,84,80,84,91,94,91,85,90,80,87,90,88,87,82,90,92,89,83,89,87,83,93,89,93,83,91,89,93,93,88,81,83,92,94,88,84,81,93,80.33,87.67,91.33,82.67,92.0,85.0,88.33,86.33,88.0,86.33,91.67,87.67,87.6,93.0,86.0,87.0,85.5,87.92,87.17,88.98,88.67,87.65
91,93,83,95,83,90,93,93,87,85,92,87,81,86,81,82,86,84,81,93,81,80,85,91,84,81,88,84,93,89,86,86,82,94,80,82,86,82,95,80,85,95,83,86,93,91,87,89.0,89.33,91.0,88.0,82.67,84.0,85.0,85.33,84.33,88.67,84.67,85.33,85.6,89.0,89.5,89.0,89.33,84.25,86.5,85.2,89.17,86.89
83,93,94,90,83,83,94,81,93,90,80,83,95,87,95,86,82,89,88,93,85,88,89,94,82,85,84,81,82,89,93,88,86,95,85,82,90,81,83,90,87,84,92,94,92,80,95,90.0,85.33,89.33,84.33,92.33,85.67,88.67,90.33,83.67,84.0,89.0,87.33,86.2,88.0,93.0,87.5,87.25,89.25,83.83,87.51,89.5,87.47
93,87,95,91,82,85,95,92,81,91,85,90,90,92,91,85,84,95,92,84,91,92,80,86,87,86,95,87,91,87,93,80,87,85,85,81,84,86,80,90,80,92,94,84,80,81,90,91.67,86.0,89.33,88.67,91.0,88.0,89.0,86.0,89.33,88.33,86.67,83.67,84.0,93.0,82.0,85.5,88.92,88.5,88.83,84.78,86.83,87.57
92,90,84,93,91,93,83,90,86,86,81,82,92,95,90,88,85,87,88,89,86,80,86,92,88,92,80,81,92,83,91,81,93,87,93,84,90,90,93,81,81,87,94,88,82,84,92,88.67,92.33,86.33,83.0,92.33,86.67,87.67,86.0,86.67,85.33,88.33,88.0,87.0,90.5,85.0,88.0,87.58,88.17,86.0,87.78,87.83,87.47
86,86,84,94,82,89,86,91,83,93,81,86,90,82,88,91,84,87,94,82,85,84,92,91,82,90,94,94,91,94,88,83,80,94,94,94,89,81,80,85,90,85,81,90,85,89,90,85.33,88.33,86.67,86.67,86.67,87.33,87.0,89.0,88.67,93.0,83.67,94.0,85.0,83.0,87.5,89.5,86.75,87.5,90.83,87.56,86.67,87.86
86,94,86,94,89,95,80,90,94,85,87,85,82,95,82,90,85,93,88,80,88,85,80,93,86,86,90,95,84,91,80,95,95,95,81,81,92,81,94,81,83,86,82,85,86,80,93,88.67,92.67,88.0,85.67,86.33,89.33,85.33,86.0,87.33,90.0,90.0,85.67,86.2,84.0,85.5,86.5,88.75,86.75,88.67,87.29,85.33,87.36
91,87,93,81,89,94,82,82,95,85,92,87,85,83,81,95,90,89,82,81,86,80,86,90,82,81,91,83,80,80,89,84,92,85,88,80,85,84,80,90,92,82,90,89,90,80,80,90.33,88.0,86.33,88.0,83.0,91.33,83.0,85.33,84.67,81.0,88.33,84.33,86.2,86.0,89.5,80.0,88.17,85.67,82.83,86.29,85.17,85.62
84,86,91,80,88,90,83,88,84,80,93,88,84,95,88,95,83,85,80,88,88,80,94,89,95,91,93,93,83,85,90,84,89,90,85,93,90,83,93,81,84,82,84,90,93,92,87,87.0,86.0,85.0,87.0,89.0,87.67,85.33,87.67,93.0,87.0,87.67,89.33,86.2,83.0,91.5,89.5,86.25,87.42,90.0,87.73,88.0,87.88
89,83,91,86,93,93,88,94,90,86,85,84,91,90,95,87,82,82,91,80,87,91,90,82,82,82,92,82,87,92,90,95,83,89,95,92,87,85,95,95,93,87,88,80,80,93,80,87.67,90.67,90.67,85.0,92.0,83.67,86.0,87.67,85.33,87.0,89.33,92.0,91.0,87.5,80.0,86.5,88.5,87.33,86.17,90.78,84.67,87.49
91,94,83,92,94,83,88,95,90,93,91,91,89,89,95,90,84,88,85,89,95,85,84,84,90,86,87,89,83,93,92,89,86,84,85,91,91,84,91,92,95,89,80,86,92,88,86,89.33,89.67,91.0,91.67,91.0,87.33,89.67,84.33,87.67,88.33,89.0,86.67,90.6,84.5,89.0,87.0,90.42,88.08,88.0,88.76,86.83,88.42
85,87,90,80,88,81,89,90,85,90,90,89,91,83,93,87,81,89,91,90,87,81,83,80,95,83,83,84,92,86,81,90,85,89,88,83,90,92,90,89,80,88,87,88,90,90,87,87.33,83.0,88.0,89.67,89.0,85.67,89.33,81.33,87.0,87.33,85.33,86.67,88.2,87.5,89.0,88.5,87.0,86.33,87.17,86.73,88.33,87.11
87,91,91,91,85,80,94,88,87,83,92,83,92,93,83,94,92,85,84,88,95,89,94,88,86,86,93,81,81,81,81,83,94,80,86,95,84,95,82,83,84,91,88,95,95,80,81,89.67,85.33,89.67,86.0,89.33,90.33,89.0,90.33,88.33,81.0,86.0,87.0,85.6,89.5,95.0,80.5,87.67,89.75,84.67,86.2,88.33,87.32
85,84,80,81,95,91,87,87,84,89,95,89,87,88,80,95,89,93,89,93,86,92,83,92,83,85,83,88,82,82,80,94,93,94,92,82,89,92,83,80,86,91,93,83,88,91,93,83.0,89.0,86.0,91.0,85.0,92.33,89.33,89.0,83.67,84.0,89.0,89.33,86.0,92.0,85.5,92.0,87.25,88.92,83.83,88.11,89.83,87.59
95,95,85,93,92,80,85,88,80,80,82,80,84,94,91,89,87,85,87,82,92,89,93,91,93,93,95,87,81,87,94,86,93,84,87,80,95,93,88,88,92,85,85,92,95,92,95,91.67,88.33,84.33,80.67,89.67,87.0,87.0,91.0,93.67,85.0,91.0,83.67,91.2,85.0,93.5,93.5,86.25,88.67,89.33,88.62,90.67,88.71
84,90,88,82,90,90,86,82,95,84,92,84,85,85,93,95,88,80,80,90,93,93,95,90,91,92,86,87,88,95,92,85,81,90,85,94,95,92,83,91,89,88,83,84,86,88,89,87.33,87.33,87.67,86.67,87.67,87.67,87.67,92.67,89.67,90.0,86.0,89.67,90.0,85.5,85.0,88.5,87.25,88.92,89.83,88.56,86.33,88.18
84,93,81,95,89,88,95,91,86,84,88,94,94,84,82,91,87,84,81,92,87,87,93,88,84,85,91,91,93,92,94,92,87,94,80,88,89,82,81,86,92,88,88,93,80,86,84,86.0,90.67,90.67,88.67,86.67,87.33,86.67,89.33,86.67,92.0,91.0,87.33,86.0,88.0,86.5,85.0,89.0,87.5,89.33,88.11,86.5,88.09
91,84,84,81,88,86,93,93,81,82,94,88,95,81,90,95,87,92,84,86,94,82,92,92,85,82,84,90,88,81,86,91,91,85,83,88,81,80,93,85,82,92,95,86,88,86,95,86.33,85.0,89.0,88.0,88.67,91.33,88.0,88.67,83.67,86.33,89.33,85.33,84.2,93.5,87.0,90.5,87.08,89.17,85.0,86.29,90.33,87.57
93,83,91,85,89,80,88,91,89,82,80,84,95,95,83,82,91,91,87,91,91,80,93,95,82,83,91,95,83,83,88,92,85,85,83,95,88,88,94,94,81,82,82,85,94,89,93,89.0,84.67,89.33,82.0,91.0,88.0,89.67,89.33,85.33,87.0,88.33,87.67,89.0,82.0,89.5,91.0,86.25,89.5,86.17,88.33,87.5,87.55
83,87,87,81,86,94,87,81,88,95,84,88,82,85,82,88,90,89,93,85,86,83,82,82,93,93,82,94,89,84,90,82,89,93,89,80,89,86,88,89,83,80,95,80,80,94,86,85.67,87.0,85.33,89.0,83.0,89.0,88.0,82.33,89.33,89.0,87.0,87.33,87.0,87.5,80.0,90.0,86.75,85.58,89.17,87.11,85.83,86.89
84,90,89,89,94,81,87,94,83,82,91,84,81,82,92,85,82,82,88,86,92,82,91,80,83,80,85,80,93,91,83,95,90,80,83,88,85,93,82,85,84,88,87,90,90,91,83,87.67,88.0,88.0,85.67,85.0,83.0,88.67,84.33,82.67,88.0,89.33,83.67,85.8,87.5,90.0,87.0,87.33,85.25,85.33,86.27,88.17,86.47
81,86,90,92,87,92,94,83,81,84,81,90,82,86,90,87,86,88,86,80,84,85,88,83,85,82,94,95,84,87,93,91,95,83,81,83,90,87,81,82,88,94,94,90,87,87,89,85.67,90.33,86.0,85.0,86.0,87.0,83.33,85.33,87.0,88.67,93.0,82.33,85.6,94.0,88.5,88.0,86.75,85.42,87.83,86.98,90.17,87.43
91,88,93,92,91,81,94,90,82,85,90,85,82,82,95,91,81,85,88,93,91,85,91,91,91,81,91,90,92,95,95,91,85,80,88,86,87,85,82,83,94,83,95,91,81,84,91,90.67,88.0,88.67,86.67,86.33,85.67,90.67,89.0,87.67,92.33,90.33,84.67,86.2,89.0,86.0,87.5,88.5,87.92,90.0,87.07,87.5,88.2
91,80,94,81,93,92,84,91,93,84,87,93,92,94,90,92,93,85,80,93,81,93,93,86,93,87,88,83,89,81,81,89,91,89,89,80,89,84,87,81,80,90,81,93,94,93,85,88.33,88.67,89.33,88.0,92.0,90.0,84.67,90.67,89.33,84.33,87.0,86.0,84.2,85.5,93.5,89.0,88.58,89.33,86.83,85.73,89.33,87.96
89,84,90,95,93,82,82,83,94,80,82,81,95,86,84,95,95,86,85,95,90,93,90,95,94,88,85,80,85,87,83,87,85,95,91,84,83,83,92,80,94,95,83,95,91,86,80,87.67,90.0,86.33,81.0,88.33,92.0,90.0,92.67,89.0,84.0,85.0,90.0,86.4,89.0,93.0,83.0,86.25,90.75,86.5,87.13,88.33,87.79
85,89,91,90,93,95,87,84,82,85,84,84,81,88,87,86,86,80,90,94,87,86,82,85,83,90,83,86,88,80,91,89,94,80,86,83,81,87,81,81,81,87,81,89,91,90,82,88.33,92.67,84.33,84.33,85.33,84.0,90.33,84.33,85.33,84.67,91.33,83.0,82.2,84.0,90.0,86.0,87.42,86.0,85.0,85.51,86.67,86.12
84,84,93,86,90,95,87,86,90,95,83,82,88,93,82,85,94,86,86,81,94,88,95,83,95,95,80,87,90,86,89,83,86,82,90,82,91,85,85,81,87,92,93,95,81,88,95,87.0,90.33,87.67,86.67,87.67,88.33,87.0,88.67,90.0,87.67,86.0,84.67,85.8,92.5,88.0,91.5,87.92,87.92,88.83,85.49,90.67,88.16
87,95,81,93,86,87,80,84,90,93,83,94,93,90,80,91,85,94,88,93,93,87,91,90,80,93,93,83,88,93,91,81,94,92,88,91,95,94,91,87,95,87,84,94,88,80,82,87.67,88.67,84.67,90.0,87.67,90.0,91.33,89.33,88.67,88.0,88.67,90.33,92.4,85.5,91.0,81.0,87.75,89.58,88.33,90.47,85.83,88.39
84,95,84,91,95,94,92,84,91,82,95,91,94,84,94,90,83,81,88,95,93,89,95,87,95,82,80,86,88,94,80,94,80,84,89,88,82,86,84,83,88,84,95,85,82,82,85,87.67,93.33,89.0,89.33,90.67,84.67,92.0,90.33,85.67,89.33,84.67,87.0,84.6,89.5,83.5,83.5,89.83,89.42,87.5,85.42,85.5,87.53
94,88,88,83,87,84,81,95,90,91,83,95,90,80,94,87,81,88,88,87,84,83,83,87,85,91,84,81,87,95,85,92,90,88,80,87,83,81,92,90,80,86,80,95,87,86,84,90.0,84.67,88.67,89.67,88.0,85.33,86.33,84.33,86.67,87.67,89.0,85.0,85.2,83.0,91.0,85.0,88.25,86.0,87.17,86.4,86.33,86.83
90,83,80,89,89,84,86,87,82,81,94,94,80,93,91,93,81,84,86,81,91,88,82,92,80,86,92,85,91,91,93,93,85,86,94,93,88,93,86,95,87,87,88,94,82,80,91,84.33,87.33,85.0,89.67,88.0,86.0,86.0,87.33,86.0,89.0,90.33,91.0,89.8,87.5,88.0,85.5,86.58,86.83,87.5,90.38,87.0,87.66
92,93,88,85,88,83,90,84,83,80,93,81,86,94,94,83,88,80,93,88,93,81,84,86,94,93,83,84,81,94,95,92,81,88,81,83,93,82,92,90,80,88,87,84,93,95,84,91.0,85.33,85.67,84.67,91.33,83.67,91.33,83.67,90.0,86.33,89.33,84.0,87.4,87.5,88.5,89.5,86.67,87.5,88.17,86.91,88.5,87.55
86,80,93,86,80,85,82,95,84,94,89,84,85,88,87,95,88,92,88,82,91,88,93,88,88,86,94,92,83,93,95,84,82,81,94,85,92,87,88,87,92,88,89,86,81,85,85,86.33,83.67,87.0,89.0,86.67,91.67,87.0,89.67,89.33,89.33,87.0,86.67,89.2,88.5,83.5,85.0,86.5,88.75,89.33,87.62,85.67,87.57
80,92,84,93,80,80,92,80,83,87,84,80,90,90,83,93,80,94,82,83,84,91,84,89,82,94,90,83,93,88,88,91,95,91,85,86,91,90,83,95,80,88,90,81,80,81,81,85.33,84.33,85.0,83.67,87.67,89.0,83.0,88.0,88.67,88.0,91.33,87.33,87.8,89.0,80.5,81.0,84.58,86.92,88.33,88.82,83.5,86.43
82,90,86,87,80,90,81,95,80,89,92,87,92,85,94,88,81,93,84,83,94,89,87,88,84,86,91,91,88,90,83,84,95,90,84,89,95,95,87,86,80,86,82,87,95,85,81,86.0,85.67,85.33,89.33,90.33,87.33,87.0,88.0,87.0,89.67,87.33,87.67,88.6,84.0,91.0,83.0,86.58,88.17,88.33,87.87,86.0,87.39
95,95,92,83,85,82,89,87,89,80,95,88,88,84,87,93,89,84,84,95,95,89,84,94,82,92,91,95,82,94,92,85,80,84,89,84,90,91,83,92,84,95,80,95,87,81,88,94.0,83.33,88.33,87.67,86.33,88.67,91.33,89.0,88.33,90.33,85.67,85.67,88.0,87.5,91.0,84.5,88.33,88.83,89.33,86.44,87.67,88.12
82,91,93,85,84,93,81,95,83,82,85,90,82,87,86,80,94,86,93,93,87,90,93,80,87,92,91,81,88,84,91,95,85,94,95,86,80,89,86,80,80,80,94,93,85,80,89,88.67,87.33,86.33,85.67,85.0,86.67,91.0,87.67,90.0,84.33,90.33,91.67,83.0,87.0,89.0,84.5,87.0,87.58,87.17,88.33,86.83,87.38
82,95,82,90,83,83,87,81,91,87,89,88,88,88,89,93,81,95,94,87,82,82,91,86,84,90,81,91,88,85,81,93,94,89,93,88,81,86,87,93,94,83,90,90,80,94,93,86.33,85.33,86.33,88.0,88.33,89.67,87.67,86.33,85.0,88.0,89.33,90.0,88.2,86.5,85.0,93.5,86.5,88.0,86.5,89.18,88.33,87.7
80,95,86,83,80,95,85,83,89,91,82,91,95,92,91,81,83,90,85,87,83,86,81,85,92,92,81,85,89,81,86,86,88,91,91,91,94,86,81,81,85,83,95,88,88,92,95,87.0,86.0,85.67,88.0,92.67,84.67,85.0,84.0,88.33,85.0,86.67,91.0,85.4,89.0,88.0,93.5,86.67,86.58,86.67,87.69,90.17,87.55
94,90,94,90,88,86,83,82,92,92,94,92,89,92,85,82,84,83,81,83,93,85,90,93,81,85,82,92,89,93,84,91,92,91,95,85,95,82,86,91,89,91,87,88,95,94,89,92.67,88.0,85.67,92.67,88.67,83.0,85.67,89.33,82.67,91.33,89.0,90.33,88.6,89.0,91.5,91.5,89.75,86.67,87.0,89.31,90.67,88.68
87,82,95,80,89,82,87,85,92,91,81,92,94,80,83,88,85,85,90,90,92,95,94,90,82,86,84,95,87,95,80,83,85,93,80,88,86,94,83,87,89,93,81,92,88,86,88,88.0,83.67,88.0,88.0,85.67,86.0,90.67,93.0,84.0,92.33,82.67,87.0,87.8,87.0,90.0,87.0,86.92,88.83,88.17,85.82,88.0,87.55
83,90,93,88,86,85,81,80,93,89,92,87,81,89,86,82,82,88,88,90,94,94,88,89,91,90,93,89,90,83,93,92,84,90,89,95,93,85,87,82,82,94,82,88,90,86,89,88.67,86.33,84.67,89.33,85.33,84.0,90.67,90.33,91.33,87.33,89.67,91.33,85.8,88.0,89.0,87.5,87.25,87.58,89.33,88.93,88.17,88.25
82,88,92,88,85,87,90,92,80,84,95,88,88,80,83,84,81,83,81,95,81,87,89,93,85,93,88,91,89,86,89,81,85,90,82,83,87,86,84,84,88,80,81,89,81,80,95,87.33,86.67,87.33,89.0,83.67,82.67,85.67,89.67,88.67,88.67,85.0,85.0,85.8,80.5,85.0,87.5,87.58,85.42,88.67,85.27,84.33,86.25
82,89,82,85,90,82,91,95,86,91,94,89,80,92,84,93,86,83,92,94,94,94,85,82,80,92,93,85,81,81,80,89,87,80,90,85,83,83,87,80,82,91,88,94,91,93,95,84.33,85.67,90.67,91.33,85.33,87.33,93.33,87.0,88.33,82.33,85.33,85.0,83.0,89.5,92.5,94.0,88.0,88.25,85.33,84.44,92.0,87.61
95,91,89,93,83,87,80,87,89,89,84,81,91,88,94,95,92,84,85,83,87,85,93,91,88,94,95,92,88,85,95,86,83,83,81,80,85,91,91,90,93,88,88,86,83,89,88,91.67,87.67,85.33,84.67,91.0,90.33,85.0,89.67,92.33,88.33,88.0,81.33,90.0,88.0,84.5,88.5,87.33,89.0,90.33,86.44,87.0,88.02
89,89,90,88,94,82,95,94,85,84,82,81,90,91,92,90,80,83,83,92,82,86,93,84,94,82,83,95,93,85,87,88,83,87,93,86,94,82,90,90,91,91,94,81,82,93,81,89.33,88.0,91.33,82.33,91.0,84.33,85.67,87.67,86.33,91.0,86.0,88.67,89.4,92.5,81.5,87.0,87.75,87.17,88.67,88.02,87.0,87.72
88,80,88,83,85,87,84,81,91,93,80,84,81,90,84,94,89,93,82,95,93,87,91,90,87,92,89,86,92,85,91,83,91,84,86,82,82,95,89,91,86,82,85,82,83,81,87,85.33,85.0,85.33,85.67,85.0,92.0,90.0,89.33,89.33,87.67,88.33,84.0,88.6,83.5,82.5,84.0,85.33,89.08,88.5,86.98,83.33,86.65
82,94,85,84,89,90,87,90,89,92,89,91,92,88,88,94,80,87,80,88,95,92,91,92,86,80,85,89,91,92,95,94,86,83,82,80,87,81,95,87,87,80,84,84,81,84,89,87.0,87.67,88.67,90.67,89.33,87.0,87.67,91.67,83.67,90.67,91.67,81.67,87.4,82.0,82.5,86.5,88.5,88.92,87.17,86.91,83.67,87.03
84,81,84,91,80,85,82,90,84,84,92,86,92,85,87,81,91,90,89,95,92,87,88,81,80,93,93,93,82,84,95,87,87,93,92,95,95,94,88,93,91,80,85,82,89,94,87,83.0,85.33,85.33,87.33,88.0,87.33,92.0,85.33,88.67,86.33,89.67,93.33,92.2,82.5,85.5,90.5,85.25,88.17,87.5,91.73,86.17,87.76
87,95,85,80,95,82,94,92,87,91,89,95,83,83,88,81,93,91,80,87,83,90,95,87,86,83,80,82,82,94,83,81,80,84,92,90,89,86,91,88,88,81,90,88,90,94,84,89.0,85.67,91.0,91.67,84.67,88.33,83.33,90.67,83.0,86.0,81.33,88.67,88.4,85.5,89.0,89.0,89.33,86.75,84.5,86.13,87.83,86.91
95,87,83,91,87,95,93,82,94,80,90,85,85,84,94,85,94,86,85,94,91,86,87,94,84,80,94,82,82,82,87,86,92,85,94,92,85,84,88,80,87,83,86,83,91,84,91,88.33,91.0,89.67,85.0,87.67,88.33,90.0,89.0,86.0,82.0,88.33,90.33,84.8,84.5,87.0,87.5,88.5,88.75,84.0,87.82,86.33,87.08
94,81,80,88,91,92,84,92,94,92,92,85,94,88,93,91,93,88,81,91,86,94,92,93,86,88,93,94,91,82,90,83,81,85,93,87,87,95,85,83,85,89,80,93,85,86,90,85.0,90.33,90.0,89.67,91.67,90.67,86.0,93.0,89.0,89.0,84.67,88.33,87.0,84.5,89.0,88.0,88.75,90.33,89.0,86.67,87.17,88.38
82,89,87,87,87,87,87,85,87,86,81,81,84,81,91,90,92,91,84,94,93,95,80,80,87,94,93,86,85,89,86,87,89,85,82,85,83,92,86,83,90,92,81,84,88,88,87,86.0,87.0,86.33,82.67,85.33,91.0,90.33,85.0,91.33,86.67,87.33,84.0,86.8,86.5,86.0,87.5,85.5,87.92,89.0,86.04,86.67,87.03
93,87,94,91,81,90,84,95,95,85,87,88,93,94,95,95,94,92,93,82,94,80,89,82,88,80,82,83,89,90,80,80,85,92,86,87,89,82,95,82,89,85,85,93,83,89,93,91.33,87.33,91.33,86.67,94.0,93.67,89.67,83.67,83.33,87.33,81.67,88.33,87.4,85.0,88.0,91.0,89.17,90.25,85.33,85.8,88.0,87.71
93,81,82,94,93,93,89,80,95,94,83,90,83,85,94,85,92,82,83,88,82,88,94,86,94,80,88,86,83,83,86,87,84,83,82,82,84,89,87,81,82,89,81,89,84,93,91,85.33,93.33,88.0,89.0,87.33,86.33,84.33,89.33,87.33,84.0,85.67,82.33,84.6,85.0,86.5,92.0,88.92,86.83,85.67,84.2,87.83,86.69
93,86,93,80,95,88,94,93,86,95,83,88,87,91,81,93,84,91,93,88,87,91,92,89,89,81,91,84,93,94,93,80,80,83,93,94,89,95,89,89,81,94,87,85,95,89,95,90.67,87.67,91.0,88.67,86.33,89.33,89.33,90.67,87.0,90.33,84.33,90.0,88.6,90.5,90.0,92.0,89.5,88.92,88.67,87.64,90.83,89.11
80,87,82,92,80,93,81,80,91,90,92,91,92,86,80,90,85,87,81,87,85,80,92,88,84,85,86,89,92,84,94,88,87,84,94,85,89,80,84,86,92,82,87,82,82,95,83,83.0,88.33,84.0,91.0,86.0,87.33,84.33,86.67,85.0,88.33,89.67,87.67,86.2,84.5,82.0,89.0,86.58,86.08,86.67,87.84,85.17,86.47
91,88,83,91,86,93,95,90,83,87,91,82,85,82,92,87,89,94,95,80,82,93,92,87,82,80,83,84,86,80,80,85,80,92,83,90,85,85,95,92,94,91,95,90,83,80,92,87.33,90.0,89.33,86.67,86.33,90.0,85.67,90.67,81.67,83.33,81.67,88.33,90.2,93.0,86.5,86.0,88.33,88.17,82.5,86.73,88.5,86.85
93,87,84,84,92,92,84,86,95,84,84,90,88,87,95,83,95,83,80,84,91,81,95,85,94,87,92,87,81,84,91,81,91,87,84,86,94,89,85,92,92,92,88,86,95,94,86,88.0,89.33,88.33,86.0,90.0,87.0,85.0,87.0,91.0,84.0,87.67,85.67,90.4,90.0,90.5,90.0,87.92,87.25,87.5,87.91,90.17,88.15
83,92,93,90,80,84,85,89,81,83,82,80,94,87,94,94,95,94,86,81,95,93,94,94,83,82,88,85,89,93,93,93,83,83,90,84,82,87,89,82,85,86,85,80,84,89,89,89.33,84.67,85.0,81.67,91.67,94.33,87.33,93.67,84.33,89.0,89.67,85.67,85.0,85.5,82.0,89.0,85.17,91.75,86.67,86.78,85.5,87.17
80,88,86,91,85,95,83,85,93,82,92,93,81,95,92,88,81,83,83,94,80,84,80,83,84,94,92,95,90,95,92,93,93,90,89,81,92,89,81,85,91,86,87,83,90,86,85,84.67,90.33,87.0,89.0,89.33,84.0,85.67,82.33,90.0,93.33,92.67,86.67,87.6,86.5,86.5,85.5,87.75,85.33,91.67,88.98,86.17,87.98
80,87,83,92,95,90,92,85,93,85,91,95,84,93,84,95,84,86,89,83,82,89,82,94,88,81,85,90,92,90,92,86,90,88,94,93,85,87,82,88,92,94,83,80,83,91,92,83.33,92.33,90.0,90.33,87.0,88.33,84.67,88.33,84.67,90.67,89.33,91.67,86.8,88.5,81.5,91.5,89.0,87.08,87.67,89.27,87.17,88.04
92,87,83,95,83,86,88,95,82,85,85,88,81,86,86,84,89,87,91,92,89,80,92,90,94,91,87,84,81,89,86,90,81,85,86,82,86,86,92,84,90,90,81,92,88,95,92,87.33,88.0,88.33,86.0,84.33,86.67,90.67,87.33,90.67,84.67,85.67,84.33,87.6,85.5,90.0,93.5,87.42,87.25,87.67,85.87,89.67,87.57
87,83,88,84,90,82,93,88,91,87,89,82,90,84,92,95,84,87,89,95,87,87,87,85,85,90,84,80,90,89,81,90,93,90,82,90,94,83,80,92,82,90,85,84,91,82,93,86.0,85.33,90.67,86.0,88.67,88.67,90.33,86.33,86.33,86.33,88.0,87.33,86.2,87.5,87.5,87.5,87.0,88.5,86.33,87.18,87.5,87.3
91,93,89,92,80,87,85,84,81,87,92,83,83,91,84,81,93,89,83,85,88,85,81,90,93,90,94,95,95,86,87,90,82,83,93,86,92,95,89,81,92,82,82,88,85,95,95,91.0,86.33,83.33,87.33,86.0,87.67,85.33,85.33,92.33,92.0,86.33,87.33,89.8,82.0,86.5,95.0,87.0,86.08,92.17,87.82,87.83,88.18
93,86,93,89,89,81,95,90,95,81,83,90,84,81,94,91,83,92,80,91,88,94,87,94,82,90,93,90,82,86,94,82,81,84,83,90,88,90,87,86,92,81,94,93,82,95,85,90.67,86.33,93.33,84.67,86.33,88.67,86.33,91.67,88.33,86.0,85.67,85.67,88.6,87.5,87.5,90.0,88.75,88.25,87.17,86.64,88.33,87.83
83,89,93,90,80,95,81,86,81,88,84,83,93,87,89,84,95,84,95,82,86,81,89,83,83,95,90,84,85,84,80,93,88,85,92,82,82,93,94,95,90,94,89,83,91,81,90,88.33,88.33,82.67,85.0,89.67,87.67,87.67,84.33,89.33,84.33,87.0,86.33,90.8,91.5,87.0,85.5,86.08,87.33,86.83,88.04,88.0,87.26
92,94,87,90,83,92,92,91,91,85,95,93,85,95,91,83,91,82,89,80,83,94,85,91,84,83,93,88,95,91,81,81,93,83,82,89,95,91,93,83,92,94,87,82,83,83,84,91.0,88.33,91.33,91.0,90.33,85.33,84.0,90.0,86.67,91.33,85.0,84.67,90.8,90.5,82.5,83.5,90.42,87.42,89.0,86.82,85.5,87.83
86,88,83,86,86,94,95,88,87,86,82,88,86,95,88,90,95,88,84,93,82,82,94,93,89,89,83,83,84,85,89,91,88,84,92,86,92,95,92,80,95,82,81,92,85,89,81,85.67,88.67,90.0,85.33,89.67,91.0,86.33,89.67,87.0,84.0,89.33,87.33,90.8,81.5,88.5,85.0,87.42,89.17,85.5,89.16,85.0,87.25
93,86,95,81,91,86,91,83,93,95,82,89,94,88,80,93,89,82,85,93,82,93,93,95,89,95,82,88,95,95,82,86,87,93,87,80,92,87,83,88,81,80,81,92,85,92,91,91.33,86.0,89.0,88.67,87.33,88.0,86.67,93.67,88.67,92.67,85.0,86.67,86.2,80.5,88.5,91.5,88.75,88.92,90.67,85.96,86.83,88.22
83,91,88,92,84,80,85,84,82,80,88,94,80,82,89,81,81,81,81,94,90,90,94,91,90,82,95,87,80,81,90,85,86,95,89,94,90,86,92,87,92,87,92,86,89,80,89,87.33,85.33,83.67,87.33,83.67,81.0,88.33,91.67,89.0,82.67,87.0,92.67,89.4,89.5,87.5,84.5,85.92,86.17,85.83,89.69,87.17,86.95
95,84,87,90,91,86,86,83,91,95,85,93,87,87,93,87,91,85,91,92,95,91,89,90,85,82,90,89,85,91,83,84,88,86,92,80,93,83,93,94,93,89,83,82,82,90,86,88.67,89.0,86.67,91.0,89.0,87.67,92.67,90.0,85.67,88.33,85.0,86.0,91.2,86.0,82.0,88.0,88.83,89.83,87.0,87.4,85.33,87.68
94,81,87,80,90,80,89,90,95,85,89,90,83,90,92,80,90,91,87,94,95,81,86,80,80,81,83,89,91,87,94,80,88,88,80,81,81,92,81,91,94,87,81,90,93,81,87,87.33,83.33,91.33,88.0,88.33,87.0,92.0,82.33,81.33,89.0,87.33,83.0,87.8,84.0,91.5,84.0,87.5,87.42,85.17,86.04,86.5,86.53
95,83,84,93,87,86,89,88,94,89,91,87,85,87,93,91,85,85,85,93,81,89,95,85,86,87,83,89,83,83,94,84,85,86,93,83,90,83,84,86,92,87,91,92,93,89,87,87.33,88.67,90.33,89.0,88.33,87.0,86.33,89.67,85.33,85.0,87.67,87.33,87.0,89.0,92.5,88.0,88.83,87.83,85.17,87.33,89.83,87.8
93,81,92,93,92,85,85,90,90,86,91,92,93,90,85,82,86,94,86,92,93,94,83,87,93,81,84,92,90,85,90,94,80,84,80,82,83,87,85,88,88,88,93,87,81,90,91,88.67,90.0,88.33,89.67,89.33,87.33,90.33,88.0,86.0,89.0,88.0,82.0,86.2,90.5,84.0,90.5,89.17,88.75,87.5,85.4,88.33,87.83
89,80,94,90,93,82,88,81,80,89,82,94,84,91,87,95,89,92,87,95,80,81,87,84,87,80,93,88,87,85,92,87,84,91,95,88,82,91,92,90,84,86,82,87,80,89,83,87.67,88.33,83.0,88.33,87.33,92.0,87.33,84.0,86.67,86.67,87.67,91.33,87.8,84.0,83.5,86.0,86.83,87.67,86.67,88.93,84.5,86.92
90,85,85,84,82,90,92,94,85,91,80,89,90,82,91,91,89,81,93,85,95,92,94,85,88,83,89,82,88,89,88,95,93,80,81,83,87,80,85,82,95,85,90,91,81,81,86,86.67,85.33,90.33,86.67,87.67,87.0,91.0,90.33,86.67,86.33,92.0,81.33,85.8,87.5,86.0,83.5,87.25,89.0,86.5,86.38,85.67,86.96
87,95,81,84,93,87,89,84,81,81,84,82,88,84,83,90,93,92,82,84,85,92,88,88,89,88,88,80,84,88,83,80,83,95,81,83,93,86,90,81,92,81,82,91,89,85,86,87.67,88.0,84.67,82.33,85.0,91.67,83.67,89.33,88.33,84.0,82.0,86.33,88.4,81.5,90.0,85.5,85.67,87.42,86.17,85.58,85.67,86.1
91,81,93,89,93,85,83,83,88,85,80,82,80,81,95,95,90,85,86,85,82,87,90,91,80,81,92,85,90,94,85,95,90,86,89,86,84,89,81,93,88,93,84,81,83,93,92,88.33,89.0,84.67,82.33,85.33,90.0,84.33,89.33,84.33,89.67,90.0,87.0,87.0,88.5,82.0,92.5,86.08,87.25,87.0,88.0,87.67,87.2
83,93,88,85,89,90,85,93,83,82,88,89,94,88,87,82,93,83,94,87,81,93,91,94,91,92,84,87,83,89,90,95,93,91,81,87,80,87,82,81,84,82,82,87,86,94,91,88.0,88.0,87.0,86.33,89.67,86.0,87.33,92.67,89.0,86.33,92.67,86.33,82.8,82.0,86.5,92.5,87.33,88.92,87.67,87.27,87.0,87.64
86,89,89,83,83,94,93,84,82,81,87,86,92,80,84,84,82,81,84,94,80,89,82,88,81,84,80,80,83,82,92,90,89,80,91,88,90,83,95,93,89,94,81,95,85,84,84,88.0,86.67,86.33,84.67,85.33,82.33,86.0,86.33,81.67,81.67,90.33,86.33,90.0,87.5,90.0,84.0,86.42,85.0,81.67,88.89,87.17,85.83
85,83,84,89,85,89,89,80,84,93,83,95,91,86,94,95,89,84,84,82,88,80,92,82,82,84,85,81,87,93,84,85,84,81,85,89,85,91,80,80,87,84,84,82,89,89,89,84.0,87.67,84.33,90.33,90.33,89.33,84.67,84.67,83.67,87.0,84.33,85.0,84.6,84.0,85.5,89.0,86.58,87.25,85.33,84.64,86.17,86.0
86,83,88,92,86,86,95,91,84,83,84,92,86,87,83,93,94,83,95,89,95,95,89,86,85,94,92,86,82,88,95,84,81,84,95,92,84,89,95,80,92,80,82,81,84,87,91,85.67,88.0,90.0,86.33,85.33,90.0,93.0,90.0,90.33,85.33,86.67,90.33,88.0,81.0,82.5,89.0,87.5,89.58,87.83,88.33,84.17,87.48
80,94,87,86,83,85,94,87,84,85,83,94,84,91,86,94,90,95,80,93,80,86,86,89,90,83,91,93,91,93,94,95,85,90,87,93,84,95,82,81,81,90,80,89,91,89,81,87.0,84.67,88.33,87.33,87.0,93.0,84.33,87.0,88.0,92.33,91.33,90.0,84.6,85.0,90.0,85.0,86.83,87.83,90.17,88.64,86.67,88.03
93,91,87,92,94,94,81,92,84,80,91,83,86,85,93,90,82,94,87,82,89,86,95,82,89,92,91,90,92,93,91,86,81,89,80,83,88,80,84,80,94,80,84,84,80,90,95,90.33,93.33,85.67,84.67,88.0,88.67,86.0,87.67,90.67,91.67,86.0,84.0,85.2,82.0,82.0,92.5,88.5,87.58,91.17,85.07,85.5,87.56
90,84,84,86,85,93,91,90,81,83,83,92,83,86,81,89,90,86,88,82,84,87,95,84,82,82,95,91,95,89,89,90,86,88,95,86,82,89,85,83,90,91,86,93,90,95,86,86.0,88.0,87.33,86.0,83.33,88.33,84.67,88.67,86.33,91.67,88.33,89.67,85.8,88.5,91.5,90.5,86.83,86.25,89.0,87.93,90.17,88.04
88,86,81,86,85,81,83,80,95,84,81,93,92,86,93,84,86,82,81,92,93,85,85,90,84,86,90,83,84,80,90,83,84,85,93,90,86,82,94,83,91,85,93,80,86,90,86,85.0,84.0,86.0,86.0,90.33,84.0,88.67,86.67,86.67,82.33,85.67,89.33,87.2,89.0,83.0,88.0,85.25,87.42,84.5,87.4,86.67,86.25
85,84,86,83,94,89,85,94,84,85,84,86,81,92,90,80,82,92,95,88,88,91,80,85,83,89,85,90,89,95,88,87,91,90,95,94,84,87,81,88,94,91,80,89,88,92,83,85.0,88.67,87.67,85.0,87.67,84.67,90.33,85.33,85.67,91.33,88.67,93.0,86.8,85.5,88.5,87.5,86.58,87.0,88.5,89.49,87.17,87.75
91,84,89,80,83,82,82,87,89,86,84,85,83,87,91,94,88,91,80,95,85,88,83,90,86,94,90,89,92,87,89,85,91,85,93,87,83,80,87,83,92,85,83,83,94,87,81,88.0,81.67,86.0,85.0,87.0,91.0,86.67,87.0,90.0,89.33,88.33,88.33,85.0,84.0,88.5,84.0,85.17,87.92,89.67,87.22,85.5,87.09
95,94,81,86,89,95,88,83,83,88,86,95,81,90,82,89,81,93,83,84,91,89,91,85,83,95,89,80,85,90,82,89,94,86,85,86,81,85,86,80,93,92,87,95,91,88,92,90.0,90.0,84.67,89.67,84.33,87.67,86.0,88.33,89.0,85.0,88.33,85.67,85.0,89.5,93.0,90.0,88.58,86.58,87.0,86.33,90.83,87.87
86,82,85,89,87,94,91,86,84,93,93,87,91,82,85,86,89,92,81,94,86,94,85,84,89,91,88,89,85,93,86,84,81,86,84,84,84,93,91,95,95,88,89,89,82,81,80,84.33,90.0,87.0,91.0,86.0,89.0,87.0,87.67,89.33,89.0,83.67,84.67,91.6,88.5,85.5,80.5,88.08,87.42,89.17,86.64,84.83,87.23
92,81,82,93,80,83,83,88,86,89,86,81,90,87,92,84,83,93,83,80,91,82,82,87,90,95,91,80,88,88,95,91,82,88,90,85,95,91,85,84,91,87,81,89,87,89,94,85.0,85.33,85.67,85.33,89.67,86.67,84.67,83.67,92.0,85.33,89.33,87.67,89.2,84.0,88.0,91.5,85.33,86.17,88.67,88.73,87.83,87.35
93,92,83,91,81,80,94,87,87,90,80,94,86,86,91,89,85,92,89,92,81,89,83,87,80,94,84,92,82,80,81,80,94,83,86,90,87,93,80,88,87,82,83,84,93,84,82,89.33,84.0,89.33,88.0,87.67,88.67,87.33,86.33,86.0,84.67,85.0,86.33,87.0,82.5,88.5,83.0,87.67,87.5,85.33,86.11,84.67,86.26
87,95,82,80,89,89,86,89,87,94,83,91,89,86,84,84,94,93,93,87,88,85,85,89,94,94,87,84,91,84,85,92,88,84,91,92,90,85,85,87,92,83,93,91,94,90,84,88.0,86.0,87.33,89.33,86.33,90.33,89.33,86.33,91.67,86.33,88.33,89.0,87.8,88.0,92.5,87.0,87.67,88.08,89.0,88.38,89.17,88.46
94,86,90,84,89,80,80,89,88,85,88,91,84,88,90,94,87,81,82,86,88,85,82,95,90,80,87,81,81,88,81,89,81,87,86,93,92,94,90,85,93,86,89,81,94,85,94,90.0,84.33,85.67,88.0,87.33,87.33,85.33,87.33,85.67,83.33,83.67,88.67,90.8,87.5,87.5,89.5,87.0,86.83,84.5,87.71,88.17,86.84
92,88,85,93,93,93,91,84,88,85,85,89,88,92,81,88,85,94,84,91,90,81,92,93,88,81,86,88,85,83,90,91,82,88,91,89,95,88,90,83,81,95,95,81,80,81,93,88.33,93.0,87.67,86.33,87.0,89.0,88.33,88.67,85.0,85.33,87.67,89.33,87.4,95.0,80.5,87.0,88.83,88.25,85.17,88.13,87.5,87.58
87,95,84,84,87,82,84,87,87,81,84,81,84,94,92,94,94,87,87,81,90,87,84,92,86,81,95,89,93,91,94,92,93,85,80,81,92,83,85,93,94,91,87,81,89,84,84,88.67,84.33,86.0,82.0,90.0,91.67,86.0,87.67,87.33,91.0,93.0,82.0,89.4,89.0,85.0,84.0,85.25,88.83,89.17,88.13,86.0,87.48
89,84,81,89,89,83,81,93,81,89,85,83,84,88,81,81,81,92,94,81,93,84,92,88,85,85,86,92,89,95,84,83,82,80,80,85,82,93,92,95,94,94,83,83,85,86,81,84.67,87.0,85.0,85.67,84.33,84.67,89.33,88.0,85.33,92.0,83.0,81.67,91.2,88.5,84.0,83.5,85.58,86.58,88.67,85.29,85.33,86.29
92,86,95,90,94,85,88,95,95,87,81,84,92,86,93,88,83,90,85,81,84,91,85,86,87,81,91,94,89,92,85,80,85,92,93,81,84,83,93,94,85,95,90,86,90,90,85,91.0,89.67,92.67,84.0,90.33,87.0,83.33,87.33,86.33,91.67,83.33,88.67,87.8,92.5,88.0,87.5,89.33,87.0,89.0,86.6,89.33,88.25
81,80,92,93,81,85,93,92,85,80,80,87,93,88,95,85,88,85,92,80,81,80,80,93,93,95,80,87,80,94,92,95,91,80,83,80,91,80,91,87,85,87,90,83,81,91,92,84.33,86.33,90.0,82.33,92.0,86.0,84.33,84.33,89.33,87.0,92.67,81.0,86.8,88.5,82.0,91.5,85.75,86.67,88.17,86.82,87.33,86.95
90,95,95,80,84,86,93,82,84,84,88,87,80,89,84,85,86,83,90,93,93,80,93,87,83,94,80,92,84,94,88,92,83,89,95,94,86,91,86,93,95,80,85,82,93,92,86,93.33,83.33,86.33,86.33,84.33,84.67,92.0,86.67,85.67,90.0,87.67,92.67,90.2,82.5,87.5,89.0,87.33,86.92,87.83,90.18,86.33,87.72
94,82,80,87,86,80,86,92,90,84,93,80,83,94,83,90,83,88,83,93,89,93,86,91,86,83,93,91,82,95,87,95,85,84,81,83,84,94,92,84,83,95,91,91,83,86,88,85.33,84.33,89.33,85.67,86.67,87.0,88.33,90.0,87.33,89.33,89.0,82.67,87.4,93.0,87.0,87.0,86.17,88.0,88.33,86.36,89.0,87.57
81,86,80,80,94,84,87,95,89,95,94,86,94,88,80,95,89,88,88,90,90,87,83,94,89,94,85,90,82,90,90,84,89,84,82,85,80,93,85,95,95,93,93,83,89,93,89,82.33,86.0,90.33,91.67,87.33,90.67,89.33,88.0,89.33,87.33,87.67,83.67,89.6,93.0,86.0,91.0,87.58,88.83,88.33,86.98,90.0,88.35
83,83,89,84,95,86,89,92,84,93,80,81,87,87,82,89,87,95,92,84,94,93,85,88,84,82,82,88,86,85,84,82,83,82,90,89,89,95,90,90,95,84,80,94,92,85,89,85.0,88.33,88.33,84.67,85.33,90.33,90.0,88.67,82.67,86.33,83.0,87.0,91.8,82.0,93.0,87.0,86.58,88.58,84.5,87.27,87.33,86.85
82,93,85,89,93,82,81,94,90,94,93,81,94,91,89,85,92,94,81,90,93,82,89,80,88,85,82,81,84,93,95,88,91,92,81,90,94,83,86,85,91,88,82,93,85,81,82,86.67,88.0,88.33,89.33,91.33,90.33,88.0,83.67,85.0,86.0,91.33,87.67,87.8,85.0,89.0,81.5,88.08,88.33,85.5,88.93,85.17,87.2
88,88,86,80,90,86,80,82,80,95,92,84,85,94,92,91,82,94,94,85,94,90,91,80,87,91,81,93,86,84,89,80,88,93,92,86,95,83,90,80,92,89,86,92,89,85,90,87.33,85.33,80.67,90.33,90.33,89.0,91.0,87.0,86.33,87.67,85.67,90.33,88.0,87.5,90.5,87.5,85.92,89.33,87.0,88.0,88.5,87.75
82,90,91,88,91,80,83,90,88,91,93,84,89,88,80,93,83,82,93,83,87,80,84,95,83,85,91,95,81,80,85,80,87,91,85,89,92,95,93,92,92,94,90,85,80,85,93,87.67,86.33,87.0,89.33,85.67,86.0,87.67,86.33,86.33,85.33,84.0,88.33,92.8,92.0,82.5,89.0,87.58,86.42,85.83,88.38,87.83,87.21
90,84,89,90,94,82,86,91,83,87,91,90,92,84,82,85,83,87,85,86,85,86,92,85,88,84,90,84,83,82,85,81,80,88,81,90,93,90,92,95,90,89,90,93,91,95,89,87.67,88.67,86.67,89.33,86.0,85.0,85.33,87.67,87.33,83.0,82.0,86.33,92.0,89.5,92.0,92.0,88.08,86.0,85.17,86.78,91.17,87.44
89,82,83,82,83,87,88,84,80,81,82,87,87,93,87,93,90,91,88,88,87,81,90,94,81,83,80,88,84,81,80,80,94,81,80,91,87,83,84,80,93,87,87,92,93,86,88,84.67,84.0,84.0,83.33,89.0,91.33,87.67,88.33,81.33,84.33,84.67,84.0,85.4,87.0,92.5,87.0,84.0,89.08,82.83,84.69,88.83,85.89
80,82,95,83,95,95,82,85,89,93,92,87,92,84,84,95,86,94,92,93,94,88,89,89,82,82,86,82,90,92,91,82,92,87,88,91,84,92,92,93,81,91,86,80,81,80,89,85.67,91.0,85.33,90.67,86.67,91.67,93.0,88.67,83.33,88.0,88.33,88.67,88.4,88.5,80.5,84.5,88.17,90.0,85.67,88.47,84.5,87.36
94,94,85,88,85,85,87,83,87,86,95,83,81,88,92,88,89,86,93,81,86,87,95,94,86,86,80,94,85,80,89,81,89,91,83,82,84,81,94,90,91,92,92,89,90,93,85,91.0,86.0,85.67,88.0,87.0,87.67,86.67,92.0,84.0,86.33,86.33,85.33,88.0,92.0,89.5,89.0,87.67,88.33,85.17,86.56,90.17,87.58
83,83,85,84,95,88,87,89,85,85,84,88,81,87,93,80,89,86,92,85,91,82,88,83,91,95,89,89,83,84,83,83,86,82,80,89,92,95,92,80,89,89,81,82,84,88,93,83.67,89.0,87.0,85.67,87.0,85.0,89.33,84.33,91.67,85.33,84.0,83.67,89.6,85.0,83.0,90.5,86.33,86.42,88.5,85.76,86.17,86.63
91,81,82,80,95,80,89,83,95,91,87,86,81,89,87,90,89,91,83,81,85,87,91,95,80,86,83,83,86,95,95,86,84,87,92,80,84,80,86,91,82,95,93,91,84,86,80,84.67,85.0,89.0,88.0,85.67,90.0,83.0,91.0,83.0,88.0,88.33,86.33,84.6,94.0,87.5,83.0,86.67,87.42,85.5,86.42,88.17,86.83
85,86,82,90,88,86,84,91,89,88,84,82,81,94,82,93,91,94,87,86,82,87,93,89,85,81,85,88,93,93,93,92,80,93,87,95,88,88,89,91,81,95,81,80,82,89,83,84.33,88.0,88.0,84.67,85.67,92.67,85.0,89.67,83.67,91.33,88.33,91.67,87.4,88.0,81.0,86.0,86.25,88.25,87.5,89.13,85.0,87.23
83,87,95,95,94,83,90,91,90,83,83,91,84,81,94,95,85,91,90,81,92,88,83,94,92,86,91,90,88,80,89,83,87,80,92,88,93,85,88,93,81,86,82,89,80,91,91,88.33,90.67,90.33,85.67,86.33,90.33,87.67,88.33,89.67,86.0,86.33,86.67,88.0,84.0,84.5,91.0,88.75,88.17,87.83,87.0,86.5,87.65
88,85,83,83,88,93,91,92,94,80,90,95,81,83,91,85,89,86,84,85,85,82,81,90,95,87,86,83,95,80,80,91,85,91,83,84,87,85,82,82,91,81,88,82,93,81,88,85.33,88.0,92.33,88.33,85.0,86.67,84.67,84.33,89.33,86.0,85.33,86.0,85.4,84.5,87.5,84.5,88.5,85.17,87.67,85.58,85.5,86.48
86,91,85,95,86,87,90,90,94,81,93,93,90,90,91,83,90,91,80,93,94,87,80,81,91,85,88,82,82,86,90,88,89,91,86,84,94,88,88,87,85,90,93,83,85,82,93,87.33,89.33,91.33,89.0,90.33,88.0,89.0,82.67,88.0,83.33,89.0,87.0,88.4,91.5,84.0,87.5,89.25,87.5,85.67,88.13,87.67,87.64
86,92,91,87,82,80,88,83,94,88,86,80,83,85,95,86,83,92,88,94,89,95,92,92,81,84,90,93,91,82,84,85,80,92,92,87,91,92,87,85,92,95,86,88,88,88,87,89.67,83.0,88.33,84.67,87.67,87.0,90.33,93.0,85.0,88.67,83.0,90.33,89.4,90.5,88.0,87.5,86.42,89.5,86.83,87.58,88.67,87.8
85,92,92,86,85,94,83,92,91,83,92,90,88,93,80,94,92,85,81,91,82,92,83,91,88,81,88,94,86,81,85,88,86,89,80,91,91,85,82,94,80,85,81,82,84,95,80,89.67,88.33,88.67,88.33,87.0,90.33,84.67,88.67,85.67,87.0,86.33,86.67,86.4,83.0,83.0,87.5,88.75,87.67,86.33,86.47,84.5,86.74
81,88,83,86,94,81,89,94,82,88,93,86,91,86,88,91,94,90,94,80,80,88,91,89,83,84,81,84,82,94,83,92,84,80,92,92,84,89,92,93,95,81,95,89,85,82,81,84.0,87.0,88.33,89.0,88.33,91.67,84.67,89.33,82.67,86.67,86.33,88.0,90.6,88.0,87.0,81.5,87.08,88.5,84.67,88.31,85.5,86.81
89,89,88,90,94,81,91,91,84,82,85,91,81,95,82,85,83,86,93,95,89,84,90,93,95,95,80,92,92,95,83,90,91,83,80,88,91,88,88,81,95,89,81,93,85,93,93,88.67,88.33,88.67,86.0,86.0,84.67,92.33,89.0,90.0,93.0,88.0,83.67,88.6,85.0,89.0,93.0,87.92,88.0,91.5,86.76,89.0,88.63
84,87,92,86,91,91,89,81,94,92,94,89,88,95,83,84,86,88,81,85,95,89,88,95,92,82,80,88,85,94,81,82,81,83,80,91,92,81,91,86,93,93,93,82,83,94,85,87.67,89.33,88.0,91.67,88.67,86.0,87.0,90.67,84.67,89.0,81.33,84.67,88.6,93.0,82.5,89.5,89.17,88.08,86.83,84.87,88.33,87.46
95,80,89,85,93,87,93,94,86,83,84,83,87,95,81,90,94,88,80,90,90,81,85,93,82,86,88,81,86,88,89,93,91,87,89,88,82,82,91,90,93,95,87,86,88,81,83,88.0,88.33,91.0,83.33,87.67,90.67,86.67,86.33,85.33,85.0,91.0,88.0,87.6,91.0,87.0,82.0,87.67,87.83,85.17,88.87,86.67,87.24
94,92,89,81,88,87,90,88,86,81,91,89,85,90,81,89,82,94,88,89,83,95,91,88,92,82,91,89,85,87,87,82,87,82,85,86,80,94,82,81,86,87,81,92,87,93,89,91.67,85.33,88.0,87.0,85.33,88.33,86.67,91.33,88.33,87.0,85.33,84.33,84.6,84.0,89.5,91.0,88.0,87.92,87.67,84.76,88.17,87.3
80,85,95,82,90,89,85,86,89,85,86,80,89,81,88,83,92,91,85,92,86,87,81,84,92,90,92,90,87,81,84,81,94,80,90,82,93,82,87,92,81,93,91,91,89,94,87,86.67,87.0,86.67,83.67,86.0,88.67,87.67,84.0,91.33,86.0,86.33,84.0,87.0,92.0,90.0,90.5,86.0,86.58,88.67,85.78,90.83,87.57
80,88,81,92,92,95,80,91,91,87,87,89,94,82,86,80,95,90,90,83,89,85,82,88,95,86,95,90,94,90,83,83,81,88,88,87,90,85,91,92,94,80,83,88,83,90,91,83.0,93.0,87.33,87.67,87.33,88.33,87.33,85.0,92.0,91.33,82.33,87.67,90.4,81.5,85.5,90.5,87.75,87.0,91.67,86.8,85.83,87.81
94,92,85,94,86,91,94,80,85,88,88,84,80,85,84,92,94,89,88,93,95,86,87,83,85,89,86,86,94,83,95,81,93,95,95,84,84,82,88,82,93,88,86,82,93,87,81,90.33,90.33,86.33,86.67,83.0,91.67,92.0,85.33,86.67,87.67,89.67,91.33,85.8,87.0,87.5,84.0,88.42,88.0,87.17,88.93,86.17,87.74
81,95,80,93,90,93,94,84,83,93,91,84,87,87,93,82,87,92,86,89,84,90,89,90,85,85,86,80,84,80,87,88,95,81,93,90,86,89,88,84,85,84,89,89,90,89,81,85.33,92.0,87.0,89.33,89.0,87.0,86.33,89.67,85.33,81.33,90.0,88.0,86.4,86.5,89.5,85.0,88.42,88.0,83.33,88.13,87.0,86.98
91,82,91,85,91,80,92,92,83,88,92,86,89,83,91,93,80,86,85,94,89,86,80,84,93,94,91,84,85,91,81,91,94,82,84,80,82,84,95,92,82,94,86,92,91,89,94,88.0,85.33,89.0,88.67,87.67,86.33,89.33,83.33,92.67,86.67,88.67,82.0,87.0,90.0,91.5,91.5,87.75,86.67,89.67,85.89,91.0,88.19
83,82,85,93,82,81,82,94,85,90,88,87,94,94,90,82,83,82,80,91,93,85,90,82,93,92,89,86,95,92,80,92,94,95,85,89,91,90,90,92,88,80,94,89,94,94,92,83.33,85.33,87.0,88.33,92.67,82.33,88.0,85.67,91.33,91.0,88.67,89.67,90.2,87.0,91.5,93.0,86.0,87.17,91.17,89.51,90.5,88.87
84,83,86,95,93,94,93,95,95,85,88,95,89,90,80,80,85,83,94,91,81,84,81,82,84,81,80,88,91,94,89,81,89,87,85,91,84,95,88,95,82,95,91,87,83,80,89,84.33,94.0,94.33,89.33,86.33,82.67,88.67,82.33,81.67,91.0,86.33,87.67,88.8,93.0,85.0,84.5,90.5,85.0,86.33,87.6,87.5,87.39
95,92,80,93,94,95,85,90,84,88,83,83,95,91,83,81,84,89,91,90,86,87,94,82,95,88,82,89,94,90,88,89,94,93,90,95,84,81,89,85,88,88,86,92,88,92,95,89.0,94.0,86.33,84.67,89.67,84.67,89.0,87.67,88.33,91.0,90.33,92.67,85.4,87.0,90.0,93.5,88.5,87.75,89.67,89.47,90.17,89.11
92,85,87,80,95,95,94,93,91,87,80,93,81,81,86,89,93,82,85,85,80,81,86,89,95,84,82,85,93,93,87,81,89,82,81,91,93,85,93,80,88,93,93,88,82,93,83,88.0,90.0,92.67,86.67,82.67,88.0,83.33,85.33,87.0,90.33,85.67,84.67,87.8,93.0,85.0,88.0,89.33,84.83,88.67,86.04,88.67,87.51
90,84,91,88,95,81,81,85,93,82,81,82,86,93,90,93,86,82,87,89,87,85,88,88,90,83,88,89,92,94,88,86,90,82,89,83,90,86,93,87,84,81,94,92,91,81,93,88.33,88.0,86.33,81.67,89.67,87.0,87.67,87.0,87.0,91.67,88.0,84.67,88.0,87.5,91.5,87.0,86.08,87.83,89.33,86.89,88.67,87.76
88,90,92,80,94,88,88,94,94,83,93,83,80,81,83,85,81,88,80,95,80,89,80,80,82,89,86,93,86,86,81,88,91,91,83,83,81,83,87,93,90,82,90,83,80,82,84,90.0,87.33,92.0,86.33,81.33,84.67,85.0,83.0,85.67,88.33,86.67,85.67,86.8,86.0,81.5,83.0,88.92,83.5,87.0,86.38,83.5,85.86
83,84,89,87,92,88,87,83,85,90,82,85,81,91,81,84,86,86,91,95,81,87,88,82,93,84,87,90,82,80,95,89,91,95,95,86,93,91,91,95,89,80,89,83,90,82,86,85.33,89.0,85.0,85.67,84.33,85.33,89.0,85.67,88.0,84.0,91.67,92.0,91.8,84.5,86.5,84.0,86.25,86.08,86.0,91.82,85.0,87.03
92,80,82,85,89,89,88,93,93,95,92,80,91,88,87,83,92,94,89,86,89,95,83,90,87,91,88,80,82,85,93,94,90,80,91,94,91,95,94,91,80,87,85,90,81,90,87,84.67,87.67,91.33,89.0,88.67,89.67,88.0,89.33,88.67,82.33,92.33,88.33,90.2,86.0,85.5,88.5,88.17,88.92,85.5,90.29,86.67,87.91
87,80,92,89,89,89,89,87,88,95,92,92,84,86,91,86,83,93,91,91,86,83,82,84,83,80,94,95,80,84,82,91,81,84,84,83,86,92,95,83,80,85,84,91,83,85,82,86.33,89.0,88.0,93.0,87.0,87.33,89.33,83.0,85.67,86.33,84.67,83.67,87.2,84.5,87.0,83.5,89.08,86.67,86.0,85.18,85.0,86.39
88,83,87,82,91,88,90,81,81,84,93,91,88,86,85,92,93,87,81,93,95,92,91,82,90,81,84,91,84,89,83,95,82,85,86,89,81,81,93,92,85,92,90,85,92,89,88,86.0,87.0,84.0,89.33,86.33,90.67,89.67,88.33,85.0,88.0,86.67,86.67,86.4,91.0,88.5,88.5,86.58,88.75,86.5,86.58,89.33,87.55
92,91,85,83,84,93,82,80,86,82,88,86,82,83,93,81,90,95,88,81,84,94,89,83,88,85,86,92,83,95,93,88,87,94,91,88,86,92,93,95,84,91,80,80,80,82,81,89.33,86.67,82.67,85.33,86.0,88.67,84.33,88.67,86.33,90.0,89.33,91.0,90.0,85.5,80.0,81.5,86.0,86.92,88.17,90.11,82.33,86.71
89,90,85,93,90,93,83,90,93,95,82,91,85,94,88,88,84,87,89,86,80,90,95,82,83,94,82,93,90,93,88,94,93,82,90,80,83,94,85,80,94,92,90,92,91,88,84,88.0,92.0,88.67,89.33,89.0,86.33,85.0,89.0,86.33,92.0,91.67,84.0,87.2,91.0,91.5,86.0,89.5,87.33,89.17,87.62,89.5,88.62
87,88,89,80,92,88,81,84,87,89,83,92,82,88,89,81,85,90,91,84,81,93,80,88,80,80,80,85,81,84,84,92,88,86,92,83,93,91,95,81,87,92,90,93,94,85,83,88.0,86.67,84.0,88.0,86.33,85.33,85.33,87.0,80.0,83.33,88.0,87.0,89.4,91.0,93.5,84.0,86.67,86.0,81.67,88.13,89.5,86.39
80,87,85,90,85,83,82,92,81,86,83,86,88,88,92,83,93,80,81,92,94,91,92,85,80,92,85,94,88,82,86,94,86,90,83,86,86,93,83,80,92,88,93,82,86,89,94,84.0,86.0,85.0,85.0,89.33,85.33,89.0,89.33,85.67,88.0,88.67,86.33,86.8,90.5,84.0,91.5,85.0,88.25,86.83,87.27,88.67,87.2
89,87,84,88,90,95,82,85,83,88,86,94,83,87,81,94,80,80,87,83,89,90,91,87,89,81,83,94,90,85,86,94,80,83,92,88,85,87,80,93,82,86,86,87,81,81,90,86.67,91.0,83.33,89.33,83.67,84.67,86.33,89.33,84.33,89.67,86.67,87.67,85.4,86.0,84.0,85.5,87.58,86.0,87.0,86.58,85.17,86.47
85,87,89,90,87,81,93,84,92,85,90,88,84,80,93,84,93,82,85,86,80,82,82,95,83,90,86,80,83,81,83,84,85,95,82,92,85,88,95,94,87,87,89,86,86,94,80,87.0,86.0,89.67,87.67,85.67,86.33,83.67,86.33,86.33,81.33,84.0,89.67,89.8,88.0,86.0,87.0,87.58,85.5,83.83,87.82,87.0,86.35
94,83,83,85,95,86,84,88,94,94,95,86,91,86,81,93,91,93,87,93,93,88,82,85,94,89,82,80,93,92,81,88,88,80,91,91,86,85,90,82,92,93,86,87,95,90,94,86.67,88.67,88.67,91.67,86.0,92.33,91.0,85.0,88.33,88.33,85.67,87.33,87.0,89.5,91.0,92.0,88.92,88.58,88.33,86.67,90.83,88.67
84,92,88,81,85,93,87,83,89,89,87,89,90,95,84,92,84,95,81,86,87,94,80,80,81,89,89,95,94,81,95,93,89,85,81,94,83,85,88,90,88,89,80,92,80,88,93,88.0,86.33,86.33,88.33,89.67,90.33,84.67,84.67,86.33,90.0,92.33,86.67,86.8,84.5,86.0,90.5,87.25,87.33,88.17,88.6,87.0,87.67
85,94,92,82,85,94,95,90,91,87,86,80,80,82,86,94,82,89,81,90,93,90,92,91,90,84,91,85,81,89,89,83,81,84,87,88,90,88,94,91,94,83,87,82,84,91,90,90.33,87.0,92.0,84.33,82.67,88.33,88.0,91.0,88.33,85.0,84.33,86.33,91.4,85.0,83.0,90.5,88.42,87.5,86.67,87.36,86.17,87.22
93,81,89,88,94,91,82,80,94,83,80,90,82,84,88,80,83,85,85,86,93,95,85,89,85,91,94,88,93,94,94,88,87,84,90,83,88,80,91,84,88,82,94,83,91,93,80,87.67,91.0,85.33,84.33,84.67,82.67,88.0,89.67,90.0,91.67,89.67,85.67,86.2,88.0,87.0,86.5,87.08,86.25,90.83,87.18,87.17,87.7
83,86,86,88,92,85,82,86,92,92,94,87,93,89,81,95,83,90,86,80,89,95,87,88,80,89,91,85,83,93,93,91,85,87,89,86,90,90,82,81,86,93,91,93,95,93,94,85.0,88.33,86.67,91.0,87.67,89.33,85.0,90.0,86.67,87.0,89.67,87.33,85.8,92.0,94.0,93.5,87.75,88.0,86.83,87.6,93.17,88.67
90,90,88,86,86,83,92,90,87,83,94,87,94,84,88,85,80,93,84,92,82,81,82,86,82,95,92,90,88,90,80,93,93,86,83,90,93,90,80,94,85,88,92,89,86,82,90,89.33,85.0,89.67,88.0,88.67,86.0,86.0,83.0,89.67,89.33,88.67,86.33,88.4,90.0,87.5,86.0,88.0,85.92,89.5,87.8,87.83,87.81
95,89,95,89,94,95,90,92,92,80,87,82,86,95,87,88,85,85,90,91,86,88,82,81,93,85,94,88,80,81,85,91,86,83,88,86,85,90,87,82,83,87,87,88,89,94,84,93.0,92.67,91.33,83.0,89.33,86.0,89.0,83.67,90.67,83.0,87.33,85.67,85.4,87.0,88.5,89.0,90.0,87.0,86.83,86.13,88.17,87.63
81,81,93,87,86,84,82,91,88,83,85,87,86,88,87,94,83,90,87,95,82,94,80,87,82,94,93,92,85,91,86,94,93,82,84,85,82,95,87,82,80,83,89,86,93,81,80,85.0,85.67,87.0,85.0,87.0,89.0,88.0,87.0,89.67,89.33,91.0,83.67,85.2,86.0,89.5,80.5,85.67,87.75,89.5,86.62,85.33,86.97
94,81,87,91,89,90,82,84,85,92,82,84,88,88,81,86,90,80,85,94,91,81,95,86,83,88,91,84,94,92,91,82,90,81,95,88,95,83,89,94,91,85,91,82,88,88,82,87.33,90.0,83.67,86.0,85.67,85.33,90.0,87.33,87.33,90.0,87.67,88.0,90.4,88.0,85.0,85.0,86.75,87.08,88.67,88.69,86.0,87.44
89,83,93,86,95,86,85,80,84,87,87,89,89,90,89,89,81,86,89,94,81,94,92,94,90,81,92,90,82,92,94,87,88,88,95,90,90,95,94,93,87,89,87,81,90,94,83,88.33,89.0,83.0,87.67,89.33,85.33,88.0,93.33,87.67,88.0,89.67,91.0,91.8,88.0,85.5,88.5,87.0,89.0,87.83,90.82,87.33,88.4
95,80,95,91,87,88,91,90,95,81,85,85,83,87,95,91,82,93,81,89,93,89,80,87,89,82,88,90,94,94,82,87,82,86,84,81,80,93,88,87,88,90,83,90,88,89,93,90.0,88.67,92.0,83.67,88.33,88.67,87.67,85.33,86.33,92.67,83.67,83.67,87.2,86.5,89.0,91.0,88.58,87.5,89.5,84.84,88.83,87.85
83,86,92,93,82,90,83,91,94,90,92,90,87,90,83,81,88,87,84,94,81,93,87,82,88,92,81,91,93,94,83,89,89,87,84,95,91,83,89,90,90,93,93,84,80,89,92,87.0,88.33,89.33,90.67,86.67,85.33,86.33,87.33,87.0,92.67,87.0,88.67,88.6,93.0,82.0,90.5,88.83,86.42,89.83,88.09,88.5,88.33
93,87,92,87,89,89,92,82,86,92,89,95,82,81,85,87,89,84,85,94,94,86,85,88,94,87,95,89,84,88,87,81,83,94,85,92,81,89,93,86,85,93,91,87,87,91,83,90.67,88.33,86.67,92.0,82.67,86.67,91.0,86.33,92.0,87.0,83.67,90.33,86.8,92.0,87.0,87.0,89.42,86.67,89.5,86.93,88.67,88.24
83,91,88,94,85,92,83,90,82,87,89,82,87,87,89,92,95,81,90,86,81,88,95,88,80,86,90,90,91,83,88,94,80,82,95,86,88,83,91,84,88,86,80,87,88,82,92,87.33,90.33,85.0,86.0,87.67,89.33,85.67,90.33,85.33,88.0,87.33,87.67,86.8,83.0,87.5,87.0,87.17,88.25,86.67,87.27,85.83,87.04
84,93,91,80,87,95,90,83,80,92,87,90,88,93,83,92,95,89,89,89,90,86,87,81,90,89,93,93,91,95,83,89,86,83,82,81,90,80,85,90,80,93,85,85,80,94,87,89.33,87.33,84.33,89.67,88.0,92.0,89.33,84.67,90.67,93.0,86.0,82.0,85.0,89.0,82.5,90.5,87.67,88.5,91.83,84.33,87.33,87.93
95,92,88,85,88,87,93,89,88,83,85,90,90,81,89,92,92,86,95,81,87,95,88,92,92,81,81,93,94,81,81,88,93,83,85,95,84,90,83,95,85,91,89,84,85,87,93,91.67,86.67,90.0,86.0,86.67,90.0,87.67,91.67,84.67,89.33,87.33,87.67,87.4,90.0,84.5,90.0,88.58,89.0,87.0,87.47,88.17,88.04
83,84,83,91,91,80,85,84,87,82,93,90,80,83,91,82,90,91,84,83,85,80,90,90,80,87,93,92,91,94,90,83,93,90,87,88,92,95,80,93,91,90,86,80,92,91,93,83.33,87.33,85.33,88.33,84.67,87.67,84.0,86.67,86.67,92.33,88.67,88.33,90.2,88.0,86.0,92.0,86.08,85.75,89.5,89.07,88.67,87.81
85,87,88,83,92,85,90,81,90,93,91,83,85,94,90,90,82,84,91,84,81,87,94,86,88,94,90,87,87,89,95,93,88,93,90,84,84,94,83,87,92,95,84,82,88,92,94,86.67,86.67,87.0,89.0,89.67,85.33,85.33,89.0,90.67,87.67,92.0,89.0,88.0,89.5,85.0,93.0,87.33,87.33,89.17,89.67,89.17,88.53
93,88,93,93,91,90,80,87,84,89,91,84,94,86,90,89,92,85,84,92,91,89,88,84,93,86,81,82,82,91,89,80,80,82,86,95,95,83,94,88,91,81,83,84,92,90,82,91.33,91.33,83.67,88.0,90.0,88.67,89.0,87.0,86.67,85.0,83.0,87.67,90.2,82.0,88.0,86.0,88.58,88.67,85.83,86.96,85.33,87.07
84,90,92,95,84,91,82,85,85,95,80,88,85,87,85,86,81,82,94,88,86,82,85,95,92,92,89,93,92,90,90,86,85,91,89,82,86,91,90,88,87,89,87,81,81,83,91,88.67,90.0,84.0,87.67,85.67,83.0,89.33,87.33,91.0,91.67,87.0,87.33,88.4,88.0,81.0,87.0,87.58,86.33,91.33,87.58,85.33,87.63
93,88,92,85,92,95,89,83,89,91,80,88,95,94,82,80,89,93,83,95,86,80,91,92,85,91,84,86,84,81,93,82,85,89,82,84,90,84,88,87,85,80,92,86,83,89,82,91.0,90.67,87.0,86.33,90.33,87.33,88.0,87.67,86.67,83.67,86.67,85.0,86.8,86.0,84.5,85.5,88.75,88.33,85.17,86.16,85.33,86.75
84,83,91,87,92,80,89,94,80,80,88,95,81,93,94,90,85,88,90,91,83,89,89,89,82,91,81,82,81,82,88,90,89,92,90,91,88,84,86,81,93,87,89,83,88,80,83,86.0,86.33,87.67,87.67,89.33,87.67,88.0,89.0,84.67,81.67,89.0,91.0,86.4,88.0,85.5,81.5,86.92,88.5,83.17,88.8,85.0,86.48
86,86,85,83,95,86,90,92,85,84,92,86,82,82,92,87,87,84,92,80,88,84,91,85,92,86,82,90,82,83,91,90,83,86,82,90,91,86,84,95,85,94,81,92,89,81,81,85.67,88.0,89.0,87.33,85.33,86.0,86.67,86.67,86.67,85.0,88.0,86.0,88.2,87.5,90.5,81.0,87.5,86.17,85.83,87.4,86.33,86.65
93,92,92,94,80,93,89,88,83,95,85,88,88,92,82,89,92,87,87,94,93,87,93,87,89,88,87,88,89,83,93,94,80,88,89,89,87,93,94,91,85,91,94,90,84,94,91,92.33,89.0,86.67,89.33,87.33,89.33,91.33,89.0,88.0,86.67,89.0,88.67,90.0,92.5,87.0,92.5,89.33,89.25,87.33,89.22,90.67,89.16
83,84,89,86,83,81,84,92,89,90,83,81,94,89,83,93,84,82,92,82,82,83,94,86,93,89,87,87,81,95,85,83,92,86,91,85,80,94,84,90,91,86,84,87,87,86,83,85.33,83.33,88.33,84.67,88.67,86.33,85.33,87.67,89.67,87.67,86.67,87.33,87.8,85.0,87.0,84.5,85.42,87.0,88.67,87.27,85.5,86.77
87,82,89,80,86,91,84,88,94,80,92,86,82,91,88,95,80,87,95,88,92,85,85,88,92,87,92,84,93,91,81,88,85,86,92,90,92,91,86,92,86,82,81,91,86,89,86,86.0,85.67,88.67,86.0,87.0,87.33,91.67,86.0,90.33,89.33,84.67,89.33,89.4,81.5,88.5,87.5,86.58,88.0,89.83,87.8,85.83,87.61
88,91,91,95,81,88,90,95,95,94,95,83,84,80,88,84,91,95,92,81,89,81,95,89,85,89,87,84,84,91,89,83,85,82,91,90,80,80,95,92,84,88,87,95,95,88,90,90.0,88.0,93.33,90.67,84.0,90.0,87.33,88.33,87.0,86.33,85.67,87.67,86.2,87.5,95.0,89.0,90.5,87.42,86.67,86.51,90.5,88.32
89,81,86,88,90,86,84,94,94,90,92,95,94,92,90,95,86,86,86,91,83,83,85,81,94,81,95,86,91,82,81,89,85,87,87,83,88,90,95,94,91,94,80,84,87,95,88,85.33,88.0,90.67,92.33,92.0,89.0,86.67,83.0,90.0,86.33,85.0,85.67,91.6,87.0,85.5,91.5,89.08,87.67,88.17,87.42,88.0,88.07
89,93,95,89,89,91,93,81,91,95,91,83,94,95,83,93,94,84,86,87,81,85,86,83,92,88,83,88,82,93,89,92,84,90,92,91,88,85,84,83,86,92,83,83,86,95,88,92.33,89.67,88.33,89.67,90.67,90.33,84.67,84.67,87.67,87.67,88.33,91.0,85.2,87.5,84.5,91.5,90.0,87.58,87.67,88.18,87.83,88.25
93,91,87,87,80,82,91,91,83,83,90,82,88,89,83,94,93,92,92,82,85,84,84,80,83,94,86,83,81,85,90,90,95,86,81,89,95,91,94,87,91,90,85,81,92,85,85,90.33,83.0,88.33,85.0,86.67,93.0,86.33,82.67,87.67,83.0,91.67,85.33,91.6,87.5,86.5,85.0,86.67,87.17,85.33,89.53,86.33,87.01
83,84,86,90,86,89,92,91,86,93,80,89,94,88,90,86,90,94,85,85,81,87,90,86,80,87,90,88,92,88,95,86,92,88,86,91,83,90,81,88,93,81,85,84,83,82,86,84.33,88.33,89.67,87.33,90.67,90.0,83.67,87.67,85.67,89.33,91.0,88.33,87.0,83.0,83.5,84.0,87.42,88.0,87.5,88.78,83.5,87.04
91,94,82,92,88,94,89,83,81,84,92,90,87,95,92,82,88,88,93,92,91,89,93,93,83,86,92,92,94,91,88,88,84,89,92,95,84,95,91,88,90,81,82,94,89,91,86,89.0,91.33,84.33,88.67,91.33,86.0,92.0,91.67,87.0,92.33,86.67,92.0,89.6,81.5,91.5,88.5,88.33,90.25,89.67,89.42,87.17,88.97
89,90,91,95,81,93,82,90,86,81,90,86,84,93,90,89,90,83,89,90,92,94,88,83,86,91,85,94,90,86,93,93,80,95,92,93,93,94,83,87,91,93,95,94,88,92,87,90.0,89.67,86.0,85.67,89.0,87.33,90.33,88.33,87.33,90.0,88.67,93.33,89.6,94.0,91.0,89.5,87.83,88.75,88.67,90.53,91.5,89.46
85,83,86,82,80,88,86,80,88,90,92,92,82,91,88,84,91,89,84,85,89,91,87,86,80,81,89,91,82,93,93,83,93,87,93,84,83,83,80,87,88,83,87,94,80,95,82,84.67,83.33,84.67,91.33,87.0,88.0,86.0,88.0,83.33,88.67,89.67,88.0,84.2,85.0,87.0,88.5,86.0,87.25,86.0,87.29,86.83,86.67
95,85,92,90,95,92,90,95,93,84,89,90,86,88,91,84,82,84,92,82,84,86,95,94,82,94,93,90,89,85,82,86,86,82,91,92,80,86,84,90,92,85,83,88,89,80,93,90.67,92.33,92.67,87.67,88.33,83.33,86.0,91.67,89.67,88.0,84.67,88.33,86.4,84.0,88.5,86.5,90.83,87.33,88.83,86.47,86.33,87.96
90,94,83,85,88,95,87,92,82,93,87,88,91,80,87,88,95,87,86,86,80,89,94,88,81,84,86,90,80,91,87,86,90,84,91,94,93,92,89,93,88,90,93,82,89,87,84,89.0,89.33,87.0,89.33,86.0,90.0,84.0,90.33,83.67,87.0,87.67,89.67,91.0,91.5,85.5,85.5,88.67,87.58,85.33,89.44,87.5,87.71
92,91,91,91,95,83,88,95,80,85,83,81,89,94,88,93,95,81,89,88,88,94,82,87,89,93,87,88,86,82,95,88,89,88,89,87,82,91,93,87,82,85,84,80,83,83,83,91.33,89.67,87.67,83.0,90.33,89.67,88.33,87.67,89.67,85.33,90.67,88.0,87.0,84.5,81.5,83.0,87.92,89.0,87.5,88.56,83.0,87.19
86,94,84,87,81,85,95,85,93,95,90,84,80,88,84,95,85,93,82,95,95,92,87,82,82,89,84,92,86,85,84,88,92,86,82,80,82,88,90,93,81,80,88,87,80,82,93,88.0,84.33,91.0,89.67,84.0,91.0,90.67,87.0,85.0,87.67,88.0,82.67,86.8,84.0,83.5,87.5,88.25,88.17,86.33,85.82,85.0,86.71
91,94,86,86,82,92,89,83,82,93,81,82,90,90,87,90,91,87,86,89,80,81,82,83,81,84,90,95,87,87,88,93,85,88,82,85,89,89,91,83,84,91,87,93,93,87,86,90.33,86.67,84.67,85.33,89.0,89.33,85.0,82.0,85.0,89.67,88.67,85.0,87.2,89.0,93.0,86.5,86.75,86.33,87.33,86.96,89.5,87.37
86,89,84,85,80,86,95,92,93,84,81,81,95,80,85,90,90,93,94,89,94,90,86,87,88,85,89,81,83,83,85,91,80,88,86,94,95,85,89,89,91,94,85,87,87,85,93,86.33,83.67,93.33,82.0,86.67,91.0,92.33,87.67,87.33,82.33,85.33,89.33,89.8,89.5,87.0,89.0,86.33,89.42,84.83,88.16,88.5,87.45
93,89,91,93,81,92,92,88,95,82,94,81,85,87,81,94,82,91,95,81,85,87,82,88,80,91,82,87,95,92,89,91,91,83,90,90,92,91,93,89,95,86,81,89,87,83,82,91.0,88.67,91.67,85.67,84.33,89.0,87.0,85.67,84.33,91.33,90.33,87.67,92.0,83.5,88.0,82.5,89.25,86.5,87.83,90.0,84.67,87.65
83,88,86,88,85,95,95,81,80,95,95,91,86,83,91,85,92,80,83,80,91,93,80,83,90,92,92,91,82,92,81,92,82,93,84,81,81,93,92,84,91,92,80,89,84,85,88,85.67,89.33,85.33,93.67,86.67,85.67,84.67,85.33,91.33,88.33,85.0,86.0,88.2,86.0,86.5,86.5,88.5,85.58,89.83,86.4,86.33,87.33
82,85,84,90,88,87,94,82,80,82,95,82,82,81,86,94,84,92,92,93,83,91,92,94,88,81,93,83,86,80,91,91,81,92,87,86,81,87,89,86,92,82,81,87,91,90,90,83.67,88.33,85.33,86.33,83.0,90.0,89.33,92.33,87.33,83.0,87.67,88.33,87.0,81.5,89.0,90.0,85.92,88.67,85.17,87.67,86.83,86.85
91,84,80,80,95,88,81,81,94,83,88,87,92,94,93,90,82,80,86,92,83,89,94,88,88,91,83,84,83,89,89,92,88,92,81,85,95,94,88,85,90,81,95,95,95,94,80,85.0,87.67,85.33,86.0,93.0,84.0,87.0,90.33,87.33,85.33,89.67,86.0,90.4,88.0,95.0,87.0,86.0,88.58,86.33,88.69,90.0,87.92
83,87,86,87,85,95,84,82,80,95,86,88,81,94,87,85,81,92,94,92,92,94,94,90,80,85,86,82,81,86,91,88,80,88,91,91,85,88,87,88,90,93,92,90,89,82,91,85.33,89.0,82.0,89.67,87.33,86.0,92.67,92.67,83.67,83.0,86.33,90.0,87.6,92.5,89.5,86.5,86.5,89.67,83.33,87.98,89.5,87.4
82,82,87,81,82,95,94,83,92,90,86,89,85,84,89,92,83,94,87,87,94,84,93,80,94,95,93,95,85,83,90,82,85,80,89,88,82,83,90,87,93,94,83,81,80,87,90,83.67,86.0,89.67,88.33,86.0,89.67,89.33,85.67,94.0,87.67,85.67,85.67,87.0,88.5,80.5,88.5,86.92,87.67,90.83,86.11,85.83,87.47
92,95,84,80,90,89,92,83,84,87,88,95,80,86,94,80,94,83,91,93,93,89,84,87,83,88,91,86,83,93,93,80,82,89,92,85,90,86,86,80,92,83,85,83,86,82,90,90.33,86.33,86.33,90.0,86.67,85.67,92.33,86.67,87.33,87.33,85.0,88.67,86.8,84.0,84.5,86.0,88.25,87.83,87.33,86.82,84.83,87.01
91,87,81,81,94,95,89,95,90,95,87,86,95,86,86,83,81,90,92,91,94,82,80,94,82,89,81,93,89,87,91,94,88,89,92,81,91,82,81,85,84,94,86,92,81,87,81,86.33,90.0,91.33,89.33,89.0,84.67,92.33,85.33,84.0,89.67,91.0,87.33,84.6,90.0,86.5,84.0,89.25,87.83,86.83,87.64,86.83,87.68
84,84,81,84,87,83,86,91,83,80,93,89,91,92,84,86,85,80,88,85,93,81,88,92,83,83,95,90,87,94,86,93,94,86,83,87,91,83,85,82,84,82,82,89,94,90,84,83.0,84.67,86.67,87.33,89.0,83.67,88.67,87.0,87.0,90.33,91.0,85.33,85.0,82.0,91.5,87.0,85.42,87.08,88.67,87.11,86.83,87.02
88,93,87,91,90,89,86,92,80,94,88,89,86,95,93,87,93,94,81,91,92,88,81,90,83,93,82,90,91,80,89,84,92,89,80,80,91,95,84,93,87,83,90,93,81,94,87,89.33,90.0,86.0,90.33,91.33,91.33,88.0,86.33,86.0,87.0,88.33,83.0,90.0,86.5,87.0,90.5,88.92,89.25,86.5,87.11,88.0,87.96
94,93,83,85,85,89,94,81,90,92,93,94,84,91,85,88,93,81,84,85,91,95,80,81,92,93,92,86,83,84,85,93,86,88,86,80,89,86,84,80,94,85,81,94,88,89,91,90.0,86.33,88.33,93.0,86.67,87.33,86.67,85.33,92.33,84.33,88.0,84.67,86.6,83.0,91.0,90.0,89.42,86.5,88.33,86.42,88.0,87.73
87,82,88,95,89,89,90,85,83,89,84,93,82,94,82,86,88,84,88,89,88,84,90,93,84,92,86,88,91,81,94,81,82,91,82,89,92,94,85,80,83,92,93,82,87,94,86,85.67,91.0,86.0,88.67,86.0,86.0,88.33,89.0,87.33,86.67,85.67,87.33,86.8,92.5,84.5,90.0,87.83,87.33,87.0,86.6,89.0,87.55
92,95,93,95,84,81,94,83,91,84,87,80,85,87,93,80,90,84,82,91,82,83,91,86,83,92,83,84,93,91,85,84,83,95,87,90,92,87,87,81,88,94,85,93,85,83,95,93.33,86.67,89.33,83.67,88.33,84.67,85.0,86.67,86.0,89.33,84.0,90.67,87.0,89.5,89.0,89.0,88.25,86.17,87.67,87.22,89.17,87.69
89,83,84,80,93,80,84,93,80,89,92,80,83,94,86,90,90,90,92,89,93,83,93,95,93,86,84,92,85,86,92,93,81,87,84,85,92,93,91,89,80,84,86,85,90,86,94,85.33,84.33,85.67,87.0,87.67,90.0,91.33,90.33,87.67,87.67,88.67,85.33,89.0,85.0,87.5,90.0,85.58,89.83,87.67,87.67,87.5,87.65
88,84,82,80,85,87,88,82,84,92,87,83,94,94,87,92,87,95,80,94,85,92,89,92,87,81,94,90,95,90,92,84,86,94,93,83,94,84,85,84,87,90,89,83,80,89,93,84.67,84.0,84.67,87.33,91.67,91.33,86.33,91.0,87.33,91.67,87.33,90.0,86.8,89.5,81.5,91.0,85.17,90.08,89.5,88.04,87.33,88.03
85,83,84,85,90,86,91,88,82,80,89,80,85,93,83,95,92,81,86,94,92,94,88,80,87,80,89,94,89,95,85,83,87,86,88,89,89,84,80,95,81,83,86,87,89,88,81,84.0,87.0,87.0,83.0,87.0,89.33,90.67,87.33,85.33,92.67,85.0,87.67,85.8,84.5,88.0,84.5,85.25,88.58,89.0,86.16,85.67,86.93
93,91,85,86,95,92,81,80,92,95,94,82,84,93,83,82,81,87,91,80,82,83,90,92,90,80,91,95,92,80,81,95,92,80,82,82,93,95,94,82,81,81,80,89,93,87,82,89.67,91.0,84.33,90.33,86.67,83.33,84.33,88.33,87.0,89.0,89.33,81.33,89.0,80.5,91.0,84.5,88.83,85.67,88.0,86.56,85.33,86.88
87,92,82,90,86,80,86,88,83,93,83,80,91,81,91,87,93,95,85,92,92,82,92,91,90,88,81,89,85,84,82,91,86,82,81,89,85,84,80,90,93,93,89,87,80,91,91,87.0,85.33,85.67,85.33,87.67,91.67,89.67,88.33,86.33,86.0,86.33,84.0,86.4,91.0,83.5,91.0,85.83,89.33,86.17,85.58,88.5,87.08
86,83,90,90,93,92,82,82,83,91,85,92,80,94,90,89,84,80,90,92,86,88,89,95,80,89,87,81,86,86,95,95,91,81,90,88,93,83,92,88,93,83,83,92,85,82,87,86.33,91.67,82.33,89.33,88.0,84.33,89.33,90.67,85.33,84.33,93.67,86.33,89.8,83.0,88.5,84.5,87.42,88.08,84.83,89.93,85.33,87.12
82,93,89,84,86,86,84,80,85,87,91,84,87,89,88,91,92,85,95,89,84,92,81,83,85,81,89,86,88,80,85,88,83,89,93,81,88,91,87,85,80,80,93,85,82,84,81,88.0,85.33,83.0,87.33,88.0,89.33,89.33,85.33,85.0,84.67,85.33,87.67,86.2,86.5,83.5,82.5,85.92,88.0,84.83,86.4,84.17,85.86
83,85,95,86,82,85,84,85,95,90,80,92,90,91,80,90,85,89,94,95,88,82,88,86,88,88,84,84,90,87,85,87,89,93,88,84,92,80,86,95,93,88,84,92,91,90,87,87.67,84.33,88.0,87.33,87.0,88.0,92.33,85.33,86.67,87.0,87.0,88.33,89.2,86.0,91.5,88.5,86.83,88.17,86.83,88.18,88.67,87.74
92,91,84,82,91,94,84,81,81,87,89,87,91,80,94,85,80,80,94,93,86,95,83,88,92,93,89,89,95,89,94,95,94,89,83,89,90,88,82,85,82,95,80,92,90,90,88,89.0,89.0,82.0,87.67,88.33,81.67,91.0,88.67,91.33,91.0,94.33,87.0,85.4,87.5,91.0,89.0,86.92,87.42,91.17,88.91,89.17,88.72
82,89,86,85,91,89,87,89,93,91,89,92,81,92,83,87,83,83,93,90,91,91,80,88,90,82,90,87,87,91,91,81,89,84,94,88,87,80,80,88,92,95,94,91,82,91,92,85.67,88.33,89.67,90.67,85.33,84.33,91.33,86.33,87.33,88.33,87.0,88.67,85.4,94.5,86.5,91.5,88.58,86.83,87.83,87.02,90.83,88.22
92,89,89,81,93,81,90,91,94,90,85,85,80,85,85,90,92,80,93,89,94,86,93,82,89,87,83,84,94,86,80,90,86,91,92,84,95,90,90,89,82,82,83,95,91,92,90,90.0,85.0,91.67,86.67,83.33,87.33,92.0,87.0,86.33,88.0,85.33,89.0,89.2,82.5,93.0,91.0,88.33,87.42,87.17,87.84,88.83,87.92
91,80,84,92,84,95,89,84,90,85,93,89,82,92,82,83,86,88,87,84,80,80,89,84,93,90,94,89,93,89,88,93,82,93,91,86,91,91,80,91,92,87,90,87,90,93,88,85.0,90.33,87.67,89.0,85.33,85.67,83.67,84.33,92.33,90.33,87.67,90.0,89.0,88.5,88.5,90.5,88.0,84.75,91.33,88.89,89.17,88.43
94,81,82,94,81,95,85,83,88,86,85,85,94,90,89,84,93,83,91,92,82,92,84,94,92,86,95,88,95,86,85,84,88,80,88,95,88,86,81,81,85,93,87,90,83,94,93,85.67,90.0,85.33,85.33,91.0,86.67,88.33,90.0,91.0,89.67,85.67,87.67,84.2,90.0,86.5,93.5,86.58,89.0,90.33,85.84,90.0,88.35
81,88,81,94,85,91,81,83,94,92,86,93,87,94,80,95,85,91,83,95,86,90,81,82,91,89,83,85,81,92,82,83,90,85,82,88,87,92,85,81,82,95,92,85,86,89,91,83.33,90.0,86.0,90.33,87.0,90.33,88.0,84.33,87.67,86.0,85.0,85.0,85.4,93.5,85.5,90.0,87.42,87.42,86.83,85.13,89.67,87.29
80,92,84,81,92,91,95,93,90,86,91,86,90,86,84,91,88,94,82,95,80,81,95,86,83,92,90,95,87,91,83,84,94,82,89,87,94,89,82,87,86,88,86,84,81,89,92,85.33,88.0,92.67,87.67,86.67,91.0,85.67,87.33,88.33,91.0,87.0,86.0,87.6,87.0,82.5,90.5,88.42,87.67,89.67,86.87,86.67,87.86
80,81,91,95,82,94,82,92,84,84,80,85,84,93,90,91,94,93,85,86,93,86,85,95,83,92,90,80,88,92,91,91,88,88,83,81,87,88,85,95,91,83,88,82,82,81,94,84.0,90.33,86.0,83.0,89.0,92.67,88.0,88.67,88.33,86.67,90.0,84.0,89.2,85.5,82.0,87.5,85.83,89.58,87.5,87.73,85.0,87.13
82,94,85,84,90,81,91,88,81,93,88,87,94,94,81,85,94,88,88,90,82,94,80,80,91,92,82,93,82,84,91,85,82,90,85,94,81,91,81,82,94,90,91,84,88,85,82,87.0,85.0,86.67,89.33,89.67,89.0,86.67,84.67,88.33,86.33,86.0,89.67,85.8,90.5,86.0,83.5,87.0,87.5,87.33,87.16,86.67,87.13
94,83,82,86,95,89,89,90,89,91,95,89,92,86,89,87,93,91,92,87,92,92,82,83,88,84,86,80,83,83,90,85,86,84,91,94,81,88,92,91,82,84,84,90,93,80,89,86.33,90.0,89.33,91.67,89.0,90.33,90.33,85.67,86.0,82.0,87.0,89.67,86.8,84.0,91.5,84.5,89.33,88.83,84.0,87.82,86.67,87.33
82,94,91,92,84,91,90,93,87,94,88,95,91,82,87,91,95,90,84,90,95,80,95,86,82,95,81,88,93,85,87,84,95,90,88,83,82,93,83,86,88,93,84,82,89,91,93,89.0,89.0,90.0,92.33,86.67,92.0,89.67,87.0,86.0,88.67,88.67,87.0,86.4,88.5,85.5,92.0,90.08,88.83,87.33,87.36,88.67,88.45
82,80,89,83,83,93,82,95,81,88,95,88,85,95,94,85,83,89,84,84,85,80,89,81,80,92,81,89,95,90,95,89,92,92,80,88,80,88,81,88,92,92,83,86,88,93,93,83.67,86.33,86.0,90.33,91.33,85.67,84.33,83.33,84.33,91.33,92.0,86.67,85.8,87.5,87.0,93.0,86.58,86.17,87.83,88.16,89.17,87.58
93,90,82,81,95,81,86,81,94,86,86,93,91,85,92,94,82,92,81,84,90,81,84,82,86,89,88,92,80,80,84,92,90,93,81,90,94,89,82,83,82,92,85,83,88,83,90,88.33,85.67,87.0,88.33,89.33,89.33,85.0,82.33,87.67,84.0,88.67,88.0,86.0,88.5,85.5,86.5,87.33,86.5,85.83,87.56,86.83,86.81
95,81,80,93,90,85,85,85,92,82,91,87,87,88,87,87,82,89,86,83,93,95,86,80,81,81,86,81,90,87,90,80,87,87,92,83,88,88,87,88,88,89,85,83,84,88,85,85.33,89.33,87.33,86.67,87.33,86.0,87.33,87.0,82.67,86.0,85.67,87.33,87.8,87.0,83.5,86.5,87.17,86.92,84.33,86.93,85.67,86.2
91,95,84,86,92,90,81,90,88,81,94,80,89,94,82,93,86,93,82,87,80,80,95,88,90,91,90,92,94,88,88,91,82,82,82,81,90,86,84,84,86,93,82,86,88,95,90,90.0,89.33,86.33,85.0,88.33,90.67,83.0,87.67,90.33,91.33,87.0,81.67,86.0,87.5,87.0,92.5,87.67,87.42,90.83,84.89,89.0,87.96
90,87,93,89,83,83,92,91,94,93,83,82,91,81,95,87,87,86,89,85,90,90,94,93,82,83,88,85,86,83,89,80,88,86,87,85,95,89,92,94,81,88,86,82,93,86,94,90.0,85.0,92.33,86.0,89.0,86.67,88.0,92.33,84.33,84.67,85.67,86.0,90.2,87.0,87.5,90.0,88.33,89.0,84.5,87.29,88.17,87.46
85,82,90,80,92,92,92,88,91,92,81,84,95,85,90,83,93,83,83,89,94,88,83,83,81,82,92,88,94,82,80,92,80,80,92,82,94,95,82,90,80,86,80,95,84,92,84,85.67,88.0,90.33,85.67,90.0,86.33,88.67,84.67,85.0,88.0,84.0,84.67,88.2,83.0,89.5,88.0,87.42,87.42,86.5,85.62,86.83,86.76
92,82,92,85,87,87,94,92,83,94,88,87,88,89,82,85,87,80,89,94,86,82,94,91,91,90,88,80,91,81,80,83,91,82,88,87,84,80,86,84,81,80,85,87,86,86,95,88.67,86.33,89.67,89.67,86.33,84.0,89.67,89.0,89.67,84.0,84.67,85.67,83.0,82.5,86.5,90.5,88.58,87.25,86.83,84.44,86.5,86.72
86,90,90,83,85,90,94,80,88,92,95,80,82,90,81,82,92,80,88,87,93,83,84,86,89,85,93,87,81,87,86,84,92,81,91,82,88,83,90,88,84,84,88,93,90,93,91,88.67,86.0,87.33,89.0,84.33,84.67,89.33,84.33,89.0,85.0,87.33,84.67,86.6,86.0,91.5,92.0,87.75,85.67,87.0,86.2,89.83,87.29
85,92,80,85,80,89,92,84,92,87,93,88,92,85,86,87,88,82,90,89,85,81,95,82,95,84,82,93,89,82,92,85,81,82,87,80,88,94,93,82,88,90,85,87,95,93,95,85.67,84.67,89.33,89.33,87.67,85.67,88.0,86.0,87.0,88.0,86.0,83.0,89.0,87.5,91.0,94.0,87.25,86.83,87.5,86.0,90.83,87.68
85,86,83,82,83,95,91,90,92,93,94,80,92,80,92,92,89,93,85,90,86,82,94,93,85,89,82,86,94,83,93,82,86,87,92,84,80,85,87,93,93,92,83,85,81,84,88,84.67,86.67,91.0,89.0,88.0,91.33,87.0,89.67,85.33,87.67,87.0,87.67,87.6,87.5,83.0,86.0,87.83,89.0,86.5,87.42,85.5,87.25
84,89,82,93,92,83,81,92,92,85,90,83,95,88,85,94,95,92,94,93,86,84,80,92,84,91,82,90,81,82,95,92,87,94,83,85,82,87,85,91,85,89,87,90,89,84,83,85.0,89.33,88.33,86.0,89.33,93.67,91.0,85.33,85.67,84.33,91.33,87.33,86.0,88.0,89.5,83.5,87.17,89.83,85.0,88.22,87.0,87.44
81,87,94,94,84,82,85,88,94,93,90,88,94,80,88,93,87,81,84,87,87,84,95,83,85,92,80,95,95,86,94,81,84,88,87,84,83,87,91,94,92,88,84,95,83,95,86,87.33,86.67,89.0,90.33,87.33,87.0,86.0,87.33,85.67,92.0,86.33,86.33,89.4,86.0,89.0,90.5,88.33,86.92,88.83,87.36,88.5,87.99
83,93,80,93,82,81,83,91,95,91,85,84,83,94,80,85,87,94,85,95,95,80,94,90,86,95,80,83,89,83,91,83,95,80,93,88,94,87,95,81,92,91,87,89,85,81,82,85.33,85.33,89.67,86.67,85.67,88.67,91.67,88.0,87.0,85.0,89.67,87.0,89.8,89.0,87.0,81.5,86.75,88.5,86.0,88.82,85.83,87.18
84,95,93,81,84,87,93,81,93,88,82,90,89,81,95,94,93,88,94,92,93,85,84,82,90,90,81,86,83,82,92,80,88,87,82,80,85,81,95,80,84,89,92,87,83,87,87,90.67,84.0,89.0,86.67,88.33,91.67,93.0,83.67,87.0,83.67,86.67,83.0,85.0,90.5,85.0,87.0,87.58,89.17,85.33,84.89,87.5,86.89
80,82,93,92,89,89,86,92,80,87,88,86,95,91,89,89,90,93,92,88,86,94,94,93,92,85,89,85,80,95,93,91,80,80,80,95,87,88,91,82,95,92,91,85,89,81,87,85.0,90.0,86.0,87.0,91.67,90.67,88.67,93.67,88.67,86.67,88.0,85.0,88.6,91.5,87.0,84.0,87.0,91.17,87.67,87.2,87.5,88.11
93,83,81,83,86,92,85,80,88,95,94,93,81,83,81,89,82,92,90,86,95,95,85,90,89,84,91,83,86,82,83,93,90,90,81,83,93,80,83,93,90,92,92,92,81,81,91,85.67,87.0,84.33,94.0,81.67,87.67,90.33,90.0,88.0,83.67,88.67,84.67,87.8,92.0,86.5,86.0,87.75,87.42,85.83,87.04,88.17,87.24
95,95,94,91,80,88,93,83,84,95,84,91,90,80,80,91,88,94,84,89,84,94,93,90,88,92,94,88,91,80,95,87,91,91,81,81,84,82,84,82,80,89,87,95,83,83,85,94.67,86.33,86.67,90.0,83.33,91.0,85.67,92.33,91.33,86.33,91.0,84.33,82.4,88.0,89.0,84.0,89.42,88.08,88.83,85.91,87.0,87.85
86,92,94,93,94,93,85,92,90,88,85,84,83,95,82,93,94,85,83,81,81,83,80,81,92,88,80,87,81,94,82,91,84,84,87,90,88,89,85,83,95,83,93,81,92,89,94,90.67,93.33,89.0,85.67,86.67,90.67,81.67,81.33,86.67,87.33,85.67,87.0,88.0,88.0,86.5,91.5,89.67,85.08,87.0,86.89,88.67,87.46
93,87,92,87,88,81,80,80,83,80,81,81,82,80,87,94,82,83,80,94,93,85,80,81,81,90,84,88,81,81,82,92,88,84,91,85,93,88,80,85,81,87,91,86,90,94,87,90.67,85.33,81.0,80.67,83.0,86.33,89.0,82.0,85.0,83.33,87.33,86.67,85.4,89.0,88.0,90.5,84.42,85.08,84.17,86.47,89.17,85.86
89,88,83,80,87,94,89,93,89,89,88,83,82,92,95,95,93,80,87,81,85,83,88,93,94,87,86,89,80,93,86,92,83,90,85,86,88,89,90,89,80,92,81,82,92,94,83,86.67,87.0,90.33,86.67,89.67,89.33,84.33,88.0,89.0,87.33,87.0,87.0,87.2,86.5,87.0,88.5,87.67,87.83,88.17,87.07,87.33,87.61
86,83,80,86,89,87,90,88,81,82,83,93,89,90,87,94,86,95,88,89,80,81,88,88,81,88,88,94,94,93,95,82,93,88,82,87,83,91,90,84,92,85,85,89,92,88,93,83.0,87.33,86.33,86.0,88.67,91.67,85.67,85.67,85.67,93.67,90.0,85.67,88.0,85.0,90.5,90.5,85.67,87.92,89.67,87.89,88.67,87.96
81,89,93,89,94,84,87,86,84,91,91,87,84,90,84,83,83,95,80,82,91,87,87,82,92,83,89,92,92,94,86,95,87,82,81,88,89,92,95,87,88,86,89,90,81,95,81,87.67,89.0,85.67,89.67,86.0,87.0,84.33,85.33,88.0,92.67,89.33,83.67,90.2,87.5,85.5,88.0,88.0,85.67,90.33,87.73,87.0,87.75
94,80,88,84,88,92,87,82,87,95,81,84,86,82,80,89,94,82,87,87,85,87,87,81,81,89,81,92,81,80,90,85,84,83,90,93,87,88,89,93,90,89,88,89,82,85,86,87.33,88.0,85.33,86.67,82.67,88.33,86.33,85.0,83.67,84.33,86.33,88.67,89.4,88.5,85.5,85.5,86.83,85.58,84.0,88.13,86.5,86.21
85,81,91,88,83,94,86,80,82,82,91,88,83,93,91,85,95,84,86,93,85,90,82,85,81,85,91,91,95,83,80,82,86,85,88,85,88,93,87,81,94,93,93,89,92,90,90,85.67,88.33,82.67,87.0,89.0,88.0,88.0,85.67,85.67,89.67,82.67,86.0,88.6,93.0,90.5,90.0,85.92,87.67,87.67,85.76,91.17,87.63
88,82,80,92,82,84,84,80,86,84,91,80,94,86,84,82,87,89,93,88,82,85,90,82,84,82,83,85,84,88,95,86,90,92,94,94,81,90,95,80,83,88,82,86,92,84,93,83.33,86.0,83.33,85.0,88.0,86.0,87.67,85.67,83.0,85.67,90.33,93.33,85.8,85.0,89.0,88.5,84.42,86.83,84.33,89.82,87.5,86.58
91,84,86,82,95,86,81,91,85,81,93,92,95,94,87,86,85,87,84,84,85,82,94,85,86,84,83,87,94,93,83,93,89,82,81,92,84,88,89,81,95,93,94,94,90,92,94,87.0,87.67,85.67,88.67,92.0,86.0,84.33,87.0,84.33,91.33,88.33,85.0,87.4,93.5,92.0,93.0,87.25,87.33,87.83,86.91,92.83,88.43
80,84,90,83,83,89,81,89,92,91,92,92,95,90,93,91,87,90,95,82,85,87,91,84,89,84,80,80,89,87,90,91,92,82,88,88,80,84,83,95,92,84,81,81,92,86,83,84.67,85.0,87.33,91.67,92.67,89.33,87.33,87.33,84.33,85.33,91.0,86.0,86.8,82.5,86.5,84.5,87.17,89.17,84.83,87.93,84.5,86.72
82,87,95,84,94,82,87,81,81,84,86,90,84,90,88,80,94,95,83,95,90,95,80,95,89,87,87,83,87,85,92,85,83,88,83,92,87,82,80,91,84,93,94,87,85,85,84,88.0,86.67,83.0,86.67,87.33,89.67,89.33,90.0,87.67,85.0,86.67,87.67,84.8,93.5,86.0,84.5,86.08,89.08,86.33,86.38,88.0,87.18
80,89,91,85,93,87,89,88,82,90,90,89,82,94,94,83,82,81,84,86,84,82,87,80,83,80,83,94,88,88,82,92,87,80,80,88,89,86,95,81,89,93,93,88,86,80,90,86.67,88.33,86.33,89.67,90.0,82.0,84.67,83.0,82.0,90.0,87.0,82.67,88.0,93.0,87.0,85.0,87.75,84.92,86.0,85.89,88.33,86.58
90,84,94,92,80,82,94,84,89,86,95,83,82,95,80,81,91,81,91,93,83,82,91,87,81,85,83,95,89,80,81,84,88,87,81,89,86,86,90,86,91,91,92,94,84,90,82,89.33,84.67,89.0,88.0,85.67,84.33,89.0,86.67,83.0,88.0,84.33,85.67,87.8,91.5,89.0,86.0,87.75,86.42,85.5,85.93,88.83,86.89
84,95,85,80,94,81,80,84,87,90,82,83,93,83,92,82,94,89,83,90,82,89,83,89,88,87,95,84,91,90,84,91,87,94,84,88,93,93,81,88,95,82,81,86,93,81,93,88.0,85.0,83.67,85.0,89.33,88.33,85.0,87.0,90.0,88.33,87.33,88.67,90.0,81.5,89.5,87.0,85.42,87.42,89.17,88.67,86.0,87.33
85,84,86,94,88,88,91,85,95,84,86,89,88,91,93,88,81,88,85,88,88,90,93,92,91,81,83,83,89,83,80,83,91,89,87,95,81,94,82,81,90,82,88,81,93,83,81,85.0,90.0,90.33,86.33,90.67,85.67,87.0,91.67,85.0,85.0,84.67,90.33,85.6,85.0,87.0,82.0,87.92,88.75,85.0,86.87,84.67,86.64
93,84,82,80,90,82,90,89,81,88,95,90,95,93,87,87,92,83,93,82,90,89,83,85,83,84,82,94,92,90,86,85,81,81,93,92,80,93,92,94,94,83,90,88,84,91,91,86.33,84.0,86.67,91.0,91.67,87.33,88.33,85.67,83.0,92.0,84.0,88.67,90.6,86.5,86.0,91.0,87.0,88.25,87.5,87.76,87.83,87.67
94,88,83,87,85,95,84,81,84,88,88,82,80,93,95,87,82,93,81,84,90,95,89,92,90,83,86,93,91,84,87,87,87,95,81,83,92,93,94,84,93,90,91,88,92,84,87,88.33,89.0,83.0,86.0,89.33,87.33,85.0,92.0,86.33,89.33,87.0,86.33,91.2,90.5,90.0,85.5,86.58,88.42,87.83,88.18,88.67,87.94
83,87,90,87,90,89,94,86,81,92,90,91,94,88,84,89,95,94,94,95,81,88,88,89,90,81,95,82,91,94,91,86,86,91,84,84,83,95,82,82,92,89,91,82,90,94,82,86.67,88.67,87.0,91.0,88.67,92.67,90.0,88.33,88.67,89.0,87.67,86.33,86.8,90.0,86.0,88.0,88.33,89.92,88.83,86.93,88.0,88.4
95,89,81,86,82,92,88,81,91,84,92,84,82,94,83,80,94,94,92,91,90,89,88,85,88,87,83,86,89,90,90,93,89,93,81,83,95,80,92,84,89,83,94,84,86,89,95,88.33,86.67,86.67,86.67,86.33,89.33,91.0,87.33,86.0,88.33,90.67,85.67,88.0,88.5,85.0,92.0,87.08,88.5,87.17,88.11,88.5,87.87
90,89,93,91,90,80,85,82,94,85,83,85,94,81,85,81,93,83,84,86,91,93,82,94,82,91,90,85,89,95,88,90,85,90,88,89,86,86,83,93,90,81,85,91,88,94,93,90.67,87.0,87.0,84.33,86.67,85.67,87.0,89.67,87.67,89.67,87.67,89.0,87.6,83.0,89.5,93.5,87.25,87.25,88.67,88.09,88.67,87.98
93,95,88,85,88,85,88,92,81,90,94,92,81,90,88,90,94,83,91,80,85,81,94,83,87,80,83,94,87,92,95,88,90,81,90,90,81,94,82,94,83,89,92,86,92,82,80,92.0,86.0,87.0,92.0,86.33,89.0,85.33,86.0,83.33,91.0,91.0,87.0,86.8,90.5,89.0,81.0,89.25,86.67,87.17,88.27,86.83,87.64
81,91,89,85,94,80,82,83,92,82,83,95,81,92,81,84,95,85,85,94,93,86,80,84,92,91,95,92,91,85,94,83,92,82,81,83,95,87,80,89,91,81,86,93,94,81,85,87.0,86.33,85.67,86.67,84.67,88.0,90.67,83.33,92.67,89.33,89.67,82.0,88.4,83.5,93.5,83.0,86.42,86.67,91.0,86.69,86.67,87.49
84,88,87,84,84,92,93,84,84,95,94,86,92,82,95,83,83,87,91,86,88,92,92,81,89,88,87,86,92,82,89,84,92,84,81,89,84,88,88,84,92,91,82,82,91,93,92,86.33,86.67,87.0,91.67,89.67,84.33,88.33,88.33,88.0,86.67,88.33,84.67,87.2,86.5,86.5,92.5,87.92,87.67,87.33,86.73,88.5,87.63
95,88,87,82,95,95,91,83,95,87,82,85,91,91,90,84,86,81,85,93,90,91,87,92,85,80,84,89,84,93,90,84,91,87,81,86,82,83,87,92,87,92,95,91,90,90,85,90.0,90.67,89.67,84.67,90.67,83.67,89.33,90.0,83.0,88.67,88.33,84.67,86.2,93.5,90.5,87.5,88.75,88.42,85.83,86.4,90.5,87.98
86,94,83,90,88,95,87,86,85,82,95,91,90,82,86,88,81,86,91,89,87,86,89,87,82,90,82,92,89,80,94,88,93,86,88,86,80,80,85,85,92,92,91,95,88,89,82,87.67,91.0,86.0,89.33,86.0,85.0,89.0,87.33,84.67,87.0,91.67,86.67,84.4,91.5,91.5,85.5,88.5,86.83,85.83,87.58,89.5,87.65
83,90,89,89,91,80,82,94,86,83,94,84,91,94,89,83,93,80,90,88,95,82,80,85,81,87,81,80,86,83,94,86,89,83,88,95,85,82,89,95,91,81,95,93,84,85,86,87.33,86.67,87.33,87.0,91.33,85.33,91.0,82.33,83.0,83.0,89.67,88.67,88.4,88.0,88.5,85.5,87.08,87.5,83.0,88.91,87.33,86.77
83,94,81,85,82,89,91,92,87,95,95,85,91,81,93,82,81,83,84,84,87,92,83,87,91,81,89,89,95,82,88,85,87,83,95,94,92,83,89,94,86,80,94,80,87,93,88,86.0,85.33,90.0,91.67,88.33,82.0,85.0,87.33,87.0,88.67,86.67,90.67,88.8,87.0,83.5,90.5,88.25,85.67,87.83,88.71,87.0,87.49
95,83,93,84,83,91,88,89,93,87,85,83,86,85,86,94,89,83,91,86,85,85,81,81,92,86,89,81,84,95,95,80,93,83,86,94,94,94,94,81,89,82,86,94,82,80,80,90.33,86.0,90.0,85.0,85.67,88.67,87.33,82.33,89.0,86.67,89.33,87.67,90.4,84.0,88.0,80.0,87.83,86.0,87.83,89.13,84.0,86.96
90,83,95,81,88,95,95,87,91,80,84,88,91,92,95,93,82,85,93,95,80,90,84,89,92,91,95,90,85,85,80,84,89,94,92,84,89,95,84,82,94,87,87,93,83,88,91,89.33,88.0,91.0,84.0,92.67,86.67,89.33,87.67,92.67,86.67,84.33,90.0,88.8,87.0,88.0,89.5,88.08,89.08,89.67,87.71,88.17,88.54
87,87,92,83,86,85,85,91,87,92,88,80,95,94,89,87,86,84,84,91,92,80,81,88,84,80,82,95,95,95,90,89,88,84,91,95,90,85,85,80,88,83,83,83,88,85,90,88.67,84.67,87.67,86.67,92.67,85.67,89.0,83.0,82.0,95.0,89.0,90.0,85.6,83.0,85.5,87.5,86.92,87.58,88.5,88.2,85.33,87.31
92,89,84,93,81,86,81,86,94,89,94,87,85,86,95,90,94,83,86,93,85,84,84,95,90,92,80,83,87,86,91,94,89,85,89,83,91,89,86,88,80,85,80,90,86,82,87,88.33,86.67,87.0,90.0,88.67,89.0,88.0,87.67,87.33,85.33,91.33,85.67,86.8,82.5,88.0,84.5,88.0,88.33,86.33,87.93,85.0,87.12
84,82,94,80,83,83,88,81,87,89,80,88,84,84,83,93,88,84,89,94,89,81,89,88,92,94,91,84,89,84,83,82,83,94,92,90,90,80,91,91,93,92,86,92,84,80,91,86.67,82.0,85.33,85.67,83.67,88.33,90.67,86.0,92.33,85.67,82.67,92.0,89.0,89.0,88.0,85.5,84.92,87.17,89.0,87.89,87.5,87.29
85,80,95,84,84,86,83,87,95,92,92,92,91,83,90,82,83,83,84,90,95,94,95,80,87,91,83,85,86,95,84,94,92,83,81,89,94,82,94,90,80,80,91,89,88,87,81,86.67,84.67,88.33,92.0,88.0,82.67,89.67,89.67,87.0,88.67,90.0,84.33,88.0,85.5,88.5,84.0,87.92,87.5,87.83,87.44,86.0,87.34
88,91,88,80,80,80,91,94,87,81,82,94,89,88,86,91,80,86,86,87,83,89,95,91,86,87,92,94,93,95,82,87,80,88,92,87,82,91,94,94,91,85,81,82,95,88,82,89.0,80.0,90.67,85.67,87.67,85.67,85.33,91.67,88.33,94.0,83.0,89.0,90.4,83.0,88.5,85.0,86.33,87.58,91.17,87.47,85.5,87.61
84,80,84,86,87,86,88,92,89,95,81,93,92,84,87,84,88,81,93,91,94,80,85,80,95,83,88,88,90,86,82,81,84,82,85,90,80,84,82,92,81,83,86,83,94,88,88,82.67,86.33,89.67,89.67,87.67,84.33,92.67,81.67,88.67,88.0,82.33,85.67,83.8,84.5,88.5,88.0,87.08,86.58,88.33,83.93,87.0,86.59
90,84,81,81,93,84,82,88,85,88,93,95,87,86,80,92,84,89,95,82,93,86,80,83,88,86,93,87,95,80,95,80,85,81,92,94,92,91,89,89,83,94,94,90,91,94,82,85.0,86.0,85.0,92.0,84.33,88.33,90.0,83.0,89.0,87.33,86.67,89.0,88.8,94.0,90.5,88.0,87.0,86.42,88.17,88.16,90.83,88.11
94,86,93,82,93,91,83,93,93,81,85,80,87,84,87,92,87,91,93,88,80,92,92,85,84,94,86,89,91,82,82,90,89,91,88,81,83,86,84,81,92,81,80,89,89,88,89,91.0,88.67,89.67,82.0,86.0,90.0,87.0,89.67,88.0,87.33,87.0,86.67,85.2,80.5,89.0,88.5,87.83,88.17,87.67,86.29,86.0,87.19
82,93,92,93,87,90,94,86,90,92,92,80,80,91,83,88,90,80,85,89,90,91,80,85,80,85,86,89,89,95,89,81,84,80,80,94,82,81,87,86,81,91,83,94,80,85,82,89.0,90.0,90.0,88.0,84.67,86.0,88.0,85.33,83.67,91.0,84.67,84.67,83.4,87.0,87.0,83.5,89.25,86.0,87.33,84.24,85.83,86.53
84,80,94,85,91,95,93,87,85,86,80,95,80,81,95,82,92,89,81,94,91,94,91,84,94,94,80,92,95,93,88,87,90,94,89,91,84,86,80,88,93,89,83,82,86,85,83,86.0,90.33,88.33,87.0,85.33,87.67,88.67,89.67,89.33,93.33,88.33,91.33,86.2,86.0,84.0,84.0,87.92,87.83,91.33,88.62,84.67,88.07
94,80,93,91,82,90,94,92,86,82,84,94,94,88,89,91,88,83,85,81,88,84,90,94,82,86,91,80,81,92,90,89,88,86,85,81,82,91,93,81,81,95,93,87,82,91,85,89.0,87.67,90.67,86.67,90.33,87.33,84.67,89.33,86.33,84.33,89.0,84.0,85.6,94.0,84.5,88.0,88.5,87.92,85.33,86.2,88.83,87.36
81,92,83,90,89,82,88,90,92,89,95,93,92,87,87,88,83,90,84,87,92,80,95,82,88,86,87,93,93,89,83,85,80,87,95,85,83,88,91,93,85,84,83,83,84,92,84,85.33,87.0,90.0,92.33,88.67,87.0,87.67,85.67,87.0,91.67,82.67,89.0,88.0,83.5,83.5,88.0,88.67,87.25,89.33,86.56,85.0,87.36
91,80,81,80,84,91,95,90,83,89,85,91,92,82,83,82,90,92,86,90,80,80,86,95,89,90,80,84,88,81,86,95,91,82,89,93,87,91,88,90,94,81,91,88,82,92,95,84.0,85.0,89.33,88.33,85.67,88.0,85.33,87.0,86.33,84.33,90.67,88.0,90.0,86.0,85.0,93.5,86.67,86.5,85.33,89.56,88.17,87.24
88,93,80,80,87,90,93,81,81,87,81,81,90,89,95,90,83,91,94,89,87,81,85,80,89,88,85,86,84,88,88,90,89,95,94,80,85,91,80,89,82,81,80,94,82,83,95,87.0,85.67,85.0,83.0,91.33,88.0,90.0,82.0,87.33,86.0,89.0,89.67,85.4,80.5,88.0,89.0,85.17,87.83,86.67,88.02,85.83,86.7
95,91,91,90,93,80,89,93,93,90,82,81,95,80,93,87,85,91,91,89,90,84,91,85,90,81,80,82,81,92,82,88,82,90,92,87,83,82,88,81,85,95,88,94,81,80,94,92.33,87.67,91.67,84.33,89.33,87.67,90.0,86.67,83.67,85.0,84.0,89.67,83.8,91.5,87.5,87.0,89.0,88.42,84.33,85.82,88.67,87.25
91,89,93,91,90,85,81,82,80,80,89,81,83,84,92,92,91,87,94,94,86,93,91,85,94,82,86,85,92,80,82,89,94,89,80,84,91,95,87,92,93,92,89,92,85,95,88,91.0,88.67,81.0,83.33,86.33,90.0,91.33,89.67,87.33,85.67,88.33,84.33,91.6,90.5,88.5,91.5,86.0,89.33,86.5,88.09,90.17,88.02
87,88,83,81,84,87,95,93,95,87,93,87,91,95,87,92,91,86,84,90,81,87,87,83,94,82,83,93,93,92,83,90,84,82,93,84,80,94,86,88,89,95,89,92,92,87,90,86.0,84.0,94.33,89.0,91.0,89.67,85.0,85.67,86.33,92.67,85.67,86.33,87.4,92.0,92.0,88.5,88.33,87.83,89.5,86.47,90.83,88.59
95,82,95,90,95,89,86,93,80,94,87,93,90,85,94,84,91,88,84,85,89,86,86,90,91,91,95,95,80,94,91,94,95,93,90,93,90,83,85,89,95,94,90,92,93,90,90,90.67,91.33,86.33,91.33,89.67,87.67,86.0,87.33,92.33,89.67,93.33,92.0,88.4,92.0,92.5,90.0,89.92,87.67,91.0,91.24,91.5,90.27
80,93,83,85,84,84,83,80,94,93,83,94,80,86,87,87,82,80,85,93,91,85,90,94,81,94,80,95,94,82,85,84,84,86,88,82,90,91,85,89,81,91,94,89,80,87,92,85.33,84.33,85.67,90.0,84.33,83.0,89.67,89.67,85.0,90.33,84.33,85.33,87.2,92.5,84.5,89.5,86.33,86.67,87.67,85.62,88.83,87.02
92,88,88,92,95,83,86,89,94,83,89,80,84,81,94,86,83,86,80,92,80,81,87,82,81,91,95,90,93,85,85,95,80,89,90,87,85,80,88,95,85,88,94,94,94,86,91,89.33,90.0,89.67,84.0,86.33,85.0,84.0,83.33,89.0,89.33,86.67,88.67,86.6,91.0,94.0,88.5,88.25,84.67,89.17,87.31,91.17,88.11
95,82,81,81,94,91,92,90,84,86,86,89,83,84,86,93,92,90,80,84,81,92,86,85,94,94,93,89,90,80,81,82,94,89,83,82,89,90,90,90,92,88,81,85,91,89,86,86.0,88.67,88.67,87.0,84.33,91.67,81.67,87.67,93.67,86.33,85.67,84.67,90.2,84.5,88.0,87.5,87.58,86.33,90.0,86.84,86.67,87.49
84,84,90,82,84,80,91,85,85,82,90,90,90,87,93,93,89,90,84,87,87,88,88,81,90,91,80,85,81,92,95,82,80,90,84,87,95,92,83,88,91,94,85,93,84,83,91,86.0,82.0,87.0,87.33,90.0,90.67,86.0,85.67,87.0,86.0,85.67,87.0,89.8,89.5,88.5,87.0,85.58,88.08,86.5,87.49,88.33,87.2
89,95,82,95,89,85,81,82,92,86,81,80,83,95,93,82,84,86,85,82,92,84,91,81,82,95,94,86,90,88,81,83,86,95,94,81,82,86,87,90,80,81,94,81,86,84,82,88.67,89.67,85.0,82.33,90.33,84.0,86.33,85.33,90.33,88.0,83.33,90.0,85.0,87.5,83.5,83.0,86.42,86.5,89.17,86.11,84.67,86.57
95,83,82,83,81,86,84,80,86,88,88,87,87,93,83,90,93,90,90,93,95,90,82,92,95,93,95,81,85,83,83,81,80,86,88,82,87,95,86,88,92,95,83,95,84,95,86,86.67,83.33,83.33,87.67,87.67,91.0,92.67,88.0,94.33,83.0,81.33,85.33,89.6,89.0,89.5,90.5,85.25,89.83,88.67,85.42,89.67,87.77
84,85,87,90,87,90,83,83,92,91,82,95,91,90,85,83,87,82,84,81,94,87,86,80,87,80,92,80,94,87,92,83,92,84,94,92,94,81,95,92,92,88,80,83,93,94,88,85.33,89.0,86.0,89.33,88.67,84.0,86.33,84.33,86.33,87.0,89.0,90.0,90.8,84.0,88.0,91.0,87.42,85.83,86.67,89.93,87.67,87.5
80,83,80,85,80,93,91,89,82,82,82,86,80,83,92,87,91,91,81,95,95,93,87,81,94,93,95,92,90,88,91,86,82,92,93,87,91,95,82,83,90,87,84,93,83,86,94,81.0,86.0,87.33,83.33,85.0,89.67,90.33,87.0,94.0,90.0,86.33,90.67,88.2,85.5,88.0,90.0,84.42,88.0,92.0,88.4,87.83,88.13
93,90,87,95,90,86,91,81,87,86,93,93,88,86,94,90,80,94,86,82,91,87,80,87,83,82,80,83,94,92,86,95,93,86,81,80,83,90,91,81,80,92,83,83,87,83,82,90.0,90.33,86.33,90.67,89.33,88.0,86.33,84.67,81.67,89.67,91.33,82.33,85.0,87.5,85.0,82.5,89.33,87.08,85.67,86.22,85.0,86.66
89,83,80,84,90,90,83,95,89,87,85,87,93,84,95,90,88,86,94,94,86,94,94,81,94,95,84,85,91,88,90,86,89,88,80,84,89,87,94,91,93,94,93,91,91,95,80,84.0,88.0,89.0,86.33,90.67,88.0,91.33,89.67,91.0,88.0,88.33,84.0,90.8,93.5,91.0,87.5,86.83,89.92,89.5,87.71,90.67,88.93
88,94,92,86,80,86,87,82,95,84,92,85,83,81,94,80,95,95,94,91,88,94,93,81,94,95,92,91,94,88,94,84,85,88,85,93,89,82,81,80,84,80,94,82,85,82,81,91.33,84.0,88.0,87.0,86.0,90.0,91.0,89.33,93.67,91.0,87.67,88.67,83.2,87.0,83.5,81.5,87.58,89.08,92.33,86.51,84.0,87.9
91,81,86,94,92,92,85,81,92,90,85,80,86,89,90,87,82,89,95,93,91,91,91,86,81,82,94,90,92,80,85,95,91,88,80,90,88,90,84,92,81,86,88,95,82,92,94,86.0,92.67,86.0,85.0,88.33,86.0,93.0,89.33,85.67,87.33,90.33,86.0,87.0,87.0,88.5,93.0,87.42,89.17,86.5,87.78,89.5,88.07
87,85,93,86,94,87,81,94,89,85,86,85,83,85,94,87,89,92,89,84,92,94,94,84,90,83,94,95,82,93,92,93,92,82,94,87,80,82,91,91,89,92,90,84,94,86,84,88.33,89.0,88.0,85.33,87.33,89.33,88.33,90.67,89.0,90.0,92.33,87.67,86.6,91.0,89.0,85.0,87.67,88.92,89.5,88.87,88.33,88.66
86,82,83,81,81,87,82,86,90,88,95,83,80,90,88,90,91,93,93,95,95,93,94,92,83,88,94,89,85,86,83,90,94,80,83,92,87,90,91,80,95,83,85,87,90,84,91,83.67,83.0,86.0,88.67,86.0,91.33,94.33,93.0,88.33,86.67,89.0,85.0,88.6,84.0,88.5,87.5,85.33,91.17,87.5,87.53,86.67,87.64
81,87,90,87,80,84,83,85,82,85,89,94,87,93,89,93,92,93,95,89,94,93,94,85,93,91,94,93,83,80,88,93,88,80,81,82,94,83,89,86,93,88,92,92,82,90,85,86.0,83.67,83.33,89.33,89.67,92.67,92.67,90.67,92.67,85.33,89.67,81.0,89.0,90.0,87.0,87.5,85.58,91.42,89.0,86.56,88.17,88.14
92,82,85,87,91,91,82,85,85,83,91,84,84,89,93,83,93,83,94,85,92,93,87,93,86,81,88,94,90,87,90,89,91,89,81,85,85,82,90,95,80,92,83,92,88,95,88,86.33,89.67,84.0,86.0,88.67,86.33,90.33,91.0,85.0,90.33,90.0,85.0,86.4,87.5,90.0,91.5,86.5,89.08,87.67,87.13,89.67,88.01
86,93,83,85,87,91,84,88,87,87,80,84,88,90,92,85,85,87,95,92,95,89,94,84,91,81,88,89,86,85,83,87,85,88,82,82,86,81,86,83,86,91,85,81,91,86,84,87.33,87.67,86.33,83.67,90.0,85.67,94.0,89.0,86.67,86.67,85.0,84.0,84.4,88.0,86.0,85.0,86.25,89.67,86.67,84.47,86.33,86.68
83,86,94,89,91,90,88,87,87,82,92,86,91,86,89,89,80,90,90,91,95,92,92,85,87,92,86,95,80,87,85,94,95,88,90,92,87,86,82,83,82,93,88,90,81,85,83,87.67,90.0,87.33,86.67,88.67,86.33,92.0,89.67,88.33,87.33,91.33,90.0,84.0,90.5,85.5,84.0,87.92,89.17,87.83,88.44,86.67,88.01
94,82,91,87,95,86,91,85,85,89,93,85,84,82,80,92,93,89,92,80,92,91,91,81,81,93,84,83,84,83,89,84,84,83,83,94,82,83,88,82,93,90,92,80,83,86,81,89.0,89.33,87.0,89.0,82.0,91.33,88.0,87.67,86.0,83.33,85.67,86.67,85.6,91.0,81.5,83.5,88.58,87.25,84.67,85.98,85.33,86.36
87,90,92,87,90,83,90,94,84,91,87,81,94,89,90,89,88,84,85,92,92,93,82,94,82,90,90,81,94,90,85,82,93,81,85,95,91,85,80,93,95,90,88,85,93,86,84,89.67,86.67,89.33,86.33,91.0,87.0,89.67,89.67,87.33,88.33,86.67,87.0,88.8,89.0,89.0,85.0,88.0,89.33,87.83,87.49,87.67,88.06
87,89,85,88,83,91,84,87,88,90,84,94,88,87,84,95,94,80,88,94,94,89,85,93,94,85,83,88,92,83,90,85,95,91,82,88,88,92,92,85,84,85,87,89,90,92,86,87.0,87.33,86.33,89.33,86.33,89.67,92.0,89.0,87.33,87.67,90.0,87.0,88.2,86.0,89.5,89.0,87.5,89.25,87.5,88.4,88.17,88.16
80,94,88,84,89,88,86,86,87,85,82,95,85,84,88,93,81,82,82,87,84,87,83,86,94,85,94,84,92,95,90,88,82,90,93,86,90,94,80,80,90,84,88,89,80,94,90,87.33,87.0,86.33,87.33,85.67,85.33,84.33,85.33,91.0,90.33,86.67,89.67,86.8,86.0,84.5,92.0,87.0,85.17,90.67,87.71,87.5,87.61
80,91,93,91,80,95,87,90,81,91,83,94,85,83,88,80,82,84,89,93,83,93,87,86,86,86,93,92,95,94,83,82,94,84,91,88,92,84,86,95,89,83,94,85,93,91,89,88.0,88.67,86.0,89.33,85.33,82.0,88.33,88.67,88.33,93.67,86.33,87.67,89.2,88.5,89.0,90.0,88.0,86.08,91.0,87.73,89.17,88.4
88,90,86,95,92,93,87,83,85,84,87,90,81,84,95,86,93,91,85,94,83,89,86,91,84,91,84,91,84,88,86,85,85,94,84,86,85,87,84,88,94,91,88,89,95,81,95,88.0,93.33,85.0,87.0,86.67,90.0,87.33,88.67,86.33,87.67,85.33,88.0,87.6,89.5,92.0,88.0,88.33,88.17,87.0,86.98,89.83,88.06
89,87,95,81,87,91,93,91,83,88,91,93,94,83,86,94,89,87,90,90,81,86,91,86,93,94,82,81,83,95,89,92,83,94,95,85,91,80,83,86,81,83,84,80,88,92,88,90.33,86.33,89.0,90.67,87.67,90.0,87.0,87.67,89.67,86.33,88.0,91.33,84.2,83.5,84.0,90.0,89.08,88.08,88.0,87.84,85.83,87.77
80,92,88,83,93,90,81,84,83,81,84,86,81,87,93,92,94,95,95,89,94,85,82,83,88,81,87,94,85,85,84,84,81,91,83,81,82,89,80,88,88,89,81,92,80,89,89,86.67,88.67,82.67,83.67,87.0,93.67,92.67,83.33,85.33,88.0,83.0,85.0,85.4,85.0,86.0,89.0,85.42,89.17,86.67,84.47,86.67,86.48
82,82,89,86,93,82,85,88,91,89,89,84,90,93,90,83,91,83,83,91,84,81,95,86,86,86,81,89,85,81,85,90,95,80,92,81,88,87,80,95,86,82,91,91,84,88,95,84.33,87.0,88.0,87.33,91.0,85.67,86.0,87.33,84.33,85.0,90.0,84.33,87.2,86.5,87.5,91.5,86.67,87.5,84.67,87.18,88.5,86.9
80,84,80,83,91,86,80,87,80,82,91,85,87,90,94,88,80,86,93,81,93,87,92,92,88,92,94,85,93,86,80,86,92,89,82,87,86,92,88,81,90,84,80,81,92,93,95,81.33,86.67,82.33,86.0,90.33,84.67,89.0,90.33,91.33,88.0,86.0,86.0,87.4,82.0,86.5,94.0,84.08,88.58,89.67,86.47,87.5,87.26
95,84,84,90,84,81,93,89,91,95,89,94,85,80,89,83,87,90,85,87,92,90,91,86,80,91,83,93,87,92,87,95,82,86,80,88,89,95,93,88,84,91,89,81,81,86,87,87.67,85.0,91.0,92.67,84.67,86.67,88.0,89.0,84.67,90.67,88.0,84.67,89.8,90.0,81.0,86.5,89.08,87.08,87.67,87.49,85.83,87.43
86,80,83,87,90,80,92,87,85,94,82,91,85,95,88,88,92,82,82,92,80,92,82,91,84,92,83,84,95,92,95,80,93,80,89,94,91,92,87,92,81,92,89,85,83,84,84,83.0,85.67,88.0,89.0,89.33,87.33,84.67,88.33,86.33,90.33,89.33,87.67,88.6,90.5,84.0,84.0,86.42,87.42,88.33,88.53,86.17,87.37
89,93,88,85,93,88,93,95,93,88,89,81,94,85,93,92,93,95,91,84,80,94,94,93,88,87,91,93,89,87,90,92,89,85,87,80,90,81,90,83,93,86,83,92,87,84,86,90.0,88.67,93.67,86.0,90.67,93.33,85.0,93.67,88.67,89.67,90.33,84.0,87.4,84.5,89.5,85.0,89.58,90.67,89.17,87.24,86.33,88.6
80,88,82,90,84,84,82,89,87,88,82,84,94,87,87,95,87,82,92,94,80,87,80,87,90,83,94,83,89,85,84,95,81,89,83,80,86,92,93,82,80,95,81,89,80,80,86,83.33,86.0,86.0,84.67,89.33,88.0,88.67,84.67,89.0,85.67,86.67,84.0,86.6,88.0,84.5,83.0,85.0,87.67,87.33,85.76,85.17,86.18
95,88,91,92,94,80,90,90,94,83,88,92,93,89,90,85,85,92,89,90,89,92,91,94,89,80,89,90,85,90,83,81,92,94,91,83,92,94,82,92,95,81,81,94,85,83,80,91.33,88.67,91.33,87.67,90.67,87.33,89.33,92.33,86.0,88.33,85.33,89.33,91.0,81.0,89.5,81.5,89.75,89.92,87.17,88.56,84.0,87.88
84,92,82,86,84,93,84,88,95,80,91,84,92,92,87,92,81,86,81,92,87,81,83,83,89,94,86,80,94,94,82,93,81,83,89,90,82,82,88,88,88,92,84,84,91,80,91,86.0,87.67,89.0,85.0,90.33,86.33,86.67,82.33,89.67,89.33,85.33,87.33,85.6,88.0,87.5,85.5,86.92,86.42,89.5,86.09,87.0,87.18
90,94,86,93,94,94,81,92,84,93,95,94,89,93,81,88,91,86,90,86,89,91,83,93,82,89,82,82,93,85,82,93,83,83,93,85,87,89,91,80,93,81,95,94,91,93,84,90.0,93.67,85.67,94.0,87.67,88.33,88.33,89.0,84.33,86.67,86.0,87.0,88.0,88.0,92.5,88.5,90.83,88.33,85.5,87.0,89.67,88.27
85,84,92,87,80,86,82,89,95,93,90,84,92,88,82,92,87,84,80,88,92,87,95,82,90,94,90,80,85,89,82,91,81,93,83,88,82,86,94,82,83,80,90,89,81,92,84,87.0,84.33,88.67,89.0,87.33,87.67,86.67,88.0,91.33,84.67,84.67,88.0,85.4,85.0,85.0,88.0,87.25,87.42,88.0,86.02,86.0,86.94
86,93,94,94,80,95,91,83,88,95,90,88,92,91,88,80,85,84,95,84,80,89,86,88,93,93,94,92,85,84,81,83,92,87,93,85,94,83,93,93,82,86,82,95,92,87,86,91.0,89.67,87.33,91.0,90.33,83.0,86.33,87.67,93.33,87.0,85.33,88.33,89.0,84.0,93.5,86.5,89.75,86.83,90.17,87.56,88.0,88.46
95,84,80,90,93,92,95,82,90,84,83,86,91,81,95,86,82,87,80,93,84,94,91,83,82,83,83,93,85,86,95,88,87,84,91,94,85,86,93,92,85,88,90,87,87,80,85,86.33,91.67,89.0,84.33,89.0,85.0,85.67,89.33,82.67,88.0,90.0,89.67,88.2,89.0,87.0,82.5,87.83,87.25,85.33,89.29,86.17,87.17
86,95,93,91,91,85,88,89,91,93,81,95,87,80,87,95,93,92,81,95,93,92,87,90,81,95,93,92,86,83,85,82,94,83,84,90,88,88,82,84,87,88,93,90,89,88,83,91.33,89.0,89.33,89.67,84.67,93.33,89.67,89.67,89.67,87.0,87.0,85.67,85.8,90.5,89.5,85.5,89.83,89.33,88.33,86.16,88.5,88.43
86,94,84,94,91,80,91,80,94,87,84,87,85,93,83,86,80,87,94,83,92,80,82,86,83,91,84,82,92,84,82,95,93,85,83,81,84,95,84,83,80,80,89,94,93,95,80,88.0,88.33,88.33,86.0,87.0,84.33,89.67,82.67,86.0,86.0,90.0,83.0,85.2,84.5,93.5,87.5,87.67,85.92,86.0,86.07,88.5,86.83
92,80,95,83,89,91,84,82,82,82,87,85,82,89,87,85,82,93,81,86,81,85,90,92,94,81,83,90,82,83,95,80,80,88,94,86,88,86,84,94,85,87,85,85,83,90,88,89.0,87.67,82.67,84.67,86.0,86.67,82.67,89.0,86.0,85.0,85.0,89.33,87.4,86.0,84.0,89.0,86.0,86.08,85.5,87.24,86.33,86.23
90,80,83,83,80,95,82,91,91,84,91,87,80,84,82,88,82,91,92,84,86,86,91,91,92,82,87,91,86,82,95,80,85,95,85,94,84,95,89,95,81,87,94,80,91,93,90,84.33,86.0,88.0,87.33,82.0,87.0,87.33,89.33,87.0,86.33,86.67,91.33,88.8,90.5,85.5,91.5,86.42,86.42,86.67,88.93,89.17,87.52
87,89,82,84,82,93,81,85,93,84,81,82,80,87,80,88,91,86,88,93,93,91,88,91,88,81,89,81,80,86,84,91,89,86,91,91,91,86,87,93,92,88,95,93,89,94,83,86.0,86.33,86.33,82.33,82.33,88.33,91.33,90.0,86.0,82.33,88.0,89.33,89.8,91.5,91.0,88.5,85.25,88.0,84.17,89.04,90.33,87.36
84,86,81,88,86,88,92,95,89,91,90,91,92,81,90,81,86,85,80,88,81,87,90,85,94,82,87,95,80,95,87,95,90,83,81,89,81,89,80,84,86,87,83,83,83,83,93,83.67,87.33,92.0,90.67,87.67,84.0,83.0,87.33,87.67,90.0,90.67,84.33,84.0,85.0,83.0,88.0,88.42,85.5,88.83,86.33,85.33,86.88
94,95,95,91,81,89,89,88,89,87,83,91,84,91,84,85,85,94,87,92,81,87,82,92,83,92,80,85,89,88,90,82,84,93,87,90,84,95,88,86,82,85,88,87,94,85,85,94.67,87.0,88.67,87.0,86.33,88.0,86.67,87.0,85.0,87.33,85.33,90.0,87.0,86.5,90.5,85.0,89.33,87.0,86.17,87.44,87.33,87.46
81,80,92,95,81,87,92,92,90,86,86,89,91,86,85,85,91,94,88,92,88,89,87,90,93,91,80,88,89,93,94,88,85,80,93,83,95,94,88,82,83,93,80,83,91,83,81,84.33,87.67,91.33,87.0,87.33,90.0,89.33,88.67,88.0,90.0,89.0,85.33,88.4,86.5,87.0,82.0,87.58,88.83,89.0,87.58,85.17,87.63
80,92,94,82,82,87,92,82,95,94,89,89,86,90,89,80,81,94,86,91,94,93,90,83,93,82,90,87,94,86,92,80,87,85,95,92,87,88,90,85,92,95,85,86,87,83,87,88.67,83.67,89.67,90.67,88.33,85.0,90.33,88.67,88.33,89.0,86.33,90.67,88.4,90.0,86.5,85.0,88.17,88.08,88.67,88.47,87.17,88.11
91,88,84,91,90,80,89,87,92,85,92,85,83,86,95,92,80,80,80,87,93,92,94,81,91,93,90,87,82,94,95,82,84,84,84,91,83,89,92,87,81,84,89,85,81,92,81,87.67,87.0,89.33,87.33,88.0,84.0,86.67,89.0,91.33,87.67,87.0,86.33,86.4,86.5,83.0,86.5,87.83,86.92,89.5,86.58,85.33,87.23
91,92,90,89,89,89,85,90,82,85,84,85,83,93,80,93,90,83,91,83,86,81,88,83,82,80,89,86,93,93,81,83,91,84,83,89,80,84,90,89,89,81,94,90,81,81,90,91.0,89.0,85.67,84.67,85.33,88.67,86.67,84.0,83.67,90.67,85.0,85.33,86.4,87.5,85.5,85.5,87.58,86.17,87.17,85.58,86.17,86.53
83,88,85,87,90,80,88,81,91,88,87,90,92,89,89,91,82,87,82,92,88,83,88,81,88,85,86,88,91,82,86,87,87,84,81,93,95,82,88,81,82,87,83,86,84,93,87,85.33,85.67,86.67,88.33,90.0,86.67,87.33,84.0,86.33,87.0,86.67,86.0,85.6,85.0,85.0,90.0,86.5,87.0,86.67,86.09,86.67,86.58
88,93,83,94,87,80,88,92,81,83,85,86,88,89,90,83,94,82,89,82,93,86,82,93,92,83,84,84,83,91,93,92,95,94,86,81,80,84,94,80,88,93,92,81,93,86,94,88.0,87.0,87.0,84.67,89.0,86.33,88.0,87.0,86.33,86.0,93.33,87.0,85.2,92.5,87.0,90.0,86.67,87.58,86.17,88.51,89.83,87.75
94,88,83,89,85,82,83,88,83,90,81,81,95,94,83,81,88,87,85,92,87,93,81,85,95,90,89,89,88,87,85,93,88,86,82,93,86,93,94,93,86,94,89,95,84,84,81,88.33,85.33,84.67,84.0,90.67,85.33,88.0,86.33,91.33,88.0,88.67,87.0,90.4,91.5,89.5,82.5,85.58,87.58,89.67,88.69,87.83,87.87
82,89,88,89,86,93,87,93,84,82,89,81,94,93,81,89,85,85,91,82,85,84,93,84,81,83,87,85,90,91,86,94,95,82,85,86,81,89,95,86,88,80,83,81,88,85,88,86.33,89.33,88.0,84.0,89.33,86.33,86.0,87.0,83.67,88.67,91.67,84.33,87.8,81.5,84.5,86.5,86.92,87.17,86.17,87.93,84.17,86.47
84,82,81,80,91,95,81,90,93,92,89,82,92,95,81,88,80,84,92,95,93,89,84,92,89,81,92,85,87,95,94,80,87,94,85,82,82,86,88,81,88,80,92,83,94,85,94,82.33,88.67,88.0,87.67,89.33,84.0,93.33,88.33,87.33,89.0,87.0,87.0,85.0,86.0,88.5,89.5,86.67,88.75,88.17,86.33,88.0,87.58
91,93,86,80,95,93,83,86,89,89,94,88,83,82,85,84,82,84,91,87,89,94,80,85,91,83,92,90,81,86,94,85,92,83,88,83,92,83,84,81,82,85,86,84,89,90,95,90.0,89.33,86.0,90.33,83.33,83.33,89.0,86.33,88.67,85.67,90.33,84.67,84.4,85.5,86.5,92.5,88.92,85.5,87.17,86.47,88.17,87.24
93,86,91,83,86,94,87,93,84,82,87,92,90,90,95,95,85,90,83,83,91,82,86,90,92,95,91,91,89,87,93,92,91,95,87,93,95,87,87,93,94,80,93,90,86,86,83,90.0,87.67,88.0,87.0,91.67,90.0,85.67,86.0,92.67,89.0,92.0,91.67,91.2,86.5,88.0,84.5,88.17,88.33,90.83,91.62,86.33,89.06
95,86,94,91,81,90,86,87,93,90,91,90,81,85,94,93,80,94,88,83,84,80,93,87,89,87,93,84,90,87,92,93,85,88,82,83,82,84,92,90,88,92,92,83,87,89,95,91.67,87.33,88.67,90.33,86.67,89.0,85.0,86.67,89.67,87.0,90.0,84.33,87.2,92.0,85.0,92.0,89.5,86.83,88.33,87.18,89.67,88.3
88,94,95,94,82,94,90,95,87,92,80,85,87,89,90,86,88,95,85,87,94,83,90,93,92,95,81,88,86,87,82,82,94,80,95,93,87,94,84,84,81,94,83,94,91,85,89,92.33,90.0,90.67,85.67,88.67,89.67,88.67,88.67,89.33,87.0,86.0,89.33,86.0,88.5,92.5,87.0,89.67,88.92,88.17,87.11,89.33,88.64
82,85,92,90,86,94,91,89,89,89,87,91,81,89,86,88,94,94,88,93,81,91,87,89,90,91,87,85,89,85,94,81,94,84,86,95,87,84,93,93,83,94,95,93,85,91,84,86.33,90.0,89.67,89.0,85.33,92.0,87.33,89.0,89.33,86.33,89.67,88.33,88.0,94.5,89.0,87.5,88.75,88.42,87.83,88.67,90.33,88.8
93,81,88,85,94,93,95,86,95,84,82,86,94,84,84,92,93,81,92,92,81,80,83,80,82,92,90,92,93,80,87,81,89,89,90,84,83,81,92,94,92,83,93,92,92,90,86,87.33,90.67,92.0,84.0,87.33,88.67,88.33,81.0,88.0,88.33,85.67,87.67,88.4,88.0,92.0,88.0,88.5,86.33,88.17,87.24,89.33,87.92
88,91,93,86,82,87,92,90,95,95,81,87,81,82,81,84,92,84,94,81,93,81,90,82,93,85,88,82,86,85,91,89,82,90,87,92,91,91,94,89,81,86,82,89,86,92,81,90.67,85.0,92.33,87.67,81.33,86.67,89.33,84.33,88.67,84.33,87.33,89.67,89.2,84.0,87.5,86.5,88.92,85.42,86.5,88.73,86.0,87.11
90,94,90,92,90,82,93,91,91,85,86,84,86,94,84,92,94,92,83,92,85,86,91,89,83,84,89,85,88,84,91,95,80,93,84,89,89,82,92,84,83,90,88,94,81,93,85,91.33,88.0,91.67,85.0,88.0,92.67,86.67,88.67,85.33,85.67,88.67,88.67,86.0,89.0,87.5,89.0,89.0,89.0,85.5,87.78,88.5,87.96
82,84,82,88,93,80,94,81,81,87,86,91,92,83,86,81,89,85,81,81,82,92,84,83,93,84,95,90,89,90,87,94,85,90,84,81,94,84,85,92,91,87,87,84,81,83,95,82.67,87.0,85.33,88.0,87.0,85.0,81.33,86.33,90.67,89.67,88.67,85.0,89.2,87.0,82.5,89.0,85.75,84.92,90.17,87.62,86.17,86.92
88,94,87,87,91,82,93,83,87,83,88,82,82,86,85,87,80,90,87,81,80,94,87,92,86,84,86,85,87,93,88,90,95,80,91,89,91,93,92,94,86,91,93,92,95,93,86,89.67,86.67,87.67,84.33,84.33,85.67,82.67,91.0,85.33,88.33,91.0,86.67,91.2,92.0,93.5,89.5,87.08,85.92,86.83,89.62,91.67,88.22
88,95,80,93,93,89,92,91,92,89,87,81,93,91,83,82,91,86,89,94,82,86,88,84,90,89,91,91,85,88,93,81,94,82,93,95,90,95,91,83,88,91,94,81,80,90,82,87.67,91.67,91.67,85.67,89.0,86.33,88.33,86.0,90.0,88.0,89.33,90.0,89.4,92.5,80.5,86.0,89.17,87.42,89.0,89.58,86.33,88.3
87,81,91,85,80,85,89,82,91,95,81,83,80,81,81,81,91,92,88,91,92,84,95,95,84,86,84,92,85,93,87,91,91,91,84,89,83,85,87,91,85,95,93,91,81,94,90,86.33,83.33,87.33,86.33,80.67,88.0,90.33,91.33,84.67,90.0,89.67,88.0,86.2,94.0,86.0,92.0,85.83,87.58,87.33,87.96,90.67,87.87
84,93,94,92,83,80,85,90,82,86,84,87,90,85,81,84,82,84,82,93,83,87,92,88,91,91,80,86,84,91,92,86,87,89,89,81,82,81,83,90,84,82,80,91,88,81,82,90.33,85.0,85.67,85.67,85.33,83.33,86.0,89.0,87.33,87.0,88.33,86.33,84.0,81.0,89.5,81.5,86.67,85.92,87.17,86.22,84.0,85.99
80,92,88,80,92,87,82,94,90,86,85,80,95,91,90,85,83,94,95,86,81,89,84,87,80,90,91,94,83,87,83,87,91,93,83,93,90,84,80,95,94,84,80,81,84,92,86,86.67,86.33,88.67,83.67,92.0,87.33,87.33,86.67,87.0,88.0,87.0,89.67,88.6,82.0,82.5,89.0,86.33,88.33,87.5,88.42,84.5,87.02
90,84,83,89,85,80,85,95,86,80,90,90,87,89,90,81,85,87,94,93,83,80,83,89,90,95,85,83,83,93,84,94,80,91,86,83,87,82,87,85,85,93,88,89,88,81,89,85.67,84.67,88.67,86.67,88.67,84.33,90.0,84.0,90.0,86.33,86.0,86.67,85.2,90.5,88.5,85.0,86.42,86.75,88.17,85.96,88.0,87.06
82,91,84,85,84,80,82,86,92,90,95,89,86,87,81,80,90,92,82,91,91,83,82,84,85,84,92,88,81,87,86,89,81,80,95,83,81,84,81,91,88,94,82,85,90,89,93,85.67,83.0,86.67,91.33,84.67,87.33,88.0,83.0,87.0,85.33,85.33,86.0,85.0,88.0,87.5,91.0,86.67,85.75,86.17,85.44,88.83,86.57
91,81,90,95,86,89,95,90,86,91,95,83,95,92,85,91,80,86,89,82,87,88,86,80,81,81,88,81,86,88,93,88,88,84,94,84,88,87,91,86,88,95,87,83,82,94,89,87.33,90.0,90.33,89.67,90.67,85.67,86.0,84.67,83.33,85.0,89.67,87.33,88.0,91.0,82.5,91.5,89.33,86.75,84.17,88.33,88.33,87.38
94,84,91,88,94,87,82,92,87,94,87,81,90,81,90,95,83,89,81,95,80,91,87,87,88,91,89,85,93,94,92,84,92,87,80,87,82,95,84,91,81,85,89,86,85,95,84,89.67,89.67,87.0,87.33,87.0,89.0,85.33,88.33,89.33,90.67,89.33,84.67,86.6,87.0,85.5,89.5,88.42,87.42,90.0,86.87,87.33,88.01
81,91,86,91,80,82,85,94,91,94,84,84,83,90,90,91,82,94,85,91,93,88,92,87,81,80,93,95,83,92,86,82,80,80,88,83,93,84,93,91,88,83,85,84,93,87,91,86.0,84.33,90.0,87.33,87.67,89.0,89.67,89.0,84.67,90.0,82.67,83.67,89.8,84.0,88.5,89.0,86.92,88.83,87.33,85.38,87.17,87.13
89,94,83,95,89,88,83,88,81,83,94,88,84,86,87,91,85,88,85,84,88,80,90,82,84,84,82,95,95,93,85,83,80,87,91,86,89,80,91,89,95,94,92,85,84,94,91,88.67,90.67,84.0,88.33,85.67,88.0,85.67,84.0,83.33,94.33,82.67,88.0,88.8,93.0,84.5,92.5,87.92,85.83,88.83,86.49,90.0,87.81
80,82,92,86,80,81,90,88,88,93,88,82,91,95,92,83,80,86,88,83,86,84,84,93,90,83,81,88,81,88,81,95,84,82,90,85,81,88,81,90,84,89,92,91,94,88,86,84.67,82.33,88.67,87.67,92.67,83.0,85.67,87.0,84.67,85.67,86.67,85.67,84.8,90.5,92.5,87.0,85.83,87.08,85.17,85.71,90.0,86.76
91,88,86,89,91,81,94,93,90,82,93,82,90,94,84,81,94,82,94,91,94,88,85,87,93,81,94,95,94,84,83,87,87,92,85,94,93,88,86,81,91,88,89,89,86,82,85,88.33,87.0,92.33,85.67,89.33,85.67,93.0,86.67,89.33,91.0,85.67,90.33,87.8,88.5,87.5,83.5,88.33,88.67,90.17,87.93,86.5,88.32
88,82,82,83,95,80,87,84,85,88,88,92,85,85,91,88,82,94,90,87,92,87,82,84,82,85,89,92,89,94,94,95,90,80,92,90,80,84,88,86,89,85,84,95,95,86,92,84.0,86.0,85.33,89.33,87.0,88.0,89.67,84.33,85.33,91.67,93.0,87.33,85.4,84.5,95.0,89.0,86.17,87.25,88.5,88.58,89.5,88.0
95,83,85,92,85,80,87,89,86,92,92,88,80,85,82,89,94,93,95,93,84,89,81,83,95,81,91,91,91,80,95,83,94,85,85,93,80,84,86,82,94,85,88,92,91,82,81,87.67,85.67,87.33,90.67,82.33,92.0,90.67,84.33,89.0,87.33,90.67,87.67,85.2,86.5,91.5,81.5,87.83,87.33,88.17,87.84,86.5,87.54
85,81,84,85,93,85,93,91,89,86,87,85,89,92,85,85,95,89,95,91,86,94,80,89,81,90,84,87,91,85,90,90,89,88,94,94,94,80,93,93,83,93,81,85,84,91,82,83.33,87.67,91.0,86.0,88.67,89.67,90.67,87.67,85.0,87.67,89.67,92.0,88.6,87.0,84.5,86.5,87.0,89.17,86.33,90.09,86.0,87.72
95,91,93,84,94,92,87,84,87,92,95,82,92,93,91,87,83,90,94,85,95,91,91,88,81,93,82,92,86,90,87,84,84,80,89,81,83,81,86,87,90,85,89,89,85,83,86,93.0,90.0,86.0,89.67,92.0,86.67,91.33,90.0,85.33,89.33,85.0,83.33,85.4,87.0,87.0,84.5,89.67,90.0,87.33,84.58,86.17,87.55
81,92,89,80,95,90,95,80,87,82,80,95,94,92,86,84,89,85,87,87,93,86,94,88,91,88,82,80,82,82,86,95,80,90,95,92,84,95,86,91,90,80,85,94,90,89,92,87.33,88.33,87.33,85.67,90.67,86.0,89.0,89.33,87.0,81.33,87.0,92.33,89.2,82.5,92.0,90.5,87.17,88.75,84.17,89.51,88.33,87.59
86,86,83,82,87,91,83,90,93,82,89,84,83,92,80,81,95,83,88,95,86,91,83,90,93,84,93,89,93,80,94,81,95,94,90,86,94,91,89,90,87,89,95,87,83,80,82,85.0,86.67,88.67,85.0,85.0,86.33,89.67,88.0,90.0,87.33,90.0,90.0,90.2,92.0,85.0,81.0,86.33,87.25,88.67,90.07,86.0,87.66
92,81,82,89,84,95,83,94,87,92,93,86,87,94,83,86,83,84,83,87,87,93,82,92,88,89,94,90,87,86,95,90,89,85,84,84,83,90,83,88,85,92,92,88,87,92,85,85.0,89.33,88.0,90.33,88.0,84.33,85.67,89.0,90.33,87.67,91.33,84.33,85.8,92.0,87.5,88.5,88.17,86.75,89.0,87.16,89.33,88.08
80,91,94,86,90,83,95,93,88,84,83,92,82,82,87,92,92,88,84,91,86,81,95,86,81,83,83,80,86,86,95,90,89,83,89,80,86,92,86,82,82,92,91,88,85,89,91,88.33,86.33,92.0,86.33,83.67,90.67,87.0,87.33,82.33,84.0,91.33,84.0,85.6,91.5,86.5,90.0,88.25,87.17,83.17,86.98,89.33,86.98
81,86,85,85,94,86,91,82,89,93,94,83,84,90,95,93,93,94,86,91,89,90,85,89,94,83,80,85,91,94,88,80,86,81,95,90,88,88,94,90,88,95,83,89,95,94,80,84.0,88.33,87.33,90.0,89.67,93.33,88.67,88.0,85.67,90.0,84.67,88.67,89.6,89.0,92.0,87.0,87.42,89.92,87.83,87.64,89.33,88.43
91,86,92,81,90,82,92,80,93,89,90,82,86,87,83,82,85,85,80,95,87,85,89,92,92,88,91,88,84,94,82,86,84,80,91,91,90,87,91,80,95,93,82,93,86,93,95,89.67,84.33,88.33,87.0,85.33,84.0,87.33,88.67,90.33,88.67,84.0,87.33,88.6,87.5,89.5,94.0,87.33,86.33,89.5,86.64,90.33,88.03
94,81,94,92,92,86,82,83,81,86,90,85,80,87,86,88,92,81,86,88,81,91,81,86,87,82,80,81,88,91,84,87,95,84,87,86,92,87,91,80,88,94,87,86,88,87,93,89.67,90.0,82.0,87.0,84.33,87.0,85.0,86.0,83.0,86.67,88.67,85.67,87.6,90.5,87.0,90.0,87.17,85.58,84.83,87.31,89.17,86.81
92,88,92,83,88,85,82,82,88,81,86,83,88,93,85,91,80,87,92,86,83,87,89,90,89,85,81,84,83,93,89,92,83,89,92,90,80,93,90,86,92,87,94,85,81,92,93,90.67,85.33,84.0,83.33,88.67,86.0,87.0,88.67,85.0,86.67,88.0,90.33,88.2,90.5,83.0,92.5,85.83,87.58,85.83,88.84,88.67,87.35
89,90,83,87,95,93,86,93,92,93,80,86,80,86,86,92,84,86,90,89,88,84,86,90,92,86,80,86,84,93,87,80,84,93,81,93,90,86,84,92,85,82,91,94,95,94,94,87.33,91.67,90.33,86.33,84.0,87.33,89.0,86.67,86.0,87.67,83.67,89.0,87.4,86.5,94.5,94.0,88.92,86.75,86.83,86.69,91.67,88.17
87,94,92,83,80,84,86,83,93,88,83,90,86,89,82,92,91,80,81,81,89,82,83,80,85,94,93,91,84,86,87,95,86,82,82,83,85,93,89,90,95,85,82,89,90,94,85,91.0,82.33,87.33,87.0,85.67,87.67,83.67,81.67,90.67,87.0,89.33,82.33,90.4,83.5,89.5,89.5,86.92,84.67,88.83,87.36,87.5,87.05
88,91,81,87,81,88,83,85,87,91,81,88,84,81,91,92,91,93,90,84,85,83,90,91,95,88,89,91,85,84,87,87,80,83,80,80,88,92,93,82,90,90,93,83,80,83,89,86.67,85.33,85.0,86.67,85.33,92.0,86.33,88.0,90.67,86.67,84.67,81.0,89.0,91.5,81.5,86.0,85.92,87.92,88.67,84.89,86.33,86.74
91,92,85,88,88,91,83,94,89,91,92,80,95,85,94,83,82,80,85,82,92,81,85,91,93,80,84,83,82,89,83,83,87,87,91,91,86,92,89,86,84,89,85,87,91,90,81,89.33,89.0,88.67,87.67,91.33,81.67,86.33,85.67,85.67,84.67,84.33,89.67,87.4,87.0,89.0,85.5,88.67,86.25,85.17,87.13,87.17,86.88
89,86,91,83,85,94,95,91,82,93,92,91,90,89,92,91,90,89,81,90,88,87,88,95,88,95,82,87,86,84,83,95,81,91,90,85,83,80,83,84,92,85,88,90,87,87,94,88.67,87.33,89.33,92.0,90.33,90.0,86.33,90.0,88.33,85.67,86.33,88.67,84.4,86.5,88.5,90.5,89.33,89.17,87.0,86.47,88.5,88.09
93,86,86,81,84,90,85,87,88,90,95,87,94,92,93,81,93,81,80,89,81,91,83,82,90,93,90,85,94,91,83,86,90,85,80,81,84,91,88,85,87,91,91,93,86,89,80,88.33,85.0,86.67,90.67,93.0,85.0,83.33,85.33,91.0,90.0,86.33,82.0,87.0,91.0,89.5,84.5,87.67,86.67,90.5,85.11,88.33,87.66
87,95,91,95,80,84,85,86,81,80,94,93,90,86,94,88,84,87,83,93,85,90,86,91,83,95,88,86,87,87,92,83,88,86,83,93,85,92,88,83,94,81,85,83,91,81,88,91.0,86.33,84.0,89.0,90.0,86.33,87.0,89.0,88.67,86.67,87.67,87.33,88.4,83.0,87.0,84.5,87.58,88.08,87.67,87.8,84.83,87.19
87,83,85,83,81,87,92,86,88,87,94,82,94,87,81,86,81,94,89,84,82,83,81,89,91,91,94,94,82,95,84,95,83,81,86,92,91,95,87,88,92,91,94,95,91,81,87,85.0,83.67,88.67,87.67,87.33,87.0,85.0,84.33,92.0,90.33,87.33,86.33,90.6,92.5,93.0,84.0,86.25,85.92,91.17,88.09,89.83,88.25
85,88,89,85,90,89,94,83,81,88,81,91,88,85,88,90,90,92,93,87,90,85,95,91,93,92,82,95,87,80,80,87,86,81,86,83,80,90,80,80,92,89,87,86,92,95,92,87.33,88.0,86.0,86.67,87.0,90.67,90.0,90.33,89.0,87.33,84.33,83.33,84.4,88.0,89.0,93.5,87.0,89.5,88.17,84.02,90.17,87.77
90,87,81,84,83,92,92,94,89,85,91,88,80,82,88,81,86,92,92,92,92,93,89,92,92,91,91,90,80,82,94,88,92,94,80,85,92,91,92,87,80,95,81,93,86,88,91,86.0,86.33,91.67,88.0,83.33,86.33,92.0,91.33,91.33,84.0,91.33,86.33,88.4,88.0,89.5,89.5,88.0,88.25,87.67,88.69,89.0,88.32
94,85,88,88,80,94,82,94,82,93,82,82,95,80,80,93,90,86,88,91,83,90,85,82,95,91,84,89,91,87,95,93,89,87,80,84,87,80,90,95,85,89,91,88,88,88,88,89.0,87.33,86.0,85.67,85.0,89.67,87.33,85.67,90.0,89.0,92.33,83.67,87.4,90.0,88.0,88.0,87.0,86.92,89.5,87.8,88.67,87.98
88,80,81,81,92,81,92,92,85,92,83,90,92,89,89,82,86,83,82,91,80,82,80,89,95,93,80,81,86,81,95,86,92,86,94,89,88,84,88,92,95,91,85,95,85,90,93,83.0,84.67,89.67,88.33,90.0,83.67,84.33,83.67,89.33,82.67,91.0,89.67,89.4,88.0,90.0,91.5,86.42,85.42,86.0,90.02,89.83,87.54
90,81,85,93,90,81,82,83,81,93,92,81,93,89,94,80,90,88,87,82,93,82,83,83,92,80,92,94,84,85,81,87,95,85,91,90,89,86,87,81,85,83,90,95,85,91,90,85.33,88.0,82.0,88.67,92.0,86.0,87.33,82.67,88.0,87.67,87.67,88.67,85.6,86.5,90.0,90.5,86.0,87.0,87.83,87.31,89.0,87.43
80,88,90,85,95,81,86,89,86,92,87,83,87,80,93,86,85,86,82,80,86,80,92,88,81,92,85,94,80,84,93,83,91,90,92,82,89,81,94,86,88,91,89,81,88,89,89,86.0,87.0,87.0,87.33,86.67,85.67,82.67,86.67,86.0,86.0,89.0,88.0,87.6,90.0,84.5,89.0,86.83,85.42,86.0,88.2,87.83,86.86
87,90,93,93,83,83,95,87,95,93,82,86,80,85,90,87,87,95,91,81,84,88,90,91,92,83,87,81,82,94,94,85,82,83,83,95,88,92,90,83,94,86,84,86,84,86,89,90.0,86.33,92.33,87.0,85.0,89.67,85.33,89.67,87.33,85.67,87.0,87.0,89.4,85.0,85.0,87.5,88.92,87.42,86.5,87.8,85.83,87.29
90,89,91,80,87,84,91,87,82,85,88,80,81,90,90,86,85,90,89,83,86,83,88,94,82,82,95,81,92,90,90,91,81,93,93,84,84,91,88,82,89,80,86,83,81,82,93,90.0,83.67,86.67,84.33,87.0,87.0,86.0,88.33,86.33,87.67,87.33,90.0,86.8,83.0,82.0,87.5,86.17,87.08,87.0,88.04,84.17,86.49
94,87,83,91,84,90,82,94,82,84,85,87,81,80,91,91,84,95,94,82,88,80,82,85,93,86,85,86,94,82,87,80,85,81,83,83,91,86,87,86,87,80,89,93,93,90,88,88.0,88.33,86.0,85.33,84.0,90.0,88.0,82.33,88.0,87.33,84.0,82.33,87.4,84.5,93.0,89.0,86.92,86.08,87.67,84.58,88.83,86.82
93,91,93,81,91,93,82,84,85,80,95,89,88,80,84,82,95,87,86,87,89,85,81,88,86,90,81,81,84,94,83,88,83,88,95,91,95,88,84,80,83,91,92,92,85,92,93,92.33,88.33,83.67,88.0,84.0,88.0,87.33,84.67,85.67,86.33,84.67,91.33,86.0,91.5,88.5,92.5,88.08,86.0,86.0,87.33,90.83,87.65
94,81,90,84,89,92,93,91,84,95,87,95,84,93,82,86,87,92,90,93,83,86,86,91,81,85,90,92,83,86,93,92,94,80,91,93,92,89,81,91,80,80,93,91,90,87,91,88.33,88.33,89.33,92.33,86.33,88.33,88.67,87.67,85.33,87.0,93.0,88.0,86.6,86.5,90.5,89.0,89.58,87.75,86.17,89.2,88.67,88.27
93,94,89,84,87,82,95,83,93,80,89,83,80,89,85,90,83,80,86,85,92,80,95,95,88,82,92,80,92,89,91,82,82,83,82,94,88,84,86,90,90,87,86,92,84,84,81,92.0,84.33,90.33,84.0,84.67,84.33,87.67,90.0,87.33,87.0,85.0,86.33,87.6,86.5,88.0,82.5,87.67,86.67,87.17,86.31,85.67,86.7
93,89,87,92,85,88,81,93,94,89,89,86,84,88,91,85,89,84,83,84,95,92,85,87,87,92,90,95,90,93,80,89,84,81,84,87,82,85,95,90,94,88,84,81,80,89,90,89.67,88.33,89.33,88.0,87.67,86.0,87.33,88.0,89.67,92.67,84.33,84.0,89.2,86.0,80.5,89.5,88.83,87.25,91.17,85.84,85.33,87.69
90,83,94,83,86,83,86,93,92,87,94,95,95,94,92,82,94,93,85,88,83,82,89,92,94,86,88,83,89,84,94,88,82,93,95,95,93,84,85,94,91,92,95,82,94,80,94,89.0,84.0,90.33,92.0,93.67,89.67,85.33,87.67,89.33,85.33,88.0,94.33,89.4,93.5,88.0,87.0,88.83,89.08,87.33,90.58,89.5,89.07
80,93,92,80,83,88,91,89,83,83,95,94,95,91,84,82,94,92,81,92,89,93,81,85,80,95,85,92,90,91,82,83,94,95,89,87,86,81,95,91,94,90,85,95,85,90,80,88.33,83.67,87.67,90.67,90.0,89.33,87.33,86.33,86.67,91.0,86.33,90.33,89.4,87.5,90.0,85.0,87.58,88.25,88.83,88.69,87.5,88.17
80,88,81,93,82,94,84,92,94,83,95,91,95,86,82,87,85,86,88,86,93,89,89,89,83,85,87,90,91,82,80,94,87,95,84,85,84,81,90,89,82,93,90,91,86,90,83,83.0,89.67,90.0,89.67,87.67,86.0,89.0,89.0,85.0,87.67,87.0,88.0,85.2,91.5,88.5,86.5,88.08,87.92,86.33,86.73,88.83,87.58
87,81,91,91,80,80,86,88,86,82,93,84,81,81,94,89,90,91,81,90,81,93,85,86,90,86,86,92,93,95,92,86,88,88,93,95,91,82,89,95,82,93,87,82,84,89,90,86.33,83.67,86.67,86.33,85.33,90.0,84.0,88.0,87.33,93.33,88.67,92.0,87.8,90.0,83.0,89.5,85.75,86.83,90.33,89.49,87.5,87.98
87,89,85,91,92,81,83,86,87,85,93,90,93,91,89,94,87,93,85,90,87,86,87,80,85,92,88,93,82,86,87,88,81,92,84,95,90,82,91,92,94,84,80,85,91,80,83,87.0,88.0,85.33,89.33,91.0,91.33,87.33,84.33,88.33,87.0,85.33,90.33,89.8,82.0,88.0,81.5,87.42,88.5,87.67,88.49,83.83,87.18
94,80,95,84,81,85,90,90,88,89,92,95,82,89,93,95,95,83,86,82,85,92,86,81,91,87,93,84,91,92,89,87,82,82,83,88,86,83,88,89,93,88,80,95,92,81,91,89.67,83.33,89.33,92.0,88.0,91.0,84.33,86.33,90.33,89.0,86.0,84.33,87.8,84.0,93.5,86.0,88.58,87.42,89.67,86.04,87.83,87.91
93,95,91,94,84,89,95,90,81,91,89,80,83,88,91,84,95,84,84,88,85,83,82,89,89,91,86,84,88,90,92,83,81,94,93,91,87,88,88,80,88,93,91,84,89,88,89,93.0,89.0,88.67,86.67,87.33,87.67,85.67,84.67,88.67,87.33,85.33,92.67,86.2,92.0,86.5,88.5,89.33,86.33,88.0,88.07,89.0,88.15
86,84,82,90,92,83,83,90,91,84,94,90,83,88,95,80,87,93,92,91,91,88,90,86,84,89,89,92,86,94,84,85,94,81,94,95,83,80,87,81,81,95,89,84,88,85,93,84.0,88.33,88.0,89.33,88.67,86.67,91.33,88.0,87.33,90.67,87.67,90.0,82.4,92.0,86.0,89.0,87.42,88.67,89.0,86.69,89.0,88.15
93,94,85,86,94,84,89,88,87,91,93,84,83,89,91,91,86,92,84,92,84,93,95,91,83,95,87,87,89,82,88,88,87,90,90,94,86,85,84,95,89,84,92,93,80,92,83,90.67,88.0,88.0,89.33,87.67,89.67,86.67,93.0,88.33,86.0,87.67,91.33,87.8,88.0,86.5,87.5,89.0,89.25,87.17,88.93,87.33,88.34
88,92,90,88,84,91,82,85,84,94,90,82,88,93,84,80,82,92,89,94,88,87,95,81,87,93,80,89,92,82,82,88,89,94,87,86,95,81,94,84,80,86,84,92,93,87,94,90.0,87.67,83.67,88.67,88.33,84.67,90.33,87.67,86.67,87.67,86.33,89.0,86.8,85.0,92.5,90.5,87.5,87.75,87.17,87.38,89.33,87.83
88,83,94,90,82,90,82,92,95,94,80,89,86,86,80,90,85,95,80,95,95,84,83,94,84,89,90,93,94,82,91,95,93,84,92,93,94,80,85,80,89,84,93,80,84,95,93,88.33,87.33,89.67,87.67,84.0,90.0,90.0,87.0,87.67,89.67,93.0,89.67,85.6,88.5,82.0,94.0,88.25,87.75,88.67,89.42,88.17,88.45
91,95,81,86,94,85,91,94,90,92,84,88,82,83,90,93,81,95,85,91,85,92,91,90,87,85,82,82,91,93,90,84,89,83,91,83,85,86,93,90,89,85,88,85,91,84,90,89.0,88.33,91.67,88.0,85.0,89.67,87.0,91.0,84.67,88.67,87.67,85.67,88.6,86.5,88.0,87.0,89.25,88.17,86.67,87.31,87.17,87.71
94,83,92,80,88,91,83,94,81,81,88,81,93,88,95,91,86,95,88,90,84,90,93,94,94,92,91,84,80,89,80,85,89,92,88,86,85,83,92,90,81,94,91,90,83,94,87,89.67,86.33,86.0,83.33,92.0,90.67,87.33,92.33,92.33,84.33,84.67,88.67,86.2,92.5,86.5,90.5,86.33,90.58,88.33,86.51,89.83,88.32
86,82,80,95,80,92,84,82,90,95,95,87,88,89,90,94,80,92,82,85,85,82,94,82,89,83,80,86,85,89,88,91,86,89,88,93,95,80,85,90,85,87,90,82,80,92,81,82.67,89.0,85.33,92.33,89.0,88.67,84.0,86.0,84.0,86.67,88.33,90.0,87.0,88.5,81.0,86.5,87.33,86.92,85.33,88.44,85.33,86.67
93,90,80,83,85,81,80,80,83,90,83,86,82,83,80,88,93,89,83,81,87,88,81,83,81,91,83,90,90,91,93,92,88,92,80,83,87,89,83,91,92,80,89,81,95,89,83,87.67,83.0,81.0,86.33,81.67,90.0,83.67,84.0,85.0,90.33,91.0,85.0,88.4,84.5,88.0,86.0,84.5,84.83,87.67,88.13,86.17,86.26
86,86,95,84,86,83,86,85,80,93,83,89,89,85,90,80,87,95,93,89,92,83,86,91,91,86,93,89,86,90,80,91,84,85,86,88,90,80,95,91,90,91,88,92,87,93,89,89.0,84.33,83.67,88.33,88.0,87.33,91.33,86.67,90.0,88.33,85.0,86.33,89.2,89.5,89.5,91.0,86.33,88.33,89.17,86.84,90.0,88.14
80,92,94,90,84,95,89,92,81,80,91,88,90,86,86,88,84,82,86,82,81,93,92,91,93,85,87,88,81,87,83,95,87,81,90,89,83,90,89,85,91,81,89,85,86,81,94,88.67,89.67,87.33,86.33,87.33,84.67,83.0,92.0,88.33,85.33,88.33,86.67,87.6,85.0,85.5,87.5,88.0,86.75,86.83,87.53,86.0,87.02
87,94,88,94,90,84,81,90,87,95,81,82,87,82,91,91,94,90,92,87,89,85,90,82,83,86,90,93,92,84,92,86,88,84,93,93,86,90,91,91,83,89,94,85,92,88,80,89.67,89.33,86.0,86.0,86.67,91.67,89.33,85.67,86.33,89.67,88.67,90.0,88.2,91.5,88.5,84.0,87.75,88.33,88.0,88.96,88.0,88.21
91,91,80,91,89,93,80,95,90,91,89,88,84,94,87,91,88,81,84,85,80,81,86,85,90,80,91,90,88,93,93,81,81,95,92,85,80,80,82,93,94,83,88,86,86,94,83,87.33,91.0,88.33,89.33,88.33,86.67,83.0,84.0,87.0,90.33,85.0,90.67,85.8,85.5,86.0,88.5,89.0,85.5,88.67,87.16,86.67,87.4
89,92,84,84,83,89,82,89,90,80,91,81,91,86,95,91,91,92,83,84,93,88,92,83,81,94,92,92,90,91,83,81,80,81,94,89,84,86,87,90,83,89,84,94,80,81,88,88.33,85.33,87.0,84.0,90.67,91.33,86.67,87.67,89.0,91.0,81.33,88.0,86.0,86.5,87.0,84.5,86.17,89.08,90.0,85.11,86.0,87.27
89,89,92,80,86,82,94,89,80,93,88,84,87,87,94,84,85,91,91,84,88,86,85,87,95,86,94,89,89,95,87,82,93,80,92,90,89,87,81,93,88,83,92,86,82,95,94,90.0,82.67,87.67,88.33,89.33,86.67,87.67,86.0,91.67,91.0,87.33,87.33,87.6,87.5,84.0,94.5,87.17,87.42,91.33,87.42,88.67,88.4
88,82,83,94,85,90,85,89,85,92,86,92,85,83,82,84,83,91,82,83,84,82,94,92,81,82,86,80,81,86,95,89,86,84,85,91,93,88,95,93,93,83,88,92,85,93,89,84.33,89.67,86.33,90.0,83.33,86.0,83.0,89.33,83.0,82.33,90.0,86.67,92.4,85.5,88.5,91.0,87.58,85.42,82.67,89.69,88.33,86.74
95,82,95,84,80,95,93,89,80,86,87,93,83,95,90,91,95,81,91,89,95,89,84,92,82,89,82,90,80,80,90,83,91,91,87,88,89,88,82,93,88,81,82,80,82,87,91,90.67,86.33,87.33,88.67,89.33,89.0,91.67,88.33,84.33,83.33,88.0,88.67,88.0,81.5,81.0,89.0,88.25,89.58,83.83,88.22,83.83,86.74
91,92,84,84,89,89,93,86,80,87,86,91,87,88,86,93,85,89,93,84,90,92,93,81,95,80,83,90,83,87,81,89,86,95,81,94,86,91,86,82,93,87,92,81,90,80,95,89.0,87.33,86.33,88.0,87.0,89.0,89.0,88.67,86.0,86.67,85.33,90.0,87.6,89.5,85.5,87.5,87.67,88.42,86.33,87.64,87.5,87.51
83,88,92,92,83,89,95,89,92,89,95,89,94,82,82,88,94,94,83,84,81,88,92,87,80,84,89,82,83,82,84,82,87,85,82,80,86,80,94,84,92,86,87,80,93,83,93,87.67,88.0,92.0,91.0,86.0,92.0,82.67,89.0,84.33,82.33,84.33,82.33,87.2,86.5,86.5,88.0,89.67,87.42,83.33,84.62,87.0,86.41
83,94,83,93,93,81,91,84,88,86,85,86,86,80,87,80,89,91,81,80,95,88,88,89,91,86,94,90,82,87,80,93,92,93,86,94,89,80,80,95,87,89,82,88,92,87,88,86.67,89.0,87.67,85.67,84.33,86.67,85.33,88.33,90.33,86.33,88.33,91.0,86.2,85.5,90.0,87.5,87.25,86.17,88.33,88.51,87.67,87.59
91,82,92,89,95,80,91,85,82,94,91,91,94,81,87,95,89,87,95,81,90,92,88,92,91,82,93,85,80,93,91,81,81,80,87,87,82,84,89,90,80,90,85,93,85,82,92,88.33,88.0,86.0,92.0,87.33,90.33,88.67,90.67,88.67,86.0,84.33,84.67,85.0,87.5,89.0,87.0,88.58,89.25,87.33,84.67,87.83,87.53
83,86,80,81,95,89,84,89,92,89,91,93,83,82,90,91,90,89,91,92,95,80,83,83,95,90,91,81,83,90,81,88,81,93,90,86,94,83,88,83,81,94,90,91,86,85,89,83.0,88.33,88.33,91.0,85.0,90.0,92.67,82.0,92.0,84.67,83.33,89.67,85.8,92.0,88.5,87.0,87.67,87.42,88.33,86.27,89.17,87.77
93,93,80,86,81,93,86,86,84,88,82,81,88,93,95,90,89,93,81,94,93,84,92,87,85,85,86,93,91,81,88,82,94,86,82,88,82,89,93,89,86,91,84,83,84,84,94,88.67,86.67,85.33,83.67,92.0,90.67,89.33,87.67,85.33,88.33,88.0,85.33,87.8,87.5,83.5,89.0,86.08,89.92,86.83,87.04,86.67,87.31
85,85,80,95,85,90,94,93,80,90,80,94,86,83,90,95,86,80,84,86,88,89,92,85,83,82,84,95,95,90,81,88,85,93,81,81,92,94,82,92,80,81,82,86,89,92,90,83.33,90.0,89.0,88.0,86.33,87.0,86.0,88.67,83.0,93.33,84.67,85.0,88.0,81.5,87.5,91.0,87.58,87.0,88.17,85.89,86.67,87.06
89,94,93,86,80,93,91,86,91,86,93,85,91,87,82,80,94,82,91,89,80,94,92,91,91,84,81,84,82,90,84,81,87,91,88,95,85,82,85,93,86,90,89,80,86,88,80,92.0,86.33,89.33,88.0,86.67,85.33,86.67,92.33,85.33,85.33,84.0,91.33,86.2,89.5,83.0,84.0,88.92,87.75,85.33,87.18,85.5,86.94
95,94,84,89,94,83,86,95,89,95,80,85,83,91,90,93,82,83,83,90,92,87,89,88,94,90,92,85,92,90,90,93,82,84,86,91,95,86,89,89,85,93,83,90,84,84,85,91.0,88.67,90.0,86.67,88.0,86.0,88.33,88.0,92.0,89.0,88.33,87.0,88.8,88.0,87.0,84.5,89.08,87.58,90.5,88.04,86.5,88.34
86,81,90,93,82,95,83,88,94,80,82,91,95,85,86,80,93,86,82,82,95,90,82,83,83,81,85,87,82,85,88,93,90,86,94,92,82,84,82,80,87,83,83,87,80,92,90,85.67,90.0,88.33,84.33,88.67,86.33,86.33,85.0,83.0,84.67,90.33,90.67,83.0,83.0,83.5,91.0,87.08,86.58,83.83,88.0,85.83,86.27
89,86,91,82,95,86,85,80,84,86,93,83,88,90,83,95,86,95,82,95,87,84,89,83,90,93,85,89,81,81,94,89,92,89,82,91,93,94,92,82,90,86,93,80,90,87,81,88.67,87.67,83.0,87.33,87.0,92.0,88.0,85.33,89.33,83.67,91.67,87.33,90.2,89.5,85.0,84.0,86.67,88.08,86.5,89.73,86.17,87.43
88,94,80,95,90,92,93,92,94,84,83,80,82,88,91,86,81,83,87,85,93,92,84,95,80,90,94,84,92,92,91,87,89,93,82,81,86,80,85,80,88,80,80,95,93,88,85,87.33,92.33,93.0,82.33,87.0,83.33,88.33,90.33,88.0,89.33,89.0,85.33,83.8,80.0,94.0,86.5,88.75,87.25,88.67,86.04,86.83,87.51
81,84,83,90,89,89,83,95,84,91,94,90,87,82,92,90,86,86,87,91,91,84,81,85,88,84,90,80,87,93,82,93,88,92,95,83,85,91,88,91,92,81,82,81,84,94,81,82.67,89.33,87.33,91.67,87.0,87.33,89.67,83.33,87.33,86.67,87.67,90.0,89.4,81.5,82.5,87.5,87.75,86.83,87.0,89.02,83.83,86.89
94,88,91,85,89,85,95,89,80,88,91,86,88,82,94,82,90,93,81,92,84,89,84,88,92,90,89,81,82,85,82,95,85,81,85,91,83,82,90,85,95,82,81,91,92,95,95,91.0,86.33,88.0,88.33,88.0,88.33,85.67,87.0,90.33,82.67,87.33,85.67,87.0,81.5,91.5,95.0,88.42,87.25,86.5,86.67,89.33,87.63
86,85,81,95,83,86,95,86,86,80,81,89,88,86,92,87,93,94,87,92,84,87,85,91,86,90,85,86,93,91,83,86,80,85,84,80,85,90,85,90,86,87,93,84,95,82,90,84.0,88.0,89.0,83.33,88.67,91.33,87.67,87.67,87.0,90.0,83.0,83.0,87.2,90.0,89.5,86.0,86.08,88.83,88.5,84.4,88.5,87.26
91,84,93,92,86,88,84,95,86,88,85,86,92,84,88,84,85,80,87,89,92,87,87,89,88,94,80,92,87,82,93,93,86,93,84,86,90,88,84,81,83,89,94,91,92,92,90,89.33,88.67,88.33,86.33,88.0,83.0,89.33,87.67,87.33,87.0,90.67,87.67,85.2,91.5,91.5,91.0,88.17,87.0,87.17,87.84,91.33,88.3
86,87,93,84,88,95,91,80,94,90,95,91,93,80,90,85,93,93,85,95,88,89,88,84,84,92,85,90,86,91,80,93,89,84,87,80,89,93,80,93,95,80,94,92,94,94,94,88.67,89.0,88.33,92.0,87.67,90.33,89.33,87.0,87.0,89.0,87.33,83.67,90.0,87.0,93.0,94.0,89.5,88.58,88.0,87.0,91.33,88.88
90,94,95,81,92,94,82,83,80,88,92,95,81,88,84,84,95,88,93,89,94,90,80,92,86,83,87,92,89,93,89,82,90,82,94,89,88,88,84,88,95,84,94,93,84,90,92,93.0,89.0,81.67,91.67,84.33,89.0,92.0,87.33,85.33,91.33,87.0,88.33,88.6,89.0,88.5,91.0,88.83,88.17,88.33,87.98,89.5,88.56
85,82,88,89,83,95,80,87,93,80,93,87,82,80,94,92,80,88,92,91,91,95,83,91,81,82,84,80,82,80,86,93,86,87,95,93,92,86,91,91,94,93,90,84,86,88,92,85.0,89.0,86.67,86.67,85.33,86.67,91.33,89.67,82.33,80.67,88.33,91.67,90.8,91.5,85.0,90.0,86.83,88.25,81.5,90.27,88.83,87.14
80,90,92,81,85,84,92,83,93,84,95,86,87,84,89,94,90,84,80,89,80,84,93,92,89,91,85,87,80,83,84,93,94,86,90,88,88,86,90,85,93,87,87,83,91,84,92,87.33,83.33,89.33,88.33,86.67,89.33,83.0,89.67,88.33,83.33,90.33,88.0,88.4,87.0,87.0,88.0,87.08,87.17,85.83,88.91,87.33,87.27
88,93,88,93,82,94,93,81,91,82,86,95,83,80,82,94,93,95,84,87,90,87,89,87,94,87,93,91,80,94,88,86,87,85,82,83,81,85,80,91,91,87,82,92,92,83,83,89.67,89.67,88.33,87.67,81.67,94.0,87.0,87.67,91.33,88.33,87.0,83.33,85.6,84.5,92.0,83.0,88.83,87.58,89.83,85.31,86.5,87.61
91,91,86,94,91,87,95,90,92,92,94,80,95,92,85,83,90,80,93,85,88,94,84,90,86,81,90,92,86,95,81,82,93,81,82,82,85,90,81,82,85,92,85,94,89,81,80,89.33,90.67,92.33,88.67,90.67,84.33,88.67,89.33,85.67,91.0,85.33,81.67,84.6,88.5,91.5,80.5,90.25,88.25,88.33,83.87,86.83,87.51
94,85,92,90,92,82,88,80,92,84,92,84,90,89,95,82,88,92,85,85,90,86,89,95,87,87,80,94,93,85,92,87,84,83,93,84,89,87,95,93,93,82,84,88,95,86,86,90.33,88.0,86.67,86.67,91.33,87.33,86.67,90.0,84.67,90.67,87.67,86.67,91.4,83.0,91.5,86.0,87.92,88.83,87.67,88.58,86.83,87.97
95,89,91,85,91,81,93,87,87,87,84,95,86,94,84,82,84,90,86,83,84,82,87,88,86,94,89,92,80,82,83,82,82,95,83,92,83,84,89,93,86,85,89,81,95,81,85,91.67,85.67,89.0,88.67,88.0,85.33,84.33,85.67,89.67,84.67,82.33,90.0,87.0,87.0,88.0,83.0,88.75,85.83,87.17,86.44,86.0,86.84
80,86,84,91,92,85,92,95,92,90,81,90,94,92,92,89,84,93,83,91,86,95,80,92,93,81,80,88,92,86,85,88,82,84,84,88,88,80,89,88,86,89,88,82,85,81,82,83.33,89.33,93.0,87.0,92.67,88.67,86.67,89.0,84.67,88.67,85.0,85.33,86.2,88.5,83.5,81.5,88.17,89.25,86.67,85.51,84.5,86.82
83,87,93,83,87,88,87,82,87,83,81,83,88,85,94,83,83,87,90,88,91,90,82,86,92,90,92,84,84,88,80,93,88,84,82,85,87,82,87,88,93,88,90,95,87,89,95,87.67,86.0,85.33,82.33,89.0,84.33,89.67,86.0,91.33,85.33,87.0,83.67,87.4,89.0,91.0,92.0,85.33,87.25,88.33,86.02,90.67,87.52
80,81,94,81,86,90,93,88,94,81,93,87,86,89,85,87,88,82,92,82,88,90,93,87,80,85,80,88,91,81,94,90,81,86,82,94,94,85,94,95,90,82,94,81,87,86,83,85.0,85.67,91.67,87.0,86.67,85.67,87.33,90.0,81.67,86.67,88.33,87.33,91.6,88.0,84.0,84.5,87.33,87.42,84.17,89.09,85.5,86.7
94,80,81,84,82,86,92,88,81,87,92,88,91,93,80,90,86,95,83,93,92,88,93,91,85,80,94,82,89,80,92,86,85,81,84,84,82,85,94,87,85,86,81,91,94,92,82,85.0,84.0,87.0,89.0,88.0,90.33,89.33,90.67,86.33,83.67,87.67,83.0,86.6,83.5,92.5,87.0,86.25,89.58,85.0,85.76,87.67,86.85
93,86,95,91,91,89,90,84,90,92,88,91,82,92,90,90,90,82,93,82,82,95,93,92,88,86,89,89,82,95,87,84,92,93,91,82,84,81,80,86,85,88,91,86,81,82,92,91.33,90.33,88.0,90.33,88.0,87.33,85.67,93.33,87.67,88.67,87.67,88.67,83.2,89.5,83.5,87.0,90.0,88.58,88.17,86.51,86.67,87.99
83,93,94,91,88,83,90,88,95,82,86,82,88,86,83,84,80,91,84,81,81,88,84,94,95,91,86,80,94,91,95,91,83,93,92,93,86,85,89,91,84,88,91,94,92,93,84,90.0,87.33,91.0,83.33,85.67,85.0,82.0,88.67,90.67,88.33,89.67,92.67,87.0,89.5,93.0,88.5,87.92,85.33,89.5,89.78,90.33,88.57
86,81,95,81,90,90,81,91,84,82,93,82,95,80,94,80,85,84,95,85,93,94,91,90,88,81,83,84,81,87,93,85,88,87,86,92,83,81,88,85,86,90,94,91,95,88,94,87.33,87.0,85.33,85.67,89.67,83.0,91.0,91.67,84.0,84.0,88.67,88.33,84.6,92.0,93.0,91.0,86.33,88.83,84.0,87.2,92.0,87.67
83,81,92,92,84,81,89,85,88,83,80,94,85,95,93,86,90,85,89,82,88,84,82,90,88,94,91,82,83,86,86,85,81,81,89,82,86,93,95,86,95,87,88,95,89,83,90,85.33,85.67,87.33,85.67,91.0,87.0,86.33,85.33,91.0,83.67,84.0,84.0,91.0,87.5,92.0,86.5,86.0,87.42,87.33,86.33,88.67,87.15
93,81,88,85,86,94,91,95,91,94,85,89,94,85,85,91,84,81,88,82,93,82,93,82,83,90,91,81,85,89,89,82,81,88,92,94,95,81,89,87,90,92,87,80,93,90,84,87.33,88.33,92.33,89.33,88.0,85.33,87.67,85.67,88.0,85.0,84.0,91.33,88.4,89.5,86.5,87.0,89.33,86.67,86.5,87.91,87.67,87.62
93,88,80,93,88,80,86,90,85,90,95,86,86,95,88,82,83,83,94,84,84,81,93,81,92,80,91,82,84,88,92,88,89,91,94,93,81,95,86,84,83,88,86,94,87,85,89,87.0,87.0,87.0,90.33,89.67,82.67,87.33,85.0,87.67,84.67,89.67,92.67,85.8,87.0,90.5,87.0,87.83,86.17,86.17,89.38,88.17,87.54
94,91,86,81,82,91,85,82,80,85,95,84,95,91,80,88,91,87,88,88,93,80,93,92,92,89,86,92,92,83,84,85,95,90,89,80,85,93,89,91,84,91,81,91,94,80,80,90.33,84.67,82.33,88.0,88.67,88.67,89.67,88.33,89.0,89.0,88.0,86.33,88.4,86.0,92.5,80.0,86.33,88.83,89.0,87.58,86.17,87.58
91,91,85,94,80,91,87,86,86,80,92,87,85,80,83,91,86,92,92,83,90,95,89,93,84,92,82,87,83,90,90,93,82,84,94,93,90,86,91,90,85,84,83,94,82,93,84,89.0,88.33,86.33,86.33,82.67,89.67,88.33,92.33,86.0,86.67,88.33,90.33,88.4,83.5,88.0,88.5,87.5,88.25,86.33,89.02,86.67,87.55
95,89,95,92,88,93,93,88,80,88,80,88,86,85,81,88,81,95,90,87,85,91,93,86,91,94,88,86,80,87,89,82,93,93,91,83,87,88,85,84,89,84,89,95,90,82,89,93.0,91.0,87.0,85.33,84.0,88.0,87.33,90.0,91.0,84.33,88.0,89.0,86.6,86.5,92.5,85.5,89.08,87.33,87.67,87.87,88.17,88.02
94,93,95,89,93,88,83,93,95,90,82,91,84,93,83,85,80,83,84,84,91,85,91,84,88,92,86,95,80,80,80,95,95,92,80,84,91,80,89,88,93,82,91,92,88,84,85,94.0,90.0,90.33,87.67,86.67,82.67,86.33,86.67,88.67,85.0,90.0,85.33,88.2,86.5,90.0,84.5,90.5,85.58,86.83,87.84,87.0,87.55
83,95,87,89,93,91,94,94,93,87,84,90,86,95,92,83,80,80,90,83,86,87,90,84,95,93,80,92,91,82,89,82,94,82,81,90,88,82,82,95,95,81,95,86,87,91,82,88.33,91.0,93.67,87.0,91.0,81.0,86.33,87.0,89.33,88.33,88.33,84.33,88.4,88.0,86.5,86.5,90.0,86.33,88.83,87.02,87.0,87.84
92,93,94,80,93,93,95,83,84,82,94,85,92,80,94,92,82,94,85,89,92,94,85,86,94,93,86,93,82,92,81,85,88,90,87,89,88,93,92,84,85,88,85,90,95,85,94,93.0,88.67,87.33,87.0,88.67,89.33,88.67,88.33,91.0,89.0,84.67,88.67,88.4,86.5,92.5,89.5,89.0,88.75,90.0,87.24,89.5,88.9
86,89,87,85,80,88,92,81,95,94,94,91,95,94,82,88,84,84,82,93,93,94,94,92,87,88,88,88,91,84,82,87,82,87,89,89,81,82,91,88,93,90,87,83,91,85,82,87.33,84.33,89.33,93.0,90.33,85.33,89.33,93.33,87.67,87.67,83.67,88.33,87.0,88.5,87.0,83.5,88.5,89.58,87.67,86.33,86.33,87.68
89,91,84,95,81,87,84,83,93,91,88,89,83,88,81,81,86,80,93,82,93,92,92,84,91,80,85,82,85,86,83,82,88,89,82,80,84,95,84,82,88,80,88,95,90,84,83,88.0,87.67,86.67,89.33,84.0,82.33,89.33,89.33,85.33,84.33,84.33,83.67,86.6,84.0,92.5,83.5,87.92,86.25,84.83,84.87,86.67,86.11
90,80,86,92,82,91,83,93,86,92,92,87,93,84,92,81,89,85,86,91,80,81,84,85,80,87,91,94,93,81,85,86,88,91,85,86,94,93,87,95,84,86,85,86,89,87,82,85.33,88.33,87.33,90.33,89.67,85.0,85.67,83.33,86.0,89.33,86.33,87.33,90.6,85.5,87.5,84.5,87.83,85.92,87.67,88.09,85.83,87.07
89,95,91,91,90,95,91,81,84,94,87,86,91,82,85,83,87,82,87,83,92,89,95,93,86,92,95,88,89,89,90,91,95,91,94,87,83,94,91,87,91,91,80,82,87,89,89,91.67,92.0,85.33,89.0,86.0,84.0,87.33,92.33,91.0,88.67,92.0,90.67,89.2,85.5,84.5,89.0,89.5,87.42,89.83,90.62,86.33,88.74
94,80,89,91,81,84,81,92,81,92,95,86,80,80,94,84,91,88,84,88,94,95,90,80,85,87,92,81,90,81,90,89,80,82,92,83,95,95,88,86,93,87,80,87,82,88,93,87.67,85.33,84.67,91.0,84.67,87.67,88.67,88.33,88.0,84.0,86.33,85.67,91.4,83.5,84.5,90.5,87.17,87.33,86.0,87.8,86.17,86.89
90,95,92,86,92,87,81,90,94,94,84,86,85,89,87,94,80,85,92,81,94,93,84,85,92,95,92,86,95,93,80,87,85,82,85,91,86,94,95,93,89,92,87,82,80,88,92,92.33,88.33,88.33,88.0,87.0,86.33,89.0,87.33,93.0,91.33,84.0,86.0,91.4,89.5,81.0,90.0,89.25,87.42,92.17,87.13,86.83,88.56
86,90,95,80,91,88,87,89,81,80,85,93,83,87,91,82,85,84,92,93,94,81,88,83,88,91,89,92,92,89,92,85,91,80,86,83,91,93,92,86,85,82,89,94,85,92,93,90.33,86.33,85.67,86.0,87.0,83.67,93.0,84.0,89.33,91.0,89.33,83.0,89.4,85.5,89.5,92.5,87.08,86.92,90.17,87.24,89.17,88.12
93,92,86,88,81,84,84,82,91,83,80,93,89,82,85,91,87,80,86,85,95,80,90,94,89,91,92,81,95,89,90,80,83,90,95,88,90,95,89,91,93,84,91,90,95,92,80,90.33,84.33,85.67,85.33,85.33,86.0,88.67,88.0,90.67,88.33,84.33,91.0,91.6,87.5,92.5,86.0,86.42,87.0,89.5,88.98,88.67,88.11
95,80,81,80,80,90,89,86,90,85,81,92,91,93,87,87,90,82,90,94,86,80,80,85,84,84,88,86,84,82,80,88,91,90,90,86,91,86,93,82,81,85,92,92,92,86,82,85.33,83.33,88.33,86.0,90.33,86.33,90.0,81.67,85.33,84.0,86.33,88.67,86.6,88.5,92.0,84.0,85.75,87.08,84.67,87.2,88.17,86.57
80,93,88,90,87,82,92,82,88,80,81,95,93,94,83,87,95,94,94,88,89,93,90,82,87,85,84,83,84,83,94,89,85,86,93,84,80,82,92,89,85,95,83,95,95,80,82,87.0,86.33,87.33,85.33,90.0,92.0,90.33,88.33,85.33,83.33,89.33,87.67,85.6,89.0,95.0,81.0,86.5,90.17,84.33,87.53,88.33,87.37
82,91,93,86,82,94,86,85,86,81,82,83,81,89,84,86,85,81,81,94,85,94,92,88,95,95,85,87,90,90,81,81,82,83,91,91,82,81,85,93,83,85,87,88,95,85,86,88.67,87.33,85.67,82.0,84.67,84.0,86.67,91.33,91.67,89.0,81.33,88.33,84.8,86.0,91.5,85.5,85.92,86.67,90.33,84.82,87.67,87.08
95,89,81,90,90,85,86,89,81,95,81,83,92,87,90,83,81,95,94,84,86,83,91,83,87,92,92,85,80,88,91,88,92,87,93,91,95,82,82,94,85,95,80,95,87,83,95,88.33,88.33,85.33,86.33,89.67,86.33,88.0,85.67,90.33,84.33,90.33,90.33,87.6,87.5,91.0,89.0,87.08,87.42,87.33,89.42,89.17,88.08
81,88,94,89,81,81,94,86,88,85,94,89,83,87,85,92,91,81,81,86,89,86,90,81,85,82,81,82,93,87,95,92,95,93,94,91,85,92,95,88,84,82,92,89,84,81,88,87.67,83.67,89.33,89.33,85.0,88.0,85.33,85.67,82.67,87.33,94.0,92.67,88.8,87.0,86.5,84.5,87.5,86.0,85.0,91.82,86.0,87.26
80,86,89,82,84,94,94,91,94,95,82,80,90,81,95,87,86,80,81,81,83,80,95,84,91,80,86,93,91,89,90,84,88,83,90,81,84,87,88,85,90,93,91,92,93,85,88,85.0,86.67,93.0,85.67,88.67,84.33,81.67,86.33,85.67,91.0,87.33,84.67,86.8,92.0,92.5,86.5,87.58,85.25,88.33,86.27,90.33,87.55
86,94,95,90,88,80,88,81,88,92,84,89,83,93,90,85,86,93,89,83,82,91,94,80,94,89,81,81,86,83,84,80,92,91,94,94,87,88,90,85,94,80,81,89,81,80,87,91.67,86.0,85.67,88.33,88.67,88.0,84.67,88.33,88.0,83.33,85.33,93.0,88.8,80.5,85.0,83.5,87.92,87.42,85.67,89.04,83.0,86.61
91,91,90,90,86,80,82,91,88,81,86,94,94,90,95,86,95,88,88,85,94,86,83,80,85,83,81,90,91,92,95,87,86,80,92,95,93,95,88,95,85,80,84,95,90,86,94,90.67,85.33,87.0,87.0,93.0,89.67,89.0,83.0,83.0,91.0,89.33,89.0,91.2,82.0,92.5,90.0,87.5,88.67,87.0,89.84,88.17,88.24
89,83,86,90,94,83,81,91,89,93,87,90,80,85,90,91,89,94,88,88,90,91,88,82,90,88,95,89,80,92,92,80,93,84,92,94,91,87,93,95,83,89,83,80,94,94,86,86.0,89.0,87.0,90.0,85.0,91.33,88.67,87.0,91.0,87.0,88.33,90.0,89.8,86.0,87.0,90.0,88.0,88.0,89.0,89.38,87.67,88.41
83,80,84,85,94,86,84,85,86,90,91,95,89,85,90,93,87,89,92,82,91,85,92,80,82,82,92,95,83,92,93,81,94,90,89,85,84,86,80,84,93,84,91,88,89,90,90,82.33,88.33,85.0,92.0,88.0,89.67,88.33,85.67,85.33,90.0,89.33,88.0,85.4,87.5,88.5,90.0,86.92,87.92,87.67,87.58,88.67,87.75
83,94,91,82,84,84,94,81,82,95,82,85,91,83,80,83,87,85,81,92,84,84,93,82,87,89,86,88,93,89,84,93,87,91,85,80,94,92,87,80,95,80,94,92,91,90,84,89.33,83.33,85.67,87.33,84.67,85.0,85.67,86.33,87.33,90.0,88.0,85.33,89.6,87.0,91.5,87.0,86.42,85.42,88.67,87.64,88.5,87.33
81,89,85,82,89,89,88,87,86,93,80,95,84,85,81,84,90,88,94,90,95,92,94,94,84,94,93,94,92,83,84,92,88,90,93,88,85,93,94,94,87,86,90,95,95,95,80,85.0,86.67,87.0,89.33,83.33,87.33,93.0,93.33,90.33,89.67,88.0,90.33,90.6,88.0,95.0,87.5,87.0,89.25,90.0,89.64,90.17,89.21
81,83,81,90,92,93,84,90,89,83,84,87,83,91,90,94,91,87,92,95,92,82,82,94,93,94,95,80,95,95,88,93,80,82,83,83,85,95,93,91,80,92,83,89,94,92,80,81.67,91.67,87.67,84.67,88.0,90.67,93.0,86.0,94.0,90.0,87.0,82.67,88.8,87.5,91.5,86.0,86.42,89.42,92.0,86.16,88.33,88.46
88,87,80,88,94,88,80,90,81,88,84,80,83,92,90,88,93,87,93,94,80,82,92,84,86,92,94,83,81,80,84,80,84,81,94,90,90,81,91,81,86,84,86,88,90,94,93,85.0,90.0,83.67,84.0,88.33,89.33,89.0,86.0,90.67,81.33,82.67,88.33,85.8,85.0,89.0,93.5,85.67,88.17,86.0,85.6,89.17,86.92
82,91,87,95,94,92,91,81,91,92,92,85,94,89,83,87,93,84,93,87,85,82,90,94,95,81,93,81,89,95,82,92,94,90,92,83,95,86,83,93,89,88,91,93,94,83,83,86.67,93.67,87.67,89.67,88.67,88.0,88.33,88.67,89.67,88.33,89.33,88.33,89.2,89.5,93.5,83.0,89.42,88.42,89.0,88.96,88.67,88.89
81,91,95,86,93,90,94,90,92,82,88,88,94,94,80,88,82,87,92,94,82,80,88,88,83,84,94,86,81,80,94,91,93,86,81,91,82,87,85,80,90,90,93,81,87,95,88,89.0,89.67,92.0,86.0,89.33,85.67,89.33,85.33,87.0,82.33,92.67,86.0,84.8,91.5,84.0,91.5,89.17,87.42,84.67,87.82,89.0,87.61
81,88,84,83,86,88,92,92,81,88,86,83,81,83,91,80,84,85,81,80,83,94,90,83,90,84,95,87,81,86,83,80,83,94,94,87,92,89,89,95,86,88,89,89,83,85,86,84.33,85.67,88.33,85.67,85.0,83.0,81.33,89.0,89.67,84.67,82.0,91.67,90.2,88.5,86.0,85.5,86.0,84.58,87.17,87.96,86.67,86.47
81,92,95,91,89,88,87,84,86,86,95,81,90,82,93,95,80,92,84,85,88,80,88,93,95,93,91,82,90,85,93,87,80,88,88,94,85,90,86,94,92,86,91,86,89,83,83,89.33,89.33,85.67,87.33,88.33,89.0,85.67,87.0,93.0,85.67,86.67,90.0,89.4,88.5,87.5,83.0,87.92,87.5,89.33,88.69,86.33,87.95
92,86,88,80,94,84,85,91,95,92,83,81,90,91,88,84,84,83,93,83,92,84,89,80,94,82,94,86,92,86,85,94,84,86,95,89,86,86,89,93,85,85,88,80,88,93,91,88.67,86.0,90.33,85.33,89.67,83.67,89.33,84.33,90.0,88.0,87.67,90.0,87.8,86.5,84.0,92.0,87.58,86.75,89.0,88.49,87.5,87.86
87,91,82,90,93,92,82,89,85,82,94,84,94,81,82,87,82,86,91,95,94,83,83,94,91,89,80,86,81,95,84,80,83,80,95,86,93,94,92,91,82,92,88,83,92,94,90,86.67,91.67,85.33,86.67,85.67,85.0,93.33,86.67,86.67,87.33,82.33,87.0,90.4,90.0,87.5,92.0,87.58,87.67,87.0,86.58,89.83,87.73
93,82,85,81,86,93,80,90,87,86,86,89,92,80,95,87,87,94,84,85,87,84,84,93,93,84,86,87,95,89,95,88,88,95,95,93,85,87,93,92,85,83,81,95,86,87,95,86.67,86.67,85.67,87.0,89.0,89.33,85.33,87.0,87.67,90.33,90.33,94.33,88.4,82.0,90.5,91.0,86.5,87.67,89.0,91.02,87.83,88.4
80,92,87,88,90,83,93,94,88,80,88,93,91,82,90,82,84,80,85,83,82,89,85,82,83,92,89,91,87,87,82,90,92,89,95,83,81,94,95,80,89,84,87,95,95,84,86,86.33,87.0,91.67,87.0,87.67,82.0,83.33,85.33,88.0,88.33,88.0,89.0,87.8,85.5,95.0,85.0,88.0,84.58,88.17,88.27,88.5,87.5
84,92,92,86,93,88,87,91,87,89,89,91,81,83,94,88,86,87,84,82,88,92,80,83,80,80,81,80,82,91,82,81,80,89,90,84,90,92,85,94,90,85,94,80,81,84,87,89.33,89.0,88.33,89.67,86.0,87.0,84.67,85.0,80.33,84.33,81.0,87.67,90.2,89.5,80.5,85.5,89.08,85.67,82.33,86.29,85.17,85.71
82,82,94,87,85,83,88,85,82,89,86,90,81,82,89,89,85,91,91,84,82,90,90,90,94,95,88,89,85,92,93,93,88,95,93,80,82,89,93,80,94,87,87,84,90,90,94,86.0,85.0,85.0,88.33,84.0,88.33,85.67,90.0,92.33,88.67,91.33,89.33,87.6,87.0,87.0,92.0,86.08,87.0,90.5,89.42,88.67,88.33
95,86,83,86,95,81,80,83,91,82,85,94,81,82,92,93,90,92,93,80,87,86,87,87,90,89,82,81,94,95,81,86,82,91,89,90,83,85,88,85,88,85,88,83,89,94,82,88.0,87.33,84.67,87.0,85.0,91.67,86.67,86.67,87.0,90.0,83.0,90.0,85.8,86.5,86.0,88.0,86.75,87.5,88.5,86.27,86.83,87.17
94,95,89,81,84,95,89,95,88,94,84,95,86,90,91,91,86,88,91,91,86,91,92,91,82,80,94,88,83,84,86,88,95,89,94,94,80,84,91,81,89,90,91,93,82,87,90,92.67,86.67,90.67,91.0,89.0,88.33,89.33,91.33,85.33,85.0,89.67,92.33,85.0,90.5,87.5,88.5,90.25,89.5,85.17,89.0,88.83,88.55
95,89,83,86,90,89,92,84,95,83,87,91,94,93,87,93,82,92,84,80,87,80,86,88,81,91,86,90,85,91,93,90,81,82,84,84,95,83,85,89,93,88,80,84,81,86,81,89.0,88.33,90.33,87.0,91.33,89.0,83.67,84.67,86.0,88.67,88.0,83.33,89.0,84.0,82.5,83.5,88.67,87.17,87.33,86.78,83.33,86.66
87,87,89,87,94,90,82,87,88,93,91,91,85,85,86,88,85,83,81,94,87,94,91,88,83,92,83,84,91,95,84,90,88,90,86,95,92,88,83,88,92,94,94,87,86,92,80,87.67,90.33,85.67,91.67,85.33,85.33,87.33,91.0,86.0,90.0,87.33,90.33,88.6,94.0,86.5,86.0,88.83,87.25,88.0,88.76,88.83,88.33
86,93,80,83,88,91,86,83,84,95,84,82,82,89,85,95,93,86,90,83,87,91,88,83,95,92,92,85,84,91,89,87,94,91,80,87,82,89,93,82,90,95,85,83,83,94,92,86.33,87.33,84.33,87.0,85.33,91.33,86.67,87.33,93.0,86.67,90.0,86.0,87.2,90.0,83.0,93.0,86.25,87.67,89.83,87.73,88.67,88.03
80,88,88,82,89,82,93,82,83,95,82,82,90,93,95,93,94,83,87,93,93,80,82,86,82,93,85,85,83,81,83,88,80,92,89,86,85,90,89,91,84,90,85,81,88,93,89,85.33,84.33,86.0,86.33,92.67,90.0,91.0,82.67,86.67,83.0,83.67,89.0,87.8,87.5,84.5,91.0,85.5,89.08,84.83,86.82,87.67,86.78
90,83,90,85,83,84,81,85,80,87,89,83,86,89,87,82,80,84,94,91,90,87,94,80,95,83,93,93,95,94,95,92,88,90,88,90,94,93,88,95,80,92,82,84,84,84,81,87.67,84.0,82.0,86.33,87.33,82.0,91.67,87.0,90.33,94.0,91.67,89.33,90.0,87.0,84.0,82.5,85.0,87.0,92.17,90.33,84.5,87.8
93,83,84,87,88,83,85,90,94,81,86,94,81,89,83,80,85,92,87,90,89,83,81,93,87,90,84,93,81,85,95,94,87,84,94,95,83,88,92,91,87,82,88,83,83,82,90,86.67,86.0,89.67,87.0,84.33,85.67,88.67,85.67,87.0,86.33,92.0,91.0,88.2,85.0,83.0,86.0,87.33,86.08,86.67,90.4,84.67,87.03
93,82,83,88,85,92,85,83,87,94,92,88,88,90,94,85,91,84,81,90,84,95,80,93,94,93,87,81,81,93,91,88,82,80,92,94,89,94,91,80,86,88,86,81,83,88,80,86.0,88.33,85.0,91.33,90.67,86.67,85.0,89.33,91.33,85.0,87.0,88.67,88.0,87.0,82.0,84.0,87.67,87.92,88.17,87.89,84.33,87.19
86,88,81,85,94,88,80,90,83,88,95,89,91,92,80,86,86,87,85,83,82,86,84,82,89,91,92,81,92,91,81,95,89,95,83,84,90,81,86,94,81,88,83,90,93,84,83,85.0,89.0,84.33,90.67,87.67,86.33,83.33,84.0,90.67,88.0,88.33,87.33,86.4,85.5,91.5,83.5,87.25,85.33,89.33,87.36,86.83,87.22
94,81,82,80,91,90,87,91,92,81,92,81,92,85,95,89,93,94,80,92,95,85,85,93,88,84,83,85,87,90,94,89,94,89,92,95,86,88,86,87,81,92,91,88,87,88,85,85.67,87.0,90.0,84.67,90.67,92.0,89.0,87.67,85.0,87.33,92.33,92.0,85.6,91.5,87.5,86.5,86.83,89.83,86.17,89.98,88.5,88.26
83,95,88,91,93,84,84,87,95,82,94,91,91,94,90,87,89,89,94,81,85,89,87,85,95,82,89,87,88,87,94,95,95,91,94,83,91,89,94,80,89,88,88,94,89,95,91,88.67,89.33,88.67,89.0,91.67,88.33,86.67,87.0,88.67,87.33,94.67,89.33,88.6,88.0,91.5,93.0,88.92,88.42,88.0,90.87,90.83,89.41
93,88,86,92,88,84,93,83,90,80,81,88,86,80,91,81,86,87,89,95,95,93,82,93,86,84,81,81,81,82,92,87,92,92,91,94,83,86,93,84,86,85,87,95,93,80,92,89.0,88.0,88.67,83.0,85.67,84.67,93.0,89.33,83.67,81.33,90.33,92.33,86.4,86.0,94.0,86.0,87.17,88.17,82.5,89.69,88.67,87.24
92,91,86,91,85,93,80,84,93,89,93,80,80,85,93,83,91,81,85,88,83,80,90,84,84,83,90,95,80,90,86,93,91,87,81,85,87,91,93,83,82,87,95,92,85,90,86,89.67,89.67,85.67,87.33,86.0,85.0,85.33,84.67,85.67,88.33,90.0,84.33,87.2,91.0,88.5,88.0,88.08,85.25,87.0,87.18,89.17,87.34
94,87,92,93,88,87,86,83,82,86,95,91,95,95,83,90,85,89,93,84,86,82,86,95,81,93,91,91,83,85,85,83,81,92,95,85,82,93,86,86,86,95,89,91,83,94,86,91.0,89.33,83.67,90.67,91.0,88.0,87.67,87.67,88.33,86.33,83.0,90.67,86.6,92.0,87.0,90.0,88.67,88.58,87.33,86.76,89.67,88.2
91,92,91,86,90,86,91,84,93,81,80,90,93,95,95,90,82,84,91,82,80,92,90,82,95,91,94,91,84,91,93,94,88,94,83,83,95,87,92,92,81,91,91,80,82,93,87,91.33,87.33,89.33,83.67,94.33,85.33,84.33,88.0,93.33,88.67,91.67,86.67,89.4,91.0,81.0,90.0,87.92,88.0,91.0,89.24,87.33,88.7
84,92,91,92,88,92,80,87,88,93,85,80,81,89,83,84,92,80,94,82,90,85,86,82,81,88,90,89,91,82,89,91,87,83,89,90,80,94,91,89,91,91,84,92,85,85,92,89.0,90.67,85.0,86.0,84.33,85.33,88.67,84.33,86.33,87.33,89.0,87.33,89.0,87.5,88.5,88.5,87.67,85.67,86.83,88.44,88.17,87.36
80,80,81,80,92,95,93,87,89,87,82,92,83,87,89,80,83,89,89,80,94,91,95,95,84,90,91,95,82,95,83,93,80,94,91,87,93,81,80,85,87,83,92,89,95,90,80,80.33,89.0,89.67,87.0,86.33,84.0,87.67,93.67,88.33,90.67,85.33,90.67,85.2,87.5,92.0,85.0,86.5,87.92,89.5,87.07,88.17,87.83
93,81,85,81,93,93,94,86,88,89,93,93,85,95,83,88,93,83,81,89,94,89,91,80,84,80,89,80,85,83,94,83,80,91,90,88,95,82,89,87,89,94,95,94,87,82,85,86.33,89.0,89.33,91.67,87.67,88.0,88.0,86.67,84.33,82.67,85.67,89.67,88.4,94.5,90.5,83.5,89.08,87.58,83.5,87.91,89.5,87.52
91,88,88,81,86,88,80,80,85,89,87,88,94,83,84,87,82,85,88,83,85,85,88,81,87,94,86,81,93,80,92,92,84,89,80,89,86,92,88,94,83,92,91,92,80,85,88,89.0,85.0,81.67,88.0,87.0,84.67,85.33,84.67,89.0,84.67,89.33,86.0,88.6,91.5,86.0,86.5,85.92,85.42,86.83,87.98,88.0,86.83
92,95,89,91,89,87,87,94,92,95,80,86,83,85,89,93,80,92,93,84,83,84,89,95,91,87,84,94,87,90,83,87,86,90,89,80,82,94,87,90,89,81,95,89,85,82,83,92.0,89.0,91.0,87.0,85.67,88.33,86.67,89.33,87.33,90.33,85.33,86.33,88.4,88.0,87.0,82.5,89.75,87.5,88.83,86.69,85.83,87.72
82,85,91,85,93,80,85,85,86,94,84,85,91,92,91,92,89,84,91,84,82,87,84,82,94,92,93,92,85,82,89,94,90,91,93,87,93,89,91,83,93,95,80,85,88,92,95,86.0,86.0,85.33,87.67,91.33,88.33,85.67,84.33,93.0,86.33,91.0,90.33,89.8,87.5,86.5,93.5,86.25,87.42,89.67,90.38,89.17,88.58
92,87,80,91,85,81,94,80,89,90,87,88,90,84,94,81,85,86,89,93,82,81,80,86,84,95,87,94,92,94,92,80,95,88,80,92,95,90,86,95,91,89,80,93,86,92,92,86.33,85.67,87.67,88.33,89.33,84.0,88.0,82.33,88.67,93.33,89.0,86.67,91.4,84.5,89.5,92.0,87.0,85.92,91.0,89.02,88.67,88.32
83,91,82,91,85,81,84,81,91,83,93,91,92,91,82,87,86,87,84,84,92,88,83,83,89,93,81,82,83,80,84,95,82,93,93,84,86,82,80,83,85,87,90,83,91,95,90,85.33,85.67,85.33,89.0,88.33,86.67,86.67,84.67,87.67,81.67,87.0,90.0,83.2,88.5,87.0,92.5,86.33,86.58,84.67,86.73,89.33,86.73
93,81,85,92,85,86,91,85,93,91,93,84,83,90,88,82,84,80,86,81,82,81,87,95,93,87,82,94,88,82,92,87,80,92,80,81,92,87,93,90,82,86,81,87,95,92,80,86.33,87.67,89.67,89.33,87.0,82.0,83.0,87.67,87.33,88.0,86.33,84.33,88.8,83.5,91.0,86.0,88.25,84.92,87.67,86.49,86.83,86.83
88,82,94,80,88,86,95,94,94,94,82,82,91,86,89,95,81,85,91,95,83,84,88,89,86,90,89,81,80,88,93,82,88,88,90,89,88,80,89,95,92,89,93,81,93,92,92,88.0,84.67,94.33,86.0,88.67,87.0,89.67,87.0,88.33,83.0,87.67,89.0,88.8,91.0,87.0,92.0,88.25,88.08,85.67,88.49,90.0,88.1
95,84,95,89,86,87,94,80,87,88,88,84,84,95,80,82,82,81,84,87,85,86,91,95,91,92,83,90,93,87,95,95,90,94,90,91,93,88,81,81,81,90,95,91,82,83,94,91.33,87.33,87.0,86.67,86.33,81.67,85.33,90.67,88.67,90.0,93.33,91.67,84.8,92.5,86.5,88.5,88.08,86.0,89.33,89.93,89.17,88.5
81,81,88,90,94,93,91,90,91,95,80,95,93,93,84,88,82,83,87,88,83,87,88,86,94,87,86,82,90,83,95,88,91,85,86,90,93,81,89,84,95,93,85,87,86,92,93,83.33,92.33,90.67,90.0,90.0,84.33,86.0,87.0,89.0,85.0,91.33,87.0,88.4,89.0,86.5,92.5,89.08,86.83,87.0,88.91,89.33,88.23
87,93,89,87,88,85,93,91,88,87,87,93,87,84,90,83,91,80,94,92,80,95,89,93,83,90,89,93,82,92,81,89,87,87,91,86,82,83,87,82,80,84,93,86,94,82,85,89.67,86.67,90.67,89.0,87.0,84.67,88.67,92.33,87.33,89.0,85.67,88.0,82.8,88.5,90.0,83.5,89.0,88.17,88.17,85.49,87.33,87.63
87,90,81,95,81,85,95,90,84,82,89,92,87,86,88,83,94,92,86,88,92,80,82,93,93,93,84,89,84,81,84,90,90,89,85,85,88,88,90,80,83,87,95,94,84,90,95,86.0,87.0,89.67,87.67,87.0,89.67,88.67,85.0,90.0,84.67,88.0,86.33,85.8,91.0,89.0,92.5,87.58,87.58,87.33,86.71,90.83,88.01
81,80,84,84,87,86,95,92,81,83,84,89,87,86,90,88,87,95,87,91,83,83,80,87,80,93,85,91,81,90,92,86,87,90,91,83,87,90,94,92,80,93,88,82,85,82,92,81.67,85.67,89.33,85.33,87.67,90.0,87.0,83.33,86.0,87.33,88.33,88.0,88.6,90.5,83.5,87.0,85.5,87.0,86.67,88.31,87.0,86.9
92,86,88,81,80,89,91,93,94,84,85,88,88,89,91,82,84,81,88,85,92,87,89,85,86,88,89,87,90,80,83,93,93,89,82,94,83,81,81,80,82,83,80,80,95,89,93,88.67,83.33,92.67,85.67,89.33,82.33,88.33,87.0,87.67,85.67,89.67,88.33,81.4,81.5,87.5,91.0,87.58,86.75,86.67,86.47,86.67,86.83
86,94,86,93,95,94,83,93,82,89,88,95,85,86,92,83,93,92,81,81,88,89,85,93,82,83,90,93,88,93,93,94,93,88,89,89,89,90,81,95,80,83,94,80,91,90,87,88.67,94.0,86.0,90.67,87.67,89.33,83.33,89.0,85.0,91.33,93.33,88.67,87.0,88.5,85.5,88.5,89.83,87.33,88.17,89.67,87.5,88.5
89,89,80,89,88,95,86,86,91,94,95,83,93,95,85,91,94,93,82,87,86,80,88,85,87,94,84,83,81,89,90,82,83,86,83,92,85,91,93,82,95,82,80,88,88,89,88,86.0,90.67,87.67,90.67,91.0,92.67,85.0,84.33,88.33,84.33,85.0,87.0,89.2,81.0,88.0,88.5,88.75,88.25,86.33,87.07,85.83,87.25
90,91,88,90,90,87,94,85,82,87,91,93,94,89,93,93,88,81,81,93,82,94,89,91,88,92,80,94,82,86,82,95,83,84,90,90,84,80,83,90,82,80,80,95,87,81,92,89.67,89.0,87.0,90.33,92.0,87.33,85.33,91.33,86.67,87.33,86.67,88.0,83.8,80.0,91.0,86.5,89.0,89.0,87.0,86.16,85.83,87.4
88,86,80,86,93,84,88,87,90,82,84,93,82,84,88,95,93,81,87,85,88,81,80,88,86,83,82,80,84,80,82,82,88,81,80,84,87,92,80,87,88,87,84,91,85,89,82,84.67,87.67,88.33,86.33,84.67,89.67,86.67,83.0,83.67,81.33,84.0,81.67,86.8,85.5,88.0,85.5,86.75,86.0,82.5,84.16,86.33,85.15
94,94,89,91,86,86,91,85,90,87,81,90,88,84,86,87,81,83,93,85,95,82,80,89,88,90,95,92,81,91,82,93,95,92,82,94,82,90,91,95,85,82,80,86,84,94,87,92.33,87.67,88.67,86.0,86.0,83.67,91.0,83.67,91.0,88.0,90.0,89.33,88.6,81.0,85.0,90.5,88.67,86.08,89.5,89.31,85.5,87.81
92,90,81,89,87,91,80,91,84,89,91,86,84,86,94,92,95,95,89,85,87,90,91,95,80,83,90,82,93,85,92,86,93,86,82,95,82,91,83,83,89,89,91,88,86,88,84,87.67,89.0,85.0,88.67,88.0,94.0,87.0,92.0,84.33,86.67,90.33,87.67,85.6,90.0,87.0,86.0,87.58,90.25,85.5,87.87,87.67,87.77
84,93,93,80,82,87,84,81,81,80,94,88,84,81,81,84,90,81,81,93,87,95,85,82,95,80,82,91,92,80,92,81,84,83,84,87,93,90,83,86,86,81,85,94,94,86,89,90.0,83.0,82.0,87.33,82.0,85.0,87.0,87.33,85.67,87.67,85.67,84.67,87.6,83.0,94.0,87.5,85.58,85.33,86.67,85.98,88.17,86.35
84,87,86,87,80,85,92,81,85,90,81,81,88,83,90,83,86,81,88,81,91,87,91,83,95,86,82,91,92,82,88,89,84,82,82,83,83,86,95,88,90,93,83,87,83,89,93,85.67,84.0,86.0,84.0,87.0,83.33,86.67,87.0,87.67,88.33,87.0,82.33,88.4,88.0,85.0,91.0,84.92,86.0,88.0,85.91,88.0,86.57
84,95,80,92,91,93,83,87,90,94,82,87,80,85,81,89,95,95,92,89,85,95,94,90,91,94,94,92,89,85,84,93,93,87,95,81,89,92,88,84,95,90,90,94,95,93,83,86.33,92.0,86.67,87.67,82.0,93.0,88.67,93.0,93.0,88.67,90.0,87.67,89.6,90.0,94.5,88.0,88.17,89.17,90.83,89.09,90.83,89.62
87,84,93,95,82,84,93,83,85,80,86,83,81,86,91,85,94,82,86,94,94,95,81,88,80,80,81,89,84,80,80,90,92,88,88,87,82,87,85,83,95,88,83,82,89,86,80,88.0,87.0,87.0,83.0,86.0,87.0,91.33,88.0,80.33,84.33,87.33,87.67,86.4,85.5,85.5,83.0,86.25,88.08,82.33,87.13,84.67,85.69
86,91,85,85,84,85,92,88,92,93,90,95,86,91,81,94,91,88,93,88,95,91,94,88,90,89,94,80,83,86,90,95,93,83,82,89,91,88,89,94,87,88,84,89,86,85,88,87.33,84.67,90.67,92.67,86.0,91.0,92.0,91.0,91.0,83.0,92.67,84.67,89.8,86.0,87.5,86.5,88.83,90.0,87.0,89.04,86.67,88.31
95,83,89,81,81,90,87,80,94,81,88,83,88,83,95,84,95,80,90,88,93,83,82,86,90,86,95,80,92,93,85,89,84,90,83,83,83,91,80,86,88,85,85,82,93,85,83,89.0,84.0,87.0,84.0,88.67,86.33,90.33,83.67,90.33,88.33,86.0,85.33,85.6,85.0,87.5,84.0,86.0,87.25,89.33,85.64,85.5,86.75
92,94,88,80,83,91,85,93,89,91,83,82,89,86,87,85,81,88,81,94,91,80,89,86,82,89,84,88,85,82,94,93,94,80,82,81,86,80,80,91,95,87,88,88,82,92,95,91.33,84.67,89.0,85.33,87.33,84.67,88.67,85.0,85.0,85.0,93.67,81.0,86.4,87.5,85.0,93.5,87.58,86.42,85.0,87.02,88.67,86.94
85,81,93,83,81,86,93,81,90,91,93,87,82,83,87,80,95,93,90,91,83,95,92,89,89,89,88,85,85,92,91,91,94,85,85,93,91,93,94,93,95,88,80,95,90,85,82,86.33,83.33,88.0,90.33,84.0,89.33,88.0,92.0,88.67,87.33,92.0,87.67,93.2,84.0,92.5,83.5,87.0,88.33,88.0,90.96,86.67,88.19
90,87,89,84,87,92,81,82,83,90,89,92,93,94,85,94,94,83,83,89,80,80,95,80,91,89,92,87,95,92,87,91,91,95,86,94,84,84,85,90,95,87,80,87,89,83,86,88.67,87.67,82.0,90.33,90.67,90.33,84.0,85.0,90.67,91.33,89.67,91.67,87.6,83.5,88.0,84.5,87.17,87.5,91.0,89.64,85.33,88.13
86,85,93,90,86,83,86,94,89,80,93,93,82,85,89,92,92,91,95,86,87,84,85,93,89,93,92,80,86,92,94,90,95,81,90,95,92,89,82,92,81,91,87,95,89,91,87,88.0,86.33,89.67,88.67,85.33,91.67,89.33,87.33,91.33,86.0,93.0,88.67,87.2,89.0,92.0,89.0,88.17,88.42,88.67,89.62,90.0,88.97
89,89,87,91,89,91,86,81,83,86,85,83,88,95,92,80,81,85,88,83,93,82,94,90,94,81,83,81,95,80,81,86,90,93,86,94,85,86,81,92,88,89,89,88,89,87,80,88.33,90.33,83.33,84.67,91.67,82.0,88.0,88.67,86.0,85.33,85.67,91.0,86.4,89.0,88.5,83.5,86.67,87.58,85.67,87.69,87.0,86.92
84,81,84,80,89,86,90,91,91,85,86,82,82,91,83,85,86,87,86,95,88,94,84,85,91,92,93,93,85,88,93,93,86,90,86,87,87,93,85,95,83,95,87,90,92,85,92,83.0,85.0,90.67,84.33,85.33,86.0,89.67,87.67,92.0,88.67,90.67,87.67,88.6,91.0,91.0,88.5,85.75,87.17,90.33,88.98,90.17,88.48
94,93,86,83,86,84,85,84,91,83,83,84,86,84,85,95,91,84,81,82,84,81,83,85,95,84,95,95,90,86,83,93,84,91,86,91,87,87,80,89,87,88,89,90,93,94,84,91.0,84.33,86.67,83.33,85.0,90.0,82.33,83.0,91.33,90.33,86.67,89.33,86.0,88.5,91.5,89.0,86.33,85.08,90.83,87.33,89.67,87.85
85,88,89,84,82,81,82,92,91,88,83,90,83,84,86,92,87,80,86,89,83,91,88,94,89,82,90,82,92,82,81,82,84,95,88,92,86,94,90,91,87,92,81,85,94,87,82,87.33,82.33,88.33,87.0,84.33,86.33,86.0,91.0,87.0,85.33,82.33,91.67,89.6,86.5,89.5,84.5,86.25,86.92,86.17,87.87,86.83,86.81
88,87,88,81,84,88,94,86,81,92,81,88,95,81,91,94,84,88,83,84,82,84,84,89,89,80,90,91,94,86,93,88,81,94,88,80,94,94,85,87,84,89,84,90,88,95,95,87.67,84.33,87.0,87.0,89.0,88.67,83.0,85.67,86.33,90.33,87.33,87.33,88.8,86.5,89.0,95.0,86.5,86.58,88.33,87.82,90.17,87.88
92,80,81,84,90,94,81,94,82,87,81,81,80,84,81,82,80,95,95,92,90,89,95,93,82,87,89,88,81,87,93,85,91,90,90,84,89,88,88,91,82,80,80,93,92,82,84,84.33,89.33,85.67,83.0,81.67,85.67,92.33,92.33,86.0,85.33,89.67,88.0,87.6,80.0,92.5,83.0,85.58,88.0,85.67,88.42,85.17,86.57
88,88,95,86,93,95,87,81,95,92,85,95,84,89,91,89,93,84,87,86,94,94,81,87,81,82,89,84,81,83,85,83,82,88,82,83,86,86,87,84,83,92,82,85,80,88,85,90.33,91.33,87.67,90.67,88.0,88.67,89.0,87.33,84.0,82.67,83.33,84.33,85.2,87.0,82.5,86.5,90.0,88.25,83.33,84.29,85.33,86.24
88,92,84,82,90,87,87,85,85,92,81,85,82,92,95,91,93,84,81,82,89,85,86,87,89,80,95,86,84,80,82,84,89,85,80,86,81,86,83,92,80,92,93,81,87,85,80,88.0,86.33,85.67,86.0,89.67,89.33,84.0,86.0,88.0,83.33,85.0,83.67,84.4,92.5,84.0,82.5,86.5,87.25,85.67,84.36,86.33,86.02
95,81,84,88,88,82,83,81,88,81,84,86,85,90,81,88,82,83,94,91,85,95,94,88,86,94,95,85,86,94,93,95,80,92,88,84,82,92,87,86,87,83,81,94,93,95,92,86.67,86.0,84.0,83.67,85.33,84.33,90.0,92.33,91.67,88.33,89.33,88.0,86.8,82.0,93.5,93.5,85.08,88.0,90.0,88.04,89.67,88.16
90,84,85,80,88,83,95,84,92,82,84,80,84,90,85,91,86,82,88,95,91,91,95,82,95,80,80,93,89,82,90,87,84,80,83,92,86,83,91,83,85,82,89,95,85,87,94,86.33,83.67,90.33,82.0,86.33,86.33,91.33,89.33,85.0,88.0,87.0,85.0,85.6,85.5,90.0,90.5,85.58,88.33,86.5,85.87,88.67,86.99
84,88,94,94,81,85,83,81,95,90,82,92,93,82,89,82,85,83,93,94,90,92,93,84,90,82,89,81,90,94,88,83,84,89,95,93,85,95,82,85,85,92,82,90,81,93,93,88.67,86.67,86.33,88.0,88.0,83.33,92.33,89.67,87.0,88.33,85.0,92.33,86.4,87.0,85.5,93.0,87.42,88.33,87.67,87.91,88.5,87.97
90,84,91,93,83,84,90,83,89,94,87,94,83,95,92,95,92,92,85,87,91,89,93,82,88,95,92,91,81,86,85,85,91,93,89,84,84,84,88,90,84,88,81,80,80,82,81,88.33,86.67,87.33,91.67,90.0,93.0,87.67,88.0,91.67,86.0,87.0,88.67,86.0,84.5,80.0,81.5,88.5,89.67,88.83,87.22,82.0,87.24
95,94,91,88,87,82,80,85,85,91,86,86,94,85,93,93,94,88,90,93,85,82,85,95,90,92,80,91,80,90,88,87,81,81,89,85,91,88,85,81,91,85,81,83,86,85,93,93.33,85.67,83.33,87.67,90.67,91.67,89.33,87.33,87.33,87.0,85.33,85.0,87.2,83.0,84.5,89.0,87.5,89.75,87.17,85.84,85.5,87.15
86,85,86,83,94,84,94,83,93,81,87,93,82,82,83,83,91,87,90,94,86,87,91,84,87,88,83,85,93,84,80,84,93,90,93,80,84,95,84,87,84,90,81,84,93,94,90,85.67,87.0,90.0,87.0,82.33,87.0,90.0,87.33,86.0,87.33,85.67,87.67,86.8,85.5,88.5,92.0,87.42,86.67,86.67,86.71,88.67,87.23
88,88,85,93,87,86,80,92,84,90,80,89,81,90,90,91,86,80,94,85,82,86,93,94,92,86,82,92,86,85,80,86,93,85,95,88,82,92,94,80,87,95,87,90,89,81,88,87.0,88.67,85.33,86.33,87.0,85.67,87.0,91.0,86.67,87.67,86.33,89.33,87.0,91.0,89.5,84.5,86.83,87.67,87.17,87.56,88.33,87.51
83,87,92,88,88,80,89,86,81,86,87,85,80,86,92,91,91,92,95,88,80,86,88,85,83,81,82,82,84,87,85,83,81,92,94,88,80,83,88,86,87,85,81,81,87,82,93,87.33,85.33,85.33,86.0,86.0,91.33,87.67,86.33,82.0,84.33,83.0,91.33,84.8,83.0,84.0,87.5,86.0,87.83,83.17,86.38,84.83,85.64
86,95,95,83,80,81,93,92,83,93,94,85,86,90,89,88,81,82,80,90,83,87,92,85,91,93,84,93,84,92,81,92,87,89,86,84,87,94,83,90,85,86,84,87,89,88,92,92.0,81.33,89.33,90.67,88.33,83.67,84.33,88.0,89.33,89.67,86.67,86.33,87.8,85.0,88.0,90.0,88.33,86.08,89.5,86.93,87.67,87.7
93,82,80,86,87,92,80,87,89,82,85,82,94,80,88,89,94,83,81,87,90,95,84,82,91,82,80,81,83,92,86,92,91,87,85,90,93,93,94,87,88,81,80,89,88,89,80,85.0,88.33,85.33,83.0,87.33,88.67,86.0,87.0,84.33,85.33,89.67,87.33,91.0,80.5,88.5,84.5,85.42,87.25,84.83,89.33,84.5,86.27
88,84,88,88,83,82,91,94,82,86,82,95,93,80,81,84,80,86,80,94,92,90,81,95,92,80,92,87,95,92,93,87,89,86,83,83,92,90,89,82,95,89,80,83,92,81,90,86.67,84.33,89.0,87.67,84.67,83.33,88.67,88.67,88.0,91.33,89.67,84.0,89.6,84.5,87.5,85.5,86.92,86.33,89.67,87.76,85.83,87.3
81,90,92,85,92,86,87,86,86,86,88,92,81,95,90,90,82,91,94,90,90,94,90,94,89,91,80,92,90,91,84,86,91,91,80,84,81,86,86,90,85,92,95,84,81,95,85,87.67,87.67,86.33,88.67,88.67,87.67,91.33,92.67,86.67,91.0,87.0,85.0,85.6,93.5,82.5,90.0,87.58,90.08,88.83,85.87,88.67,88.21
85,84,93,90,95,93,93,92,84,86,90,91,80,93,83,81,82,89,82,91,82,91,91,86,86,89,90,86,87,85,81,92,86,95,95,90,89,82,95,81,91,83,86,93,82,86,85,87.33,92.67,89.67,89.0,85.33,84.0,85.0,89.33,88.33,86.0,86.33,93.33,87.6,84.5,87.5,85.5,89.67,85.92,87.17,89.09,85.83,87.53
90,94,82,92,88,83,86,87,92,85,89,94,88,88,84,94,85,87,84,94,95,94,87,80,80,80,86,93,93,85,87,92,93,83,88,92,93,86,82,95,88,80,92,87,90,94,92,88.67,87.67,88.33,89.33,86.67,88.67,91.0,87.0,82.0,90.33,90.67,87.67,88.8,86.0,88.5,93.0,88.5,88.33,86.17,89.04,89.17,88.24
87,83,84,93,88,89,87,88,93,82,92,81,87,81,83,94,82,83,83,93,93,88,90,95,86,84,81,80,85,86,84,91,94,84,94,83,81,95,84,94,87,87,82,86,91,82,83,84.67,90.0,89.33,85.0,83.67,86.33,89.67,91.0,83.67,83.67,89.67,87.0,88.2,84.5,88.5,82.5,87.25,87.67,83.67,88.29,85.17,86.41
82,80,95,94,81,91,83,81,88,93,84,83,89,90,93,86,81,95,91,80,92,82,91,95,83,82,86,89,94,83,84,81,86,94,80,84,95,84,95,82,95,80,92,80,95,80,91,85.67,88.67,84.0,86.67,90.67,87.33,87.67,89.33,83.67,88.67,83.67,86.0,90.2,86.0,87.5,85.5,86.25,88.75,86.17,86.62,86.33,86.82
92,80,84,86,82,94,84,93,91,91,94,85,87,95,92,89,90,81,82,86,90,83,95,90,88,84,81,88,90,86,88,91,87,91,95,93,88,89,88,89,95,93,95,87,85,85,85,85.33,87.33,89.33,90.0,91.33,86.67,86.0,89.33,84.33,88.0,88.67,93.0,89.8,94.0,86.0,85.0,88.0,88.33,86.17,90.49,88.33,88.26
83,88,80,93,84,93,93,88,93,81,94,92,86,88,80,85,95,82,92,93,90,80,88,90,94,84,81,83,86,95,86,90,88,95,91,84,82,89,86,92,84,82,90,93,95,93,80,83.67,90.0,91.33,89.0,84.67,87.33,91.67,86.0,86.33,88.0,88.0,90.0,86.6,86.0,94.0,86.5,88.5,87.42,87.17,88.2,88.83,88.02
83,92,88,83,80,91,91,80,95,93,90,85,86,91,92,88,93,82,92,83,88,88,83,84,83,93,92,82,94,82,93,86,90,85,91,92,89,95,87,84,91,81,85,82,83,84,94,87.67,84.67,88.67,89.33,89.67,87.67,87.67,85.0,89.33,86.0,89.67,89.33,89.2,83.0,82.5,89.0,87.58,87.5,87.67,89.4,84.83,87.4
94,88,83,80,85,87,85,88,87,85,82,85,80,85,80,83,81,84,86,80,91,85,92,82,88,84,81,82,94,84,88,85,88,85,88,94,82,92,87,92,94,85,89,88,90,87,89,88.33,84.0,86.67,84.0,81.67,82.67,85.67,86.33,84.33,86.67,87.0,89.0,89.4,87.0,89.0,88.0,85.75,84.08,85.5,88.47,88.0,86.36
94,94,89,80,80,90,93,83,87,87,88,92,86,90,95,86,91,91,85,87,88,88,94,85,88,89,90,81,92,83,85,95,83,94,92,92,86,85,94,82,90,85,88,92,87,82,84,92.33,83.33,87.67,89.0,90.33,89.33,86.67,89.0,89.0,85.33,87.67,92.67,87.4,86.5,89.5,83.0,88.08,88.83,87.17,89.24,86.33,87.93
91,84,82,86,88,80,94,85,80,86,81,93,91,87,95,94,93,81,89,82,91,89,92,84,81,89,90,88,82,91,80,87,83,90,89,87,81,80,87,93,94,81,86,94,91,80,80,85.67,84.67,86.33,86.67,91.0,89.33,87.33,88.33,86.67,87.0,83.33,88.67,87.0,83.5,92.5,80.0,85.83,89.0,86.83,86.33,85.33,86.67
93,89,94,84,86,84,89,80,87,90,94,83,85,81,89,92,86,81,88,88,80,83,95,89,86,95,86,84,95,90,80,93,95,83,92,91,83,93,93,84,80,84,83,90,88,93,81,92.0,84.67,85.33,89.0,85.0,86.33,85.33,89.0,89.0,89.67,89.33,88.67,86.6,83.5,89.0,87.0,87.75,86.42,89.33,88.2,86.5,87.64
94,80,93,93,81,81,86,90,95,94,88,88,89,95,82,91,80,94,81,95,89,92,88,81,92,80,85,94,94,88,89,93,86,92,80,83,87,92,82,90,92,85,94,84,88,95,90,89.0,85.0,90.33,90.0,88.67,88.33,88.33,87.0,85.67,92.0,89.33,85.0,88.6,89.5,86.0,92.5,88.58,88.08,88.83,87.64,89.33,88.5
83,94,91,82,84,82,80,85,91,87,83,95,84,87,81,90,86,88,80,84,84,83,84,83,90,85,87,85,92,91,87,87,90,82,80,89,81,84,83,82,94,88,89,89,82,88,82,89.33,82.67,85.33,88.33,84.0,88.0,82.67,83.33,87.33,89.33,88.0,83.67,84.8,88.5,85.5,85.0,86.42,84.5,88.33,85.49,86.33,86.21
94,84,81,94,82,86,82,83,91,87,87,87,84,88,95,83,83,94,82,92,91,93,91,92,83,95,82,83,86,89,82,92,92,94,93,92,82,86,89,82,88,81,81,82,90,81,93,86.33,87.33,85.33,87.0,89.0,86.67,88.33,92.0,86.67,86.0,88.67,93.0,85.4,81.0,86.0,87.0,86.5,89.0,86.33,89.02,84.67,87.1
95,80,94,93,83,89,80,90,86,87,93,89,93,90,81,94,94,89,94,89,83,81,84,83,89,91,81,92,88,92,80,95,81,89,84,89,90,83,88,86,82,91,85,90,91,82,92,89.67,88.33,85.33,89.67,88.0,92.33,88.67,82.67,87.0,90.67,85.33,87.33,85.8,88.0,90.5,87.0,88.25,87.92,88.83,86.16,88.5,87.93
80,83,80,92,89,93,90,88,86,91,80,85,94,91,91,83,81,91,84,95,94,84,85,86,89,94,85,83,91,95,80,91,93,82,91,93,85,94,90,85,87,95,91,81,95,83,91,81.0,91.33,88.0,85.33,92.0,85.0,91.0,85.0,89.33,89.67,88.0,88.67,88.2,93.0,88.0,87.0,86.42,88.25,89.5,88.29,89.33,88.36
92,95,85,87,88,94,81,80,93,91,87,94,94,90,93,81,89,80,94,82,88,95,83,90,83,90,92,90,94,91,84,90,94,88,80,87,93,91,85,87,83,93,89,92,91,88,89,90.67,89.67,84.67,90.67,92.33,83.33,88.0,89.33,88.33,91.67,89.33,85.0,87.8,91.0,91.5,88.5,88.92,88.25,90.0,87.38,90.33,88.98
83,91,93,89,91,83,87,89,90,94,95,84,88,90,86,95,88,81,84,82,80,85,84,92,86,88,90,80,87,94,84,85,85,95,89,86,91,82,86,85,94,89,80,87,86,90,80,89.0,87.67,88.67,91.0,88.0,88.0,82.0,87.0,88.0,87.0,84.67,90.0,87.6,84.5,86.5,85.0,89.08,86.25,87.5,87.42,85.33,87.12
84,81,95,80,95,93,92,94,92,95,81,90,86,94,88,95,93,92,81,84,83,80,90,83,84,91,80,85,87,89,84,81,90,80,95,88,93,83,83,85,95,86,95,95,91,92,94,86.67,89.33,92.67,88.67,89.33,93.33,82.67,84.33,85.0,87.0,85.0,87.67,87.8,90.5,93.0,93.0,89.33,87.42,86.0,86.82,92.17,88.35
83,83,80,81,87,93,81,93,85,87,91,92,91,88,85,85,80,81,90,81,91,95,82,85,93,86,94,86,83,93,83,81,87,94,85,82,91,83,93,95,95,80,92,92,84,85,82,82.0,87.0,86.33,90.0,88.0,82.0,87.33,87.33,91.0,87.33,83.67,87.0,91.4,86.0,88.0,83.5,86.33,86.17,89.17,87.36,85.83,86.97
81,94,80,94,89,81,82,82,94,92,87,94,92,94,89,82,94,87,84,84,88,94,90,82,90,84,91,95,89,90,88,80,85,80,93,84,81,92,87,92,83,89,89,81,84,89,80,85.0,88.0,86.0,91.0,91.67,87.67,85.33,88.67,88.33,91.33,84.33,85.67,87.0,89.0,82.5,84.5,87.5,88.33,89.83,85.67,85.33,87.33
90,85,83,83,86,82,85,85,87,91,85,91,83,90,89,84,86,93,86,88,82,92,90,82,87,81,84,94,91,95,93,85,91,88,83,80,87,85,88,86,86,82,95,95,92,90,91,86.0,83.67,85.67,89.0,87.33,87.67,85.33,88.0,84.0,93.33,89.67,83.67,86.4,88.5,93.5,90.5,86.08,87.08,88.67,86.58,90.83,87.85
88,85,82,83,89,84,95,94,86,93,80,90,86,85,85,87,90,93,95,93,90,91,81,95,81,84,92,85,94,83,82,83,91,89,88,91,83,84,85,82,83,94,94,91,83,87,88,85.0,85.33,91.67,87.67,85.33,90.0,92.67,89.0,85.67,87.33,85.33,89.33,83.4,94.0,87.0,87.5,87.42,89.25,86.5,86.02,89.5,87.74
84,83,80,89,86,93,84,87,87,82,89,89,91,86,93,95,95,91,95,81,82,94,83,94,94,94,90,93,95,81,93,83,83,95,80,88,91,88,86,80,81,95,86,89,92,80,95,82.33,89.33,86.0,86.67,90.0,93.67,86.0,90.33,92.67,89.67,86.33,87.67,85.2,90.5,90.5,87.5,86.08,90.0,91.17,86.4,89.5,88.63
90,89,84,88,87,88,90,81,88,90,94,88,81,85,80,80,93,90,81,80,94,95,85,85,84,91,89,85,80,84,95,89,86,85,91,84,82,87,94,93,89,92,89,90,94,95,86,87.67,87.67,86.33,90.67,82.0,87.67,85.0,88.33,88.0,83.0,90.0,86.67,89.0,90.5,92.0,90.5,88.08,85.75,85.5,88.56,91.0,87.78
88,88,80,91,83,80,94,85,83,86,89,89,87,82,90,88,83,86,86,91,80,81,93,89,83,88,87,90,89,84,89,91,82,89,80,86,91,93,94,95,93,81,92,83,80,91,92,85.33,84.67,87.33,88.0,86.33,85.67,85.67,87.67,86.0,87.67,87.33,85.0,93.2,86.5,81.5,91.5,86.33,86.33,86.83,88.51,86.5,86.9
89,91,84,90,93,94,88,80,87,89,85,86,90,84,83,89,93,95,93,80,92,88,82,81,88,82,95,89,89,83,93,95,81,83,89,94,95,86,93,88,84,88,80,93,87,94,90,88.0,92.33,85.0,86.67,85.67,92.33,88.33,83.67,88.33,87.0,89.67,88.67,89.2,84.0,90.0,92.0,88.0,87.5,87.67,89.18,88.67,88.2
80,86,88,84,95,90,93,93,93,80,81,90,91,82,82,80,92,82,85,94,86,94,84,94,89,90,83,82,88,95,90,82,89,82,87,91,84,86,95,95,92,94,95,83,90,84,94,84.67,89.67,93.0,83.67,85.0,84.67,88.33,90.67,87.33,88.33,87.0,86.67,90.4,94.5,86.5,89.0,87.75,87.17,87.83,88.02,90.0,88.15
90,93,82,86,95,82,85,80,90,81,85,90,85,81,80,92,81,92,84,95,94,82,89,89,93,85,83,85,84,82,84,80,89,91,85,86,86,92,87,86,87,91,95,87,87,83,85,88.33,87.67,85.0,85.33,82.0,88.33,91.0,86.67,87.0,83.67,84.33,87.33,87.6,93.0,87.0,84.0,86.58,87.0,85.33,86.42,88.0,86.67
83,90,95,93,89,91,85,80,81,83,95,82,87,93,82,84,86,89,85,95,88,95,80,93,88,86,90,88,95,92,94,94,93,83,95,82,82,91,89,83,91,87,92,88,85,89,94,89.33,91.0,82.0,86.67,87.33,86.33,89.33,89.33,88.0,91.67,93.67,86.67,87.2,89.5,86.5,91.5,87.25,88.08,89.83,89.18,89.17,88.7
80,91,89,88,91,95,93,91,81,81,89,91,90,86,91,89,87,86,89,89,83,87,88,94,85,91,85,88,95,80,81,82,93,82,93,84,94,95,88,93,85,85,91,89,87,82,84,86.67,91.33,88.33,87.0,89.0,87.33,87.0,89.67,87.0,87.67,85.33,86.33,91.0,88.0,88.0,83.0,88.33,88.25,87.33,87.56,86.33,87.56
89,83,84,84,90,92,81,91,91,83,84,87,89,87,91,80,84,87,86,95,81,86,90,90,91,81,92,80,87,93,87,87,87,84,88,87,81,94,94,80,82,82,85,87,82,94,81,85.33,88.67,87.67,84.67,89.0,83.67,87.33,88.67,88.0,86.67,87.0,86.33,86.2,83.5,84.5,87.5,86.58,87.17,87.33,86.51,85.17,86.55
80,92,93,91,82,92,90,82,82,92,86,93,81,94,81,91,93,85,82,80,89,81,88,85,84,88,84,92,88,83,82,89,89,92,92,81,94,94,84,93,89,88,87,80,82,85,82,88.33,88.33,84.67,90.33,85.33,89.67,83.67,84.67,85.33,87.67,86.67,88.33,90.8,87.5,81.0,83.5,87.92,85.83,86.5,88.6,84.0,86.57
81,91,95,89,82,94,90,95,90,89,85,89,94,81,92,82,90,87,91,81,84,84,91,92,90,91,82,85,95,93,85,95,88,86,89,84,86,91,84,84,81,94,94,80,94,81,81,89.0,88.33,91.67,87.67,89.0,86.33,85.33,89.0,87.67,91.0,89.33,86.33,85.2,94.0,87.0,81.0,89.17,87.42,89.33,86.96,87.33,88.04
93,90,88,90,93,95,82,82,89,83,90,94,95,93,83,91,85,93,87,85,90,95,89,81,88,83,87,93,81,89,88,85,83,90,86,90,92,90,86,90,94,91,83,91,91,93,88,90.33,92.67,84.33,89.0,90.33,89.67,87.33,88.33,86.0,87.67,85.33,88.67,90.4,87.0,91.0,90.5,89.08,88.92,86.83,88.13,89.5,88.49
84,86,81,90,86,94,80,90,90,81,90,84,81,87,86,89,86,80,87,85,85,91,94,80,89,88,87,91,86,89,93,80,85,92,86,92,84,83,91,81,82,81,94,86,90,85,91,83.67,90.0,86.67,85.0,84.67,85.0,85.67,88.33,88.0,88.67,86.0,90.0,84.2,87.5,88.0,88.0,86.33,85.92,88.33,86.73,87.83,87.03
89,83,89,95,84,87,88,87,85,91,95,94,87,83,86,93,81,81,91,94,80,86,87,88,93,92,92,93,95,89,90,95,89,88,85,88,95,91,91,90,82,80,81,84,91,84,93,87.0,88.67,86.67,93.33,85.33,85.0,88.33,87.0,92.33,92.33,91.33,87.0,89.8,80.5,87.5,88.5,88.92,86.42,92.33,89.38,85.5,88.51
86,90,83,83,89,90,81,87,82,82,83,90,81,88,89,95,90,93,80,82,88,80,95,86,80,87,95,83,95,90,82,93,84,82,83,87,91,94,91,82,86,92,92,85,82,89,87,86.33,87.33,83.33,85.0,86.0,92.67,83.33,87.0,87.33,89.33,86.33,84.0,88.8,92.0,83.5,88.0,85.5,87.25,88.33,86.38,87.83,87.06
85,90,83,87,89,82,92,83,93,83,94,83,80,87,86,83,94,85,87,82,82,86,94,91,83,83,80,93,84,86,89,91,90,90,87,95,89,87,88,81,81,85,85,92,80,82,83,86.0,86.0,89.33,86.67,84.33,87.33,83.67,90.33,82.0,87.67,90.0,90.67,85.2,85.0,86.0,82.5,87.0,86.42,84.83,88.62,84.5,86.27
90,86,82,91,91,89,80,85,84,94,85,87,91,84,82,86,93,89,82,93,93,89,92,90,82,83,80,91,88,87,89,89,85,84,94,84,80,92,95,95,87,88,90,89,93,87,82,86.0,90.33,83.0,88.67,85.67,89.33,89.33,90.33,81.67,88.67,87.67,87.33,89.8,89.0,91.0,84.5,87.0,88.67,85.17,88.27,88.17,87.45
86,92,86,81,85,82,84,89,94,93,86,86,82,91,83,92,84,87,83,84,84,84,89,85,83,84,85,92,84,84,94,85,89,93,89,83,87,88,87,91,95,85,87,93,89,80,82,88.0,82.67,89.0,88.33,85.33,87.67,83.67,86.0,84.0,86.67,89.33,88.33,89.6,86.0,91.0,81.0,87.0,85.67,85.33,89.09,86.0,86.62
89,81,85,95,92,90,84,92,82,95,81,89,91,88,80,87,88,82,93,94,83,92,92,80,81,82,89,80,86,91,81,94,90,83,82,92,84,86,82,81,81,88,94,92,91,92,80,85.0,92.33,86.0,88.33,86.33,85.67,90.0,88.0,84.0,85.67,88.33,85.67,82.8,91.0,91.5,86.0,87.92,87.5,84.83,85.6,89.5,87.07
87,89,80,94,95,84,88,84,95,89,94,94,93,83,81,94,80,94,88,87,93,85,82,81,89,95,84,86,82,90,86,92,86,80,93,92,81,90,87,80,87,93,85,91,94,84,92,85.33,91.0,89.0,92.33,85.67,89.33,89.33,82.67,89.33,86.0,88.0,88.33,85.0,89.0,92.5,88.0,89.42,86.75,87.67,87.11,89.83,88.16
80,84,86,82,80,84,91,86,81,82,87,82,86,87,83,89,80,81,93,81,95,90,88,86,80,91,86,92,91,84,88,95,94,95,85,86,95,82,82,94,85,81,83,91,80,83,84,83.33,82.0,86.0,83.67,85.33,83.33,89.67,88.0,85.67,89.0,92.33,88.67,87.6,82.0,85.5,83.5,83.75,86.58,87.33,89.53,83.67,86.17
94,82,81,91,89,88,91,95,82,93,84,94,84,88,91,92,93,91,86,87,93,83,89,81,91,90,92,95,91,86,90,88,94,94,92,81,86,85,83,81,85,93,89,83,82,84,85,85.67,89.33,89.33,90.33,87.67,92.0,88.67,84.33,91.0,90.67,90.67,89.0,84.0,91.0,82.5,84.5,88.67,88.17,90.83,87.89,86.0,88.31
94,82,95,80,94,93,85,87,81,88,95,94,94,92,83,92,84,94,89,84,87,90,86,85,81,89,87,87,95,95,81,92,94,95,80,88,92,87,89,90,83,95,80,91,80,94,85,90.33,89.0,84.33,92.33,89.67,90.0,86.67,87.0,85.67,92.33,89.0,87.67,88.2,87.5,85.5,89.5,89.0,88.33,89.0,88.29,87.5,88.42
89,91,87,85,84,85,89,84,93,89,88,91,95,92,83,85,82,90,88,89,92,93,93,87,94,92,90,82,95,91,90,90,89,90,89,84,91,85,89,86,94,80,84,80,82,83,89,89.0,84.67,88.67,89.33,90.0,85.67,89.67,91.0,92.0,89.33,89.67,87.67,89.0,82.0,81.0,86.0,87.92,89.08,90.67,88.78,83.0,87.89
83,93,94,83,89,91,87,89,82,93,88,95,85,88,88,85,91,82,95,83,84,95,87,82,83,84,91,93,81,89,86,87,80,90,89,87,93,82,81,87,92,94,90,81,82,84,90,90.0,87.67,86.0,92.0,87.0,86.0,87.33,88.0,86.0,87.67,84.33,88.67,87.0,92.0,81.5,87.0,88.92,87.08,86.83,86.67,86.83,87.27
80,88,80,86,89,95,92,83,81,93,86,90,88,82,83,86,86,95,82,82,84,80,82,91,81,90,83,91,91,83,83,89,84,92,81,86,93,92,95,92,93,84,86,82,91,86,87,82.67,90.0,85.33,89.67,84.33,89.0,82.67,84.33,84.67,88.33,85.33,86.33,93.0,85.0,86.5,86.5,86.92,85.08,86.5,88.22,86.0,86.54
91,85,88,85,82,92,94,88,91,89,81,90,93,88,86,93,91,87,90,84,81,80,91,90,81,80,87,80,94,88,91,89,93,93,95,88,88,85,86,87,89,86,81,87,88,81,83,88.0,86.33,91.0,86.67,89.0,90.33,85.0,87.0,82.67,87.33,91.0,92.0,87.0,83.5,87.5,82.0,88.0,87.83,85.0,90.0,84.33,87.03
92,83,90,91,94,80,94,87,87,90,85,88,90,95,84,84,87,93,94,89,85,92,87,95,92,82,90,89,81,94,82,86,85,81,80,87,82,86,89,95,81,84,91,89,86,95,80,88.33,88.33,89.33,87.67,89.67,88.0,89.33,91.33,88.0,88.0,84.33,82.67,86.6,87.5,87.5,87.5,88.42,89.58,88.0,84.53,87.5,87.61
95,95,86,80,91,81,94,95,80,91,84,87,86,86,93,88,92,90,86,87,80,81,95,85,80,84,82,94,92,81,90,83,83,90,91,82,82,89,85,82,80,94,90,85,86,86,88,92.0,84.0,89.67,87.33,88.33,90.0,84.33,87.0,82.0,89.0,85.33,87.67,83.6,92.0,85.5,87.0,88.25,87.42,85.5,85.53,88.17,86.97
88,94,82,80,88,88,89,91,90,90,87,94,83,85,84,92,94,83,92,86,86,91,88,83,85,85,90,88,92,85,83,94,83,88,93,92,94,89,89,84,92,95,95,87,80,91,87,88.0,85.33,90.0,90.33,84.0,89.67,88.0,87.33,86.67,88.33,86.67,91.0,89.6,95.0,83.5,89.0,88.42,87.25,87.5,89.09,89.17,88.28
87,94,87,87,94,87,84,86,80,89,92,89,92,88,83,83,90,88,89,84,84,86,80,95,81,94,82,93,80,92,85,83,94,93,81,87,91,87,91,84,88,81,91,92,84,86,93,89.33,89.33,83.33,90.0,87.67,87.0,85.67,87.0,85.67,88.33,87.33,87.0,88.2,86.0,88.0,89.5,88.0,86.83,87.0,87.51,87.83,87.44
92,87,95,93,89,95,94,94,91,91,85,83,91,88,88,88,82,85,86,83,89,86,83,89,85,89,95,95,93,80,94,87,89,90,88,80,91,91,89,84,93,95,89,84,88,84,81,91.33,92.33,93.0,86.33,89.0,85.0,86.0,86.0,89.67,89.33,90.0,86.0,89.6,92.0,86.0,82.5,90.75,86.5,89.5,88.53,86.83,88.42
88,82,80,95,94,85,83,91,89,85,94,86,84,80,93,83,89,91,90,81,80,93,82,85,95,88,91,83,90,85,95,95,92,91,94,93,87,94,83,94,90,91,87,83,89,90,91,83.33,91.33,87.67,88.33,85.67,87.67,83.67,86.67,91.33,86.0,94.0,92.67,89.6,89.0,86.0,90.5,87.67,85.92,88.67,92.09,88.5,88.57
94,80,82,87,85,91,83,82,91,81,91,91,86,89,87,87,83,95,90,93,88,80,93,80,81,94,83,94,94,86,85,82,94,93,82,86,91,88,93,85,93,87,83,94,85,92,87,85.33,87.67,85.33,87.67,87.33,88.33,90.33,84.33,86.0,91.33,87.0,87.0,90.0,85.0,89.5,89.5,86.5,87.58,88.67,88.0,88.0,87.75
95,86,92,90,87,87,90,93,95,94,93,91,88,95,80,85,81,91,93,92,80,88,84,94,80,83,88,92,81,95,87,93,89,89,89,89,91,93,87,95,83,85,94,87,84,92,87,91.0,88.0,92.67,92.67,87.67,85.67,88.33,88.67,83.67,89.33,89.67,89.0,89.8,89.5,85.5,89.5,91.08,87.58,86.5,89.49,88.17,88.56
90,89,92,93,88,87,88,91,93,85,87,91,91,86,91,84,91,93,86,88,83,91,81,85,94,95,89,89,84,92,93,80,88,91,83,87,85,95,90,91,91,88,84,82,90,83,80,90.33,89.33,90.67,87.67,89.33,89.33,85.67,85.67,92.67,88.33,87.0,87.0,90.4,86.0,86.0,81.5,89.5,87.5,90.5,88.13,84.5,88.03
87,88,92,82,87,86,82,89,85,86,92,95,86,95,85,90,87,87,81,93,90,91,89,92,85,83,90,92,86,85,87,87,80,90,84,86,86,93,92,80,85,94,82,86,90,86,85,89.0,85.0,85.33,91.0,88.67,88.0,88.0,90.67,86.0,87.67,84.67,86.67,87.2,88.0,88.0,85.5,87.58,88.83,86.83,86.18,87.17,87.32
87,94,93,90,95,89,95,82,92,87,91,82,81,90,89,93,94,81,88,80,86,90,92,81,89,82,81,91,92,88,86,94,83,95,86,87,86,92,84,86,91,92,82,87,84,92,80,91.33,91.33,89.67,86.67,86.67,89.33,84.67,87.67,84.0,90.33,87.67,89.33,87.8,87.0,85.5,86.0,89.75,87.08,87.17,88.27,86.17,87.69
82,85,84,81,82,94,95,86,93,92,88,93,91,87,86,92,89,88,83,89,81,89,94,91,89,90,84,92,81,82,88,95,92,95,85,82,88,92,82,84,80,95,87,95,93,90,84,83.67,85.67,91.33,91.0,88.0,89.67,84.33,91.33,87.67,85.0,91.67,87.33,85.2,91.0,94.0,87.0,87.92,88.33,86.33,88.07,90.67,88.26
86,93,83,89,84,89,93,83,90,84,83,92,81,87,87,91,94,87,93,81,84,80,90,85,92,88,82,80,95,91,91,95,82,84,80,86,91,80,85,82,92,95,86,95,87,83,89,87.33,87.33,88.67,86.33,85.0,90.67,86.0,85.0,87.33,88.67,89.33,83.33,86.0,90.5,91.0,86.0,87.42,86.67,88.0,86.22,89.17,87.49
86,88,94,95,94,85,86,89,80,88,94,80,82,85,87,90,90,87,84,92,83,80,81,82,82,91,88,93,93,92,95,90,95,89,86,89,89,88,85,88,87,84,84,87,82,85,81,89.33,91.33,85.0,87.33,84.67,89.0,86.33,81.0,87.0,92.67,93.33,88.0,87.4,84.0,84.5,83.0,88.25,85.25,89.83,89.58,83.83,87.35
88,89,87,92,81,86,82,84,89,84,85,87,87,92,93,92,87,84,86,87,85,91,80,87,93,89,92,92,88,86,87,84,82,89,82,95,88,86,94,92,93,94,82,83,95,86,80,88.0,86.33,85.0,85.33,90.67,87.67,86.0,86.0,91.33,88.67,84.33,88.67,90.6,88.0,89.0,83.0,86.17,87.58,90.0,87.87,86.67,87.66
82,86,86,82,91,91,84,93,93,84,93,94,85,86,90,83,88,86,81,82,90,88,86,95,87,81,92,91,90,91,84,82,88,92,85,86,89,92,86,92,86,86,89,84,81,87,88,84.67,88.0,90.0,90.33,87.0,85.67,84.33,89.67,86.67,90.67,84.67,87.67,89.0,87.5,82.5,87.5,88.25,86.67,88.67,87.11,85.83,87.31
95,81,86,93,86,83,85,91,92,88,87,90,94,86,80,87,87,82,84,86,81,90,86,84,81,95,92,80,85,84,85,94,85,89,93,91,87,88,81,83,87,93,82,88,88,83,87,87.33,87.33,89.33,88.33,86.67,85.33,83.67,86.67,89.33,83.0,88.0,91.0,85.2,87.5,88.0,85.0,88.08,85.58,86.17,88.07,86.83,86.95
81,94,80,88,84,88,89,87,81,80,81,84,89,89,83,83,90,95,95,85,81,85,93,90,80,81,94,93,84,95,80,90,83,81,92,91,89,89,81,90,87,93,94,84,86,80,80,85.0,86.67,85.67,81.67,87.0,89.33,87.0,89.33,85.0,90.67,84.33,88.0,87.2,93.5,85.0,80.0,84.75,88.17,87.83,86.51,86.17,86.69
91,92,87,80,82,81,84,90,90,89,88,81,86,94,95,89,84,87,84,81,80,91,93,91,90,81,89,89,92,95,91,93,85,94,90,92,84,84,83,81,81,83,88,82,89,88,80,90.0,81.0,88.0,86.0,91.67,86.67,81.67,91.67,86.67,92.0,89.67,92.0,82.6,85.5,85.5,84.0,86.25,87.92,89.33,88.09,85.0,87.32
85,81,87,94,94,94,87,88,93,88,82,92,93,95,85,95,94,86,93,86,88,90,90,88,84,90,89,82,89,93,91,89,95,93,83,86,95,89,84,82,85,91,89,94,88,89,94,84.33,94.0,89.33,87.33,91.0,91.67,89.0,89.33,87.67,88.0,91.67,87.33,87.0,90.0,91.0,91.5,88.75,90.25,87.83,88.67,90.83,89.27
90,82,94,86,81,94,84,91,84,88,95,89,88,84,88,91,83,91,84,93,95,81,95,92,86,93,89,92,95,88,84,87,94,88,93,94,95,85,80,90,95,94,81,90,93,87,80,88.67,87.0,86.33,90.67,86.67,88.33,90.67,89.33,89.33,91.67,88.33,91.67,89.0,87.5,91.5,83.5,88.17,88.75,90.5,89.67,87.5,88.92
92,80,91,86,80,81,93,91,81,90,84,95,95,90,92,84,87,85,89,87,86,90,91,88,94,84,82,87,80,95,91,92,89,80,88,89,82,92,89,92,95,85,80,89,94,93,82,87.67,82.33,88.33,89.67,92.33,85.33,87.33,89.67,86.67,87.33,90.67,85.67,90.0,82.5,91.5,87.5,87.0,88.67,87.0,88.78,87.17,87.72
87,85,84,90,86,83,95,82,88,88,92,87,82,88,83,94,93,85,80,84,83,86,84,92,94,93,93,83,92,80,88,84,92,82,88,82,82,91,95,84,88,94,86,82,88,93,94,85.33,86.33,88.33,89.0,84.33,90.67,82.33,87.33,93.33,85.0,88.0,84.0,88.0,90.0,85.0,93.5,87.25,86.17,89.17,86.67,89.5,87.75
91,95,90,89,81,85,87,85,83,91,95,92,80,89,91,88,95,94,90,85,82,82,84,88,88,90,80,88,93,81,93,88,82,84,87,87,86,93,84,81,92,85,87,89,95,89,82,92.0,85.0,85.0,92.67,86.67,92.33,85.67,84.67,86.0,87.33,87.67,86.0,87.2,86.0,92.0,85.5,88.67,87.33,86.67,86.96,87.83,87.49
82,94,87,86,87,91,90,83,92,94,94,85,80,84,84,83,81,88,80,85,83,82,84,94,91,92,84,88,87,93,89,94,95,87,95,90,83,95,90,90,84,86,80,86,82,92,93,87.67,88.0,88.33,91.0,82.67,84.0,82.67,86.67,89.0,89.33,92.67,90.67,88.4,83.0,84.0,92.5,88.75,84.0,89.17,90.58,86.5,87.8
94,88,95,91,88,87,80,90,83,90,88,87,91,89,83,84,87,86,80,94,93,82,82,95,84,86,95,81,83,95,90,89,88,94,91,93,83,95,83,95,81,85,85,87,94,92,93,92.33,88.67,84.33,88.33,87.67,85.67,89.0,86.33,88.33,86.33,89.0,92.67,87.4,85.0,90.5,92.5,88.42,87.17,87.33,89.69,89.33,88.39
89,80,81,89,91,88,87,95,90,89,95,94,86,84,88,91,84,80,80,85,93,84,82,92,90,82,92,91,93,90,91,80,92,86,82,81,94,92,87,84,90,87,83,80,82,80,90,83.33,89.33,90.67,92.67,86.0,85.0,86.0,86.0,88.0,91.33,87.67,83.0,89.4,85.0,81.0,85.0,89.0,85.75,89.67,86.69,83.67,86.95
83,92,87,87,88,83,86,91,90,81,93,92,94,93,94,85,84,86,89,89,94,80,82,87,94,91,81,88,91,80,82,95,88,92,82,80,84,81,94,82,80,91,95,80,80,85,93,87.33,86.0,89.0,88.67,93.67,85.0,90.67,83.0,88.67,86.33,88.33,84.67,84.2,93.0,80.0,89.0,87.75,88.08,87.5,85.73,87.33,87.28
91,94,90,80,87,93,93,85,90,94,92,83,93,92,93,88,88,85,85,87,80,82,82,86,89,85,84,94,88,82,80,94,88,90,84,88,87,86,89,92,88,85,88,82,80,87,82,91.67,86.67,89.33,89.67,92.67,87.0,84.0,83.33,86.0,88.0,87.33,87.33,88.4,86.5,81.0,84.5,89.33,86.75,87.0,87.69,84.0,86.95
84,87,90,85,84,90,86,86,91,92,90,86,84,95,94,90,82,88,93,83,85,89,83,84,88,89,94,89,91,80,83,92,84,93,91,80,81,95,81,82,86,82,82,83,92,82,93,87.0,86.33,87.67,89.33,91.0,86.67,87.0,85.33,90.33,86.67,86.33,88.0,85.0,82.0,87.5,87.5,87.58,87.5,88.5,86.44,85.67,87.14
82,82,91,84,89,88,88,80,82,83,88,94,95,84,94,87,85,86,88,89,83,95,83,82,84,88,90,81,87,82,90,87,92,94,87,80,89,92,84,86,87,86,95,92,83,90,89,85.0,87.0,83.33,88.33,91.0,86.0,86.67,86.67,87.33,83.33,89.67,87.0,87.6,90.5,87.5,89.5,85.92,87.58,85.33,88.09,89.17,87.22
94,82,92,82,92,80,95,95,84,88,85,90,88,85,85,83,93,88,88,92,89,95,94,86,82,80,86,91,87,85,89,84,94,94,85,91,86,94,90,85,93,88,95,82,93,89,89,89.33,84.67,91.33,87.67,86.0,88.0,89.67,91.67,82.67,87.67,89.0,90.0,89.6,91.5,87.5,89.0,88.25,88.83,85.17,89.53,89.33,88.22
93,84,88,83,89,87,82,81,81,90,92,89,94,87,91,80,92,94,94,84,94,91,93,95,83,87,87,81,90,85,83,93,94,81,87,88,87,95,80,81,92,87,86,95,80,81,86,88.33,86.33,81.33,90.33,90.67,88.67,90.67,93.0,85.67,85.33,90.0,85.33,87.0,86.5,87.5,83.5,86.58,90.75,85.5,87.44,85.83,87.22
82,87,95,90,80,91,88,91,87,88,89,84,80,81,85,94,86,83,85,81,87,92,88,86,92,95,85,86,86,86,91,91,83,89,82,88,81,90,83,87,94,88,92,81,94,81,87,88.0,87.0,88.67,87.0,82.0,87.67,84.33,88.67,90.67,86.0,88.33,86.33,87.0,90.0,87.5,84.0,87.67,85.67,88.33,87.22,87.17,87.21
90,85,83,85,80,82,93,85,91,82,93,92,92,93,83,85,87,93,80,83,82,84,90,84,81,81,80,94,84,93,85,92,92,93,81,89,84,84,86,89,92,91,95,86,92,92,87,86.0,82.33,89.67,89.0,89.33,88.33,81.67,86.0,80.67,90.33,89.67,87.67,87.0,93.0,89.0,89.5,86.75,86.33,85.5,88.11,90.5,87.44
87,95,80,81,93,92,81,91,82,80,92,80,90,95,92,95,82,83,85,87,90,93,89,84,83,80,91,91,80,92,89,80,93,83,94,84,84,92,95,90,93,85,80,81,83,89,94,87.33,88.67,84.67,84.0,92.33,86.67,87.33,88.67,84.67,87.67,87.33,87.0,90.8,82.5,82.0,91.5,86.17,88.75,86.17,88.38,85.33,86.96
94,84,88,89,84,84,87,82,93,83,95,91,81,95,86,84,81,84,95,80,86,92,88,84,91,82,93,82,89,93,84,86,93,92,92,91,84,81,94,93,84,88,85,81,90,94,92,88.67,85.67,87.33,89.67,87.33,83.0,87.0,88.0,88.67,88.0,87.67,91.67,87.2,86.5,85.5,93.0,87.83,86.33,88.33,88.84,88.33,87.94
84,85,80,84,85,95,85,94,80,91,82,95,88,86,82,83,93,80,82,84,80,83,83,81,93,92,85,80,85,86,81,91,92,94,92,84,81,86,86,93,93,88,83,84,82,81,82,83.0,88.0,86.33,89.33,85.33,85.33,82.0,82.33,90.0,83.67,88.0,90.0,87.8,85.5,83.0,81.5,86.67,83.75,86.83,88.6,83.33,85.84
92,93,94,95,89,81,83,86,86,89,81,82,87,86,83,91,80,92,92,91,87,92,89,83,80,83,84,85,90,82,94,90,84,82,81,92,87,83,92,91,83,80,89,82,89,82,93,93.0,88.33,85.0,84.0,85.33,87.67,90.0,88.0,82.33,85.67,89.33,85.0,87.2,84.5,85.5,87.5,87.58,87.75,84.0,87.18,85.83,86.47
84,84,92,82,85,93,80,87,82,90,83,85,82,84,95,80,87,93,80,81,83,94,86,89,87,91,90,81,82,89,94,80,95,93,85,85,86,84,82,85,83,88,80,84,91,83,94,86.67,86.67,83.0,86.0,87.0,86.67,81.33,89.67,89.33,84.0,89.67,87.67,84.0,84.0,87.5,88.5,85.58,86.17,86.67,87.11,86.67,86.44
94,91,89,92,84,88,90,80,85,94,95,86,86,94,84,87,90,86,90,86,84,83,85,88,89,92,92,93,93,93,90,85,92,87,85,90,81,89,85,89,87,95,92,93,85,86,90,91.33,88.0,85.0,91.67,88.0,87.67,86.67,85.33,91.0,93.0,89.0,87.33,86.2,93.5,89.0,88.0,89.0,86.92,92.0,87.51,90.17,89.12
81,87,81,92,88,93,88,81,89,80,83,83,84,80,80,90,84,90,91,94,90,81,87,94,88,85,85,92,80,92,93,84,91,91,89,88,87,95,84,93,82,87,83,91,80,91,80,83.0,91.0,86.0,82.0,81.33,88.0,91.67,87.33,86.0,88.0,89.33,89.33,88.2,85.0,85.5,85.5,85.5,87.08,87.0,88.96,85.33,86.77
89,82,89,93,95,94,89,80,83,95,94,83,94,87,92,89,89,90,81,85,88,81,82,83,85,90,93,90,83,81,94,86,80,89,82,82,87,86,90,93,89,81,80,87,83,82,89,86.67,94.0,84.0,90.67,91.0,89.33,84.67,82.0,89.33,84.67,86.67,84.33,89.0,80.5,85.0,85.5,88.83,86.75,87.0,86.67,83.67,86.58
91,87,84,90,84,86,89,85,90,89,93,80,93,82,84,95,91,93,87,81,89,88,92,82,95,82,90,81,80,94,83,93,84,90,92,84,91,89,88,80,83,91,88,93,82,93,89,87.33,86.67,88.0,87.33,86.33,93.0,85.67,87.33,89.0,85.0,86.67,88.67,86.2,89.5,87.5,91.0,87.33,88.08,87.0,87.18,89.33,87.79
95,83,91,82,90,88,89,82,94,89,90,93,84,87,80,85,81,89,93,93,93,81,94,83,90,80,92,85,83,88,88,90,90,82,84,81,95,82,81,94,95,82,80,85,80,89,86,89.67,86.67,88.33,90.67,83.67,85.0,93.0,86.0,87.33,85.33,89.33,82.33,89.4,81.0,82.5,87.5,88.83,86.92,86.33,87.02,83.67,86.55
94,82,92,82,81,92,80,85,93,94,84,80,91,92,93,83,93,94,87,95,92,82,90,95,89,89,92,81,94,95,82,83,88,95,85,91,81,94,94,80,82,80,83,90,89,89,87,89.33,85.0,86.0,86.0,92.0,90.0,91.33,89.0,90.0,90.0,84.33,90.33,86.2,81.5,89.5,88.0,86.58,90.58,90.0,86.96,86.33,88.09
91,88,95,84,93,85,91,93,93,83,83,80,92,81,93,80,87,83,88,83,81,86,92,87,85,86,90,95,95,91,85,81,85,80,85,85,87,85,94,83,82,84,91,93,87,90,95,91.33,87.33,92.33,82.0,88.67,83.33,84.0,88.33,87.0,93.67,83.67,83.33,86.2,87.5,90.0,92.5,88.25,86.08,90.33,84.4,90.0,87.81
91,92,82,83,88,88,94,85,84,90,93,87,95,94,87,87,94,92,81,81,93,92,82,86,91,89,80,81,90,94,84,91,81,91,80,81,81,88,80,88,81,86,91,95,87,92,89,88.33,86.33,87.67,90.0,92.0,91.0,85.0,86.67,86.67,88.33,85.33,84.0,83.6,88.5,91.0,90.5,88.08,88.67,87.5,84.31,90.0,87.71
84,88,89,93,87,95,90,80,83,82,80,87,83,93,90,82,88,81,80,80,94,87,91,82,82,87,80,91,93,85,81,82,95,87,91,82,87,89,89,86,95,88,93,92,86,91,91,87.0,91.67,84.33,83.0,88.67,83.67,84.67,86.67,83.0,89.67,86.0,86.67,89.2,90.5,89.0,91.0,86.5,85.92,86.33,87.29,90.17,87.24
90,86,94,81,85,84,93,87,87,80,80,86,84,84,81,80,81,93,93,89,83,88,85,88,82,92,81,87,94,90,94,82,82,87,84,94,84,90,88,90,83,88,84,91,81,87,87,90.0,83.33,89.0,82.0,83.0,84.67,88.33,87.0,85.0,90.33,86.0,88.33,87.0,86.0,86.0,87.0,86.08,85.75,87.67,87.11,86.33,86.59
88,83,94,87,83,88,88,92,90,93,86,81,90,90,91,95,88,84,80,92,91,91,91,88,80,93,91,94,87,87,90,89,85,95,80,83,95,91,89,87,82,86,85,83,82,81,92,88.33,86.0,90.0,86.67,90.33,89.0,87.67,90.0,88.0,89.33,88.0,86.0,88.8,85.5,82.5,86.5,87.75,89.25,88.67,87.6,84.83,87.62
85,83,89,92,83,84,91,86,83,87,85,88,93,90,82,90,95,84,83,80,93,91,89,92,93,90,94,84,93,88,83,80,91,95,86,89,90,87,88,93,81,91,92,85,93,89,92,85.67,86.33,86.67,86.67,88.33,89.67,85.33,90.67,92.33,88.33,84.67,90.0,87.8,91.5,89.0,90.5,86.33,88.5,90.33,87.49,90.33,88.6
91,90,84,83,86,95,81,88,89,92,84,88,89,81,94,88,94,88,88,92,80,83,85,85,91,84,83,83,89,89,88,90,90,83,82,80,90,83,82,80,94,88,90,84,95,87,92,88.33,88.0,86.0,88.0,88.0,90.0,86.67,84.33,86.0,87.0,89.33,81.67,85.8,89.0,89.5,89.5,87.58,87.25,86.5,85.6,89.33,87.25
93,85,91,93,82,93,88,82,88,95,88,87,94,94,93,92,82,89,85,90,81,80,85,83,91,87,83,95,91,90,82,81,95,91,83,80,80,94,81,85,83,82,85,94,92,93,84,89.67,89.33,86.0,90.0,93.67,87.67,85.33,82.67,87.0,92.0,86.0,84.67,84.6,83.5,93.0,88.5,88.75,87.33,89.5,85.09,88.33,87.8
92,87,95,89,82,95,80,91,89,94,94,90,86,95,82,92,87,89,85,89,83,95,95,93,94,87,88,92,86,84,88,93,94,87,82,90,95,85,88,86,87,86,80,80,88,90,92,91.33,88.67,86.67,92.67,87.67,89.33,85.67,94.33,89.67,87.33,91.67,86.33,88.2,83.0,84.0,91.0,89.83,89.25,88.5,88.73,86.0,88.46
85,88,91,83,86,93,81,85,91,91,84,83,95,84,83,92,93,93,94,86,87,85,89,80,90,88,85,93,83,88,93,82,83,94,93,85,85,92,89,82,90,84,86,90,80,93,91,88.0,87.33,85.67,86.0,87.33,92.67,89.0,84.67,87.67,88.0,86.0,90.67,87.6,85.0,85.0,92.0,86.75,88.42,87.83,88.09,87.33,87.68
84,89,93,84,91,84,88,95,84,84,81,92,82,81,88,95,94,90,87,81,92,88,83,85,95,93,95,94,85,83,90,94,89,95,84,81,82,91,83,95,92,84,89,92,93,95,90,88.67,86.33,89.0,85.67,83.67,93.0,86.67,85.33,94.33,87.33,91.0,86.67,88.6,86.5,92.5,92.5,87.42,87.17,90.83,88.76,90.5,88.93
83,80,87,86,91,81,82,94,81,86,87,85,86,92,92,91,93,95,80,92,88,81,89,81,82,84,84,83,80,83,88,88,88,92,89,86,95,83,90,89,90,84,86,85,90,81,84,83.33,86.0,85.67,86.0,90.0,93.0,86.67,83.67,83.33,82.0,88.0,89.0,89.4,85.0,87.5,82.5,85.25,88.33,82.67,88.8,85.0,86.01
86,91,89,85,84,92,94,88,80,90,80,83,81,88,87,82,88,88,80,83,89,90,87,82,84,88,91,87,81,86,81,94,84,89,94,90,92,93,88,94,93,91,88,80,93,94,83,88.67,87.0,87.33,84.33,85.33,86.0,84.0,86.33,87.67,84.67,86.33,91.0,92.0,89.5,86.5,88.5,86.83,85.42,86.17,89.78,88.17,87.27
89,93,85,93,82,91,94,80,92,83,95,83,87,90,82,92,92,92,95,85,91,82,88,87,82,94,84,85,92,93,90,84,95,93,82,93,83,92,93,83,93,89,89,93,87,85,85,89.0,88.67,88.67,87.0,86.33,92.0,90.33,85.67,86.67,90.0,89.67,89.33,88.8,89.0,90.0,85.0,88.33,88.58,88.33,89.27,88.0,88.5
81,80,86,80,84,84,87,81,88,83,84,91,81,84,88,83,89,91,85,91,84,91,95,94,95,87,92,86,92,81,92,89,89,94,87,84,84,92,90,84,90,83,95,93,88,90,86,82.33,82.67,85.33,86.0,84.33,87.67,86.67,93.33,91.33,86.33,90.0,88.33,88.0,89.0,90.5,88.0,84.08,88.0,88.83,88.78,89.17,87.77
95,86,85,87,90,89,84,81,86,87,95,93,83,83,84,87,91,89,92,88,92,86,80,85,82,81,82,91,95,80,89,86,90,87,91,83,94,88,81,84,90,91,89,91,84,95,91,88.67,88.67,83.67,91.67,83.33,89.0,90.67,83.67,81.67,88.67,88.33,87.0,87.4,90.0,87.5,93.0,88.17,86.67,85.17,87.58,90.17,87.55
85,92,81,88,91,83,80,94,94,80,81,80,95,92,86,83,80,93,88,80,83,84,85,82,90,84,83,87,84,86,81,85,90,91,85,94,86,88,92,89,95,87,85,86,95,88,81,86.0,87.33,89.33,80.33,91.0,85.33,83.67,83.67,85.67,85.67,85.33,90.0,90.0,86.0,90.5,84.5,85.75,85.92,85.67,88.44,87.0,86.56
84,95,84,89,80,90,85,91,85,89,92,81,92,92,84,84,91,91,84,83,90,84,95,82,88,87,94,86,86,87,81,92,92,81,94,81,84,89,85,89,84,88,92,86,88,89,88,87.67,86.33,87.0,87.33,89.33,88.67,85.67,87.0,89.67,86.33,88.33,85.33,86.2,90.0,87.0,88.5,87.08,87.67,88.0,86.62,88.5,87.57
85,91,85,85,85,90,95,93,94,81,89,82,85,84,80,84,81,84,84,93,89,92,80,85,92,82,93,85,84,92,88,82,82,94,84,80,87,86,92,91,83,93,81,83,85,87,87,87.0,86.67,94.0,84.0,83.0,83.0,88.67,85.67,89.0,87.0,84.0,86.0,87.8,87.0,84.0,87.0,87.92,85.08,88.0,85.93,86.0,86.59
80,89,91,92,93,86,86,93,81,82,89,95,92,91,84,88,95,88,95,84,88,91,94,81,85,91,87,81,91,88,92,92,85,84,91,81,92,90,83,95,85,81,85,88,94,84,81,86.67,90.33,86.67,88.67,89.0,90.33,89.0,88.67,87.67,86.67,89.67,85.33,89.0,83.0,91.0,82.5,88.08,89.25,87.17,88.0,85.5,87.6
91,90,95,93,82,90,95,85,89,81,87,87,91,83,84,89,81,94,91,85,83,80,94,90,91,87,88,86,94,87,94,94,88,89,90,82,94,94,88,83,80,84,80,92,86,95,85,92.0,88.33,89.67,85.0,86.0,88.0,86.33,88.0,88.67,89.0,92.0,87.0,87.8,82.0,89.0,90.0,88.75,87.08,88.83,88.93,87.0,88.12
87,91,88,84,80,87,85,83,88,89,95,90,89,86,92,85,94,94,81,81,94,84,83,90,86,80,86,91,84,81,92,81,85,94,84,95,90,87,84,89,81,85,86,95,92,85,92,88.67,83.67,85.33,91.33,89.0,91.0,85.33,85.67,84.0,85.33,86.0,91.0,86.2,85.5,93.5,88.5,87.25,87.75,84.67,87.73,89.17,87.31
84,87,94,82,87,93,91,88,88,88,92,93,92,81,84,93,86,93,85,84,80,91,80,89,85,81,83,91,90,85,84,80,86,80,90,85,95,88,88,94,94,81,93,87,80,90,87,88.33,87.33,89.0,91.0,85.67,90.67,83.0,86.67,83.0,88.67,83.33,85.0,91.8,87.0,83.5,88.5,88.92,86.5,85.83,86.71,86.33,86.86
87,80,87,86,86,87,91,80,84,94,80,94,86,95,93,84,84,88,93,93,89,80,94,84,88,81,92,93,91,86,91,82,90,94,85,94,87,95,91,88,83,88,81,90,82,84,83,84.67,86.33,85.0,89.33,91.33,85.33,91.67,86.0,87.0,90.0,87.67,91.0,88.8,84.5,86.0,83.5,86.33,88.58,88.5,89.16,84.67,87.45
90,94,87,86,83,91,85,83,81,81,85,82,93,82,87,90,94,95,93,93,80,87,95,95,87,88,92,90,83,95,85,82,95,95,89,89,94,93,85,93,87,86,89,84,81,88,95,90.33,86.67,83.0,82.67,87.33,93.0,88.67,92.33,89.0,89.33,87.33,91.0,90.4,87.5,82.5,91.5,85.67,90.33,89.17,89.58,87.17,88.38
86,88,91,87,80,89,94,83,87,94,90,90,81,95,88,81,94,85,86,86,82,88,81,88,80,95,94,86,93,87,90,81,95,84,89,90,95,88,81,95,83,83,89,88,95,86,82,88.33,85.33,88.0,91.33,88.0,86.67,84.67,85.67,89.67,88.67,88.67,87.67,88.4,86.0,91.5,84.0,88.25,86.25,89.17,88.24,87.17,87.82
82,84,86,80,93,87,91,82,87,90,83,86,86,90,84,88,90,81,82,92,90,87,95,94,86,95,92,95,81,91,94,95,89,85,94,83,95,84,86,83,88,86,87,87,82,94,82,84.0,86.67,86.67,86.33,86.67,86.33,88.0,92.0,91.0,89.0,92.67,87.33,87.2,86.5,84.5,88.0,85.92,88.25,90.0,89.07,86.33,87.91
84,85,92,91,88,88,95,83,91,93,87,84,93,92,89,95,80,85,91,89,87,82,89,86,84,86,89,83,86,81,80,84,84,80,83,87,89,95,90,95,85,87,87,86,83,89,95,87.0,89.0,89.67,88.0,91.33,86.67,89.0,85.67,86.33,83.33,82.67,83.33,90.8,87.0,84.5,92.0,88.42,88.17,84.83,85.6,87.83,86.97
91,81,92,84,94,95,87,89,80,92,80,85,91,81,95,92,80,92,94,93,82,91,88,84,86,85,87,84,91,88,80,93,87,80,95,87,92,83,87,84,94,90,82,88,81,93,82,88.0,91.0,85.33,85.67,89.0,88.0,89.67,87.67,86.0,87.67,86.67,87.33,88.0,86.0,84.5,87.5,87.5,88.58,86.83,87.33,86.0,87.25
88,84,87,87,80,92,84,81,81,85,93,80,92,89,86,93,91,81,84,93,89,86,87,91,82,85,84,90,94,93,89,86,93,94,86,82,91,94,92,95,88,95,83,83,80,94,82,86.33,86.33,82.0,86.0,89.0,88.33,88.67,88.0,83.67,92.33,89.33,87.33,92.0,89.0,81.5,88.0,85.17,88.5,88.0,89.56,86.17,87.48
82,92,89,92,90,84,92,93,88,86,90,82,88,83,90,93,85,90,89,89,81,94,81,88,88,87,82,80,92,92,95,89,81,91,80,91,89,91,95,85,92,86,91,92,81,89,85,87.67,88.67,91.0,86.0,87.0,89.33,86.33,87.67,85.67,88.0,88.33,87.33,90.4,88.5,86.5,87.0,88.33,87.58,86.83,88.69,87.33,87.75
86,88,89,92,87,94,85,82,94,90,83,92,85,95,86,92,87,92,87,93,82,91,87,90,88,86,84,89,82,80,86,92,86,92,92,81,82,91,80,86,95,85,86,83,83,85,83,87.67,91.0,87.0,88.33,88.67,90.33,87.33,89.33,86.0,83.67,88.0,88.33,86.8,85.5,83.0,84.0,88.5,88.92,84.83,87.71,84.17,86.83
81,87,91,86,93,92,89,84,94,83,81,91,94,93,83,89,80,89,82,89,83,84,90,92,81,84,86,81,85,86,88,87,85,88,84,91,95,83,95,84,89,94,81,84,89,81,86,86.33,90.33,89.0,85.0,90.0,86.0,84.67,88.67,83.67,84.0,86.67,87.67,89.2,87.5,86.5,83.5,87.67,87.33,83.83,87.84,85.83,86.5
84,87,93,81,81,90,89,92,91,86,94,95,86,88,85,81,82,84,83,89,95,81,87,89,81,90,84,90,92,86,82,85,80,82,91,80,83,92,82,86,91,82,80,86,81,93,83,88.0,84.0,90.67,91.67,86.33,82.33,89.0,85.67,85.0,89.33,82.33,84.33,86.8,81.0,83.5,88.0,88.58,85.83,87.17,84.49,84.17,86.05
92,89,91,87,84,91,94,88,93,80,85,93,89,88,87,88,82,82,81,95,85,87,89,95,91,81,80,87,90,92,95,90,86,87,84,80,88,87,85,80,88,84,89,91,89,86,86,90.67,87.33,91.67,86.0,88.0,84.0,87.0,90.33,84.0,89.67,90.33,83.67,85.6,86.5,90.0,86.0,88.92,87.33,86.83,86.53,87.5,87.42
85,84,80,90,84,94,86,81,84,94,83,85,86,95,85,89,95,83,84,95,89,80,88,92,88,94,93,81,85,92,82,92,87,92,82,93,80,94,93,83,84,90,87,80,85,85,87,83.0,89.33,83.67,87.33,88.67,89.0,89.33,86.67,91.67,86.0,87.0,89.0,86.8,88.5,82.5,86.0,85.83,88.42,88.83,87.6,85.67,87.27
81,94,92,84,92,87,83,91,90,81,90,84,86,94,81,80,86,91,87,91,89,85,92,81,93,95,91,84,82,90,88,86,95,82,86,87,81,81,87,82,89,88,93,89,82,88,92,89.0,87.67,88.0,85.0,87.0,85.67,89.0,86.0,93.0,85.33,89.67,85.0,84.0,90.5,85.5,90.0,87.42,86.92,89.17,86.22,88.67,87.68
94,84,81,93,84,94,94,81,83,93,94,82,88,91,87,82,91,81,82,93,92,90,90,95,87,86,86,89,84,83,81,83,81,81,95,91,80,93,92,86,89,86,88,85,94,89,84,86.33,90.33,86.0,89.67,88.67,84.67,89.0,91.67,86.33,85.33,81.67,89.0,88.0,87.0,89.5,86.5,88.08,88.5,85.83,86.22,87.67,87.26
82,90,89,88,88,93,84,81,80,94,84,86,94,81,82,85,82,94,86,95,91,88,85,88,90,81,81,86,81,80,88,80,93,80,82,95,83,84,89,86,92,88,90,90,92,84,89,87.0,89.67,81.67,88.0,85.67,87.0,90.67,87.0,84.0,82.33,87.0,85.67,86.8,89.0,91.0,86.5,86.58,87.58,83.17,86.49,88.83,86.53
89,82,86,88,80,89,91,88,85,93,86,86,91,83,84,85,81,88,82,82,93,87,92,87,87,80,95,81,85,82,90,90,89,89,87,89,89,82,83,89,80,83,90,81,85,83,93,85.67,85.67,88.0,88.33,86.0,84.67,85.67,88.67,87.33,82.67,89.67,88.33,84.6,86.5,83.0,88.0,86.92,86.25,85.0,87.53,85.83,86.31
80,89,81,86,89,84,94,84,86,81,93,92,83,81,87,81,90,92,94,85,95,90,83,86,93,92,92,86,88,90,94,94,88,94,84,93,80,81,93,88,84,80,92,93,88,80,84,83.33,86.33,88.0,88.67,83.67,87.67,91.33,86.33,92.33,88.0,92.0,90.33,85.2,86.0,90.5,82.0,86.58,87.25,90.17,89.18,86.17,87.87
82,92,95,84,95,93,82,90,88,91,83,85,86,83,86,94,90,84,95,90,87,83,85,88,93,90,95,88,83,85,83,95,92,90,89,85,83,83,85,90,94,91,87,94,95,83,94,89.67,90.67,86.67,86.33,85.0,89.33,90.67,85.33,92.67,85.33,90.0,88.0,87.0,89.0,94.5,88.5,88.33,87.58,89.0,88.33,90.67,88.78
95,83,81,81,86,90,87,86,92,86,95,85,86,89,85,87,80,81,95,84,86,80,80,90,81,86,94,81,94,87,80,85,85,87,89,91,95,86,85,88,95,92,87,94,91,93,83,86.33,85.67,88.33,88.67,86.67,82.67,88.33,83.33,87.0,87.33,83.33,89.0,89.8,89.5,92.5,88.0,87.25,85.25,87.17,87.38,90.0,87.41
80,80,90,91,89,85,84,87,88,88,85,85,84,92,81,87,83,83,83,93,92,86,95,91,90,93,84,81,81,85,82,93,82,85,90,91,84,86,82,85,94,94,91,87,88,80,86,83.33,88.33,86.33,86.0,85.67,84.33,89.33,90.67,89.0,82.33,85.67,88.67,86.2,92.5,87.5,83.0,86.0,87.5,85.67,86.84,87.67,86.74
95,82,89,90,83,88,80,89,85,94,87,85,80,90,86,81,87,94,89,81,89,83,93,82,91,87,80,93,81,92,93,89,87,80,87,80,90,92,84,87,95,80,89,87,85,95,92,88.67,87.0,84.67,88.67,85.33,87.33,86.33,86.0,86.0,88.67,89.67,82.33,89.6,84.5,86.0,93.5,87.25,86.25,87.33,87.2,88.0,87.21
85,85,94,83,83,91,86,80,84,91,83,92,94,85,85,89,84,85,93,92,90,95,83,86,94,95,90,80,92,86,87,91,86,84,83,95,87,95,88,92,92,95,93,86,90,81,82,88.0,85.67,83.33,88.67,88.0,86.0,91.67,88.0,93.0,86.0,88.0,87.33,90.8,94.0,88.0,81.5,86.42,88.42,89.5,88.71,87.83,88.18
92,84,90,83,92,89,91,83,82,94,81,90,86,84,80,91,83,80,83,81,87,91,95,83,89,89,82,92,80,86,90,94,89,95,81,81,80,82,93,83,85,84,93,82,95,93,86,88.67,88.0,85.33,88.33,83.33,84.67,83.67,89.67,86.67,86.0,91.0,85.67,84.6,88.5,88.5,89.5,87.58,85.33,86.33,87.09,88.83,87.03
88,81,90,95,90,87,92,80,85,95,92,81,85,90,93,91,88,86,92,94,89,83,81,84,83,84,84,86,92,87,84,90,89,87,81,95,89,86,85,80,90,94,93,84,92,83,92,86.33,90.67,85.67,89.33,89.33,88.33,91.67,82.67,83.67,88.33,87.67,87.67,86.0,93.5,88.0,87.5,88.0,88.0,86.0,87.11,89.67,87.76
83,89,93,90,82,89,92,86,92,86,81,85,88,80,83,85,89,87,93,92,93,85,91,85,85,88,92,82,82,84,94,84,91,92,89,85,90,84,81,84,95,91,87,90,88,93,94,88.33,87.0,90.0,84.0,83.67,87.0,92.67,87.0,88.33,82.67,89.67,88.67,86.8,89.0,89.0,93.5,87.33,87.58,85.5,88.38,90.5,87.86
82,88,87,88,83,81,94,81,89,88,85,87,91,94,90,80,84,86,92,83,85,91,95,80,83,90,81,94,82,89,91,81,94,87,93,83,81,85,93,85,83,87,95,94,95,86,90,85.67,84.0,88.0,86.67,91.67,83.33,86.67,88.67,84.67,88.33,88.67,87.67,85.4,91.0,94.5,88.0,86.08,87.58,86.5,87.24,91.17,87.72
92,83,80,95,84,93,85,86,88,88,85,93,89,90,83,95,84,83,95,91,95,91,90,83,87,80,93,93,89,81,83,84,86,94,92,91,92,88,94,90,81,83,83,83,81,83,84,85.0,90.67,86.33,88.67,87.33,87.33,93.67,88.0,86.67,87.67,84.33,92.33,89.0,83.0,82.0,83.5,87.67,89.08,87.17,88.56,82.83,87.06
95,94,88,94,93,89,80,90,87,93,95,95,95,80,81,80,87,91,91,95,94,83,80,87,88,84,80,82,83,83,81,93,93,90,86,84,95,82,81,94,87,94,88,92,83,91,89,92.33,92.0,85.67,94.33,85.33,86.0,93.33,83.33,84.0,82.67,89.0,86.67,87.8,91.0,87.5,90.0,91.08,87.0,83.33,87.82,89.5,87.75
83,82,90,95,95,94,86,88,88,86,84,95,94,90,85,93,92,86,93,89,91,82,84,93,94,83,88,85,80,85,84,86,83,80,81,93,86,81,85,92,87,88,90,90,95,80,95,85.0,94.67,87.33,88.33,89.67,90.33,91.0,86.33,88.33,83.33,84.33,84.67,86.2,89.0,92.5,87.5,88.83,89.33,85.83,85.07,89.67,87.75
81,89,94,85,91,92,87,90,85,86,81,86,95,91,84,85,82,82,81,85,95,86,95,91,83,82,88,81,85,83,81,95,90,88,84,90,89,81,87,92,87,92,88,95,83,93,83,88.0,89.33,87.33,84.33,90.0,83.0,87.0,90.67,84.33,83.0,88.67,87.33,87.2,90.0,89.0,88.0,87.25,87.67,83.67,87.73,89.0,87.06
94,86,84,81,89,84,92,84,87,83,89,82,87,81,86,86,83,80,95,92,81,86,94,87,87,80,84,84,89,85,94,86,91,88,92,81,81,95,88,89,92,83,82,90,91,80,89,88.0,84.67,87.67,84.67,84.67,83.0,89.33,89.0,83.67,86.0,90.33,87.0,89.0,82.5,90.5,84.5,86.25,86.5,84.83,88.78,85.83,86.44
84,91,94,91,80,92,95,87,93,82,83,89,85,90,80,90,86,83,82,82,80,88,94,94,83,94,91,89,84,93,94,84,87,84,93,84,93,83,95,83,85,86,90,94,86,95,88,89.67,87.67,91.67,84.67,85.0,86.33,81.33,92.0,89.33,88.67,88.33,87.0,87.8,88.0,90.0,91.5,88.42,86.17,89.0,87.71,89.83,88.23
84,85,95,82,92,91,84,90,86,91,86,85,85,86,82,83,89,83,83,85,88,88,80,82,88,88,85,93,89,95,86,80,85,83,89,80,87,94,94,81,82,86,88,90,88,85,93,88.0,88.33,86.67,87.33,84.33,85.0,85.33,83.33,87.0,92.33,83.67,84.0,87.6,87.0,89.0,89.0,87.58,84.5,89.67,85.09,88.33,87.03
95,94,92,87,81,86,95,88,84,84,91,82,90,90,82,89,85,88,85,93,91,84,89,84,84,89,90,84,86,90,80,80,91,81,92,93,92,81,93,90,84,90,85,85,91,84,80,93.67,84.67,89.0,85.67,87.33,87.33,89.67,85.67,87.67,86.67,83.67,88.67,88.0,87.5,88.0,82.0,88.25,87.5,87.17,86.78,85.83,87.11
93,88,95,89,82,91,82,87,88,90,80,81,81,83,89,86,93,95,85,94,81,82,82,88,90,84,89,83,84,82,81,90,86,90,81,80,87,80,82,85,90,89,94,90,92,88,88,92.0,87.33,85.67,83.67,84.33,91.33,86.67,84.0,87.67,83.0,85.67,83.67,84.8,91.5,91.0,88.0,87.17,86.58,85.33,84.71,90.17,86.79
95,85,84,81,81,80,95,84,94,85,81,80,95,93,85,87,80,91,84,89,93,92,94,83,81,83,95,94,93,95,82,86,93,82,89,87,85,92,87,95,94,90,92,85,92,93,83,88.0,80.67,91.0,82.0,91.0,86.0,88.67,89.67,86.33,94.0,87.0,86.0,90.6,91.0,88.5,88.0,85.42,88.83,90.17,87.87,89.17,88.29
84,84,82,84,95,89,91,82,85,85,91,80,84,95,92,83,81,81,81,94,83,81,81,87,81,81,93,89,81,92,81,83,85,83,93,95,87,95,87,94,83,84,91,82,86,92,84,83.33,89.33,86.0,85.33,90.33,81.67,86.0,83.0,85.0,87.33,83.0,90.33,89.2,87.5,84.0,88.0,86.0,85.25,86.17,87.51,86.5,86.29
86,91,87,90,82,87,90,89,81,84,86,83,91,87,87,84,81,88,80,94,87,86,85,88,91,88,80,91,89,84,82,81,80,91,81,82,81,80,80,94,90,83,80,86,94,83,91,88.0,86.33,86.67,84.33,88.33,84.33,87.0,86.33,86.33,88.0,81.0,84.67,85.0,81.5,90.0,87.0,86.33,86.5,87.17,83.56,86.17,85.94
86,88,90,90,93,83,81,93,82,86,82,93,89,92,95,83,88,86,81,90,93,92,80,88,85,85,88,84,89,86,80,80,87,85,94,82,85,93,87,84,85,84,93,90,88,87,81,88.0,88.67,85.33,87.0,92.0,85.67,88.0,86.67,86.0,86.33,82.33,87.0,86.8,88.5,89.0,84.0,87.25,88.08,86.17,85.38,87.17,86.81
92,87,92,84,83,90,91,85,88,85,83,86,92,93,87,91,92,91,80,88,93,88,85,86,82,85,88,95,89,81,81,80,82,85,89,85,87,95,90,86,82,90,93,94,87,85,86,90.33,85.67,88.0,84.67,90.67,91.33,87.0,86.33,85.0,88.33,81.0,86.33,88.0,91.5,90.5,85.5,87.17,88.83,86.67,85.11,89.17,87.39
94,92,81,85,95,83,82,84,94,80,94,91,84,90,85,87,95,80,80,93,84,84,87,80,95,81,95,95,92,81,83,95,82,84,94,92,80,82,81,91,80,92,88,81,95,89,82,89.0,87.67,86.67,88.33,86.33,87.33,85.67,83.67,90.33,89.33,86.67,90.0,82.8,90.0,88.0,85.5,87.92,85.75,89.83,86.49,87.83,87.56
90,86,87,81,88,94,92,87,82,88,80,91,90,83,83,82,82,80,87,85,84,93,94,87,90,83,95,95,88,81,86,93,93,93,88,91,88,89,83,90,93,80,84,95,92,85,80,87.67,87.67,87.0,86.33,85.33,81.33,85.33,91.33,89.33,88.0,90.67,90.67,88.6,82.0,93.5,82.5,87.17,85.83,88.67,89.98,86.0,87.53
90,85,87,80,93,91,80,83,94,95,81,92,95,90,92,88,95,83,85,95,81,95,87,90,81,88,92,84,85,81,85,95,90,88,82,81,91,88,86,89,85,83,89,85,86,87,92,87.33,88.0,85.67,89.33,92.33,88.67,87.0,90.67,87.0,83.33,90.0,83.67,87.8,86.0,85.5,89.5,87.58,89.67,85.17,87.16,87.0,87.31
80,93,91,85,82,80,86,89,87,82,94,87,88,85,83,81,93,94,93,80,91,90,80,85,86,94,92,90,83,82,93,86,89,87,88,94,93,90,90,80,82,94,90,91,91,89,85,88.0,82.33,87.33,87.67,85.33,89.33,88.0,85.0,90.67,85.0,89.33,89.67,87.0,92.0,91.0,87.0,86.33,86.92,87.83,88.67,90.0,87.95
91,86,87,84,93,87,84,89,80,95,95,84,90,90,90,84,94,86,82,91,85,83,87,82,80,95,90,88,87,83,91,89,95,82,84,81,80,90,90,84,86,87,86,85,86,90,81,88.0,88.0,84.33,91.33,90.0,88.0,86.0,84.0,88.33,86.0,91.67,82.33,86.0,86.5,85.5,85.5,87.92,87.0,87.17,86.67,85.83,86.92
81,89,80,91,87,90,88,92,86,84,81,90,90,92,83,90,90,90,88,84,92,87,94,93,86,83,90,84,85,86,95,91,89,83,80,82,88,84,93,87,93,93,83,93,82,93,94,83.33,89.33,88.67,85.0,88.33,90.0,88.0,91.33,86.33,85.0,91.67,81.67,89.0,88.0,87.5,93.5,86.58,89.42,85.67,87.44,89.67,87.76
80,95,91,88,83,88,86,84,91,95,86,88,90,87,89,86,80,84,92,81,93,85,92,82,83,91,89,86,89,93,80,86,90,87,92,85,89,86,95,92,80,92,81,95,84,83,93,88.67,86.33,87.0,89.67,88.67,83.33,88.67,86.33,87.67,89.33,85.33,88.0,88.4,86.5,89.5,88.0,87.92,86.75,88.5,87.24,88.0,87.68
90,92,83,92,88,90,84,92,86,86,84,86,87,91,85,93,93,81,89,81,86,92,87,80,95,92,92,82,89,89,81,85,95,83,95,95,88,84,90,91,91,91,84,89,95,87,81,88.33,90.0,87.33,85.33,87.67,89.0,85.33,86.33,93.0,86.67,87.0,91.0,88.8,87.5,92.0,84.0,87.75,87.08,89.83,88.93,87.83,88.29
95,86,86,94,95,86,81,82,93,92,80,89,88,87,95,82,84,80,80,94,82,88,85,94,92,93,84,92,82,85,85,84,84,87,84,84,80,94,87,93,84,82,84,90,85,92,86,89.0,91.67,85.33,87.0,90.0,82.0,85.33,89.0,89.67,86.33,84.33,85.0,87.6,83.0,87.5,89.0,88.25,86.58,88.0,85.64,86.5,87.0
81,89,85,82,83,81,94,95,89,93,89,84,86,94,80,87,86,83,89,95,92,86,95,89,83,91,80,80,91,91,84,85,81,87,95,94,86,90,92,80,95,82,80,94,83,91,89,85.0,82.0,92.67,88.67,86.67,85.33,92.0,90.0,84.67,87.33,83.33,92.0,88.6,81.0,88.5,90.0,87.08,88.5,86.0,87.98,86.5,87.21
81,84,88,87,82,87,94,95,90,88,81,80,85,83,94,85,87,87,80,89,88,92,95,90,91,82,88,81,88,86,89,84,89,80,83,95,85,82,82,90,90,81,89,84,90,94,80,84.33,85.33,93.0,83.0,87.33,86.33,85.67,92.33,87.0,85.0,87.33,86.0,85.8,85.0,87.0,87.0,86.42,87.92,86.0,86.38,86.33,86.61
81,88,84,80,83,80,95,83,91,82,95,91,83,90,89,81,90,88,94,88,90,82,95,87,92,84,87,94,88,95,94,86,91,87,89,86,85,94,80,95,86,84,86,94,84,82,92,84.33,81.0,89.67,89.33,87.33,86.33,90.67,88.0,87.67,92.33,90.33,87.33,88.0,85.0,89.0,87.0,86.08,88.08,90.0,88.56,87.0,87.94
81,90,90,94,83,86,95,91,90,88,93,82,93,81,82,80,90,83,80,95,84,94,88,94,88,84,94,88,95,86,85,85,90,82,85,82,83,82,93,88,82,91,85,81,93,82,94,87.0,87.67,92.0,87.67,85.33,84.33,86.33,92.0,88.67,89.67,86.67,83.0,85.6,88.0,87.0,88.0,88.58,87.0,89.17,85.09,87.67,87.5
84,82,81,80,85,90,93,88,92,94,87,87,82,89,92,86,85,93,90,80,91,91,94,95,93,91,90,94,83,94,80,95,81,84,83,84,85,84,90,92,85,95,84,84,91,83,89,82.33,85.0,91.0,89.33,87.67,88.0,87.0,93.33,91.33,90.33,85.33,83.67,87.2,89.5,87.5,86.0,86.92,89.0,90.83,85.4,87.67,87.96
88,81,86,83,90,81,83,87,84,89,87,90,83,86,84,85,82,92,83,80,84,84,88,89,89,85,81,87,94,83,87,82,91,80,84,80,84,90,82,86,91,93,87,84,85,83,84,85.0,84.67,84.67,88.67,84.33,86.33,82.33,87.0,85.0,88.0,86.67,81.33,86.6,90.0,84.5,83.5,85.75,85.0,86.5,84.87,86.0,85.62
84,87,95,87,95,94,92,93,90,84,81,94,80,94,95,89,89,90,86,95,90,82,82,83,95,87,91,86,82,85,82,87,90,83,90,91,84,87,88,80,84,92,94,86,85,83,84,88.67,92.0,91.67,86.33,89.67,89.33,90.33,82.33,91.0,84.33,86.33,88.0,84.6,93.0,85.5,83.5,89.67,87.92,87.67,86.31,87.33,87.78
86,86,85,82,92,88,84,93,82,80,91,84,81,80,94,92,82,89,93,94,81,94,85,91,90,82,81,87,89,94,86,81,86,90,90,85,90,93,94,88,84,80,84,89,93,89,93,85.67,87.33,86.33,85.0,85.0,87.67,89.33,90.0,84.33,90.0,84.33,88.33,89.8,82.0,91.0,91.0,86.08,88.0,87.17,87.49,88.0,87.35
94,88,87,88,92,87,91,93,84,84,90,93,80,89,83,89,89,88,90,88,86,89,90,89,88,89,82,94,95,93,89,94,91,86,95,87,82,82,85,86,94,95,88,82,92,94,92,89.67,89.0,89.33,89.0,84.0,88.67,88.0,89.33,86.33,94.0,91.33,89.33,85.8,91.5,87.0,93.0,89.25,87.5,90.17,88.82,90.5,89.25
80,94,86,85,93,88,81,84,91,83,93,94,80,86,91,95,81,89,85,91,82,86,84,81,88,94,87,81,85,80,88,86,82,82,81,81,81,92,80,85,95,80,85,95,86,83,83,86.67,88.67,85.33,90.0,85.67,88.33,86.0,83.67,89.67,82.0,85.33,81.33,86.6,82.5,90.5,83.0,87.67,85.92,85.83,84.42,85.33,85.83
91,91,94,83,84,92,92,81,80,90,82,95,81,94,84,81,83,90,86,82,81,86,81,84,81,85,83,82,86,82,87,92,81,92,92,83,89,92,89,95,81,88,86,86,89,92,92,92.0,86.33,84.33,89.0,86.33,84.67,83.0,83.67,83.0,83.33,86.67,89.0,89.2,87.0,87.5,92.0,87.92,84.42,83.17,88.29,88.83,86.52
82,87,88,94,94,92,80,80,81,88,89,87,84,87,83,80,88,83,90,80,80,85,94,90,85,83,95,81,91,95,84,89,85,95,84,88,89,90,90,91,82,84,92,88,86,80,88,85.67,93.33,80.33,88.0,84.67,83.67,83.33,89.67,87.67,89.0,86.0,89.0,88.4,88.0,87.0,84.0,86.83,85.33,88.33,87.8,86.33,86.93
87,90,87,80,85,83,80,89,81,89,82,87,91,90,84,84,82,90,87,89,91,92,84,87,80,83,86,89,95,93,87,95,82,92,85,88,94,84,81,89,89,92,87,91,91,88,95,88.0,82.67,83.33,86.0,88.33,85.33,89.0,87.67,83.0,92.33,88.0,88.33,87.4,89.5,91.0,91.5,85.0,87.58,87.67,87.91,90.67,87.77
80,91,81,93,93,86,86,85,87,82,83,94,87,92,85,85,90,95,95,85,84,82,83,94,93,93,82,83,83,92,82,93,90,87,90,88,87,85,91,82,90,85,84,95,95,82,80,84.0,90.67,86.0,86.33,88.0,90.0,88.0,86.33,89.33,86.0,88.33,88.33,87.0,84.5,95.0,81.0,86.75,88.08,87.67,87.89,86.83,87.44
82,84,81,86,95,93,87,88,95,80,82,82,95,91,89,89,84,95,90,81,91,89,86,90,90,95,88,84,86,82,92,80,88,81,88,85,85,82,87,94,81,82,85,81,88,91,83,82.33,91.33,90.0,81.33,91.67,89.33,87.33,88.33,91.0,84.0,86.67,84.67,85.8,83.5,84.5,87.0,86.25,89.17,87.5,85.71,85.0,86.73
80,84,84,80,94,82,80,90,82,88,82,88,91,92,93,80,92,84,94,85,83,94,81,92,81,91,94,89,93,84,82,82,81,86,86,81,81,86,86,82,93,82,92,80,82,85,87,82.67,85.33,84.0,86.0,92.0,85.33,87.33,89.0,88.67,88.67,81.67,84.33,85.6,87.0,81.0,86.0,84.5,88.42,88.67,83.87,84.67,86.02
88,80,88,91,92,81,88,95,82,90,88,90,85,84,83,94,92,81,89,89,88,82,92,89,83,91,84,93,85,93,95,81,95,93,83,92,93,94,88,84,80,92,81,84,81,89,88,85.33,88.0,88.33,89.33,84.0,89.0,88.67,87.67,86.0,90.33,90.33,89.33,87.8,86.5,82.5,88.5,87.75,87.33,88.17,89.16,85.83,87.65
94,89,93,81,94,81,91,89,95,87,83,91,89,81,93,84,90,95,92,88,94,89,81,85,89,80,84,88,90,84,86,85,84,89,86,90,94,84,91,82,88,80,84,91,85,87,89,92.0,85.33,91.67,87.0,87.67,89.67,91.33,85.0,84.33,87.33,85.0,88.33,87.8,82.0,88.0,88.0,89.0,88.42,85.83,87.04,86.0,87.26
90,80,84,80,86,91,89,91,93,85,89,95,81,84,89,92,86,90,88,89,81,81,84,95,80,88,82,92,80,81,89,93,85,86,83,88,81,91,87,90,83,82,91,84,88,91,95,84.67,85.67,91.0,89.67,84.67,89.33,86.0,86.67,83.33,84.33,89.0,85.67,86.4,86.5,86.0,93.0,87.75,86.67,83.83,87.02,88.5,86.75
90,91,83,88,91,92,82,88,81,80,88,80,82,86,90,82,82,82,80,82,91,88,94,95,87,88,95,83,83,80,83,83,84,83,95,82,95,91,84,81,86,81,84,82,94,86,90,88.0,90.33,83.67,82.67,86.0,82.0,84.33,92.33,90.0,82.0,83.33,86.67,87.4,82.5,88.0,88.0,86.17,86.17,86.0,85.8,86.17,86.06
86,93,89,92,80,81,95,89,80,85,89,90,89,85,87,89,87,94,95,92,88,94,84,90,82,90,84,88,86,94,92,83,90,86,82,93,86,81,82,91,95,83,83,95,92,81,80,89.33,84.33,88.0,88.0,87.0,90.0,91.67,89.33,85.33,89.33,88.33,87.0,87.0,83.0,93.5,80.5,87.42,89.5,87.33,87.44,85.67,87.47
81,90,80,91,85,86,90,87,88,93,83,81,81,91,95,94,94,92,92,88,87,83,90,84,86,95,94,89,81,93,80,84,93,92,91,82,80,84,91,93,94,83,92,89,83,91,88,83.67,87.33,88.33,85.67,89.0,93.33,89.0,85.67,91.67,87.67,85.67,88.33,88.4,87.5,86.0,89.5,86.25,89.25,89.67,87.47,87.67,88.06
92,93,80,81,84,85,87,92,80,83,92,82,84,80,91,90,95,82,93,89,87,95,85,84,95,87,82,84,92,84,85,95,82,93,89,84,83,81,81,94,94,83,93,81,82,95,82,88.33,83.33,86.33,85.67,85.0,89.0,89.67,88.0,88.0,86.67,87.33,88.67,86.6,88.0,81.5,88.5,85.92,87.92,87.33,87.53,86.0,86.94
83,93,95,86,82,81,84,84,89,85,94,86,87,88,95,89,86,82,90,85,95,95,84,95,90,95,87,93,82,89,82,85,87,80,81,83,95,94,91,85,85,94,91,86,84,87,84,90.33,83.0,85.67,88.33,90.0,85.67,90.0,91.33,90.67,88.0,84.67,81.33,90.0,92.5,85.0,85.5,86.83,89.25,89.33,85.33,87.67,87.68
80,88,95,91,94,84,81,86,80,81,87,89,86,84,80,89,82,82,83,92,85,88,85,82,81,86,89,81,86,87,92,93,89,90,80,94,85,91,82,84,88,89,84,88,91,85,82,87.67,89.67,82.33,85.67,83.33,84.33,86.67,85.0,85.33,84.67,91.33,88.0,86.0,86.5,89.5,83.5,86.33,84.83,85.0,88.44,86.5,86.22
88,87,95,88,86,81,93,86,94,81,84,91,85,81,81,90,90,83,90,85,89,91,84,81,91,82,83,94,81,87,84,81,84,82,88,86,81,82,88,85,82,83,86,90,84,88,95,90.0,85.0,91.0,85.33,82.33,87.67,88.0,85.33,85.33,87.33,83.0,85.33,83.6,84.5,87.0,91.5,87.83,85.83,86.33,83.98,87.67,86.33
93,92,94,91,94,90,90,81,95,95,88,90,82,91,84,84,80,91,89,87,87,91,83,93,91,91,94,89,84,83,88,93,80,95,87,89,92,86,94,84,87,87,93,87,80,92,81,93.0,91.67,88.67,91.0,85.67,85.0,87.67,89.0,92.0,85.33,87.0,90.33,88.6,90.0,83.5,86.5,91.08,86.83,88.67,88.64,86.67,88.38
84,83,89,94,85,80,87,90,94,84,84,84,88,92,89,89,83,85,94,94,83,85,84,82,94,84,92,95,91,90,84,83,83,80,94,82,92,94,92,95,85,81,95,81,94,91,86,85.33,86.33,90.33,84.0,89.67,85.67,90.33,83.67,90.0,92.0,83.33,85.33,91.6,88.0,87.5,88.5,86.5,87.33,91.0,86.76,88.0,87.92
92,95,90,84,88,89,84,92,86,89,84,80,86,82,80,86,86,93,80,87,94,86,93,87,88,81,81,85,80,90,90,84,90,90,91,86,89,87,92,86,92,91,90,82,80,85,82,92.33,87.0,87.33,84.33,82.67,88.33,87.0,88.67,83.33,85.0,88.0,89.0,89.2,90.5,81.0,83.5,87.75,86.67,84.17,88.73,85.0,86.46
80,95,85,94,94,84,85,86,84,88,92,80,90,93,95,83,87,93,87,88,84,84,93,85,87,82,88,83,93,81,86,85,95,86,80,87,88,86,83,88,90,86,89,86,91,92,90,86.67,90.67,85.0,86.67,92.67,87.67,86.33,87.33,85.67,85.67,88.67,84.33,87.0,87.5,88.5,91.0,87.25,88.5,85.67,86.67,89.0,87.42
92,92,84,82,92,93,83,83,83,86,92,91,89,92,85,95,88,81,91,81,90,93,90,91,85,88,80,81,87,82,94,90,90,91,87,83,93,95,95,91,88,95,90,85,93,85,88,89.33,89.0,83.0,89.67,88.67,88.0,87.33,91.33,84.33,83.33,91.33,87.0,92.4,92.5,89.0,86.5,87.75,88.83,83.83,90.24,89.33,88.0
87,86,80,86,93,89,87,83,94,91,91,83,86,92,89,86,82,86,84,84,84,81,94,88,82,93,80,85,89,82,83,89,95,81,82,90,83,93,93,94,82,86,94,90,84,89,93,84.33,89.33,88.0,88.33,89.0,84.67,84.0,87.67,85.0,85.33,89.0,84.33,89.0,90.0,87.0,91.0,87.5,86.33,85.17,87.44,89.33,87.16
86,92,95,89,90,87,86,90,93,85,87,85,95,89,93,88,91,93,91,91,81,86,86,84,90,86,93,88,81,86,83,86,80,84,88,88,95,95,80,86,95,88,83,92,85,82,80,91.0,88.67,89.67,85.67,92.33,90.67,87.67,85.33,89.67,85.0,83.0,86.67,90.2,85.5,88.5,81.0,88.75,89.0,87.33,86.62,85.0,87.34
87,81,89,80,89,88,83,84,89,89,92,91,84,85,91,82,87,87,86,86,80,93,89,92,92,91,89,94,85,88,95,92,89,81,93,83,88,95,95,87,89,94,84,91,90,95,92,85.67,85.67,85.33,90.67,86.67,85.33,84.0,91.33,90.67,89.0,92.0,85.67,90.8,89.0,90.5,93.5,86.83,86.83,89.83,89.49,91.0,88.8
81,93,80,80,89,91,84,84,92,90,85,85,80,92,80,93,88,83,86,87,81,88,85,83,92,80,86,92,85,89,95,90,88,82,93,91,82,90,92,91,85,91,90,89,95,94,95,84.67,86.67,86.67,86.67,84.0,88.0,84.67,85.33,86.0,88.67,91.0,88.67,88.0,90.5,92.0,94.5,86.17,85.5,87.33,89.22,92.33,88.11
83,82,83,95,93,90,81,84,90,90,94,84,80,91,88,81,82,85,85,91,81,83,84,84,90,83,92,92,93,80,90,81,90,81,80,91,84,91,93,93,91,87,90,92,88,93,93,82.67,92.67,85.0,89.33,86.33,82.67,85.67,83.67,88.33,88.33,87.0,84.0,90.4,88.5,90.0,93.0,87.42,84.58,88.33,87.13,90.5,87.59
82,94,85,85,86,91,89,82,92,94,89,85,87,95,94,88,85,91,85,95,88,86,84,92,91,89,92,90,86,82,83,82,80,85,84,90,85,86,86,87,83,84,86,89,82,94,93,87.0,87.33,87.67,89.33,92.0,88.0,89.33,87.33,90.67,86.0,81.67,86.33,85.4,85.0,85.5,93.5,87.83,89.17,88.33,84.47,88.0,87.56
82,92,93,87,92,89,80,91,86,81,86,82,86,84,88,82,83,90,80,82,88,92,81,94,95,81,92,90,80,94,91,91,82,84,88,95,83,85,87,87,88,88,88,87,90,84,83,89.0,89.33,85.67,83.0,86.0,85.0,83.33,89.0,89.33,88.0,88.0,89.0,86.0,88.0,88.5,83.5,86.75,85.83,88.67,87.67,86.67,87.12
93,82,86,87,80,92,93,90,93,84,83,89,92,93,95,89,80,88,82,85,86,82,91,94,89,95,86,81,89,93,95,95,89,88,83,91,87,87,90,90,89,86,87,87,87,84,85,87.0,86.33,92.0,85.33,93.33,85.67,84.33,89.0,90.0,87.67,93.0,87.33,88.6,86.5,87.0,84.5,87.67,88.08,88.83,89.64,86.0,88.05
92,90,95,80,85,80,85,88,89,84,80,81,83,91,83,91,94,93,81,84,92,89,91,84,82,81,95,83,92,94,91,85,86,85,87,81,90,91,83,92,83,93,87,92,82,84,88,92.33,81.67,87.33,81.67,85.67,92.67,85.67,88.0,86.0,89.67,87.33,84.33,87.8,90.0,87.0,86.0,85.75,88.0,87.83,86.49,87.67,87.15
80,82,90,83,92,91,84,87,93,91,81,83,86,90,83,91,82,83,88,89,93,92,88,90,90,91,83,88,84,81,93,93,94,88,80,82,82,95,85,82,94,85,95,81,89,87,84,84.0,88.67,88.0,85.0,86.33,85.33,90.0,90.0,88.0,84.33,93.33,83.33,87.6,90.0,85.0,85.5,86.42,87.92,86.17,88.09,86.83,87.08
86,86,84,83,81,91,88,83,84,84,84,88,91,80,91,93,94,93,87,80,86,88,81,80,89,84,85,95,90,83,93,92,93,95,90,93,83,88,92,95,87,83,94,93,83,94,91,85.33,85.0,85.0,85.33,87.33,93.33,84.33,83.0,86.0,89.33,92.67,92.67,89.0,88.5,88.0,92.5,85.17,87.0,87.67,91.44,89.67,88.19
86,89,82,88,95,95,82,82,88,92,88,85,93,81,90,95,91,82,88,86,92,80,86,88,80,94,87,82,95,90,85,87,87,86,94,92,94,84,87,89,82,93,85,87,84,89,83,85.67,92.67,84.0,88.33,88.0,89.33,88.67,84.67,87.0,89.0,86.33,90.67,87.2,89.0,85.5,86.0,87.67,87.67,88.0,88.07,86.83,87.65
92,92,85,90,93,84,89,94,85,94,92,82,93,82,89,93,93,93,94,82,91,81,80,84,94,93,81,81,89,82,91,87,94,86,95,85,86,87,84,86,95,94,87,80,84,84,81,89.67,89.0,89.33,89.33,88.0,93.0,89.0,81.67,89.33,84.0,90.67,88.67,87.6,90.5,82.0,82.5,89.33,87.92,86.67,88.98,85.0,87.58
84,89,87,87,82,81,81,82,87,81,95,93,84,90,93,81,81,88,91,91,87,90,82,81,83,82,86,93,81,89,83,83,81,85,85,86,86,86,85,83,89,84,92,92,81,80,90,86.67,83.33,83.33,89.67,89.0,83.33,89.67,84.33,83.67,87.67,82.33,85.33,85.8,88.0,86.5,85.0,85.75,86.58,85.67,84.49,86.5,85.8
87,84,87,92,89,93,94,88,81,90,91,94,81,94,86,87,95,88,82,84,86,80,85,88,91,94,82,92,93,87,81,90,95,88,86,88,81,90,94,82,85,88,85,86,80,84,91,86.0,91.33,87.67,91.67,87.0,90.0,84.0,84.33,89.0,90.67,88.67,87.33,86.4,86.5,83.0,87.5,89.17,86.33,89.83,87.47,85.67,87.69
94,95,82,92,80,95,81,91,92,80,86,82,80,91,91,82,81,93,86,89,85,94,84,91,88,80,88,90,85,80,81,88,93,86,80,86,81,90,93,86,82,89,85,81,91,85,81,90.33,89.0,88.0,82.67,87.33,85.33,86.67,89.67,85.33,85.0,87.33,84.0,86.4,87.0,86.0,83.0,87.5,87.25,85.17,85.91,85.33,86.23
89,82,85,86,87,86,83,93,86,89,80,89,81,84,87,87,86,81,81,86,89,90,95,84,89,85,90,92,86,94,89,90,95,84,83,89,83,94,83,89,95,89,94,89,93,86,87,85.33,86.33,87.33,86.0,84.0,84.67,85.33,89.67,88.0,90.67,91.33,85.33,88.8,91.5,91.0,86.5,86.25,85.92,89.33,88.49,89.67,87.93
93,94,94,93,89,84,86,85,89,90,93,94,83,92,82,90,87,80,94,95,84,82,82,95,87,88,89,80,80,80,83,82,86,81,88,91,91,86,80,90,87,95,92,87,91,80,87,93.67,88.67,86.67,92.33,85.67,85.67,91.0,86.33,88.0,80.0,83.67,86.67,86.8,93.5,89.0,83.5,90.33,87.17,84.0,85.71,88.67,87.18
82,82,81,85,86,88,93,84,93,95,85,82,83,94,80,82,90,85,89,81,82,94,95,93,84,94,92,82,82,86,95,87,90,89,80,84,83,92,94,80,85,93,92,94,92,89,80,81.67,86.33,90.0,87.33,85.67,85.67,84.0,94.0,90.0,83.33,90.67,84.33,86.8,92.5,93.0,84.5,86.33,87.33,86.67,87.27,90.0,87.52
82,86,81,88,88,92,95,80,80,86,81,82,82,80,85,87,91,83,82,92,84,94,81,87,92,88,86,85,88,87,93,82,89,86,87,89,93,95,82,87,84,86,91,85,95,90,84,83.0,89.33,85.0,83.0,82.33,87.0,86.0,87.33,88.67,86.67,88.0,87.33,88.2,88.5,90.0,87.0,85.08,85.67,87.67,87.84,88.5,86.95
81,94,92,95,81,90,93,86,83,93,95,87,84,91,91,80,82,89,89,87,91,83,84,80,84,84,83,88,80,86,95,86,92,80,87,87,89,89,85,93,85,85,93,91,85,88,84,89.0,88.67,87.33,91.67,88.67,83.67,89.0,82.33,83.67,84.67,91.0,84.67,88.2,89.0,88.0,86.0,89.17,85.92,84.17,87.96,87.67,86.97
93,80,86,90,81,95,92,92,88,82,89,91,80,92,85,80,85,83,81,82,88,90,90,84,93,82,92,84,92,82,90,80,82,93,87,84,83,86,92,93,90,94,94,81,92,86,83,86.33,88.67,90.67,87.33,85.67,82.67,83.67,88.0,89.0,86.0,84.0,88.0,88.8,94.0,86.5,84.5,88.25,85.0,87.5,86.93,88.33,87.2
80,88,82,95,89,80,88,83,84,89,81,84,82,89,83,81,94,85,93,92,86,90,89,88,87,95,87,89,83,94,95,95,91,95,83,89,81,86,93,80,86,91,89,83,85,84,93,83.33,88.0,85.0,84.67,84.67,86.67,90.33,89.0,89.67,88.67,93.67,89.0,85.2,90.0,84.0,88.5,85.25,87.67,89.17,89.29,87.5,87.77
82,89,82,92,94,87,89,90,86,84,92,80,90,90,88,83,92,88,80,92,85,93,85,85,80,80,82,87,86,81,86,87,88,82,83,93,86,89,91,89,92,87,88,82,88,95,94,84.33,91.0,88.33,85.33,89.33,87.67,85.67,87.67,80.67,84.67,87.0,86.0,89.4,87.5,85.0,94.5,87.25,87.58,82.67,87.47,89.0,86.79
89,90,87,91,94,84,93,80,87,85,80,83,83,80,94,88,82,93,83,86,85,93,90,89,86,93,86,91,82,88,87,93,93,92,80,82,86,93,94,80,86,83,89,86,89,94,90,88.67,89.67,86.67,82.67,85.67,87.67,84.67,90.67,88.33,87.0,91.0,84.67,87.8,86.0,87.5,92.0,86.92,87.17,87.67,87.82,88.5,87.61
86,88,83,84,90,95,94,83,92,87,90,89,89,86,95,81,88,95,92,90,85,84,85,94,90,92,89,84,89,95,87,91,94,93,95,90,82,91,87,83,89,87,81,83,95,84,86,85.67,89.67,89.67,88.67,90.0,88.0,89.0,87.67,90.33,89.33,90.67,92.67,86.4,84.0,89.0,85.0,88.42,88.67,89.83,89.91,86.0,88.57
81,84,85,91,84,93,94,83,80,85,93,89,85,93,94,80,95,88,82,84,85,94,87,94,84,82,93,85,89,80,92,94,95,88,88,87,94,81,92,85,80,85,89,91,91,95,85,83.33,89.33,85.67,89.0,90.67,87.67,83.67,91.67,86.33,84.67,93.67,87.67,86.4,87.0,91.0,90.0,86.83,88.42,85.5,89.24,89.33,87.87
89,83,88,82,87,86,95,88,82,90,81,95,81,91,95,94,86,85,92,86,87,83,82,85,86,92,90,88,90,83,95,83,80,80,81,90,91,86,88,80,87,89,94,90,93,85,85,86.67,85.0,88.33,88.67,89.0,88.33,88.33,83.33,89.33,87.0,86.0,83.67,86.4,91.5,91.5,85.0,87.17,87.25,88.17,85.36,89.33,87.45
89,89,84,80,85,81,84,81,82,82,93,82,95,84,80,88,82,87,90,90,84,93,81,88,84,88,91,85,89,88,92,91,83,83,89,89,95,88,88,90,80,84,86,88,83,83,89,87.33,82.0,82.33,85.67,86.33,85.67,88.0,87.33,87.67,87.33,88.67,87.0,88.2,85.0,85.5,86.0,84.33,86.83,87.5,87.96,85.5,86.42
82,87,83,81,94,95,83,85,80,93,90,86,84,83,85,86,82,84,87,95,84,85,90,83,88,85,95,87,93,83,91,89,87,84,90,90,92,88,87,80,81,89,93,88,84,92,84,84.0,90.0,82.67,89.67,84.0,84.0,88.67,86.0,89.33,87.67,89.0,88.0,85.6,91.0,86.0,88.0,86.58,85.67,88.5,87.53,88.33,87.32
82,93,91,93,94,91,86,81,82,86,92,94,80,87,89,89,94,89,83,89,89,80,81,88,84,81,93,85,94,86,89,82,91,85,94,88,89,89,81,80,87,85,87,95,84,87,93,88.67,92.67,83.0,90.67,85.33,90.67,87.0,83.0,86.0,88.33,87.33,89.0,85.2,86.0,89.5,90.0,88.75,86.5,87.17,87.18,88.5,87.62
81,88,81,88,87,82,91,86,84,90,81,84,92,93,86,86,86,81,86,88,91,91,95,95,84,90,81,92,89,83,91,84,80,89,87,80,84,88,83,87,92,88,90,80,92,88,91,83.33,85.67,87.0,85.0,90.33,84.33,88.33,93.67,85.0,88.0,85.0,85.33,86.8,89.0,86.0,89.5,85.25,89.17,86.5,85.71,88.17,86.96
82,94,88,85,80,88,82,92,88,89,90,81,80,83,89,91,80,94,84,81,94,95,90,95,82,88,87,90,91,92,82,89,85,93,83,91,94,83,87,80,93,89,91,92,83,88,82,88.0,84.33,87.33,86.67,84.0,88.33,86.33,93.33,85.67,91.0,85.33,89.0,87.4,90.0,87.5,85.0,86.58,88.0,88.33,87.24,87.5,87.53
87,87,86,94,89,87,92,94,88,80,86,95,94,91,85,82,91,85,85,88,87,94,88,82,82,84,81,87,84,85,94,91,85,94,87,83,95,89,89,83,89,84,86,91,92,83,84,86.67,90.0,91.33,87.0,90.0,86.0,86.67,88.0,82.33,85.33,90.0,88.0,89.0,85.0,91.5,83.5,88.75,87.67,83.83,89.0,86.67,87.18
91,82,95,88,89,86,95,93,94,86,90,86,88,92,94,82,82,81,82,94,90,85,86,90,80,93,95,88,90,89,87,92,93,93,91,85,90,93,80,90,80,92,83,95,92,87,93,89.33,87.67,94.0,87.33,91.33,81.67,88.67,87.0,89.33,89.0,90.67,89.67,86.6,87.5,93.5,90.0,89.58,87.17,89.17,88.98,90.33,89.05
92,85,92,89,88,91,85,88,87,93,87,81,85,81,91,80,89,80,94,81,87,86,80,86,89,92,93,80,90,94,95,83,85,81,90,90,91,87,93,95,90,91,81,87,87,86,82,89.67,89.33,86.67,87.0,85.67,83.0,87.33,84.0,91.33,88.0,87.67,87.0,91.2,86.0,87.0,84.0,88.17,85.0,89.67,88.62,85.67,87.42
88,86,95,82,95,83,90,84,86,90,87,80,91,95,87,81,89,92,80,86,84,83,91,87,84,80,89,95,90,81,84,86,93,84,82,83,86,85,83,93,95,88,87,92,88,85,93,89.67,86.67,86.67,85.67,91.0,87.33,83.33,87.0,84.33,88.67,87.67,83.0,88.4,87.5,90.0,89.0,87.17,87.17,86.5,86.36,88.83,87.2
83,82,84,88,92,95,86,91,90,91,87,88,80,85,93,83,81,91,93,84,87,83,83,82,92,82,94,81,93,90,87,84,81,91,84,80,86,86,87,93,95,86,81,86,88,91,87,83.0,91.67,89.0,88.67,86.0,85.0,88.0,82.67,89.33,88.0,84.0,85.0,89.4,83.5,87.0,89.0,88.08,85.42,88.67,86.13,86.5,86.96
81,83,85,91,83,87,87,87,80,80,86,80,86,95,84,81,82,90,82,94,81,92,87,87,80,83,91,93,90,95,82,91,83,95,80,92,86,91,82,91,82,91,91,88,86,84,84,83.0,87.0,84.67,82.0,88.33,84.33,85.67,88.67,84.67,92.67,85.33,89.0,86.4,91.0,87.0,84.0,84.17,86.75,88.67,86.91,87.33,86.77
81,89,86,91,90,94,95,86,85,94,81,94,84,87,82,84,89,90,90,88,81,88,88,94,92,84,80,82,86,91,94,82,83,83,92,92,95,82,80,82,83,94,81,84,92,80,93,85.33,91.67,88.67,89.67,84.33,87.67,86.33,90.0,85.33,86.33,86.33,89.0,84.4,87.5,88.0,86.5,88.83,87.08,85.83,86.58,87.33,87.13
92,92,85,95,86,95,93,88,81,90,82,82,84,85,86,94,89,88,87,82,91,94,81,84,90,80,90,93,89,95,84,90,91,83,83,87,94,91,93,95,87,92,84,93,86,87,86,89.67,92.0,87.33,84.67,85.0,90.33,86.67,86.33,86.67,92.33,88.33,84.33,92.0,88.0,89.5,86.5,88.42,87.08,89.5,88.22,88.0,88.24
80,93,85,87,93,84,83,90,88,87,90,85,94,91,95,94,93,89,93,91,89,82,86,94,94,82,92,80,95,93,85,89,85,95,95,93,93,84,82,93,80,91,80,90,81,91,92,86.0,88.0,87.0,87.33,93.33,92.0,91.0,87.33,89.33,89.33,86.33,94.33,86.4,85.5,85.5,91.5,87.08,90.92,89.33,89.02,87.5,88.77
93,83,85,83,90,91,82,86,82,95,81,87,92,92,81,86,86,80,81,86,92,85,82,88,93,85,95,91,95,90,89,84,95,88,90,94,86,87,90,90,85,95,91,80,85,86,90,87.0,88.0,83.33,87.67,88.33,84.0,86.33,85.0,91.0,92.0,89.33,90.67,87.6,93.0,82.5,88.0,86.5,85.92,91.5,89.2,87.83,88.19
86,82,80,87,85,82,90,80,94,89,80,86,82,82,91,94,88,90,92,81,83,94,86,90,86,86,89,89,95,90,80,89,84,85,81,80,84,92,82,82,80,81,87,93,80,92,82,82.67,84.67,88.0,85.0,85.0,90.67,85.33,90.0,87.0,91.33,84.33,82.0,84.0,84.0,86.5,87.0,85.08,87.75,89.17,83.44,85.83,86.26
83,93,94,93,87,89,94,92,86,85,89,85,84,93,92,84,89,81,93,84,94,87,89,84,92,94,95,87,90,87,84,95,91,87,94,82,86,90,81,88,83,91,94,86,95,80,90,90.0,89.67,90.67,86.33,89.67,84.67,90.33,86.67,93.67,88.0,90.0,87.67,85.6,92.5,90.5,85.0,89.17,87.83,90.83,87.76,89.33,88.98
93,85,92,85,82,86,83,92,81,86,87,82,88,93,91,90,92,86,90,94,92,84,87,85,90,91,88,94,91,84,80,93,80,89,88,94,85,94,84,90,82,93,87,84,82,90,83,90.0,84.33,85.33,85.0,90.67,89.33,92.0,85.33,89.67,89.67,84.33,90.33,87.0,90.0,83.0,86.5,86.17,89.33,89.67,87.22,86.5,87.78
84,85,94,85,88,94,87,89,87,84,83,84,81,82,80,91,93,83,82,87,87,83,95,81,94,89,94,83,83,95,86,86,80,85,80,88,84,95,93,88,88,86,86,93,83,95,88,87.67,89.0,87.67,83.67,81.0,89.0,85.33,86.33,92.33,87.0,84.0,84.33,89.6,86.0,88.0,91.5,87.0,85.42,89.67,85.98,88.5,87.31
86,87,93,81,93,95,82,83,92,81,85,90,82,89,95,80,82,94,83,81,88,92,90,83,80,84,83,86,87,85,92,95,81,83,90,80,84,95,80,82,93,88,86,81,84,87,83,88.67,89.67,85.67,85.33,88.67,85.33,84.0,88.33,82.33,86.0,89.33,84.33,86.8,87.0,82.5,85.0,87.33,86.58,84.17,86.82,84.83,85.95
84,88,84,95,87,87,95,87,87,81,95,84,84,85,81,82,92,80,84,92,85,85,83,93,87,92,81,80,80,87,84,95,82,88,81,95,87,82,93,94,92,82,94,82,81,80,84,85.33,89.67,89.67,86.67,83.33,84.67,87.0,87.0,86.67,82.33,87.0,88.0,89.6,88.0,81.5,82.0,87.83,85.5,84.5,88.2,83.83,85.97
91,92,81,88,84,90,92,86,87,92,87,91,89,81,84,95,84,93,90,90,91,89,83,87,94,88,81,93,86,85,83,84,81,80,91,82,82,80,86,91,85,89,93,90,93,91,94,88.0,87.33,88.33,90.0,84.67,90.67,90.33,86.33,87.67,88.0,82.67,84.33,84.8,91.0,91.5,92.5,88.42,88.0,87.83,83.93,91.67,87.97
84,89,84,81,94,88,95,83,87,92,87,83,83,88,94,89,90,95,93,83,93,87,86,89,81,91,90,95,87,84,87,80,90,82,88,86,91,81,92,93,85,87,84,95,84,95,93,85.67,87.67,88.33,87.33,88.33,91.33,89.67,87.33,87.33,88.67,85.67,85.33,88.4,85.5,89.5,94.0,87.25,89.17,88.0,86.47,89.67,88.11
93,88,95,94,86,83,82,85,81,92,85,84,90,87,85,94,87,90,87,83,92,95,82,92,80,84,90,95,89,85,88,83,94,89,80,81,85,87,81,90,95,88,86,84,83,90,82,92.0,87.67,82.67,87.0,87.33,90.33,87.33,89.67,84.67,89.67,88.33,83.33,87.6,87.0,83.5,86.0,87.33,88.67,87.17,86.42,85.5,87.02
82,85,94,88,91,80,93,88,80,93,90,85,84,84,86,94,80,93,88,81,95,91,93,81,83,93,95,83,90,94,80,95,82,83,86,87,93,87,81,84,90,84,82,84,94,83,85,87.0,86.33,87.0,89.33,84.67,89.0,88.0,88.33,90.33,89.0,85.67,85.33,87.0,83.0,89.0,84.0,87.42,87.5,89.67,86.0,85.33,87.18
84,91,82,85,92,80,90,88,88,81,86,85,93,89,90,82,84,85,87,85,80,85,86,93,94,94,93,80,82,84,81,89,85,85,89,88,82,88,80,88,87,91,83,91,82,93,80,85.67,85.67,88.67,84.0,90.67,83.67,84.0,88.0,93.67,82.0,85.0,87.33,85.0,87.0,86.5,86.5,86.0,86.58,87.83,85.78,86.67,86.57
83,90,80,93,91,91,85,93,94,86,85,95,83,94,81,89,92,86,88,80,89,84,94,88,92,86,95,93,91,84,88,90,86,94,95,93,82,95,89,88,87,89,85,83,93,83,85,84.33,91.67,90.67,88.67,86.0,89.0,85.67,88.67,91.0,89.33,88.0,94.0,88.2,87.0,88.0,84.0,88.83,87.33,90.17,90.07,86.33,88.55
82,90,89,88,85,80,85,90,90,95,93,93,89,88,94,87,89,91,92,86,83,83,80,90,94,88,88,92,80,86,89,83,88,83,90,81,85,86,92,87,94,84,95,82,95,95,92,87.0,84.33,88.33,93.67,90.33,89.0,87.0,84.33,90.0,86.0,86.67,84.67,88.8,89.5,88.5,93.5,88.33,87.67,88.0,86.71,90.5,88.24
84,89,90,81,81,93,81,83,86,92,80,92,87,92,83,81,90,91,82,87,83,90,81,82,85,94,93,83,89,93,86,91,87,84,84,83,94,80,85,93,82,89,95,84,90,89,87,87.67,85.0,83.33,88.0,87.33,87.33,84.0,84.33,90.67,88.33,88.0,83.67,86.8,92.0,87.0,88.0,86.0,85.75,89.5,86.16,89.0,87.28
93,86,92,81,85,91,86,92,85,86,90,83,84,82,88,93,91,92,91,93,83,88,91,84,92,94,91,91,81,91,89,92,83,90,91,88,87,84,83,80,86,93,93,92,91,84,86,90.33,85.67,87.67,86.33,84.67,92.0,89.0,87.67,92.33,87.67,88.0,89.67,84.0,93.0,91.5,85.0,87.5,88.33,90.0,87.22,89.83,88.58
92,89,91,89,88,94,83,89,91,89,89,90,88,81,87,93,82,85,90,90,88,90,91,91,90,89,91,88,91,84,91,83,82,82,87,95,89,85,85,90,83,80,86,89,86,80,94,90.67,90.33,87.67,89.33,85.33,86.67,89.33,90.67,90.0,87.67,85.33,88.0,86.4,83.0,87.5,87.0,89.5,88.0,88.83,86.58,85.83,87.75
82,95,87,81,85,92,91,92,86,83,80,87,92,82,90,80,86,80,81,86,95,81,81,93,89,84,85,90,80,85,85,85,91,86,92,90,89,91,86,93,90,83,81,82,95,95,95,88.0,86.0,89.67,83.33,88.0,82.0,87.33,85.0,86.0,85.0,87.0,89.33,89.8,82.0,88.5,95.0,86.75,85.58,85.5,88.71,88.5,87.01
91,81,90,93,84,85,81,92,85,86,87,85,88,92,94,89,86,87,95,86,95,80,93,91,87,93,86,92,85,88,94,84,81,93,94,81,84,88,94,84,93,81,92,83,93,90,84,87.33,87.33,86.0,86.0,91.33,87.33,92.0,88.0,88.67,88.33,86.33,89.33,88.6,86.5,88.0,87.0,86.67,89.67,88.5,88.09,87.17,88.02
87,86,81,85,87,82,82,85,94,91,81,94,92,90,80,92,90,84,86,81,94,95,91,93,89,93,89,93,82,91,92,83,91,80,84,83,82,82,83,92,81,91,85,81,91,87,80,84.67,84.67,87.0,88.67,87.33,88.67,87.0,93.0,90.33,88.67,88.67,82.33,84.0,88.0,86.0,83.5,86.25,89.0,89.5,85.0,85.83,87.12
95,88,83,90,81,95,81,82,80,84,81,89,88,85,80,88,91,85,82,86,89,88,88,84,82,83,88,84,80,83,87,86,83,82,81,84,89,80,91,81,92,82,82,95,93,93,89,88.67,88.67,81.0,84.67,84.33,88.0,85.67,86.67,84.33,82.33,85.33,82.33,86.6,82.0,94.0,91.0,85.75,86.17,83.33,84.76,89.0,85.8
89,85,85,95,81,92,86,80,92,83,82,90,81,91,85,86,95,82,80,85,83,95,90,89,90,80,80,90,82,85,86,84,87,91,95,81,85,86,80,82,89,80,82,83,88,81,93,86.33,89.33,86.0,85.0,85.67,87.67,82.67,91.33,83.33,85.67,85.67,89.0,84.4,81.0,85.5,87.0,86.67,86.83,84.5,86.36,84.5,85.77
95,87,85,86,91,82,81,83,80,92,82,82,90,87,93,89,84,94,92,85,85,80,95,86,95,95,83,95,93,84,94,92,88,94,89,91,83,94,85,87,85,90,91,80,85,95,81,89.0,86.33,81.33,85.33,90.0,89.0,87.33,87.0,91.0,90.67,91.33,91.33,86.8,90.5,82.5,88.0,85.5,88.33,90.83,89.82,87.0,88.3
82,88,92,84,83,91,95,84,91,95,84,85,88,91,84,80,87,88,95,93,83,87,93,86,90,82,90,85,81,92,82,88,82,83,94,85,87,91,83,92,95,81,91,95,88,87,91,87.33,86.0,90.0,88.0,87.67,85.0,90.33,88.67,87.33,86.0,84.0,87.33,89.6,86.0,91.5,89.0,87.83,87.92,86.67,86.98,88.83,87.65
94,91,93,89,84,85,85,87,94,84,90,89,90,92,80,93,93,84,90,90,86,81,92,92,92,94,87,93,95,90,82,93,81,94,80,84,94,81,81,89,85,88,82,83,81,91,92,92.67,86.0,88.67,87.67,87.33,90.0,88.67,88.33,91.0,92.67,85.33,86.0,86.0,85.0,82.0,91.5,88.75,88.58,91.83,85.78,86.17,88.22
85,94,90,82,91,89,92,90,90,81,83,92,88,81,89,84,94,85,90,84,80,82,84,88,83,84,92,82,82,89,85,90,94,92,84,80,90,88,82,87,83,86,92,89,94,86,82,89.67,87.33,90.67,85.33,86.0,87.67,84.67,84.67,86.33,84.33,89.67,85.33,86.0,89.0,91.5,84.0,88.25,85.75,85.33,87.0,88.17,86.9
91,82,92,88,84,92,92,80,84,81,90,82,95,86,88,84,81,87,88,82,86,94,84,88,88,85,88,95,94,94,94,83,85,84,80,81,81,86,81,91,95,82,90,87,89,90,81,88.33,88.0,85.33,84.33,89.67,84.0,85.33,88.67,87.0,94.33,87.33,81.67,86.8,86.0,88.0,85.5,86.5,86.92,90.67,85.27,86.5,87.17
88,87,94,90,87,81,89,87,82,91,83,85,89,84,91,88,90,87,89,90,87,86,93,93,83,89,91,81,87,91,87,89,94,86,92,83,91,81,91,90,89,91,91,94,91,87,95,89.67,86.0,86.0,86.33,88.0,88.33,88.67,90.67,87.67,86.33,90.0,87.0,88.4,91.0,92.5,91.0,87.0,88.92,87.0,88.47,91.5,88.58
90,95,85,95,85,93,94,83,82,92,85,86,88,92,95,91,92,80,80,81,90,82,82,94,82,93,80,89,95,91,92,81,92,94,91,81,85,89,81,95,81,89,92,81,93,85,82,90.0,91.0,86.33,87.67,91.67,87.67,83.67,86.0,85.0,91.67,88.33,88.67,86.2,90.5,87.0,83.5,88.75,87.25,88.33,87.73,87.0,87.81
95,82,81,91,93,82,81,93,84,87,87,92,86,88,82,94,91,88,83,87,91,91,92,80,90,91,94,88,94,90,85,90,81,82,80,93,92,83,88,81,80,91,87,95,87,85,92,86.0,88.67,86.0,88.67,85.33,91.0,87.0,87.67,91.67,90.67,85.33,85.0,84.8,89.0,91.0,88.5,87.33,87.75,91.17,85.04,89.5,88.16
91,91,88,90,84,86,91,85,86,93,94,90,89,95,86,87,91,88,90,94,87,93,92,95,89,80,84,95,92,80,88,84,84,80,88,83,81,80,90,86,91,84,92,85,90,89,85,90.0,86.67,87.33,92.33,90.0,88.67,90.33,93.33,84.33,89.0,85.33,83.67,85.6,88.0,87.5,87.0,89.08,90.58,86.67,84.87,87.5,87.74
93,92,83,93,85,82,87,83,92,82,88,92,82,80,93,87,82,94,95,83,84,81,93,81,92,94,81,87,94,80,92,92,91,87,84,92,92,80,85,93,95,80,93,88,82,82,95,89.33,86.67,87.33,87.33,85.0,87.67,87.33,85.0,89.0,87.0,91.67,87.67,89.0,86.5,85.0,88.5,87.67,86.25,88.0,89.44,86.67,87.61
87,81,87,85,93,80,92,88,87,85,87,87,95,83,92,85,94,86,94,81,86,91,93,82,92,89,92,84,92,81,89,84,83,85,91,82,82,80,80,87,80,80,92,93,95,95,95,85.0,86.0,89.0,86.33,90.0,88.33,87.0,88.67,91.0,85.67,85.33,86.0,81.8,86.0,94.0,95.0,86.58,88.5,88.33,84.38,91.67,87.89
81,87,81,94,80,88,92,88,91,88,90,84,84,94,90,87,83,88,91,93,85,81,89,80,95,87,88,92,82,89,93,83,86,84,88,91,81,91,93,87,87,84,88,81,91,80,95,83.0,87.33,90.33,87.33,89.33,86.0,89.67,83.33,90.0,87.67,87.33,87.67,87.8,86.0,86.0,87.5,87.0,87.08,88.83,87.6,86.5,87.4
87,93,93,85,81,89,87,92,87,83,94,86,93,92,94,84,91,90,83,83,88,81,82,90,95,86,93,90,83,85,81,85,92,80,87,93,84,81,88,93,92,95,82,87,95,81,93,91.0,85.0,88.67,87.67,93.0,88.33,84.67,84.33,91.33,86.0,86.0,86.67,87.6,88.5,91.0,87.0,88.08,87.58,88.67,86.76,88.83,87.98
83,94,82,94,91,87,92,86,90,95,94,95,92,89,82,83,94,89,85,93,80,95,82,88,89,85,91,94,95,88,83,89,94,83,81,84,83,89,90,95,83,89,86,91,87,95,94,86.33,90.67,89.33,94.67,87.67,88.67,86.0,88.33,88.33,92.33,88.67,82.67,88.0,87.5,89.0,94.5,90.25,87.67,90.33,86.44,90.33,89.01
89,91,85,88,90,83,90,81,95,81,86,82,87,95,83,93,91,95,82,86,80,86,91,95,85,83,90,81,86,87,83,85,92,86,88,94,92,90,90,84,82,89,91,88,91,89,89,88.33,87.0,88.67,83.0,88.33,93.0,82.67,90.67,86.0,84.67,86.67,89.33,87.6,90.0,89.5,89.0,86.75,88.67,85.33,87.87,89.5,87.62
90,83,90,95,82,81,82,93,95,85,91,93,91,85,85,94,83,86,89,90,93,82,91,93,87,87,83,80,82,82,85,82,86,93,89,86,82,88,85,95,86,90,85,86,85,88,90,87.67,86.0,90.0,89.67,87.0,87.67,90.67,88.67,85.67,81.33,84.33,89.33,87.2,87.5,85.5,89.0,88.33,88.5,83.5,86.96,87.33,86.92
81,85,93,87,81,82,86,94,92,81,89,82,87,85,95,91,90,90,89,86,83,85,82,91,88,89,94,84,86,95,86,80,87,85,82,92,84,87,81,93,94,84,81,90,87,93,89,86.33,83.33,90.67,84.0,89.0,90.33,86.0,86.0,90.33,88.33,84.33,86.33,87.8,82.5,88.5,91.0,86.08,87.83,89.33,86.16,87.33,87.35
80,90,91,84,84,93,84,81,92,91,88,95,82,91,86,85,86,81,94,95,95,82,88,83,93,85,90,87,87,95,82,86,89,93,88,95,85,89,85,83,80,93,80,91,85,90,80,87.0,87.0,85.67,91.33,86.33,84.0,94.67,84.33,89.33,89.67,85.67,92.0,84.4,86.5,88.0,85.0,87.75,87.33,89.5,87.36,86.5,87.69
86,86,95,90,80,88,84,83,81,94,87,84,81,95,90,91,83,94,88,88,93,86,86,89,92,91,83,82,95,90,83,93,87,81,88,91,88,87,90,86,89,81,83,83,94,85,82,89.0,86.0,82.67,88.33,88.67,89.33,89.67,87.0,88.67,89.0,87.67,86.67,88.0,82.0,88.5,83.5,86.5,88.67,88.83,87.44,84.67,87.22
94,95,93,90,90,86,91,86,81,87,83,94,80,86,91,82,87,83,81,95,82,84,84,81,88,84,87,93,86,94,83,91,92,85,81,82,81,90,83,95,81,80,81,84,93,88,92,94.0,88.67,86.0,88.0,85.67,84.0,86.0,83.0,86.33,91.0,88.67,82.67,86.0,80.5,88.5,90.0,89.17,84.67,88.67,85.78,86.33,86.92
84,95,90,86,94,82,82,80,95,82,83,81,94,82,87,93,80,90,83,85,81,95,93,88,92,87,91,90,93,89,82,81,93,91,89,95,93,94,89,95,85,89,88,84,91,88,86,89.67,87.33,85.67,82.0,87.67,87.67,83.0,92.0,90.0,90.67,85.33,91.67,91.2,88.5,87.5,87.0,86.17,87.58,90.33,89.4,87.67,88.23
87,84,89,83,80,90,87,82,89,83,80,87,93,91,95,94,92,86,80,93,90,87,85,93,87,94,93,93,80,84,91,87,93,85,86,89,80,83,87,85,93,91,86,93,94,88,92,86.67,84.33,86.0,83.33,93.0,90.67,87.67,88.33,91.33,85.67,90.33,86.67,85.6,88.5,93.5,90.0,85.08,89.92,88.5,87.53,90.67,88.34
91,87,80,86,89,94,82,91,89,91,93,88,86,83,82,83,80,87,84,82,91,90,83,85,95,90,80,90,90,84,80,81,82,88,93,91,88,83,86,95,90,91,91,85,80,81,81,86.0,89.67,87.33,90.67,83.67,83.33,85.67,86.0,88.33,88.0,81.0,90.67,88.4,91.0,82.5,81.0,88.42,84.67,88.17,86.69,84.83,86.55
93,88,87,90,92,95,85,86,88,87,90,84,81,88,83,90,93,90,86,80,84,92,85,80,85,82,87,83,87,87,84,91,92,92,85,82,87,87,92,93,90,87,87,83,84,89,85,89.33,92.33,86.33,87.0,84.0,91.0,83.33,85.67,84.67,85.67,89.0,86.33,89.8,87.0,83.5,87.0,88.75,86.0,85.17,88.38,85.83,86.83
81,91,84,84,94,84,87,83,87,90,83,94,87,92,83,89,85,95,87,90,88,83,88,88,84,83,88,81,82,82,84,89,91,84,95,81,88,83,94,90,92,94,92,91,94,85,90,85.33,87.33,85.67,89.0,87.33,89.67,88.33,86.33,85.0,81.67,88.0,86.67,89.4,93.0,92.5,87.5,86.83,87.92,83.33,88.02,91.0,87.42
91,89,80,90,89,81,92,80,92,91,81,91,92,88,92,86,87,81,87,95,86,90,91,85,89,81,87,83,89,91,95,92,85,83,86,88,83,87,80,84,87,89,90,90,94,90,95,86.67,86.67,88.0,87.67,90.67,84.67,89.33,88.67,85.67,87.67,90.67,85.67,84.2,89.5,92.0,92.5,87.25,88.33,86.67,86.84,91.33,88.09
93,80,94,83,88,87,84,88,80,83,82,92,94,81,92,80,91,88,92,95,83,84,82,85,94,82,91,93,95,80,94,90,82,81,92,94,85,91,83,92,81,95,89,95,81,87,92,89.0,86.0,84.0,85.67,89.0,86.33,90.0,83.67,89.0,89.33,88.67,89.0,86.4,92.0,88.0,89.5,86.17,87.25,89.17,88.02,89.83,88.09
83,91,95,91,87,84,84,89,91,84,81,80,82,91,81,81,81,84,88,94,87,91,91,91,85,84,83,92,89,85,94,92,89,89,94,82,87,83,95,92,86,87,93,81,92,87,82,89.67,87.33,88.0,81.67,84.67,82.0,89.67,91.0,84.0,88.67,91.67,88.33,88.6,90.0,86.5,84.5,86.67,86.83,86.33,89.53,87.0,87.27
81,84,87,93,94,90,93,90,85,93,81,87,88,93,89,83,85,95,82,89,81,84,93,83,94,93,93,81,94,81,80,83,85,83,95,84,87,87,81,93,93,81,84,95,84,94,94,84.0,92.33,89.33,87.0,90.0,87.67,84.0,86.67,93.33,85.33,82.67,87.33,88.2,82.5,89.5,94.0,88.17,87.08,89.33,86.07,88.67,87.86
80,81,94,89,89,92,88,86,92,95,82,84,84,94,82,92,86,86,93,92,80,80,95,86,94,87,80,89,83,80,87,88,82,80,94,90,88,89,90,91,92,92,89,87,92,82,87,85.0,90.0,88.67,87.0,86.67,88.0,88.33,87.0,87.0,84.0,85.67,88.0,90.0,90.5,89.5,84.5,87.67,87.5,85.5,87.89,88.17,87.34
95,84,95,80,95,92,91,83,89,82,87,86,80,95,82,95,93,94,83,81,85,87,83,88,95,85,86,95,90,81,89,87,86,94,81,81,81,84,93,92,84,89,91,82,85,83,90,91.33,89.0,87.67,85.0,85.67,94.0,83.0,86.0,88.67,88.67,87.33,85.33,86.8,90.0,83.5,86.5,88.25,87.17,88.67,86.49,86.67,87.45
93,94,81,84,86,91,91,92,88,84,94,83,90,81,82,95,85,85,91,91,87,86,81,83,94,94,87,82,87,94,82,86,92,83,83,80,83,84,86,80,84,93,95,91,94,89,91,89.33,87.0,90.33,87.0,84.33,88.33,89.67,83.33,91.67,87.67,86.67,82.0,83.4,94.0,92.5,90.0,88.42,86.42,89.67,84.02,92.17,88.14
87,83,93,91,91,85,89,95,85,93,86,93,90,93,95,87,85,81,84,92,89,88,92,82,94,95,91,81,82,94,84,87,83,82,94,85,93,92,90,92,88,95,82,89,95,86,84,87.67,89.0,89.67,90.67,92.67,84.33,88.33,87.33,93.33,85.67,84.67,87.0,91.0,88.5,92.0,85.0,89.25,88.17,89.5,87.56,88.5,88.59
88,86,90,81,92,81,82,84,95,90,81,82,95,82,81,91,88,88,80,95,90,80,93,83,93,92,94,84,85,88,82,90,95,92,81,87,82,91,87,84,88,87,85,84,91,91,80,88.0,84.67,87.0,84.33,86.0,89.0,88.33,85.33,93.0,85.67,89.0,86.67,86.4,86.0,87.5,85.5,86.0,87.17,89.33,87.36,86.33,87.24
93,95,93,87,87,88,90,93,87,80,83,92,88,82,88,80,82,92,92,85,88,84,80,85,85,85,81,84,93,84,95,81,92,92,93,81,82,93,80,85,83,84,95,81,90,91,92,93.67,87.33,90.0,85.0,86.0,84.67,88.33,83.0,83.67,87.0,89.33,88.67,84.6,89.5,85.5,91.5,89.0,85.5,85.33,87.53,88.83,87.24
87,90,89,80,90,82,84,82,80,80,89,94,83,91,92,92,94,83,92,84,95,88,88,89,87,82,89,83,94,93,89,81,88,80,87,83,89,87,85,92,93,92,90,87,85,87,84,88.67,84.0,82.0,87.67,88.67,89.67,90.33,88.33,86.0,90.0,86.0,83.33,89.2,91.0,86.0,85.5,85.58,89.25,88.0,86.18,87.5,87.3
92,94,87,88,87,86,86,86,83,90,90,84,87,83,86,86,82,92,83,84,82,87,81,95,83,90,81,82,82,80,84,93,85,83,87,81,81,91,95,92,90,86,82,84,88,85,87,91.0,87.0,85.0,88.0,85.33,86.67,83.0,87.67,84.67,81.33,87.33,83.67,89.8,84.0,86.0,86.0,87.75,85.67,83.0,86.93,85.33,85.74
90,80,89,83,87,94,88,82,93,87,85,89,90,92,89,86,80,83,87,93,87,85,90,93,87,91,84,90,87,85,91,94,87,87,91,89,88,90,87,87,91,85,82,80,94,88,89,86.33,88.0,87.67,87.0,90.33,83.0,89.0,89.33,87.33,87.33,90.67,89.0,88.6,83.5,87.0,88.5,87.25,87.92,87.33,89.42,86.33,87.65
88,86,93,93,82,88,87,80,81,84,93,89,80,88,84,85,82,80,87,88,89,89,88,94,86,87,89,88,92,85,94,81,89,80,90,95,89,84,80,86,87,80,83,92,89,90,91,89.0,87.67,82.67,88.67,84.0,82.33,88.0,90.33,87.33,88.33,88.0,88.33,85.2,81.5,90.5,90.5,87.0,86.17,87.83,87.18,87.5,87.14
82,92,91,84,80,90,85,91,83,80,86,87,85,84,84,94,84,86,88,87,83,94,88,87,92,84,95,86,94,82,94,87,80,93,80,83,94,92,94,92,82,92,81,83,94,95,91,88.33,84.67,86.33,84.33,84.33,88.0,86.0,89.67,90.33,87.33,87.0,85.33,90.8,86.5,88.5,93.0,85.92,87.0,88.83,87.71,89.33,87.76
81,82,86,95,93,83,83,93,92,81,85,88,84,88,89,94,82,90,91,83,80,93,81,84,82,81,81,83,80,84,90,82,91,87,95,87,80,87,80,89,85,81,82,90,93,82,87,83.0,90.33,89.33,84.67,87.0,88.67,84.67,86.0,81.33,82.33,87.67,89.67,84.2,81.5,91.5,84.5,86.83,86.58,81.83,87.18,85.83,85.65
90,80,94,86,92,87,86,81,84,88,86,92,92,95,85,83,83,91,91,91,81,93,95,89,93,86,93,81,94,89,89,82,83,93,89,87,91,81,95,89,85,84,93,84,94,95,80,88.0,88.33,83.67,88.67,90.67,85.67,87.67,92.33,90.67,88.0,84.67,89.67,88.2,88.5,89.0,87.5,87.17,89.08,89.33,87.51,88.33,88.29
87,92,86,95,91,91,94,91,85,93,93,86,87,91,83,88,86,80,87,89,90,80,90,86,89,87,95,80,93,85,86,81,82,90,91,81,90,88,82,90,93,92,92,95,92,87,86,88.33,92.33,90.0,90.67,87.0,84.67,88.67,85.33,90.33,86.0,83.0,87.33,88.6,92.0,93.5,86.5,90.33,86.42,88.17,86.31,90.67,88.38
84,83,87,81,84,89,85,81,84,80,88,89,92,83,86,89,87,88,87,82,89,85,88,87,89,82,89,86,94,84,94,89,95,80,86,90,90,88,89,83,81,89,82,89,86,88,94,84.67,84.67,83.33,85.67,87.0,88.0,86.0,86.67,86.67,88.0,92.67,85.33,86.2,85.5,87.5,91.0,84.58,86.92,87.33,88.07,88.0,86.98
87,81,92,89,87,87,84,86,89,88,94,88,92,86,83,85,82,92,95,80,84,86,86,90,84,85,89,87,95,90,92,87,92,81,85,82,89,91,84,86,89,80,94,87,90,90,93,86.67,87.67,86.33,90.0,87.0,86.33,86.33,87.33,86.0,90.67,90.33,82.67,87.8,87.0,88.5,91.5,87.67,86.75,88.33,86.93,89.0,87.74
88,83,88,83,85,89,94,89,80,92,88,95,91,87,93,94,91,84,88,92,93,89,88,86,85,81,93,89,87,92,83,88,94,84,83,91,92,87,89,84,93,81,87,91,93,80,90,86.33,85.67,87.67,91.67,90.33,89.67,91.0,87.67,86.33,89.33,88.33,86.0,89.0,84.0,92.0,85.0,87.83,89.67,87.83,87.78,87.0,88.02
87,82,92,88,94,91,83,85,86,86,88,92,93,95,86,86,91,80,83,86,94,80,82,94,88,94,91,87,87,84,85,92,87,90,80,86,89,80,93,88,84,81,83,94,95,87,88,87.0,91.0,84.67,88.67,91.33,85.67,87.67,85.33,91.0,86.0,88.0,85.33,86.8,82.0,94.5,87.5,87.83,87.5,88.5,86.71,88.0,87.71
85,84,87,81,81,95,89,89,83,93,91,81,88,95,92,95,87,86,83,81,83,89,86,91,87,87,85,93,92,93,86,94,91,87,90,91,91,89,87,94,85,85,93,85,93,88,84,85.33,85.67,87.0,88.33,91.67,89.33,82.33,88.67,86.33,92.67,90.33,89.33,89.2,89.0,89.0,86.0,86.58,88.0,89.5,89.62,88.0,88.34
86,94,81,84,82,91,85,89,93,87,86,84,84,91,81,95,87,89,89,89,80,94,83,81,84,92,81,86,86,88,84,91,91,93,83,85,90,90,85,90,92,92,92,86,87,86,93,87.0,85.67,89.0,85.67,85.33,90.33,86.0,86.0,85.67,86.67,88.67,87.0,89.4,92.0,86.5,89.5,86.83,86.92,86.17,88.36,89.33,87.52
89,92,90,80,85,83,89,82,86,95,91,87,95,92,94,90,89,89,93,84,90,85,82,82,91,89,83,95,85,85,81,87,86,90,91,85,83,89,86,91,89,91,88,81,89,92,82,90.33,82.67,85.67,91.0,93.67,89.33,89.0,83.0,87.67,88.33,84.67,88.67,87.6,89.5,85.0,87.0,87.42,88.75,88.0,86.98,87.17,87.66
82,94,95,84,85,84,87,88,87,91,94,82,93,81,89,94,93,91,92,86,80,92,90,87,81,92,86,95,86,83,89,80,93,93,83,92,95,82,90,90,88,89,86,89,82,87,87,90.33,84.33,87.33,89.0,87.67,92.67,86.0,89.67,86.33,88.0,87.33,89.33,89.0,87.5,85.5,87.0,87.75,89.0,87.17,88.56,86.67,87.83
91,81,91,88,80,88,93,85,95,84,83,92,90,93,84,89,82,90,81,94,88,92,86,87,88,95,91,88,80,90,95,91,83,87,92,95,82,86,88,81,87,91,94,80,85,93,88,87.67,85.33,91.0,86.33,89.0,87.0,87.67,88.33,91.33,86.0,89.67,91.33,84.8,92.5,82.5,90.5,87.58,88.0,88.67,88.6,88.5,88.27
90,91,91,90,82,93,88,80,80,94,85,92,92,91,90,89,94,93,82,90,81,94,84,86,95,92,90,87,86,89,84,86,83,92,85,94,82,84,94,80,91,89,81,89,85,86,91,90.67,88.33,82.67,90.33,91.0,92.0,84.33,88.0,92.33,87.33,84.33,90.33,86.2,85.0,87.0,88.5,88.0,88.83,89.83,86.96,86.83,88.09
80,86,89,89,85,80,90,86,82,83,84,81,87,90,83,81,85,86,87,80,90,83,84,92,82,91,92,84,84,92,94,81,93,91,80,93,94,83,84,94,95,87,80,86,94,95,95,85.0,84.67,86.0,82.67,86.67,84.0,85.67,86.33,88.33,86.67,89.33,88.0,90.0,83.5,90.0,95.0,84.58,85.67,87.5,89.11,89.5,87.27
83,80,93,80,89,82,86,87,90,87,82,88,85,95,88,93,82,85,94,87,86,95,88,93,93,93,87,93,95,86,87,83,94,81,87,89,85,82,83,86,89,86,84,88,92,84,95,85.33,83.67,87.67,85.67,89.33,86.67,89.0,92.0,91.0,91.33,88.0,85.67,85.0,85.0,90.0,89.5,85.58,89.25,91.17,86.22,88.17,88.08
83,84,84,91,81,82,95,94,89,94,87,84,92,91,80,91,94,92,81,92,87,81,88,94,88,80,88,94,81,94,92,84,88,88,81,81,87,80,87,90,84,83,90,88,85,90,90,83.67,84.67,92.67,88.33,87.67,92.33,86.67,87.67,85.33,89.67,88.0,83.33,85.6,86.5,86.5,90.0,87.33,88.58,87.5,85.64,87.67,87.35
85,92,88,90,83,89,86,92,93,82,91,82,82,90,88,88,91,88,83,85,94,80,95,85,82,91,94,92,94,89,88,83,80,91,95,80,88,87,82,81,92,93,87,88,95,95,83,88.33,87.33,90.33,85.0,86.67,89.0,87.33,86.67,89.0,91.67,83.67,88.67,86.0,90.0,91.5,89.0,87.75,87.42,90.33,86.11,90.17,88.36
84,91,85,93,90,95,95,81,86,83,80,95,95,88,87,86,94,95,89,85,82,83,94,85,90,84,84,85,92,86,95,83,89,84,92,91,85,93,92,83,95,89,85,94,90,82,92,86.67,92.67,87.33,86.0,90.0,91.67,85.33,87.33,86.0,87.67,89.0,89.0,89.6,87.0,92.0,87.0,88.17,88.58,86.83,89.2,88.67,88.29
90,88,88,93,91,90,84,82,86,92,89,92,94,88,92,88,82,83,95,81,94,85,92,81,81,86,92,87,80,87,89,93,90,81,87,83,81,80,84,81,80,90,93,93,83,90,82,88.67,91.33,84.0,91.0,91.33,84.33,90.0,86.0,86.33,84.67,90.67,83.67,81.2,91.5,88.0,86.0,88.75,87.92,85.5,85.18,88.5,87.17
82,89,82,92,95,83,92,85,83,94,82,88,86,87,81,88,83,87,95,81,81,86,95,95,86,86,89,92,85,89,88,81,80,92,88,86,84,92,88,94,92,85,90,95,82,88,85,84.33,90.0,86.67,88.0,84.67,86.0,85.67,92.0,87.0,88.67,83.0,88.67,90.0,87.5,88.5,86.5,87.25,87.08,87.83,87.22,87.5,87.38
93,93,84,82,93,93,90,80,81,87,81,84,92,85,80,95,90,91,94,94,83,89,83,86,87,83,81,80,84,81,81,90,89,84,91,93,80,91,83,88,92,86,87,94,86,87,89,90.0,89.33,83.67,84.0,85.67,92.0,90.33,86.0,83.67,81.67,86.67,89.33,86.8,86.5,90.0,88.0,86.75,88.5,82.67,87.6,88.17,86.74
90,92,89,95,86,93,81,84,90,91,87,80,91,90,82,92,92,89,80,93,86,93,88,88,84,82,90,95,92,86,95,87,87,85,88,81,84,95,94,90,82,85,91,91,95,94,91,90.33,91.33,85.0,86.0,87.67,91.0,86.33,89.67,85.33,91.0,89.67,84.67,89.0,88.0,93.0,92.5,88.17,88.67,88.17,87.78,91.17,88.79
90,90,83,83,82,91,85,89,84,93,80,86,88,88,89,81,90,93,90,83,86,89,90,90,87,90,86,87,82,89,88,81,92,81,94,92,95,93,87,89,90,86,85,92,90,87,81,87.67,85.33,86.0,86.33,88.33,88.0,86.33,89.67,87.67,86.0,87.0,89.0,90.8,85.5,91.0,84.0,86.33,88.08,86.83,88.93,86.83,87.4
83,94,88,82,91,92,85,92,94,82,84,87,82,81,84,94,80,94,94,84,88,83,84,84,95,83,95,92,86,90,86,90,92,86,83,91,86,86,81,94,81,92,95,85,83,90,93,88.33,88.33,90.33,84.33,82.33,89.33,88.67,83.67,91.0,89.33,89.33,86.67,85.6,93.5,84.0,91.5,87.83,86.0,90.17,87.2,89.67,88.17
93,86,93,87,90,95,88,87,90,95,87,90,90,93,87,80,92,91,91,80,92,90,84,86,88,94,93,85,93,90,83,95,83,91,94,83,92,89,89,86,91,81,95,85,87,90,87,90.67,90.67,88.33,90.67,90.0,87.67,87.67,86.67,91.67,89.33,87.0,89.33,89.4,88.0,86.0,88.5,90.08,88.0,90.5,88.58,87.5,88.93
83,83,80,95,82,85,80,85,83,83,89,88,85,90,85,85,95,81,83,82,83,81,94,87,91,86,83,92,83,83,83,80,82,80,89,92,88,94,89,81,82,90,93,90,90,84,81,82.0,87.33,82.67,86.67,86.67,87.0,82.67,87.33,86.67,86.0,81.67,87.0,86.8,91.5,90.0,82.5,84.67,85.92,86.33,85.16,88.0,86.01
95,89,85,85,86,88,91,92,89,89,93,92,80,82,94,88,86,82,95,85,95,82,89,95,91,82,82,85,93,87,80,92,83,86,90,85,87,81,92,81,83,92,83,86,86,92,93,89.67,86.33,90.67,91.33,85.33,85.33,91.67,88.67,85.0,88.33,85.0,87.0,84.8,87.5,86.0,92.5,89.5,87.75,86.67,85.6,88.67,87.64
91,94,90,94,89,93,95,80,90,80,91,91,92,81,86,91,80,80,82,94,83,91,92,87,93,81,80,94,85,80,85,82,89,81,91,92,88,87,82,84,84,85,94,91,89,89,89,91.67,92.0,88.33,87.33,86.33,83.67,86.33,90.0,84.67,86.33,85.33,88.0,85.0,89.5,90.0,89.0,89.83,86.58,85.5,86.11,89.5,87.51
87,85,92,90,84,92,89,92,89,93,94,91,92,85,86,88,86,82,82,84,93,89,92,95,89,80,85,95,85,86,87,91,85,84,81,82,92,91,83,87,89,90,93,86,93,92,86,88.0,88.67,90.0,92.67,87.67,85.33,86.33,92.0,84.67,88.67,87.67,82.33,88.4,91.5,89.5,89.0,89.83,87.83,86.67,86.13,90.0,88.09
82,85,82,83,85,87,90,88,89,88,87,93,85,92,92,82,85,83,90,80,82,88,84,80,90,84,92,81,90,89,87,84,91,84,88,88,84,95,85,85,92,95,86,84,85,81,94,83.0,85.0,89.0,89.33,89.67,83.33,84.0,84.0,88.67,86.67,87.33,86.67,88.2,90.5,84.5,87.5,86.58,85.25,87.67,87.4,87.5,86.88
84,84,83,84,81,88,94,91,88,93,84,82,83,84,82,83,91,95,85,81,95,81,90,82,80,94,88,92,86,94,86,92,84,88,85,82,81,91,85,94,87,85,85,88,86,94,82,83.67,84.33,91.0,86.33,83.0,89.67,87.0,84.33,87.33,90.67,87.33,85.0,87.6,85.0,87.0,88.0,86.33,86.0,89.0,86.64,86.67,86.93
80,89,84,92,81,91,87,93,94,84,82,92,80,94,95,82,88,86,88,92,93,81,95,86,90,94,85,94,85,95,90,84,86,83,91,90,90,91,90,93,80,84,89,87,86,93,81,84.33,88.0,91.33,86.0,89.67,85.33,91.0,87.33,89.67,91.33,86.67,88.0,88.8,86.5,86.5,87.0,87.42,88.33,90.5,87.82,86.67,88.15
95,93,89,94,90,86,92,86,80,94,82,90,92,89,93,94,92,95,94,95,89,95,95,89,84,85,90,81,82,88,82,83,94,94,82,81,84,80,86,92,87,91,81,85,84,92,95,92.33,90.0,86.0,88.67,91.33,93.67,92.67,93.0,86.33,83.67,86.33,85.67,85.8,86.0,84.5,93.5,89.25,92.67,85.0,85.93,88.0,88.17
88,93,87,83,84,93,91,80,83,85,84,92,81,94,85,92,87,92,88,91,94,83,95,85,80,85,92,81,92,83,92,82,91,88,89,82,92,81,90,95,89,82,93,81,91,90,88,89.33,86.67,84.67,87.0,86.67,90.33,91.0,87.67,85.67,85.33,88.33,86.33,89.4,87.5,86.0,89.0,86.92,88.92,85.5,88.02,87.5,87.37
88,91,83,80,94,88,86,87,89,87,92,84,92,89,94,83,86,89,81,83,94,90,80,85,85,91,93,93,95,80,84,89,86,81,90,87,94,93,86,95,90,80,95,91,82,88,88,87.33,87.33,87.33,87.67,91.67,86.0,86.0,85.0,89.67,89.33,86.33,86.0,91.6,87.5,86.5,88.0,87.42,87.17,89.5,87.98,87.33,87.88
82,94,88,92,81,89,95,90,88,81,82,90,83,89,85,90,92,86,90,94,85,87,84,90,93,85,85,88,81,82,83,82,83,87,86,83,94,94,90,91,88,89,91,95,94,83,91,88.0,87.33,91.0,84.33,85.67,89.33,89.67,87.0,87.67,83.67,82.67,85.33,91.4,90.0,94.5,87.0,87.67,87.92,85.67,86.47,90.5,87.64
87,92,83,91,80,85,83,84,84,90,95,85,86,82,92,82,92,91,91,86,83,83,81,80,85,93,88,81,89,86,91,86,93,89,83,89,92,95,85,84,81,85,86,85,91,83,84,87.33,85.33,83.67,90.0,86.67,88.33,86.67,81.33,88.67,85.33,90.0,87.0,87.4,85.5,88.0,83.5,86.58,85.75,87.0,88.13,85.67,86.63
87,84,95,90,88,84,89,90,80,91,82,87,89,81,94,87,86,87,91,80,81,91,95,92,81,85,91,86,92,91,86,82,83,80,80,88,94,91,89,82,83,81,92,85,87,95,83,88.67,87.33,86.33,86.67,88.0,86.67,84.0,92.67,85.67,89.67,83.67,82.67,87.8,86.5,86.0,89.0,87.25,87.83,87.67,84.71,87.17,86.93
82,95,81,81,85,90,82,81,87,95,88,85,92,91,81,86,88,93,92,86,80,95,90,85,90,84,84,85,86,85,95,87,82,84,84,81,92,93,95,89,89,84,83,94,86,92,81,86.0,85.33,83.33,89.33,88.0,89.0,86.0,90.0,86.0,85.33,88.0,83.0,91.6,83.5,90.0,86.5,86.0,88.25,85.67,87.53,86.67,86.82
94,81,85,91,88,81,95,84,87,85,84,95,95,84,90,95,80,89,87,88,86,88,82,88,87,80,88,86,84,83,94,94,93,81,87,88,88,85,83,95,92,91,80,93,93,85,88,86.67,86.67,88.67,88.0,89.67,88.0,87.0,86.0,85.0,84.33,93.67,85.33,88.6,85.5,93.0,86.5,87.5,87.67,84.67,89.2,88.33,87.47
93,82,94,90,92,83,94,90,90,94,93,94,85,95,82,93,85,95,84,82,95,94,92,92,80,80,91,87,86,88,90,85,81,80,90,87,81,92,83,88,86,94,90,90,86,85,89,89.67,88.33,91.33,93.67,87.33,91.0,87.0,92.67,83.67,87.0,85.33,85.67,86.0,92.0,88.0,87.0,90.75,89.5,85.33,85.67,89.0,88.05
82,95,80,82,84,89,92,91,87,87,85,94,91,83,84,90,95,92,86,82,93,92,83,81,85,95,92,90,86,89,86,81,80,94,93,94,83,86,95,86,95,95,84,94,85,80,95,85.67,85.0,90.0,88.67,86.0,92.33,87.0,85.33,90.67,88.33,82.33,93.67,89.0,89.5,89.5,87.5,87.33,87.67,89.5,88.33,88.83,88.33
85,84,89,94,87,86,87,92,82,87,83,91,80,90,83,85,80,87,93,88,95,88,92,83,85,86,95,84,89,80,95,91,82,84,92,92,87,95,83,91,95,85,83,92,85,89,81,86.0,89.0,87.0,87.0,84.33,84.0,92.0,87.67,88.67,84.33,89.33,89.33,90.2,84.0,88.5,85.0,87.25,87.0,86.5,89.62,85.83,87.24
81,82,81,93,92,84,82,95,86,93,95,88,88,82,85,92,93,85,84,83,94,84,85,90,94,81,94,94,85,93,94,93,93,95,89,88,82,92,86,86,86,88,84,84,95,85,86,81.33,89.67,87.67,92.0,85.0,90.0,87.0,86.33,89.67,90.67,93.33,90.67,86.4,86.0,89.5,85.5,87.67,87.08,90.17,90.13,87.0,88.41
89,83,95,83,92,95,83,87,88,95,85,88,92,81,87,82,94,83,82,92,80,92,89,86,83,89,92,94,91,87,87,80,95,87,86,94,95,95,80,87,80,82,94,80,80,83,95,89.0,90.0,86.0,89.33,86.67,86.33,84.67,89.0,88.0,90.67,87.33,89.0,87.4,88.0,80.0,89.0,88.58,86.67,89.33,87.91,85.67,87.63
80,88,95,81,84,95,88,87,92,95,95,84,82,84,84,92,83,88,81,92,81,81,82,95,89,82,88,95,94,82,83,86,88,88,92,81,89,83,80,86,92,80,93,81,89,86,86,87.67,86.67,89.0,91.33,83.33,87.67,84.67,86.0,86.33,90.33,85.67,87.0,86.0,86.5,85.0,86.0,88.67,85.42,88.33,86.22,85.83,86.89
93,80,81,81,81,94,92,85,89,94,85,89,81,80,82,90,81,95,91,92,92,82,87,89,90,92,92,85,94,92,88,84,88,87,81,95,84,84,87,81,84,95,94,80,80,84,95,84.67,85.33,88.67,89.33,81.0,88.67,91.67,86.0,91.33,90.33,86.67,87.67,84.0,94.5,80.0,89.5,87.0,86.83,90.83,86.11,88.0,87.76
82,81,93,88,80,90,86,80,95,94,80,82,82,87,89,84,94,92,89,83,93,84,89,81,88,87,88,91,92,95,84,95,89,80,92,87,85,88,88,81,83,91,86,87,91,80,91,85.33,86.0,87.0,85.33,86.0,90.0,88.33,84.67,87.67,92.67,89.33,86.33,85.0,88.5,89.0,85.5,85.92,87.25,90.17,86.89,87.67,87.58
83,83,88,93,94,86,88,90,90,93,83,95,95,83,82,89,83,89,90,90,80,89,88,81,89,94,91,82,89,82,90,80,94,88,94,81,81,86,80,90,91,85,93,93,90,81,80,84.67,91.0,89.33,90.33,86.67,87.0,86.67,86.0,91.33,84.33,88.0,87.67,85.6,89.0,91.5,80.5,88.83,86.58,87.83,87.09,87.0,87.47
89,93,80,80,87,80,80,80,87,94,82,85,83,94,82,90,87,85,95,82,89,87,84,83,88,95,88,91,91,80,92,86,80,82,90,89,90,91,90,82,85,89,81,89,91,94,91,87.33,82.33,82.33,87.0,86.33,87.33,88.67,84.67,90.33,87.33,86.0,87.0,87.6,85.0,90.0,92.5,84.75,86.75,88.83,86.87,89.17,87.27
88,93,93,90,83,95,91,86,80,88,84,89,85,82,88,93,89,86,85,83,83,83,86,81,95,94,95,86,95,87,88,91,91,84,87,88,89,88,88,87,91,90,90,82,85,94,94,91.33,89.33,85.67,87.0,85.0,89.33,83.67,83.33,94.67,89.33,90.0,86.33,88.6,90.0,83.5,94.0,88.33,85.33,92.0,88.31,89.17,88.63
81,95,90,95,80,95,95,94,91,82,95,87,91,84,83,80,91,92,88,82,91,85,80,81,93,89,90,80,90,85,92,81,89,87,88,95,82,90,89,84,82,81,80,92,90,80,83,88.67,90.0,93.33,88.0,86.0,87.67,87.0,82.0,90.67,85.0,87.33,90.0,85.4,80.5,91.0,81.5,90.0,85.67,87.83,87.58,84.33,87.08
95,88,85,85,88,83,83,80,87,84,89,83,87,86,84,93,88,92,82,94,82,88,92,87,91,82,92,84,85,92,93,83,88,83,90,85,92,87,84,94,80,84,88,83,88,91,82,89.33,85.33,83.33,85.33,85.67,91.0,86.0,89.0,88.33,87.0,88.0,86.0,87.4,86.0,85.5,86.5,85.83,87.92,87.67,87.13,86.0,86.91
80,92,86,87,95,91,86,89,82,90,86,81,84,89,80,93,90,82,94,86,92,89,88,83,87,93,86,94,86,91,80,81,87,89,86,85,82,84,82,85,80,88,82,81,81,82,85,86.0,91.0,85.67,85.67,84.33,88.33,90.67,86.67,88.67,90.33,82.67,86.67,82.6,85.0,81.0,83.5,87.08,87.5,89.5,83.98,83.17,86.25
87,87,83,88,87,89,84,81,90,92,94,88,83,82,80,82,81,93,80,95,88,87,83,84,86,85,93,87,92,83,92,88,94,93,81,85,81,95,83,93,94,94,84,81,94,92,90,85.67,88.0,85.0,91.33,81.67,85.33,87.67,84.67,88.0,87.33,91.33,86.33,89.2,89.0,87.5,91.0,87.5,84.83,87.67,88.96,89.17,87.62
94,82,86,80,93,94,91,91,93,91,88,89,85,93,95,92,86,86,88,88,85,86,94,89,89,95,94,87,83,93,93,82,87,94,92,88,89,80,90,80,87,93,95,82,95,93,95,87.33,89.0,91.67,89.33,91.0,88.0,87.0,89.67,92.67,87.67,87.33,91.33,85.2,94.0,88.5,94.0,89.33,88.92,90.17,87.96,92.17,89.71
82,93,92,94,95,80,95,82,93,87,80,83,87,95,89,88,87,88,81,90,95,95,88,88,95,88,95,92,90,84,89,95,84,85,88,81,93,82,82,94,89,88,88,87,95,88,84,89.0,89.67,90.0,83.33,90.33,87.67,88.67,90.33,92.67,88.67,89.33,84.67,88.0,88.0,91.0,86.0,88.0,89.25,90.67,87.33,88.33,88.72
82,88,83,94,88,95,84,89,95,94,81,90,80,83,83,91,86,93,86,89,85,90,94,85,85,89,84,85,95,80,90,95,81,95,87,91,94,87,91,94,92,82,86,93,87,88,92,84.33,92.33,89.33,88.33,82.0,90.0,86.67,89.67,86.0,86.67,88.67,91.0,91.6,84.0,90.0,90.0,88.58,87.08,86.33,90.42,88.0,88.08
88,89,95,88,93,90,85,94,92,95,86,83,84,89,87,91,94,88,91,90,95,86,82,80,80,94,86,87,89,94,89,90,83,82,88,94,87,88,82,93,94,83,81,94,81,90,94,90.67,90.33,90.33,88.0,86.67,91.0,92.0,82.67,86.67,90.0,87.33,88.0,88.8,82.0,87.5,92.0,89.83,88.08,88.33,88.04,87.17,88.29
92,91,81,82,84,87,84,87,91,81,92,89,94,84,84,90,82,93,93,90,85,92,84,89,80,93,90,80,85,85,82,88,84,90,81,88,82,80,85,88,92,80,89,81,83,82,91,88.0,84.33,87.33,87.33,87.33,88.33,89.33,88.33,87.67,83.33,84.67,86.33,85.4,84.5,82.0,86.5,86.75,88.33,85.5,85.47,84.33,86.08
93,91,88,83,89,82,94,80,86,84,89,82,84,92,85,93,92,91,86,85,95,80,80,80,83,83,93,91,80,88,91,82,89,87,89,94,87,92,83,83,88,85,94,84,83,92,95,90.67,84.67,86.67,85.0,87.0,92.0,88.67,80.0,86.33,86.33,87.33,90.0,86.6,89.5,83.5,93.5,86.75,86.92,86.33,87.98,88.83,87.36
91,80,91,82,89,92,82,80,80,91,85,95,92,87,87,88,85,92,80,89,84,83,85,95,87,86,93,89,83,84,95,90,90,87,94,88,91,83,84,89,90,82,86,85,90,87,84,87.33,87.67,80.67,90.33,88.67,88.33,84.33,87.67,88.67,85.33,91.67,89.67,87.4,84.0,87.5,85.5,86.5,87.25,87.0,89.58,85.67,87.2
88,93,80,88,91,85,88,81,80,87,90,91,88,82,89,93,94,85,89,89,88,85,83,91,86,83,82,80,94,95,84,86,83,85,92,94,83,87,89,88,86,90,93,85,83,83,91,87.0,88.0,83.0,89.33,86.33,90.67,88.67,86.33,83.67,89.67,84.33,90.33,86.6,91.5,84.0,87.0,86.83,88.0,86.67,87.09,87.5,87.22
93,95,88,95,80,83,95,91,84,80,81,86,90,94,87,81,91,92,89,95,83,85,82,85,90,88,85,82,81,92,82,95,89,92,83,81,90,94,80,87,92,84,86,92,80,85,89,92.0,86.0,90.0,82.33,90.33,88.0,89.0,84.0,87.67,85.0,88.67,85.33,88.6,85.0,86.0,87.0,87.58,87.83,86.33,87.53,86.0,87.06
85,92,94,80,84,88,93,92,82,82,93,86,81,82,92,81,86,92,95,83,87,95,92,93,84,88,87,85,87,94,95,82,94,94,87,94,81,89,85,86,95,87,84,94,89,95,83,90.33,84.0,89.0,87.0,85.0,86.33,88.33,93.33,86.33,88.67,90.33,91.67,87.2,85.5,91.5,89.0,87.58,88.25,87.5,89.73,88.67,88.35
82,86,81,83,84,87,87,84,83,91,91,93,86,83,90,91,81,91,87,90,87,82,87,83,89,86,88,87,93,80,95,95,92,86,84,87,92,81,86,88,93,85,80,80,84,91,89,83.0,84.67,84.67,91.67,86.33,87.67,88.0,84.0,87.67,86.67,94.0,85.67,88.0,82.5,82.0,90.0,86.0,86.5,87.17,89.22,84.83,86.74
94,87,86,85,95,84,94,88,86,93,85,94,92,81,93,92,92,88,89,91,89,80,80,84,93,94,87,92,82,93,91,87,88,80,84,81,87,86,86,92,92,80,86,95,95,92,80,89.0,88.0,89.33,90.67,88.67,90.67,89.67,81.33,91.33,89.0,88.67,81.67,88.6,83.0,95.0,86.0,89.25,87.58,90.17,86.31,88.0,88.26
95,80,93,81,91,82,84,83,93,92,87,94,94,91,95,85,83,94,95,85,84,92,94,91,94,90,85,84,89,91,95,85,86,84,85,84,95,82,80,86,91,88,86,81,90,85,88,89.33,84.67,86.67,91.0,93.33,87.33,88.0,92.33,89.67,88.0,88.67,84.33,86.8,87.0,85.5,86.5,87.92,90.25,88.83,86.6,86.33,87.99
94,84,85,93,84,84,89,90,89,88,94,81,80,81,80,94,85,94,91,84,86,87,87,81,89,90,93,89,83,85,80,86,88,87,87,94,82,89,83,88,80,91,94,90,85,94,81,87.67,87.0,89.33,87.67,80.33,91.0,87.0,85.0,90.67,85.67,84.67,89.33,84.4,92.5,87.5,87.5,87.92,85.83,88.17,86.13,89.17,87.44
94,84,88,91,81,82,94,84,90,81,90,89,89,95,81,94,87,85,80,90,85,87,89,80,85,89,84,82,95,90,91,81,80,88,95,84,89,84,95,86,94,80,92,95,86,85,90,88.67,84.67,89.33,86.67,88.33,88.67,85.0,85.33,86.0,89.0,84.0,89.0,89.6,86.0,90.5,87.5,87.33,86.83,87.5,87.53,88.0,87.44
83,82,89,84,83,90,89,84,95,82,85,89,95,84,91,83,90,92,95,89,82,83,95,83,88,86,85,89,85,89,80,95,90,81,94,87,91,85,84,86,82,80,93,95,94,92,95,84.67,85.67,89.33,85.33,90.0,88.33,88.67,87.0,86.33,87.67,88.33,87.33,85.6,86.5,94.5,93.5,86.25,88.5,87.0,87.09,91.5,88.07
90,85,86,81,88,86,93,90,88,85,84,86,88,91,89,81,84,82,85,95,87,82,81,85,88,81,94,89,83,85,94,91,86,80,92,95,80,91,92,89,90,90,81,94,93,87,82,87.0,85.0,90.33,85.0,89.33,82.33,89.0,82.67,87.67,85.67,90.33,89.0,88.4,85.5,93.5,84.5,86.83,85.83,86.67,89.24,87.83,87.28
93,87,87,94,90,93,95,87,94,83,87,95,82,83,86,82,86,90,87,90,93,90,87,90,93,89,80,89,84,88,92,92,82,91,82,85,95,88,82,87,85,88,93,86,80,85,85,89.0,92.33,92.0,88.33,83.67,86.0,90.0,89.0,87.33,87.0,88.67,86.0,87.4,90.5,83.0,85.0,90.42,87.17,87.17,87.36,86.17,87.65
85,92,83,95,81,91,93,80,92,81,90,82,80,91,88,85,94,82,83,86,90,95,93,81,86,91,89,93,93,82,90,89,91,90,90,92,88,85,86,89,94,82,94,86,84,81,89,86.67,89.0,88.33,84.33,86.33,87.0,86.33,89.67,88.67,89.33,90.0,90.67,88.4,88.0,85.0,85.0,87.08,87.33,89.0,89.69,86.0,87.82
90,85,81,90,90,90,92,80,85,86,84,93,82,93,83,95,82,94,92,83,80,93,84,94,85,90,81,82,95,91,83,93,94,93,90,91,88,89,80,81,94,89,95,92,94,87,85,85.33,90.0,85.67,87.67,86.0,90.33,85.0,90.33,85.33,89.33,90.0,91.33,86.4,92.0,93.0,86.0,87.17,87.92,87.33,89.24,90.33,88.4
89,83,87,86,88,91,90,87,94,90,83,80,85,87,81,88,95,95,89,87,83,86,94,93,91,86,91,91,88,92,92,88,83,87,87,80,89,80,89,86,94,86,80,90,92,93,87,86.33,88.33,90.33,84.33,84.33,92.67,86.33,91.0,89.33,90.33,87.67,84.67,87.6,83.0,91.0,90.0,87.33,88.58,89.83,86.64,88.0,88.08
83,85,84,91,89,81,84,82,80,88,81,84,95,84,86,89,81,83,92,88,81,90,90,80,83,87,86,88,80,83,88,82,88,80,91,83,87,86,95,82,83,82,88,88,86,92,94,84.0,87.0,82.0,84.33,88.33,84.33,87.0,86.67,85.33,83.67,86.0,84.67,86.6,85.0,87.0,93.0,84.33,86.58,84.5,85.76,88.33,85.9
92,91,92,91,92,86,92,86,81,85,88,88,82,84,83,85,83,91,81,94,88,87,83,82,88,86,94,95,85,90,87,89,86,95,92,82,94,88,92,88,85,86,87,95,94,94,82,91.67,89.67,86.33,87.0,83.0,86.33,87.67,84.0,89.33,90.0,87.33,89.67,89.4,86.5,94.5,88.0,88.67,85.25,89.67,88.8,89.67,88.41
89,83,95,89,90,82,92,80,80,94,86,85,92,87,93,83,88,89,94,94,84,93,85,82,93,85,87,88,86,86,86,92,80,83,87,90,82,83,92,81,90,85,91,90,83,80,90,89.0,87.0,84.0,88.33,90.67,86.67,90.67,86.67,88.33,86.67,86.0,86.67,85.6,88.0,86.5,85.0,87.08,88.67,87.5,86.09,86.5,87.17
95,84,87,88,85,82,90,87,89,88,91,82,87,84,81,83,82,93,92,92,83,81,88,84,83,95,82,84,90,80,89,90,95,83,94,85,92,81,82,90,91,91,84,82,85,88,89,88.67,85.0,88.67,87.0,84.0,86.0,89.0,84.33,86.67,84.67,91.33,87.33,87.2,87.5,83.5,88.5,87.33,85.83,85.67,88.62,86.5,86.79
91,84,95,81,91,93,88,87,91,83,91,93,80,91,92,93,88,83,81,81,87,93,93,91,81,95,90,90,80,92,81,93,81,93,86,84,95,80,90,93,94,80,82,94,91,80,95,90.0,88.33,88.67,89.0,87.67,88.0,83.0,92.33,88.67,87.33,85.0,87.67,90.4,81.0,92.5,87.5,89.0,87.75,88.0,87.69,87.0,87.89
93,95,80,80,87,95,88,80,81,85,85,88,83,88,92,88,88,81,81,90,90,85,87,82,88,82,87,88,80,91,84,92,89,89,94,83,92,94,93,94,82,87,80,82,85,92,85,89.33,87.33,83.0,86.0,87.67,85.67,87.0,84.67,85.67,86.33,88.33,88.67,91.0,83.5,83.5,88.5,86.42,86.25,86.0,89.33,85.17,86.63
88,89,86,93,84,89,95,82,82,80,80,86,81,82,93,89,94,90,83,83,84,84,80,87,91,82,93,89,95,82,82,86,87,81,93,86,80,81,94,94,83,83,83,95,87,88,80,87.67,88.67,86.33,82.0,85.33,91.0,83.33,83.67,88.67,88.67,85.0,86.67,86.4,83.0,91.0,84.0,86.17,85.83,88.67,86.02,86.0,86.54
82,89,81,92,90,81,95,91,85,91,83,93,85,86,81,86,92,81,84,90,90,85,87,85,81,92,90,94,87,93,93,85,82,93,92,86,88,83,95,87,84,92,87,80,91,81,85,84.0,87.67,90.33,89.0,84.0,86.33,88.0,85.67,87.67,91.33,86.67,90.33,87.4,89.5,85.5,83.0,87.75,86.0,89.5,88.13,86.0,87.48
89,93,82,88,93,94,85,87,92,89,90,95,82,95,95,95,82,89,81,82,81,90,91,80,91,93,83,88,89,83,83,80,92,90,91,91,82,91,83,85,84,80,95,85,95,94,81,88.0,91.67,88.0,91.33,90.67,88.67,81.33,87.0,89.0,86.67,85.0,90.67,85.0,87.5,90.0,87.5,89.75,86.92,87.83,86.89,88.33,87.94
89,84,92,94,84,82,87,92,91,91,85,86,94,88,80,94,93,86,86,84,85,83,93,86,86,95,90,92,84,80,83,95,92,82,82,86,87,85,90,81,81,91,82,95,95,92,92,88.33,86.67,90.0,87.33,87.33,91.0,85.0,87.33,90.33,85.33,90.0,83.33,84.8,86.5,95.0,92.0,88.08,87.67,87.83,86.04,91.17,88.16
80,88,83,84,81,94,92,82,95,84,86,95,95,80,82,89,82,81,80,84,80,94,93,91,84,83,87,86,84,90,87,92,85,94,93,89,90,90,92,85,90,94,85,89,89,89,94,83.67,86.33,89.67,88.33,85.67,84.0,81.33,92.67,84.67,86.67,88.0,92.0,89.4,89.5,89.0,91.5,87.0,85.92,85.67,89.8,90.0,87.68
89,85,90,86,87,87,81,95,80,82,84,81,84,83,83,89,87,87,90,86,94,95,90,90,80,87,82,86,83,82,90,80,87,94,81,93,94,81,85,90,85,89,84,92,91,80,94,88.0,86.67,85.33,82.33,83.33,87.67,90.0,91.67,83.0,83.67,85.67,89.33,87.0,86.5,91.5,87.0,85.58,88.17,83.33,87.33,88.33,86.55
89,83,85,92,90,82,88,92,84,84,86,86,80,80,93,81,89,90,89,87,87,85,85,82,91,89,95,89,94,82,90,91,92,90,94,85,86,93,93,81,84,80,88,80,90,86,83,85.67,88.0,88.0,85.33,84.33,86.67,87.67,84.0,91.67,88.33,91.0,89.67,87.4,84.0,85.0,84.5,86.75,85.67,90.0,89.36,84.5,87.25
89,92,92,87,86,82,80,83,85,87,93,91,93,85,87,95,81,93,94,92,88,88,85,89,91,92,87,85,87,86,95,81,90,82,83,92,87,86,87,94,88,92,81,91,83,83,82,91.0,85.0,82.67,90.33,88.33,89.67,91.33,87.33,90.0,86.0,88.67,85.67,88.4,86.5,87.0,82.5,87.25,89.17,88.0,87.58,85.33,87.47
95,88,95,95,80,85,84,84,90,86,90,81,91,81,86,93,92,80,92,90,86,88,90,82,86,88,91,86,82,81,81,93,84,84,81,93,87,85,95,80,91,94,85,91,80,93,94,92.67,86.67,86.0,85.67,86.0,88.33,89.33,86.67,88.33,83.0,86.0,86.0,87.6,89.5,85.5,93.5,87.75,87.58,85.67,86.53,89.5,87.41
82,91,85,87,88,81,87,94,84,94,95,93,89,83,90,95,90,88,90,88,82,89,81,95,80,93,93,84,86,80,83,81,82,87,93,81,85,91,87,81,82,85,88,82,93,88,81,86.0,85.33,88.33,94.0,87.33,91.0,86.67,88.33,88.67,83.33,82.0,87.0,85.2,86.5,87.5,84.5,88.42,88.33,86.0,84.73,86.17,86.73
90,80,93,93,89,91,85,87,80,83,87,81,84,89,93,92,91,81,88,90,92,93,91,95,83,92,81,95,80,84,83,95,83,80,92,92,94,82,80,84,80,82,87,89,90,92,85,87.67,91.0,84.0,83.67,88.67,88.0,90.0,93.0,85.33,86.33,87.0,88.0,84.0,84.5,89.5,88.5,86.58,89.92,85.83,86.33,87.5,87.23
89,93,85,95,95,89,90,93,83,95,89,92,81,87,80,81,91,85,81,82,93,86,81,89,91,83,94,95,86,94,83,87,82,90,82,82,94,88,93,88,88,88,95,83,81,81,80,89.0,93.0,88.67,92.0,82.67,85.67,85.33,85.33,89.33,91.67,84.0,84.67,90.2,91.5,82.0,80.5,90.67,84.75,90.5,86.29,84.67,87.37
91,95,80,94,91,91,90,92,83,95,92,92,82,90,87,95,82,90,86,93,86,85,80,82,90,95,87,92,81,85,89,81,94,89,82,81,94,90,84,93,83,95,91,91,95,93,89,88.67,92.0,88.33,93.0,86.33,89.0,88.33,82.33,90.67,86.0,88.0,84.0,88.8,93.0,93.0,91.0,90.5,86.5,88.33,86.93,92.33,88.92
92,87,83,94,95,92,90,83,87,92,94,85,93,88,90,80,87,87,80,86,81,92,88,93,83,89,84,93,84,86,95,91,91,90,91,94,87,85,85,83,91,87,87,81,90,80,88,87.33,93.67,86.67,90.33,90.33,84.67,82.33,91.0,85.33,87.67,92.33,91.67,86.2,87.0,85.5,84.0,89.5,87.08,86.5,90.07,85.5,87.73
83,86,87,83,89,94,85,94,94,80,85,91,84,92,89,83,82,93,90,89,81,91,82,84,83,86,85,87,85,95,82,87,91,92,95,91,81,93,85,82,95,94,93,81,86,92,83,85.33,88.67,91.0,85.33,88.33,86.0,86.67,85.67,84.67,89.0,86.67,92.67,87.2,93.5,83.5,87.5,87.58,86.67,86.83,88.84,88.17,87.62
88,91,89,88,93,91,95,87,81,92,89,80,82,94,94,90,85,80,84,95,90,84,82,89,85,81,86,80,91,81,92,85,86,84,85,94,92,81,81,80,81,87,87,90,87,83,94,89.33,90.67,87.67,87.0,90.0,85.0,89.67,85.0,84.0,84.0,87.67,87.67,83.0,87.0,88.5,88.5,88.67,87.42,84.0,86.11,88.0,86.84
87,83,90,95,87,87,84,90,88,95,86,89,82,81,81,95,81,84,81,89,80,80,95,86,93,85,93,93,81,86,86,92,92,84,87,89,88,91,89,81,88,87,80,94,86,84,82,86.67,89.67,87.33,90.0,81.33,86.67,83.33,87.0,90.33,86.67,90.0,86.67,87.4,83.5,90.0,83.0,88.42,84.58,88.5,88.02,85.5,87.0
80,94,88,80,86,81,85,81,95,95,88,86,82,93,95,92,84,84,90,82,82,91,90,86,83,90,86,90,95,86,91,89,86,86,82,82,82,81,86,82,88,84,93,92,84,88,85,87.33,82.33,87.0,89.67,90.0,86.67,84.67,89.0,86.33,90.33,88.67,83.33,83.8,88.5,88.0,86.5,86.58,87.58,88.33,85.27,87.67,87.09
85,87,84,84,83,86,86,82,88,88,92,93,84,95,80,88,80,85,87,93,94,92,80,88,80,93,83,92,92,82,88,88,89,90,86,84,90,92,88,92,84,95,92,88,82,84,86,85.33,84.33,85.33,91.0,86.33,84.33,91.33,86.67,85.33,88.67,88.33,86.67,89.2,93.5,85.0,85.0,86.5,87.17,87.0,88.07,87.83,87.31
95,85,90,88,83,85,85,89,88,81,84,90,88,93,89,81,80,88,86,90,92,89,84,82,89,83,82,82,93,83,84,86,91,82,93,84,93,84,90,93,85,90,83,84,81,88,94,90.0,85.33,87.33,85.0,90.0,83.0,89.33,85.0,84.67,86.0,87.0,86.33,89.0,86.5,82.5,91.0,86.92,86.83,85.33,87.44,86.67,86.64
83,84,93,85,80,86,92,86,88,81,93,94,85,85,91,84,80,80,91,84,81,89,94,95,85,93,85,94,88,87,91,92,87,86,90,88,88,93,83,90,91,94,94,90,95,94,89,86.67,83.67,88.67,89.33,87.0,81.33,85.33,92.67,87.67,89.67,90.0,88.0,89.0,94.0,92.5,91.5,87.08,86.58,88.67,89.0,92.67,88.8
84,91,80,82,81,91,90,92,86,94,84,80,88,80,90,85,87,85,91,91,90,84,87,82,95,95,95,91,80,82,88,80,93,81,81,90,94,91,82,91,83,88,92,92,87,94,82,85.0,84.67,89.33,86.0,86.0,85.67,90.67,84.33,95.0,84.33,87.0,84.0,88.2,90.0,89.5,88.0,86.25,86.67,89.67,86.4,89.17,87.63
82,90,84,92,90,82,88,93,92,90,90,81,86,82,81,81,90,92,80,82,87,82,94,90,82,91,92,95,81,92,83,90,84,95,91,87,95,91,88,86,80,86,80,92,95,80,81,85.33,88.0,91.0,87.0,83.0,87.67,83.0,88.67,88.33,89.33,85.67,91.0,88.0,83.0,93.5,80.5,87.83,85.58,88.83,88.22,85.67,87.23
93,83,91,86,81,84,92,80,95,81,91,91,94,82,90,89,81,85,93,80,80,87,86,80,94,93,95,89,92,86,90,82,85,95,86,92,94,84,85,91,94,83,86,90,95,85,85,89.0,83.67,89.0,87.67,88.67,85.0,84.33,84.33,94.0,89.0,85.67,91.0,89.6,84.5,92.5,85.0,87.33,85.58,91.5,88.76,87.33,88.1
88,82,84,93,89,85,90,94,87,93,88,87,84,85,88,94,82,90,94,87,88,87,82,94,91,86,85,80,90,88,92,80,94,86,95,90,95,90,92,93,92,86,93,92,84,94,93,84.67,89.0,90.33,89.33,85.67,88.67,89.67,87.67,87.33,86.0,88.67,90.33,92.4,89.5,88.0,93.5,88.33,87.92,86.67,90.47,90.33,88.74
80,94,92,86,95,89,85,94,84,86,92,82,83,92,82,80,90,88,81,80,83,92,80,94,95,87,82,95,91,85,84,81,85,87,94,92,83,82,88,80,84,86,86,83,89,80,83,88.67,90.0,87.67,86.67,85.67,86.0,81.33,88.67,88.0,90.33,83.33,91.0,83.4,86.0,86.0,81.5,88.25,85.42,89.17,85.91,84.5,86.65
87,91,86,88,88,90,82,80,89,84,84,91,94,95,86,81,89,90,84,88,89,85,94,94,92,94,87,87,90,86,90,88,88,81,86,84,85,87,94,91,92,86,88,88,92,89,95,88.0,88.67,83.67,86.33,91.67,86.67,87.0,91.0,91.0,87.67,88.67,83.67,89.8,87.0,90.0,92.0,86.67,89.08,89.33,87.38,89.67,88.43
94,94,95,82,82,85,84,90,90,88,80,93,91,85,93,94,82,88,80,88,83,82,80,94,83,94,87,85,81,95,80,93,90,83,95,83,90,80,87,84,92,95,81,90,81,82,95,94.33,83.0,88.0,87.0,89.67,88.0,83.67,85.33,88.0,87.0,87.67,87.0,86.6,88.0,85.5,88.5,88.08,86.67,87.5,87.09,87.33,87.33
90,83,84,91,95,88,91,95,89,92,90,81,83,95,84,91,90,95,88,86,87,86,88,83,88,80,85,83,83,92,93,80,85,89,87,87,82,91,85,91,90,80,85,94,89,82,89,85.67,91.33,91.67,87.67,87.33,92.0,87.0,85.67,84.33,86.0,86.0,87.67,87.8,82.5,91.5,85.5,89.08,88.0,85.17,87.16,86.5,87.18
87,86,89,84,84,95,87,85,82,83,89,89,83,90,93,86,87,86,94,81,87,86,94,86,89,87,91,93,86,90,94,90,81,86,92,80,83,94,92,87,83,80,95,87,90,83,91,87.33,87.67,84.67,87.0,88.67,86.33,87.33,88.67,89.0,89.67,88.33,86.0,87.8,87.5,88.5,87.0,86.67,87.75,89.33,87.38,87.67,87.76
87,84,84,84,82,86,90,88,82,81,87,83,94,82,87,90,95,90,90,84,93,87,93,87,86,88,88,89,82,87,92,84,80,87,82,87,83,91,93,91,81,81,89,92,94,88,86,85.0,84.0,86.67,83.67,87.67,91.67,89.0,89.0,87.33,86.0,85.33,85.33,87.8,85.0,93.0,87.0,84.83,89.33,86.67,86.16,88.33,87.06
90,88,94,80,93,80,85,90,85,93,91,90,88,92,91,91,88,87,90,85,84,80,95,93,88,91,91,88,83,82,91,84,82,86,85,85,93,91,95,86,81,91,92,95,82,86,81,90.67,84.33,86.67,91.33,90.33,88.67,86.33,89.33,90.0,84.33,85.67,85.33,89.2,91.5,88.5,83.5,88.25,88.67,87.17,86.73,87.83,87.73
90,85,94,81,86,91,81,88,94,80,84,88,81,84,88,81,93,88,94,88,86,91,81,90,93,94,94,95,80,80,83,80,81,94,84,87,84,83,84,81,81,90,90,81,94,84,95,89.67,86.0,87.67,84.0,84.33,87.33,89.33,87.33,93.67,85.0,81.33,88.33,82.6,90.0,87.5,89.5,86.83,87.08,89.33,84.09,89.0,87.27
94,85,88,85,85,91,83,88,80,81,84,90,84,85,92,80,87,91,92,88,82,95,85,87,83,95,91,81,80,92,94,89,80,94,92,89,80,91,93,83,94,94,86,95,92,93,82,89.0,87.0,83.67,85.0,87.0,86.0,87.33,89.0,89.67,84.33,87.67,91.67,88.2,90.0,93.5,87.5,86.17,87.33,87.0,89.18,90.33,88.0
84,81,82,83,81,88,95,92,93,86,94,90,86,85,89,82,95,81,83,84,95,85,81,88,90,93,86,84,88,89,89,88,88,94,89,92,87,94,81,91,83,82,82,91,88,92,95,82.33,84.0,93.33,90.0,86.67,86.0,87.33,84.67,89.67,87.0,88.33,91.67,87.2,82.0,89.5,93.5,87.42,86.17,88.33,89.07,88.33,87.86
83,90,90,92,95,91,82,93,85,80,83,81,90,85,80,93,81,88,80,92,83,89,95,85,87,95,94,85,92,80,83,94,91,86,90,81,94,81,93,94,95,85,83,91,95,86,89,87.67,92.67,86.67,81.33,85.0,87.33,85.0,89.67,92.0,85.67,89.33,85.67,91.4,84.0,93.0,87.5,87.08,86.75,88.83,88.8,88.17,87.93
93,92,84,80,94,89,88,93,85,90,95,89,87,91,80,93,82,83,82,90,83,94,89,81,85,88,80,80,83,83,84,82,84,87,92,89,95,87,91,81,92,82,87,82,92,83,88,89.67,87.67,88.67,91.33,86.0,86.0,85.0,88.0,84.33,82.0,83.33,89.33,89.2,84.5,87.0,85.5,89.33,86.25,83.17,87.29,85.67,86.34
90,81,90,94,85,89,91,84,91,82,86,95,84,84,84,83,95,89,90,81,80,81,84,84,86,82,80,95,92,85,93,83,88,95,86,84,94,81,90,82,90,82,85,94,93,84,88,87.0,89.33,88.67,87.67,84.0,89.0,83.67,83.0,82.67,90.67,88.0,88.33,87.4,83.5,93.5,86.0,88.17,84.92,86.67,87.91,87.67,87.07
91,87,86,81,93,91,89,90,89,85,86,93,87,92,90,93,81,93,81,84,80,88,80,85,92,95,92,95,89,88,92,94,87,89,81,88,80,82,84,84,80,92,90,90,81,85,80,88.0,88.33,89.33,88.0,89.67,89.0,81.67,84.33,93.0,90.67,91.0,86.0,82.0,91.0,85.5,82.5,88.42,86.17,91.83,86.33,86.33,87.82
86,82,82,88,93,91,85,88,80,91,91,87,84,89,87,80,89,93,90,89,94,93,95,84,92,91,92,89,87,95,88,85,89,84,85,86,86,91,90,88,89,93,91,82,92,86,89,83.33,90.67,84.33,89.67,86.67,87.33,91.0,90.67,91.67,90.33,87.33,85.0,88.8,92.0,87.0,87.5,87.0,88.92,91.0,87.04,88.83,88.56
85,83,91,87,89,89,83,91,89,88,83,90,92,85,95,95,85,89,80,94,89,88,94,81,95,81,91,94,93,84,86,93,81,83,93,89,92,88,95,88,92,89,93,80,81,91,87,86.33,88.33,87.67,87.0,90.67,89.67,87.67,87.67,89.0,90.33,86.67,88.33,91.0,91.0,80.5,89.0,87.33,88.92,89.67,88.67,86.83,88.28
84,86,95,91,86,82,86,91,84,83,92,94,82,83,94,92,81,82,86,86,91,93,90,94,86,88,84,81,85,95,94,83,92,86,85,89,92,80,87,80,94,80,95,95,93,80,80,88.33,86.33,87.0,89.67,86.33,85.0,87.67,92.33,86.0,87.0,89.67,86.67,86.6,87.5,94.0,80.0,87.83,87.83,86.5,87.64,87.17,87.4
89,92,89,89,82,91,92,91,81,84,84,82,84,88,93,80,93,93,85,86,82,92,81,89,85,81,87,88,89,95,88,89,83,81,86,92,93,80,89,86,86,86,90,91,81,93,93,90.0,87.33,88.0,83.33,88.33,88.67,84.33,87.33,84.33,90.67,86.67,86.33,86.8,88.0,86.0,93.0,87.17,87.17,87.5,86.6,89.0,87.49
80,81,86,87,89,92,87,84,81,93,95,91,81,83,90,88,80,80,88,86,81,85,91,90,88,85,84,91,86,85,81,82,92,93,83,95,93,86,90,93,81,83,94,81,93,94,93,82.33,89.33,84.0,93.0,84.67,82.67,85.0,88.67,85.67,87.33,85.0,90.33,88.6,88.5,87.0,93.5,87.17,85.25,86.5,87.98,89.67,87.31
92,92,86,95,93,82,92,85,89,86,85,83,89,87,93,90,86,83,85,93,80,80,89,94,93,90,94,91,84,94,80,91,81,93,84,95,81,93,92,89,86,87,92,84,80,91,94,90.0,90.0,88.67,84.67,89.67,86.33,86.0,87.67,92.33,89.67,84.0,90.67,88.2,89.5,82.0,92.5,88.33,87.42,91.0,87.62,88.0,88.47
92,92,81,90,90,86,88,86,88,82,92,90,88,93,83,85,92,95,83,89,89,90,92,81,91,87,92,90,85,92,93,95,92,90,89,90,88,95,88,90,93,89,88,84,86,92,80,88.33,88.67,87.33,88.0,88.0,90.67,87.0,87.67,90.0,89.0,93.33,89.67,90.8,88.5,85.0,86.0,88.08,88.33,89.5,91.27,86.5,88.74
83,86,93,91,95,92,88,81,94,89,94,81,93,94,95,90,94,89,83,83,87,80,80,82,95,84,83,84,95,83,93,86,82,88,82,88,93,86,81,91,81,86,84,87,83,84,86,87.33,92.67,87.67,88.0,94.0,91.0,84.33,80.67,87.33,87.33,87.0,86.0,86.4,85.0,85.0,85.0,88.92,87.5,87.33,86.47,85.0,87.04
84,92,81,82,84,87,93,84,90,85,85,84,84,93,82,82,85,91,92,87,90,87,88,90,83,80,91,80,82,85,94,82,81,93,83,80,90,90,86,84,93,80,93,87,86,90,91,85.67,84.33,89.0,84.67,86.33,86.0,89.67,88.33,84.67,82.33,85.67,85.33,88.6,86.5,86.5,90.5,85.92,87.58,83.5,86.53,87.83,86.27
93,88,93,86,91,83,80,81,90,83,85,84,95,95,83,83,84,88,94,84,87,82,94,83,93,84,87,88,90,84,93,82,83,88,84,80,91,94,90,92,81,94,86,80,95,82,93,91.33,86.67,83.67,84.0,91.0,85.0,88.33,86.33,88.0,87.33,86.0,84.0,89.6,90.0,87.5,87.5,86.42,87.67,87.67,86.53,88.33,87.32
85,81,86,93,90,82,93,80,94,94,82,83,86,92,95,81,95,87,89,86,92,90,80,83,82,82,80,83,86,80,82,89,86,81,95,82,95,92,84,91,80,83,84,85,80,90,89,84.0,88.33,89.0,86.33,91.0,87.67,89.0,84.33,81.33,83.0,85.67,86.0,88.4,83.5,82.5,89.5,86.92,88.0,82.17,86.69,85.17,85.79
91,91,93,84,95,91,83,88,86,88,82,94,87,86,94,92,84,82,81,87,88,87,93,80,94,88,83,92,83,89,89,80,95,88,90,86,95,88,82,90,83,87,94,84,89,90,80,91.67,90.0,85.67,88.0,89.0,86.0,85.33,86.67,88.33,88.0,88.0,88.0,87.6,90.5,86.5,85.0,88.83,86.75,88.17,87.87,87.33,87.79
92,91,93,88,93,86,88,82,81,86,95,85,85,87,91,86,84,93,91,80,81,93,92,85,85,95,91,93,81,80,82,83,83,89,87,81,92,86,86,95,95,88,86,84,87,91,89,92.0,89.0,83.67,88.67,87.67,87.67,84.0,90.0,90.33,84.67,82.67,85.67,90.8,87.0,85.5,90.0,88.33,87.33,87.5,86.38,87.5,87.41
87,82,90,91,80,90,83,83,84,90,85,83,80,92,94,81,89,87,82,88,92,88,84,82,84,92,86,81,94,91,85,94,92,86,80,92,95,86,89,84,94,91,95,80,86,86,95,86.33,87.0,83.33,86.0,88.67,85.67,87.33,84.67,87.33,88.67,90.33,86.0,89.6,93.0,83.0,90.5,85.67,86.58,88.0,88.64,88.83,87.55
85,92,81,89,83,83,92,88,86,93,88,84,87,84,88,92,80,87,89,83,95,81,90,94,91,84,84,85,83,85,91,95,94,94,82,93,92,94,93,90,89,84,87,89,90,92,80,86.0,85.0,88.67,88.33,86.33,86.33,89.0,88.33,86.33,84.33,93.33,89.67,91.6,85.5,89.5,86.0,87.0,87.5,85.33,91.53,87.0,87.67
86,82,82,94,89,91,80,85,93,83,89,89,80,80,82,90,95,84,91,94,92,83,90,92,95,82,93,92,85,95,93,89,81,80,87,93,84,87,88,81,91,88,88,87,88,93,80,83.33,91.33,86.0,87.0,80.67,89.67,92.33,88.33,90.0,90.67,87.67,86.67,86.2,88.0,87.5,86.5,86.92,87.75,90.33,86.84,87.33,87.84
94,84,92,80,88,89,82,84,95,89,89,82,81,81,86,88,83,93,82,95,95,84,81,83,94,92,82,95,89,91,82,89,83,91,93,93,86,89,84,80,82,83,84,86,88,95,90,90.0,85.67,87.0,86.67,82.67,88.0,90.67,82.67,89.33,91.67,84.67,92.33,84.2,83.5,87.0,92.5,87.33,86.0,90.5,87.07,87.67,87.71
90,80,83,94,91,83,87,90,86,95,81,90,92,90,84,88,93,85,85,85,94,91,89,95,80,87,83,88,92,81,85,91,86,85,84,95,87,82,83,94,85,82,85,82,85,92,86,84.33,89.33,87.67,88.67,88.67,88.67,88.0,91.67,83.33,87.0,87.33,88.0,86.2,83.5,83.5,89.0,87.5,89.25,85.17,87.18,85.33,86.89
86,91,90,89,82,82,88,85,94,94,92,91,80,83,86,80,90,88,83,81,90,93,94,86,87,82,95,82,86,92,81,95,81,82,93,94,94,86,91,90,94,93,88,81,95,90,91,89.0,84.33,89.0,92.33,83.0,86.0,84.67,91.0,88.0,86.67,85.67,89.67,91.0,90.5,88.0,90.5,88.67,86.17,87.33,88.78,89.67,88.12
83,94,83,89,89,83,90,82,86,83,82,83,93,94,92,95,86,95,90,83,82,95,86,94,88,87,86,87,84,90,85,94,87,92,90,81,84,85,87,94,92,84,82,81,91,85,85,86.67,87.0,86.0,82.67,93.0,92.0,85.0,91.67,87.0,87.0,88.67,87.67,88.4,83.0,86.0,85.0,85.58,90.42,87.0,88.24,84.67,87.18
92,95,90,88,83,90,80,90,80,85,81,88,85,81,81,90,89,92,92,81,94,95,81,94,95,84,91,93,88,82,80,80,84,94,81,88,87,86,89,90,82,84,90,84,80,80,84,92.33,87.0,83.33,84.67,82.33,90.33,89.0,90.0,90.0,87.67,81.33,87.67,86.8,87.0,82.0,82.0,86.83,87.92,88.83,85.27,83.67,86.5
94,92,87,90,86,88,94,81,88,87,85,84,80,89,88,87,88,81,89,93,84,93,89,90,86,84,86,80,85,81,86,95,92,94,80,89,95,84,88,89,88,91,87,92,85,95,92,91.0,88.0,87.67,85.33,85.67,85.33,88.67,90.67,85.33,82.0,91.0,87.67,88.8,89.0,88.5,93.5,88.0,87.58,83.67,89.16,90.33,87.75
84,94,94,83,87,80,85,84,91,91,92,82,95,83,92,81,94,90,90,81,89,91,86,83,81,83,92,94,93,89,92,92,93,89,84,92,86,89,82,80,94,89,81,82,93,88,88,90.67,83.33,86.67,88.33,90.0,88.33,86.67,86.67,85.33,92.0,92.33,88.33,86.2,85.0,87.5,88.0,87.25,87.92,88.67,88.96,86.83,87.92
89,83,88,85,87,92,84,84,87,89,85,80,92,85,91,85,93,83,82,81,81,84,94,81,87,90,83,88,94,83,93,90,95,85,88,81,89,89,85,83,86,94,88,80,90,93,85,86.67,88.0,85.0,84.67,89.33,87.0,81.33,86.33,86.67,88.33,92.67,84.67,86.4,91.0,85.0,89.0,86.08,86.0,87.5,87.91,88.33,87.17
95,95,91,94,91,91,85,87,88,83,83,82,86,93,86,82,94,92,91,84,83,86,81,82,95,83,91,91,86,84,95,86,87,89,87,87,83,84,92,88,81,81,93,84,91,88,95,93.67,92.0,86.67,82.67,88.33,89.33,86.0,83.0,89.67,87.0,89.33,87.67,85.6,87.0,87.5,91.5,88.75,86.67,88.33,87.53,88.67,87.99
95,94,89,84,84,88,81,81,83,84,82,94,87,93,95,87,91,89,95,94,85,87,84,82,95,86,94,81,94,82,91,91,84,82,89,82,88,84,90,94,95,87,88,85,82,91,95,92.67,85.33,81.67,86.67,91.67,89.0,91.33,84.33,91.67,85.67,88.67,84.33,90.2,87.5,83.5,93.0,86.58,89.08,88.67,87.73,88.0,88.01
88,89,88,85,89,88,81,81,87,86,90,87,87,89,90,95,95,92,87,94,87,86,81,82,85,90,87,93,88,87,82,93,88,80,84,91,93,86,80,84,91,84,91,84,92,83,93,88.33,87.33,83.0,87.67,88.67,94.0,89.33,83.0,87.33,89.33,87.67,85.0,86.8,87.5,88.0,88.0,86.58,88.75,88.33,86.49,87.83,87.6
81,82,80,81,90,88,93,85,84,90,87,89,95,81,84,90,93,92,93,90,81,93,82,83,86,85,90,84,87,86,82,86,83,92,95,84,89,82,81,88,90,94,81,93,95,86,91,81.0,86.33,87.33,88.67,86.67,91.67,88.0,86.0,87.0,85.67,83.67,90.33,86.0,87.5,94.0,88.5,85.83,88.08,86.33,86.67,90.0,87.38
85,81,84,81,80,94,90,82,91,85,89,81,80,92,80,81,80,92,92,85,89,89,81,95,93,93,93,89,86,89,82,84,87,80,95,83,85,91,89,82,93,94,94,91,82,81,91,83.33,85.0,87.67,85.0,84.0,84.33,88.67,88.33,93.0,88.0,84.33,86.0,88.0,94.0,86.5,86.0,85.25,86.33,90.5,86.11,88.83,87.41
80,87,87,84,93,82,87,94,83,88,80,85,91,88,94,92,92,81,91,86,91,90,93,83,88,81,91,91,92,85,82,89,80,89,93,92,86,91,81,84,85,88,85,90,86,91,88,84.67,86.33,88.0,84.33,91.0,88.33,89.33,88.67,86.67,89.33,83.67,91.33,85.4,86.5,88.0,89.5,85.83,89.33,88.0,86.8,88.0,87.59
84,81,88,81,95,87,82,91,95,95,81,94,93,82,92,91,90,94,82,80,93,91,85,94,85,84,85,92,82,88,88,82,85,85,94,80,83,84,85,80,80,92,94,83,87,88,95,84.33,87.67,89.33,90.0,89.0,91.67,85.0,90.0,84.67,87.33,85.0,86.33,82.4,93.0,85.0,91.5,87.83,88.92,86.0,84.58,89.83,87.43
85,92,93,81,95,82,95,95,87,84,86,91,88,92,83,83,85,94,93,80,94,84,87,87,95,94,92,82,84,87,88,90,92,84,84,86,94,81,83,80,82,93,85,92,91,89,80,90.0,86.0,92.33,87.0,87.67,87.33,89.0,86.0,93.67,84.33,90.0,84.67,84.0,89.0,91.5,84.5,88.83,87.5,89.0,86.22,88.33,87.98
81,87,91,86,86,85,95,94,94,85,82,86,90,93,89,95,88,85,88,89,84,93,88,82,82,80,94,89,83,91,86,87,85,85,86,88,80,83,85,81,90,91,93,86,84,89,89,86.33,85.67,94.33,84.33,90.67,89.33,87.0,87.67,85.33,87.67,86.0,86.33,83.8,92.0,85.0,89.0,87.67,88.67,86.5,85.38,88.67,87.38
90,88,84,84,91,93,81,85,81,80,85,90,88,84,80,90,87,80,82,83,80,94,95,89,82,82,91,92,91,88,84,84,88,88,95,86,87,87,90,92,89,81,92,95,82,90,81,87.33,89.33,82.33,85.0,84.0,85.67,81.67,92.67,85.0,90.33,85.33,89.67,89.0,86.5,88.5,85.5,86.0,86.0,87.67,88.0,86.83,86.9
85,95,81,83,91,82,83,93,86,89,82,93,92,85,86,94,93,93,92,90,80,94,88,80,94,80,95,89,93,85,82,92,88,94,90,87,91,95,95,83,80,95,93,92,83,86,91,87.0,85.33,87.33,88.0,87.67,93.33,87.33,87.33,89.67,89.0,87.33,90.33,88.8,94.0,87.5,88.5,86.92,88.92,89.33,88.82,90.0,88.8
86,84,87,95,95,80,93,91,93,85,93,80,90,81,91,83,86,81,95,81,80,94,81,88,91,95,88,83,81,95,94,93,86,91,91,86,94,80,92,84,86,89,93,92,94,92,90,85.67,90.0,92.33,86.0,87.33,83.33,85.33,87.67,91.33,86.33,91.0,89.33,87.2,91.0,93.0,91.0,88.5,85.92,88.83,89.18,91.67,88.82
92,81,90,84,94,84,80,84,88,82,95,82,82,88,83,86,95,84,81,81,81,92,93,95,90,83,93,94,80,92,88,92,87,88,91,91,81,91,80,87,93,92,83,81,82,93,86,87.67,87.33,84.0,86.33,84.33,88.33,81.0,93.33,88.67,88.67,89.0,90.0,86.4,87.5,81.5,89.5,86.33,86.75,88.67,88.47,86.17,87.28
80,85,82,87,93,91,80,93,86,87,92,92,90,92,94,83,86,92,93,83,89,94,95,80,94,91,93,80,88,90,83,92,85,81,85,89,80,90,80,86,85,82,94,92,84,88,89,82.33,90.33,86.33,90.33,92.0,87.0,88.33,89.67,92.67,86.0,86.67,85.0,84.2,88.0,88.0,88.5,87.33,89.25,89.33,85.29,88.17,87.87
81,82,87,89,86,84,94,84,84,95,86,94,90,87,93,94,86,94,88,82,85,81,83,84,87,80,94,86,87,82,88,85,84,94,82,80,93,93,82,81,94,85,89,93,82,87,91,83.33,86.33,87.33,91.67,90.0,91.33,85.0,82.67,87.0,85.0,85.67,85.33,88.6,87.0,87.5,89.0,87.17,87.25,86.0,86.53,87.83,86.96
95,81,89,82,93,90,93,81,91,94,95,84,92,85,84,84,84,82,82,90,81,85,80,92,92,90,89,90,84,89,84,80,88,89,82,88,85,83,90,80,95,91,86,92,85,85,81,88.33,88.33,88.33,91.0,87.0,83.33,84.33,85.67,90.33,87.67,84.0,86.33,86.6,88.5,88.5,83.0,89.0,85.08,89.0,85.64,86.67,87.08
93,94,94,90,89,88,87,95,93,86,86,89,90,89,83,85,85,89,80,83,84,89,95,83,93,93,90,85,86,81,92,85,81,92,88,92,88,86,85,85,83,92,90,82,93,87,88,93.67,89.0,91.67,87.0,87.33,86.33,82.33,89.0,92.0,84.0,86.0,90.67,85.4,91.0,87.5,87.5,90.33,86.25,88.0,87.36,88.67,88.12
87,86,94,93,83,91,82,89,93,94,90,89,81,85,86,88,84,92,89,84,81,87,95,93,84,91,92,83,80,85,89,92,94,92,81,89,93,91,84,83,91,85,92,93,93,92,80,89.0,89.0,88.0,91.0,84.0,88.0,84.67,91.67,89.0,82.67,91.67,87.33,88.4,88.5,93.0,86.0,89.25,87.08,85.83,89.13,89.17,88.09
84,89,94,82,89,95,91,86,82,82,94,81,82,88,81,82,80,90,88,81,90,90,82,93,89,95,85,95,81,81,85,88,82,92,84,89,94,87,80,92,92,91,94,81,81,80,94,89.0,88.67,86.33,85.67,83.67,84.0,86.33,88.33,89.67,85.67,85.0,88.33,89.0,92.5,81.0,87.0,87.42,85.58,87.67,87.44,86.83,86.99
91,86,83,82,93,82,91,85,80,91,92,83,81,92,90,87,94,84,83,89,83,82,90,87,87,81,93,80,87,87,87,83,90,82,87,93,83,87,90,92,89,90,95,85,85,85,92,86.67,85.67,85.33,88.67,87.67,88.33,85.0,86.33,87.0,84.67,86.67,87.33,88.2,92.5,85.0,88.5,86.58,86.83,85.83,87.4,88.67,87.06
90,89,86,95,84,80,91,82,84,89,85,81,83,80,80,81,88,94,85,88,81,90,83,90,91,82,84,84,89,87,87,83,82,80,95,90,91,88,93,91,92,87,88,87,93,86,82,88.33,86.33,85.67,85.0,81.0,87.67,84.67,87.67,85.67,86.67,84.0,88.33,91.0,87.5,90.0,84.0,86.33,85.25,86.17,87.78,87.17,86.54
93,90,90,80,87,90,85,89,82,80,86,81,94,95,95,86,92,95,95,88,83,95,83,95,95,90,80,87,84,88,88,87,87,92,93,80,91,89,84,91,93,93,95,90,89,91,84,91.0,85.67,85.33,82.33,94.67,91.0,88.67,91.0,88.33,86.33,87.33,88.33,89.6,94.0,89.5,87.5,86.08,91.33,87.33,88.42,90.33,88.7
93,83,90,85,83,81,93,80,82,92,86,93,90,92,83,83,90,95,92,91,94,80,89,87,80,85,92,87,95,87,92,86,85,93,88,86,87,83,85,88,82,82,87,92,93,89,88,88.67,83.0,85.0,90.33,88.33,89.33,92.33,85.33,85.67,89.67,87.67,89.0,85.0,84.5,92.5,88.5,86.75,88.83,87.67,87.22,88.5,87.79
92,80,85,88,92,89,82,81,95,94,95,86,89,87,95,86,84,92,87,86,89,83,86,91,95,86,80,80,93,94,95,92,93,91,88,89,93,80,91,87,85,85,88,94,85,88,82,85.67,89.67,86.0,91.67,90.33,87.33,87.33,86.67,87.0,89.0,93.33,89.33,87.2,86.5,89.5,85.0,88.25,87.92,88.0,89.96,87.0,88.22
83,93,82,93,88,84,94,84,81,84,85,81,93,80,94,85,94,87,92,82,90,82,85,84,92,91,82,83,81,93,94,90,93,93,90,87,89,80,82,84,95,80,87,91,81,83,82,86.0,88.33,86.33,83.33,89.0,88.67,88.0,83.67,88.33,85.67,92.33,90.0,86.0,83.5,86.0,82.5,86.0,87.33,87.0,89.44,84.0,86.76
82,83,88,95,92,91,95,87,88,85,84,80,95,91,83,92,95,80,80,95,94,90,95,81,92,85,82,85,88,91,84,90,83,86,92,95,85,84,94,89,93,92,93,90,91,91,88,84.33,92.67,90.0,83.0,89.67,89.0,89.67,88.67,86.33,88.0,85.67,91.0,89.0,92.5,90.5,89.5,87.5,89.25,87.17,88.56,90.83,88.66
83,91,91,88,82,82,91,94,89,81,87,94,89,80,89,85,83,89,80,82,93,81,93,86,93,92,86,88,91,93,83,92,83,88,84,90,85,80,86,90,93,82,84,82,94,93,87,88.33,84.0,91.33,87.33,86.0,85.67,85.0,86.67,90.33,90.67,86.0,87.33,86.8,83.0,88.0,90.0,87.75,85.83,90.5,86.71,87.0,87.56
83,85,81,90,89,93,87,91,84,82,88,94,81,93,95,85,87,82,85,85,86,94,87,88,92,93,92,88,81,93,80,80,80,84,89,90,81,87,94,90,85,81,94,81,82,94,85,83.0,90.67,87.33,88.0,89.67,84.67,85.33,89.67,92.33,87.33,80.0,87.67,87.4,87.5,81.5,89.5,87.25,87.33,89.83,85.02,86.17,87.12
82,91,90,82,83,92,81,95,90,88,84,82,86,81,90,90,87,87,91,88,85,85,82,83,94,81,87,86,88,91,85,86,92,88,80,81,92,87,80,83,85,86,94,90,82,92,90,87.67,85.67,88.67,84.67,85.67,88.0,88.0,83.33,87.33,88.33,87.67,83.0,85.4,90.0,86.0,91.0,86.67,86.25,87.83,85.36,89.0,87.02
86,83,84,93,93,92,92,88,93,88,92,87,87,94,82,91,92,92,95,83,92,85,91,86,87,84,92,87,93,87,88,86,80,91,81,85,87,94,81,82,89,80,80,84,93,94,84,84.33,92.67,91.0,89.0,87.67,91.67,90.0,87.33,87.67,89.0,84.67,85.67,86.6,80.0,88.5,89.0,89.25,89.17,88.33,85.64,85.83,87.65
81,84,83,95,95,81,83,94,90,86,86,94,95,89,89,89,87,95,82,93,93,95,95,91,95,95,93,81,91,86,88,84,81,81,94,88,80,85,80,81,84,93,81,90,89,83,80,82.67,90.33,89.0,88.67,91.0,90.33,89.33,93.67,94.33,86.0,84.33,87.67,82.0,87.0,89.5,81.5,87.67,91.08,90.17,84.67,86.0,87.92
87,85,86,95,94,82,90,85,82,95,93,93,88,84,80,93,91,89,89,93,95,84,89,81,88,85,95,84,91,88,95,84,86,93,83,95,80,94,92,95,81,95,80,91,88,94,88,86.0,90.33,85.67,93.67,84.0,91.0,92.33,84.67,89.33,87.67,88.33,90.33,88.4,87.5,89.5,91.0,88.92,88.0,88.5,89.02,89.33,88.75
82,82,94,89,86,90,90,85,85,92,82,94,89,84,82,80,88,81,82,80,87,81,82,87,95,84,84,91,85,90,85,94,88,88,86,93,83,90,94,94,92,94,92,89,92,85,93,86.0,88.33,86.67,89.33,85.0,83.0,83.0,83.33,87.67,88.67,89.0,89.0,90.6,93.0,90.5,89.0,87.58,83.58,88.17,89.53,90.83,87.94
82,92,81,89,92,89,88,83,88,81,85,87,82,82,83,90,81,87,82,80,89,85,95,86,89,95,85,82,95,85,91,90,81,84,90,82,86,91,92,80,82,88,80,91,81,83,92,85.0,90.0,86.33,84.33,82.33,86.0,83.67,88.67,89.67,87.33,87.33,85.33,86.2,84.0,86.0,87.5,86.42,85.17,88.5,86.29,85.83,86.44
94,81,95,84,87,93,94,85,93,95,86,95,94,85,92,80,87,81,87,85,94,88,81,80,88,95,92,86,81,92,86,83,80,88,90,87,80,92,89,86,87,89,91,81,86,81,81,90.0,88.0,90.67,92.0,90.33,82.67,88.67,83.0,91.67,86.33,83.0,88.33,86.8,90.0,83.5,81.0,90.17,86.17,89.0,86.04,84.83,87.24
83,87,95,85,80,81,92,81,89,92,87,93,80,80,89,81,91,85,91,95,87,88,86,89,91,88,91,90,89,83,94,87,84,89,86,80,80,85,87,83,84,89,89,85,90,92,83,88.33,82.0,87.33,90.67,83.0,85.67,91.0,87.67,90.0,87.33,88.33,85.0,83.8,89.0,87.5,87.5,87.08,86.83,88.67,85.71,88.0,87.26
87,82,84,95,91,94,88,90,91,90,91,82,89,84,88,80,94,95,86,84,95,84,95,92,88,83,88,89,94,90,85,93,88,85,91,92,87,81,91,82,87,82,83,90,91,90,90,84.33,93.33,89.67,87.67,87.0,89.67,88.33,90.33,86.33,91.0,88.67,89.33,85.6,82.5,90.5,90.0,88.75,88.83,88.67,87.87,87.67,88.36
81,90,89,90,87,80,91,89,80,87,93,93,88,88,86,81,92,87,80,87,92,86,86,88,91,81,82,94,85,92,91,90,87,87,81,83,92,89,88,95,89,82,92,83,83,80,90,86.67,85.67,86.67,91.0,87.33,86.67,86.33,86.67,84.67,90.33,89.33,83.67,90.6,87.0,83.0,85.0,87.5,86.75,87.5,87.87,85.0,86.92
91,90,81,80,81,94,94,95,95,89,85,93,91,88,92,87,91,84,87,90,82,82,94,91,86,80,93,84,90,94,92,88,91,93,89,87,83,86,84,87,84,83,95,92,90,83,92,87.33,85.0,94.67,89.0,90.33,87.33,86.33,89.0,86.33,89.33,90.33,89.67,84.8,89.0,91.0,87.5,89.0,88.25,87.83,88.27,89.17,88.5
87,94,86,87,85,85,94,88,85,95,92,84,92,94,91,93,90,92,92,90,90,83,86,92,87,92,88,89,94,86,86,84,93,95,85,93,89,90,89,80,81,95,84,88,95,93,89,89.0,85.67,89.0,90.33,92.33,91.67,90.67,87.0,89.0,89.67,87.67,91.0,85.8,89.5,91.5,91.0,88.5,90.42,89.33,88.16,90.67,89.41
80,82,83,82,89,83,89,86,93,92,89,92,80,93,83,80,88,90,84,92,91,86,95,90,84,95,88,83,93,88,90,91,80,82,95,85,84,84,95,81,93,88,81,92,84,86,86,81.67,84.67,89.33,91.0,85.33,86.0,89.0,90.33,89.0,88.0,87.0,87.33,87.4,84.5,88.0,86.0,86.67,87.67,88.5,87.24,86.17,87.25
92,91,87,95,84,82,92,90,93,94,93,87,89,80,89,86,84,89,89,80,95,93,95,93,82,88,89,94,83,94,83,95,94,92,82,92,81,95,92,94,86,85,85,81,82,88,85,90.0,87.0,91.67,91.33,86.0,86.33,88.0,93.67,86.33,90.33,90.67,88.67,89.6,85.0,81.5,86.5,90.0,88.5,88.33,89.64,84.33,88.16
81,83,91,93,80,85,86,82,94,83,93,80,93,87,85,82,93,83,87,92,82,88,80,91,87,91,82,94,84,82,92,84,86,91,91,88,80,84,95,88,95,85,85,85,82,83,94,85.0,86.0,87.33,85.33,88.33,86.0,87.0,86.33,86.67,86.67,87.33,90.0,88.4,85.0,83.5,88.5,85.92,86.92,86.67,88.58,85.67,86.75
88,83,93,91,85,85,82,85,90,84,81,95,81,80,86,80,83,90,93,88,89,84,88,84,94,87,90,84,88,93,81,91,81,83,84,92,80,88,80,83,88,89,84,82,82,90,80,88.0,87.0,85.67,86.67,82.33,84.33,90.0,85.33,90.33,88.33,84.33,86.33,83.8,86.5,82.0,85.0,86.83,85.5,89.33,84.82,84.5,86.2
82,86,90,82,85,87,89,84,91,91,95,95,80,85,94,90,92,82,87,82,84,82,83,86,85,88,88,80,85,88,87,91,82,84,94,94,83,86,83,80,87,94,80,82,80,85,91,86.0,84.67,88.0,93.67,86.33,88.0,84.33,83.67,87.0,84.33,86.67,90.67,83.8,87.0,81.0,88.0,88.08,85.58,85.67,87.04,85.33,86.34
91,81,92,94,94,87,81,91,94,81,88,92,86,84,83,85,92,88,82,86,90,86,80,94,87,94,91,81,93,81,81,82,89,93,87,84,81,95,84,81,88,88,83,91,85,92,94,88.0,91.67,88.67,87.0,84.33,88.33,86.0,86.67,90.67,85.0,84.0,88.0,85.8,85.5,88.0,93.0,88.83,86.33,87.83,85.93,88.83,87.55
80,87,87,83,91,88,90,95,85,88,86,93,88,81,91,87,80,81,89,94,84,90,85,82,88,95,93,92,83,87,83,80,81,88,86,84,88,88,84,94,88,81,90,81,88,93,94,84.67,87.33,90.0,89.0,86.67,82.67,89.0,85.67,92.0,87.33,81.33,86.0,88.4,85.5,84.5,93.5,87.75,86.0,89.67,85.24,87.83,87.3
80,83,84,87,84,81,88,81,88,92,93,81,83,87,80,86,83,86,90,95,84,95,80,91,86,84,93,82,85,80,93,87,92,86,83,93,90,81,91,84,90,91,84,88,86,82,82,82.33,84.0,85.67,88.67,83.33,85.0,89.67,88.67,87.67,82.33,90.67,87.33,87.2,87.5,87.0,82.0,85.17,86.67,85.0,88.4,85.5,86.15
81,83,83,89,90,90,80,87,93,92,94,82,90,86,81,91,95,83,81,95,85,95,90,83,88,81,89,86,93,81,84,91,88,87,94,82,87,82,87,93,87,83,84,94,84,90,87,82.33,89.67,86.67,89.33,85.67,89.67,87.0,89.33,86.0,86.67,87.67,87.67,87.2,83.5,89.0,88.5,87.0,87.92,86.33,87.51,87.0,87.15
95,93,92,80,91,85,93,84,80,85,82,81,91,94,81,88,85,80,80,82,95,81,95,93,94,94,86,87,85,85,95,82,91,95,80,94,82,80,86,81,92,87,84,90,89,89,83,93.33,85.33,85.67,82.67,88.67,84.33,85.67,89.67,91.33,85.67,89.33,89.67,84.2,85.5,89.5,86.0,86.75,87.08,88.5,87.73,87.0,87.41
89,91,89,89,88,94,88,89,86,84,93,87,90,95,81,87,81,82,92,92,91,89,89,83,86,88,88,90,92,94,82,82,81,92,83,84,88,89,95,85,88,84,86,86,83,83,91,89.67,90.33,87.67,88.0,88.67,83.33,91.67,87.0,87.33,92.0,81.67,86.33,89.0,85.0,84.5,87.0,88.92,87.67,89.67,85.67,85.5,87.48
86,95,91,81,90,90,94,81,80,92,90,95,83,82,92,93,95,86,84,88,91,85,83,82,87,81,91,81,95,81,90,85,82,81,89,89,81,88,90,92,88,83,91,95,95,95,80,90.67,87.0,85.0,92.33,85.67,91.33,87.67,83.33,86.33,85.67,85.67,86.33,87.8,87.0,95.0,87.5,88.75,87.0,86.0,86.6,89.83,87.64
84,90,85,86,89,80,90,90,83,82,83,89,85,82,88,90,84,94,85,89,95,87,84,85,82,89,90,90,85,85,92,95,86,85,83,83,81,94,80,81,93,88,92,93,81,89,81,86.33,85.0,87.67,84.67,85.0,89.33,89.67,85.33,87.0,86.67,91.0,83.67,85.8,90.0,87.0,85.0,85.92,87.33,86.83,86.82,87.33,86.85
85,85,92,91,89,86,91,85,85,85,95,94,93,95,84,90,92,86,95,86,88,80,84,93,90,81,90,83,93,90,82,87,81,94,90,81,90,86,88,87,94,85,87,94,93,90,82,87.33,88.67,87.0,91.33,90.67,89.33,89.67,85.67,87.0,88.67,83.33,88.33,89.0,86.0,93.5,86.0,88.58,88.83,87.83,86.89,88.5,88.13
84,95,83,91,81,86,81,80,95,86,85,85,94,87,80,95,84,90,88,90,83,93,87,90,82,86,88,91,85,88,90,91,84,91,81,92,85,93,95,85,92,91,83,92,90,85,94,87.33,86.0,85.33,85.33,87.0,89.67,87.0,90.0,85.33,88.0,88.33,88.0,90.0,87.0,91.0,89.5,86.0,88.42,86.67,88.78,89.17,87.81
80,85,85,83,87,88,86,88,84,81,85,94,84,85,80,94,81,88,86,94,81,95,94,94,84,81,87,85,91,82,82,93,90,82,86,83,92,91,87,92,93,89,88,94,88,88,93,83.33,86.0,86.0,86.67,83.0,87.67,87.0,94.33,84.0,86.0,88.33,83.67,91.0,88.5,91.0,90.5,85.5,88.0,85.0,87.67,90.0,87.23
90,94,84,84,87,87,87,85,87,92,91,82,95,86,83,81,86,84,94,91,84,81,81,93,86,91,90,93,80,81,92,94,91,80,85,91,82,89,86,87,89,94,85,94,90,80,89,89.33,86.0,86.33,88.33,88.0,83.67,89.67,85.0,89.0,84.67,92.33,85.33,86.6,89.5,92.0,84.5,87.5,86.58,86.83,88.09,88.67,87.53
90,87,95,81,87,86,90,90,82,93,92,92,83,85,88,80,94,85,93,87,90,91,94,90,85,91,86,86,90,80,95,85,92,94,86,93,82,95,94,92,95,90,83,95,84,87,91,90.67,84.67,87.33,92.33,85.33,86.33,90.0,91.67,87.33,85.33,90.67,91.0,91.6,86.5,89.5,89.0,88.75,88.33,86.33,91.09,88.33,88.57
85,82,92,85,82,84,92,80,83,81,84,84,87,89,88,87,94,89,88,90,84,86,89,85,91,89,83,90,91,89,90,95,94,95,89,81,87,83,88,88,87,84,95,80,91,82,86,86.33,83.67,85.0,83.0,88.0,90.0,87.33,86.67,87.67,90.0,93.0,88.33,86.6,89.5,85.5,84.0,84.5,88.0,88.83,89.31,86.33,87.4
95,80,94,93,95,92,80,90,88,88,82,85,87,89,84,83,94,92,91,91,95,86,85,92,94,87,89,92,81,94,83,89,81,93,85,86,87,83,94,86,94,92,83,83,93,94,84,89.67,93.33,86.0,85.0,86.67,89.67,92.33,87.67,90.0,89.0,84.33,88.0,88.8,87.5,88.0,89.0,88.5,89.08,89.5,87.04,88.17,88.46
86,82,90,91,82,91,87,91,95,92,85,81,94,85,91,90,93,93,86,82,88,84,82,90,84,92,81,92,93,84,92,80,80,81,84,95,87,82,86,84,87,93,93,81,81,88,84,86.0,88.0,91.0,86.0,90.0,92.0,85.33,85.33,85.67,89.67,84.0,86.67,85.2,93.0,81.0,86.0,87.75,88.17,87.67,85.29,86.67,87.11
89,92,86,87,95,89,81,89,91,80,82,82,83,80,92,86,92,82,95,88,85,91,90,90,87,82,83,86,83,86,92,93,95,82,80,93,91,91,86,86,82,92,95,88,82,95,87,89.0,90.33,87.0,81.33,85.0,86.67,89.33,90.33,84.0,85.0,93.33,85.0,87.2,93.5,85.0,91.0,86.92,87.83,84.5,88.51,89.83,87.52
95,91,83,83,85,80,84,93,80,88,94,90,90,94,80,88,94,88,84,84,83,92,91,80,93,87,83,82,88,83,89,82,89,83,85,86,85,88,90,95,85,83,84,90,81,93,92,89.67,82.67,85.67,90.67,88.0,90.0,83.67,87.67,87.67,84.33,86.67,84.67,88.6,83.5,85.5,92.5,87.17,87.33,86.0,86.64,87.17,86.86
91,90,87,81,90,87,88,93,87,81,91,87,86,80,89,83,94,95,80,93,83,92,93,87,87,85,88,82,90,87,95,81,80,85,89,86,94,92,81,80,87,92,82,94,93,91,95,89.33,86.0,89.33,86.33,85.0,90.67,85.33,90.67,86.67,86.33,85.33,86.67,86.8,87.0,93.5,93.0,87.75,87.92,86.5,86.27,91.17,87.92
94,92,93,93,88,88,83,90,90,88,94,89,88,80,92,81,89,94,89,94,85,94,92,92,81,80,88,93,94,91,88,90,93,93,94,87,94,87,91,82,88,88,82,88,82,89,95,93.0,89.67,87.67,90.33,86.67,88.0,89.33,92.67,83.0,92.67,90.33,91.33,88.4,85.0,85.0,92.0,90.17,89.17,87.83,90.02,87.33,88.9
83,82,82,93,84,82,82,91,90,85,80,80,92,87,82,91,83,80,84,95,94,86,89,93,87,82,84,84,90,94,94,87,86,85,83,90,87,91,89,88,80,83,82,90,93,80,89,82.33,86.33,87.67,81.67,87.0,84.67,91.0,89.33,84.33,89.33,89.0,86.0,87.0,82.5,91.5,84.5,84.5,88.0,86.83,87.33,86.17,86.57
92,80,85,82,83,81,88,94,89,81,84,93,93,84,83,93,94,86,87,90,91,83,95,93,83,83,94,85,91,93,86,90,87,90,94,87,89,95,87,86,81,83,89,92,88,87,92,85.67,82.0,90.33,86.0,86.67,91.0,89.33,90.33,86.67,89.67,87.67,90.33,87.6,86.0,90.0,89.5,86.0,89.33,88.17,88.53,88.5,88.11
93,91,82,86,81,80,92,85,92,95,83,91,90,85,94,92,88,86,90,82,89,80,83,91,94,90,81,91,81,84,82,95,84,94,82,88,95,81,82,93,88,95,91,89,81,94,80,88.67,82.33,89.67,89.67,89.67,88.67,87.0,84.67,88.33,85.33,87.0,88.0,87.8,93.0,85.0,87.0,87.58,87.5,86.83,87.6,88.33,87.57
94,80,90,89,92,87,87,87,93,80,86,90,87,84,85,87,82,91,89,80,80,84,84,83,95,88,89,94,85,91,91,81,94,80,84,85,81,87,91,90,86,84,81,93,82,85,82,88.0,89.33,89.0,85.33,85.33,86.67,83.0,83.67,90.67,90.0,88.67,83.0,87.0,82.5,87.5,83.5,87.92,84.67,90.33,86.22,84.5,86.73
80,85,94,94,93,82,85,85,92,83,95,94,81,92,88,80,80,89,84,87,90,88,89,92,88,89,81,82,91,91,92,89,88,88,84,90,93,88,95,91,86,93,94,93,85,93,92,86.33,89.67,87.33,90.67,87.0,83.0,87.0,89.67,86.0,88.0,89.67,87.33,90.6,93.5,89.0,92.5,88.5,86.67,87.0,89.2,91.67,88.61
86,95,86,91,91,82,92,82,87,90,82,91,83,83,80,94,81,80,93,85,90,82,90,93,94,88,93,88,82,86,83,93,87,85,90,90,85,90,91,87,92,95,94,88,80,93,81,89.0,88.0,87.0,87.67,82.0,85.0,89.33,88.33,91.67,85.33,87.67,88.33,89.0,94.5,84.0,87.0,87.92,86.17,88.5,88.33,88.5,87.88
93,80,82,88,85,94,88,94,90,93,94,87,83,88,85,87,92,86,94,90,82,94,80,93,94,82,90,87,90,95,85,89,94,95,81,90,82,84,90,92,84,80,87,93,80,92,87,85.0,89.0,90.67,91.33,85.33,88.33,88.67,89.0,88.67,90.67,89.33,88.67,86.4,83.5,86.5,89.5,89.0,87.83,89.67,88.13,86.5,88.23
85,93,92,93,81,88,93,84,95,86,87,89,84,85,80,84,90,89,80,82,87,92,83,86,93,81,95,86,85,83,88,91,92,88,87,93,95,91,87,84,84,83,82,92,85,87,89,90.0,87.33,90.67,87.33,83.0,87.67,83.0,87.0,89.67,84.67,90.33,89.33,88.2,82.5,88.5,88.0,88.83,85.17,87.17,89.29,86.33,87.36
86,89,95,80,87,81,87,81,88,88,82,80,82,95,81,93,95,95,82,82,85,95,82,84,87,84,85,87,93,82,82,92,88,91,81,82,92,80,90,89,94,83,87,84,80,89,90,90.0,82.67,85.33,83.33,86.0,94.33,83.0,87.0,85.33,87.33,87.33,84.67,89.0,85.0,82.0,89.5,85.33,87.58,86.33,87.0,85.5,86.35
85,86,92,82,92,84,88,86,93,82,84,93,92,87,94,83,95,82,94,88,92,83,89,83,93,85,85,89,83,82,81,89,80,91,94,80,90,81,89,91,81,84,83,81,95,93,80,87.67,86.0,89.0,86.33,91.0,86.67,91.33,85.0,87.67,84.67,83.33,88.33,86.4,83.5,88.0,86.5,87.25,88.5,86.17,86.02,86.0,86.79
88,92,92,87,85,80,81,94,91,81,95,81,92,80,83,84,86,91,86,94,87,80,84,86,85,90,91,83,83,81,90,85,85,85,85,83,95,82,83,95,87,90,94,81,89,94,88,90.67,84.0,88.67,85.67,85.0,87.0,89.0,83.33,88.67,82.33,86.67,84.33,88.4,92.0,85.0,91.0,87.25,86.08,85.5,86.47,89.33,86.93
94,90,80,90,84,81,82,81,83,85,81,93,89,83,91,90,93,86,87,86,89,89,94,94,81,92,86,92,80,88,89,80,88,84,84,83,80,83,89,87,85,89,87,89,83,86,93,88.0,85.0,82.0,86.33,87.67,89.67,87.33,92.33,86.33,86.67,85.67,83.67,84.8,88.0,86.0,89.5,85.33,89.25,86.5,84.71,87.83,86.73
92,83,87,86,95,81,86,82,95,93,80,89,91,83,87,82,82,86,83,87,89,87,91,85,87,85,84,80,83,86,94,84,94,80,86,93,90,90,87,90,93,95,92,91,86,86,92,87.33,87.33,87.67,87.33,87.0,83.33,86.33,87.67,85.33,83.0,90.67,86.33,90.0,93.5,88.5,89.0,87.42,86.08,84.17,89.0,90.33,87.4
82,80,85,84,90,87,92,83,90,86,87,94,94,94,90,85,87,82,94,95,88,89,90,81,94,89,87,84,90,83,82,85,89,84,89,82,92,83,87,91,93,87,84,87,81,87,91,82.33,87.0,88.33,89.0,92.67,84.67,92.33,86.67,90.0,85.67,85.33,85.0,89.2,85.5,84.0,89.0,86.67,89.08,87.83,86.51,86.17,87.25
89,92,85,93,95,81,86,93,91,94,84,91,85,93,84,85,80,85,92,83,91,80,92,80,81,88,92,82,88,84,91,87,89,91,81,91,86,83,82,93,88,87,90,85,93,92,95,88.67,89.67,90.0,89.67,87.33,83.33,88.67,84.0,87.0,84.67,89.0,87.67,86.4,88.5,89.0,93.5,89.5,85.83,85.83,87.69,90.33,87.84
85,80,87,92,82,83,84,89,86,93,87,85,82,93,91,84,93,85,91,86,95,87,94,86,88,94,93,94,91,87,87,88,86,90,81,88,83,86,95,81,89,92,88,85,93,86,92,84.0,85.67,86.33,88.33,88.67,87.33,90.67,89.0,91.67,90.67,87.0,86.33,86.8,90.0,89.0,89.0,86.08,88.92,91.17,86.71,89.33,88.44
94,86,89,91,81,93,95,91,92,91,83,89,92,80,80,87,86,85,95,80,85,93,82,92,81,89,90,90,92,95,86,92,87,87,83,84,86,88,85,81,81,80,94,86,82,91,85,89.67,88.33,92.67,87.67,84.0,86.0,86.67,89.0,86.67,92.33,88.33,84.67,84.2,87.0,84.0,88.0,89.58,86.42,89.5,85.73,86.33,87.51
88,90,81,95,91,94,90,86,81,80,92,94,83,81,85,94,81,87,84,86,93,83,91,89,82,91,87,88,89,88,87,85,95,86,83,86,94,88,83,89,83,86,90,89,85,90,80,86.33,93.33,85.67,88.67,83.0,87.33,87.67,87.67,86.67,88.33,89.0,85.0,87.4,88.0,87.0,85.0,88.5,86.42,87.5,87.13,86.67,87.24
89,81,90,81,80,80,89,95,85,86,87,85,87,83,91,87,83,84,90,95,83,90,94,89,90,80,93,90,87,83,94,81,92,90,91,88,81,86,85,83,93,87,91,90,86,90,86,86.67,80.33,89.67,86.0,87.0,84.67,89.33,91.0,87.67,86.67,89.0,89.67,85.6,89.0,88.0,88.0,85.67,88.0,87.17,88.09,88.33,87.45
94,83,95,91,83,80,88,82,87,93,84,80,95,94,80,85,94,95,81,84,93,80,95,85,87,92,93,93,84,93,88,94,88,92,80,83,84,94,89,95,82,86,93,81,81,87,95,90.67,84.67,85.67,85.67,89.67,91.33,86.0,86.67,90.67,90.0,90.0,85.0,88.8,89.5,81.0,91.0,86.67,88.42,90.33,87.93,87.17,88.1
90,88,82,82,93,85,88,95,85,95,95,92,84,85,85,88,85,81,90,88,85,94,92,93,93,88,85,89,87,83,80,86,92,84,89,80,82,83,95,81,87,84,82,83,88,91,93,86.67,86.67,89.33,94.0,84.67,84.67,87.67,93.0,88.67,86.33,86.0,84.33,85.6,83.0,85.5,92.0,89.17,87.5,87.5,85.31,86.83,87.26
86,94,94,85,82,92,92,92,80,81,94,87,83,90,84,89,88,81,94,92,89,82,80,83,84,83,81,88,82,95,88,83,84,88,84,93,92,90,90,93,85,86,92,91,81,86,95,91.33,86.33,88.0,87.33,85.67,86.0,91.67,81.67,82.67,88.33,85.0,88.33,90.0,89.0,86.0,90.5,88.25,86.25,85.5,87.78,88.5,87.26
82,88,92,84,87,82,89,89,93,87,91,86,91,93,91,89,93,92,86,81,84,82,84,94,90,93,92,94,92,86,81,86,89,90,84,80,87,95,85,83,87,87,92,89,89,95,93,87.33,84.33,90.33,88.0,91.67,91.33,83.67,86.67,91.67,90.67,85.33,84.67,87.4,89.5,89.0,94.0,87.5,88.33,91.17,85.8,90.83,88.73
81,92,94,84,80,86,88,82,85,85,80,92,95,92,90,86,95,90,94,86,88,82,88,90,86,92,84,84,85,92,88,82,95,88,86,93,91,82,94,83,89,87,95,83,84,85,82,89.0,83.33,85.0,85.67,92.33,90.33,89.33,86.67,87.33,87.0,88.33,89.0,87.8,91.0,83.5,83.5,85.75,89.67,87.17,88.38,86.0,87.39
81,92,95,82,89,93,89,91,94,80,95,87,90,89,93,88,94,95,89,86,90,92,90,81,81,95,81,89,84,83,94,89,83,87,80,94,90,88,84,88,85,88,80,82,93,83,82,89.33,88.0,91.33,87.33,90.67,92.33,88.33,87.67,85.67,85.33,88.67,87.0,87.0,84.0,87.5,82.5,89.0,89.75,85.5,87.56,84.67,87.29
85,87,83,86,90,80,82,85,91,92,84,80,90,82,80,95,80,83,91,95,81,82,91,94,81,81,93,87,95,89,92,83,91,94,94,91,92,80,86,87,91,88,93,85,92,81,82,85.0,85.33,86.0,85.33,84.0,86.0,89.0,89.0,85.0,90.33,88.67,93.0,87.2,90.5,88.5,81.5,85.42,87.0,87.67,89.62,86.83,87.31
93,85,90,88,81,94,94,94,87,92,84,84,89,85,94,81,87,83,90,87,86,85,80,87,93,84,92,81,81,91,85,87,91,89,82,83,91,80,87,94,81,85,89,88,85,84,82,89.33,87.67,91.67,86.67,89.33,83.67,87.67,84.0,89.67,84.33,87.67,84.67,86.6,87.0,86.5,83.0,88.83,86.17,87.0,86.31,85.5,86.76
91,94,84,94,91,93,84,90,95,84,83,91,80,81,81,94,83,88,81,87,84,92,85,86,86,85,94,80,93,92,84,94,95,90,91,92,94,80,83,93,91,83,88,85,93,95,88,89.67,92.67,89.67,86.0,80.67,88.33,84.0,87.67,88.33,88.33,91.0,91.0,88.2,85.5,89.0,91.5,89.5,85.17,88.33,90.07,88.67,88.35
85,81,92,83,95,90,89,81,84,92,94,93,83,85,87,94,89,88,90,94,80,87,85,88,87,94,91,91,91,90,83,88,88,82,86,84,89,93,82,93,95,95,85,81,80,82,88,86.0,89.33,84.67,93.0,85.0,90.33,88.0,86.67,90.67,90.67,86.33,84.0,90.4,90.0,80.5,85.0,88.25,87.5,90.67,86.91,85.17,87.7
91,92,86,90,80,95,89,92,81,89,83,86,88,91,94,89,94,88,95,93,85,92,83,95,83,91,92,90,80,88,82,92,89,90,81,83,82,82,83,92,90,87,95,90,94,93,95,89.67,88.33,87.33,86.0,91.0,90.33,91.0,90.0,88.67,86.0,87.67,84.67,85.8,91.0,92.0,94.0,87.83,90.58,87.33,86.04,92.33,88.83
80,82,81,91,92,95,92,91,84,93,93,85,82,91,85,85,91,87,89,83,86,84,91,82,94,92,95,91,82,87,85,94,89,91,90,86,86,87,82,85,94,92,84,82,82,89,87,81.0,92.67,89.0,90.33,86.0,87.67,86.0,85.67,93.67,86.67,89.33,89.0,86.8,88.0,82.0,88.0,88.25,86.33,90.17,88.38,86.0,87.83
94,84,85,94,80,80,82,86,82,91,88,91,89,85,81,82,89,90,88,85,80,89,81,83,84,82,90,83,95,81,83,93,92,90,89,89,82,81,86,86,95,90,94,95,85,89,88,87.67,84.67,83.33,90.0,85.0,87.0,84.33,84.33,85.33,86.33,89.33,89.33,86.0,92.0,90.0,88.5,86.42,85.17,85.83,88.22,90.17,87.16
84,90,88,85,85,87,89,88,90,95,87,92,80,92,84,89,92,88,95,93,92,84,84,92,81,87,94,85,87,88,95,91,84,84,84,82,89,80,81,81,86,82,87,94,92,91,84,87.33,85.67,89.0,91.33,85.33,89.67,93.33,86.67,87.33,86.67,90.0,83.33,83.4,84.5,93.0,87.5,88.33,88.75,87.0,85.58,88.33,87.6
87,95,83,86,87,87,88,90,81,83,88,82,89,85,88,95,93,85,93,89,89,85,85,87,83,93,83,90,86,81,94,95,80,87,85,84,86,92,80,90,85,87,94,86,95,81,88,88.33,86.67,86.33,84.33,87.33,91.0,90.33,85.67,86.33,85.67,89.67,85.33,86.6,90.5,90.5,84.5,86.42,88.58,86.0,87.2,88.5,87.34
80,82,85,88,82,84,93,86,81,91,93,86,92,82,82,87,92,94,91,80,92,92,89,83,91,83,88,87,93,85,92,83,86,90,95,89,83,82,89,88,94,84,91,92,89,80,82,82.33,84.67,86.67,90.0,85.33,91.0,87.67,88.0,87.33,88.33,87.0,91.33,87.2,87.5,90.5,81.0,85.92,88.0,87.83,88.51,86.33,87.32
80,93,88,89,84,83,86,94,86,81,90,87,89,90,91,88,85,82,94,93,89,83,85,84,81,91,87,82,84,93,80,84,94,94,87,92,91,81,86,80,81,91,81,86,84,94,92,87.0,85.33,88.67,86.0,90.0,85.0,92.0,84.0,86.33,86.33,86.0,91.0,83.8,86.0,85.0,93.0,86.75,87.75,86.33,86.93,88.0,87.15
86,91,88,95,80,90,92,94,89,91,90,88,80,89,87,86,91,81,93,95,89,84,83,94,95,83,85,80,95,90,93,87,95,83,80,90,88,82,92,81,88,87,85,82,87,94,88,88.33,88.33,91.67,89.67,85.33,86.0,92.33,87.0,87.67,88.33,91.67,84.33,86.2,86.0,84.5,91.0,89.5,87.67,88.0,87.4,87.17,87.95
89,92,86,85,95,94,93,92,80,92,83,93,90,95,91,83,90,92,82,80,94,92,93,80,87,90,92,80,80,89,83,84,84,88,91,82,83,81,87,84,94,84,87,85,92,81,91,89.0,91.33,88.33,89.33,92.0,88.33,85.33,88.33,89.67,83.0,83.67,87.0,85.8,85.5,88.5,86.0,89.5,88.5,86.33,85.49,86.67,87.3
90,93,82,82,90,94,91,90,89,85,93,83,91,80,95,92,89,94,84,84,84,83,81,91,94,84,86,88,84,94,88,84,89,82,86,90,86,83,92,93,85,89,85,90,85,93,80,88.33,88.67,90.0,87.0,88.67,91.67,84.0,85.0,88.0,88.67,87.0,86.0,87.8,87.0,87.5,86.5,88.5,87.33,88.33,86.93,87.0,87.62
84,83,87,91,85,94,90,93,91,89,89,87,85,87,95,92,95,84,80,83,85,82,81,83,81,81,86,93,83,80,85,95,85,80,94,84,95,86,95,87,89,80,84,83,95,91,81,84.67,90.0,91.33,88.33,89.0,90.33,82.67,82.0,82.67,85.33,88.33,86.0,90.4,82.0,89.0,86.0,88.58,86.0,84.0,88.24,85.67,86.5
80,90,91,93,84,81,88,87,83,90,92,91,92,93,86,83,89,85,83,89,80,95,86,81,91,95,93,93,81,80,95,90,80,94,92,83,91,82,85,83,80,95,90,93,85,93,94,87.0,86.0,86.0,91.0,90.33,85.67,84.0,87.33,93.0,84.67,88.33,89.67,84.2,92.5,89.0,93.5,87.5,86.83,88.83,87.4,91.67,88.45
80,82,86,93,83,92,90,81,83,91,89,94,82,93,95,89,82,92,93,87,89,91,95,81,86,87,90,80,83,81,86,82,95,91,95,86,95,82,93,85,92,94,94,89,90,80,81,82.67,89.33,84.67,91.33,90.0,87.67,89.67,89.0,87.67,81.33,87.67,90.67,89.4,94.0,89.5,80.5,87.0,89.08,84.5,89.24,88.0,87.57
89,83,80,94,92,91,85,92,89,94,93,88,83,92,94,94,91,80,91,90,81,91,91,88,95,80,93,84,92,81,93,80,87,90,84,83,93,93,88,83,89,86,87,81,91,86,91,84.0,92.33,88.67,91.67,89.67,88.33,87.33,90.0,89.33,85.67,86.67,85.67,89.2,86.5,86.0,88.5,89.17,88.83,87.5,87.18,87.0,87.94
81,85,90,85,87,92,90,87,91,83,94,92,86,90,92,90,91,92,80,82,86,94,88,85,86,83,87,81,93,88,95,88,80,80,95,80,81,91,90,89,88,84,85,91,80,91,84,85.33,88.0,89.33,89.67,89.33,91.0,82.67,89.0,85.33,87.33,87.67,85.0,87.8,84.5,85.5,87.5,88.08,88.0,86.33,86.82,85.83,87.01
82,95,90,83,87,83,86,92,93,87,82,90,83,94,86,81,94,89,93,87,90,87,80,85,85,88,92,89,88,95,95,87,84,95,91,94,91,95,88,92,93,84,93,93,84,85,94,89.0,84.33,90.33,86.33,87.67,88.0,90.0,84.0,88.33,90.67,88.67,93.33,91.8,88.5,88.5,89.5,87.5,87.42,89.5,91.27,88.83,88.9
86,82,95,83,87,95,94,94,81,88,84,90,81,87,94,91,95,93,87,83,80,85,81,83,81,87,90,83,91,84,90,91,82,86,80,92,88,86,84,93,84,91,83,93,87,81,84,87.67,88.33,89.67,87.33,87.33,93.0,83.33,83.0,86.0,86.0,87.67,86.0,87.0,87.0,90.0,82.5,88.25,86.67,86.0,86.89,86.5,86.86
94,84,93,84,82,93,87,85,86,84,86,95,83,84,80,88,85,95,81,81,92,90,89,86,80,84,94,89,81,94,91,83,85,86,93,86,93,89,91,95,93,95,80,82,87,89,82,90.33,86.33,86.0,88.33,82.33,89.33,84.67,88.33,86.0,88.0,86.33,88.33,92.2,87.5,84.5,85.5,87.75,86.17,87.0,88.96,85.83,87.14
82,87,81,95,92,88,95,92,85,85,89,83,81,84,94,89,80,90,88,86,94,91,80,92,81,90,90,85,93,94,86,91,82,87,88,91,81,86,92,90,89,90,94,81,95,83,91,83.33,91.67,90.67,85.67,86.33,86.33,89.33,87.67,87.0,90.67,86.33,88.67,87.6,92.0,88.0,87.0,87.83,87.42,88.83,87.53,89.0,88.12
94,88,81,93,83,94,92,80,91,80,91,89,92,86,92,85,90,87,87,93,90,92,83,88,89,85,82,87,94,92,88,89,82,92,83,86,87,80,87,85,94,82,84,94,95,88,81,87.67,90.0,87.67,86.67,90.0,87.33,90.0,87.67,85.33,91.0,86.33,87.0,86.6,83.0,94.5,84.5,88.0,88.75,88.17,86.64,87.33,87.78
82,85,83,84,94,89,93,82,95,84,93,87,81,95,80,93,88,90,80,91,81,91,84,92,84,84,88,83,88,95,90,84,92,86,86,95,91,95,87,88,89,89,94,89,88,84,81,83.33,89.0,90.0,88.0,85.33,90.33,84.0,89.0,85.33,88.67,88.67,89.0,90.0,91.5,88.5,82.5,87.58,87.17,87.0,89.22,87.5,87.69
89,84,81,90,84,95,82,82,86,81,87,94,90,80,88,87,83,82,86,95,87,89,81,86,90,84,83,84,92,83,87,95,89,94,84,92,83,90,80,90,82,86,86,81,90,83,80,84.67,89.67,83.33,87.33,86.0,84.0,89.33,85.33,85.67,86.33,90.33,90.0,85.0,86.0,85.5,81.5,86.25,86.17,86.0,88.44,84.33,86.24
92,83,84,88,90,92,87,83,83,86,92,93,93,90,91,93,95,80,80,89,81,81,84,85,82,84,91,85,85,93,89,89,80,92,82,80,89,88,81,83,83,93,84,83,84,92,92,86.33,90.0,84.33,90.33,91.33,89.33,83.33,83.33,85.67,87.67,86.0,84.67,84.8,88.5,83.5,92.0,87.75,86.83,86.67,85.16,88.0,86.88
88,91,94,91,91,88,80,94,89,86,95,87,87,92,84,83,85,89,86,83,87,95,90,95,95,93,87,83,81,87,82,86,87,94,84,91,82,87,86,86,92,88,80,88,90,87,93,91.0,90.0,87.67,89.33,87.67,85.67,85.33,93.33,91.67,83.67,85.0,89.67,86.6,84.0,89.0,90.0,89.5,88.0,87.67,87.09,87.67,87.98
82,88,88,91,80,89,88,90,82,89,85,95,82,92,93,93,86,81,86,91,84,81,88,91,88,84,89,89,83,82,87,91,81,95,87,95,88,86,85,84,80,80,93,94,85,80,80,86.0,86.67,86.67,89.67,89.0,86.67,87.0,86.67,87.0,84.67,86.33,92.33,84.6,86.5,89.5,80.0,87.25,87.33,85.83,87.76,85.33,86.7
90,94,92,81,80,80,91,86,94,81,84,95,88,84,80,90,91,86,87,80,82,92,87,95,84,95,92,89,88,92,90,93,80,90,91,91,93,91,87,89,87,94,91,80,88,80,85,92.0,80.33,90.33,86.67,84.0,89.0,83.0,91.33,90.33,89.67,87.67,90.67,89.4,92.5,84.0,82.5,87.33,86.83,90.0,89.24,86.33,87.95
84,84,90,86,90,93,81,86,88,85,87,93,89,85,94,81,89,87,93,92,84,95,83,92,86,80,84,91,95,89,95,83,87,93,85,85,87,90,89,92,84,80,81,84,83,83,88,86.0,89.67,85.0,88.33,89.33,85.67,89.67,90.0,83.33,91.67,88.33,87.67,88.4,80.5,83.5,85.5,87.25,88.67,87.5,88.13,83.17,86.94
87,84,92,94,86,86,87,93,93,87,84,90,80,80,82,83,95,90,81,91,89,83,89,85,87,94,91,80,92,91,86,85,82,94,94,84,85,88,89,94,92,86,93,94,82,86,89,87.67,88.67,91.0,87.0,80.67,89.33,87.0,85.67,90.67,87.67,84.33,90.67,89.6,89.5,88.0,87.5,88.58,85.67,89.17,88.2,88.33,87.99
90,80,88,86,83,80,80,94,80,88,92,87,88,82,84,86,92,80,83,91,86,89,93,88,87,88,93,87,89,94,89,86,88,83,87,91,95,95,82,91,91,81,88,90,84,87,84,86.0,83.0,84.67,89.0,84.67,86.0,86.67,90.0,89.33,90.0,87.67,87.0,90.8,84.5,87.0,85.5,85.67,86.83,89.67,88.49,85.67,87.26
87,95,90,90,90,87,93,85,82,91,82,91,83,88,88,95,94,87,81,94,88,82,85,89,83,95,95,80,94,90,91,85,85,89,83,85,84,90,87,82,85,91,91,88,91,80,89,90.67,89.0,86.67,88.0,86.33,92.0,87.67,85.33,91.0,88.0,87.0,85.67,85.6,91.0,89.5,84.5,88.58,87.83,89.5,86.09,88.33,88.07
81,88,80,94,82,95,93,87,94,91,85,93,82,82,89,86,82,86,95,84,81,86,86,80,83,94,87,84,94,89,81,90,87,85,81,92,92,83,91,94,89,93,94,84,88,94,91,83.0,90.33,91.33,89.67,84.33,84.67,86.67,84.0,88.0,89.0,86.0,86.0,89.8,93.5,86.0,92.5,88.58,84.92,88.5,87.27,90.67,87.99
93,82,95,94,82,89,93,95,89,89,84,81,94,82,84,80,91,84,84,86,81,91,93,92,83,87,83,81,88,88,94,86,85,87,81,80,86,92,86,92,88,91,80,90,89,90,85,90.0,88.33,92.33,84.67,86.67,85.0,83.67,92.0,84.33,85.67,88.33,82.67,88.8,85.5,89.5,87.5,88.83,86.83,85.0,86.6,87.5,86.95
94,93,89,86,80,80,89,92,87,94,80,83,88,85,90,82,86,88,84,87,83,86,88,94,87,89,93,81,84,87,95,83,82,80,87,85,84,90,93,90,91,80,91,86,95,95,92,92.0,82.0,89.33,85.67,87.67,85.33,84.67,89.33,89.67,84.0,86.67,84.0,89.6,85.5,90.5,93.5,87.25,86.75,86.83,86.76,89.83,87.48
83,91,88,86,95,81,95,90,91,88,85,92,92,91,95,85,81,90,84,81,89,92,85,80,85,89,84,88,81,83,90,81,90,87,84,84,94,81,85,89,83,85,85,95,95,92,84,87.33,87.33,92.0,88.33,92.67,85.33,84.67,85.67,86.0,84.0,87.0,85.0,86.4,85.0,95.0,88.0,88.75,87.08,85.0,86.13,89.33,87.26
93,84,88,95,85,86,83,85,94,92,92,88,81,90,86,92,84,80,95,81,89,86,94,90,95,92,93,95,80,95,86,93,92,88,88,92,82,87,95,86,91,82,88,85,88,86,87,88.33,88.67,87.33,90.67,85.67,85.33,88.33,90.0,93.33,90.0,90.33,89.33,88.2,85.0,86.5,86.5,88.75,87.33,91.67,89.29,86.0,88.61
86,87,85,80,81,90,92,94,87,93,83,87,93,95,91,88,95,95,91,91,95,91,88,85,90,91,85,86,94,83,88,83,87,95,90,86,94,91,92,80,89,83,87,83,86,84,82,86.0,83.67,91.0,87.67,93.0,92.67,92.33,88.0,88.67,87.67,86.0,90.33,89.2,85.0,84.5,83.0,87.08,91.5,88.17,88.51,84.17,87.89
85,95,94,80,88,83,94,89,93,86,87,94,83,84,91,85,93,81,84,80,93,85,90,80,90,90,86,88,81,87,84,95,90,94,85,88,88,82,94,91,93,92,82,91,88,88,95,91.33,83.67,92.0,89.0,86.0,86.33,85.67,85.0,88.67,85.33,89.67,89.0,89.6,87.0,89.5,91.5,89.0,85.75,87.0,89.42,89.33,88.1
87,85,90,85,95,81,84,86,83,81,94,81,91,94,95,84,89,85,84,85,94,93,84,86,93,93,87,92,89,83,86,89,91,88,95,92,95,86,83,86,81,82,92,89,95,94,92,87.33,87.0,84.33,85.33,93.33,86.0,87.67,87.67,91.0,88.0,88.67,91.67,86.2,87.0,92.0,93.0,86.0,88.67,89.5,88.84,90.67,88.74
82,83,95,81,89,86,84,85,83,80,87,85,82,90,87,93,86,90,95,89,87,86,94,82,83,92,84,90,83,85,92,95,91,91,95,89,88,84,91,90,87,81,90,88,92,82,84,86.67,85.33,84.0,84.0,86.33,89.67,90.33,87.33,86.33,86.0,92.67,91.67,88.0,85.5,90.0,83.0,85.0,88.42,86.17,90.78,86.17,87.31
95,80,86,81,84,90,88,84,86,89,80,83,85,94,95,93,86,85,94,81,87,87,85,94,85,95,81,92,89,85,85,84,80,83,90,93,82,83,92,88,82,84,85,90,81,83,86,87.0,85.0,86.0,84.0,91.33,88.0,87.33,88.67,87.0,88.67,83.0,88.67,85.4,84.5,85.5,84.5,85.5,88.83,87.83,85.69,84.83,86.54
89,92,87,81,85,89,87,94,88,90,86,86,81,88,93,93,91,85,90,90,87,82,92,90,85,80,82,83,89,82,80,95,80,92,87,88,84,86,86,83,95,85,88,80,85,95,87,89.33,85.0,89.67,87.33,87.33,89.67,89.0,88.0,82.33,84.67,85.0,89.0,86.8,86.5,82.5,91.0,87.83,88.5,83.5,86.93,86.67,86.69
91,81,82,93,86,93,94,88,95,80,89,88,88,82,94,93,82,80,95,91,82,90,86,81,86,81,83,87,84,81,92,81,80,89,85,80,90,90,86,84,82,88,84,86,81,89,90,84.67,90.67,92.33,85.67,88.0,85.0,89.33,85.67,83.33,84.0,84.33,84.67,86.4,86.0,83.5,89.5,88.33,87.0,83.67,85.13,86.33,86.09
95,95,95,93,90,83,80,88,84,92,83,84,91,95,81,86,91,86,92,85,94,91,93,87,88,81,93,81,80,82,88,82,94,86,94,82,83,80,88,91,92,88,81,82,89,92,90,95.0,88.67,84.0,86.33,89.0,87.67,90.33,90.33,87.33,81.0,88.0,87.33,86.8,84.5,85.5,91.0,88.5,89.33,84.17,87.38,87.0,87.28
86,88,88,86,84,91,84,80,92,92,84,87,93,83,82,82,93,84,88,95,82,84,80,80,94,92,90,89,94,95,80,87,93,85,84,82,82,86,83,83,80,91,80,81,89,87,80,87.33,87.0,85.33,87.67,86.0,86.33,88.33,81.33,92.0,92.67,86.67,83.67,82.8,85.5,85.0,83.5,86.83,85.5,92.33,84.38,84.67,86.74
92,87,80,84,87,90,84,81,82,81,83,92,94,82,89,86,94,80,89,83,95,90,94,88,86,85,92,93,84,92,81,93,90,92,94,83,94,94,88,90,85,95,95,95,82,85,81,86.33,87.0,82.33,85.33,88.33,86.67,89.0,90.67,87.67,89.67,88.0,89.67,90.2,95.0,88.5,83.0,85.25,88.67,88.67,89.29,88.83,88.14
90,94,95,93,84,93,80,89,94,93,95,87,90,95,91,80,83,82,84,85,92,95,86,81,87,81,82,85,95,95,80,82,94,81,90,89,90,87,84,93,82,85,89,88,92,88,86,93.0,90.0,87.67,91.67,92.0,81.67,87.0,87.33,83.33,91.67,85.33,86.67,87.2,87.0,90.0,87.0,90.58,87.0,87.5,86.4,88.0,87.9
93,89,93,82,92,94,82,91,92,88,92,81,86,82,86,87,80,89,92,82,89,87,91,83,92,88,84,84,82,90,90,94,87,86,94,84,91,87,81,95,94,86,83,88,84,89,83,91.67,89.33,88.33,87.0,84.67,85.33,87.67,87.0,88.0,85.33,90.33,88.0,89.6,84.5,86.0,86.0,89.08,86.17,86.67,89.31,85.5,87.35
91,80,90,91,94,81,88,88,87,81,80,95,87,80,89,89,90,85,90,88,86,93,88,82,88,90,92,84,86,84,86,91,90,85,93,94,86,92,80,90,82,85,85,80,83,82,91,87.0,88.67,87.67,85.33,85.33,88.0,88.0,87.67,90.0,84.67,89.0,90.67,86.0,85.0,81.5,86.5,87.17,87.25,87.33,88.56,84.33,86.93
90,88,82,90,85,81,83,95,90,80,87,86,82,88,92,89,86,92,83,92,91,81,85,93,87,81,89,90,91,82,82,95,95,84,92,87,85,89,95,88,90,93,81,84,84,83,89,86.67,85.33,89.33,84.33,87.33,89.0,88.67,86.33,85.67,87.67,90.67,87.67,89.4,87.0,84.0,86.0,86.42,87.83,86.67,89.24,85.67,87.17
91,94,93,80,84,89,89,82,84,81,94,89,86,87,87,95,93,92,88,90,88,89,85,82,94,91,86,95,89,85,87,92,87,90,82,92,93,85,89,80,91,90,82,89,80,93,84,92.67,84.33,85.0,88.0,86.67,93.33,88.67,85.33,90.33,89.67,88.67,88.0,87.6,86.0,84.5,88.5,87.5,88.5,90.0,88.09,86.33,88.08
94,84,92,83,87,93,82,89,92,90,84,82,87,92,92,82,86,81,94,94,87,85,87,88,85,81,93,90,94,81,88,80,92,89,91,89,93,92,80,83,95,85,80,82,82,87,83,90.0,87.67,87.67,85.33,90.33,83.0,91.67,86.67,86.33,88.33,86.67,89.67,88.6,82.5,82.0,85.0,87.67,87.92,87.33,88.31,83.17,86.88
84,92,81,94,82,83,88,86,87,92,85,90,94,80,91,87,80,84,95,88,94,91,83,85,94,82,87,85,94,84,81,94,87,85,82,94,80,80,91,90,80,94,86,90,89,94,89,85.67,86.33,87.0,89.0,88.33,83.67,92.33,86.33,87.67,87.67,87.33,87.0,84.2,90.0,89.5,91.5,87.0,87.67,87.67,86.18,90.33,87.77
90,81,90,81,94,83,83,88,94,81,94,80,86,93,91,92,95,91,90,93,83,86,92,80,87,80,81,81,82,86,92,86,85,83,80,94,87,89,89,87,86,86,82,85,82,81,87,87.0,86.0,88.33,85.0,90.0,92.67,88.67,86.0,82.67,83.0,87.67,85.67,87.6,84.0,83.5,84.0,86.58,89.33,82.83,86.98,83.83,85.91
85,92,87,86,91,81,89,91,83,91,80,86,91,84,87,90,83,81,84,81,92,80,95,80,93,83,94,94,84,91,93,81,95,89,90,91,86,94,83,81,93,95,83,84,82,89,89,88.0,86.0,87.67,85.67,87.33,84.67,85.67,85.0,90.0,89.67,89.67,90.0,87.4,89.0,83.0,89.0,86.83,85.67,89.83,89.02,87.0,87.67
89,91,84,92,81,91,80,91,88,91,91,87,83,81,89,88,80,83,89,83,82,88,91,90,84,93,87,93,93,95,91,95,94,80,86,85,82,91,86,94,95,81,92,80,87,84,90,88.0,88.0,86.33,89.67,84.33,83.67,84.67,89.67,88.0,93.67,93.33,83.67,89.6,86.5,83.5,87.0,88.0,85.58,90.83,88.87,85.67,87.79
94,84,94,90,81,95,83,86,93,80,90,92,82,93,80,87,81,88,93,86,90,81,85,85,83,88,85,82,86,90,85,95,95,94,85,85,82,89,90,94,80,90,92,95,91,91,90,90.67,88.67,87.33,87.33,85.0,85.33,89.67,83.67,85.33,86.0,91.67,88.0,87.0,91.0,93.0,90.5,88.5,85.92,85.67,88.89,91.5,88.09
87,88,90,94,95,91,90,94,81,89,86,86,94,92,95,84,90,81,90,94,94,88,83,87,82,84,80,81,82,81,91,89,83,94,93,88,81,86,85,80,90,86,93,81,91,82,88,88.33,93.33,88.33,87.0,93.67,85.0,92.67,86.0,82.0,81.33,87.67,91.67,84.4,89.5,86.0,85.0,89.25,89.33,81.67,87.91,86.83,87.0
83,81,87,95,81,91,91,92,80,81,83,84,86,87,82,91,94,83,92,92,93,94,81,80,90,90,88,81,91,90,89,81,84,87,92,93,89,80,89,87,90,89,84,94,82,83,86,83.67,89.0,87.67,82.67,85.0,89.33,92.33,85.0,89.33,87.33,84.67,90.67,87.0,86.5,88.0,84.5,85.75,87.92,88.33,87.44,86.33,87.16
83,93,84,85,81,81,88,92,93,89,86,83,82,88,82,87,90,82,95,82,92,83,83,89,80,80,85,81,90,81,95,95,83,81,83,93,90,81,88,84,86,82,88,82,88,87,93,86.67,82.33,91.0,86.0,84.0,86.33,89.67,85.0,81.67,84.0,91.0,85.67,85.8,85.0,85.0,90.0,86.5,86.25,82.83,87.49,86.67,85.95
85,85,86,88,86,87,95,92,93,95,94,87,90,83,83,83,82,88,82,93,91,82,81,91,85,88,89,88,94,94,94,85,95,86,81,85,93,81,93,86,87,94,80,94,85,91,81,85.33,87.0,93.33,92.0,85.33,84.33,88.67,84.67,87.33,92.0,91.33,84.0,88.0,87.0,89.5,86.0,89.42,85.75,89.67,87.78,87.5,88.02
90,94,85,89,92,86,91,95,87,80,87,95,95,90,86,89,85,90,84,93,89,82,83,89,84,89,95,94,91,89,84,82,84,85,86,89,92,92,82,92,82,81,92,89,90,85,86,89.67,89.0,91.0,87.33,90.33,88.0,88.67,84.67,89.33,91.33,83.33,86.67,88.0,86.5,89.5,85.5,89.25,87.92,90.33,86.0,87.17,88.13
95,93,92,83,82,85,85,88,91,85,80,94,80,84,95,93,92,95,85,86,95,87,93,82,85,93,88,87,91,93,86,92,86,83,84,95,83,87,93,87,84,87,86,92,83,89,90,93.33,83.33,88.0,86.33,86.33,93.33,88.67,87.33,88.67,90.33,88.0,87.33,86.8,86.5,87.5,89.5,87.75,88.92,89.5,87.38,87.83,88.28
93,81,84,82,81,80,94,94,80,80,85,94,82,80,89,89,93,93,93,87,87,90,80,94,95,89,88,91,89,81,82,90,92,86,94,85,94,94,90,93,87,86,93,88,94,86,85,86.0,81.0,89.33,86.33,83.67,91.67,89.0,88.0,90.67,87.0,88.0,88.33,91.6,89.5,91.0,85.5,85.67,88.08,88.83,89.31,88.67,88.11
95,83,94,91,92,89,81,89,94,94,90,84,94,93,81,87,88,81,93,92,80,85,87,83,80,86,90,93,92,88,85,84,90,82,87,91,92,88,87,81,88,81,93,95,91,83,95,90.67,90.67,88.0,89.33,89.33,85.33,88.33,85.0,85.33,91.0,86.33,86.67,87.2,87.0,93.0,89.0,89.67,87.0,88.17,86.73,89.67,88.25
95,91,84,87,84,95,90,91,87,82,82,80,83,80,88,92,90,94,88,94,84,88,84,86,88,87,90,84,90,81,92,82,83,91,95,84,81,84,81,93,91,95,81,87,94,86,95,90.0,88.67,89.33,81.33,83.67,92.0,88.67,86.0,88.33,85.0,85.67,90.0,86.0,88.0,90.5,90.5,87.33,87.58,86.67,87.22,89.67,87.69
92,95,95,90,95,94,85,87,80,95,90,93,82,84,86,88,86,81,89,94,85,85,93,94,90,81,93,94,92,83,84,92,82,86,83,94,83,86,89,88,84,84,83,91,85,91,93,94.0,93.0,84.0,92.67,84.0,85.0,89.33,90.67,88.0,89.67,86.0,87.67,86.0,83.5,88.0,92.0,90.92,87.25,88.83,86.56,87.83,88.28
94,90,81,85,81,82,86,90,83,91,86,89,80,91,81,87,84,87,86,88,94,86,88,95,84,91,87,87,91,84,93,93,93,90,81,86,85,95,81,94,95,83,84,80,88,82,82,88.33,82.67,86.33,88.67,84.0,86.0,89.33,89.67,87.33,87.33,93.0,85.67,90.0,83.5,84.0,82.0,86.5,87.25,87.33,89.56,83.17,86.76
92,88,95,93,84,93,95,82,88,82,88,80,92,88,87,90,89,93,88,93,81,82,87,87,82,91,93,95,87,84,81,87,93,83,95,82,88,83,90,92,84,89,95,90,90,88,88,91.67,90.0,88.33,83.33,89.0,90.67,87.33,85.33,88.67,88.67,87.0,86.67,87.4,92.0,90.0,88.0,88.33,88.08,88.67,87.02,90.0,88.42
86,89,86,88,83,93,88,89,83,87,91,87,86,81,82,81,81,86,82,81,89,90,84,94,88,90,95,91,93,84,95,91,95,91,93,91,84,89,81,87,84,85,86,91,82,85,85,87.0,88.0,86.67,88.33,83.0,82.67,84.0,89.33,91.0,89.33,93.67,91.67,85.0,85.5,86.5,85.0,87.5,84.75,90.17,90.11,85.67,87.64
85,94,93,80,81,85,84,86,91,90,80,92,87,92,82,82,95,95,92,88,88,93,81,95,84,89,95,81,92,94,87,91,83,88,83,93,90,91,86,91,92,90,80,91,92,82,91,90.67,82.0,87.0,87.33,87.0,90.67,89.33,89.67,89.33,89.0,87.0,88.0,90.0,85.0,91.5,86.5,86.75,89.17,89.17,88.33,87.67,88.22
86,95,90,93,85,89,86,89,83,81,91,80,81,94,92,81,93,92,88,82,95,81,88,81,81,87,95,81,87,84,91,90,90,82,86,95,82,83,91,90,85,93,83,83,85,92,87,90.33,89.0,86.0,84.0,89.0,88.67,88.33,83.33,87.67,84.0,90.33,87.67,86.2,88.0,84.0,89.5,87.33,87.33,85.83,88.07,87.17,87.15
86,85,93,91,89,90,86,89,85,94,88,84,89,92,82,90,88,94,93,84,89,81,84,82,82,81,91,84,80,90,80,94,83,89,92,86,89,83,81,87,91,88,84,88,89,86,83,88.0,90.0,86.67,88.67,87.67,90.67,88.67,82.33,84.67,84.67,85.67,89.0,86.2,86.0,88.5,84.5,88.33,87.33,84.67,86.96,86.33,86.72
92,84,92,83,95,93,95,94,95,90,85,89,94,81,87,82,92,84,91,85,81,94,84,86,80,85,89,86,89,90,91,86,87,92,94,94,89,95,85,90,91,82,91,95,89,81,80,89.33,90.33,94.67,88.0,87.33,86.0,85.67,88.0,84.67,88.33,88.0,93.33,90.0,86.5,92.0,80.5,90.58,86.75,86.5,90.44,86.33,88.12
89,81,93,82,94,94,85,81,90,81,86,85,82,82,85,91,95,95,91,87,82,80,92,84,90,91,91,82,95,91,86,90,95,86,84,95,84,84,81,83,93,80,94,95,90,80,88,87.67,90.0,85.33,84.0,83.0,93.67,86.67,85.33,90.67,89.33,90.33,88.33,85.0,87.0,92.5,84.0,86.75,87.17,90.0,87.89,87.83,87.93
91,84,90,82,88,80,92,87,86,95,81,80,94,84,87,83,80,93,95,83,89,83,89,93,86,93,80,91,91,85,89,92,84,91,92,88,91,88,84,93,91,91,83,81,81,86,80,88.33,83.33,88.33,85.33,88.33,85.33,89.0,88.33,86.33,89.0,88.33,90.33,89.4,87.0,81.0,83.0,86.33,87.75,87.67,89.36,83.67,86.95
84,91,88,94,84,93,95,83,82,83,82,93,80,91,88,85,90,84,85,88,93,88,86,87,84,82,89,94,89,93,81,81,95,88,94,82,86,92,92,83,94,85,82,88,91,94,81,87.67,90.33,86.67,86.0,86.33,86.33,88.67,87.0,85.0,92.0,85.67,88.0,89.4,83.5,89.5,87.5,87.67,87.08,88.5,87.69,86.83,87.55
87,82,91,91,90,81,87,93,85,94,89,89,88,87,80,95,92,85,95,84,83,91,85,86,86,90,84,86,80,87,94,87,90,80,81,85,95,85,80,81,92,90,87,86,84,80,95,86.67,87.33,88.33,90.67,85.0,90.67,87.33,87.33,86.67,84.33,90.33,82.0,86.6,88.5,85.0,87.5,88.25,87.58,85.5,86.31,87.0,86.93
95,83,91,84,92,93,92,85,87,89,84,86,95,84,91,81,87,92,89,82,93,83,95,88,91,87,85,85,94,84,80,94,84,80,83,84,86,82,91,82,82,95,86,92,89,91,83,89.67,89.67,88.0,86.33,90.0,86.67,88.0,88.67,87.67,87.67,86.0,82.33,84.6,90.5,90.5,87.0,88.42,88.33,87.67,84.31,89.33,87.61
87,81,81,95,89,86,93,85,86,85,81,92,83,81,87,87,91,94,89,83,94,94,87,80,92,82,80,95,85,84,88,92,89,90,93,80,85,80,89,93,89,82,89,84,80,81,86,83.0,90.0,88.0,86.0,83.67,90.67,88.67,87.0,84.67,88.0,89.67,87.67,87.2,85.5,82.0,83.5,86.75,87.5,86.33,88.18,83.67,86.49
83,86,93,83,94,82,84,83,93,95,81,81,90,85,91,85,92,93,95,92,92,84,95,83,89,89,95,91,88,88,83,92,86,94,84,82,95,92,91,82,91,86,89,94,89,85,88,87.33,86.33,86.67,85.67,88.67,90.0,93.0,87.33,91.0,89.0,87.0,86.67,90.2,87.5,91.5,86.5,86.5,89.75,90.0,87.96,88.5,88.54
95,85,94,81,95,92,92,89,93,93,82,87,85,86,92,90,82,85,95,85,95,83,91,89,95,94,86,81,89,88,88,86,81,87,80,85,88,84,91,91,92,92,86,81,92,87,87,91.33,89.33,91.33,87.33,87.67,85.67,91.67,87.67,91.67,86.0,85.0,84.0,89.2,89.0,86.5,87.0,89.83,88.17,88.83,86.07,87.5,88.08
90,93,91,81,93,87,89,90,91,84,90,92,85,94,82,93,88,88,85,95,92,90,84,94,81,84,85,92,87,84,86,80,92,80,91,93,87,87,93,83,82,89,92,94,80,82,91,91.33,87.0,90.0,88.67,87.0,89.67,90.67,89.33,83.33,87.67,86.0,88.0,86.4,90.5,87.0,86.5,89.25,89.17,85.5,86.8,88.0,87.74
88,91,83,89,93,83,83,92,93,82,82,93,82,92,91,83,90,92,93,83,84,92,87,93,93,95,92,90,81,89,82,81,90,88,82,86,83,94,91,95,91,88,93,85,88,89,86,87.33,88.33,89.33,85.67,88.33,88.33,86.67,90.67,93.33,86.67,84.33,85.33,90.8,90.5,86.5,87.5,87.67,88.5,90.0,86.82,88.17,88.23
94,83,95,83,94,93,92,89,80,88,86,85,84,94,81,81,94,83,95,83,92,95,84,80,94,95,85,91,85,89,80,81,85,95,94,84,81,82,92,83,92,90,94,86,84,81,88,90.67,90.0,87.0,86.33,86.33,86.0,90.0,86.33,91.33,88.33,82.0,91.0,86.0,92.0,85.0,84.5,88.5,87.17,89.83,86.33,87.17,87.8
81,88,80,94,92,90,93,82,84,89,85,85,82,81,85,84,82,89,80,95,91,89,87,80,84,95,83,87,91,80,92,92,83,80,93,80,88,91,88,88,90,86,92,86,91,84,82,83.0,92.0,86.33,86.33,82.67,85.0,88.67,85.33,87.33,86.0,89.0,84.33,89.0,89.0,88.5,83.0,86.92,85.42,86.67,87.44,86.83,86.66
87,86,85,94,84,85,95,95,84,88,95,92,84,93,87,84,81,87,91,81,83,80,81,83,84,82,84,86,88,82,89,92,84,90,83,81,84,80,90,83,82,83,94,80,80,84,90,86.0,87.67,91.33,91.67,88.0,84.0,85.0,81.33,83.33,85.33,88.33,84.67,83.8,88.5,80.0,87.0,89.17,84.58,84.33,85.6,85.17,85.77
87,85,93,88,90,83,94,86,81,95,93,82,83,82,94,84,86,90,82,90,82,95,84,87,91,85,85,95,93,82,84,91,83,89,81,90,93,94,83,89,95,95,86,92,83,94,84,88.33,87.0,87.0,90.0,86.33,86.67,84.67,88.67,87.0,90.0,86.0,86.67,90.8,90.5,87.5,89.0,88.08,86.58,88.5,87.82,89.0,88.0
84,91,90,84,93,85,88,85,89,90,83,90,90,80,85,87,89,90,86,92,80,90,88,90,84,94,82,95,93,85,83,93,86,83,92,89,95,92,84,92,86,92,81,85,88,84,88,88.33,87.33,87.33,87.67,85.0,88.67,86.0,89.33,86.67,91.0,87.33,88.0,89.8,86.5,86.5,86.0,87.67,87.25,88.83,88.38,86.33,87.69
81,84,89,91,84,90,95,88,94,86,92,91,86,92,90,85,80,82,82,86,80,93,82,94,88,84,90,91,83,90,85,85,94,85,88,93,83,86,89,95,81,92,94,95,84,95,86,84.67,88.33,92.33,89.67,89.33,82.33,82.67,89.67,87.33,88.0,88.0,88.67,86.8,93.0,89.5,90.5,88.75,86.0,87.67,87.82,91.0,88.25
89,90,95,90,90,87,90,85,83,93,91,89,84,95,91,94,90,91,87,80,82,88,85,89,84,90,80,86,81,89,86,87,81,87,85,81,89,88,90,80,86,84,90,87,95,81,82,91.33,89.0,86.0,91.0,90.0,91.67,83.0,87.33,84.67,85.33,84.67,84.33,86.6,87.0,91.0,81.5,89.33,88.0,85.0,85.2,86.5,86.81
94,81,86,90,84,83,83,86,95,84,91,81,94,81,89,90,93,95,87,93,91,94,90,94,83,88,89,83,83,91,90,92,88,89,88,91,95,93,92,90,85,86,83,89,92,95,83,87.0,85.67,88.0,85.33,88.0,92.67,90.33,92.67,86.67,85.67,90.0,89.33,91.0,84.5,90.5,89.0,86.5,90.92,86.17,90.11,88.0,88.34
81,80,83,81,89,81,91,80,86,89,89,84,91,89,92,85,90,85,86,90,89,82,81,86,81,86,93,86,80,80,83,83,83,82,83,82,85,80,92,93,92,95,83,88,87,83,93,81.33,83.67,85.67,87.33,90.67,86.67,88.33,83.0,86.67,82.0,83.0,82.33,88.4,89.0,87.5,88.0,84.5,87.17,84.33,84.58,88.17,85.75
92,82,89,86,82,81,92,82,83,88,95,94,80,91,91,81,91,86,94,85,83,88,91,86,94,88,94,90,93,85,86,81,87,85,88,88,87,86,86,80,81,86,92,87,81,89,95,87.67,83.0,85.67,92.33,87.33,86.0,87.33,88.33,92.0,89.33,84.67,87.0,84.0,89.0,84.0,92.0,87.17,87.25,90.67,85.22,88.33,87.73
92,83,82,82,83,91,85,94,93,93,85,91,83,90,85,95,87,89,85,81,91,85,93,90,94,93,93,83,92,87,81,94,80,87,87,87,86,84,81,84,82,86,83,83,94,83,83,85.67,85.33,90.67,89.67,86.0,90.33,85.67,89.33,93.33,87.33,85.0,87.0,83.4,84.5,88.5,83.0,87.83,87.83,90.33,85.13,85.33,87.29
82,80,81,83,80,81,83,82,84,92,86,94,84,91,81,91,87,84,86,84,85,80,83,86,85,89,81,81,94,92,84,85,91,86,94,91,82,94,93,91,94,80,93,87,83,95,87,81.0,81.33,83.0,90.67,85.33,87.33,85.0,83.0,85.0,89.0,86.67,90.33,90.8,86.5,85.0,91.0,84.0,85.17,87.0,89.27,87.5,86.59
90,85,92,89,93,88,91,88,94,93,95,93,89,88,83,89,80,90,87,84,85,94,91,80,86,85,90,83,82,92,85,93,85,95,91,80,86,95,94,86,83,87,83,90,92,91,83,89.0,90.0,91.0,93.67,86.67,86.33,85.33,88.33,87.0,85.67,87.67,88.67,88.8,85.0,91.0,87.0,90.92,86.67,86.33,88.38,87.67,87.99
82,95,95,94,89,89,95,87,94,91,82,94,89,87,82,82,89,82,82,85,94,95,89,94,83,91,94,83,84,89,83,93,81,81,91,84,83,82,91,85,81,84,93,83,83,81,80,90.67,90.67,92.0,89.0,86.0,84.33,87.0,92.67,89.33,85.33,85.67,85.33,84.4,88.5,83.0,80.5,90.58,87.5,87.33,85.13,84.0,86.91
83,89,87,87,82,95,92,93,83,93,83,94,89,82,94,86,95,94,92,95,90,89,87,86,87,89,94,90,84,90,82,94,94,84,92,83,91,88,89,87,86,92,88,92,92,84,92,86.33,88.0,89.33,90.0,88.33,91.67,92.33,87.33,90.0,88.0,90.0,86.33,88.2,90.0,92.0,88.0,88.42,89.92,89.0,88.18,90.0,89.1
91,85,90,94,82,81,83,92,86,92,87,93,81,92,94,92,93,91,88,94,91,83,87,89,92,91,84,85,92,91,89,80,85,86,94,90,92,85,92,86,84,84,91,81,93,81,85,88.67,85.67,87.0,90.67,89.0,92.0,91.0,86.33,89.0,89.33,84.67,90.0,87.8,87.5,87.0,83.0,88.0,89.58,89.17,87.49,85.83,88.01
90,91,89,93,91,93,94,82,83,94,81,95,86,80,93,84,87,85,80,89,83,80,83,85,81,80,86,92,81,85,90,86,90,90,81,90,95,88,86,89,92,87,93,85,90,81,90,90.0,92.33,86.33,90.0,86.33,85.33,84.0,82.67,82.33,86.0,88.67,87.0,90.0,90.0,87.5,85.5,89.67,84.58,84.17,88.56,87.67,86.93
92,83,82,90,89,83,94,82,81,94,88,81,85,88,84,94,84,81,82,83,87,82,89,83,91,95,94,80,94,83,85,82,87,89,92,80,85,90,80,89,92,89,85,81,87,93,88,85.67,87.33,85.67,87.67,85.67,86.33,84.0,84.67,93.33,85.67,84.67,87.0,87.2,87.0,84.0,90.5,86.58,85.17,89.5,86.29,87.17,86.94
89,88,80,84,95,87,81,91,93,95,91,89,89,92,87,89,91,80,84,85,84,80,88,88,94,92,84,90,94,90,84,92,80,84,92,93,82,93,81,88,93,82,88,82,85,88,86,85.67,88.67,88.33,91.67,89.33,86.67,84.33,85.33,90.0,91.33,85.33,89.67,87.4,85.0,83.5,87.0,88.58,86.42,90.67,87.47,85.17,87.66
87,83,87,92,89,86,95,90,89,93,92,95,82,94,87,88,85,83,90,94,86,95,92,81,80,82,89,83,84,91,81,85,94,89,80,89,87,94,90,89,88,93,92,89,82,95,92,85.67,89.0,91.33,93.33,87.67,85.33,90.0,89.33,83.67,86.0,86.67,86.0,89.6,92.5,85.5,93.5,89.83,88.08,84.83,87.42,90.5,88.13
93,83,95,87,95,82,85,85,95,81,83,91,80,85,89,82,90,81,95,81,91,91,91,84,87,83,85,87,82,88,81,89,81,90,89,86,87,95,86,83,91,91,83,81,83,90,91,90.33,88.0,88.33,85.0,84.67,84.33,89.0,88.67,85.0,85.67,83.67,88.33,88.4,87.0,82.0,90.5,87.92,86.67,85.33,86.8,86.5,86.64
89,80,88,88,85,84,91,92,85,89,95,83,86,88,95,84,87,84,81,94,82,93,89,92,88,93,95,82,91,87,90,84,87,80,90,84,91,83,93,81,81,92,90,86,84,86,84,85.67,85.67,89.33,89.0,89.67,85.0,85.67,91.33,92.0,86.67,87.0,84.67,85.8,91.0,85.0,85.0,87.42,87.92,89.33,85.82,87.0,87.5
87,89,94,83,80,85,89,88,90,82,83,93,82,80,90,94,80,93,95,93,80,84,95,82,95,80,81,95,86,82,91,83,88,87,94,82,82,84,90,87,81,92,94,91,89,87,91,90.0,82.67,89.0,86.0,84.0,89.0,89.33,87.0,85.33,87.67,87.33,87.67,84.8,93.0,90.0,89.0,86.92,87.33,86.5,86.6,90.67,87.6
90,82,82,89,89,94,82,92,93,92,94,83,90,92,80,86,86,94,85,83,82,86,94,86,93,81,89,95,94,81,83,87,82,92,91,85,94,95,90,86,84,89,80,94,80,85,88,84.67,90.67,89.0,89.67,87.33,88.67,83.33,88.67,87.67,90.0,84.0,89.33,89.8,84.5,87.0,86.5,88.5,87.0,88.83,87.71,86.0,87.61
82,84,80,92,92,89,86,91,90,84,89,91,89,86,86,95,89,85,90,93,84,92,86,91,91,80,87,85,82,80,81,85,80,89,82,93,95,86,88,80,88,80,95,90,92,82,85,82.0,91.0,89.0,88.0,87.0,89.67,89.0,89.67,86.0,82.33,82.0,88.0,87.4,87.5,91.0,83.5,87.5,88.83,84.17,85.8,87.33,86.73
87,81,84,93,87,90,95,80,84,88,82,80,94,84,86,90,88,82,84,93,84,84,85,86,81,89,90,87,90,83,94,84,93,88,81,84,86,93,85,81,93,95,87,91,81,81,91,84.0,90.0,86.33,83.33,88.0,86.67,87.0,85.0,86.67,86.67,90.33,84.33,87.6,91.0,86.0,86.0,85.92,86.67,86.67,87.42,87.67,86.87
88,92,83,81,89,81,80,80,93,83,92,92,90,80,91,81,95,84,81,95,93,90,89,82,88,89,95,82,84,86,87,88,82,86,83,86,82,85,81,90,90,89,80,85,95,81,82,87.67,83.67,84.33,89.0,87.0,86.67,89.67,87.0,90.67,84.0,85.67,85.0,85.6,84.5,90.0,81.5,86.17,87.58,87.33,85.42,85.33,86.37
87,80,80,80,83,95,85,93,91,94,83,90,84,81,88,82,93,86,86,89,93,93,87,82,86,89,93,80,85,90,92,94,92,84,85,90,83,91,88,83,83,88,88,80,93,87,81,82.33,86.0,89.67,89.0,84.33,87.0,89.33,87.33,89.33,85.0,92.67,86.33,85.6,88.0,86.5,84.0,86.75,87.0,87.17,88.2,86.17,87.06
89,91,81,94,92,89,92,95,94,93,95,95,86,81,93,81,83,91,86,90,95,82,93,88,83,85,80,85,90,94,84,85,88,85,94,93,92,91,87,80,82,88,88,93,89,93,94,87.0,91.67,93.67,94.33,86.67,85.0,90.33,87.67,82.67,89.67,85.67,90.67,86.4,88.0,91.0,93.5,91.67,87.42,86.17,87.58,90.83,88.73
94,84,81,83,85,85,81,86,94,95,89,81,85,90,85,95,89,86,90,94,81,80,82,80,88,89,86,86,91,89,90,83,95,88,82,86,95,88,83,88,93,92,91,91,93,84,90,86.33,84.33,87.0,88.33,86.67,90.0,88.33,80.67,87.67,88.67,89.33,85.33,89.4,91.5,92.0,87.0,86.5,86.42,88.17,88.02,90.17,87.85
91,83,82,88,90,87,86,90,95,95,87,91,84,83,87,89,81,85,82,85,89,83,95,93,86,92,92,94,86,88,80,93,89,81,94,89,81,84,90,89,86,92,92,90,89,92,89,85.33,88.33,90.33,91.0,84.67,85.0,85.33,90.33,90.0,89.33,87.33,88.0,86.0,92.0,89.5,90.5,88.75,86.33,89.67,87.11,90.67,88.51
85,93,89,89,93,82,84,94,89,85,84,83,84,93,86,86,93,88,90,93,94,93,95,86,89,91,94,93,91,81,84,82,82,88,81,93,92,81,92,90,83,80,81,90,88,92,83,89.0,88.0,89.0,84.0,87.67,89.0,92.33,91.33,91.33,88.33,82.67,87.33,87.6,80.5,89.0,87.5,87.5,90.08,89.83,85.87,85.67,87.79
91,91,94,82,91,80,93,83,85,80,82,81,88,81,88,94,89,92,81,93,80,84,83,85,91,80,82,82,82,80,89,82,90,89,93,80,80,81,89,89,84,88,86,82,82,82,87,92.0,84.33,87.0,81.0,85.67,91.67,84.67,84.0,84.33,81.33,87.0,87.33,84.6,87.0,82.0,84.5,86.08,86.5,82.83,86.31,84.5,85.25
92,91,90,90,94,82,80,82,80,87,82,94,80,80,92,92,95,88,90,80,87,81,85,82,94,80,90,86,94,81,82,80,93,92,81,80,80,87,82,87,83,95,92,81,86,87,83,91.0,88.67,80.67,87.67,84.0,91.67,85.67,82.67,88.0,87.0,85.0,84.33,83.8,93.5,83.5,85.0,87.0,86.0,87.5,84.38,87.33,86.44
92,89,82,86,91,91,83,85,92,91,83,82,83,80,85,95,83,95,85,94,92,87,85,84,82,82,82,89,87,93,83,92,86,81,86,87,88,80,83,83,83,86,89,88,81,93,86,87.67,89.33,86.67,85.33,82.67,91.0,90.33,85.33,82.0,89.67,87.0,84.67,83.4,87.5,84.5,89.5,87.25,87.33,85.83,85.02,87.17,86.52
92,84,91,88,87,87,90,91,86,82,81,91,84,84,89,94,90,83,95,85,81,82,90,83,84,86,93,86,88,82,87,94,82,87,93,80,88,81,89,89,92,81,89,87,88,82,80,89.0,87.33,89.0,84.67,85.67,89.0,87.0,85.0,87.67,85.33,87.67,86.67,87.8,85.0,87.5,81.0,87.5,86.67,86.5,87.38,84.5,86.51
81,95,85,81,92,81,85,87,85,80,88,92,80,83,87,81,81,85,84,90,81,87,87,84,81,93,83,87,93,89,87,81,83,81,89,93,88,93,89,90,86,87,93,93,86,81,85,87.0,84.67,85.67,86.67,83.33,82.33,85.0,86.0,85.67,89.67,83.67,87.67,89.2,90.0,89.5,83.0,86.0,84.17,87.67,86.84,87.5,86.44
94,85,80,85,81,84,89,81,80,85,86,89,83,90,91,82,83,81,86,82,92,83,95,82,94,90,82,83,81,83,90,90,86,94,92,90,91,80,89,88,82,86,84,89,95,90,91,86.33,83.33,83.33,86.67,88.0,82.0,86.67,86.67,88.67,82.33,88.67,92.0,86.0,85.0,92.0,90.5,84.92,85.83,85.5,88.89,89.17,86.86
83,88,89,83,85,94,89,89,85,88,93,88,89,93,84,80,80,87,88,86,84,91,80,91,87,93,84,95,81,89,93,92,85,80,80,84,91,92,84,81,83,86,91,88,82,95,85,86.67,87.33,87.67,89.67,88.67,82.33,86.0,87.33,88.0,88.33,90.0,81.33,86.2,88.5,85.0,90.0,87.83,86.08,88.17,85.84,87.83,87.15
82,83,85,85,92,80,81,81,89,94,85,80,80,93,91,84,94,93,82,82,85,92,80,91,89,94,81,83,85,88,84,81,93,89,89,83,81,86,93,88,91,88,89,95,90,87,82,83.33,85.67,83.67,86.33,88.0,90.33,83.0,87.67,88.0,85.33,86.0,87.0,87.8,88.5,92.5,84.5,84.75,87.25,86.67,86.93,88.5,86.82
95,94,89,91,85,89,86,95,86,82,88,86,95,81,87,83,86,81,93,90,88,87,89,89,90,91,95,82,83,83,92,95,95,86,95,92,83,91,91,89,93,93,80,92,81,86,83,92.67,88.33,89.0,85.33,87.67,83.33,90.33,88.33,92.0,82.67,94.0,91.0,89.4,86.5,86.5,84.5,88.83,87.42,87.33,91.47,85.83,88.18
82,85,94,81,84,82,80,91,90,85,92,86,85,87,87,84,82,95,89,92,90,87,81,93,93,91,80,90,92,88,95,85,87,81,92,95,91,81,82,86,88,94,89,85,93,82,82,87.0,82.33,87.0,87.67,86.33,87.0,90.33,87.0,88.0,90.0,89.0,89.33,85.6,91.5,89.0,82.0,86.0,87.67,89.0,87.98,87.5,87.63
87,91,90,86,85,82,88,85,93,92,83,88,93,90,87,93,95,87,80,93,85,86,85,95,95,95,91,83,88,80,85,87,94,89,86,81,91,81,80,93,94,83,87,89,86,89,92,89.33,84.33,88.67,87.67,90.0,91.67,86.0,88.67,93.67,83.67,88.67,85.33,87.8,85.0,87.5,90.5,87.5,89.08,88.67,87.27,87.67,88.04
89,86,86,95,87,86,85,85,89,90,91,93,83,85,80,95,94,90,93,85,95,87,86,95,80,81,81,88,82,86,87,94,90,87,85,91,94,83,92,88,93,89,95,90,81,89,95,87.0,89.33,86.33,91.33,82.67,93.0,91.0,89.33,80.67,85.33,90.33,87.67,90.0,92.0,85.5,92.0,88.5,89.0,83.0,89.33,89.83,87.93
89,84,86,81,95,85,93,80,89,83,89,89,83,93,92,88,83,84,89,83,89,80,90,82,94,87,81,80,85,80,89,80,92,90,92,83,86,81,89,91,83,90,94,86,85,85,83,86.33,87.0,87.33,87.0,89.33,85.0,87.0,84.0,87.33,81.67,87.0,88.33,86.0,92.0,85.5,84.0,86.92,86.33,84.5,87.11,87.17,86.41
95,84,89,84,91,84,95,80,89,86,94,94,88,94,81,85,95,80,90,94,85,85,84,86,83,83,85,90,94,85,94,91,81,87,93,93,87,95,81,83,91,93,84,83,85,83,88,89.33,86.33,88.0,91.33,87.67,86.67,89.67,85.0,83.67,89.67,88.67,91.0,87.4,88.5,84.0,85.5,88.75,87.25,86.67,89.02,86.0,87.54
87,88,82,84,89,87,92,82,87,87,95,83,86,93,92,82,92,81,93,82,88,92,83,88,87,87,90,87,81,86,92,91,88,95,85,83,93,85,82,89,87,93,80,86,94,82,89,85.67,86.67,87.0,88.33,90.33,85.0,87.67,87.67,88.0,84.67,90.33,87.67,87.2,86.5,90.0,85.5,86.92,87.67,86.33,88.4,87.33,87.33
88,80,83,83,93,95,83,91,94,86,86,90,81,88,91,95,82,82,85,91,94,84,94,84,88,90,92,93,88,88,87,83,80,84,84,88,94,91,94,87,81,90,90,93,94,95,84,83.67,90.33,89.33,87.33,86.67,86.33,90.0,87.33,90.0,89.67,83.33,85.33,89.4,90.0,93.5,89.5,87.67,87.58,89.83,86.02,91.0,88.42
80,85,88,83,91,87,94,84,95,93,87,90,80,80,94,88,85,81,92,89,83,89,88,80,84,88,86,82,93,90,91,85,83,89,87,89,91,86,87,91,83,94,82,84,89,93,82,84.33,87.0,91.0,90.0,84.67,84.67,88.0,85.67,86.0,88.33,86.33,88.33,87.6,88.0,86.5,87.5,88.08,85.75,87.17,87.42,87.33,87.15
84,93,90,89,93,87,88,92,83,82,91,91,82,88,88,81,93,81,82,93,91,88,85,95,87,92,95,82,84,88,90,87,85,80,89,95,91,83,91,94,85,90,82,89,85,83,95,89.0,89.67,87.67,88.0,86.0,85.0,88.67,89.33,91.33,84.67,87.33,88.0,88.8,86.0,87.0,89.0,88.58,87.25,88.0,88.04,87.33,87.84
84,91,81,90,85,88,80,88,86,81,92,95,82,81,80,88,93,92,92,90,89,82,95,95,91,81,88,82,85,89,85,90,91,89,94,82,95,90,83,94,80,82,90,89,87,95,85,85.33,87.67,84.67,89.33,81.0,91.0,90.33,90.67,86.67,85.33,88.67,88.33,88.4,86.0,88.0,90.0,86.75,88.25,86.0,88.47,88.0,87.49
91,84,80,87,83,85,92,81,90,85,82,92,87,94,89,87,89,81,89,85,95,90,83,92,87,93,90,85,81,93,94,81,90,83,86,82,88,88,83,93,94,83,93,94,83,87,84,85.0,85.0,87.67,86.33,90.0,85.67,89.67,88.33,90.0,86.33,88.33,83.67,89.2,88.0,88.5,85.5,86.0,88.42,88.17,87.07,87.33,87.4
91,83,86,83,94,88,86,86,85,83,93,93,88,81,85,81,95,90,82,95,80,90,89,89,87,84,80,81,86,89,93,81,89,94,81,86,91,91,87,86,86,92,81,80,84,94,92,86.67,88.33,85.67,89.67,84.67,88.67,85.67,89.33,83.67,85.33,87.67,87.0,88.2,86.5,82.0,93.0,87.58,87.08,84.5,87.62,87.17,86.79
89,80,90,88,92,94,86,83,95,82,87,94,81,81,93,95,95,95,80,82,88,87,90,85,83,90,85,87,90,91,88,84,92,81,82,84,83,90,85,85,94,86,90,80,89,95,85,86.33,91.33,88.0,87.67,85.0,95.0,83.33,87.33,86.0,89.33,88.0,82.33,87.4,88.0,84.5,90.0,88.33,87.67,87.67,85.91,87.5,87.42
81,86,85,82,85,81,80,80,94,89,94,90,88,84,91,93,84,94,85,89,87,84,86,84,88,92,81,82,81,92,92,80,95,92,89,81,85,90,95,87,91,80,83,95,84,87,85,84.0,82.67,84.67,91.0,87.67,90.33,87.0,84.67,87.0,85.0,89.0,87.33,89.6,81.5,89.5,86.0,85.58,87.42,86.0,88.64,85.67,86.66
81,87,80,83,87,93,88,88,85,80,85,84,90,86,91,86,83,89,93,93,81,94,80,82,89,89,91,85,85,95,86,87,87,93,89,89,83,90,86,92,83,86,84,94,90,95,90,82.67,87.67,87.0,83.0,89.0,86.0,89.0,85.33,89.67,88.33,86.67,90.33,86.8,85.0,92.0,92.5,85.08,87.33,89.0,87.93,89.83,87.84
88,95,80,91,90,80,89,84,85,95,95,89,81,82,83,94,85,87,83,90,93,90,88,92,95,88,81,88,95,92,87,95,85,93,91,91,90,84,85,93,93,81,87,83,81,95,91,87.67,87.0,86.0,93.0,82.0,88.67,88.67,90.0,88.0,91.67,89.0,91.67,89.0,84.0,82.0,93.0,88.42,87.33,89.83,89.89,86.33,88.36
80,85,83,81,87,91,81,89,95,88,80,91,80,87,86,85,86,90,92,81,90,86,89,93,82,91,88,81,84,82,85,80,90,84,90,81,82,93,92,88,86,93,86,80,85,85,89,82.67,86.33,88.33,86.33,84.33,87.0,87.67,89.33,87.0,82.33,85.0,85.0,88.2,89.5,82.5,87.0,85.92,87.08,84.67,86.07,86.33,86.01
87,83,87,93,90,82,92,85,81,88,90,80,95,91,80,92,92,87,92,87,87,84,84,86,86,81,89,92,82,94,88,85,87,88,84,95,92,81,91,85,86,85,88,85,80,89,88,85.67,88.33,86.0,86.0,88.67,90.33,88.67,84.67,85.33,89.33,86.67,89.0,87.0,86.5,82.5,88.5,86.5,88.08,87.33,87.56,85.83,87.06
90,94,82,93,83,87,85,90,89,88,83,89,90,86,88,92,91,91,90,87,80,91,85,82,82,91,86,93,95,93,91,88,84,91,94,95,80,80,89,93,94,87,88,94,87,89,80,88.67,87.67,88.0,86.67,88.0,91.33,85.67,86.0,86.33,93.67,87.67,93.33,87.2,87.5,90.5,84.5,87.75,87.75,90.0,89.4,87.5,88.48
86,94,87,80,92,81,84,94,80,92,93,89,81,92,93,88,88,93,95,81,81,90,85,90,85,89,89,82,85,81,94,81,91,85,93,82,81,85,86,86,95,88,90,80,80,91,81,89.0,84.33,86.0,91.33,88.67,89.67,85.67,88.33,87.67,82.67,88.67,86.67,86.6,89.0,80.0,86.0,87.67,88.08,85.17,87.31,85.0,86.65
84,87,87,85,91,80,90,95,90,85,91,91,83,95,85,90,80,80,80,91,80,83,95,88,95,93,81,84,83,85,87,92,91,83,85,88,93,80,95,82,91,94,83,89,95,91,91,86.0,85.33,91.67,89.0,87.67,83.33,83.67,88.67,89.67,84.0,90.0,85.33,88.2,88.5,92.0,91.0,88.0,85.83,86.83,87.84,90.5,87.8
86,88,86,85,93,88,88,92,93,86,88,91,89,81,81,88,89,86,81,91,83,81,92,90,86,89,95,81,80,89,80,88,94,93,86,90,91,90,89,80,89,88,87,87,82,81,89,86.67,88.67,91.0,88.33,83.67,87.67,85.0,87.67,90.0,83.33,87.33,89.67,87.8,87.5,84.5,85.0,88.67,86.0,86.67,88.27,85.67,87.05
92,83,94,84,84,95,92,83,83,88,95,83,86,84,91,80,85,90,92,84,89,85,91,93,82,88,81,80,92,90,84,90,91,83,91,88,84,91,87,83,87,92,91,85,82,85,82,89.67,87.67,86.0,88.67,87.0,85.0,88.33,89.67,83.67,87.33,88.33,87.33,86.4,91.5,83.5,83.5,88.0,87.5,85.5,87.36,86.17,86.9
86,89,81,91,84,80,82,87,86,80,94,82,80,91,92,92,88,90,89,80,84,83,89,80,85,82,93,89,83,95,88,89,84,92,89,91,91,87,91,83,85,92,80,95,90,82,86,85.33,85.0,85.0,85.33,87.67,90.0,84.33,84.0,86.67,89.0,87.0,90.67,87.4,86.0,92.5,84.0,85.17,86.5,87.83,88.36,87.5,87.07
91,89,80,83,95,92,88,85,82,90,89,85,88,81,92,81,90,89,87,92,91,93,88,81,85,94,88,80,81,95,82,90,95,93,86,91,85,95,87,86,91,87,80,81,91,82,94,86.67,90.0,85.0,88.0,87.0,86.67,90.0,87.33,89.0,85.33,89.0,90.0,88.8,83.5,86.0,88.0,87.42,87.75,87.17,89.27,85.83,87.49
85,80,83,85,91,94,83,89,84,88,82,81,82,89,83,95,80,93,93,81,86,84,89,82,93,91,86,81,92,95,91,93,82,88,87,85,92,84,95,87,94,81,93,89,92,93,93,82.67,90.0,85.33,83.67,84.67,89.33,86.67,85.0,90.0,89.33,88.67,86.67,90.4,87.0,90.5,93.0,85.42,86.42,89.67,88.58,90.17,88.05
81,81,86,95,86,94,88,94,80,81,85,93,88,95,95,89,94,81,86,88,81,93,83,86,89,87,91,92,87,88,83,83,90,86,94,93,89,87,94,90,87,91,87,94,85,91,89,82.67,91.67,87.33,86.33,92.67,88.0,85.0,87.33,89.0,89.0,85.33,91.0,89.4,89.0,89.5,90.0,87.0,88.25,89.0,88.58,89.5,88.47
86,87,86,80,85,83,89,80,89,86,93,83,87,95,86,94,85,81,95,86,87,90,84,93,94,87,89,89,80,84,84,92,83,85,82,84,93,91,91,82,82,89,83,87,86,89,91,86.33,82.67,86.0,87.33,89.33,86.67,89.33,89.0,90.0,84.33,86.33,83.67,87.8,86.0,86.5,90.0,85.58,88.58,87.17,85.93,87.5,86.95
95,80,88,88,94,85,89,83,86,84,94,83,82,83,93,87,94,86,84,82,82,95,83,92,83,95,81,88,94,92,91,94,91,83,85,90,87,84,94,81,94,80,95,95,82,95,88,87.67,89.0,86.0,87.0,86.0,89.0,82.67,90.0,86.33,91.33,92.0,86.0,88.0,87.5,88.5,91.5,87.42,86.92,88.83,88.67,89.17,88.2
95,87,84,92,87,81,83,93,87,83,85,81,92,94,86,88,89,88,87,83,93,86,89,83,86,87,91,82,85,95,82,83,90,89,83,80,93,81,87,82,81,86,86,89,88,93,89,88.67,86.67,87.67,83.0,90.67,88.33,87.67,86.0,88.0,87.33,85.0,84.0,84.8,86.0,88.5,91.0,86.5,88.17,87.67,84.6,88.5,87.09
84,85,88,86,80,82,85,93,81,91,94,90,86,90,84,87,94,84,91,89,84,91,95,91,91,89,82,92,81,84,94,84,90,95,92,93,93,84,93,88,85,95,86,90,93,85,95,85.67,82.67,86.33,91.67,86.67,88.33,88.0,92.33,87.33,85.67,89.33,93.33,88.6,90.5,91.5,90.0,86.58,88.83,86.5,90.42,90.67,88.6
94,93,92,95,84,90,90,82,81,90,85,87,83,83,81,84,90,82,91,85,95,94,91,87,94,88,81,94,91,83,86,87,81,95,82,91,83,90,88,93,80,85,91,81,90,80,82,93.0,89.67,84.33,87.33,82.33,85.33,90.33,90.67,87.67,89.33,84.67,89.33,86.8,88.0,85.5,81.0,88.58,87.17,88.5,86.93,84.83,87.2
88,93,84,82,84,90,87,88,92,91,84,83,91,85,90,88,83,92,89,89,90,95,90,91,90,84,93,82,86,84,85,93,84,87,95,89,93,92,89,93,84,88,94,80,89,80,85,88.33,85.33,89.0,86.0,88.67,87.67,89.33,92.0,89.0,84.0,87.33,90.33,90.2,91.0,84.5,82.5,87.17,89.42,86.5,89.29,86.0,87.67
87,92,86,88,95,80,87,94,82,85,92,91,80,87,87,94,90,86,89,90,86,95,95,93,83,87,94,80,95,88,91,84,88,88,81,86,84,91,85,95,92,90,85,86,81,88,83,88.33,87.67,87.67,89.33,84.67,90.0,88.33,94.33,88.0,87.67,87.67,85.0,89.4,87.5,83.5,85.5,88.25,89.33,87.83,87.36,85.5,87.65
85,90,91,88,83,90,87,81,88,86,89,89,95,89,93,88,92,88,86,84,84,81,82,86,82,92,84,95,94,84,89,88,90,92,93,89,87,82,93,80,80,88,90,81,94,84,87,88.67,87.0,85.33,88.0,92.33,89.33,84.67,83.0,86.0,91.0,89.0,91.33,84.4,89.0,87.5,85.5,87.25,87.33,88.5,88.24,87.33,87.73
81,91,90,90,92,90,80,89,80,93,94,83,87,85,89,80,83,88,85,87,92,90,89,91,92,91,84,94,83,94,87,93,85,92,83,87,86,88,88,86,84,91,91,92,81,94,90,87.33,90.67,83.0,90.0,87.0,83.67,88.0,90.0,89.0,90.33,88.33,87.33,86.4,91.0,86.5,92.0,87.75,87.17,89.67,87.36,89.83,88.35
92,82,94,88,88,94,84,95,82,94,82,85,84,80,92,92,88,95,80,85,87,93,95,90,88,93,89,92,92,90,91,82,90,81,90,91,90,84,93,83,82,88,95,87,84,80,88,89.33,90.0,87.0,87.0,85.33,91.67,84.0,92.67,90.0,91.33,87.67,87.33,86.4,91.5,85.5,84.0,88.33,88.42,90.67,87.13,87.0,88.31
83,81,84,91,94,94,89,92,88,93,94,87,95,92,92,86,84,95,81,85,89,91,87,90,80,80,81,86,94,92,86,83,86,92,95,82,93,95,86,85,80,91,94,83,80,88,93,82.67,93.0,89.67,91.33,93.0,88.33,85.0,89.33,80.33,90.67,85.0,89.67,87.8,92.5,81.5,90.5,89.17,88.92,85.5,87.49,88.17,87.85
85,81,95,92,93,93,83,87,91,81,95,94,81,93,81,82,87,90,87,95,87,84,91,94,84,95,85,93,84,95,80,90,80,90,80,87,80,93,87,88,80,84,89,83,86,81,92,87.0,92.67,87.0,90.0,85.0,86.33,89.67,89.67,88.0,90.67,83.33,85.67,85.6,86.5,84.5,86.5,89.17,87.67,89.33,84.87,85.83,87.37
84,89,92,86,89,93,91,85,82,94,95,90,88,85,81,91,90,88,86,82,90,95,81,94,91,80,85,81,91,90,84,82,80,84,83,91,81,90,84,88,82,90,86,81,84,89,87,88.33,89.33,86.0,93.0,84.67,89.67,86.0,90.0,85.33,87.33,82.0,86.0,85.0,88.0,82.5,88.0,89.17,87.58,86.33,84.33,86.17,86.72
85,88,89,92,82,95,85,81,92,91,85,89,94,80,87,82,82,89,89,90,95,89,86,83,83,83,95,90,90,82,90,83,83,86,82,85,88,91,82,85,89,92,92,88,92,91,81,87.33,89.67,86.0,88.33,87.0,84.33,91.33,86.0,87.0,87.33,85.33,84.33,87.0,92.0,90.0,86.0,87.83,87.17,87.17,85.56,89.33,87.41
86,86,81,81,83,87,81,85,81,92,82,80,85,82,85,94,90,86,93,84,86,80,88,95,94,80,91,82,86,91,87,82,89,82,83,95,85,82,80,88,88,87,90,89,89,88,94,84.33,83.67,82.33,84.67,84.0,90.0,87.67,87.67,88.33,86.33,86.0,86.67,84.6,88.5,89.0,91.0,83.75,87.33,87.33,85.76,89.5,86.73
87,94,94,95,82,81,94,95,88,93,91,92,93,89,89,87,89,93,93,84,88,85,93,88,82,91,92,95,81,92,83,93,80,87,84,93,89,84,82,94,95,93,85,82,81,95,90,91.67,86.0,92.33,92.0,90.33,89.67,88.33,88.67,88.33,89.33,85.33,88.0,88.8,89.0,81.5,92.5,90.5,89.25,88.83,87.38,87.67,88.73
85,81,87,92,86,80,90,84,84,89,84,95,94,81,84,82,87,80,94,94,93,88,85,82,82,87,86,91,80,90,86,92,84,82,92,94,86,82,80,92,88,87,83,88,90,89,85,84.33,86.0,86.0,89.33,86.33,83.0,93.67,85.0,85.0,87.0,87.33,89.33,85.6,85.0,89.0,87.0,86.42,87.0,86.0,87.42,87.0,86.77
89,91,95,90,83,82,85,88,82,81,81,86,81,82,90,86,85,83,88,82,80,82,88,93,94,88,84,87,91,91,86,94,95,91,84,80,84,94,95,84,88,80,91,85,89,87,86,91.67,85.0,85.0,82.67,84.33,84.67,83.33,87.67,88.67,89.67,91.67,85.0,89.0,85.5,87.0,86.5,86.08,85.0,89.17,88.56,86.33,87.03
85,93,93,83,94,81,81,83,83,91,88,84,88,95,90,93,88,83,88,91,90,81,88,93,92,83,82,87,80,89,88,86,91,85,93,86,80,91,87,82,93,80,86,93,88,87,82,90.33,86.0,82.33,87.67,91.0,88.0,89.67,87.33,85.67,85.33,88.33,88.0,86.6,83.0,90.5,84.5,86.58,89.0,85.5,87.64,86.0,86.95
95,80,93,81,81,94,93,92,91,86,92,80,83,83,87,90,88,83,83,89,95,83,90,95,90,87,95,94,87,85,89,80,89,83,80,95,91,92,83,83,85,80,82,92,84,85,86,89.33,85.33,92.0,86.0,84.33,87.0,89.0,89.33,90.67,88.67,86.0,86.0,86.8,81.0,88.0,85.5,88.17,87.42,89.67,86.27,84.83,87.27
86,91,90,82,89,91,85,80,94,86,84,85,82,80,89,85,95,80,95,82,95,95,82,93,91,93,90,87,91,84,91,92,88,81,94,92,89,88,94,93,87,90,80,83,92,83,82,89.0,87.33,86.33,85.0,83.67,86.67,90.67,90.0,91.33,87.33,90.33,89.0,90.2,85.0,87.5,82.5,86.92,87.75,89.33,89.84,85.0,87.77
82,85,84,92,95,87,86,92,92,90,95,82,89,90,84,95,85,93,82,86,87,83,87,91,95,91,80,88,80,84,83,92,81,85,86,93,88,84,93,90,83,94,88,95,80,82,90,83.67,91.33,90.0,89.0,87.67,91.0,85.0,87.0,88.67,84.0,85.33,88.0,87.6,91.0,87.5,86.0,88.5,87.67,86.33,86.98,88.17,87.53
90,82,93,90,94,93,95,86,87,89,88,83,91,83,93,84,83,90,87,86,83,90,83,89,91,94,94,86,90,85,93,91,86,91,88,95,92,86,94,84,87,93,87,90,93,81,93,88.33,92.33,89.33,86.67,89.0,85.67,85.33,87.33,93.0,87.0,90.0,91.33,88.6,90.0,91.5,87.0,89.17,86.83,90.0,89.98,89.5,89.1
92,84,83,80,88,92,80,94,87,81,84,94,91,88,88,91,88,91,91,81,87,94,92,91,81,88,92,85,86,95,82,92,91,89,92,95,92,86,91,89,95,91,90,88,93,91,84,86.33,86.67,87.0,86.33,89.0,90.0,86.33,92.33,87.0,88.67,88.33,92.0,90.6,90.5,90.5,87.5,86.58,89.42,87.83,90.31,89.5,88.73
83,80,86,93,90,81,83,86,81,88,85,91,92,83,84,85,89,81,93,86,87,90,85,91,89,80,89,84,85,92,92,91,89,91,94,90,85,92,86,91,80,93,91,87,83,91,86,83.0,88.0,83.33,88.0,86.33,85.0,88.67,88.67,86.0,87.0,90.67,91.67,86.8,92.0,85.0,88.5,85.58,87.17,86.5,89.71,88.5,87.49
92,89,80,92,94,91,80,95,90,90,84,86,91,81,88,80,85,90,80,93,94,88,83,88,94,80,83,88,81,84,89,95,80,92,82,89,81,86,80,80,87,80,85,84,86,82,87,87.0,92.33,88.33,86.67,86.67,85.0,89.0,86.33,85.67,84.33,88.0,87.67,82.8,82.5,85.0,84.5,88.58,86.75,85.0,86.16,84.0,86.1
83,91,86,90,89,95,92,86,91,85,84,84,84,82,85,82,95,93,88,84,81,93,81,88,81,93,91,93,88,95,84,94,83,91,93,93,86,91,80,84,81,92,88,86,90,87,87,86.67,91.33,89.67,84.33,83.67,90.0,84.33,87.33,88.33,92.0,87.0,92.33,84.4,90.0,88.0,87.0,88.0,86.33,90.17,87.91,88.33,88.15
95,84,88,85,89,87,91,85,81,92,93,92,92,81,84,93,95,87,91,88,92,84,82,84,87,89,91,93,83,85,81,89,85,85,82,95,87,82,87,83,93,95,85,81,83,94,89,89.0,87.0,85.67,92.33,85.67,91.67,90.33,83.33,89.0,87.0,85.0,87.33,86.4,90.0,82.0,91.5,88.5,87.75,88.0,86.24,87.83,87.67
88,87,94,89,81,92,93,89,90,83,88,88,92,92,87,86,86,85,90,89,91,80,84,91,89,90,81,84,94,92,90,80,90,86,84,89,91,88,86,86,90,94,87,85,80,94,93,89.67,87.33,90.67,86.33,90.33,85.67,90.0,85.0,86.67,90.0,86.67,86.33,88.2,90.5,82.5,93.5,88.5,87.75,88.33,87.07,88.83,88.1
81,90,92,84,95,93,82,87,95,82,85,88,80,88,83,84,83,86,84,83,80,86,92,83,87,86,88,92,83,82,85,92,92,93,85,92,81,92,83,94,85,91,84,92,90,91,86,87.67,90.67,88.0,85.0,83.67,84.33,82.33,87.0,87.0,85.67,89.67,90.0,87.0,87.5,91.0,88.5,87.83,84.33,86.33,88.89,89.0,87.28
83,85,95,81,85,84,90,89,81,92,92,85,90,89,88,80,81,95,90,93,83,86,87,92,80,94,91,91,81,91,82,93,91,83,85,88,83,87,91,84,90,85,91,89,89,93,91,87.67,83.33,86.67,89.67,89.0,85.33,88.67,88.33,88.33,87.67,88.67,85.33,87.0,88.0,89.0,92.0,86.83,87.83,88.0,87.0,89.67,87.87
94,83,84,81,83,86,88,92,80,89,88,94,88,83,94,82,94,90,89,80,89,84,95,88,92,92,87,80,82,85,81,84,85,80,91,83,83,82,90,81,90,93,92,85,88,83,89,87.0,83.33,86.67,90.33,88.33,88.67,86.0,89.0,90.33,82.33,83.33,84.67,85.2,92.5,86.5,86.0,86.83,88.0,86.33,84.4,88.33,86.78
85,85,93,92,82,83,81,82,80,81,88,81,87,95,80,87,94,89,90,88,80,80,92,84,86,84,92,92,92,89,85,91,91,89,93,84,89,87,84,87,95,83,82,82,83,91,88,87.67,85.67,81.0,83.33,87.33,90.0,86.0,85.33,87.33,91.0,89.0,88.67,88.4,82.5,82.5,89.5,84.42,87.17,89.17,88.69,84.83,86.85
83,83,93,89,89,80,91,83,90,91,92,83,88,88,95,91,82,92,87,92,92,90,83,87,88,82,90,93,88,83,90,84,80,89,80,93,92,80,93,84,90,92,93,89,80,88,94,86.33,86.0,88.0,88.67,90.33,88.33,90.33,86.67,86.67,88.0,84.67,87.33,87.8,92.5,84.5,91.0,87.25,88.92,87.33,86.6,89.33,87.89
92,94,95,86,90,95,92,80,84,92,83,85,86,84,90,88,83,85,84,92,85,94,92,82,84,88,92,92,86,83,88,84,93,81,93,82,89,92,90,89,94,91,81,83,93,85,84,93.67,90.33,85.33,86.67,86.67,85.33,87.0,89.33,88.0,87.0,88.33,85.33,90.8,86.0,88.0,84.5,89.0,87.08,87.5,88.16,86.17,87.58
84,82,86,85,91,91,95,85,81,85,82,82,81,95,90,82,87,95,82,81,89,93,83,93,88,95,81,89,95,82,80,94,88,91,92,83,91,85,91,93,86,84,93,93,81,95,92,84.0,89.0,87.0,83.0,88.67,88.0,84.0,89.67,88.0,88.67,87.33,88.67,89.2,88.5,87.0,93.5,85.75,87.58,88.33,88.4,89.67,87.95
95,90,82,86,82,81,85,84,90,80,93,91,91,86,85,88,92,88,81,95,82,91,82,83,92,85,88,89,84,80,91,83,85,88,89,93,93,91,80,85,93,86,92,88,84,95,81,89.0,83.0,86.33,88.0,87.33,89.33,86.0,85.33,88.33,84.33,86.33,90.0,88.4,89.0,86.0,88.0,86.58,87.0,86.33,88.24,87.67,87.17
95,86,88,93,87,84,92,94,93,85,87,92,87,80,95,94,82,93,91,85,85,90,82,85,91,90,92,90,93,84,90,89,80,86,80,87,86,94,83,85,82,86,81,88,91,90,82,89.67,88.0,93.0,88.0,87.33,89.67,87.0,85.67,91.0,89.0,86.33,84.33,86.0,83.5,89.5,86.0,89.67,87.42,90.0,85.56,86.33,87.79
86,91,85,80,95,93,92,80,82,81,90,95,86,95,81,92,91,82,89,83,93,86,90,85,90,80,95,83,93,82,95,82,91,85,83,89,85,94,89,81,93,93,91,81,88,80,87,87.33,89.33,84.67,88.67,87.33,88.33,88.33,87.0,88.33,86.0,89.33,85.67,88.4,92.0,84.5,83.5,87.5,87.75,87.17,87.8,86.67,87.38
94,83,95,86,85,94,92,84,81,92,89,82,83,80,90,86,81,81,90,84,91,87,95,81,95,93,90,80,92,82,82,88,89,93,80,83,87,84,82,89,83,86,84,84,94,89,82,90.67,88.33,85.67,87.67,84.33,82.67,88.33,87.67,92.67,84.67,86.33,85.33,85.0,85.0,89.0,85.5,88.08,85.75,88.67,85.56,86.5,86.91
81,83,87,82,90,82,84,85,85,81,85,83,95,90,84,81,92,93,84,87,85,92,81,85,90,84,87,90,83,91,82,83,86,86,91,82,90,82,81,81,95,92,92,90,81,95,84,83.67,84.67,84.67,83.0,89.67,88.67,85.33,86.0,87.0,88.0,83.67,86.33,85.8,92.0,85.5,89.5,84.0,87.42,87.5,85.27,89.0,86.64
90,85,83,89,90,88,84,83,82,89,80,90,83,81,80,92,89,95,93,91,91,80,86,81,91,85,85,89,85,80,84,80,93,80,81,95,90,84,92,88,93,91,89,90,95,85,83,86.0,89.0,83.0,86.33,81.33,92.0,91.67,82.33,87.0,84.67,85.67,85.33,89.4,90.0,92.5,84.0,86.08,86.83,85.83,86.8,88.83,86.88
83,87,89,93,85,80,94,86,83,86,88,92,94,90,80,90,91,82,87,84,83,91,84,92,86,87,80,80,92,95,82,81,95,94,87,93,84,93,91,88,82,89,95,86,93,87,81,86.33,86.0,87.67,88.67,88.0,87.67,84.67,89.0,84.33,89.0,86.0,91.33,87.6,92.0,89.5,84.0,87.17,87.33,86.67,88.31,88.5,87.6
91,91,95,85,85,88,89,90,88,87,84,93,81,89,86,80,83,80,91,87,81,88,94,84,95,92,94,89,92,89,94,88,84,92,86,88,92,95,81,86,95,83,91,91,92,87,92,92.33,86.0,89.0,88.0,85.33,81.0,86.33,88.67,93.67,90.0,88.67,88.67,89.8,87.0,91.5,89.5,88.83,85.33,91.83,89.04,89.33,88.88
84,87,93,93,95,95,80,93,80,80,92,82,82,80,83,92,86,80,86,83,93,94,88,84,83,86,88,94,82,92,86,87,93,81,87,83,89,88,85,93,82,88,87,90,95,89,86,88.0,94.33,84.33,84.67,81.67,86.0,87.33,88.67,85.67,89.33,88.67,83.67,87.4,87.5,92.5,87.5,87.83,85.92,87.5,86.58,89.17,87.4
85,86,94,91,88,83,83,86,95,86,83,82,82,85,84,90,91,93,89,86,88,85,95,92,82,80,93,80,90,84,83,92,83,91,93,90,92,91,91,92,90,88,86,81,84,94,91,88.33,87.33,88.0,83.67,83.67,91.33,87.67,90.67,85.0,84.67,86.0,91.33,91.2,87.0,82.5,92.5,86.83,88.33,84.83,89.51,87.33,87.37
80,81,85,81,91,83,86,89,89,87,86,90,92,80,87,83,86,84,80,84,81,88,92,88,82,85,88,92,88,80,94,94,81,82,81,87,91,84,89,88,85,85,88,88,80,93,92,82.0,85.0,88.0,87.67,86.33,84.33,81.67,89.33,85.0,86.67,89.67,83.33,87.4,86.5,84.0,92.5,85.67,85.42,85.83,86.8,87.67,86.28
92,81,86,95,91,91,87,86,92,91,90,80,85,82,91,95,94,91,91,84,82,91,88,82,81,93,83,86,84,80,83,82,83,83,82,91,89,94,95,86,82,94,84,93,85,94,80,86.33,92.33,88.33,87.0,86.0,93.33,85.67,87.0,85.67,83.33,82.67,85.33,89.2,89.0,89.0,87.0,88.5,88.0,84.5,85.73,88.33,87.01
86,84,88,88,91,95,81,82,92,88,90,85,85,82,88,80,83,81,81,87,89,81,82,95,84,88,82,87,95,82,81,81,88,84,89,95,89,90,86,83,93,82,94,85,90,80,91,86.0,91.33,85.0,87.67,85.0,81.33,85.67,86.0,84.67,88.0,83.33,89.33,88.2,88.0,87.5,85.5,87.5,84.5,86.33,86.96,87.0,86.46
84,92,90,81,93,92,87,88,80,95,86,92,93,86,92,86,81,95,87,85,85,93,95,92,80,82,92,95,91,80,94,95,81,83,80,93,87,93,94,89,86,81,83,84,80,95,81,88.67,88.67,85.0,91.0,90.33,87.33,85.67,93.33,84.67,88.67,90.0,85.33,89.8,82.0,82.0,88.0,88.33,89.17,86.67,88.38,84.0,87.31
94,85,88,83,94,94,94,82,82,91,91,81,92,85,82,82,80,80,80,83,90,93,87,82,83,82,94,88,80,85,90,85,93,86,90,80,88,86,81,94,85,80,84,82,94,85,85,89.0,90.33,86.0,87.67,86.33,80.67,84.33,87.33,86.33,84.33,89.33,85.33,86.8,82.0,88.0,85.0,88.25,84.67,85.33,87.16,85.0,86.08
80,82,94,95,87,89,92,83,85,88,83,89,92,93,84,93,92,88,88,92,93,81,90,93,86,89,84,88,87,86,91,95,94,87,88,89,89,81,83,92,93,95,90,85,84,88,87,85.33,90.33,86.67,86.67,89.67,91.0,91.0,88.0,86.33,87.0,93.33,88.0,87.6,92.5,84.5,87.5,87.25,89.92,86.67,89.64,88.17,88.33
83,82,82,91,85,93,92,90,82,87,87,91,83,86,91,93,88,80,81,90,85,93,94,90,83,82,89,89,82,84,85,89,91,93,83,89,88,82,85,92,84,88,95,92,83,81,92,82.33,89.67,88.0,88.33,86.67,87.0,85.33,92.33,84.67,85.0,88.33,88.33,86.2,91.5,87.5,86.5,87.08,87.83,84.83,87.62,88.5,87.17
93,92,88,94,92,85,94,89,88,95,80,80,94,87,86,83,87,81,95,81,80,86,92,90,80,84,92,87,93,80,82,92,91,81,95,89,88,85,84,88,93,81,85,95,85,91,92,91.0,90.33,90.33,85.0,89.0,83.67,85.33,89.33,85.33,86.67,88.33,88.33,87.6,83.0,90.0,91.5,89.17,86.83,86.0,88.09,88.17,87.65
93,87,81,86,86,80,89,91,92,84,82,93,81,90,80,82,84,94,83,94,88,85,81,93,92,84,93,80,86,93,86,90,82,95,93,89,88,95,90,88,86,80,87,91,88,80,88,87.0,84.0,90.67,86.33,83.67,86.67,88.33,86.33,89.67,86.33,86.0,92.33,89.4,83.5,89.5,84.0,87.0,86.25,88.0,89.24,85.67,87.23
93,84,93,80,91,95,86,93,83,82,85,90,92,95,94,82,85,91,91,85,89,83,86,80,80,90,90,93,85,92,82,85,95,95,88,83,92,82,86,95,95,82,85,87,84,85,91,90.0,88.67,87.33,85.67,93.67,86.0,88.33,83.0,86.67,90.0,87.33,88.67,90.0,83.5,85.5,88.0,87.92,87.75,88.33,88.67,85.67,87.67
82,89,93,88,87,83,91,94,81,86,91,95,86,93,83,91,92,92,88,84,83,90,80,82,85,89,95,81,84,91,88,92,95,93,94,85,85,92,81,81,91,95,92,84,83,86,87,88.0,86.0,88.67,90.67,87.33,91.67,85.0,84.0,89.67,85.33,91.67,90.67,86.0,93.5,83.5,86.5,88.33,87.0,87.5,89.44,87.83,88.02
91,83,83,87,88,89,95,93,88,86,86,86,88,95,95,94,95,82,87,93,85,84,95,90,90,86,92,87,93,90,88,92,82,89,91,86,95,94,89,80,80,91,81,85,87,82,91,85.67,88.0,92.0,86.0,92.67,90.33,88.33,89.67,89.33,90.0,87.33,88.67,87.6,86.0,86.0,86.5,87.92,90.25,89.67,87.87,86.17,88.37
90,95,86,85,81,91,92,91,80,84,88,95,87,93,83,94,86,81,91,80,84,83,85,91,82,83,88,80,80,89,85,83,88,92,85,90,80,92,89,95,82,87,90,86,88,84,93,90.33,85.67,87.67,89.0,87.67,87.0,85.0,86.33,84.33,83.0,85.33,89.0,87.6,88.5,87.0,88.5,88.17,86.5,83.67,87.31,88.0,86.73
80,95,87,85,93,94,84,85,93,89,80,80,83,92,94,95,95,89,91,92,89,87,95,89,87,81,87,95,84,88,80,91,95,84,80,93,90,86,95,82,85,89,80,83,89,90,86,87.33,90.67,87.33,83.0,89.67,93.0,90.67,90.33,85.0,89.0,88.67,85.67,87.6,84.5,86.0,88.0,87.08,90.92,87.0,87.31,86.17,87.7
84,86,84,87,92,91,82,80,89,89,90,80,89,82,91,95,90,82,92,93,85,92,95,95,83,92,86,80,95,80,86,95,92,88,93,84,92,84,89,84,89,82,81,90,95,90,80,84.67,90.0,83.67,86.33,87.33,89.0,90.0,94.0,87.0,85.0,91.0,88.33,87.6,81.5,92.5,85.0,86.17,90.08,86.0,88.98,86.33,87.51
88,87,88,94,92,88,95,80,87,81,82,86,85,90,91,85,85,81,87,87,83,87,94,81,84,93,94,83,94,81,95,84,93,87,88,86,94,90,89,89,84,95,85,92,87,91,82,87.67,91.33,87.33,83.0,88.67,83.67,85.67,87.33,90.33,86.0,90.67,87.0,89.2,90.0,89.5,86.5,87.33,86.33,88.17,88.96,88.67,87.89
80,94,95,84,95,82,83,93,93,89,86,95,84,82,86,91,85,93,81,88,82,88,95,85,95,89,90,92,88,88,87,91,83,94,86,90,89,83,81,90,91,92,91,93,82,91,83,89.67,87.0,89.67,90.0,84.0,89.67,83.67,89.33,91.33,89.33,87.0,90.0,86.8,91.5,87.5,87.0,89.08,86.67,90.33,87.93,88.67,88.54
95,92,86,86,93,89,91,93,82,85,81,95,87,86,82,94,89,93,85,86,91,91,80,86,86,81,84,87,82,83,82,82,90,90,84,85,85,83,85,84,90,91,95,90,85,81,85,91.0,89.33,88.67,87.0,85.0,92.0,87.33,85.67,83.67,84.0,84.67,86.33,85.4,93.0,87.5,83.0,89.0,87.5,83.83,85.47,87.83,86.73
90,93,92,85,80,80,84,95,80,81,92,92,89,94,86,91,93,81,93,95,87,85,86,82,86,94,86,90,84,90,82,85,84,88,89,83,83,95,84,82,86,93,85,88,83,87,94,91.67,81.67,86.33,88.33,89.67,88.33,91.67,84.33,88.67,88.0,83.67,86.67,86.0,89.0,85.5,90.5,87.0,88.5,88.33,85.44,88.33,87.52
87,94,80,83,91,92,94,93,82,80,91,86,91,81,93,84,86,92,80,87,95,90,90,92,91,95,89,88,90,80,95,87,94,88,93,86,87,88,88,94,89,80,81,83,91,81,89,87.0,88.67,89.67,85.67,88.33,87.33,87.33,90.67,91.67,86.0,92.0,89.0,89.2,80.5,87.0,85.0,87.75,88.42,88.83,90.07,84.17,87.85
83,81,88,92,91,84,82,90,93,80,94,83,82,84,84,93,88,86,82,93,95,85,85,80,86,85,81,87,95,82,92,81,84,88,93,83,83,85,95,82,80,83,92,81,84,91,82,84.0,89.0,88.33,85.67,83.33,89.0,90.0,83.33,84.0,88.0,85.67,88.0,85.0,87.5,82.5,86.5,86.75,86.42,86.0,86.22,85.5,86.18
94,95,92,92,92,84,88,80,82,81,82,93,83,84,93,92,89,95,81,80,80,86,81,85,87,86,94,84,80,92,88,84,91,88,93,84,94,89,80,89,85,94,83,93,93,85,91,93.67,89.33,83.33,85.33,86.67,92.0,80.33,84.0,89.0,85.33,87.67,88.33,87.4,88.5,93.0,88.0,87.92,85.75,87.17,87.8,89.83,87.69
90,94,95,92,91,83,86,89,88,87,88,90,80,81,89,95,84,88,84,86,87,93,93,91,87,80,94,94,81,90,85,81,89,83,91,89,84,88,90,89,92,90,87,95,86,80,89,93.0,88.67,87.67,88.33,83.33,89.0,85.67,92.33,87.0,88.33,85.0,87.67,88.6,88.5,90.5,84.5,89.42,87.58,87.67,87.09,87.83,87.92
84,86,88,87,90,81,91,88,92,92,88,91,91,81,95,94,93,94,85,80,94,82,95,81,93,95,85,83,87,86,82,84,80,82,83,92,86,87,92,95,90,90,93,84,87,95,85,86.0,86.0,90.33,90.33,89.0,93.67,86.33,86.0,91.0,85.33,82.0,85.67,90.0,91.5,85.5,90.0,88.17,88.75,88.17,85.89,89.0,87.99
85,84,85,82,85,89,84,86,82,83,91,83,85,86,86,83,87,80,88,83,91,93,84,89,81,85,91,85,84,83,85,85,82,85,82,88,87,93,87,81,89,88,93,87,85,88,81,84.67,85.33,84.0,85.67,85.67,83.33,87.33,88.67,85.67,84.0,84.0,85.0,87.4,90.5,86.0,84.5,84.92,86.25,84.83,85.47,87.0,85.69
91,91,86,91,87,95,81,80,84,82,88,92,94,92,80,83,82,87,87,83,91,81,86,87,90,83,93,86,87,91,80,92,80,88,85,92,92,93,89,91,87,82,92,83,94,80,91,89.33,91.0,81.67,87.33,88.67,84.0,87.0,84.67,88.67,88.0,84.0,88.33,90.4,87.0,88.5,85.5,87.33,86.08,88.33,87.58,87.0,87.27
88,82,90,82,81,82,83,82,80,91,95,94,91,88,93,91,85,95,81,94,93,86,90,91,92,84,90,93,92,84,90,94,81,87,95,85,92,80,84,81,83,89,90,90,92,91,91,86.67,81.67,81.67,93.33,90.67,90.33,89.33,89.0,88.67,89.67,88.33,89.0,84.0,89.5,91.0,91.0,85.83,89.83,89.17,87.11,90.5,88.49
83,92,80,84,84,83,94,93,92,85,92,93,87,94,84,89,82,82,95,89,87,81,91,91,85,81,82,87,83,86,82,92,94,94,82,87,82,91,81,80,84,93,88,86,85,81,90,85.0,83.67,93.0,90.0,88.33,84.33,90.33,87.67,82.67,85.33,89.33,87.67,83.6,90.5,85.5,85.5,87.92,87.67,84.0,86.87,87.17,86.72
95,93,92,81,83,92,85,83,92,80,91,91,80,93,80,88,93,85,86,93,80,88,92,90,82,87,82,93,93,89,81,88,91,88,80,91,93,86,83,91,80,85,87,90,82,82,80,93.33,85.33,86.67,87.33,84.33,88.67,86.33,90.0,83.67,91.67,86.67,86.33,86.6,86.0,86.0,81.0,88.17,87.33,87.67,86.53,84.33,86.81
86,84,88,85,83,90,87,87,87,83,90,94,86,92,86,87,81,90,90,86,84,87,91,85,81,86,83,80,86,85,85,84,92,92,90,85,91,81,93,80,92,94,84,80,80,93,83,86.0,86.0,87.0,89.0,88.0,86.0,86.67,87.67,83.33,83.67,87.0,89.0,87.4,89.0,80.0,88.0,87.0,87.08,83.5,87.8,85.67,86.21
95,84,82,89,92,89,80,81,81,94,88,83,87,86,95,84,81,84,95,86,86,82,82,94,93,86,92,84,94,91,91,81,87,90,89,83,91,82,82,91,87,89,94,81,81,92,92,87.0,90.0,80.67,88.33,89.33,83.0,89.0,86.0,90.33,89.67,86.33,87.33,86.6,91.5,81.0,92.0,86.5,86.83,90.0,86.76,88.17,87.65
90,93,87,87,92,80,81,81,80,90,88,82,80,88,80,93,86,85,93,89,83,92,92,92,90,81,84,85,84,86,93,80,86,93,90,84,89,94,95,94,88,89,94,86,81,92,91,90.0,86.33,80.67,86.67,82.67,88.0,88.33,92.0,85.0,85.0,86.33,89.0,92.0,91.5,83.5,91.5,85.92,87.75,85.0,89.11,88.83,87.32
82,87,89,82,83,81,91,91,94,90,92,88,87,91,87,95,84,94,91,91,84,94,92,86,95,88,95,85,93,94,84,80,84,91,92,89,86,89,85,92,86,94,95,80,83,80,82,86.0,82.0,92.0,90.0,88.33,91.0,88.67,90.67,92.67,90.67,82.67,90.67,87.6,94.5,81.5,81.0,87.5,89.67,91.67,86.98,85.67,88.3
85,83,86,87,91,86,85,85,89,95,83,86,94,80,94,93,86,89,84,88,95,80,82,91,82,82,91,81,92,86,81,80,81,90,94,81,80,87,85,87,81,80,80,81,86,93,81,84.67,88.0,86.33,88.0,89.33,89.33,89.0,84.33,85.0,86.33,80.67,88.33,84.0,80.0,83.5,87.0,86.75,88.0,85.67,84.33,83.5,85.65
87,82,92,94,86,86,92,91,90,85,90,95,87,90,90,95,84,91,84,89,86,81,87,94,95,90,80,88,80,88,85,85,94,91,91,80,83,90,86,95,88,89,90,90,91,85,94,87.0,88.67,91.0,90.0,89.0,90.0,86.33,87.33,88.33,85.33,88.0,87.33,88.4,89.5,90.5,89.5,89.17,88.17,86.83,87.91,89.83,88.38
86,86,86,82,88,93,86,86,93,87,82,92,85,85,81,85,85,93,80,83,80,93,93,94,85,86,88,83,82,84,93,81,88,89,82,95,81,86,87,92,81,94,92,92,80,84,87,86.0,87.67,88.33,87.0,83.67,87.67,81.0,93.33,86.33,83.0,87.33,88.67,85.4,93.0,86.0,85.5,87.25,86.42,84.67,87.13,88.17,86.73
82,83,91,89,83,89,90,88,92,89,89,82,86,83,93,95,89,94,80,89,85,82,83,86,88,94,90,83,85,89,95,93,90,87,90,95,83,90,89,90,81,83,84,80,88,89,80,85.33,87.0,90.0,86.67,87.33,92.67,84.67,83.67,90.67,85.67,92.67,90.67,86.6,83.5,84.0,84.5,87.25,87.08,88.17,89.98,84.0,87.3
85,81,83,86,91,89,95,91,90,83,80,85,84,85,80,87,92,85,93,93,86,95,94,83,92,86,86,83,84,90,86,80,95,93,94,89,82,87,92,92,82,80,91,94,90,93,88,83.0,88.67,92.0,82.67,83.0,88.0,90.67,90.67,88.0,85.67,87.0,92.0,87.0,85.5,92.0,90.5,86.58,88.08,86.83,88.67,89.33,87.9
83,86,80,88,83,94,86,95,82,90,95,82,84,80,91,85,86,93,91,81,94,94,94,80,87,90,80,93,95,87,88,92,86,82,87,89,93,80,94,95,88,95,91,85,93,87,84,83.0,88.33,87.67,89.0,85.0,88.0,88.67,89.33,85.67,91.67,88.67,86.0,90.0,93.0,89.0,85.5,87.0,87.75,88.67,88.22,89.17,88.16
93,80,92,86,92,84,93,89,91,91,86,90,91,83,95,82,87,85,93,81,93,91,94,86,82,82,87,86,84,85,86,84,92,86,90,83,82,95,88,91,87,87,85,81,94,94,86,88.33,87.33,91.0,89.0,89.67,84.67,89.0,90.33,83.67,85.0,87.33,86.33,88.6,86.0,87.5,90.0,88.92,88.42,84.33,87.42,87.83,87.38
93,80,87,89,85,91,85,82,80,80,89,82,90,92,90,87,94,90,87,93,91,91,88,89,83,95,83,80,83,94,89,91,81,81,88,83,86,86,93,84,88,88,92,85,91,90,81,86.67,88.33,82.33,83.67,90.67,90.33,90.33,89.33,87.0,85.67,87.0,84.0,87.4,90.0,88.0,85.5,85.25,90.17,86.33,86.13,87.83,87.14
93,92,95,94,92,88,84,88,91,85,83,91,82,83,82,80,80,84,88,93,88,82,82,80,87,80,90,83,89,83,91,91,85,87,80,83,88,91,86,93,84,91,84,84,94,87,91,93.33,91.33,87.67,86.33,82.33,81.33,89.67,81.33,85.67,85.0,89.0,83.33,88.4,87.5,89.0,89.0,89.67,83.67,85.33,86.91,88.5,86.82
83,93,91,80,91,90,83,85,84,82,83,92,94,89,86,94,88,89,83,89,81,93,83,82,83,95,80,84,81,85,89,82,89,86,93,93,88,84,90,83,82,81,93,91,84,85,94,89.0,87.0,84.0,85.67,89.67,90.33,84.33,86.0,86.0,83.33,86.67,90.67,85.4,87.0,87.5,89.5,86.42,87.58,84.67,87.58,88.0,86.85
84,82,88,80,85,87,85,87,86,80,88,91,81,90,83,86,85,85,91,83,90,91,87,85,88,87,91,82,86,84,94,87,82,91,95,90,81,93,82,95,83,89,94,92,86,94,84,84.67,84.0,86.0,86.33,84.67,85.33,88.0,87.67,88.67,84.0,87.67,92.0,86.8,91.5,89.0,89.0,85.25,86.42,86.33,88.82,89.83,87.33
87,86,91,89,81,86,93,93,87,90,90,83,86,88,86,90,85,87,90,95,88,80,84,92,95,80,85,84,81,92,80,93,88,88,91,91,80,95,85,80,87,93,91,91,85,93,92,88.0,85.33,91.0,87.67,86.67,87.33,91.0,85.33,86.67,85.67,87.0,90.0,85.4,92.0,88.0,92.5,88.0,87.58,86.17,87.47,90.83,88.01
92,92,85,83,95,93,92,86,83,81,85,86,85,95,91,81,93,89,87,84,90,94,85,89,92,88,89,85,88,83,87,91,88,90,93,83,85,87,92,87,81,80,92,90,82,95,87,89.67,90.33,87.0,84.0,90.33,87.67,87.0,89.33,89.67,85.33,88.67,88.67,86.4,86.0,86.0,91.0,87.75,88.58,87.5,87.91,87.67,87.88
86,81,85,92,85,81,94,86,94,82,82,91,91,84,94,90,90,87,94,91,89,86,81,85,82,95,93,88,95,86,87,91,86,92,91,91,92,91,92,95,93,82,88,88,90,91,88,84.0,86.0,91.33,85.0,89.67,89.0,91.33,84.0,90.0,89.67,88.0,91.33,92.6,85.0,89.0,89.5,86.58,88.5,89.83,90.64,87.83,88.68
92,89,83,92,90,83,84,83,93,85,80,91,91,89,85,81,85,89,80,80,86,88,91,93,83,92,91,88,82,88,80,84,86,89,91,84,94,92,85,80,87,92,92,90,82,92,91,88.0,88.33,86.67,85.33,88.33,85.0,82.0,90.67,88.67,86.0,83.33,88.0,87.6,92.0,86.0,91.5,87.08,86.5,87.33,86.31,89.83,87.41
85,93,87,83,95,88,91,95,87,91,85,94,83,94,88,84,90,91,95,81,92,89,86,89,86,94,90,80,94,93,85,80,91,91,90,85,88,84,95,80,85,93,87,81,80,84,88,88.33,88.67,91.0,90.0,88.33,88.33,89.33,88.0,90.0,89.0,85.33,88.67,86.4,90.0,80.5,86.0,89.5,88.5,89.5,86.8,85.5,87.96
82,90,93,86,87,85,81,89,88,82,94,84,91,86,81,83,90,80,86,94,91,93,84,93,95,85,94,88,92,87,85,85,91,91,80,88,86,91,90,82,85,95,83,83,91,95,90,88.33,86.0,86.0,86.67,86.0,84.33,90.33,90.0,91.33,89.0,87.0,86.33,86.8,89.0,87.0,92.5,86.75,87.67,90.17,86.71,89.5,88.16
89,93,86,90,92,81,83,88,82,95,90,88,80,88,86,83,94,89,87,84,83,88,80,87,94,94,95,95,84,87,91,93,87,82,83,90,92,86,94,81,84,87,84,91,89,88,85,89.33,87.67,84.33,91.0,84.67,88.67,84.67,85.0,94.33,88.67,90.33,85.0,87.4,85.5,90.0,86.5,88.08,85.75,91.5,87.58,87.33,88.05
89,90,91,81,93,89,89,80,91,81,82,93,92,90,95,87,87,81,81,91,94,94,90,94,93,90,83,93,86,88,88,86,85,89,88,82,91,88,81,92,81,91,94,81,93,83,87,90.0,87.67,86.67,85.33,92.33,85.0,88.67,92.67,88.67,89.0,86.33,86.33,86.6,92.5,87.0,85.0,87.42,89.67,88.83,86.42,88.17,88.1
85,85,86,85,88,80,92,86,82,95,90,89,83,80,84,87,95,95,87,91,95,92,88,93,90,88,84,90,94,94,94,92,90,94,94,80,88,85,85,86,95,86,88,95,90,82,90,85.33,84.33,86.67,91.33,82.33,92.33,91.0,91.0,87.33,92.67,92.0,89.33,87.8,87.0,92.5,86.0,86.92,89.17,90.0,89.71,88.5,88.86
91,80,89,87,89,93,88,92,88,94,92,83,89,95,94,89,92,90,86,84,85,86,95,94,84,83,93,90,91,92,88,83,82,82,90,86,90,89,92,84,80,88,94,94,87,81,95,86.67,89.67,89.33,89.67,92.67,90.33,85.0,91.67,86.67,91.0,84.33,86.0,87.0,91.0,90.5,88.0,88.83,89.92,88.83,85.78,89.83,88.64
87,89,85,80,93,94,88,80,92,84,82,84,88,86,93,87,86,94,84,90,83,83,83,82,93,93,91,84,80,87,95,86,82,94,90,90,93,80,82,93,92,93,80,87,83,95,90,87.0,89.0,86.67,83.33,89.0,89.0,85.67,82.67,92.33,83.67,87.67,91.33,88.0,86.5,85.0,92.5,86.5,86.58,88.0,89.0,88.0,87.62
89,88,95,94,89,93,85,85,81,87,84,86,86,91,92,88,81,93,80,81,92,91,86,95,82,87,80,89,88,82,80,95,94,81,85,80,86,91,87,93,81,81,93,80,87,90,85,90.67,92.0,83.67,85.67,89.67,87.33,84.33,90.67,83.0,86.33,89.67,82.0,87.6,87.0,83.5,87.5,88.0,88.0,84.67,86.42,86.0,86.62
85,86,87,86,80,88,82,87,88,94,86,93,90,86,91,92,80,93,81,83,82,87,85,88,87,95,87,85,93,85,93,95,89,85,86,82,83,84,95,84,94,88,95,88,94,90,82,86.0,84.67,85.67,91.0,89.0,88.33,82.0,86.67,89.67,87.67,92.33,84.33,88.0,91.5,91.0,86.0,86.83,86.5,88.67,88.22,89.5,87.94
89,82,88,94,87,88,80,82,85,84,92,94,95,87,91,87,90,93,80,83,94,81,89,86,83,89,95,93,82,90,94,83,85,82,82,90,94,86,95,87,85,94,94,87,91,92,90,86.33,89.67,82.33,90.0,91.0,90.0,85.67,85.33,89.0,88.33,87.33,84.67,89.4,94.0,89.0,91.0,87.08,88.0,88.67,87.13,91.33,88.44
82,88,95,91,83,89,91,91,93,91,85,92,88,82,88,87,90,85,83,85,87,90,91,90,82,88,90,86,88,94,93,82,85,86,82,92,85,92,81,93,85,80,95,81,88,95,90,88.33,87.67,91.67,89.33,86.0,87.33,85.0,90.33,86.67,89.33,86.67,86.67,87.2,87.5,84.5,92.5,89.25,87.17,88.0,86.84,88.17,87.89
85,87,85,88,91,92,93,89,85,84,84,84,83,88,84,82,81,83,87,95,80,95,86,80,83,84,86,93,87,82,80,82,80,83,86,85,85,85,85,84,91,95,90,94,88,84,90,85.67,90.33,89.0,84.0,85.0,82.0,87.33,87.0,84.33,87.33,80.67,84.67,86.0,92.5,91.0,87.0,87.25,85.33,85.83,83.78,90.17,86.47
85,94,83,84,80,92,90,91,86,85,90,88,95,85,82,88,86,90,95,90,91,80,81,83,91,94,88,87,82,89,87,85,81,87,86,91,91,84,90,86,87,88,92,84,86,82,82,87.33,85.33,89.0,87.67,87.33,88.0,92.0,81.33,91.0,86.0,84.33,88.0,87.6,90.0,85.0,82.0,87.33,87.17,88.5,86.64,85.67,87.06
90,95,91,89,88,85,85,82,93,94,94,90,85,88,83,92,86,90,88,91,91,83,82,91,82,80,94,91,91,90,81,89,88,89,80,81,81,89,82,94,80,92,91,95,83,93,83,92.0,87.33,86.67,92.67,85.33,89.33,90.0,85.33,85.33,90.67,86.0,83.33,85.2,91.5,89.0,88.0,89.67,87.5,88.0,84.84,89.5,87.9
83,91,90,80,84,95,91,90,93,92,92,80,87,93,81,85,84,81,92,89,95,92,81,93,83,95,83,94,95,84,88,95,93,80,92,89,83,80,86,80,85,95,93,95,89,81,89,88.0,86.33,91.33,88.0,87.0,83.33,92.0,88.67,87.0,91.0,92.0,87.0,82.8,94.0,92.0,85.0,88.42,87.75,89.0,87.27,90.33,88.55
87,80,82,84,90,82,87,87,93,94,95,87,85,87,86,84,95,85,92,81,87,85,80,95,91,85,85,88,83,92,93,92,80,89,82,83,84,80,82,81,81,81,81,81,92,90,88,83.0,85.33,89.0,92.0,86.0,88.0,86.67,86.67,87.0,87.67,88.33,84.67,81.6,81.0,86.5,89.0,87.33,86.83,87.33,84.87,85.5,86.37
93,89,81,87,84,84,94,91,94,81,87,84,94,84,89,81,95,81,86,85,87,94,86,86,95,84,86,94,95,82,86,94,84,95,95,84,84,93,95,85,81,80,94,92,82,92,93,87.67,85.0,93.0,84.0,89.0,85.67,86.0,88.67,88.33,90.33,88.0,91.33,87.6,87.0,87.0,92.5,87.42,87.33,89.33,88.98,88.83,88.38
85,84,80,84,89,80,93,83,95,82,80,93,82,87,82,84,82,87,95,90,84,92,91,81,91,89,94,94,90,89,87,94,84,81,88,82,89,80,85,87,90,91,86,85,90,81,81,83.0,84.33,90.33,85.0,83.67,84.33,89.67,88.0,91.33,91.0,88.33,83.67,86.2,88.5,87.5,81.0,85.67,86.42,91.17,86.07,85.67,87.0
86,82,93,82,82,83,85,81,87,83,88,93,91,89,92,83,90,95,83,90,81,89,81,92,88,85,93,91,88,85,87,82,88,84,90,95,91,89,81,81,94,80,80,88,88,83,95,87.0,82.33,84.33,88.0,90.67,89.33,84.67,87.33,88.67,88.0,85.67,89.67,87.2,80.0,88.0,89.0,85.42,88.0,88.33,87.51,85.67,86.99
94,87,82,95,89,80,88,95,89,91,84,87,91,91,95,92,87,85,91,88,88,90,85,85,95,89,93,84,92,94,94,85,87,87,94,95,81,83,89,82,81,82,89,82,93,85,83,87.67,88.0,90.67,87.33,92.33,88.0,89.0,86.67,92.33,90.0,88.67,92.0,83.2,85.5,87.5,84.0,88.42,89.0,91.17,87.96,85.67,88.44
92,88,95,87,86,89,87,94,92,80,90,94,91,88,89,80,82,84,95,92,91,81,84,91,86,92,82,90,91,86,83,93,92,82,82,80,94,88,88,85,84,91,82,85,90,81,83,91.67,87.33,91.0,88.0,89.33,82.0,92.67,85.33,86.67,89.0,89.33,81.33,87.8,86.5,87.5,82.0,89.5,87.33,87.83,86.16,85.33,87.23
86,93,87,89,83,92,88,87,95,90,81,82,88,83,80,82,89,92,82,90,87,92,94,85,91,85,83,94,92,89,94,89,89,86,89,89,81,89,95,83,93,94,95,91,83,86,90,88.67,88.0,90.0,84.33,83.67,87.67,86.33,90.33,86.33,91.67,90.67,88.0,88.2,94.5,87.0,88.0,87.75,87.0,89.0,88.96,89.83,88.51
89,84,88,82,82,93,90,83,81,93,95,93,80,81,81,92,81,90,81,95,86,89,93,89,86,86,92,89,90,92,90,82,94,82,84,80,80,91,90,93,89,95,91,95,87,91,89,87.0,85.67,84.67,93.67,80.67,87.67,87.33,90.33,88.0,90.33,88.67,82.0,88.6,93.0,91.0,90.0,87.75,86.5,89.17,86.42,91.33,88.23
90,92,83,88,85,85,93,82,83,89,92,82,91,88,90,84,82,88,91,91,87,89,95,95,81,82,85,89,85,94,92,80,89,95,94,88,86,80,89,89,94,82,90,87,95,85,91,88.33,86.0,86.0,87.67,89.67,84.67,89.67,93.0,82.67,89.33,87.0,92.33,87.6,86.0,91.0,88.0,87.0,89.25,86.0,88.98,88.33,87.91
84,85,90,81,81,94,83,91,92,84,93,90,95,87,93,92,81,95,95,85,92,92,95,95,86,90,82,89,94,86,90,88,84,92,80,91,83,91,92,89,80,85,93,85,93,84,94,86.33,85.33,88.67,89.0,91.67,89.33,90.67,94.0,86.0,89.67,87.33,87.67,87.0,89.0,89.0,89.0,87.33,91.42,87.83,87.33,89.0,88.58
82,94,91,80,93,82,95,86,89,84,90,82,86,92,84,91,92,83,93,85,87,89,91,94,84,80,81,84,95,80,94,90,83,95,81,92,95,95,84,95,90,88,91,92,87,80,95,89.0,85.0,90.0,85.33,87.33,88.67,88.33,91.33,81.67,86.33,89.0,89.33,91.8,89.5,89.5,87.5,87.33,88.92,84.0,90.04,88.83,87.83
80,85,80,81,93,88,85,89,84,83,93,84,95,86,80,87,80,82,93,89,86,95,87,83,82,88,81,88,88,84,95,81,89,95,85,91,92,93,91,91,92,92,91,93,95,80,94,81.67,87.33,86.0,86.67,87.0,83.0,89.33,88.33,83.67,86.67,88.33,90.33,91.8,91.5,94.0,87.0,85.42,86.92,85.17,90.16,90.83,87.7
94,88,90,84,91,84,94,84,90,81,84,92,95,84,83,81,91,82,92,85,82,93,83,90,87,86,92,94,83,92,84,88,82,91,85,83,82,87,89,89,84,82,82,89,90,95,93,90.67,86.33,89.33,85.67,87.33,84.67,86.33,88.67,88.33,89.67,84.67,86.33,86.2,82.0,89.5,94.0,88.0,86.75,89.0,85.73,88.5,87.6
90,86,94,81,87,84,93,87,85,94,85,92,83,93,87,86,92,93,80,81,83,84,95,89,89,87,90,95,92,83,90,88,90,95,89,91,94,87,91,88,94,83,95,87,95,87,91,90.0,84.0,88.33,90.33,87.67,90.33,81.33,89.33,88.67,90.0,89.33,91.67,90.8,89.0,91.0,89.0,88.17,87.17,89.33,90.6,89.67,88.99
95,87,89,90,90,86,93,87,92,95,85,88,95,87,87,84,81,95,81,89,88,86,85,91,80,94,82,95,80,86,91,86,89,82,86,95,90,86,95,85,81,86,86,84,82,86,88,90.33,88.67,90.67,89.33,89.67,86.67,86.0,87.33,85.33,87.0,88.67,87.67,87.4,86.0,83.0,87.0,89.75,87.42,86.17,87.91,85.33,87.32
95,95,89,94,92,86,91,82,91,84,81,83,87,81,88,88,82,80,89,87,81,83,84,85,82,91,84,86,80,81,88,93,87,91,93,81,95,82,85,92,80,84,90,80,92,84,92,93.0,90.67,88.0,82.67,85.33,83.33,85.67,84.0,85.67,82.33,89.33,88.33,86.8,87.0,86.0,88.0,88.58,84.58,84.0,88.16,87.0,86.46
88,88,84,89,87,89,95,81,89,80,84,88,93,85,89,81,86,90,94,84,91,88,82,89,81,86,92,84,80,81,81,86,84,95,88,81,88,81,81,80,91,81,93,85,93,89,94,86.67,88.33,88.33,84.0,89.0,85.67,89.67,86.33,86.33,81.67,83.67,88.0,84.2,87.0,89.0,91.5,86.83,87.67,84.0,85.29,89.17,86.59
94,88,83,80,95,84,88,91,83,91,95,84,92,91,90,91,94,94,90,85,83,92,92,91,89,80,90,87,84,84,95,83,90,80,84,89,82,85,80,94,82,88,86,89,87,93,92,88.33,86.33,87.33,90.0,91.0,93.0,86.0,91.67,86.33,85.0,89.33,84.33,84.6,87.0,88.0,92.5,88.0,90.42,85.67,86.09,89.17,87.87
85,93,85,80,95,80,92,87,89,92,95,92,93,80,88,88,93,92,82,94,88,91,94,81,83,82,85,89,93,88,80,91,95,80,95,83,83,81,86,91,90,95,90,82,94,91,91,87.67,85.0,89.33,93.0,87.0,91.0,88.0,88.67,83.33,90.0,88.67,86.0,86.2,92.5,88.0,91.0,88.75,88.67,86.67,86.96,90.5,88.31
93,83,83,92,94,92,88,81,95,94,80,80,92,89,81,93,92,92,94,84,93,90,85,95,82,86,94,91,86,82,84,85,94,83,92,85,95,91,87,91,86,82,91,90,83,87,80,86.33,92.67,88.0,84.67,87.33,92.33,90.33,90.0,87.33,86.33,87.67,86.67,90.0,86.5,86.5,83.5,87.92,90.0,86.83,88.11,85.5,87.67
88,82,91,87,91,82,90,87,88,83,94,91,84,90,92,86,88,88,86,89,95,86,88,95,82,81,95,88,80,88,88,82,80,84,88,81,86,82,95,87,87,87,92,83,81,89,87,87.0,86.67,88.33,89.33,88.67,87.33,90.0,89.67,86.0,85.33,83.33,84.33,87.4,89.5,82.0,88.0,87.83,88.92,85.67,85.02,86.5,86.79
93,91,93,84,90,82,84,80,91,81,90,81,82,89,81,80,89,80,87,91,91,95,91,92,88,87,92,80,95,83,83,88,80,82,90,91,81,94,80,85,95,91,93,86,88,85,90,92.33,85.33,85.0,84.0,84.0,83.0,89.67,92.67,89.0,86.0,83.67,87.67,87.0,92.0,87.0,87.5,86.67,87.33,87.5,86.11,88.83,87.29
91,82,89,94,95,86,91,81,88,86,84,80,81,94,92,87,85,82,95,87,89,95,85,86,87,94,86,81,89,83,92,84,84,86,89,85,88,84,90,85,94,95,90,90,84,93,93,87.33,91.67,86.67,83.33,89.0,84.67,90.33,88.67,89.0,84.33,86.67,86.67,88.2,92.5,87.0,93.0,87.25,88.17,86.67,87.18,90.83,88.02
94,88,83,86,87,89,89,85,81,90,92,85,95,85,86,86,83,80,90,93,87,86,83,94,94,91,87,95,94,81,94,90,89,88,84,85,81,81,82,94,84,91,92,95,86,95,83,88.33,87.33,85.0,89.0,88.67,83.0,90.0,87.67,90.67,90.0,91.0,85.67,84.4,91.5,90.5,89.0,87.42,87.33,90.33,87.02,90.33,88.49
80,85,84,93,92,94,85,94,90,81,92,80,91,82,86,86,80,94,84,81,85,84,92,94,94,85,94,94,89,88,95,87,89,81,90,88,80,86,86,81,87,82,82,94,94,88,87,83.0,93.0,89.67,84.33,86.33,86.67,83.33,90.0,91.0,90.33,90.33,86.33,84.0,82.0,94.0,87.5,87.5,86.58,90.67,86.89,87.83,87.89
82,85,91,92,87,93,91,88,83,87,89,90,83,83,89,90,90,93,88,93,89,87,93,85,92,89,92,80,86,85,88,80,80,95,90,82,81,90,93,90,92,93,92,81,81,82,95,86.0,90.67,87.33,88.67,85.0,91.0,90.0,88.33,91.0,83.67,82.67,89.0,89.2,92.5,81.0,88.5,88.17,88.58,87.33,86.96,87.33,87.67
82,88,83,92,94,93,91,85,80,82,81,89,84,89,86,84,89,85,92,82,88,85,83,92,80,94,89,85,90,81,81,83,93,93,81,91,95,95,87,94,80,86,95,94,82,84,94,84.33,93.0,85.33,84.0,86.33,86.0,87.33,86.67,87.67,85.33,85.67,88.33,90.2,90.5,88.0,89.0,86.67,86.58,86.5,88.07,89.17,87.4
90,89,90,86,83,91,92,92,87,91,83,92,92,89,85,84,91,95,95,89,95,85,81,81,93,94,85,89,86,90,95,80,81,90,95,91,87,83,94,92,90,95,90,84,82,80,88,89.67,86.67,90.33,88.67,88.67,90.0,93.0,82.33,90.67,88.33,85.33,92.0,89.2,92.5,83.0,84.0,88.83,88.5,89.5,88.84,86.5,88.44
82,89,82,90,90,95,91,88,89,81,84,80,89,95,84,86,89,80,88,87,87,81,82,91,81,81,95,85,81,84,87,84,92,93,87,88,88,81,82,82,82,82,89,87,89,87,86,84.33,91.67,89.33,81.67,89.33,85.0,87.33,84.67,85.67,83.33,87.67,89.33,83.0,85.5,88.0,86.5,86.75,86.58,84.5,86.67,86.67,86.23
88,94,92,82,90,89,95,81,81,89,93,94,93,95,87,81,95,83,89,93,91,90,80,89,88,87,95,84,89,92,82,83,87,91,86,83,95,91,84,87,92,80,94,82,89,82,93,91.33,87.0,85.67,92.0,91.67,86.33,91.0,86.33,90.0,88.33,84.0,86.67,89.8,87.0,85.5,87.5,89.0,88.83,89.17,86.82,86.67,88.1
81,91,84,85,95,88,84,88,89,82,80,88,90,93,86,90,88,80,94,91,86,87,94,91,83,83,83,88,89,84,91,84,81,85,80,87,94,93,82,82,85,89,89,93,84,93,95,85.33,89.33,87.0,83.33,89.67,86.0,90.33,90.67,83.0,87.0,85.33,84.0,87.2,89.0,88.5,94.0,86.25,89.17,85.0,85.51,90.5,87.29
80,81,82,81,90,91,87,84,83,83,89,92,94,90,87,81,82,95,90,94,82,84,81,91,93,80,93,89,90,87,87,88,94,87,95,90,90,80,81,87,84,89,86,84,95,92,87,81.0,87.33,84.67,88.0,90.33,86.0,88.67,85.33,88.67,88.67,89.67,90.67,84.4,87.5,89.5,89.5,85.25,87.58,88.67,88.24,88.83,87.72
93,80,88,83,84,91,90,86,90,94,89,92,86,85,83,84,95,88,95,89,93,90,85,82,86,84,95,92,86,83,92,83,93,94,94,81,88,91,83,87,83,95,87,95,83,93,89,87.0,86.0,88.67,91.67,84.67,89.0,92.33,85.67,88.33,87.0,89.33,89.67,86.4,91.0,89.0,91.0,88.33,87.92,87.67,88.47,90.33,88.54
82,88,89,84,80,89,86,90,80,80,94,85,90,93,81,81,80,93,92,85,80,93,93,83,86,92,84,92,80,80,94,94,92,81,91,80,94,82,89,90,85,90,90,83,86,95,87,86.33,84.33,85.33,86.33,88.0,84.67,85.67,89.67,87.33,84.0,93.33,84.0,88.0,90.0,84.5,91.0,85.58,87.0,85.67,88.44,88.5,87.04
87,95,82,93,89,95,80,94,93,91,87,88,92,88,80,89,89,87,93,80,84,81,90,90,84,91,85,91,89,83,87,83,85,92,83,94,81,95,95,93,88,82,81,92,92,95,86,88.0,92.33,89.0,88.67,86.67,88.33,85.67,87.0,86.67,87.67,85.0,89.67,90.4,81.5,92.0,90.5,89.5,86.92,87.17,88.36,88.0,87.99
92,89,82,83,95,88,86,83,90,94,91,87,87,94,90,84,95,85,93,83,80,83,94,80,91,84,91,80,92,86,85,80,83,86,87,92,85,82,94,88,95,92,80,89,81,84,93,87.67,88.67,86.33,90.67,90.33,88.0,85.33,85.67,88.67,86.0,82.67,88.33,88.8,86.0,85.0,88.5,88.33,87.33,87.33,86.6,86.5,87.22
91,81,86,85,92,93,88,81,87,88,82,92,81,83,80,85,91,87,86,94,95,89,93,82,86,91,91,94,83,82,94,86,88,85,81,91,92,89,92,90,92,84,83,85,82,95,85,86.0,90.0,85.33,87.33,81.33,87.67,91.67,88.0,89.33,86.33,89.33,85.67,91.0,83.5,83.5,90.0,87.17,87.17,87.83,88.67,85.67,87.3
94,94,90,92,85,86,82,87,83,92,84,80,86,88,87,95,90,85,88,90,83,93,92,88,83,81,91,88,94,88,93,85,83,85,82,90,84,93,90,88,83,80,95,95,86,85,80,92.67,87.67,84.0,85.33,87.0,90.0,87.0,91.0,85.0,90.0,87.0,85.67,87.6,87.5,90.5,82.5,87.42,88.75,87.5,86.76,86.83,87.45
87,89,93,87,91,94,89,80,85,88,82,89,88,95,82,93,83,85,94,91,84,94,84,87,80,92,84,83,85,94,91,84,93,90,94,81,93,95,89,90,80,88,91,86,83,88,87,89.67,90.67,84.67,86.33,88.33,87.0,89.67,88.33,85.33,87.33,89.33,88.33,89.4,89.5,84.5,87.5,87.83,88.33,86.33,89.02,87.17,87.74
95,82,83,83,81,95,81,93,83,81,95,84,87,83,95,89,92,93,91,94,89,95,80,86,91,90,90,92,86,89,93,81,86,88,86,90,95,83,87,93,81,91,81,83,89,92,91,86.67,86.33,85.67,86.67,88.33,91.33,91.33,87.0,90.33,89.0,86.67,88.0,87.8,86.0,86.0,91.5,86.33,89.5,89.67,87.49,87.83,88.16
82,89,90,93,95,88,87,93,89,81,91,89,84,83,88,81,94,89,90,84,83,83,88,81,84,95,93,88,88,87,85,93,84,88,87,85,88,91,82,88,81,82,86,94,81,87,90,87.0,92.0,89.67,87.0,85.0,88.0,85.67,84.0,90.67,87.67,87.33,86.67,86.0,84.0,87.5,88.5,88.92,85.67,89.17,86.67,86.67,87.42
84,81,92,89,86,81,84,86,83,83,95,80,95,89,94,86,83,84,86,94,81,85,82,82,93,95,87,87,89,95,85,86,89,87,85,89,81,93,93,82,85,82,80,91,87,90,81,85.67,85.33,84.33,86.0,92.67,84.33,87.0,83.0,91.67,90.33,86.67,87.0,86.8,81.0,89.0,85.5,85.33,86.75,91.0,86.82,85.17,87.01
90,82,85,80,80,92,91,83,86,85,82,90,81,89,83,92,85,89,91,82,90,87,81,92,82,82,91,91,82,92,88,82,82,87,90,90,87,81,89,95,93,89,81,90,92,88,81,85.67,84.0,86.67,85.67,84.33,88.67,87.67,86.67,85.0,88.33,84.0,89.0,89.0,85.0,91.0,84.5,85.5,86.83,86.67,87.33,86.83,86.63
89,91,80,88,89,80,89,94,91,95,92,94,83,82,81,86,87,94,90,88,80,92,95,87,86,80,86,85,87,92,81,84,87,80,91,89,80,95,80,80,87,90,83,94,93,83,89,86.67,85.67,91.33,93.67,82.0,89.0,86.0,91.33,84.0,88.0,84.0,86.67,84.4,86.5,93.5,86.0,89.33,87.08,86.0,85.02,88.67,87.22
92,89,83,85,81,86,85,91,95,86,92,92,84,95,95,86,80,81,89,84,93,85,87,89,82,82,82,94,85,92,88,87,82,81,93,80,89,82,83,87,86,85,88,92,83,85,86,88.0,84.0,90.33,90.0,91.33,82.33,88.67,87.0,82.0,90.33,85.67,84.67,85.4,86.5,87.5,85.5,88.08,87.33,86.17,85.24,86.5,86.67
92,92,82,94,93,90,94,90,91,85,94,94,87,81,87,80,86,86,87,87,84,95,80,93,81,88,93,90,83,94,83,89,92,82,88,81,92,82,91,81,82,94,94,90,90,93,87,88.67,92.33,91.67,91.0,85.0,84.0,86.0,89.33,87.33,89.0,88.0,83.67,85.6,94.0,90.0,90.0,90.92,86.08,88.17,85.76,91.33,88.45
84,85,94,94,93,81,80,81,82,95,89,82,95,80,80,93,80,95,95,91,95,86,94,84,87,82,83,90,82,90,92,93,92,85,84,84,87,90,80,80,88,91,84,90,84,94,80,87.67,89.33,81.0,88.67,85.0,89.33,93.67,88.0,84.0,87.33,92.33,84.33,85.0,87.5,87.0,87.0,86.67,89.0,85.67,87.22,87.17,87.14
90,93,90,94,80,82,83,81,81,94,86,85,88,81,88,95,94,83,84,83,89,84,86,90,89,81,94,84,86,85,86,90,84,81,91,88,87,90,86,92,81,86,93,87,90,82,82,91.0,85.33,81.67,88.33,85.67,90.67,85.33,86.67,88.0,85.0,86.67,86.67,87.2,89.5,88.5,82.0,86.58,87.08,86.5,86.84,86.67,86.74
95,90,94,93,91,87,90,85,88,88,89,89,87,92,89,92,95,90,81,95,92,85,95,90,81,87,80,90,83,89,89,84,80,91,91,90,80,95,92,92,82,93,87,81,94,93,86,93.0,90.33,87.67,88.67,89.33,92.33,89.33,90.0,82.67,87.33,84.33,90.67,88.2,90.0,87.5,89.5,89.92,90.25,85.0,87.73,89.0,88.38
82,86,91,84,92,86,88,89,82,82,92,87,91,86,85,80,86,81,87,90,90,86,82,93,90,81,88,88,92,91,80,91,92,81,90,88,81,88,88,88,84,83,84,86,80,85,88,86.33,87.33,86.33,87.0,87.33,82.33,89.0,87.0,86.33,90.33,87.67,86.33,85.8,83.5,83.0,86.5,86.75,86.42,88.33,86.6,84.33,86.49
80,93,93,91,86,90,85,80,89,92,85,84,90,85,89,81,87,82,92,90,86,83,84,94,86,88,94,86,88,83,87,90,91,83,87,84,86,95,85,95,82,91,90,86,94,86,86,88.67,89.0,84.67,87.0,88.0,83.33,89.33,87.0,89.33,85.67,89.33,84.67,88.6,90.5,90.0,86.0,87.33,86.92,87.5,87.53,88.83,87.62
80,91,95,89,94,90,84,92,82,94,93,87,92,93,95,91,92,84,90,83,86,93,89,92,81,94,89,93,93,87,89,81,82,89,86,94,86,82,86,87,90,81,81,89,92,90,85,88.67,91.0,86.0,91.33,93.33,89.0,86.33,91.33,88.0,91.0,84.0,89.67,86.2,81.0,90.5,87.5,89.25,90.0,89.5,86.62,86.33,88.34
86,89,94,94,93,92,95,92,90,88,93,87,84,86,90,94,92,81,91,93,83,90,94,86,90,91,87,87,87,88,85,89,91,83,93,92,81,80,87,94,82,90,94,89,91,89,95,89.67,93.0,92.33,89.33,86.67,89.0,89.0,90.0,89.33,87.33,88.33,89.33,84.8,92.0,90.0,92.0,91.08,88.67,88.33,87.49,91.33,89.38
86,93,83,89,86,87,93,86,95,88,86,89,84,83,81,82,82,90,90,90,85,82,92,82,89,80,95,89,84,87,93,92,84,94,82,86,91,95,83,94,89,90,90,84,93,81,91,87.33,87.33,91.33,87.67,82.67,84.67,88.33,85.33,88.0,86.67,89.67,87.33,90.4,90.0,88.5,86.0,88.42,85.25,87.33,89.13,88.17,87.66
84,88,83,81,81,81,87,90,91,90,81,85,80,83,94,82,91,90,90,93,80,95,85,83,85,84,87,90,87,86,80,82,88,80,93,85,95,84,91,89,85,84,90,82,90,91,86,85.0,81.0,89.33,85.33,85.67,87.67,87.67,87.67,85.33,87.67,83.33,86.0,88.8,87.0,86.0,88.5,85.17,87.17,86.5,86.04,87.17,86.41
95,91,88,81,81,93,94,89,92,82,82,87,88,85,93,89,87,86,93,83,89,84,95,80,90,95,95,94,94,81,87,89,93,93,94,82,90,88,80,83,85,95,81,95,94,85,93,91.33,85.0,91.67,83.67,88.67,87.33,88.33,86.33,93.33,89.67,89.67,89.67,85.2,88.0,94.5,89.0,87.92,87.67,91.5,88.18,90.5,89.15
92,90,92,95,95,91,86,94,85,92,83,83,88,80,94,90,87,81,89,84,92,90,87,93,83,85,88,82,89,95,93,87,93,81,81,87,92,93,86,91,83,81,90,82,82,82,93,91.33,93.67,88.33,86.0,87.33,86.0,88.33,90.0,85.33,88.67,91.0,83.0,89.0,85.5,82.0,87.5,89.83,87.92,87.0,87.67,85.0,87.48
86,90,93,83,90,93,89,89,85,93,91,82,89,83,88,85,80,84,89,84,95,90,83,81,88,90,80,84,95,91,83,89,82,84,91,89,88,83,89,80,81,86,80,81,91,93,86,89.67,88.67,87.67,88.67,86.67,83.0,89.33,84.67,86.0,90.0,84.67,88.0,84.2,83.0,86.0,89.5,88.67,85.92,88.0,85.62,86.17,86.87
87,93,92,89,85,88,92,93,88,80,88,89,92,84,94,92,93,87,95,82,84,93,95,91,90,92,94,89,93,94,80,92,92,86,81,89,95,81,88,81,87,80,90,87,85,95,85,90.67,87.33,91.0,85.67,90.0,90.67,87.0,93.0,92.0,92.0,88.0,85.33,86.4,85.0,86.0,90.0,88.67,90.17,92.0,86.58,87.0,88.88
90,81,94,82,81,95,89,88,90,90,80,88,83,94,85,90,87,91,95,82,88,86,87,94,85,90,89,94,93,90,89,89,94,94,87,90,94,91,88,93,90,83,83,88,85,85,95,88.33,86.0,89.0,86.0,87.33,89.33,88.33,89.0,88.0,92.33,90.67,90.33,91.2,83.0,86.5,90.0,87.33,88.5,90.17,90.73,86.5,88.65
87,85,80,88,80,86,84,84,83,90,90,93,80,88,92,81,80,83,88,80,90,94,86,93,80,81,92,91,83,93,89,90,80,92,87,93,94,88,90,81,89,81,82,90,90,85,91,84.0,84.67,83.67,91.0,86.67,81.33,86.0,91.0,84.33,89.0,86.33,90.67,88.4,81.5,90.0,88.0,85.83,86.25,86.67,88.47,86.5,86.74
89,90,94,93,86,86,90,89,84,92,83,84,91,93,89,81,88,95,88,84,89,86,92,85,90,89,84,86,91,80,92,93,86,84,92,89,93,92,93,82,85,81,93,94,86,94,88,91.0,88.33,87.67,86.33,91.0,88.0,87.0,87.67,87.67,85.67,90.33,88.33,89.0,87.0,90.0,91.0,88.33,88.42,86.67,89.22,89.33,88.39
82,86,85,85,86,88,91,88,94,80,88,92,90,85,82,87,81,83,88,90,85,86,95,81,93,95,83,95,85,80,84,86,83,88,95,94,83,84,81,85,88,83,90,89,81,94,90,84.33,86.33,91.0,86.67,85.67,83.67,87.67,87.33,90.33,86.67,84.33,92.33,84.2,86.5,85.0,92.0,87.08,86.08,88.5,86.96,87.83,87.29
87,81,94,81,93,84,84,80,82,92,88,85,81,90,93,94,84,89,82,91,85,88,91,82,80,81,95,83,80,92,89,86,88,83,84,95,80,80,80,84,95,86,83,87,80,90,95,87.33,86.0,82.0,88.33,88.0,89.0,86.0,87.0,85.33,85.0,87.67,87.33,83.8,84.5,83.5,92.5,85.92,87.5,85.17,86.27,86.83,86.34
93,92,86,95,83,90,85,84,91,85,88,81,82,94,81,91,94,84,82,85,94,93,84,88,84,93,89,95,84,84,82,95,80,93,80,95,95,86,83,93,89,82,81,82,92,94,93,90.33,89.33,86.67,84.67,85.67,89.67,87.0,88.33,88.67,87.67,85.67,89.33,89.2,81.5,87.0,93.5,87.75,87.67,88.17,88.07,87.33,87.8
87,90,90,92,88,91,89,88,88,83,90,95,89,88,92,95,85,94,84,85,94,86,92,85,93,91,83,83,82,90,92,92,84,83,92,82,90,81,87,91,89,87,85,95,92,85,82,89.0,90.33,88.33,89.33,89.67,91.33,87.67,87.67,89.0,85.0,89.33,85.67,87.6,86.0,93.5,83.5,89.25,89.08,87.0,87.53,87.67,88.11
82,80,84,86,95,93,86,94,92,85,91,88,90,84,89,91,89,93,86,83,84,84,85,86,81,95,89,92,88,92,84,85,93,80,80,82,89,90,81,93,83,80,94,87,89,80,91,82.0,91.33,90.67,88.0,87.67,91.0,84.33,85.0,88.33,90.67,87.33,80.67,87.2,87.0,88.0,85.5,88.0,87.0,89.5,85.07,86.83,87.28
90,82,94,81,89,87,82,92,86,84,88,93,86,92,80,91,80,84,88,84,80,88,82,80,92,91,84,89,90,88,91,84,82,84,94,80,84,88,87,86,84,83,81,91,88,87,85,88.67,85.67,86.67,88.33,86.0,85.0,84.0,83.33,89.0,89.0,85.67,86.0,85.8,82.0,89.5,86.0,87.33,84.58,89.0,85.82,85.83,86.51
93,95,86,84,81,80,88,90,94,87,89,90,84,81,93,80,88,89,87,93,84,84,85,92,82,80,91,93,92,80,92,93,93,85,93,86,86,83,91,94,83,81,89,92,89,85,84,91.33,81.67,90.67,88.67,86.0,85.67,88.0,87.0,84.33,88.33,92.67,88.0,87.4,85.0,90.5,84.5,88.08,86.67,86.33,89.36,86.67,87.42
85,94,84,94,90,85,93,92,92,90,89,89,84,80,81,94,94,84,94,88,87,87,83,89,91,84,87,82,80,82,81,94,91,84,92,84,93,92,83,91,80,94,80,87,86,89,88,87.67,89.67,92.33,89.33,81.67,90.67,89.67,86.33,87.33,81.33,88.67,86.67,87.8,87.0,86.5,88.5,89.75,87.08,84.33,87.71,87.33,87.24
94,86,80,86,87,87,89,89,83,94,89,88,81,89,93,92,90,93,90,83,84,87,85,94,93,94,91,89,86,81,86,82,90,95,90,90,85,90,86,92,88,80,86,86,85,86,95,86.67,86.67,87.0,90.33,87.67,91.67,85.67,88.67,92.67,85.33,86.0,91.67,88.2,83.0,85.5,90.5,87.67,88.42,89.0,88.62,86.33,88.01
83,95,81,84,91,86,93,83,84,90,84,90,90,92,86,90,85,87,90,92,92,90,86,91,80,80,80,92,89,90,92,85,86,86,88,92,86,87,93,84,91,93,86,94,81,91,89,86.33,87.0,86.67,88.0,89.33,87.33,91.33,89.0,80.0,90.33,87.67,88.67,88.2,89.5,87.5,90.0,87.0,89.25,85.17,88.18,89.0,87.72
83,81,95,85,94,82,94,94,81,84,83,84,92,95,95,90,83,80,81,90,95,83,95,87,89,86,85,89,82,92,87,86,95,85,84,86,83,86,93,89,91,91,80,87,82,84,92,86.33,87.0,89.67,83.67,94.0,84.33,88.67,88.33,86.67,87.67,89.33,85.0,88.4,85.5,84.5,88.0,86.67,88.83,87.17,87.58,86.0,87.25
95,81,81,91,92,93,88,82,84,85,89,84,84,84,95,88,87,89,93,88,83,86,93,92,81,89,89,82,84,92,90,81,91,95,83,87,80,87,85,85,81,86,89,93,93,93,82,85.67,92.0,84.67,86.0,87.67,88.0,88.0,90.33,86.33,86.0,87.33,88.33,83.6,87.5,93.0,87.5,87.08,88.5,86.17,86.42,89.33,87.5
81,83,91,94,82,90,80,94,89,95,89,82,82,80,86,86,82,81,94,91,91,85,86,90,87,93,83,90,89,91,94,90,94,82,83,86,94,87,83,90,81,91,93,91,90,90,87,85.0,88.67,87.67,88.67,82.67,83.0,92.0,87.0,87.67,90.0,92.67,83.67,87.0,92.0,90.5,88.5,87.5,86.17,88.83,87.78,90.33,88.12
84,93,95,93,88,89,83,80,81,91,90,92,81,93,92,86,88,85,88,92,87,89,81,82,93,80,91,93,93,90,81,88,80,94,87,81,93,95,93,80,89,95,94,85,88,80,82,90.67,90.0,81.33,91.0,88.67,86.33,89.0,84.0,88.0,92.0,83.0,87.33,90.0,94.5,86.5,81.0,88.25,87.0,90.0,86.78,87.33,87.87
89,93,85,80,86,94,92,94,84,86,93,92,90,95,80,91,93,90,90,87,83,90,86,84,81,83,82,85,81,87,82,87,88,88,86,87,86,94,93,86,84,94,85,86,84,92,92,89.0,86.67,90.0,90.33,88.33,91.33,86.67,86.67,82.0,84.33,85.67,87.0,88.6,89.5,85.0,92.0,89.0,88.25,83.17,87.09,88.83,87.27
89,95,94,93,83,85,85,90,95,85,90,91,86,84,92,93,80,94,93,94,80,83,83,85,86,86,90,92,88,86,81,82,83,90,86,85,89,85,86,93,91,81,92,89,94,84,92,92.67,87.0,90.0,88.67,87.33,89.0,89.0,83.67,87.33,88.67,82.0,87.0,88.8,86.5,91.5,88.0,89.58,87.25,88.0,85.93,88.67,87.89
90,91,93,95,85,81,93,85,84,92,84,89,89,85,83,95,90,81,84,87,82,81,88,93,92,81,81,89,81,84,86,85,93,86,83,83,93,83,95,84,84,83,90,90,80,93,89,91.33,87.0,87.33,88.33,85.67,88.67,84.33,87.33,84.67,84.67,88.0,84.0,87.8,86.5,85.0,91.0,88.5,86.5,84.67,86.6,87.5,86.75
84,82,86,82,81,87,86,81,80,81,88,90,90,80,84,82,95,83,85,85,89,90,82,82,95,84,95,84,93,83,80,91,91,88,89,80,80,92,94,90,89,94,88,87,86,90,89,84.0,83.33,82.33,86.33,84.67,86.67,86.33,84.67,91.33,86.67,87.33,85.67,89.0,91.0,86.5,89.5,84.0,85.58,89.0,87.33,89.0,86.98
93,88,84,86,85,93,85,94,89,83,84,94,80,95,87,92,95,94,95,83,93,86,87,81,94,82,89,84,82,94,85,94,95,80,92,85,86,95,89,94,91,83,91,90,92,83,83,88.33,88.0,89.33,87.0,87.33,93.67,90.33,84.67,88.33,86.67,91.33,85.67,91.0,87.0,91.0,83.0,88.17,89.0,87.5,89.33,87.0,88.2
86,91,80,93,91,92,88,84,88,80,86,90,92,81,83,86,87,94,85,95,90,91,83,88,91,94,90,85,87,91,87,88,86,95,81,90,81,92,94,87,92,80,92,86,83,95,82,85.67,92.0,86.67,85.33,85.33,89.0,90.0,87.33,91.67,87.67,87.0,88.67,89.2,86.0,84.5,88.5,87.42,87.92,89.67,88.29,86.33,87.92
95,94,86,93,91,81,89,95,94,83,93,81,82,92,86,81,93,91,87,90,87,81,92,89,87,87,92,84,82,90,86,84,83,92,84,91,84,87,86,93,92,85,93,85,87,84,93,91.67,88.33,92.67,85.67,86.67,88.33,88.0,87.33,88.67,85.33,84.33,89.0,88.4,89.0,86.0,88.5,89.58,87.58,87.0,87.24,87.83,87.85
82,91,93,81,86,81,81,88,91,90,89,89,95,95,87,90,93,91,81,93,82,84,80,86,80,91,81,80,89,93,80,94,95,81,95,86,88,90,88,86,94,83,84,87,87,89,84,88.67,82.67,86.67,89.33,92.33,91.33,85.33,83.33,84.0,87.33,89.67,87.33,89.2,83.5,87.0,86.5,86.83,88.08,85.67,88.73,85.67,87.0
88,81,85,95,95,94,87,90,86,84,92,90,91,93,83,82,81,84,89,91,81,87,94,95,88,90,80,90,84,87,82,91,88,92,84,83,94,82,88,81,80,95,81,95,94,89,89,84.67,94.67,87.67,88.67,89.0,82.33,87.0,92.0,86.0,87.0,87.0,86.33,85.0,88.0,94.5,89.0,88.92,87.58,86.5,86.11,90.5,87.92
86,81,92,85,94,91,94,80,85,90,80,88,88,90,82,86,85,85,81,82,92,80,87,89,87,82,90,81,90,80,84,80,84,93,93,91,92,91,87,84,85,92,91,85,93,95,94,86.33,90.0,86.33,86.0,86.67,85.33,85.0,85.33,86.33,83.67,82.67,92.33,87.8,91.5,89.0,94.5,87.17,85.58,85.0,87.6,91.67,87.4
85,87,80,84,90,87,84,83,82,86,84,92,92,82,90,92,94,90,94,89,94,84,93,89,83,90,92,86,89,90,91,94,94,87,94,89,87,83,83,92,80,94,86,81,84,86,88,84.0,87.0,83.0,87.33,88.0,92.0,92.33,88.67,88.33,88.33,93.0,90.0,85.0,90.0,82.5,87.0,85.33,90.25,88.33,89.33,86.5,87.95
89,80,95,93,82,95,83,86,82,88,86,88,89,93,94,88,87,80,91,90,85,95,81,88,88,90,95,92,84,89,86,93,84,84,81,94,93,86,87,84,84,92,85,84,85,90,84,88.0,90.0,83.67,87.33,92.0,85.0,88.67,88.0,91.0,88.33,87.67,86.33,86.8,88.5,84.5,87.0,87.25,88.42,89.67,86.93,86.67,87.79
93,92,87,89,91,83,91,85,94,87,91,90,89,94,91,92,90,91,87,88,89,91,95,95,87,94,87,86,82,88,95,94,94,85,85,92,84,84,93,92,94,85,94,85,84,82,93,90.67,87.67,90.0,89.33,91.33,91.0,88.0,93.67,89.33,85.33,94.33,87.33,89.4,89.5,84.5,87.5,89.42,91.0,87.33,90.36,87.17,89.05
93,86,86,85,94,84,90,84,85,81,82,80,88,82,88,88,91,82,94,83,91,83,85,95,91,90,80,88,91,84,86,92,81,92,85,87,85,81,85,84,95,90,87,80,82,86,81,88.33,87.67,86.33,81.0,86.0,87.0,89.33,87.67,87.0,87.67,86.33,88.0,86.0,88.5,81.0,83.5,85.83,87.5,87.33,86.78,84.33,86.36
91,88,88,82,85,92,88,91,89,86,83,86,89,83,89,90,93,92,92,80,92,87,94,91,81,93,84,83,81,83,82,93,92,95,86,94,93,95,95,95,94,82,92,88,85,83,92,89.0,86.33,89.33,85.0,87.0,91.67,88.0,90.67,86.0,82.33,89.0,91.67,94.4,87.0,86.5,87.5,87.42,89.33,84.17,91.69,87.0,87.92
89,93,82,81,92,80,91,89,93,83,90,83,85,94,83,83,89,85,95,88,95,82,87,87,86,95,87,80,85,82,88,83,94,85,90,85,84,81,91,91,80,82,83,93,92,83,90,88.0,84.33,91.0,85.33,87.33,85.67,92.67,85.33,89.33,82.33,88.33,86.67,85.4,82.5,92.5,86.5,87.17,87.75,85.83,86.8,87.17,86.94
94,89,93,88,83,89,94,81,85,93,82,84,80,83,80,85,89,91,93,81,83,82,89,94,82,87,80,87,88,83,80,81,92,82,89,86,87,86,82,90,87,90,91,80,87,85,87,92.0,86.67,86.67,86.33,81.0,88.33,85.67,88.33,83.0,86.0,84.33,85.67,86.4,90.5,83.5,86.0,87.92,85.83,84.5,85.47,86.67,86.08
91,89,87,89,80,94,89,89,86,80,92,89,81,88,85,93,87,89,84,92,86,95,85,89,90,85,80,87,86,88,90,90,84,95,85,85,84,91,92,83,86,88,84,94,94,83,95,89.0,87.67,88.0,87.0,84.67,89.67,87.33,89.67,85.0,87.0,88.0,88.33,87.2,86.0,94.0,89.0,87.92,87.83,86.0,87.84,89.67,87.85
82,90,90,85,84,85,80,89,94,93,95,94,94,81,83,85,92,82,89,88,82,89,84,86,84,85,82,92,82,93,91,94,88,89,95,94,90,84,82,94,84,87,90,92,87,94,86,87.33,84.67,87.67,94.0,86.0,86.33,86.33,86.33,83.67,89.0,91.0,92.67,86.8,88.5,89.5,90.0,88.42,86.25,86.33,90.16,89.33,88.1
82,88,86,93,95,95,80,89,87,88,81,87,84,87,86,83,90,83,86,82,90,87,89,82,87,85,82,89,94,92,95,85,94,94,94,83,92,87,93,80,89,86,87,91,85,82,80,85.33,94.33,85.33,85.33,85.67,85.33,86.0,86.0,84.67,91.67,91.33,90.33,88.2,86.5,88.0,81.0,87.58,85.75,88.17,89.96,85.17,87.32
94,92,93,90,85,87,82,85,92,86,85,91,94,89,92,87,84,95,94,81,93,94,90,83,86,82,91,95,91,89,87,82,88,89,81,82,92,85,94,90,87,84,91,91,93,89,82,93.0,87.33,86.33,87.33,91.67,88.67,89.33,89.0,86.33,91.67,85.67,84.0,89.6,87.5,92.0,85.5,88.5,89.67,89.0,86.42,88.33,88.38
93,87,90,83,94,92,85,93,93,81,82,84,86,87,94,92,92,88,80,95,92,87,85,89,87,81,93,92,95,82,90,94,84,95,92,92,95,93,89,80,84,87,94,91,85,85,85,90.0,89.67,90.33,82.33,89.0,90.67,89.0,87.0,87.0,89.67,89.33,93.0,88.2,90.5,88.0,85.0,88.08,88.92,88.33,90.18,87.83,88.67
93,95,89,95,80,89,91,82,89,85,87,94,91,89,94,95,82,89,95,86,94,80,91,92,82,81,94,87,94,92,95,81,83,86,85,93,82,84,80,91,88,80,82,84,92,81,89,92.33,88.0,87.33,88.67,91.33,88.67,91.67,87.67,85.67,91.0,86.33,88.0,85.0,81.0,88.0,85.0,89.08,89.83,88.33,86.44,84.67,87.67
80,92,87,80,94,80,93,80,92,86,86,86,94,92,88,94,87,81,81,86,88,83,84,83,84,87,87,93,93,82,94,86,95,84,88,95,86,90,81,95,80,88,91,90,95,86,82,86.33,84.67,88.33,86.0,91.33,87.33,85.0,83.33,86.0,89.33,91.67,89.0,86.4,89.5,92.5,84.0,86.33,86.75,87.67,89.02,88.67,87.69
95,83,95,85,92,86,93,89,91,82,85,90,94,81,86,94,81,86,87,92,81,87,93,86,93,91,85,85,86,87,92,82,87,88,82,94,88,86,92,94,84,87,94,93,88,86,87,91.0,87.67,91.0,85.67,87.0,87.0,86.67,88.67,89.67,86.0,87.0,88.0,88.8,90.5,90.5,86.5,88.83,87.33,87.83,87.93,89.17,88.22
92,91,95,81,92,80,85,82,89,87,84,94,87,84,89,88,80,92,82,89,92,93,95,87,90,92,92,80,82,89,88,92,90,85,88,91,88,92,93,89,85,95,92,83,85,94,82,92.67,84.33,85.33,88.33,86.67,86.67,87.67,91.67,91.33,83.67,90.0,88.0,89.4,93.5,84.0,88.0,87.67,88.17,87.5,89.13,88.5,88.19
92,86,90,88,84,85,80,83,88,93,92,86,91,89,81,81,91,89,81,92,94,82,89,80,94,88,90,95,84,95,82,91,86,94,88,92,95,87,84,86,86,86,83,93,87,93,92,89.33,85.67,83.67,90.33,87.0,87.0,89.0,83.67,90.67,91.33,86.33,91.33,87.6,84.5,90.0,92.5,87.25,86.67,91.0,88.42,89.0,88.47
89,91,88,94,88,84,93,84,95,82,82,93,91,87,83,86,95,91,80,89,82,84,92,91,95,81,89,88,89,84,83,94,94,95,87,95,81,90,89,94,83,85,94,83,95,94,87,89.33,88.67,90.67,85.67,87.0,90.67,83.67,89.0,88.33,87.0,90.33,92.33,87.4,89.5,89.0,90.5,88.58,87.58,87.67,90.02,89.67,88.7
84,94,88,86,88,92,85,94,89,83,95,89,89,94,80,90,95,93,84,86,92,85,92,89,85,87,80,94,83,95,81,90,94,84,81,94,89,81,94,80,90,93,91,81,83,88,85,88.67,88.67,89.33,89.0,87.67,92.67,87.33,88.67,84.0,90.67,88.33,86.33,86.8,92.0,82.0,86.5,88.92,89.08,87.33,87.16,86.83,87.86
80,93,88,94,83,84,90,89,86,86,92,80,81,88,82,84,87,85,83,94,88,90,94,90,94,94,88,82,93,85,85,83,87,92,80,85,80,92,92,94,94,89,89,82,95,84,94,87.0,87.0,88.33,86.0,83.67,85.33,88.33,91.33,92.0,86.67,85.0,85.67,90.4,89.0,88.5,89.0,87.08,87.17,89.33,87.02,88.83,87.89
80,82,81,85,90,82,82,91,92,91,90,80,91,91,83,87,93,86,83,89,82,81,81,81,94,86,80,83,94,80,82,94,93,88,84,87,82,86,94,80,91,86,93,87,93,83,82,81.0,85.67,88.33,87.0,88.33,88.67,84.67,81.0,86.67,85.67,89.67,86.33,86.6,89.5,90.0,82.5,85.5,85.67,86.17,87.53,87.33,86.44
83,89,90,82,83,85,81,90,90,83,89,89,87,90,86,80,80,81,84,85,92,81,91,92,80,84,93,84,92,94,81,81,86,91,89,87,80,92,80,89,91,89,81,86,82,85,91,87.33,83.33,87.0,87.0,87.67,80.33,87.0,88.0,85.67,90.0,82.67,89.0,86.4,85.0,84.0,88.0,86.17,85.75,87.83,86.02,85.67,86.29
91,92,95,80,85,92,86,87,81,90,91,84,87,95,85,80,82,87,86,93,81,84,80,92,85,82,93,87,93,94,93,83,85,91,81,84,86,92,95,84,87,88,92,82,85,83,85,92.67,85.67,84.67,88.33,89.0,83.0,86.67,85.33,86.67,91.33,87.0,85.33,88.8,90.0,83.5,84.0,87.83,86.0,89.0,87.04,85.83,87.14
80,90,89,86,84,90,89,88,87,85,85,85,84,84,82,85,84,89,85,93,84,93,82,90,80,86,84,94,95,89,85,86,80,82,83,88,87,90,83,92,90,89,95,88,86,82,81,86.33,86.67,88.0,85.0,83.33,86.0,87.33,88.33,83.33,92.67,83.67,84.33,88.4,92.0,87.0,81.5,86.5,86.25,88.0,85.47,86.83,86.61
88,91,94,89,94,81,83,86,87,91,85,93,84,89,88,85,80,82,88,95,94,95,94,86,85,80,93,93,94,94,91,89,81,82,88,87,95,91,83,93,90,89,91,88,87,85,81,91.0,88.0,85.33,89.67,87.0,82.33,92.33,91.67,86.0,93.67,87.0,85.67,90.4,90.0,87.5,83.0,88.5,88.33,89.83,87.69,86.83,88.24
87,81,81,86,92,95,95,81,81,84,85,93,82,89,87,93,91,80,80,88,95,86,81,81,80,95,83,85,95,90,90,94,87,91,80,91,87,91,86,92,85,85,88,95,85,81,89,83.0,91.0,85.67,87.33,86.0,88.0,87.67,82.67,86.0,90.0,90.33,87.33,88.2,86.5,90.0,85.0,86.75,86.08,88.0,88.62,87.17,87.32
86,85,92,89,91,84,84,84,88,93,93,91,86,94,82,90,88,90,85,86,93,89,89,88,82,88,91,88,86,90,82,91,81,95,90,83,93,85,94,83,91,90,90,94,85,88,90,87.67,88.0,85.33,92.33,87.33,89.33,88.0,88.67,87.0,88.0,84.67,89.33,89.2,90.0,89.5,89.0,88.33,88.33,87.5,87.73,89.5,88.28
84,94,84,89,82,82,80,89,87,83,89,86,83,93,86,84,88,83,90,85,91,81,93,90,87,93,90,90,91,90,84,87,89,94,92,84,83,83,95,91,81,93,93,91,87,86,92,87.33,84.33,85.33,86.0,87.33,85.0,88.67,88.0,90.0,90.33,86.67,90.0,86.6,93.0,89.0,89.0,85.75,87.25,90.17,87.76,90.33,88.25
83,88,90,81,85,92,82,91,83,81,89,90,84,91,82,87,83,95,85,91,88,85,87,87,88,91,89,93,83,84,93,81,94,82,89,87,89,82,86,86,90,88,90,94,91,91,89,87.0,86.0,85.33,86.67,85.67,88.33,88.0,86.33,89.33,86.67,89.33,86.0,86.6,89.0,92.5,90.0,86.25,87.08,88.0,87.31,90.5,87.83
83,83,83,92,83,82,80,85,83,83,84,90,82,91,88,89,83,94,94,92,85,91,82,89,85,88,83,82,81,83,83,82,94,92,81,86,80,92,90,83,90,92,80,93,89,89,86,83.0,85.67,82.67,85.67,87.0,88.67,90.33,87.33,85.33,82.0,86.33,86.33,87.0,86.0,91.0,87.5,84.25,88.33,83.67,86.56,88.17,86.19
90,82,88,83,92,92,89,92,90,93,88,89,87,91,84,91,88,81,84,92,89,90,93,92,93,86,90,87,93,80,91,89,80,86,87,84,84,80,89,80,93,85,86,91,95,89,88,86.67,89.0,90.33,90.0,87.33,86.67,88.33,91.67,89.67,86.67,86.67,85.67,85.2,85.5,93.0,88.5,89.0,88.5,88.17,85.84,89.0,88.1
85,87,92,80,87,86,94,94,94,86,87,83,91,90,95,81,81,80,90,92,80,83,89,95,83,94,80,84,87,81,92,93,84,90,88,86,92,82,91,92,92,88,85,87,83,87,86,88.0,84.33,94.0,85.33,92.0,80.67,87.33,89.0,85.67,84.0,89.67,88.0,89.8,86.5,85.0,86.5,87.92,87.25,84.83,89.16,86.0,87.03
85,90,86,85,92,92,86,82,95,91,93,84,90,82,90,91,85,95,82,81,91,88,80,85,94,93,93,90,90,95,88,95,93,91,91,80,88,92,95,90,92,86,95,95,85,87,94,87.0,89.67,87.67,89.33,87.33,90.33,84.67,84.33,93.33,91.67,92.0,87.33,91.4,90.5,90.0,90.5,88.42,86.67,92.5,90.24,90.33,89.63
95,88,95,81,92,82,84,84,85,85,85,87,92,88,86,95,83,87,83,89,80,86,86,81,94,83,94,93,95,88,88,93,84,93,90,92,91,94,85,89,93,82,85,80,89,88,91,92.67,85.0,84.33,85.67,88.67,88.33,84.0,84.33,90.33,92.0,88.33,91.67,90.4,83.5,84.5,89.5,86.92,86.33,91.17,90.13,85.83,88.08
91,80,95,88,91,91,83,91,88,87,89,80,82,91,93,88,95,89,83,86,90,85,92,84,81,87,84,95,82,86,93,88,83,86,86,93,85,86,92,89,91,91,95,89,92,93,83,88.67,90.0,87.33,85.33,88.67,90.67,86.33,87.0,84.0,87.67,88.0,88.33,88.6,93.0,90.5,88.0,87.83,88.17,85.83,88.31,90.5,88.13
81,90,93,95,88,82,87,85,89,94,95,92,82,82,88,83,95,86,87,82,92,95,94,82,81,92,93,94,80,91,89,92,93,86,82,86,87,80,81,81,87,94,95,95,83,85,94,88.0,88.33,87.0,93.67,84.0,88.0,87.0,90.33,88.67,88.33,91.33,84.67,83.2,94.5,89.0,89.5,89.25,87.33,88.5,86.4,91.0,88.5
92,87,86,82,82,90,84,81,80,89,85,87,82,95,83,83,82,88,95,91,85,92,95,91,92,85,88,82,91,83,81,94,95,94,90,92,86,84,81,90,90,87,81,86,83,88,80,88.33,84.67,81.67,87.0,86.67,84.33,90.33,92.67,88.33,85.33,90.0,92.0,86.2,84.0,84.5,84.0,85.42,88.5,86.83,89.4,84.17,86.86
84,85,85,82,88,95,94,91,89,86,88,80,90,88,82,80,92,86,83,95,85,85,89,85,94,85,88,86,85,84,81,80,87,85,81,81,87,90,90,88,87,91,90,80,91,92,86,84.67,88.33,91.33,84.67,86.67,86.0,87.67,86.33,89.0,85.0,82.67,82.33,88.4,90.5,85.5,89.0,87.25,86.67,87.0,84.47,88.33,86.74
88,82,86,85,87,87,87,81,80,94,91,87,83,95,93,90,82,94,82,84,82,91,82,86,81,83,88,91,93,85,82,90,91,87,94,86,93,80,82,90,88,83,95,85,95,80,84,85.33,86.33,82.67,90.67,90.33,88.67,82.67,86.33,84.0,89.67,87.67,89.0,86.6,89.0,90.0,82.0,86.25,87.0,86.83,87.76,87.0,86.97
89,86,81,92,85,94,82,89,89,82,93,84,92,85,95,93,85,86,91,82,83,82,94,94,82,94,93,95,80,92,80,92,92,93,86,84,82,94,90,95,89,83,81,93,91,88,87,85.33,90.33,86.67,86.33,90.67,88.0,85.33,90.0,89.67,89.0,88.0,87.67,90.0,82.0,92.0,87.5,87.17,88.5,89.33,88.56,87.17,88.14
86,87,95,95,94,90,95,91,95,93,80,91,85,84,84,87,93,88,89,90,95,88,86,93,83,94,80,89,83,83,87,81,95,95,88,81,90,81,85,91,84,81,91,85,91,80,80,89.33,93.0,93.67,88.0,84.33,89.33,91.33,89.0,85.67,85.0,87.67,88.0,86.2,86.0,88.0,80.0,91.0,88.5,85.33,87.29,84.67,87.36
94,92,85,85,80,95,86,83,85,87,95,93,95,93,95,93,82,90,90,90,91,81,94,83,90,81,81,83,93,92,86,82,82,94,95,94,85,86,95,91,81,82,88,87,85,95,91,90.33,86.67,84.67,91.67,94.33,88.33,90.33,86.0,84.0,89.33,83.33,94.33,87.6,85.0,86.0,93.0,88.33,89.75,86.67,88.42,88.0,88.23
80,90,84,88,93,84,83,93,95,83,85,90,81,84,80,85,84,89,88,91,89,85,85,92,85,94,90,95,88,83,92,82,88,86,87,92,87,95,90,83,83,95,82,81,88,89,90,84.67,88.33,90.33,86.0,81.67,86.0,89.33,87.33,89.67,88.67,87.33,88.33,87.6,88.5,84.5,89.5,87.33,86.08,89.17,87.76,87.5,87.57
93,90,87,91,81,86,88,81,81,84,93,82,92,95,81,81,83,88,82,94,80,90,87,90,87,92,84,83,86,92,95,91,91,80,95,85,95,84,86,80,87,91,84,90,94,86,88,90.0,86.0,83.33,86.33,89.33,84.0,85.33,89.0,87.67,87.0,92.33,86.67,86.4,87.5,92.0,87.0,86.42,86.92,87.33,88.47,88.83,87.59
80,84,85,80,95,80,95,85,85,92,91,87,92,89,92,93,81,93,93,82,92,82,87,82,80,81,92,86,89,90,82,85,90,88,95,94,87,82,83,91,87,85,94,92,83,87,84,83.0,85.0,88.33,90.0,91.0,89.0,89.0,83.67,84.33,88.33,85.67,92.33,86.0,89.5,87.5,85.5,86.58,88.17,86.33,88.0,87.5,87.32
83,87,93,87,84,85,90,93,95,84,86,92,95,81,90,80,84,87,90,82,86,81,94,95,83,94,83,93,93,85,88,83,80,93,95,85,86,86,87,81,88,90,86,82,91,85,84,87.67,85.33,92.67,87.33,88.67,83.67,86.0,90.0,86.67,90.33,83.67,91.0,85.6,88.0,86.5,84.5,88.25,87.08,88.5,86.76,86.33,87.38
90,80,81,89,86,84,88,88,90,87,92,95,85,95,88,87,95,90,81,93,81,94,94,93,84,81,89,80,80,91,93,82,90,91,90,81,81,90,94,95,95,90,93,92,85,89,91,83.67,86.33,88.67,91.33,89.33,90.67,85.0,93.67,84.67,83.67,88.33,87.33,91.0,91.5,88.5,90.0,87.5,89.67,84.17,88.89,90.0,88.04
83,81,88,93,83,94,82,88,90,91,80,81,83,83,82,87,90,92,89,91,80,81,91,82,92,88,82,85,85,80,85,81,85,81,95,84,84,89,81,87,90,80,95,95,84,82,94,84.0,90.0,86.67,84.0,82.67,89.67,86.67,84.67,87.33,83.33,83.67,86.67,86.2,87.5,89.5,88.0,86.17,85.92,85.33,85.51,88.33,86.25
89,80,90,88,88,80,86,89,93,91,88,91,94,89,84,90,95,89,82,83,86,82,87,91,83,82,81,84,89,80,93,85,81,82,89,86,82,89,84,87,93,94,87,92,92,94,83,86.33,85.33,89.33,90.0,89.0,91.33,83.67,86.67,82.0,84.33,86.33,85.67,87.0,90.5,92.0,88.5,87.75,87.67,83.17,86.33,90.33,87.05
81,95,81,90,94,91,92,90,84,88,93,82,95,90,84,94,88,85,87,91,88,83,91,85,95,84,93,85,80,92,81,83,87,87,90,89,80,85,81,84,82,80,85,88,92,93,85,85.67,91.67,88.67,87.67,89.67,89.0,88.67,86.33,90.67,85.67,83.67,88.67,82.4,82.5,90.0,89.0,88.42,88.42,88.17,84.91,87.17,87.42
85,94,81,86,81,84,85,93,83,94,85,94,82,80,84,80,94,95,87,84,87,85,80,82,94,93,88,83,87,93,90,93,81,85,83,81,90,88,81,93,90,94,81,92,88,87,93,86.67,83.67,87.0,91.0,82.0,89.67,86.0,82.33,91.67,87.67,88.0,83.0,88.4,87.5,90.0,90.0,87.08,85.0,89.67,86.47,89.17,87.48
93,90,84,87,87,89,92,91,92,81,90,95,81,93,81,94,82,95,95,83,92,88,86,86,90,95,95,80,90,95,82,91,80,88,93,94,88,93,84,93,84,94,91,87,89,93,81,89.0,87.67,91.67,88.67,85.0,90.33,90.0,86.67,93.33,88.33,84.33,91.67,88.4,92.5,88.0,87.0,89.25,88.0,90.83,88.13,89.17,89.08
82,83,80,92,92,87,80,91,90,92,84,87,93,90,89,92,90,84,95,84,86,81,91,82,82,85,81,92,80,82,88,80,91,91,82,82,80,86,80,84,92,88,84,95,85,88,82,81.67,90.33,87.0,87.67,90.67,88.67,88.33,84.67,82.67,84.67,86.33,85.0,84.4,86.0,90.0,85.0,86.67,88.08,83.67,85.24,87.0,86.13
86,92,88,91,90,88,94,93,91,95,87,83,86,91,83,88,83,86,80,87,94,94,92,83,89,88,92,88,85,83,90,80,87,80,89,94,94,95,91,91,88,92,89,84,86,94,80,88.67,89.67,92.67,88.33,86.67,85.67,87.0,89.67,89.67,85.33,85.67,87.67,91.8,90.5,85.0,87.0,89.83,87.25,87.5,88.38,87.5,88.09
85,83,81,89,87,80,95,82,83,87,81,92,91,91,87,85,89,92,93,93,84,83,86,82,86,87,91,86,88,81,83,81,80,87,94,95,81,81,92,88,81,95,94,88,94,80,86,83.0,85.33,86.67,86.67,89.67,88.67,90.0,83.67,88.0,85.0,81.33,92.0,84.6,94.5,91.0,83.0,85.42,88.0,86.5,85.98,89.5,87.08
88,93,88,82,82,81,93,92,82,94,89,95,82,85,95,82,82,83,90,88,80,92,89,88,94,80,91,81,85,81,95,85,93,86,89,83,81,93,80,83,92,93,95,86,80,92,80,89.67,81.67,89.0,92.67,87.33,82.33,86.0,89.67,88.33,82.33,91.0,86.0,85.8,94.0,83.0,86.0,88.25,86.33,85.33,87.6,87.67,87.04
82,82,83,89,82,82,82,93,88,84,84,94,86,86,85,88,90,94,81,80,85,85,90,83,88,89,87,93,90,92,94,85,85,95,90,92,87,80,86,82,88,94,85,88,92,85,81,82.33,84.33,87.67,87.33,85.67,90.67,82.0,86.0,88.0,91.67,88.0,92.33,84.6,89.5,90.0,83.0,85.42,86.08,89.83,88.31,87.5,87.43
94,95,83,85,81,91,84,93,93,93,82,90,86,91,95,86,86,81,83,93,95,88,84,88,92,85,83,90,82,81,94,91,95,89,89,94,93,91,90,90,92,89,90,92,82,87,80,90.67,85.67,90.0,88.33,90.67,84.33,90.33,86.67,86.67,84.33,93.33,90.67,91.2,89.5,87.0,83.5,88.67,88.0,85.5,91.73,86.67,88.11
94,93,84,84,93,84,84,94,87,81,85,81,81,83,92,82,85,94,84,89,94,81,91,87,89,91,94,94,87,88,82,88,95,88,81,86,83,85,90,80,82,85,83,91,88,86,94,90.33,87.0,88.33,82.33,85.33,87.0,89.0,86.33,91.33,89.67,88.33,85.0,84.0,84.0,89.5,90.0,87.0,86.92,90.5,85.78,87.83,87.61
93,95,81,85,83,92,83,85,82,86,86,81,87,90,95,81,87,85,95,85,82,89,92,90,94,81,94,84,85,91,89,82,92,85,92,82,85,89,84,95,90,84,89,94,81,84,92,89.67,86.67,83.33,84.33,90.67,84.33,87.33,90.33,89.67,86.67,87.67,86.33,88.6,86.5,87.5,88.0,86.0,88.17,88.17,87.53,87.33,87.44
95,93,85,84,81,94,80,89,83,95,90,92,91,88,87,95,84,82,88,83,94,93,80,87,83,93,91,92,94,82,80,86,84,83,94,95,89,84,84,86,81,84,82,93,92,92,82,91.0,86.33,84.0,92.33,88.67,87.0,88.33,86.67,89.0,89.33,83.33,90.67,84.8,83.0,92.5,87.0,88.42,87.67,89.17,86.27,87.5,87.8
86,86,80,88,85,88,86,80,95,95,86,88,91,80,95,82,86,94,87,95,92,88,81,94,83,94,90,82,84,95,92,82,92,91,82,84,85,95,95,86,91,93,90,86,88,87,87,84.0,87.0,87.0,89.67,88.67,87.33,91.33,87.67,89.0,87.0,88.67,85.67,90.4,91.5,87.0,87.0,86.92,88.75,88.0,88.24,88.5,88.08
92,92,88,85,82,95,92,89,89,88,93,82,87,81,86,83,80,91,87,87,82,83,95,80,89,82,95,90,94,86,80,88,86,86,83,83,87,83,93,88,92,82,88,80,81,85,83,90.67,87.33,90.0,87.67,84.67,84.67,85.33,86.0,88.67,90.0,84.67,84.0,88.6,85.0,80.5,84.0,88.92,85.17,89.33,85.76,83.17,86.47
92,85,90,88,91,87,94,89,95,87,80,91,90,88,90,89,80,81,81,91,89,90,94,89,89,86,89,93,80,88,91,93,83,80,84,86,80,81,83,82,85,82,80,81,81,84,89,89.0,88.67,92.67,86.0,89.33,83.33,87.0,91.0,88.0,87.0,89.0,83.33,82.2,81.0,81.0,86.5,89.08,87.67,87.5,84.84,82.83,86.39
90,85,82,92,94,85,95,82,86,80,82,80,89,85,93,88,95,92,91,82,84,91,93,84,83,81,85,81,92,95,89,91,80,86,83,94,83,94,84,92,83,83,86,89,91,93,89,85.67,90.33,87.67,80.67,89.0,91.67,85.67,89.33,83.0,89.33,86.67,87.67,87.2,84.5,90.0,91.0,86.08,88.92,86.17,87.18,88.5,87.37
85,94,95,82,82,90,85,95,82,92,93,87,93,81,95,80,87,92,83,94,84,84,82,92,93,86,85,90,83,85,93,95,87,92,85,90,88,94,80,81,92,91,92,81,87,81,91,91.33,84.67,87.33,90.67,89.67,86.33,87.0,86.0,88.0,86.0,91.67,89.0,87.0,91.5,84.0,86.0,88.5,87.25,87.0,89.22,87.17,87.83
95,87,90,95,81,84,89,81,86,86,84,91,87,89,95,91,91,82,83,84,93,91,85,84,94,86,86,88,92,93,92,90,88,87,88,91,92,93,90,95,87,88,81,89,92,86,89,90.67,86.67,85.33,87.0,90.33,88.0,86.67,86.67,88.67,91.0,90.0,88.67,91.4,84.5,90.5,87.5,87.42,87.92,89.83,90.02,87.5,88.54
89,95,83,80,82,85,85,82,85,84,89,90,93,85,90,89,91,87,81,87,80,86,82,85,92,88,93,95,80,91,84,89,89,85,84,92,89,93,91,85,85,91,91,83,93,93,87,89.0,82.33,84.0,87.67,89.33,89.0,82.67,84.33,91.0,88.67,87.33,87.0,88.6,91.0,88.0,90.0,85.75,86.33,89.83,87.64,89.67,87.85
82,94,87,93,89,82,94,94,91,95,88,86,95,87,87,80,90,90,94,85,84,87,93,82,93,91,92,82,93,84,89,88,87,94,89,87,85,93,82,82,80,89,88,83,92,84,94,87.67,88.0,93.0,89.67,89.67,86.67,87.67,87.33,92.0,86.33,88.0,90.0,84.4,88.5,87.5,89.0,89.58,87.83,89.17,87.47,88.33,88.48
89,95,85,85,86,82,93,83,81,91,91,83,84,92,83,83,81,94,89,81,82,82,93,86,87,89,91,84,88,87,81,86,93,91,83,91,89,92,81,88,90,91,91,83,92,89,86,89.67,84.33,85.67,88.33,86.33,86.0,84.0,87.0,89.0,86.33,86.67,88.33,88.0,91.0,87.5,87.5,87.0,85.83,87.67,87.67,88.67,87.37
90,87,94,87,81,88,90,91,93,85,93,90,82,85,93,80,95,85,92,82,81,84,95,85,81,93,88,87,84,84,95,87,89,85,92,82,84,94,94,95,93,84,83,82,87,91,87,90.33,85.33,91.33,89.33,86.67,86.67,85.0,88.0,87.33,85.0,90.33,86.33,92.0,83.5,84.5,89.0,89.08,86.58,86.17,89.56,85.67,87.41
95,81,84,95,85,92,81,94,90,83,89,92,82,85,93,81,95,85,86,93,86,88,92,84,92,93,81,85,82,85,95,94,90,86,80,94,83,95,80,80,90,92,86,92,81,88,93,86.67,90.67,88.33,88.0,86.67,87.0,88.33,88.0,88.67,84.0,93.0,86.67,85.6,89.0,86.5,90.5,88.42,87.5,86.33,88.42,88.67,87.87
92,91,95,80,91,80,80,87,83,86,95,89,88,82,92,93,88,85,90,88,84,82,84,80,82,85,86,93,95,95,86,83,85,92,93,89,94,83,93,86,90,82,90,80,92,92,94,92.67,83.67,83.33,90.0,87.33,88.67,87.33,82.0,84.33,94.33,84.67,91.33,89.2,86.0,86.0,93.0,87.42,86.33,89.33,88.4,88.33,87.96
85,82,89,84,87,84,88,91,87,87,95,88,83,90,94,95,80,81,86,93,82,95,82,85,82,89,84,80,92,95,93,89,90,85,89,95,91,87,95,83,86,95,93,94,93,84,92,85.33,85.0,88.67,90.0,89.0,85.33,87.0,87.33,85.0,89.0,90.67,89.67,88.4,94.0,93.5,88.0,87.25,87.17,87.0,89.58,91.83,88.57
80,93,89,80,90,95,92,93,80,92,86,92,82,84,93,93,86,81,92,88,81,94,89,81,87,88,84,84,81,82,91,89,89,86,93,80,85,92,80,87,86,90,86,83,90,92,88,87.33,88.33,88.33,90.0,86.33,86.67,87.0,88.0,86.33,82.33,89.67,86.33,86.0,88.0,86.5,90.0,88.5,87.0,84.33,87.33,88.17,87.07
88,88,95,89,87,87,85,86,85,88,87,93,80,94,87,87,80,92,82,85,93,90,94,85,92,87,84,93,90,93,80,94,92,81,89,90,91,92,80,85,93,89,81,86,84,91,89,90.33,87.67,85.33,89.33,87.0,86.33,86.67,89.67,87.67,92.0,88.67,86.67,88.2,85.0,85.0,90.0,88.17,87.42,89.83,87.84,86.67,87.99
81,92,86,86,81,90,84,80,82,82,93,88,87,82,93,94,87,94,81,87,93,91,95,93,92,91,89,85,85,88,95,83,94,89,88,92,81,91,82,90,80,86,90,86,80,92,91,86.33,85.67,82.0,87.67,87.33,91.67,87.0,93.0,90.67,86.0,90.67,89.67,84.8,88.0,83.0,91.5,85.42,89.75,88.33,88.38,87.5,87.88
91,85,91,86,81,85,87,89,91,93,85,88,86,80,82,85,92,91,90,83,90,80,93,95,82,86,82,87,83,89,88,91,87,82,81,89,87,95,92,80,81,92,94,80,82,95,80,89.0,84.0,89.0,88.67,82.67,89.33,87.67,89.33,83.33,86.33,88.67,84.0,87.0,93.0,81.0,87.5,87.67,87.25,84.83,86.56,87.17,86.69
83,95,82,83,81,81,85,89,92,83,87,88,94,88,87,92,82,92,81,94,92,80,94,84,90,84,83,87,81,88,84,89,83,81,91,95,82,82,90,84,94,90,82,95,90,94,89,86.67,81.67,88.67,86.0,89.67,88.67,89.0,86.0,85.67,85.33,85.33,89.0,86.4,86.0,92.5,91.5,85.75,88.33,85.5,86.91,90.0,87.3
93,89,82,92,83,91,89,91,82,95,91,81,85,93,93,86,85,92,90,87,84,95,86,86,85,95,94,80,94,80,84,85,91,83,83,95,93,81,83,81,94,82,82,80,92,91,86,88.0,88.67,87.33,89.0,90.33,87.67,87.0,89.0,91.33,84.67,86.67,87.0,86.4,82.0,86.0,88.5,88.25,88.5,88.0,86.69,85.5,87.39
83,81,90,91,80,84,88,91,91,84,89,84,81,84,81,90,93,92,92,92,84,87,91,92,88,80,91,93,83,88,94,94,90,91,92,91,82,94,90,81,95,87,92,84,85,90,90,84.67,85.0,90.0,85.67,82.0,91.67,89.33,90.0,86.33,88.0,92.67,91.33,88.4,89.5,84.5,90.0,86.33,88.25,87.17,90.8,88.0,88.11
88,80,84,86,92,87,82,94,93,91,93,89,83,94,95,89,91,86,86,92,88,95,88,81,92,85,85,82,80,85,93,90,85,92,93,90,95,95,83,83,94,83,81,85,90,93,91,84.0,88.33,89.67,91.0,90.67,88.67,88.67,88.0,87.33,82.33,89.33,91.67,90.0,82.0,87.5,92.0,88.25,89.0,84.83,90.33,87.17,87.92
85,84,89,91,90,88,94,83,94,84,83,83,91,84,83,87,89,95,82,89,87,93,89,80,82,90,93,93,89,93,90,92,95,83,82,89,88,86,91,80,83,82,92,92,86,91,88,86.0,89.67,90.33,83.33,86.0,90.33,86.0,87.33,88.33,91.67,92.33,84.67,85.6,87.0,89.0,89.5,87.33,87.42,90.0,87.53,88.5,88.16
92,85,90,89,90,95,90,82,95,90,89,85,88,85,91,95,93,86,85,95,82,86,88,81,81,87,80,90,87,94,88,81,83,92,95,86,86,95,83,84,85,83,81,84,84,89,80,89.0,91.33,89.0,88.0,88.0,91.33,87.33,85.0,82.67,90.33,84.0,91.0,86.6,82.0,84.0,84.5,89.33,87.92,86.5,87.2,83.5,86.89
81,86,86,94,94,90,86,89,80,85,93,80,81,83,90,93,92,92,87,84,93,91,89,89,87,92,88,86,84,93,91,82,95,87,86,95,95,94,81,95,80,95,85,91,88,87,89,84.33,92.67,85.0,86.0,84.67,92.33,88.0,89.67,89.0,87.67,89.33,89.33,89.0,90.0,89.5,88.0,87.0,88.67,88.33,89.22,89.17,88.48
92,81,84,91,88,87,87,94,80,86,83,93,84,82,91,90,87,83,80,82,87,86,80,90,84,89,87,88,83,91,95,84,85,82,93,87,82,84,89,87,93,91,95,85,91,82,93,85.67,88.67,87.0,87.33,85.67,86.67,83.0,85.33,86.67,87.33,88.0,87.33,87.0,93.0,88.0,87.5,87.17,85.17,87.0,87.44,89.5,87.26
91,83,90,87,94,80,87,89,80,95,80,89,85,88,88,84,89,89,92,92,95,81,85,85,94,94,80,87,84,95,92,94,93,88,83,86,83,84,92,84,95,81,93,88,87,93,87,88.0,87.0,85.33,88.0,87.0,87.33,93.0,83.67,89.33,88.67,93.0,85.67,87.6,87.0,87.5,90.0,87.08,87.75,89.0,88.76,88.17,88.15
92,80,90,88,92,83,81,93,88,94,92,93,80,83,80,93,94,90,80,88,94,84,81,85,93,92,95,80,82,83,93,83,87,84,84,90,88,88,81,87,87,95,84,86,88,89,81,87.33,87.67,87.33,93.0,81.0,92.33,87.33,83.33,93.33,81.67,87.67,86.0,86.2,89.5,87.0,85.0,88.83,86.0,87.5,86.62,87.17,87.22
87,85,81,94,89,89,95,94,93,80,80,84,86,80,88,81,94,90,94,89,93,88,86,91,89,92,88,91,85,87,85,82,93,82,90,92,91,88,94,92,93,81,89,82,88,86,81,84.33,90.67,94.0,81.33,84.67,88.33,92.0,88.33,89.67,87.67,86.67,88.0,91.6,85.0,85.0,83.5,87.58,88.33,88.67,88.76,84.5,87.57
85,93,81,89,92,92,95,93,85,84,82,81,93,81,84,93,92,84,88,92,81,95,88,85,94,90,87,87,94,80,89,88,88,87,83,81,85,88,91,87,81,80,81,84,91,95,92,86.33,91.0,91.0,82.33,86.0,89.67,87.0,89.33,90.33,87.0,88.33,83.67,86.4,80.5,87.5,93.5,87.67,88.0,88.67,86.13,87.17,87.53
95,82,93,88,86,88,83,85,94,91,87,82,85,92,82,81,91,92,87,91,82,87,87,94,81,91,82,81,87,81,80,84,80,87,93,89,90,87,87,81,80,88,89,90,80,91,92,90.0,87.33,87.33,86.67,86.33,88.0,86.67,89.33,84.67,83.0,81.33,89.67,85.0,88.5,85.0,91.5,87.83,87.58,83.83,85.33,88.33,86.58
83,86,93,94,82,81,87,92,88,94,95,80,82,82,94,85,95,91,85,84,84,80,84,91,88,95,89,80,87,84,95,93,92,95,91,85,80,92,83,89,93,92,84,93,88,83,84,87.33,85.67,89.0,89.67,86.0,90.33,84.33,85.0,90.67,83.67,93.33,90.33,87.4,88.0,90.5,83.5,87.92,86.42,87.17,90.36,87.33,87.84
81,93,83,88,82,83,82,93,85,93,92,93,94,85,91,83,81,86,88,93,85,89,93,84,90,95,88,91,85,86,95,93,85,92,92,80,85,94,80,93,94,87,87,87,85,84,80,85.67,84.33,86.67,92.67,90.0,83.33,88.67,88.67,91.0,87.33,91.0,88.0,89.2,87.0,86.0,82.0,87.33,87.67,89.17,89.4,85.0,87.71
83,92,85,88,82,92,87,86,93,93,87,89,92,93,84,92,84,92,85,85,82,88,80,93,87,93,89,89,87,95,89,86,95,94,85,91,83,91,95,87,80,82,86,80,90,87,92,86.67,87.33,88.67,89.67,89.67,89.33,84.0,87.0,89.67,90.33,90.0,90.0,87.2,84.0,85.0,89.5,88.08,87.5,90.0,89.07,86.17,88.16
90,89,90,94,89,82,89,89,83,82,93,81,86,85,80,84,81,88,93,84,86,92,92,83,93,84,84,80,85,86,84,81,85,82,89,95,81,89,86,84,85,83,86,88,90,91,80,89.67,88.33,87.0,85.33,83.67,84.33,87.67,89.0,87.0,83.67,83.33,88.67,85.0,84.5,89.0,85.5,87.58,86.17,85.33,85.67,86.33,86.22
82,85,85,91,80,92,89,86,87,88,89,95,85,95,85,84,95,80,89,89,82,84,88,91,95,92,85,86,84,86,86,95,80,82,91,90,93,84,86,93,85,85,91,83,95,87,92,84.0,87.67,87.33,90.67,88.33,86.33,86.67,87.67,90.67,85.33,87.0,87.67,88.2,88.0,89.0,89.5,87.42,87.25,88.0,87.62,88.83,87.82
80,85,83,89,80,86,88,87,84,91,82,82,85,85,83,82,91,89,81,80,93,85,85,95,95,95,82,81,83,94,86,95,80,94,93,80,87,93,87,81,92,87,94,87,86,82,83,82.67,85.0,86.33,85.0,84.33,87.33,84.67,88.33,90.67,86.0,87.0,89.0,88.0,90.5,86.5,82.5,84.75,86.17,88.33,88.0,86.5,86.75
90,84,82,92,95,87,86,86,87,81,83,94,84,83,89,90,90,89,80,94,85,85,84,85,95,85,87,85,92,83,88,92,94,94,80,94,89,91,81,90,90,80,91,87,83,84,91,85.33,91.33,86.33,86.0,85.33,89.67,86.33,84.67,89.0,86.67,91.33,89.33,88.2,85.5,85.0,87.5,87.25,86.5,87.83,89.62,86.0,87.44
84,88,81,88,81,93,87,80,81,91,85,89,89,85,88,82,86,94,84,86,94,84,84,81,95,95,86,87,87,89,82,80,82,94,92,86,82,84,90,85,92,83,92,90,91,90,85,84.33,87.33,82.67,88.33,87.33,87.33,88.0,83.0,92.0,87.67,81.33,90.67,86.6,87.5,90.5,87.5,85.67,86.42,89.83,86.2,88.5,87.32
92,88,81,80,92,80,84,83,88,80,89,94,94,81,84,94,89,81,81,81,83,93,90,92,91,81,92,91,88,80,90,87,86,83,83,85,92,84,91,93,83,81,85,91,81,89,83,87.0,84.0,85.0,87.67,86.33,88.0,81.67,91.67,88.0,86.33,87.67,83.67,88.6,83.0,86.0,86.0,85.92,86.92,87.17,86.64,85.0,86.33
86,81,85,87,86,80,83,90,85,88,93,88,90,84,94,87,88,83,80,87,85,82,86,91,93,88,87,85,85,86,80,86,85,85,91,93,91,85,93,88,84,85,80,93,87,81,80,84.0,84.33,86.0,89.67,89.33,86.0,84.0,86.33,89.33,85.33,83.67,89.67,88.2,82.5,90.0,80.5,86.0,86.42,87.33,87.18,84.33,86.25
83,88,90,82,88,82,90,91,81,90,92,94,89,92,84,90,81,84,88,85,86,82,86,91,84,82,89,95,89,82,81,88,88,87,81,92,83,92,88,83,86,90,83,80,85,83,90,87.0,84.0,87.33,92.0,88.33,85.0,86.33,86.33,85.0,88.67,85.67,86.67,86.4,86.5,82.5,86.5,87.58,86.5,86.83,86.24,85.17,86.47
81,95,83,93,88,92,80,80,83,93,81,85,82,80,91,90,84,80,87,86,91,81,87,86,88,94,84,89,83,88,80,95,80,95,80,88,81,82,89,86,86,80,87,89,86,95,84,86.33,91.0,81.0,86.33,84.33,84.67,88.0,84.67,88.67,86.67,85.0,87.67,84.8,83.5,87.5,89.5,86.17,85.42,87.67,85.82,86.83,86.38
84,95,84,89,81,85,92,83,88,84,91,83,87,93,89,81,84,87,95,95,82,81,83,91,87,93,90,90,91,94,83,95,87,84,85,94,92,93,81,93,92,95,84,81,90,89,92,87.67,85.0,87.67,86.0,89.67,84.0,90.67,85.0,90.0,91.67,88.33,87.67,90.2,89.5,85.5,90.5,86.58,87.33,90.83,88.73,88.5,88.4
93,82,85,88,81,88,84,91,86,84,93,88,86,94,93,93,83,91,94,90,80,80,80,80,92,80,85,87,88,80,84,83,90,95,80,80,91,87,89,89,80,80,86,90,95,83,95,86.67,85.67,87.0,88.33,91.0,89.0,88.0,80.0,85.67,85.0,85.67,85.0,87.2,83.0,92.5,89.0,86.92,87.0,85.33,85.96,88.17,86.67
80,91,92,92,86,89,89,81,85,88,92,82,93,90,89,82,81,86,88,91,92,80,82,87,95,88,95,93,95,92,95,80,85,85,80,87,91,81,80,91,84,85,91,89,85,84,86,87.67,89.0,85.0,87.33,90.67,83.0,90.33,83.0,92.67,93.33,86.67,84.0,85.4,88.0,87.0,85.0,87.25,86.75,93.0,85.36,86.67,87.8
94,94,93,80,94,87,86,94,82,83,92,84,92,94,87,85,85,81,85,85,90,85,93,83,81,82,91,86,94,80,95,89,85,91,84,81,88,95,87,88,89,83,87,89,88,91,85,93.67,87.0,87.33,86.33,91.0,83.67,86.67,87.0,84.67,86.67,89.67,85.33,89.4,85.0,88.5,88.0,88.58,87.08,85.67,88.13,87.17,87.33
94,84,83,92,80,85,94,83,90,91,88,93,89,85,93,81,86,84,81,89,90,81,89,86,95,95,92,87,84,81,82,92,91,81,85,92,89,86,95,90,86,86,94,95,82,94,86,87.0,85.67,89.0,90.67,89.0,83.67,86.67,85.33,94.0,84.0,88.33,86.0,89.2,90.0,88.5,90.0,88.08,86.17,89.0,87.84,89.5,88.12
86,93,93,90,93,87,83,91,83,87,92,82,92,94,92,91,83,86,80,82,94,94,88,89,84,94,88,92,83,83,94,91,81,89,94,82,82,85,90,86,88,94,95,80,90,92,87,90.67,90.0,85.67,87.0,92.67,86.67,85.33,90.33,88.67,86.0,88.67,88.33,86.2,94.5,85.0,89.5,88.33,88.75,87.33,87.73,89.67,88.36
83,94,87,83,81,81,82,85,94,89,85,87,84,88,89,95,86,90,88,95,86,86,89,94,90,89,89,93,94,80,91,87,87,82,81,88,94,88,83,95,92,92,88,92,87,83,91,88.0,81.67,87.0,87.0,87.0,90.33,89.67,89.67,89.33,89.0,88.33,83.67,90.4,90.0,89.5,87.0,85.92,89.17,89.17,87.47,88.83,88.11
91,87,93,90,94,90,93,84,87,81,94,80,90,95,83,93,85,82,81,88,82,81,84,82,80,93,87,95,93,80,88,94,84,84,85,87,92,95,80,81,88,82,82,92,93,85,86,90.33,91.33,88.0,85.0,89.33,86.67,83.67,82.33,86.67,89.33,88.67,85.33,87.2,82.0,92.5,85.5,88.67,85.5,88.0,87.07,86.67,87.18
88,86,92,89,86,83,88,82,80,83,83,91,84,85,91,83,95,94,80,88,91,87,89,81,86,81,93,89,92,87,94,82,82,95,89,95,90,82,82,81,87,80,87,82,90,94,86,88.67,86.0,83.33,85.67,86.67,90.67,86.33,85.67,86.67,89.33,86.0,93.0,84.4,83.5,86.0,90.0,85.92,87.33,88.0,87.8,86.5,87.11
83,80,95,94,86,91,90,95,84,80,89,85,93,85,89,91,80,83,85,86,89,82,91,90,89,86,80,81,85,89,81,80,89,89,87,85,88,83,94,85,91,87,93,83,88,80,94,86.0,90.33,89.67,84.67,89.0,84.67,86.67,87.67,85.0,85.0,83.33,87.0,88.2,90.0,85.5,87.0,87.67,87.0,85.0,86.18,87.5,86.67
85,91,85,84,95,88,88,85,81,87,93,95,90,82,91,94,91,94,83,92,93,81,94,80,87,94,91,89,83,83,91,84,91,87,83,89,85,88,92,93,91,94,90,82,81,88,91,87.0,89.0,84.67,91.67,87.67,93.0,89.33,85.0,90.67,85.0,88.67,86.33,89.8,92.0,81.5,89.5,88.08,88.75,87.83,88.27,87.67,88.12
88,81,81,81,93,87,84,85,82,93,89,93,94,94,87,95,95,91,92,95,90,93,90,83,80,91,95,80,84,88,84,94,91,87,86,84,94,91,92,90,83,85,89,92,82,88,94,83.33,87.0,83.67,91.67,91.67,93.67,92.33,88.67,88.67,84.0,89.67,85.67,90.0,87.0,87.0,91.0,86.42,91.58,86.33,88.44,88.33,88.22
88,91,81,94,94,83,93,93,84,82,93,94,95,88,90,90,87,86,82,84,82,88,86,80,90,92,85,89,90,85,87,88,93,85,82,82,82,81,89,85,88,81,87,92,83,80,87,86.67,90.33,90.0,89.67,91.0,87.67,82.67,84.67,89.0,88.0,89.33,83.0,85.0,84.0,87.5,83.5,89.17,86.5,88.5,85.78,85.0,86.99
83,80,86,86,90,89,94,93,80,81,89,82,95,86,88,93,83,85,94,82,86,86,82,80,84,92,83,93,85,85,84,84,80,89,82,91,87,85,86,94,85,82,82,85,81,82,86,83.0,88.33,89.0,84.0,89.67,87.0,87.33,82.67,86.33,87.67,82.67,87.33,87.4,82.0,83.0,84.0,86.08,86.67,87.0,85.8,83.0,85.71
81,89,95,91,85,91,92,93,85,88,94,88,80,90,82,92,82,81,93,90,80,84,91,95,84,87,80,87,92,90,94,84,91,94,80,86,95,88,91,86,80,86,89,92,89,94,80,88.33,89.0,90.0,90.0,84.0,85.0,87.67,90.0,83.67,89.67,89.67,86.67,88.0,87.5,90.5,87.0,89.33,86.67,86.67,88.11,88.33,87.82
80,93,83,94,89,93,88,88,84,90,94,83,82,88,93,86,93,82,81,88,92,85,93,91,81,90,93,90,90,88,83,95,81,82,87,94,91,88,82,93,89,88,93,80,94,91,91,85.33,92.0,86.67,89.0,87.67,87.0,87.0,89.67,88.0,89.33,86.33,87.67,88.6,90.5,87.0,91.0,88.25,87.83,88.67,87.53,89.5,88.36
93,82,90,90,89,85,84,87,86,87,87,88,88,89,82,83,90,95,90,88,83,86,90,92,80,90,83,86,82,82,88,91,81,84,80,85,89,84,89,89,84,81,94,95,87,83,93,88.33,88.0,85.67,87.33,86.33,89.33,87.0,89.33,84.33,83.33,86.67,83.0,87.0,87.5,91.0,88.0,87.33,88.0,83.83,85.56,88.83,86.71
86,93,85,88,81,89,86,82,95,90,83,92,87,92,85,88,81,93,90,91,94,91,92,84,82,84,84,84,83,95,88,81,81,92,83,92,82,95,92,85,92,88,83,86,93,86,82,88.0,86.0,87.67,88.33,88.0,87.33,91.67,89.0,83.33,87.33,83.33,89.0,89.2,85.5,89.5,84.0,87.5,89.0,85.33,87.18,86.33,87.07
93,82,80,91,92,89,91,85,81,94,88,88,92,91,92,89,88,89,95,89,86,90,91,92,89,80,93,91,81,81,94,93,87,91,91,80,81,88,85,88,85,86,87,95,86,86,90,85.0,90.67,85.67,90.0,91.67,88.67,90.0,91.0,87.33,84.33,91.33,87.33,85.4,86.5,90.5,88.0,87.83,90.33,85.83,88.02,88.33,88.07
85,81,95,92,84,86,84,81,93,86,84,85,86,89,89,88,91,84,87,84,93,84,85,84,94,92,86,82,95,81,80,88,93,87,95,84,85,82,85,82,83,80,91,94,93,89,89,87.0,87.33,86.0,85.0,88.0,87.67,88.0,84.33,90.67,86.0,87.0,88.67,83.4,85.5,93.5,89.0,86.33,87.0,88.33,86.36,89.33,87.47
90,90,86,92,86,94,89,91,90,85,89,94,82,93,82,86,82,91,93,84,81,92,85,87,88,95,92,82,84,85,94,91,88,94,80,80,95,85,93,87,85,88,92,94,92,81,84,88.67,90.67,90.0,89.33,85.67,86.33,86.0,88.0,91.67,83.67,91.0,84.67,89.0,90.0,93.0,82.5,89.67,86.5,87.67,88.22,88.5,88.11
84,91,85,94,87,86,93,92,89,91,94,84,91,95,84,89,95,93,82,88,94,89,86,84,82,82,86,85,88,85,91,91,86,95,89,84,87,91,83,85,87,88,94,89,92,82,92,86.67,89.0,91.33,89.67,90.0,92.33,88.0,86.33,83.33,86.0,89.33,89.33,86.6,91.0,90.5,87.0,89.17,89.17,84.67,88.42,89.5,88.18
83,80,84,80,89,84,86,91,87,95,88,92,91,94,91,85,89,95,90,84,88,83,88,80,91,90,95,95,85,87,92,83,87,84,88,80,81,89,88,89,82,83,85,88,89,87,83,82.33,84.33,88.0,91.67,92.0,89.67,87.33,83.67,92.0,89.0,87.33,84.0,85.8,84.0,88.5,85.0,86.58,88.17,90.5,85.71,85.83,87.36
86,81,92,88,89,91,93,92,93,93,95,81,86,88,86,93,86,90,90,87,87,83,90,87,91,90,93,82,83,81,90,85,87,92,90,94,93,80,80,81,89,89,88,83,91,80,95,86.33,89.33,92.67,89.67,86.67,89.67,88.0,86.67,91.33,82.0,87.33,92.0,84.6,88.5,87.0,87.5,89.5,87.75,86.67,87.98,87.67,87.91
94,91,86,86,87,81,83,91,80,81,88,86,92,92,86,91,82,92,81,93,91,91,92,81,85,86,83,87,83,94,87,93,88,90,85,93,94,94,89,88,92,88,82,84,90,88,82,90.33,84.67,84.67,85.0,90.0,88.33,88.33,88.0,84.67,88.0,89.33,89.33,91.4,85.0,87.0,85.0,86.17,88.67,86.33,90.02,85.67,87.37
80,85,83,82,92,90,93,94,90,80,94,84,90,90,89,81,84,86,81,92,91,89,93,82,90,81,94,93,89,82,91,86,94,88,88,88,84,85,91,82,84,89,85,85,94,84,80,82.67,88.0,92.33,86.0,89.67,83.67,88.0,88.0,88.33,88.0,90.33,88.0,85.2,87.0,89.5,82.0,87.25,87.33,88.17,87.84,86.17,87.35
86,90,92,94,85,90,93,81,83,82,83,88,84,84,82,80,92,90,92,90,85,84,88,95,85,86,82,93,87,90,87,91,87,84,88,80,84,82,87,84,81,93,82,83,93,88,88,89.33,89.67,85.67,84.33,83.33,87.33,89.0,89.0,84.33,90.0,88.33,84.0,83.6,87.5,88.0,88.0,87.25,87.17,87.17,85.31,87.83,86.95
90,95,92,81,83,82,92,84,84,88,84,80,82,82,87,84,88,80,94,92,85,87,95,85,86,85,86,94,83,93,86,84,86,91,80,85,81,91,83,81,84,82,83,82,86,88,91,92.33,82.0,86.67,84.0,83.67,84.0,90.33,89.0,85.67,90.0,85.33,85.33,84.0,82.5,84.0,89.5,86.25,86.75,87.83,84.89,85.33,86.21
83,91,92,81,87,84,94,95,91,83,80,87,87,94,83,92,94,84,88,82,90,80,83,90,88,95,84,93,84,92,93,90,90,82,94,95,90,93,89,93,81,84,87,80,86,94,93,88.67,84.0,93.33,83.33,88.0,90.0,86.67,84.33,89.0,89.67,91.0,90.33,89.2,85.5,83.0,93.5,87.33,87.25,89.33,90.18,87.33,88.29
92,88,89,95,91,93,94,80,84,91,92,80,91,87,82,82,89,85,86,95,90,81,95,89,91,86,85,81,81,94,89,95,92,84,81,82,85,82,80,89,81,92,85,93,95,82,86,89.67,93.0,86.0,87.67,86.67,85.33,90.33,88.33,87.33,85.33,92.0,82.33,83.4,88.5,94.0,84.0,89.08,87.67,86.33,85.91,88.83,87.57
87,83,93,88,81,84,82,86,80,92,93,90,94,84,95,86,87,95,81,86,87,91,93,84,87,95,94,89,92,94,94,88,88,84,85,93,91,86,93,87,93,94,88,90,84,93,87,87.67,84.33,82.67,91.67,91.0,89.33,84.67,89.33,92.0,91.67,90.0,87.33,90.0,91.0,87.0,90.0,86.58,88.58,91.83,89.11,89.33,89.09
83,85,87,85,82,90,81,80,80,93,94,84,93,90,92,82,90,91,86,81,92,86,91,86,93,93,95,90,95,87,94,87,89,83,94,86,81,82,93,88,83,87,89,90,83,82,88,85.0,85.67,80.33,90.33,91.67,87.67,86.33,87.67,93.67,90.67,90.0,87.67,85.4,88.0,86.5,85.0,85.33,88.33,92.17,87.69,86.5,88.0
94,88,92,90,82,88,83,86,95,93,90,80,89,86,83,93,90,82,90,83,90,89,89,86,83,86,90,85,82,89,84,90,87,87,86,88,87,89,85,83,92,91,81,82,81,81,86,91.33,86.67,88.0,87.67,86.0,88.33,87.67,88.0,86.33,85.33,87.0,87.0,87.2,86.0,81.5,83.5,88.42,87.5,85.83,87.07,83.67,86.5
86,93,81,88,84,85,93,82,95,89,88,91,81,81,88,95,89,91,86,85,84,90,87,81,81,81,90,94,89,95,93,83,82,87,90,92,82,82,93,83,95,94,93,84,80,93,88,86.67,85.67,90.0,89.33,83.33,91.67,85.0,86.0,84.0,92.67,86.0,89.67,87.0,93.5,82.0,90.5,87.92,86.5,88.33,87.56,88.67,87.79
84,81,87,90,95,82,93,84,86,91,84,86,95,92,87,89,95,86,93,93,88,87,84,84,93,91,84,94,90,85,87,84,83,92,84,92,81,92,95,82,80,86,80,81,85,82,81,84.0,89.0,87.67,87.0,91.33,90.0,91.33,85.0,89.33,89.67,84.67,89.33,86.0,83.0,83.0,81.5,86.92,89.42,89.5,86.67,82.5,87.0
92,91,90,90,89,87,93,87,90,92,92,86,87,88,92,82,80,87,95,83,93,94,92,95,88,82,91,88,87,93,89,84,95,85,85,86,86,88,90,82,83,87,91,80,94,91,83,91.0,88.67,90.0,90.0,89.0,83.0,90.33,93.67,87.0,89.33,89.33,85.33,85.8,89.0,87.0,87.0,89.92,89.0,88.17,86.82,87.67,88.31
89,95,90,94,93,81,92,80,81,84,82,80,93,84,80,93,90,95,83,85,86,83,81,90,88,95,86,86,88,90,85,82,81,82,90,89,93,92,84,86,87,83,94,86,94,87,91,91.33,89.33,84.33,82.0,85.67,92.67,84.67,84.67,89.67,88.0,82.67,87.0,88.4,88.5,90.0,89.0,86.75,86.92,88.83,86.02,89.17,87.54
95,90,82,88,80,83,90,95,88,90,85,84,84,85,95,89,86,92,92,84,91,84,89,80,85,86,95,84,89,87,81,86,81,92,92,81,81,92,88,87,80,89,83,88,86,85,82,89.0,83.67,91.0,86.33,88.0,89.0,89.0,84.33,88.67,86.67,82.67,88.33,85.6,86.0,87.0,83.5,87.5,87.58,87.67,85.53,85.5,86.76
92,92,90,90,90,93,81,82,87,86,85,92,94,93,93,92,94,85,90,95,84,82,84,84,88,88,82,90,86,90,92,84,90,80,85,90,93,83,95,82,83,87,85,94,80,93,91,91.33,91.0,83.33,87.67,93.33,90.33,89.67,83.33,86.0,88.67,88.67,85.0,87.2,86.0,87.0,92.0,88.33,89.17,87.33,86.96,88.33,88.02
94,83,80,92,92,92,89,85,94,95,92,93,83,80,87,87,94,87,92,90,80,91,93,87,90,81,93,88,89,95,80,80,83,89,93,86,91,91,84,87,86,93,83,85,94,92,91,85.67,92.0,89.33,93.33,83.33,89.33,87.33,90.33,88.0,90.67,81.0,89.33,87.8,88.0,89.5,91.5,90.08,87.58,89.33,86.04,89.67,88.54
81,83,93,86,84,93,83,87,95,95,94,94,92,81,85,81,90,95,92,87,81,88,94,94,84,90,88,89,87,92,81,95,86,82,80,90,91,85,88,84,88,82,82,94,94,92,89,85.67,87.67,88.33,94.33,86.0,88.67,86.67,92.0,87.33,89.33,87.33,84.0,87.2,82.0,94.0,90.5,89.0,88.33,88.33,86.18,88.83,88.14
88,87,81,86,88,90,82,86,93,95,94,94,83,81,85,88,95,94,85,80,84,86,93,87,92,91,95,85,90,94,85,82,80,92,90,83,81,83,82,85,87,86,86,83,82,86,88,85.33,88.0,87.0,94.33,83.0,92.33,83.0,88.67,92.67,89.67,82.33,88.33,83.6,86.0,82.5,87.0,88.67,86.75,91.17,84.76,85.17,87.3
83,95,91,95,85,89,84,85,88,91,89,89,83,84,86,80,93,87,89,89,92,93,90,95,81,90,91,95,83,90,82,88,95,88,80,83,93,84,88,86,91,90,82,93,92,92,81,89.67,89.67,85.67,89.67,84.33,86.67,90.0,92.67,87.33,89.33,88.33,83.67,88.4,86.0,92.5,86.5,88.67,88.42,88.33,86.8,88.33,88.11
94,85,86,92,91,84,80,91,91,93,89,85,90,93,91,81,93,84,93,89,90,90,86,85,90,92,95,81,90,92,87,89,89,80,88,82,91,91,89,82,95,87,84,81,91,80,80,88.33,89.0,87.33,89.0,91.33,86.0,90.67,87.0,92.33,87.67,88.33,83.33,89.6,85.5,86.0,80.0,88.42,88.75,90.0,87.09,83.83,87.62
89,93,85,93,86,87,82,92,94,89,87,81,95,86,83,94,88,84,84,81,87,95,84,94,87,94,87,91,89,81,87,85,92,80,92,95,80,85,95,91,92,91,81,86,87,91,95,89.0,88.67,89.33,85.67,88.0,88.67,84.0,91.0,89.33,87.0,88.0,89.0,88.6,86.0,86.5,93.0,88.17,87.92,88.17,88.53,88.5,88.26
85,94,94,88,87,93,88,92,80,81,88,81,95,90,83,95,87,92,89,90,81,86,88,81,93,89,81,80,90,80,85,90,82,80,92,80,89,91,89,87,86,95,87,80,93,84,82,91.0,89.33,86.67,83.33,89.33,91.33,86.67,85.0,87.67,83.33,85.67,84.0,88.4,91.0,86.5,83.0,87.58,88.08,85.5,86.02,86.83,86.8
92,86,88,88,82,90,82,81,85,95,94,91,93,80,84,91,95,83,86,85,93,93,86,82,80,87,83,85,94,88,90,89,87,84,89,88,92,85,81,94,90,94,91,92,91,94,95,88.67,86.67,82.67,93.33,85.67,89.67,88.0,87.0,83.33,89.0,88.67,87.0,88.4,92.5,91.5,94.5,87.83,87.58,86.17,88.02,92.83,88.49
86,88,91,90,87,86,90,82,92,84,88,94,81,93,92,81,89,86,94,92,90,90,87,83,90,91,81,93,93,86,87,80,84,89,87,90,82,88,86,81,94,84,84,89,95,94,83,88.33,87.67,88.0,88.67,88.67,85.33,92.0,86.67,87.33,90.67,83.67,88.67,86.2,84.0,92.0,88.5,88.17,88.17,89.0,86.18,88.17,87.94
82,93,87,87,88,94,88,87,92,87,80,84,92,81,94,85,91,82,92,94,87,93,94,87,81,94,92,85,89,86,91,90,90,81,80,92,92,92,87,82,95,95,86,82,82,87,94,87.33,89.67,89.0,83.67,89.0,86.0,91.0,91.33,89.0,86.67,90.33,84.33,89.6,90.5,82.0,90.5,87.42,89.33,87.83,88.09,87.67,88.07
93,88,90,85,80,86,83,83,80,86,89,84,88,80,85,86,91,82,82,90,92,94,83,84,82,94,83,84,95,80,87,90,85,95,89,82,87,87,80,93,95,87,81,81,80,85,83,90.33,83.67,82.0,86.33,84.33,86.33,88.0,87.0,86.33,86.33,87.33,88.67,88.4,84.0,80.5,84.0,85.58,86.42,86.33,88.13,82.83,85.86
87,95,82,80,88,90,80,91,87,87,91,95,88,93,80,94,83,89,86,83,84,95,91,92,94,82,84,95,91,95,82,93,84,91,91,83,87,82,89,93,90,93,93,85,90,89,86,88.0,86.0,86.0,91.0,87.0,88.67,84.33,92.67,86.67,93.67,86.33,88.33,88.2,93.0,87.5,87.5,87.75,88.17,90.17,87.62,89.33,88.61
90,83,91,89,86,90,86,86,91,88,94,87,90,81,82,81,81,95,80,94,80,95,89,82,82,91,88,80,84,92,91,85,82,83,83,90,95,91,86,88,86,90,81,89,84,82,93,88.0,88.33,87.67,89.67,84.33,85.67,84.67,88.67,87.0,85.33,86.0,85.33,89.2,85.5,86.5,87.5,88.42,85.83,86.17,86.84,86.5,86.75
84,95,87,81,83,88,90,93,92,87,85,92,91,88,87,80,91,85,86,91,93,94,89,88,92,95,89,80,88,94,92,95,95,80,88,89,81,88,91,82,89,92,92,81,91,92,95,88.67,84.0,91.67,88.0,88.67,85.33,90.0,90.33,92.0,87.33,94.0,85.67,86.2,92.0,86.0,93.5,88.08,88.58,89.67,88.62,90.5,89.09
93,89,94,91,93,91,84,83,83,85,93,82,81,90,94,80,92,85,82,86,88,80,95,83,92,85,92,85,83,87,89,88,86,84,81,82,88,82,87,90,81,87,83,93,85,81,82,92.0,91.67,83.33,86.67,88.33,85.67,85.33,86.0,89.67,85.0,87.67,82.33,85.6,85.0,89.0,81.5,88.42,86.33,87.33,85.2,85.17,86.49
88,82,85,91,87,94,85,93,92,87,91,93,83,86,88,80,86,91,88,89,95,93,91,92,94,84,95,92,92,88,86,89,92,84,84,90,84,84,88,85,87,89,91,80,90,81,92,85.0,90.67,90.0,90.33,85.67,85.67,90.67,92.0,91.0,90.67,89.0,86.0,85.6,90.0,85.0,86.5,89.0,88.5,90.83,86.87,87.17,88.47
81,81,84,83,86,85,86,94,83,95,85,82,85,91,82,85,93,83,95,89,80,82,90,89,88,83,81,94,95,82,81,95,89,87,85,86,92,81,83,86,83,85,85,91,89,81,86,82.0,84.67,87.67,87.33,86.0,87.0,88.0,87.0,84.0,90.33,88.33,86.0,85.0,85.0,90.0,83.5,85.42,87.0,87.17,86.44,86.17,86.44
84,95,86,81,81,94,89,94,88,83,91,90,92,85,89,82,93,91,80,80,89,84,84,95,88,85,92,84,85,87,90,90,86,90,83,92,81,91,83,95,90,95,93,85,95,87,83,88.33,85.33,90.33,88.0,88.67,88.67,83.0,87.67,88.33,85.33,88.67,88.33,88.0,94.0,90.0,85.0,88.0,87.0,86.83,88.33,89.67,87.97
81,94,80,91,95,88,91,83,87,89,81,84,94,93,93,84,93,89,84,81,89,85,92,80,84,84,91,92,81,95,94,82,95,88,90,94,91,82,83,87,89,94,94,82,82,95,84,85.0,91.33,87.0,84.67,93.33,88.67,84.67,85.67,86.33,89.33,90.33,90.67,86.4,94.0,82.0,89.5,87.0,88.08,87.83,89.13,88.5,88.11
90,84,92,80,81,92,86,92,83,90,88,91,87,81,85,92,89,86,90,80,80,84,95,84,87,83,92,86,85,94,95,80,87,84,81,91,89,95,89,93,88,86,87,94,86,90,82,88.67,84.33,87.0,89.67,84.33,89.0,83.33,87.67,87.33,88.33,87.33,85.33,90.8,86.5,90.0,86.0,87.42,86.08,87.83,87.82,87.5,87.33
82,88,92,83,85,85,86,89,86,92,91,90,83,84,95,81,85,89,94,91,95,89,93,92,86,83,82,83,81,87,95,85,88,95,91,88,95,86,80,82,80,94,88,95,86,92,80,87.33,84.33,87.0,91.0,87.33,85.0,93.33,91.33,83.67,83.67,89.33,91.33,84.6,91.0,90.5,86.0,87.42,89.25,83.67,88.42,89.17,87.58
82,86,86,89,81,85,86,82,83,86,84,91,92,84,80,88,92,87,80,80,95,80,89,90,93,81,84,89,86,80,80,93,91,94,93,92,81,80,88,95,80,95,91,82,92,95,80,84.67,85.0,83.67,87.0,85.33,89.0,85.0,86.33,86.0,85.0,88.0,93.0,84.8,93.0,87.0,87.5,85.08,86.42,85.5,88.6,89.17,86.95
84,94,86,84,91,88,94,84,83,84,83,82,92,95,88,90,85,82,91,89,80,86,86,95,81,86,84,81,95,90,91,83,81,93,94,95,84,83,94,92,95,95,95,86,86,89,93,88.0,87.67,87.0,83.0,91.67,85.67,86.67,89.0,83.67,88.67,85.0,94.0,89.6,95.0,86.0,91.0,86.42,88.25,86.17,89.53,90.67,88.21
85,86,81,85,86,92,86,93,94,91,93,87,91,95,81,81,94,94,85,85,87,84,90,88,93,84,85,83,90,88,87,89,85,82,93,80,88,83,80,86,80,84,88,95,80,91,91,84.0,87.67,91.0,90.33,89.0,89.67,85.67,87.33,87.33,87.0,87.0,85.0,83.4,86.0,87.5,91.0,88.25,87.92,87.17,85.13,88.17,87.33
84,91,91,92,88,91,92,94,82,81,85,92,85,81,81,91,87,89,90,93,84,92,88,92,80,82,91,91,89,84,91,83,91,94,90,81,87,84,89,87,92,89,94,90,89,89,90,88.67,90.33,89.33,86.0,82.33,89.0,89.0,90.67,84.33,88.0,88.33,88.33,87.8,91.5,89.5,89.5,88.58,87.75,86.17,88.16,90.17,88.16
81,82,89,92,91,92,89,87,88,93,82,95,90,90,94,86,89,80,83,88,94,87,92,81,95,84,93,94,88,91,95,92,85,88,86,93,83,82,84,89,95,91,83,82,88,85,91,84.0,91.67,88.0,90.0,91.33,85.0,88.33,86.67,90.67,91.0,90.67,89.0,86.6,87.0,85.0,88.0,88.42,87.83,90.83,88.76,86.67,88.5
91,92,86,84,87,87,93,89,80,93,88,85,82,83,83,88,81,82,95,83,81,83,80,89,81,92,82,83,84,94,80,82,93,89,86,89,85,84,86,86,86,93,80,93,80,85,94,89.67,86.0,87.33,88.67,82.67,83.67,86.33,84.0,85.0,87.0,85.0,88.0,85.4,86.5,86.5,89.5,87.92,84.17,86.0,86.13,87.5,86.34
85,90,86,87,83,87,91,90,80,84,93,85,82,95,93,95,87,95,88,88,86,80,91,81,83,88,92,85,91,85,95,91,89,83,89,87,94,88,94,92,86,94,95,89,84,82,83,87.0,85.67,87.0,87.33,90.0,92.33,87.33,84.0,87.67,87.0,91.67,86.33,90.8,94.5,86.5,82.5,86.75,88.42,87.33,89.6,87.83,87.99
82,90,88,82,83,82,91,90,95,89,94,80,83,90,87,95,86,87,87,85,86,87,85,88,80,95,85,90,92,84,82,87,84,95,90,92,87,95,83,94,90,95,88,81,85,81,91,86.67,82.33,92.0,87.67,86.67,89.33,86.0,86.67,86.67,88.67,84.33,92.33,89.8,91.5,83.0,86.0,87.17,87.17,87.67,88.82,86.83,87.53
90,86,94,83,80,90,95,88,91,87,91,88,94,82,94,92,95,89,92,93,82,88,82,94,89,89,81,88,81,85,90,87,95,93,81,88,93,87,85,90,89,94,88,93,85,92,85,90.0,84.33,91.33,88.67,90.0,92.0,89.0,88.0,86.33,84.67,90.67,87.33,88.8,91.0,89.0,88.5,88.58,89.75,85.5,88.93,89.5,88.45
81,90,85,93,94,92,94,83,80,84,84,89,93,81,95,82,88,83,91,89,94,80,87,85,83,81,88,90,91,95,88,86,87,87,89,87,88,92,89,95,92,93,89,92,93,85,84,85.33,93.0,85.67,85.67,89.67,84.33,91.33,84.0,84.0,92.0,87.0,87.67,91.2,91.0,92.5,84.5,87.42,87.33,88.0,88.62,89.33,88.14
89,86,85,89,93,89,89,93,86,81,82,89,95,89,91,94,91,86,83,85,95,86,95,86,81,81,80,93,91,93,82,87,85,85,93,83,95,95,80,93,91,95,82,84,90,86,94,86.67,90.33,89.33,84.0,91.67,90.33,87.67,89.0,80.67,92.33,84.67,87.0,90.8,88.5,87.0,90.0,87.58,89.67,86.5,87.49,88.5,87.95
92,81,93,90,86,84,83,87,91,86,84,91,88,83,88,85,93,94,92,82,91,80,80,83,87,94,93,89,89,85,91,94,81,87,88,83,85,84,90,92,80,85,86,88,93,89,89,88.67,86.67,87.0,87.0,86.33,90.67,88.33,81.0,91.33,87.67,88.67,86.0,86.2,85.5,90.5,89.0,87.33,86.58,89.5,86.96,88.33,87.74
82,93,81,93,88,91,88,89,89,89,91,84,86,84,93,84,89,86,86,80,90,85,84,87,91,86,89,82,92,87,87,95,81,95,82,95,85,93,91,87,83,85,92,87,83,90,84,85.33,90.67,88.67,88.0,87.67,86.33,85.33,85.33,88.67,87.0,87.67,90.67,87.8,88.5,85.0,87.0,88.17,86.17,87.83,88.71,86.83,87.54
90,91,94,84,86,88,85,95,83,83,93,83,83,90,84,81,82,81,83,93,82,95,84,93,93,90,95,86,95,86,87,83,81,80,80,84,89,84,80,92,88,83,85,80,89,86,90,91.67,86.0,87.67,86.33,85.67,81.33,86.0,90.67,92.67,89.0,83.67,81.33,86.6,84.0,84.5,88.0,87.92,85.92,90.83,83.87,85.5,86.81
80,83,91,87,80,81,90,95,91,88,91,95,86,87,81,82,82,93,87,87,89,82,89,93,86,91,92,84,84,94,93,93,94,80,81,92,94,82,86,86,93,94,91,83,93,89,92,84.67,82.67,92.0,91.33,84.67,85.67,87.67,88.0,89.67,87.33,93.33,84.33,88.2,92.5,88.0,90.5,87.67,86.5,88.5,88.62,90.33,88.32
84,86,91,92,80,89,88,85,90,84,94,94,92,84,95,80,86,85,81,93,85,95,94,95,82,85,85,94,90,83,92,80,90,91,88,85,91,90,88,87,83,84,83,86,81,83,93,87.0,87.0,87.67,90.67,90.33,83.67,86.33,94.67,84.0,89.0,87.33,88.0,87.8,83.5,83.5,88.0,88.08,88.75,86.5,87.71,85.0,87.21
81,83,81,85,94,85,84,94,82,83,86,89,92,83,85,95,84,80,81,81,91,84,82,82,94,81,83,84,86,92,82,83,81,87,81,87,94,91,89,91,83,93,81,80,89,82,89,81.67,88.0,86.67,86.0,86.67,86.33,84.33,82.67,86.0,87.33,82.0,85.0,89.6,87.0,84.5,85.5,85.58,85.0,86.67,85.53,85.67,85.69
90,91,89,93,94,93,94,85,92,81,83,85,91,81,87,81,90,87,89,84,91,87,92,92,86,80,91,81,82,93,90,83,83,82,81,91,82,92,92,88,81,82,94,80,93,87,86,90.0,93.33,90.33,83.0,86.33,86.0,88.0,90.33,85.67,85.33,85.33,84.67,87.0,88.0,86.5,86.5,89.17,87.67,85.5,85.67,87.0,87.0
90,80,81,89,92,85,82,83,84,85,80,89,83,84,92,85,87,93,89,85,85,91,90,88,83,94,95,91,89,85,94,94,93,86,90,84,89,89,83,82,84,80,92,88,87,83,85,83.67,88.67,83.0,84.67,86.33,88.33,86.33,89.67,90.67,88.33,93.67,86.67,85.4,86.0,87.5,84.0,85.0,87.67,89.5,88.58,85.83,87.32
85,94,84,82,88,81,95,95,88,92,90,90,95,93,88,91,95,82,90,85,88,91,81,82,86,92,87,80,93,85,94,81,81,83,88,85,81,83,81,90,91,87,83,91,90,81,81,87.67,83.67,92.67,90.67,92.0,89.33,87.67,84.67,88.33,86.0,85.33,85.33,85.2,85.0,90.5,81.0,88.67,88.42,87.17,85.29,85.5,87.01
83,86,87,93,87,83,87,91,83,82,90,91,83,83,83,84,93,95,93,81,82,95,90,93,86,81,86,81,95,91,81,88,88,92,87,93,90,87,94,80,85,90,80,90,80,89,85,85.33,87.67,87.0,87.67,83.0,90.67,85.33,92.67,84.33,89.0,85.67,90.67,87.2,85.0,85.0,87.0,86.92,87.92,86.67,87.84,85.67,87.0
90,83,87,85,85,88,88,81,92,85,94,90,88,81,80,91,83,89,90,95,90,88,93,93,94,88,84,84,86,91,92,94,82,81,88,80,93,82,86,88,86,87,90,87,93,80,95,86.67,86.0,87.0,89.67,83.0,87.67,91.67,91.33,88.67,87.0,89.33,83.0,87.0,88.5,90.0,87.5,87.33,88.42,87.83,86.44,88.67,87.74
93,89,84,93,85,91,88,86,92,80,83,91,82,88,94,84,85,85,82,93,87,94,94,85,91,82,91,91,91,84,87,87,82,87,92,88,83,87,84,94,88,92,85,80,87,94,86,88.67,89.67,88.67,84.67,88.0,84.67,87.33,91.0,88.0,88.67,85.33,89.0,87.2,88.5,83.5,90.0,87.92,87.75,88.33,87.18,87.33,87.7
88,83,88,95,89,81,86,85,93,87,87,95,85,88,80,92,87,86,80,90,82,80,88,82,91,82,86,91,90,87,95,91,82,86,88,86,86,84,92,91,80,84,83,84,81,89,93,86.33,88.33,88.0,89.67,84.33,88.33,84.0,83.33,86.33,89.33,89.33,86.67,86.6,83.5,82.5,91.0,88.08,85.0,87.83,87.53,85.67,86.82
95,83,87,88,85,88,88,91,85,84,88,83,92,95,88,86,95,88,90,88,88,91,87,81,81,83,90,90,91,89,88,93,92,90,87,90,83,81,91,86,81,80,85,89,90,83,82,88.33,87.0,88.0,85.0,91.67,89.67,88.67,86.33,84.67,90.0,91.0,89.0,84.4,82.5,89.5,82.5,87.08,89.08,87.33,88.13,84.83,87.29
82,91,88,89,87,89,86,81,91,86,94,90,95,84,91,89,89,89,86,95,88,90,88,93,91,93,93,95,87,93,85,90,81,95,81,85,91,81,84,86,95,85,81,86,84,82,92,87.0,88.33,86.0,90.0,90.0,89.0,89.67,90.33,92.33,91.67,85.33,87.0,87.4,83.0,85.0,87.0,87.83,89.75,92.0,86.58,85.0,88.23
90,86,91,81,88,84,95,90,85,90,93,91,87,87,94,86,92,90,81,86,91,88,90,93,85,90,81,92,89,82,92,82,89,94,86,89,89,85,82,84,81,85,87,83,84,88,95,89.0,84.33,90.0,91.33,89.33,89.33,86.0,90.33,85.33,87.67,87.67,89.67,84.2,86.0,83.5,91.5,88.67,88.75,86.5,87.18,87.0,87.62
90,87,80,88,90,92,92,93,82,85,92,86,87,84,82,81,93,87,87,91,95,94,82,82,95,80,92,93,83,81,95,87,92,87,88,84,90,89,84,84,94,82,94,91,84,93,90,85.67,90.0,89.0,87.67,84.33,87.0,91.0,86.0,89.0,85.67,91.33,86.33,88.2,88.0,87.5,91.5,88.08,87.08,87.33,88.62,89.0,88.02
94,85,88,90,83,80,83,90,95,89,92,92,93,82,80,84,84,82,80,82,89,84,94,88,84,86,86,94,90,87,94,93,84,93,80,81,84,86,92,95,84,81,94,86,80,94,84,89.0,84.33,89.33,91.0,85.0,83.33,83.67,88.67,85.33,90.33,90.33,84.67,88.2,87.5,83.0,89.0,88.42,85.17,87.83,87.73,86.5,87.13
93,91,84,80,95,84,89,89,82,80,87,91,80,81,87,86,82,87,86,82,95,90,87,84,86,90,85,82,92,92,92,90,80,87,95,81,89,80,95,94,88,93,84,85,85,87,94,89.33,86.33,86.67,86.0,82.67,85.0,87.67,87.0,87.0,88.67,87.33,87.67,89.2,88.5,85.0,90.5,87.08,85.58,87.83,88.07,88.0,87.31
87,93,84,80,86,85,90,94,95,90,94,85,94,86,93,90,88,85,80,87,95,87,80,87,82,83,86,81,95,83,89,90,85,94,85,90,87,81,92,95,85,91,95,85,90,93,95,88.0,83.67,93.0,89.67,91.0,87.67,87.33,84.67,83.67,86.33,88.0,89.67,88.0,93.0,87.5,94.0,88.58,87.67,85.0,88.56,91.5,88.26
94,87,83,83,86,93,90,82,88,92,90,84,95,88,82,80,85,84,95,90,88,93,84,87,92,89,90,94,82,88,94,95,88,91,80,83,89,95,91,85,81,84,91,85,94,95,95,88.0,87.33,86.67,88.67,88.33,83.0,91.0,88.0,90.33,88.0,92.33,84.67,88.2,87.5,89.5,95.0,87.67,87.58,89.17,88.4,90.67,88.7
84,90,86,84,90,81,82,84,89,83,94,85,80,94,90,94,93,81,92,81,92,80,85,82,82,81,87,87,82,87,90,80,85,81,90,91,83,81,81,80,86,94,86,81,82,87,80,86.67,85.0,85.0,87.33,88.0,89.33,88.33,82.33,83.33,85.33,85.0,87.33,82.2,90.0,81.5,83.5,86.0,87.0,84.33,84.84,85.0,85.44
84,82,83,89,90,86,81,91,86,80,91,92,87,80,83,92,89,85,89,80,87,86,95,84,80,93,80,80,84,82,86,92,87,89,83,82,82,82,92,86,90,80,83,86,92,89,84,83.0,88.33,86.0,87.67,83.33,88.67,85.33,88.33,84.33,82.0,88.33,84.67,86.4,81.5,89.0,86.5,86.25,86.42,83.17,86.47,85.67,85.59
91,81,80,88,80,83,81,87,95,89,82,95,92,87,80,92,90,85,84,95,82,80,90,85,86,92,93,85,92,93,84,82,92,80,95,86,82,81,81,81,95,80,81,93,80,84,92,84.0,83.67,87.67,88.67,86.33,89.0,87.0,85.0,90.33,90.0,86.0,87.0,84.0,80.5,86.5,88.0,86.0,86.83,90.17,85.67,85.0,86.73
86,95,87,89,93,82,95,81,93,95,93,91,89,92,94,82,83,84,87,80,84,90,90,84,81,95,88,83,82,93,84,94,92,88,83,93,88,91,87,84,82,85,84,88,80,85,83,89.33,88.0,89.67,93.0,91.67,83.0,83.67,88.0,88.0,86.0,90.0,88.0,86.4,84.5,84.0,84.0,90.0,86.58,87.0,88.13,84.17,87.18
89,81,92,81,92,88,95,93,90,83,89,88,94,81,95,89,85,84,86,82,92,83,93,95,91,82,89,93,81,95,88,90,89,94,93,86,91,88,88,95,80,80,84,89,89,94,90,87.33,87.0,92.67,86.67,90.0,86.0,86.67,90.33,87.33,89.67,89.0,91.0,88.4,82.0,89.0,92.0,88.42,88.25,88.5,89.47,87.67,88.46
87,95,80,90,91,80,95,93,84,84,94,83,84,95,94,81,90,88,94,91,91,95,86,91,91,80,84,81,92,87,85,86,85,88,80,82,89,85,80,87,82,85,82,92,90,83,88,87.33,87.0,90.67,87.0,91.0,86.33,92.0,90.67,85.0,86.67,85.33,83.33,84.6,83.5,91.0,85.5,88.0,90.0,85.83,84.42,86.67,86.98
88,81,88,93,87,82,95,83,90,83,84,84,85,80,90,88,89,93,92,92,89,86,85,95,86,82,92,83,81,90,85,88,83,90,85,86,86,88,94,94,87,84,93,88,92,95,95,85.67,87.33,89.33,83.67,85.0,90.0,91.0,88.67,86.67,84.67,85.33,87.0,89.8,88.5,90.0,95.0,86.5,88.67,85.67,87.38,91.17,87.88
94,81,94,94,84,92,90,91,85,93,93,86,94,83,91,82,90,86,90,89,90,90,83,90,89,86,83,89,81,94,93,87,81,85,95,90,86,91,83,80,82,80,83,94,82,92,91,89.67,90.0,88.67,90.67,89.33,86.0,89.67,87.67,86.0,88.0,87.0,90.0,84.4,81.5,88.0,91.5,89.75,88.17,87.0,87.13,87.0,87.81
84,89,80,90,90,85,85,88,94,95,81,88,89,92,82,82,84,85,80,90,91,93,85,90,87,83,86,85,82,80,82,85,87,92,90,88,85,90,94,95,86,94,82,80,82,82,81,84.33,88.33,89.0,88.0,87.67,83.67,87.0,89.33,85.33,82.33,84.67,90.0,90.0,88.0,81.0,81.5,87.42,86.92,83.83,88.22,83.5,85.98
80,81,86,94,91,80,83,93,94,88,82,94,92,95,85,80,87,85,91,89,95,81,88,89,83,91,85,91,95,84,94,91,93,81,85,93,83,82,80,84,82,92,90,80,93,93,93,82.33,88.33,90.0,88.0,90.67,84.0,91.67,86.0,86.33,90.0,92.67,86.33,82.2,91.0,86.5,93.0,87.17,88.08,88.17,87.07,90.17,88.13
84,85,88,92,90,92,91,86,87,84,82,81,86,82,83,91,84,88,84,86,82,93,92,85,86,86,90,82,81,92,84,93,86,92,95,86,95,93,84,88,89,80,81,92,86,87,92,85.67,91.33,88.0,82.33,83.67,87.67,84.0,90.0,87.33,85.0,87.67,91.0,89.8,80.5,89.0,89.5,86.83,86.33,86.17,89.49,86.33,87.03
84,91,82,94,85,88,82,88,95,80,84,89,85,92,86,92,80,86,83,89,91,92,89,88,83,91,81,91,81,95,95,93,83,84,90,93,83,91,91,90,94,85,86,95,91,91,88,85.67,89.0,88.33,84.33,87.67,86.0,87.67,89.67,85.0,89.0,90.33,89.0,89.8,85.5,93.0,89.5,86.83,87.75,87.0,89.71,89.33,88.13
93,88,92,80,90,93,93,82,87,84,91,85,81,81,89,80,86,90,88,94,87,92,92,90,85,93,93,93,93,93,94,95,86,90,83,95,88,85,92,81,89,92,94,80,82,83,95,91.0,87.67,87.33,86.67,83.67,85.33,89.67,91.33,90.33,93.0,91.67,89.33,87.0,93.0,81.0,89.0,88.17,87.5,91.67,89.33,87.67,88.87
94,80,85,87,85,89,83,86,86,93,83,92,87,85,85,94,91,89,85,93,92,82,91,81,92,92,91,91,88,84,84,86,86,81,80,82,84,95,89,85,90,89,93,84,85,88,89,86.33,87.0,85.0,89.33,85.67,91.33,90.0,84.67,91.67,87.67,85.33,81.0,88.6,91.0,84.5,88.5,86.92,87.92,89.67,84.98,88.0,87.5
80,95,89,90,87,93,83,81,93,90,86,91,92,94,91,83,82,95,82,80,81,84,88,92,80,94,87,84,88,93,87,84,91,82,86,85,85,91,89,92,86,81,89,92,86,94,90,88.0,90.0,85.67,89.0,92.33,86.67,81.0,88.0,87.0,88.33,87.33,84.33,88.6,85.0,89.0,92.0,88.17,87.0,87.67,86.76,88.67,87.65
87,81,93,84,92,91,93,90,93,85,92,82,83,80,85,84,82,91,83,90,82,94,95,95,92,90,85,85,80,92,87,80,90,94,93,85,83,89,89,91,80,93,94,84,92,90,88,87.0,89.0,92.0,86.33,82.67,85.67,85.0,94.67,89.0,85.67,85.67,90.67,86.4,93.5,88.0,89.0,88.58,87.0,87.33,87.58,90.17,88.13
91,84,84,83,85,90,87,81,83,88,88,83,83,84,89,84,95,86,82,93,83,81,94,94,91,87,90,89,84,80,92,94,90,93,80,84,92,86,85,87,80,83,83,90,84,90,81,86.33,86.0,83.67,86.33,85.33,88.33,86.0,89.67,89.33,84.33,92.0,85.67,86.0,83.0,87.0,85.5,85.58,87.33,86.83,87.89,85.17,86.56
94,95,92,91,85,91,80,92,95,83,90,82,93,89,89,82,86,84,82,95,86,84,94,95,80,85,90,87,81,94,85,92,87,90,95,85,81,83,94,91,87,86,90,84,94,94,84,93.67,89.0,89.0,85.0,90.33,84.0,87.67,91.0,85.0,87.33,88.0,90.0,87.2,88.0,89.0,89.0,89.17,88.25,86.17,88.4,88.67,88.13
81,84,95,91,93,82,87,88,87,87,85,92,88,94,81,90,83,84,82,91,92,92,90,80,82,80,94,88,80,85,91,82,83,93,85,91,82,91,83,81,91,91,90,80,85,81,81,86.67,88.67,87.33,88.0,87.67,85.67,88.33,87.33,85.33,84.33,85.33,89.67,85.6,90.5,82.5,81.0,87.67,87.25,84.83,86.87,84.67,86.26
90,88,86,94,90,91,86,89,94,92,95,89,88,81,85,85,85,92,81,82,88,90,89,87,86,95,90,81,87,84,92,84,87,84,89,85,90,86,89,81,84,91,88,81,87,82,90,88.0,91.67,89.67,92.0,84.67,87.33,83.67,88.67,90.33,84.0,87.67,86.0,86.0,89.5,84.0,86.0,90.33,86.08,87.17,86.56,86.5,87.33
95,93,95,86,89,95,88,83,95,87,80,80,85,82,81,87,85,88,83,84,84,93,94,91,83,86,95,94,85,94,91,91,93,95,82,86,87,80,92,86,90,91,93,85,85,86,85,94.33,90.0,88.67,82.33,82.67,86.67,83.67,92.67,88.0,91.0,91.67,87.67,87.0,92.0,85.0,85.5,88.83,86.42,89.5,88.78,87.5,88.21
89,91,83,93,84,80,87,81,81,94,94,91,81,90,90,84,82,84,87,93,86,93,86,88,83,92,80,83,95,92,94,83,83,91,88,91,88,87,84,83,90,92,92,87,83,90,87,87.67,85.67,83.0,93.0,87.0,83.33,88.67,89.0,85.0,90.0,86.67,90.0,86.4,92.0,85.0,88.5,87.33,87.0,87.5,87.69,88.5,87.6
91,86,89,84,90,87,82,85,95,94,88,93,84,92,94,93,90,80,94,81,94,82,89,91,82,87,93,88,85,92,87,81,84,87,93,91,85,82,80,85,85,84,87,94,82,90,93,88.67,87.0,87.33,91.67,90.0,87.67,89.67,87.33,87.33,88.33,84.0,90.33,83.4,85.5,88.0,91.5,88.67,88.67,87.83,85.91,88.33,87.88
95,93,81,81,91,87,84,86,92,84,81,80,89,88,90,92,86,81,87,94,84,95,83,82,80,86,88,94,90,95,95,86,82,80,93,82,89,91,82,92,86,91,93,88,91,91,89,89.67,86.33,87.33,81.67,89.0,86.33,88.33,86.67,84.67,93.0,87.67,85.0,88.0,92.0,89.5,90.0,86.25,87.58,88.83,86.89,90.5,88.01
88,81,83,80,81,81,84,81,81,92,92,80,94,82,83,83,80,83,83,85,91,90,87,95,85,92,92,88,85,83,82,92,81,92,84,95,92,88,88,90,87,94,91,93,93,81,92,84.0,80.67,82.0,88.0,86.33,82.0,86.33,90.67,89.67,85.33,85.0,90.33,89.0,92.5,93.0,86.5,83.67,86.33,87.5,88.11,90.67,87.26
92,94,92,92,93,94,84,83,83,80,91,84,91,83,95,83,84,94,92,82,95,90,81,93,90,86,92,92,87,83,81,89,85,91,90,81,91,94,90,93,89,85,83,94,89,87,91,92.67,93.0,83.33,85.0,89.67,87.0,89.67,88.0,89.33,87.33,85.0,87.33,91.4,84.0,91.5,89.0,88.5,88.58,88.33,87.91,88.17,88.3
92,88,85,87,95,91,87,83,87,93,95,81,83,93,88,80,81,86,92,94,86,92,85,82,84,81,88,83,80,94,92,85,88,81,92,80,83,95,83,95,80,80,92,86,95,80,87,88.33,91.0,85.67,89.67,88.0,82.33,90.67,86.33,84.33,85.67,88.33,84.33,87.2,86.0,90.5,83.5,88.67,86.83,85.0,86.62,86.67,86.76
83,95,94,81,82,92,84,83,88,88,89,95,86,88,87,80,94,94,81,92,80,89,82,91,84,90,82,82,84,80,91,87,82,91,93,94,92,83,91,94,92,83,94,86,86,86,83,90.67,85.0,85.0,90.67,87.0,89.33,84.33,87.33,85.33,82.0,86.67,92.67,90.4,88.5,86.0,84.5,87.83,87.0,83.67,89.91,86.33,86.95
90,93,93,89,91,92,91,88,92,82,94,85,88,87,95,86,81,86,91,81,81,84,89,84,91,82,86,94,95,86,90,86,85,85,83,83,95,81,87,87,82,80,85,88,92,89,89,92.0,90.67,90.33,87.0,90.0,84.33,84.33,85.67,86.33,91.67,87.0,83.67,86.4,82.5,90.0,89.0,90.0,86.08,89.0,85.69,87.17,87.59
94,83,85,86,86,95,93,94,90,83,86,91,85,91,81,87,94,85,91,84,87,90,89,87,80,81,86,80,84,85,88,81,92,85,94,90,80,81,81,85,86,85,83,87,84,84,90,87.33,89.0,92.33,86.67,85.67,88.67,87.33,88.67,82.33,83.0,87.0,89.67,82.6,84.0,85.5,87.0,88.83,87.58,82.67,86.42,85.5,86.2
91,94,91,87,85,93,87,85,88,95,80,87,81,95,91,87,81,84,82,94,82,87,86,93,89,81,88,86,88,81,88,87,93,89,83,95,83,80,91,86,85,87,80,83,93,80,93,92.0,88.33,86.67,87.33,89.0,84.0,86.0,88.67,86.0,85.0,89.33,89.0,85.0,83.5,88.0,86.5,88.58,86.92,85.5,87.78,86.0,86.96
81,87,82,87,91,84,89,88,93,95,84,85,95,92,81,80,91,84,80,94,89,83,95,87,95,84,92,95,93,82,87,87,95,82,93,92,89,83,88,93,92,86,94,87,86,92,88,83.33,87.33,90.0,88.0,89.33,85.0,87.67,88.33,90.33,90.0,89.67,89.0,89.0,90.0,86.5,90.0,87.17,87.58,90.17,89.22,88.83,88.59
89,83,95,86,83,80,93,82,92,93,83,87,86,88,85,86,80,80,85,82,86,82,82,91,82,84,81,80,88,88,88,83,81,86,94,83,93,95,82,94,86,80,94,86,82,87,91,89.0,83.0,89.0,87.67,86.33,82.0,84.33,85.0,82.33,85.33,84.0,87.67,90.0,87.0,84.0,89.0,87.17,84.42,83.83,87.22,86.67,85.86
92,81,89,89,82,95,81,88,82,93,82,88,82,88,83,93,85,83,80,86,90,95,87,91,87,93,84,93,87,82,91,80,80,95,81,84,84,80,95,80,93,89,85,87,81,83,90,87.33,88.67,83.67,87.67,84.33,87.0,85.33,91.0,88.0,87.33,83.67,86.67,86.4,87.0,84.0,86.5,86.83,86.92,87.67,85.58,85.83,86.57
95,85,85,80,94,93,84,93,80,92,89,88,82,90,95,87,82,83,84,94,93,92,82,80,85,80,81,84,86,93,94,80,82,94,92,82,82,84,95,81,84,92,95,95,88,86,85,88.33,89.0,85.67,89.67,89.0,84.0,90.33,84.67,82.0,87.67,85.33,89.33,85.2,93.5,91.5,85.5,88.17,87.0,84.83,86.62,90.17,87.36
86,80,92,93,92,80,83,80,81,87,88,90,82,94,84,87,94,81,94,85,81,94,94,88,82,82,88,86,83,89,94,85,90,85,91,92,92,80,86,80,86,91,85,95,82,86,83,86.0,88.33,81.33,88.33,86.67,87.33,86.67,92.0,84.0,86.0,89.67,89.33,84.8,88.0,88.5,84.5,86.0,88.17,85.0,87.93,87.0,86.82
83,83,83,94,93,86,92,89,82,91,88,92,88,80,81,83,87,95,89,85,84,84,94,86,85,86,81,85,94,87,92,81,86,86,88,87,95,85,85,89,80,91,90,94,88,84,87,83.0,91.0,87.67,90.33,83.0,88.33,86.0,88.0,84.0,88.67,86.33,87.0,86.8,90.5,91.0,85.5,88.0,86.33,86.33,86.71,89.0,87.28
90,89,94,84,86,93,93,90,87,90,80,89,90,81,81,89,95,80,95,90,80,82,89,93,89,83,80,91,91,95,84,81,82,88,82,84,81,92,88,84,92,82,85,93,89,92,87,91.0,87.67,90.0,86.33,84.0,88.0,88.33,88.0,84.0,92.33,82.33,84.67,87.4,83.5,91.0,89.5,88.75,87.08,88.17,84.8,88.0,87.36
82,91,86,86,88,81,92,80,89,86,82,95,88,94,80,88,83,92,86,91,80,90,86,95,83,87,85,88,83,93,85,85,85,91,84,81,95,93,89,88,85,89,82,82,95,85,95,86.33,85.0,87.0,87.67,87.33,87.67,85.67,90.33,85.0,88.0,85.0,85.33,90.0,85.5,88.5,90.0,86.5,87.75,86.5,86.78,88.0,87.11
85,87,91,83,82,93,85,87,92,95,90,88,88,92,93,92,82,85,83,81,84,91,93,81,94,95,94,83,85,84,90,91,80,89,90,87,86,93,95,84,88,85,83,89,84,84,80,87.67,86.0,88.0,91.0,91.0,86.33,82.67,88.33,94.33,84.0,87.0,88.67,89.2,84.0,86.5,82.0,88.17,87.08,89.17,88.29,84.17,87.37
85,89,85,87,95,89,94,95,80,80,87,93,91,95,90,88,82,81,81,92,95,81,83,93,85,95,95,92,93,83,90,82,80,85,91,81,91,86,81,88,90,83,95,83,87,80,93,86.33,90.33,89.67,86.67,92.0,83.67,89.33,85.67,91.67,89.33,84.0,85.67,87.2,89.0,85.0,86.5,88.25,87.67,90.5,85.62,86.83,87.77
94,85,85,95,80,80,80,83,94,85,82,80,89,87,84,88,90,90,84,90,86,90,82,85,82,88,85,88,92,91,94,84,88,87,80,84,94,89,80,95,86,93,86,85,87,89,88,88.0,85.0,85.67,82.33,86.67,89.33,86.67,85.67,85.0,90.33,88.67,83.67,88.8,89.5,86.0,88.5,85.25,87.08,87.67,87.04,88.0,87.01
85,95,81,94,86,80,92,89,94,87,92,89,85,81,90,85,83,94,82,93,85,84,85,81,91,91,85,90,86,81,91,86,92,80,92,85,92,86,80,92,86,87,93,82,82,95,81,87.0,86.67,91.67,89.33,85.33,87.33,86.67,83.33,89.0,85.67,89.67,85.67,87.2,90.0,82.0,88.0,88.67,85.67,87.33,87.51,86.67,87.17
95,86,81,92,81,94,86,92,86,90,93,90,90,85,85,95,87,87,93,85,90,88,80,86,86,81,88,94,86,82,88,85,89,94,82,82,94,92,85,81,88,84,91,81,88,90,84,87.33,89.0,88.0,91.0,86.67,89.67,89.33,84.67,85.0,87.33,87.33,86.0,88.0,87.5,84.5,87.0,88.83,87.58,86.17,87.11,86.33,87.21
89,81,90,94,84,89,87,81,81,92,88,94,94,92,93,90,83,80,95,83,86,88,93,82,82,91,84,87,90,80,83,84,95,80,83,95,84,91,89,81,89,89,94,93,92,95,82,86.67,89.0,83.0,91.33,93.0,84.33,88.0,87.67,85.67,85.67,87.33,86.0,86.8,91.5,92.5,88.5,87.5,88.25,85.67,86.71,90.83,87.79
95,93,95,92,95,92,91,87,93,83,88,80,89,84,94,92,88,94,86,91,81,81,92,90,93,87,82,83,91,82,82,88,84,90,88,93,81,86,87,87,88,82,90,88,84,89,90,94.33,93.0,90.33,83.67,89.0,91.33,86.0,87.67,87.33,85.33,84.67,90.33,85.8,86.0,86.0,89.5,90.33,88.5,86.33,86.93,87.17,87.85
87,94,89,83,91,82,81,86,92,82,89,91,86,84,91,82,88,87,82,93,82,84,83,80,89,93,94,81,87,86,95,82,95,80,81,86,91,81,88,90,83,83,95,94,81,85,80,90.0,85.33,86.33,87.33,87.0,85.67,85.67,82.33,92.0,84.67,90.67,82.33,86.6,89.0,87.5,82.5,87.25,85.17,88.33,86.53,86.33,86.72
89,83,95,93,94,82,87,84,85,93,93,83,87,91,89,89,83,83,90,89,87,82,84,85,81,90,95,84,86,80,92,85,87,95,82,82,82,82,89,94,92,88,87,84,88,87,92,89.0,89.67,85.33,89.67,89.0,85.0,88.67,83.67,88.67,83.33,88.0,86.33,87.8,87.5,86.0,89.5,88.42,86.58,86.0,87.38,87.67,87.21
82,91,86,89,87,87,91,85,89,85,80,81,83,93,94,82,84,83,84,91,85,84,82,88,83,88,88,82,90,83,88,87,94,85,91,95,92,93,89,94,86,84,81,90,84,82,94,86.33,87.67,88.33,82.0,90.0,83.0,86.67,84.67,86.33,85.0,89.67,90.33,90.8,82.5,87.0,88.0,86.08,86.08,85.67,90.27,85.83,86.79
80,91,89,88,94,80,88,94,85,95,80,91,91,92,88,95,80,85,85,82,92,84,85,94,81,93,95,88,83,90,95,82,83,90,91,85,81,93,90,91,80,94,92,89,89,87,81,86.67,87.33,89.0,88.67,90.33,86.67,86.33,87.67,89.67,87.0,86.67,88.67,87.0,93.0,89.0,84.0,87.92,87.75,88.33,87.44,88.67,88.02
84,84,85,90,87,86,93,86,95,86,91,83,81,81,91,80,80,84,90,88,86,94,84,80,85,82,87,82,87,89,88,95,92,92,82,81,85,89,82,92,92,82,82,90,81,83,94,84.33,87.67,91.33,86.67,84.33,81.33,88.0,86.0,84.67,86.0,91.67,85.0,88.0,82.0,85.5,88.5,87.5,84.92,85.33,88.22,85.33,86.26
83,85,86,94,80,81,87,84,89,81,84,89,82,94,82,86,95,83,89,88,94,90,95,83,80,91,90,84,85,93,83,91,86,85,90,92,93,82,87,88,90,89,84,93,84,81,89,84.67,85.0,86.67,84.67,86.0,88.0,90.33,89.33,87.0,87.33,86.67,89.0,88.0,86.5,88.5,85.0,85.25,88.42,87.17,87.89,86.67,87.08
88,80,94,83,88,90,94,95,88,85,93,90,90,89,81,82,91,89,81,90,83,88,94,86,85,87,87,87,94,83,83,82,94,89,94,82,83,84,91,85,93,91,84,85,93,90,93,87.33,87.0,92.33,89.33,86.67,87.33,84.67,89.33,86.33,88.0,86.33,88.33,87.2,87.5,89.0,91.5,89.0,87.0,87.17,87.29,89.33,87.96
82,92,91,93,83,91,84,83,95,94,90,83,80,87,92,91,88,83,82,84,80,90,94,94,83,85,89,95,86,92,95,90,95,85,80,93,93,80,91,93,88,93,88,80,84,85,86,88.33,89.0,87.33,89.0,86.33,87.33,82.0,92.67,85.67,91.0,93.33,86.0,89.0,90.5,82.0,85.5,88.42,87.08,88.33,89.44,86.0,87.86
82,92,90,95,88,88,80,86,95,88,92,80,81,88,95,92,94,81,83,94,94,89,93,91,90,85,95,82,89,95,84,84,82,83,80,80,89,81,87,92,87,84,85,93,81,80,93,88.0,90.33,87.0,86.67,88.0,89.0,90.33,91.0,90.0,88.67,83.33,81.0,87.2,84.5,87.0,86.5,88.0,89.58,89.33,83.84,86.0,87.35
86,88,85,86,91,93,93,94,86,85,90,82,95,81,80,89,83,82,91,95,86,92,93,86,90,87,84,94,88,85,85,81,83,91,90,89,87,83,91,89,91,93,93,94,89,94,94,86.33,90.0,91.0,85.67,85.33,84.67,90.67,90.33,87.0,89.0,83.0,90.0,88.2,93.0,91.5,94.0,88.25,87.75,88.0,87.07,92.83,88.78
88,95,90,92,90,95,93,91,94,87,83,81,94,85,94,86,95,90,89,94,91,81,80,80,91,85,81,80,95,90,83,82,94,93,89,94,82,89,89,82,82,87,92,92,82,85,83,91.0,92.33,92.67,83.67,91.0,90.33,91.33,80.33,85.67,88.33,86.33,92.0,84.8,89.5,87.0,84.0,89.92,88.25,87.0,87.71,86.83,87.94
87,95,85,84,90,80,93,94,82,95,87,86,87,94,94,90,82,82,93,81,87,86,86,90,88,80,90,81,90,81,93,92,94,85,82,82,80,91,94,80,84,86,92,95,89,81,92,89.0,84.67,89.67,89.33,91.67,84.67,87.0,87.33,86.0,84.0,93.0,83.0,85.8,89.0,92.0,86.5,88.17,87.67,85.0,87.27,89.17,87.45
95,91,83,82,95,88,80,93,93,88,80,95,94,80,95,85,80,89,83,90,89,90,87,88,86,81,95,94,82,82,84,92,91,90,93,85,85,83,82,90,85,95,85,86,85,84,88,89.67,88.33,88.67,87.67,89.67,84.67,87.33,88.33,87.33,86.0,89.0,89.33,85.0,90.0,85.5,86.0,88.58,87.5,86.67,87.78,87.17,87.54
83,87,86,88,94,88,87,85,90,85,81,91,91,81,82,93,87,87,95,93,80,93,81,84,86,91,83,85,91,81,87,88,90,92,85,91,94,91,87,88,92,92,81,89,93,91,80,85.33,90.0,87.33,85.67,84.67,89.0,89.33,86.0,86.67,85.67,88.33,89.33,90.4,86.5,91.0,85.5,87.08,87.25,86.17,89.36,87.67,87.5
85,81,88,94,88,82,93,84,84,82,94,83,94,93,89,85,91,90,81,90,86,90,82,91,84,92,81,82,95,87,89,92,90,84,91,94,92,88,84,92,91,93,82,80,83,92,83,84.67,88.0,87.0,86.33,92.0,88.67,85.67,87.67,85.67,88.0,90.33,89.67,89.4,87.5,81.5,87.5,86.5,88.5,86.83,89.8,85.5,87.43
95,88,91,82,84,89,85,85,90,87,84,84,94,95,89,85,81,93,92,90,90,87,88,93,85,83,87,84,81,92,80,86,94,81,84,91,94,89,94,87,90,83,92,94,88,91,95,91.33,85.0,86.67,85.0,92.67,86.33,90.67,89.33,85.0,85.67,86.67,85.33,90.8,87.5,91.0,93.0,87.0,89.75,85.33,87.6,90.5,88.04
90,90,84,93,84,93,91,85,90,81,92,88,89,85,82,82,83,82,87,80,81,90,85,81,80,86,85,85,83,87,87,92,82,83,87,81,89,95,92,94,90,89,85,87,83,91,80,88.0,90.0,88.67,87.0,85.33,82.33,82.67,85.33,83.67,85.0,87.0,83.67,92.0,87.0,85.0,85.5,88.42,83.92,84.33,87.56,85.83,86.01
93,81,93,81,82,80,94,81,93,92,82,83,82,80,81,80,94,83,84,82,87,89,84,85,95,81,82,88,85,88,80,94,89,82,95,93,87,92,95,93,90,94,82,84,91,84,89,89.0,81.0,89.33,85.67,81.0,85.67,84.33,86.0,86.0,87.0,87.67,90.0,91.4,88.0,87.5,86.5,86.25,84.25,86.5,89.69,87.33,86.8
89,81,88,87,95,90,90,91,94,86,87,94,85,93,87,95,81,87,94,80,89,90,88,93,81,81,86,94,88,92,88,80,91,93,94,90,84,93,88,93,95,89,85,83,88,87,85,86.0,90.67,91.67,89.0,88.33,87.67,87.67,90.33,82.67,91.33,86.33,92.33,90.6,87.0,85.5,86.0,89.33,88.5,87.0,89.76,86.17,88.15
88,80,90,91,95,87,84,87,84,82,87,87,95,95,91,84,92,92,87,86,87,91,83,80,85,88,92,80,91,84,95,91,84,92,91,92,82,95,94,93,95,90,89,84,94,82,86,86.0,91.0,85.0,85.33,93.67,89.33,86.67,84.67,88.33,85.0,90.0,91.67,91.8,89.5,89.0,84.0,86.83,88.58,86.67,91.16,87.5,88.15
90,87,83,88,84,83,84,82,82,80,88,87,95,95,90,86,90,92,89,81,86,93,86,90,93,85,89,92,95,90,87,81,81,80,84,82,89,83,84,86,94,93,90,92,95,94,94,86.67,85.0,82.67,85.0,93.33,89.33,85.33,89.67,89.0,92.33,83.0,82.0,87.2,91.5,93.5,94.0,84.83,89.42,90.67,84.07,93.0,88.4
81,95,93,87,88,83,80,85,92,87,80,91,86,90,82,93,83,82,90,94,84,81,90,83,80,87,82,88,94,92,93,94,80,88,82,85,94,80,86,88,94,89,87,94,80,87,95,89.67,86.0,85.67,86.0,86.0,86.0,89.33,84.67,83.0,91.33,89.0,85.0,88.4,88.0,87.0,91.0,86.83,86.5,87.17,87.47,88.67,87.33
84,82,93,95,85,95,81,92,82,80,86,90,81,89,88,92,82,90,92,84,84,86,90,88,85,83,92,87,88,81,94,90,87,86,89,87,88,89,82,80,87,90,80,86,83,93,90,86.33,91.67,85.0,85.33,86.0,88.0,86.67,88.0,86.67,85.33,90.33,87.33,85.2,85.0,84.5,91.5,87.08,87.17,86.0,87.62,87.0,86.97
80,83,86,89,82,87,89,81,88,95,86,90,84,83,90,92,90,92,93,88,82,95,86,84,81,87,94,83,95,93,89,84,80,93,90,95,80,95,87,80,94,85,83,84,85,84,89,83.0,86.0,86.0,90.33,85.67,91.33,87.67,88.33,87.33,90.33,84.33,92.67,87.2,84.0,84.5,86.5,86.33,88.25,88.83,88.07,85.0,87.3
93,83,80,90,91,89,86,88,93,83,95,81,86,86,83,94,95,88,81,92,83,83,80,87,86,91,80,89,95,83,83,89,83,89,91,80,86,91,84,94,95,95,87,94,86,82,95,85.33,90.0,89.0,86.33,85.0,92.33,85.33,83.33,85.67,89.0,85.0,86.67,90.0,91.0,90.0,88.5,87.67,86.5,87.33,87.22,89.83,87.71
94,89,88,88,93,80,84,85,94,82,87,95,86,81,88,92,80,91,81,91,83,81,80,90,82,95,89,80,83,82,89,83,90,91,89,92,94,82,81,83,86,86,85,81,85,90,91,90.33,87.0,87.67,88.0,85.0,87.67,85.0,83.67,88.67,81.67,87.33,90.67,85.2,85.5,83.0,90.5,88.25,85.33,85.17,87.73,86.33,86.56
80,82,89,80,84,89,84,88,88,88,94,88,82,93,83,84,81,89,94,90,85,88,83,94,87,83,88,87,88,94,89,86,87,85,92,93,92,89,85,82,95,86,86,86,82,89,87,83.67,84.33,86.67,90.0,86.0,84.67,89.67,88.33,86.0,89.67,87.33,90.0,88.6,86.0,84.0,88.0,86.17,87.17,87.83,88.64,86.0,87.16
90,80,94,88,90,81,88,84,86,83,81,87,80,82,91,81,87,80,94,90,81,85,91,83,93,83,92,92,93,89,82,87,81,93,93,93,92,84,82,89,85,80,92,82,84,93,93,88.0,86.33,86.0,83.67,84.33,82.67,88.33,86.33,89.33,91.33,83.33,93.0,86.4,86.0,83.0,93.0,86.0,85.42,90.33,87.58,87.33,87.33
93,91,91,92,88,87,84,95,94,90,90,95,89,86,83,83,94,87,80,83,87,92,85,80,87,92,80,93,81,80,94,85,82,91,82,80,94,95,88,87,94,85,83,90,85,92,82,91.67,89.0,91.0,91.67,86.0,88.0,83.33,85.67,86.33,84.67,87.0,84.33,91.6,84.0,87.5,87.0,90.83,85.75,85.5,87.64,86.17,87.18
87,93,84,87,80,83,92,82,81,81,87,90,91,90,82,84,90,85,81,89,90,84,85,89,86,83,80,82,86,86,88,88,81,92,91,90,87,82,84,86,82,92,86,93,88,87,94,88.0,83.33,85.0,86.0,87.67,86.33,86.67,86.0,83.0,84.67,85.67,91.0,84.2,89.0,90.5,90.5,85.58,86.67,83.83,86.96,90.0,86.61
87,80,85,80,83,84,91,82,80,82,91,89,84,83,82,80,91,89,95,87,80,93,84,94,85,81,82,88,95,83,81,89,81,94,86,92,84,94,80,87,91,86,83,94,84,87,95,84.0,82.33,84.33,87.33,83.0,86.67,87.33,90.33,82.67,88.67,83.67,90.67,87.2,84.5,89.0,91.0,84.5,86.83,85.67,87.18,88.17,86.47
87,88,87,87,94,91,81,82,94,91,87,91,91,86,86,95,94,87,81,81,84,94,80,90,93,94,81,86,92,93,89,86,83,86,89,95,93,94,87,82,81,88,82,89,85,83,86,87.33,90.67,85.67,89.67,87.67,92.0,82.0,88.0,89.33,90.33,86.0,90.0,87.4,85.0,87.0,84.5,88.33,87.42,89.83,87.8,85.5,87.78
86,93,92,93,92,85,92,84,88,90,95,82,94,92,87,80,93,90,94,87,82,84,88,95,94,84,82,92,90,94,90,87,84,87,86,92,87,89,95,90,83,91,95,82,81,81,90,90.33,90.0,88.0,89.0,91.0,87.67,87.67,89.0,86.67,92.0,87.0,88.33,88.8,93.0,81.5,85.5,89.33,88.83,89.33,88.04,86.67,88.44
91,82,89,90,94,89,82,87,82,92,87,83,95,86,89,84,88,90,93,82,85,83,94,83,83,87,88,86,95,87,90,91,91,91,85,87,91,89,80,81,95,91,81,87,83,92,95,87.33,91.0,83.67,87.33,90.0,87.33,86.67,86.67,86.0,89.33,90.67,87.67,87.2,86.0,85.0,93.5,87.33,87.67,87.67,88.51,88.17,87.87
91,84,92,86,80,94,90,84,94,91,85,85,88,80,87,85,82,93,86,83,94,92,95,92,88,81,92,90,88,91,85,87,88,84,91,88,84,81,80,85,95,90,83,95,83,87,80,89.0,86.67,89.33,87.0,85.0,86.67,87.67,93.0,87.0,89.67,86.67,87.67,85.0,86.5,89.0,83.5,88.0,88.08,88.33,86.44,86.33,87.44
82,89,87,82,88,82,84,89,86,95,84,85,92,83,80,95,82,94,81,93,94,84,81,85,85,91,93,92,81,90,88,85,91,88,86,83,84,84,80,81,94,95,82,84,85,91,90,86.0,84.0,86.33,88.0,85.0,90.33,89.33,83.33,89.67,87.67,88.0,85.67,84.6,88.5,84.5,90.5,86.08,87.0,88.67,86.09,87.83,87.13
95,82,92,89,94,89,93,86,93,82,92,81,86,95,84,89,93,93,83,87,89,84,90,80,82,89,88,87,81,83,84,80,88,94,86,92,87,87,92,90,93,82,86,94,83,93,83,89.67,90.67,90.67,85.0,88.33,91.67,86.33,84.67,86.33,83.67,84.0,90.67,89.8,84.0,88.5,88.0,89.0,87.75,85.0,88.16,86.83,87.35
84,80,83,94,86,88,88,82,87,80,91,83,84,95,84,91,90,92,87,88,93,89,86,90,95,81,89,83,93,84,89,95,84,94,88,86,81,92,86,83,89,82,84,93,92,80,90,82.33,89.33,85.67,84.67,87.67,91.0,89.33,88.33,88.33,86.67,89.33,89.33,86.2,83.0,92.5,85.0,85.5,89.08,87.5,88.29,86.83,87.44
90,92,84,93,84,87,83,84,87,90,92,83,82,89,93,88,81,92,87,92,91,89,90,95,88,86,89,83,92,91,90,94,95,80,82,81,87,91,84,83,82,89,92,83,86,83,87,88.67,88.0,84.67,88.33,88.0,87.0,90.0,91.33,87.67,88.67,93.0,81.0,85.4,90.5,84.5,85.0,87.42,89.08,88.17,86.47,86.67,87.56
90,80,84,80,90,91,88,90,93,92,83,82,95,90,86,93,94,90,80,88,82,90,95,84,89,90,82,92,81,86,84,88,94,88,95,88,81,80,88,93,81,86,95,84,85,94,81,84.67,87.0,90.33,85.67,90.33,92.33,83.33,89.67,87.0,86.33,88.67,90.33,84.6,90.5,84.5,87.5,86.92,88.92,86.67,87.87,87.5,87.57
89,88,84,83,95,81,89,84,91,95,92,91,95,91,80,91,83,83,91,87,87,80,90,80,82,82,88,93,93,91,85,93,83,95,91,82,86,83,85,83,93,87,84,90,82,81,95,87.0,86.33,88.0,92.67,88.67,85.67,88.33,83.33,84.0,92.33,87.0,89.33,86.0,85.5,86.0,88.0,88.5,86.5,88.17,87.44,86.5,87.42
90,82,86,82,82,93,80,94,90,82,94,88,85,91,83,81,84,91,95,87,81,94,80,90,94,94,84,86,83,84,85,81,90,95,91,87,87,88,80,82,95,91,83,82,85,90,85,86.0,85.67,88.0,88.0,86.33,85.33,87.67,88.0,90.67,84.33,85.33,91.0,86.4,87.0,83.5,87.5,86.92,86.83,87.5,87.58,86.0,86.97
95,94,88,83,85,93,86,87,93,84,94,89,86,93,84,84,90,81,88,93,91,81,92,85,88,82,89,90,90,93,92,89,91,89,93,83,92,82,86,93,91,82,81,80,80,92,91,92.33,87.0,88.67,89.0,87.67,85.0,90.67,86.0,86.33,91.0,90.67,88.33,88.8,81.5,80.0,91.5,89.25,87.33,88.67,89.27,84.33,87.77
85,81,84,84,80,80,89,82,85,83,92,81,89,86,83,85,94,94,92,93,89,92,84,88,94,94,90,92,87,91,90,82,90,82,80,94,81,93,91,81,88,84,93,80,86,89,85,83.33,81.33,85.33,85.33,86.0,91.0,91.33,88.0,92.67,90.0,87.33,85.33,86.8,88.5,83.0,87.0,83.83,89.08,91.33,86.49,86.17,87.38
92,91,83,87,95,92,88,87,92,87,84,94,85,80,94,90,84,94,85,90,88,82,88,81,82,86,88,82,85,81,94,81,90,82,94,86,80,93,89,94,82,91,80,82,85,89,87,88.67,91.33,89.0,88.33,86.33,89.33,87.67,83.67,85.33,82.67,88.33,87.33,87.6,85.5,83.5,88.0,89.33,86.75,84.0,87.76,85.67,86.7
87,94,80,90,92,80,82,86,95,91,95,83,92,83,89,88,81,82,81,84,91,89,90,80,87,86,90,93,94,89,86,81,92,85,94,93,89,80,90,87,84,84,87,88,84,94,90,87.0,87.33,87.67,89.67,88.0,83.67,85.33,86.33,87.67,92.0,86.33,90.67,86.0,85.5,86.0,92.0,87.92,85.83,89.83,87.67,87.83,87.82
87,80,94,82,83,87,91,83,88,86,82,91,87,85,82,83,90,93,80,88,89,82,92,89,80,86,90,88,88,88,91,91,84,95,82,83,92,95,93,94,87,89,85,92,90,82,87,87.0,84.0,87.33,86.33,84.67,88.67,85.67,87.67,85.33,88.0,88.67,86.67,92.2,87.0,91.0,84.5,86.17,86.67,86.67,89.18,87.5,87.24
92,90,91,82,90,84,95,81,93,95,82,88,87,90,84,94,85,82,92,87,93,90,80,81,88,95,82,94,95,93,83,91,85,81,87,92,90,89,87,88,91,87,89,80,95,90,82,91.0,85.33,89.67,88.33,87.0,87.0,90.67,83.67,88.33,94.0,86.33,86.67,89.0,88.0,87.5,86.0,88.58,87.08,91.17,87.33,87.17,88.27
90,84,94,84,91,81,91,91,92,89,94,84,85,85,86,94,94,85,92,94,81,88,84,91,84,86,89,87,85,84,87,81,89,83,80,89,92,81,84,90,81,81,88,82,95,80,95,89.33,85.33,91.33,89.0,85.33,91.0,89.0,87.67,86.33,85.33,85.67,84.0,85.6,84.5,88.5,87.5,88.75,88.25,85.83,85.09,86.83,86.95
85,93,88,90,80,91,92,86,95,83,95,86,94,85,85,88,88,88,80,85,91,94,84,91,93,87,81,89,89,92,86,91,95,81,92,91,85,87,92,92,80,82,88,82,95,85,92,88.67,87.0,91.0,88.0,88.0,88.0,85.33,89.67,87.0,90.0,90.67,88.0,87.2,85.0,88.5,88.5,88.67,87.75,88.5,88.62,87.33,88.17
85,81,84,89,95,88,89,89,86,91,91,87,88,83,85,95,93,85,80,92,83,85,91,81,88,85,94,86,80,88,88,94,87,95,88,83,81,90,92,89,92,86,90,92,92,82,93,83.33,90.67,88.0,89.67,85.33,91.0,85.0,85.67,89.0,84.67,89.67,88.67,88.8,88.0,92.0,87.5,87.92,86.75,86.83,89.04,89.17,87.94
94,91,82,87,82,88,89,93,86,87,82,82,89,95,84,81,95,91,93,80,80,93,93,89,93,84,91,91,93,89,90,89,95,94,84,84,92,89,88,95,91,84,88,93,91,89,86,89.0,85.67,89.33,83.67,89.33,89.0,84.33,91.67,89.33,91.0,91.33,87.33,91.0,86.0,92.0,87.5,86.92,88.58,90.17,89.89,88.5,88.81
89,82,91,92,81,89,90,92,90,89,80,80,95,81,91,85,83,87,86,89,95,90,81,82,91,87,92,87,84,83,80,84,80,93,86,91,80,81,95,82,81,93,80,84,85,94,84,87.33,87.33,90.67,83.0,89.0,85.0,90.0,84.33,90.0,84.67,81.33,90.0,83.8,86.5,84.5,89.0,87.08,87.08,87.33,85.04,86.67,86.64
84,92,93,95,85,91,82,84,86,87,88,83,89,88,88,95,84,81,86,82,84,95,85,91,80,90,84,84,82,89,81,90,91,92,88,85,80,92,91,87,80,89,80,91,88,90,93,89.67,90.33,84.0,86.0,88.33,86.67,84.0,90.33,84.67,85.0,87.33,88.33,86.0,84.5,89.5,91.5,87.5,87.33,84.83,87.22,88.5,87.08
94,82,91,91,84,84,86,81,86,88,82,83,91,94,81,84,94,90,89,94,81,88,83,92,87,95,90,84,85,80,88,90,92,95,90,89,88,87,89,85,81,81,81,95,82,94,93,89.0,86.33,84.33,84.33,88.67,89.33,88.0,87.67,90.67,83.0,90.0,91.33,86.0,81.0,88.5,93.5,86.0,88.42,86.83,89.11,87.67,87.61
85,81,91,94,81,91,83,85,85,91,81,82,85,82,83,85,90,81,95,90,83,89,88,93,92,93,88,82,81,92,95,80,89,81,90,88,87,81,89,87,93,84,91,82,80,83,94,85.67,88.67,84.33,84.67,83.33,85.33,89.33,90.0,91.0,85.0,88.0,86.33,87.4,87.5,81.0,88.5,85.83,87.0,88.0,87.24,85.67,86.75
90,86,89,81,81,95,85,89,82,92,87,95,92,82,94,91,84,94,88,88,90,86,83,87,86,82,91,95,93,80,87,88,81,94,82,88,88,84,80,82,85,95,84,82,92,91,90,88.33,85.67,85.33,91.33,89.33,89.67,88.67,85.33,86.33,89.33,85.33,88.0,83.8,89.5,87.0,90.5,87.67,88.25,87.83,85.71,89.0,87.69
81,92,93,91,81,82,88,80,83,89,80,91,90,90,83,90,81,88,87,95,95,90,95,86,89,92,94,87,93,80,82,89,83,81,93,88,93,89,88,81,89,93,89,82,94,95,82,88.67,84.67,83.67,86.67,87.67,86.33,92.33,90.33,91.67,86.67,84.67,87.33,88.0,91.0,88.0,88.5,85.92,89.17,89.17,86.67,89.17,88.02
87,93,95,86,93,81,91,81,85,80,91,91,88,94,92,92,90,94,91,85,87,88,85,80,84,81,83,90,88,82,90,83,88,88,92,80,81,89,91,80,90,85,84,89,94,82,90,91.67,86.67,85.67,87.33,91.33,92.0,87.67,84.33,82.67,86.67,87.0,86.67,86.2,84.5,91.5,86.0,87.83,88.83,84.67,86.62,87.33,87.06
92,81,91,88,92,90,90,86,85,93,95,81,95,91,92,88,94,90,80,88,90,94,92,82,93,88,93,86,84,83,84,95,87,88,83,83,84,94,81,86,84,80,87,92,93,84,81,88.0,90.0,87.0,89.67,92.67,90.67,86.0,89.33,91.33,84.33,88.67,84.67,85.8,83.5,92.5,82.5,88.67,89.67,87.83,86.38,86.17,87.74
84,81,92,91,92,82,86,84,89,84,83,89,80,88,80,95,80,92,88,83,86,80,92,85,94,84,84,84,90,84,84,84,80,89,92,81,80,88,84,95,89,92,80,94,85,81,94,85.67,88.33,86.33,85.33,82.67,89.0,85.67,85.67,87.33,86.0,82.67,87.33,87.2,86.0,89.5,87.5,86.42,85.75,86.67,85.73,87.67,86.45
93,84,87,95,87,86,90,93,82,91,93,91,93,89,94,94,89,95,87,93,92,82,92,85,86,81,88,92,80,81,88,81,81,80,90,81,82,91,80,87,80,88,89,80,94,89,87,88.0,89.33,88.33,91.67,92.0,92.67,90.67,86.33,85.0,84.33,83.33,83.67,84.0,88.5,87.0,88.0,89.33,90.42,84.67,83.67,87.83,87.18
82,91,80,88,86,87,84,80,92,84,91,85,84,86,87,89,86,88,86,84,80,83,84,88,92,89,86,94,80,80,85,90,82,95,89,80,95,93,85,87,89,95,88,85,84,90,88,84.33,87.0,85.33,86.67,85.67,87.67,83.33,85.0,89.0,84.67,85.67,88.0,89.8,91.5,84.5,89.0,85.83,85.42,86.83,87.82,88.33,86.85
83,89,92,81,85,82,88,81,87,80,91,89,91,88,93,93,91,89,82,88,95,87,94,84,93,85,91,94,81,83,88,93,81,81,93,87,87,93,82,92,81,83,90,95,82,85,88,88.0,82.67,85.33,86.67,90.67,91.0,88.33,88.33,89.67,86.0,87.33,87.0,87.0,86.5,88.5,86.5,85.67,89.58,87.83,87.11,87.17,87.47
83,95,95,85,93,94,90,81,91,80,87,94,81,95,83,90,94,85,84,86,85,89,84,81,82,92,87,94,88,81,80,94,84,95,94,89,89,82,88,81,91,93,93,81,85,83,80,91.0,90.67,87.33,87.0,86.33,89.67,85.0,84.67,87.0,87.67,86.0,92.67,86.2,93.0,83.0,81.5,89.0,86.42,87.33,88.29,85.83,87.37
90,92,80,92,81,90,95,93,95,83,84,85,89,84,81,87,82,86,95,86,92,92,94,84,88,87,95,81,84,90,94,84,87,83,86,83,95,94,80,94,80,88,85,94,87,87,82,87.33,87.67,94.33,84.0,84.67,85.0,91.0,90.0,90.0,85.0,88.33,84.0,88.6,86.5,90.5,84.5,88.33,87.67,87.5,86.98,87.17,87.53
84,81,95,90,94,82,88,85,84,81,82,95,87,92,86,82,93,80,88,94,95,90,80,84,90,92,80,93,89,93,91,80,88,81,83,87,95,90,92,80,89,80,95,89,83,84,83,86.67,88.67,85.67,86.0,88.33,85.0,92.33,84.67,87.33,91.67,86.33,83.67,89.2,87.5,86.0,83.5,86.75,87.58,89.5,86.4,85.67,87.18
83,91,89,91,90,80,80,80,80,89,81,93,81,82,95,84,94,81,81,95,93,84,92,95,84,83,80,84,86,81,93,92,80,86,87,87,92,95,83,88,84,82,93,95,81,93,91,87.67,87.0,80.0,87.67,86.0,86.33,89.67,90.33,82.33,83.67,88.33,86.67,88.4,87.5,88.0,92.0,85.58,88.08,83.0,87.8,89.17,86.73
92,88,90,81,95,85,80,89,91,90,95,92,86,82,81,88,82,85,83,80,81,94,86,85,91,91,87,87,86,93,87,89,81,86,95,82,89,92,92,80,90,92,87,90,93,81,93,90.0,87.0,86.67,92.33,83.0,85.0,81.33,88.33,89.67,88.67,85.67,87.67,88.6,89.5,91.5,87.0,89.0,84.42,89.17,87.31,89.33,87.85
80,83,87,84,94,90,86,88,90,81,88,94,80,92,89,89,94,92,82,80,81,94,80,85,87,89,83,91,86,95,83,83,86,85,83,84,93,91,94,95,85,89,86,90,80,95,94,83.33,89.33,88.0,87.67,87.0,91.67,81.0,86.33,86.33,90.67,84.0,84.0,91.6,87.5,85.0,94.5,87.08,86.5,88.5,86.53,89.0,87.52
91,84,89,92,88,86,94,92,88,83,95,88,86,95,82,83,85,89,84,94,85,88,86,88,81,94,95,86,90,82,86,82,83,90,81,86,80,82,87,86,81,83,90,88,84,83,85,88.0,88.67,91.33,88.67,87.67,85.67,87.67,87.33,90.0,86.0,83.67,85.67,83.2,86.5,86.0,84.0,89.17,87.08,88.0,84.18,85.5,86.79
92,93,92,92,82,81,83,82,80,81,85,84,81,95,95,93,94,93,94,85,95,94,89,93,85,92,84,85,83,83,95,94,89,83,86,84,89,82,93,89,89,86,80,82,84,83,90,92.33,85.0,81.67,83.33,90.33,93.33,91.33,92.0,87.0,83.67,92.67,84.33,88.4,83.0,83.0,86.5,85.58,91.75,85.33,88.47,84.17,87.06
87,93,94,81,85,93,87,93,81,80,90,90,84,86,94,90,84,91,88,90,84,87,94,85,84,82,86,94,84,93,82,87,81,92,90,80,88,92,87,83,82,85,80,84,90,89,93,91.33,86.33,87.0,86.67,88.0,88.33,87.33,88.67,84.0,90.33,83.33,87.33,86.4,82.5,87.0,91.0,87.83,88.08,87.17,85.69,86.83,87.12
95,85,92,89,89,95,95,92,82,83,87,80,82,82,91,94,87,85,95,84,80,87,94,88,83,82,95,89,90,95,88,91,92,83,85,94,94,86,87,94,90,86,81,94,94,91,95,90.67,91.0,89.67,83.33,85.0,88.67,86.33,89.67,86.67,91.33,90.33,87.33,90.2,83.5,94.0,93.0,88.67,87.42,89.0,89.29,90.17,88.91
87,87,92,95,81,95,81,94,80,81,82,87,94,94,85,81,87,82,84,88,81,94,92,84,94,88,85,90,91,85,84,91,89,87,95,81,90,94,85,83,84,95,81,85,85,88,88,88.67,90.33,85.0,83.33,91.0,83.33,84.33,90.0,89.0,88.67,88.0,87.67,87.2,88.0,85.0,88.0,86.83,87.17,88.83,87.62,87.0,87.49
93,92,94,92,88,88,81,80,93,84,84,83,95,84,80,95,86,92,81,90,80,92,93,89,86,93,89,89,82,86,91,86,86,92,93,95,95,93,84,80,91,83,90,90,92,93,90,93.0,89.33,84.67,83.67,86.33,91.0,83.67,91.33,89.33,85.67,87.67,93.33,88.6,86.5,91.0,91.5,87.67,88.08,87.5,89.87,89.67,88.56
85,95,90,90,91,93,95,81,84,80,85,80,92,93,80,89,94,80,81,89,88,80,90,92,93,87,93,94,93,93,88,84,83,82,89,90,90,87,89,93,89,81,86,95,80,90,82,90.0,91.33,86.67,81.67,88.33,87.67,86.0,87.33,91.0,93.33,85.0,87.0,89.6,83.5,87.5,86.0,87.42,87.33,92.17,87.2,85.67,87.96
81,93,84,87,90,80,82,87,82,91,87,85,82,93,92,90,84,85,94,86,87,95,93,95,89,94,82,93,83,86,84,88,85,91,85,81,82,91,80,93,92,86,86,94,95,89,86,86.0,85.67,83.67,87.67,89.0,86.33,89.0,94.33,88.33,87.33,85.67,85.67,87.6,86.0,94.5,87.5,85.75,89.67,87.83,86.31,89.33,87.78
81,92,83,84,90,82,88,94,86,84,85,88,89,92,85,80,94,80,87,92,85,91,89,91,95,84,85,95,93,81,85,85,80,94,91,95,94,94,91,85,82,90,82,95,86,89,95,85.33,85.33,89.33,85.67,88.67,84.67,88.0,90.33,88.0,89.67,83.33,93.33,89.2,86.0,90.5,92.0,86.42,87.92,88.83,88.62,89.5,88.26
91,80,88,81,83,86,93,81,87,87,86,80,85,85,84,95,85,95,81,93,90,95,92,90,88,80,82,84,85,80,89,92,87,88,83,86,92,81,93,84,81,87,84,86,91,83,94,86.33,83.33,87.0,84.33,84.67,91.67,88.0,92.33,83.33,83.0,89.33,85.67,86.2,85.5,88.5,88.5,85.25,89.17,83.17,87.07,87.5,86.43
81,80,84,85,82,82,88,81,91,92,88,91,80,95,83,94,85,93,91,95,84,89,95,80,87,83,84,83,94,90,86,84,83,91,81,91,85,86,91,93,86,87,92,84,83,83,86,81.67,83.0,86.67,90.33,86.0,90.67,90.0,88.0,84.67,89.0,84.33,87.67,88.2,89.5,83.5,84.5,85.42,88.67,86.83,86.73,85.83,86.7
85,85,83,88,95,93,80,90,84,87,94,91,93,94,81,85,90,80,84,82,84,89,85,95,93,82,80,88,94,92,90,91,93,81,86,84,92,94,83,94,88,85,84,93,91,85,95,84.33,92.0,84.67,90.67,89.33,85.0,83.33,89.67,85.0,91.33,91.33,83.67,90.2,84.5,92.0,90.0,87.92,86.83,88.17,88.4,88.83,88.03
86,86,85,92,80,86,81,80,89,80,86,81,92,95,82,91,93,95,89,84,88,93,86,81,85,80,93,88,88,89,93,85,95,95,95,86,80,86,86,86,84,89,91,80,92,84,93,85.67,86.0,83.33,82.33,89.67,93.0,87.0,86.67,86.0,88.33,91.0,92.0,84.4,90.0,86.0,88.5,84.33,89.08,87.17,89.13,88.17,87.58
88,91,90,95,84,80,94,84,81,84,82,92,92,83,93,91,83,88,85,88,86,82,86,93,91,85,95,91,94,87,81,94,93,90,85,87,94,90,80,91,85,89,81,82,81,90,82,89.67,86.33,86.33,86.0,89.33,87.33,86.33,87.0,90.33,90.67,89.33,87.33,88.0,85.0,81.5,86.0,87.08,87.5,90.5,88.22,84.17,87.49
87,94,94,95,81,95,85,85,95,87,88,85,86,91,92,95,80,87,89,92,80,89,91,92,94,87,95,83,82,81,83,92,91,90,90,83,89,81,86,84,82,95,93,91,94,92,89,91.67,90.33,88.33,86.67,89.67,87.33,87.0,90.67,92.0,82.0,88.67,87.67,84.4,94.0,92.5,90.5,89.25,88.67,87.0,86.91,92.33,88.83
86,95,80,84,86,88,91,91,88,82,81,82,87,90,85,80,82,84,89,89,83,88,93,82,93,84,94,86,85,88,90,93,80,83,93,91,83,83,95,94,87,84,80,95,81,90,87,87.0,86.0,90.0,81.67,87.33,82.0,87.0,87.67,90.33,86.33,87.67,89.0,88.4,82.0,88.0,88.5,86.17,86.0,88.33,88.36,86.17,87.0
89,81,90,91,89,84,91,86,84,93,80,81,93,80,81,80,86,95,84,87,85,88,84,80,87,87,82,85,85,87,85,88,85,80,93,89,82,92,89,94,83,83,92,82,90,92,89,86.67,88.0,87.0,84.67,84.67,87.0,85.33,84.0,85.33,85.67,86.0,87.33,88.0,87.5,86.0,90.5,86.58,85.25,85.5,87.11,88.0,86.49
90,80,94,85,85,94,82,88,89,83,93,86,88,93,95,91,94,89,91,84,85,94,83,90,88,92,94,86,86,91,83,94,87,95,89,88,94,93,82,94,93,86,92,85,90,91,80,88.0,88.0,86.33,87.33,92.0,91.33,86.67,89.0,91.33,87.67,88.0,90.67,91.2,89.0,87.5,85.5,87.42,89.75,89.5,89.96,87.33,88.79
82,90,84,82,83,91,83,81,84,86,93,94,95,87,80,89,93,81,90,94,93,86,93,90,87,83,85,95,87,91,89,90,93,90,83,87,82,85,88,90,88,91,94,88,91,85,83,85.33,85.33,82.67,91.0,87.33,87.67,92.33,89.67,85.0,91.0,90.67,86.67,86.6,92.5,89.5,84.0,86.08,89.25,88.0,87.98,88.67,88.0
81,80,86,80,91,86,82,85,87,87,83,80,81,92,91,81,81,85,89,95,80,95,85,89,82,83,94,92,92,80,81,84,94,94,95,86,84,93,85,95,94,87,81,80,84,91,83,82.33,85.67,84.67,83.33,88.0,82.33,88.0,89.67,86.33,88.0,86.33,91.67,90.2,84.0,82.0,87.0,84.0,87.0,87.17,89.4,84.33,86.38
83,81,84,87,91,89,80,95,94,90,86,88,82,91,82,90,95,93,84,86,82,80,95,95,92,84,90,92,83,89,83,93,80,93,87,95,84,95,95,89,81,87,87,86,93,94,81,82.67,89.0,89.67,88.0,85.0,92.67,84.0,90.0,88.67,88.0,85.33,91.67,88.8,87.0,89.5,87.5,87.33,87.92,88.33,88.6,88.0,88.04
86,91,85,81,84,90,89,92,91,89,81,84,95,95,93,80,91,80,94,85,94,89,86,81,87,82,83,95,86,91,87,86,87,95,89,89,94,85,81,80,81,93,81,86,88,94,92,87.33,85.0,90.67,84.67,94.33,83.67,91.0,85.33,84.0,90.67,86.67,91.0,84.2,87.0,87.0,93.0,86.92,88.58,87.33,87.29,89.0,87.82
82,95,90,94,82,87,84,89,95,83,86,92,90,88,90,87,84,87,80,87,86,86,90,84,94,80,81,90,82,82,88,89,87,92,94,80,85,89,90,84,92,94,81,81,88,85,93,89.0,87.67,89.33,87.0,89.33,86.0,84.33,86.67,85.0,84.67,88.0,88.67,88.0,87.5,84.5,89.0,88.25,86.58,84.83,88.22,87.0,86.98
82,82,95,88,83,89,94,80,83,88,85,80,92,80,82,90,87,94,90,94,82,93,81,87,81,90,89,81,89,86,91,80,82,80,81,92,81,81,90,92,90,80,89,93,85,83,82,86.33,86.67,85.67,84.33,84.67,90.33,88.67,87.0,86.67,85.33,84.33,84.33,86.8,84.5,89.0,82.5,85.75,87.67,86.0,85.16,85.33,85.98
87,86,83,92,95,95,81,84,84,91,89,90,80,88,84,80,87,91,82,91,95,88,81,93,93,91,91,92,81,94,82,84,80,94,92,83,93,81,92,85,92,85,92,93,91,88,95,85.33,94.0,83.0,90.0,84.0,86.0,89.33,87.33,91.67,89.0,82.0,89.67,88.6,88.5,92.0,91.5,88.08,86.67,90.33,86.76,90.67,88.5
81,82,84,86,84,89,90,86,90,80,90,89,81,80,95,81,80,83,87,93,83,91,88,92,80,81,95,93,87,85,86,90,86,83,93,83,87,91,81,93,81,90,94,86,81,89,87,82.33,86.33,88.67,86.33,85.33,81.33,87.67,90.33,85.33,88.33,87.33,86.33,86.6,92.0,83.5,88.0,85.92,86.17,86.83,86.76,87.83,86.7
81,85,83,80,89,89,83,95,86,86,81,83,85,95,80,92,88,91,87,90,87,89,92,86,90,91,93,88,95,88,86,91,89,80,80,89,86,89,86,83,86,94,90,95,93,82,93,83.0,86.0,88.0,83.33,86.67,90.33,88.0,89.0,91.33,90.33,88.67,83.0,86.0,92.0,94.0,87.5,85.08,88.5,90.83,85.89,91.17,88.29
92,81,92,93,95,91,87,86,83,81,84,92,83,94,92,92,80,93,83,94,90,85,93,82,81,95,93,93,82,94,86,81,87,90,94,95,84,92,91,93,94,93,85,91,83,84,95,88.33,93.0,85.33,85.67,89.67,88.33,89.0,86.67,89.67,89.67,84.67,93.0,90.8,89.0,87.0,89.5,88.08,88.42,89.67,89.49,88.5,88.83
85,82,92,82,84,89,83,81,82,95,87,81,94,89,82,87,90,80,94,83,91,85,85,80,80,93,93,83,90,87,91,82,95,92,88,84,84,90,94,80,81,90,82,93,92,94,90,86.33,85.0,82.0,87.67,88.33,85.67,89.33,83.33,88.67,86.67,89.33,88.0,85.8,86.0,92.5,92.0,85.25,86.67,87.67,87.71,90.17,87.49
90,87,86,87,94,85,80,87,80,80,85,89,80,85,83,89,91,91,90,82,91,93,80,82,82,94,82,90,84,94,86,91,86,82,91,88,80,81,83,90,91,82,92,93,95,95,91,87.67,88.67,82.33,84.67,82.67,90.33,87.67,85.0,86.0,89.33,87.67,87.0,85.0,87.0,94.0,93.0,85.83,86.42,87.67,86.56,91.33,87.56
95,81,90,92,94,93,93,95,80,95,92,84,94,84,83,82,89,83,80,85,89,86,83,89,88,84,86,80,83,81,87,94,85,90,83,92,84,85,95,89,89,82,82,87,91,84,84,88.67,93.0,89.33,90.33,87.0,84.67,84.67,86.0,86.0,81.33,88.67,88.33,88.4,82.0,89.0,84.0,90.33,85.58,83.67,88.47,85.0,86.61
90,80,86,89,82,90,81,89,88,93,84,84,89,94,95,88,94,95,83,92,94,86,80,93,94,82,82,95,87,95,88,90,94,85,88,86,86,90,89,80,83,95,94,82,92,82,89,85.33,87.0,86.0,87.0,92.67,92.33,89.67,86.33,86.0,92.33,90.67,86.33,85.6,94.5,87.0,85.5,86.33,90.25,89.17,87.53,89.0,88.46
84,85,95,80,88,86,86,90,88,86,88,93,87,88,83,95,86,92,94,95,83,95,83,88,94,90,94,83,81,83,82,85,93,86,92,84,85,88,81,89,95,92,95,86,81,90,91,88.0,84.67,88.0,89.0,86.0,91.0,90.67,88.67,92.67,82.33,86.67,87.33,87.6,93.5,83.5,90.5,87.42,89.08,87.5,87.2,89.17,88.07
90,92,81,93,89,94,86,90,80,85,90,84,93,83,91,90,81,88,87,89,81,80,87,80,81,85,94,80,90,90,87,91,88,87,81,85,91,91,82,89,89,90,80,81,94,93,89,87.67,92.0,85.33,86.33,89.0,86.33,85.67,82.33,86.67,86.67,88.67,84.33,88.4,85.0,87.5,91.0,87.83,85.83,86.67,87.13,87.83,87.06
81,89,84,86,91,89,84,94,93,81,92,89,86,88,93,91,84,82,86,95,88,93,80,94,85,83,88,92,81,85,82,84,89,94,84,81,89,89,87,91,95,82,85,85,90,92,84,84.67,88.67,90.33,87.33,89.0,85.67,89.67,89.0,85.33,86.0,85.0,86.33,90.2,83.5,87.5,88.0,87.75,88.33,85.67,87.18,86.33,87.05
82,88,86,85,83,92,84,89,90,85,95,83,86,90,94,82,93,90,87,80,88,82,89,89,80,90,86,82,86,89,85,88,93,81,82,81,95,82,81,88,91,90,89,91,88,89,93,85.33,86.67,87.67,87.67,90.0,88.33,85.0,86.67,85.33,85.67,88.67,81.33,87.4,89.5,89.5,91.0,86.83,87.5,85.5,85.8,90.0,87.13
84,85,86,82,88,82,80,80,83,88,91,83,93,88,88,81,81,84,83,89,88,80,90,88,82,94,82,88,94,92,85,84,82,81,85,95,80,91,85,82,87,84,92,88,83,90,95,85.0,84.0,81.0,87.33,89.67,82.0,86.67,86.0,86.0,91.33,83.67,87.0,85.0,88.0,85.5,92.5,84.33,86.08,88.67,85.22,88.67,86.59
94,80,83,83,88,91,82,95,83,82,94,87,91,93,95,92,86,85,91,87,83,93,83,87,82,85,93,83,83,94,88,83,92,93,92,93,94,80,82,86,91,86,89,94,80,84,88,85.67,87.33,86.67,87.67,93.0,87.67,87.0,87.67,86.67,86.67,87.67,92.67,86.6,87.5,87.0,86.0,86.83,88.83,86.67,88.98,86.83,87.63
87,89,88,88,88,93,81,91,89,94,95,84,83,89,89,92,94,92,82,88,91,88,90,81,81,87,90,94,85,85,91,93,95,85,81,94,91,90,91,92,92,87,85,85,88,92,93,88.0,89.67,87.0,91.0,87.0,92.67,87.0,86.33,86.0,88.0,93.0,86.67,91.2,86.0,86.5,92.5,88.92,88.25,87.0,90.29,88.33,88.56
93,82,84,84,93,83,83,83,81,82,94,86,94,85,91,95,89,86,89,94,82,82,84,87,84,90,89,87,83,83,93,83,85,91,86,93,93,94,81,94,81,91,81,95,87,80,81,86.33,86.67,82.33,87.33,90.0,90.0,88.33,84.33,87.67,84.33,87.0,90.0,88.6,86.0,91.0,80.5,85.67,88.17,86.0,88.53,85.83,86.84
90,86,92,89,84,84,90,87,87,81,84,80,81,85,82,93,89,84,84,95,82,85,89,89,82,94,92,82,88,82,80,89,95,87,81,91,94,87,85,87,95,93,82,86,80,86,90,89.33,85.67,88.0,81.67,82.67,88.67,87.0,87.67,89.33,84.0,88.0,86.33,89.6,87.5,83.0,88.0,86.17,86.5,86.67,87.98,86.17,86.7
84,85,89,85,81,91,83,85,88,86,80,82,84,87,83,82,84,90,82,84,91,95,80,83,83,88,95,95,88,92,80,84,92,83,83,85,89,82,92,92,89,86,80,88,84,84,88,86.0,85.67,85.33,82.67,84.67,85.33,85.67,86.0,88.67,91.67,85.33,83.67,88.8,83.0,86.0,86.0,84.92,85.42,90.17,85.93,85.0,86.29
84,92,94,84,85,94,87,88,91,82,84,81,88,95,83,93,95,87,87,89,93,80,81,94,84,94,84,94,87,89,84,82,93,86,89,87,94,90,87,92,85,81,85,80,93,80,88,90.0,87.67,88.67,82.33,88.67,91.67,89.67,85.0,87.33,90.0,86.33,87.33,89.6,83.0,86.5,84.0,87.17,88.75,88.67,87.76,84.5,87.37
86,80,88,84,87,82,95,90,93,94,92,82,80,80,91,80,82,83,94,91,87,90,82,92,91,90,80,90,95,90,88,81,95,92,89,83,82,95,91,95,94,87,86,90,90,94,93,84.67,84.33,92.67,89.33,83.67,81.67,90.67,88.0,87.0,91.67,88.0,88.0,91.4,86.5,90.0,93.5,87.75,86.0,89.33,89.13,90.0,88.44
84,89,83,83,86,87,91,84,87,86,87,91,91,81,82,81,81,80,87,82,93,84,86,82,90,81,94,90,90,87,84,85,83,86,88,88,91,91,84,83,86,80,93,84,87,88,84,85.33,85.33,87.33,88.0,84.67,80.67,87.33,84.0,88.33,89.0,84.0,87.33,87.0,86.5,85.5,86.0,86.5,84.17,88.67,86.11,86.0,86.29
81,85,84,90,92,81,82,83,90,92,81,85,95,86,87,89,94,83,80,84,86,90,83,89,89,80,80,80,89,80,93,92,81,80,84,93,83,92,90,93,92,93,82,95,85,93,91,83.33,87.67,85.0,86.0,89.33,88.67,83.33,87.33,83.0,83.0,88.67,85.67,90.0,87.5,90.0,92.0,85.5,87.17,83.0,88.11,89.83,86.72
86,85,87,91,94,85,88,83,87,86,93,82,94,82,92,84,86,85,92,91,81,86,84,86,87,93,93,80,88,87,85,86,83,93,80,90,86,85,81,93,95,93,87,93,84,94,82,86.0,90.0,86.0,87.0,89.33,85.0,88.0,85.33,91.0,85.0,84.67,87.67,88.0,90.0,88.5,88.0,87.25,86.92,88.0,86.78,88.83,87.56
94,94,80,86,80,92,84,83,81,92,84,92,85,84,85,81,94,93,86,81,88,84,80,81,84,87,84,87,91,92,88,91,94,85,88,88,82,91,87,95,86,89,89,80,81,91,84,89.33,86.0,82.67,89.33,84.67,89.33,85.0,81.67,85.0,90.0,91.0,87.0,88.2,89.0,80.5,87.5,86.83,85.17,87.5,88.73,85.67,86.78
86,82,94,88,84,88,82,93,82,83,87,84,80,88,87,86,85,85,81,89,88,85,81,82,86,90,81,86,81,81,86,84,92,89,83,81,83,86,83,92,94,92,81,92,91,91,82,87.33,86.67,85.67,84.67,85.0,85.33,86.0,82.67,85.67,82.67,87.33,84.33,87.6,86.5,91.5,86.5,86.08,84.75,84.17,86.42,88.17,85.92
92,80,93,83,84,94,93,80,90,81,93,89,81,86,95,91,87,90,85,80,83,88,83,84,95,84,85,84,91,80,89,93,91,89,94,84,95,81,88,92,86,90,91,81,88,86,92,88.33,87.0,87.67,87.67,87.33,89.33,82.67,85.0,88.0,85.0,91.0,89.0,88.4,90.5,84.5,89.0,87.67,86.08,86.5,89.47,88.0,87.54
92,81,87,86,92,89,86,86,80,85,86,90,80,80,82,85,88,81,83,82,90,80,93,92,95,95,86,86,87,91,80,91,95,85,88,83,82,87,91,95,87,90,81,93,87,81,93,86.67,89.0,84.0,87.0,80.67,84.67,85.0,88.33,92.0,88.0,88.67,85.33,88.4,85.5,90.0,87.0,86.67,84.67,90.0,87.47,87.5,87.26
91,81,93,86,90,81,84,94,80,92,84,87,85,80,89,95,93,80,87,80,80,95,92,87,88,87,80,83,95,90,90,85,88,93,90,92,82,95,88,91,92,83,90,82,80,94,86,88.33,85.67,86.0,87.67,84.67,89.33,82.33,91.33,85.0,89.33,87.67,91.67,89.6,86.5,81.0,90.0,86.92,86.92,87.17,89.64,85.83,87.3
90,91,91,91,85,80,87,89,92,95,91,80,94,80,84,95,89,80,92,91,89,86,82,94,95,91,81,91,87,87,92,88,92,91,91,91,84,83,85,91,90,92,88,86,80,88,92,90.67,85.33,89.33,88.67,86.0,88.0,90.67,87.33,89.0,88.33,90.67,91.0,86.6,90.0,83.0,90.0,88.5,88.0,88.67,89.42,87.67,88.45
88,95,86,88,92,92,83,91,94,81,88,82,95,81,90,87,92,91,86,89,90,92,92,92,91,94,88,84,83,84,92,80,84,82,89,82,82,90,90,93,84,89,82,95,82,84,89,89.67,90.67,89.33,83.67,88.67,90.0,88.33,92.0,91.0,83.67,85.33,84.33,87.8,85.5,88.5,86.5,88.33,89.75,87.33,85.82,86.83,87.61
88,90,92,82,81,92,83,93,86,95,82,89,94,88,85,93,85,89,91,92,90,89,93,93,80,80,94,92,90,80,92,88,80,90,93,85,82,91,84,82,91,92,88,85,92,93,83,90.0,85.0,87.33,88.67,89.0,89.0,91.0,91.67,84.67,87.33,86.67,89.33,86.0,90.0,88.5,88.0,87.75,90.17,86.0,87.33,88.83,88.02
91,89,80,95,92,92,80,92,85,89,82,93,85,92,89,93,81,81,80,85,84,81,81,92,85,83,85,89,94,82,82,88,87,93,80,84,85,93,91,85,87,84,89,85,82,81,87,86.67,93.0,85.67,88.0,88.67,85.0,83.0,84.67,84.33,88.33,85.67,85.67,88.2,86.5,83.5,84.0,88.33,85.33,86.33,86.51,84.67,86.24
88,90,84,95,85,86,84,80,84,91,91,84,88,83,86,89,81,84,81,91,83,82,82,88,91,93,94,92,83,95,82,94,84,86,88,84,84,87,90,86,87,85,90,87,85,83,91,87.33,88.67,82.67,88.67,85.67,84.67,85.0,84.0,92.67,90.0,86.67,86.0,86.8,87.5,86.0,87.0,86.83,84.83,91.33,86.49,86.83,87.26
94,82,90,86,88,80,92,92,92,87,92,88,82,90,95,80,87,83,92,89,95,95,85,94,88,87,92,83,94,84,93,84,92,95,86,81,84,90,81,80,90,83,89,95,83,86,89,88.67,84.67,92.0,89.0,89.0,83.33,92.0,91.33,89.0,87.0,89.67,87.33,85.0,86.0,89.0,87.5,88.58,88.92,88.0,87.33,87.5,88.07
86,82,89,94,87,83,92,93,95,86,86,93,84,85,81,90,87,84,95,92,90,95,88,84,81,92,87,93,88,85,95,91,93,92,89,81,83,81,89,84,92,94,83,94,81,88,91,85.67,88.0,93.33,88.33,83.33,87.0,92.33,89.0,86.67,88.67,93.0,87.33,85.8,88.5,87.5,89.5,88.83,87.92,87.67,88.71,88.5,88.33
91,89,94,93,84,88,94,84,95,83,88,88,84,84,84,82,87,82,83,86,81,87,90,91,95,83,94,88,80,86,88,94,85,90,80,86,84,87,84,95,86,84,90,85,89,93,88,91.33,88.33,91.0,86.33,84.0,83.67,83.33,89.33,90.67,84.67,89.0,85.33,87.2,87.0,87.0,90.5,89.25,85.08,87.67,87.18,88.17,87.47
86,91,93,94,84,94,87,81,88,88,87,80,88,89,83,94,90,83,80,90,83,91,90,94,85,87,91,84,87,90,85,83,95,95,88,92,85,85,84,95,91,86,93,89,94,87,82,90.0,90.67,85.33,85.0,86.67,89.0,84.33,91.67,87.67,87.0,87.67,91.67,88.0,89.5,91.5,84.5,87.75,87.92,87.33,89.11,88.5,88.12
80,84,95,90,81,85,95,88,88,80,90,95,85,80,85,85,82,82,86,82,95,86,90,90,94,81,94,87,90,91,85,95,82,83,90,87,82,82,80,84,87,83,91,90,92,88,94,86.33,85.33,90.33,88.33,83.33,83.0,87.67,88.67,89.67,89.33,87.33,86.67,83.0,87.0,91.0,91.0,87.58,85.67,89.5,85.67,89.67,87.62
92,87,90,81,91,83,88,81,86,89,91,82,92,82,83,93,90,86,93,95,89,91,88,84,89,90,81,94,86,88,85,84,85,81,95,93,86,86,83,89,87,93,85,83,95,89,85,89.67,85.0,85.0,87.33,85.67,89.67,92.33,87.67,86.67,89.33,84.67,89.67,86.2,89.0,89.0,87.0,86.75,88.83,88.0,86.84,88.33,87.75
86,89,93,90,89,87,89,88,91,81,95,82,82,81,88,87,94,93,88,88,90,83,84,90,87,94,82,83,83,94,89,83,94,91,89,90,95,83,81,95,82,80,94,91,94,89,89,89.33,88.67,89.33,86.0,83.67,91.33,88.67,85.67,87.67,86.67,88.67,90.0,87.2,87.0,92.5,89.0,88.33,87.33,87.17,88.62,89.5,88.19
81,84,91,86,84,93,90,94,91,87,88,80,88,80,89,83,82,94,88,94,95,95,83,81,83,87,82,83,82,82,92,87,87,93,95,91,95,83,87,84,83,82,80,82,94,90,89,85.33,87.67,91.67,85.0,85.67,86.33,92.33,86.33,84.0,82.33,88.67,93.0,86.4,81.0,88.0,89.5,87.42,87.67,83.17,89.36,86.17,86.75
90,81,94,89,85,88,84,91,80,90,89,90,94,83,95,87,91,90,85,80,83,88,89,85,91,81,81,91,87,84,86,94,93,89,91,88,94,88,91,95,85,90,91,81,81,94,91,88.33,87.33,85.0,89.67,90.67,89.33,82.67,87.33,84.33,87.33,91.0,89.33,90.6,90.5,81.0,92.5,87.58,87.5,85.83,90.31,88.0,87.85
91,83,94,82,90,87,85,88,87,90,93,80,82,90,91,89,88,92,89,89,88,93,86,93,93,87,95,84,93,88,81,89,80,94,85,92,83,86,80,93,82,95,94,93,87,95,84,89.33,86.33,86.67,87.67,87.67,89.67,88.67,90.67,91.67,88.33,83.33,90.33,84.8,94.5,90.0,89.5,87.5,89.17,90.0,86.16,91.33,88.83
93,92,94,89,80,92,81,84,89,83,88,89,89,89,95,84,85,94,93,91,81,89,89,85,93,90,83,91,84,82,87,80,86,80,94,92,86,91,89,86,84,85,92,88,87,80,89,93.0,87.0,84.67,86.67,91.0,87.67,88.33,87.67,88.67,85.67,84.33,88.67,87.2,88.5,87.5,84.5,87.83,88.67,87.17,86.73,86.83,87.45
82,87,83,92,87,93,95,92,92,89,95,93,83,88,89,83,82,91,92,91,87,90,83,82,81,80,94,81,95,89,80,89,88,80,88,83,92,93,92,92,95,87,87,85,93,90,89,84.0,90.67,93.0,92.33,86.67,85.33,90.0,85.0,85.0,88.33,85.67,83.67,92.8,87.0,89.0,89.5,90.0,86.75,86.67,87.38,88.5,87.86
85,90,91,82,94,93,93,92,83,85,87,95,83,89,94,82,80,80,95,92,89,80,91,89,90,86,92,89,83,88,89,87,89,85,83,85,88,93,81,83,90,85,86,95,95,86,88,88.67,89.67,89.33,89.0,88.67,80.67,92.0,86.67,89.33,86.67,88.33,84.33,87.0,85.5,95.0,87.0,89.17,87.0,88.0,86.56,89.17,87.98
90,90,93,90,93,84,85,89,80,92,88,93,82,86,92,90,94,80,90,92,92,84,80,89,87,90,83,90,85,92,90,81,95,87,89,95,81,93,85,83,95,82,87,81,95,81,91,91.0,89.0,84.67,91.0,86.67,88.0,91.33,84.33,86.67,89.0,88.67,90.33,87.4,84.5,88.0,86.0,88.92,87.58,87.83,88.8,86.17,87.86
92,91,85,84,80,81,88,85,82,91,82,91,83,85,84,80,83,83,80,82,93,89,92,83,84,93,86,93,93,86,86,83,88,82,91,86,80,90,85,95,87,84,92,81,89,82,92,89.33,81.67,85.0,88.0,84.0,82.0,85.0,88.0,87.67,90.67,85.67,86.33,87.4,88.0,85.0,87.0,86.0,84.75,89.17,86.47,86.67,86.61
88,81,93,81,93,81,90,83,81,92,81,81,84,89,89,80,80,83,83,87,95,90,84,88,85,90,81,93,87,80,87,85,91,83,90,87,84,94,92,92,94,91,93,92,93,93,93,87.33,85.0,84.67,84.67,87.33,81.0,88.33,87.33,85.33,86.67,87.67,86.67,91.2,92.0,92.5,93.0,85.42,86.0,86.0,88.51,92.5,87.69
88,94,89,89,88,94,93,85,95,88,83,86,90,91,90,88,94,93,91,95,84,83,94,85,83,91,81,83,94,80,92,85,95,93,81,89,95,86,82,82,93,80,83,95,84,89,83,90.33,90.33,91.0,85.67,90.33,91.67,90.0,87.33,85.0,85.67,90.67,87.67,87.6,81.5,89.5,86.0,89.33,89.83,85.33,88.64,85.67,87.76
82,92,87,94,90,95,84,87,88,82,86,87,90,81,81,82,83,81,81,95,88,81,86,81,89,80,87,89,95,80,88,81,92,91,83,89,81,92,92,94,90,86,81,81,83,92,85,87.0,93.0,86.33,85.0,84.0,82.0,88.0,82.67,85.33,88.0,87.0,87.67,89.8,83.5,82.0,88.5,87.83,84.17,86.67,88.16,84.67,86.3
95,89,90,94,93,87,86,86,92,88,82,87,92,82,91,80,81,82,80,80,81,82,89,89,89,94,81,90,84,88,83,91,82,93,95,94,93,91,92,92,85,91,88,95,88,95,84,91.33,91.33,88.0,85.67,88.33,81.0,80.33,86.67,88.0,87.33,85.33,94.0,90.6,89.5,91.5,89.5,89.08,84.08,87.67,89.98,90.17,88.2
86,86,84,84,91,86,80,91,93,80,90,82,94,94,81,83,80,90,92,84,81,92,82,90,92,87,92,87,89,89,87,80,92,82,95,89,87,94,89,95,87,80,91,82,92,95,80,85.33,87.0,88.0,84.0,89.67,84.33,85.67,88.0,90.33,88.33,86.33,88.67,90.4,85.5,87.0,87.5,86.08,86.92,89.33,88.47,86.67,87.49
81,83,93,85,92,86,83,88,93,81,90,81,82,91,90,93,80,93,90,89,93,92,89,82,80,91,88,83,87,94,89,80,83,93,90,94,91,91,80,89,88,87,94,81,92,88,81,85.67,87.67,88.0,84.0,87.67,88.67,90.67,87.67,86.33,88.0,84.0,92.33,87.8,90.5,86.5,84.5,86.33,88.67,87.17,88.04,87.17,87.48
83,86,86,84,81,87,89,86,95,81,86,83,82,87,82,92,85,91,83,81,87,84,80,80,94,91,89,93,89,87,84,92,95,95,95,80,95,95,92,85,91,87,82,86,88,89,93,85.0,84.0,90.0,83.33,83.67,89.33,83.67,81.33,91.33,89.67,90.33,90.0,91.6,84.5,87.0,91.0,85.58,84.5,90.5,90.64,87.5,87.75
85,93,85,92,82,85,82,92,83,82,89,86,81,80,80,88,91,92,94,86,87,83,87,84,91,90,85,95,87,81,83,82,94,81,93,88,88,91,88,86,81,83,94,84,89,85,83,87.67,86.33,85.67,85.67,80.33,90.33,89.0,84.67,88.67,87.67,86.33,87.33,86.8,88.5,86.5,84.0,86.33,86.08,88.17,86.82,86.33,86.75
83,89,93,88,90,90,88,87,80,89,87,87,94,87,95,94,88,86,84,94,91,92,84,93,88,92,83,86,95,91,89,86,82,84,82,94,84,92,84,88,83,82,80,82,91,95,91,88.33,89.33,85.0,87.67,92.0,89.33,89.67,89.67,87.67,90.67,85.67,86.67,86.2,81.0,86.5,93.0,87.58,90.17,89.17,86.18,86.83,87.99
90,84,83,87,88,81,85,82,82,86,89,85,92,94,88,92,93,91,85,84,87,86,84,88,81,91,93,84,90,92,83,90,83,83,83,81,87,80,87,83,94,80,94,81,85,88,92,85.67,85.33,83.0,86.67,91.33,92.0,85.33,86.0,88.33,88.67,85.33,82.33,86.2,87.0,83.0,90.0,85.17,88.67,88.5,84.62,86.67,86.72
82,85,87,83,82,87,91,95,93,95,95,91,84,87,86,91,86,87,85,83,89,93,93,92,86,92,82,88,87,87,81,85,83,87,92,82,80,92,85,81,95,85,94,92,84,89,94,84.67,84.0,93.0,93.67,85.67,88.0,85.67,92.67,86.67,87.33,83.0,87.0,86.6,89.5,88.0,91.5,88.83,88.0,87.0,85.53,89.67,87.81
92,95,86,94,87,81,84,89,94,81,84,95,94,86,86,93,83,85,85,83,87,92,86,91,88,88,89,91,80,95,87,95,89,91,91,90,82,95,92,92,86,91,91,95,89,93,82,91.0,87.33,89.0,86.67,88.67,87.0,85.0,89.67,88.33,88.67,90.33,90.67,89.4,91.0,92.0,87.5,88.5,87.58,88.5,90.13,90.17,88.98
89,84,93,82,89,92,94,87,94,85,90,83,85,86,92,94,94,93,89,85,86,82,83,83,82,94,92,92,95,84,92,95,94,91,88,92,90,89,92,84,94,82,87,87,95,83,94,88.67,87.67,91.67,86.0,87.67,93.67,86.67,82.67,89.33,90.33,93.67,90.33,89.8,84.5,91.0,88.5,88.5,87.67,89.83,91.27,88.0,89.05
86,83,92,92,82,86,82,90,83,95,80,86,95,90,85,89,82,94,85,80,80,92,94,86,90,88,88,94,87,88,86,81,81,89,80,89,87,92,89,85,82,81,83,95,91,80,83,87.0,86.67,85.0,87.0,90.0,88.33,81.67,90.67,88.67,89.67,82.67,86.0,87.0,82.0,93.0,81.5,86.42,87.67,89.17,85.22,85.5,86.79
87,83,81,83,93,86,84,81,87,89,90,82,94,94,84,82,81,91,94,92,95,90,86,87,84,80,95,82,81,83,84,88,83,91,89,84,80,84,92,92,92,82,85,91,81,86,92,83.67,87.33,84.0,87.0,90.67,84.67,93.67,87.67,86.33,82.0,85.0,88.0,88.0,83.5,86.0,89.0,85.5,89.17,84.17,87.0,86.17,86.4
93,83,84,94,87,84,86,94,82,91,80,95,88,86,85,86,81,84,90,83,92,81,91,87,83,88,88,81,87,86,91,94,84,94,93,94,91,81,82,82,86,91,82,80,89,83,93,86.67,88.33,87.33,88.67,86.33,83.67,88.33,86.33,86.33,84.67,89.67,93.67,84.4,86.5,84.5,88.0,87.75,86.17,85.5,89.24,86.33,87.0
90,93,92,85,93,91,93,92,88,82,81,94,90,80,87,93,94,82,92,94,87,81,81,94,92,91,86,85,86,87,94,81,84,94,83,86,80,91,95,81,93,91,88,91,82,95,86,91.67,89.67,91.0,85.67,85.67,89.67,91.0,85.33,89.67,86.0,86.33,87.67,88.0,89.5,86.5,90.5,89.5,87.92,87.83,87.33,88.83,88.28
85,87,95,87,95,91,93,89,87,92,93,95,90,86,94,94,92,92,90,91,81,94,89,91,92,85,81,80,86,93,92,81,93,80,84,83,85,81,86,89,84,86,82,85,90,95,92,89.0,91.0,89.67,93.33,90.0,92.67,87.33,91.33,86.0,86.33,88.67,82.33,85.0,84.0,87.5,93.5,90.75,90.33,86.17,85.33,88.33,88.18
91,95,94,95,83,90,86,86,94,94,95,81,86,81,86,87,87,86,85,92,86,91,89,88,88,80,81,88,92,85,94,88,82,81,89,80,82,83,83,81,94,90,95,94,89,88,89,93.33,89.33,88.67,90.0,84.33,86.67,87.67,89.33,83.0,88.33,88.0,83.33,84.6,92.5,91.5,88.5,90.33,87.0,85.67,85.31,90.83,87.83
91,81,95,85,87,80,91,94,93,91,80,86,81,86,93,83,86,91,94,93,85,88,83,90,88,87,86,90,86,93,89,84,81,89,89,88,93,94,89,92,84,88,86,87,93,80,80,89.0,84.0,92.67,85.67,86.67,86.67,90.67,87.0,87.0,89.67,84.67,88.67,90.4,87.0,90.0,80.0,87.83,87.75,88.33,87.91,85.67,87.5
87,95,92,85,81,81,82,90,82,80,82,89,83,86,84,81,90,91,90,87,89,93,83,85,85,88,81,80,91,84,90,83,80,86,90,91,84,95,91,83,93,82,87,89,90,86,93,91.33,82.33,84.67,83.67,84.33,87.33,88.67,87.0,84.67,85.0,84.33,89.0,89.2,84.5,89.5,89.5,85.5,86.83,84.83,87.51,87.83,86.5
89,94,86,94,84,88,88,92,95,80,92,86,88,89,89,80,91,80,80,85,82,95,87,82,83,80,89,86,81,81,80,82,89,87,81,83,80,89,82,80,95,95,90,81,80,92,88,89.67,88.67,91.67,86.0,88.67,83.67,82.33,88.0,84.0,82.67,83.67,83.67,85.2,92.5,80.5,90.0,89.0,85.67,83.33,84.18,87.67,85.97
83,93,80,92,81,83,94,91,93,90,92,84,86,81,86,83,85,95,91,83,86,89,81,95,94,93,83,87,85,89,84,94,82,84,87,91,85,92,93,93,90,89,83,93,90,90,95,85.33,85.33,92.67,88.67,84.33,87.67,86.67,88.33,90.0,87.0,86.67,87.33,90.6,86.0,91.5,92.5,88.0,86.75,88.5,88.2,90.0,88.29
80,92,80,90,89,83,94,87,95,88,82,82,80,83,95,90,93,91,92,93,94,89,82,83,90,88,80,93,82,94,88,81,91,80,90,90,87,86,90,84,95,92,87,81,82,94,86,84.0,87.33,92.0,84.0,86.0,91.33,93.0,84.67,86.0,89.67,86.67,86.67,88.4,89.5,81.5,90.0,86.83,88.75,87.83,87.24,87.0,87.53
92,82,92,94,84,85,82,81,89,94,84,93,95,88,95,90,91,80,83,91,90,92,87,80,86,94,80,91,87,94,93,83,86,95,92,92,93,82,86,95,87,83,80,87,90,91,94,88.67,87.67,84.0,90.33,92.67,87.0,88.0,86.33,86.67,90.67,87.33,93.0,88.6,81.5,88.5,92.5,87.67,88.5,88.67,89.64,87.5,88.4
86,91,95,87,86,81,90,83,94,91,91,84,84,90,89,81,89,88,95,95,89,95,87,92,83,87,83,81,87,89,93,80,95,80,85,82,81,91,87,91,90,83,88,93,86,85,95,90.67,84.67,89.0,88.67,87.67,86.0,93.0,91.33,84.33,85.67,89.33,82.33,88.0,85.5,89.5,90.0,88.25,89.5,85.0,86.56,88.33,87.53
89,94,89,85,93,85,93,84,83,94,89,89,88,95,86,82,91,88,88,80,81,89,84,88,82,85,93,81,89,85,82,83,92,81,89,85,86,90,83,81,92,81,95,81,89,85,92,90.67,87.67,86.67,90.67,89.67,87.0,83.0,87.0,86.67,85.0,85.67,85.0,86.4,88.0,85.0,88.5,88.92,86.67,85.83,85.69,87.17,86.85
94,88,95,80,94,84,80,83,91,86,85,80,85,88,82,89,92,84,90,80,88,91,86,92,95,81,88,86,81,85,92,80,92,80,83,93,82,83,87,87,93,92,81,86,80,90,95,92.33,86.0,84.67,83.67,85.0,88.33,86.0,89.67,88.0,84.0,88.0,85.33,86.4,86.5,83.0,92.5,86.67,87.25,86.0,86.58,87.33,86.77
91,81,81,91,91,94,93,85,92,80,88,92,86,84,92,93,93,92,92,81,85,90,89,85,86,89,89,90,89,85,90,88,84,84,92,90,81,81,87,93,86,85,87,80,89,80,85,84.33,92.0,90.0,86.67,87.33,92.67,86.0,88.0,88.0,88.0,87.33,88.67,85.6,86.0,84.5,82.5,88.25,88.5,88.0,87.2,84.33,87.26
90,89,83,84,86,88,90,93,87,95,88,95,84,95,90,91,85,83,81,82,95,94,80,90,89,94,91,88,80,89,91,88,82,83,80,88,93,93,87,88,95,88,93,90,92,94,85,87.33,86.0,90.0,92.67,89.67,86.33,86.0,88.0,91.33,85.67,87.0,83.67,91.2,90.5,91.0,89.5,89.0,87.5,88.5,87.29,90.33,88.52
86,93,85,85,89,85,95,80,83,92,82,86,87,89,89,83,93,88,93,80,89,91,83,84,95,89,80,82,82,92,94,80,95,81,90,88,86,81,94,95,86,93,94,94,86,92,81,88.0,86.33,86.0,86.67,88.33,88.0,87.33,86.0,88.0,85.33,89.67,86.33,88.4,93.5,90.0,86.5,86.75,87.42,86.67,88.13,90.0,87.79
95,84,84,82,87,94,92,86,85,95,91,93,87,89,85,86,84,86,88,82,80,80,90,85,95,83,83,84,89,84,94,84,85,91,84,83,86,91,84,85,91,92,80,93,88,93,92,87.67,87.67,87.67,93.0,87.0,85.33,83.33,85.0,87.0,85.67,87.67,86.0,87.4,86.0,90.5,92.5,89.0,85.17,86.33,87.02,89.67,87.44
88,81,92,86,89,83,95,88,93,87,88,90,83,95,82,87,82,86,90,92,90,82,90,87,90,93,90,92,81,82,87,84,95,95,92,80,87,95,88,85,91,81,90,82,94,93,86,87.0,86.0,92.0,88.33,86.67,85.0,90.67,86.33,91.0,85.0,88.67,89.0,89.2,85.5,88.0,89.5,88.33,87.17,88.0,88.96,87.67,88.02
87,89,88,81,81,90,82,93,92,87,87,95,93,82,94,88,84,84,82,83,83,90,91,95,88,88,91,81,94,82,89,93,80,95,93,83,81,81,84,89,91,95,87,90,90,89,89,88.0,84.0,89.0,89.67,89.67,85.33,82.67,92.0,89.0,85.67,87.33,90.33,85.2,91.0,90.0,89.0,87.67,87.42,87.33,87.62,90.0,88.01
82,85,95,91,94,93,93,85,86,85,80,84,82,92,91,82,81,87,88,89,95,94,95,81,93,93,84,91,90,95,92,91,90,94,82,94,83,83,94,82,85,88,92,92,92,80,93,87.33,92.67,88.0,83.0,88.33,83.33,90.67,90.0,90.0,92.0,91.0,90.0,85.4,90.0,92.0,86.5,87.75,88.08,91.0,88.8,89.5,89.03
94,90,86,95,83,89,81,83,95,82,91,83,83,83,82,91,83,89,82,89,94,86,83,94,94,88,90,92,91,86,94,86,90,87,93,94,91,87,95,90,91,91,90,84,83,83,81,90.0,89.0,86.33,85.33,82.67,87.67,88.33,87.67,90.67,89.67,90.0,91.33,90.8,90.5,83.5,82.0,87.67,86.58,90.17,90.71,85.33,88.09
94,86,90,88,85,83,93,81,89,86,89,83,88,92,85,89,87,88,93,84,85,80,82,88,90,85,80,82,95,95,95,95,92,92,85,93,90,87,80,82,83,83,80,95,92,87,93,90.0,85.33,87.67,86.0,88.33,88.0,87.33,83.33,85.0,90.67,94.0,90.0,84.4,81.5,93.5,90.0,87.25,86.75,87.83,89.47,88.33,87.93
85,89,95,86,94,92,82,87,81,80,84,89,86,81,88,90,89,92,93,86,93,82,94,87,88,86,87,94,95,95,84,94,84,87,84,92,95,84,87,81,81,83,93,85,89,94,80,89.67,90.67,83.33,84.33,85.0,90.33,90.67,87.67,87.0,94.67,87.33,87.67,85.6,88.0,87.0,87.0,87.0,88.42,90.83,86.87,87.33,88.09
84,90,92,94,90,81,80,89,80,87,87,84,87,82,81,83,95,82,85,80,93,84,80,93,89,81,80,95,90,95,87,84,93,93,94,81,93,93,84,82,83,91,89,82,80,93,83,88.67,88.33,83.0,86.0,83.33,86.67,86.0,85.67,83.33,93.33,88.0,89.33,87.0,90.0,81.0,88.0,86.5,85.42,88.33,88.11,86.33,86.94
80,80,93,94,89,84,81,80,93,87,92,80,83,82,94,81,92,82,90,90,92,95,84,90,91,87,81,85,94,89,89,86,83,93,90,90,91,88,94,86,82,94,85,91,82,94,89,84.33,89.0,84.67,86.33,86.33,85.0,90.67,89.67,86.33,89.33,86.0,91.0,88.2,89.5,86.5,91.5,86.08,87.92,87.83,88.4,89.17,87.88
93,80,80,81,85,94,90,86,89,81,89,82,88,80,84,85,95,81,82,81,91,80,80,92,91,85,94,94,86,85,95,88,90,92,83,82,85,80,82,81,87,81,82,90,86,95,91,84.33,86.67,88.33,84.0,84.0,87.0,84.67,84.0,90.0,88.33,91.0,85.67,83.0,81.5,88.0,93.0,85.83,84.92,89.17,86.56,87.5,86.79
93,86,83,88,83,84,91,94,90,84,85,80,82,80,95,94,85,91,94,84,83,81,82,93,86,87,93,94,81,94,80,83,93,86,86,83,85,95,95,88,85,81,80,89,83,88,94,87.33,85.0,91.67,83.0,85.67,90.0,87.0,85.33,88.67,89.67,85.33,85.0,89.6,80.5,86.0,91.0,86.75,87.0,89.17,86.64,85.83,87.08
87,84,81,88,93,82,90,80,89,93,86,86,91,95,83,85,83,93,85,90,90,95,92,91,95,91,83,87,87,95,86,88,94,85,87,87,91,82,89,87,87,84,84,87,88,85,92,84.0,87.67,86.33,88.33,89.67,87.0,88.33,92.67,89.67,89.67,89.33,86.33,87.2,84.0,87.5,88.5,86.58,89.42,89.67,87.62,86.67,87.99
92,84,93,82,94,90,93,85,85,80,86,93,93,82,88,94,84,94,81,95,89,95,86,85,83,91,85,83,86,95,86,93,91,91,91,94,83,95,84,84,86,86,92,92,91,92,88,89.67,88.67,87.67,86.33,87.67,90.67,88.33,88.67,86.33,88.0,90.0,92.0,86.4,89.0,91.5,90.0,88.08,88.83,87.17,89.47,90.17,88.74
81,86,84,86,82,91,87,93,88,82,95,80,82,80,82,89,82,87,94,95,88,90,94,80,94,87,85,85,92,84,88,86,84,81,82,84,80,92,89,89,93,93,80,88,92,94,82,83.67,86.33,89.33,85.67,81.33,86.0,92.33,88.0,88.67,87.0,86.0,82.33,88.6,86.5,90.0,88.0,86.25,86.92,87.83,85.64,88.17,86.96
93,88,80,85,86,86,89,88,90,92,81,91,90,86,92,90,82,82,86,91,91,88,90,92,82,89,83,94,94,84,87,87,83,95,95,88,81,83,85,89,80,93,94,85,81,82,85,87.0,85.67,89.0,88.0,89.33,84.67,89.33,90.0,84.67,90.67,85.67,92.67,83.6,93.5,83.0,83.5,87.42,88.33,87.67,87.31,86.67,87.48
86,93,80,83,87,87,90,83,84,85,83,84,94,86,81,93,82,93,95,84,93,91,85,92,84,89,81,90,90,92,93,95,95,90,86,83,89,85,94,84,92,82,87,82,85,87,81,86.33,85.67,85.67,84.0,87.0,89.33,90.67,89.33,84.67,90.67,94.33,86.33,88.8,84.5,83.5,84.0,85.42,89.08,87.67,89.82,84.0,87.2
84,93,86,86,82,81,85,91,83,90,90,88,95,91,80,81,91,91,88,92,93,87,81,80,91,87,93,94,82,84,84,92,95,88,93,84,95,85,88,81,95,82,80,88,91,85,91,87.67,83.0,86.33,89.33,88.67,87.67,91.0,82.67,90.33,86.67,90.33,88.33,88.8,81.0,89.5,88.0,86.58,87.5,88.5,89.16,86.17,87.58
83,94,91,95,86,93,94,80,81,90,80,90,95,91,95,85,84,89,86,89,94,92,87,93,95,80,80,90,89,80,80,92,86,94,82,82,82,86,91,87,95,93,91,86,82,86,92,89.33,91.33,85.0,86.67,93.67,86.0,89.67,90.67,85.0,86.33,86.0,86.0,88.2,92.0,84.0,89.0,88.08,90.0,85.67,86.73,88.33,87.76
82,85,95,95,88,84,84,91,93,80,93,91,92,83,80,80,90,80,85,90,86,86,89,83,91,87,80,91,81,85,92,81,82,85,90,83,86,86,85,93,82,84,92,95,87,89,95,87.33,89.0,89.33,88.0,85.0,83.33,87.0,86.0,86.0,85.67,85.0,86.0,86.4,88.0,91.0,92.0,88.42,85.33,85.83,85.8,90.33,87.14
84,94,89,82,88,81,95,90,83,95,89,88,87,91,91,91,92,80,91,95,94,88,91,86,80,95,87,83,88,93,80,81,86,84,81,84,82,86,81,88,86,84,80,86,80,86,88,89.0,83.67,89.33,90.67,89.67,87.67,93.33,88.33,87.33,88.0,82.33,83.0,84.6,82.0,83.0,87.0,88.17,89.75,87.67,83.31,84.0,86.58
83,85,85,85,84,88,93,81,84,95,93,92,87,91,94,91,85,88,86,91,84,94,83,82,80,87,95,89,88,93,93,83,80,95,88,94,91,85,87,93,94,90,87,89,92,88,84,84.33,85.67,86.0,93.33,90.67,88.0,87.0,86.33,87.33,90.0,85.33,92.33,90.0,88.5,90.5,86.0,87.33,88.0,88.67,89.22,88.33,88.31
80,89,94,85,87,90,81,91,94,87,84,83,88,89,86,92,80,94,86,93,89,86,95,81,91,82,85,83,93,89,95,94,82,87,90,84,82,92,88,94,93,85,82,94,87,82,93,87.67,87.33,88.67,84.67,87.67,88.67,89.33,87.33,86.0,88.33,90.33,87.0,89.8,83.5,90.5,87.5,87.08,88.25,87.17,89.04,87.17,87.74
87,91,82,95,81,80,89,88,95,95,87,83,83,89,90,90,91,95,87,86,95,88,89,80,89,84,89,95,83,83,92,93,95,80,85,87,88,90,90,81,93,90,88,85,90,88,80,86.67,85.33,90.67,88.33,87.33,92.0,89.33,85.67,87.33,87.0,93.33,84.0,88.4,89.0,87.5,84.0,87.75,88.58,87.17,88.58,86.83,87.78
92,86,94,81,81,92,83,88,83,86,88,81,80,87,91,85,82,92,80,84,95,87,88,87,94,83,87,89,95,82,95,82,93,86,80,89,94,94,94,84,87,86,87,81,92,94,88,90.67,84.67,84.67,85.0,86.0,86.33,86.33,87.33,88.0,88.67,90.0,85.0,90.6,86.5,86.5,91.0,86.25,86.5,88.33,88.53,88.0,87.52
95,88,88,86,81,82,94,89,92,95,95,94,80,82,89,82,80,85,95,95,84,81,91,83,86,89,93,84,91,89,86,81,86,83,95,93,90,91,90,85,85,84,95,82,94,86,84,90.33,83.0,91.67,94.67,83.67,82.33,91.33,85.0,89.33,88.0,84.33,90.33,88.2,89.5,88.0,85.0,89.92,85.58,88.67,87.62,87.5,87.86
92,82,83,87,90,92,83,92,80,80,91,86,80,91,90,84,94,82,90,94,87,94,89,86,93,86,81,84,92,90,92,83,85,80,89,94,92,80,94,95,87,84,87,92,89,89,82,85.67,89.67,85.0,85.67,87.0,86.67,90.33,89.67,86.67,88.67,86.67,87.67,89.6,85.5,90.5,85.5,86.5,88.42,87.67,87.98,87.17,87.55
84,81,93,92,94,89,85,94,90,86,94,86,87,82,82,85,81,95,84,89,80,93,84,82,85,86,81,85,92,93,80,93,90,94,95,84,80,93,94,86,92,88,93,91,92,94,83,86.0,91.67,89.67,88.67,83.67,87.0,84.33,86.33,84.0,90.0,87.67,91.0,89.0,90.5,91.5,88.5,89.0,85.33,87.0,89.22,90.17,88.14
90,82,89,85,95,87,95,88,94,89,95,95,86,93,82,81,85,91,84,91,83,89,90,84,86,85,95,82,81,84,87,81,90,95,90,81,92,85,86,81,82,92,81,95,91,86,80,87.0,89.0,92.33,93.0,87.0,85.67,86.0,87.67,88.67,82.33,86.0,88.67,85.2,86.5,93.0,83.0,90.33,86.58,85.5,86.62,87.5,87.31
89,81,91,93,82,82,81,93,87,85,95,82,95,92,81,92,80,80,86,85,91,82,88,84,82,93,95,95,82,92,80,84,84,85,83,94,92,86,85,87,85,85,85,91,86,87,86,87.0,85.67,87.0,87.33,89.33,84.0,87.33,84.67,90.0,89.67,82.67,87.33,87.0,85.0,88.5,86.5,86.75,86.33,89.83,85.67,86.67,87.05
92,85,80,89,84,83,85,93,86,82,81,82,91,94,80,87,81,90,82,88,88,87,85,92,86,93,84,86,85,90,85,94,86,83,80,84,84,85,90,95,93,92,90,85,94,80,86,85.67,85.33,88.0,81.67,88.33,86.0,86.0,88.0,87.67,87.0,88.33,82.33,89.4,91.0,89.5,83.0,85.17,87.08,87.33,86.69,87.83,86.82
83,93,86,93,87,94,92,89,89,88,85,94,89,82,89,95,83,92,92,85,88,93,83,83,80,81,86,92,85,95,93,84,88,81,83,81,91,81,95,90,86,82,86,89,85,95,82,87.33,91.33,90.0,89.0,86.67,90.0,88.33,86.33,82.33,90.67,88.33,81.67,88.6,84.0,87.0,88.5,89.42,87.83,86.5,86.2,86.5,87.29
95,90,95,90,84,95,91,82,87,85,80,80,85,94,80,90,91,84,90,88,87,81,95,85,85,83,91,85,83,83,86,89,85,87,93,81,89,86,85,81,87,81,87,84,84,80,86,93.33,89.67,86.67,81.67,86.33,88.33,88.33,87.0,86.33,83.67,86.67,87.0,85.6,84.0,84.0,83.0,87.83,87.5,85.0,86.42,83.67,86.08
83,95,86,85,84,91,81,87,94,88,88,84,91,92,92,82,87,86,90,85,93,93,88,92,92,91,82,80,82,83,86,84,89,95,95,87,85,92,90,81,80,85,80,85,87,80,81,88.0,86.67,87.33,86.67,91.67,85.0,89.33,91.0,88.33,81.67,86.33,92.33,85.6,82.5,86.0,80.5,87.17,89.25,85.0,88.09,83.0,86.5
90,84,85,81,86,93,84,85,95,91,86,89,89,83,86,95,94,84,86,90,90,82,85,95,85,83,81,87,90,80,88,91,82,94,80,81,84,88,91,88,85,85,87,89,81,87,88,86.33,86.67,88.0,88.67,86.0,91.0,88.67,87.33,83.0,85.67,87.0,85.0,87.2,86.0,85.0,87.5,87.42,88.25,84.33,86.4,86.17,86.51
84,90,95,94,81,80,95,91,82,86,95,80,82,83,95,87,93,88,93,95,83,87,82,81,83,88,89,82,80,83,93,81,87,80,87,90,88,91,82,81,89,89,90,90,83,88,85,89.67,85.0,89.33,87.0,86.67,89.33,90.33,83.33,86.67,81.67,87.0,85.67,86.2,89.5,86.5,86.5,87.75,87.42,84.17,86.29,87.5,86.62
90,84,90,90,85,90,84,89,83,81,94,89,91,87,94,90,91,88,93,89,82,86,82,82,92,86,83,93,85,91,90,94,90,91,80,82,91,87,93,88,90,91,88,80,81,89,95,88.0,88.33,85.33,88.0,90.67,89.67,88.0,83.33,87.0,89.67,91.33,84.33,89.8,89.5,80.5,92.0,87.42,87.92,88.33,88.49,87.33,87.9
92,80,83,82,84,88,83,84,80,87,83,94,89,89,88,90,89,84,87,91,89,94,94,87,81,95,95,82,87,93,83,81,88,90,92,94,90,91,82,91,85,80,81,89,86,83,84,85.0,84.67,82.33,88.0,88.67,87.67,89.0,91.67,90.33,87.33,84.0,92.0,87.8,80.5,87.5,83.5,85.0,89.25,88.83,87.93,83.83,86.97
88,86,93,88,87,86,95,80,89,85,80,89,86,85,85,81,95,84,89,81,94,95,92,89,85,93,80,92,81,82,80,92,90,84,94,84,83,94,89,87,91,94,94,89,80,86,95,89.0,87.0,88.0,84.67,85.33,86.67,88.0,92.0,86.0,85.0,87.33,87.33,88.8,94.0,84.5,90.5,87.17,88.0,85.5,87.82,89.67,87.63
82,87,80,85,93,83,86,83,91,84,93,87,90,81,81,82,83,85,95,80,90,85,86,88,90,85,82,91,91,82,84,92,91,80,91,86,80,92,94,88,86,89,95,83,87,84,91,83.0,87.0,86.67,88.0,84.0,83.33,88.33,86.33,85.67,88.0,89.0,85.67,88.0,92.0,85.0,87.5,86.17,85.5,86.83,87.56,88.17,86.84
85,81,93,90,86,89,82,90,83,81,95,95,85,81,92,82,87,93,93,85,92,88,81,84,93,95,93,81,88,92,94,81,80,95,93,85,93,83,84,84,89,81,85,89,82,85,95,86.33,88.33,85.0,90.33,86.0,87.33,90.0,84.33,93.67,87.0,85.0,91.0,86.6,83.0,85.5,90.0,87.5,86.92,90.33,87.53,86.17,87.69
85,92,81,91,86,90,91,85,86,92,91,84,85,81,93,84,88,93,93,81,92,80,94,89,88,91,94,81,92,93,89,85,95,87,83,92,86,83,89,90,93,84,89,94,91,84,94,86.0,89.0,87.33,89.0,86.33,88.33,88.67,87.67,91.0,88.67,89.67,87.33,88.2,86.5,92.5,89.0,87.83,87.75,89.83,88.4,89.33,88.63
88,84,95,92,88,86,83,91,89,90,90,90,85,81,82,90,87,91,87,89,88,92,81,87,88,89,81,80,82,91,95,86,91,88,92,80,84,88,82,87,90,91,91,89,92,93,83,89.0,88.67,87.67,90.0,82.67,89.33,88.0,86.67,86.0,84.33,90.67,86.67,86.2,91.0,90.5,88.0,88.83,86.67,85.17,87.84,89.83,87.67
90,93,95,86,91,92,91,92,85,90,90,86,91,82,83,89,90,84,89,88,80,95,81,93,89,82,91,89,83,92,93,89,89,81,94,90,90,94,92,88,94,81,86,84,81,84,86,92.67,89.67,89.33,88.67,85.33,87.67,85.67,89.67,87.33,88.0,90.33,88.33,91.6,83.5,82.5,85.0,90.08,87.08,87.67,90.09,83.67,87.72
92,88,82,82,85,86,81,83,83,88,90,93,89,94,83,94,93,95,88,88,86,92,83,87,90,87,90,91,85,82,90,88,83,88,95,86,80,90,85,90,81,90,84,91,88,87,85,87.33,84.33,82.33,90.33,88.67,94.0,87.33,87.33,89.0,86.0,87.0,89.67,85.2,87.0,89.5,86.0,86.08,89.33,87.5,87.29,87.5,87.54
84,94,92,82,83,94,83,80,94,94,81,83,89,90,81,86,84,84,86,89,95,88,94,88,86,84,87,88,80,90,90,87,81,85,83,88,90,83,83,92,91,91,83,95,83,82,83,90.0,86.33,85.67,86.0,86.67,84.67,90.0,90.0,85.67,86.0,86.0,85.33,87.8,87.0,89.0,82.5,87.0,87.83,85.83,86.38,86.17,86.64
84,86,87,89,87,92,90,83,80,81,90,92,83,80,94,80,91,94,95,81,94,88,87,91,84,80,86,86,82,83,94,94,80,88,80,82,85,80,88,92,95,95,83,84,95,90,86,85.67,89.33,84.33,87.67,85.67,88.33,90.0,88.67,83.33,83.67,89.33,83.33,88.0,89.0,89.5,88.0,86.75,88.17,83.5,86.89,88.83,86.83
90,80,82,82,81,83,93,84,92,93,80,80,90,82,93,95,92,94,84,90,93,95,84,89,93,82,92,94,80,80,89,83,91,91,83,90,84,85,91,86,92,87,85,91,92,84,84,84.0,82.0,89.67,84.33,88.33,93.67,89.0,89.33,89.0,84.67,87.67,88.0,87.6,86.0,91.5,84.0,85.0,90.08,86.83,87.76,87.17,87.37
93,87,90,87,89,89,92,85,85,83,86,89,84,83,87,91,81,93,83,89,85,93,91,91,81,84,91,94,94,82,85,94,92,92,88,83,85,81,89,90,89,90,88,83,80,89,91,90.0,88.33,87.33,86.0,84.67,88.33,85.67,91.67,85.33,90.0,90.33,87.67,86.8,89.0,81.5,90.0,87.92,87.58,87.67,88.27,86.83,87.65
84,87,81,88,80,84,94,85,82,87,90,80,89,80,84,89,86,86,86,92,93,93,94,88,93,85,80,95,92,82,89,88,89,83,85,92,92,84,84,84,81,84,85,91,80,81,92,84.0,84.0,87.0,85.67,84.33,87.0,90.33,91.67,86.0,89.67,88.67,86.67,85.0,84.5,85.5,86.5,85.17,88.33,87.83,86.78,85.5,86.72
86,85,91,95,81,80,80,87,88,90,90,83,80,94,94,93,93,85,80,89,88,90,85,92,95,88,83,82,89,89,85,83,95,86,88,95,83,90,94,83,94,83,94,85,93,80,91,87.33,85.33,85.0,87.67,89.33,90.33,85.67,89.0,88.67,86.67,87.67,89.67,88.8,88.5,89.0,85.5,86.33,88.58,87.67,88.71,87.67,87.79
83,91,89,85,94,88,80,94,84,90,83,91,81,85,92,94,81,80,90,89,88,90,84,95,93,84,86,91,87,93,89,95,91,89,88,84,80,91,80,87,91,86,90,93,95,85,84,87.67,89.0,86.0,88.0,86.0,85.0,89.0,89.67,87.67,90.33,91.67,87.0,85.8,88.0,94.0,84.5,87.67,87.42,89.0,88.16,88.83,88.21
95,91,87,82,88,95,91,85,85,91,93,80,95,86,82,82,84,92,88,87,94,80,82,92,84,87,82,93,90,87,89,92,82,88,80,81,91,90,91,91,89,82,85,83,90,81,82,91.0,88.33,87.0,88.0,87.67,86.0,89.67,84.67,84.33,90.0,87.67,83.0,90.4,83.5,86.5,81.5,88.58,87.0,87.17,87.02,83.83,86.72
94,82,85,89,82,85,84,87,82,86,86,82,95,86,81,95,93,94,84,91,89,82,88,92,95,91,94,86,81,83,91,86,80,85,84,84,81,90,89,82,82,80,86,81,92,87,93,87.0,85.33,84.33,84.67,87.33,94.0,88.0,87.33,93.33,83.33,85.67,84.33,84.8,83.0,86.5,90.0,85.33,89.17,88.33,84.93,86.5,86.85
83,81,87,92,95,86,94,86,80,84,84,81,80,89,95,87,84,82,91,92,82,91,85,86,80,80,95,84,83,85,84,92,81,89,89,83,93,93,92,92,81,92,89,86,89,94,81,83.67,91.0,86.67,83.0,88.0,84.33,88.33,87.33,85.0,84.0,85.67,87.0,90.2,90.5,87.5,87.5,86.08,87.0,84.5,87.62,88.5,86.74
84,94,92,80,85,81,91,81,89,85,95,80,84,93,87,85,89,88,84,93,80,94,86,86,93,88,84,80,90,94,81,88,87,91,94,90,92,94,81,89,87,90,80,86,91,81,86,90.0,82.0,87.0,86.67,88.0,87.33,85.67,88.67,88.33,88.0,85.33,91.67,88.6,85.0,88.5,83.5,86.42,87.42,88.17,88.53,85.67,87.24
94,91,86,87,83,95,88,86,80,89,82,81,82,83,81,86,95,83,85,80,90,81,93,80,95,83,91,89,81,91,94,82,86,86,84,85,91,86,94,86,93,92,90,92,87,91,81,90.33,88.33,84.67,84.0,82.0,88.0,85.0,84.67,89.67,87.0,87.33,85.0,90.0,91.0,89.5,86.0,86.83,84.92,88.33,87.44,88.83,87.27
89,91,90,82,82,93,88,91,88,85,86,91,88,90,93,83,92,92,81,90,86,82,83,90,92,93,81,80,91,85,91,89,93,82,85,83,86,81,82,95,86,92,80,95,80,94,95,90.0,85.67,89.0,87.33,90.33,89.0,85.67,85.0,88.67,85.33,91.0,83.33,86.0,86.0,87.5,94.5,88.0,87.5,87.0,86.78,89.33,87.72
80,95,84,86,88,95,88,87,90,88,83,83,94,87,92,89,94,89,84,85,92,88,83,84,85,88,81,89,92,94,95,91,87,93,84,86,88,80,81,86,91,92,83,95,95,82,91,86.33,89.67,88.33,84.67,91.0,90.67,87.0,85.0,84.67,91.67,91.0,87.67,85.2,87.5,95.0,86.5,87.25,88.42,88.17,87.96,89.67,88.29
83,94,89,89,87,83,80,93,81,87,90,88,89,82,93,82,80,91,95,89,86,87,87,94,87,93,92,86,85,82,90,82,86,86,80,86,87,88,86,83,89,81,92,83,92,92,86,88.67,86.33,84.67,88.33,88.0,84.33,90.0,89.33,90.67,84.33,86.0,84.0,86.6,86.5,87.5,89.0,87.0,87.92,87.5,85.53,87.67,87.12
81,94,89,86,86,90,95,82,84,93,89,92,91,88,81,90,83,83,83,92,93,91,83,82,84,81,95,84,80,91,94,92,95,90,81,94,94,86,88,80,91,95,84,87,81,90,80,88.0,87.33,87.0,91.33,86.67,85.33,89.33,85.33,86.67,85.0,93.67,88.33,87.8,89.5,84.0,85.0,88.42,86.67,85.83,89.93,86.17,87.4
88,94,95,84,81,93,88,92,91,94,94,82,89,92,88,93,86,83,82,92,92,87,89,84,90,95,94,84,87,90,84,88,86,86,89,88,89,84,95,81,93,81,90,87,91,84,83,92.33,86.0,90.33,90.0,89.67,87.33,88.67,86.67,93.0,87.0,86.0,87.67,88.4,85.5,89.0,83.5,89.67,88.08,90.0,87.36,86.0,88.22
95,88,86,85,86,82,88,81,83,92,82,94,88,81,92,86,86,91,88,94,90,86,80,84,85,85,95,95,81,95,85,90,87,80,80,81,86,89,92,80,88,92,88,89,80,90,83,89.67,84.33,84.0,89.33,87.0,87.67,90.67,83.33,88.33,90.33,87.33,80.33,87.0,90.0,84.5,86.5,86.83,87.17,89.33,84.89,87.0,87.04
86,85,94,95,94,84,86,93,94,95,85,83,82,90,84,84,94,84,90,90,94,80,85,80,89,86,92,83,89,82,90,90,91,82,85,81,93,91,80,86,91,82,83,89,85,91,94,88.33,91.0,91.0,87.67,85.33,87.33,91.33,81.67,89.0,84.67,90.33,82.67,88.2,82.5,87.0,92.5,89.5,86.42,86.83,87.07,87.33,87.43
90,80,88,92,81,94,90,81,94,93,80,88,95,94,86,88,90,84,86,92,82,92,89,86,89,82,82,93,91,85,90,85,81,91,89,84,88,87,87,80,84,92,83,89,86,91,95,86.0,89.0,88.33,87.0,91.67,87.33,86.67,89.0,84.33,89.67,85.33,88.0,85.2,87.5,87.5,93.0,87.58,88.67,87.0,86.18,89.33,87.75
88,82,82,84,81,84,86,80,81,85,89,94,88,87,80,92,83,95,85,80,90,94,88,80,94,80,87,93,83,81,87,90,94,80,92,89,93,84,84,90,82,93,88,92,87,80,94,84.0,83.0,82.33,89.33,85.0,90.0,85.0,87.33,87.0,85.67,90.33,87.0,86.6,90.5,89.5,87.0,84.67,86.83,86.33,87.98,89.0,86.96
88,86,80,89,82,81,80,87,87,81,84,92,90,91,86,83,85,84,85,82,84,82,91,80,83,89,82,80,86,80,91,81,80,82,87,90,95,94,81,80,85,93,93,91,95,87,90,84.67,84.0,84.67,85.67,89.0,84.0,83.67,84.33,84.67,82.0,84.0,86.33,87.0,93.0,93.0,88.5,84.75,85.25,83.33,85.78,91.5,86.12
81,83,84,86,83,88,87,87,83,91,81,91,91,89,84,81,88,94,81,92,88,90,93,92,82,81,83,93,80,87,80,81,80,86,86,94,87,93,91,81,90,91,86,91,88,87,80,82.67,85.67,85.67,87.67,88.0,87.67,87.0,91.67,82.0,86.67,80.33,88.67,88.4,88.5,89.5,83.5,85.42,88.58,84.33,85.8,87.17,86.26
95,83,81,86,91,95,86,84,83,95,92,91,88,89,81,83,83,83,87,83,93,82,93,81,80,83,83,83,85,89,91,83,94,84,81,85,88,84,88,91,82,82,82,93,84,81,83,86.33,90.67,84.33,92.67,86.0,83.0,87.67,85.33,82.0,85.67,89.33,83.33,86.6,82.0,88.5,82.0,88.5,85.5,83.83,86.42,84.17,85.68
87,88,86,84,86,94,92,85,82,82,94,87,80,87,92,90,83,92,92,92,84,86,90,85,85,85,95,89,85,93,82,93,82,85,88,80,80,87,86,91,86,90,83,88,86,95,93,87.0,88.0,86.33,87.67,86.33,88.33,89.33,87.0,88.33,89.0,85.67,84.33,86.0,86.5,87.0,94.0,87.25,87.75,88.67,85.33,89.17,87.63
82,87,91,86,89,90,90,89,89,93,90,94,89,83,92,87,83,94,80,90,95,91,89,93,91,83,83,95,85,93,80,85,95,92,80,93,86,89,81,93,83,83,82,82,90,85,82,86.67,88.33,89.33,92.33,88.0,88.0,88.33,91.0,85.67,91.0,86.67,88.33,86.4,82.5,86.0,83.5,89.17,88.83,88.33,87.13,84.0,87.49
88,84,93,88,94,80,92,85,92,88,81,91,93,80,90,87,88,84,93,88,87,82,80,89,84,93,93,91,83,95,86,91,81,90,92,89,81,93,93,81,88,85,80,88,81,89,85,88.33,87.33,89.67,86.67,87.67,86.33,89.33,83.67,90.0,89.67,86.0,90.33,87.2,82.5,84.5,87.0,88.0,86.75,89.83,87.84,84.67,87.42
93,85,88,90,86,85,94,92,90,88,80,93,82,95,94,88,86,89,82,93,82,93,85,87,88,91,85,85,95,87,88,93,95,94,92,83,82,88,94,92,83,87,83,83,85,82,89,88.67,87.0,92.0,87.0,90.33,87.67,85.67,88.33,88.0,89.0,92.0,89.67,87.8,85.0,84.0,85.5,88.67,88.0,88.5,89.82,84.83,87.96
87,84,93,88,93,86,85,93,90,89,94,95,81,89,86,85,82,91,83,87,94,88,90,82,94,95,82,86,95,88,95,85,95,83,95,83,86,83,84,87,88,87,89,92,86,89,80,88.0,89.0,89.33,92.67,85.33,86.0,88.0,86.67,90.33,89.67,91.67,87.0,85.6,88.0,89.0,84.5,89.75,86.5,90.0,88.09,87.17,88.3
87,81,92,89,94,83,91,88,87,92,93,88,95,81,85,93,93,89,92,80,81,94,82,92,87,83,85,85,83,80,84,81,91,80,90,90,89,83,84,81,81,88,84,80,88,93,84,86.67,88.67,88.67,91.0,87.0,91.67,84.33,89.33,85.0,82.67,85.33,86.67,83.6,86.0,84.0,88.5,88.75,88.08,83.83,85.2,86.17,86.41
82,82,89,87,93,93,89,87,80,80,82,95,84,92,93,94,82,80,88,82,83,94,82,90,82,89,95,87,80,91,91,80,93,90,95,95,95,93,91,92,92,95,90,86,84,81,86,84.33,91.0,85.33,85.67,89.67,85.33,84.33,88.67,88.67,86.0,88.0,93.33,92.6,92.5,85.0,83.5,86.58,87.0,87.33,91.31,87.0,87.85
92,91,85,92,95,84,88,83,88,84,81,83,86,80,88,82,92,91,90,90,82,84,93,92,93,82,94,92,84,88,95,92,83,90,89,92,84,92,82,85,95,81,94,92,81,93,85,89.33,90.33,86.33,82.67,84.67,88.33,87.33,89.67,89.67,88.0,90.0,90.33,87.6,87.5,86.5,89.0,87.17,87.5,88.83,89.31,87.67,88.1
88,88,86,90,85,86,94,89,88,81,84,86,80,87,95,89,89,95,86,90,90,88,89,93,93,93,80,87,91,84,95,83,82,83,95,80,86,84,94,90,94,89,94,86,90,88,88,87.33,87.0,90.33,83.67,87.33,91.0,88.67,90.0,88.67,87.33,86.67,86.0,89.6,91.5,88.0,88.0,87.08,89.25,88.0,87.42,89.17,88.18
82,93,83,90,93,95,83,80,87,82,83,86,83,95,91,81,81,92,90,81,84,84,91,80,90,81,85,80,90,94,88,92,85,81,84,95,88,83,80,89,88,86,88,80,94,83,84,86.0,92.67,83.33,83.67,89.67,84.67,85.0,85.0,85.33,88.0,88.33,86.67,85.6,87.0,87.0,83.5,86.42,86.08,86.67,86.87,85.83,86.37
88,81,85,95,87,93,87,82,81,86,88,83,93,85,92,82,93,83,94,91,80,84,86,90,93,85,87,95,91,95,80,80,94,94,95,86,81,84,85,83,94,94,93,94,88,95,91,84.67,91.67,83.33,85.67,90.0,86.0,88.33,86.67,88.33,93.67,84.67,91.67,85.4,93.5,91.0,93.0,86.33,87.75,91.0,87.24,92.5,88.97
80,94,93,84,81,95,93,87,86,93,86,95,80,91,84,92,80,88,88,90,81,83,91,94,87,84,81,89,94,90,83,95,81,85,81,84,84,88,86,82,82,91,89,87,84,90,82,89.0,86.67,88.67,91.33,85.0,86.67,86.33,89.33,84.0,91.0,86.33,83.33,84.4,90.0,85.5,86.0,88.92,86.83,87.5,84.69,87.17,87.02
91,89,82,91,86,91,90,95,83,91,85,85,81,94,95,89,92,88,83,83,81,81,82,87,87,81,83,94,82,89,80,80,80,87,88,84,81,94,92,88,90,80,89,93,90,87,84,87.33,89.33,89.33,87.0,90.0,89.67,82.33,83.33,83.67,88.33,80.0,86.33,89.0,84.5,91.5,85.5,88.25,86.33,86.0,85.11,87.17,86.57
91,83,85,89,90,81,86,93,90,95,90,89,91,92,83,80,90,87,90,87,86,90,92,84,92,87,86,93,90,82,89,92,84,87,80,85,87,83,94,92,95,83,84,85,81,92,88,86.33,86.67,89.67,91.33,88.67,85.67,87.67,88.67,88.33,88.33,88.33,84.0,90.2,83.5,83.0,90.0,88.5,87.67,88.33,87.51,85.5,87.5
88,85,94,85,81,80,94,92,91,86,82,92,91,81,95,83,87,84,85,83,91,95,80,95,95,86,87,90,95,91,91,95,81,86,83,83,95,92,87,86,93,89,93,95,85,83,87,89.0,82.0,92.33,86.67,89.0,84.67,86.33,90.0,89.33,92.0,89.0,84.0,90.6,91.0,90.0,85.0,87.5,87.5,90.67,87.87,88.67,88.44
85,94,90,82,86,92,85,90,90,81,91,87,81,80,95,82,89,83,80,85,86,86,88,93,80,89,89,94,81,82,94,83,92,94,80,83,81,88,88,80,91,82,83,88,85,90,86,89.67,86.67,88.33,86.33,85.33,84.67,83.67,89.0,86.0,85.67,89.67,85.67,85.6,82.5,86.5,88.0,87.75,85.67,85.83,86.98,85.67,86.38
80,81,80,83,86,95,83,91,91,80,95,88,93,86,83,93,83,87,92,82,84,94,91,86,89,80,84,92,92,82,88,94,93,80,84,83,83,87,80,94,93,83,94,94,95,82,80,80.33,88.0,88.33,87.67,87.33,87.67,86.0,90.33,84.33,88.67,91.67,82.33,87.4,88.5,94.5,81.0,86.08,87.83,86.5,87.13,88.0,87.11
93,87,82,90,83,88,82,82,86,80,84,91,83,84,95,80,83,83,85,81,92,94,91,95,93,81,94,83,87,80,81,90,95,95,84,93,89,92,87,95,94,91,87,93,95,93,80,87.33,87.0,83.33,85.0,87.33,82.0,86.0,93.33,89.33,83.33,88.67,90.67,91.4,89.0,94.0,86.5,85.67,87.17,86.33,90.24,89.83,87.85
90,88,89,94,86,83,95,92,93,84,93,83,93,88,89,92,85,85,87,86,95,93,81,88,87,80,90,86,87,83,90,93,95,84,92,95,90,94,88,82,84,82,86,84,82,91,81,89.0,87.67,93.33,86.67,90.0,87.33,89.33,87.33,85.67,85.33,92.67,90.33,87.6,84.0,83.0,86.0,89.17,88.5,85.5,90.2,84.33,87.54
83,91,92,85,83,83,87,85,92,82,82,86,84,87,84,86,86,85,90,89,90,84,86,80,95,83,88,88,90,82,94,91,84,83,94,91,86,93,86,88,80,81,81,95,93,80,89,88.67,83.67,88.0,83.33,85.0,85.67,89.67,83.33,88.67,86.67,89.67,89.33,86.6,81.0,94.0,84.5,85.92,85.92,87.67,88.53,86.5,86.91
92,80,84,80,85,90,87,84,92,83,90,89,92,88,85,95,86,80,92,88,95,91,86,81,85,84,93,93,84,91,86,87,95,92,84,86,92,84,89,92,91,81,86,93,90,87,86,85.33,85.0,87.67,87.33,88.33,87.0,91.67,86.0,87.33,89.33,89.33,87.33,89.6,83.5,91.5,86.5,86.33,88.25,88.33,88.76,87.17,87.77
89,95,95,89,91,82,86,85,86,90,93,93,92,86,87,84,88,80,88,91,82,89,92,90,80,84,82,86,91,90,90,80,87,81,93,83,81,87,84,95,84,82,91,81,88,82,94,93.0,87.33,85.67,92.0,88.33,84.0,87.0,90.33,82.0,89.0,85.67,85.67,86.2,86.5,84.5,88.0,89.5,87.42,85.5,85.84,86.33,86.92
93,86,84,87,83,93,87,85,81,88,92,92,92,92,94,90,84,95,90,89,86,81,91,82,83,94,85,83,88,92,94,80,81,81,89,92,82,95,80,84,85,81,85,86,89,80,81,87.67,87.67,84.33,90.67,92.67,89.67,88.33,84.67,87.33,87.67,85.0,87.33,85.2,83.0,87.5,80.5,87.58,88.83,87.5,85.84,83.67,86.69
91,87,93,93,84,94,82,87,83,88,90,82,86,92,80,91,90,90,93,95,80,92,91,89,85,83,91,94,86,83,85,81,94,84,82,89,92,88,87,81,89,93,83,92,90,91,89,90.33,90.33,84.0,86.67,86.0,90.33,89.33,90.67,86.33,87.67,86.67,85.0,87.4,88.0,91.0,90.0,87.83,89.08,87.0,86.36,89.67,87.99
92,94,86,84,93,85,80,83,93,86,87,83,82,94,83,82,88,95,86,94,88,94,83,95,89,89,89,94,82,94,95,82,94,95,82,85,86,88,87,84,92,90,84,89,94,93,81,90.67,87.33,85.33,85.33,86.33,88.33,89.33,90.67,89.0,90.0,90.33,87.33,87.4,87.0,91.5,87.0,87.17,88.67,89.5,88.36,88.5,88.44
91,90,92,81,90,89,81,82,82,92,89,93,92,91,94,91,92,89,95,90,84,81,86,83,86,86,82,85,85,83,81,83,91,81,84,88,95,93,81,82,82,83,80,80,85,83,80,91.0,86.67,81.67,91.33,92.33,90.67,89.67,83.33,84.67,84.33,85.0,84.33,86.6,81.5,82.5,81.5,87.67,89.0,84.5,85.31,81.83,85.66
90,86,85,81,84,80,90,85,94,87,94,85,89,94,81,91,95,95,92,86,90,84,92,90,87,85,86,89,86,93,83,80,89,80,87,81,94,84,94,86,90,95,94,93,93,82,80,87.0,81.67,89.67,88.67,88.0,93.67,89.33,88.67,86.0,89.33,84.0,82.67,89.6,94.5,93.0,81.0,86.75,89.92,87.67,85.42,89.5,87.85
87,90,93,80,86,90,83,87,82,94,92,87,87,92,90,87,82,93,85,89,87,81,91,92,95,90,90,92,81,84,86,92,81,92,89,91,86,93,81,80,80,84,82,86,86,90,84,90.0,85.33,84.0,91.0,89.67,87.33,87.0,88.0,91.67,85.67,86.33,90.67,84.0,83.0,86.0,87.0,87.58,88.0,88.67,87.0,85.33,87.32
80,88,82,84,93,84,87,90,80,93,89,82,94,95,87,92,87,94,90,93,91,83,84,93,81,84,89,86,94,95,93,93,94,82,95,81,89,93,90,93,82,95,80,86,80,90,80,83.33,87.0,85.67,88.0,92.0,91.0,91.33,86.67,84.67,91.67,93.33,86.0,89.4,87.5,83.0,85.0,86.0,90.25,88.17,89.58,85.17,87.83
80,91,93,95,89,89,81,94,91,90,88,94,81,83,80,86,92,94,88,83,93,80,81,80,93,80,87,91,86,86,80,84,94,81,90,85,81,92,80,94,84,85,94,95,93,86,83,88.0,91.0,88.67,90.67,81.33,90.67,88.0,80.33,86.67,87.67,86.0,85.33,86.2,89.5,94.0,84.5,89.58,85.08,87.17,85.84,89.33,87.4
81,83,90,85,90,92,82,85,83,89,89,95,83,82,88,84,80,84,94,81,92,84,83,92,95,91,82,92,86,84,82,93,92,91,81,86,90,82,88,80,81,88,83,86,82,84,94,84.67,89.0,83.33,91.0,84.33,82.67,89.0,86.33,89.33,87.33,89.0,86.0,84.2,85.5,84.0,89.0,87.0,85.58,88.33,86.4,86.17,86.7
88,82,91,95,82,92,88,90,83,86,95,83,94,88,83,88,91,81,87,93,80,91,86,95,84,93,94,90,90,86,87,90,94,93,89,90,89,90,93,87,87,89,86,89,88,85,91,87.0,89.67,87.0,88.0,88.33,86.67,86.67,90.67,90.33,88.67,90.33,90.67,89.2,87.5,88.5,88.0,87.92,88.08,89.5,90.07,88.0,88.71
86,82,80,82,88,88,84,93,86,80,81,90,93,84,92,81,94,92,85,92,81,93,81,85,85,93,83,90,93,89,95,95,80,84,94,86,92,92,93,90,81,84,95,83,89,85,82,82.67,86.0,87.67,83.67,89.67,89.0,86.0,86.33,87.0,90.67,90.0,88.0,89.6,89.5,86.0,83.5,85.0,87.75,88.83,89.2,86.33,87.42
85,80,95,92,84,85,94,90,89,94,85,90,89,92,90,89,93,95,91,90,93,90,82,94,83,85,93,92,87,85,95,88,86,80,89,89,87,86,80,94,89,85,95,85,87,80,84,86.67,87.0,91.0,89.67,90.33,92.33,91.33,88.67,87.0,88.0,89.67,86.0,87.2,90.0,86.0,82.0,88.58,90.67,87.5,87.62,86.0,88.07
80,80,85,94,94,92,92,80,83,93,89,87,83,88,91,88,86,95,84,91,93,88,95,84,80,89,85,85,88,85,85,95,90,80,89,82,88,88,85,94,90,86,89,92,86,81,88,81.67,93.33,85.0,89.67,87.33,89.67,89.33,89.0,84.67,86.0,90.0,83.67,89.0,87.5,89.0,84.5,87.42,88.83,85.33,87.56,87.0,87.23
93,92,84,89,83,93,82,94,87,84,84,89,94,90,90,81,95,88,85,84,86,80,95,94,83,81,88,88,83,85,90,86,90,92,80,95,89,88,89,86,81,93,88,83,95,91,93,89.67,88.33,87.67,85.67,91.33,88.0,85.0,89.67,84.0,85.33,88.67,89.0,86.6,90.5,89.0,92.0,87.83,88.5,84.67,88.09,90.5,87.92
92,91,82,84,87,82,88,85,90,89,84,87,89,92,80,93,88,82,84,92,95,83,87,90,80,88,89,86,83,94,89,81,92,80,93,93,89,88,94,83,93,82,93,87,92,94,88,88.33,84.33,87.67,86.67,87.0,87.67,90.33,86.67,85.67,87.67,87.33,88.67,89.4,87.5,89.5,91.0,86.75,87.92,86.67,88.47,89.33,87.83
85,94,90,82,95,81,87,80,83,82,85,88,91,86,80,90,90,89,85,86,91,93,81,91,87,89,83,86,89,92,88,85,95,85,95,84,88,84,81,86,85,83,87,89,82,80,92,89.67,86.0,83.33,85.0,85.67,89.67,87.33,88.33,86.33,89.0,89.33,88.0,84.8,85.0,85.5,86.0,86.0,87.75,87.67,87.38,85.5,86.86
91,80,91,83,82,86,90,92,85,80,94,83,86,94,88,81,93,90,85,85,93,84,90,90,92,90,83,87,92,95,87,83,83,89,86,94,86,93,93,95,87,84,87,92,90,95,93,87.33,83.67,89.0,85.67,89.33,88.0,87.67,88.0,88.33,91.33,84.33,89.67,90.8,85.5,91.0,94.0,86.42,88.25,89.83,88.27,90.17,88.59
91,91,95,88,87,86,81,85,80,88,94,94,88,91,81,90,87,93,81,81,91,90,90,83,81,94,91,81,94,91,83,83,83,93,83,85,81,88,92,95,92,86,89,89,80,83,95,92.33,87.0,82.0,92.0,86.67,90.0,84.33,87.67,88.67,88.67,83.0,87.0,89.6,87.5,84.5,89.0,88.33,87.17,88.67,86.53,87.0,87.54
93,87,94,95,92,91,89,82,87,91,93,95,80,82,87,83,84,88,92,92,86,94,93,91,82,90,87,80,81,94,86,95,83,80,83,91,80,89,85,92,84,83,93,91,95,82,80,91.33,92.67,86.0,93.0,83.0,85.0,90.0,92.67,86.33,85.0,88.0,84.67,86.0,88.0,93.0,81.0,90.75,87.67,85.67,86.22,87.33,87.53
80,95,83,83,90,83,85,83,86,90,85,88,84,91,85,92,85,90,88,87,89,93,93,89,95,93,88,95,84,93,81,92,92,94,86,82,81,84,91,89,91,82,82,87,86,90,91,86.0,85.33,84.67,87.67,86.67,89.0,88.0,91.67,92.0,90.67,88.33,87.33,87.2,82.0,86.5,90.5,85.92,88.83,91.33,87.62,86.33,88.01
81,90,80,88,87,81,81,81,83,95,94,93,95,80,82,86,83,80,90,85,83,82,92,88,91,93,86,87,94,89,81,91,93,91,81,82,87,81,84,85,85,80,82,84,89,88,86,83.67,85.33,81.67,94.0,85.67,83.0,86.0,87.33,90.0,90.0,88.33,84.67,84.4,81.0,86.5,87.0,86.17,85.5,90.0,85.8,84.83,86.46
87,94,86,81,82,84,80,83,92,87,91,80,87,92,91,93,93,83,91,91,95,89,83,88,92,92,85,81,86,92,92,84,94,93,91,82,92,83,82,94,92,89,93,87,85,81,80,89.0,82.33,85.0,86.0,90.0,89.67,92.33,86.67,89.67,86.33,90.0,88.67,88.6,91.0,86.0,80.5,85.58,89.67,88.0,89.09,85.83,87.63
81,84,89,89,85,83,84,82,81,83,87,92,81,86,84,90,87,84,80,85,93,88,93,82,84,92,83,85,91,89,90,81,81,89,92,88,82,85,87,81,85,89,83,92,93,94,91,84.67,85.67,82.33,87.33,83.67,87.0,86.0,87.67,86.33,88.33,84.0,89.67,84.0,86.0,92.5,92.5,85.0,86.08,87.33,85.89,90.33,86.93
86,82,82,83,83,91,83,95,82,83,93,81,82,95,85,82,91,87,89,86,95,92,90,89,92,91,85,87,93,86,90,93,95,85,87,86,84,93,95,92,82,94,91,90,83,86,85,83.33,85.67,86.67,85.67,87.33,86.67,90.0,90.33,89.33,88.67,92.67,86.0,89.2,92.5,86.5,85.5,85.33,88.58,89.0,89.29,88.17,88.07
93,93,87,95,83,93,87,85,82,80,91,80,95,90,93,82,90,94,93,86,80,92,93,94,92,94,88,80,93,82,95,83,90,82,92,84,84,85,89,89,91,92,84,87,93,88,95,91.0,90.33,84.67,83.67,92.67,88.67,86.33,93.0,91.33,85.0,89.33,86.0,87.6,88.0,90.0,91.5,87.42,90.17,88.17,87.64,89.83,88.65
92,80,82,82,84,94,88,89,87,81,81,86,92,86,82,82,81,90,80,89,87,81,94,93,88,84,88,91,81,93,87,93,86,94,89,89,95,89,89,83,86,94,81,89,88,91,92,84.67,86.67,88.0,82.67,86.67,84.33,85.33,89.33,86.67,88.33,88.67,90.67,88.4,87.5,88.5,91.5,85.5,86.42,87.5,89.24,89.17,87.57
86,92,93,94,89,91,91,85,90,89,83,82,90,95,81,89,80,80,81,88,89,88,88,84,82,90,81,82,92,83,91,82,93,84,95,84,81,88,91,81,83,85,93,85,91,89,82,90.33,91.33,88.67,84.67,88.67,83.0,86.0,86.67,84.33,85.67,88.67,87.67,84.8,89.0,88.0,85.5,88.75,86.08,85.0,87.04,87.5,86.88
85,88,92,94,85,89,86,81,86,85,94,89,87,85,82,95,81,84,93,85,80,87,83,87,92,92,91,85,87,93,81,89,92,84,83,83,85,81,85,86,87,82,89,92,88,90,92,88.33,89.33,84.33,89.33,84.67,86.67,86.0,85.67,91.67,88.33,87.33,83.33,84.8,85.5,90.0,91.0,87.83,85.75,90.0,85.16,88.83,87.51
81,86,93,82,95,93,83,95,91,80,87,92,95,90,94,85,81,82,86,93,82,92,80,91,88,85,92,87,88,94,84,83,91,86,90,91,80,95,93,80,92,88,80,84,80,86,86,86.67,90.0,89.67,86.33,93.0,82.67,87.0,87.67,88.33,89.67,86.0,89.0,88.0,84.0,82.0,86.0,88.17,87.58,89.0,87.67,84.0,87.28
85,92,91,95,81,85,85,95,86,95,85,88,91,94,87,90,88,86,81,85,83,87,86,91,86,86,91,80,90,88,93,83,91,81,92,91,91,87,88,93,91,86,92,85,90,95,93,89.33,87.0,88.67,89.33,90.67,88.0,83.0,88.0,87.67,86.0,89.0,88.0,90.0,89.0,87.5,94.0,88.58,87.42,86.83,89.0,90.17,88.4
88,84,89,95,89,93,88,89,80,91,94,89,86,92,87,92,90,92,87,88,86,86,92,81,92,83,90,89,81,83,94,89,87,87,93,94,89,82,84,92,80,84,89,87,93,81,89,87.0,92.33,85.67,91.33,88.33,91.33,87.0,86.33,88.33,84.33,90.0,91.33,85.4,86.5,90.0,85.0,89.08,88.25,86.33,88.91,87.17,87.95
88,92,86,92,94,91,84,90,83,87,92,88,84,83,89,85,95,94,84,95,87,86,90,91,83,91,89,95,95,91,81,90,90,95,90,85,85,85,91,92,82,93,95,86,81,88,94,88.67,92.33,85.67,89.0,85.33,91.33,88.67,89.0,87.67,93.67,87.0,90.0,87.0,94.0,83.5,91.0,88.92,88.58,90.67,88.0,89.5,89.13
80,87,85,93,93,83,95,94,91,84,94,84,81,94,91,81,83,80,95,85,89,86,94,94,92,92,89,86,91,90,80,91,92,88,90,81,85,83,84,93,93,86,82,80,86,87,90,84.0,89.67,93.33,87.33,88.67,81.33,89.67,91.33,91.0,89.0,87.67,86.33,87.6,84.0,83.0,88.5,88.58,87.75,90.0,87.2,85.17,87.74
87,94,94,91,91,91,93,81,89,80,83,87,93,82,89,87,92,91,91,91,81,84,84,83,83,87,88,87,91,89,88,86,85,87,80,90,89,93,90,87,94,87,91,93,89,84,86,91.67,91.0,87.67,83.33,88.0,90.0,87.67,83.67,86.0,89.0,86.33,85.67,90.6,89.0,91.0,85.0,88.42,87.33,87.5,87.53,88.33,87.82
94,85,93,89,93,80,89,83,84,86,80,80,86,95,85,81,80,83,92,94,88,81,92,83,86,80,95,83,80,95,87,89,94,86,86,89,82,91,81,86,91,83,86,81,88,84,95,90.67,87.33,85.33,82.0,88.67,81.33,91.33,85.33,87.0,86.0,90.0,87.0,86.2,84.5,84.5,89.5,86.33,86.67,86.5,87.73,86.17,86.68
81,94,91,80,90,85,85,85,89,90,92,86,95,95,88,81,92,90,80,92,88,80,93,86,84,86,83,84,88,90,81,90,88,85,83,92,88,94,84,81,90,92,91,83,93,87,84,88.67,85.0,86.33,89.33,92.67,87.67,86.67,86.33,84.33,87.33,86.33,86.67,87.4,91.5,88.0,85.5,87.33,88.33,85.83,86.8,88.33,87.33
80,89,95,85,95,83,84,92,85,81,90,82,89,80,82,82,85,89,94,93,91,84,85,81,85,81,86,91,89,88,87,95,83,91,93,92,82,80,88,83,86,95,84,85,85,85,87,88.0,87.67,87.0,84.33,83.67,85.33,92.67,83.33,84.0,89.33,88.33,92.0,83.8,89.5,85.0,86.0,86.75,86.25,86.67,88.04,86.83,86.91
81,93,86,85,87,84,89,93,87,88,81,80,89,90,92,82,94,82,88,88,87,89,80,87,88,94,81,82,91,85,93,89,90,86,84,85,89,92,92,86,94,91,81,94,82,82,93,86.67,85.33,89.67,83.0,90.33,86.0,87.67,85.33,87.67,86.0,90.67,85.0,90.6,86.0,88.0,87.5,86.17,87.33,86.83,88.76,87.17,87.25
93,87,94,83,80,80,90,84,94,89,89,95,86,86,88,80,93,86,82,87,92,94,82,82,80,88,87,88,89,89,87,85,87,87,82,89,89,94,85,82,86,84,81,81,81,93,84,91.33,81.0,89.33,91.0,86.67,86.33,87.0,86.0,85.0,88.67,86.33,86.0,87.2,82.5,81.0,88.5,88.17,86.5,86.83,86.51,84.0,86.4
95,90,82,84,82,86,81,85,83,82,87,90,95,84,88,81,84,95,84,86,86,94,95,88,92,94,85,94,93,93,93,94,82,95,88,94,89,92,85,88,80,90,82,82,80,84,89,89.0,84.0,83.0,86.33,89.0,86.67,85.33,92.33,90.33,93.33,89.67,92.33,86.8,86.0,81.0,86.5,85.58,88.33,91.83,89.6,84.5,87.97
87,94,88,94,90,90,95,80,86,94,93,84,87,85,94,91,81,81,82,85,80,86,94,86,82,85,86,83,88,83,92,93,81,95,85,82,92,89,88,94,83,95,95,91,83,94,81,89.67,91.33,87.0,90.33,88.67,84.33,82.33,88.67,84.33,84.67,88.67,87.33,89.2,95.0,87.0,87.5,89.58,86.0,84.5,88.4,89.83,87.66
86,83,84,84,93,83,80,88,83,82,82,90,90,93,85,84,93,85,88,82,83,84,93,90,89,88,89,80,85,93,83,84,81,92,93,83,86,80,84,84,94,82,80,90,82,82,83,84.33,86.67,83.67,84.67,89.33,87.33,84.33,89.0,88.67,86.0,82.67,89.33,85.6,81.0,86.0,82.5,84.83,87.5,87.33,85.87,83.17,85.74
84,94,88,94,81,94,94,83,82,81,84,82,85,87,84,86,88,86,82,81,80,89,83,90,88,90,90,83,85,90,90,81,86,92,91,92,87,85,95,94,81,90,85,88,91,95,87,88.67,89.67,86.33,82.33,85.33,86.67,81.0,87.33,89.33,86.0,85.67,91.67,88.4,87.5,89.5,91.0,86.75,85.08,87.67,88.58,89.33,87.48
92,80,87,85,92,90,85,86,94,92,93,91,80,90,92,87,88,83,92,91,93,85,88,84,85,89,81,91,94,86,93,91,88,85,94,95,86,91,85,94,91,95,84,95,82,91,80,86.33,89.0,88.33,92.0,87.33,86.0,92.0,85.67,85.0,90.33,90.67,91.33,89.4,89.5,88.5,85.5,88.92,87.75,87.67,90.47,87.83,88.53
80,93,92,80,91,81,82,88,92,92,82,85,85,84,84,89,84,92,85,81,94,85,93,95,81,87,90,85,84,85,85,95,83,85,89,88,93,86,86,89,85,83,80,81,92,92,83,88.33,84.0,87.33,86.33,84.33,88.33,86.67,91.0,86.0,84.67,87.67,87.33,87.8,81.5,86.5,87.5,86.5,87.58,85.33,87.6,85.17,86.44
84,87,85,85,91,82,88,91,88,85,91,88,80,87,89,92,81,88,81,80,83,84,90,95,87,82,87,81,86,87,87,82,80,95,88,84,90,80,86,90,85,80,95,81,80,95,95,85.33,86.0,89.0,88.0,85.33,87.0,81.33,89.67,85.33,84.67,83.0,89.0,86.2,87.5,80.5,95.0,87.08,85.83,85.0,86.07,87.67,86.33
88,84,90,85,93,95,94,90,90,93,90,93,91,88,82,88,82,93,91,86,80,81,91,87,94,90,91,86,80,83,80,94,92,84,88,88,90,80,81,82,87,85,87,82,81,82,83,87.33,91.0,91.33,92.0,87.0,87.67,85.67,86.33,91.67,83.0,88.67,86.67,84.0,86.0,81.5,82.5,90.42,86.67,87.33,86.44,83.33,86.84
88,93,85,86,95,84,95,84,85,88,88,93,84,94,95,94,90,94,88,87,80,94,88,94,92,93,94,91,95,85,91,94,85,80,84,82,80,91,86,94,83,80,84,95,84,86,88,88.67,88.33,88.0,89.67,91.0,92.67,85.0,92.0,93.0,90.33,90.0,82.0,86.8,82.0,89.5,87.0,88.67,90.17,91.67,86.27,86.17,88.59
80,85,84,89,82,87,81,91,84,81,84,81,83,88,84,84,83,84,90,89,87,87,82,94,85,80,83,85,94,94,88,95,94,93,92,90,87,90,85,89,87,88,93,94,81,85,85,83.0,86.0,85.33,82.0,85.0,83.67,88.67,87.67,82.67,91.0,92.33,91.67,87.6,90.5,87.5,85.0,84.08,86.25,86.83,90.53,87.67,87.07
95,83,81,92,81,86,85,88,80,94,90,94,93,82,86,89,83,81,83,80,94,84,80,87,83,93,88,85,81,86,95,90,91,93,82,94,85,84,87,84,84,83,95,87,92,86,80,86.33,86.33,84.33,92.67,87.0,84.33,85.67,83.67,88.0,84.0,92.0,89.67,84.8,89.0,89.5,83.0,87.42,85.17,86.0,88.82,87.17,86.91
93,88,85,86,82,82,81,90,87,95,94,89,80,92,86,85,84,89,81,92,95,94,86,91,86,86,95,81,82,84,95,85,90,88,80,81,83,94,81,88,94,95,93,80,93,85,89,88.67,83.33,86.0,92.67,86.0,86.0,89.33,90.33,89.0,82.33,90.0,83.0,88.0,94.0,86.5,87.0,87.67,87.92,85.67,87.0,89.17,87.48
90,93,90,90,92,87,81,94,93,94,84,82,92,90,87,89,85,84,88,80,84,95,91,81,82,83,82,81,92,85,81,86,85,88,86,83,94,87,87,94,85,83,82,83,81,83,88,91.0,89.67,89.33,86.67,89.67,86.0,84.0,89.0,82.33,86.0,84.0,85.67,89.4,82.5,82.0,85.5,89.17,87.17,84.17,86.36,83.33,86.04
85,83,95,91,94,89,84,95,88,84,88,81,89,83,95,84,81,84,88,93,84,85,92,81,84,83,82,82,87,83,80,86,80,87,85,84,89,94,89,85,85,86,94,90,89,95,86,87.67,91.33,89.0,84.33,89.0,83.0,88.33,86.0,83.0,84.0,82.0,85.33,88.4,90.0,89.5,90.5,88.08,86.58,83.5,85.24,90.0,86.68
80,80,88,84,94,87,90,91,94,81,93,85,82,82,91,90,80,86,83,80,86,87,88,89,85,87,88,91,90,81,81,89,87,89,89,82,86,87,83,84,87,86,80,83,80,88,84,82.67,88.33,91.67,86.33,85.0,85.33,83.0,88.0,86.67,87.33,85.67,86.67,85.4,83.0,81.5,86.0,87.25,85.33,87.0,85.91,83.5,85.8
93,86,89,81,91,94,89,88,89,85,95,88,95,87,86,85,88,91,92,83,92,91,86,83,90,81,90,84,91,81,90,82,80,84,82,88,85,83,91,93,89,94,90,86,94,91,90,89.33,88.67,88.67,89.33,89.33,88.0,89.0,86.67,87.0,85.33,84.0,84.67,88.2,92.0,90.0,90.5,89.0,88.25,86.17,85.62,90.83,87.97
87,83,81,81,89,95,85,95,92,91,85,93,89,86,89,80,86,80,82,83,86,89,90,91,93,90,95,84,85,90,93,84,88,83,95,81,89,87,90,91,95,94,86,92,90,93,92,83.67,88.33,90.67,89.67,88.0,82.0,83.67,90.0,92.67,86.33,88.33,86.33,90.4,90.0,91.0,92.5,88.08,85.92,89.5,88.36,91.17,88.6
81,89,94,94,91,81,92,83,91,82,88,90,81,87,91,81,86,92,95,94,84,92,87,88,80,89,95,90,90,80,84,86,83,93,89,82,82,89,81,94,95,81,94,91,87,80,81,88.0,88.67,88.67,86.67,86.33,86.33,91.0,89.0,88.0,86.67,84.33,88.0,88.2,87.5,89.0,80.5,88.0,88.17,87.33,86.84,85.67,87.2
84,88,85,82,88,90,90,84,86,84,90,87,84,85,92,80,94,87,92,88,95,92,91,94,81,88,91,95,95,92,94,85,95,92,85,86,84,83,84,87,84,94,94,81,86,85,88,85.67,86.67,86.67,87.0,87.0,87.0,91.67,92.33,86.67,94.0,91.33,87.67,84.4,94.0,83.5,86.5,86.5,89.5,90.33,87.8,88.0,88.43
92,95,81,83,90,94,91,80,90,85,83,90,95,91,92,84,83,83,89,82,95,95,84,94,89,85,89,80,95,82,81,91,80,80,91,88,94,91,90,92,90,90,80,80,86,80,90,89.33,89.0,87.0,86.0,92.67,83.33,88.67,91.0,87.67,85.67,84.0,86.33,91.4,85.0,83.0,85.0,87.83,88.92,86.67,87.24,84.33,87.0
95,86,94,88,87,91,83,90,88,83,85,89,82,86,85,81,93,95,87,93,86,82,92,87,90,85,88,94,83,94,81,94,86,92,83,95,85,84,90,95,90,94,83,95,85,80,80,91.67,88.67,87.0,85.67,84.33,89.67,88.67,87.0,87.67,90.33,87.0,90.0,88.8,88.5,90.0,80.0,88.25,87.42,89.0,88.6,86.17,87.89
90,87,88,83,91,86,92,84,92,89,94,95,82,91,87,90,91,90,81,95,81,95,80,93,90,90,89,91,89,91,86,82,84,87,84,86,85,84,82,84,91,85,82,80,95,91,90,88.33,86.67,89.33,92.67,86.67,90.33,85.67,89.33,89.67,90.33,84.0,85.67,85.2,83.5,87.5,90.5,89.25,88.0,90.0,84.96,87.17,87.87
83,80,91,84,91,80,91,92,83,92,87,84,94,94,85,81,87,93,94,90,94,84,85,81,89,86,87,93,94,93,83,89,80,92,89,94,89,90,93,94,82,92,89,88,94,88,86,84.67,85.0,88.67,87.67,91.0,87.0,92.67,83.33,87.33,93.33,84.0,91.67,89.6,90.5,91.0,87.0,86.5,88.5,90.33,88.42,89.5,88.65
81,86,90,82,90,88,89,85,87,93,90,84,93,91,95,88,80,95,92,95,92,85,84,92,80,90,85,93,85,91,81,83,90,92,91,84,91,82,81,95,90,90,88,91,83,89,91,85.67,86.67,87.0,89.0,93.0,87.67,93.0,87.0,85.0,89.67,84.67,89.0,87.8,89.0,87.0,90.0,87.08,90.17,87.33,87.16,88.67,88.08
89,83,95,86,95,81,80,88,83,84,82,80,86,82,81,87,89,83,85,88,88,84,80,85,83,95,89,86,83,91,87,82,84,81,92,81,81,93,91,84,92,88,87,90,94,91,85,89.0,87.33,83.67,82.0,83.0,86.33,87.0,83.0,89.0,86.67,84.33,84.67,88.2,87.5,92.0,88.0,85.5,84.83,87.83,85.73,89.17,86.61
94,83,94,88,86,95,86,90,86,90,92,81,84,86,84,81,82,91,91,89,89,85,81,91,81,88,86,84,92,94,81,95,84,92,81,95,83,86,80,93,84,85,82,85,84,83,87,90.33,89.67,87.33,87.67,84.67,84.67,89.67,85.67,85.0,90.0,86.67,89.33,85.2,83.5,84.5,85.0,88.75,86.17,87.5,87.07,84.33,86.76
93,94,87,83,81,89,87,85,86,94,90,89,81,85,88,81,92,86,93,84,91,89,86,84,92,82,81,81,83,86,83,87,86,81,82,87,82,94,85,93,92,84,93,85,89,82,87,91.33,84.33,86.0,91.0,84.67,86.33,89.33,86.33,85.0,83.33,85.33,83.33,89.2,88.5,87.0,84.5,88.17,86.67,84.17,85.96,86.67,86.32
91,87,94,89,86,81,89,89,82,90,83,86,86,94,94,95,93,81,91,93,80,92,92,85,83,95,86,83,80,95,93,80,94,86,87,80,93,83,87,85,94,81,85,95,86,93,86,90.67,85.33,86.67,86.33,91.33,89.67,88.0,89.67,88.0,86.0,89.0,84.33,88.4,83.0,90.5,89.5,87.25,89.67,87.0,87.24,87.67,87.77
90,90,88,86,88,95,95,80,85,82,93,81,83,80,89,89,91,80,90,88,94,84,94,83,85,86,91,80,84,87,93,86,93,83,88,94,87,91,95,90,92,88,92,81,90,89,83,89.33,89.67,86.67,85.33,84.0,86.67,90.67,87.0,87.33,83.67,90.67,88.33,91.0,90.0,85.5,86.0,87.75,87.08,85.5,90.0,87.17,87.5
94,80,94,85,82,82,84,82,82,81,82,88,86,84,90,81,91,95,88,95,84,88,95,84,95,93,81,82,86,82,86,85,85,94,94,91,94,83,86,89,94,89,89,83,91,87,80,89.33,83.0,82.67,83.67,86.67,89.0,89.0,89.0,89.67,83.33,85.33,93.0,89.2,89.0,87.0,83.5,84.67,88.42,86.5,89.18,86.5,87.05
94,94,83,92,93,81,83,89,86,87,95,81,83,83,88,81,90,82,83,90,81,93,81,94,93,80,92,93,94,90,80,93,82,83,90,85,82,86,91,91,83,90,95,95,80,93,87,90.33,88.67,86.0,87.67,84.67,84.33,84.67,89.33,88.33,92.33,85.0,86.0,86.6,92.5,87.5,90.0,88.17,85.75,90.33,85.87,90.0,88.02
87,92,87,90,95,82,93,86,84,89,89,86,92,86,92,94,83,86,89,86,83,88,92,84,86,95,92,83,86,85,94,84,88,92,87,89,81,89,82,87,91,85,84,83,90,80,82,88.67,89.0,87.67,88.0,90.0,87.67,86.0,88.0,91.0,84.67,88.67,89.33,86.0,84.5,86.5,81.0,88.33,87.92,87.83,88.0,84.0,87.22
95,92,90,80,87,87,91,91,80,92,95,82,81,93,91,91,85,93,92,83,87,95,86,90,80,83,94,90,93,89,81,90,92,83,80,94,93,86,92,91,85,90,86,80,94,84,94,92.33,84.67,87.33,89.67,88.33,89.67,87.33,90.33,85.67,90.67,87.67,85.67,89.4,88.0,87.0,89.0,88.5,88.92,88.17,87.58,88.0,88.23
89,89,89,90,89,84,83,86,92,85,93,93,95,85,81,89,81,81,91,90,91,92,87,93,89,83,80,91,80,86,94,80,89,94,80,95,91,89,95,92,91,94,86,81,89,80,80,89.0,87.67,87.0,90.33,87.0,83.67,90.67,90.67,84.0,85.67,87.67,89.67,91.6,90.0,85.0,80.0,88.5,88.0,84.83,89.64,85.0,87.2
86,89,80,81,83,92,82,81,90,82,83,94,87,80,89,85,85,87,89,88,82,90,85,86,86,83,85,81,82,95,93,87,90,90,82,84,89,81,89,94,94,91,86,90,82,82,87,85.0,85.33,84.33,86.33,85.33,85.67,86.33,87.0,84.67,86.0,90.0,85.33,89.4,88.5,86.0,84.5,85.25,86.08,85.33,88.24,86.33,86.25
82,92,83,81,80,80,90,90,83,91,82,93,94,81,90,94,82,80,93,83,95,95,85,91,91,90,89,86,83,89,95,93,89,84,95,81,90,85,84,80,85,83,94,86,95,93,84,85.67,80.33,87.67,88.67,88.33,85.33,90.33,90.33,90.0,86.0,92.33,86.67,84.8,88.5,90.5,88.5,85.58,88.58,88.0,87.93,89.17,87.85
85,89,84,93,81,81,90,91,83,83,82,82,94,90,84,91,91,95,87,92,85,85,90,88,80,89,81,86,82,95,95,84,94,95,81,83,87,88,92,94,85,92,81,83,83,94,90,86.0,85.0,88.0,82.33,89.33,92.33,88.0,87.67,83.33,87.67,91.0,86.33,89.2,86.5,83.0,92.0,85.33,89.33,85.5,88.84,87.17,87.24
86,81,80,86,82,95,85,81,83,88,83,86,90,94,94,80,85,94,90,93,85,93,87,89,87,88,94,81,80,95,92,84,87,89,90,85,87,89,87,90,93,82,95,92,83,95,86,82.33,87.67,83.0,85.67,92.67,86.33,89.33,89.67,89.67,85.33,87.67,88.0,89.2,88.5,87.5,90.5,84.67,89.5,87.5,88.29,88.83,87.76
90,86,85,94,94,80,80,94,83,82,85,94,81,84,91,81,87,84,88,80,83,83,91,80,83,80,88,88,95,89,88,83,89,94,83,94,86,95,90,95,90,92,82,85,94,86,89,87.0,89.33,85.67,87.0,85.33,84.0,83.67,84.67,83.67,90.67,86.67,90.33,91.2,87.0,89.5,87.5,87.25,84.42,87.17,89.4,88.0,87.25
83,83,81,89,80,94,83,90,89,87,85,88,81,82,92,85,95,84,90,91,83,81,90,92,84,91,88,91,83,92,85,82,80,88,90,83,94,92,93,92,90,88,86,92,82,86,80,82.33,87.67,87.33,86.67,85.0,88.0,88.0,87.67,87.67,88.67,82.33,87.0,92.2,87.0,87.0,83.0,86.0,87.17,88.17,87.18,85.67,86.84
94,90,89,95,88,84,86,93,92,92,88,86,92,94,80,80,89,91,89,92,89,86,90,88,89,83,81,80,82,86,88,94,81,87,82,95,94,87,88,89,90,91,93,93,92,80,86,91.0,89.0,90.33,88.67,88.67,86.67,90.0,88.0,84.33,82.67,87.67,88.0,89.6,92.0,92.5,83.0,89.75,88.33,83.5,88.42,89.17,87.83
95,92,95,87,82,83,86,87,87,82,81,94,89,88,87,85,83,88,94,93,85,81,93,83,85,95,83,93,80,94,86,91,90,91,87,92,93,93,84,87,84,89,85,89,88,86,92,94.0,84.0,86.67,85.67,88.0,85.33,90.67,85.67,87.67,89.0,89.0,90.0,88.2,87.0,88.5,89.0,87.58,87.42,88.33,89.07,88.17,88.11
82,92,85,82,80,86,81,94,89,85,83,85,89,89,90,90,86,84,81,92,88,84,93,88,85,83,95,94,82,88,95,89,87,80,80,92,90,92,90,92,82,91,92,87,90,87,95,86.33,82.67,88.0,84.33,89.33,86.67,87.0,88.33,87.67,88.0,90.33,84.0,89.2,91.5,88.5,91.0,85.33,87.83,87.83,87.84,90.33,87.84
81,89,85,88,92,88,95,84,90,81,93,87,95,81,89,93,88,93,82,87,82,84,84,91,84,83,87,84,93,94,81,86,85,84,82,82,84,80,86,93,84,89,94,82,88,95,87,85.0,89.33,89.67,87.0,88.33,91.33,83.67,86.33,84.67,90.33,84.0,82.67,85.4,91.5,85.0,91.0,87.75,87.42,87.5,84.02,89.17,87.17
80,80,80,88,94,89,86,95,87,90,82,91,95,87,95,85,88,93,86,82,87,82,87,92,87,85,92,80,94,82,87,87,81,91,95,83,86,81,88,94,84,95,88,89,94,88,95,80.0,90.33,89.33,87.67,92.33,88.67,85.0,87.0,88.0,85.33,85.0,89.67,86.6,91.5,91.5,91.5,86.83,88.25,86.67,87.09,91.5,88.07
81,95,82,86,92,88,81,92,89,80,95,91,91,90,83,93,83,91,89,91,90,92,83,92,87,87,95,83,84,91,83,89,80,86,83,95,84,89,87,83,90,94,81,83,95,89,86,86.0,88.67,87.33,88.67,88.0,89.0,90.0,89.0,89.67,86.0,84.0,88.0,86.6,87.5,89.0,87.5,87.67,89.0,87.83,86.2,88.0,87.74
89,84,85,90,80,89,86,94,81,80,90,83,85,91,86,95,94,88,91,92,84,93,94,87,90,89,81,84,84,83,86,81,89,88,83,90,90,85,80,92,87,89,84,89,81,94,93,86.0,86.33,87.0,84.33,87.33,92.33,89.0,91.33,86.67,83.67,85.33,87.0,86.8,86.5,85.0,93.5,85.92,90.0,85.17,86.38,88.33,87.16
91,84,87,92,94,87,94,80,95,83,80,94,84,85,85,91,87,91,94,85,84,88,86,88,83,82,93,92,90,94,95,89,93,91,80,82,92,87,81,91,86,90,87,93,84,95,80,87.33,91.0,89.67,85.67,84.67,89.67,87.67,87.33,86.0,92.0,92.33,84.33,87.4,88.5,88.5,87.5,88.42,87.33,89.0,88.02,88.17,88.19
85,86,91,87,90,85,80,86,88,91,84,95,86,93,85,91,86,80,89,85,94,89,93,92,81,92,91,85,94,88,94,86,91,93,94,93,93,84,85,93,88,80,88,94,83,90,86,87.33,87.33,84.67,90.0,88.0,85.67,89.33,91.33,88.0,89.0,90.33,93.33,88.6,84.0,88.5,88.0,87.33,88.58,88.5,90.76,86.83,88.4
82,80,86,82,83,92,90,92,80,92,88,89,90,95,92,88,85,83,81,86,80,85,93,85,93,94,81,81,85,93,93,81,92,90,93,90,91,91,80,88,87,88,81,90,87,80,85,82.67,85.67,87.33,89.67,92.33,85.33,82.33,87.67,89.33,86.33,88.67,91.0,87.4,84.5,88.5,82.5,86.33,86.92,87.83,89.02,85.17,87.05
83,94,80,92,84,88,93,85,88,80,82,82,91,90,93,80,90,86,92,90,83,90,88,95,81,87,89,85,81,89,88,88,88,94,85,94,89,88,82,80,92,92,89,82,88,83,93,85.67,88.0,88.67,81.33,91.33,85.33,88.33,91.0,85.67,85.0,88.0,91.0,86.2,90.5,85.0,88.0,85.92,89.0,85.33,88.4,87.83,87.3
89,90,91,90,85,90,84,85,80,94,85,85,90,92,81,91,90,91,88,88,83,85,91,89,95,85,82,85,88,92,87,90,90,92,80,80,80,88,86,80,93,94,89,86,89,93,89,90.0,88.33,83.0,88.0,87.67,90.67,86.33,88.33,87.33,88.33,89.0,84.0,85.4,91.5,87.5,91.0,87.33,88.25,87.83,86.13,90.0,87.91
95,88,95,92,80,94,82,95,81,89,95,88,80,86,83,83,95,88,89,87,89,81,92,92,90,93,87,83,86,94,89,81,86,80,80,94,91,90,94,86,84,86,91,82,80,92,92,92.67,88.67,86.0,90.67,83.0,88.67,88.33,88.33,90.0,87.67,85.33,84.67,89.0,88.5,81.0,92.0,89.5,87.08,88.83,86.33,87.17,87.78
82,92,85,93,95,84,84,89,87,88,92,83,94,81,84,90,80,93,92,85,91,85,90,92,81,85,84,82,80,91,88,94,83,95,86,86,83,80,89,89,86,90,89,87,81,94,85,86.33,90.67,86.67,87.67,86.33,87.67,89.33,89.0,83.33,84.33,88.33,89.0,85.4,89.5,84.0,89.5,87.83,88.08,83.83,87.58,87.67,87.0
90,86,88,93,89,89,90,93,90,82,84,81,90,93,85,83,83,93,88,82,90,89,93,80,81,93,88,80,90,86,84,90,80,89,93,81,82,87,91,93,82,85,90,84,80,80,90,88.0,90.33,91.0,82.33,89.33,86.33,86.67,87.33,87.33,85.33,84.67,87.67,87.0,87.5,82.0,85.0,87.92,87.42,86.33,86.44,84.83,86.59
87,85,86,93,85,83,95,82,93,93,93,82,90,85,91,92,82,90,91,81,83,89,81,92,82,80,86,94,80,87,93,88,90,85,84,80,87,95,86,85,85,86,80,92,88,87,80,86.0,87.0,90.0,89.33,88.67,88.0,85.0,87.33,82.67,87.0,90.33,83.0,87.6,83.0,90.0,83.5,88.08,87.25,84.83,86.98,85.5,86.53
91,80,81,85,82,87,85,81,83,92,82,89,92,84,88,93,95,93,90,80,93,90,91,94,80,92,83,90,80,94,91,91,93,82,95,92,94,90,85,81,92,81,85,91,93,82,84,84.0,84.67,83.0,87.67,88.0,93.67,87.67,91.67,85.0,88.0,91.67,89.67,88.4,83.0,92.0,83.0,84.83,90.25,86.5,89.91,86.0,87.5
80,80,85,80,90,91,95,92,87,86,92,86,91,89,94,89,86,92,82,91,88,94,83,89,80,86,92,83,92,95,83,80,89,92,85,95,91,88,92,86,81,84,87,94,90,94,82,81.67,87.0,91.33,88.0,91.33,89.0,87.0,88.67,86.0,90.0,84.0,90.67,87.6,85.5,92.0,88.0,87.0,89.0,88.0,87.42,88.5,87.98
87,90,81,93,95,94,89,89,91,88,91,94,81,89,86,89,91,95,80,89,90,91,93,87,85,94,83,86,86,87,82,81,85,83,93,83,91,91,80,82,83,87,88,82,93,94,86,86.0,94.0,89.67,91.0,85.33,91.67,86.33,90.33,87.33,86.33,82.67,86.33,85.4,87.5,87.5,90.0,90.17,88.42,86.83,84.8,88.33,87.71
90,87,80,90,89,91,91,93,81,87,94,83,92,83,85,82,89,94,89,89,93,95,93,81,84,91,80,87,86,91,83,88,86,89,95,80,90,87,88,89,88,90,92,92,94,86,88,85.67,90.0,88.33,88.0,86.67,88.33,90.33,89.67,85.0,88.0,85.67,88.0,88.4,91.0,93.0,87.0,88.0,88.75,86.5,87.36,90.33,88.19
85,95,85,91,86,90,95,94,81,89,84,92,94,86,88,91,93,86,92,86,82,89,84,85,90,95,91,92,92,94,92,80,81,81,93,95,88,91,90,94,85,81,95,82,81,93,82,88.33,89.0,90.0,88.33,89.33,90.0,86.67,86.0,92.0,92.67,84.33,89.67,89.6,88.0,81.5,87.5,88.92,88.0,92.33,87.87,85.67,88.56
93,90,95,89,93,86,87,87,80,82,87,83,91,89,86,95,89,88,85,83,82,85,81,90,88,85,81,87,85,86,90,85,80,92,80,89,91,81,89,91,92,93,94,80,87,81,81,92.67,89.33,84.67,84.0,88.67,90.67,83.33,85.33,84.67,86.0,85.0,87.0,88.8,93.5,83.5,81.0,87.67,87.0,85.33,86.93,86.0,86.59
90,89,82,92,88,83,93,83,83,86,95,95,90,87,90,93,88,80,95,81,84,92,90,82,80,83,91,91,92,94,85,94,90,93,86,93,86,81,80,80,89,90,82,94,93,80,82,87.0,87.67,86.33,92.0,89.0,87.0,86.67,88.0,84.67,92.33,89.67,90.67,83.2,86.0,93.5,81.0,88.25,87.67,88.5,87.84,86.83,87.82
89,91,89,85,84,93,84,90,94,87,88,83,84,89,80,80,87,85,84,83,80,95,84,81,83,92,83,85,89,83,90,85,89,83,85,94,83,93,82,83,87,80,91,88,93,81,87,89.67,87.33,89.33,86.0,84.33,84.0,82.33,86.67,86.0,85.67,88.0,87.33,85.6,85.5,90.5,84.0,88.08,84.33,85.83,86.98,86.67,86.38
81,90,80,90,85,89,91,86,86,91,82,88,80,86,85,82,91,91,86,91,90,85,83,84,87,84,83,93,80,83,83,83,83,83,93,83,81,84,89,83,88,88,85,91,82,89,80,83.67,88.0,87.67,87.0,83.67,88.0,89.0,84.0,84.67,85.33,83.0,86.33,85.0,86.5,86.5,84.5,86.58,86.17,85.0,84.78,85.83,85.67
83,89,82,88,92,94,84,92,80,92,93,84,81,87,85,89,82,81,95,83,93,86,80,92,87,85,88,85,88,92,88,88,83,91,92,87,80,91,83,80,94,84,91,80,84,89,82,84.67,91.33,85.33,89.67,84.33,84.0,90.33,86.0,86.67,88.33,86.33,90.0,85.6,87.5,82.0,85.5,87.75,86.17,87.5,87.31,85.0,86.75
86,89,82,88,90,90,83,81,94,80,95,95,88,89,84,91,83,89,80,85,94,95,82,88,94,85,91,95,83,82,83,89,90,90,92,92,81,80,83,90,85,91,92,82,82,88,95,85.67,89.33,86.0,90.0,87.0,87.67,86.33,88.33,90.0,86.67,87.33,91.33,83.8,91.5,82.0,91.5,87.75,87.33,88.33,87.49,88.33,87.85
81,91,84,94,90,82,84,94,80,89,84,95,84,80,80,87,89,85,85,92,94,88,80,82,94,89,95,91,91,81,94,94,82,82,88,83,83,81,84,84,94,91,82,85,87,82,89,85.33,88.67,86.0,89.33,81.33,87.0,90.33,83.33,92.67,87.67,90.0,84.33,85.2,86.5,86.0,85.5,87.33,85.5,90.17,86.51,86.0,87.1
94,85,91,89,95,82,87,85,86,95,84,81,89,88,92,93,81,82,95,89,86,82,83,88,81,95,88,89,92,94,94,92,95,91,94,86,92,87,91,84,80,93,86,84,95,94,88,90.0,88.67,86.0,86.67,89.67,85.33,90.0,84.33,88.0,91.67,93.67,90.33,86.8,89.5,89.5,91.0,87.83,87.33,89.83,90.27,90.0,89.05
85,84,85,91,85,82,88,85,94,93,83,88,86,87,89,94,95,87,87,89,85,94,86,83,82,94,88,88,94,82,85,89,95,80,86,87,88,88,87,95,83,90,90,81,90,93,85,84.67,86.0,89.0,88.0,87.33,92.0,87.0,87.67,88.0,88.0,89.67,84.33,88.2,90.0,85.5,89.0,86.92,88.5,88.0,87.4,88.17,87.8
91,80,80,86,89,85,83,81,91,85,92,92,94,91,80,80,92,91,94,89,82,81,88,82,82,89,84,89,94,91,84,89,80,91,93,91,80,86,89,81,91,95,91,87,84,81,90,83.67,86.67,85.0,89.67,88.33,87.67,88.33,83.67,85.0,91.33,84.33,91.67,85.4,93.0,85.5,85.5,86.25,87.0,88.17,87.13,88.0,87.31
87,94,83,93,87,85,95,84,80,95,90,94,92,95,93,81,91,80,86,81,93,89,90,94,95,93,92,86,87,85,88,80,89,91,91,89,87,81,80,90,95,87,88,94,94,87,87,88.0,88.33,86.33,93.0,93.33,84.0,86.67,91.0,93.33,86.0,85.67,90.33,86.6,87.5,94.0,87.0,88.92,88.75,89.67,87.53,89.5,88.87
84,84,88,92,92,89,83,94,92,86,82,86,86,90,86,86,92,86,85,89,87,84,85,83,81,93,83,89,83,85,88,80,94,92,80,93,83,82,92,88,87,86,84,87,83,88,80,85.33,91.0,89.67,84.67,87.33,88.0,87.0,84.0,85.67,85.67,87.33,88.33,86.4,85.0,85.0,84.0,87.67,86.58,85.67,87.36,84.67,86.39
95,93,95,91,93,94,95,89,85,93,89,95,94,91,95,82,95,88,84,92,93,81,84,93,89,85,80,90,91,91,87,83,86,88,83,91,82,83,94,89,87,87,81,89,88,83,94,94.33,92.67,89.67,92.33,93.33,88.33,89.67,86.0,84.67,90.67,85.33,87.33,87.0,84.0,88.5,88.5,92.25,89.33,87.67,86.56,87.0,88.56
89,92,81,92,93,86,81,89,84,87,83,84,82,80,89,90,89,87,89,88,88,89,87,84,85,88,81,95,84,88,91,93,88,87,82,84,80,87,94,89,83,86,83,83,82,85,91,87.33,90.33,84.67,84.67,83.67,88.67,88.33,86.67,84.67,89.0,90.67,84.33,86.6,84.5,82.5,88.0,86.75,86.83,86.83,87.2,85.0,86.52
92,81,94,89,81,83,85,84,83,85,93,82,80,93,86,82,89,91,86,85,81,91,92,92,86,86,93,88,95,95,89,91,90,85,81,87,93,94,92,81,84,88,85,92,88,81,87,89.0,84.33,84.0,86.67,86.33,87.33,84.0,91.67,88.33,92.67,90.0,84.33,88.8,86.5,90.0,84.0,86.0,87.33,90.5,87.71,86.83,87.68
81,88,92,95,94,93,87,90,92,84,94,95,81,90,91,88,88,90,94,92,88,81,86,83,80,82,93,90,87,89,85,87,86,83,83,82,89,83,87,90,94,80,84,90,81,83,80,87.0,94.0,89.67,91.0,87.33,88.67,91.33,83.33,85.0,88.67,86.0,82.67,88.6,82.0,85.5,81.5,90.42,87.67,86.83,85.76,83.0,86.73
93,93,89,93,87,86,88,92,90,92,84,86,88,80,92,81,88,80,80,94,86,93,88,89,80,85,91,87,94,83,87,88,82,81,94,80,83,93,90,80,86,85,81,87,80,81,80,91.67,88.67,90.0,87.33,86.67,83.0,86.67,90.0,85.33,88.0,85.67,85.0,86.4,83.0,83.5,80.5,89.42,86.58,86.67,85.69,82.33,86.14
82,84,86,93,84,82,85,95,87,92,86,94,88,84,94,80,95,82,92,80,85,83,94,80,94,88,93,82,89,80,87,82,83,81,83,88,95,88,87,95,95,80,88,94,90,82,90,84.0,86.33,89.0,90.67,88.67,85.67,85.67,85.67,91.67,83.67,84.0,84.0,92.0,84.0,92.0,86.0,87.5,86.42,87.67,86.67,87.33,87.12
80,88,93,85,92,92,90,87,90,83,80,94,83,82,87,86,94,89,80,80,91,88,80,82,90,90,81,90,80,94,86,94,80,86,93,94,95,87,84,80,80,86,93,80,87,94,93,87.0,89.67,89.0,85.67,84.0,89.67,83.67,83.33,87.0,88.0,86.67,91.0,85.2,89.5,83.5,93.5,87.83,85.17,87.5,87.62,88.83,87.39
82,85,87,87,88,95,82,94,82,93,82,82,90,88,80,80,88,85,89,82,86,90,93,92,84,90,86,94,93,93,92,85,93,87,87,90,94,85,84,88,94,94,87,89,90,94,90,84.67,90.0,86.0,85.67,86.0,84.33,85.67,91.67,86.67,93.33,90.0,88.0,89.0,90.5,89.5,92.0,86.58,86.92,90.0,89.0,90.67,88.63
82,82,95,86,89,91,95,88,91,94,94,81,89,88,81,90,85,93,81,80,82,80,88,80,84,84,80,91,90,82,88,88,86,85,81,80,89,87,95,91,92,89,92,94,83,91,84,86.33,88.67,91.33,89.67,86.0,89.33,81.0,82.67,82.67,87.67,87.33,82.0,90.8,90.5,88.5,87.5,89.0,84.75,85.17,86.71,88.83,86.89
82,90,92,91,83,92,81,85,95,94,87,85,92,83,86,95,84,84,93,92,94,85,89,88,85,93,90,80,82,86,85,88,85,82,87,94,81,81,93,80,80,88,93,84,82,94,84,88.0,88.67,87.0,88.67,87.0,87.67,93.0,87.33,89.33,82.67,86.0,87.67,83.0,90.5,83.0,89.0,88.08,88.75,86.0,85.56,87.5,87.18
92,85,92,81,92,80,82,88,93,86,95,82,95,89,91,95,89,89,93,86,92,85,82,82,90,90,84,87,90,85,91,92,93,89,93,81,89,94,83,92,81,91,88,89,84,86,88,89.67,84.33,87.67,87.67,91.67,91.0,90.33,83.0,88.0,87.33,92.0,87.67,87.8,89.5,86.5,87.0,87.33,89.0,87.67,89.16,87.67,88.16
81,80,94,92,80,91,84,83,87,95,88,87,83,89,89,83,82,85,95,94,93,93,85,87,81,85,80,90,84,95,93,81,90,84,91,92,94,89,82,92,85,90,82,83,86,89,88,85.0,87.67,84.67,90.0,87.0,83.33,94.0,88.33,82.0,89.67,88.0,89.0,88.4,86.0,84.5,88.5,86.83,88.17,85.83,88.47,86.33,87.13
88,94,94,88,83,82,80,85,83,80,83,95,83,87,81,85,82,95,87,93,80,94,91,84,94,87,84,91,83,94,95,81,84,93,88,82,90,85,87,88,88,86,84,95,86,87,93,92.0,84.33,82.67,86.0,83.67,87.33,86.67,89.67,88.33,89.33,86.67,87.67,87.6,85.0,90.5,90.0,86.25,86.83,88.83,87.31,88.5,87.55
87,82,82,91,81,80,85,84,86,90,83,80,82,88,89,86,95,87,81,92,92,90,87,80,90,82,82,84,80,91,84,84,93,92,85,93,85,86,86,89,87,82,82,91,85,81,92,83.67,84.0,85.0,84.33,86.33,89.33,88.33,85.67,84.67,85.0,87.0,90.0,86.6,82.0,88.0,86.5,84.25,87.42,84.83,87.87,85.5,85.97
93,82,90,94,89,93,85,89,92,80,91,88,82,93,86,82,88,85,90,95,84,87,81,93,92,84,83,81,82,87,90,90,91,85,82,84,81,95,83,85,81,91,84,80,93,83,82,88.33,92.0,88.67,86.33,87.0,85.0,89.67,87.0,86.33,83.33,90.33,83.67,85.0,87.5,86.5,82.5,88.83,87.17,84.83,86.33,85.5,86.53
93,88,84,94,89,88,94,89,83,90,84,93,83,88,86,82,89,93,84,80,80,91,86,95,88,81,94,82,95,85,94,94,89,85,85,93,85,80,91,88,85,93,86,87,93,91,90,88.33,90.33,88.67,89.0,85.67,88.0,81.33,90.67,87.67,87.33,92.33,87.67,85.8,89.5,90.0,90.5,89.08,86.42,87.5,88.6,90.0,88.32
82,81,82,93,86,92,86,81,82,95,86,85,82,90,85,88,91,93,86,85,86,89,83,84,83,87,92,84,80,95,89,81,88,88,81,84,80,82,86,81,90,91,90,88,89,84,94,81.67,90.33,83.0,88.67,85.67,90.67,85.67,85.33,87.33,86.33,86.0,84.33,83.8,90.5,88.5,89.0,85.92,86.83,86.83,84.71,89.33,86.73
90,84,91,80,86,93,91,86,94,94,80,82,81,88,83,80,89,81,93,86,83,84,90,95,90,87,85,85,83,82,81,92,83,82,89,88,87,80,87,90,86,95,93,91,92,83,80,88.33,86.33,90.33,85.33,84.0,83.33,87.33,89.67,87.33,83.33,85.33,86.33,86.0,94.0,91.5,81.5,87.58,86.08,85.33,85.89,89.0,86.78
87,91,81,89,92,91,86,85,87,94,82,82,81,80,94,91,89,80,91,91,87,89,88,89,83,83,88,87,84,94,91,82,95,82,88,81,95,86,94,95,90,92,93,88,89,87,80,86.33,90.67,86.0,86.0,85.0,86.67,89.67,88.67,84.67,88.33,89.33,83.67,92.0,92.5,88.5,83.5,87.25,87.5,86.5,88.33,88.17,87.55
89,80,92,89,93,91,87,87,81,80,91,86,91,80,91,94,91,80,94,90,90,94,95,93,80,93,83,92,94,93,95,90,83,81,93,86,91,87,89,95,80,85,89,89,89,95,84,87.0,91.0,85.0,85.67,87.33,88.33,91.33,94.0,85.33,93.0,89.33,86.67,88.4,87.0,89.0,89.5,87.17,90.25,89.17,88.13,88.5,88.64
83,88,86,80,92,81,94,94,81,94,84,92,93,95,86,83,92,87,83,93,87,82,85,94,90,80,92,86,93,91,93,85,91,88,93,80,90,81,90,92,88,81,84,92,86,89,95,85.67,84.33,89.67,90.0,91.33,87.33,87.67,87.0,87.33,90.0,89.67,87.0,88.2,82.5,89.0,92.0,87.42,88.33,88.67,88.29,87.83,88.11
84,91,90,84,88,91,95,95,90,90,81,87,82,87,85,92,85,85,88,95,84,85,92,91,80,95,85,82,93,84,85,84,83,81,90,82,89,93,83,83,95,87,83,89,90,83,88,88.33,87.67,93.33,86.0,84.67,87.33,89.0,89.33,86.67,86.33,84.0,84.33,88.6,85.0,89.5,85.5,88.83,87.58,86.5,85.64,86.67,87.05
91,91,95,82,81,93,89,83,95,90,85,87,83,92,90,94,94,93,82,88,94,86,81,90,84,89,80,92,92,95,90,88,83,81,83,80,84,81,87,86,91,84,80,94,80,89,94,92.33,85.33,89.0,87.33,88.33,93.67,88.0,85.67,84.33,93.0,87.0,81.33,85.8,82.0,87.0,91.5,88.5,88.92,88.67,84.71,86.83,87.53
87,91,82,88,86,93,93,82,81,81,89,90,81,95,89,89,93,88,94,85,87,84,91,91,82,94,83,81,89,83,93,82,87,91,84,88,83,91,88,82,81,94,95,93,87,94,95,86.67,89.0,85.33,86.67,88.33,90.0,88.67,88.67,86.33,84.33,87.33,87.67,85.0,94.5,90.0,94.5,86.92,88.92,85.33,86.67,93.0,88.17
91,94,83,87,92,93,80,82,89,93,92,80,83,92,83,93,87,86,90,94,86,92,95,85,89,80,85,87,92,83,80,93,81,92,86,81,91,86,95,85,93,80,90,80,81,89,90,89.33,90.67,83.67,88.33,86.0,88.67,90.0,90.67,84.67,87.33,84.67,86.33,90.0,85.0,80.5,89.5,88.0,88.83,86.0,87.0,85.0,86.97
81,87,94,81,83,88,80,91,87,87,80,81,80,86,88,86,95,86,83,94,83,86,87,90,86,80,82,88,81,90,91,87,95,91,90,85,83,81,89,88,83,90,83,95,93,95,82,87.33,84.0,86.0,82.67,84.67,89.0,86.67,87.67,82.67,86.33,91.0,88.67,84.8,86.5,94.0,88.5,85.0,87.0,84.5,88.16,89.67,86.86
82,80,90,91,91,85,92,80,87,95,90,80,95,93,94,89,85,86,82,93,88,82,82,91,86,83,87,86,93,94,94,86,86,90,91,81,86,93,87,92,88,81,94,85,80,91,90,84.0,89.0,86.33,88.33,94.0,86.67,87.67,85.0,85.33,91.0,88.67,87.33,89.2,87.5,82.5,90.5,86.92,88.33,88.17,88.4,86.83,87.73
80,86,92,90,93,81,80,83,86,88,92,82,87,87,90,87,88,92,85,87,85,82,91,95,80,82,90,80,82,91,81,88,93,89,86,85,87,85,83,83,82,89,85,87,95,82,82,86.0,88.0,83.0,87.33,88.0,89.0,85.67,89.33,84.0,84.33,87.33,86.67,84.0,87.0,91.0,82.0,86.08,88.0,84.17,86.0,86.67,86.18
94,81,89,91,90,82,93,88,89,87,87,91,86,87,82,83,88,93,86,93,90,86,87,92,89,85,81,81,84,89,91,89,88,90,81,90,80,89,93,95,91,95,86,92,90,93,90,88.0,87.67,90.0,88.33,85.0,88.0,89.67,88.33,85.0,84.67,89.33,87.0,89.6,90.5,91.0,91.5,88.5,87.75,84.83,88.64,91.0,88.15
90,91,87,85,82,91,82,87,90,86,91,80,91,88,89,85,80,88,82,87,95,88,88,94,83,83,83,91,83,85,88,86,92,83,80,86,85,87,86,80,84,93,95,86,85,80,89,89.33,86.0,86.33,85.67,89.33,84.33,88.0,90.0,83.0,86.33,88.67,83.0,84.4,94.0,85.5,84.5,86.83,87.92,84.67,85.36,88.0,86.55
92,83,83,87,81,83,82,95,95,88,86,87,89,82,85,88,87,86,95,91,91,83,86,90,83,95,90,91,91,90,84,91,95,93,95,90,94,94,92,88,92,82,95,93,88,84,88,86.0,83.67,90.67,87.0,85.33,87.0,92.33,86.33,89.33,90.67,90.0,92.67,92.0,88.5,90.5,86.0,86.83,87.75,90.0,91.56,88.33,88.89
82,92,84,87,83,80,90,84,85,82,87,87,81,82,85,80,85,86,88,85,83,92,82,89,82,92,87,85,93,89,83,92,82,93,90,88,87,95,88,83,87,88,80,84,93,91,88,86.0,83.33,86.33,85.33,82.67,83.67,85.33,87.67,87.0,89.0,85.67,90.33,88.0,84.0,88.5,89.5,85.25,84.83,88.0,88.0,87.33,86.68
93,82,81,82,84,83,81,91,80,83,95,85,92,82,91,88,83,84,80,87,92,82,91,92,85,93,86,85,86,86,86,85,88,82,80,88,95,80,82,94,82,87,94,82,84,81,83,85.33,83.0,84.0,87.67,88.33,85.0,86.33,88.33,88.0,85.67,86.33,83.33,86.6,90.5,83.0,82.0,85.0,87.0,86.83,85.42,85.17,85.88
89,88,89,83,89,91,89,80,90,88,85,89,92,95,95,92,87,84,83,90,83,88,95,93,94,91,88,91,90,89,86,95,81,86,80,91,94,80,80,87,95,95,94,94,90,83,95,88.67,87.67,86.33,87.33,94.0,87.67,85.33,92.0,91.0,90.0,87.33,85.67,87.2,94.5,92.0,89.0,87.5,89.75,90.5,86.73,91.83,89.26
81,92,86,82,92,88,90,95,92,92,81,90,80,84,88,87,88,90,91,87,87,85,85,80,94,85,91,83,82,83,81,95,82,95,89,91,87,83,85,83,95,87,80,82,95,86,91,86.33,87.33,92.33,87.67,84.0,88.33,88.33,83.33,90.0,82.67,86.0,91.67,86.6,83.5,88.5,88.5,88.42,86.0,86.33,88.09,86.83,87.13
90,88,82,89,84,80,83,81,94,84,83,84,88,94,84,86,88,89,81,81,93,84,81,89,86,90,81,88,80,87,81,89,84,86,91,87,82,80,80,89,90,84,95,89,84,87,91,86.67,84.33,86.0,83.67,88.67,87.67,85.0,84.67,85.67,85.0,84.67,88.0,84.2,89.5,86.5,89.0,85.17,86.5,85.33,85.62,88.33,86.19
87,92,91,88,81,81,91,81,83,83,86,93,83,94,83,86,89,90,85,83,94,80,94,81,81,91,94,82,84,82,87,94,94,85,87,80,88,93,95,84,92,95,94,84,90,92,82,90.0,83.33,85.0,87.33,86.67,88.33,87.33,85.0,88.67,82.67,91.67,84.0,90.4,94.5,87.0,87.0,86.42,86.83,85.67,88.69,89.5,87.42
91,90,83,82,83,80,91,80,87,93,93,88,90,83,89,90,87,80,91,90,82,81,80,85,93,88,89,94,88,92,83,87,82,81,81,81,85,81,83,93,90,92,86,82,80,86,87,88.0,81.67,86.0,91.33,87.33,85.67,87.67,82.0,90.0,91.33,84.0,81.0,86.4,89.0,81.0,86.5,86.75,85.67,90.67,83.8,85.5,86.48
83,83,83,82,85,81,94,91,90,90,94,90,95,80,86,88,81,87,80,82,86,90,94,85,80,87,81,88,82,92,90,82,88,92,93,80,93,94,86,90,88,86,82,92,83,92,94,83.0,82.67,91.67,91.33,87.0,85.33,82.67,89.67,82.67,87.33,86.67,88.33,90.2,84.0,87.5,93.0,87.17,86.17,85.0,88.4,88.17,86.98
93,86,87,91,89,95,85,88,80,87,81,87,88,94,87,92,90,93,83,80,95,94,89,93,93,95,92,80,81,93,92,87,87,88,90,90,82,88,95,93,91,88,81,80,90,90,92,88.67,91.67,84.33,85.0,89.67,91.67,86.0,92.0,93.33,84.67,88.67,89.33,89.8,84.5,85.0,91.0,87.42,89.83,89.0,89.27,86.83,88.47
86,83,89,83,85,86,82,80,81,89,93,86,94,87,92,95,91,83,92,91,85,83,81,85,83,95,95,94,93,82,84,91,95,90,88,94,92,90,89,88,80,91,94,80,90,84,85,86.0,84.67,81.0,89.33,91.0,89.67,89.33,83.0,91.0,89.67,90.0,90.67,87.8,92.5,85.0,84.5,85.25,88.25,90.33,89.49,87.33,88.13
84,87,83,81,80,93,91,84,80,81,88,93,80,89,92,82,89,88,80,94,86,88,86,82,92,95,86,88,94,91,91,81,89,89,81,83,82,81,94,92,92,84,92,80,88,85,87,84.67,84.67,85.0,87.33,87.0,86.33,86.67,85.33,91.0,91.0,87.0,84.33,88.2,88.0,84.0,86.0,85.42,86.33,91.0,86.51,86.0,87.05
83,84,87,92,93,85,89,94,92,81,80,92,83,85,83,91,80,94,81,86,85,84,90,81,87,95,83,88,89,95,90,82,93,84,82,95,95,84,84,90,85,89,80,81,95,94,87,84.67,90.0,91.67,84.33,83.67,88.33,84.0,85.0,88.33,90.67,88.33,87.0,87.6,84.5,88.0,90.5,87.67,85.25,89.5,87.64,87.67,87.55
86,84,92,87,94,92,92,85,83,80,93,86,91,85,84,92,94,93,91,88,80,92,91,84,93,94,85,85,82,85,86,84,83,80,80,83,82,89,92,91,90,91,91,81,82,95,85,87.33,91.0,86.67,86.33,86.67,93.0,86.33,89.0,90.67,84.0,84.33,81.0,88.8,91.0,81.5,90.0,87.83,88.75,87.33,84.71,87.5,87.23
85,81,84,92,87,86,89,84,91,89,87,85,86,95,87,93,81,81,89,87,89,84,85,94,91,89,83,81,83,81,86,84,88,95,93,82,92,81,90,81,84,93,94,88,81,82,89,83.33,88.33,88.0,87.0,89.33,85.0,88.33,87.67,87.67,81.67,86.0,90.0,85.6,93.5,84.5,85.5,86.67,87.58,84.67,87.2,87.83,86.79
87,83,92,83,85,85,85,85,90,80,84,84,83,89,89,95,84,87,90,93,81,89,82,88,82,85,83,90,92,90,85,90,83,90,93,89,90,82,84,86,84,88,92,89,80,93,86,87.33,84.33,86.67,82.67,87.0,88.67,88.0,86.33,83.33,90.67,86.0,90.67,85.2,90.0,84.5,89.5,85.25,87.5,87.0,87.29,88.0,87.01
87,85,91,82,91,87,87,87,87,81,82,81,88,85,88,85,94,87,81,92,92,85,91,95,88,85,92,86,88,85,80,95,93,91,89,93,87,92,95,84,85,91,85,94,90,91,82,87.67,86.67,87.0,81.33,87.0,88.67,88.33,90.33,88.33,86.33,89.33,91.0,88.6,88.0,92.0,86.5,85.67,88.58,87.33,89.64,88.83,88.01
83,93,83,85,81,91,86,84,89,89,90,86,95,92,86,81,95,95,88,88,80,92,83,88,85,83,88,88,90,85,95,91,92,83,82,81,92,81,90,83,88,82,81,83,92,86,92,86.33,85.67,86.33,88.33,91.0,90.33,85.33,87.67,85.33,87.67,92.67,82.0,86.8,81.5,87.5,89.0,86.67,88.58,86.5,87.16,86.0,86.98
93,84,95,91,90,86,87,95,80,87,95,90,93,81,82,94,93,84,84,90,88,91,88,80,91,85,91,91,86,84,95,85,80,94,89,88,92,95,95,82,89,90,82,86,81,94,85,90.67,89.0,87.33,90.67,85.33,90.33,87.33,86.33,89.0,87.0,86.67,90.33,90.6,86.0,83.5,89.5,89.42,87.33,88.0,89.2,86.33,88.06
84,80,84,80,89,84,89,87,93,94,84,83,89,90,88,93,82,93,83,87,87,95,90,80,95,93,91,94,94,84,92,94,84,84,83,81,87,92,87,88,94,92,95,89,89,85,80,82.67,84.33,89.67,87.0,89.0,89.33,85.67,88.33,93.0,90.67,90.0,82.67,89.6,93.5,89.0,82.5,85.92,88.08,91.83,87.42,88.33,88.32
84,81,94,87,90,84,89,91,80,90,87,95,89,84,83,83,91,80,91,86,84,94,88,81,80,92,90,82,83,84,83,91,84,88,86,91,83,83,87,91,82,85,91,89,85,81,81,86.33,87.0,86.67,90.67,85.33,84.67,87.0,87.67,87.33,83.0,86.0,88.33,85.2,88.0,87.0,81.0,87.67,86.17,85.17,86.51,85.33,86.17
88,84,89,88,80,87,95,93,80,82,80,95,82,85,81,94,85,92,87,89,93,88,93,82,86,91,89,85,88,90,81,88,86,84,80,80,95,81,84,93,90,91,94,87,86,88,82,87.0,85.0,89.33,85.67,82.67,90.33,89.67,87.67,88.67,87.67,85.0,81.33,88.6,92.5,86.5,85.0,86.75,87.58,88.17,84.98,88.0,87.1
81,82,84,89,81,83,94,91,85,80,91,87,87,87,91,90,95,88,89,89,94,89,83,93,95,85,87,92,89,93,85,85,95,86,88,89,87,92,94,92,92,91,89,88,86,89,83,82.33,84.33,90.0,86.0,88.33,91.0,90.67,88.33,89.0,91.33,88.33,87.67,91.4,90.0,87.0,86.0,85.67,89.58,90.17,89.13,87.67,88.44
86,86,93,90,83,82,92,81,90,89,81,81,84,84,81,91,83,93,91,92,86,85,84,80,85,84,81,86,83,85,81,86,92,94,82,89,88,93,85,87,89,82,81,83,81,87,86,88.33,85.0,87.67,83.67,83.0,89.0,89.67,83.0,83.33,84.67,86.33,88.33,88.4,81.5,82.0,86.5,86.17,86.17,84.0,87.69,83.33,85.47
88,85,82,91,84,86,92,82,89,82,85,84,80,93,86,82,86,95,86,87,95,86,91,92,86,80,82,95,92,89,89,83,83,84,80,89,82,87,89,95,92,95,84,80,89,84,90,85.0,87.0,87.67,83.67,86.33,87.67,89.33,89.67,82.67,92.0,85.0,84.33,89.0,89.5,84.5,87.0,85.83,88.25,87.33,86.11,87.0,86.91
94,87,89,90,86,92,82,86,86,80,95,90,87,84,84,86,87,86,95,85,81,82,95,83,87,83,83,86,81,93,93,92,82,94,87,85,83,94,88,88,90,89,84,85,85,87,80,90.0,89.33,84.67,88.33,85.0,86.33,87.0,86.67,84.33,86.67,89.0,88.67,88.6,86.5,85.0,83.5,88.08,86.25,85.5,88.76,85.0,86.72
82,84,88,89,95,92,89,93,85,87,85,86,85,89,89,86,81,95,93,93,94,92,85,91,93,83,85,84,82,93,83,91,93,87,87,91,83,82,87,95,84,90,91,86,80,82,81,84.67,92.0,89.0,86.0,87.67,87.33,93.33,89.33,87.0,86.33,89.0,88.33,86.2,90.5,83.0,81.5,87.92,89.42,86.67,87.84,85.0,87.37
91,85,85,87,85,80,83,84,95,89,83,93,81,91,91,82,88,82,82,84,89,94,87,86,90,91,83,88,93,80,81,90,88,91,93,92,84,84,82,90,94,84,80,89,81,95,86,87.0,84.0,87.33,88.33,87.67,84.0,85.0,89.0,88.0,87.0,86.33,92.0,86.8,82.0,85.0,90.5,86.67,86.42,87.5,88.38,85.83,86.96
92,90,80,83,95,80,91,90,88,89,80,89,82,81,82,87,85,87,81,81,95,85,90,91,92,94,87,90,89,84,86,89,83,91,84,85,82,91,94,93,84,91,88,85,83,91,82,87.33,86.0,89.67,86.0,81.67,86.33,85.67,88.67,91.0,87.67,86.0,86.67,88.8,89.5,84.0,86.5,87.25,85.58,89.33,87.16,86.67,87.2
89,90,82,86,84,92,82,83,90,86,93,95,91,87,86,94,91,91,82,83,82,88,82,87,87,80,81,92,93,86,95,94,91,94,94,91,95,88,81,93,81,87,89,92,94,90,95,87.0,87.33,85.0,91.33,88.0,92.0,82.33,85.67,82.67,90.33,93.33,93.0,87.6,88.0,93.0,92.5,87.67,87.0,86.5,91.31,91.17,88.73
91,87,87,95,92,92,90,85,83,84,92,91,87,89,87,82,83,86,87,81,81,85,85,94,83,87,90,91,83,84,92,86,85,92,95,90,95,81,82,92,88,91,94,81,84,95,95,88.33,93.0,86.0,89.0,87.67,83.67,83.0,88.0,86.67,86.0,87.67,92.33,87.6,92.5,82.5,95.0,89.08,85.58,86.33,89.2,90.0,88.04
83,89,87,88,82,91,89,91,90,82,87,85,87,94,90,82,86,80,83,86,90,80,89,81,82,88,92,91,95,83,95,80,95,89,92,80,85,87,81,85,82,90,93,80,85,94,95,86.33,87.0,90.0,84.67,90.33,82.67,86.33,83.33,87.33,89.67,90.0,87.0,84.0,91.5,82.5,94.5,87.0,85.67,88.5,87.0,89.5,87.53
93,91,85,88,90,91,93,87,93,92,92,85,89,81,95,90,95,94,86,93,86,92,93,94,85,85,84,86,93,91,92,90,89,83,82,82,92,89,80,92,91,94,83,92,95,83,95,89.67,89.67,91.0,89.67,88.33,93.0,88.33,93.0,84.67,90.0,90.33,82.33,88.8,88.5,93.5,89.0,90.0,90.67,87.33,87.16,90.33,89.1
94,84,95,82,81,81,85,87,90,93,90,94,95,90,84,85,90,90,81,93,87,84,94,95,81,80,85,89,95,85,84,95,88,94,88,89,81,83,95,89,81,92,92,86,88,90,89,91.0,81.33,87.33,92.33,89.67,88.33,87.0,91.0,82.0,89.67,89.0,90.33,85.8,92.0,87.0,89.5,88.0,89.0,85.83,88.38,89.5,88.14
94,82,82,89,85,90,91,92,89,88,83,87,81,86,85,93,85,83,84,84,89,80,87,91,80,86,88,85,88,90,85,95,81,87,91,95,90,82,92,85,88,88,81,81,88,95,89,86.0,88.0,90.67,86.0,84.0,87.0,85.67,86.0,84.67,87.67,87.0,91.0,87.4,84.5,84.5,92.0,87.67,85.67,86.17,88.47,87.0,86.99
80,95,85,80,83,91,93,87,95,81,94,88,85,93,82,84,94,81,82,89,82,80,83,92,81,85,85,87,80,92,85,89,89,87,84,81,86,82,83,88,93,91,87,90,81,80,95,86.67,84.67,91.67,87.67,86.67,86.33,84.33,85.0,83.67,86.33,87.67,84.0,86.4,89.0,85.5,87.5,87.67,85.58,85.0,86.02,87.33,86.32
95,88,88,93,82,93,92,86,84,84,81,90,84,92,81,91,80,86,92,92,87,85,86,93,94,85,94,80,88,82,80,84,87,82,85,89,81,82,82,90,82,89,81,84,91,92,92,90.33,89.33,87.33,85.0,85.67,85.67,90.33,88.0,91.0,83.33,83.67,85.33,83.4,85.0,87.5,92.0,88.0,87.42,87.17,84.13,88.17,86.98
90,86,82,87,86,85,80,83,92,90,87,80,94,80,89,90,86,85,82,91,89,80,91,84,86,81,88,94,90,90,91,94,95,94,87,84,81,94,95,81,92,89,85,81,83,90,94,86.0,86.0,85.0,85.67,87.67,87.0,87.33,85.0,85.0,91.33,93.33,88.33,88.6,87.0,82.0,92.0,85.67,86.75,88.17,90.09,87.0,87.53
95,84,92,94,95,93,89,90,81,89,89,91,83,82,92,80,85,93,91,83,87,83,85,87,88,95,81,81,82,94,86,81,81,82,94,93,82,90,91,86,88,94,83,95,91,92,89,90.33,94.0,86.67,89.67,85.67,86.0,87.0,85.0,88.0,85.67,82.67,89.67,87.4,88.5,93.0,90.5,90.17,85.92,86.83,86.58,90.67,88.03
83,89,83,83,80,85,86,81,83,86,82,92,84,86,83,90,88,87,83,82,80,86,86,80,83,94,82,88,83,88,95,81,90,80,86,94,89,83,80,89,95,83,85,92,85,82,95,85.0,82.67,83.33,86.67,84.33,88.33,81.67,84.0,86.33,86.33,88.67,86.67,87.2,84.0,88.5,88.5,84.42,84.58,86.33,87.51,87.0,85.97
86,87,80,95,87,92,94,81,92,88,83,95,80,82,81,87,87,95,91,84,86,83,82,82,91,95,95,84,90,84,81,86,85,85,93,89,88,80,95,92,81,82,87,91,80,80,90,84.33,91.33,89.0,88.67,81.0,89.67,87.0,82.33,93.67,86.0,84.0,89.0,87.2,84.5,85.5,85.0,88.33,85.0,89.83,86.73,85.0,86.98
93,91,88,80,89,94,80,91,89,90,91,84,80,94,86,82,83,87,86,90,83,86,90,95,87,88,83,90,93,82,83,83,87,84,95,86,84,87,95,93,87,93,84,94,88,86,89,90.67,87.67,86.67,88.33,86.67,84.0,86.33,90.33,86.0,88.33,84.33,88.33,89.2,88.5,91.0,87.5,88.33,86.83,87.17,87.29,89.0,87.72
93,92,89,89,88,90,94,82,86,84,82,89,88,95,86,95,81,95,82,89,80,89,93,83,80,94,91,80,87,87,86,80,89,85,93,95,80,82,93,91,92,95,85,81,94,94,93,91.33,89.0,87.33,85.0,89.67,90.33,83.67,88.33,88.33,84.67,85.0,91.0,87.6,90.0,87.5,93.5,88.17,88.0,86.5,87.87,90.33,88.17
89,85,90,82,83,81,93,81,84,87,93,83,89,94,91,84,91,88,84,89,88,95,82,83,82,83,92,89,81,92,83,89,89,80,80,92,82,89,89,92,91,85,81,90,83,80,93,88.0,82.0,86.0,87.67,91.33,87.67,87.0,86.67,85.67,87.33,87.0,84.0,88.6,83.0,86.5,86.5,85.92,88.17,86.5,86.53,85.33,86.49
82,82,93,81,93,86,86,95,82,87,85,86,83,87,93,87,87,95,86,88,80,92,93,83,94,95,82,94,85,80,83,90,92,85,87,88,90,80,82,94,86,80,86,92,90,81,82,85.67,86.67,87.67,86.0,87.67,89.67,84.67,89.33,90.33,86.33,88.33,86.67,86.4,83.0,91.0,81.5,86.5,87.83,88.33,87.13,85.17,86.99
93,89,83,81,89,87,82,85,91,80,93,84,93,92,85,83,89,95,89,91,80,81,89,80,93,84,83,90,95,85,94,86,83,84,93,90,82,87,87,94,81,81,81,85,88,92,85,88.33,85.67,86.0,85.67,90.0,89.0,86.67,83.33,86.67,90.0,87.67,89.0,86.2,81.0,86.5,88.5,86.42,87.25,88.33,87.62,85.33,86.99
80,84,90,94,91,82,95,90,86,86,84,88,86,88,91,90,91,95,90,89,89,86,92,95,83,86,89,91,87,88,94,83,91,85,95,80,95,94,91,89,85,92,93,82,89,89,95,84.67,89.0,90.33,86.0,88.33,92.0,89.33,91.0,86.0,88.67,89.33,86.67,90.8,92.5,85.5,92.0,87.5,90.17,87.33,88.93,90.0,88.79
82,90,81,83,87,83,94,88,92,81,81,84,85,94,83,84,81,93,92,92,88,88,90,95,85,82,94,93,94,88,80,88,82,84,82,86,85,83,81,81,95,95,83,93,90,90,90,84.33,84.33,91.33,82.0,87.33,86.0,90.67,91.0,87.0,91.67,83.33,84.0,85.0,89.0,91.5,90.0,85.5,88.75,89.33,84.11,90.17,87.57
89,80,90,85,85,87,94,87,89,89,90,90,87,89,85,94,92,95,92,84,90,82,82,88,85,90,81,84,84,89,94,88,90,82,83,84,84,90,90,85,86,92,91,81,86,88,83,86.33,85.67,90.0,89.67,87.0,93.67,88.67,84.0,85.33,85.67,90.67,83.0,87.0,91.5,83.5,85.5,87.92,88.33,85.5,86.89,86.83,87.09
87,91,86,87,82,84,88,84,89,94,85,95,81,93,93,80,87,92,94,87,84,84,84,85,94,89,91,87,92,89,88,94,95,84,89,81,87,90,91,92,91,91,89,93,87,90,88,88.0,84.33,87.0,91.33,89.0,86.33,88.33,84.33,91.33,89.33,92.33,84.67,90.2,90.0,90.0,89.0,87.67,87.0,90.33,89.07,89.67,88.75
95,80,95,89,81,89,80,82,84,90,94,93,89,86,80,89,90,88,84,85,87,92,93,85,90,81,87,86,88,93,81,93,87,90,90,82,95,87,89,88,90,90,94,82,91,89,92,90.0,86.33,82.0,92.33,85.0,89.0,85.33,90.0,86.0,89.0,87.0,87.33,89.8,92.0,86.5,90.5,87.67,87.33,87.5,88.04,89.67,88.04
80,91,93,88,87,81,87,88,94,81,89,83,94,93,87,84,86,83,93,85,86,95,88,86,93,92,83,83,95,92,82,82,91,88,93,89,90,93,91,93,91,92,83,91,87,90,94,88.0,85.33,89.67,84.33,91.33,84.33,88.0,89.67,89.33,90.0,85.0,90.0,91.6,87.5,89.0,92.0,86.83,88.33,89.67,88.87,89.5,88.64
93,83,84,85,91,85,88,85,83,88,91,80,94,92,82,91,85,81,92,84,94,88,83,95,94,87,80,84,84,90,88,80,88,94,83,89,87,94,94,88,86,87,86,89,84,87,88,86.67,87.0,85.33,86.33,89.33,85.67,90.0,88.67,87.0,86.0,85.33,88.67,89.8,86.5,86.5,87.5,86.33,88.42,86.5,87.93,86.83,87.2
89,95,86,95,85,88,80,81,83,84,85,92,95,94,92,90,92,93,90,86,90,83,87,91,88,81,85,86,85,95,80,94,86,90,90,82,83,84,87,88,87,86,84,88,91,92,87,90.0,89.33,81.33,87.0,93.67,91.67,88.67,87.0,84.67,88.67,86.67,87.33,85.8,85.0,89.5,89.5,86.92,90.25,86.67,86.6,88.0,87.69
89,84,87,85,91,95,86,80,84,84,95,91,85,87,91,91,87,82,91,92,80,87,82,95,95,93,91,90,86,91,92,90,82,80,89,90,93,85,83,90,84,88,94,95,83,88,91,86.67,90.33,83.33,90.0,87.67,86.67,87.67,88.0,93.0,89.0,88.0,86.33,87.0,91.0,89.0,89.5,87.58,87.5,91.0,87.11,89.83,88.61
95,84,86,88,93,81,92,87,88,94,86,92,82,90,83,81,91,88,92,89,87,80,81,82,94,91,94,88,83,81,93,87,93,82,84,84,92,95,83,84,95,84,90,91,80,95,89,88.33,87.33,89.0,90.67,85.0,86.67,89.33,81.0,93.0,84.0,91.0,83.33,89.8,87.0,85.5,92.0,88.83,85.5,88.5,88.04,88.17,87.81
82,86,81,89,94,85,91,92,93,83,85,85,80,94,94,85,85,92,89,84,86,91,89,89,95,92,91,94,84,94,88,85,95,90,89,82,89,85,80,88,83,84,87,95,80,84,87,83.0,89.33,92.0,84.33,89.33,87.33,86.33,89.67,92.67,90.67,89.33,87.0,85.0,85.5,87.5,85.5,87.17,88.17,91.67,87.11,86.17,88.06
94,91,91,85,91,90,90,84,80,85,86,80,80,91,84,95,86,90,80,91,84,81,89,93,92,94,82,93,80,93,95,90,88,86,87,87,82,87,82,95,92,90,86,85,93,85,93,92.0,88.67,84.67,83.67,85.0,90.33,85.0,87.67,89.33,88.67,91.0,86.67,87.6,88.0,89.0,89.0,87.25,87.0,89.0,88.42,88.67,88.07
95,85,83,94,80,83,94,89,95,94,90,83,84,87,82,86,80,82,82,93,94,82,88,83,84,90,83,82,90,82,89,95,93,94,82,90,83,83,82,81,88,90,89,94,86,80,90,87.67,85.67,92.67,89.0,84.33,82.67,89.67,84.33,85.67,84.67,92.33,88.67,83.4,89.5,90.0,85.0,88.75,85.25,85.17,88.13,88.17,87.09
80,81,81,84,91,87,91,82,82,90,90,83,94,85,87,88,85,89,83,94,80,93,91,80,93,84,80,85,94,85,88,80,87,90,84,87,87,82,92,92,86,86,86,91,86,94,90,80.67,87.33,85.0,87.67,88.67,87.33,85.67,88.0,85.67,88.0,85.0,87.0,87.8,86.0,88.5,92.0,85.17,87.42,86.83,86.6,88.83,86.97
94,84,92,93,90,93,93,92,87,92,86,87,94,94,92,82,80,86,90,86,90,81,83,80,86,87,91,84,88,85,88,81,87,86,85,87,89,92,95,87,90,82,88,85,91,84,93,90.0,92.0,90.67,88.33,93.33,82.67,88.67,81.33,88.0,85.67,85.33,86.0,90.6,85.0,88.0,88.5,90.25,86.5,86.83,87.31,87.17,87.61
86,85,88,86,92,91,91,82,94,83,84,88,80,94,88,90,87,82,84,94,84,87,87,92,85,94,81,82,94,81,81,87,82,80,95,86,86,85,94,81,93,80,84,93,92,91,92,86.33,89.67,89.0,85.0,87.33,86.33,87.33,88.67,86.67,85.67,83.33,87.0,87.8,82.0,92.5,91.5,87.5,87.42,86.17,86.04,88.67,87.16
83,89,85,93,87,84,88,85,86,95,80,88,90,90,81,83,81,92,88,92,86,89,89,80,80,92,93,93,92,93,86,85,86,92,89,82,86,94,90,93,86,88,80,82,81,81,85,85.67,88.0,86.33,87.67,87.0,85.33,88.67,86.0,88.33,92.67,85.67,87.67,89.8,84.0,81.5,83.0,86.92,86.75,90.5,87.71,82.83,86.94
87,80,86,90,81,93,83,93,87,86,86,95,93,81,91,80,82,88,84,95,86,89,92,84,82,83,85,82,84,80,80,94,92,94,89,89,80,84,88,87,87,92,92,84,91,90,81,84.33,88.0,87.67,89.0,88.33,83.33,88.33,88.33,83.33,82.0,88.67,90.67,85.2,92.0,87.5,85.5,87.25,87.08,82.67,88.18,88.33,86.7
89,80,88,81,82,85,81,90,93,91,80,87,84,88,83,91,95,88,93,94,84,90,94,85,82,85,94,86,88,91,94,85,92,85,80,88,81,80,83,80,81,81,88,94,84,93,84,85.67,82.67,88.0,86.0,85.0,91.33,90.33,89.67,87.0,88.33,90.33,84.33,81.0,84.5,89.0,88.5,85.58,89.08,87.67,85.22,87.33,86.98
83,84,93,89,82,91,81,95,85,80,81,83,86,84,80,84,82,89,90,95,83,89,90,80,87,89,83,94,80,86,82,86,91,88,88,86,94,87,93,86,92,85,88,83,85,81,83,86.67,87.33,87.0,81.33,83.33,85.0,89.33,86.33,86.33,86.67,86.33,87.33,90.4,86.5,84.0,82.0,85.58,86.0,86.5,88.02,84.17,86.05
87,80,93,91,91,93,94,80,85,86,89,94,84,87,89,89,94,84,83,83,95,85,94,86,83,86,86,81,82,87,88,92,80,82,83,92,82,93,92,87,80,81,93,80,89,82,88,86.67,91.67,86.33,89.67,86.67,89.0,87.0,88.33,85.0,83.33,86.67,85.67,86.8,87.0,84.5,85.0,88.58,87.75,84.17,86.38,85.5,86.48
83,85,83,87,93,87,93,94,88,86,81,80,81,82,87,92,88,93,80,81,87,89,85,84,81,81,93,87,87,90,89,81,80,91,81,89,85,84,84,92,84,89,88,92,86,93,85,83.67,89.0,91.67,82.33,83.33,91.0,82.67,86.0,85.0,88.0,83.33,87.0,85.8,88.5,89.0,89.0,86.67,85.75,86.5,85.38,88.83,86.63
89,93,92,89,90,93,94,82,92,92,92,85,90,81,83,94,82,91,92,84,88,94,89,88,83,90,82,92,94,88,90,92,83,81,81,94,95,92,82,93,84,83,84,80,93,93,94,91.33,90.67,89.33,89.67,84.67,89.0,88.0,90.33,85.0,91.33,88.33,85.33,89.2,83.5,86.5,93.5,90.25,88.0,88.17,87.62,87.83,88.37
84,92,91,81,91,85,81,93,93,88,85,84,89,85,88,91,82,87,91,86,89,88,87,90,95,89,91,83,82,94,91,91,93,90,89,91,87,93,91,91,95,92,87,91,84,88,92,89.0,85.67,89.0,85.67,87.33,86.67,88.67,88.33,91.67,86.33,91.67,90.0,91.4,89.5,87.5,90.0,87.33,87.75,89.0,91.02,89.0,88.82
95,86,93,80,87,85,91,94,87,93,90,90,86,89,81,84,95,85,95,81,93,91,80,81,89,87,92,91,81,82,80,83,83,94,81,90,81,90,85,81,95,82,87,95,82,80,83,91.33,84.0,90.67,91.0,85.33,88.0,89.67,84.0,89.33,84.67,82.0,88.33,86.4,84.5,88.5,81.5,89.25,86.75,87.0,85.58,84.83,86.68
83,83,92,81,84,94,95,86,94,93,85,91,87,86,93,93,88,82,82,88,94,93,91,86,86,80,83,87,82,82,94,86,94,95,85,85,87,80,91,90,93,83,82,84,90,81,83,86.0,86.33,91.67,89.67,88.67,87.67,88.0,90.0,83.0,83.67,91.33,88.33,88.2,82.5,87.0,82.0,88.42,88.58,83.33,89.29,83.83,86.69
91,94,84,84,86,85,82,92,94,93,88,91,93,87,83,87,82,86,80,80,80,92,94,87,92,90,83,82,81,95,88,91,91,95,85,91,85,82,90,89,94,89,93,90,91,84,81,89.67,85.0,89.33,90.67,87.67,85.0,80.0,91.0,88.33,86.0,90.0,90.33,88.0,91.0,90.5,82.5,88.67,85.92,87.17,89.44,88.0,87.84
95,90,85,83,81,84,93,82,95,87,95,86,93,80,81,92,94,91,86,81,83,90,91,81,83,80,89,84,90,94,80,91,85,90,81,89,85,82,95,87,92,91,81,83,94,80,81,90.0,82.67,90.0,89.33,84.67,92.33,83.33,87.33,84.0,89.33,85.33,86.67,88.2,86.0,88.5,80.5,88.0,86.92,86.67,86.73,85.0,86.66
82,88,85,83,93,82,93,88,90,92,93,89,86,81,88,80,80,92,82,84,82,91,84,85,89,94,92,90,86,83,87,82,80,91,88,94,93,91,95,89,92,95,89,95,84,94,87,85.0,86.0,90.33,91.33,85.0,84.0,82.67,86.67,91.67,86.33,83.0,91.0,92.0,92.0,89.5,90.5,88.17,84.58,89.0,88.67,90.67,88.22
90,90,85,89,86,86,85,95,80,92,86,86,95,88,87,91,93,92,86,80,94,91,87,81,90,87,95,87,91,83,89,95,84,80,86,95,83,90,92,89,85,84,81,85,85,91,86,88.33,87.0,86.67,88.0,90.0,92.0,86.67,86.33,90.67,87.0,89.33,87.0,87.8,82.5,85.0,88.5,87.5,88.75,88.83,88.04,85.33,87.69
85,80,80,84,91,89,83,94,95,89,93,95,81,82,89,94,92,87,94,84,93,82,95,94,92,93,86,93,91,86,83,85,81,94,86,88,81,87,87,91,85,90,82,85,90,91,92,81.67,88.0,90.67,92.33,84.0,91.0,90.33,90.33,90.33,90.0,83.0,89.33,86.2,86.0,87.5,91.5,88.17,88.92,90.17,86.18,88.33,88.35
80,92,82,85,83,87,90,85,86,80,93,90,89,85,88,89,86,81,80,95,92,92,81,93,83,83,87,89,93,80,80,87,87,85,95,80,87,85,88,88,92,95,95,82,83,82,93,84.67,85.0,87.0,87.67,87.33,85.33,89.0,88.67,84.33,87.33,84.67,86.67,88.0,95.0,82.5,87.5,86.08,87.58,85.83,86.44,88.33,86.86
92,93,82,87,93,95,95,83,87,86,83,93,88,94,92,91,95,87,84,80,83,94,93,86,82,84,85,88,81,87,90,91,90,86,91,85,81,90,88,84,89,81,89,85,83,88,85,89.0,91.67,88.33,87.33,91.33,91.0,82.33,91.0,83.67,85.33,90.33,87.33,86.4,85.0,84.0,86.5,89.08,88.92,84.5,88.02,85.17,87.14
89,87,88,95,89,89,85,89,81,80,85,91,90,87,93,82,82,88,90,88,82,92,88,86,88,85,80,82,93,88,83,89,82,82,84,90,80,85,90,85,89,83,83,89,82,94,92,88.0,91.0,85.0,85.33,90.0,84.0,86.67,88.67,84.33,87.67,84.67,85.33,85.8,83.0,85.5,93.0,87.33,87.33,86.0,85.27,87.17,86.62
95,89,86,84,88,81,83,83,82,88,86,83,83,81,80,87,95,80,82,89,84,93,80,87,90,84,91,94,84,85,81,88,95,88,81,84,93,93,81,91,81,87,90,81,80,84,84,90.0,84.33,82.67,85.67,81.33,87.33,85.0,86.67,88.33,87.67,88.0,84.33,87.8,88.5,80.5,84.0,85.67,85.08,88.0,86.71,84.33,85.96
95,93,91,80,89,84,85,91,88,89,80,90,82,93,84,89,83,90,93,84,87,89,81,88,90,89,93,87,81,84,88,84,94,92,83,90,83,86,88,95,94,82,90,88,89,83,92,93.0,84.33,88.0,86.33,86.33,87.33,88.0,86.0,90.67,84.0,88.67,88.33,89.2,86.0,88.5,87.5,87.92,86.92,87.33,88.73,87.33,87.65
90,91,91,83,86,88,80,82,89,85,90,82,90,94,83,91,89,93,94,84,93,95,93,88,87,95,81,87,85,87,91,87,84,88,87,92,87,93,83,94,87,84,91,88,94,95,84,90.67,85.67,83.67,85.67,89.0,91.0,90.33,92.0,87.67,86.33,87.33,89.0,88.8,87.5,91.0,89.5,86.42,90.58,87.0,88.38,89.33,88.34
82,81,91,86,80,82,86,94,90,91,92,82,87,81,89,83,80,95,84,88,90,83,95,83,81,92,86,86,83,91,91,81,88,85,93,95,94,86,80,88,80,83,95,81,95,82,85,84.67,82.67,90.0,88.33,85.67,86.0,87.33,87.0,86.33,86.67,86.67,91.0,85.6,89.0,88.0,83.5,86.42,86.5,86.5,87.76,86.83,86.8
93,83,91,91,87,89,83,84,93,82,80,92,90,94,91,89,95,91,95,85,85,92,89,92,91,87,88,83,87,89,94,86,94,87,93,91,91,94,85,85,83,92,89,80,83,81,94,89.0,89.0,86.67,84.67,91.67,91.67,88.33,91.0,88.67,86.33,91.33,90.33,87.6,90.5,81.5,87.5,87.33,90.67,87.5,89.76,86.5,88.35
85,89,80,86,80,93,94,82,87,81,88,80,91,84,86,81,87,80,84,86,89,82,80,90,83,82,82,91,88,84,92,93,84,88,82,90,84,82,81,93,80,89,91,80,86,88,86,84.67,86.33,87.67,83.0,87.0,82.67,86.33,84.0,82.33,87.67,89.67,86.67,84.0,90.0,83.0,87.0,85.42,85.0,85.0,86.78,86.67,85.77
86,89,86,83,91,82,88,88,84,90,81,82,81,95,88,87,82,84,95,90,93,83,92,94,81,92,93,83,93,83,83,80,85,95,85,80,90,83,85,80,80,87,83,83,81,89,94,87.0,85.33,86.67,84.33,88.0,84.33,92.67,89.67,88.67,86.33,82.67,86.67,83.6,85.0,82.0,91.5,85.83,88.67,87.5,84.31,86.17,86.5
87,81,89,81,80,83,88,86,83,92,95,89,93,81,94,80,91,93,85,81,84,85,89,91,86,80,82,90,91,94,88,90,80,86,94,86,88,92,85,81,95,84,86,94,95,84,84,85.67,81.33,85.67,92.0,89.33,88.0,83.33,88.33,82.67,91.67,86.0,88.67,88.2,85.0,94.5,84.0,86.17,87.25,87.17,87.62,87.83,87.21
93,85,85,82,89,87,88,83,90,87,87,90,95,85,87,89,83,88,88,82,87,93,95,82,94,90,94,81,88,82,92,81,91,84,82,90,81,80,87,94,91,86,93,80,80,92,80,87.67,86.0,87.0,88.0,89.0,86.67,85.67,90.0,92.67,83.67,88.0,85.33,86.6,89.5,80.0,86.0,87.17,87.83,88.17,86.64,85.17,87.0
83,90,80,88,82,85,83,92,83,92,90,95,89,89,87,91,88,92,85,84,81,87,90,85,94,82,90,87,80,95,86,82,84,85,86,89,80,95,80,83,87,92,88,85,83,92,88,84.33,85.0,86.0,92.33,88.33,90.33,83.33,87.33,88.67,87.33,84.0,86.67,85.0,90.0,84.0,90.0,86.92,87.33,88.0,85.22,88.0,87.09
83,81,95,82,85,80,90,89,85,93,85,90,92,95,87,82,81,83,83,87,84,94,80,83,94,89,84,82,83,80,90,86,94,91,92,91,83,95,85,92,95,93,82,94,91,95,94,86.33,82.33,88.0,89.33,91.33,82.0,84.67,85.67,89.0,81.67,90.0,91.33,90.0,87.5,92.5,94.5,86.5,85.92,85.33,90.44,91.5,87.94
94,94,88,94,90,82,93,89,95,87,92,93,83,87,90,84,94,92,83,86,84,87,95,89,84,90,87,81,87,83,88,93,90,94,94,91,81,88,82,87,93,81,95,80,91,83,94,92.0,88.67,92.33,90.67,86.67,90.0,84.33,90.33,87.0,83.67,90.33,93.0,86.2,88.0,85.5,88.5,90.92,87.83,85.33,89.84,87.33,88.25
95,94,81,92,88,87,93,82,92,92,90,93,94,91,94,81,84,82,94,93,82,81,85,91,93,81,91,94,80,86,80,85,82,91,82,92,87,89,80,92,93,84,80,91,93,95,80,90.0,89.0,89.0,91.67,93.0,82.33,89.67,85.67,88.33,86.67,82.33,88.33,88.2,82.0,92.0,87.5,89.92,87.67,87.5,86.29,87.17,87.71
93,90,89,94,82,92,85,92,81,83,86,89,94,92,83,94,87,88,82,85,86,83,83,89,90,87,93,81,83,85,85,83,94,80,82,95,88,87,95,95,89,91,90,87,83,84,82,90.67,89.33,86.0,86.0,89.67,89.67,84.33,85.0,90.0,83.0,87.33,85.67,90.8,90.5,85.0,83.0,88.0,87.17,86.5,87.93,86.17,87.15
90,80,92,89,91,93,91,87,85,91,91,81,81,93,86,81,86,95,86,91,89,83,82,86,89,84,83,81,83,87,82,80,90,90,95,83,86,82,90,84,85,84,90,93,86,81,89,87.33,91.0,87.67,87.67,86.67,87.33,88.67,83.67,85.33,83.67,84.0,89.33,85.4,87.0,89.5,85.0,88.42,86.58,84.5,86.24,87.17,86.58
91,93,95,82,84,93,93,89,83,84,85,82,87,83,90,91,93,91,91,85,83,87,87,93,84,85,85,92,84,91,93,84,85,87,92,89,82,83,84,94,95,86,90,92,95,94,91,93.0,86.33,88.33,83.67,86.67,91.67,86.33,89.0,84.67,89.0,87.33,89.33,87.6,88.0,93.5,92.5,87.83,88.42,86.83,88.09,91.33,88.5
88,87,91,91,92,87,90,94,86,83,85,84,86,81,86,80,88,95,95,93,95,84,85,86,90,91,81,90,80,94,89,86,82,84,83,80,83,81,87,86,92,82,94,83,80,82,81,88.67,90.0,90.0,84.0,84.33,87.67,94.33,85.0,87.33,88.0,85.67,82.33,85.8,88.0,81.5,81.5,88.17,87.83,87.67,84.6,83.67,86.39
92,91,88,83,84,82,94,82,85,90,90,93,83,87,91,92,81,80,94,92,82,87,87,86,94,92,81,85,91,81,92,95,82,86,84,88,90,92,85,80,91,92,85,83,90,82,84,90.33,83.0,87.0,91.0,87.0,84.33,89.33,86.67,89.0,85.67,89.67,86.0,87.6,88.5,86.5,83.0,87.83,86.83,87.33,87.76,86.0,87.15
86,90,84,84,84,93,94,88,95,83,86,91,89,82,81,83,83,89,89,82,92,86,95,93,82,87,88,91,92,81,95,95,87,83,90,85,80,94,93,86,83,81,94,90,94,84,90,86.67,87.0,92.33,86.67,84.0,85.0,87.67,91.33,85.67,88.0,92.33,86.0,87.2,87.5,92.0,87.0,88.17,87.0,86.83,88.51,88.83,87.87
92,94,95,87,80,92,86,93,92,87,92,94,86,91,89,80,92,88,83,90,87,87,80,88,95,88,95,84,95,93,86,83,91,94,91,93,86,91,87,91,85,93,84,90,95,91,85,93.67,86.33,90.33,91.0,88.67,86.67,86.67,85.0,92.67,90.67,86.67,92.67,88.0,88.5,92.5,88.0,90.33,86.75,91.67,89.11,89.67,89.51
90,94,93,83,87,91,84,94,93,88,95,81,91,82,95,87,91,81,89,94,93,95,81,93,81,88,81,93,95,88,92,93,90,87,95,90,86,84,92,83,93,83,94,90,92,88,85,92.33,87.0,90.33,88.0,89.33,86.33,92.0,89.67,83.33,92.0,91.67,90.67,87.6,88.5,91.0,86.5,89.42,89.33,87.67,89.98,88.67,89.01
92,82,86,93,89,88,94,89,86,89,91,84,90,87,88,89,94,80,80,85,83,87,92,87,81,95,91,86,93,92,80,93,89,88,93,85,82,89,92,84,80,85,85,93,83,86,95,86.67,90.0,89.67,88.0,88.33,87.67,82.67,88.67,89.0,90.33,87.33,88.67,85.4,85.0,88.0,90.5,88.58,86.83,89.67,87.13,87.83,88.01
84,89,87,91,90,81,81,83,84,89,90,90,95,88,82,84,93,94,82,80,85,82,87,95,88,90,81,89,85,93,81,94,91,86,91,93,86,82,86,93,92,93,89,86,95,85,87,86.67,87.33,82.67,89.67,88.33,90.33,82.33,88.0,86.33,89.0,88.67,90.0,87.8,91.0,90.5,86.0,86.58,87.25,87.67,88.82,89.17,87.9
86,86,84,86,80,94,89,93,92,82,95,80,89,95,92,85,93,88,89,82,92,90,91,91,88,83,82,84,80,95,93,92,83,94,92,82,92,85,86,85,82,92,94,82,88,90,83,85.33,86.67,91.33,85.67,92.0,88.67,87.67,90.67,84.33,86.33,89.33,89.33,86.0,93.0,85.0,86.5,87.25,89.75,85.33,88.22,88.17,87.74
81,83,80,83,86,95,81,89,95,92,87,91,89,85,88,84,91,84,86,89,81,94,88,80,94,81,89,82,91,85,80,87,86,87,86,82,88,86,86,89,91,86,87,89,83,93,82,81.33,88.0,88.33,90.0,87.33,86.33,85.33,87.33,88.0,86.0,84.33,85.0,88.0,86.5,86.0,87.5,86.92,86.58,87.0,85.78,86.67,86.59
90,84,84,85,88,81,91,83,94,81,84,91,87,82,88,84,91,89,84,81,94,81,80,89,81,94,82,86,92,83,93,87,93,86,88,86,89,83,83,88,86,81,86,87,87,82,94,86.0,84.67,89.33,85.33,85.67,88.0,86.33,83.33,85.67,87.0,91.0,86.67,85.8,83.5,87.0,88.0,86.33,85.83,86.33,87.82,86.17,86.5
82,95,82,85,80,91,94,85,90,83,88,91,84,88,94,84,92,90,81,81,86,80,90,94,90,80,94,87,81,89,87,93,86,81,88,87,89,80,81,92,89,91,85,84,84,90,83,86.33,85.33,89.67,87.33,88.67,88.67,82.67,88.0,88.0,85.67,88.67,85.33,86.2,88.0,84.0,86.5,87.17,87.0,86.83,86.73,86.17,86.78
88,80,84,89,90,92,94,91,82,90,84,83,88,83,93,91,80,84,82,84,91,93,88,83,81,95,85,94,91,92,81,88,94,81,93,86,80,85,89,81,81,95,88,93,94,80,81,84.0,90.33,89.0,85.67,88.0,85.0,85.67,88.0,87.0,92.33,87.67,86.67,83.2,91.5,93.5,80.5,87.25,86.67,89.67,85.84,88.5,87.59
92,82,80,80,81,90,90,82,82,92,91,91,83,93,89,85,93,90,83,91,95,87,88,81,91,91,80,90,84,92,94,91,83,93,93,84,94,92,85,90,84,94,95,88,94,95,85,84.67,83.67,84.67,91.33,88.33,89.33,89.67,85.33,87.33,88.67,89.33,90.0,89.0,94.5,91.0,90.0,86.08,88.17,88.0,89.44,91.83,88.71
90,87,93,90,85,84,92,93,93,80,84,82,90,80,93,95,95,93,92,80,95,94,86,85,85,82,82,85,86,80,92,91,83,91,95,92,93,90,83,91,81,84,91,81,88,82,94,90.0,86.33,92.67,82.0,87.67,94.33,89.0,88.33,83.0,83.67,88.67,92.67,87.6,87.5,84.5,88.0,87.75,89.83,83.33,89.64,86.67,87.45
90,90,92,92,81,84,87,84,90,86,80,90,82,87,94,89,83,87,91,91,88,82,86,81,90,86,92,80,91,93,88,88,81,80,87,84,90,95,82,91,95,87,81,80,89,83,94,90.67,85.67,87.0,85.33,87.67,86.33,90.0,83.0,89.33,88.0,85.67,83.67,90.6,84.0,84.5,88.5,87.17,86.75,88.67,86.64,85.67,86.98
84,80,91,85,91,88,89,89,85,84,80,84,88,88,83,84,89,90,82,87,89,94,95,95,81,94,90,85,81,85,85,92,81,92,90,82,81,81,86,94,94,91,89,81,81,81,95,85.0,88.0,87.67,82.67,86.33,87.67,86.0,94.67,88.33,83.67,86.0,88.0,87.2,90.0,81.0,88.0,85.83,88.67,86.0,87.07,86.33,86.78
86,88,80,88,81,95,85,90,94,95,89,95,86,81,82,91,81,89,86,80,90,80,84,89,81,87,80,82,90,94,94,87,81,81,80,89,89,81,85,91,85,83,87,93,83,94,90,84.67,88.0,89.67,93.0,83.0,87.0,85.33,84.33,82.67,88.67,87.33,83.33,86.2,85.0,88.0,92.0,88.83,84.92,85.67,85.62,88.33,86.67
83,84,80,90,80,94,81,89,93,90,82,89,84,93,86,91,90,81,85,87,94,83,80,82,83,88,91,86,91,93,91,94,88,91,94,88,92,92,82,91,86,89,89,94,88,85,95,82.33,88.0,87.67,87.0,87.67,87.33,88.67,81.67,87.33,90.0,91.0,91.0,88.6,89.0,91.0,90.0,86.25,86.33,88.67,90.2,90.0,88.29
89,91,89,90,82,90,95,85,80,93,90,80,95,86,88,90,82,95,85,83,92,81,91,92,95,90,89,86,90,85,86,85,92,95,85,86,83,86,82,80,93,88,88,82,95,84,94,89.67,87.33,86.67,87.67,89.67,89.0,86.67,88.0,91.33,87.0,87.67,88.67,84.8,88.0,88.5,89.0,87.83,88.33,89.17,87.04,88.5,88.18
91,93,92,82,90,82,85,93,95,82,83,87,93,94,86,90,91,88,95,93,91,84,89,80,92,86,88,83,80,85,86,89,86,90,80,85,82,94,80,90,89,85,88,80,89,88,82,92.0,84.67,91.0,84.0,91.0,89.67,93.0,84.33,88.67,82.67,87.0,85.0,87.0,86.5,84.5,85.0,87.92,89.5,85.67,86.33,85.33,86.95
89,95,82,84,83,88,83,88,94,91,90,80,85,85,93,89,95,84,86,90,92,94,87,92,82,82,93,91,92,89,85,82,88,91,86,83,83,82,86,91,88,93,93,81,80,94,85,88.67,85.0,88.33,87.0,87.67,89.33,89.33,91.0,85.67,90.67,85.0,86.67,86.0,93.0,80.5,89.5,87.25,89.33,88.17,85.89,87.67,87.66
91,81,81,95,80,91,93,87,93,82,81,87,80,85,89,84,90,89,89,80,80,88,93,91,95,86,86,91,80,89,92,84,94,86,94,91,95,81,84,82,93,91,80,87,90,88,92,84.33,88.67,91.0,83.33,84.67,87.67,83.0,90.67,89.0,86.67,90.0,90.33,87.0,85.5,88.5,90.0,86.83,86.5,87.83,89.11,88.0,87.66
82,84,87,86,81,90,83,92,87,91,80,86,86,82,80,85,80,92,83,88,90,91,83,94,86,86,82,91,94,89,80,82,83,83,92,90,82,82,89,88,85,82,94,88,88,94,88,84.33,85.67,87.33,85.67,82.67,85.67,87.0,89.33,84.67,91.33,81.67,88.33,85.2,88.0,88.0,91.0,85.75,86.17,88.0,85.07,89.0,86.8
88,95,86,95,85,92,95,95,81,84,86,83,87,89,86,89,94,95,81,89,87,95,84,93,80,92,89,85,84,85,81,89,83,84,83,92,95,87,82,84,88,95,92,87,87,89,87,89.67,90.67,90.33,84.33,87.33,92.67,85.67,90.67,87.0,84.67,84.33,86.33,87.2,93.5,87.0,88.0,88.75,89.08,85.83,85.96,89.5,87.82
88,85,89,87,91,87,81,82,94,88,88,83,86,81,94,83,85,82,94,87,89,86,84,86,94,89,93,85,87,80,95,91,87,84,91,88,87,81,93,91,92,93,95,87,83,90,80,87.33,88.33,85.67,86.33,87.0,83.33,90.0,85.33,92.0,84.0,91.0,87.67,88.8,94.0,85.0,85.0,86.92,86.42,88.0,89.16,88.0,87.7
92,89,80,80,84,87,83,86,86,93,93,83,94,89,95,90,84,81,88,83,80,87,87,82,83,84,94,88,90,93,80,80,93,80,95,82,92,91,90,85,80,82,94,91,83,83,88,87.0,83.67,85.0,89.67,92.67,85.0,83.67,85.33,87.0,90.33,84.33,85.67,87.6,88.0,87.0,85.5,86.33,86.67,88.67,85.87,86.83,86.87
89,85,81,84,83,81,95,80,92,94,91,82,89,86,86,88,89,84,85,90,90,85,86,81,93,90,84,87,91,95,82,90,89,95,94,91,83,81,93,80,94,85,89,88,83,84,81,85.0,82.67,89.0,89.0,87.0,87.0,88.33,84.0,89.0,91.0,87.0,93.33,86.2,87.0,85.5,82.5,86.42,86.58,90.0,88.84,85.0,87.37
80,93,83,83,92,92,90,88,84,83,81,94,90,81,82,86,88,94,84,90,89,83,83,80,82,84,82,87,87,80,90,86,80,91,94,95,95,90,94,90,91,81,87,87,95,93,85,85.33,89.0,87.33,86.0,84.33,89.33,87.67,82.0,82.67,84.67,85.33,93.33,92.0,84.0,91.0,89.0,86.92,85.83,83.67,90.22,88.0,86.93
86,91,85,90,83,94,82,83,90,86,81,83,88,93,91,83,92,82,89,85,82,84,93,84,90,87,88,88,81,85,83,89,86,83,84,80,88,83,83,95,93,94,93,85,87,86,90,87.33,89.0,85.0,83.33,90.67,85.67,85.33,87.0,88.33,84.67,86.0,82.33,88.4,93.5,86.0,88.0,86.17,87.17,86.5,85.58,89.17,86.92
89,95,95,94,88,85,92,90,94,92,87,84,84,94,84,84,81,87,81,82,83,89,89,92,82,91,94,83,94,80,85,85,92,94,87,81,82,93,95,90,86,95,87,84,80,92,91,93.0,89.0,92.0,87.67,87.33,84.0,82.0,90.0,89.0,85.67,87.33,87.33,89.2,91.0,82.0,91.5,90.42,85.83,87.33,87.96,88.17,87.94
94,88,87,90,92,91,89,88,92,90,83,87,80,84,85,93,82,82,89,89,85,84,89,82,90,81,81,87,84,81,85,81,95,88,89,92,93,90,82,84,86,91,83,89,90,83,90,89.67,91.0,89.67,86.67,83.0,85.67,87.67,85.0,84.0,84.0,87.0,89.67,87.0,87.0,89.5,86.5,89.25,85.33,84.0,87.89,87.67,86.83
93,83,87,83,85,85,84,92,85,88,94,86,83,95,87,86,80,90,80,82,88,80,94,82,93,89,86,85,87,88,88,91,91,87,90,87,89,94,93,90,95,83,92,81,89,85,89,87.67,84.33,87.0,89.33,88.33,85.33,83.33,85.33,89.33,86.67,90.0,88.0,92.2,87.5,85.0,87.0,87.08,85.58,88.0,90.07,86.5,87.45
92,91,82,86,91,95,82,83,93,94,85,87,89,95,94,90,81,95,85,91,82,92,95,87,88,81,87,80,92,89,90,88,93,80,93,90,80,90,88,86,93,89,85,85,86,83,86,88.33,90.67,86.0,88.67,92.67,88.67,86.0,91.33,85.33,87.0,90.33,87.67,87.4,87.0,85.5,84.5,88.42,89.67,86.17,88.47,85.67,87.68
87,91,93,94,87,94,80,90,80,95,94,80,83,83,82,94,89,84,83,92,88,84,88,93,89,91,83,84,82,84,87,82,82,94,87,86,84,88,94,93,94,88,95,90,94,94,92,90.33,91.67,83.33,89.67,82.67,89.0,87.67,88.33,87.67,83.33,83.67,89.0,90.6,91.5,92.0,93.0,88.75,86.92,85.5,87.76,92.17,88.22
84,81,86,94,86,87,86,81,88,93,86,95,86,85,86,90,91,91,92,88,85,83,87,91,85,84,95,86,81,86,80,82,81,92,94,95,82,84,90,90,86,90,80,84,93,81,87,83.67,89.0,85.0,91.33,85.67,90.67,88.33,87.0,88.0,84.33,81.0,93.67,86.4,85.0,88.5,84.0,87.25,87.92,86.17,87.02,85.83,86.84
94,84,82,85,80,83,85,83,93,85,83,93,90,86,81,90,83,91,83,88,81,87,83,92,88,81,88,91,93,88,95,94,90,88,94,80,88,82,87,85,87,84,85,80,82,92,82,86.67,82.67,87.0,87.0,85.67,88.0,84.0,87.33,85.67,90.67,93.0,87.33,85.8,84.5,81.0,87.0,85.83,86.25,88.17,88.71,84.17,86.63
80,86,94,88,85,81,88,85,88,88,92,88,93,95,92,85,93,93,90,87,87,81,89,86,91,84,92,94,82,86,95,93,89,95,80,84,93,81,90,91,84,94,81,83,91,95,85,86.67,84.67,87.0,89.33,93.33,90.33,88.0,85.33,89.0,87.33,92.33,86.33,87.8,87.5,87.0,90.0,86.92,89.25,88.17,88.82,88.17,88.26
86,85,95,94,90,93,82,87,85,95,89,85,88,80,87,94,94,89,82,88,86,84,83,80,83,82,91,90,87,92,95,84,87,83,80,85,83,80,85,90,89,86,81,95,84,89,91,88.67,92.33,84.67,89.67,85.0,92.33,85.33,82.33,85.33,89.67,88.67,82.67,85.4,83.5,89.5,90.0,88.83,86.25,87.5,85.58,87.67,87.17
87,86,80,94,86,88,95,80,90,80,93,92,89,92,91,80,81,83,87,86,94,82,88,95,89,95,90,84,91,80,83,87,80,91,91,84,80,90,83,93,87,90,83,80,88,82,82,84.33,89.33,88.33,88.33,90.67,81.33,89.0,88.33,91.33,85.0,83.33,88.67,86.6,86.5,84.0,82.0,87.58,87.33,88.17,86.2,84.17,86.69
84,92,86,93,91,95,89,90,94,84,89,91,86,89,90,94,95,92,88,83,94,87,91,80,88,85,80,89,90,91,93,86,93,82,93,95,92,88,94,81,82,81,93,80,84,85,89,87.33,93.0,91.0,88.0,88.33,93.67,88.33,86.0,84.33,90.0,90.67,90.0,87.4,87.0,82.0,87.0,89.83,89.08,87.17,89.36,85.33,88.15
95,93,80,87,84,86,85,88,90,81,94,89,87,81,93,81,90,87,89,89,92,95,92,85,95,90,91,87,94,81,82,92,91,92,82,82,90,85,80,92,87,88,95,88,81,89,82,89.33,85.67,87.67,88.0,87.0,86.0,90.0,90.67,92.0,87.33,88.33,85.33,86.8,91.5,84.5,85.5,87.67,88.42,89.67,86.82,87.17,87.95
83,84,90,87,94,91,94,92,95,95,84,80,84,91,92,85,91,86,85,83,83,80,85,90,83,93,84,89,82,84,86,91,89,92,81,90,90,95,91,86,91,89,92,80,94,80,85,85.67,90.67,93.67,86.33,89.0,87.33,83.67,85.0,86.67,85.0,88.67,87.67,90.6,90.5,87.0,82.5,89.08,86.25,85.83,88.98,86.67,87.36
87,82,91,84,90,94,82,91,91,84,95,87,93,89,94,82,86,92,92,91,82,86,89,87,84,92,91,91,89,87,86,93,94,86,84,91,85,80,92,81,84,94,86,84,84,86,88,86.67,89.33,88.0,88.67,92.0,86.67,88.33,87.33,89.0,89.0,91.0,87.0,84.4,90.0,84.0,87.0,88.17,88.58,89.0,87.47,87.0,88.04
82,86,95,80,82,95,90,88,80,88,82,81,83,83,89,93,80,90,80,93,91,85,85,85,81,84,94,87,85,86,95,85,88,80,80,94,94,91,92,86,86,93,92,91,92,95,88,87.67,85.67,86.0,83.67,85.0,87.67,88.0,85.0,86.33,86.0,89.33,84.67,89.8,92.5,91.5,91.5,85.75,86.42,86.17,87.93,91.83,87.62
90,86,86,80,94,83,95,90,81,91,82,80,89,91,91,86,86,94,86,83,90,80,94,84,92,95,85,85,93,84,83,84,84,93,87,83,83,92,90,91,90,91,95,86,93,80,84,87.33,85.67,88.67,84.33,90.33,88.67,86.33,86.0,90.67,87.33,83.67,87.67,89.2,93.0,89.5,82.0,86.5,87.83,89.0,86.84,88.17,87.67
81,92,94,95,87,89,81,92,80,87,81,85,85,81,90,90,82,95,88,84,94,81,87,90,88,81,86,89,82,85,86,87,83,90,90,91,83,90,95,83,89,81,86,88,80,84,82,89.0,90.33,84.33,84.33,85.33,89.0,88.67,86.0,85.0,85.33,85.33,90.33,88.0,83.5,84.0,83.0,87.0,87.25,85.17,87.89,83.5,86.16
95,95,89,93,80,86,84,86,95,89,95,92,94,88,94,80,80,95,89,86,85,93,91,89,94,89,80,83,83,86,89,81,85,87,91,82,91,90,83,88,91,81,88,83,89,84,85,93.0,86.33,88.33,92.0,92.0,85.0,86.67,91.0,87.67,84.0,85.0,86.67,88.6,84.5,86.0,84.5,89.92,88.67,85.83,86.76,85.0,87.23
82,81,88,80,82,88,83,86,93,87,82,89,92,84,95,87,93,92,81,88,80,94,93,80,87,80,88,84,85,80,92,93,87,91,94,93,90,93,95,85,81,88,89,92,86,94,86,83.67,83.33,87.33,86.0,90.33,90.67,83.0,89.0,85.0,83.0,90.67,92.67,88.8,88.5,89.0,90.0,85.08,88.25,84.0,90.71,89.17,87.44
84,93,85,88,83,87,82,93,91,82,87,94,93,88,94,86,84,80,88,87,82,95,91,82,88,95,92,86,82,89,95,82,80,81,90,88,90,92,86,83,93,84,93,83,88,84,92,87.33,86.0,88.67,87.67,91.67,83.33,85.67,89.33,91.67,85.67,85.67,86.33,88.8,88.5,85.5,88.0,87.42,87.5,88.67,86.93,87.33,87.57
93,95,80,86,94,81,89,91,83,80,86,95,91,93,95,92,80,88,82,91,85,93,88,87,90,95,95,95,81,83,84,91,88,81,88,91,88,90,91,95,88,84,94,95,86,82,90,89.33,87.0,87.67,87.0,93.0,86.67,86.0,89.33,93.33,86.33,87.67,86.67,90.4,89.0,90.5,86.0,87.75,88.75,89.83,88.24,88.5,88.62
83,83,89,86,94,84,84,89,93,93,81,80,86,86,92,87,89,93,92,95,82,84,84,89,86,81,95,88,92,94,90,88,86,84,90,93,88,86,86,81,87,90,85,85,90,86,87,85.0,88.0,88.67,84.67,88.0,89.67,89.67,85.67,87.33,91.33,88.0,89.0,85.6,87.5,87.5,86.5,86.58,88.25,89.33,87.53,87.17,87.77
89,92,84,80,93,95,80,92,90,80,85,84,93,81,91,84,95,94,82,89,90,95,82,92,83,87,94,85,90,81,90,81,86,93,93,82,88,83,90,84,83,92,85,91,88,92,89,88.33,89.33,87.33,83.0,88.33,91.0,87.0,89.67,88.0,85.33,85.67,89.33,85.6,88.5,89.5,90.5,87.0,89.0,86.67,86.87,89.5,87.81
90,88,93,93,95,90,92,91,85,91,83,87,93,94,89,88,81,81,92,81,91,91,80,84,89,94,91,91,94,92,88,91,84,94,95,84,87,86,80,90,89,91,95,92,92,80,88,90.33,92.67,89.33,87.0,92.0,83.33,88.0,85.0,91.33,92.33,87.67,91.0,86.4,93.0,92.0,84.0,89.83,87.08,91.83,88.36,89.67,89.35
83,84,95,93,86,95,86,94,83,88,84,80,81,92,89,95,94,95,95,81,90,94,89,81,91,88,86,80,87,90,83,88,85,84,91,93,91,94,82,91,92,82,93,81,81,83,81,87.33,91.33,87.67,84.0,87.33,94.67,88.67,88.0,88.33,85.67,85.33,89.33,90.0,87.5,81.0,82.0,87.58,89.67,87.0,88.22,83.5,87.19
83,87,89,94,87,84,84,94,95,84,91,84,90,84,84,89,86,92,83,80,94,85,93,88,92,89,86,87,85,93,91,93,90,87,89,89,86,89,87,95,83,87,92,81,90,86,82,86.33,88.33,91.0,86.33,86.0,89.0,85.67,88.67,89.0,88.33,91.33,88.33,88.0,89.5,85.5,84.0,88.0,87.33,88.67,89.22,86.33,87.91
85,80,80,91,93,92,92,94,88,95,85,92,88,93,86,90,80,93,81,87,81,89,85,88,85,83,82,95,92,92,85,85,84,95,95,83,94,88,95,86,95,93,91,92,95,90,89,81.67,92.0,91.33,90.67,89.0,87.67,83.0,87.33,83.33,93.0,84.67,91.0,91.6,92.0,93.5,89.5,88.92,86.75,88.17,89.09,91.67,88.92
91,94,93,84,93,81,81,91,85,83,90,92,95,85,91,86,83,94,84,80,82,83,81,87,87,92,91,89,84,90,80,89,93,80,93,85,83,94,90,84,89,84,81,90,85,93,91,92.67,86.0,85.67,88.33,90.33,87.67,82.0,83.67,90.0,87.67,87.33,86.0,88.0,82.5,87.5,92.0,88.17,85.92,88.83,87.11,87.33,87.47
86,91,95,85,91,80,95,88,89,88,84,91,88,94,83,80,95,85,83,81,93,92,87,95,89,83,82,89,87,84,94,91,94,84,94,90,88,85,82,90,90,80,80,94,89,95,93,90.67,85.33,90.67,87.67,88.33,86.67,85.67,91.33,84.67,86.67,93.0,89.33,87.0,80.0,91.5,94.0,88.58,88.0,85.67,89.78,88.5,88.11
95,82,82,80,90,93,89,88,81,82,93,87,87,94,92,82,91,87,81,89,92,83,80,91,80,91,87,90,93,88,92,83,91,86,92,85,91,81,90,86,89,87,89,81,88,89,91,86.33,87.67,86.0,87.33,91.0,86.67,87.33,84.67,86.0,90.33,88.67,87.67,87.4,88.0,84.5,90.0,86.83,87.42,88.17,87.91,87.5,87.57
81,86,95,94,85,83,91,91,86,91,84,86,91,88,85,81,83,85,94,89,89,83,89,89,80,84,94,89,85,93,88,81,81,82,86,88,86,81,92,83,89,87,90,91,85,91,86,87.33,87.33,89.33,87.0,88.0,83.0,90.67,87.0,86.0,89.0,83.33,85.33,86.2,88.5,88.0,88.5,87.75,87.17,87.5,84.96,88.33,87.14
83,92,84,89,80,87,80,89,90,81,92,90,91,86,86,95,95,90,81,86,88,87,95,85,87,81,85,87,80,93,88,83,87,95,83,93,92,81,82,81,87,83,92,87,82,86,86,86.33,85.33,86.33,87.67,87.67,93.33,85.0,89.0,84.33,86.67,86.0,90.33,84.6,87.5,84.5,86.0,86.42,88.75,85.5,86.98,86.0,86.73
80,88,95,84,92,80,81,85,83,82,84,94,94,81,88,86,86,90,88,93,86,84,82,91,84,84,84,91,93,85,82,86,92,81,80,89,93,85,86,83,83,81,90,94,87,84,86,87.67,85.33,83.0,86.67,87.67,87.33,89.0,85.67,84.0,89.67,86.67,83.33,86.0,85.5,90.5,85.0,85.67,87.42,86.83,85.33,87.0,86.45
89,94,94,87,87,85,89,92,81,85,93,86,82,81,88,88,91,94,81,81,82,82,82,83,80,92,82,80,93,95,80,95,83,82,86,89,80,86,93,88,91,84,91,81,90,90,92,92.33,86.33,87.33,88.0,83.67,91.0,81.33,82.33,84.67,89.33,86.0,85.67,87.6,87.5,85.5,91.0,88.5,84.58,87.0,86.42,88.0,86.9
89,94,93,87,85,91,91,85,95,95,85,87,87,86,81,90,88,84,89,89,95,81,94,90,94,86,89,93,84,83,89,80,90,95,94,88,95,89,81,94,86,85,81,84,93,93,87,92.0,87.67,90.33,89.0,84.67,87.33,91.0,88.33,89.67,86.67,86.33,92.33,89.0,83.0,88.5,90.0,89.75,87.83,88.17,89.22,87.17,88.43
82,95,89,93,80,81,91,80,90,91,93,82,94,90,91,80,81,86,91,90,91,91,80,86,80,81,91,95,86,81,93,92,81,88,94,87,80,95,82,89,81,81,83,85,90,80,81,88.67,84.67,87.0,88.67,91.67,82.33,90.67,85.67,84.0,87.33,88.67,89.67,85.4,82.0,87.5,80.5,87.25,87.58,85.67,87.91,83.33,86.35
90,92,86,94,91,91,87,82,87,86,90,84,94,95,88,80,93,94,80,80,85,93,85,94,85,88,88,84,91,92,83,82,82,86,91,82,95,83,80,90,80,83,85,82,87,94,83,89.33,92.0,85.33,86.67,92.33,89.0,81.67,90.67,87.0,89.0,82.33,86.33,85.6,84.0,84.5,88.5,88.33,88.42,88.0,84.76,85.67,87.03
85,94,95,80,93,89,86,89,80,89,94,85,82,95,84,94,84,86,86,80,88,94,81,83,86,85,82,81,82,85,85,87,84,93,82,83,81,86,88,80,87,86,89,85,91,95,83,91.33,87.33,85.0,89.33,87.0,88.0,84.67,86.0,84.33,82.67,85.33,86.0,84.4,87.5,88.0,89.0,88.25,86.42,83.5,85.24,88.17,86.32
95,81,87,85,92,91,84,88,85,83,94,83,90,86,86,80,84,93,85,95,84,88,81,92,92,85,84,92,88,88,87,87,93,91,85,88,95,88,81,95,92,83,86,81,83,87,89,87.67,89.33,85.67,86.67,87.33,85.67,88.0,87.0,87.0,89.33,89.0,88.0,90.2,84.5,82.0,88.0,87.33,87.0,88.17,89.07,84.83,87.28
84,91,86,90,86,82,81,90,81,81,91,80,82,93,86,84,95,80,82,86,93,82,91,85,83,87,81,90,90,84,81,87,93,92,92,90,82,88,85,88,92,82,90,86,95,90,82,87.0,86.0,84.0,84.0,87.0,86.33,87.0,86.0,83.67,88.0,87.0,91.33,87.0,86.0,90.5,86.0,85.25,86.58,85.83,88.44,87.5,86.72
84,85,81,85,88,88,82,86,94,90,94,86,89,93,81,92,95,91,82,87,84,88,80,95,83,95,90,82,81,82,83,88,80,85,83,86,90,88,81,89,82,88,87,94,81,90,89,83.33,87.0,87.33,90.0,87.67,92.67,84.33,87.67,89.33,81.67,83.67,84.67,86.0,87.5,87.5,89.5,86.92,88.08,85.5,84.78,88.17,86.69
84,94,85,89,95,88,92,84,92,81,87,89,95,82,81,82,88,83,81,91,83,80,86,81,82,87,86,93,84,91,91,82,85,89,82,89,82,85,92,80,94,88,86,82,88,91,80,87.67,90.67,89.33,85.67,86.0,84.33,85.0,82.33,85.0,89.33,86.0,86.67,86.6,87.0,85.0,85.5,88.33,84.42,87.17,86.42,85.83,86.43
88,80,92,89,80,92,92,80,85,83,95,94,92,84,83,92,84,82,89,94,80,87,87,87,87,92,82,91,84,88,83,94,87,94,90,92,85,82,84,89,82,86,95,81,88,80,95,86.67,87.0,85.67,90.67,86.33,86.0,87.67,87.0,87.0,87.67,88.0,92.0,84.4,90.5,84.5,87.5,87.5,86.75,87.33,88.13,87.5,87.44
85,84,84,84,86,84,85,94,93,93,91,88,81,88,87,85,95,85,85,90,94,89,93,90,83,86,92,92,84,82,95,82,87,85,84,91,91,87,94,87,86,94,90,80,87,88,85,84.33,84.67,90.67,90.67,85.33,88.33,89.67,90.67,87.0,86.0,88.0,86.67,89.0,92.0,83.5,86.5,87.58,88.5,86.5,87.89,87.33,87.56
92,89,80,80,90,81,80,92,84,89,92,92,80,94,91,82,83,94,85,85,94,82,85,83,86,82,82,82,89,81,83,86,81,94,84,93,80,91,89,81,93,91,90,85,82,90,88,87.0,83.67,85.33,91.0,88.33,86.33,88.0,83.33,83.33,84.0,83.33,90.33,86.8,90.5,83.5,89.0,86.75,86.5,83.67,86.82,87.67,86.28
90,85,85,92,86,95,81,88,87,82,84,86,87,95,95,91,80,91,90,89,92,91,87,85,89,81,87,82,93,81,91,94,85,86,90,85,88,94,84,88,93,87,84,82,89,91,90,86.67,91.0,85.33,84.0,92.33,87.33,90.33,87.67,85.67,85.33,90.0,87.0,89.4,85.5,85.5,90.5,86.75,89.42,85.5,88.8,87.17,87.53
92,81,80,94,93,89,85,86,85,80,86,88,92,85,92,92,89,82,95,89,81,90,86,90,86,91,84,95,91,85,88,90,94,91,91,86,86,80,88,84,91,86,94,92,92,80,94,84.33,92.0,85.33,84.67,89.67,87.67,88.33,88.67,87.0,90.33,90.67,89.33,85.8,90.0,92.0,87.0,86.58,88.58,88.67,88.6,89.67,88.42
93,81,83,92,89,95,82,90,84,82,89,94,93,83,94,86,85,92,95,81,95,82,85,86,95,87,84,90,85,84,86,88,91,93,81,80,86,82,84,91,92,90,82,80,90,88,81,85.67,92.0,85.33,88.33,90.0,87.67,90.33,84.33,88.67,86.33,88.33,84.67,87.0,86.0,85.0,84.5,87.83,88.08,87.5,86.67,85.17,87.05
86,93,89,84,88,84,87,93,87,90,88,95,84,83,86,86,94,84,88,88,92,80,85,95,85,84,92,91,92,84,86,86,90,93,90,81,91,85,94,94,86,89,82,88,86,89,92,89.33,85.33,89.0,91.0,84.33,88.0,89.33,86.67,87.0,89.0,87.33,88.0,90.0,85.5,87.0,90.5,88.67,87.08,88.0,88.44,87.67,87.97
87,86,84,94,84,85,84,87,82,87,86,83,83,95,88,88,94,80,85,82,89,95,90,95,86,86,82,85,85,87,91,84,95,92,87,90,85,85,86,87,86,94,81,83,89,83,87,85.67,87.67,84.33,85.33,88.67,87.33,85.33,93.33,84.67,85.67,90.0,89.67,85.8,87.5,86.0,85.0,85.75,88.67,85.17,88.49,86.17,86.85
88,81,89,83,91,84,83,82,94,90,82,81,93,93,95,88,94,80,95,83,82,84,89,95,82,91,85,81,92,80,84,86,84,80,91,84,88,95,85,90,83,84,83,82,80,84,95,86.0,86.0,86.33,84.33,93.67,87.33,86.67,89.33,86.0,84.33,84.67,85.0,88.2,83.5,81.0,89.5,85.67,89.25,85.17,85.96,84.67,86.14
85,90,84,90,82,95,82,89,83,86,94,94,85,95,87,89,82,94,88,87,91,93,86,95,82,85,80,90,92,88,85,85,95,81,86,92,80,80,86,94,83,90,92,87,94,91,90,86.33,89.0,84.67,91.33,89.0,88.33,88.67,91.33,82.33,90.0,88.33,86.33,84.6,91.0,90.5,90.5,87.83,89.33,86.17,86.42,90.67,88.08
93,82,86,88,92,83,86,91,86,87,89,83,88,83,92,81,80,81,89,93,89,84,90,81,85,90,91,83,87,87,95,84,95,84,85,80,88,95,90,90,91,90,83,89,88,81,82,87.0,87.67,87.67,86.33,87.67,80.67,90.33,85.0,88.67,85.67,91.33,83.0,90.8,86.5,88.5,81.5,87.17,85.92,87.17,88.38,85.5,86.83
93,95,89,87,83,86,93,88,87,83,84,82,93,84,87,85,90,91,91,88,93,94,81,81,93,86,85,87,92,88,95,95,81,88,90,87,95,95,86,89,91,91,88,84,93,92,84,92.33,85.33,89.33,83.0,88.0,88.67,90.67,85.33,88.0,89.0,90.33,88.33,91.2,89.5,88.5,88.0,87.5,88.17,88.5,89.96,88.67,88.56
94,81,87,88,80,89,92,86,87,88,95,83,83,85,93,93,90,90,92,81,92,89,86,89,93,85,92,82,85,92,83,87,83,82,89,89,81,87,89,85,85,86,91,95,86,91,89,87.33,85.67,88.33,88.67,87.0,91.0,88.33,88.0,90.0,86.33,84.33,86.67,85.4,88.5,90.5,90.0,87.5,88.58,88.17,85.47,89.67,87.88
80,90,88,80,95,93,87,87,81,94,81,94,86,94,92,86,81,81,93,85,90,83,84,86,88,86,94,95,88,90,86,93,94,80,80,81,81,93,95,80,84,87,94,94,91,83,81,86.0,89.33,85.0,89.67,90.67,82.67,89.33,84.33,89.33,91.0,91.0,80.33,86.6,90.5,92.5,82.0,87.5,86.75,90.17,85.98,88.33,87.75
80,90,94,95,82,82,93,88,86,95,80,86,84,94,85,91,88,85,81,86,86,85,82,83,86,80,91,92,87,91,91,84,83,87,90,81,87,89,86,86,93,92,92,89,90,81,93,88.0,86.33,89.0,87.0,87.67,88.0,84.33,83.33,85.67,90.0,86.0,86.0,88.2,92.0,89.5,87.0,87.58,85.83,87.83,86.73,89.5,87.5
82,93,95,82,93,81,91,82,95,82,89,88,90,94,86,89,94,81,94,93,86,85,80,87,80,87,81,89,81,85,84,93,85,87,94,80,86,82,91,88,86,80,81,81,95,88,90,90.0,85.33,89.33,86.33,90.0,88.0,91.0,84.0,82.67,85.0,87.33,87.0,86.6,80.5,88.0,89.0,87.75,88.25,83.83,86.98,85.83,86.53
82,95,85,94,83,82,88,92,95,90,92,84,82,84,88,81,85,80,89,84,90,88,86,92,85,86,84,95,84,87,94,88,87,89,93,86,81,92,81,80,85,95,92,90,90,87,91,87.33,86.33,91.67,88.67,84.67,82.0,87.67,88.67,85.0,88.67,89.67,89.33,83.8,93.5,90.0,89.0,88.5,85.75,86.83,87.6,90.83,87.9
94,88,94,95,85,91,84,86,89,84,92,83,95,85,91,82,83,90,89,83,87,90,83,88,88,89,81,87,82,80,93,87,95,95,81,85,82,83,94,94,89,81,82,93,86,95,86,92.0,90.33,86.33,86.33,90.33,85.0,86.33,87.0,86.0,83.0,91.67,87.0,88.4,81.5,89.5,90.5,88.75,87.17,84.5,89.02,87.17,87.32
92,86,92,87,92,89,90,94,90,81,95,81,85,83,87,81,93,82,86,93,92,80,91,82,90,81,92,92,81,81,83,94,83,85,91,95,85,86,84,82,82,80,82,85,93,86,87,90.0,89.33,91.33,85.67,85.0,85.33,90.33,84.33,87.67,84.67,86.67,90.33,83.8,81.0,89.0,86.5,89.08,86.25,86.17,86.93,85.5,86.79
95,84,84,94,85,81,93,91,84,84,86,82,94,81,84,86,95,92,80,86,92,91,95,94,95,92,81,90,87,85,90,95,82,95,92,89,89,88,82,94,92,84,93,87,84,84,87,87.67,86.67,89.33,84.0,86.33,91.0,86.0,93.33,89.33,87.33,89.0,92.0,89.0,88.5,85.5,85.5,86.92,89.17,88.33,90.0,86.5,88.18
80,89,88,80,87,91,95,93,82,92,89,85,81,83,94,81,94,84,82,83,88,92,84,82,84,90,82,84,90,80,91,83,89,90,86,89,92,95,86,85,88,82,88,80,88,84,94,85.67,86.0,90.0,88.67,86.0,86.33,84.33,86.0,85.33,84.67,87.67,88.33,89.2,85.0,84.0,89.0,87.58,85.67,85.0,88.4,86.0,86.53
80,87,82,84,93,85,81,83,95,94,94,84,87,94,95,89,93,82,90,85,84,95,85,80,92,87,83,93,86,80,80,93,87,84,80,92,83,85,95,85,90,83,92,85,91,87,87,83.0,87.33,86.33,90.67,92.0,88.0,86.33,86.67,87.33,86.33,86.67,85.33,87.6,87.5,88.0,87.0,86.83,88.25,86.83,86.53,87.5,87.19
86,86,80,84,85,87,86,93,80,90,95,95,81,93,91,90,93,92,84,83,85,88,94,86,85,86,94,82,84,86,95,87,82,94,95,90,91,80,93,87,95,92,92,84,91,90,87,84.0,85.33,86.33,93.33,88.33,91.67,84.0,89.33,88.33,84.0,88.0,93.0,89.2,92.0,87.5,88.5,87.25,88.33,86.17,90.07,89.33,88.23
83,91,93,88,90,92,82,91,87,84,87,84,88,93,95,94,83,90,86,90,91,93,85,86,93,94,87,90,81,83,95,85,80,92,93,94,86,83,83,82,85,85,83,85,94,86,82,89.0,90.0,86.67,85.0,92.0,89.0,89.0,88.0,91.33,84.67,86.67,93.0,83.8,84.0,89.5,84.0,87.67,89.5,88.0,87.82,85.83,87.76
94,81,92,91,80,81,92,80,93,90,92,94,93,94,86,94,86,80,86,89,81,91,94,93,93,89,84,83,89,82,80,84,86,80,89,83,91,83,91,88,92,88,81,88,94,87,88,89.0,84.0,88.33,92.0,91.0,86.67,85.33,92.67,88.67,84.67,83.33,84.0,89.0,84.5,91.0,87.5,88.33,88.92,86.67,85.44,87.67,87.41
82,82,81,93,93,95,95,81,91,87,94,87,91,94,94,89,80,83,85,90,92,92,82,87,91,81,88,82,90,94,91,80,84,94,93,80,85,80,95,84,88,86,89,87,90,80,82,81.67,93.67,89.0,89.33,93.0,84.0,89.0,87.0,86.67,88.67,85.0,89.0,86.4,87.5,88.5,81.0,88.42,88.25,87.67,86.8,85.67,87.36
94,81,89,87,93,87,80,85,84,81,83,85,90,95,87,91,83,91,81,87,80,80,93,94,90,91,81,91,83,86,92,94,80,80,80,90,87,82,87,87,90,80,83,88,81,95,85,88.0,89.0,83.0,83.0,90.67,88.33,82.67,89.0,87.33,86.67,88.67,83.33,86.6,81.5,84.5,90.0,85.75,87.67,87.0,86.2,85.33,86.39
87,92,82,80,94,84,84,85,84,81,85,94,86,90,93,82,83,93,81,80,93,85,80,80,85,82,83,89,92,82,86,93,92,88,80,87,93,86,84,92,86,85,85,93,80,86,81,87.0,86.0,84.33,86.67,89.67,86.0,84.67,81.67,83.33,87.67,90.33,85.0,88.2,85.0,86.5,83.5,86.0,85.5,85.5,87.84,85.0,85.97
92,91,80,89,87,84,87,95,80,80,84,89,91,84,91,85,86,93,80,91,88,86,89,91,80,94,85,95,88,95,82,89,85,90,85,93,80,83,93,92,81,84,83,80,82,94,93,87.67,86.67,87.33,84.33,88.67,88.0,86.33,88.67,86.33,92.67,85.33,89.33,85.8,83.5,81.0,93.5,86.5,87.92,89.5,86.82,86.0,87.35
89,92,81,81,85,87,85,90,95,80,82,85,90,89,81,92,94,94,81,89,88,95,84,84,86,82,81,89,93,88,85,82,90,84,89,87,81,90,84,81,84,94,95,85,82,86,88,87.33,84.33,90.0,82.33,86.67,93.33,86.0,87.67,83.0,90.0,85.67,86.67,84.0,94.5,83.5,87.0,86.0,88.42,86.5,85.44,88.33,86.94
87,83,95,80,91,85,80,94,83,90,84,85,93,95,93,91,93,82,81,95,89,84,89,94,80,80,88,94,90,86,87,90,86,90,83,84,86,83,83,85,81,94,88,91,84,93,91,88.33,85.33,85.67,86.33,93.67,88.67,88.33,89.0,82.67,90.0,87.67,85.67,83.6,91.0,87.5,92.0,86.42,89.92,86.33,85.64,90.17,87.7
84,92,88,94,84,87,92,89,88,88,86,87,94,84,91,90,81,92,87,92,88,82,86,82,87,83,91,91,82,87,95,85,85,95,85,82,80,91,94,95,92,81,90,87,95,82,89,88.0,88.33,89.67,87.0,89.67,87.67,89.0,83.33,87.0,86.67,88.33,87.33,90.4,85.5,91.0,85.5,88.25,87.42,86.83,88.69,87.33,87.7
91,93,80,90,95,80,92,87,82,90,90,91,81,83,91,95,81,89,87,89,81,94,88,83,88,82,87,87,89,89,85,81,83,92,92,95,81,93,92,80,90,89,86,85,87,85,88,88.0,88.33,87.0,90.33,85.0,88.33,85.67,88.33,85.67,88.33,83.0,93.0,87.2,87.5,86.0,86.5,88.42,86.83,87.0,87.73,86.67,87.33
83,81,82,92,83,82,89,90,87,95,95,92,84,88,85,94,83,90,88,93,92,81,86,84,81,93,95,84,89,91,84,85,81,93,80,82,89,88,87,94,87,89,81,85,95,86,80,82.0,85.67,88.67,94.0,85.67,89.0,91.0,83.67,89.67,88.0,83.33,85.0,89.0,85.0,90.0,83.0,87.58,87.33,88.83,85.78,86.0,87.11
82,89,91,88,89,84,92,88,85,87,91,91,84,81,81,85,81,86,80,91,80,90,94,92,81,88,89,88,90,93,91,82,84,94,81,95,83,86,80,84,95,90,93,87,91,91,82,87.33,87.0,88.33,89.67,82.0,84.0,83.67,92.0,86.0,90.33,85.67,90.0,85.6,91.5,89.0,86.5,88.08,85.42,88.17,87.09,89.0,87.55
81,83,86,81,93,86,91,94,80,84,85,80,95,89,95,83,84,91,87,88,94,86,90,88,82,87,92,85,91,81,81,85,80,95,89,93,80,80,83,86,94,90,83,95,84,95,92,83.33,86.67,88.33,83.0,93.0,86.0,89.67,88.0,87.0,85.67,82.0,92.33,84.6,86.5,89.5,93.5,85.33,89.17,86.33,86.31,89.83,87.4
89,80,86,89,93,93,89,90,90,82,90,94,87,84,86,85,86,82,84,91,86,86,84,93,85,91,85,88,94,92,95,92,90,94,93,92,90,92,93,95,89,93,92,83,89,83,84,85.0,91.67,89.67,88.67,85.67,84.33,87.0,87.67,87.0,91.33,92.33,93.0,91.8,92.5,86.0,83.5,88.75,86.17,89.17,92.38,87.33,88.76
95,88,83,87,85,83,95,80,84,80,86,81,85,95,85,85,84,95,83,82,87,81,81,81,93,84,88,81,84,94,88,88,94,84,89,82,86,85,88,90,92,91,85,89,90,87,95,88.67,85.0,86.33,82.33,88.33,88.0,84.0,81.0,88.33,86.33,90.0,85.0,88.2,88.0,89.5,91.0,85.58,85.33,87.33,87.73,89.5,87.1
89,92,94,93,86,91,92,86,90,86,88,88,85,87,93,84,84,87,82,84,94,88,94,86,83,80,91,84,90,90,89,81,81,86,92,95,94,81,91,85,94,80,85,85,80,93,86,91.67,90.0,89.33,87.33,88.33,85.0,86.67,89.33,84.67,88.0,83.67,91.0,89.0,82.5,82.5,89.5,89.58,87.33,86.33,87.89,84.83,87.19
88,84,83,92,92,81,91,88,85,90,91,94,84,91,87,85,93,86,91,87,86,83,85,88,92,83,83,84,81,91,94,88,84,94,88,87,87,81,94,80,88,83,88,95,90,91,82,85.0,88.33,88.0,91.67,87.33,88.0,88.0,85.33,86.0,85.33,88.67,89.67,86.0,85.5,92.5,86.5,88.25,87.17,85.67,88.11,88.17,87.47
92,86,88,86,81,91,82,95,84,92,93,90,90,91,81,86,81,95,95,89,85,93,91,94,87,86,85,80,91,85,81,85,90,81,95,88,80,87,81,80,91,93,89,95,91,82,85,88.67,86.0,87.0,91.67,87.33,87.33,89.67,92.67,86.0,85.33,85.33,88.0,83.8,91.0,93.0,83.5,88.33,89.25,85.67,85.71,89.17,87.63
94,85,83,93,93,86,87,81,92,94,94,80,89,93,95,85,89,89,94,95,83,95,81,85,88,95,92,91,81,82,90,86,84,88,86,82,95,84,86,83,85,91,87,90,93,95,89,87.33,90.67,86.67,89.33,92.33,87.67,90.67,87.0,91.67,84.67,86.67,85.33,86.6,89.0,91.5,92.0,88.5,89.42,88.17,86.2,90.83,88.62
82,93,93,87,88,84,89,83,93,81,80,94,92,81,80,84,91,95,85,90,83,92,92,95,80,86,88,88,83,81,90,93,92,81,82,85,91,86,90,81,83,90,90,85,87,92,92,89.33,86.33,88.33,85.0,84.33,90.0,86.0,93.0,84.67,84.0,91.67,82.67,86.2,90.0,86.0,92.0,87.25,88.33,84.33,86.84,89.33,87.22
90,84,91,80,91,90,91,90,95,87,93,87,86,81,89,81,95,90,83,81,91,86,88,80,90,87,93,88,86,93,80,82,83,80,90,86,86,90,91,80,89,86,95,89,85,84,88,88.33,87.0,92.0,89.0,85.33,88.67,85.0,84.67,90.0,89.0,81.67,85.33,87.2,90.5,87.0,86.0,89.08,85.92,89.5,84.73,87.83,87.41
83,88,82,83,88,87,83,91,94,83,82,92,88,81,85,81,94,93,95,91,92,89,88,83,81,95,95,87,88,93,83,95,91,89,85,94,91,84,94,91,80,81,90,83,82,94,87,84.33,86.0,89.33,85.67,84.67,89.33,92.67,86.67,90.33,89.33,89.67,89.33,88.0,85.5,82.5,90.5,86.33,88.33,89.83,89.0,86.17,87.93
89,81,85,88,95,83,90,93,94,87,95,81,86,81,88,81,86,89,91,93,93,95,84,87,80,80,87,86,81,80,84,82,82,94,88,84,85,94,82,88,87,88,82,80,86,90,92,85.0,88.67,92.33,87.67,85.0,85.33,92.33,88.67,82.33,82.33,82.67,88.67,87.2,85.0,83.0,91.0,88.42,87.83,82.33,86.18,86.33,86.22
80,91,88,80,83,88,83,89,82,81,94,87,82,84,94,95,89,89,84,91,82,88,85,83,90,91,84,88,80,90,93,89,87,91,89,94,82,95,81,86,85,88,81,85,85,91,85,86.33,83.67,84.67,87.33,86.67,91.0,85.67,85.33,88.33,86.0,89.67,91.33,85.8,84.5,85.0,88.0,85.5,87.17,87.17,88.93,85.83,86.92
84,82,94,92,90,90,91,86,91,87,85,88,88,83,80,84,92,93,91,90,87,82,91,94,86,85,93,91,95,82,87,84,86,93,87,84,81,85,94,95,89,92,86,91,80,93,84,86.67,90.67,89.33,86.67,83.67,89.67,89.33,89.0,88.0,89.33,85.67,88.0,88.8,89.0,85.5,88.5,88.33,87.92,88.67,87.49,87.67,88.01
92,83,92,85,85,94,91,90,88,90,89,85,91,82,80,89,92,87,80,81,82,84,93,90,82,80,93,95,90,93,81,95,83,81,92,89,86,93,85,88,81,87,81,83,94,83,88,89.0,88.0,89.67,88.0,84.33,89.33,81.0,89.0,85.0,92.67,86.33,87.33,86.6,84.0,88.5,85.5,88.67,85.92,88.83,86.76,86.0,87.23
90,90,86,93,90,81,82,85,95,82,95,87,86,81,87,87,88,90,88,94,86,84,80,90,81,80,94,80,90,80,92,85,86,86,91,91,86,84,89,91,90,88,89,82,86,85,90,88.67,88.0,87.33,88.0,84.67,88.33,89.33,84.67,85.0,83.33,87.67,89.33,88.0,88.5,84.0,87.5,88.0,86.75,84.17,88.33,86.67,86.78
87,80,83,86,84,87,81,82,95,88,85,93,82,92,89,88,94,90,92,95,83,87,80,90,85,82,86,88,80,82,88,89,80,82,82,85,83,80,90,87,92,89,82,81,90,92,88,83.33,85.67,86.0,88.67,87.67,90.67,90.0,85.67,84.33,83.33,85.67,83.0,86.4,85.5,85.5,90.0,85.92,88.5,83.83,85.02,87.0,86.05
93,85,89,83,88,86,89,92,91,89,86,81,90,93,85,89,94,84,89,86,80,94,80,88,92,91,89,83,83,88,83,88,95,80,93,94,91,93,93,95,82,86,87,86,93,86,86,89.0,85.67,90.67,85.33,89.33,89.0,85.0,87.33,90.67,84.67,88.67,89.0,90.8,86.5,89.5,86.0,87.67,87.67,87.67,89.49,87.33,87.96
84,88,91,82,88,89,93,88,85,86,87,83,87,82,94,92,80,88,91,80,88,81,86,89,82,81,81,92,80,85,88,88,84,95,87,85,83,81,90,82,84,91,86,89,93,81,94,87.67,86.33,88.67,85.33,87.67,86.67,86.33,85.33,81.33,85.67,86.67,89.0,84.0,88.5,91.0,87.5,87.0,86.5,83.5,86.56,89.0,86.51
90,80,88,89,82,83,92,90,90,89,84,87,85,89,95,94,95,88,86,92,95,82,93,82,89,86,81,88,95,82,81,94,90,94,92,87,87,95,80,86,85,86,86,83,86,93,95,86.0,84.67,90.67,86.67,89.67,92.33,91.0,85.67,85.33,88.33,88.33,91.0,86.6,86.0,84.5,94.0,87.0,89.67,86.83,88.64,88.17,88.06
80,84,84,81,93,81,95,83,93,90,81,80,92,80,94,92,83,88,90,82,93,91,93,92,86,91,93,83,93,83,80,91,85,91,93,87,94,90,90,85,88,93,93,87,93,85,93,82.67,85.0,90.33,83.67,88.67,87.67,88.33,92.0,90.0,86.33,85.33,90.33,89.4,93.0,90.0,89.0,85.42,89.17,88.17,88.36,90.67,88.35
88,81,80,88,84,90,86,89,93,91,83,93,92,88,93,90,86,88,82,91,86,80,95,85,82,80,87,87,84,91,83,80,80,84,86,90,81,80,87,90,91,95,95,90,80,95,88,83.0,87.33,89.33,89.0,91.0,88.0,86.33,86.67,83.0,87.33,81.0,86.67,85.8,95.0,85.0,91.5,87.17,88.0,85.17,84.49,90.5,87.06
80,81,92,81,90,82,81,81,93,81,94,85,89,92,84,93,86,88,93,81,82,87,80,86,88,81,94,88,86,92,93,87,86,81,80,86,81,89,90,88,80,91,86,95,84,81,80,84.33,84.33,85.0,86.67,88.33,89.0,85.33,84.33,87.67,88.67,88.67,82.33,85.6,88.5,89.5,80.5,85.08,86.75,88.17,85.53,86.17,86.34
80,93,92,93,87,91,83,81,94,93,94,88,93,93,85,82,83,81,90,92,87,80,88,92,84,84,92,85,95,80,92,87,95,83,89,80,84,87,89,82,85,80,86,81,95,82,86,88.33,90.33,86.0,91.67,90.33,82.0,89.67,86.67,86.67,86.67,91.33,84.0,85.4,83.0,88.0,84.0,89.08,87.17,86.67,86.91,85.0,86.97
91,89,91,90,81,81,92,87,88,83,95,82,80,85,90,85,83,85,81,95,88,87,86,89,92,80,85,93,86,84,90,82,84,90,89,89,87,86,81,94,88,89,86,85,86,82,93,90.33,84.0,89.0,86.67,85.0,84.33,88.0,87.33,85.67,87.67,85.33,89.33,87.2,87.5,85.5,87.5,87.5,86.17,86.67,87.29,86.83,86.89
94,90,87,80,93,86,91,92,82,92,85,89,80,80,91,94,91,95,84,95,89,82,86,95,87,89,85,85,82,80,82,85,95,88,93,85,88,88,85,84,82,89,94,95,94,90,93,90.33,86.33,88.33,88.67,83.67,93.33,89.33,87.67,87.0,82.33,87.33,88.67,85.4,91.5,94.5,91.5,88.42,88.5,84.67,87.13,92.5,88.24
80,85,95,84,92,87,82,86,87,88,92,90,84,91,88,94,84,81,80,85,91,83,94,95,80,89,82,89,85,84,83,88,86,94,89,86,81,81,84,95,92,89,93,86,83,87,82,86.67,87.67,85.0,90.0,87.67,86.33,85.33,90.67,83.67,86.0,85.67,89.67,86.6,91.0,84.5,84.5,87.33,87.5,84.83,87.31,86.67,86.73
92,82,84,92,94,90,95,88,85,88,81,81,80,93,89,95,80,85,81,86,82,83,86,84,85,85,80,88,81,91,82,81,87,83,87,87,86,87,89,90,93,94,90,85,87,94,87,86.0,92.0,89.33,83.33,87.33,86.67,83.0,84.33,83.33,86.67,83.33,85.67,89.0,92.0,86.0,90.5,87.67,85.33,85.0,86.0,89.5,86.7
90,81,88,80,85,92,85,91,80,81,86,89,89,94,89,80,82,88,86,82,85,93,82,90,86,92,80,80,80,91,92,83,93,95,92,80,91,89,82,88,90,86,91,89,85,81,94,86.33,85.67,85.33,85.33,90.67,83.33,84.33,88.33,86.0,83.67,89.33,89.0,88.0,88.5,87.0,87.5,85.67,86.67,84.83,88.78,87.67,86.72
86,85,85,86,92,92,85,81,82,91,83,86,94,83,84,92,89,87,87,81,87,82,85,84,93,91,80,83,82,94,91,85,87,92,84,92,91,82,95,88,93,93,92,89,92,83,92,85.33,90.0,82.67,86.67,87.0,89.33,85.0,83.67,88.0,86.33,87.67,89.33,89.8,92.5,90.5,87.5,86.17,86.25,87.17,88.93,90.17,87.74
93,87,87,86,86,82,95,86,82,87,82,90,93,90,81,86,84,81,82,92,84,91,91,87,83,89,80,94,93,89,87,80,85,82,85,83,83,89,90,91,81,80,80,92,86,85,84,89.0,84.67,87.67,86.33,88.0,83.67,86.0,89.67,84.0,92.0,84.0,83.33,86.8,80.0,89.0,84.5,86.92,86.83,88.0,84.71,84.5,86.19
92,90,84,89,82,93,82,88,86,85,87,89,80,94,80,80,92,88,85,92,83,82,87,84,80,82,82,93,90,95,83,92,92,93,87,94,86,91,89,80,81,85,87,87,93,90,89,88.67,88.0,85.33,87.0,84.67,86.67,86.67,84.33,81.33,92.67,89.0,91.33,85.4,86.0,90.0,89.5,87.25,85.58,87.0,88.58,88.5,87.38
83,90,88,87,83,91,84,83,85,86,95,94,80,85,92,92,87,95,87,81,81,80,84,93,82,81,85,80,80,94,94,86,94,95,86,83,92,89,92,82,81,80,82,81,93,82,82,87.0,87.0,84.0,91.67,85.67,91.33,83.0,85.67,82.67,84.67,91.33,88.0,87.2,81.0,87.0,82.0,87.42,86.42,83.67,88.84,83.33,85.94
85,95,92,92,88,83,84,89,95,80,88,85,87,88,87,84,89,95,80,90,90,91,91,90,95,80,95,90,87,90,92,83,90,88,90,80,89,89,88,92,84,95,91,84,80,86,94,90.67,87.67,89.33,84.33,87.33,89.33,86.67,90.67,90.0,89.0,88.33,86.0,88.4,93.0,82.0,90.0,88.0,88.5,89.5,87.58,88.33,88.38
80,83,94,91,86,83,92,81,94,92,92,82,94,83,86,88,90,89,92,88,94,90,88,85,90,84,87,92,83,80,81,88,91,94,92,94,81,81,85,83,81,95,82,93,81,95,83,85.67,86.67,89.0,88.67,87.67,89.0,91.33,87.67,87.0,85.0,86.67,93.33,82.2,88.5,87.0,89.0,87.5,88.92,86.0,87.4,88.17,87.6
84,87,90,91,81,84,93,91,93,93,91,87,83,89,89,84,85,91,80,81,91,81,94,92,81,82,94,89,81,87,88,86,91,92,89,89,95,93,87,92,95,95,81,80,92,90,87,87.0,85.33,92.33,90.33,87.0,86.67,84.0,89.0,85.67,85.67,88.33,90.0,92.4,88.0,86.0,88.5,88.75,86.67,85.67,90.24,87.5,87.77
88,94,87,83,83,93,90,82,84,88,89,90,85,91,83,88,83,85,92,95,82,94,89,81,93,93,89,86,88,80,90,83,85,91,93,87,95,95,93,81,84,84,86,89,88,81,93,89.67,86.33,85.33,89.0,86.33,85.33,89.67,88.0,91.67,84.67,86.0,90.33,89.6,85.0,88.5,87.0,87.58,87.33,88.17,88.64,86.83,87.71
83,81,80,87,87,89,94,93,83,81,85,94,93,95,87,86,91,94,91,85,94,90,95,87,85,86,88,90,81,93,93,91,83,83,84,90,84,92,89,89,95,93,83,94,80,91,91,81.33,87.67,90.0,86.67,91.67,90.33,90.0,90.67,86.33,88.0,89.0,85.67,89.8,88.0,87.0,91.0,86.42,90.67,87.17,88.16,88.67,88.21
95,93,90,80,93,84,88,86,88,80,88,81,84,86,93,90,84,82,90,93,82,90,87,90,93,89,82,86,85,84,92,91,95,85,87,84,89,89,86,85,85,95,89,83,94,87,87,92.67,85.67,87.33,83.0,87.67,85.33,88.33,89.0,88.0,85.0,92.67,85.33,86.8,92.0,88.5,87.0,87.17,87.58,86.5,88.27,89.17,87.74
88,92,87,93,94,94,85,81,85,80,94,85,80,89,81,93,88,83,83,88,85,83,80,80,81,91,92,80,88,85,90,94,83,86,82,88,84,84,90,87,83,91,95,83,80,89,88,89.0,93.67,83.67,86.33,83.33,88.0,85.33,81.0,88.0,84.33,89.0,85.33,85.6,93.0,81.5,88.5,88.17,84.42,86.17,86.64,87.67,86.61
92,88,90,93,87,94,81,88,80,86,82,82,80,91,86,94,82,89,84,93,81,93,87,83,83,80,93,82,88,86,83,83,81,82,86,90,81,93,95,89,86,93,90,91,90,82,81,90.0,91.33,83.0,83.33,85.67,88.33,86.0,87.67,85.33,85.33,82.33,86.0,88.8,91.5,90.5,81.5,86.92,86.92,85.33,85.71,87.83,86.54
89,88,89,87,84,89,92,82,82,95,87,91,92,89,94,81,91,88,88,93,84,84,91,83,94,93,81,92,85,85,95,92,86,80,95,88,86,91,88,87,81,88,91,93,85,94,91,88.67,86.67,85.33,91.0,91.67,86.67,88.33,86.0,89.33,87.33,91.0,87.67,86.6,89.5,89.0,92.5,87.92,88.17,88.33,88.42,90.33,88.63
87,82,84,94,93,81,85,80,82,83,87,88,80,90,86,83,90,86,87,93,94,81,84,93,85,82,87,80,91,93,91,92,88,90,87,93,80,80,93,87,88,81,94,84,80,92,92,84.33,89.33,82.33,86.0,85.33,86.33,91.33,86.0,84.67,88.0,90.33,90.0,85.6,87.5,82.0,92.0,85.5,87.25,86.33,88.64,87.17,86.98
88,95,87,82,85,80,87,91,94,84,95,83,83,81,91,85,88,86,92,90,93,87,81,90,94,84,86,94,90,82,94,80,82,87,93,88,85,85,94,82,92,92,82,93,88,92,86,90.0,82.33,90.67,87.33,85.0,86.33,91.67,86.0,88.0,88.67,85.33,89.33,87.6,87.0,90.5,89.0,87.58,87.25,88.33,87.42,88.83,87.88
85,94,90,95,95,80,82,87,95,93,84,92,81,95,91,86,87,83,89,90,82,92,83,81,90,86,95,90,95,88,89,84,80,91,86,86,84,81,85,83,80,82,95,80,81,82,83,89.67,90.0,88.0,89.67,89.0,85.33,87.0,85.33,90.33,91.0,84.33,87.67,82.6,88.5,80.5,82.5,89.33,86.67,90.67,84.87,83.83,87.07
93,93,85,93,87,90,87,92,89,80,84,88,83,81,90,95,83,93,87,81,80,85,82,95,87,90,82,85,83,92,82,81,92,80,84,91,85,84,86,90,82,91,87,87,93,92,86,90.33,90.0,89.33,84.0,84.67,90.33,82.67,87.33,86.33,86.67,85.0,85.0,85.4,89.0,90.0,89.0,88.42,86.25,86.5,85.13,89.33,87.13
94,81,89,92,82,92,90,91,92,86,85,82,91,84,88,80,80,88,95,82,88,86,92,82,94,88,90,91,80,92,87,89,85,81,80,91,84,90,80,95,85,87,93,95,94,92,87,88.0,88.67,91.0,84.33,87.67,82.67,88.33,86.67,90.67,87.67,87.0,84.0,86.8,90.0,94.5,89.5,88.0,86.33,89.17,85.93,91.33,88.15
94,90,94,91,80,94,95,82,92,81,90,91,86,80,86,90,84,80,80,92,86,92,81,82,88,88,94,83,82,88,93,90,94,85,80,85,82,93,87,82,94,82,89,80,86,91,81,92.67,88.33,89.67,87.33,84.0,84.67,86.0,85.0,90.0,84.33,92.33,83.33,87.6,85.5,83.0,86.0,89.5,84.92,87.17,87.76,84.83,86.83
92,92,86,89,91,81,84,90,88,95,87,86,88,80,82,87,81,91,90,80,95,87,82,81,89,94,82,80,81,82,88,86,90,87,92,93,95,89,92,84,93,81,83,89,88,85,87,90.0,87.0,87.33,89.33,83.33,86.33,88.33,83.33,88.33,81.0,88.0,90.67,90.6,82.0,88.5,86.0,88.42,85.33,84.67,89.76,85.5,86.73
89,84,81,81,95,88,88,81,92,86,83,90,80,81,82,93,87,84,80,94,83,87,91,90,81,87,92,83,92,81,95,93,83,95,87,91,88,80,85,80,92,87,82,81,90,83,95,84.67,88.0,87.0,86.33,81.0,88.0,85.67,89.33,86.67,85.33,90.33,91.0,85.0,84.5,85.5,89.0,86.5,86.0,86.0,88.78,86.33,86.72
85,83,82,86,81,92,93,85,81,95,92,80,81,80,90,91,89,87,90,94,89,94,86,83,80,85,83,84,81,85,84,94,93,84,83,85,90,91,86,93,84,81,87,91,90,90,86,83.33,86.33,86.33,89.0,83.67,89.0,91.0,87.67,82.67,83.33,90.33,84.0,88.8,84.0,90.5,88.0,86.25,87.83,83.0,87.71,87.5,86.46
85,91,80,85,89,89,86,80,94,83,84,82,81,83,92,84,89,91,87,92,92,94,84,95,83,95,86,82,86,91,86,90,80,80,87,89,87,80,95,94,95,83,88,86,84,82,86,85.33,87.67,86.67,83.0,85.33,88.0,90.33,91.0,88.0,86.33,85.33,85.33,90.2,85.5,85.0,84.0,85.67,88.67,87.17,86.96,84.83,86.66
89,85,83,81,86,81,88,83,90,91,92,93,87,95,89,89,87,81,81,92,88,83,84,80,91,93,82,84,83,85,84,90,92,95,93,94,86,91,86,89,83,94,94,82,86,88,84,85.67,82.67,87.0,92.0,90.33,85.67,87.0,82.33,88.67,84.0,88.67,94.0,87.0,94.0,84.0,86.0,86.83,86.33,86.33,89.89,88.0,87.48
93,93,92,93,87,88,85,89,88,91,80,88,84,83,81,83,81,86,94,83,88,89,88,95,89,85,88,84,95,84,81,89,95,87,90,92,85,93,84,94,80,81,84,92,92,86,90,92.67,89.33,87.33,86.33,82.67,83.33,88.33,90.67,87.33,87.67,88.33,89.67,87.2,82.5,92.0,88.0,88.92,86.25,87.5,88.4,87.5,87.71
90,80,90,86,89,83,94,85,93,89,88,82,85,89,82,85,88,94,90,95,83,86,90,83,85,80,81,82,85,88,85,92,89,89,82,89,81,84,89,94,90,92,81,82,82,84,86,86.67,86.0,90.67,86.33,85.33,89.0,89.33,86.33,82.0,85.0,88.67,86.67,87.6,86.5,82.0,85.0,87.42,87.5,83.5,87.64,84.5,86.11
91,81,88,88,81,84,92,84,95,94,92,84,86,80,80,89,85,86,86,88,81,82,92,89,95,94,81,87,83,83,90,90,81,89,92,88,83,90,80,80,86,86,86,91,83,93,81,86.67,84.33,90.33,90.0,82.0,86.67,85.0,87.67,90.0,84.33,87.0,89.67,83.8,86.0,87.0,87.0,87.83,85.33,87.17,86.82,86.67,86.76
91,84,92,88,86,80,89,83,92,84,93,84,92,85,88,84,89,83,83,92,82,82,84,80,80,88,81,89,80,83,82,81,88,86,94,90,81,92,94,81,93,91,93,93,88,85,83,89.0,84.67,88.0,87.0,88.33,85.33,85.67,82.0,83.0,84.0,83.67,90.0,88.2,92.0,90.5,84.0,87.17,85.33,83.5,87.29,88.83,86.42
80,94,87,90,91,87,86,95,86,84,85,81,92,92,91,88,80,92,90,91,93,83,91,89,93,92,81,95,82,88,81,88,83,89,88,92,90,93,95,94,83,90,83,88,87,87,80,87.0,89.33,89.0,83.33,91.67,86.67,91.33,87.67,88.67,88.33,84.0,89.67,91.0,86.5,87.5,83.5,87.17,89.33,88.5,88.22,85.83,87.81
91,89,83,89,86,94,92,87,95,86,82,86,80,81,92,88,88,93,86,95,85,94,84,87,83,92,89,88,92,93,83,82,83,84,83,87,93,93,89,84,80,93,81,95,86,89,95,87.67,89.67,91.33,84.67,84.33,89.67,88.67,88.33,88.0,91.0,82.67,84.67,87.8,87.0,90.5,92.0,88.33,87.75,89.5,85.04,89.83,88.09
80,84,86,85,80,86,87,87,95,93,93,82,91,80,86,92,81,82,89,84,83,87,93,87,84,90,88,81,89,85,88,81,84,93,90,80,88,84,89,81,91,94,82,82,86,84,94,83.33,83.67,89.67,89.33,85.67,85.0,85.33,89.0,87.33,85.0,84.33,87.67,86.6,88.0,84.0,89.0,86.5,86.25,86.17,86.2,87.0,86.42
86,95,85,94,90,87,89,87,92,86,93,94,83,93,86,80,89,81,94,84,81,90,83,83,88,84,90,94,81,82,93,83,80,88,82,84,84,84,87,91,94,90,90,84,91,89,94,88.67,90.33,89.33,91.0,87.33,83.33,86.33,85.33,87.33,85.67,85.33,84.67,88.0,90.0,87.5,91.5,89.83,85.58,86.5,86.0,89.67,87.52
90,85,92,95,93,93,91,87,82,90,83,92,82,85,86,94,93,86,88,82,91,82,88,83,94,80,92,94,85,89,92,82,80,92,82,95,86,86,92,90,83,80,94,93,87,82,88,89.0,93.67,86.67,88.33,84.33,91.0,87.0,84.33,88.67,89.33,84.67,89.67,87.4,87.0,90.0,85.0,89.42,86.67,89.0,87.24,87.33,87.93
80,82,86,87,88,83,93,80,87,89,92,91,89,88,89,90,84,87,88,82,88,86,95,88,85,90,95,87,92,91,92,81,94,94,86,83,90,87,92,88,85,80,80,87,81,95,86,82.67,86.0,86.67,90.67,88.67,87.0,86.0,89.67,90.0,90.0,89.0,87.67,88.4,80.0,84.0,90.5,86.5,87.83,90.0,88.36,84.83,87.5
80,80,86,93,93,86,84,85,93,85,93,89,94,83,85,95,81,94,90,87,85,89,93,87,82,86,83,87,94,93,83,85,83,82,82,95,94,88,92,94,90,94,84,86,84,80,88,82.0,90.67,87.33,89.0,87.33,90.0,87.33,89.67,83.67,91.33,83.67,86.33,91.6,89.0,85.0,84.0,87.25,88.58,87.5,87.2,86.0,87.31
88,85,86,90,82,89,89,80,86,93,87,88,85,94,91,92,91,82,85,89,92,89,90,89,95,81,85,85,88,85,87,94,81,84,93,83,88,81,92,93,86,82,86,95,89,95,87,86.33,87.0,85.0,89.33,90.0,88.33,88.67,89.33,87.0,86.0,87.33,86.67,88.0,84.0,92.0,91.0,86.92,89.08,86.5,87.33,89.0,87.77
89,82,92,92,88,88,89,81,94,87,85,85,94,95,81,81,93,90,92,80,94,88,89,88,89,86,80,91,82,81,94,81,88,82,90,94,85,85,95,95,87,88,93,94,95,89,89,87.67,89.33,88.0,85.67,90.0,88.0,88.67,88.33,85.0,84.67,87.67,88.67,89.4,90.5,94.5,89.0,87.67,88.75,84.83,88.58,91.33,88.23
90,80,87,86,80,90,85,91,81,83,83,94,84,80,90,95,93,84,87,81,89,80,94,85,89,91,90,91,92,95,81,93,86,82,83,90,82,89,83,85,89,95,87,83,86,87,82,85.67,85.33,85.67,86.67,84.67,90.67,85.67,86.33,90.0,92.67,86.67,85.0,85.6,91.0,84.5,84.5,85.83,86.83,91.33,85.76,86.67,87.28
89,84,93,92,81,90,80,84,95,92,90,82,95,86,94,93,94,84,89,90,85,91,86,95,88,95,95,90,94,86,91,81,86,84,90,89,89,87,89,88,83,92,84,89,80,95,81,88.67,87.67,86.33,88.0,91.67,90.33,88.0,90.67,92.67,90.0,86.0,87.67,87.2,88.0,84.5,88.0,87.67,90.17,91.33,86.96,86.83,88.59
82,84,80,87,92,87,81,94,89,83,86,92,87,85,90,80,88,80,84,80,93,88,83,95,91,90,81,82,87,93,88,82,95,89,88,81,85,87,90,91,80,84,95,88,92,92,85,82.0,88.67,88.0,87.0,87.33,82.67,85.67,88.67,87.33,87.33,88.33,86.0,86.6,89.5,90.0,88.5,86.42,86.08,87.33,86.98,89.33,87.23
82,86,85,95,92,93,89,87,89,87,91,89,93,95,89,87,94,80,80,95,91,81,87,92,86,80,89,91,88,82,88,83,84,92,92,82,90,83,95,88,83,80,89,88,93,90,90,84.33,93.33,88.33,89.0,92.33,87.0,88.67,86.67,85.0,87.0,85.0,88.67,87.8,84.5,90.5,90.0,88.75,88.67,86.0,87.16,88.33,87.78
93,93,85,93,83,80,81,80,82,86,89,87,85,90,86,81,89,83,83,84,94,82,94,85,87,85,94,95,84,86,84,87,82,84,89,87,92,82,94,89,80,94,90,82,84,81,92,90.33,85.33,81.0,87.33,87.0,84.33,87.0,87.0,88.67,88.33,84.33,86.67,87.4,92.0,83.0,86.5,86.0,86.33,88.5,86.13,87.17,86.83
95,89,94,89,82,87,94,93,89,91,88,85,88,88,94,89,90,95,95,91,82,91,93,87,95,89,93,81,87,82,80,95,86,80,80,88,91,86,83,95,89,94,87,80,88,86,80,92.67,86.0,92.0,88.0,90.0,91.33,89.33,90.33,92.33,83.33,87.0,82.67,88.8,90.5,84.0,83.0,89.67,90.25,87.83,86.16,85.83,87.95
91,94,80,93,82,81,83,91,95,85,82,84,91,94,94,95,95,95,83,83,92,88,86,92,93,81,82,82,91,80,90,89,92,88,87,82,81,84,95,84,94,90,91,80,89,83,95,88.33,85.33,89.67,83.67,93.0,95.0,86.0,88.67,85.33,84.33,90.33,85.67,87.6,90.5,84.5,89.0,86.75,90.67,84.83,87.87,88.0,87.62
90,94,83,81,86,91,92,85,80,89,82,88,95,91,84,81,93,81,84,92,92,94,95,91,89,93,95,80,80,94,83,91,87,83,80,85,81,91,87,81,90,95,92,82,81,95,95,89.0,86.0,85.67,86.33,90.0,85.0,89.33,93.33,92.33,84.67,87.0,82.67,86.0,93.5,81.5,95.0,86.75,89.42,88.5,85.22,90.0,87.98
93,84,81,82,84,92,90,82,91,89,88,81,89,83,85,81,87,82,90,84,86,82,88,83,83,95,90,87,91,93,94,91,94,91,84,81,83,90,80,82,88,82,88,91,84,95,81,86.0,86.0,87.67,86.0,85.67,83.33,86.67,84.33,89.33,90.33,93.0,85.33,84.6,85.0,87.5,88.0,86.42,85.0,89.83,87.64,86.83,87.15
81,90,87,92,85,87,87,91,82,82,86,91,85,89,87,81,93,84,81,94,83,93,83,95,81,81,93,95,93,84,85,89,83,92,89,87,93,86,92,90,81,89,91,81,95,85,91,86.0,88.0,86.67,86.33,87.0,86.0,86.0,90.33,85.0,90.67,85.67,89.33,88.4,90.0,88.0,88.0,86.75,87.33,87.83,87.8,88.67,87.68
86,88,92,91,91,83,87,85,87,94,90,92,91,88,91,88,94,84,86,82,85,91,94,89,93,95,88,81,80,88,94,94,91,92,88,87,90,83,92,91,89,92,82,88,93,95,84,88.67,88.33,86.33,92.0,90.0,88.67,84.33,91.33,92.0,83.0,93.0,89.0,89.0,87.0,90.5,89.5,88.83,88.58,87.5,90.33,89.0,88.85
89,83,92,83,93,87,81,86,89,81,95,91,95,88,80,85,95,91,82,83,86,80,91,86,95,91,93,85,81,94,83,89,89,86,83,93,92,88,85,90,83,90,95,91,88,94,95,88.0,87.67,85.33,89.0,87.67,90.33,83.67,85.67,93.0,86.67,87.0,87.33,87.6,92.5,89.5,94.5,87.5,86.83,89.83,87.31,92.17,88.73
87,88,83,93,82,86,95,83,81,95,82,94,88,87,83,86,88,92,89,94,95,87,92,93,89,91,89,91,91,88,82,88,88,85,83,92,88,82,94,90,92,89,85,83,81,84,82,86.0,87.0,86.33,90.33,86.0,88.67,92.67,90.67,89.67,90.0,86.0,86.67,89.2,87.0,82.0,83.0,87.42,89.5,89.83,87.29,84.0,87.61
86,94,92,85,81,88,81,87,95,80,80,80,87,88,93,95,94,83,86,82,81,81,89,95,80,80,90,80,92,83,89,82,81,80,89,95,82,80,88,80,82,94,91,86,92,81,91,90.67,84.67,87.67,80.0,89.33,90.67,83.0,88.33,83.33,85.0,84.0,88.0,82.4,92.5,89.0,86.0,85.75,87.83,84.17,84.8,89.17,86.34
82,86,94,84,89,95,88,90,93,93,94,90,90,88,92,80,93,85,95,82,83,89,86,85,91,94,95,91,95,81,84,85,81,88,89,95,91,94,94,92,95,89,95,86,84,85,89,87.33,89.33,90.33,92.33,90.0,86.0,86.67,86.67,93.33,89.0,83.33,90.67,93.2,92.0,85.0,87.0,89.83,87.33,91.17,89.07,88.0,89.08
83,82,80,81,81,91,95,91,86,85,91,87,95,82,92,88,82,81,86,93,91,90,80,92,81,85,93,89,91,92,85,88,94,91,86,84,86,88,91,87,93,94,90,94,94,84,83,81.67,84.33,90.67,87.67,89.67,83.67,90.0,87.33,86.33,90.67,89.0,87.0,89.0,92.0,94.0,83.5,86.08,87.67,88.5,88.33,89.83,88.08
83,93,91,83,82,82,91,80,93,91,80,87,86,93,85,95,89,92,81,82,84,88,81,81,93,92,92,87,87,82,91,89,81,83,82,85,94,91,88,82,85,92,80,82,83,88,91,89.0,82.33,88.0,86.0,88.0,92.0,82.33,83.33,92.33,85.33,87.0,83.33,88.0,86.0,82.5,89.5,86.33,86.42,88.83,86.11,86.0,86.74
86,83,80,94,92,85,87,94,90,86,86,85,81,84,82,91,84,83,93,84,92,84,95,87,81,88,90,87,92,95,82,93,89,93,84,94,87,86,81,92,90,80,90,90,95,91,80,83.0,90.33,90.33,85.67,82.33,86.0,89.67,88.67,86.33,91.33,88.0,90.33,87.2,85.0,92.5,85.5,87.33,86.67,88.83,88.51,87.67,87.8
88,82,80,92,82,94,87,92,86,95,90,91,86,83,88,92,84,87,94,86,90,94,87,92,85,89,83,91,80,91,81,83,84,82,88,89,95,93,80,92,91,85,89,83,92,82,91,83.33,89.33,88.33,92.0,85.67,87.67,90.0,91.0,85.67,87.33,82.67,86.33,90.2,87.0,87.5,86.5,88.25,88.58,86.5,86.4,87.0,87.35
85,91,80,95,95,95,81,94,94,91,92,91,88,83,87,81,85,88,87,85,92,89,94,89,90,89,80,91,94,94,82,88,94,90,95,88,83,86,88,95,92,81,80,95,91,89,82,85.33,95.0,89.67,91.33,86.0,84.67,88.0,90.67,86.33,93.0,88.0,91.0,88.8,80.5,93.0,85.5,90.33,87.33,89.67,89.27,86.33,88.59
93,88,83,81,88,88,91,92,84,84,84,89,81,89,88,86,89,81,87,84,94,95,93,80,90,87,93,81,88,87,86,81,85,87,81,94,94,88,84,85,81,84,89,83,85,91,88,88.0,85.67,89.0,85.67,86.0,85.33,88.33,89.33,90.0,85.33,84.0,87.33,86.4,86.5,84.0,89.5,87.08,87.25,87.67,85.91,86.67,86.92
88,91,87,81,86,95,90,95,83,84,88,92,94,82,92,93,80,80,93,92,87,88,88,83,88,93,88,88,86,83,81,88,84,95,85,81,81,84,89,89,93,93,88,87,92,90,85,88.67,87.33,89.33,88.0,89.33,84.33,90.67,86.33,89.67,85.67,84.33,87.0,87.2,90.5,89.5,87.5,88.33,87.67,87.67,86.18,89.17,87.8
89,94,91,86,93,95,82,80,85,94,81,90,80,81,89,81,93,95,91,80,84,93,84,89,81,80,81,91,85,87,82,86,83,94,85,84,81,80,89,81,87,89,81,92,91,87,91,91.33,91.33,82.33,88.33,83.33,89.67,85.0,88.67,80.67,87.67,83.67,87.67,83.6,85.0,91.5,89.0,88.33,86.67,84.17,84.98,88.5,86.53
88,94,81,85,87,84,88,94,94,84,88,85,82,93,88,92,87,92,80,87,95,91,84,90,95,90,84,86,80,87,85,82,80,82,88,83,87,80,92,83,84,92,82,85,89,87,86,87.67,85.33,92.0,85.67,87.67,90.33,87.33,88.33,89.67,84.33,82.33,84.33,85.2,87.0,87.0,86.5,87.67,88.42,87.0,83.96,86.83,86.77
87,91,94,92,82,90,88,93,88,84,85,92,90,91,86,95,83,82,87,89,83,93,89,84,88,83,95,85,88,82,95,82,80,86,85,89,93,95,90,92,91,84,80,92,83,84,92,90.67,88.0,89.67,87.0,89.0,86.67,86.33,88.67,88.67,85.0,85.67,86.67,92.2,82.0,87.5,88.0,88.83,87.67,86.83,88.18,85.83,87.47
86,92,92,88,94,88,81,92,86,86,86,88,91,85,80,80,89,82,89,81,89,90,80,81,94,84,86,91,90,83,86,88,87,91,91,80,86,86,89,95,87,83,87,83,86,89,91,90.0,90.0,86.33,86.67,85.33,83.67,86.33,83.67,88.0,88.0,87.0,87.33,88.6,85.0,84.5,90.0,88.25,84.75,88.0,87.64,86.5,87.03
91,94,86,86,91,91,81,80,84,81,88,94,90,84,83,85,92,82,91,91,95,81,91,90,86,83,85,89,85,86,91,92,88,95,89,88,93,95,92,92,89,92,80,91,89,81,93,90.33,89.33,81.67,87.67,85.67,86.33,92.33,87.33,84.67,86.67,90.33,90.67,92.2,86.0,90.0,87.0,87.25,87.92,85.67,91.07,87.67,87.91
95,81,95,83,91,91,86,83,84,82,81,89,91,83,84,88,88,89,95,82,89,82,84,91,87,89,85,94,94,84,92,86,90,91,84,82,81,95,87,91,81,93,87,90,85,95,94,90.33,88.33,84.33,84.0,86.0,88.33,88.67,85.67,87.0,90.67,89.33,85.67,87.0,90.0,87.5,94.5,86.75,87.17,88.83,87.33,90.67,88.15
86,80,91,82,94,90,91,94,93,82,84,84,95,86,89,88,81,84,93,92,91,86,87,93,88,95,89,91,81,88,85,87,90,91,89,86,84,89,85,82,91,80,88,94,94,93,91,85.67,88.67,92.67,83.33,90.0,84.33,92.0,88.67,90.67,86.67,87.33,88.67,86.2,84.0,94.0,92.0,87.58,88.75,88.67,87.4,90.0,88.48
86,89,83,93,84,82,88,85,82,85,88,88,80,82,80,90,81,93,93,86,81,94,87,84,82,92,86,84,93,83,80,95,81,89,87,88,87,83,92,88,94,95,90,82,84,84,91,86.0,86.33,85.0,87.0,80.67,88.0,86.67,88.33,86.67,86.67,85.33,88.0,88.8,92.5,83.0,87.5,86.08,85.92,86.67,87.38,87.67,86.74
84,93,85,94,85,86,88,86,91,95,87,84,94,90,84,89,87,84,80,91,82,89,94,94,94,92,87,92,80,84,94,92,95,82,91,92,95,83,87,81,83,86,94,89,88,95,81,87.33,88.33,88.33,88.67,89.33,86.67,84.33,92.33,91.0,85.33,93.67,88.33,85.8,90.0,88.5,88.0,88.17,88.17,88.17,89.27,88.83,88.52
85,89,92,82,89,81,94,92,84,91,91,91,90,83,85,88,88,88,87,88,86,95,94,94,83,91,84,80,88,90,88,89,94,92,92,95,87,95,90,81,92,91,87,80,93,92,95,88.67,84.0,90.0,91.0,86.0,88.0,87.0,94.33,86.0,86.0,90.33,93.0,89.0,89.0,86.5,93.5,88.42,88.83,86.0,90.78,89.67,88.74
91,89,92,80,95,91,93,85,81,82,82,83,85,89,93,85,82,82,95,87,90,85,81,85,86,91,89,84,91,80,93,94,80,95,87,94,87,83,88,83,82,93,84,82,89,93,84,90.67,88.67,86.33,82.33,89.0,83.0,90.67,83.67,88.67,85.0,89.0,92.0,84.6,88.5,85.5,88.5,87.0,86.58,86.83,88.53,87.5,87.29
92,84,88,81,83,87,95,90,80,94,86,93,82,95,85,87,92,95,80,91,80,95,94,84,89,85,91,83,93,90,89,81,86,80,88,95,84,90,82,94,94,84,90,84,94,91,88,88.0,83.67,88.33,91.0,87.33,91.33,83.67,91.0,88.33,88.67,85.33,87.67,88.8,87.0,89.0,89.5,87.75,88.33,88.5,87.27,88.5,88.07
91,89,94,87,83,81,92,94,83,84,94,85,86,80,87,81,87,95,86,88,94,84,82,87,82,92,82,89,88,90,91,93,88,80,86,83,86,80,90,91,81,87,90,83,90,90,84,91.33,83.67,89.67,87.67,84.33,87.67,89.33,84.33,85.33,89.0,90.67,83.0,85.6,88.5,86.5,87.0,88.08,86.42,87.17,86.42,87.33,87.08
95,86,93,90,82,87,95,84,86,90,95,88,86,91,95,80,82,85,82,87,95,94,82,85,86,87,80,94,91,95,91,87,83,83,81,95,94,91,83,86,83,90,80,84,84,92,94,91.33,86.33,88.33,91.0,90.67,82.33,88.0,87.0,84.33,93.33,87.0,86.33,87.4,85.0,84.0,93.0,89.25,87.0,88.83,86.91,87.33,87.87
89,93,91,92,89,82,94,90,86,91,92,80,82,91,80,84,95,95,90,89,90,92,91,83,93,91,84,95,81,84,95,83,92,87,92,88,92,85,89,84,94,85,80,84,95,91,86,91.0,87.67,90.0,87.67,84.33,91.33,89.67,88.67,89.33,86.67,90.0,89.0,88.8,82.5,89.5,88.5,89.08,88.5,88.0,89.27,86.83,88.34
81,86,83,82,83,94,85,91,94,86,84,86,81,83,84,88,95,95,81,90,80,83,94,92,93,87,90,83,89,81,85,91,83,95,88,92,84,95,93,91,95,85,88,87,84,91,90,83.33,86.33,90.0,85.33,82.67,92.67,83.67,89.67,90.0,84.33,86.33,91.67,91.6,86.5,85.5,90.5,86.25,87.17,87.17,89.87,87.5,87.59
84,83,89,84,89,95,87,93,83,81,87,93,90,86,84,89,83,94,87,94,83,90,85,95,84,81,92,94,93,95,83,80,90,92,86,91,83,87,80,91,91,89,82,95,82,85,91,85.33,89.33,87.67,87.0,86.67,88.67,88.0,90.0,85.67,94.0,84.33,89.67,86.4,85.5,88.5,88.0,87.33,88.33,89.83,86.8,87.33,87.93
88,89,83,95,90,83,90,91,81,95,82,91,86,80,84,90,89,92,88,89,81,88,81,92,85,91,87,88,88,94,90,95,87,80,83,90,90,94,81,81,90,89,85,81,88,80,94,86.67,89.33,87.33,89.33,83.33,90.33,86.0,87.0,87.67,90.0,90.67,84.33,87.2,87.0,84.5,87.0,88.17,86.67,88.83,87.4,86.17,87.45
94,88,95,81,92,84,83,93,84,92,92,80,93,91,82,92,85,94,82,92,86,95,80,85,95,95,89,93,90,94,88,86,80,91,91,90,86,82,93,95,87,81,89,83,90,85,90,92.33,85.67,86.67,88.0,88.67,90.33,86.67,86.67,93.0,92.33,84.67,90.67,88.6,85.0,86.5,87.5,88.17,88.08,92.67,87.98,86.33,88.65
91,86,85,94,81,86,94,87,80,85,81,85,87,80,84,92,92,94,89,83,90,82,86,91,87,80,92,95,86,81,80,94,92,94,91,93,80,91,95,85,85,92,88,87,94,90,87,87.33,87.0,87.0,83.67,83.67,92.67,87.33,86.33,86.33,87.33,88.67,92.67,87.2,90.0,90.5,88.5,86.25,87.5,86.83,89.51,89.67,87.95
95,84,85,81,84,95,89,83,91,82,81,92,95,90,87,85,80,84,86,80,91,85,85,85,87,84,80,93,90,86,82,94,83,82,89,88,80,83,94,82,87,84,81,94,81,93,86,88.0,86.67,87.67,85.0,90.67,83.0,85.67,85.0,83.67,89.67,86.33,86.33,85.2,82.5,87.5,89.5,86.83,86.08,86.67,85.96,86.5,86.41
95,89,89,80,84,86,94,83,81,81,84,94,85,94,93,89,92,86,83,92,94,86,86,88,93,94,86,88,87,84,84,90,85,82,93,93,84,89,91,94,94,88,91,88,91,95,87,91.0,83.33,86.0,86.33,90.67,89.0,89.67,86.67,91.0,86.33,86.33,89.33,90.4,89.5,89.5,91.0,86.67,89.0,88.67,88.69,90.0,88.6
85,86,89,95,95,92,89,84,83,91,91,92,85,92,90,94,87,81,81,86,93,84,95,86,84,90,83,94,90,80,82,89,81,86,88,85,94,86,95,82,86,85,86,80,80,86,85,86.67,94.0,85.33,91.33,89.0,87.33,86.67,88.33,85.67,88.0,84.0,86.33,88.6,85.5,80.0,85.5,89.33,87.83,86.83,86.31,83.67,86.8
94,95,87,89,80,94,86,86,89,93,83,80,89,87,88,91,91,87,82,85,88,83,84,89,94,94,81,83,88,84,92,94,84,81,91,87,80,81,88,82,89,91,80,84,88,84,80,92.0,87.67,87.0,85.33,88.0,89.67,85.0,85.33,89.67,85.0,90.0,86.33,84.0,85.5,86.0,82.0,88.0,87.0,87.33,86.78,84.5,86.72
90,86,86,87,92,85,88,92,88,80,87,91,95,91,85,93,85,91,88,89,88,93,80,95,84,87,91,81,92,80,91,86,85,93,90,95,94,86,94,85,85,92,82,91,88,84,94,87.33,88.0,89.33,86.0,90.33,89.67,88.33,89.33,87.33,84.33,87.33,92.67,88.8,87.0,89.5,89.0,87.67,89.42,85.83,89.6,88.5,88.2
82,81,80,93,95,83,83,86,82,92,95,91,82,80,85,84,92,82,84,91,86,94,92,94,92,94,93,89,81,93,89,88,83,81,84,80,89,94,80,94,89,90,92,80,86,90,95,81.0,90.33,83.67,92.67,82.33,86.0,87.0,93.33,93.0,87.67,86.67,81.67,89.2,91.0,83.0,92.5,86.92,87.17,90.33,85.84,88.83,87.82
95,90,95,87,91,93,92,87,82,84,81,84,89,91,95,88,94,93,85,90,84,94,86,89,87,88,89,86,86,85,91,94,95,94,87,92,80,83,94,91,93,86,86,90,92,82,80,93.33,90.33,87.0,83.0,91.67,91.67,86.33,89.67,88.0,85.67,93.33,91.0,88.2,86.0,91.0,81.0,88.42,89.83,86.83,90.84,86.0,88.39
85,91,82,89,81,83,91,88,92,90,85,87,91,94,93,91,91,82,89,90,91,93,83,88,93,82,94,92,82,85,80,80,83,80,95,86,93,87,89,85,95,87,80,90,93,87,80,86.0,84.33,90.33,87.33,92.67,88.0,90.0,88.0,89.67,86.33,81.0,87.0,89.8,83.5,91.5,83.5,87.0,89.67,88.0,85.93,86.17,87.35
94,93,83,89,95,93,81,93,82,95,85,93,88,85,83,89,90,87,84,90,90,80,89,95,81,86,85,93,91,81,83,83,85,82,84,95,86,88,81,95,81,86,86,84,89,89,89,90.0,92.33,85.33,91.0,85.33,88.67,88.0,88.0,84.0,88.33,83.67,87.0,86.2,86.0,86.5,89.0,89.67,87.5,86.17,85.62,87.17,87.22
85,80,87,86,85,85,80,91,89,86,95,83,87,84,87,91,80,92,92,82,88,85,94,95,88,91,84,84,85,85,91,83,84,80,80,94,81,90,83,82,83,81,95,80,83,90,90,84.0,85.33,86.67,88.0,86.0,87.67,87.33,91.33,87.67,84.67,86.0,84.67,83.8,88.0,81.5,90.0,86.0,88.08,86.17,84.82,86.5,86.31
81,86,93,93,93,89,88,84,89,88,80,85,89,95,85,93,85,82,80,80,86,88,88,87,84,86,93,83,95,86,82,91,93,93,91,85,80,93,92,88,89,84,85,95,81,90,94,86.67,91.67,87.0,84.33,89.67,86.67,82.0,87.67,87.67,88.0,88.67,89.67,88.4,84.5,88.0,92.0,87.42,86.5,87.83,88.91,88.17,87.77
87,91,93,89,88,88,81,93,90,83,85,80,89,94,87,88,92,84,90,94,91,93,90,85,81,84,90,81,94,90,90,82,84,94,90,84,81,80,84,82,83,93,92,90,91,81,94,90.33,88.33,88.0,82.67,90.0,88.0,91.67,89.33,85.0,88.33,85.33,89.33,82.0,92.5,90.5,87.5,87.33,89.75,86.67,85.56,90.17,87.89
84,82,94,81,92,95,92,84,90,85,89,84,82,84,91,81,87,83,82,93,85,90,80,84,90,94,87,84,86,88,93,89,82,80,80,90,89,95,92,81,89,89,84,93,87,83,83,86.67,89.33,88.67,86.0,85.67,83.67,86.67,84.67,90.33,86.0,88.0,83.33,89.2,86.5,90.0,83.0,87.67,85.17,88.17,86.84,86.5,86.87
95,91,85,84,87,94,84,80,90,81,87,95,92,94,82,92,80,85,80,86,93,81,94,93,85,90,86,91,86,84,84,92,81,93,82,95,80,84,90,82,89,95,87,95,91,91,85,90.33,88.33,84.67,87.67,89.33,85.67,86.33,89.33,87.0,87.0,85.67,90.0,85.0,91.0,93.0,88.0,87.75,87.67,87.0,86.89,90.67,87.99
87,94,90,92,94,82,88,81,83,81,94,81,95,95,87,91,84,83,93,82,80,86,95,92,92,82,88,88,81,82,91,87,95,84,85,92,91,88,91,83,81,92,85,85,80,90,94,90.33,89.33,84.0,85.33,92.33,86.0,85.0,91.0,87.33,83.67,91.0,87.0,86.8,88.5,82.5,92.0,87.25,88.58,85.5,88.27,87.67,87.45
84,83,83,87,90,82,87,83,80,88,86,94,81,81,84,88,88,86,84,84,92,85,81,87,90,93,94,80,89,85,90,95,83,88,86,87,83,89,85,86,92,85,87,81,88,90,92,83.33,86.33,83.33,89.33,82.0,87.33,86.67,84.33,92.33,84.67,89.33,87.0,87.0,86.0,84.5,91.0,85.58,85.08,88.5,87.78,87.17,86.82
92,88,84,80,91,88,93,84,94,85,87,91,86,89,80,80,90,84,94,87,94,88,85,88,95,85,87,87,86,91,91,87,93,80,83,94,83,92,92,90,84,90,89,85,90,88,84,88.0,86.33,90.33,87.67,85.0,84.67,91.67,87.0,89.0,88.0,90.33,85.67,88.2,89.5,87.5,86.0,88.08,87.08,88.5,88.07,87.67,87.88
87,89,81,95,83,92,90,89,86,95,87,86,93,95,93,94,81,92,89,92,83,81,94,84,89,85,85,89,92,86,93,84,82,85,89,95,82,90,87,88,86,91,95,85,94,82,81,85.67,90.0,88.33,89.33,93.67,89.0,88.0,86.33,86.33,89.0,86.33,89.67,86.6,93.0,89.5,81.5,88.33,89.25,87.67,87.53,88.0,88.16
93,92,94,89,84,95,82,93,81,82,95,87,94,94,94,87,89,84,83,82,80,94,83,86,84,88,81,80,86,92,89,92,80,90,92,91,91,93,93,87,80,89,86,91,82,90,80,93.0,89.33,85.33,88.0,94.0,86.67,81.67,87.67,84.33,86.0,87.0,91.0,88.8,87.5,86.5,85.0,88.92,87.5,85.17,88.93,86.33,87.37
83,90,81,91,93,85,89,82,86,89,86,81,95,89,92,88,85,92,92,81,87,95,91,81,91,94,91,90,80,95,87,88,89,86,83,84,86,91,82,84,84,86,86,86,91,85,93,84.67,89.67,85.67,85.33,92.0,88.33,86.67,89.0,92.0,88.33,88.0,84.33,85.4,86.0,88.5,89.0,86.33,89.0,90.17,85.91,87.83,87.85
87,86,95,83,92,89,84,89,90,94,88,91,90,89,84,90,84,94,95,83,94,93,88,94,80,84,91,84,93,91,82,89,89,84,86,90,91,92,92,82,91,81,82,94,83,85,85,89.33,88.0,87.67,91.0,87.67,89.33,90.67,91.67,85.0,89.33,86.67,86.67,89.6,81.5,88.5,85.0,89.0,89.83,87.17,87.64,85.0,87.73
80,85,85,81,94,90,87,84,95,85,86,91,94,87,94,86,92,92,93,88,93,88,80,88,83,88,90,82,92,95,88,91,84,81,85,94,86,93,83,93,86,91,94,85,92,89,92,83.33,88.33,88.67,87.33,91.67,90.0,91.33,85.33,87.0,89.67,87.67,86.67,88.2,92.5,88.5,90.5,86.92,89.58,88.33,87.51,90.5,88.57
91,86,85,86,80,82,92,84,81,89,93,95,85,84,94,88,83,89,89,92,89,81,90,94,87,87,95,82,89,89,87,92,91,94,80,88,93,91,89,94,86,91,86,84,94,88,92,87.33,82.67,85.67,92.33,87.67,86.67,90.0,88.33,89.67,86.67,90.0,87.33,90.6,88.5,89.0,90.0,87.0,88.17,88.17,89.31,89.17,88.36
91,93,86,90,84,94,87,81,84,86,94,81,86,95,94,84,91,86,90,91,84,92,85,87,88,92,84,94,92,86,95,92,82,95,80,94,88,81,85,86,82,84,93,95,90,92,80,90.0,89.33,84.0,87.0,91.67,87.0,88.33,88.0,88.0,90.67,89.67,89.67,84.4,88.5,92.5,86.0,87.58,88.75,89.33,87.91,89.0,88.52
87,88,83,88,95,95,81,85,81,91,95,92,88,83,90,92,84,85,91,91,84,84,92,95,88,92,95,86,88,82,91,90,81,89,94,80,82,95,84,84,82,89,91,92,87,82,92,86.0,92.67,82.33,92.67,87.0,87.0,88.67,90.33,91.67,85.33,87.33,87.67,85.4,90.0,89.5,87.0,88.42,88.25,88.5,86.8,88.83,88.16
88,81,95,82,95,91,94,80,91,84,81,82,80,80,84,84,82,81,87,88,88,87,95,92,91,88,91,84,95,86,87,81,80,92,80,95,84,89,93,87,84,80,90,87,88,94,83,88.0,89.33,88.33,82.33,81.33,82.33,87.67,91.33,90.0,88.33,82.67,89.0,87.4,85.0,87.5,88.5,87.0,85.67,89.17,86.36,87.0,87.04
81,90,82,83,91,94,80,87,81,84,87,87,82,85,83,83,94,88,92,90,94,82,82,87,93,83,81,85,85,91,84,93,91,94,81,95,81,87,91,92,82,94,82,85,80,87,93,84.33,89.33,82.67,86.0,83.33,88.33,92.0,83.67,85.67,87.0,89.33,90.0,86.6,88.0,82.5,90.0,85.58,86.83,86.33,88.64,86.83,86.85
82,88,83,88,89,82,90,80,80,91,95,88,90,82,90,89,89,80,92,90,81,88,83,84,89,92,90,85,83,94,89,89,88,94,88,87,90,82,94,81,89,80,93,81,82,89,93,84.33,86.33,83.33,91.33,87.33,86.0,87.67,85.0,90.33,87.33,88.67,89.67,87.2,86.5,81.5,91.0,86.33,86.5,88.83,88.51,86.33,87.3
83,86,88,87,85,89,92,92,93,92,84,85,87,95,86,90,85,83,88,80,86,80,80,87,81,92,90,90,86,90,86,86,86,85,84,82,84,81,93,92,90,81,88,93,93,94,94,85.67,87.0,92.33,87.0,89.33,86.0,84.67,82.33,87.67,88.67,86.0,83.67,88.0,84.5,93.0,94.0,88.0,85.58,88.17,85.89,90.5,87.63
95,85,82,80,94,82,85,84,80,95,84,88,94,92,80,85,93,94,95,92,89,90,83,89,87,85,93,90,92,85,94,95,92,81,94,90,93,91,88,88,85,95,83,82,89,82,89,87.33,85.33,83.0,89.0,88.67,90.67,92.0,87.33,88.33,89.0,93.67,88.33,89.0,89.0,85.5,85.5,86.17,89.67,88.67,90.33,86.67,88.3
92,91,93,87,91,87,89,81,83,88,82,81,82,91,83,91,87,92,91,89,80,82,88,87,84,84,88,89,86,89,88,92,88,93,91,82,88,85,86,81,82,87,94,87,93,87,87,92.0,88.33,84.33,83.67,85.33,90.0,86.67,85.67,85.33,88.0,89.33,88.67,84.4,90.5,90.0,87.0,87.08,86.92,86.67,87.47,89.17,87.46
85,85,95,93,85,93,88,95,94,80,92,89,92,87,83,80,90,90,88,80,95,80,91,85,87,88,94,88,90,92,83,83,90,90,86,92,83,91,84,89,86,84,89,86,85,95,95,88.33,90.33,92.33,87.0,87.33,86.67,87.67,85.33,89.67,90.0,85.33,89.33,86.6,86.5,85.5,95.0,89.5,86.75,89.83,87.09,89.0,88.43
93,90,94,90,87,91,89,91,92,89,89,95,84,90,92,94,80,92,94,84,88,95,87,81,91,81,92,89,87,85,89,85,81,88,87,95,90,94,95,95,90,93,82,88,85,86,83,92.33,89.33,90.67,91.0,88.67,88.67,88.67,87.67,88.0,87.0,85.0,90.0,92.8,87.5,86.5,84.5,90.83,88.42,87.5,89.27,86.17,88.44
81,86,89,93,94,92,93,94,94,95,82,81,87,92,88,91,84,89,81,83,86,92,91,82,94,93,95,90,84,87,88,84,84,81,86,94,94,83,88,81,94,90,87,82,92,86,93,85.33,93.0,93.67,86.0,89.0,88.0,83.33,88.33,94.0,87.0,85.33,87.0,88.0,88.5,87.0,89.5,89.5,87.17,90.5,86.78,88.33,88.46
94,85,82,92,92,83,84,89,92,94,88,87,92,86,87,94,88,86,95,95,93,88,85,85,80,83,93,85,94,94,92,92,88,88,86,89,89,89,88,91,95,95,95,91,80,83,88,87.0,89.0,88.33,89.67,88.33,89.33,94.33,86.0,85.33,91.0,90.67,87.67,90.4,95.0,85.5,85.5,88.5,89.5,88.17,89.58,88.67,88.88
86,81,83,95,81,85,83,94,93,87,86,81,81,87,80,86,87,83,87,89,88,90,86,85,90,89,88,81,80,91,92,80,92,94,87,84,92,83,93,93,95,84,83,90,80,85,81,83.33,87.0,90.0,84.67,82.67,85.33,88.0,87.0,89.0,84.0,88.0,88.33,91.2,83.5,85.0,83.0,86.25,85.75,86.5,89.18,83.83,86.3
95,85,91,92,81,88,82,84,94,83,94,93,86,94,90,92,82,94,85,82,88,85,87,93,85,84,84,85,94,91,92,84,87,91,86,82,93,91,81,88,85,80,83,90,94,86,84,90.33,87.0,86.67,90.0,90.0,89.33,85.0,88.33,84.33,90.0,87.67,86.33,87.6,81.5,92.0,85.0,88.5,88.17,87.17,87.2,86.17,87.44
80,84,90,82,90,93,81,93,87,81,81,87,95,88,92,81,94,81,92,89,94,83,88,95,92,87,83,89,81,82,85,84,92,90,87,91,91,86,92,92,89,88,81,82,84,94,90,84.67,88.33,87.0,83.0,91.67,85.33,91.67,88.67,87.33,84.0,87.0,89.33,90.0,84.5,83.0,92.0,85.75,89.33,85.67,88.78,86.5,87.21
93,95,94,87,81,86,93,81,82,94,92,83,88,90,80,92,81,83,80,92,91,80,93,82,94,95,95,80,94,82,88,95,93,84,81,94,91,84,92,95,87,81,90,95,83,81,86,94.0,84.67,85.33,89.67,86.0,85.33,87.67,85.0,94.67,85.33,92.0,86.33,89.8,85.5,89.0,83.5,88.42,86.0,90.0,89.38,86.0,87.96
82,82,88,82,83,84,93,92,86,93,82,85,84,94,92,88,80,92,91,93,86,82,92,87,87,93,84,88,91,95,84,94,81,80,82,86,95,85,86,80,88,84,88,95,80,94,85,84.0,83.0,90.33,86.67,90.0,86.67,90.0,87.0,88.0,91.33,86.33,82.67,86.8,86.0,87.5,89.5,86.0,88.42,89.67,85.27,87.67,87.4
82,82,82,84,93,91,80,87,95,85,89,80,94,86,92,82,80,85,95,88,85,91,87,94,93,89,82,81,83,81,87,92,86,94,89,81,84,83,84,81,90,89,85,83,81,87,94,82.0,89.33,87.33,84.67,90.67,82.33,89.33,90.67,88.0,81.67,88.33,88.0,84.4,87.0,82.0,90.5,85.83,88.25,84.83,86.91,86.5,86.47
85,85,83,86,92,89,83,87,87,91,89,83,90,90,86,80,87,95,91,89,90,95,89,82,93,87,92,95,84,88,92,86,89,82,83,80,93,82,80,87,94,91,88,89,95,94,90,84.33,89.0,85.67,87.67,88.67,87.33,90.0,88.67,90.67,89.0,89.0,81.67,87.2,89.5,92.0,92.0,86.67,88.67,89.83,85.96,91.17,88.46
82,89,86,92,80,82,91,94,95,80,87,95,86,90,80,86,85,93,87,88,86,90,81,93,91,93,94,93,89,93,92,88,81,83,81,92,92,87,94,94,85,93,89,83,92,85,90,85.67,84.67,93.33,87.33,85.33,88.0,87.0,88.0,92.67,91.67,87.0,85.33,90.4,91.0,87.5,87.5,87.75,87.08,92.17,87.58,88.67,88.65
94,80,89,85,87,82,87,86,80,81,90,86,85,89,91,93,86,88,95,82,91,89,86,81,90,84,80,87,82,91,92,87,86,94,84,88,82,90,90,89,95,84,93,80,94,88,91,87.67,84.67,84.33,85.67,88.33,89.0,89.33,85.33,84.67,86.67,88.33,88.67,89.2,88.5,87.0,89.5,85.58,88.0,85.67,88.73,88.33,87.26
89,94,92,85,85,94,93,82,86,89,82,94,91,94,92,80,91,88,84,80,83,87,82,95,92,91,80,90,82,85,80,90,88,84,93,81,92,86,93,85,92,81,88,83,91,81,90,91.67,88.0,87.0,88.33,92.33,86.33,82.33,88.0,87.67,85.67,86.0,86.0,89.6,84.5,87.0,85.5,88.75,87.25,86.67,87.2,85.67,87.11
86,94,89,87,87,92,89,91,92,89,88,94,84,85,83,92,82,83,80,94,85,91,95,88,95,88,81,95,92,83,92,81,81,85,86,90,85,86,82,88,84,90,84,92,89,82,80,89.67,88.67,90.67,90.33,84.0,85.67,86.33,91.33,88.0,90.0,84.67,87.0,85.0,87.0,90.5,81.0,89.83,86.83,89.0,85.56,86.17,87.48
93,95,83,92,92,82,90,85,90,91,92,82,82,95,93,80,87,89,86,89,94,82,87,84,84,82,91,85,88,83,95,87,89,89,85,89,91,94,91,91,88,95,87,89,84,86,94,90.33,88.67,88.33,88.33,90.0,85.33,89.67,84.33,85.67,85.33,90.33,87.67,91.0,91.0,86.5,90.0,88.92,87.33,85.5,89.67,89.17,88.12
92,80,95,92,93,83,88,85,85,89,86,92,90,80,93,88,91,93,92,92,88,93,86,94,84,90,83,91,88,88,81,82,82,88,91,90,90,83,81,89,95,92,86,82,82,93,87,89.0,89.33,86.0,89.0,87.67,90.67,90.67,91.0,85.67,89.0,81.67,89.67,87.6,89.0,82.0,90.0,88.33,90.0,87.33,86.31,87.0,87.8
94,93,90,91,85,80,84,84,87,90,85,83,87,90,82,82,85,87,80,91,82,86,92,81,93,92,86,89,85,82,83,86,95,93,81,82,85,80,92,95,89,84,85,86,90,87,83,92.33,85.33,85.0,86.0,86.33,84.67,84.33,86.33,90.33,85.33,88.0,85.33,88.2,84.5,88.0,85.0,87.17,85.42,87.83,87.18,85.83,86.69
89,87,94,90,95,94,95,87,81,93,93,95,91,94,91,80,81,86,87,94,89,92,91,88,89,86,80,92,95,82,91,93,88,85,91,89,80,80,92,89,90,81,95,83,86,84,81,90.0,93.0,87.67,93.67,92.0,82.33,90.0,90.33,85.0,89.67,90.67,88.33,86.2,88.0,84.5,82.5,91.08,88.67,87.33,88.4,85.0,88.1
80,94,84,86,82,95,85,93,86,90,89,95,81,91,80,85,89,81,95,87,92,92,83,95,80,89,83,87,84,80,81,80,88,80,81,81,93,87,81,86,89,87,90,95,90,86,91,86.0,87.67,88.0,91.33,84.0,85.0,91.33,90.0,84.0,83.67,83.0,80.67,87.2,88.5,92.5,88.5,88.25,87.58,83.83,83.62,89.83,86.62
93,94,87,95,91,80,93,90,90,89,84,84,94,81,91,81,94,89,88,91,85,87,81,94,86,90,81,95,88,84,88,95,90,92,87,80,83,81,86,95,95,90,85,85,80,88,84,91.33,88.67,91.0,85.67,88.67,88.0,88.0,87.33,85.67,89.0,91.0,86.33,88.0,87.5,82.5,86.0,89.17,88.0,87.33,88.44,85.33,87.66
81,84,94,88,83,85,80,92,90,82,95,86,80,88,80,82,84,93,89,92,94,91,87,88,82,92,84,88,81,91,82,91,90,82,92,87,83,83,83,84,90,83,80,81,82,85,87,86.33,85.33,87.33,87.67,82.67,86.33,91.67,88.67,86.0,86.67,87.67,87.0,84.6,81.5,81.5,86.0,86.67,87.33,86.33,86.42,83.0,85.95
88,91,86,84,84,83,94,86,95,92,94,84,82,89,93,93,81,89,82,87,92,95,86,89,87,86,85,87,87,95,83,95,85,83,85,94,88,94,85,86,88,95,94,90,93,86,86,88.33,83.67,91.67,90.0,88.0,87.67,87.0,90.0,86.0,89.67,87.67,87.33,88.2,94.5,91.5,86.0,88.42,88.17,87.83,87.73,90.67,88.56
92,93,91,83,85,85,87,94,84,80,92,81,85,94,93,93,94,88,90,90,87,93,82,85,85,85,85,80,86,80,90,84,91,94,80,80,92,80,83,85,84,93,87,84,84,91,86,92.0,84.33,88.33,84.33,90.67,91.67,89.0,86.67,85.0,82.0,88.33,84.67,84.8,90.0,84.0,88.5,87.25,89.5,83.5,85.93,87.5,86.74
91,86,94,83,89,95,84,91,86,90,87,94,83,82,94,95,91,81,86,90,86,82,95,85,95,84,81,85,83,90,85,82,92,81,84,83,93,85,80,89,87,91,90,82,90,80,92,90.33,89.0,87.0,90.33,86.33,89.0,87.33,87.33,86.67,86.0,86.33,82.67,86.8,90.5,86.0,86.0,89.17,87.5,86.33,85.27,87.5,87.15
85,91,80,90,82,90,88,91,87,90,82,84,94,92,90,86,85,83,83,95,95,95,95,87,89,90,82,80,82,85,80,93,81,80,93,85,84,91,85,87,81,84,95,94,82,92,95,85.33,87.33,88.67,85.33,92.0,84.67,91.0,92.33,87.0,82.33,84.67,86.0,85.6,89.5,88.0,93.5,86.67,90.0,84.67,85.42,90.33,87.42
82,80,82,88,84,93,85,84,92,92,93,87,95,95,94,80,81,86,90,92,80,82,80,83,90,86,91,88,81,81,83,91,82,81,91,88,83,87,88,85,95,89,82,80,95,86,81,81.33,88.33,87.0,90.67,94.67,82.33,87.33,81.67,89.0,83.33,85.33,86.67,87.6,85.5,87.5,83.5,86.83,86.5,86.17,86.53,85.5,86.31
95,89,80,81,89,91,85,86,86,87,86,80,94,94,95,94,90,89,95,89,81,81,87,82,88,94,85,91,88,89,81,93,84,91,86,94,84,87,94,86,82,94,80,95,80,95,85,88.0,87.0,85.67,84.33,94.33,91.0,88.33,83.33,89.0,89.33,86.0,90.33,86.6,87.0,87.5,90.0,86.25,89.25,89.17,87.64,88.17,88.1
89,81,91,93,87,90,94,86,82,83,91,91,86,89,91,83,91,82,85,95,83,95,88,94,86,94,87,81,94,87,82,85,80,94,90,84,94,89,83,95,94,95,86,89,86,81,81,87.0,90.0,87.33,88.33,88.67,85.33,87.67,92.33,89.0,87.33,82.33,89.33,91.0,90.5,87.5,81.0,88.17,88.5,88.17,87.56,86.33,87.74
88,89,95,88,88,90,82,81,81,84,95,82,95,93,88,92,88,94,92,94,80,87,89,93,86,83,89,85,91,91,92,87,90,88,80,92,87,92,82,90,82,81,90,93,91,92,91,90.67,88.67,81.33,87.0,92.0,91.33,88.67,89.67,86.0,89.0,89.67,86.67,86.6,85.5,92.0,91.5,86.92,90.42,87.5,87.64,89.67,88.43
87,91,92,88,93,92,90,83,80,80,87,91,88,85,87,84,86,90,91,89,80,91,90,92,80,81,88,92,85,81,80,81,93,90,85,85,87,82,95,94,84,80,81,86,86,88,95,90.0,91.0,84.33,86.0,86.67,86.67,86.67,91.0,83.0,86.0,84.67,86.67,88.4,80.5,86.0,91.5,87.83,87.75,84.5,86.58,86.0,86.53
84,84,81,87,88,92,88,83,85,90,93,90,86,81,91,80,87,93,93,86,88,84,84,91,80,93,82,88,84,82,82,82,87,84,87,91,84,87,92,95,83,86,81,81,84,92,88,83.0,89.0,85.33,91.0,86.0,86.67,89.0,86.33,85.0,84.67,83.67,87.33,88.2,83.5,82.5,90.0,87.08,87.0,84.83,86.4,85.33,86.13
88,81,89,93,80,94,89,94,81,95,83,93,81,80,84,89,88,95,84,82,84,95,93,91,94,83,89,95,91,86,95,90,89,80,88,86,87,86,86,80,84,80,88,92,85,89,83,86.0,89.0,88.0,90.33,81.67,90.67,83.33,93.0,88.67,90.67,91.33,84.67,84.6,84.0,88.5,86.0,88.33,87.17,89.67,86.87,86.17,87.64
94,81,85,95,86,94,89,86,88,91,81,95,85,91,85,85,83,85,95,95,83,80,94,83,88,95,85,90,82,82,80,87,82,89,87,91,88,80,92,95,91,92,80,82,86,89,83,86.67,91.67,87.67,89.0,87.0,84.33,91.0,85.67,89.33,84.67,83.0,89.0,89.2,86.0,84.0,86.0,88.75,87.0,87.0,87.07,85.33,87.03
89,84,90,90,82,87,91,81,93,94,84,81,81,86,88,87,81,85,83,86,80,94,91,92,90,95,91,86,88,95,83,87,84,85,91,87,86,82,87,81,80,85,81,93,89,84,94,87.67,86.33,88.33,86.33,85.0,84.33,83.0,92.33,92.0,89.67,84.67,87.67,83.2,83.0,91.0,89.0,87.17,86.17,90.83,85.18,87.67,87.4
90,83,88,86,83,90,90,82,88,84,83,82,92,86,87,85,83,85,89,85,91,88,80,94,90,84,95,85,91,91,82,94,82,95,83,90,88,89,86,88,90,88,89,81,95,85,80,87.0,86.33,86.67,83.0,88.33,84.33,88.33,87.33,89.67,89.0,86.0,89.33,88.2,88.5,88.0,82.5,85.75,87.08,89.33,87.84,86.33,87.27
82,85,83,92,89,89,83,94,92,83,89,90,83,87,88,90,87,88,93,87,87,82,88,86,94,91,87,93,90,89,93,95,83,80,91,80,90,95,84,93,81,94,88,89,84,95,87,83.33,90.0,89.67,87.33,86.0,88.33,89.0,85.33,90.67,90.67,90.33,83.67,88.6,91.0,86.5,91.0,87.58,87.17,90.67,87.53,89.5,88.49
85,83,94,89,86,82,90,94,93,91,81,86,90,86,92,85,95,81,88,91,82,92,85,80,92,88,95,83,81,82,91,92,87,92,81,92,80,86,86,93,88,91,89,88,82,89,85,87.33,85.67,92.33,86.0,89.33,87.0,87.0,85.67,91.67,82.0,90.0,88.33,86.6,90.0,85.0,87.0,87.83,87.25,86.83,88.31,87.33,87.51
80,82,90,93,93,83,80,85,93,86,80,95,88,87,90,88,91,88,83,82,88,86,90,90,84,85,90,87,82,93,88,86,82,92,84,87,87,87,83,88,92,88,91,89,95,85,80,84.0,89.67,86.0,87.0,88.33,89.0,84.33,88.67,86.33,87.33,85.33,87.67,87.4,89.5,92.0,82.5,86.67,87.58,86.83,86.8,88.0,87.18
87,85,85,81,92,83,85,94,83,90,83,91,82,85,93,93,85,92,87,92,85,85,90,94,94,80,83,82,91,81,86,83,92,90,91,83,94,87,85,90,90,90,91,80,84,88,94,85.67,85.33,87.33,88.0,86.67,90.0,88.0,89.67,85.67,84.67,87.0,88.0,89.2,90.5,82.0,91.0,86.58,88.58,85.17,88.07,87.83,87.25
81,85,85,89,86,92,93,87,88,94,91,83,87,85,86,88,95,94,81,92,82,82,85,86,95,82,94,84,82,80,87,95,81,80,85,92,85,84,90,80,87,94,94,95,91,81,94,83.67,89.0,89.33,89.33,86.0,92.33,85.0,84.33,90.33,82.0,87.67,85.67,85.2,94.0,93.0,87.5,87.83,86.92,86.17,86.18,91.5,87.72
85,88,89,81,87,89,84,90,86,82,80,87,81,90,88,92,95,88,92,93,81,84,91,86,83,83,80,92,87,85,91,83,82,81,89,84,93,93,86,94,81,82,84,89,94,83,80,87.33,85.67,86.67,83.0,86.33,91.67,88.67,87.0,82.0,88.0,85.33,84.67,89.4,83.0,91.5,81.5,85.67,88.42,85.0,86.47,85.33,86.18
92,82,80,87,80,95,86,82,81,94,92,81,80,92,94,81,83,80,82,90,91,92,93,91,95,88,89,82,87,95,81,87,86,91,85,95,89,82,84,95,90,93,92,89,95,86,94,84.67,87.33,83.0,89.0,88.67,81.33,87.67,92.0,90.67,88.0,84.67,90.33,88.0,92.5,92.0,90.0,86.0,87.42,89.33,87.67,91.5,88.38
92,94,87,94,89,91,82,89,87,88,94,87,85,95,88,92,87,83,86,94,82,84,95,83,88,91,80,82,86,93,85,82,91,80,85,95,88,91,86,95,80,94,95,90,87,90,80,91.0,91.33,86.0,89.67,89.33,87.33,87.33,87.33,86.33,87.0,86.0,86.67,88.0,94.5,88.5,85.0,89.5,87.83,86.67,86.89,89.33,88.04
89,90,81,92,82,93,84,86,81,95,84,86,80,85,89,89,93,87,88,84,90,95,95,88,92,92,84,80,90,88,95,85,94,80,82,87,86,93,86,81,90,95,84,80,88,85,92,86.67,89.0,83.67,88.33,84.67,89.67,87.33,92.67,89.33,86.0,91.33,83.0,87.2,89.5,84.0,88.5,86.92,88.58,87.67,87.18,87.33,87.54
91,84,85,83,90,83,91,86,91,93,95,87,81,93,85,82,83,82,82,80,91,91,87,82,81,86,82,90,88,87,91,82,81,87,91,95,81,89,94,86,95,94,80,88,91,87,80,86.67,85.33,89.33,91.67,86.33,82.33,84.33,86.67,83.0,88.33,84.67,91.0,89.0,87.0,89.5,83.5,88.25,84.92,85.67,88.22,86.67,86.74
92,87,89,86,86,95,83,84,84,81,80,84,82,80,84,91,93,84,93,94,84,95,91,83,88,80,87,86,87,84,86,86,85,86,83,81,90,95,91,88,82,87,92,94,81,84,92,89.33,89.0,83.67,81.67,82.0,89.33,90.33,89.67,85.0,85.67,85.67,83.33,89.2,89.5,87.5,88.0,85.92,87.83,85.33,86.07,88.33,86.7
86,80,90,89,88,86,83,83,82,87,88,80,82,83,83,87,92,86,80,92,92,95,90,91,89,89,95,89,82,90,88,89,80,84,81,92,88,92,88,95,85,85,90,94,92,88,95,85.33,87.67,82.67,85.0,82.67,88.33,88.0,92.0,91.0,87.0,85.67,85.67,89.6,87.5,93.0,91.5,85.17,87.75,89.0,86.98,90.67,87.91
84,80,83,88,80,93,88,84,93,84,87,82,95,93,93,80,88,81,88,91,89,90,94,94,86,81,95,85,87,92,83,86,93,90,82,82,84,95,86,87,80,83,81,86,86,84,82,82.33,87.0,88.33,84.33,93.67,83.0,89.33,92.67,87.33,88.0,87.33,84.67,86.4,82.0,86.0,83.0,85.5,89.67,87.67,86.13,83.67,86.53
95,95,92,80,85,89,80,86,92,83,81,82,94,83,93,93,81,95,84,88,94,91,85,92,91,85,86,95,80,94,85,86,94,80,90,94,95,85,85,92,91,93,94,93,80,80,84,94.0,84.67,86.0,82.0,90.0,89.67,88.67,89.33,87.33,89.67,88.33,88.0,89.6,93.5,86.5,82.0,86.67,89.42,88.5,88.64,87.33,88.11
80,91,82,91,89,90,93,91,93,82,86,95,93,89,91,92,80,89,89,85,83,85,95,86,89,85,80,93,89,90,92,85,83,95,80,87,95,90,84,95,93,86,88,94,93,86,83,84.33,90.0,92.33,87.67,91.0,87.0,85.67,88.67,84.67,90.67,86.67,87.33,91.4,87.0,93.5,84.5,88.58,88.08,87.67,88.47,88.33,88.23
90,88,83,80,90,85,91,85,92,81,82,91,88,94,90,94,94,88,90,82,82,85,88,92,84,90,80,87,91,84,82,92,80,84,80,95,88,85,88,82,81,80,88,90,81,87,95,87.0,85.0,89.33,84.67,90.67,92.0,84.67,88.33,84.67,87.33,84.67,86.33,84.8,84.0,85.5,91.0,86.5,88.92,86.0,85.27,86.83,86.7
85,93,81,83,95,90,87,91,83,80,93,94,82,88,89,83,80,82,94,83,85,94,95,95,92,92,86,89,91,84,84,87,91,94,85,83,90,93,88,87,91,80,88,83,92,94,83,86.33,89.33,87.0,89.0,86.33,81.67,87.33,94.67,90.0,88.0,87.33,87.33,89.8,84.0,87.5,88.5,87.92,87.5,89.0,88.16,86.67,87.85
81,91,95,81,87,88,89,87,91,83,81,92,81,91,91,80,89,90,92,86,80,89,86,88,81,93,80,81,83,84,81,93,87,95,92,80,85,95,95,82,91,88,94,83,93,83,94,89.0,85.33,89.0,85.33,87.67,86.33,86.0,87.67,84.67,82.67,87.0,89.0,89.6,91.0,88.0,88.5,87.17,86.92,83.67,88.53,89.17,87.09
94,86,84,80,93,88,89,82,90,94,86,91,88,94,93,84,84,80,80,90,84,82,91,87,92,94,81,85,84,81,84,80,87,93,84,95,80,81,90,92,94,86,91,82,94,88,95,88.0,87.0,87.0,90.33,91.67,82.67,84.67,86.67,89.0,83.33,83.67,90.67,87.4,88.5,88.0,91.5,88.08,86.42,86.17,87.24,89.33,87.45
81,89,92,83,85,85,87,85,89,91,93,93,87,90,89,81,88,90,94,83,95,95,91,86,87,82,81,81,85,85,81,81,93,81,91,92,87,90,84,81,93,85,95,86,90,80,86,87.33,84.33,87.0,92.33,88.67,86.33,90.67,90.67,83.33,83.67,85.0,88.0,87.0,90.0,88.0,83.0,87.75,89.08,83.5,86.67,87.0,86.8
85,92,88,82,80,95,90,83,92,81,91,95,92,84,82,89,92,86,87,88,86,86,82,84,90,82,90,95,93,84,93,88,92,84,82,94,93,89,82,93,87,84,80,85,82,80,80,88.33,85.67,88.33,89.0,86.0,89.0,87.0,84.0,87.33,90.67,91.0,86.67,88.8,82.0,83.5,80.0,87.83,86.5,89.0,88.82,81.83,86.8
94,88,80,87,94,81,93,92,86,93,81,87,82,81,89,83,91,84,88,88,87,90,90,84,92,80,87,90,91,93,89,83,92,94,83,92,85,85,92,86,83,84,84,81,85,83,86,87.33,87.33,90.33,87.0,84.0,86.0,87.67,88.0,86.33,91.33,88.0,89.67,86.2,84.0,83.0,84.5,88.0,86.42,88.83,87.96,83.83,87.01
85,88,95,95,88,85,82,92,94,87,82,88,82,92,85,86,89,87,85,93,88,88,95,80,84,93,83,95,84,88,95,92,86,87,91,93,86,89,87,90,87,86,91,80,83,88,85,89.33,89.33,89.33,85.67,86.33,87.33,88.67,87.67,86.67,89.0,91.0,90.33,87.8,88.5,81.5,86.5,88.42,87.5,87.83,89.71,85.5,87.79
83,84,87,94,89,92,80,83,92,90,93,89,91,80,90,95,82,80,82,85,81,83,93,95,80,85,87,90,85,88,86,92,87,81,91,86,81,92,87,80,86,80,84,84,86,87,92,84.67,91.67,85.0,90.67,87.0,85.67,82.67,90.33,84.0,87.67,88.33,86.0,85.2,82.0,85.0,89.5,88.0,86.42,85.83,86.51,85.5,86.45
91,94,80,91,91,80,83,87,83,89,88,83,92,90,86,82,95,86,86,91,87,82,89,90,93,85,84,83,95,84,81,85,90,89,89,92,95,93,95,88,92,86,92,95,91,85,83,88.33,87.33,84.33,86.67,89.33,87.67,88.0,87.0,87.33,87.33,85.33,90.0,92.6,89.0,93.0,84.0,86.67,88.0,87.33,89.31,88.67,88.0
84,83,90,92,89,82,85,80,95,89,85,90,82,87,84,83,86,91,85,90,89,88,86,90,92,84,90,86,88,91,92,93,88,95,84,82,80,87,88,81,89,92,87,93,84,83,87,85.67,87.67,86.67,88.0,84.33,86.67,88.0,88.0,88.67,88.33,91.0,87.0,85.0,89.5,88.5,85.0,87.0,86.75,88.5,87.67,87.67,87.52
88,81,91,92,91,82,90,90,86,86,80,87,92,91,86,87,87,86,92,86,86,95,91,81,82,80,93,92,87,81,90,80,95,81,89,94,85,84,81,94,81,86,82,80,84,88,95,86.67,88.33,88.67,84.33,89.67,86.67,88.0,89.0,85.0,86.67,88.33,88.0,85.0,84.0,82.0,91.5,87.0,88.33,85.83,87.11,85.83,86.82
90,90,80,90,92,83,89,94,91,87,89,81,92,93,83,93,94,95,88,92,81,90,90,85,88,93,91,89,92,92,95,95,90,89,81,90,87,90,94,94,81,86,83,86,82,87,87,86.67,88.33,91.33,85.67,89.33,94.0,87.0,88.33,90.67,91.0,93.33,86.67,89.2,84.5,84.0,87.0,88.0,89.67,90.83,89.73,85.17,88.68
87,80,87,87,94,91,92,92,81,81,91,92,94,85,87,91,84,80,87,88,82,85,81,92,83,93,87,84,83,86,93,89,92,87,84,90,91,87,93,95,95,86,95,80,87,94,84,84.67,90.67,88.33,88.0,88.67,85.0,85.67,86.0,87.67,84.33,91.33,87.0,92.2,90.5,83.5,89.0,87.92,86.33,86.0,90.18,87.67,87.62
93,95,83,92,87,94,95,92,83,91,94,93,87,85,83,89,82,80,82,92,88,93,86,85,80,90,92,84,92,80,95,88,88,95,90,81,94,93,93,92,91,85,94,91,92,80,90,90.33,91.0,90.0,92.67,85.0,83.67,87.33,88.0,87.33,85.33,90.33,88.67,92.6,89.5,91.5,85.0,91.0,86.0,86.33,90.53,88.67,88.51
87,92,88,89,88,94,90,92,95,94,86,83,87,90,84,93,80,90,83,94,86,88,88,91,91,94,80,82,80,80,86,92,83,92,87,91,86,85,90,94,91,90,90,83,90,91,85,89.0,90.33,92.33,87.67,87.0,87.67,87.67,89.0,88.33,80.67,87.0,90.0,89.2,90.0,86.5,88.0,89.83,87.83,84.5,88.73,88.17,87.81
87,80,84,91,84,82,87,86,88,90,89,90,94,94,84,83,91,90,84,91,90,91,85,91,91,82,93,85,82,86,92,89,95,92,87,85,88,92,94,84,86,91,81,92,91,87,82,83.67,85.67,87.0,89.67,90.67,88.0,88.33,89.0,88.67,84.33,92.0,88.0,88.8,86.0,91.5,84.5,86.5,89.0,86.5,89.6,87.33,87.79
86,91,95,89,89,84,90,90,85,84,85,88,95,82,89,81,88,89,94,83,87,91,80,81,91,95,94,91,80,85,93,81,86,80,84,81,91,88,94,89,83,86,83,80,87,87,81,90.67,87.33,88.33,85.67,88.67,86.0,88.0,84.0,93.33,85.33,86.67,81.67,89.0,84.5,83.5,84.0,88.0,86.67,89.33,85.78,84.0,86.76
80,80,87,86,80,85,91,89,83,88,83,86,85,94,92,94,94,95,86,94,88,91,85,89,85,95,91,87,90,94,93,93,93,88,90,92,81,83,91,90,84,84,88,95,88,94,91,82.33,83.67,87.67,85.67,90.33,94.33,89.33,88.33,90.33,90.33,93.0,90.0,85.8,86.0,91.5,92.5,84.83,90.58,90.33,89.6,90.0,89.07
85,80,88,87,91,86,85,85,89,85,92,91,85,90,86,81,85,92,92,87,83,88,83,83,86,91,93,84,85,84,90,90,86,91,83,84,85,87,87,93,80,84,91,94,92,92,82,84.33,88.0,86.33,89.33,87.0,86.0,87.33,84.67,90.0,84.33,88.67,86.0,86.4,87.5,93.0,87.0,87.0,86.25,87.17,87.02,89.17,87.32
92,93,94,86,94,83,81,88,93,80,90,91,83,93,91,92,86,83,83,88,88,87,85,90,85,92,95,94,93,82,92,90,89,88,80,82,82,87,80,93,91,93,94,91,91,84,81,93.0,87.67,87.33,87.0,89.0,87.0,86.33,87.33,90.67,89.67,90.33,83.33,86.6,93.5,91.0,82.5,88.75,87.42,90.17,86.76,89.0,88.42
93,89,92,91,94,89,86,88,81,88,90,83,89,88,94,81,84,91,87,81,92,87,95,91,86,86,94,85,92,95,93,86,92,84,86,89,82,88,88,87,88,83,89,83,87,84,93,91.33,91.33,85.0,87.0,90.33,85.33,86.67,91.0,88.67,90.67,90.33,86.33,86.6,86.0,85.0,88.5,88.67,88.33,89.67,87.76,86.5,88.18
82,91,82,92,94,86,81,94,82,85,81,80,95,80,91,93,85,82,94,94,84,94,87,92,82,83,95,86,82,89,85,90,90,91,85,94,88,94,93,86,86,90,82,89,88,86,91,85.0,90.67,85.67,82.0,88.67,86.67,90.67,91.0,86.67,85.67,88.33,90.0,89.4,86.0,88.5,88.5,85.83,89.25,86.17,89.24,87.67,87.63
83,92,93,80,90,95,88,89,82,92,92,90,93,94,88,84,85,85,93,91,81,81,90,90,92,94,94,87,87,90,80,88,86,88,92,82,83,83,84,95,81,87,80,93,90,87,93,89.33,88.33,86.33,91.33,91.67,84.67,88.33,87.0,93.33,88.0,84.67,87.33,85.2,83.5,91.5,90.0,88.83,87.92,90.67,85.73,88.33,88.3
88,92,82,81,83,93,83,92,80,84,86,86,84,88,93,83,85,87,86,90,89,82,81,87,88,91,81,92,83,80,80,84,91,95,86,86,91,86,89,85,81,84,92,95,88,81,80,87.33,85.67,85.0,85.33,88.33,85.0,88.33,83.33,86.67,85.0,85.0,89.0,86.4,88.0,91.5,80.5,85.83,86.25,85.83,86.8,86.67,86.28
87,88,87,87,95,81,81,92,80,92,81,87,86,87,89,94,83,86,88,83,80,88,89,83,85,89,80,95,82,80,87,89,87,95,95,89,95,94,84,91,89,86,80,90,88,84,83,87.33,87.67,84.33,86.67,87.33,87.67,83.67,86.67,84.67,85.67,87.67,93.0,90.6,83.0,89.0,83.5,86.5,86.33,85.17,90.42,85.17,86.72
84,84,82,91,86,90,94,80,85,85,94,90,80,95,95,85,93,94,84,93,89,80,82,82,83,94,91,95,84,86,95,80,85,93,80,86,81,80,91,94,91,88,83,89,87,88,90,83.33,89.0,86.33,89.67,90.0,90.67,88.67,81.33,89.33,88.33,86.67,86.33,87.4,85.5,88.0,89.0,87.08,87.67,88.83,86.8,87.5,87.58
88,84,89,82,80,83,82,93,89,89,81,80,90,95,91,92,90,83,91,84,84,94,94,82,93,83,95,94,80,90,87,92,87,87,85,90,80,92,92,80,95,82,80,89,94,93,91,87.0,81.67,88.0,83.33,92.0,88.33,86.33,90.0,90.33,88.0,88.67,87.33,87.8,81.0,91.5,92.0,85.0,89.17,89.17,87.93,88.17,87.89
87,87,92,80,91,80,87,83,89,91,84,80,90,83,80,81,93,92,88,81,89,87,82,81,89,90,94,82,80,85,90,87,81,85,93,82,95,86,82,87,82,86,95,91,92,86,92,88.67,83.67,86.33,85.0,84.33,88.67,86.0,83.33,91.0,82.33,86.0,86.67,86.4,90.5,91.5,89.0,85.92,85.58,86.67,86.36,90.33,86.97
83,85,84,92,82,90,83,90,85,88,91,84,90,93,94,83,86,94,91,95,80,92,88,80,92,90,91,83,83,95,94,95,93,82,84,89,91,81,85,87,92,87,81,92,91,92,90,84.0,88.0,86.0,87.67,92.33,87.67,88.67,86.67,91.0,87.0,94.0,85.0,87.2,84.0,91.5,91.0,86.42,88.83,89.0,88.73,88.83,88.36
91,83,86,84,80,86,92,83,84,84,92,80,86,94,84,88,88,92,94,88,83,94,82,82,85,89,92,83,92,80,90,89,82,83,89,87,80,86,85,91,81,80,92,94,86,87,94,86.67,83.33,86.33,85.33,88.0,89.33,88.33,86.0,88.67,85.0,87.0,86.33,84.6,86.0,90.0,90.5,85.42,87.92,86.83,85.98,88.83,87.0
91,95,83,85,93,86,82,90,86,86,82,87,86,93,84,85,89,80,95,89,89,89,93,92,90,89,89,89,81,89,89,81,83,93,88,94,93,95,88,89,84,91,81,81,85,94,91,89.67,88.0,86.0,85.0,87.67,84.67,91.0,91.33,89.33,86.33,84.33,91.67,89.8,86.0,83.0,92.5,87.17,88.67,87.83,88.6,87.17,87.89
80,81,83,92,92,91,81,93,85,87,90,85,80,81,89,95,84,94,94,95,83,84,93,84,91,91,93,80,83,95,91,81,90,85,94,88,84,91,93,81,80,82,95,84,91,87,87,81.33,91.67,86.33,87.33,83.33,91.0,90.67,87.0,91.67,86.0,87.33,89.0,85.8,88.5,87.5,87.0,86.67,88.0,88.83,87.38,87.67,87.71
81,90,87,84,82,91,80,80,91,93,81,90,91,88,80,94,88,92,86,80,87,86,91,86,83,85,95,86,83,80,81,85,87,80,90,94,93,86,83,86,95,85,95,80,93,94,87,86.0,85.67,83.67,88.0,86.33,91.33,84.33,87.67,87.67,83.0,84.33,88.0,88.6,90.0,86.5,90.5,85.83,87.42,85.33,86.98,89.0,86.91
82,87,81,95,84,84,83,90,85,93,84,91,80,94,82,89,87,90,83,86,82,94,93,89,80,84,93,82,82,90,89,92,89,95,91,92,80,95,83,86,87,83,90,90,83,85,95,83.33,87.67,86.0,89.33,85.33,88.67,83.67,92.0,85.67,84.67,90.0,92.67,86.2,86.5,86.5,90.0,86.58,87.42,85.17,89.62,87.67,87.29
90,93,84,84,90,87,94,81,85,94,95,93,90,94,85,83,80,90,93,86,85,81,95,85,83,92,95,88,89,94,95,82,89,85,80,80,89,90,91,85,82,84,87,80,81,95,95,89.0,87.0,86.67,94.0,89.67,84.33,88.0,87.0,90.0,90.33,88.67,81.67,87.4,85.5,80.5,95.0,89.17,87.25,90.17,85.91,87.0,87.9
90,95,84,93,88,88,95,85,91,91,81,94,81,93,95,91,84,80,94,94,93,89,88,87,83,86,88,90,81,83,90,93,85,84,93,94,84,93,80,87,83,83,94,87,90,90,83,89.67,89.67,90.33,88.67,89.67,85.0,93.67,88.0,85.67,84.67,89.33,90.33,85.4,88.5,88.5,86.5,89.58,89.08,85.17,88.36,87.83,88.0
94,82,85,87,86,90,84,89,93,86,85,88,81,92,87,91,94,86,95,84,84,94,90,95,87,85,90,94,85,91,80,93,91,89,80,84,83,88,82,90,88,89,81,85,95,80,93,87.0,87.67,88.67,86.33,86.67,90.33,87.67,93.0,87.33,90.0,88.0,84.33,86.2,85.0,90.0,86.5,87.42,89.42,88.67,86.18,87.17,87.77
85,84,92,91,85,89,83,87,90,83,82,94,92,80,86,90,86,93,80,84,89,84,91,85,93,84,91,88,94,81,82,87,95,81,86,82,89,83,95,82,81,91,88,84,80,90,88,87.0,88.33,86.67,86.33,86.0,89.67,84.33,86.67,89.33,87.67,88.0,83.0,86.0,89.5,82.0,89.0,87.08,86.67,88.5,85.67,86.83,86.95
93,80,92,84,95,91,80,91,92,89,89,90,83,82,83,84,94,95,94,89,90,85,85,86,88,93,81,80,89,90,88,89,86,90,85,88,92,86,80,93,93,93,88,81,94,85,81,88.33,90.0,87.67,89.33,82.67,91.0,91.0,85.33,87.33,86.33,87.67,87.67,88.8,90.5,87.5,83.0,88.83,87.5,86.83,88.04,87.0,87.64
85,84,90,95,86,87,90,80,81,87,89,95,88,84,90,80,86,87,82,94,95,85,88,93,90,83,82,83,82,88,86,83,84,87,89,86,95,86,90,86,86,95,80,81,88,86,95,86.33,89.33,83.67,90.33,87.33,84.33,90.33,88.67,85.0,84.33,84.33,87.33,88.6,87.5,84.5,90.5,87.42,87.67,84.67,86.76,87.5,86.8
80,93,87,86,94,89,89,80,95,94,80,85,85,93,91,85,95,90,94,90,86,85,84,89,86,83,80,87,85,86,80,87,95,84,86,93,82,88,85,91,83,81,91,91,84,87,87,86.67,89.67,88.0,86.33,89.67,90.0,90.0,86.0,83.0,86.0,87.33,87.67,85.8,86.0,87.5,87.0,87.67,88.92,84.5,86.93,86.83,86.97
90,88,80,93,94,87,87,81,87,92,94,87,83,92,85,90,88,88,90,94,93,89,94,86,94,80,87,93,92,90,83,93,83,83,83,82,87,92,94,92,91,92,85,86,85,91,91,86.0,91.33,85.0,91.0,86.67,88.67,92.33,89.67,87.0,91.67,86.33,82.67,91.2,88.5,85.5,91.0,88.33,89.33,89.33,86.73,88.33,88.41
81,90,93,84,93,89,81,84,93,92,94,81,91,83,89,88,91,83,90,89,93,95,81,82,84,92,94,85,82,81,88,83,95,89,91,94,84,83,95,88,84,83,82,85,94,95,85,88.0,88.67,86.0,89.0,87.67,87.33,90.67,86.0,90.0,82.67,88.67,91.33,86.8,82.5,89.5,90.0,87.92,87.92,86.33,88.93,87.33,87.69
84,85,83,90,85,87,82,81,80,83,88,94,83,87,86,80,82,91,87,94,84,94,90,91,82,83,84,80,80,87,81,86,93,91,89,81,90,91,87,83,82,85,81,94,91,95,84,84.0,87.33,81.0,88.33,85.33,84.33,88.33,91.67,83.0,82.33,86.67,87.0,86.6,83.0,92.5,89.5,85.17,87.42,82.67,86.76,88.33,86.07
94,83,87,82,88,80,92,90,89,81,81,85,90,91,82,93,84,86,86,83,90,81,80,80,88,83,89,84,91,80,83,95,84,86,81,85,81,89,85,85,95,93,90,89,93,85,89,88.0,83.33,90.33,82.33,87.67,87.67,86.33,80.33,86.67,85.0,87.33,84.0,87.0,91.5,91.0,87.0,86.0,85.5,85.83,86.11,89.83,86.66
85,85,94,90,81,93,89,89,93,92,94,91,93,91,85,94,89,93,92,84,83,86,95,95,80,89,88,84,82,89,88,84,89,93,87,94,95,86,86,84,80,94,95,84,87,94,92,88.0,88.0,90.33,92.33,89.67,92.0,86.33,92.0,85.67,85.0,87.0,91.33,86.2,94.5,85.5,93.0,89.67,90.0,85.33,88.18,91.0,88.84
81,88,82,95,91,90,85,94,84,85,86,95,85,89,93,88,83,84,88,83,85,93,92,94,86,88,81,80,85,85,94,87,92,84,80,80,87,90,95,91,83,84,83,84,86,90,83,83.67,92.0,87.67,88.67,89.0,85.0,85.33,93.0,85.0,83.33,91.0,81.33,89.2,83.5,85.0,86.5,88.0,88.08,84.17,87.18,85.0,86.49
95,87,80,86,84,87,90,93,95,86,90,92,88,85,95,91,83,82,83,82,87,90,86,89,88,86,86,85,89,80,83,93,94,86,83,91,87,93,87,83,92,81,95,87,80,90,82,87.33,85.67,92.67,89.33,89.33,85.33,84.0,88.33,86.67,84.67,90.0,86.67,88.4,88.0,83.5,86.0,88.75,86.75,85.67,88.36,85.83,87.07
94,94,95,93,87,95,95,93,81,88,93,93,87,89,82,82,81,92,86,86,87,87,91,82,81,84,91,84,82,84,80,80,90,81,89,91,87,89,92,88,90,85,88,94,80,85,84,94.33,91.67,89.67,91.33,86.0,85.0,86.33,86.67,85.33,83.33,83.33,87.0,89.2,86.5,87.0,84.5,91.75,86.0,84.33,86.51,86.0,86.92
92,89,88,87,81,88,87,88,86,90,88,95,84,85,84,95,86,93,82,86,83,94,85,81,85,87,87,89,80,82,87,80,93,92,95,81,81,94,89,89,91,91,89,91,82,87,81,89.67,85.33,87.0,91.0,84.33,91.33,83.67,86.67,86.33,83.67,86.67,89.33,88.8,90.0,86.5,84.0,88.25,86.5,85.0,88.27,86.83,86.97
95,92,95,94,83,88,88,92,86,86,89,86,89,88,82,84,86,87,91,85,80,83,94,85,90,93,87,86,92,91,86,84,80,95,92,94,95,80,95,80,93,81,86,82,85,89,83,94.0,88.33,88.67,87.0,86.33,85.67,85.33,87.33,90.0,89.67,83.33,93.67,88.6,83.5,83.5,86.0,89.5,86.17,89.83,88.53,84.33,87.67
92,81,86,87,81,95,89,93,86,84,80,82,93,95,93,83,83,94,95,83,91,80,95,84,95,81,87,92,82,93,91,86,80,80,85,87,90,84,87,93,92,91,83,91,83,81,89,86.33,87.67,89.33,82.0,93.67,86.67,89.67,86.33,87.67,89.0,85.67,84.0,89.2,87.0,87.0,85.0,86.33,89.08,88.33,86.29,86.33,87.27
85,88,91,95,92,94,88,85,91,89,86,83,90,80,85,82,92,93,93,86,89,92,95,95,87,86,89,81,82,84,83,93,95,92,93,92,83,82,93,88,90,90,81,94,89,89,93,88.0,93.67,88.0,86.0,85.0,89.0,89.33,94.0,87.33,82.33,90.33,92.33,87.2,85.5,91.5,91.0,88.92,89.33,84.83,89.96,89.33,88.47
82,86,80,86,89,85,91,90,94,83,92,87,81,87,86,82,81,92,94,87,80,94,90,81,84,83,83,83,92,81,89,84,95,86,95,92,95,94,81,89,88,94,86,91,80,87,81,82.67,86.67,91.67,87.33,84.67,85.0,87.0,88.33,83.33,85.33,89.33,91.0,89.4,90.0,85.5,84.0,87.08,86.25,84.33,89.91,86.5,86.82
87,94,93,81,92,91,83,81,87,91,90,84,93,91,89,88,81,90,93,88,90,91,80,90,84,95,81,95,80,82,93,84,82,80,94,86,89,81,94,95,88,88,85,89,81,86,93,91.33,88.0,83.67,88.33,91.0,86.33,90.33,87.0,86.67,85.67,86.33,86.67,89.4,86.5,85.0,89.5,87.83,88.67,86.17,87.47,87.0,87.43
92,94,83,94,93,85,95,89,85,92,92,91,85,89,89,80,81,87,80,82,83,81,81,93,81,95,82,83,82,83,85,88,92,88,80,81,86,81,90,92,82,92,90,82,94,83,94,89.67,90.67,89.67,91.67,87.67,82.67,81.67,85.0,86.0,82.67,88.33,83.0,86.2,91.0,88.0,88.5,90.42,84.25,84.33,85.84,89.17,86.8
93,86,83,81,94,91,83,81,80,84,89,80,86,83,80,86,83,88,83,92,82,83,90,87,95,86,84,81,95,88,82,93,82,84,82,87,93,92,85,85,83,90,88,91,90,94,95,87.33,88.67,81.33,84.33,83.0,85.67,85.67,86.67,88.33,88.0,85.67,84.33,87.6,89.0,90.5,94.5,85.42,85.25,88.17,85.87,91.33,87.21
81,88,81,84,82,93,94,84,82,86,82,90,95,81,89,80,83,94,86,82,91,80,92,87,83,82,95,85,84,84,91,91,83,91,89,84,87,84,84,85,81,81,91,93,88,89,87,83.33,86.33,86.67,86.0,88.33,85.67,86.33,86.33,86.67,84.33,88.33,88.0,84.2,86.0,90.5,88.0,85.58,86.67,85.5,86.84,88.17,86.55
85,93,89,85,91,84,82,89,91,87,88,85,85,83,91,89,95,82,93,95,87,90,82,89,86,94,89,87,88,86,83,93,92,95,81,95,95,95,89,85,86,81,87,85,93,91,95,89.0,86.67,87.33,86.67,86.33,88.67,91.67,87.0,89.67,87.0,89.33,90.33,90.0,84.0,89.0,93.0,87.42,88.42,88.33,89.89,88.67,88.54
92,90,92,92,95,83,85,88,88,93,82,90,81,85,85,86,86,89,95,95,91,91,88,87,82,90,84,91,83,93,90,87,82,90,86,85,92,89,84,92,91,91,81,91,85,80,87,91.33,90.0,87.0,88.33,83.67,87.0,93.67,88.67,85.33,89.0,86.33,87.0,89.6,86.0,88.0,83.5,89.17,88.25,87.17,87.64,85.83,87.61
84,80,83,82,94,81,83,86,85,86,86,86,87,95,83,95,81,82,83,95,85,84,84,93,93,91,81,90,89,86,83,82,93,87,87,91,82,87,91,90,84,92,93,88,85,81,80,82.33,85.67,84.67,86.0,88.33,86.0,87.67,87.0,88.33,88.33,86.0,88.33,86.8,92.5,86.5,80.5,84.67,87.25,88.33,87.04,86.5,86.76
86,90,93,91,81,93,85,80,88,88,92,81,90,85,92,87,84,92,87,94,82,92,86,87,91,89,80,92,94,93,82,83,88,89,88,82,89,83,93,85,91,94,91,83,91,90,90,89.67,88.33,84.33,87.0,89.0,87.67,87.67,88.33,86.67,93.0,84.33,86.33,88.2,92.5,87.0,90.0,87.33,88.17,89.83,86.29,89.83,88.29
95,94,93,83,92,94,80,94,80,88,86,91,87,80,85,80,86,95,94,90,85,84,91,94,94,89,89,95,85,85,82,89,89,89,80,94,91,95,85,82,92,87,95,83,85,87,93,94.0,89.67,84.67,88.33,84.0,87.0,89.67,89.67,90.67,88.33,86.67,87.67,89.0,91.0,84.0,90.0,89.17,87.58,89.5,87.78,88.33,88.47
85,86,89,85,81,95,86,94,81,88,94,93,84,94,91,84,81,83,86,80,85,88,82,80,82,93,91,90,87,88,84,89,95,93,95,81,82,83,83,91,94,90,93,84,80,84,90,86.67,87.0,87.0,91.67,89.67,82.67,83.67,83.33,88.67,88.33,89.33,89.67,86.6,91.5,82.0,87.0,88.08,84.83,88.5,88.53,86.83,87.36
94,86,92,86,89,89,80,94,87,84,82,87,81,80,86,81,88,91,86,93,92,90,85,94,82,83,83,81,80,86,94,87,80,89,80,92,92,95,92,82,94,86,88,92,86,88,80,90.67,88.0,87.0,84.33,82.33,86.67,90.33,89.67,82.67,82.33,87.0,87.0,91.0,87.0,89.0,84.0,87.5,87.25,82.5,88.33,86.67,86.45
84,83,92,81,84,90,93,92,94,86,92,87,84,83,85,88,87,87,82,82,94,88,85,95,93,95,88,82,82,80,93,90,86,82,80,84,93,94,82,94,95,82,92,86,87,82,86,86.33,85.0,93.0,88.33,84.0,87.33,86.0,89.33,92.0,81.33,89.67,82.0,91.6,87.0,86.5,84.0,88.17,86.67,86.67,87.76,85.83,87.02
91,92,84,91,80,82,88,89,87,81,92,86,91,94,94,83,87,81,92,89,84,91,83,80,82,93,85,82,80,95,86,91,89,85,85,93,92,86,89,80,92,80,85,92,80,95,86,89.0,84.33,88.0,86.33,93.0,83.67,88.33,84.67,86.67,85.67,88.67,87.67,87.8,82.5,86.0,90.5,86.92,87.42,86.17,88.04,86.33,86.98
88,81,86,86,94,84,90,86,87,81,86,88,80,88,81,88,93,82,81,82,88,83,90,82,80,84,85,84,82,92,86,85,86,83,93,88,92,95,92,83,91,92,95,89,94,80,84,85.0,88.0,87.67,85.0,83.0,87.67,83.67,85.0,83.0,86.0,85.67,88.0,90.6,93.5,91.5,82.0,86.42,84.83,84.5,88.09,89.0,86.57
89,93,83,94,92,88,85,88,88,90,93,84,82,83,89,91,91,81,95,83,92,84,80,83,90,82,82,83,91,91,91,93,93,94,95,95,91,93,94,93,84,95,90,87,92,90,92,88.33,91.33,87.0,89.0,84.67,87.67,90.0,82.33,84.67,88.33,92.33,94.67,91.0,92.5,89.5,91.0,88.92,86.17,86.5,92.67,91.0,89.05
87,83,89,87,80,81,82,82,85,89,83,90,91,80,92,84,85,91,85,94,92,93,84,84,89,88,86,90,84,88,90,89,84,80,85,80,90,89,94,84,91,92,91,93,86,94,88,86.33,82.67,83.0,87.33,87.67,86.67,90.33,87.0,87.67,87.33,87.67,81.67,89.6,91.5,89.5,91.0,84.83,87.92,87.5,86.31,90.67,87.45
81,90,84,87,85,85,90,92,91,82,83,89,81,94,88,81,82,88,84,91,88,84,85,88,95,85,91,92,90,94,94,86,87,95,83,92,86,83,94,84,83,80,92,83,87,91,90,85.0,85.67,91.0,84.67,87.67,83.67,87.67,85.67,90.33,92.0,89.0,90.0,86.0,86.0,85.0,90.5,86.58,86.17,91.17,88.33,87.17,87.88
81,83,94,87,86,80,89,95,91,81,80,91,94,81,82,86,94,84,86,83,93,89,83,83,85,83,92,82,91,89,95,92,90,89,87,80,84,80,83,95,80,88,92,85,94,87,83,86.0,84.33,91.67,84.0,85.67,88.0,87.33,85.0,86.67,87.33,92.33,85.33,84.4,90.0,89.5,85.0,86.5,86.5,87.0,87.36,88.17,87.1
83,81,82,92,88,93,85,92,91,80,89,88,83,91,87,83,90,87,83,81,88,84,92,95,95,80,82,90,93,82,84,84,88,92,93,94,84,92,83,85,85,90,92,86,93,83,95,82.0,91.0,89.33,85.67,87.0,86.67,84.0,90.33,85.67,88.33,85.33,93.0,85.8,91.0,89.5,89.0,87.0,87.0,87.0,88.04,89.83,87.78
93,95,95,88,80,93,92,84,95,80,80,87,90,87,88,86,84,85,94,81,83,86,91,87,80,88,94,82,91,84,93,90,92,86,80,92,88,92,94,89,90,95,95,80,84,87,83,94.33,87.0,90.33,82.33,88.33,85.0,86.0,88.0,87.33,85.67,91.67,86.0,90.6,95.0,82.0,85.0,88.5,86.83,86.5,89.42,87.33,87.72
86,82,91,91,93,85,84,86,89,89,92,86,87,85,83,91,90,89,81,82,92,88,91,90,81,82,93,92,88,80,85,91,82,84,84,92,92,81,80,83,94,93,81,93,89,93,81,86.33,89.67,86.33,89.0,85.0,90.0,85.0,89.67,85.33,86.67,86.0,86.67,86.0,87.0,91.0,87.0,87.83,87.42,86.0,86.22,88.33,87.16
80,91,84,86,91,82,94,95,86,82,83,84,84,87,95,88,92,92,95,85,90,84,91,88,85,91,86,85,80,86,84,85,80,85,89,94,94,87,94,93,95,80,89,87,94,84,85,85.0,86.33,91.67,83.0,88.67,90.67,90.0,87.67,87.33,83.67,83.0,89.33,92.6,84.5,90.5,84.5,86.5,89.25,85.5,88.31,86.5,87.21
93,87,90,83,91,81,88,80,89,82,94,83,86,88,82,83,95,83,81,95,87,89,90,80,82,81,81,84,93,88,88,85,91,92,88,85,84,94,82,92,86,86,93,90,92,87,85,90.0,85.0,85.67,86.33,85.33,87.0,87.67,86.33,81.33,88.33,88.0,88.33,87.6,89.5,91.0,86.0,86.75,86.58,84.83,87.98,88.83,87.0
82,94,86,86,88,84,83,92,86,87,89,93,84,94,88,83,95,82,83,89,86,91,92,88,89,89,92,94,83,81,83,83,91,95,93,88,83,90,93,91,94,87,92,93,80,91,91,87.33,86.0,87.0,89.67,88.67,86.67,86.0,90.33,90.0,86.0,85.67,92.0,90.2,89.5,86.5,91.0,87.5,87.92,88.0,89.29,89.0,88.34
80,91,83,88,94,90,91,83,93,95,94,88,87,87,80,80,91,93,91,88,82,89,91,80,95,95,85,91,84,90,89,85,85,81,87,91,87,87,81,91,80,86,82,90,86,95,87,84.67,90.67,89.0,92.33,84.67,88.0,87.0,86.67,91.67,88.33,86.33,86.33,85.2,84.0,88.0,91.0,89.17,86.58,90.0,85.96,87.67,87.87
83,82,83,93,90,86,93,89,89,81,95,95,92,82,87,83,82,81,90,92,91,93,88,95,89,84,91,81,87,91,91,89,86,94,94,84,92,84,93,87,83,91,95,89,87,89,82,82.67,89.67,90.33,90.33,87.0,82.0,91.0,92.0,88.0,86.33,88.67,90.67,87.8,93.0,88.0,85.5,88.25,88.0,87.17,89.04,88.83,88.26
84,83,83,90,88,84,88,94,93,85,93,94,90,93,86,95,85,83,84,93,95,86,91,92,82,95,85,81,87,84,81,89,91,90,86,85,83,84,82,93,89,89,91,80,82,92,88,83.33,87.33,91.67,90.67,89.67,87.67,90.67,89.67,87.33,84.0,87.0,87.0,86.2,90.0,81.0,90.0,88.25,89.42,85.67,86.73,87.0,87.41
85,93,92,82,91,95,89,95,91,81,84,93,85,88,93,89,80,91,95,89,87,95,82,85,81,92,81,85,83,92,94,89,92,80,88,87,80,95,82,93,86,84,83,86,82,88,80,90.0,89.33,91.67,86.0,88.67,86.67,90.33,87.33,84.67,86.67,91.67,85.0,87.2,83.5,84.0,84.0,89.25,88.25,85.67,87.96,83.83,86.99
83,90,94,93,94,93,89,94,86,81,95,83,82,86,82,88,95,89,95,85,85,84,89,92,89,87,92,84,84,93,83,94,93,85,82,84,81,81,80,91,81,88,86,81,95,92,87,89.0,93.33,89.67,86.33,83.33,90.67,88.33,88.33,89.33,87.0,90.0,83.67,82.8,87.0,88.0,89.5,89.58,87.67,88.17,85.49,88.17,87.81
82,94,89,81,82,84,80,85,89,80,88,94,83,91,86,90,82,89,87,81,94,90,89,91,94,90,84,91,89,82,94,81,91,90,83,93,94,82,81,90,88,90,95,85,80,81,80,88.33,82.33,84.67,87.33,86.67,87.0,87.33,90.0,89.33,87.33,88.67,88.67,87.0,92.5,82.5,80.5,85.67,87.75,88.33,88.11,85.17,87.01
84,83,85,90,81,82,81,84,95,94,83,88,88,83,86,93,95,81,89,88,94,90,90,94,93,83,82,95,88,94,84,91,85,90,91,82,85,83,82,89,83,82,86,87,87,89,81,84.0,84.33,86.67,88.33,85.67,89.67,90.33,91.33,86.0,92.33,86.67,87.67,84.4,84.0,87.0,85.0,85.83,89.25,89.17,86.24,85.33,87.17
91,95,87,89,80,93,80,90,87,85,82,93,89,86,84,82,95,92,85,91,85,94,84,82,85,92,87,92,88,80,84,93,88,83,83,85,91,95,80,88,92,88,90,91,94,84,94,91.0,87.33,85.67,86.67,86.33,89.67,87.0,86.67,88.0,86.67,88.33,83.67,89.2,89.0,92.5,89.0,87.67,87.42,87.33,87.07,90.17,87.93
92,93,95,95,88,86,91,92,85,85,87,82,83,91,80,94,95,90,94,95,91,82,81,84,89,81,87,87,85,82,86,94,91,92,95,84,92,83,91,92,85,90,88,84,91,93,89,93.33,89.67,89.33,84.67,84.67,93.0,93.33,82.33,85.67,84.67,90.33,90.33,88.6,89.0,87.5,91.0,89.25,88.33,85.17,89.76,89.17,88.33
95,84,82,80,95,93,82,88,88,80,92,95,86,91,86,81,93,89,82,94,86,94,91,94,94,83,91,95,80,81,81,90,80,93,94,89,84,88,92,92,83,93,94,80,94,80,94,87.0,89.33,86.0,89.0,87.67,87.67,87.33,93.0,89.33,85.33,83.67,92.0,87.8,93.5,87.0,87.0,87.83,88.92,87.33,87.82,89.17,88.21
83,89,81,87,91,84,83,93,95,85,80,87,95,84,82,90,93,85,91,94,80,93,90,87,83,91,92,89,90,86,87,95,89,81,93,91,89,82,82,81,91,93,83,87,91,85,80,84.33,87.33,90.33,84.0,87.0,89.33,88.33,90.0,88.67,88.33,90.33,88.33,85.0,88.0,89.0,82.5,86.5,88.67,88.5,87.89,86.5,87.61
91,82,80,92,84,93,81,87,90,86,80,80,90,82,87,84,94,85,82,91,95,92,81,85,81,94,92,92,81,88,86,93,85,88,92,95,81,94,90,94,81,85,89,94,84,86,81,84.33,89.67,86.0,82.0,86.33,87.67,89.33,86.0,89.0,87.0,88.0,91.67,88.0,87.0,89.0,83.5,85.5,87.33,88.0,89.22,86.5,87.31
94,95,93,86,95,92,95,83,95,83,95,89,82,92,81,91,87,89,94,80,82,82,84,88,93,81,83,86,93,92,85,92,95,86,84,88,89,82,82,95,85,94,85,90,86,90,92,94.0,91.0,91.0,89.0,85.0,89.0,85.33,84.67,85.67,90.33,90.67,86.0,86.6,89.5,88.0,91.0,91.25,86.0,88.0,87.76,89.5,88.5
86,88,83,81,91,89,84,91,84,90,84,83,95,82,87,83,80,90,93,86,89,95,88,80,82,85,94,80,82,88,90,89,85,87,89,86,83,84,91,87,86,84,84,95,94,92,90,85.67,87.0,86.33,85.67,88.0,84.33,89.33,87.67,87.0,83.33,88.0,87.33,86.2,84.0,94.5,91.0,86.17,87.33,85.17,87.18,89.83,87.14
91,86,84,95,89,81,80,94,86,84,82,92,91,91,92,84,93,89,89,93,80,90,81,85,81,85,82,90,82,82,91,86,83,93,81,86,84,88,85,95,80,90,93,95,86,80,83,87.0,88.33,86.67,86.0,91.33,88.67,87.33,85.33,82.67,84.67,86.67,86.67,86.4,91.5,90.5,81.5,87.0,88.17,83.67,86.58,87.83,86.65
86,81,80,91,85,83,82,85,86,93,92,85,92,90,87,88,95,89,82,81,81,95,86,82,83,92,80,90,83,80,93,93,82,81,81,80,82,88,92,84,84,86,94,83,95,85,95,82.33,86.33,84.33,90.0,89.67,90.67,81.33,87.67,85.0,84.33,89.33,80.67,86.0,90.0,89.0,90.0,85.75,87.33,84.67,85.33,89.67,86.55
89,81,86,80,85,91,82,87,81,85,93,81,92,91,90,83,92,90,86,83,86,94,93,86,88,83,95,91,83,82,89,84,84,95,84,92,85,82,85,90,95,91,86,82,81,88,92,85.33,85.33,83.33,86.33,91.0,88.33,85.0,91.0,88.67,85.33,85.67,90.33,87.4,88.5,81.5,90.0,85.08,88.83,87.0,87.8,86.67,87.08
93,82,81,91,93,85,86,89,95,87,89,85,81,91,91,89,86,89,81,83,93,80,90,94,94,89,95,91,91,83,94,84,86,94,92,90,90,94,87,83,80,83,84,95,82,85,84,85.33,89.67,90.0,87.0,87.67,88.0,85.67,88.0,92.67,88.33,88.0,92.0,86.8,83.5,88.5,84.5,88.0,87.33,90.5,88.93,85.5,88.05
84,94,81,91,81,87,83,94,92,82,95,83,81,89,91,81,92,85,94,86,87,86,92,93,89,95,84,88,80,85,81,86,83,84,88,88,86,83,90,93,82,95,95,90,84,90,92,86.33,86.33,89.67,86.67,87.0,86.0,89.0,90.33,89.33,84.33,83.33,86.67,86.8,95.0,87.0,91.0,87.25,88.08,86.83,85.6,91.0,87.75
85,86,80,80,83,91,84,94,80,89,83,89,84,85,82,84,88,87,87,90,82,88,88,93,94,94,85,89,82,80,87,86,88,92,95,87,94,93,87,82,80,85,84,85,84,95,85,83.67,84.67,86.0,87.0,83.67,86.33,86.33,89.67,91.0,83.67,87.0,91.33,87.2,84.5,84.5,90.0,85.33,86.5,87.33,88.51,86.33,86.8
85,87,92,91,92,85,94,81,90,82,92,93,95,93,84,82,89,89,84,95,90,89,94,81,85,93,85,93,95,83,81,89,95,81,80,95,92,89,82,81,84,91,84,84,89,82,86,88.0,89.33,88.33,89.0,90.67,86.67,89.67,88.0,87.67,90.33,88.33,85.33,85.6,87.5,86.5,84.0,88.67,88.75,89.0,86.42,86.0,87.77
95,87,80,91,93,87,88,90,89,89,93,93,83,87,88,80,87,92,91,90,95,91,92,88,82,83,95,82,81,87,91,94,92,85,94,85,93,88,81,90,85,85,87,90,88,91,87,87.33,90.33,89.0,91.67,86.0,86.33,92.0,90.33,86.67,83.33,92.33,88.0,87.4,86.0,89.0,89.0,89.58,88.67,85.0,89.24,88.0,88.1
81,88,94,84,88,81,85,90,90,80,92,82,93,80,93,94,90,92,86,82,94,91,90,83,91,85,93,92,81,82,84,86,81,89,82,89,92,85,81,93,80,81,90,89,88,84,91,87.67,84.33,88.33,84.67,88.67,92.0,87.33,88.0,89.67,85.0,83.67,86.67,86.2,85.5,88.5,87.5,86.25,89.0,87.33,85.51,87.17,87.05
81,88,84,87,84,91,86,87,81,95,85,94,88,85,89,80,83,89,92,80,89,90,88,85,89,95,85,80,84,88,89,94,81,92,90,88,88,93,87,91,89,86,88,89,89,90,94,84.33,87.33,84.67,91.33,87.33,84.0,87.0,87.67,89.67,84.0,88.0,90.0,89.6,87.0,89.0,92.0,86.92,86.5,86.83,89.2,89.33,87.76
87,92,94,93,85,91,92,93,86,94,89,85,86,89,95,81,93,89,92,84,89,85,85,90,91,82,91,93,93,80,88,86,92,80,88,90,82,94,86,85,89,92,83,84,83,83,84,91.0,89.67,90.33,89.33,90.0,87.67,88.33,86.67,88.0,88.67,88.67,86.0,87.2,87.5,83.5,83.5,90.08,88.17,88.33,87.29,84.83,87.74
87,83,90,93,82,93,94,88,89,88,80,94,92,94,85,82,87,87,82,88,93,89,83,94,90,94,95,81,91,91,90,92,83,94,85,92,91,95,84,91,89,88,89,92,86,94,81,86.67,89.33,90.33,87.33,90.33,85.33,87.67,88.67,93.0,87.67,88.33,90.33,90.0,88.5,89.0,87.5,88.42,88.0,90.33,89.56,88.33,88.93
93,90,85,88,85,83,93,95,95,91,88,80,82,89,83,81,95,84,88,88,85,85,95,88,86,81,81,94,94,89,85,93,85,85,86,95,95,85,93,81,82,86,84,87,91,92,91,89.33,85.33,94.33,86.33,84.67,86.67,87.0,89.33,82.67,92.33,87.67,88.67,87.2,85.0,89.0,91.5,88.83,86.92,87.5,87.84,88.5,87.92
81,80,83,86,93,90,84,91,84,93,85,81,95,81,80,85,95,87,84,85,85,83,90,85,82,80,93,85,87,82,94,90,95,93,81,84,92,90,88,90,88,95,84,88,86,84,94,81.33,89.67,86.33,86.33,85.33,89.0,84.67,86.0,85.0,84.67,93.0,86.0,89.6,89.5,87.0,89.0,85.92,86.25,84.83,89.53,88.5,87.01
90,88,92,88,82,87,90,91,90,91,94,91,93,81,88,80,93,85,83,89,85,82,94,89,94,91,90,84,92,92,80,86,86,83,87,93,83,83,88,86,85,94,91,92,92,88,84,90.0,85.67,90.33,92.0,87.33,86.0,85.67,88.33,91.67,89.33,84.0,87.67,85.0,92.5,92.0,86.0,89.5,86.83,90.5,85.56,90.17,88.51
84,88,83,91,89,80,93,91,90,91,94,90,93,95,90,93,91,80,92,93,87,88,92,84,91,81,86,86,84,84,89,82,93,85,85,88,91,82,89,89,95,94,86,87,87,84,93,85.0,86.67,91.33,91.67,92.67,88.0,90.67,88.0,86.0,84.67,88.0,86.0,89.2,90.0,87.0,88.5,88.67,89.83,85.33,87.73,88.5,88.01
81,91,91,94,90,86,90,87,85,90,93,84,84,93,82,82,82,81,87,91,84,84,88,90,82,89,87,84,95,94,86,89,83,83,90,82,83,90,84,81,87,81,87,90,89,84,94,87.67,90.0,87.33,89.0,86.33,81.67,87.33,87.33,86.0,91.0,86.0,85.0,85.0,84.0,89.5,89.0,88.5,85.67,88.5,85.33,87.5,87.1
95,87,88,85,93,80,83,87,88,86,85,93,95,84,93,91,91,94,82,90,85,82,92,87,83,87,91,89,90,84,92,92,92,84,89,94,93,90,82,81,85,88,81,94,83,87,81,90.0,86.0,86.0,88.0,90.67,92.0,85.67,87.0,87.0,87.67,92.0,89.0,86.2,84.5,88.5,84.0,87.5,88.83,87.33,89.07,85.67,87.68
92,85,95,93,93,80,85,83,95,84,88,82,91,93,93,80,84,94,88,84,95,80,88,82,91,82,95,88,93,86,85,94,87,95,82,89,82,81,94,82,85,85,93,90,95,94,83,90.67,88.67,87.67,84.67,92.33,86.0,89.0,83.33,89.33,89.0,88.67,88.67,84.8,89.0,92.5,88.5,87.92,87.67,89.17,87.38,90.0,88.43
80,92,93,84,92,82,94,80,83,88,91,81,92,82,87,87,85,89,81,95,90,89,92,81,86,80,89,90,92,82,95,86,84,83,81,93,80,81,84,92,93,88,92,83,91,93,81,88.33,86.0,85.67,86.67,87.0,87.0,88.67,87.33,85.0,88.0,88.33,85.67,86.0,90.0,87.0,87.0,86.67,87.5,86.5,86.67,88.0,87.07
83,95,86,89,85,93,86,81,88,85,91,84,88,80,80,84,92,83,91,92,82,82,80,80,88,86,92,90,83,92,82,88,82,83,80,92,85,88,84,95,89,87,89,88,88,92,82,88.0,89.0,85.0,86.67,82.67,86.33,88.33,80.67,88.67,88.33,84.0,85.0,88.2,88.0,88.0,87.0,87.17,84.5,88.5,85.73,87.67,86.71
83,82,95,93,87,89,93,82,84,89,87,87,86,95,94,81,84,94,94,81,93,86,83,91,83,85,84,88,92,91,81,82,82,93,81,84,85,87,83,83,84,92,93,90,82,80,85,86.67,89.67,86.33,87.67,91.67,86.33,89.33,86.67,84.0,90.33,81.67,86.0,84.4,92.5,86.0,82.5,87.58,88.5,87.17,84.02,87.0,86.85
85,95,93,83,91,83,90,90,94,82,94,88,87,88,85,86,81,81,91,80,80,95,95,85,91,85,94,93,89,85,87,88,93,83,84,91,93,84,89,93,89,81,94,91,83,85,91,91.0,85.67,91.33,88.0,86.67,82.67,83.67,91.67,90.0,89.0,89.33,86.0,89.6,87.5,87.0,88.0,89.0,86.17,89.5,88.31,87.5,88.1
86,89,94,80,95,82,87,93,82,88,87,95,87,92,89,80,95,81,83,82,85,83,84,91,93,81,92,88,92,91,92,84,83,92,87,91,91,82,87,91,80,80,87,85,81,93,80,89.67,85.67,87.33,90.0,89.33,85.33,83.33,86.0,88.67,90.33,86.33,90.0,86.2,83.5,83.0,86.5,88.17,86.0,89.5,87.51,84.33,87.1
80,80,87,83,80,89,93,82,91,93,83,80,81,94,88,88,90,84,94,93,89,81,95,85,86,88,91,91,82,95,84,94,84,82,83,85,88,84,81,85,94,91,95,86,91,82,81,82.33,84.0,88.67,85.33,87.67,87.33,92.0,87.0,88.33,89.33,87.33,83.33,86.4,93.0,88.5,81.5,85.08,88.5,88.83,85.69,87.67,87.15
94,80,90,87,92,90,85,86,80,87,80,92,81,84,95,85,91,95,82,83,87,92,85,94,95,83,84,94,88,84,88,82,95,92,91,85,93,84,91,94,81,86,89,90,84,94,95,88.0,89.67,83.67,86.33,86.67,90.33,84.0,90.33,87.33,88.67,88.33,89.33,88.6,87.5,87.0,94.5,86.92,87.83,88.0,88.76,89.67,88.23
88,95,95,85,84,92,95,88,83,87,87,92,85,88,88,85,82,89,82,88,94,80,82,87,84,80,82,93,88,84,80,85,90,80,88,80,83,89,87,83,88,90,83,90,93,92,95,92.67,87.0,88.67,88.67,87.0,85.33,88.0,83.0,82.0,88.33,85.0,82.67,86.0,86.5,91.5,93.5,89.25,85.83,85.17,84.56,90.5,87.06
90,88,82,81,88,87,89,89,84,89,84,95,87,94,83,89,89,80,82,86,89,95,84,91,82,89,87,84,87,80,83,94,84,81,88,94,91,82,82,93,83,83,87,90,84,95,88,86.67,85.33,87.33,89.33,88.0,86.0,85.67,90.0,86.0,83.67,87.0,87.67,86.2,85.0,87.0,91.5,87.17,87.42,84.83,86.96,87.83,86.84
92,83,83,88,92,86,85,82,91,91,93,80,91,80,88,80,89,90,89,93,89,84,80,87,92,89,91,95,92,85,94,93,94,86,91,89,82,95,91,81,95,80,88,82,81,88,85,86.0,88.67,86.0,88.0,86.33,86.33,90.33,83.67,90.67,90.67,93.67,88.67,88.8,84.0,81.5,86.5,87.17,86.67,90.67,90.38,84.0,87.78
86,82,93,87,93,89,83,95,81,82,88,82,87,83,88,85,91,94,85,84,91,87,81,92,95,88,94,82,92,95,87,92,82,87,84,82,88,89,89,82,80,85,94,81,90,85,83,87.0,89.67,86.33,84.0,86.0,90.0,86.67,86.67,92.33,89.67,87.0,84.33,85.6,89.5,85.5,84.0,86.75,87.33,91.0,85.64,86.33,87.41
81,81,95,88,85,82,95,86,86,89,93,92,89,88,85,83,86,90,93,81,86,83,86,86,89,88,89,88,84,95,93,92,81,82,91,82,83,87,87,95,87,90,83,81,95,92,94,85.67,85.0,89.0,91.33,87.33,86.33,86.67,85.0,88.67,89.0,88.67,85.0,87.8,86.5,88.0,93.0,87.75,86.33,88.83,87.16,89.17,87.85
86,86,91,91,90,82,86,93,81,95,86,88,87,81,94,95,83,90,85,88,83,92,87,93,89,80,95,93,85,83,84,88,91,92,85,93,90,80,81,84,85,85,85,85,94,82,93,87.67,87.67,86.67,89.67,87.33,89.33,85.33,90.67,88.0,87.0,87.67,90.0,84.0,85.0,89.5,87.5,87.92,88.17,87.5,87.22,87.33,87.63
95,91,83,80,82,80,85,93,92,87,92,80,89,81,81,87,92,94,87,89,91,83,92,91,88,95,89,95,80,94,93,86,83,94,91,80,82,94,80,80,85,82,92,81,95,86,88,89.67,80.67,90.0,86.33,83.67,91.0,89.0,88.67,90.67,89.67,87.33,88.33,84.2,87.0,88.0,87.0,86.67,88.08,90.17,86.62,87.33,87.77
80,87,83,81,80,84,86,85,95,90,93,92,80,94,93,82,88,80,84,94,92,85,81,86,86,95,94,90,89,89,88,81,83,91,94,89,87,83,91,88,88,80,83,89,86,94,82,83.33,81.67,88.67,91.67,89.0,83.33,90.0,84.0,91.67,89.33,84.0,91.33,87.4,81.5,87.5,88.0,86.33,86.58,90.5,87.58,85.67,87.33
92,89,94,95,92,87,85,86,91,89,92,92,95,89,82,82,94,80,86,95,90,91,83,86,83,89,85,84,93,91,80,87,84,94,82,93,80,95,93,93,94,80,84,81,95,86,82,91.67,91.33,87.33,91.0,88.67,85.33,90.33,86.67,85.67,89.33,83.67,89.67,91.0,82.0,88.0,84.0,90.33,87.75,87.5,88.11,84.67,87.67
86,95,85,85,83,82,95,85,93,90,84,93,86,84,88,89,88,94,87,85,80,94,83,95,94,90,89,86,84,84,80,81,90,91,92,95,84,81,94,89,87,84,82,86,89,92,87,88.67,83.33,91.0,89.0,86.0,90.33,84.0,90.67,91.0,84.67,83.67,92.67,87.0,83.0,87.5,89.5,88.0,87.75,87.83,87.78,86.67,87.61
92,94,90,87,94,86,84,80,90,82,90,90,95,94,81,93,85,92,84,80,89,85,93,85,82,91,93,90,86,80,89,86,83,89,91,80,87,86,81,83,87,95,90,80,91,90,90,92.0,89.0,84.67,87.33,90.0,90.0,84.33,87.67,88.67,85.33,86.0,86.67,84.8,92.5,85.5,90.0,88.25,88.0,87.0,85.82,89.33,87.68
90,87,89,82,83,82,86,93,95,85,82,85,83,81,91,95,89,87,82,89,91,89,92,81,84,94,85,81,81,90,88,89,83,87,89,84,82,93,86,90,80,94,91,86,88,95,91,88.67,82.33,91.33,84.0,85.0,90.33,87.33,87.33,87.67,84.0,86.67,86.67,86.2,92.5,87.0,93.0,86.58,87.5,85.83,86.51,90.83,87.45
81,80,85,85,80,92,87,83,91,84,85,84,88,81,82,85,88,82,85,92,95,85,88,81,84,80,91,86,86,95,82,87,88,86,90,91,91,87,91,87,80,88,85,80,87,91,86,82.0,85.67,87.0,84.33,83.67,85.0,90.67,84.67,85.0,89.0,85.67,89.0,87.2,86.5,83.5,88.5,84.75,86.0,87.0,87.29,86.17,86.24
95,89,85,81,85,86,89,93,85,91,93,94,86,92,85,92,89,88,84,95,86,90,81,88,94,86,80,89,86,80,89,95,90,87,94,82,92,93,94,86,95,91,81,89,91,93,85,89.67,84.0,89.0,92.67,87.67,89.67,88.33,86.33,86.67,85.0,91.33,87.67,92.0,86.0,90.0,89.0,88.83,88.0,85.83,90.33,88.33,88.27
83,93,88,81,89,89,80,88,85,91,92,88,93,89,87,83,80,89,86,80,83,86,84,91,94,89,93,86,89,93,83,83,95,86,86,90,86,92,82,88,81,94,91,90,95,94,92,88.0,86.33,84.33,90.33,89.67,84.0,83.0,87.0,92.0,89.33,87.0,87.33,85.8,92.5,92.5,93.0,87.25,85.92,90.67,86.71,92.67,88.64
80,91,87,87,83,87,82,89,86,85,87,86,88,83,81,85,93,85,80,87,94,91,90,86,95,90,94,92,88,82,88,88,88,90,94,94,86,88,87,83,95,87,87,81,80,94,95,86.0,85.67,85.67,86.0,84.0,87.67,87.0,89.0,93.0,87.33,88.0,92.67,87.8,87.0,80.5,94.5,85.83,86.92,90.17,89.49,87.33,87.95
92,81,81,92,90,87,84,81,83,90,84,87,91,83,94,94,82,83,95,92,86,89,88,88,81,95,82,86,95,86,88,93,81,89,87,85,93,83,87,89,86,86,85,84,86,95,95,84.67,89.67,82.67,87.0,89.33,86.33,91.0,88.33,86.0,89.0,87.33,87.0,87.6,85.5,85.0,95.0,86.0,88.75,87.5,87.31,88.5,87.61
80,94,80,89,85,87,81,87,87,93,92,81,81,84,95,90,95,84,91,94,88,81,80,85,95,83,95,80,91,80,87,85,86,85,85,81,93,85,95,89,86,92,89,85,92,93,93,84.67,87.0,85.0,88.67,86.67,89.67,91.0,82.0,91.0,83.67,86.0,83.67,89.6,90.5,88.5,93.0,86.33,87.33,87.33,86.42,90.67,87.62
87,95,87,84,95,90,83,93,89,95,85,85,92,94,91,95,82,84,89,81,94,80,85,85,80,95,88,95,81,80,89,87,94,93,94,93,82,91,91,92,86,83,91,81,84,85,90,89.67,89.67,88.33,88.33,92.33,87.0,88.0,83.33,87.67,85.33,90.0,93.33,88.4,87.0,82.5,87.5,89.0,87.67,86.5,90.58,85.67,87.88
81,94,95,95,90,91,87,88,81,86,92,84,88,91,81,81,94,93,92,83,90,84,89,84,84,86,90,85,80,84,86,83,83,85,94,93,83,90,83,84,85,93,90,80,83,90,94,90.0,92.0,85.33,87.33,86.67,89.33,88.33,85.67,86.67,83.0,84.0,90.67,85.0,91.5,81.5,92.0,88.67,87.5,84.83,86.56,88.33,87.18
80,93,95,89,84,80,84,86,94,80,90,93,91,91,91,95,83,95,92,87,87,82,94,91,92,87,89,81,85,95,87,92,89,81,80,89,87,87,92,91,94,84,89,91,90,87,93,89.33,84.33,88.0,87.67,91.0,91.0,88.67,89.0,89.33,87.0,89.33,83.33,90.2,86.5,90.5,90.0,87.33,89.92,88.17,87.62,89.0,88.41
91,92,83,93,88,84,82,88,84,81,92,91,94,82,85,90,88,88,90,81,88,90,87,80,95,89,91,89,93,95,85,94,81,89,85,90,95,85,89,84,94,88,94,80,86,87,95,88.67,88.33,84.67,88.0,87.0,88.67,86.33,85.67,91.67,92.33,86.67,88.0,89.4,91.0,83.0,91.0,87.42,86.92,92.0,88.02,88.33,88.54
81,95,94,94,94,80,94,86,94,91,81,86,84,81,90,82,82,93,87,83,80,90,84,87,82,83,87,92,83,82,91,91,83,87,89,95,92,85,81,91,94,93,89,80,83,80,92,90.0,89.33,91.33,86.0,85.0,85.67,83.33,87.0,84.0,85.67,88.33,90.33,88.6,91.0,81.5,86.0,89.17,85.25,84.83,89.09,86.17,86.9
80,83,82,83,95,80,89,95,81,80,82,90,85,80,86,93,85,92,91,82,93,83,88,94,94,81,94,82,92,95,95,92,83,87,92,84,81,93,89,87,90,89,80,88,90,89,86,81.67,86.0,88.33,84.0,83.67,90.0,88.67,88.33,89.67,89.67,90.0,87.67,88.0,84.5,89.0,87.5,85.0,87.67,89.67,88.56,87.0,87.58
86,89,90,89,83,82,86,95,90,94,95,88,87,94,82,86,92,93,93,86,94,86,94,80,83,85,85,95,83,92,85,81,83,93,89,91,82,84,94,90,89,86,94,94,86,94,90,88.33,84.67,90.33,92.33,87.67,90.33,91.0,86.67,84.33,90.0,83.0,91.0,87.8,90.0,90.0,92.0,88.92,88.92,87.17,87.27,90.67,88.59
94,95,83,88,82,94,89,92,90,94,82,91,81,87,86,93,86,84,95,86,91,82,90,83,90,80,91,87,86,83,80,95,87,94,80,89,95,87,89,89,86,93,89,93,84,95,92,90.67,88.0,90.33,89.0,84.67,87.67,90.67,85.0,87.0,85.33,87.33,87.67,89.2,91.0,88.5,93.5,89.5,87.0,86.17,88.07,91.0,88.35
82,94,82,81,85,84,93,92,84,90,91,81,86,81,90,81,92,80,90,80,83,86,85,80,88,84,93,88,85,94,89,87,92,85,90,93,89,93,89,88,90,81,80,87,82,93,89,86.0,83.33,89.67,87.33,85.67,84.33,84.33,83.67,88.33,89.0,89.33,89.33,89.8,80.5,84.5,91.0,86.58,84.5,88.67,89.49,85.33,86.91
94,81,80,82,80,83,81,95,85,81,95,92,80,90,95,80,80,93,85,84,92,85,86,95,90,93,93,83,93,82,95,85,94,88,86,87,87,93,88,82,95,81,91,88,84,92,86,85.0,81.67,87.0,89.33,88.33,84.33,87.0,88.67,92.0,86.0,91.33,87.0,89.0,86.0,86.0,89.0,85.75,87.08,89.0,89.11,87.0,87.59
81,80,93,89,92,84,84,81,91,80,92,87,81,92,80,80,86,83,83,93,81,93,86,92,82,85,95,83,95,92,87,89,88,95,86,90,84,83,91,89,90,82,80,92,92,94,81,84.67,88.33,85.33,86.33,84.33,83.0,85.67,90.33,87.33,90.0,88.0,90.33,87.4,81.0,92.0,87.5,86.17,85.83,88.67,88.58,86.83,87.22
91,85,82,85,84,82,85,89,80,82,85,85,81,82,95,90,87,86,89,95,89,94,95,94,81,81,83,92,89,82,94,88,95,92,93,92,95,95,85,85,82,82,81,92,91,94,86,86.0,83.67,84.67,84.0,86.0,87.67,91.0,94.33,81.67,87.67,92.33,92.33,88.4,81.5,91.5,90.0,84.58,89.75,84.67,91.02,87.67,87.54
80,82,88,85,93,87,81,84,84,82,80,87,91,85,89,95,84,81,90,95,95,84,85,83,88,92,87,85,88,81,94,86,95,81,83,92,84,88,93,81,83,81,85,84,83,88,92,83.33,88.33,83.0,83.0,88.33,86.67,93.33,84.0,89.0,84.67,91.67,85.33,85.8,83.0,83.5,90.0,84.42,88.08,86.83,87.6,85.5,86.49
87,91,95,93,93,93,94,93,87,85,82,87,84,83,81,85,83,87,89,87,95,82,82,88,82,91,89,83,92,84,93,85,87,88,80,84,84,93,90,80,81,84,84,81,94,89,92,91.0,93.0,91.33,84.67,82.67,85.0,90.33,84.0,87.33,86.33,88.33,84.0,85.6,84.0,87.5,90.5,90.0,85.5,86.83,85.98,87.33,87.13
83,95,85,93,84,91,90,93,95,89,84,91,87,92,81,83,84,94,88,80,81,81,93,80,84,87,84,87,81,85,89,83,92,85,89,95,80,87,92,90,95,91,80,83,83,94,91,87.67,89.33,92.67,88.0,86.67,87.0,83.0,84.67,85.0,84.33,88.0,89.67,88.8,85.5,83.0,92.5,89.42,85.33,84.67,88.82,87.0,87.05
93,83,91,80,84,91,92,90,94,81,82,89,81,92,80,89,86,90,89,95,87,84,91,93,92,89,87,86,93,81,92,86,84,80,82,90,87,80,81,93,89,80,86,94,80,83,80,89.0,85.0,92.0,84.0,84.33,88.33,90.33,89.33,89.33,86.67,87.33,84.0,86.0,83.0,87.0,81.5,87.5,88.08,88.0,85.78,83.83,86.64
91,93,93,90,94,93,83,84,80,82,88,81,86,87,82,84,84,80,88,83,81,84,88,89,86,83,88,91,87,95,85,95,94,87,94,87,93,88,85,82,89,87,89,85,91,83,88,92.33,92.33,82.33,83.67,85.0,82.67,84.0,87.0,85.67,91.0,91.33,89.33,87.4,88.0,88.0,85.5,87.67,84.67,88.33,89.36,87.17,87.44
84,92,93,85,94,88,82,89,81,95,90,89,90,92,95,86,90,87,86,90,86,92,94,95,86,88,82,88,86,88,84,84,92,89,95,85,93,93,83,90,89,81,86,89,92,93,81,89.67,89.0,84.0,91.33,92.33,87.67,87.33,93.67,85.33,87.33,86.67,89.67,89.6,83.5,90.5,87.0,88.5,90.25,86.33,88.64,87.0,88.15
81,91,87,92,85,92,89,87,80,88,84,88,92,87,82,92,94,82,84,81,86,93,87,83,82,87,80,85,87,80,86,87,86,86,87,91,93,86,92,95,85,92,92,91,89,93,94,86.33,89.67,85.33,86.67,87.0,89.33,83.67,87.67,83.0,84.0,86.33,88.0,90.2,92.0,90.0,93.5,87.0,86.92,83.5,88.18,91.83,87.49
95,86,87,84,90,88,81,84,88,86,85,85,94,84,81,93,95,83,83,87,88,86,88,89,93,92,82,80,94,89,91,86,95,84,87,81,95,93,90,94,91,85,92,83,90,93,95,89.33,87.33,84.33,85.33,86.33,90.33,86.0,87.67,89.0,87.67,90.67,84.0,92.6,88.5,86.5,94.0,86.58,87.58,88.33,89.09,89.67,88.25
94,83,88,87,84,93,90,82,81,92,95,88,91,84,85,83,80,85,88,81,89,86,87,89,83,87,91,89,93,82,95,82,87,91,87,85,91,90,80,87,90,83,88,87,92,84,92,88.33,88.0,84.33,91.67,86.67,82.67,86.0,87.33,87.0,88.0,88.0,87.67,87.6,85.5,89.5,88.0,88.08,85.67,87.5,87.76,87.67,87.33
82,89,88,85,92,83,86,95,93,94,93,86,84,87,88,83,80,93,91,94,87,87,94,87,84,86,81,91,89,91,89,83,83,91,86,94,83,94,85,88,92,91,88,83,86,91,87,86.33,86.67,91.33,91.0,86.33,85.33,90.67,89.33,83.67,90.33,85.0,90.33,88.4,89.5,84.5,89.0,88.83,87.92,87.0,87.91,87.67,87.87
95,88,94,89,82,86,86,91,84,83,88,92,92,80,88,83,81,83,92,86,82,91,86,92,84,91,81,86,82,92,93,85,93,81,84,95,90,87,80,91,83,91,95,89,81,85,95,92.33,85.67,87.0,87.67,86.67,82.33,86.67,89.67,85.33,86.67,90.33,86.67,86.2,93.0,85.0,90.0,88.17,86.33,86.0,87.73,89.33,87.51
91,95,84,84,90,86,83,82,85,95,86,93,95,83,95,81,81,88,92,82,94,82,95,93,85,95,84,91,82,87,81,82,95,92,83,82,83,88,91,93,95,81,85,86,84,95,83,90.0,86.67,83.33,91.33,91.0,83.33,89.33,90.0,88.0,86.67,86.0,85.67,90.0,83.0,85.0,89.0,87.83,88.42,87.33,87.22,85.67,87.29
88,95,81,93,84,85,82,90,89,82,91,86,81,95,85,89,90,95,90,92,93,93,84,91,80,84,84,87,86,94,86,94,83,81,82,83,86,90,87,87,81,85,84,94,83,81,92,88.0,87.33,87.0,86.33,87.0,91.33,91.67,89.33,82.67,89.0,87.67,82.0,86.2,84.5,88.5,86.5,87.17,89.83,85.83,85.29,86.5,86.92
85,87,86,84,91,88,86,84,82,95,94,92,93,90,85,84,80,92,86,81,85,80,85,94,93,80,95,91,80,84,94,94,81,80,93,93,91,86,95,84,94,92,87,83,94,84,82,86.0,87.67,84.0,93.67,89.33,85.33,84.0,86.33,89.33,85.0,89.67,88.67,90.0,89.5,88.5,83.0,87.83,86.25,87.17,89.44,87.0,87.54
85,92,84,83,84,92,89,94,82,89,82,92,94,88,93,84,93,84,84,85,88,85,93,92,92,87,91,92,90,90,87,93,91,92,81,90,83,94,91,88,94,89,91,90,93,95,84,87.0,86.33,88.33,87.67,91.67,87.0,85.67,90.0,90.0,90.67,90.33,87.67,90.0,90.0,91.5,89.5,87.33,88.58,90.33,89.33,90.33,89.18
85,88,87,84,86,85,85,87,94,94,91,81,92,81,85,92,84,89,88,91,88,81,84,93,85,82,87,88,93,86,80,87,83,90,87,85,82,82,83,91,95,94,84,88,81,93,94,86.67,85.0,88.67,88.67,86.0,88.33,89.0,86.0,84.67,89.0,83.33,87.33,86.6,89.0,84.5,93.5,87.25,87.33,86.83,85.76,89.0,87.23
89,92,95,89,90,82,82,83,94,89,94,90,93,95,91,86,95,81,81,86,95,88,84,92,87,94,94,92,91,86,87,83,88,94,88,87,88,85,92,83,88,81,94,83,85,94,87,92.0,87.0,86.33,91.0,93.0,87.33,87.33,88.0,91.67,89.67,86.0,89.67,87.2,87.5,84.0,90.5,89.08,88.92,90.67,87.62,87.33,88.72
89,93,94,88,83,93,81,93,94,89,88,92,93,87,85,84,90,81,83,86,81,81,80,82,90,89,84,94,87,83,82,84,85,86,82,88,80,82,92,88,93,95,93,94,93,90,95,92.0,88.0,89.33,89.67,88.33,85.0,83.33,81.0,87.67,88.0,83.67,85.33,87.0,94.0,93.5,92.5,89.75,84.42,87.83,85.33,93.33,88.13
89,84,92,90,83,92,90,94,90,92,92,92,80,93,93,86,88,91,85,88,93,83,83,95,83,82,86,89,91,85,89,84,93,81,81,94,93,92,89,83,81,82,86,83,87,83,84,88.33,88.33,91.33,92.0,88.67,88.33,88.67,87.0,83.67,88.33,88.67,85.33,87.6,84.0,85.0,83.5,90.0,88.17,86.0,87.2,84.17,87.11
89,84,88,83,85,83,80,82,84,89,91,80,92,88,95,95,95,90,91,83,92,88,88,87,80,80,82,80,91,82,84,91,93,83,80,87,93,85,83,90,81,90,90,87,88,82,90,87.0,83.67,82.0,86.67,91.67,93.33,88.67,87.67,80.67,84.33,89.33,83.33,86.4,90.0,87.5,86.0,84.83,90.33,82.5,86.36,87.83,86.37
91,87,84,94,86,94,95,84,86,84,93,85,89,92,82,83,83,86,87,80,81,85,89,82,84,90,82,89,88,83,84,90,95,83,92,81,81,82,86,80,91,95,92,89,95,94,89,87.33,91.33,88.33,87.33,87.67,84.0,82.67,85.33,85.33,86.67,89.67,85.33,84.0,93.5,92.0,91.5,88.58,84.92,86.0,86.33,92.33,87.63
81,93,89,82,93,90,82,86,91,89,90,89,83,81,92,86,82,86,87,94,84,84,92,80,92,94,88,85,95,90,86,89,82,84,95,92,81,84,82,87,90,86,95,86,93,87,93,87.67,88.33,86.33,89.33,85.33,84.67,88.33,85.33,91.33,90.0,85.67,90.33,84.8,90.5,89.5,90.0,87.92,85.92,90.67,86.93,90.0,88.29
90,82,93,81,81,87,83,93,82,92,84,91,89,81,95,90,93,92,82,81,82,93,82,87,84,91,89,93,83,89,87,94,84,83,92,84,87,87,91,84,95,87,80,87,86,90,82,88.33,83.0,86.0,89.0,88.33,91.67,81.67,87.33,88.0,88.33,88.33,86.33,88.8,83.5,86.5,86.0,86.58,87.25,88.17,87.82,85.33,87.03
90,90,94,91,89,83,80,88,95,85,83,94,86,95,86,83,91,86,81,89,92,83,81,80,95,84,89,85,80,86,88,92,80,85,87,87,80,95,86,89,80,85,95,85,83,84,87,91.33,87.67,87.67,87.33,89.0,86.67,87.33,81.33,89.33,83.67,86.67,86.33,86.0,90.0,84.0,85.5,88.5,86.08,86.5,86.33,86.5,86.78
85,89,90,82,80,84,92,92,88,95,85,83,83,89,93,81,89,84,90,88,88,89,87,87,84,85,89,90,89,91,90,81,95,80,81,86,84,85,91,82,82,88,81,94,89,93,83,88.0,82.0,90.67,87.67,88.33,84.67,88.67,87.67,86.0,90.0,88.67,82.33,84.8,84.5,91.5,88.0,87.08,87.33,88.0,85.27,88.0,87.14
86,81,91,91,82,81,94,84,94,92,89,90,90,81,87,87,94,81,85,94,87,86,92,88,94,89,95,86,93,89,88,91,93,85,89,94,90,91,88,84,90,85,89,83,84,91,93,86.0,84.67,90.67,90.33,86.0,87.33,88.67,88.67,92.67,89.33,90.67,89.33,88.6,87.0,83.5,92.0,87.92,87.67,91.0,89.53,87.5,88.72
94,85,83,88,85,82,88,81,92,87,80,92,82,85,88,80,88,83,80,93,81,85,82,89,83,88,93,92,89,83,85,80,95,89,85,90,80,80,89,89,88,86,94,90,95,86,82,87.33,85.0,87.0,86.33,85.0,83.67,84.67,85.33,88.0,88.0,86.67,88.0,85.2,90.0,92.5,84.0,86.42,84.67,88.0,86.62,88.83,86.91
83,91,84,90,81,91,95,89,84,80,86,94,86,84,89,84,81,89,82,90,93,93,92,94,93,86,91,94,90,90,81,89,90,91,84,92,84,80,91,93,82,95,86,87,91,80,87,86.0,87.33,89.33,86.67,86.33,84.67,88.33,93.0,90.0,91.33,86.67,89.0,86.0,90.5,89.0,83.5,87.33,88.08,90.67,87.22,87.67,88.19
82,82,92,87,90,88,90,94,82,81,81,89,85,82,85,95,93,82,87,88,80,80,92,94,92,88,86,84,89,88,94,94,86,87,90,93,83,93,85,94,91,90,84,86,86,84,87,85.33,88.33,88.67,83.67,84.0,90.0,85.0,88.67,88.67,87.0,91.33,90.0,89.2,87.0,86.0,85.5,86.5,86.92,87.83,90.18,86.17,87.52
85,83,87,80,82,95,95,89,88,83,93,83,90,94,81,80,93,89,87,83,89,92,82,93,82,81,89,92,89,89,89,81,85,87,86,93,85,89,81,95,87,81,88,90,92,94,90,85.0,85.67,90.67,86.33,88.33,87.33,86.33,89.0,84.0,90.0,85.0,88.67,87.4,84.5,91.0,92.0,86.92,87.75,87.0,87.02,89.17,87.57
87,88,91,93,89,90,83,93,81,80,82,93,81,95,93,94,90,84,92,94,93,80,94,87,83,86,91,84,85,92,94,95,91,83,90,91,87,92,93,86,88,95,95,83,89,92,94,88.67,90.67,85.67,85.0,89.67,89.33,93.0,87.0,86.67,87.0,93.33,88.0,89.2,95.0,86.0,93.0,87.5,89.75,86.83,90.18,91.33,89.12
83,80,90,83,93,87,88,85,93,85,86,92,84,82,83,81,81,94,84,87,91,94,89,84,90,89,94,90,92,88,90,89,92,91,90,89,88,83,84,91,85,87,81,89,83,83,92,84.33,87.67,88.67,87.67,83.0,85.33,87.33,89.0,91.0,90.0,90.33,90.0,86.2,84.0,86.0,87.5,87.08,86.17,90.5,88.84,85.83,87.69
85,90,93,87,95,92,88,94,85,90,84,94,92,82,81,82,85,95,91,93,83,93,86,82,88,81,94,85,83,92,84,85,88,93,86,93,89,83,88,87,84,84,83,91,94,84,88,89.33,91.33,89.0,89.33,85.0,87.33,89.0,87.0,87.67,86.67,85.67,90.67,86.2,83.5,92.5,86.0,89.75,87.08,87.17,87.51,87.33,87.77
82,83,83,90,83,94,81,94,94,81,95,88,82,89,94,80,88,85,82,88,84,88,86,85,87,82,83,88,95,91,85,82,87,84,80,81,90,94,92,85,84,83,91,92,81,91,95,82.67,89.0,89.67,88.0,88.33,84.33,84.67,86.33,84.0,91.33,84.67,81.67,89.0,87.0,86.5,93.0,87.33,85.92,87.67,85.11,88.83,86.97
86,84,91,82,80,86,87,83,94,81,93,84,94,87,94,83,83,94,91,82,80,92,92,91,90,88,88,93,89,88,89,82,85,82,80,91,91,81,90,81,93,80,80,87,85,87,80,87.0,82.67,88.0,86.0,91.67,86.67,84.33,91.67,88.67,90.0,85.33,84.33,87.2,80.0,86.0,83.5,85.92,88.58,89.33,85.62,83.17,86.52
89,92,80,94,95,86,92,91,81,89,86,89,84,90,86,80,83,86,87,90,93,80,95,91,83,82,87,81,85,84,81,80,90,83,80,85,83,82,80,87,81,88,85,82,89,95,82,87.0,91.67,88.0,88.0,86.67,83.0,90.0,88.67,84.0,83.33,83.67,82.67,82.6,86.5,85.5,88.5,88.67,87.08,83.67,82.98,86.83,85.85
90,93,88,94,80,84,85,90,85,92,80,80,93,87,89,84,88,91,82,94,89,93,92,94,93,81,86,80,81,91,87,91,89,86,93,82,95,86,94,87,81,85,89,93,83,95,85,90.33,86.0,86.67,84.0,89.67,87.67,88.33,93.0,86.67,84.0,89.0,87.0,88.6,87.0,88.0,90.0,86.75,89.67,85.33,88.2,88.33,87.66
92,94,95,92,93,83,89,81,87,90,91,90,91,95,84,87,89,93,95,91,91,85,86,83,94,92,84,93,95,87,80,94,85,92,86,95,92,93,80,82,82,86,89,84,93,90,91,93.67,89.33,85.67,90.33,90.0,89.67,92.33,84.67,90.0,91.67,86.33,91.0,85.8,87.5,88.5,90.5,89.75,89.17,90.83,87.71,88.83,89.26
83,91,87,84,95,91,94,86,93,85,94,80,87,88,83,85,83,92,82,82,93,86,88,86,94,92,95,81,89,81,93,95,81,87,86,92,86,91,86,81,85,83,87,88,81,85,92,87.0,90.0,91.0,86.33,86.0,86.67,85.67,86.67,93.67,83.67,89.67,88.33,85.8,85.0,84.5,88.5,88.58,86.25,88.67,87.93,86.0,87.49
90,86,91,88,85,87,86,92,89,83,87,85,84,85,89,80,89,91,87,91,83,89,91,94,88,83,81,81,86,89,93,84,81,91,91,80,84,91,92,92,86,93,93,84,89,90,88,89.0,86.67,89.0,85.0,86.0,86.67,87.0,91.33,84.0,85.33,86.0,87.33,89.0,93.0,86.5,89.0,87.42,87.75,84.67,87.44,89.5,87.36
88,83,85,86,92,91,82,93,85,90,90,90,87,84,92,81,90,87,95,93,90,95,83,83,80,89,92,86,81,84,89,85,90,84,93,84,93,88,86,89,88,91,94,92,87,88,88,85.33,89.67,86.67,90.0,87.67,86.0,92.67,87.0,87.0,83.67,88.0,87.0,88.8,92.5,89.5,88.0,87.92,88.33,85.33,87.93,90.0,87.9
90,85,83,83,85,86,87,90,85,90,92,93,80,91,87,81,80,84,94,92,83,95,89,81,95,95,95,92,81,92,83,91,91,94,84,92,85,86,93,88,93,86,82,89,89,80,93,86.0,84.67,87.33,91.67,86.0,81.67,89.67,88.33,95.0,88.33,88.33,90.0,89.0,84.0,89.0,86.5,87.42,86.42,91.67,89.11,86.5,88.22
92,84,95,95,93,87,90,85,84,92,90,89,83,81,81,89,90,81,88,91,92,95,90,95,85,82,85,91,90,92,82,81,81,95,92,86,83,83,92,90,89,80,94,94,92,80,92,90.33,91.67,86.33,90.33,81.67,86.67,90.33,93.33,84.0,91.0,81.33,91.0,87.4,87.0,93.0,86.0,89.67,88.0,87.5,86.58,88.67,88.08
88,85,86,81,93,88,84,84,84,84,82,81,83,85,85,86,82,80,92,94,83,84,82,91,95,82,86,91,89,81,95,89,85,90,87,91,88,87,85,93,82,87,92,89,83,92,80,86.33,87.33,84.0,82.33,84.33,82.67,89.67,85.67,87.67,87.0,89.67,89.33,87.0,89.5,86.0,86.0,85.0,85.58,87.33,88.67,87.17,86.75
84,94,89,87,84,90,95,90,84,82,87,94,94,84,90,93,83,91,92,95,92,88,87,88,80,83,88,80,88,87,81,90,88,85,92,85,92,91,87,83,84,93,90,86,84,95,83,89.0,87.0,89.67,87.67,89.33,89.0,93.0,87.67,83.67,85.0,86.33,87.33,87.4,91.5,85.0,89.0,88.33,89.75,84.33,87.02,88.5,87.59
84,83,95,95,94,80,86,91,90,90,89,82,88,82,92,93,93,80,84,85,87,84,86,95,94,83,95,91,84,88,92,80,81,92,95,89,95,87,94,89,83,86,84,84,92,86,92,87.33,89.67,89.0,87.0,87.33,88.67,85.33,88.33,90.67,87.67,84.33,92.0,89.6,85.0,88.0,89.0,88.25,87.42,89.17,88.64,87.33,88.16
84,92,86,84,87,80,95,87,88,87,87,89,88,82,92,87,89,94,94,82,91,94,92,80,94,86,87,81,89,83,82,95,82,82,95,92,81,87,86,87,89,82,91,82,84,85,84,87.33,83.67,90.0,87.67,87.33,90.0,89.0,88.67,89.0,84.33,86.33,89.67,86.0,86.5,83.0,84.5,87.17,88.75,86.67,87.33,84.67,86.92
89,93,90,91,90,87,92,87,91,84,85,82,80,93,95,82,83,84,94,81,87,89,95,82,89,92,90,92,82,95,95,91,85,85,80,86,85,85,90,88,89,95,82,88,86,85,85,90.67,89.33,90.0,83.67,89.33,83.0,87.33,88.67,90.33,89.67,90.33,83.67,87.4,88.5,87.0,85.0,88.42,87.08,90.0,87.13,86.83,87.89
86,93,84,95,87,83,93,93,82,89,91,92,83,82,95,90,83,81,87,92,90,91,80,94,84,83,93,90,95,84,87,83,91,83,95,95,95,89,81,93,89,92,80,85,86,84,80,87.67,88.33,89.33,90.67,86.67,84.67,89.67,88.33,86.67,89.67,87.0,91.0,89.4,86.0,85.5,82.0,89.0,87.33,88.17,89.13,84.5,87.63
81,90,90,93,86,82,83,88,90,88,95,88,87,86,82,87,85,90,95,80,90,94,90,92,83,81,89,86,85,94,90,92,92,81,90,95,94,86,80,80,84,91,82,86,84,90,84,87.0,87.0,87.0,90.33,85.0,87.33,88.33,92.0,84.33,88.33,91.33,88.67,84.8,86.5,85.0,87.0,87.83,88.17,86.33,88.27,86.17,87.35
89,80,86,88,94,81,95,84,84,89,86,94,85,82,95,82,85,89,88,84,88,94,87,95,84,91,87,87,86,87,89,81,81,81,84,92,89,94,86,93,81,94,85,89,84,82,92,85.0,87.67,87.67,89.67,87.33,85.33,86.67,92.0,87.33,86.67,83.67,85.67,88.6,89.5,86.5,87.0,87.5,87.83,87.0,85.98,87.67,87.2
94,87,80,94,86,89,93,83,80,92,95,89,91,80,92,85,82,81,88,87,80,90,95,89,81,87,92,87,81,86,86,81,87,92,80,89,86,80,85,83,91,83,89,92,82,91,82,87.0,89.67,85.33,92.0,87.67,82.67,85.0,91.33,86.67,84.67,84.67,87.0,85.0,86.0,87.0,86.5,88.5,86.67,85.67,85.56,86.5,86.58
94,84,87,90,80,85,81,86,86,82,86,88,95,83,88,80,81,91,85,94,91,83,92,91,85,91,87,92,80,88,90,80,82,81,95,88,82,87,95,87,89,85,94,89,91,82,94,88.33,85.0,84.33,85.33,88.67,84.0,90.0,88.67,87.67,86.67,84.0,88.0,88.0,89.5,90.0,88.0,85.75,87.83,87.17,86.67,89.17,87.32
86,91,88,86,88,91,83,94,82,83,84,95,84,92,90,89,81,87,94,84,92,84,95,84,82,89,86,81,80,94,91,89,80,91,82,84,95,82,91,92,92,81,80,94,89,86,90,88.33,88.33,86.33,87.33,88.67,85.67,90.0,87.67,85.67,85.0,86.67,85.67,90.4,80.5,91.5,88.0,87.58,88.0,85.33,87.58,86.67,87.03
92,94,95,81,89,95,85,80,92,80,82,87,94,92,84,88,86,93,87,86,87,82,81,88,89,80,89,94,82,87,91,83,95,92,90,92,86,92,87,95,81,80,82,81,91,89,89,93.67,88.33,85.67,83.0,90.0,89.0,86.67,83.67,86.0,87.67,89.67,91.33,88.2,81.0,86.0,89.0,87.67,87.33,86.83,89.73,85.33,87.38
85,95,87,83,84,81,82,90,87,81,88,91,84,85,91,94,85,88,91,89,92,86,81,88,83,90,87,94,92,85,91,84,91,95,91,93,91,82,91,92,86,89,90,87,83,92,89,89.0,82.67,86.33,86.67,86.67,89.0,90.67,85.0,86.67,90.33,88.67,93.0,88.4,89.5,85.0,90.5,86.17,87.83,88.5,90.02,88.33,88.17
87,94,92,80,87,92,86,81,91,80,84,88,87,81,81,87,91,88,87,94,89,92,81,90,87,87,95,95,84,85,81,81,89,88,87,90,82,93,89,95,80,83,91,84,94,82,82,91.0,86.33,86.0,84.0,83.0,88.67,90.0,87.67,89.67,88.0,83.67,88.33,87.8,87.0,89.0,82.0,86.83,87.33,88.83,86.6,86.0,87.12
89,94,89,86,82,84,92,80,82,90,92,85,83,91,89,86,93,90,84,83,84,89,86,93,84,87,92,93,85,80,80,94,94,82,82,87,88,81,80,94,93,92,86,88,92,89,80,90.67,84.0,84.67,89.0,87.67,89.67,83.67,89.33,87.67,86.0,89.33,83.67,87.2,89.0,90.0,84.5,87.08,87.58,86.83,86.73,87.83,87.21
93,88,80,85,87,94,86,88,88,95,91,93,91,85,81,87,85,90,86,80,89,91,80,94,85,95,84,93,89,82,82,91,80,83,84,83,92,82,93,91,94,87,86,81,81,94,82,87.0,88.67,87.33,93.0,85.67,87.33,85.0,88.33,88.0,88.0,84.33,83.33,90.4,86.5,81.0,88.0,89.0,86.58,88.0,86.02,85.17,86.95
84,80,82,88,95,80,92,94,85,91,88,87,92,88,94,83,80,94,84,84,82,92,91,93,86,91,91,93,85,82,87,86,89,95,91,80,90,81,94,87,93,87,95,86,93,90,89,82.0,87.67,90.33,88.67,91.33,85.67,83.33,92.0,89.33,86.67,87.33,88.67,89.0,91.0,89.5,89.5,87.17,88.08,88.0,88.33,90.0,88.32
82,84,89,85,81,90,85,84,80,90,85,93,81,81,82,83,92,86,86,91,83,81,91,86,95,91,85,90,81,82,85,80,87,80,94,89,93,80,84,93,89,84,82,92,81,95,93,85.0,85.33,83.0,89.33,81.33,87.0,86.67,86.0,90.33,84.33,84.0,87.67,87.8,83.0,86.5,94.0,85.67,85.25,87.33,86.49,87.83,86.51
80,86,94,80,85,93,86,91,84,86,89,83,95,95,89,85,92,80,94,87,94,93,87,81,91,81,91,93,87,82,89,95,90,92,88,87,81,94,83,84,80,94,83,90,85,84,82,86.67,86.0,87.0,86.0,93.0,85.67,91.67,87.0,87.67,87.33,91.33,89.0,84.4,88.5,87.5,83.0,86.42,89.33,87.5,88.24,86.33,87.57
87,95,82,89,85,84,90,82,80,81,83,88,87,90,83,91,95,84,87,95,83,83,89,88,82,92,94,88,95,87,85,91,92,83,80,81,90,85,95,85,93,87,88,94,81,83,84,88.0,86.0,84.0,84.0,86.67,90.0,88.33,86.67,89.33,90.0,89.33,81.33,89.6,87.5,87.5,83.5,85.5,87.92,89.67,86.76,86.17,87.2
90,85,94,93,95,92,82,90,86,94,84,84,82,95,89,81,89,84,91,81,85,95,85,93,89,91,84,88,87,82,92,89,87,81,88,86,81,84,84,91,93,86,89,90,94,87,94,89.67,93.33,86.0,87.33,88.67,84.67,85.67,91.0,88.0,85.67,89.33,85.0,86.6,87.5,92.0,90.5,89.08,87.5,86.83,86.98,90.0,88.08
89,89,86,83,87,82,84,90,90,87,95,83,89,89,81,89,86,95,80,92,88,83,93,94,83,80,80,90,82,89,87,81,85,86,93,91,85,84,92,81,88,81,87,85,83,90,85,88.0,84.0,88.0,88.33,86.33,90.0,86.67,90.0,81.0,87.0,84.33,90.0,86.0,84.0,84.0,87.5,87.08,88.25,84.0,86.78,85.17,86.26
83,85,82,87,91,88,94,85,93,82,86,86,87,81,94,92,89,84,81,94,84,94,81,87,88,80,82,87,93,91,95,81,94,81,91,84,93,92,93,80,89,88,84,95,80,90,82,83.33,88.67,90.67,84.67,87.33,88.33,86.33,87.33,83.33,90.33,90.0,85.33,89.4,86.0,87.5,86.0,86.83,87.33,86.83,88.24,86.5,87.15
82,81,87,82,81,85,82,84,82,82,95,82,82,82,87,81,90,90,92,86,81,94,93,84,82,90,80,81,84,85,80,82,92,85,81,82,94,87,89,93,90,80,88,87,80,92,80,83.33,82.67,82.67,86.33,83.67,87.0,86.33,90.33,84.0,83.33,84.67,82.67,90.6,84.0,83.5,86.0,83.75,86.83,83.67,85.98,84.5,84.95
84,95,87,87,86,85,92,91,94,83,88,87,80,86,92,94,82,86,85,80,93,88,91,92,84,87,93,92,84,84,85,94,90,85,80,86,90,83,87,81,82,92,84,84,92,89,82,88.67,86.0,92.33,86.0,86.0,87.33,86.0,90.33,88.0,86.67,89.67,83.67,84.6,88.0,88.0,85.5,88.25,87.42,87.33,85.98,87.17,87.23
87,83,89,83,85,95,94,86,86,90,94,88,82,82,90,94,93,89,81,86,89,88,90,87,93,80,85,81,89,80,86,94,82,80,89,88,88,91,82,91,88,87,86,87,94,89,80,86.33,87.67,88.67,90.67,84.67,92.0,85.33,88.33,86.0,83.33,87.33,85.67,88.0,86.5,90.5,84.5,88.33,87.58,84.67,87.0,87.17,86.95
93,94,87,81,83,88,83,92,92,89,81,85,90,94,80,91,83,86,82,89,94,91,91,83,82,88,94,94,90,85,87,89,82,91,80,80,89,90,86,90,85,88,88,89,95,84,85,91.33,84.0,89.0,85.0,88.0,86.67,88.33,88.33,88.0,89.67,86.0,83.67,88.0,88.0,92.0,84.5,87.33,87.83,88.83,85.89,88.17,87.61
83,82,92,94,91,95,81,94,80,81,82,92,81,88,81,83,91,85,91,85,83,85,82,93,85,85,81,92,80,82,95,85,92,86,84,84,81,90,87,92,92,87,80,88,84,85,82,85.67,93.33,85.0,85.0,83.33,86.33,86.33,86.67,83.67,84.67,90.67,84.67,88.4,83.5,86.0,83.5,87.25,85.67,84.17,87.91,84.33,85.87
85,84,85,88,93,80,83,84,89,82,86,91,94,88,95,92,81,86,85,89,91,90,89,95,92,93,91,82,85,84,86,95,89,86,89,95,92,94,95,81,95,82,80,91,86,93,83,84.67,87.0,85.33,86.33,92.33,86.33,88.33,91.33,92.0,83.67,90.0,90.0,91.4,81.0,88.5,88.0,85.83,89.58,87.83,90.47,85.83,87.91
95,86,94,89,87,87,95,88,87,94,93,86,91,86,92,86,90,87,89,90,93,91,87,93,82,84,89,92,92,94,94,82,88,90,88,93,87,86,95,84,92,86,88,94,81,86,85,91.67,87.67,90.0,91.0,89.67,87.67,90.67,90.33,85.0,92.67,88.0,90.33,88.8,87.0,87.5,85.5,90.08,89.58,88.83,89.04,86.67,88.84
92,87,82,88,82,94,95,80,91,93,87,91,80,89,85,81,88,95,84,84,80,94,91,86,87,94,92,84,84,85,88,94,90,92,90,95,91,80,80,91,90,87,92,86,91,84,89,87.0,88.0,88.67,90.33,84.67,88.0,82.67,90.33,91.0,84.33,90.67,92.33,86.4,89.5,88.5,86.5,88.5,86.42,87.67,89.8,88.17,88.11
89,82,87,82,82,89,95,92,94,94,84,85,87,82,95,81,94,87,86,83,88,86,86,94,86,90,94,81,84,95,81,85,92,82,80,89,89,91,86,84,94,87,93,82,81,87,88,86.0,84.33,93.67,87.67,88.0,87.33,85.67,88.67,90.0,86.67,86.0,83.67,88.8,90.0,81.5,87.5,87.92,87.42,88.33,86.16,86.33,87.23
82,85,91,81,89,90,93,90,93,94,94,85,87,89,82,91,88,85,80,88,93,80,94,80,92,80,91,88,91,82,81,91,94,84,93,89,83,88,93,85,86,80,92,89,91,95,86,86.0,86.67,92.0,91.0,86.0,88.0,87.0,84.67,87.67,87.0,88.67,88.67,87.0,86.0,90.0,90.5,88.92,86.42,87.33,88.11,88.83,87.92
89,92,94,95,80,92,88,93,86,94,84,90,93,82,90,86,88,83,83,88,88,93,88,84,88,86,94,81,81,90,89,83,82,89,84,86,94,95,89,85,88,89,82,92,90,80,87,91.67,89.0,89.0,89.33,88.33,85.67,86.33,88.33,89.33,84.0,84.67,86.33,90.2,85.5,91.0,83.5,89.75,87.17,86.67,87.07,86.67,87.46
89,92,91,88,84,90,94,93,94,85,94,80,80,85,80,87,87,89,91,87,84,87,94,84,90,86,85,86,86,80,90,86,92,88,85,86,83,84,91,83,92,91,95,80,95,84,91,90.67,87.33,93.67,86.33,81.67,87.67,87.33,88.33,87.0,84.0,89.33,86.33,86.6,93.0,87.5,87.5,89.5,86.25,85.5,87.42,89.33,87.6
